exchange,instrument_type,symbol,name,isin,security_id,series,data_symbol,scan_status,signal,signal_date,entry,stop_loss,target,risk,reward,risk_reward,rsi,ema_5,ema_13,ema_26,macd,macd_signal,volume_ratio,scan_error
NSE,STOCK,63MOONS,63 moons technologies limited,INE111B01023,,EQ,63MOONS.NS,NO_SIGNAL,NO_SIGNAL,,,,,,,,64.98556555950105,830.334980234735,807.6360424012344,796.2551013046445,12.465098941183669,7.457084382537072,3.155957556416325,
NSE,STOCK,20MICRONS,20 Microns Limited,INE144J01027,,EQ,20MICRONS.NS,NO_SIGNAL,NO_SIGNAL,,,,,,,,60.62119660868017,215.40014300979794,211.17327768922144,206.26246622100712,5.466463453308194,4.148504613737765,0.8083423481739797,
NSE,STOCK,360ONE,360 ONE WAM LIMITED,INE466L01038,,EQ,360ONE.NS,NO_SIGNAL,NO_SIGNAL,,,,,,,,41.87511600705666,1161.095218705289,1173.4237720179035,1168.4250911916938,4.628240716827349,12.564002321615325,0.7899925281715424,
NSE,STOCK,AARTIIND,Aarti Industries Limited,INE769A01020,,EQ,AARTIIND.NS,NO_SIGNAL,NO_SIGNAL,,,,,,,,42.6039598768751,515.4836332153789,521.96654482266,516.4034896910556,5.585519626832138,10.278460158084892,0.3944908307095485,
NSE,STOCK,AADHARHFC,Aadhar Housing Finance Limited,INE883F01010,,EQ,AADHARHFC.NS,NO_SIGNAL,NO_SIGNAL,,,,,,,,45.8531580821573,474.96428033060465,476.8457526263793,484.0568352189574,-7.759360565879206,-8.502120371925292,0.7812368768324145,
NSE,STOCK,AASTHA,Aastha Spintex Limited,INE2FMX01012,,EQ,AASTHA.NS,INSUFFICIENT_DATA,,,,,,,,,,,,,,,,INSUFFICIENT_DATA_ROWS_44
NSE,STOCK,AAREYDRUGS,Aarey Drugs & Pharmaceuticals Limited,INE198H01019,,EQ,AAREYDRUGS.NS,NO_SIGNAL,NO_SIGNAL,,,,,,,,68.0506757875922,90.87080971259756,86.93183194022006,84.62473880805499,2.618003354879349,1.2799025404076332,0.7336743358385811,
NSE,STOCK,AARTIPHARM,Aarti Pharmalabs Limited,INE0LRU01027,,EQ,AARTIPHARM.NS,NO_SIGNAL,NO_SIGNAL,,,,,,,,64.6965910828651,858.2608747926693,841.6077112765635,811.1795933286942,32.66136163305441,34.382806500956576,0.26419411557194067,
NSE,STOCK,AARTIDRUGS,Aarti Drugs Limited,INE767A01016,,EQ,AARTIDRUGS.NS,NO_SIGNAL,NO_SIGNAL,,,,,,,,56.23515863879468,421.3835835939112,419.43170117876195,416.54069791870654,3.0568727884597138,3.298884532093143,1.7046337938401601,
NSE,STOCK,ABB,ABB India Limited,INE117A01022,,EQ,ABB.NS,NO_SIGNAL,NO_SIGNAL,,,,,,,,47.32599654438744,7469.713386816771,7507.194052998803,7491.916262416045,13.146267399643875,42.35010727343203,0.9257673178812835,
NSE,STOCK,AAVAS,Aavas Financiers Limited,INE216P01012,,EQ,AAVAS.NS,NO_SIGNAL,NO_SIGNAL,,,,,,,,40.64835957589506,1277.848927707951,1304.8390054961353,1340.562424086013,-39.26403663941119,-33.47953227411522,1.6322565043297288,
NSE,STOCK,ABFRL,Aditya Birla Fashion and Retail Limited,INE647O01011,,EQ,ABFRL.NS,NO_SIGNAL,NO_SIGNAL,,,,,,,,40.923161740437585,51.881332481502895,53.12863012066799,54.87387342541078,-1.9137490863325795,-1.685247144727617,1.3420014506797948,
NSE,STOCK,ABLBL,Aditya Birla Lifestyle Brands Limited,INE14LE01019,,EQ,ABLBL.NS,NO_SIGNAL,NO_SIGNAL,,,,,,,,42.80988513777518,84.89499196752205,85.94796692919752,88.13458009356626,-2.358360366827114,-2.423619566497671,0.9115427003006897,
NSE,STOCK,ABREL,Aditya Birla Real Estate Limited,INE055A01016,,EQ,ABREL.NS,NO_SIGNAL,NO_SIGNAL,,,,,,,,47.23809639178717,1368.30646715843,1379.6934647622118,1386.8464811598838,-8.327159630783854,-3.147910787281206,0.31162505895802367,
NSE,STOCK,ABDL,Allied Blenders and Distillers Limited,INE552Z01027,,EQ,ABDL.NS,NO_SIGNAL,NO_SIGNAL,,,,,,,,48.051164913438406,610.6703777286948,611.5675168967149,614.17382735816,-2.7398293800551983,-3.405646165516434,0.3780788354896001,
NSE,STOCK,ABCAPITAL,Aditya Birla Capital Limited,INE674K01013,,EQ,ABCAPITAL.NS,NO_SIGNAL,NO_SIGNAL,,,,,,,,48.30101084389628,401.76928003622703,404.4546203855674,404.3673580691213,-0.08280679821484682,1.507326703612035,0.6052228320325863,
NSE,STOCK,ACC,ACC Limited,INE012A01025,,EQ,ACC.NS,NO_SIGNAL,NO_SIGNAL,,,,,,,,35.93378396014279,1278.9460984782709,1296.4388292015226,1314.7492383774068,-20.182449308051673,-16.379893676388576,0.757280334134776,
NSE,STOCK,ACSTECH,ACS Technologies Limited,INE366C01021,,BE,ACSTECH.NS,INSUFFICIENT_DATA,,,,,,,,,,,,,,,,INSUFFICIENT_DATA_ROWS_13
NSE,STOCK,ABSLAMC,Aditya Birla Sun Life AMC Limited,INE404A01024,,EQ,ABSLAMC.NS,NO_SIGNAL,NO_SIGNAL,,,,,,,,53.40214048407585,1035.7725903828757,1029.3511479965666,1032.4555763300027,-2.66936480492609,-8.472525986823554,1.011626709122732,
NSE,STOCK,ACMESOLAR,Acme Solar Holdings Limited,INE622W01025,,EQ,ACMESOLAR.NS,NO_SIGNAL,NO_SIGNAL,,,,,,,,66.54117715314715,405.7686203718871,397.626998344064,389.31682829027613,9.15906282570171,7.3635290096221295,2.9076667278762334,
NSE,STOCK,ACE,Action Construction Equipment Limited,INE731H01025,,EQ,ACE.NS,NO_SIGNAL,NO_SIGNAL,,,,,,,,52.73973163081437,1123.6567286949285,1126.855220241688,1111.9695762851552,15.17273338126438,23.305340921734196,1.5449391347319226,
NSE,STOCK,ACI,Archean Chemical Industries Limited,INE128X01021,,EQ,ACI.NS,NO_SIGNAL,NO_SIGNAL,,,,,,,,42.90512447934397,492.81812045989886,497.4269470633496,507.3750416695049,-10.764176732148542,-10.961640038605989,1.6888937413136074,
NSE,STOCK,ADANIENSOL,Adani Energy Solutions Limited,INE931S01010,,EQ,ADANIENSOL.NS,NO_SIGNAL,NO_SIGNAL,,,,,,,,33.38520872351768,1423.1985688556902,1486.2143688541353,1536.6059397241688,-56.46689689917889,-36.774739002138084,0.3003808819647073,
NSE,STOCK,ACUTAAS,Acutaas Chemicals Limited,INE00FF01025,,EQ,ACUTAAS.NS,NO_SIGNAL,NO_SIGNAL,,,,,,,,45.474325303155396,3184.944923689533,3210.9929406177,3242.5002044906514,-34.09229495078398,-31.913574913979023,0.5762969469529909,
NSE,STOCK,ADANIGREEN,Adani Green Energy Limited,INE364U01010,,EQ,ADANIGREEN.NS,NO_SIGNAL,NO_SIGNAL,,,,,,,,42.19602000049085,1283.1291758129487,1300.0214834035883,1332.817733686804,-35.21822837689001,-36.71377308161888,0.6863276076988022,
NSE,STOCK,ADANIENT,Adani Enterprises Limited,INE423A01024,,EQ,ADANIENT.NS,NO_SIGNAL,NO_SIGNAL,,,,,,,,43.43124641472174,2934.495259092149,2977.257562605231,3004.6839197719282,-30.845281883558982,-17.10921202219457,0.5588537987838902,
NSE,STOCK,ADVANCE,Advance Agrolife Limited,INE1B0W01010,,EQ,ADVANCE.NS,NO_SIGNAL,NO_SIGNAL,,,,,,,,50.838544501174574,117.92202934871108,118.39243669514423,118.1837787091177,0.15795462719003694,0.6502027163476817,0.45727239725127505,
NSE,STOCK,ADANIPOWER,Adani Power Limited,INE814H01029,,EQ,ADANIPOWER.NS,NO_SIGNAL,NO_SIGNAL,,,,,,,,48.32164260307576,207.01721794335634,206.95931060519197,208.36597446509984,-1.446215562299301,-2.0472325573346772,0.4569020146908025,
NSE,STOCK,ADANIPORTS,Adani Ports and Special Economic Zone Limited,INE742F01042,,EQ,ADANIPORTS.NS,NO_SIGNAL,NO_SIGNAL,,,,,,,,51.192807927576,1687.8302135836916,1684.9798491835581,1698.7326336948342,-14.22676716226124,-19.999784823403363,0.5480083077055397,
NSE,STOCK,ADFFOODS,ADF Foods Limited,INE982B01027,,EQ,ADFFOODS.NS,NO_SIGNAL,NO_SIGNAL,,,,,,,,41.62138423776586,267.46361698095546,269.31307627480567,272.98502225880566,-3.8514440527566194,-4.5686021934467185,0.680231078206771,
NSE,STOCK,ADVENZYMES,Advanced Enzyme Technologies Limited,INE837H01020,,EQ,ADVENZYMES.NS,NO_SIGNAL,NO_SIGNAL,,,,,,,,39.9525316515475,295.7130757370827,298.9100015958978,304.81016815174667,-6.329535524772439,-6.546381854577429,0.429176070859051,
NSE,STOCK,ADVENTHTL,Advent Hotels International Limited,INE28GN01010,,EQ,ADVENTHTL.NS,NO_SIGNAL,NO_SIGNAL,,,,,,,,42.61991879340486,136.86292220082305,138.094739925953,139.8114136577508,-1.8708795187048395,-1.790101315036283,0.44664373871263463,
NSE,STOCK,AEGISLOG,Aegis Logistics Limited,INE208C01025,,EQ,AEGISLOG.NS,NO_SIGNAL,NO_SIGNAL,,,,,,,,47.34222393825347,1270.0810474227983,1288.8753420842352,1294.0797985644094,-7.0066118447823555,4.3216513375833285,0.7970025862058648,
NSE,STOCK,AEQUS,Aequs Limited,INE947N01017,,EQ,AEQUS.NS,NO_SIGNAL,NO_SIGNAL,,,,,,,,46.562199906530346,245.5161417132518,247.59278512999236,245.63563878278512,1.9113784021538436,3.847887548256905,0.6365805217566206,
NSE,STOCK,AEROENTER,Aeroflex Enterprises Limited,INE065D01027,,EQ,AEROENTER.NS,NO_SIGNAL,NO_SIGNAL,,,,,,,,60.169722191627955,141.86478086069647,138.99295053759982,134.6982779789882,4.694175289370776,4.262094517303967,0.8874939928156489,
NSE,STOCK,AEGISVOPAK,Aegis Vopak Terminals Limited,INE0INX01018,,EQ,AEGISVOPAK.NS,NO_SIGNAL,NO_SIGNAL,,,,,,,,57.25971549523591,280.62580876120035,276.26966553136697,275.342931976444,1.0805816106238808,-0.4710304491973436,0.9493625643284741,
NSE,STOCK,AETHER,Aether Industries Limited,INE0BWX01014,,EQ,AETHER.NS,NO_SIGNAL,NO_SIGNAL,,,,,,,,58.91521017771932,1663.5790147396492,1651.235974023594,1609.1384350012868,44.64162929566737,51.57492399856357,0.651024897793472,
NSE,STOCK,AFCONS,Afcons Infrastructure Limited,INE101I01011,,EQ,AFCONS.NS,NO_SIGNAL,NO_SIGNAL,,,,,,,,60.670517849296196,289.7362702716718,285.42346540817334,284.19939050258427,1.5996699675737318,-0.7576218717239621,0.3912640789494446,
NSE,STOCK,AEROPLANE,Amir Chand Jagdish Kumar (Exports) Limited,INE05TO01019,,EQ,AEROPLANE.NS,NO_SIGNAL,NO_SIGNAL,,,,,,,,57.9585901665977,180.20804043881662,179.6960250347537,179.99930420566187,-0.45280991902447454,0.006496359945905139,1.335316831709265,
NSE,STOCK,AEROFLEX,Aeroflex Industries Limited,INE024001021,,EQ,AEROFLEX.NS,NO_SIGNAL,NO_SIGNAL,,,,,,,,62.86512527382622,537.5439555219168,519.0758944374724,494.7230591404959,26.78281643896804,22.99043552847177,0.6775398737876522,
NSE,STOCK,AFFLE,Affle 3i Limited,INE00WC01027,,EQ,AFFLE.NS,NO_SIGNAL,NO_SIGNAL,,,,,,,,36.402447139504275,1562.3062183237967,1614.797635712086,1620.4191782829832,-8.797710423962599,18.615453035271486,5.403008799781534,
NSE,STOCK,AGARWALEYE,Dr. Agarwal's Health Care Limited,INE943P01029,,EQ,AGARWALEYE.NS,NO_SIGNAL,NO_SIGNAL,,,,,,,,56.423695063626745,511.34851779082686,508.4013974967891,505.08062253938124,3.5321549903015352,3.5007630314357323,0.02816277544207224,
NSE,STOCK,AGI,AGI Greenpac Limited,INE415A01038,,EQ,AGI.NS,NO_SIGNAL,NO_SIGNAL,,,,,,,,51.581150624860115,748.0302551049757,743.9088489323367,731.3323094870069,13.597073427227315,13.993740794798724,0.5317574423751821,
NSE,STOCK,AGIIL,Agi Infra Limited,INE976R01033,,EQ,AGIIL.NS,NO_SIGNAL,NO_SIGNAL,,,,,,,,35.091964252789396,283.068981988651,287.3691433096232,295.9572044818987,-9.171772425509914,-9.806131236906953,0.2671889538110406,
NSE,STOCK,AHLUCONT,Ahluwalia Contracts (India) Limited,INE758C01029,,EQ,AHLUCONT.NS,NO_SIGNAL,NO_SIGNAL,,,,,,,,18.271657818217975,612.8562603419912,656.1597924818474,708.2412612490061,-57.354502361273035,-47.982381615168585,0.4958644172610999,
NSE,STOCK,AJMERA,Ajmera Realty & Infra India Limited,INE298G01035,,EQ,AJMERA.NS,NO_SIGNAL,NO_SIGNAL,,,,,,,,44.80645695737024,116.64930858694264,117.40255726945583,119.39698398962351,-2.131895956101758,-2.356251421625665,1.669171542278554,
NSE,STOCK,AIIL,Authum Investment & Infrastructure Limited,INE206F01022,,EQ,AIIL.NS,NO_SIGNAL,NO_SIGNAL,,,,,,,,41.99198747608945,526.8661367310714,540.0159553582475,545.1866001769235,-6.208523545553817,-0.3492900764883403,0.3412242045770498,
NSE,STOCK,ALEMBICLTD,Alembic Limited,INE426A01027,,EQ,ALEMBICLTD.NS,NO_SIGNAL,NO_SIGNAL,,,,,,,,76.78905064190502,105.49103027482593,99.81532846004951,95.69894418653172,4.62974771821186,2.811560264878091,1.9741514526036157,
NSE,STOCK,AKUMS,Akums Drugs and Pharmaceuticals Limited,INE09XN01023,,EQ,AKUMS.NS,NO_SIGNAL,NO_SIGNAL,,,,,,,,64.87345398075168,774.188045073317,761.6926620752038,739.4141951516922,23.996549635087035,24.38877836348346,0.6519972889167002,
NSE,STOCK,ALPINETEX,Alpine Texworld Limited,INE1JCQ01037,,EQ,ALPINETEX.NS,INSUFFICIENT_DATA,,,,,,,,,,,,,,,,INSUFFICIENT_DATA_ROWS_34
NSE,STOCK,ALGOQUANT,Algoquant Fintech Limited,INE598D01035,,EQ,ALGOQUANT.NS,NO_SIGNAL,NO_SIGNAL,,,,,,,,46.296156176029115,64.20246650295317,64.89043732837018,65.03706402766605,-0.21237879973431006,0.2178249419535275,0.7854068008115911,
NSE,STOCK,ALIVUS,Alivus Life Sciences Limited,INE03Q201024,,EQ,ALIVUS.NS,NO_SIGNAL,NO_SIGNAL,,,,,,,,65.99233212954124,1408.7318890143208,1383.0529132863005,1338.7807197262528,47.422831666800676,49.74563227408861,0.41694968004592703,
NSE,STOCK,ALKEM,Alkem Laboratories Limited,INE540L01014,,EQ,ALKEM.NS,NO_SIGNAL,NO_SIGNAL,,,,,,,,31.538701294074187,5256.747169916724,5330.922987024784,5406.409963876517,-83.53029669097305,-66.19510593977564,0.6936166830452627,
NSE,STOCK,ALLTIME,All Time Plastics Limited,INE0GV601021,,EQ,ALLTIME.NS,NO_SIGNAL,NO_SIGNAL,,,,,,,,42.36137845567346,202.6578451672661,205.04760963331492,210.74951851415196,-6.125784090357428,-6.49871138967828,1.4108341839651313,
NSE,STOCK,ALKYLAMINE,Alkyl Amines Chemicals Limited,INE150B01039,,EQ,ALKYLAMINE.NS,NO_SIGNAL,NO_SIGNAL,,,,,,,,55.15759457229446,2006.8133810631366,1999.2909632254275,1963.0659260869998,38.81243877320321,43.790105460289475,0.49952732177357617,
NSE,STOCK,AMBER,Amber Enterprises India Limited,INE371P01015,,EQ,AMBER.NS,NO_SIGNAL,NO_SIGNAL,,,,,,,,48.81270741451555,7475.133388131848,7452.254166838599,7434.150807976165,22.411920721925526,1.7976180702170113,0.27823145191318377,
NSE,STOCK,AMAGI,Amagi Media Labs Limited,INE121R01077,,EQ,AMAGI.NS,NO_SIGNAL,NO_SIGNAL,,,,,,,,41.90573469133665,568.9010042939742,579.718120473592,588.7750636922877,-10.397610319579371,-6.0631238750403895,0.1164598705504186,
NSE,STOCK,AMANTA,Amanta Healthcare Limited,INE084K01015,,BE,AMANTA.NS,NO_SIGNAL,NO_SIGNAL,,,,,,,,59.69219221339254,188.84168117485189,185.5119118965837,179.51162745041987,6.538311062089832,6.224908583180137,0.1882965276789392,
NSE,STOCK,AMRUTANJAN,Amrutanjan Health Care Limited,INE098F01031,,EQ,AMRUTANJAN.NS,NO_SIGNAL,NO_SIGNAL,,,,,,,,45.476392942246505,506.36662361312716,509.8010032772366,513.4738250621496,-3.96026425786431,-3.603258105814897,0.2257113281321919,
NSE,STOCK,ANANDRATHI,Anand Rathi Wealth Limited,INE463V01026,,EQ,ANANDRATHI.NS,NO_SIGNAL,NO_SIGNAL,,,,,,,,64.87411643451419,2199.2850364943165,2185.0061077109476,2153.060549876919,34.077353856992886,37.25457889059462,0.606372315619263,
NSE,STOCK,ANNU,Annu Projects Limited,INE103001017,,BE,ANNU.NS,INSUFFICIENT_DATA,,,,,,,,,,,,,,,,INSUFFICIENT_DATA_ROWS_3
NSE,STOCK,AMBUJACEM,Ambuja Cements Limited,INE079A01024,,EQ,AMBUJACEM.NS,NO_SIGNAL,NO_SIGNAL,,,,,,,,40.069907030351914,405.1794324857471,409.2685423730325,415.0182693390092,-6.289673946683195,-5.6869812075402075,0.3504530526150946,
NSE,STOCK,ANGELONE,Angel One Limited,INE732I01021,,EQ,ANGELONE.NS,NO_SIGNAL,NO_SIGNAL,,,,,,,,53.124953168373395,290.36791238973973,290.79259399850326,295.4299345008386,-4.847859625531669,-6.166605607040361,4.479819894877007,
NSE,STOCK,ANANTRAJ,Anant Raj Limited,INE242C01024,,EQ,ANANTRAJ.NS,NO_SIGNAL,NO_SIGNAL,,,,,,,,57.637724197445834,613.5006239827308,612.1078460862713,609.9805409456284,2.043801411707932,3.517324558821377,1.5135666777173435,
NSE,STOCK,ANDHRAPAP,ANDHRA PAPER LIMITED,INE435A01051,,EQ,ANDHRAPAP.NS,NO_SIGNAL,NO_SIGNAL,,,,,,,,61.225456807390465,61.59199349369452,61.008165952326785,60.96509009426675,0.07128400919688005,-0.19568918093573057,3.633024928745443,
NSE,STOCK,APARINDS,Apar Industries Limited,INE372A01015,,EQ,APARINDS.NS,NO_SIGNAL,NO_SIGNAL,,,,,,,,57.62136357370192,17411.95236548397,17200.36127541429,16676.87709352755,560.3962041270061,613.8221000513237,0.5898605891193115,
NSE,STOCK,ANTHEM,Anthem Biosciences Limited,INE0CZ201020,,EQ,ANTHEM.NS,NO_SIGNAL,NO_SIGNAL,,,,,,,,64.88978519911237,930.0042763356214,909.7544791871965,881.977759663663,30.136381135368993,28.35489243704781,1.0444357807613311,
NSE,STOCK,ANURAS,Anupam Rasayan India Limited,INE930P01018,,EQ,ANURAS.NS,NO_SIGNAL,NO_SIGNAL,,,,,,,,48.935819230106546,1248.7380817337769,1245.9303058134312,1241.9570923962715,4.667268598913097,2.4137006071707257,0.27042484502884767,
NSE,STOCK,ANDHRSUGAR,The Andhra Sugars Limited,INE715B01021,,EQ,ANDHRSUGAR.NS,NO_SIGNAL,NO_SIGNAL,,,,,,,,60.47849601294585,99.2882342668643,98.35245320428557,95.86414804999518,2.638112654048115,3.083573837275919,0.6626473478574452,
NSE,STOCK,ANTELOPUS,Antelopus Selan Energy Limited,INE818A01017,,EQ,ANTELOPUS.NS,NO_SIGNAL,NO_SIGNAL,,,,,,,,74.88315039990815,900.0013549751674,846.5156810136947,832.4597613988245,16.920230934706183,-3.1813050191453827,11.357338427418224,
NSE,STOCK,APCOTEXIND,Apcotex Industries Limited,INE116A01032,,EQ,APCOTEXIND.NS,NO_SIGNAL,NO_SIGNAL,,,,,,,,62.16488315798612,637.1111504979131,627.1577167433285,614.2177278063544,13.922558295930344,13.49687791737086,1.9413349850806185,
NSE,STOCK,APEX,Apex Frozen Foods Limited,INE346W01013,,EQ,APEX.NS,NO_SIGNAL,NO_SIGNAL,,,,,,,,44.44534896500082,376.5004182636229,382.518331580481,386.1192281867107,-4.060309374411247,-1.9643944872411436,0.3124124536429078,
NSE,STOCK,APOLLOTYRE,Apollo Tyres Limited,INE438A01022,,EQ,APOLLOTYRE.NS,NO_SIGNAL,NO_SIGNAL,,,,,,,,42.55530358571896,434.78059570396636,437.4548521497961,437.0352735021584,0.30603736838185114,1.778541257406171,0.48635337721333355,
NSE,STOCK,ARDEE,Ardee Industries Limited,INE0XNF01022,,EQ,ARDEE.NS,INSUFFICIENT_DATA,,,,,,,,,,,,,,,,INSUFFICIENT_DATA_ROWS_18
NSE,STOCK,APTUS,Aptus Value Housing Finance India Limited,INE852O01025,,EQ,APTUS.NS,NO_SIGNAL,NO_SIGNAL,,,,,,,,47.0074749583275,254.99096663897694,255.65146921028372,259.5414252251595,-4.10469548196761,-5.075488765442243,1.1991068097524866,
NSE,STOCK,APLLTD,Alembic Pharmaceuticals Limited,INE901L01018,,EQ,APLLTD.NS,NO_SIGNAL,NO_SIGNAL,,,,,,,,44.01825599961454,820.6327481049362,822.1605784103417,820.5637534136235,1.5806195029826995,2.7538550364564207,1.5248816026430125,
NSE,STOCK,APLAPOLLO,APL Apollo Tubes Limited,INE702C01027,,EQ,APLAPOLLO.NS,NO_SIGNAL,NO_SIGNAL,,,,,,,,60.80370173551381,2194.5699625384664,2161.452982860565,2089.6606363122373,77.48538664961416,79.58563716810312,2.1075170329887682,
NSE,STOCK,APOLLOHOSP,Apollo Hospitals Enterprise Limited,INE437A01024,,EQ,APOLLOHOSP.NS,NO_SIGNAL,NO_SIGNAL,,,,,,,,42.96196510091806,8716.41767846543,8759.276492357501,8780.268328056574,-24.26921888864672,-9.577414121292916,0.7156853814787172,
NSE,STOCK,APOLLOPIPE,Apollo Pipes Limited,INE126J01016,,EQ,APOLLOPIPE.NS,NO_SIGNAL,NO_SIGNAL,,,,,,,,62.0510766594107,614.8402508728022,603.9528710568052,576.9667686217747,29.229796929384293,29.834815184098296,0.3124411762161081,
NSE,STOCK,APOLLO,Apollo Micro Systems Limited,INE713T01028,,EQ,APOLLO.NS,NO_SIGNAL,NO_SIGNAL,,,,,,,,49.788712781543495,385.388211518269,386.1525580992141,388.8816476830601,-2.8938058566171776,-3.325982602233047,1.0360144612292874,
NSE,STOCK,ARIHANTCAP,Arihant Capital Markets Limited,INE420B01036,,EQ,ARIHANTCAP.NS,NO_SIGNAL,NO_SIGNAL,,,,,,,,55.135336240847714,78.65114532355787,77.92826684054702,76.98947071629196,1.0241876608790506,0.8876774178016881,0.8521533127628096,
NSE,STOCK,ARFIN,Arfin India Limited,INE784R01023,,EQ,ARFIN.NS,NO_SIGNAL,NO_SIGNAL,,,,,,,,58.37437566514103,87.29479553212276,86.11945480669073,86.14212811915267,0.037625772089185716,-0.6029786309079121,0.8213385981733701,
NSE,STOCK,ARE&M,Amara Raja Energy & Mobility Limited,INE885A01032,,EQ,ARE&M.NS,NO_SIGNAL,NO_SIGNAL,,,,,,,,35.94051164154011,875.2238239086942,895.9913015888425,903.8931639462701,-9.557932072942094,0.1401301957283132,0.32831490058571994,
NSE,STOCK,ARKADE,Arkade Developers Limited,INE0QRL01017,,EQ,ARKADE.NS,NO_SIGNAL,NO_SIGNAL,,,,,,,,42.75400219057828,122.9650790523513,126.21003379040309,128.92592158608238,-3.0659347981255394,-1.9481127008365382,0.8753825768340591,
NSE,STOCK,ARIES,Aries Agro Limited,INE298I01015,,EQ,ARIES.NS,NO_SIGNAL,NO_SIGNAL,,,,,,,,70.11057976709988,484.6314420367777,462.93506894782945,431.0972412026873,34.74777399725417,32.0582055276764,0.3490079728374514,
NSE,STOCK,ARSSBL,Anand Rathi Share and Stock Brokers Limited,INE549H01021,,EQ,ARSSBL.NS,NO_SIGNAL,NO_SIGNAL,,,,,,,,49.72326120948515,512.3648912519425,512.9551380251178,515.1427155580981,-2.2186496336878463,-3.1342970152590452,0.5599743635227138,
NSE,STOCK,ARIS,Arisinfra Solutions Limited,INE0H9P01028,,EQ,ARIS.NS,NO_SIGNAL,NO_SIGNAL,,,,,,,,43.15214856964151,132.273727120445,135.9680453265205,134.3370948253294,1.528447262817707,3.9645110971606634,0.8310772209561146,
NSE,STOCK,ASAHIINDIA,Asahi India Glass Limited,INE439A01020,,EQ,ASAHIINDIA.NS,NO_SIGNAL,NO_SIGNAL,,,,,,,,59.87622111521092,955.4881796021182,949.6683197529056,936.2482577054163,14.420290107760252,15.44027472424833,1.3275779644785182,
NSE,STOCK,ARVSMART,Arvind SmartSpaces Limited,INE034S01021,,EQ,ARVSMART.NS,NO_SIGNAL,NO_SIGNAL,,,,,,,,47.22320043250513,650.1137871300346,655.313283887984,647.1526685833237,8.354679609922641,13.437249943436688,0.04677039432228699,
NSE,STOCK,ASHAPURMIN,Ashapura Minechem Limited,INE348A01023,,EQ,ASHAPURMIN.NS,NO_SIGNAL,NO_SIGNAL,,,,,,,,29.885432619020733,558.4284814979437,580.5587307095184,609.7457974345821,-31.9384907176551,-28.541871665764198,0.5545263122136764,
NSE,STOCK,ARVIND,Arvind Limited,INE034A01011,,EQ,ARVIND.NS,NO_SIGNAL,NO_SIGNAL,,,,,,,,59.09810975165925,560.7838413282792,551.6792299956609,546.0279784158931,6.3185636348136995,3.68883409196767,0.5526790783700378,
NSE,STOCK,ARTEMISMED,Artemis Medicare Services Limited,INE025R01021,,EQ,ARTEMISMED.NS,NO_SIGNAL,NO_SIGNAL,,,,,,,,65.05855617185387,325.01934325305336,321.4590208280044,314.21018179459475,7.7090179382666975,8.566030394640645,2.2957188353921225,
NSE,STOCK,ARVINDFASN,Arvind Fashions Limited,INE955V01021,,EQ,ARVINDFASN.NS,NO_SIGNAL,NO_SIGNAL,,,,,,,,46.63071056225148,451.9672778039132,450.0468194970956,450.9988202361538,-0.8232131133423763,-2.6902283243521365,0.34420878976330194,
NSE,STOCK,ASHOKA,Ashoka Buildcon Limited,INE442H01029,,EQ,ASHOKA.NS,NO_SIGNAL,NO_SIGNAL,,,,,,,,49.892263643629384,117.46702063459385,116.32156958355627,117.25241645303981,-0.8990406962504665,-1.9355207680870117,0.15984118149484963,
NSE,STOCK,ASIANENE,Asian Energy Services Limited,INE276G01015,,EQ,ASIANENE.NS,NO_SIGNAL,NO_SIGNAL,,,,,,,,70.43349921098495,499.44472808006674,476.49621830703956,448.9477137366667,30.117061413315184,26.520784551551706,1.08704436788086,
NSE,STOCK,ASTRAL,Astral Limited,INE006I01046,,EQ,ASTRAL.NS,NO_SIGNAL,NO_SIGNAL,,,,,,,,49.461422234283326,1504.8932178938833,1511.228431387683,1498.3689881662287,13.290387251400034,20.308764465838188,0.39934743944584705,
NSE,STOCK,ASIANPAINT,Asian Paints Limited,INE021A01026,,EQ,ASIANPAINT.NS,NO_SIGNAL,NO_SIGNAL,,,,,,,,31.414748617015817,2556.6895520523167,2601.49035222962,2639.1072986125337,-42.031657802960126,-28.811212162682104,0.624044969839837,
NSE,STOCK,ASTERDM,Aster DM Quality Care Limited,INE914M01019,,EQ,ASTERDM.NS,NO_SIGNAL,NO_SIGNAL,,,,,,,,49.97099778536891,768.0121586569328,774.082752620532,786.5499667382497,-13.807403321080187,-12.103219750228755,0.5270573654714128,
NSE,STOCK,ASHOKLEY,Ashok Leyland Limited,INE208A01029,,EQ,ASHOKLEY.NS,NO_SIGNAL,NO_SIGNAL,,,,,,,,46.68393540041212,170.4393414676045,172.21572908606217,170.96775930771747,1.193815211621967,2.66404492850487,0.8596523532716404,
NSE,STOCK,ASKAUTOLTD,ASK Automotive Limited,INE491J01022,,EQ,ASKAUTOLTD.NS,NO_SIGNAL,NO_SIGNAL,,,,,,,,52.88544247346399,627.2341963168597,626.62117732396,609.5824372449656,17.628467700177453,24.084486148713324,0.419273435059083,
NSE,STOCK,ASTRAMICRO,Astra Microwave Products Limited,INE386C01029,,EQ,ASTRAMICRO.NS,NO_SIGNAL,NO_SIGNAL,,,,,,,,52.40461464887591,1689.3131419282577,1693.6273967858465,1707.298942797898,-15.04479236273437,-14.70500696186168,1.2822427698862169,
NSE,STOCK,AUGMONT,Augmont Enterprises Limited,INE16W401027,,EQ,AUGMONT.NS,INSUFFICIENT_DATA,,,,,,,,,,,,,,,,INSUFFICIENT_DATA_ROWS_5
NSE,STOCK,ATLANTAELE,Atlanta Electricals Limited,INE0Z4F01028,,EQ,ATLANTAELE.NS,NO_SIGNAL,NO_SIGNAL,,,,,,,,62.239729931046384,1847.338230620092,1792.508582796449,1750.6229173404076,47.27801399939153,29.40957834431849,0.5620524170807751,
NSE,STOCK,ATHERENERG,Ather Energy Limited,INE0LEZ01016,,EQ,ATHERENERG.NS,NO_SIGNAL,NO_SIGNAL,,,,,,,,59.02890545234472,1626.0957836776981,1577.778129563114,1500.7610807598003,83.4070341218071,79.75270747112276,1.1174248931657882,
NSE,STOCK,ATULAUTO,Atul Auto Limited,INE951D01028,,EQ,ATULAUTO.NS,NO_SIGNAL,NO_SIGNAL,,,,,,,,37.28010669735752,469.5572475025526,480.03139765224904,488.43400573292183,-9.505570142096019,-5.88258389325265,0.4534246333242747,
NSE,STOCK,ATGL,Adani Total Gas Limited,INE399L01023,,EQ,ATGL.NS,NO_SIGNAL,NO_SIGNAL,,,,,,,,27.77981782905779,617.7661735520223,630.3140980041898,644.803266267839,-15.804172197814296,-13.732576980270416,0.4478309277060275,
NSE,STOCK,AUBANK,AU Small Finance Bank Limited,INE949L01017,,EQ,AUBANK.NS,NO_SIGNAL,NO_SIGNAL,,,,,,,,48.59898136472684,1080.2788382364402,1084.727791945902,1076.8217663414778,8.09021082617869,12.841847369340178,0.3438070144551328,
NSE,STOCK,AUROPHARMA,Aurobindo Pharma Limited,INE406A01037,,EQ,AUROPHARMA.NS,NO_SIGNAL,NO_SIGNAL,,,,,,,,52.227153609949326,1653.4022564864813,1644.4303724589915,1626.3587718325016,19.402443654641274,20.046144975484324,1.0082010849540282,
NSE,STOCK,AURIONPRO,Aurionpro Solutions Limited,INE132H01018,,EQ,AURIONPRO.NS,NO_SIGNAL,NO_SIGNAL,,,,,,,,35.1845675823364,694.4068560817564,703.0941733346688,722.9151402685467,-21.087011733638178,-23.608896042769214,0.7664341298706214,
NSE,STOCK,AURUM,Aurum PropTech Limited,INE898S01029,,EQ,AURUM.NS,NO_SIGNAL,NO_SIGNAL,,,,,,,,47.473792676539176,226.6868211752017,228.00377322794466,227.1043056827282,0.8880488278137761,1.753419643951066,0.316140041007195,
NSE,STOCK,AVALON,Avalon Technologies Limited,INE0LCL01028,,EQ,AVALON.NS,NO_SIGNAL,NO_SIGNAL,,,,,,,,56.86704491588207,2232.3750695851836,2195.1025228275485,2095.624101342926,107.01730485648795,114.31188396001683,1.3406798681945216,
NSE,STOCK,AUTOIND,Autoline Industries Limited,INE718H01014,,EQ,AUTOIND.NS,NO_SIGNAL,NO_SIGNAL,,,,,,,,45.58134129063513,87.94117908924267,88.93841932189727,89.6440907648981,-0.8280119288182419,-0.3210025173912312,2.1863428686931963,
NSE,STOCK,AVADHSUGAR,Avadh Sugar & Energy Limited,INE349W01017,,EQ,AVADHSUGAR.NS,NO_SIGNAL,NO_SIGNAL,,,,,,,,70.22056556617221,824.2456770985525,792.4622574303838,729.6508725211149,67.91784961043254,68.63760472794587,0.3577573657011996,
NSE,STOCK,AVANTIFEED,Avanti Feeds Limited,INE871C01038,,EQ,AVANTIFEED.NS,NO_SIGNAL,NO_SIGNAL,,,,,,,,27.136582684496915,814.2599708801093,835.8438945532832,864.4933964314594,-31.051860907428136,-29.22764473830643,0.748717768091214,
NSE,STOCK,AVANTEL,Avantel Limited,INE005B01027,,EQ,AVANTEL.NS,NO_SIGNAL,NO_SIGNAL,,,,,,,,40.20217663351196,157.23394279456835,158.50523935271386,160.75378187223055,-2.4089659793574185,-2.5097140040013506,0.6290396322285091,
NSE,STOCK,AVTNPL,AVT Natural Products Limited,INE488D01021,,EQ,AVTNPL.NS,NO_SIGNAL,NO_SIGNAL,,,,,,,,69.32110349313123,89.08715839588638,86.45921616647061,82.40016133218153,4.4177570246759075,4.19610147734451,3.1363152209119054,
NSE,STOCK,AVL,Aditya Vision Limited,INE679V01027,,EQ,AVL.NS,NO_SIGNAL,NO_SIGNAL,,,,,,,,46.31133888585133,598.973757482959,600.5350883608758,606.6354353768673,-6.606736031927198,-7.081038944534937,1.1313991794685734,
NSE,STOCK,AWHCL,Antony Waste Handling Cell Limited,INE01BK01022,,EQ,AWHCL.NS,NO_SIGNAL,NO_SIGNAL,,,,,,,,26.399383277792225,376.633545285159,383.33811044308226,395.8198497691878,-13.382034315001249,-14.153952057920947,0.2808942669644916,
NSE,STOCK,AWFIS,Awfis Space Solutions Limited,INE108V01019,,EQ,AWFIS.NS,NO_SIGNAL,NO_SIGNAL,,,,,,,,39.133391378308616,258.6886929203737,262.833628750819,268.5476671094062,-6.178583941726913,-5.879251975983847,0.535203326328577,
NSE,STOCK,AWL,AWL Agri Business Limited,INE699H01024,,EQ,AWL.NS,NO_SIGNAL,NO_SIGNAL,,,,,,,,46.520355036457076,192.8758750361404,193.65135197759153,192.90805544670823,0.7595363487053532,1.2653430300473576,0.31147110679484,
NSE,STOCK,AYMSYNTEX,AYM Syntex Limited,INE193B01039,,EQ,AYMSYNTEX.NS,NO_SIGNAL,NO_SIGNAL,,,,,,,,72.90983840788248,301.3666431505094,282.45858744428585,269.25713527342725,14.764921969649606,9.11385145613502,0.6642417104885566,
NSE,STOCK,BAJAJ-AUTO,Bajaj Auto Limited,INE917I01010,,EQ,BAJAJ-AUTO.NS,NO_SIGNAL,NO_SIGNAL,,,,,,,,57.19263032589071,11993.258430798678,11908.980405480208,11697.277997393408,225.3936153898976,248.8007185371331,0.6460367878859357,
NSE,STOCK,AXISCADES,AXISCADES Technologies Limited,INE555B01013,,EQ,AXISCADES.NS,NO_SIGNAL,NO_SIGNAL,,,,,,,,64.23178236406618,1676.560270945819,1633.372935078207,1613.783129297441,23.030630046967417,5.332253181087234,1.2369997129615262,
NSE,STOCK,AXISBANK,Axis Bank Limited,INE238A01034,,EQ,AXISBANK.NS,NO_SIGNAL,NO_SIGNAL,,,,,,,,54.73570844597657,1266.571315740648,1258.785063391647,1257.0994058258907,2.40403216110667,-2.470028034933342,0.7956448747717442,
NSE,STOCK,BAJAJCON,Bajaj Consumer Care Limited,INE933K01021,,EQ,BAJAJCON.NS,NO_SIGNAL,NO_SIGNAL,,,,,,,,52.11589449171094,486.50250188236015,485.3355399876759,500.995781771123,-16.527395930767227,-21.019982588844716,1.8447005700666093,
NSE,STOCK,AZAD,Azad Engineering Limited,INE02IJ01035,,EQ,AZAD.NS,NO_SIGNAL,NO_SIGNAL,,,,,,,,57.746411257032335,2802.566528842711,2778.8394770924115,2683.3611148529712,101.76023640863332,117.099228154813,0.39975054948639155,
NSE,STOCK,AYE,Aye Finance Limited,INE501X01029,,EQ,AYE.NS,NO_SIGNAL,NO_SIGNAL,,,,,,,,57.208794954823475,176.68182490560116,175.26719252056176,173.4580480936327,1.975198802040012,1.737000808899292,0.980548255765365,
NSE,STOCK,BAJAJELEC,Bajaj Electricals Limited,INE193E01025,,EQ,BAJAJELEC.NS,NO_SIGNAL,NO_SIGNAL,,,,,,,,45.8263497977713,330.46464684579234,336.9166698222338,340.04464005270125,-3.7687606480947693,-0.357303543263514,0.463397965471743,
NSE,STOCK,BAJAJHFL,Bajaj Housing Finance Limited,INE377Y01014,,EQ,BAJAJHFL.NS,NO_SIGNAL,NO_SIGNAL,,,,,,,,38.92339651045302,83.2667833029416,83.89870048426992,84.55085858994472,-0.7170794640485525,-0.5848329807018371,0.7518164467931007,
NSE,STOCK,BAJAJFINSV,Bajaj Finserv Limited,INE918I01026,,EQ,BAJAJFINSV.NS,NO_SIGNAL,NO_SIGNAL,,,,,,,,50.864073454599215,1994.6103360611396,2001.6930913547671,1989.9564674101414,11.502104444515453,21.13428282512021,0.5656322769388685,
NSE,STOCK,BALAJITELE,Balaji Telefilms Limited,INE794B01026,,EQ,BALAJITELE.NS,NO_SIGNAL,NO_SIGNAL,,,,,,,,50.12089499806425,92.05262485329996,92.38810415695738,91.34789204191405,1.093493552818117,1.5128218753646405,0.12862901231841883,
NSE,STOCK,BAJEL,Bajel Projects Limited,INE0KQN01018,,EQ,BAJEL.NS,NO_SIGNAL,NO_SIGNAL,,,,,,,,45.19197187412894,186.3525978635805,187.6251466795339,187.40161752942177,0.20790174492452707,0.7624567943004933,0.29336693223131594,
NSE,STOCK,BAJFINANCE,Bajaj Finance Limited,INE296A01032,,EQ,BAJFINANCE.NS,NO_SIGNAL,NO_SIGNAL,,,,,,,,45.92197628769046,1059.412970492795,1070.083329835983,1072.0087419805939,-2.8912910895785444,3.781975394245983,1.2323715684606233,
NSE,STOCK,BALKRISIND,Balkrishna Industries Limited,INE787D01026,,EQ,BALKRISIND.NS,NO_SIGNAL,NO_SIGNAL,,,,,,,,44.29107598006116,2313.5393731505706,2334.8632111620564,2331.1615275939917,2.1123040281731846,18.41361119614499,0.4336952104592387,
NSE,STOCK,BALAMINES,Balaji Amines Limited,INE050E01027,,EQ,BALAMINES.NS,NO_SIGNAL,NO_SIGNAL,,,,,,,,67.61182304918202,2433.5678723146893,2344.527889471528,2274.6753032356255,78.73617700486011,48.040930594792286,2.6256561779530245,
NSE,STOCK,BALUFORGE,Balu Forge Industries Limited,INE011E01029,,EQ,BALUFORGE.NS,NO_SIGNAL,NO_SIGNAL,,,,,,,,56.693329029959244,588.4619209100993,581.8317120980632,549.5807641543781,34.73067373555682,38.24932551754379,0.4106622609792188,
NSE,STOCK,BALRAMCHIN,Balrampur Chini Mills Limited,INE119A01028,,EQ,BALRAMCHIN.NS,NO_SIGNAL,NO_SIGNAL,,,,,,,,55.94650478044019,685.4438608970945,676.4083420300029,659.4627625003104,18.132109077545692,19.360160038640164,0.30467276650569,
NSE,STOCK,BALMLAWRIE,Balmer Lawrie & Company Limited,INE164A01016,,EQ,BALMLAWRIE.NS,NO_SIGNAL,NO_SIGNAL,,,,,,,,53.328581672248255,176.2662050418488,175.7566002208677,175.7547677939614,0.04113585811259668,-0.2995905892174287,0.526863944230891,
NSE,STOCK,BANCOINDIA,Banco Products (I) Limited,INE213C01025,,EQ,BANCOINDIA.NS,NO_SIGNAL,NO_SIGNAL,,,,,,,,42.532844267032104,618.8850568600518,623.176245003882,630.1293681787313,-7.503223211104341,-7.504138667686755,0.4840481798152055,
NSE,STOCK,BANDHANBNK,Bandhan Bank Limited,INE545U01014,,EQ,BANDHANBNK.NS,NO_SIGNAL,NO_SIGNAL,,,,,,,,36.61165697814445,164.77002075028713,167.7841947543425,172.41091370620708,-4.97676435411762,-4.915024222273598,0.5364413884927738,
NSE,STOCK,BATAINDIA,Bata India Limited,INE176A01028,,EQ,BATAINDIA.NS,NO_SIGNAL,NO_SIGNAL,,,,,,,,38.59237373188736,676.4916583618092,687.2793092211627,695.2461615933187,-9.124828421814186,-4.612630787805482,0.15668820790529892,
NSE,STOCK,BANKINDIA,Bank of India,INE084A01016,,EQ,BANKINDIA.NS,NO_SIGNAL,NO_SIGNAL,,,,,,,,55.40528734270153,144.11744252010303,143.60623854412398,143.161791468517,0.49110372836818783,0.38378132109064517,0.5105876434102528,
NSE,STOCK,BANKBARODA,Bank of Baroda,INE028A01039,,EQ,BANKBARODA.NS,NO_SIGNAL,NO_SIGNAL,,,,,,,,40.86071097276456,239.9143824940682,241.51581969214914,243.97259894508798,-2.6524139582465978,-2.5516358859935204,1.0077829767599187,
NSE,STOCK,BBTC,The Bombay Burmah Trading Corporation Limited,INE050A01025,,EQ,BBTC.NS,NO_SIGNAL,NO_SIGNAL,,,,,,,,50.56869944224776,1504.2887321231356,1496.6575498955244,1492.904101518831,4.6262355181977455,-0.34708297402090516,0.054390677545136344,
NSE,STOCK,BDL,Bharat Dynamics Limited,INE171Z01026,,EQ,BDL.NS,NO_SIGNAL,NO_SIGNAL,,,,,,,,39.09204230365819,1267.345591254882,1296.244659235811,1305.6073568384388,-11.422512700127527,2.1995996908226236,0.7251859320861416,
NSE,STOCK,BECTORFOOD,Mrs. Bectors Food Specialities Limited,INE495P01020,,EQ,BECTORFOOD.NS,NO_SIGNAL,NO_SIGNAL,,,,,,,,45.812799997614306,229.41112565891783,234.69161814794865,231.12727244043225,3.352913322284735,8.037348101157738,0.22006135589226766,
NSE,STOCK,BBOX,Black Box Limited,INE676A01027,,EQ,BBOX.NS,NO_SIGNAL,NO_SIGNAL,,,,,,,,35.732865583561235,724.1473116860334,739.9668583832852,761.9867359096032,-23.611887861761147,-23.224298250299565,0.474492570015558,
NSE,STOCK,BEML,BEML Limited,INE258A01024,,EQ,BEML.NS,NO_SIGNAL,NO_SIGNAL,,,,,,,,69.80121143080382,2012.4440211126878,1962.3211617627576,1913.2081811735964,54.04717371245147,43.88268554430418,1.4129888464393738,
NSE,STOCK,BEL,Bharat Electronics Limited,INE263A01024,,EQ,BEL.NS,NO_SIGNAL,NO_SIGNAL,,,,,,,,47.126715762350706,408.02500334707025,408.7691611184121,407.8372124098732,0.9871499834810038,1.458122438511489,0.8943313352522445,
NSE,STOCK,BERGEPAINT,Berger Paints (I) Limited,INE463A01038,,EQ,BERGEPAINT.NS,NO_SIGNAL,NO_SIGNAL,,,,,,,,36.496793567789844,493.93220591326053,505.7250949801009,513.015689285406,-8.432261581532202,-3.308134753015656,0.4805404342640546,
NSE,STOCK,BFUTILITIE,BF Utilities Limited,INE243D01012,,EQ,BFUTILITIE.NS,NO_SIGNAL,NO_SIGNAL,,,,,,,,51.558587742713684,526.4303348591459,524.819355053927,537.6700143376011,-13.52870573382188,-17.494713022425657,0.9278418489573174,
NSE,STOCK,BELRISE,Belrise Industries Limited,INE894V01022,,EQ,BELRISE.NS,NO_SIGNAL,NO_SIGNAL,,,,,,,,51.407063889792,234.9920870015057,234.70474293551564,235.76070426942198,-1.1773907427021015,-1.193537284216897,0.41024589849005483,
NSE,STOCK,BEPL,Bhansali Engineering Polymers Limited,INE922A01025,,EQ,BEPL.NS,NO_SIGNAL,NO_SIGNAL,,,,,,,,57.01933460306915,127.11017913890039,125.48305335826717,122.82226015701171,2.843154487328306,2.9661210630617343,0.7431221518762317,
NSE,STOCK,BHAGERIA,Bhageria Industries Limited,INE354C01027,,BE,BHAGERIA.NS,NO_SIGNAL,NO_SIGNAL,,,,,,,,86.06000942770305,266.68642966888467,243.14720007037585,229.3067449325696,15.742355399139143,7.476574088975442,3.7280889718293775,
NSE,STOCK,BHARATSE,Bharat Seats Limited,INE415D01024,,EQ,BHARATSE.NS,NO_SIGNAL,NO_SIGNAL,,,,,,,,40.799909279036875,217.92042396316492,223.014918112026,224.71694154155605,-2.1063336634768177,0.37416730765706213,0.2937258597049587,
NSE,STOCK,BHAGYANGR,Bhagyanagar India Limited,INE458B01036,,EQ,BHAGYANGR.NS,NO_SIGNAL,NO_SIGNAL,,,,,,,,45.18407012644857,379.74052557712696,382.67751214875204,383.3182047516574,-0.8169702659003519,0.39117674644473355,0.6170334499034853,
NSE,STOCK,BI,Bilcare Limited,INE986A01012,,BE,BI.NS,INSUFFICIENT_DATA,,,,,,,,,,,,,,,,INSUFFICIENT_DATA_ROWS_13
NSE,STOCK,BHARTIHEXA,Bharti Hexacom Limited,INE343G01021,,EQ,BHARTIHEXA.NS,NO_SIGNAL,NO_SIGNAL,,,,,,,,39.06543147472035,1517.543698079282,1544.3531217875445,1558.242675027789,-16.08130824325599,-5.555707407600865,0.26599738476883367,
NSE,STOCK,BHARATWIRE,Bharat Wire Ropes Limited,INE316L01019,,EQ,BHARATWIRE.NS,NO_SIGNAL,NO_SIGNAL,,,,,,,,39.73014769709073,179.9740177265446,184.12108324499377,189.04812328900826,-5.380214203091725,-4.710685899391053,0.76756753481392,
NSE,STOCK,BHARTIARTL,Bharti Airtel Limited,INE397D01024,,EQ,BHARTIARTL.NS,NO_SIGNAL,NO_SIGNAL,,,,,,,,39.569749122246755,1859.8494230585575,1885.5567719927453,1903.9604711309078,-21.000398766419494,-11.023402743058632,0.530244069998893,
NSE,STOCK,BHARATFORG,Bharat Forge Limited,INE465A01025,,EQ,BHARATFORG.NS,NO_SIGNAL,NO_SIGNAL,,,,,,,,35.781339396903874,2003.4083134021541,2038.2151907120544,2068.50661395068,-33.647432554398165,-25.08627664665169,1.098098738627883,
NSE,STOCK,BIKAJI,Bikaji Foods International Limited,INE00E101023,,EQ,BIKAJI.NS,NO_SIGNAL,NO_SIGNAL,,,,,,,,32.63713477883611,598.2055211108361,606.286187032973,614.7488146090532,-9.222801749999462,-8.123468030877733,1.2148306220919973,
NSE,STOCK,BIRLAPREC,Birla Precision Technologies Limited,INE372E01025,,EQ,BIRLAPREC.NS,INSUFFICIENT_DATA,,,,,,,,,,,,,,,,INSUFFICIENT_DATA_ROWS_14
NSE,STOCK,BHEL,Bharat Heavy Electricals Limited,INE257A01026,,EQ,BHEL.NS,NO_SIGNAL,NO_SIGNAL,,,,,,,,56.56751278223114,430.207750634591,426.26742224566436,421.162355922564,5.577925435726968,4.91224118153703,0.7420664229355355,
NSE,STOCK,BIOCON,Biocon Limited,INE376G01013,,EQ,BIOCON.NS,NO_SIGNAL,NO_SIGNAL,,,,,,,,33.33629779532927,402.55725619391785,408.82116768107096,414.177292037756,-5.964092452659827,-4.244985014363511,1.2162076749073565,
NSE,STOCK,BIRLACABLE,Birla Cable Limited,INE800A01015,,BE,BIRLACABLE.NS,NO_SIGNAL,NO_SIGNAL,,,,,,,,80.8587279690476,329.91792690370147,303.32656190958016,279.0364148287089,26.704810838850506,21.265358430989956,0.80336477729129,
NSE,STOCK,BLEL,Behari Lal Engineering Limited,INE1EEM01017,,EQ,BLEL.NS,INSUFFICIENT_DATA,,,,,,,,,,,,,,,,INSUFFICIENT_DATA_ROWS_12
NSE,STOCK,BLACKBUCK,BLACKBUCK LIMITED,INE0UIZ01018,,EQ,BLACKBUCK.NS,NO_SIGNAL,NO_SIGNAL,,,,,,,,51.47110566603679,585.9149660538853,588.708536422799,583.4984157755977,5.324657846950572,8.612705453237147,0.3094837247165991,
NSE,STOCK,BLUEJET,Blue Jet Healthcare Limited,INE0KBH01020,,EQ,BLUEJET.NS,NO_SIGNAL,NO_SIGNAL,,,,,,,,41.95624583736308,577.6943384044835,583.1705285055715,584.0870152955973,-1.3513580429267904,1.7143194867649776,0.8493534283107249,
NSE,STOCK,BLKASHYAP,B. L. Kashyap and Sons Limited,INE350H01032,,EQ,BLKASHYAP.NS,NO_SIGNAL,NO_SIGNAL,,,,,,,,59.42832203833605,56.3903204799216,55.34288886967594,54.867375708524996,0.5605286510743852,0.09348756924607714,0.650700371490191,
NSE,STOCK,BLSE,BLS E-Services Limited,INE0NLT01010,,EQ,BLSE.NS,NO_SIGNAL,NO_SIGNAL,,,,,,,,62.142954415281494,323.6262710547287,319.8970668907317,311.0634335182197,9.375893366400021,10.522978241163742,0.3298076817174644,
NSE,STOCK,BLS,BLS International Services Limited,INE153T01027,,EQ,BLS.NS,NO_SIGNAL,NO_SIGNAL,,,,,,,,42.17729112159984,239.45590250827968,245.48158848910327,248.774552943046,-3.8600493900021036,-0.9628734869295252,0.3354513445495474,
NSE,STOCK,BLISSGVS,Bliss GVS Pharma Limited,INE416D01022,,BE,BLISSGVS.NS,NO_SIGNAL,NO_SIGNAL,,,,,,,,75.18548965459254,624.4795691238296,590.3770534249945,557.4172361488875,36.5063682045311,27.847133783893504,0.27418945002187006,
NSE,STOCK,BLUESTONE,BlueStone Jewellery and Lifestyle Limited,INE304W01038,,EQ,BLUESTONE.NS,NO_SIGNAL,NO_SIGNAL,,,,,,,,52.47522708859591,809.2803483416988,812.8060104715458,797.0040557601299,15.804398063328676,25.655741706713368,0.19464684709348176,
NSE,STOCK,BLUESTARCO,Blue Star Limited,INE472A01039,,EQ,BLUESTARCO.NS,NO_SIGNAL,NO_SIGNAL,,,,,,,,42.04916805380657,1479.2024180194276,1492.3280989543898,1523.861539839067,-33.823557407225735,-36.59761317824396,0.9857833513001423,
NSE,STOCK,BOMDYEING,Bombay Dyeing & Mfg Company Limited,INE032A01023,,EQ,BOMDYEING.NS,NO_SIGNAL,NO_SIGNAL,,,,,,,,42.05398795729222,113.83999184964046,114.24675823377956,116.0406581635659,-1.8902739382737508,-2.3306020032648225,0.4675502249970335,
NSE,STOCK,BODALCHEM,Bodal Chemicals Limited,INE338D01028,,EQ,BODALCHEM.NS,NO_SIGNAL,NO_SIGNAL,,,,,,,,95.11917261542413,131.1054428540093,107.88223905684278,92.5723356580454,17.266808443214018,9.65285997595931,3.192160651926501,
NSE,STOCK,BPCL,Bharat Petroleum Corporation Limited,INE029A01011,,EQ,BPCL.NS,NO_SIGNAL,NO_SIGNAL,,,,,,,,48.875659846532486,318.1744095290436,317.5890378555267,316.653859055207,1.0098558012866192,0.9079570403469541,0.3573896806960402,
NSE,STOCK,BOROLTD,Borosil Limited,INE02PY01013,,EQ,BOROLTD.NS,NO_SIGNAL,NO_SIGNAL,,,,,,,,52.565363447793466,247.44749171852288,247.57820196495163,245.60643457135117,2.0501560259331484,2.858231029465598,0.12733327610916484,
NSE,STOCK,BLUSPRING,Bluspring Enterprises Limited,INE0U4101014,,EQ,BLUSPRING.NS,NO_SIGNAL,NO_SIGNAL,,,,,,,,65.11254253250056,132.92488579456838,127.96915574125772,122.96244769784289,5.507008479088768,4.461913295819651,0.8773013593727718,
NSE,STOCK,BORORENEW,BOROSIL RENEWABLES LIMITED,INE666D01022,,EQ,BORORENEW.NS,NO_SIGNAL,NO_SIGNAL,,,,,,,,26.47715892476282,501.1846192942865,517.0317565510538,535.8417134223557,-20.688700201736765,-17.26031828607994,0.6441666686443756,
NSE,STOCK,BRIGADE,Brigade Enterprises Limited,INE791I01019,,EQ,BRIGADE.NS,NO_SIGNAL,NO_SIGNAL,,,,,,,,69.19528460552853,677.1474503529569,652.7489599738578,626.0761585181621,29.214599571367216,24.82030331085264,2.1624661164056107,
NSE,STOCK,BRIGHOTEL,Brigade Hotel Ventures Limited,INE03NU01014,,EQ,BRIGHOTEL.NS,NO_SIGNAL,NO_SIGNAL,,,,,,,,42.24275349032755,58.856875295642624,59.29558303051166,59.888284348238805,-0.6421332931400627,-0.600573122921905,0.41750952556353293,
NSE,STOCK,BRITANNIA,Britannia Industries Limited,INE216A01030,,EQ,BRITANNIA.NS,NO_SIGNAL,NO_SIGNAL,,,,,,,,33.17081880115708,5196.152306205583,5296.525580159677,5357.4637424934745,-70.15538861070945,-30.121146527790735,0.6752872251263288,
NSE,STOCK,CAMS,Computer Age Management Services Limited,INE596I01020,,EQ,CAMS.NS,NO_SIGNAL,NO_SIGNAL,,,,,,,,44.181943096314534,750.4532284072377,755.5556590928019,762.7787050331275,-7.898235494206006,-7.250896485864666,0.3597611484295677,
NSE,STOCK,BSOFT,BIRLASOFT LIMITED,INE836A01035,,EQ,BSOFT.NS,NO_SIGNAL,NO_SIGNAL,,,,,,,,41.21250433953871,292.69110703237106,296.62897877925786,299.77397091627364,-3.5794142079013795,-2.024196433966979,0.987505868476424,
NSE,STOCK,CAMLINFINE,Camlin Fine Sciences Limited,INE052I01032,,EQ,CAMLINFINE.NS,NO_SIGNAL,NO_SIGNAL,,,,,,,,35.66665507733998,103.02582808343874,105.60697185981229,110.56665797169943,-5.35859036431205,-5.43078297940312,0.38329966234873597,
NSE,STOCK,CANFINHOME,Can Fin Homes Limited,INE477A01020,,EQ,CANFINHOME.NS,NO_SIGNAL,NO_SIGNAL,,,,,,,,44.13740312421796,801.4051171286856,807.5979759433146,816.8190668507525,-9.957535631010728,-9.599271250208183,1.2301857514970487,
NSE,STOCK,BSE,BSE Limited,INE118H01025,,EQ,BSE.NS,NO_SIGNAL,NO_SIGNAL,,,,,,,,50.251569709042705,3317.8378411078875,3329.8038600491973,3399.844438195613,-74.23909517133507,-88.03474821609537,1.5818445317574403,
NSE,STOCK,CAMPUS,Campus Activewear Limited,INE278Y01022,,EQ,CAMPUS.NS,NO_SIGNAL,NO_SIGNAL,,,,,,,,49.83521522807303,223.7984406880031,223.85825551009634,223.99730854179492,-0.10001144304473542,-0.35888043392654845,0.8880220677737436,
NSE,STOCK,CANHLIFE,Canara HSBC Life Insurance Company Limited,INE01TY01017,,EQ,CANHLIFE.NS,NO_SIGNAL,NO_SIGNAL,,,,,,,,55.663118291554355,154.13770768887304,153.38201556902243,151.69762708892762,1.8128211712656537,1.8740933545110523,0.17642344741208124,
NSE,STOCK,CANTABIL,Cantabil Retail India Limited,INE068L01024,,EQ,CANTABIL.NS,NO_SIGNAL,NO_SIGNAL,,,,,,,,46.78661528291376,239.86536853184953,240.54314599501947,240.4507759013626,0.1178088268168267,0.1264333186997887,0.21334032298724395,
NSE,STOCK,CANBK,Canara Bank,INE476A01022,,EQ,CANBK.NS,NO_SIGNAL,NO_SIGNAL,,,,,,,,40.81953289521259,126.20134288347862,127.36378978156446,127.94505108397311,-0.6767068675609949,-0.1814471585079052,0.9429206055780843,
NSE,STOCK,CAPACITE,Capacit'e Infraprojects Limited,INE264T01014,,EQ,CAPACITE.NS,NO_SIGNAL,NO_SIGNAL,,,,,,,,43.47642312494639,210.680400135819,213.40589876955937,215.7717322222731,-2.5363497748432167,-2.3096059804176714,0.4209208156577786,
NSE,STOCK,CAPILLARY,Capillary Technologies India Limited,INE0ILV01024,,EQ,CAPILLARY.NS,NO_SIGNAL,NO_SIGNAL,,,,,,,,36.760050828939875,489.18649922345463,500.2945928046623,507.03389578541044,-7.745622457084494,-3.3992494514627216,0.141834280327522,
NSE,STOCK,CARRARO,Carraro India Limited,INE0V7W01012,,EQ,CARRARO.NS,NO_SIGNAL,NO_SIGNAL,,,,,,,,49.068577204479965,541.3144170262008,538.0126329436373,535.646884495019,2.8248029685729534,0.651994494451044,0.23244625698372395,
NSE,STOCK,CARBORUNIV,Carborundum Universal Limited,INE120A01034,,EQ,CARBORUNIV.NS,NO_SIGNAL,NO_SIGNAL,,,,,,,,44.242184016436376,1089.9433952654535,1103.8924461659005,1106.4406162209152,-3.3960792427349134,3.4365155508363423,0.2836533958564609,
NSE,STOCK,CAPLIPOINT,Caplin Point Laboratories Limited,INE475E01026,,EQ,CAPLIPOINT.NS,NO_SIGNAL,NO_SIGNAL,,,,,,,,70.52304201164561,2700.9549668984646,2614.766598712763,2578.679923962586,41.43757534662291,11.772462920272854,3.409571360582029,
NSE,STOCK,CARTRADE,Cartrade Tech Limited,INE290S01011,,EQ,CARTRADE.NS,NO_SIGNAL,NO_SIGNAL,,,,,,,,57.20271365417827,2992.006807327415,2977.5657720584004,2919.0684494547895,62.428816369860215,70.89232649865767,0.8560997353709283,
NSE,STOCK,CARYSIL,CARYSIL LIMITED,INE482D01024,,EQ,CARYSIL.NS,NO_SIGNAL,NO_SIGNAL,,,,,,,,50.215485874022924,1139.198028933459,1145.3000979825144,1155.6247580906447,-11.49902358228087,-9.308568736457145,0.523677984234762,
NSE,STOCK,CDSL,Central Depository Services (India) Limited,INE736A01011,,EQ,CDSL.NS,NO_SIGNAL,NO_SIGNAL,,,,,,,,55.53483474359059,1391.6772355451924,1385.7095296201915,1373.2032797664604,13.610845407350325,13.213606422667135,0.8762108249650894,
NSE,STOCK,CELLO,Cello World Limited,INE0LMW01024,,EQ,CELLO.NS,NO_SIGNAL,NO_SIGNAL,,,,,,,,38.76550638567635,348.1808754828333,353.58159535402865,357.52914551029454,-4.441018239873074,-2.5935999425425864,0.5901418479751283,
NSE,STOCK,CASTROLIND,Castrol India Limited,INE172A01027,,EQ,CASTROLIND.NS,SIGNAL,LONG,2026-09-04 00:00:00,190.2700042724609,185.51325416564939,199.78350448608396,4.756750106811523,9.513500213623047,2.0,61.71834281743844,187.4452344585081,186.9989199509442,186.915744287533,0.08219234764209205,0.04701977484723524,1.9747188411381706,
NSE,STOCK,CCL,CCL Products (India) Limited,INE421D01022,,EQ,CCL.NS,NO_SIGNAL,NO_SIGNAL,,,,,,,,46.19552332537574,1099.2600899379238,1105.8159902727086,1120.3550484144646,-15.687379748186459,-16.351125647696712,1.129322536132538,
NSE,STOCK,CEIGALL,Ceigall India Limited,INE0AG901020,,EQ,CEIGALL.NS,NO_SIGNAL,NO_SIGNAL,,,,,,,,65.85999598995377,346.8172008476351,338.32010353849205,336.17456052362684,2.800438290208433,-1.6898322599834326,1.3559429248463832,
NSE,STOCK,CEMPRO,Cemindia Projects Limited,INE686A01026,,EQ,CEMPRO.NS,NO_SIGNAL,NO_SIGNAL,,,,,,,,50.25544399053538,1274.5141474840939,1273.3896404572881,1294.3791841376817,-22.093704359415597,-28.746073541494297,1.0581713097132925,
NSE,STOCK,CESC,CESC Limited,INE486A01021,,EQ,CESC.NS,NO_SIGNAL,NO_SIGNAL,,,,,,,,29.77902795134733,147.43053862098392,151.3029485130592,155.74467852403941,-4.904217211245964,-3.9380034663344587,0.7808326495737832,
NSE,STOCK,CENTENKA,Century Enka Limited,INE485A01015,,EQ,CENTENKA.NS,NO_SIGNAL,NO_SIGNAL,,,,,,,,63.521617691102286,591.7982949626228,578.157002914249,574.5873367109918,4.078175057230851,-0.09951630452748972,0.20511232799354065,
NSE,STOCK,CGPOWER,CG Power and Industrial Solutions Limited,INE067A01029,,EQ,CGPOWER.NS,NO_SIGNAL,NO_SIGNAL,,,,,,,,51.18466940387308,890.0909216522713,886.9185011912782,886.4635553525842,0.7735724161467488,-1.4122726147358873,1.016053268961058,
NSE,STOCK,CEWATER,Concord Enviro Systems Limited,INE037Z01029,,EQ,CEWATER.NS,NO_SIGNAL,NO_SIGNAL,,,,,,,,42.891362190064484,265.2172692987962,267.2554644947852,273.6543511906864,-6.773624982340834,-7.98229347237947,0.5242647076553906,
NSE,STOCK,CGCL,Capri Global Capital Limited,INE180C01042,,EQ,CGCL.NS,NO_SIGNAL,NO_SIGNAL,,,,,,,,70.82311150319438,265.910961484248,253.18201789588832,245.14832527428524,9.105968227952701,4.673142060354246,1.0492869825518396,
NSE,STOCK,CHALET,Chalet Hotels Limited,INE427F01016,,EQ,CHALET.NS,NO_SIGNAL,NO_SIGNAL,,,,,,,,62.249351083208275,895.9504826214919,885.638687175972,869.0135379729338,18.17265785706718,16.609432205908156,0.3887322435300722,
NSE,STOCK,CHAMBLFERT,Chambal Fertilizers & Chemicals Limited,INE085A01013,,EQ,CHAMBLFERT.NS,NO_SIGNAL,NO_SIGNAL,,,,,,,,35.48561755914042,416.5722472603102,423.6941891395484,432.15772571822305,-9.295415381841337,-7.783498682155144,1.6615069045272506,
NSE,STOCK,CHENNPETRO,Chennai Petroleum Corporation Limited,INE178A01016,,EQ,CHENNPETRO.NS,NO_SIGNAL,NO_SIGNAL,,,,,,,,63.34288541347075,1420.4545899809495,1393.6681850768487,1357.116723013663,39.32228044485851,39.15646848997145,0.37390125093588467,
NSE,STOCK,CHEMPLASTS,Chemplast Sanmar Limited,INE488A01050,,EQ,CHEMPLASTS.NS,NO_SIGNAL,NO_SIGNAL,,,,,,,,37.948174973362754,171.159161964977,175.19233636725835,180.5596600018111,-5.8190877165204995,-5.478628305324109,0.7177198577213058,
NSE,STOCK,CHOLAFIN,Cholamandalam Investment and Finance Company Limited,INE121A01024,,EQ,CHOLAFIN.NS,NO_SIGNAL,NO_SIGNAL,,,,,,,,48.316245808466064,1842.0264028302415,1852.992734981607,1849.0503250066256,3.1230663066514808,12.56125700045703,0.738383607730805,
NSE,STOCK,CHOLAHLDNG,Cholamandalam Financial Holdings Limited,INE149A01033,,EQ,CHOLAHLDNG.NS,NO_SIGNAL,NO_SIGNAL,,,,,,,,41.24314298123267,1499.136833113639,1522.5490766617022,1542.341055833989,-22.21610421996479,-14.27423560217196,0.5925449921172754,
NSE,STOCK,CIPLA,Cipla Limited,INE059A01026,,EQ,CIPLA.NS,NO_SIGNAL,NO_SIGNAL,,,,,,,,35.98657841778673,1401.4917414565734,1415.703245161288,1425.956846774823,-11.596605404297861,-6.831411646626798,1.8339008642847952,
NSE,STOCK,CHOICEIN,Choice International Limited,INE102B01014,,EQ,CHOICEIN.NS,NO_SIGNAL,NO_SIGNAL,,,,,,,,34.597313565407575,769.0655458352904,781.5948795384824,789.8268648304181,-9.504999701839324,-4.372989898432012,1.5041334020155872,
NSE,STOCK,CMLL,Caliber Mining and Logistics Limited,INE11XY01018,,EQ,CMLL.NS,INSUFFICIENT_DATA,,,,,,,,,,,,,,,,INSUFFICIENT_DATA_ROWS_30
NSE,STOCK,CIEINDIA,CIE Automotive India Limited,INE536H01010,,EQ,CIEINDIA.NS,NO_SIGNAL,NO_SIGNAL,,,,,,,,26.807643496256333,387.20543321809566,393.693931427109,403.8855132149678,-10.988703029530598,-10.869798197658197,0.4410132822193142,
NSE,STOCK,CLEAN,Clean Science and Technology Limited,INE227W01023,,EQ,CLEAN.NS,NO_SIGNAL,NO_SIGNAL,,,,,,,,62.83215205281161,844.0240827278164,831.7819452802903,815.3977195856069,17.81950160442716,16.758539078950804,1.3306917125470779,
NSE,STOCK,CMPDI,Central Mine Planning & Design Institute Limited,INE05HV01027,,EQ,CMPDI.NS,NO_SIGNAL,NO_SIGNAL,,,,,,,,55.13676628416798,235.36985501942092,234.51399215778446,237.91801326819456,-3.590980577281158,-4.700731126950146,1.6539364728287724,
NSE,STOCK,CMSINFO,CMS Info Systems Limited,INE925R01014,,EQ,CMSINFO.NS,NO_SIGNAL,NO_SIGNAL,,,,,,,,40.15482291339653,246.00900087731162,248.66738846040434,255.166187910047,-6.995013047444871,-7.380849091453228,0.30152292699263644,
NSE,STOCK,CLSEL,Chaman Lal Setia Exports Limited,INE419D01026,,EQ,CLSEL.NS,NO_SIGNAL,NO_SIGNAL,,,,,,,,58.75851466984069,302.12954200069066,298.0320138264369,293.20114682023103,5.347444286700011,4.293929332246499,0.35507394612064286,
NSE,STOCK,CMRGREEN,CMR Green Technologies Limited,INE00WV01027,,EQ,CMRGREEN.NS,NO_SIGNAL,NO_SIGNAL,,,,,,,,58.76665330217552,227.47203148409199,223.6669466640182,222.65941106428266,1.2980774272899112,-0.6641509085505006,0.6748589070204365,
NSE,STOCK,CLEANMAX,Clean Max Enviro Energy Solutions Limited,INE647U01026,,EQ,CLEANMAX.NS,NO_SIGNAL,NO_SIGNAL,,,,,,,,53.78287827221749,1266.4555790626216,1260.122777212888,1272.2859230764598,-12.707884119630762,-18.603666238533833,2.8618156477153076,
NSE,STOCK,COALINDIA,Coal India Limited,INE522F01014,,EQ,COALINDIA.NS,NO_SIGNAL,NO_SIGNAL,,,,,,,,54.192676715581605,412.7982406549248,409.32661837100835,411.50869442497293,-2.0943636936138432,-4.654857258953821,0.6182796019025515,
NSE,STOCK,COFORGE,Coforge Limited,INE591G01025,,EQ,COFORGE.NS,NO_SIGNAL,NO_SIGNAL,,,,,,,,69.37657250521369,1967.841604579222,1925.280001470127,1849.651598971606,81.53280456599828,82.09699145676805,0.5383542717916547,
NSE,STOCK,COCHINSHIP,Cochin Shipyard Limited,INE704P01025,,EQ,COCHINSHIP.NS,NO_SIGNAL,NO_SIGNAL,,,,,,,,53.13729444250678,1493.3407581286729,1496.3749191022223,1485.8565228795596,10.940402026744778,15.80836152247878,0.7517881664477335,
NSE,STOCK,COHANCE,Cohance Lifesciences Limited,INE03QK01018,,EQ,COHANCE.NS,NO_SIGNAL,NO_SIGNAL,,,,,,,,53.29718166467432,457.65802236967863,455.1637432734157,450.734374071714,4.79946470099344,4.771377085781,0.4696136922506674,
NSE,STOCK,CONFIPET,Confidence Petroleum India Limited,INE552D01024,,EQ,CONFIPET.NS,NO_SIGNAL,NO_SIGNAL,,,,,,,,58.69360165421513,82.0260986884748,79.71008460812075,78.24968693520506,1.6586616034802688,0.7958137618060185,0.5626412776742177,
NSE,STOCK,CORDELIA,Waterways Leisure Tourism Limited,INE0LZF01039,,EQ,CORDELIA.NS,INSUFFICIENT_DATA,,,,,,,,,,,,,,,,INSUFFICIENT_DATA_ROWS_48
NSE,STOCK,COLPAL,Colgate Palmolive (India) Limited,INE259A01022,,EQ,COLPAL.NS,NO_SIGNAL,NO_SIGNAL,,,,,,,,35.66045514836148,1859.8085194707746,1885.6130681986758,1929.5843776455292,-47.8909355455819,-45.908604827220486,0.9619185603583655,
NSE,STOCK,CONCOR,Container Corporation of India Limited,INE111A01025,,EQ,CONCOR.NS,NO_SIGNAL,NO_SIGNAL,,,,,,,,49.42841932425178,510.6500718589573,512.2880239273993,510.1264581746385,2.078587603715164,4.162064616145782,0.312516583496558,
NSE,STOCK,CONCORDBIO,Concord Biotech Limited,INE338H01029,,EQ,CONCORDBIO.NS,NO_SIGNAL,NO_SIGNAL,,,,,,,,44.3036660246554,1448.814715320896,1471.5200676332563,1454.3698052843733,16.71701504091766,35.252802070299744,0.32781033537621257,
NSE,STOCK,COMSYN,Commercial Syn Bags Limited,INE073V01015,,EQ,COMSYN.NS,NO_SIGNAL,NO_SIGNAL,,,,,,,,73.68805202677132,299.63396093779096,290.0038727401378,270.35617521317346,21.067037002818836,22.40029194370522,0.13548500597050034,
NSE,STOCK,CORDSCABLE,Cords Cable Industries Limited,INE792I01017,,EQ,CORDSCABLE.NS,NO_SIGNAL,NO_SIGNAL,,,,,,,,77.67427201149391,301.74426429884636,275.8812493812304,254.46013530141659,23.901484794339524,16.249844552008746,1.450400142097046,
NSE,STOCK,CPL,Captain Polyplast Limited,INE536P01021,,EQ,CPL.NS,INSUFFICIENT_DATA,,,,,,,,,,,,,,,,INSUFFICIENT_DATA_ROWS_31
NSE,STOCK,COROMANDEL,Coromandel International Limited,INE169A01031,,EQ,COROMANDEL.NS,NO_SIGNAL,NO_SIGNAL,,,,,,,,39.37367799871016,1925.2387503956274,1954.9308335311107,1985.9308090793656,-34.83451885818954,-24.341692956593487,0.7799111634767368,
NSE,STOCK,COSMOFIRST,COSMO FIRST LIMITED,INE757A01017,,EQ,COSMOFIRST.NS,NO_SIGNAL,NO_SIGNAL,,,,,,,,56.177151378979836,942.0310271278629,935.1359554090521,919.1509221929459,16.93266301402832,19.198549148796147,0.5300167845546052,
NSE,STOCK,CSM,CSM Technologies Limited,INE0ZK601013,,EQ,CSM.NS,INSUFFICIENT_DATA,,,,,,,,,,,,,,,,INSUFFICIENT_DATA_ROWS_46
NSE,STOCK,CPPLUS,Aditya Infotech Limited,INE819V01029,,EQ,CPPLUS.NS,NO_SIGNAL,NO_SIGNAL,,,,,,,,56.60844179815237,3688.4390958487934,3617.239729098683,3583.4720406377,39.175666678074776,10.438174852229286,0.6844783297373733,
NSE,STOCK,CRAMC,Canara Robeco Asset Management Company Limited,INE218I01013,,EQ,CRAMC.NS,NO_SIGNAL,NO_SIGNAL,,,,,,,,41.4601922935223,253.57173171858568,256.0856413852574,257.22586041695644,-1.3283339135073788,-0.37242733206001644,0.6578912591003868,
NSE,STOCK,CREDITACC,CREDITACCESS GRAMEEN LIMITED,INE741K01010,,EQ,CREDITACC.NS,NO_SIGNAL,NO_SIGNAL,,,,,,,,44.480096298599555,1414.3666166929445,1440.4436103758312,1469.063380374908,-32.14794082921844,-22.75285134614227,0.8415174187493835,
NSE,STOCK,CSBBANK,CSB Bank Limited,INE679A01013,,EQ,CSBBANK.NS,NO_SIGNAL,NO_SIGNAL,,,,,,,,43.993358212960246,333.0638305592462,333.15723294300005,333.56040283744943,-0.26578915209313436,-1.363407831919093,1.2269043949234333,
NSE,STOCK,CRIZAC,Crizac Limited,INE0S4R01014,,EQ,CRIZAC.NS,NO_SIGNAL,NO_SIGNAL,,,,,,,,27.03432837676081,166.1234105390334,171.1687426382694,176.96944252846527,-6.328062759330237,-5.5563178224292304,0.9692949162238578,
NSE,STOCK,CUB,City Union Bank Limited,INE491A01021,,EQ,CUB.NS,NO_SIGNAL,NO_SIGNAL,,,,,,,,60.577825903337825,230.89839363348074,225.71610289393834,221.6587851742729,4.544355666190597,2.879153880560341,1.0853694471125053,
NSE,STOCK,CROMPTON,Crompton Greaves Consumer Electricals Limited,INE299U01018,,EQ,CROMPTON.NS,NO_SIGNAL,NO_SIGNAL,,,,,,,,37.386454369386385,231.35576637361805,236.8644726521673,243.35997951576653,-7.130527250496954,-6.000569207793612,1.1157723636640753,
NSE,STOCK,CUPID,Cupid Limited,INE509F01029,,EQ,CUPID.NS,NO_SIGNAL,NO_SIGNAL,,,,,,,,61.46150137764776,280.89412664763694,279.08864884758947,268.5925534775366,10.966250308273175,14.07474313739262,0.32820717525166804,
NSE,STOCK,CUMMINSIND,Cummins India Limited,INE298A01020,,EQ,CUMMINSIND.NS,NO_SIGNAL,NO_SIGNAL,,,,,,,,30.881907520991348,5084.501662574579,5160.636823302189,5257.655754266129,-105.85128132047248,-94.9498549293686,1.1015014865972887,
NSE,STOCK,CYIENT,Cyient Limited,INE136B01020,,EQ,CYIENT.NS,NO_SIGNAL,NO_SIGNAL,,,,,,,,69.81443953915807,1108.6928627595312,1050.3842418986583,985.755909579441,71.75945929182342,54.909789304056545,0.1868740309781447,
NSE,STOCK,CYIENTDLM,Cyient DLM Limited,INE055S01018,,EQ,CYIENTDLM.NS,NO_SIGNAL,NO_SIGNAL,,,,,,,,74.51996561824913,842.4941716088659,804.916726132857,754.1447251231353,55.249181801107284,50.32710590532343,1.6048321479305714,
NSE,STOCK,DABUR,Dabur India Limited,INE016A01026,,EQ,DABUR.NS,NO_SIGNAL,NO_SIGNAL,,,,,,,,26.77412286229766,382.19174707976896,389.0906877391082,398.5538323787512,-10.327166494197286,-9.353241627951348,1.1080433774972398,
NSE,STOCK,DALBHARAT,Dalmia Bharat Limited,INE00R701025,,EQ,DALBHARAT.NS,NO_SIGNAL,NO_SIGNAL,,,,,,,,37.40794478302777,1785.1981156120182,1817.5031276820632,1824.0369328281638,-8.534241062541923,6.5120373983689,0.24558934291417808,
NSE,STOCK,DALMIASUG,Dalmia Bharat Sugar and Industries Limited,INE495A01022,,EQ,DALMIASUG.NS,NO_SIGNAL,NO_SIGNAL,,,,,,,,48.96511507550888,457.2086904384485,460.28405649406017,443.1723688066275,17.88346099174578,24.44394373933526,0.46769582657653586,
NSE,STOCK,DATAPATTNS,Data Patterns (India) Limited,INE0IX101010,,EQ,DATAPATTNS.NS,NO_SIGNAL,NO_SIGNAL,,,,,,,,51.13231890663991,4575.269754696636,4590.072750277945,4562.758695186308,27.831374162467,45.95728942055711,0.5021182667953042,
NSE,STOCK,DBL,Dilip Buildcon Limited,INE917M01012,,EQ,DBL.NS,NO_SIGNAL,NO_SIGNAL,,,,,,,,36.6712897193555,400.2464466510638,407.81662101402867,414.9326763362493,-7.915155005199551,-5.777585844905672,0.2217369274646594,
NSE,STOCK,DAMCAPITAL,Dam Capital Advisors Limited,INE284H01025,,EQ,DAMCAPITAL.NS,NO_SIGNAL,NO_SIGNAL,,,,,,,,43.505533128188674,144.92144191062127,146.0692304588584,147.95774011029482,-2.046168521077334,-2.0170591070195005,0.5769222622128357,
NSE,STOCK,DBOL,Dhampur Bio Organics Limited,INE0I3401014,,EQ,DBOL.NS,NO_SIGNAL,NO_SIGNAL,,,,,,,,54.93067904689354,126.98274605757403,125.76989388246801,122.00136900228037,4.0430863881880015,4.487489380182785,0.5204035087915918,
NSE,STOCK,DCAL,Dishman Carbogen Amcis Limited,INE385W01011,,EQ,DCAL.NS,NO_SIGNAL,NO_SIGNAL,,,,,,,,43.037498627461744,176.41711162731605,177.50660992396007,180.01653667748533,-2.7098197993866506,-2.874403569192264,0.27408237302246546,
NSE,STOCK,DCBBANK,DCB Bank Limited,INE503A01015,,EQ,DCBBANK.NS,NO_SIGNAL,NO_SIGNAL,,,,,,,,67.38891107011607,220.05977959961643,212.0671773015054,203.85290772861237,9.12807340314805,6.797328766307811,0.1697152268305897,
NSE,STOCK,DBREALTY,Valor Estate Limited,INE879I01012,,EQ,DBREALTY.NS,NO_SIGNAL,NO_SIGNAL,,,,,,,,35.39877385648869,103.38569102943094,105.24269768848049,107.64071608669958,-2.621673144912833,-2.3395947578044445,1.0819494827445457,
NSE,STOCK,DECNGOLD,Deccan Gold Mines Limited,INE945F01025,,EQ,DECNGOLD.NS,INSUFFICIENT_DATA,,,,,,,,,,,,,,,,INSUFFICIENT_DATA_ROWS_14
NSE,STOCK,DCMSHRIRAM,DCM Shriram Limited,INE499A01024,,EQ,DCMSHRIRAM.NS,NO_SIGNAL,NO_SIGNAL,,,,,,,,45.671511234715155,1024.6191300493838,1030.98704865725,1031.9201015288882,-1.2731155110600412,1.7986005254599169,0.7080061707640276,
NSE,STOCK,DCI,Dc Infotech And Communication Limited,INE0A1101019,,EQ,DCI.NS,NO_SIGNAL,NO_SIGNAL,,,,,,,,50.09607542871166,368.4841230945102,372.39780390063356,358.5686850031562,14.379422571829991,20.362544414880126,0.24582716070852131,
NSE,STOCK,DCXINDIA,DCX Systems Limited,INE0KL801015,,EQ,DCXINDIA.NS,NO_SIGNAL,NO_SIGNAL,,,,,,,,37.828671678506474,171.01391907608917,173.32143343195966,176.25218170570827,-3.159568951142006,-3.032688071850409,0.7279164543331387,
NSE,STOCK,DDEVPLSTIK,Ddev Plastiks Industries Limited,INE0HR601026,,EQ,DDEVPLSTIK.NS,NO_SIGNAL,NO_SIGNAL,,,,,,,,44.28449914236322,275.23681146146043,277.0669960735633,278.22626059322056,-1.339894655189994,-0.6353028211783702,0.30517193334447973,
NSE,STOCK,DEEDEV,DEE Development Engineers Limited,INE841L01016,,EQ,DEEDEV.NS,NO_SIGNAL,NO_SIGNAL,,,,,,,,51.19952148348899,632.5098347417434,632.8226705595955,640.5526159992453,-8.225447135451077,-9.764136313284297,0.7703712706355897,
NSE,STOCK,DEEPAKNTR,Deepak Nitrite Limited,INE288B01029,,EQ,DEEPAKNTR.NS,NO_SIGNAL,NO_SIGNAL,,,,,,,,46.28403921871039,1733.891706908657,1743.1215970701019,1734.507647879613,8.535740689020486,16.129294440959598,0.5195874146796231,
NSE,STOCK,DELHIVERY,Delhivery Limited,INE148O01028,,EQ,DELHIVERY.NS,NO_SIGNAL,NO_SIGNAL,,,,,,,,47.19266985759806,459.3246805167704,459.0277208478074,462.2753700913365,-3.3802518014462066,-4.737722574742668,0.6947459013866886,
NSE,STOCK,DELTACORP,Delta Corp Limited,INE124G01033,,EQ,DELTACORP.NS,NO_SIGNAL,NO_SIGNAL,,,,,,,,28.239962211775037,57.05356045681012,58.52059034617004,59.96966775465071,-1.5945409433896387,-1.2767464195650262,1.1171908552378829,
NSE,STOCK,DEEPAKFERT,Deepak Fertilizers and Petrochemicals Corporation Limited,INE501A01019,,EQ,DEEPAKFERT.NS,NO_SIGNAL,NO_SIGNAL,,,,,,,,31.907013087366437,1390.597003810205,1429.1159480169713,1466.5567172925655,-41.320936895963996,-32.63797935307177,0.8430016498565758,
NSE,STOCK,DHOOTTRANS,Dhoot Transmission Limited,INE01NH01023,,EQ,DHOOTTRANS.NS,INSUFFICIENT_DATA,,,,,,,,,,,,,,,,INSUFFICIENT_DATA_ROWS_15
NSE,STOCK,DEEPINDS,Deep Industries Limited,INE0FHS01024,,EQ,DEEPINDS.NS,NO_SIGNAL,NO_SIGNAL,,,,,,,,72.3398546638241,729.7223251362757,695.9483413345096,659.8767912113831,39.078780820800375,35.65711437090587,2.578932356659627,
NSE,STOCK,DENTA,Denta Water and Infra Solutions Limited,INE0R4L01018,,EQ,DENTA.NS,NO_SIGNAL,NO_SIGNAL,,,,,,,,26.866406807821903,273.59737611013145,283.83803396705014,297.0077209704424,-14.502082544067491,-12.51671093414722,0.4244763332256269,
NSE,STOCK,DEVYANI,Devyani International Limited,INE872J01023,,EQ,DEVYANI.NS,NO_SIGNAL,NO_SIGNAL,,,,,,,,55.060147611701304,139.46517012817762,140.38276160860218,136.67606340195977,3.820848623820609,5.664639263928814,0.474914121497886,
NSE,STOCK,DIFFNKG,Diffusion Engineers Limited,INE184O01015,,EQ,DIFFNKG.NS,NO_SIGNAL,NO_SIGNAL,,,,,,,,68.22686668383024,467.145067453616,441.9111290437811,423.9570126997397,20.209037720671233,11.692540554032748,2.6563348179362873,
NSE,STOCK,DHAMPURSUG,Dhampur Sugar Mills Limited,INE041A01016,,EQ,DHAMPURSUG.NS,NO_SIGNAL,NO_SIGNAL,,,,,,,,50.523937319088596,172.6425217333362,172.84514368746954,167.35109099090437,5.784180635616281,7.506734766134696,0.4672430906655398,
NSE,STOCK,DIGITIDE,Digitide Solutions Limited,INE0U4701011,,EQ,DIGITIDE.NS,NO_SIGNAL,NO_SIGNAL,,,,,,,,42.45331690755901,96.92073755715307,98.19810335386434,98.76172075018698,-0.6638008298796194,-0.16514164850081323,0.36417676275409777,
NSE,STOCK,DIACABS,Diamond Power Infrastructure Limited,INE989C01038,,BE,DIACABS.NS,NO_SIGNAL,NO_SIGNAL,,,,,,,,44.804926934195635,334.2348792995798,341.1206688604496,332.9744618674981,7.950597791837538,15.395054208759685,1.716245983645368,
NSE,STOCK,DIXON,Dixon Technologies (India) Limited,INE935N01020,,EQ,DIXON.NS,NO_SIGNAL,NO_SIGNAL,,,,,,,,52.51296895092686,14568.608768080067,14547.186311387428,14339.22993795244,219.02564250726755,269.4991206531496,0.7489868137059834,
NSE,STOCK,DIVGIITTS,Divgi Torqtransfer Systems Limited,INE753U01022,,EQ,DIVGIITTS.NS,NO_SIGNAL,NO_SIGNAL,,,,,,,,61.87992917418593,1229.0867193125746,1208.4733883673744,1157.6485148224856,54.104496679286285,61.24893402811019,0.5314027157848183,
NSE,STOCK,DLF,DLF Limited,INE271C01023,,EQ,DLF.NS,NO_SIGNAL,NO_SIGNAL,,,,,,,,56.15101154189242,679.0647868917717,676.1382361680409,669.5814020861513,7.047320245864398,7.3678171924699845,1.1771596958692834,
NSE,STOCK,DIVISLAB,Divi's Laboratories Limited,INE361B01024,,EQ,DIVISLAB.NS,NO_SIGNAL,NO_SIGNAL,,,,,,,,65.20340064299381,9165.946800154847,8986.398470791288,8645.833406514492,366.63644233633204,373.6135412575951,0.5830459877924848,
NSE,STOCK,DJML,DJ Mediaprint & Logistics Limited,INE0B1K01014,,EQ,DJML.NS,NO_SIGNAL,NO_SIGNAL,,,,,,,,24.977915507239018,72.82541629893288,81.5334528237609,91.08737307536418,-10.585585476164326,-8.240559439942508,0.41542735073791426,
NSE,STOCK,DLINKINDIA,D-Link (India) Limited,INE250K01012,,EQ,DLINKINDIA.NS,NO_SIGNAL,NO_SIGNAL,,,,,,,,54.40330851892935,445.79908782230837,442.35316065790806,445.057983092204,-2.536565876796658,-5.818563200025216,0.4399041104639028,
NSE,STOCK,DMCC,DMCC SPECIALITY CHEMICALS LIMITED,INE505A01010,,EQ,DMCC.NS,NO_SIGNAL,NO_SIGNAL,,,,,,,,56.085456218205515,292.1520616728619,289.97804573229024,286.0686152134378,4.133862114945941,4.655677136843344,0.3611924312745448,
NSE,STOCK,DOLATALGO,Dolat Algotech Limited,INE966A01022,,EQ,DOLATALGO.NS,NO_SIGNAL,NO_SIGNAL,,,,,,,,42.72028749363599,71.09513575796817,71.95621810518756,71.73643030691896,0.2076215395914005,0.6358926784195978,0.7196314452863759,
NSE,STOCK,DMART,Avenue Supermarts Limited,INE192R01011,,EQ,DMART.NS,NO_SIGNAL,NO_SIGNAL,,,,,,,,35.66277586201396,3801.350439040834,3856.6021784965224,3908.7935755042095,-57.70829619475626,-43.474323888215395,0.6560402244039463,
NSE,STOCK,DOLLAR,Dollar Industries Limited,INE325C01035,,EQ,DOLLAR.NS,NO_SIGNAL,NO_SIGNAL,,,,,,,,45.53771589620238,265.9414543249882,268.35000372016367,268.77023633290275,-0.5927358819023425,0.7213962628509671,0.4424007423735926,
NSE,STOCK,DOLPHIN,Dolphin Offshore Enterprises (India) Limited,INE920A01037,,EQ,DOLPHIN.NS,NO_SIGNAL,NO_SIGNAL,,,,,,,,76.26570492500738,628.8062280774373,600.9696871144541,553.4138187068808,51.33515835924413,52.20283538661182,1.09310461580471,
NSE,STOCK,DYCL,Dynamic Cables Limited,INE600Y01019,,EQ,DYCL.NS,NO_SIGNAL,NO_SIGNAL,,,,,,,,56.35321534157792,509.64255626396414,487.0085771651929,460.8502748516249,28.718470307427197,23.86086451962737,1.3007784805022635,
NSE,STOCK,E2E,E2E Networks Limited,INE255Z01027,,BE,E2E.NS,NO_SIGNAL,NO_SIGNAL,,,,,,,,53.39266514361262,605.5976840183787,610.1668643904839,591.9257439581756,18.548158339126417,28.682965877162964,0.7204952020037919,
NSE,STOCK,DREDGECORP,Dredging Corporation of India Limited,INE506A01018,,EQ,DREDGECORP.NS,NO_SIGNAL,NO_SIGNAL,,,,,,,,48.141384652065476,1084.880010842118,1096.5636578219546,1097.3667876680595,-1.4914833422401443,5.171029448413559,0.6575081276328748,
NSE,STOCK,EBGNG,GNG Electronics Limited,INE18JU01028,,EQ,EBGNG.NS,NO_SIGNAL,NO_SIGNAL,,,,,,,,51.92819695735622,617.638907627876,607.9304801101496,592.9169157846,16.45871582451332,14.604846478494764,1.4117198557352217,
NSE,STOCK,DRREDDY,Dr. Reddy's Laboratories Limited,INE089A01031,,EQ,DRREDDY.NS,NO_SIGNAL,NO_SIGNAL,,,,,,,,39.91758288052542,1162.7562378275509,1171.7267886322725,1182.2285204392447,-11.265110125367983,-10.681846467228516,0.22238638604076644,
NSE,STOCK,ECLERX,eClerx Services Limited,INE738I01010,,EQ,ECLERX.NS,NO_SIGNAL,NO_SIGNAL,,,,,,,,53.376159775572525,1947.8691560020302,1922.9563257083712,1878.675355590417,47.7151094864887,46.69926020468487,0.6858721462108676,
NSE,STOCK,EDELWEISS,Edelweiss Financial Services Limited,INE532F01054,,EQ,EDELWEISS.NS,NO_SIGNAL,NO_SIGNAL,,,,,,,,67.91081581557475,131.68094684744136,128.156047603106,125.23222060332265,3.246524836580022,2.341058870450178,1.8880600787519382,
NSE,STOCK,ECOSMOBLTY,Ecos (India) Mobility & Hospitality Limited,INE06HJ01020,,EQ,ECOSMOBLTY.NS,NO_SIGNAL,NO_SIGNAL,,,,,,,,37.6430456070353,114.11194203843256,115.17196349016854,118.81110278502705,-3.9058881537946917,-4.3466611051924335,1.0900478568089855,
NSE,STOCK,EICHERMOT,Eicher Motors Limited,INE066A01021,,EQ,EICHERMOT.NS,NO_SIGNAL,NO_SIGNAL,,,,,,,,34.590687372357166,7766.889984032604,7886.1051701273445,7887.478763304969,-8.125003968453711,56.920859974777,1.1768069103393566,
NSE,STOCK,EFCIL,EFC (I) Limited,INE886D01026,,EQ,EFCIL.NS,NO_SIGNAL,NO_SIGNAL,,,,,,,,57.053962628804996,200.71190285793534,197.54761079145948,194.34794062469345,3.5936824500305136,2.415961362902825,0.6101676489775782,
NSE,STOCK,EKC,Everest Kanto Cylinder Limited,INE184H01027,,EQ,EKC.NS,NO_SIGNAL,NO_SIGNAL,,,,,,,,41.969736331440714,107.29710918622445,108.87963671283654,110.05066545565907,-1.3085918642749732,-0.8135704401541919,0.4779589369611552,
NSE,STOCK,EIHOTEL,EIH Limited,INE230A01023,,EQ,EIHOTEL.NS,NO_SIGNAL,NO_SIGNAL,,,,,,,,41.17285159347028,291.44090949470285,295.6167101343321,302.23191154198116,-7.18029197871607,-6.944401956442359,0.7673436350221092,
NSE,STOCK,EIDPARRY,EID Parry India Limited,INE126A01031,,EQ,EIDPARRY.NS,NO_SIGNAL,NO_SIGNAL,,,,,,,,47.31906881886814,788.8457987406855,793.2055050376496,789.2924872121224,3.873850168202239,7.35539558123685,0.2833431414054002,
NSE,STOCK,ELECON,Elecon Engineering Company Limited,INE205B01031,,EQ,ELECON.NS,NO_SIGNAL,NO_SIGNAL,,,,,,,,48.776807554884286,427.4049909701311,428.3329446895123,435.3310956090327,-7.3549911764276885,-8.916909201360083,0.7600557882116188,
NSE,STOCK,EIEL,Enviro Infra Engineers Limited,INE0LLY01014,,EQ,EIEL.NS,NO_SIGNAL,NO_SIGNAL,,,,,,,,41.19388483063795,194.9849785198354,197.75695412884326,202.67283969055282,-5.326574179530667,-5.329902471114955,0.4793448125655575,
NSE,STOCK,ELECTCAST,Electrosteel Castings Limited,INE086A01029,,EQ,ELECTCAST.NS,NO_SIGNAL,NO_SIGNAL,,,,,,,,72.70681043238886,83.0173543983329,79.53137581141979,77.08746418626131,2.774851624946166,1.4910526565629438,1.2566896254667417,
NSE,STOCK,ELGIEQUIP,Elgi Equipments Limited,INE285A01027,,EQ,ELGIEQUIP.NS,NO_SIGNAL,NO_SIGNAL,,,,,,,,61.144713505053716,630.271814388989,622.0042251905832,612.4972459044305,10.437473495603513,9.01960538597272,0.7721626551164074,
NSE,STOCK,EMAMILTD,Emami Limited,INE548C01032,,EQ,EMAMILTD.NS,NO_SIGNAL,NO_SIGNAL,,,,,,,,34.454062580464566,373.6425602948212,384.8327907924347,392.90774603744,-9.08777041184652,-5.389487808468749,1.0355632979856044,
NSE,STOCK,ELLEN,Ellenbarrie Industrial Gases Limited,INE236E01022,,EQ,ELLEN.NS,NO_SIGNAL,NO_SIGNAL,,,,,,,,61.99347614164165,325.21143104828025,321.195615899368,313.1200994558981,8.623137566130936,9.495854919209028,0.9915466668965187,
NSE,STOCK,ELIN,Elin Electronics Limited,INE050401020,,EQ,ELIN.NS,NO_SIGNAL,NO_SIGNAL,,,,,,,,40.67925027425835,97.13743566713542,98.71840638425239,99.67003109875986,-1.0569623573849043,-0.6503761621043613,0.20981723793970633,
NSE,STOCK,EMBDL,Embassy Developments Limited,INE069I01010,,EQ,EMBDL.NS,NO_SIGNAL,NO_SIGNAL,,,,,,,,32.78530015056481,59.19609783907767,60.79761553428169,61.58335907065701,-0.9040869023236482,-0.31355400358238916,0.796856478516272,
NSE,STOCK,EMCURE,Emcure Pharmaceuticals Limited,INE168P01015,,EQ,EMCURE.NS,NO_SIGNAL,NO_SIGNAL,,,,,,,,57.75044670107001,1880.6693317585782,1879.8733464140353,1886.0957969604212,-7.18366147079746,-5.74853327341316,2.0751184662572313,
NSE,STOCK,EMIL,Electronics Mart India Limited,INE02YR01019,,EQ,EMIL.NS,NO_SIGNAL,NO_SIGNAL,,,,,,,,53.40427578138961,176.2789922757059,177.83642462634572,171.4884571281464,6.503424057934097,9.842625944330226,0.15369899114625726,
NSE,STOCK,EMMVEE,Emmvee Photovoltaic Power Limited,INE1C6T01020,,EQ,EMMVEE.NS,NO_SIGNAL,NO_SIGNAL,,,,,,,,50.05278652949995,324.79968933250245,324.5809157705195,325.0658864354375,-0.46013067502565264,-0.8997852557177686,0.515485965623704,
NSE,STOCK,EMUDHRA,eMudhra Limited,INE01QM01018,,EQ,EMUDHRA.NS,NO_SIGNAL,NO_SIGNAL,,,,,,,,48.50239847491166,531.5254984006798,535.4530991045592,524.159044898862,11.687170692534096,17.093217155602897,0.48503184702733787,
NSE,STOCK,EMSLIMITED,EMS Limited,INE0OV601013,,EQ,EMSLIMITED.NS,NO_SIGNAL,NO_SIGNAL,,,,,,,,47.848428919313974,382.66061197733444,383.188541431009,386.86540043895775,-3.945772035828554,-4.59310383035025,0.19953454340527352,
NSE,STOCK,ENDURANCE,Endurance Technologies Limited,INE913H01037,,EQ,ENDURANCE.NS,NO_SIGNAL,NO_SIGNAL,,,,,,,,36.41334144256231,2819.9586753185067,2884.1469508721557,2880.089390591802,0.7844739271204162,37.245531937841314,0.6895215109029871,
NSE,STOCK,ENGINERSIN,Engineers India Limited,INE510A01028,,EQ,ENGINERSIN.NS,NO_SIGNAL,NO_SIGNAL,,,,,,,,72.69718033579065,272.1498922490089,259.7183060207908,250.73886389231964,10.077732702863756,6.230529614665755,1.2389503223467877,
NSE,STOCK,EPACKPEB,EPack Prefab Technologies Limited,INE0MLS01022,,EQ,EPACKPEB.NS,NO_SIGNAL,NO_SIGNAL,,,,,,,,43.96824614883929,226.37799725259163,229.53407877236268,234.6832926852583,-5.6095567842101275,-5.373901741361399,0.5519017790544918,
NSE,STOCK,ESDS,ESDS Software Solution Limited,INE0DRI01029,,EQ,ESDS.NS,INSUFFICIENT_DATA,,,,,,,,,,,,,,,,INSUFFICIENT_DATA_ROWS_1
NSE,STOCK,ENRIN,Siemens Energy India Limited,INE1NPP01017,,EQ,ENRIN.NS,NO_SIGNAL,NO_SIGNAL,,,,,,,,33.48876182657392,3165.030306146384,3263.0445359146374,3331.631642275914,-77.56491829569995,-41.92804480772216,0.6093011578793212,
NSE,STOCK,EPACK,EPACK Durable Limited,INE0G5901015,,EQ,EPACK.NS,NO_SIGNAL,NO_SIGNAL,,,,,,,,23.490537177936375,189.76962596978362,196.20166932915797,205.6924998732625,-10.359876821522704,-9.520902022390466,0.7383002274556311,
NSE,STOCK,ENTERO,Entero Healthcare Solutions Limited,INE010601016,,EQ,ENTERO.NS,NO_SIGNAL,NO_SIGNAL,,,,,,,,86.05820640854432,1794.2515467023588,1670.5882320147389,1537.5116590274956,146.9120619603525,116.86280094592567,0.3979469245321415,
NSE,STOCK,EQUITASBNK,Equitas Small Finance Bank Limited,INE063P01018,,EQ,EQUITASBNK.NS,NO_SIGNAL,NO_SIGNAL,,,,,,,,39.994255443929944,73.59266580817234,74.34820572754556,75.03389819743805,-0.7576692296081831,-0.5754244301833021,0.7905711806862927,
NSE,STOCK,ESTER,Ester Industries Limited,INE778B01029,,EQ,ESTER.NS,NO_SIGNAL,NO_SIGNAL,,,,,,,,50.881532055389656,93.62236888529155,94.07136926465516,93.70856964218781,0.33932840659035435,0.8353207876095241,0.1503228017741801,
NSE,STOCK,EPL,EPL Limited,INE255A01020,,EQ,EPL.NS,NO_SIGNAL,NO_SIGNAL,,,,,,,,50.6533742899975,246.47896996524565,248.78573433491056,245.8035825701481,3.0646847565477344,4.964385221532552,0.9823850921640944,
NSE,STOCK,EUROPRATIK,Euro Pratik Sales Limited,INE198501012,,EQ,EUROPRATIK.NS,NO_SIGNAL,NO_SIGNAL,,,,,,,,42.89493888030157,262.5908039569526,267.1427510492164,276.46973200975265,-10.187352995821584,-9.843367212499684,0.9088836801698567,
NSE,STOCK,EUREKAFORB,Eureka Forbes Limited,INE0KCE01017,,EQ,EUREKAFORB.NS,NO_SIGNAL,NO_SIGNAL,,,,,,,,46.528669446323924,426.9426376976352,428.44716815561696,434.41647076161337,-6.396255840298522,-7.234173724946086,0.5790771171588024,
NSE,STOCK,ETERNAL,ETERNAL LIMITED,INE758T01015,,EQ,ETERNAL.NS,NO_SIGNAL,NO_SIGNAL,,,,,,,,57.036440642335215,325.3643486691685,324.59796647300215,318.40579476506105,6.507012115600048,8.132774124512547,0.47465698508491216,
NSE,STOCK,EXCELSOFT,Excelsoft Technologies Limited,INE606N01019,,EQ,EXCELSOFT.NS,NO_SIGNAL,NO_SIGNAL,,,,,,,,37.02725655285046,70.27877728219867,71.17112531963875,73.01072205095805,-1.9891815303547844,-2.0239989484175105,0.8042402005487203,
NSE,STOCK,EXIDEIND,Exide Industries Limited,INE302A01020,,EQ,EXIDEIND.NS,NO_SIGNAL,NO_SIGNAL,,,,,,,,35.64425016029823,429.40281018079696,440.78771925845837,445.67447103529287,-5.9198158556298495,-0.2684781167887984,1.027730300208224,
NSE,STOCK,EXICOM,Exicom Tele-Systems Limited,INE777F01014,,EQ,EXICOM.NS,NO_SIGNAL,NO_SIGNAL,,,,,,,,65.118192652408,168.54017800601162,163.48601816906447,161.30904356108087,2.5496721832883225,0.5095959829559424,3.242087570798625,
NSE,STOCK,FIEMIND,Fiem Industries Limited,INE737H01014,,EQ,FIEMIND.NS,NO_SIGNAL,NO_SIGNAL,,,,,,,,39.12231934999087,2071.1413532061106,2130.076093799164,2202.993499978287,-80.91677339655598,-64.6774350104803,0.3803040374543942,
NSE,STOCK,EXPLEOSOL,Expleo Solutions Limited,INE201K01015,,EQ,EXPLEOSOL.NS,NO_SIGNAL,NO_SIGNAL,,,,,,,,58.91975117172448,882.0145244885223,873.8235747662782,861.7383530391446,13.080917203171794,12.9387174643256,0.14591631206566033,
NSE,STOCK,FACT,Fertilizers and Chemicals Travancore Limited,INE188A01015,,EQ,FACT.NS,NO_SIGNAL,NO_SIGNAL,,,,,,,,43.46636060435404,808.6659855281897,815.0210554812409,820.3891186955601,-5.75088701790844,-5.255545872668755,0.05021374198113659,
NSE,STOCK,FEDERALBNK,The Federal Bank  Limited,INE171A01029,,EQ,FEDERALBNK.NS,NO_SIGNAL,NO_SIGNAL,,,,,,,,43.93249732022802,346.99501000068483,349.73549990253815,350.0985698633576,-0.5905378581772993,1.0366968927344464,0.8575418993831357,
NSE,STOCK,FDC,FDC Limited,INE258B01022,,EQ,FDC.NS,NO_SIGNAL,NO_SIGNAL,,,,,,,,33.39305539430303,340.3890916379571,346.00400568647854,359.00365215669916,-13.948680146640356,-14.996814438290386,0.6074469411939314,
NSE,STOCK,FCL,Fineotex Chemical Limited,INE045J01034,,EQ,FCL.NS,NO_SIGNAL,NO_SIGNAL,,,,,,,,65.71974093436637,49.82764906669348,48.32449695710732,46.07108727651803,2.458143589438613,2.2847794886497765,1.3903336733275389,
NSE,STOCK,FILATEX,Filatex India Limited,INE816B01035,,EQ,FILATEX.NS,NO_SIGNAL,NO_SIGNAL,,,,,,,,49.438920828700745,75.89800949727763,77.81395811074037,77.18868242012198,0.49770008241534924,2.049656387825096,0.5271321662210113,
NSE,STOCK,FINCABLES,Finolex Cables Limited,INE235A01022,,EQ,FINCABLES.NS,NO_SIGNAL,NO_SIGNAL,,,,,,,,58.37119617123186,1251.5373852437456,1248.0450125368725,1207.349012876738,43.11251096580622,53.65953399474229,0.8114259547175074,
NSE,STOCK,FINKURVE,Finkurve Financial Services Limited,INE734I01027,,EQ,FINKURVE.NS,NO_SIGNAL,NO_SIGNAL,,,,,,,,50.23262592696537,71.25391885054094,72.11927216615331,70.2339827147537,1.9794612362777002,2.8134569088307226,0.25445691080958555,
NSE,STOCK,FEDFINA,Fedbank Financial Services Limited,INE007N01010,,EQ,FEDFINA.NS,NO_SIGNAL,NO_SIGNAL,,,,,,,,55.69255918088833,157.55810666928423,156.59457588567662,155.42623382783782,1.3068079650357731,0.9834269035762926,0.7365694776910097,
NSE,STOCK,FINPIPE,Finolex Industries Limited,INE183A01024,,EQ,FINPIPE.NS,NO_SIGNAL,NO_SIGNAL,,,,,,,,44.523815535699335,158.4545742906511,159.6660257025207,161.3845539581179,-1.8555838894638157,-1.785119846190738,0.6340373727499226,
NSE,STOCK,FINOPB,Fino Payments Bank Limited,INE02NC01014,,EQ,FINOPB.NS,NO_SIGNAL,NO_SIGNAL,,,,,,,,38.121461696223,140.05928799584055,143.44387653045638,147.56910984864064,-4.57351027861381,-3.723722586293938,0.2372132095639879,
NSE,STOCK,FIVESTAR,Five-Star Business Finance Limited,INE128S01021,,EQ,FIVESTAR.NS,NO_SIGNAL,NO_SIGNAL,,,,,,,,46.1936234007062,528.5767519389655,529.4094904055595,531.6371457143296,-2.468545000352492,-2.526015781085552,1.7062519082745766,
NSE,STOCK,FIRSTCRY,Brainbees Solutions Limited,INE02RE01045,,EQ,FIRSTCRY.NS,NO_SIGNAL,NO_SIGNAL,,,,,,,,30.891997574588387,179.66533766461882,186.7537044159243,194.96364096866031,-9.057663853076889,-7.359459621569778,0.7413660240482988,
NSE,STOCK,FLAIR,Flair Writing Industries Limited,INE00Y201027,,EQ,FLAIR.NS,NO_SIGNAL,NO_SIGNAL,,,,,,,,43.558366544074836,248.52695916334608,249.64573225465824,251.58130104699634,-2.063828165920512,-2.1636022978505496,0.30571417675430584,
NSE,STOCK,FLUOROCHEM,Gujarat Fluorochemicals Limited,INE09N301011,,EQ,FLUOROCHEM.NS,NO_SIGNAL,NO_SIGNAL,,,,,,,,47.96723412900537,4658.073023804993,4663.327312403691,4594.0064560063865,71.95891757476966,97.3518884718214,1.8193865665250317,
NSE,STOCK,FORTIS,Fortis Healthcare Limited,INE061F01013,,EQ,FORTIS.NS,NO_SIGNAL,NO_SIGNAL,,,,,,,,47.1087706857767,915.9627658499544,917.5583905606902,923.9865502015921,-6.798054652002406,-8.156526458530628,0.4983318404485336,
NSE,STOCK,FOODSIN,Foods & Inns Limited,INE976E01023,,EQ,FOODSIN.NS,NO_SIGNAL,NO_SIGNAL,,,,,,,,54.700072839468824,54.770169320625996,54.38490110884586,54.6154098741387,-0.22217916452942887,-0.4868434117992669,1.862753028639664,
NSE,STOCK,FSL,Firstsource Solutions Limited,INE684F01012,,EQ,FSL.NS,NO_SIGNAL,NO_SIGNAL,,,,,,,,43.99209900521442,266.4806654679444,269.49625617696563,271.6326672021121,-2.4912145615082864,-1.1453257001416859,0.8383148549294122,
NSE,STOCK,FUSION,Fusion Finance Limited,INE139R01012,,EQ,FUSION.NS,NO_SIGNAL,NO_SIGNAL,,,,,,,,48.13516411237231,197.6181109407761,199.17802390155072,201.79578504040126,-2.854210806891956,-2.77742413742618,0.7020690710677557,
NSE,STOCK,GABRIEL,Gabriel India Limited,INE524A01029,,EQ,GABRIEL.NS,NO_SIGNAL,NO_SIGNAL,,,,,,,,43.99890657641699,1371.0454199078376,1390.4098599560275,1397.4043492859787,-9.002932126155429,1.9244842428218298,0.6986185074741033,
NSE,STOCK,FMGOETZE,Federal-Mogul Goetze (India) Limited.,INE529A01010,,EQ,FMGOETZE.NS,NO_SIGNAL,NO_SIGNAL,,,,,,,,45.09880412067982,569.5042646536621,553.4845575104817,526.6884097323601,29.558476902168422,25.012796705729652,0.2784829589799717,
NSE,STOCK,FRACTAL,Fractal Analytics Limited,INE212S01015,,EQ,FRACTAL.NS,NO_SIGNAL,NO_SIGNAL,,,,,,,,44.984423021203085,827.4367346538439,830.5956904145057,833.2537845358754,-2.6332666457208234,-3.3187387231730976,0.5112384099578938,
NSE,STOCK,GAJA,Gaja Alternative Asset Management Limited,INE18UN01038,,EQ,GAJA.NS,INSUFFICIENT_DATA,,,,,,,,,,,,,,,,INSUFFICIENT_DATA_ROWS_7
NSE,STOCK,GAIL,GAIL (India) Limited,INE129A01019,,EQ,GAIL.NS,NO_SIGNAL,NO_SIGNAL,,,,,,,,49.18246488190783,173.73498779712168,173.78290777674582,173.83107339683332,-0.06001507553887109,-0.02316885805365026,0.5352606726855755,
NSE,STOCK,GAEL,Gujarat Ambuja Exports Limited,INE036B01030,,EQ,GAEL.NS,NO_SIGNAL,NO_SIGNAL,,,,,,,,47.44361274032945,170.43839414696558,171.8936315570828,170.52444570535673,1.3374571235534631,2.694719948955743,0.41359267217108114,
NSE,STOCK,GANDHAR,Gandhar Oil Refinery (India) Limited,INE717W01049,,EQ,GANDHAR.NS,NO_SIGNAL,NO_SIGNAL,,,,,,,,67.6706780146236,262.8523274638367,256.86858831748725,247.93629620233855,9.602855868831853,9.551689189698706,0.6885661710937893,
NSE,STOCK,GALAXYSURF,Galaxy Surfactants Limited,INE600K01018,,EQ,GALAXYSURF.NS,NO_SIGNAL,NO_SIGNAL,,,,,,,,54.97993608937503,2253.0374899072217,2257.5980199284627,2203.241813966726,56.877564154364336,76.76192280276611,0.32151287963384034,
NSE,STOCK,GANESHBE,Ganesh Benzoplast Limited,INE388A01029,,BE,GANESHBE.NS,NO_SIGNAL,NO_SIGNAL,,,,,,,,54.802912959232785,120.14683982118147,119.44824167363018,117.53803044783447,2.021215311757146,2.346756922091294,1.7965435933955944,
NSE,STOCK,GANESHCP,Ganesh Consumer Products Limited,INE652V01016,,EQ,GANESHCP.NS,NO_SIGNAL,NO_SIGNAL,,,,,,,,49.837849271412466,168.39106568947398,167.2276947140349,168.7056085913996,-1.4229090615345967,-2.870610111557931,0.9295195743589336,
NSE,STOCK,GARUDA,Garuda Construction and Engineering Limited,INE0JVO01026,,EQ,GARUDA.NS,NO_SIGNAL,NO_SIGNAL,,,,,,,,49.87563864642556,177.27430674745415,178.67478702672332,179.00849602416267,-0.4545364077586953,0.4178833664062069,0.8930491361578917,
NSE,STOCK,GATEWAY,Gateway Distriparks Limited,INE079J01017,,EQ,GATEWAY.NS,NO_SIGNAL,NO_SIGNAL,,,,,,,,46.96685200874376,53.71343734556815,54.04418011504973,54.98680123830738,-1.0128566058854958,-1.0936950858362655,0.9170060015413711,
NSE,STOCK,GCSL,Gretex Corporate Services Limited,INE199P01028,,EQ,GCSL.NS,NO_SIGNAL,NO_SIGNAL,,,,,,,,70.23727036619842,575.6689929033807,550.945726068878,532.5740393722547,20.51709637750298,13.007328972222695,1.0279455015511527,
NSE,STOCK,GENESYS,Genesys International Corporation Limited,INE727B01026,,EQ,GENESYS.NS,NO_SIGNAL,NO_SIGNAL,,,,,,,,49.56439819785581,222.7736145903701,217.15023930329625,222.85050853075617,-5.377773534900399,-12.04090834704816,0.2170948969725304,
NSE,STOCK,GENUSPOWER,Genus Power Infrastructures Limited,INE955D01029,,EQ,GENUSPOWER.NS,NO_SIGNAL,NO_SIGNAL,,,,,,,,57.82520855130592,336.62093780592363,332.2214567075441,326.35779183848587,6.4800771011904885,5.413347610896471,0.7479981142469335,
NSE,STOCK,GAUDIUMIVF,Gaudium IVF and Women Health Limited,INE0P8B01020,,BE,GAUDIUMIVF.NS,NO_SIGNAL,NO_SIGNAL,,,,,,,,41.640309456570414,121.47356899624407,121.5639798660393,123.56134042211684,-2.126589121526976,-2.735039960572244,1.8599121813019035,
NSE,STOCK,GESHIP,The Great Eastern Shipping Company Limited,INE017A01032,,EQ,GESHIP.NS,NO_SIGNAL,NO_SIGNAL,,,,,,,,55.210526116543946,1342.4140697412827,1331.6177614474805,1339.111169474146,-7.2165367000945935,-15.667559841038557,1.1361313419010022,
NSE,STOCK,GFLLIMITED,GFL Limited,INE538A01037,,EQ,GFLLIMITED.NS,NO_SIGNAL,NO_SIGNAL,,,,,,,,68.90698477705385,57.12255438240979,55.230832137969195,53.01487587539617,2.4242531328889854,2.1208652354157826,0.5403667777509692,
NSE,STOCK,GEOJITFSL,Geojit Financial Services Limited,INE007B01023,,EQ,GEOJITFSL.NS,NO_SIGNAL,NO_SIGNAL,,,,,,,,58.8773146545107,82.78397790295337,81.86542690014078,80.7152284818011,1.2691742798943153,1.0507854220342032,2.1805067052830798,
NSE,STOCK,GHCL,GHCL Limited,INE539A01019,,EQ,GHCL.NS,NO_SIGNAL,NO_SIGNAL,,,,,,,,50.0503704588764,437.32165564748993,437.9257483642327,437.54449638700925,0.3850815040067346,0.7412103373779495,0.578138271835328,
NSE,STOCK,GICHSGFIN,GIC Housing Finance Limited,INE289B01019,,EQ,GICHSGFIN.NS,NO_SIGNAL,NO_SIGNAL,,,,,,,,43.752203858720236,141.70901787060296,141.72969046275324,143.28363834047968,-1.622347267073195,-2.182384780417049,1.5593943467615892,
NSE,STOCK,GICRE,General Insurance Corporation of India,INE481Y01014,,EQ,GICRE.NS,NO_SIGNAL,NO_SIGNAL,,,,,,,,53.80674605353774,356.17099537245895,355.4269960042249,356.35515180885625,-0.9326960132236763,-1.5927054140862382,4.364288458009643,
NSE,STOCK,GHCLTEXTIL,GHCL Textiles Limited,INE0PA801013,,EQ,GHCLTEXTIL.NS,NO_SIGNAL,NO_SIGNAL,,,,,,,,67.03381732755045,136.3635769716062,131.56149643834198,126.07593349522779,6.012051445182749,5.055120226731995,0.512085417706027,
NSE,STOCK,GKSL,Gujarat Kidney And Super Speciality Limited,INE0V0W01025,,EQ,GKSL.NS,NO_SIGNAL,NO_SIGNAL,,,,,,,,82.86819399291132,164.9738374590633,157.43333483355727,149.6171091422954,8.610591386347949,6.988467842742517,0.9295647664321266,
NSE,STOCK,GKENERGY,GK Energy Limited,INE1AG301022,,EQ,GKENERGY.NS,NO_SIGNAL,NO_SIGNAL,,,,,,,,45.921030206408794,130.65120465131525,130.65781230065397,131.29073254356138,-0.6066466966359201,-1.1664208921255972,0.38580172513866495,
NSE,STOCK,GLAXO,GlaxoSmithKline Pharmaceuticals Limited,INE159A01016,,EQ,GLAXO.NS,NO_SIGNAL,NO_SIGNAL,,,,,,,,59.365878043699276,2979.092679127761,2943.5183543916173,2837.388982683422,114.0720730074845,122.54772695323945,0.2958490183350121,
NSE,STOCK,GIPCL,Gujarat Industries Power Company Limited,INE162A01010,,EQ,GIPCL.NS,NO_SIGNAL,NO_SIGNAL,,,,,,,,76.35044510567178,203.01860096413222,193.32131494618017,183.5291281261211,10.860025577887399,8.251323828259613,0.7404933220794458,
NSE,STOCK,GLAND,Gland Pharma Limited,INE068V01023,,EQ,GLAND.NS,NO_SIGNAL,NO_SIGNAL,,,,,,,,66.96608030389763,2900.3693018813965,2866.8511327910237,2792.277325106884,79.43432356138874,88.29843706996212,3.07237477382593,
NSE,STOCK,GMDCLTD,Gujarat Mineral Development Corporation Limited,INE131A01031,,EQ,GMDCLTD.NS,NO_SIGNAL,NO_SIGNAL,,,,,,,,44.48304857290866,563.62862110741,567.1144716030494,571.9574823685911,-5.260459116162451,-4.7920468535991265,0.49650126179754434,
NSE,STOCK,GLENMARK,Glenmark Pharmaceuticals Limited,INE935A01035,,EQ,GLENMARK.NS,NO_SIGNAL,NO_SIGNAL,,,,,,,,60.65821901100794,2452.4865539556663,2420.368403683313,2368.4834414958964,56.707280512901434,51.9709288182723,0.7894644725876246,
NSE,STOCK,GMMPFAUDLR,GMM Pfaudler Limited,INE541A01023,,EQ,GMMPFAUDLR.NS,NO_SIGNAL,NO_SIGNAL,,,,,,,,79.37490719771819,1089.6812848407121,1050.0727432603094,1001.1679775456155,52.99383946453554,49.61419678057558,4.808934484131012,
NSE,STOCK,GLOBAL,Global Education Limited,INE291W01037,,EQ,GLOBAL.NS,NO_SIGNAL,NO_SIGNAL,,,,,,,,66.64058058046882,113.26598183852829,110.13433058232023,107.7443721414441,2.671817680418883,1.7680129127695459,1.6688422233001023,
NSE,STOCK,GMRAIRPORT,GMR AIRPORTS LIMITED,INE776C01039,,EQ,GMRAIRPORT.NS,NO_SIGNAL,NO_SIGNAL,,,,,,,,39.00571693598027,96.43455293159077,97.949219792049,100.54413755907927,-2.8232440223665662,-2.690770061219989,0.6885231307679116,
NSE,STOCK,GOCLCORP,GOCL Corporation Limited,INE077F01035,,EQ,GOCLCORP.NS,NO_SIGNAL,NO_SIGNAL,,,,,,,,62.39825886001209,410.6089234902924,404.48344473018267,404.5503693102552,0.08129708748549547,-2.124938133633724,0.8253641462114583,
NSE,STOCK,GMRP&UI,GMR Power and Urban Infra Limited,INE0CU601026,,EQ,GMRP&UI.NS,NO_SIGNAL,NO_SIGNAL,,,,,,,,36.74556820653674,91.79345799079344,93.65317815463641,95.34127866060714,-1.871248387762023,-1.3531244552040638,0.767061623369815,
NSE,STOCK,GNFC,Gujarat Narmada Valley Fertilizers and Chemicals Limited,INE113A01013,,EQ,GNFC.NS,NO_SIGNAL,NO_SIGNAL,,,,,,,,65.12989330940337,586.3586787709337,580.9027032352931,568.7525883234282,12.971466378919104,14.482514319025741,1.250075177454309,
NSE,STOCK,GODAVARIB,Godavari Biorefineries Limited,INE497S01012,,EQ,GODAVARIB.NS,NO_SIGNAL,NO_SIGNAL,,,,,,,,46.65478421633958,240.05393619384765,242.53516338936245,248.6754204030627,-6.607815505771242,-6.944214396031854,0.30722846688731076,
NSE,STOCK,GNA,GNA Axles Limited,INE934S01014,,EQ,GNA.NS,NO_SIGNAL,NO_SIGNAL,,,,,,,,47.361215231555576,536.0968541623579,542.3415576566,537.4401852701205,4.655593226148653,10.335007661516329,0.40157799731716753,
NSE,STOCK,GODFRYPHLP,Godfrey Phillips India Limited,INE260B01028,,EQ,GODFRYPHLP.NS,NO_SIGNAL,NO_SIGNAL,,,,,,,,39.923853725862436,2061.5844621880515,2093.8862655211683,2121.658492741062,-31.039281907865643,-21.234979559325723,0.5185659411011524,
NSE,STOCK,GOCOLORS,Go Fashion (India) Limited,INE0BJS01011,,EQ,GOCOLORS.NS,NO_SIGNAL,NO_SIGNAL,,,,,,,,42.91414609436904,326.5266981211636,331.2267229516044,334.0444545390504,-3.0867100799000013,-1.9485557910844262,0.27664290273527703,
NSE,STOCK,GODREJCP,Godrej Consumer Products Limited,INE102D01028,,EQ,GODREJCP.NS,NO_SIGNAL,NO_SIGNAL,,,,,,,,24.404478520349983,892.6290365303935,915.9190188235015,948.9938816216958,-35.98756441170872,-33.85801970366897,0.4485881494336338,
NSE,STOCK,GOKEX,Gokaldas Exports Limited,INE887G01027,,EQ,GOKEX.NS,NO_SIGNAL,NO_SIGNAL,,,,,,,,40.35319446486447,773.9405862073304,782.234623539708,790.3668291347155,-8.996175334280565,-7.035776628391939,0.3957527343972645,
NSE,STOCK,GOPAL,Gopal Snacks Limited,INE0L9R01028,,EQ,GOPAL.NS,SIGNAL,SHORT,2026-09-03 00:00:00,265.3999938964844,272.03499374389645,252.12999420166014,6.634999847412075,13.269999694824236,2.000000000000013,39.58435772383479,269.7691619433661,273.9318553055537,274.31508121776534,-0.574739921155242,1.337569540528729,0.25452821143237786,
NSE,STOCK,GODREJAGRO,Godrej Agrovet Limited,INE850D01014,,EQ,GODREJAGRO.NS,NO_SIGNAL,NO_SIGNAL,,,,,,,,68.90372997343628,646.0993502899196,619.6052722834182,599.6386033103807,22.41783096986012,13.972667714947264,0.32281561185992835,
NSE,STOCK,GODREJIND,Godrej Industries Limited,INE233A01035,,EQ,GODREJIND.NS,NO_SIGNAL,NO_SIGNAL,,,,,,,,38.78712807995217,1151.5292175728136,1176.952572988668,1208.4923202204814,-35.007880347833634,-28.39218890516282,0.35410732692134944,
NSE,STOCK,GODREJPROP,Godrej Properties Limited,INE484J01027,,EQ,GODREJPROP.NS,NO_SIGNAL,NO_SIGNAL,,,,,,,,46.571963424708684,2000.2698187345704,2017.7365833637352,2026.3330304191313,-10.223659199762096,-2.695404634892695,2.399764650587055,
NSE,STOCK,GODIGIT,Go Digit General Insurance Limited,INE03JT01014,,EQ,GODIGIT.NS,NO_SIGNAL,NO_SIGNAL,,,,,,,,43.42791521502091,258.7581455393071,259.5571014997816,263.51595396819346,-4.12251051408208,-5.293805161732001,0.32803601918449266,
NSE,STOCK,GOKULAGRO,Gokul Agro Resources Limited,INE314T01033,,EQ,GOKULAGRO.NS,NO_SIGNAL,NO_SIGNAL,,,,,,,,45.68319036222309,235.63049699437795,237.83270375051862,234.8873638981485,3.0064436987308056,4.974251864404814,0.3682995005317458,
NSE,STOCK,GOLDIAM,Goldiam International Limited,INE025B01025,,EQ,GOLDIAM.NS,NO_SIGNAL,NO_SIGNAL,,,,,,,,42.44153016568406,345.25390563914647,351.1957464377821,354.7638271244565,-4.157420834911363,-1.4901207870821556,0.4078754980258735,
NSE,STOCK,GOODLUCK,Goodluck India Limited,INE127I01024,,EQ,GOODLUCK.NS,NO_SIGNAL,NO_SIGNAL,,,,,,,,51.33640834426665,466.8179356292516,463.46574100878735,468.41154995010874,-5.06423402251329,-8.270495228235156,0.47571443799077445,
NSE,STOCK,GPTINFRA,GPT Infraprojects Limited,INE390G01014,,EQ,GPTINFRA.NS,NO_SIGNAL,NO_SIGNAL,,,,,,,,44.45128195254859,111.22896751980133,112.24475943187078,114.0598898341073,-1.9638323650735998,-1.9316883461481738,0.7052512525564192,
NSE,STOCK,GRAUWEIL,Grauer & Weil India Limited,INE266D01021,,EQ,GRAUWEIL.NS,NO_SIGNAL,NO_SIGNAL,,,,,,,,50.62196370162728,70.294443580458,69.73226504137925,70.29903531248502,-0.5503640369026215,-1.131309223522207,0.5347795786046797,
NSE,STOCK,GPIL,Godawari Power And Ispat limited,INE177H01039,,EQ,GPIL.NS,NO_SIGNAL,NO_SIGNAL,,,,,,,,45.17903018124704,241.18653583351937,242.50168691792368,244.07257346426397,-1.6681601903616752,-1.6581765103496398,0.4836301643440403,
NSE,STOCK,GRANULES,Granules India Limited,INE101D01020,,EQ,GRANULES.NS,NO_SIGNAL,NO_SIGNAL,,,,,,,,53.87810240275881,840.9426600112897,842.141300332858,844.0734109480801,-2.2530704456290778,-1.2731814054229882,4.258869106249528,
NSE,STOCK,GPPL,Gujarat Pipavav Port Limited,INE517F01014,,EQ,GPPL.NS,NO_SIGNAL,NO_SIGNAL,,,,,,,,51.58864921945924,164.75355973263436,164.15151945324638,161.05643638095103,3.3340811046739134,3.675312050798931,0.4531711740107865,
NSE,STOCK,GRAPHITE,Graphite India Limited,INE371A01025,,EQ,GRAPHITE.NS,NO_SIGNAL,NO_SIGNAL,,,,,,,,60.04753367166072,722.9517597187155,715.3486951624011,705.26555703722,10.749370418963736,11.206104883118039,1.0054565947973473,
NSE,STOCK,GRAVITA,Gravita India Limited,INE024L01027,,EQ,GRAVITA.NS,SIGNAL,SHORT,2026-09-04 00:00:00,1661.5999755859375,1703.1399749755858,1578.5199768066404,41.5399993896483,83.07999877929706,2.000000000000011,34.318501234577695,1721.763391604487,1761.005908668061,1764.5571060478692,-5.424504125308431,12.415374062859716,2.3001466799057884,
NSE,STOCK,GRASIM,Grasim Industries Limited,INE047A01021,,EQ,GRASIM.NS,NO_SIGNAL,NO_SIGNAL,,,,,,,,55.38988711229197,3306.8122582038523,3294.6266375996483,3266.292854835871,30.295015380557288,33.104159980883615,1.7917269987989721,
NSE,STOCK,GREENPANEL,Greenpanel Industries Limited,INE08ZM01014,,EQ,GREENPANEL.NS,NO_SIGNAL,NO_SIGNAL,,,,,,,,31.855829507513747,158.45820305599008,162.24207278130027,169.84179576196527,-8.228034161550795,-8.330840774673351,0.472279535034304,
NSE,STOCK,GREAVESCOT,Greaves Cotton Limited,INE224A01026,,EQ,GREAVESCOT.NS,NO_SIGNAL,NO_SIGNAL,,,,,,,,42.831080824147165,195.27800887842483,196.12312356306998,201.33168195103536,-5.496168402216199,-6.882685957442263,0.4816489205978969,
NSE,STOCK,GRSE,Garden Reach Shipbuilders & Engineers Limited,INE382Z01011,,EQ,GRSE.NS,NO_SIGNAL,NO_SIGNAL,,,,,,,,38.501373790930984,2537.0682424946135,2572.46208596599,2591.3356580801856,-21.285080833279153,-9.994095417224845,0.6214229298156148,
NSE,STOCK,GREENLAM,Greenlam Industries Limited,INE544R01021,,EQ,GREENLAM.NS,NO_SIGNAL,NO_SIGNAL,,,,,,,,43.78678454486696,244.47445494504862,247.3382459801373,249.6367646461335,-2.5886498695226123,-1.6089853824402558,0.16916150767668314,
NSE,STOCK,GROWW,Billionbrains Garage Ventures Limited,INE0HOQ01053,,EQ,GROWW.NS,NO_SIGNAL,NO_SIGNAL,,,,,,,,48.58099728575113,192.17935564924773,193.58594129816464,194.9243815102087,-1.4809456582255223,-1.0856411442454383,0.9277967580200839,
NSE,STOCK,GRMOVER,GRM Overseas Limited,INE192H01020,,EQ,GRMOVER.NS,NO_SIGNAL,NO_SIGNAL,,,,,,,,38.93618980641842,86.22981838279895,87.34918305640313,89.0575808514372,-1.8318991774162896,-1.825177773227046,0.6225074064636281,
NSE,STOCK,GREENPLY,Greenply Industries Limited,INE461C01038,,EQ,GREENPLY.NS,NO_SIGNAL,NO_SIGNAL,,,,,,,,60.95560889139862,294.13706266824,290.829440771798,291.07009985854125,-0.07908904228105484,-1.8797208114465993,3.457332447625374,
NSE,STOCK,GUFICBIO,Gufic Biosciences Limited,INE742B01025,,EQ,GUFICBIO.NS,NO_SIGNAL,NO_SIGNAL,,,,,,,,65.91869054687103,434.14902907437886,424.9703860147815,416.84842400820173,8.864575742814338,7.310315509003325,0.6118374171391229,
NSE,STOCK,GSPCROP,GSP Crop Science Limited,INE713R01022,,EQ,GSPCROP.NS,NO_SIGNAL,NO_SIGNAL,,,,,,,,64.96339251095762,626.4549533971006,618.1001151443659,595.462395574163,24.051796666438122,27.135756280699955,0.5364853547956995,
NSE,STOCK,GUJTHEM,Gujarat Themis Biosyn Limited,INE942C01045,,EQ,GUJTHEM.NS,NO_SIGNAL,NO_SIGNAL,,,,,,,,67.30084954995822,417.7620985367893,403.86805622630675,390.5261206692171,14.952996428828328,10.393119933185012,2.771006196895164,
NSE,STOCK,GSFC,Gujarat State Fertilizers & Chemicals Limited,INE026A01025,,EQ,GSFC.NS,NO_SIGNAL,NO_SIGNAL,,,,,,,,56.78587281100429,160.0492184435208,159.7536448805903,159.88941734034722,-0.13864665937381915,-0.2505717125072821,1.6974968293035164,
NSE,STOCK,GUJALKALI,Gujarat Alkalies and Chemicals Limited,INE186A01019,,EQ,GUJALKALI.NS,NO_SIGNAL,NO_SIGNAL,,,,,,,,61.82955529483771,716.93519219877,707.7507871300585,693.6312434224621,15.259723717709903,14.91845851864418,0.7740310988192867,
NSE,STOCK,GUJENERGY,GUJARAT ENERGY LIMITED,INE844O01030,,EQ,GUJENERGY.NS,NO_SIGNAL,NO_SIGNAL,,,,,,,,45.97309614958672,260.5313513403631,260.9133925783135,267.27791146092517,-6.6744211518765155,-8.352485304216037,1.602191431341976,
NSE,STOCK,GTPL,GTPL Hathway Limited,INE869I01013,,EQ,GTPL.NS,NO_SIGNAL,NO_SIGNAL,,,,,,,,54.95549642199264,56.63562253627134,55.8998092284113,56.54269291044376,-0.6347675457276907,-1.2478150301197168,0.6546354664010219,
NSE,STOCK,GULFPETRO,GP Petroleums Limited,INE586G01017,,BE,GULFPETRO.NS,NO_SIGNAL,NO_SIGNAL,,,,,,,,67.07592761499667,67.29754484734026,65.98124225859826,61.60310969926079,4.661276114189995,5.351178247102516,0.15937381386523206,
NSE,STOCK,GULPOLY,Gulshan Polyols Limited,INE255D01024,,EQ,GULPOLY.NS,NO_SIGNAL,NO_SIGNAL,,,,,,,,42.652577203896605,188.62298750588033,190.63509628121759,191.81463828298746,-1.3418175717551435,-0.664310556119803,0.274647192540556,
NSE,STOCK,GYFTR,Gyftr Limited,INE724A01017,,EQ,GYFTR.NS,INSUFFICIENT_DATA,,,,,,,,,,,,,,,,INSUFFICIENT_DATA_ROWS_40
NSE,STOCK,GVPIL,GE Power India Limited,INE878A01011,,EQ,GVPIL.NS,NO_SIGNAL,NO_SIGNAL,,,,,,,,41.34016647281894,645.8214917453435,664.202113405005,701.5525529991002,-40.276415003365514,-40.90428158780924,0.5579559803970674,
NSE,STOCK,HAL,Hindustan Aeronautics Limited,INE066F01020,,EQ,HAL.NS,NO_SIGNAL,NO_SIGNAL,,,,,,,,53.22247646854031,4821.6322283063455,4852.9973072119665,4824.65529444905,26.754954834631462,60.806508907405984,1.5437081710652505,
NSE,STOCK,GVT&D,GE Vernova T&D India Limited,INE200A01026,,EQ,GVT&D.NS,NO_SIGNAL,NO_SIGNAL,,,,,,,,51.466755594430644,4326.057029451846,4303.200523124719,4326.42052483555,-22.01970717234508,-47.53544854854914,0.6456188002806784,
NSE,STOCK,HAPPSTMNDS,Happiest Minds Technologies Limited,INE419U01012,,EQ,HAPPSTMNDS.NS,NO_SIGNAL,NO_SIGNAL,,,,,,,,34.32735983517519,367.719554978429,389.82173986445355,394.7389218244108,-6.320897165861481,4.172310639477733,0.3470991688347689,
NSE,STOCK,HAPPYFORGE,Happy Forgings Limited,INE330T01021,,EQ,HAPPYFORGE.NS,NO_SIGNAL,NO_SIGNAL,,,,,,,,65.03859824162582,2326.76451864262,2254.0874879778585,2111.276203969105,153.92686592310702,158.0056209465778,0.5419335120264307,
NSE,STOCK,HAVELLS,Havells India Limited,INE176B01034,,EQ,HAVELLS.NS,NO_SIGNAL,NO_SIGNAL,,,,,,,,27.872848561704387,1195.0156080386346,1226.7267050381756,1238.648895788694,-14.344672837284179,-0.19684823913490268,3.5786802638005915,
NSE,STOCK,HBLENGINE,HBL Engineering Limited,INE292B01021,,EQ,HBLENGINE.NS,NO_SIGNAL,NO_SIGNAL,,,,,,,,51.05216470560431,675.4871495628372,678.5544371179574,691.6285370539043,-13.900750360188908,-15.904841620854956,9.002351741797884,
NSE,STOCK,HARIOMPIPE,Hariom Pipe Industries Limited,INE00EV01017,,EQ,HARIOMPIPE.NS,NO_SIGNAL,NO_SIGNAL,,,,,,,,44.37839003423076,349.5968719306074,352.63011496778813,362.8007001376747,-10.916859318557442,-12.000301887879896,0.6941157818464421,
NSE,STOCK,HATSUN,Hatsun Agro Product Limited,INE473B01035,,EQ,HATSUN.NS,NO_SIGNAL,NO_SIGNAL,,,,,,,,71.37373670178958,1164.9498393963106,1111.9636956798722,1049.7571846216572,68.71617344584229,55.49909968398561,0.6390637097733302,
NSE,STOCK,HARSHA,Harsha Engineers International Limited,INE0JUS01029,,EQ,HARSHA.NS,NO_SIGNAL,NO_SIGNAL,,,,,,,,62.67035767406841,448.83431500780443,440.72677612930175,432.48779749531684,9.130026194729226,7.0111920800142755,0.3861490004869076,
NSE,STOCK,HCG,Healthcare Global Enterprises Limited,INE075I01017,,EQ,HCG.NS,NO_SIGNAL,NO_SIGNAL,,,,,,,,50.47347441620027,706.2865627331785,709.4688841264577,702.7391522063896,6.806285042919626,11.177556121695583,1.2926994086943673,
NSE,STOCK,HCLTECH,HCL Technologies Limited,INE860A01027,,EQ,HCLTECH.NS,NO_SIGNAL,NO_SIGNAL,,,,,,,,46.77973963050341,1313.4315076519938,1317.4217389117625,1309.8145371272872,7.396311499262538,13.477482918626533,1.1834601495819097,
NSE,STOCK,HDBFS,HDB Financial Services Limited,INE756I01012,,EQ,HDBFS.NS,NO_SIGNAL,NO_SIGNAL,,,,,,,,46.98982024562952,683.501875265531,684.4288516379102,687.7699948964504,-3.5252843893611043,-4.1770443303409905,0.4983603446134654,
NSE,STOCK,HDFCBANK,HDFC Bank Limited,INE040A01034,,EQ,HDFCBANK.NS,NO_SIGNAL,NO_SIGNAL,,,,,,,,39.75803540010047,710.1919458191428,716.4272170974529,727.2401361180503,-11.622415235922517,-11.854561282127381,0.5417219663464498,
NSE,STOCK,HERITGFOOD,Heritage Foods Limited,INE978A01027,,EQ,HERITGFOOD.NS,NO_SIGNAL,NO_SIGNAL,,,,,,,,60.28809664434773,374.52558981474203,371.44241086756324,364.0892321708184,7.83557977449874,8.865539099668617,1.9060373636756265,
NSE,STOCK,HDFCAMC,HDFC Asset Management Company Limited,INE127D01025,,EQ,HDFCAMC.NS,SIGNAL,SHORT,2026-09-04 00:00:00,2458.300048828125,2519.757550048828,2335.385046386719,61.45750122070285,122.91500244140616,2.0000000000000075,38.583415892158676,2518.2082008042958,2553.051200039748,2566.2585592383175,-15.033576940321382,-4.136751903535922,0.9417099306726426,
NSE,STOCK,HEG,HEG Limited,INE545A01024,,EQ,HEG.NS,NO_SIGNAL,NO_SIGNAL,,,,,,,,61.700754697941875,719.7145605334821,714.6935871925027,695.1623380809734,20.589344281832837,24.83058806544882,1.4478924473699037,
NSE,STOCK,HEIDELBERG,HeidelbergCement India Limited,INE578A01017,,EQ,HEIDELBERG.NS,NO_SIGNAL,NO_SIGNAL,,,,,,,,49.51079032416077,158.58795857213696,158.93503363880183,158.3843500506181,0.5705204346407129,0.8658134786972188,1.9918010530150005,
NSE,STOCK,HDFCLIFE,HDFC Life Insurance Company Limited,INE795G01014,,EQ,HDFCLIFE.NS,NO_SIGNAL,NO_SIGNAL,,,,,,,,50.5456090182741,541.0194816903145,542.72145836161,545.4208407205776,-2.862447916249266,-3.034427251827825,2.2834250987447673,
NSE,STOCK,HEMIPROP,Hemisphere Properties India Limited,INE0AJG01018,,EQ,HEMIPROP.NS,NO_SIGNAL,NO_SIGNAL,,,,,,,,30.801909927790348,127.38995138540733,129.418158381129,131.5770143992051,-2.3755278236701827,-1.9447162524914472,0.7934685891421458,
NSE,STOCK,HEROMOTOCO,Hero MotoCorp Limited,INE158A01026,,EQ,HEROMOTOCO.NS,NO_SIGNAL,NO_SIGNAL,,,,,,,,39.381955218479305,5378.434937958464,5494.090760364588,5493.0286889465615,-6.566538592692268,65.29672219349418,0.9717964130007166,
NSE,STOCK,HFCL,HFCL Limited,INE548A01028,,BE,HFCL.NS,NO_SIGNAL,NO_SIGNAL,,,,,,,,46.814682386806886,231.27551630006656,231.82823121676512,225.86408072011716,6.370343615077019,7.6570060453448345,0.3828203263407572,
NSE,STOCK,HIKAL,Hikal Limited,INE475B01022,,EQ,HIKAL.NS,NO_SIGNAL,NO_SIGNAL,,,,,,,,54.20460988286214,217.38231861071324,213.5837191080093,214.72424202161207,-1.1153828524653875,-2.8224055199875435,3.666166263314727,
NSE,STOCK,HGINFRA,H.G. Infra Engineering Limited,INE926X01010,,EQ,HGINFRA.NS,NO_SIGNAL,NO_SIGNAL,,,,,,,,28.280870279571502,483.84489574499133,497.8853634444279,513.1865540783051,-16.83234484194446,-13.81697060946162,0.09340364548672403,
NSE,STOCK,HIMATSEIDE,Himatsingka Seide Limited,INE049A01027,,EQ,HIMATSEIDE.NS,NO_SIGNAL,NO_SIGNAL,,,,,,,,40.652846227545396,70.67390467859741,71.56859907923453,73.8354984369915,-2.429085903821729,-2.642704900983925,0.7134690180516126,
NSE,STOCK,HINDALCO,Hindalco Industries Limited,INE038A01020,,EQ,HINDALCO.NS,NO_SIGNAL,NO_SIGNAL,,,,,,,,46.029542962712895,1016.9321947407834,1025.9413120337376,1022.4965101265389,3.125174664671249,9.431286136431746,0.3644156029266337,
NSE,STOCK,HEXT,Hexaware Technologies Limited,INE093A01041,,EQ,HEXT.NS,NO_SIGNAL,NO_SIGNAL,,,,,,,,38.753378102751824,543.2690150123802,550.3086060887756,553.3549691302054,-3.5993441709606486,-0.7972047220048031,6.476859413844649,
NSE,STOCK,HINDCOPPER,Hindustan Copper Limited,INE531E01026,,EQ,HINDCOPPER.NS,NO_SIGNAL,NO_SIGNAL,,,,,,,,46.69266957949384,524.4976836734571,532.6761549378747,530.6661836467425,1.6142612803845395,7.2823785501785485,0.2252814118752402,
NSE,STOCK,HEXAGON,Hexagon Nutrition Limited,INE0JUI01012,,BE,HEXAGON.NS,NO_SIGNAL,NO_SIGNAL,,,,,,,,48.634566884205356,66.89630216392801,67.31143494093403,66.85562056248388,0.4641320555374051,0.7695706032962799,1.014318115250213,
NSE,STOCK,HINDPETRO,Hindustan Petroleum Corporation Limited,INE094A01015,,EQ,HINDPETRO.NS,NO_SIGNAL,NO_SIGNAL,,,,,,,,33.30104566822888,360.8748027165769,366.49075703356306,373.50524921958163,-7.66766363112356,-6.828432620019415,0.5959426423582392,
NSE,STOCK,HINDOILEXP,Hindustan Oil Exploration Company Limited,INE345A01011,,EQ,HINDOILEXP.NS,NO_SIGNAL,NO_SIGNAL,,,,,,,,73.10792834617232,175.76979064124333,167.7641558487001,163.91582468315698,4.429050383922771,1.5193682395798789,0.7924342220613557,
NSE,STOCK,HNDFDS,Hindustan Foods Limited,INE254N01026,,EQ,HNDFDS.NS,NO_SIGNAL,NO_SIGNAL,,,,,,,,54.94213732935799,633.2184167194854,629.9873897786972,615.7467296883987,15.221287289786233,17.295747450970367,0.42289535443766385,
NSE,STOCK,HITECH,Hi-Tech Pipes Limited,INE106T01025,,EQ,HITECH.NS,NO_SIGNAL,NO_SIGNAL,,,,,,,,36.922547707381945,77.5752931766863,79.10234160329159,80.7773808076227,-1.8166061727348506,-1.6624799791739893,3.65864885673198,
NSE,STOCK,HLEGLAS,HLE Glascoat Limited,INE461D01028,,EQ,HLEGLAS.NS,NO_SIGNAL,NO_SIGNAL,,,,,,,,44.868253890104555,322.3388996136989,325.6599762120691,343.989457714537,-19.591136501462586,-22.7927565838879,1.7127293916066642,
NSE,STOCK,HINDUNILVR,Hindustan Unilever Limited,INE030A01027,,EQ,HINDUNILVR.NS,NO_SIGNAL,NO_SIGNAL,,,,,,,,36.65320312208638,1978.5831016981265,2002.5590063152654,2033.911210418004,-34.21183984448362,-30.79628587260194,1.8667473566183654,
NSE,STOCK,HINDWAREAP,Hindware Home Innovation Limited,INE05AN01011,,EQ,HINDWAREAP.NS,NO_SIGNAL,NO_SIGNAL,,,,,,,,27.54892198411082,184.948295122648,190.69815595704384,199.37520664439353,-9.398351681654361,-9.03875480502226,0.5262954877904279,
NSE,STOCK,HORIZONIND,Horizon Industrial Parks Limited,INE685T01010,,EQ,HORIZONIND.NS,INSUFFICIENT_DATA,,,,,,,,,,,,,,,,INSUFFICIENT_DATA_ROWS_10
NSE,STOCK,HOMEFIRST,Home First Finance Company India Limited,INE481N01025,,EQ,HOMEFIRST.NS,NO_SIGNAL,NO_SIGNAL,,,,,,,,54.91590650431684,1192.5026402005828,1189.308426691668,1188.092279226162,1.385349888719702,0.2612572458145963,0.9486118566755831,
NSE,STOCK,HINDZINC,Hindustan Zinc Limited,INE267A01025,,EQ,HINDZINC.NS,NO_SIGNAL,NO_SIGNAL,,,,,,,,52.151698460323644,594.4811817360154,592.7081093710242,582.5768462326411,10.850254018688702,12.311176510506764,0.5590612493973884,
NSE,STOCK,HONASA,Honasa Consumer Limited,INE0J5401028,,EQ,HONASA.NS,NO_SIGNAL,NO_SIGNAL,,,,,,,,52.20402292184024,475.6446232847687,476.7874383159102,473.16106165638524,3.71272338250958,5.666263357292572,0.3013185723440223,
NSE,STOCK,HTEL,Hy-Tech Engineers Limited,INE0LEG01024,,BE,HTEL.NS,INSUFFICIENT_DATA,,,,,,,,,,,,,,,,INSUFFICIENT_DATA_ROWS_4
NSE,STOCK,HSCL,Himadri Speciality Chemical Limited,INE019C01026,,EQ,HSCL.NS,NO_SIGNAL,NO_SIGNAL,,,,,,,,41.327352263415634,668.1319758678915,683.1108622542215,701.2189621683176,-20.248262106396623,-15.440234668275494,0.3195854740113026,
NSE,STOCK,HUDCO,Housing & Urban Development Corporation Limited,INE031A01017,,EQ,HUDCO.NS,NO_SIGNAL,NO_SIGNAL,,,,,,,,32.69018442641577,180.79763711237246,183.7975650234078,188.34676419196424,-4.945478908394648,-4.656676981501414,0.502629324372279,
NSE,STOCK,ICICIBANK,ICICI Bank Limited,INE090A01021,,EQ,ICICIBANK.NS,NO_SIGNAL,NO_SIGNAL,,,,,,,,49.3241102718065,1429.1599171569335,1428.6468135467883,1425.5939800022636,3.185104170008799,3.6999771707784905,0.7629244612705472,
NSE,STOCK,ICICIAMC,ICICI Prudential Asset Management Company Limited,INE346A01027,,EQ,ICICIAMC.NS,NO_SIGNAL,NO_SIGNAL,,,,,,,,37.91215157574914,3012.6139349773466,3078.4730085069746,3111.7020607855216,-37.86443785209849,-14.304977651981538,0.42818795533775256,
NSE,STOCK,ICICIGI,ICICI Lombard General Insurance Company Limited,INE765G01017,,EQ,ICICIGI.NS,NO_SIGNAL,NO_SIGNAL,,,,,,,,24.38611629021736,1536.510651927273,1570.5697831616412,1603.97388039922,-36.692681789704466,-29.417363964391424,0.9075313189759558,
NSE,STOCK,HUHTAMAKI,Huhtamaki India Limited,INE275B01026,,EQ,HUHTAMAKI.NS,NO_SIGNAL,NO_SIGNAL,,,,,,,,41.12923279832303,259.03236699869507,264.67801607479754,266.2972856336042,-2.1901871645267192,1.1974933926208076,0.8204790676825365,
NSE,STOCK,HYUNDAI,Hyundai Motor India Limited,INE0V6F01027,,EQ,HYUNDAI.NS,NO_SIGNAL,NO_SIGNAL,,,,,,,,55.19124604503735,2188.6730643316096,2197.631634170218,2174.7838680056225,23.15582926396155,37.18226228208221,0.7618000291053405,
NSE,STOCK,HUBTOWN,Hubtown Limited,INE703H01016,,EQ,HUBTOWN.NS,NO_SIGNAL,NO_SIGNAL,,,,,,,,54.14350571813565,185.91456253592276,186.06813144836326,187.77088969712713,-1.769519893070651,-2.291724047202708,2.5253544228502514,
NSE,STOCK,ICIL,Indo Count Industries Limited,INE483B01026,,EQ,ICIL.NS,NO_SIGNAL,NO_SIGNAL,,,,,,,,53.81318803938848,440.4761093835642,434.06358008160163,425.5807645245734,9.280263397328099,8.11903638168355,0.1469199430692671,
NSE,STOCK,ICICIPRULI,ICICI Prudential Life Insurance Company Limited,INE726G01019,,EQ,ICICIPRULI.NS,NO_SIGNAL,NO_SIGNAL,,,,,,,,43.34650350158887,498.87335300963457,503.25665766968353,504.3912225180096,-1.4137423139487169,0.4868228299606278,0.7714877230554097,
NSE,STOCK,IDFCFIRSTB,IDFC First Bank Limited,INE092T01019,,EQ,IDFCFIRSTB.NS,NO_SIGNAL,NO_SIGNAL,,,,,,,,57.89479878511341,86.08696352363725,85.51171641221521,84.81818232896111,0.7366864321788995,0.757293459251962,1.0973750238277078,
NSE,STOCK,IDBI,IDBI Bank Limited,INE008A01015,,EQ,IDBI.NS,NO_SIGNAL,NO_SIGNAL,,,,,,,,59.677411158693005,91.23281581789607,89.53066792176377,87.49880379761983,2.2527198259276275,1.7558394942020956,0.4095387137991341,
NSE,STOCK,IGCL,Indogulf Cropsciences Limited,INE05J901018,,EQ,IGCL.NS,NO_SIGNAL,NO_SIGNAL,,,,,,,,55.91845557473899,72.6992480699283,72.49651698475269,72.27142054242442,0.22457457113399926,0.28152162237923684,0.8677996848194354,
NSE,STOCK,IGARASHI,Igarashi Motors India Limited,INE188B01013,,EQ,IGARASHI.NS,NO_SIGNAL,NO_SIGNAL,,,,,,,,37.11892144034082,419.4746009066699,428.68518425542106,437.5168404300697,-9.873220571517436,-7.057203692507145,0.33591720953343557,
NSE,STOCK,IFCI,IFCI Limited,INE039A01010,,EQ,IFCI.NS,NO_SIGNAL,NO_SIGNAL,,,,,,,,76.09723669135224,95.47217532585749,89.3491563700482,84.53734685104314,5.38190861634682,3.559551411701923,4.87771290938963,
NSE,STOCK,IGPL,IG Petrochemicals Limited,INE204A01010,,EQ,IGPL.NS,NO_SIGNAL,NO_SIGNAL,,,,,,,,71.81153703918942,540.08606869243,519.0203589371949,499.63124605167417,21.49057923721574,15.78667150098671,0.5668079601838425,
NSE,STOCK,IEX,Indian Energy Exchange Limited,INE022Q01020,,EQ,IEX.NS,NO_SIGNAL,NO_SIGNAL,,,,,,,,33.71800051661394,119.55898487444907,121.30335888825343,122.83473597009404,-1.718937406560599,-1.1544062387675382,4.230021536163281,
NSE,STOCK,IDEAFORGE,Ideaforge Technology Limited,INE349Y01013,,EQ,IDEAFORGE.NS,NO_SIGNAL,NO_SIGNAL,,,,,,,,39.220176137759275,781.4286564561764,796.0857683219202,814.8275771028341,-20.502208662829617,-18.18065173519855,0.414843749067911,
NSE,STOCK,IIFL,IIFL Finance Limited,INE530B01024,,EQ,IIFL.NS,NO_SIGNAL,NO_SIGNAL,,,,,,,,54.912986880014465,643.091145173393,643.1669647655012,629.1791641412432,14.628361963346606,19.289390256039212,1.8919232815994076,
NSE,STOCK,IGIL,International Gemological Institute Limited,INE0Q9301021,,EQ,IGIL.NS,NO_SIGNAL,NO_SIGNAL,,,,,,,,33.89474226464253,329.82171757021774,336.5993590631099,341.37689524521613,-5.352212987004066,-3.3099303138923295,0.7656366880880114,
NSE,STOCK,IKS,Inventurus Knowledge Solutions Limited,INE115Q01022,,EQ,IKS.NS,NO_SIGNAL,NO_SIGNAL,,,,,,,,41.4308404648304,1743.160013079298,1762.336554970397,1778.4596320428795,-18.103246395593487,-11.924175833326547,0.40191938077742767,
NSE,STOCK,IITL,Industrial Investment Trust Limited,INE886A01014,,EQ,IITL.NS,NO_SIGNAL,NO_SIGNAL,,,,,,,,54.09451300556669,153.11270101007483,152.46742747273728,148.6678835135724,4.054034051764461,4.711179437970587,0.7948942461584837,
NSE,STOCK,IGL,Indraprastha Gas Limited,INE203G01027,,EQ,IGL.NS,NO_SIGNAL,NO_SIGNAL,,,,,,,,63.53288044705285,152.01613865726003,150.6609852894422,151.21051476068772,-0.525347604637517,-1.2654879756392585,3.0989075526463457,
NSE,STOCK,IKIO,IKIO Technologies Limited,INE0LOJ01019,,EQ,IKIO.NS,NO_SIGNAL,NO_SIGNAL,,,,,,,,55.57024477092104,206.50465802242175,203.18941740657152,201.29006876016948,2.10180452500947,1.130213690941479,0.2502767496179667,
NSE,STOCK,IIFLCAPS,IIFL Capital Services Limited,INE489L01022,,EQ,IIFLCAPS.NS,NO_SIGNAL,NO_SIGNAL,,,,,,,,54.777673093989925,337.57501804538833,336.40321380775816,336.26316317152845,0.2141912572452611,-0.4070306266828455,0.43099176652203386,
NSE,STOCK,IMFA,Indian Metals & Ferro Alloys Limited,INE919H01018,,EQ,IMFA.NS,NO_SIGNAL,NO_SIGNAL,,,,,,,,31.633102242684856,1309.0614091009224,1351.4700798874514,1377.991284960096,-30.270475677516743,-14.381298898861365,0.8249754888968563,
NSE,STOCK,IMAGICAA,Imagicaaworld Entertainment Limited,INE172N01012,,EQ,IMAGICAA.NS,NO_SIGNAL,NO_SIGNAL,,,,,,,,61.392317317105444,55.010304176513955,53.395957003130626,51.444843631829066,2.155318985519024,1.7379706030183844,0.7369255481075568,
NSE,STOCK,INDHOTEL,The Indian Hotels Company Limited,INE053A01029,,EQ,INDHOTEL.NS,NO_SIGNAL,NO_SIGNAL,,,,,,,,52.71072849656166,726.7649265757566,725.8623609423033,726.438969828765,-0.6444330569935346,-0.8934741749654326,1.3969761226018333,
NSE,STOCK,INDGN,Indegene Limited,INE065X01017,,EQ,INDGN.NS,NO_SIGNAL,NO_SIGNAL,,,,,,,,69.02925034793506,596.296727120532,582.5669712677181,566.6478964718716,17.406177837273617,15.100196681430061,0.4754912475258378,
NSE,STOCK,INA,Insolation Energy Limited,INE0LGX01024,,EQ,INA.NS,NO_SIGNAL,NO_SIGNAL,,,,,,,,27.01576130599807,90.18271485131481,93.24232134014159,98.32286248718063,-5.503825774203563,-5.403777736184969,0.6067766688700581,
NSE,STOCK,INDIAGLYCO,India Glycols Limited,INE560A01023,,BE,INDIAGLYCO.NS,NO_SIGNAL,NO_SIGNAL,,,,,,,,13.069099439932685,645.7463360355304,905.5065115019174,1004.469049846855,-115.05693218044223,-23.115855345612317,0.01727826517197324,
NSE,STOCK,INDIANB,Indian Bank,INE562A01011,,EQ,INDIANB.NS,NO_SIGNAL,NO_SIGNAL,,,,,,,,52.816972122242014,883.3189684999551,881.5756567751105,874.0020651554651,8.004107284578708,9.630909264034068,0.7386326796512901,
NSE,STOCK,INDIACEM,The India Cements Limited,INE383A01012,,EQ,INDIACEM.NS,NO_SIGNAL,NO_SIGNAL,,,,,,,,32.89059926930025,362.15925910745204,368.01366841216867,374.5504722747952,-7.2048848219289425,-5.981226836839561,0.42529895232314885,
NSE,STOCK,INDIASHLTR,India Shelter Finance Corporation Limited,INE922K01024,,EQ,INDIASHLTR.NS,NO_SIGNAL,NO_SIGNAL,,,,,,,,47.232408023123256,656.0420688574177,661.1103702541556,680.0533432195296,-20.157830317201046,-23.185196249387836,0.5955982906282143,
NSE,STOCK,INDIGO,InterGlobe Aviation Limited,INE646L01027,,EQ,INDIGO.NS,NO_SIGNAL,NO_SIGNAL,,,,,,,,37.04954463747993,5036.140786973783,5117.3534194010745,5164.050161207719,-53.71090587863364,-23.108383280248738,0.7614555132381957,
NSE,STOCK,INDIGOPNTS,Indigo Paints Limited,INE09VQ01012,,EQ,INDIGOPNTS.NS,NO_SIGNAL,NO_SIGNAL,,,,,,,,63.130251589296385,1175.8364978485856,1161.998885224627,1141.1348769478273,22.486433237222172,22.26243693531152,0.467273206450015,
NSE,STOCK,INDOMIM,INDO-MIM Limited,INE084101034,,EQ,INDOMIM.NS,INSUFFICIENT_DATA,,,,,,,,,,,,,,,,INSUFFICIENT_DATA_ROWS_27
NSE,STOCK,INDOFARM,Indo Farm Equipment Limited,INE622H01018,,EQ,INDOFARM.NS,NO_SIGNAL,NO_SIGNAL,,,,,,,,34.2613733448873,135.81254348623168,139.03854243814303,143.2172259804349,-4.595327723144976,-3.9991884155568505,0.6153536666635945,
NSE,STOCK,INDOCO,Indoco Remedies Limited,INE873D01024,,EQ,INDOCO.NS,NO_SIGNAL,NO_SIGNAL,,,,,,,,73.0533123630762,258.8992568355979,244.31707702157357,237.17347129483207,8.275211356833353,2.5657075949345947,1.3236492915375888,
NSE,STOCK,INDORAMA,Indo Rama Synthetics (India) Limited,INE156A01020,,EQ,INDORAMA.NS,NO_SIGNAL,NO_SIGNAL,,,,,,,,69.9181514019453,66.71293506965029,63.725778380349745,60.51940830417082,3.510595181780282,2.944440432017159,1.5250627609253433,
NSE,STOCK,INDRAMEDCO,Indraprastha Medical Corporation Limited,INE681B01017,,EQ,INDRAMEDCO.NS,NO_SIGNAL,NO_SIGNAL,,,,,,,,33.854548859414464,355.9040652665582,362.5920179617284,367.1596951201275,-5.126137887639345,-2.9940207072256024,1.4996055683449707,
NSE,STOCK,INDOBORAX,Indo Borax & Chemicals Limited,INE803D01021,,EQ,INDOBORAX.NS,NO_SIGNAL,NO_SIGNAL,,,,,,,,63.54134514213215,507.8954025137325,491.20232032435484,468.079259231796,25.33037602369251,22.4509028862047,0.31073875708762855,
NSE,STOCK,INDUSINDBK,IndusInd Bank Limited,INE095A01012,,EQ,INDUSINDBK.NS,NO_SIGNAL,NO_SIGNAL,,,,,,,,50.966015206842165,1001.4472456327588,1004.3939117046167,1005.8501388551322,-1.8746277340424058,0.24096307222081276,1.1049760541235567,
NSE,STOCK,INDSWFTLAB,Ind-Swift Laboratories Limited,INE915B01019,,EQ,INDSWFTLAB.NS,NO_SIGNAL,NO_SIGNAL,,,,,,,,65.81890488063999,362.4608024869485,347.2612718397357,318.1227743992544,31.50507457969468,31.654501726755463,0.31198099213269836,
NSE,STOCK,INDOSTAR,IndoStar Capital Finance Limited,INE896L01010,,EQ,INDOSTAR.NS,NO_SIGNAL,NO_SIGNAL,,,,,,,,51.77815249029173,256.06444554156803,254.51979697823148,253.55713140582884,1.1339011279550846,0.33372126775816724,0.20074290595472288,
NSE,STOCK,INOXGREEN,Inox Green Energy Services Limited,INE510W01014,,EQ,INOXGREEN.NS,NO_SIGNAL,NO_SIGNAL,,,,,,,,48.55300734506397,170.49288842884138,172.39415479559952,176.25418432625023,-4.192892468579004,-4.065434822477119,1.2669129309867164,
NSE,STOCK,INDUSTOWER,Indus Towers Limited,INE121J01017,,EQ,INDUSTOWER.NS,NO_SIGNAL,NO_SIGNAL,,,,,,,,44.99507738502174,378.07554554604525,379.0137942138827,381.80698536117006,-2.918605968334191,-3.6617245365809565,0.8419363375512602,
NSE,STOCK,INFY,Infosys Limited,INE009A01021,,EQ,INFY.NS,NO_SIGNAL,NO_SIGNAL,,,,,,,,49.04790151691413,1134.4139395256757,1135.9400552758073,1133.8568733947518,1.9482620235519335,4.185838419531097,0.7397959671414902,
NSE,STOCK,INNOVACAP,Innova Captab Limited,INE0DUT01020,,EQ,INNOVACAP.NS,NO_SIGNAL,NO_SIGNAL,,,,,,,,69.17875057944339,1092.4759135348825,1064.9895368518216,1038.0049594922612,29.645333412815717,24.244772381639738,1.4777735267749486,
NSE,STOCK,INFOBEAN,InfoBeans Technologies Limited,INE344S01016,,EQ,INFOBEAN.NS,NO_SIGNAL,NO_SIGNAL,,,,,,,,45.54820572384232,158.21112271867273,158.94978791728084,160.44697292504944,-1.6243508862531826,-1.6507267675305308,0.18362318675096911,
NSE,STOCK,INOXINDIA,INOX India Limited,INE616N01034,,EQ,INOXINDIA.NS,NO_SIGNAL,NO_SIGNAL,,,,,,,,68.76863961807759,2168.0683921971304,2088.104832688081,2027.9707374715676,67.36427319666609,42.07285139236537,2.2917419624284188,
NSE,STOCK,INOXWIND,Inox Wind Limited,INE066P01011,,EQ,INOXWIND.NS,NO_SIGNAL,NO_SIGNAL,,,,,,,,49.38770818445626,72.77205451726893,72.95838611206071,74.45865235018908,-1.589409941457518,-1.8899169408427015,1.4877121033585419,
NSE,STOCK,INTELLECT,Intellect Design Arena Limited,INE306R01017,,EQ,INTELLECT.NS,NO_SIGNAL,NO_SIGNAL,,,,,,,,43.305972685530946,683.5528569408252,687.5307168021513,698.6040215828366,-11.850219044981259,-13.101178148747062,1.642875476581341,
NSE,STOCK,IONEXCHANG,ION Exchange (India) Limited,INE570A01022,,EQ,IONEXCHANG.NS,NO_SIGNAL,NO_SIGNAL,,,,,,,,63.05628401105615,387.2211203059728,380.64368351054014,384.62263783114435,-3.945753538247857,-8.137409437740756,4.439997912899243,
NSE,STOCK,IOC,Indian Oil Corporation Limited,INE242A01010,,EQ,IOC.NS,NO_SIGNAL,NO_SIGNAL,,,,,,,,46.06478924140644,137.57937990027335,137.98196890291155,138.75150245278965,-0.8348096803115936,-0.8333204429104075,0.5456726455878939,
NSE,STOCK,IOLCP,IOL Chemicals and Pharmaceuticals Limited,INE485C01029,,EQ,IOLCP.NS,NO_SIGNAL,NO_SIGNAL,,,,,,,,73.1167153930551,194.16460464851883,185.1255038088538,175.42494013144903,10.701331452157433,8.544604347008892,1.0428060250955224,
NSE,STOCK,IPCALAB,IPCA Laboratories Limited,INE571A01038,,EQ,IPCALAB.NS,NO_SIGNAL,NO_SIGNAL,,,,,,,,63.985066683902446,1959.453930580335,1926.6171331067249,1877.009289494678,54.23420093445452,49.17027491043302,0.4169586552460651,
NSE,STOCK,IRCTC,Indian Railway Catering And Tourism Corporation Limited,INE335Y01020,,EQ,IRCTC.NS,NO_SIGNAL,NO_SIGNAL,,,,,,,,35.785713222473134,477.5363774984578,483.5931987247977,490.22825297160125,-7.321581189771962,-5.888739397483564,0.7713765292656031,
NSE,STOCK,IRFC,Indian Railway Finance Corporation Limited,INE053F01010,,EQ,IRFC.NS,NO_SIGNAL,NO_SIGNAL,,,,,,,,33.55485502776125,83.21008904468283,84.34783225386104,85.81545886065352,-1.604507338694333,-1.404888706603456,1.1402806706856974,
NSE,STOCK,IREDA,Indian Renewable Energy Development Agency Limited,INE202E01016,,EQ,IREDA.NS,NO_SIGNAL,NO_SIGNAL,,,,,,,,38.63277965791607,114.07425714258062,115.4744760810482,117.02434270298728,-1.6878340421464344,-1.485037755778112,0.6364508986198788,
NSE,STOCK,ISFT,Intrasoft Technologies Limited,INE566K01011,,EQ,ISFT.NS,NO_SIGNAL,NO_SIGNAL,,,,,,,,48.14614842959705,89.22569123184857,88.70690823542932,85.93521001300572,3.004306212153594,3.1651963043028277,1.1238069312013907,
NSE,STOCK,IRCON,Ircon International Limited,INE962Y01021,,EQ,IRCON.NS,NO_SIGNAL,NO_SIGNAL,,,,,,,,31.63262642598977,119.62056036624426,121.88773807591423,124.22967951273779,-2.575757984211208,-2.079814031667821,0.8135019288469781,
NSE,STOCK,IRISDOREME,Iris Clothings Limited,INE01GN01025,,EQ,IRISDOREME.NS,NO_SIGNAL,NO_SIGNAL,,,,,,,,72.63884456865895,58.7836093500494,57.950260653694414,55.865538905496635,2.207457514340149,2.5448844234603607,0.8808953778825264,
NSE,STOCK,ITDC,India Tourism Development Corporation Limited,INE353K01014,,EQ,ITDC.NS,NO_SIGNAL,NO_SIGNAL,,,,,,,,37.46036690645753,647.408965652579,663.8020257344652,676.3387725502712,-14.218558409497291,-8.379077619637052,0.16394098522786923,
NSE,STOCK,IRMENERGY,IRM Energy Limited,INE07U701015,,EQ,IRMENERGY.NS,NO_SIGNAL,NO_SIGNAL,,,,,,,,49.99700994908433,282.6662657339138,283.5224482426838,281.61311513039453,1.9037488043339863,3.3096219502057376,0.7632400310119652,
NSE,STOCK,ITCHOTELS,ITC Hotels Limited,INE379A01028,,EQ,ITCHOTELS.NS,NO_SIGNAL,NO_SIGNAL,,,,,,,,43.30297142207436,161.0089783121673,162.6684703772977,164.40935377481378,-1.918719968510004,-1.5265690812318016,1.549855608338568,
NSE,STOCK,ITC,ITC Limited,INE154A01025,,EQ,ITC.NS,NO_SIGNAL,NO_SIGNAL,,,,,,,,40.01187152118033,264.47496116553356,267.38987375279595,271.70690819125934,-4.7132252665857095,-4.330353757166208,0.6752528209777838,
NSE,STOCK,IVALUE,Ivalue Infosolutions Limited,INE056801025,,EQ,IVALUE.NS,NO_SIGNAL,NO_SIGNAL,,,,,,,,24.968521027367274,245.11872971396673,259.53237267479705,268.14874266562936,-9.80386011747504,-4.7197633315082115,0.524325065624656,
NSE,STOCK,ITI,ITI Limited,INE248A01017,,EQ,ITI.NS,NO_SIGNAL,NO_SIGNAL,,,,,,,,31.48833534868787,270.21811000250466,274.0673741359351,277.55376893557,-3.83972115954424,-2.917848303914457,0.35551824768281776,
NSE,STOCK,IZMO,IZMO Limited,INE848A01014,,EQ,IZMO.NS,NO_SIGNAL,NO_SIGNAL,,,,,,,,46.67242489967399,901.9802421441225,895.654436890165,919.5511957450321,-24.99886255271258,-35.02839252459098,0.6088271778063357,
NSE,STOCK,IXIGO,Le Travenues Technology Limited,INE0HV901016,,EQ,IXIGO.NS,NO_SIGNAL,NO_SIGNAL,,,,,,,,37.02809673273361,161.15589273601472,165.9912612913527,173.05410581504177,-7.708926510658927,-7.127545499987786,1.557219119393558,
NSE,STOCK,J&KBANK,The Jammu & Kashmir Bank Limited,INE168A01041,,EQ,J&KBANK.NS,NO_SIGNAL,NO_SIGNAL,,,,,,,,44.629834044378214,148.19499931229387,149.84442150819115,153.39745209696005,-3.821836157527514,-4.053487495801184,1.7076128488071283,
NSE,STOCK,JAGRAN,Jagran Prakashan Limited,INE199G01027,,EQ,JAGRAN.NS,NO_SIGNAL,NO_SIGNAL,,,,,,,,36.2733481448301,61.2372892312896,61.58414524965317,62.15904904793862,-0.6184924128609453,-0.615806859092121,0.7130556837336433,
NSE,STOCK,JAIBALAJI,Jai Balaji Industries Limited,INE091G01026,,EQ,JAIBALAJI.NS,NO_SIGNAL,NO_SIGNAL,,,,,,,,55.76757635009952,70.15085397763994,69.02606875376631,67.70575517182117,1.461618552416084,1.17916399819534,0.2897125221196001,
NSE,STOCK,JAGSNPHARM,Jagsonpal Pharmaceuticals Limited,INE048B01035,,EQ,JAGSNPHARM.NS,NO_SIGNAL,NO_SIGNAL,,,,,,,,59.76461613620088,240.10322797996793,238.0178283290838,235.18325214351017,3.085633660355114,2.8116894482043664,2.814263781477211,
NSE,STOCK,JAINREC,Jain Resource Recycling Limited,INE0YD401026,,EQ,JAINREC.NS,NO_SIGNAL,NO_SIGNAL,,,,,,,,33.29476780299572,280.64839450636146,287.0206537297658,298.1817023549085,-12.032581975557378,-12.170815985171695,0.9428650115672114,
NSE,STOCK,JAICORPLTD,Jai Corp Limited,INE070D01027,,EQ,JAICORPLTD.NS,NO_SIGNAL,NO_SIGNAL,,,,,,,,42.070511102952494,99.20877071086784,100.00518349276268,101.48209179462953,-1.5820525174954412,-1.638137945869817,0.6391346321134301,
NSE,STOCK,JAYNECOIND,Jayaswal Neco Industries Limited,INE854B01010,,EQ,JAYNECOIND.NS,NO_SIGNAL,NO_SIGNAL,,,,,,,,40.7716341767234,95.3567820788813,96.24901694942884,94.7242075216281,1.6028757549242556,2.2645183605656873,7.279587636361667,
NSE,STOCK,JAMNAAUTO,Jamna Auto Industries Limited,INE039C01032,,EQ,JAMNAAUTO.NS,NO_SIGNAL,NO_SIGNAL,,,,,,,,43.3723188490213,121.14052483052072,122.16205112339334,124.86104195010155,-2.9184758337388956,-3.07056823949066,0.4546527843914773,
NSE,STOCK,JAYBARMARU,Jay Bharat Maruti Limited,INE571B01036,,EQ,JAYBARMARU.NS,NO_SIGNAL,NO_SIGNAL,,,,,,,,34.76814413902855,123.45257796331039,126.54740256592619,134.01057981515382,-7.9829046773954815,-8.811791330720455,0.276728521048307,
NSE,STOCK,JAYSREETEA,Jayshree Tea & Industries Limited,INE364A01020,,EQ,JAYSREETEA.NS,NO_SIGNAL,NO_SIGNAL,,,,,,,,59.33435037263186,99.15405043814049,97.85259008434964,94.57780928802198,3.5371421383077575,3.713550217603033,0.435752542593942,
NSE,STOCK,JAYKAY,Jaykay Enterprises Limited,INE903A01025,,EQ,JAYKAY.NS,NO_SIGNAL,NO_SIGNAL,,,,,,,,58.40514485699409,161.9147333833144,156.10358882622,156.14881366341154,0.2754897219279826,-2.9887959847572443,0.379476636269831,
NSE,STOCK,JASH,Jash Engineering Limited,INE039O01029,,EQ,JASH.NS,NO_SIGNAL,NO_SIGNAL,,,,,,,,40.65085716218038,468.1723370166471,475.4053161951888,483.3362870055113,-8.73025204454973,-7.254458062566276,0.6786790689402974,
NSE,STOCK,JBMA,JBM Auto Limited,INE927D01051,,EQ,JBMA.NS,NO_SIGNAL,NO_SIGNAL,,,,,,,,43.57086279382374,629.1569605441208,635.3978094449246,643.0872559268325,-8.287143468662407,-7.934878309541277,0.6881431631229405,
NSE,STOCK,JARO,Jaro Institute of Technology Management and Research Limited,INE00YJ01010,,EQ,JARO.NS,NO_SIGNAL,NO_SIGNAL,,,,,,,,41.020756813094415,452.8124710346316,454.8998167535536,460.4324636795451,-5.71119869757257,-7.414627004481446,0.9634852041506289,
NSE,STOCK,JGCHEM,J.G.Chemicals Limited,INE0MB501011,,EQ,JGCHEM.NS,NO_SIGNAL,NO_SIGNAL,,,,,,,,53.022671588289754,608.9523578092728,607.4957410221083,586.3725326636971,22.103013928880273,28.63592048106149,0.17048240412588866,
NSE,STOCK,JINDALSAW,Jindal Saw Limited,INE324A01032,,EQ,JINDALSAW.NS,NO_SIGNAL,NO_SIGNAL,,,,,,,,65.48159666112696,307.1034451093142,298.55594546497815,287.58872242407875,12.074515912693641,10.152795331078776,0.2826374379250302,
NSE,STOCK,JINDRILL,Jindal Drilling And Industries Limited,INE742C01031,,EQ,JINDRILL.NS,NO_SIGNAL,NO_SIGNAL,,,,,,,,62.811804593295044,644.9836220865845,633.1957601273232,623.2956068751088,10.93010261361303,8.264997600750133,0.5328051591705795,
NSE,STOCK,JKLAKSHMI,JK Lakshmi Cement Limited,INE786A01032,,EQ,JKLAKSHMI.NS,NO_SIGNAL,NO_SIGNAL,,,,,,,,24.251835982333134,521.0511311964655,533.9600826338424,545.6040416845156,-12.886611931675134,-9.543755084129216,3.292340299288469,
NSE,STOCK,JINDALSTEL,JINDAL STEEL LIMITED,INE749A01030,,EQ,JINDALSTEL.NS,NO_SIGNAL,NO_SIGNAL,,,,,,,,59.12033906192202,1160.9282684736218,1152.0390420545284,1133.4548845178429,20.17531692775242,20.083040139142092,1.1352512474628387,
NSE,STOCK,JINDWORLD,Jindal Worldwide Limited,INE247D01039,,EQ,JINDWORLD.NS,NO_SIGNAL,NO_SIGNAL,,,,,,,,83.67079233608922,47.302731134446745,41.82058279730249,39.11274749011712,3.076738281403671,1.2904033340779453,7.595562577390607,
NSE,STOCK,JKTYRE,JK Tyre & Industries Limited,INE573A01042,,EQ,JKTYRE.NS,NO_SIGNAL,NO_SIGNAL,,,,,,,,35.78155877465748,373.3308512915905,378.04480825040486,383.679143184546,-6.164486020056017,-5.459638477770029,0.4127537793570444,
NSE,STOCK,JIOFIN,Jio Financial Services Limited,INE758E01017,,EQ,JIOFIN.NS,NO_SIGNAL,NO_SIGNAL,,,,,,,,44.30310603197898,238.53932376930993,240.92799099765472,243.14317452172685,-2.5234849496330582,-1.5271424934312399,0.9612901800609109,
NSE,STOCK,JKPAPER,JK Paper Limited,INE789E01012,,EQ,JKPAPER.NS,NO_SIGNAL,NO_SIGNAL,,,,,,,,63.51931382497698,400.3927745453241,394.9798941528614,390.00480800294656,5.433029813373082,4.424868008600354,3.7131355302618565,
NSE,STOCK,JLHL,Jupiter Life Line Hospitals Limited,INE682M01020,,EQ,JLHL.NS,NO_SIGNAL,NO_SIGNAL,,,,,,,,36.16375079327272,293.4228154910245,300.8437794677599,305.08772272143364,-4.946748949011521,-1.7856340105066821,0.206963253120941,
NSE,STOCK,JNKINDIA,JNK India Limited,INE0OAF01028,,EQ,JNKINDIA.NS,NO_SIGNAL,NO_SIGNAL,,,,,,,,44.84162527983371,432.73615548048394,439.12471938753976,444.250906822697,-5.57245270135644,-4.459782287997738,0.23833446476104414,
NSE,STOCK,JNPR,Juniper Green Energy Limited,INE05C901015,,EQ,JNPR.NS,INSUFFICIENT_DATA,,,,,,,,,,,,,,,,INSUFFICIENT_DATA_ROWS_21
NSE,STOCK,JMFINANCIL,JM Financial Limited,INE780C01023,,EQ,JMFINANCIL.NS,NO_SIGNAL,NO_SIGNAL,,,,,,,,57.445105585702954,131.29719671913105,129.9532244818459,128.56223523972363,1.5270652112573373,1.2736325304151042,1.6534525915579559,
NSE,STOCK,JSWINFRA,JSW Infrastructure Limited,INE880J01026,,EQ,JSWINFRA.NS,NO_SIGNAL,NO_SIGNAL,,,,,,,,48.64150822857527,334.77624820252447,336.1116502317074,334.60113470557127,1.5049445881166434,2.699576966390875,0.8288176468626172,
NSE,STOCK,JSFB,Jana Small Finance Bank Limited,INE953L01027,,EQ,JSFB.NS,NO_SIGNAL,NO_SIGNAL,,,,,,,,46.41955923124195,535.0540229214264,544.0258688764427,544.7513426603978,-1.4600727468643981,4.422971214384665,0.4397028594695989,
NSE,STOCK,JSLL,Jeena Sikho Lifecare Limited,INE0J5801029,,EQ,JSLL.NS,NO_SIGNAL,NO_SIGNAL,,,,,,,,39.03799998009536,507.1459707157318,513.2117683326051,527.2045399565184,-15.003925763483608,-16.194012955887125,0.91209121318077,
NSE,STOCK,JSL,Jindal Stainless Limited,INE220G01021,,EQ,JSL.NS,NO_SIGNAL,NO_SIGNAL,,,,,,,,58.75460828398917,727.2913219094161,721.8078863155491,721.8486962303992,0.03169655835154117,-1.7327204168692567,2.7190321783465072,
NSE,STOCK,JSWENERGY,JSW Energy Limited,INE121E01018,,EQ,JSWENERGY.NS,NO_SIGNAL,NO_SIGNAL,,,,,,,,45.89434788950805,536.5460876920824,539.6741845971776,545.4422961852512,-6.3120302841313105,-5.791322939989588,1.2985914934869982,
NSE,STOCK,JTEKTINDIA,Jtekt India Limited,INE643A01035,,EQ,JTEKTINDIA.NS,NO_SIGNAL,NO_SIGNAL,,,,,,,,28.86475108156081,122.78130809879211,125.71160295948695,129.07998986812774,-3.712102272313473,-3.0857967554055694,0.6387545394281442,
NSE,STOCK,JSWCEMENT,JSW Cement Limited,INE718I01012,,EQ,JSWCEMENT.NS,NO_SIGNAL,NO_SIGNAL,,,,,,,,37.6134207929601,124.2574060966386,125.55504762124899,127.61388945380172,-2.2356018979073866,-2.1636013814973567,1.0635003324642078,
NSE,STOCK,JUBLINGREA,Jubilant Ingrevia Limited,INE0BY001018,,EQ,JUBLINGREA.NS,NO_SIGNAL,NO_SIGNAL,,,,,,,,39.899601420249795,686.2873296419173,697.0952085774619,706.2996425931193,-10.479788318121336,-6.303685822673486,0.3116145665375041,
NSE,STOCK,JSWSTEEL,JSW Steel Limited,INE019A01038,,EQ,JSWSTEEL.NS,NO_SIGNAL,NO_SIGNAL,,,,,,,,58.35090743782477,1316.563630607944,1311.742431823549,1300.4886112438323,12.116465007986108,12.771383621089948,0.6627945368490029,
NSE,STOCK,JTLIND,JTL INDUSTRIES LIMITED,INE391J01032,,EQ,JTLIND.NS,NO_SIGNAL,NO_SIGNAL,,,,,,,,68.90571151540428,89.75880156279419,85.52373873227546,82.00896656046166,3.9414207893456137,2.5544675717559877,0.7577180926466154,
NSE,STOCK,JUBLPHARMA,Jubilant Pharmova Limited,INE700A01033,,EQ,JUBLPHARMA.NS,NO_SIGNAL,NO_SIGNAL,,,,,,,,54.88653018600739,907.4713978112029,900.1472945928457,909.4777050427556,-9.408100732414141,-16.360456307808544,1.2639901446783837,
NSE,STOCK,JUBLFOOD,Jubilant Foodworks Limited,INE797F01020,,EQ,JUBLFOOD.NS,NO_SIGNAL,NO_SIGNAL,,,,,,,,49.7224511675083,488.60995317083507,492.32664811382244,484.1901075877457,8.311584623961494,13.138958812296059,0.1445113697099809,
NSE,STOCK,JUNIPER,Juniper Hotels Limited,INE696F01016,,EQ,JUNIPER.NS,NO_SIGNAL,NO_SIGNAL,,,,,,,,69.47867168353969,215.95576487528382,211.13816914675962,206.24601510893555,5.438786530340309,4.067742434510338,0.5757928114697646,
NSE,STOCK,JUSTDIAL,Just Dial Limited,INE599M01018,,EQ,JUSTDIAL.NS,NO_SIGNAL,NO_SIGNAL,,,,,,,,55.29974857039867,694.6391038651043,686.11866123523,681.7843371286741,4.734877432959479,2.381772899578059,0.6502643648780991,
NSE,STOCK,JYOTHYLAB,Jyothy Labs Limited,INE668F01031,,EQ,JYOTHYLAB.NS,NO_SIGNAL,NO_SIGNAL,,,,,,,,43.24067838089529,203.5266643354168,205.55307002902686,205.1279866800134,0.3568825562923337,1.48141517996819,2.2428433017089464,
NSE,STOCK,JWL,Jupiter Wagons Limited,INE209L01016,,EQ,JWL.NS,NO_SIGNAL,NO_SIGNAL,,,,,,,,39.17889893167191,242.38626999510095,245.24045793078344,249.0415695097457,-4.163516537263206,-3.6260428827434485,1.4759975843990063,
NSE,STOCK,JYOTICNC,Jyoti CNC Automation Limited,INE980O01024,,EQ,JYOTICNC.NS,NO_SIGNAL,NO_SIGNAL,,,,,,,,62.34904775629493,1000.7623240540362,977.3055039400336,930.8501973628231,50.223390894378895,50.71087895231134,0.7383308863139438,
NSE,STOCK,KABRAEXTRU,Kabra Extrusion Technik Limited,INE900B01029,,EQ,KABRAEXTRU.NS,NO_SIGNAL,NO_SIGNAL,,,,,,,,64.211182346596,576.1736962909844,565.0796248239973,522.7137635430067,45.01777431974347,52.331568154487734,0.33492433585374143,
NSE,STOCK,KAJARIACER,Kajaria Ceramics Limited,INE217B01036,,EQ,KAJARIACER.NS,NO_SIGNAL,NO_SIGNAL,,,,,,,,61.126259423331064,1244.6725218459464,1230.9889459690753,1222.5725616413797,9.369239258038988,5.646421839946564,0.6237020005570364,
NSE,STOCK,KAMATHOTEL,Kamat Hotels (I) Limited,INE967C01018,,EQ,KAMATHOTEL.NS,NO_SIGNAL,NO_SIGNAL,,,,,,,,58.86165688861391,225.68181049993527,217.78545936925445,205.28452241827952,13.721658178348576,12.253219239919227,1.4485857332363388,
NSE,STOCK,KALYANKJIL,Kalyan Jewellers India Limited,INE303R01014,,EQ,KALYANKJIL.NS,NO_SIGNAL,NO_SIGNAL,,,,,,,,53.553467149657315,594.2605309684188,598.3818793325781,589.2364857709413,9.044964980657483,15.641908012254127,1.002106140178277,
NSE,STOCK,KALAMANDIR,Sai Silks (Kalamandir) Limited,INE438K01021,,EQ,KALAMANDIR.NS,NO_SIGNAL,NO_SIGNAL,,,,,,,,43.763351995352345,86.16523165460323,86.46012341055678,87.78604285393837,-1.3787386858888766,-1.7568391641276495,0.43764926482994465,
NSE,STOCK,KANPRPLA,Kanpur Plastipack Limited,INE694E01014,,EQ,KANPRPLA.NS,NO_SIGNAL,NO_SIGNAL,,,,,,,,55.38493103040479,260.1532000504251,258.4885641295474,247.01083855364368,12.221841387183531,14.432756904239703,0.1731102534496698,
NSE,STOCK,KEC,KEC International Limited,INE389H01022,,EQ,KEC.NS,NO_SIGNAL,NO_SIGNAL,,,,,,,,27.285302737129086,413.2206307624776,423.9419256235452,439.1475479528011,-16.48196221459409,-15.704703428520988,1.0295578384161195,
NSE,STOCK,KANSAINER,Kansai Nerolac Paints Limited,INE531A01024,,EQ,KANSAINER.NS,NO_SIGNAL,NO_SIGNAL,,,,,,,,40.52604328189744,195.55680120058307,198.4318778320639,200.88019738742042,-2.7431975902774752,-1.7787542117427746,0.34427130600080735,
NSE,STOCK,KARURVYSYA,Karur Vysya Bank Limited,INE036D01028,,EQ,KARURVYSYA.NS,NO_SIGNAL,NO_SIGNAL,,,,,,,,61.7566576064327,348.08977930794117,344.8547784385536,339.4081875219048,5.849034437245109,5.889926239231132,0.5885804463100973,
NSE,STOCK,KAVDEFENCE,Kavveri Defence & Wireless Technologies Limited,INE641C01019,,EQ,KAVDEFENCE.NS,SIGNAL,LONG,2026-09-04 00:00:00,67.13999938964844,65.46149940490723,70.49699935913087,1.678499984741208,3.3569999694824304,2.0000000000000084,72.95905941196062,59.89190525496955,58.35554615406436,58.22694590649449,0.1969601559885561,-0.4275282109183821,7.840757232507877,
NSE,STOCK,KAYNES,Kaynes Technology India Limited,INE918Z01012,,EQ,KAYNES.NS,NO_SIGNAL,NO_SIGNAL,,,,,,,,45.6124958067683,3622.631347912715,3711.3280896757637,3693.8066331643804,13.381971991845603,68.63959096168135,0.9030859834819058,
NSE,STOCK,KCP,KCP Limited,INE805C01028,,EQ,KCP.NS,NO_SIGNAL,NO_SIGNAL,,,,,,,,55.430871692834145,167.7366158245233,166.1656088009214,164.2907558684642,2.1269971874701525,1.4234839659858944,0.43176095624033334,
NSE,STOCK,KECL,Kirloskar Electric Company Limited,INE134B01017,,EQ,KECL.NS,NO_SIGNAL,NO_SIGNAL,,,,,,,,41.05952644428994,127.70204928638006,130.80872054872407,131.89364025833584,-1.379112876669467,0.3274038115571462,0.2716670800055824,
NSE,STOCK,KFINTECH,Kfin Technologies Limited,INE138Y01010,,EQ,KFINTECH.NS,NO_SIGNAL,NO_SIGNAL,,,,,,,,46.450923698628124,936.2947050487477,945.2743285713719,941.1199056416829,3.8494017359389545,10.170611386210599,0.6987247358569747,
NSE,STOCK,KHAICHEM,Khaitan Chemicals & Fertilizers Limited,INE745B01028,,EQ,KHAICHEM.NS,NO_SIGNAL,NO_SIGNAL,,,,,,,,52.711298287233916,54.91632442497788,54.94370715401307,54.172256828134536,0.8167287728636268,1.0549809204034277,0.2891614777495736,
NSE,STOCK,KIRIINDUS,Kiri Industries Limited,INE415I01015,,EQ,KIRIINDUS.NS,NO_SIGNAL,NO_SIGNAL,,,,,,,,69.27104537147335,542.9191411602524,509.24451720455437,477.24414856245073,35.442812587708545,26.766448410350666,1.3167836828511383,
NSE,STOCK,KIMS,Krishna Institute of Medical Sciences Limited,INE967H01025,,EQ,KIMS.NS,NO_SIGNAL,NO_SIGNAL,,,,,,,,43.42372883008851,762.6637795209577,771.5592137019308,781.8895562745753,-11.469716257349091,-8.927701051775626,0.6106013028798244,
NSE,STOCK,KEI,KEI Industries Limited,INE878B01027,,EQ,KEI.NS,NO_SIGNAL,NO_SIGNAL,,,,,,,,33.877270198100476,5205.458917302165,5389.048906257931,5415.516303802387,-36.89187061860957,50.947880544733536,5.079696596241878,
NSE,STOCK,KIOCL,KIOCL Limited,INE880L01014,,EQ,KIOCL.NS,NO_SIGNAL,NO_SIGNAL,,,,,,,,47.920899838654144,382.0782418566214,383.428164364684,383.1107706994323,0.271689473407946,1.1221181297784515,0.5519422644929058,
NSE,STOCK,KERNEX,Kernex Microsystems (India) Limited,INE202H01019,,EQ,KERNEX.NS,NO_SIGNAL,NO_SIGNAL,,,,,,,,43.75190244238196,1761.6704647347638,1831.8487184268156,1939.9831766853113,-118.74475043616576,-106.33056976829197,1.4334452336558614,
NSE,STOCK,KIRLPNU,Kirloskar Pneumatic Company Limited,INE811A01038,,EQ,KIRLPNU.NS,NO_SIGNAL,NO_SIGNAL,,,,,,,,52.34020175577348,743.2655248847003,740.0511697037891,751.6203818319688,-11.860581971482247,-17.43708050765474,0.6997370071041535,
NSE,STOCK,KMCSHIL,K M C Speciality Hospitals (India) Limited,INE879K01018,,EQ,KMCSHIL.NS,INSUFFICIENT_DATA,,,,,,,,,,,,,,,,INSUFFICIENT_DATA_ROWS_13
NSE,STOCK,KIRLFER,Kirloskar Ferrous Industries Limited,INE884B01025,,EQ,KIRLFER.NS,NO_SIGNAL,NO_SIGNAL,,,,,,,,53.55090683074226,453.2454767304873,449.36897973740855,450.0703109629032,-0.5166770497077664,-3.0528958548107594,1.020259811415872,
NSE,STOCK,KLBRENG-B,Kilburn Engineering Limited,INE338F01015,,EQ,KLBRENG-B.NS,INSUFFICIENT_DATA,,,,,,,,,,,,,,,,INSUFFICIENT_DATA_ROWS_13
NSE,STOCK,KIRLOSENG,Kirloskar Oil Engines Limited,INE146L01010,,EQ,KIRLOSENG.NS,NO_SIGNAL,NO_SIGNAL,,,,,,,,54.67509741101914,2182.759417316041,2145.6534721071075,2148.2625739182586,-0.9366239236101137,-21.338233957035015,0.8000167274990779,
NSE,STOCK,KMEW,Knowledge Marine & Engineering Works Limited,INE0CJD01029,,EQ,KMEW.NS,NO_SIGNAL,NO_SIGNAL,,,,,,,,73.31297666268352,3000.635864372044,2879.052182986088,2749.883939600899,141.49921097128026,118.36505570278791,1.0815155182670413,
NSE,STOCK,KISSHT,OnEMI Technology Solutions Limited,INE12F801023,,EQ,KISSHT.NS,NO_SIGNAL,NO_SIGNAL,,,,,,,,52.345213025445176,305.2338782845675,305.0343138421874,306.27396949919057,-1.325430116071118,-1.700070280154247,0.8654177069020943,
NSE,STOCK,KITEX,Kitex Garments Limited,INE602G01020,,EQ,KITEX.NS,NO_SIGNAL,NO_SIGNAL,,,,,,,,42.45894352676773,126.5929757959151,128.0271806936487,132.40976098665698,-4.668471505255184,-5.299277981436609,1.0276003709983317,
NSE,STOCK,KOLTEPATIL,Kolte - Patil Developers Limited,INE094I01018,,EQ,KOLTEPATIL.NS,NO_SIGNAL,NO_SIGNAL,,,,,,,,53.703639758589524,446.1174857954044,449.76921607979455,442.02739667566595,7.756953096853977,13.328897791844039,0.10670074362143957,
NSE,STOCK,KNACK,Knack Packaging Limited,INE17QZ01016,,EQ,KNACK.NS,INSUFFICIENT_DATA,,,,,,,,,,,,,,,,INSUFFICIENT_DATA_ROWS_42
NSE,STOCK,KNRCON,KNR Constructions Limited,INE634I01029,,EQ,KNRCON.NS,NO_SIGNAL,NO_SIGNAL,,,,,,,,48.350547048163854,121.4100443608337,123.41496474210624,125.552237694576,-2.400801547683173,-1.634870613438935,1.5097125777051479,
NSE,STOCK,KOPRAN,Kopran Limited,INE082A01010,,EQ,KOPRAN.NS,NO_SIGNAL,NO_SIGNAL,,,,,,,,73.36466536451275,223.27415205814654,211.0926888525467,203.45913811750046,8.656345353324696,4.440433365433302,1.9483157688471382,
NSE,STOCK,KPEL,K.P. Energy Limited,INE127T01021,,EQ,KPEL.NS,NO_SIGNAL,NO_SIGNAL,,,,,,,,35.782128692525035,244.7125795725033,251.0012525788135,265.12750982675584,-15.14668747754402,-16.19624726168296,0.8122451099506335,
NSE,STOCK,KPITTECH,KPIT Technologies Limited,INE04I401011,,EQ,KPITTECH.NS,NO_SIGNAL,NO_SIGNAL,,,,,,,,40.45147131459538,583.9410805512158,590.3636566186514,597.0294049129361,-7.2742006111777755,-6.050073784915336,0.8867279375375815,
NSE,STOCK,KOTAKBANK,Kotak Mahindra Bank Limited,INE237A01036,,EQ,KOTAKBANK.NS,NO_SIGNAL,NO_SIGNAL,,,,,,,,66.61940793141571,420.9532515803845,413.1573188126191,405.2006301584284,8.837527873120735,6.60631244496032,0.5098777181400256,
NSE,STOCK,KPIGREEN,KPI Green Energy Limited,INE542W01025,,EQ,KPIGREEN.NS,NO_SIGNAL,NO_SIGNAL,,,,,,,,31.08684371064463,307.01243900140764,314.2283626833348,330.1797682711686,-17.0950672726824,-18.423669201534583,0.3045586957419357,
NSE,STOCK,KPIL,Kalpataru Projects International Limited,INE220B01022,,EQ,KPIL.NS,NO_SIGNAL,NO_SIGNAL,,,,,,,,63.313602458306214,1407.2938621726778,1392.7140330322843,1373.4458091857375,21.092174863544642,18.983540013722035,0.6359404674649912,
NSE,STOCK,KPRMILL,K.P.R. Mill Limited,INE930H01031,,EQ,KPRMILL.NS,NO_SIGNAL,NO_SIGNAL,,,,,,,,61.949788326558235,1162.1520324132762,1143.3305302433416,1126.892181776889,18.386137098909558,12.79696212490283,0.962883699140468,
NSE,STOCK,KRBL,KRBL Limited,INE001B01026,,EQ,KRBL.NS,NO_SIGNAL,NO_SIGNAL,,,,,,,,61.244841463372445,425.7096764986805,418.12658081736896,403.4496953024755,15.977444873648608,15.502942982490826,0.22505425303667248,
NSE,STOCK,KRISHANA,Krishana Phoschem Limited,INE506W01020,,EQ,KRISHANA.NS,NO_SIGNAL,NO_SIGNAL,,,,,,,,52.066387653447265,189.97795467150047,191.14325023363466,185.23263651797782,6.112611794281605,8.733661740862086,0.504035954075865,
NSE,STOCK,KRISHNADEF,Krishna Defence And Allied Industries Limited,INE0J5601015,,EQ,KRISHNADEF.NS,NO_SIGNAL,NO_SIGNAL,,,,,,,,32.54569377633783,1011.1184975113655,1037.3949282854642,1086.410130616594,-52.98850057810432,-53.41015478772256,0.5490079988011681,
NSE,STOCK,KSB,Ksb Limited,INE999A01023,,EQ,KSB.NS,NO_SIGNAL,NO_SIGNAL,,,,,,,,47.162532986915934,808.927015337881,806.8799324822021,817.1489470711895,-10.55019491558096,-15.645716709034561,0.6288811538668568,
NSE,STOCK,KROSS,Kross Limited,INE0O6601022,,EQ,KROSS.NS,NO_SIGNAL,NO_SIGNAL,,,,,,,,55.37414292099572,210.59707812759194,209.5786277051954,206.42266586587115,3.3725236601190716,3.7341358903259976,0.5349876314698818,
NSE,STOCK,KRN,KRN Heat Exchanger and Refrigeration Limited,INE0Q3J01015,,EQ,KRN.NS,NO_SIGNAL,NO_SIGNAL,,,,,,,,65.40399435763356,1544.8026093111778,1512.4950288922157,1447.0397718524657,70.69336346877003,72.66956400410841,1.4382311313993206,
NSE,STOCK,KSCL,Kaveri Seed Company Limited,INE455I01029,,EQ,KSCL.NS,NO_SIGNAL,NO_SIGNAL,,,,,,,,34.10502685473796,751.6788512687966,763.9786485795107,778.9764714493931,-16.165802158713632,-15.364728994238433,0.273258212972691,
NSE,STOCK,KRONOX,Kronox Lab Sciences Limited,INE0ATZ01017,,BE,KRONOX.NS,NO_SIGNAL,NO_SIGNAL,,,,,,,,55.32611334539689,184.54842671164766,181.99997119404009,175.23639488809863,7.273432333814355,7.812046862540589,0.045698839174074,
NSE,STOCK,LALITHAA,Lalithaa Jewellery Mart Limited,INE0K9O01026,,EQ,LALITHAA.NS,INSUFFICIENT_DATA,,,,,,,,,,,,,,,,INSUFFICIENT_DATA_ROWS_10
NSE,STOCK,KTKBANK,The Karnataka Bank Limited,INE614B01018,,EQ,KTKBANK.NS,NO_SIGNAL,NO_SIGNAL,,,,,,,,67.24442967441284,336.06974945241564,330.03605791812157,319.19982273996965,11.672676057395904,11.945343747766549,0.6733686251377673,
NSE,STOCK,KUSUMGAR,Kusumgar Limited,INE0ISX01025,,EQ,KUSUMGAR.NS,INSUFFICIENT_DATA,,,,,,,,,,,,,,,,INSUFFICIENT_DATA_ROWS_38
NSE,STOCK,KUANTUM,Kuantum Papers Limited,INE529I01021,,EQ,KUANTUM.NS,NO_SIGNAL,NO_SIGNAL,,,,,,,,47.49369188291478,73.04377285618006,74.23566651550948,75.84199412638645,-1.7946603939743824,-1.3762732432455143,1.19736781581059,
NSE,STOCK,KSHINTL,KSH International Limited,INE987S01020,,EQ,KSHINTL.NS,NO_SIGNAL,NO_SIGNAL,,,,,,,,71.88729169376344,1013.9791106567352,987.3948251286004,963.5222833229798,25.871456422603615,23.05446850764963,1.1518670831608353,
NSE,STOCK,LASERPOWER,Laser Power & Infra Limited,INE17IR01028,,EQ,LASERPOWER.NS,INSUFFICIENT_DATA,,,,,,,,,,,,,,,,INSUFFICIENT_DATA_ROWS_37
NSE,STOCK,LCL,Lohia Corp Limited,INE0QJW01029,,EQ,LCL.NS,INSUFFICIENT_DATA,,,,,,,,,,,,,,,,INSUFFICIENT_DATA_ROWS_27
NSE,STOCK,LANDMARK,Landmark Cars Limited,INE559R01029,,EQ,LANDMARK.NS,NO_SIGNAL,NO_SIGNAL,,,,,,,,44.39040517588014,503.17477292314135,511.40973242803693,513.3464306183063,-2.6736681687989403,2.060104723255699,0.2897833085178558,
NSE,STOCK,LAXMIINDIA,Laxmi India Finance Limited,INE06WU01026,,EQ,LAXMIINDIA.NS,NO_SIGNAL,NO_SIGNAL,,,,,,,,56.33053839477979,129.02966967361635,128.47677241869735,127.52225588599546,0.9560584188315033,1.3613289878863637,1.3636978787459522,
NSE,STOCK,LAURUSLABS,Laurus Labs Limited,INE947Q01028,,EQ,LAURUSLABS.NS,NO_SIGNAL,NO_SIGNAL,,,,,,,,54.050411867201134,1864.3366672543227,1860.019468795386,1820.0669593211326,41.91041682774062,52.56656226106359,0.3090987106166265,
NSE,STOCK,LALPATHLAB,Dr. Lal Path Labs Ltd.,INE600L01024,,EQ,LALPATHLAB.NS,NO_SIGNAL,NO_SIGNAL,,,,,,,,58.87511686030661,1920.7748059203718,1915.2766556554025,1889.4348697185833,26.960184473254003,34.191370627860394,0.8488821371475974,
NSE,STOCK,LEAPIND,LEAP India Limited,INE00GO01025,,EQ,LEAPIND.NS,INSUFFICIENT_DATA,,,,,,,,,,,,,,,,INSUFFICIENT_DATA_ROWS_16
NSE,STOCK,LAOPALA,La Opala RG Limited,INE059D01020,,EQ,LAOPALA.NS,NO_SIGNAL,NO_SIGNAL,,,,,,,,41.476510898308305,172.95655860554513,175.40648864158277,178.9455423754714,-3.9167302529700123,-3.306217414135485,0.3659567720542629,
NSE,STOCK,LAXMIDENTL,Laxmi Dental Limited,INE0WO601020,,EQ,LAXMIDENTL.NS,NO_SIGNAL,NO_SIGNAL,,,,,,,,44.92148499232934,196.46338737472627,198.01955351854502,202.75110656310846,-5.068611867571519,-5.592793798031035,0.5463914467149101,
NSE,STOCK,LATENTVIEW,Latent View Analytics Limited,INE0I7C01011,,EQ,LATENTVIEW.NS,NO_SIGNAL,NO_SIGNAL,,,,,,,,35.06736102900963,269.6147860286965,274.9229691237507,281.61223974399684,-7.32525961225781,-6.464626879669083,0.670017624723685,
NSE,STOCK,LLOYDSENT,Lloyds Enterprises Limited,INE080I01025,,EQ,LLOYDSENT.NS,NO_SIGNAL,NO_SIGNAL,,,,,,,,38.5407543357722,72.13058621734758,73.96648183965661,75.54625005823195,-1.7819561254867153,-1.1430496234340097,0.5391583665411575,
NSE,STOCK,LICHSGFIN,LIC Housing Finance Limited,INE115A01026,,EQ,LICHSGFIN.NS,NO_SIGNAL,NO_SIGNAL,,,,,,,,69.66216514532101,547.8340910428597,532.6184460886521,526.9363397927997,6.863737874999856,-0.18629735877560227,2.180080148484957,
NSE,STOCK,LEMONTREE,Lemon Tree Hotels Limited,INE970X01018,,EQ,LEMONTREE.NS,NO_SIGNAL,NO_SIGNAL,,,,,,,,32.668754448618756,105.78264497945656,107.10132486524607,108.50522182878804,-1.53641181161683,-1.297847226091215,1.1188185300192799,
NSE,STOCK,LGEINDIA,LG Electronics India Limited,INE324D01010,,EQ,LGEINDIA.NS,NO_SIGNAL,NO_SIGNAL,,,,,,,,51.41200036253059,1658.9603440098385,1657.0921707457064,1634.5171967071672,24.048182894358888,28.723870507963962,0.3575318361133216,
NSE,STOCK,LENSKART,Lenskart Solutions Limited,INE956O01016,,EQ,LENSKART.NS,NO_SIGNAL,NO_SIGNAL,,,,,,,,75.58863422700344,663.5500225830633,647.8381097954051,623.6086032235656,26.262292690665163,25.400026482313237,0.3686805389108421,
NSE,STOCK,LICI,Life Insurance Corporation Of India,INE0J1Y01017,,EQ,LICI.NS,NO_SIGNAL,NO_SIGNAL,,,,,,,,49.719614926066015,414.93972255235343,415.2096855098686,415.6408962035885,-0.41651933943938957,-0.6591126606419982,0.4248493213156717,
NSE,STOCK,LLOYDSENGG,LLOYDS ENGINEERING WORKS LIMITED,INE093R01011,,EQ,LLOYDSENGG.NS,NO_SIGNAL,NO_SIGNAL,,,,,,,,41.68194522580442,84.78313730488307,86.71926716667784,87.9753417757846,-1.4553303661727028,-0.6145539981702479,0.6663749506723103,
NSE,STOCK,LLOYDSME,Lloyds Metals And Energy Limited,INE281B01032,,EQ,LLOYDSME.NS,NO_SIGNAL,NO_SIGNAL,,,,,,,,45.641349469365636,1822.992182048898,1848.1961068394307,1877.1194048865275,-32.70144878987185,-22.645990012100235,0.6412934867836804,
NSE,STOCK,LODHA,Lodha Developers Limited,INE670K01029,,EQ,LODHA.NS,NO_SIGNAL,NO_SIGNAL,,,,,,,,50.6730884072268,1223.4260761240043,1229.6075202038687,1219.8517617380774,9.530029786332307,17.631778444104807,0.7330051301949528,
NSE,STOCK,LTF,L&T Finance Limited,INE498L01015,,EQ,LTF.NS,NO_SIGNAL,NO_SIGNAL,,,,,,,,51.85171237902523,315.4568800099776,316.02512489357616,314.77940218684125,1.2618481903274414,2.009997102876519,0.6834021786686995,
NSE,STOCK,LOTUSDEV,Sri Lotus Developers and Realty Limited,INE0V9Q01010,,BE,LOTUSDEV.NS,NO_SIGNAL,NO_SIGNAL,,,,,,,,58.14420637736174,181.26883274227964,179.31972239255032,176.29119310956045,3.2292525890136403,3.2641156569524057,0.399071551286598,
NSE,STOCK,LT,Larsen & Toubro Limited,INE018A01030,,EQ,LT.NS,NO_SIGNAL,NO_SIGNAL,,,,,,,,43.62375540795297,3999.6588315925255,4024.594165349252,4019.2808649874423,4.384886107030525,19.431849168592674,0.7336874358693801,
NSE,STOCK,LTFOODS,LT Foods Limited,INE818H01020,,EQ,LTFOODS.NS,NO_SIGNAL,NO_SIGNAL,,,,,,,,59.417447877603685,441.8095731526161,437.63263958695177,427.3481417523629,11.027135070611848,11.928269452839995,0.16518896741110986,
NSE,STOCK,LTM,LTM Limited,INE214T01019,,EQ,LTM.NS,NO_SIGNAL,NO_SIGNAL,,,,,,,,52.81354630061152,4566.945624412589,4565.191239018953,4513.076584812141,53.25506554806998,76.23635197294718,0.6626116993725267,
NSE,STOCK,LUMINO,Lumino Industries Limited,INE185Q01025,,EQ,LUMINO.NS,INSUFFICIENT_DATA,,,,,,,,,,,,,,,,INSUFFICIENT_DATA_ROWS_2
NSE,STOCK,LTTS,L&T Technology Services Limited,INE010V01017,,EQ,LTTS.NS,NO_SIGNAL,NO_SIGNAL,,,,,,,,46.38605699814885,3522.36420687403,3541.9559311036874,3528.6406934507595,12.64200794975386,28.410417103626514,0.49825252119660624,
NSE,STOCK,LUPIN,Lupin Limited,INE326A01037,,EQ,LUPIN.NS,NO_SIGNAL,NO_SIGNAL,,,,,,,,25.761913814954553,2140.02441740669,2177.618932407692,2231.63055017783,-58.7502533922634,-55.48403529784812,0.9310529032493372,
NSE,STOCK,LUMAXTECH,Lumax Auto Technologies Limited,INE872H01027,,EQ,LUMAXTECH.NS,NO_SIGNAL,NO_SIGNAL,,,,,,,,59.46966011674852,2000.9583407160385,1974.6274941373813,1893.9803770059852,85.91428247644717,98.41037904784216,0.23645814184837863,
NSE,STOCK,M&M,Mahindra & Mahindra Limited,INE101A01026,,EQ,M&M.NS,NO_SIGNAL,NO_SIGNAL,,,,,,,,31.85582327185648,3231.4717991087678,3307.712786532815,3322.7508645446815,-20.204251490974002,18.183489359296868,0.9704109495727294,
NSE,STOCK,M&MFIN,Mahindra & Mahindra Financial Services Limited,INE774D01024,,EQ,M&MFIN.NS,NO_SIGNAL,NO_SIGNAL,,,,,,,,49.72182337310985,373.4441995145121,378.04360585814356,376.8837020174237,0.7714257104262856,4.665774819574504,0.9328113719491349,
NSE,STOCK,LXCHEM,Laxmi Organic Industries Limited,INE576O01020,,EQ,LXCHEM.NS,NO_SIGNAL,NO_SIGNAL,,,,,,,,53.249852310936596,170.87584632930418,171.6311568575693,172.76722201376083,-1.3115833576502496,-0.8308462476231502,2.4038933994360616,
NSE,STOCK,MADRASFERT,Madras Fertilizers Limited,INE414A01015,,EQ,MADRASFERT.NS,NO_SIGNAL,NO_SIGNAL,,,,,,,,44.121204055301455,65.40127923364778,66.00602584253986,66.36071845719538,-0.38974543135800843,-0.25638647934788994,0.275870559563634,
NSE,STOCK,MAHLIFE,Mahindra Lifespace Developers Limited,INE813A01018,,EQ,MAHLIFE.NS,NO_SIGNAL,NO_SIGNAL,,,,,,,,38.738086689776246,363.21119046156196,369.3783376678507,373.21134709847473,-4.44180801704556,-1.8121288443420547,0.6419397224617347,
NSE,STOCK,MAHABANK,Bank of Maharashtra,INE457A01014,,EQ,MAHABANK.NS,NO_SIGNAL,NO_SIGNAL,,,,,,,,62.09731499647908,84.59275532942847,83.20426237686486,82.3260976715789,1.0061283407352448,0.48659113620797256,0.842544184905211,
NSE,STOCK,MANAKCOAT,Manaksia Coated Metals & Industries Limited,INE830Q01018,,EQ,MANAKCOAT.NS,NO_SIGNAL,NO_SIGNAL,,,,,,,,48.31960932843993,121.49274736028475,121.95892341029445,121.42468350095938,0.5422631875615451,0.9073790106842419,0.15106229289398326,
NSE,STOCK,MAHLOG,Mahindra Logistics Limited,INE766P01016,,EQ,MAHLOG.NS,NO_SIGNAL,NO_SIGNAL,,,,,,,,51.53978312016366,394.9696348901244,397.44035043472195,398.7650870368542,-1.6557988477106846,-0.005551816893969275,0.6465132497369452,
NSE,STOCK,MANAKSTEEL,Manaksia Steels Limited,INE824Q01011,,EQ,MANAKSTEEL.NS,NO_SIGNAL,NO_SIGNAL,,,,,,,,83.83458550654065,104.64224535867132,96.13589191605992,89.54632761610583,7.339976737358626,4.960832843312593,3.0404238289297263,
NSE,STOCK,MAHSEAMLES,Maharashtra Seamless Limited,INE271B01025,,EQ,MAHSEAMLES.NS,NO_SIGNAL,NO_SIGNAL,,,,,,,,72.29779807145358,665.7300550623661,648.2512078791631,630.8803333208693,19.240365617427642,14.911981102420926,3.436013769191674,
NSE,STOCK,MANALIPETC,Manali Petrochemicals Limited,INE201A01024,,EQ,MANALIPETC.NS,NO_SIGNAL,NO_SIGNAL,,,,,,,,69.19472856765779,84.43579768904439,79.19041228951934,74.70946543314577,4.982468831843818,3.5362149252497734,0.6033945105210947,
NSE,STOCK,MANINDS,Man Industries (India) Limited,INE993A01026,,EQ,MANINDS.NS,NO_SIGNAL,NO_SIGNAL,,,,,,,,76.39217283874447,762.736538267688,721.2423838787167,670.430424661407,55.89835576671089,47.319989312859704,0.9695802876079163,
NSE,STOCK,MANIPALHOS,Manipal Health Enterprises Limited,INE459N01021,,EQ,MANIPALHOS.NS,INSUFFICIENT_DATA,,,,,,,,,,,,,,,,INSUFFICIENT_DATA_ROWS_23
NSE,STOCK,MANCREDIT,Mangal Credit and Fincorp Limited,INE545L01039,,EQ,MANCREDIT.NS,NO_SIGNAL,NO_SIGNAL,,,,,,,,49.75447528923946,231.78501291790784,231.61737066156655,231.822682199429,-0.23571235411154134,-0.3302954781492195,0.1924486844143508,
NSE,STOCK,MANAPPURAM,Manappuram Finance Limited,INE522D01027,,EQ,MANAPPURAM.NS,NO_SIGNAL,NO_SIGNAL,,,,,,,,42.575793707100864,341.849955947202,346.92104455881855,348.80346744135204,-2.318896145097824,0.1957346482648573,0.3154806150153193,
NSE,STOCK,MANINFRA,Man Infraconstruction Limited,INE949H01023,,EQ,MANINFRA.NS,NO_SIGNAL,NO_SIGNAL,,,,,,,,71.92763593369077,123.27720672988514,118.72191537359242,114.14443366480921,5.073743087709232,3.864052401287096,0.6199350205805148,
NSE,STOCK,MANGLMCEM,Mangalam Cement Limited,INE347A01017,,EQ,MANGLMCEM.NS,NO_SIGNAL,NO_SIGNAL,,,,,,,,77.79256503314424,1081.4164777913102,1039.8292645125528,1002.2271213157201,42.01629026396472,28.762160595606844,0.7594527103695078,
NSE,STOCK,MANOMAY,Manomay Tex India Limited,INE784W01015,,EQ,MANOMAY.NS,NO_SIGNAL,NO_SIGNAL,,,,,,,,73.81853824094043,228.051388397931,223.2300807150081,217.34469378472272,6.368539263002958,5.91823953696715,2.6286321781462054,
NSE,STOCK,MANKIND,Mankind Pharma Limited,INE634S01028,,EQ,MANKIND.NS,NO_SIGNAL,NO_SIGNAL,,,,,,,,38.55632376167861,2363.5432958207393,2383.4323851301556,2408.93812660086,-27.69293834132577,-26.27360293040094,0.3594762747097901,
NSE,STOCK,MAPMYINDIA,C.E. Info Systems Limited,INE0BV301023,,EQ,MAPMYINDIA.NS,NO_SIGNAL,NO_SIGNAL,,,,,,,,43.7232602715917,979.2003544711504,989.6891291555459,1005.3373224952365,-17.207993186746876,-15.986897282585053,0.31273316802901463,
NSE,STOCK,MARATHON,Marathon Nextgen Realty Limited,INE182D01020,,EQ,MARATHON.NS,NO_SIGNAL,NO_SIGNAL,,,,,,,,63.02634108542505,428.02085670110336,411.23402405602644,400.73058488908777,12.08026396572319,5.175863609432623,1.1487873832137312,
NSE,STOCK,MANYAVAR,Vedant Fashions Limited,INE825V01034,,EQ,MANYAVAR.NS,NO_SIGNAL,NO_SIGNAL,,,,,,,,82.81407948447269,566.4797812201141,548.9025614676596,523.1471872463289,27.731020172271542,27.836443759251484,1.2189915355907237,
NSE,STOCK,MANORAMA,Manorama Industries Limited,INE00VM01036,,EQ,MANORAMA.NS,NO_SIGNAL,NO_SIGNAL,,,,,,,,67.98176130284213,1925.218066304973,1883.007602830968,1817.394186483228,70.8704171312977,70.90458844730539,0.4951833301086065,
NSE,STOCK,MARINE,Marine Electricals (India) Limited,INE01JE01028,,EQ,MARINE.NS,NO_SIGNAL,NO_SIGNAL,,,,,,,,79.3810671552525,423.49145949049876,400.46355787351047,370.36861293642045,32.76539072550975,29.950444186106495,0.68589465080997,
NSE,STOCK,MARICO,Marico Limited,INE196A01026,,EQ,MARICO.NS,NO_SIGNAL,NO_SIGNAL,,,,,,,,36.61099018378579,825.4208301335419,834.6630507841164,842.1266691793362,-8.419457493680625,-5.319248643338015,0.6736700829673011,
NSE,STOCK,MARKOLINES,Markolines Pavement Technologies Limited,INE0FW001016,,EQ,MARKOLINES.NS,NO_SIGNAL,NO_SIGNAL,,,,,,,,44.64603226148821,172.4121642245012,172.87213369713328,173.46151929137258,-0.6588070523874308,-0.5367602814582229,1.3320127900269965,
NSE,STOCK,MARSONS,Marsons Limited,INE415B01044,,EQ,MARSONS.NS,NO_SIGNAL,NO_SIGNAL,,,,,,,,71.35591172628824,129.2882525452389,123.71519574114478,118.94060115177055,5.367047556134608,3.53481302586847,3.570267486740167,
NSE,STOCK,MARUTI,Maruti Suzuki India Limited,INE585B01010,,EQ,MARUTI.NS,NO_SIGNAL,NO_SIGNAL,,,,,,,,26.446642196438432,12940.962368510682,13260.24624671541,13482.416422495533,-251.018731171951,-143.40003502204007,1.0034058071265466,
NSE,STOCK,MARKSANS,Marksans Pharma Limited,INE750C01026,,EQ,MARKSANS.NS,NO_SIGNAL,NO_SIGNAL,,,,,,,,61.22594230378672,328.0110302047466,322.8813286736361,310.3185762183756,13.46497357738798,14.66856626377811,0.25942868827754356,
NSE,STOCK,MASFIN,MAS Financial Services Limited,INE348L01012,,EQ,MASFIN.NS,NO_SIGNAL,NO_SIGNAL,,,,,,,,40.11346596493487,296.75019798524636,299.0450429344067,302.55497563468083,-3.7958561878648425,-3.77412607557545,1.8387567581265107,
NSE,STOCK,MASTERTR,Master Trust Limited,INE677D01037,,EQ,MASTERTR.NS,NO_SIGNAL,NO_SIGNAL,,,,,,,,47.91194473229613,81.58462025322821,81.70091022079995,81.70576483384052,0.007354660400096691,-0.062271128256697166,0.5422209807042971,
NSE,STOCK,MASTEK,Mastek Limited,INE759A01021,,EQ,MASTEK.NS,NO_SIGNAL,NO_SIGNAL,,,,,,,,51.31961975270904,1772.5703902014186,1759.3146921509053,1757.0395803172528,2.6199906715273755,-2.1454604743267263,0.21809160566523217,
NSE,STOCK,MATRIMONY,Matrimony.Com Limited,INE866R01028,,EQ,MATRIMONY.NS,NO_SIGNAL,NO_SIGNAL,,,,,,,,63.35702329450537,521.590061393746,519.3999601126204,504.48564395595173,15.630440898304812,20.17115019677287,0.09095986595388175,
NSE,STOCK,MAWANASUG,Mawana Sugars Limited,INE636A01039,,EQ,MAWANASUG.NS,NO_SIGNAL,NO_SIGNAL,,,,,,,,63.17564148040766,145.70168238605004,141.47415030259936,133.5398070962371,8.61191683449266,8.473752292797235,0.252810085129333,
NSE,STOCK,MAXHEALTH,Max Healthcare Institute Limited,INE027H01010,,EQ,MAXHEALTH.NS,NO_SIGNAL,NO_SIGNAL,,,,,,,,37.367224166322366,997.1572273131084,1007.665990537814,1024.3888524918425,-18.037387932543083,-18.369987791132154,0.5901641151482656,
NSE,STOCK,MAXESTATES,Max Estates Limited,INE03EI01018,,EQ,MAXESTATES.NS,NO_SIGNAL,NO_SIGNAL,,,,,,,,64.133920741812,524.6445407819587,512.2559288912324,486.16694003916206,28.40109598491273,28.033378725609726,0.4172936873968453,
NSE,STOCK,MAZDOCK,Mazagon Dock Shipbuilders Limited,INE249Z01020,,EQ,MAZDOCK.NS,NO_SIGNAL,NO_SIGNAL,,,,,,,,45.57263220654127,2487.3091503559335,2513.5859782812263,2505.28263937066,7.307985147069758,25.054651346621647,0.9634838412325886,
NSE,STOCK,MAXIND,Max India Limited,INE0CG601016,,EQ,MAXIND.NS,NO_SIGNAL,NO_SIGNAL,,,,,,,,44.98843312032192,150.61307895956787,152.31407406381015,156.01320312102752,-4.021813122508291,-4.031622542974704,0.650307589238838,
NSE,STOCK,MBAPL,Madhya Bharat Agro Products Limited,INE900L01028,,EQ,MBAPL.NS,NO_SIGNAL,NO_SIGNAL,,,,,,,,54.40210813630853,161.70243627167537,162.82934001841141,159.8026328630565,3.0406209508975053,4.975604569372779,1.9455793241722688,
NSE,STOCK,MCX,Multi Commodity Exchange of India Limited,INE745G01043,,EQ,MCX.NS,NO_SIGNAL,NO_SIGNAL,,,,,,,,60.569604229058214,3264.83082987701,3212.9417726676243,3097.77450249567,125.15133076698476,124.92183935899591,0.8698396562606757,
NSE,STOCK,MBEL,M & B Engineering Limited,INE08N601015,,EQ,MBEL.NS,NO_SIGNAL,NO_SIGNAL,,,,,,,,46.029447425036274,270.6095073020465,272.9022615060485,279.0248422766007,-6.542715360516013,-7.231431247233467,0.7436502253122205,
NSE,STOCK,MEDIASSIST,Medi Assist Healthcare Services Limited,INE456Z01021,,EQ,MEDIASSIST.NS,NO_SIGNAL,NO_SIGNAL,,,,,,,,47.04994260055041,339.96835602040125,343.13944996585656,347.30311705109403,-4.587756927721273,-3.786560418554979,1.1315860160176723,
NSE,STOCK,MEDPLUS,Medplus Health Services Limited,INE804L01022,,EQ,MEDPLUS.NS,NO_SIGNAL,NO_SIGNAL,,,,,,,,37.335902707687666,667.4319557352708,673.5879771381251,689.0475317130945,-16.22026377955001,-19.49185921409039,0.9564425652520518,
NSE,STOCK,MEIL,Mangal Electrical Industries Limited,INE0PKD01011,,EQ,MEIL.NS,NO_SIGNAL,NO_SIGNAL,,,,,,,,51.44038037392421,284.7603376216481,282.91043341461784,282.9868639502847,0.14280559568777562,-1.6359924344081445,0.9035301508849322,
NSE,STOCK,MEESHO,Meesho Limited,INE0VDM01015,,EQ,MEESHO.NS,NO_SIGNAL,NO_SIGNAL,,,,,,,,63.46443534110678,208.65682593285368,205.52433410931408,200.49637299025568,5.464500277657976,5.212365573595036,1.5516151667007296,
NSE,STOCK,METROPOLIS,Metropolis Healthcare Limited,INE112L01020,,EQ,METROPOLIS.NS,NO_SIGNAL,NO_SIGNAL,,,,,,,,61.831187899535266,583.9569326853895,575.4173148318457,570.543448637502,5.555977724300533,2.329111427163831,0.45410024837262786,
NSE,STOCK,MEDANTA,Global Health Limited,INE474Q01031,,EQ,MEDANTA.NS,NO_SIGNAL,NO_SIGNAL,,,,,,,,56.88390968081362,1452.6333409434264,1446.196569112917,1429.563349492057,17.695212911717363,19.604370968253576,1.6269831654633427,
NSE,STOCK,MILKYMIST,Milky Mist Dairy Food Limited,INE00IT01020,,EQ,MILKYMIST.NS,INSUFFICIENT_DATA,,,,,,,,,,,,,,,,INSUFFICIENT_DATA_ROWS_14
NSE,STOCK,MFSL,Max Financial Services Limited,INE180A01020,,EQ,MFSL.NS,NO_SIGNAL,NO_SIGNAL,,,,,,,,49.40916722127173,1543.0845295413847,1550.4712649743483,1551.260648342011,-0.9996485467211187,1.9719621598597743,0.7569159812865986,
NSE,STOCK,MGL,Mahanagar Gas Limited,INE002S01010,,EQ,MGL.NS,NO_SIGNAL,NO_SIGNAL,,,,,,,,48.22812943497627,1082.4616117889545,1093.1959234667365,1102.7062798404647,-10.704942042074663,-6.668166961422257,1.0620291734078338,
NSE,STOCK,MMP,MMP Industries Limited,INE511Y01018,,EQ,MMP.NS,NO_SIGNAL,NO_SIGNAL,,,,,,,,67.01944237820575,391.8308232406626,384.6178613592488,363.5205808782974,22.604754108797408,24.94711694190857,0.3246079385009859,
NSE,STOCK,MOBIKWIK,One Mobikwik Systems Limited,INE0HLU01028,,EQ,MOBIKWIK.NS,NO_SIGNAL,NO_SIGNAL,,,,,,,,43.580108985479214,190.43046590434977,193.04098975354287,196.75687947101758,-4.0840119254179115,-3.5642577367263697,0.45639196613862315,
NSE,STOCK,MIDHANI,Mishra Dhatu Nigam Limited,INE099Z01011,,EQ,MIDHANI.NS,NO_SIGNAL,NO_SIGNAL,,,,,,,,50.03676681567072,417.3897490227622,418.61650609180174,418.7326898439107,-0.21112378811113786,0.6783480304054168,0.31945127581637556,
NSE,STOCK,MINDACORP,Minda Corporation Limited,INE842C01021,,EQ,MINDACORP.NS,NO_SIGNAL,NO_SIGNAL,,,,,,,,48.29691766072932,708.1846960308246,711.9970814180571,710.8573339051688,0.8403153451416756,4.1831053349524785,0.21203878349274372,
NSE,STOCK,MOLBIO,Molbio Diagnostics Limited,INE869T01028,,EQ,MOLBIO.NS,INSUFFICIENT_DATA,,,,,,,,,,,,,,,,INSUFFICIENT_DATA_ROWS_15
NSE,STOCK,MMTC,MMTC Limited,INE123F01029,,EQ,MMTC.NS,NO_SIGNAL,NO_SIGNAL,,,,,,,,52.781055591302554,63.09124828930978,63.299598011853284,63.61442083137574,-0.34166459973703667,-0.29617190006360283,2.2264257930406943,
NSE,STOCK,MMFL,MM Forgings Limited,INE227C01017,,EQ,MMFL.NS,NO_SIGNAL,NO_SIGNAL,,,,,,,,57.31436080375517,645.0451022310193,638.5877723536215,618.500333488524,21.248738682778708,24.96155986318339,0.38128203628664964,
NSE,STOCK,MOL,Meghmani Organics Limited,INE0CT101020,,EQ,MOL.NS,NO_SIGNAL,NO_SIGNAL,,,,,,,,67.26322922690733,65.6542228869429,63.46703176958728,60.732349921220184,2.973705807897332,2.7174429910554894,0.5232029696732736,
NSE,STOCK,MOIL,MOIL Limited,INE490G01020,,EQ,MOIL.NS,NO_SIGNAL,NO_SIGNAL,,,,,,,,37.094748843083835,252.15358359553775,257.0379919741681,263.05103286029754,-6.601546745567418,-5.6538117069867875,0.5369356633138475,
NSE,STOCK,MOREPENLAB,Morepen Laboratories Limited,INE083A01026,,EQ,MOREPENLAB.NS,NO_SIGNAL,NO_SIGNAL,,,,,,,,75.2529212448863,110.91373090082237,102.37758016326427,91.7367228405611,11.62255708494564,10.318256720985943,0.6525434559023696,
NSE,STOCK,MONARCH,Monarch Networth Capital Limited,INE903D01011,,EQ,MONARCH.NS,NO_SIGNAL,NO_SIGNAL,,,,,,,,52.08219121332439,377.8500051506819,379.8622380289478,379.05002618510264,0.640734254658355,2.555770463434815,1.6783702931268467,
NSE,STOCK,MODISONLTD,MODISON LIMITED,INE737D01021,,EQ,MODISONLTD.NS,NO_SIGNAL,NO_SIGNAL,,,,,,,,76.1746723223315,479.5472067725711,432.70598406342384,388.94206348543554,48.598780669059124,36.06244334145439,2.2837571930977556,
NSE,STOCK,MOSCHIP,Moschip Technologies Limited,INE935B01025,,EQ,MOSCHIP.NS,NO_SIGNAL,NO_SIGNAL,,,,,,,,49.117035279590745,213.65487354804964,212.50122969274588,212.8280837715156,-0.22479907062614757,-1.329645994142425,0.5692217173347742,
NSE,STOCK,MOTHERSON,Samvardhana Motherson International Limited,INE775A01035,,EQ,MOTHERSON.NS,NO_SIGNAL,NO_SIGNAL,,,,,,,,46.54215202563545,163.26442676730147,164.77107517604668,162.67677661684937,2.1015494554302165,3.680673346527641,0.5631387929863856,
NSE,STOCK,MPHASIS,MphasiS Limited,INE356A01018,,EQ,MPHASIS.NS,NO_SIGNAL,NO_SIGNAL,,,,,,,,54.54086013783763,2466.1960682365057,2454.669716886046,2437.3653878996024,18.26089286230217,20.32751934873135,0.8966363818613332,
NSE,STOCK,MUFTI,Credo Brands Marketing Limited,INE220Q01020,,EQ,MUFTI.NS,NO_SIGNAL,NO_SIGNAL,,,,,,,,32.46408941687858,73.67809868398068,75.80940782970767,78.21487389347205,-2.6351084797171467,-2.245996407759359,0.44250191854142445,
NSE,STOCK,MRPL,Mangalore Refinery and Petrochemicals Limited,INE103A01014,,EQ,MRPL.NS,NO_SIGNAL,NO_SIGNAL,,,,,,,,54.34898489299142,174.06338705037,173.25060061261502,171.78558640641074,1.5377408901700846,1.7997178665931146,0.24768062945358094,
NSE,STOCK,MTARTECH,Mtar Technologies Limited,INE864I01014,,BE,MTARTECH.NS,NO_SIGNAL,NO_SIGNAL,,,,,,,,57.442383732170704,6994.32580493574,6961.804874268194,6877.307747837226,91.18484462020479,101.85229886249616,2.2023731132976927,
NSE,STOCK,MSTCLTD,Mstc Limited,INE255X01014,,EQ,MSTCLTD.NS,NO_SIGNAL,NO_SIGNAL,,,,,,,,64.14877538502355,731.3122076308292,711.4038146026977,683.4603088234842,30.768942087683058,26.61823456300762,0.7607475766979366,
NSE,STOCK,MUFIN,Mufin Green Finance Limited,INE08KJ01020,,EQ,MUFIN.NS,NO_SIGNAL,NO_SIGNAL,,,,,,,,55.32271725322864,136.14715440241537,136.2683090062498,135.1356178656772,1.1751867190752137,1.6493041543654932,0.5259428741812627,
NSE,STOCK,MOTILALOFS,Motilal Oswal Financial Services Limited,INE338I01027,,EQ,MOTILALOFS.NS,NO_SIGNAL,NO_SIGNAL,,,,,,,,68.3049787434847,1025.1219825889752,1005.0153143998999,975.5601965383581,32.40741003097389,28.443470177828175,0.6453232458296969,
NSE,STOCK,MVELECTRO,MV Electrosystems Limited,INE0OWZ01020,,EQ,MVELECTRO.NS,INSUFFICIENT_DATA,,,,,,,,,,,,,,,,INSUFFICIENT_DATA_ROWS_22
NSE,STOCK,MUNJALAU,Munjal Auto Industries Limited,INE672B01032,,EQ,MUNJALAU.NS,NO_SIGNAL,NO_SIGNAL,,,,,,,,54.30360546995719,113.70087504301637,113.20591461042626,110.88742451401838,2.456846999704169,2.9390095573382005,0.07529939574286507,
NSE,STOCK,MUKANDLTD,Mukand Limited,INE304A01026,,EQ,MUKANDLTD.NS,NO_SIGNAL,NO_SIGNAL,,,,,,,,37.93485627658992,134.84149106951236,135.95040482680912,136.88261463537418,-1.0383006761112483,-0.7625300087957284,0.29701274390398424,
NSE,STOCK,MUTHOOTMF,Muthoot Microfin Limited,INE046W01019,,EQ,MUTHOOTMF.NS,NO_SIGNAL,NO_SIGNAL,,,,,,,,43.85920703339228,204.6777250238167,208.1898184617296,213.62515777197726,-5.949448566846456,-5.536080274544302,0.38791339062778,
NSE,STOCK,MUTHOOTFIN,Muthoot Finance Limited,INE414G01012,,EQ,MUTHOOTFIN.NS,NO_SIGNAL,NO_SIGNAL,,,,,,,,44.67831163183809,2966.4187468197706,2994.4921020932043,2993.8648470492535,0.3937619419011753,8.816319449013177,0.568451178171,
NSE,STOCK,NAM-INDIA,Nippon Life India Asset Management Limited,INE298J01013,,EQ,NAM-INDIA.NS,NO_SIGNAL,NO_SIGNAL,,,,,,,,42.67968913563039,1172.114867905359,1186.4540119928547,1187.4577091219364,-1.7746223024291794,5.618798914712494,1.1066325057802275,
NSE,STOCK,NATCOPHARM,Natco Pharma Limited,INE987B01026,,EQ,NATCOPHARM.NS,NO_SIGNAL,NO_SIGNAL,,,,,,,,29.191782490182902,840.4746323195515,858.5188544335468,878.8026026036257,-22.341964413717278,-18.426536200276384,0.8684188564489221,
NSE,STOCK,NATIONSTD,National Standard (India) Limited,INE166R01015,,EQ,NATIONSTD.NS,INSUFFICIENT_DATA,,,,,,,,,,,,,,,,INSUFFICIENT_DATA_ROWS_14
NSE,STOCK,NACLIND,NACL Industries Limited,INE295D01020,,EQ,NACLIND.NS,NO_SIGNAL,NO_SIGNAL,,,,,,,,37.397791161576535,168.9368127524035,172.07170528864742,177.00881221448762,-5.300016978770515,-5.4832312059207595,0.739887832271941,
NSE,STOCK,MVGJL,Manoj Vaibhav Gems N Jewellers Limited,INE0KNT01012,,EQ,MVGJL.NS,NO_SIGNAL,NO_SIGNAL,,,,,,,,69.6643415597621,168.34074724623596,161.4540850756993,159.6057136352018,2.2192238357496876,-0.4743831830864555,6.161830953756061,
NSE,STOCK,NAUKRI,Info Edge (India) Limited,INE663F01032,,EQ,NAUKRI.NS,NO_SIGNAL,NO_SIGNAL,,,,,,,,55.09797172891787,1337.8899419793674,1335.0316577176961,1306.477289504017,29.777125297427347,38.93805361479523,0.22915373243842777,
NSE,STOCK,NAVKARCORP,Navkar Corporation Limited,INE278M01019,,EQ,NAVKARCORP.NS,NO_SIGNAL,NO_SIGNAL,,,,,,,,44.1970381861769,96.58446665446425,97.2960265417072,98.83147181465895,-1.6506327466694728,-1.7381465718992362,0.9880706803716902,
NSE,STOCK,NATIONALUM,National Aluminium Company Limited,INE139A01034,,EQ,NATIONALUM.NS,NO_SIGNAL,NO_SIGNAL,,,,,,,,46.69035675754514,377.59730006184265,383.02441393436584,380.4098993346937,2.4818388816360084,6.2154304475612525,0.4997043690330233,
NSE,STOCK,NAVNETEDUL,Navneet Education Limited,INE060A01024,,EQ,NAVNETEDUL.NS,NO_SIGNAL,NO_SIGNAL,,,,,,,,38.325804289528676,133.3618066778385,133.7570855439586,134.99432558637108,-1.292560330683358,-1.6230985830585483,0.3708664665233915,
NSE,STOCK,NAVINFLUOR,Navin Fluorine International Limited,INE048G01026,,EQ,NAVINFLUOR.NS,NO_SIGNAL,NO_SIGNAL,,,,,,,,59.49902013105008,8586.8675810049,8471.854342035202,8284.97609110186,202.38138185795833,196.3906505955333,0.9204025932231287,
NSE,STOCK,NBCC,NBCC (India) Limited,INE095N01031,,EQ,NBCC.NS,NO_SIGNAL,NO_SIGNAL,,,,,,,,34.56152338518527,86.32873510233551,87.8384696095235,90.20286808390777,-2.554579425944979,-2.499408035303497,0.634304823233051,
NSE,STOCK,NAVA,NAVA LIMITED,INE725A01030,,EQ,NAVA.NS,NO_SIGNAL,NO_SIGNAL,,,,,,,,43.64661543454542,561.1801565936602,563.5266946997616,567.7597448761052,-4.516306464933336,-4.836136703037532,0.6659030372182019,
NSE,STOCK,NAZARA,Nazara Technologies Limited,INE418L01047,,EQ,NAZARA.NS,NO_SIGNAL,NO_SIGNAL,,,,,,,,66.12343809171693,366.8488310039006,362.0528382787485,352.2718026728669,10.462885409638716,11.172341082615985,0.5811842240007064,
NSE,STOCK,NELCAST,Nelcast Limited,INE189I01024,,EQ,NELCAST.NS,NO_SIGNAL,NO_SIGNAL,,,,,,,,46.56745052225751,117.85051061994722,118.02777055794216,120.17073362536561,-2.241486106682302,-2.8936524430093735,2.7312755728417684,
NSE,STOCK,NEOGEN,Neogen Chemicals Limited,INE136S01016,,EQ,NEOGEN.NS,NO_SIGNAL,NO_SIGNAL,,,,,,,,48.42609714019791,2158.6232957286024,2172.6800116472164,2154.970119802626,17.890958509147367,30.835788501403492,0.3203175467451942,
NSE,STOCK,NELCO,NELCO Limited,INE045B01015,,EQ,NELCO.NS,NO_SIGNAL,NO_SIGNAL,,,,,,,,44.293299060719335,927.7171335122821,939.2548538603116,942.6910395670169,-4.537395355898752,1.954986079876127,0.32251809831688655,
NSE,STOCK,NEPHROPLUS,Nephrocare Health Services Limited,INE428V01029,,EQ,NEPHROPLUS.NS,NO_SIGNAL,NO_SIGNAL,,,,,,,,57.03827826203688,695.579787385201,692.2806723533954,689.0145326147705,3.5047771664912943,3.3806120310162013,1.0698431708027922,
NSE,STOCK,NCC,NCC Limited,INE868B01028,,EQ,NCC.NS,NO_SIGNAL,NO_SIGNAL,,,,,,,,57.34021849370872,147.44994866563502,146.4579745314513,145.44372871732762,1.1345866685715578,0.8438636165465121,0.7795535439011545,
NSE,STOCK,NETWEB,Netweb Technologies India Limited,INE0NT901020,,EQ,NETWEB.NS,NO_SIGNAL,NO_SIGNAL,,,,,,,,54.27484536730363,5207.512498023465,5197.961505432978,5073.905274226957,130.70539656964138,167.09575275379055,0.8784298404013633,
NSE,STOCK,NESTLEIND,Nestle India Limited,INE239A01024,,EQ,NESTLEIND.NS,NO_SIGNAL,NO_SIGNAL,,,,,,,,38.37508766189298,1437.7462119361205,1456.38681382525,1465.5990398344943,-10.808631366392092,-3.0853314775944862,0.41924089970274,
NSE,STOCK,NFL,National Fertilizers Limited,INE870D01012,,EQ,NFL.NS,NO_SIGNAL,NO_SIGNAL,,,,,,,,43.68650055002034,70.48774054331105,70.79981052700506,71.24178342165604,-0.4764218620711915,-0.46032323074600145,0.4229106969543217,
NSE,STOCK,NHPC,NHPC Limited,INE848E01016,,EQ,NHPC.NS,NO_SIGNAL,NO_SIGNAL,,,,,,,,46.00722998312692,76.19852582297091,76.37046898983631,76.85914612373185,-0.5247101765877886,-0.5755762642234649,0.5027247656340939,
NSE,STOCK,NH,Narayana Hrudayalaya Ltd.,INE410P01011,,EQ,NH.NS,NO_SIGNAL,NO_SIGNAL,,,,,,,,47.38403632625448,1904.299533194559,1891.0364871133813,1897.1147727528473,-5.313240699742437,-17.38664785636233,0.4123931173422153,
NSE,STOCK,NIACL,The New India Assurance Company Limited,INE470Y01017,,EQ,NIACL.NS,NO_SIGNAL,NO_SIGNAL,,,,,,,,78.82985176876905,204.94303859757798,194.14497086362908,187.71155279671143,7.23972176995494,4.0110324170964,9.160167888573675,
NSE,STOCK,NEWGEN,Newgen Software Technologies Limited,INE619B01017,,EQ,NEWGEN.NS,NO_SIGNAL,NO_SIGNAL,,,,,,,,45.293202252297654,525.48860876186,529.9581323036689,531.1762715477578,-1.582062450758599,0.572754261334353,0.480287984128399,
NSE,STOCK,NIITLTD,NIIT Limited,INE161A01038,,EQ,NIITLTD.NS,NO_SIGNAL,NO_SIGNAL,,,,,,,,48.66609559485372,99.37607625224706,99.11530423558294,98.24551519731018,0.9684547491018662,0.8209313581652328,0.348083664243139,
NSE,STOCK,NIITMTS,NIIT Learning Systems Limited,INE342G01023,,EQ,NIITMTS.NS,NO_SIGNAL,NO_SIGNAL,,,,,,,,38.12312881121622,226.23447697316053,230.08796964761035,233.18490058766835,-3.492193497290998,-2.2137574693838133,0.7919818578256846,
NSE,STOCK,NITCO,Nitco Limited,INE858F01012,,EQ,NITCO.NS,NO_SIGNAL,NO_SIGNAL,,,,,,,,48.1317258852035,95.09534043226539,95.25892457411659,96.98349841917684,-1.8125519317355696,-2.33168154019975,0.21486599829050199,
NSE,STOCK,NILKAMAL,Nilkamal Limited,INE310A01015,,EQ,NILKAMAL.NS,NO_SIGNAL,NO_SIGNAL,,,,,,,,67.07352243909102,2068.14084108078,2019.0294415172625,1917.5547207249006,108.65938198988738,115.86505327208667,0.42403857016351504,
NSE,STOCK,NLCINDIA,NLC India Limited,INE589A01014,,EQ,NLCINDIA.NS,NO_SIGNAL,NO_SIGNAL,,,,,,,,41.30868953531849,273.2822690865037,274.1066499442148,279.5572598081688,-5.750519627815265,-7.080597055349018,0.39058712176299454,
NSE,STOCK,NMDC,NMDC Limited,INE584A01023,,EQ,NMDC.NS,NO_SIGNAL,NO_SIGNAL,,,,,,,,47.177038950069935,85.27965404240872,85.54479688933228,85.4497014268539,0.1006683689269039,0.1906362049911328,0.7125449007081481,
NSE,STOCK,NIVABUPA,Niva Bupa Health Insurance Company Limited,INE995S01015,,EQ,NIVABUPA.NS,NO_SIGNAL,NO_SIGNAL,,,,,,,,35.161998728056744,81.34135843930783,82.27724524487888,83.31857967159908,-1.1483202460409103,-0.9459686594296572,0.75886113032356,
NSE,STOCK,NITINSPIN,Nitin Spinners Limited,INE229H01012,,EQ,NITINSPIN.NS,NO_SIGNAL,NO_SIGNAL,,,,,,,,66.69935927967882,629.1300109898941,612.1540203143584,593.3021368747234,20.821298930730904,16.708544789173246,0.4479692778232678,
NSE,STOCK,NRBBEARING,NRB Bearing Limited,INE349A01021,,EQ,NRBBEARING.NS,NO_SIGNAL,NO_SIGNAL,,,,,,,,46.47738941941702,459.0440048596014,464.3276203831205,458.5805349013827,5.7546084773752,10.476640432390006,0.3906593845493603,
NSE,STOCK,NORTHARC,Northern Arc Capital Limited,INE850M01015,,EQ,NORTHARC.NS,NO_SIGNAL,NO_SIGNAL,,,,,,,,55.84772412641707,300.79761822360535,295.89599081623993,293.55211845142765,2.7750079838846204,0.509572065991375,0.4244705930216655,
NSE,STOCK,NOCIL,NOCIL Limited,INE163A01018,,EQ,NOCIL.NS,NO_SIGNAL,NO_SIGNAL,,,,,,,,58.72446996990955,169.65722207311262,167.53310081788402,166.96208253420227,0.7156913963735008,-0.2799116495215066,1.3321190982318756,
NSE,STOCK,NUVOCO,Nuvoco Vistas Corporation Limited,INE118D01016,,EQ,NUVOCO.NS,NO_SIGNAL,NO_SIGNAL,,,,,,,,65.21887858261715,336.67734635490115,331.12171047126753,331.81488197350075,-0.572063867930467,-3.0512934889893724,4.1860624042873615,
NSE,STOCK,NTPC,NTPC Limited,INE733E01010,,EQ,NTPC.NS,NO_SIGNAL,NO_SIGNAL,,,,,,,,41.465283888085814,331.09378790474534,333.29184777108605,337.11552376660956,-4.145992016381683,-4.000903982222091,0.8181030760628754,
NSE,STOCK,NYKAA,FSN E-Commerce Ventures Limited,INE388Y01029,,EQ,NYKAA.NS,NO_SIGNAL,NO_SIGNAL,,,,,,,,50.528105280538924,335.71961731606496,335.2547375848348,332.20510725924686,3.226481391448374,3.7659002605508793,0.46461046497729225,
NSE,STOCK,NUVAMA,Nuvama Wealth Management Limited,INE531F01023,,EQ,NUVAMA.NS,NO_SIGNAL,NO_SIGNAL,,,,,,,,56.12776014064794,1812.566016179678,1785.9624123615763,1774.434749590054,13.781175749374825,0.9700225457075842,0.689780686917003,
NSE,STOCK,NTPCGREEN,NTPC Green Energy Limited,INE0ONG01011,,EQ,NTPCGREEN.NS,NO_SIGNAL,NO_SIGNAL,,,,,,,,38.201555659299714,89.270188198458,90.15123732470448,91.0559364866797,-0.9930518606798131,-0.7951537503144768,0.7330545851576854,
NSE,STOCK,OFSS,Oracle Financial Services Software Limited,INE881D01027,,EQ,OFSS.NS,NO_SIGNAL,NO_SIGNAL,,,,,,,,56.45081928443635,12117.955658042187,11999.597629915443,11806.653409534796,208.66278802601482,201.1434012626843,0.7689047966658638,
NSE,STOCK,OAL,Oriental Aromatics Limited,INE959C01023,,EQ,OAL.NS,NO_SIGNAL,NO_SIGNAL,,,,,,,,73.41111444414348,463.9590290523125,424.3696622135439,397.8548920000924,29.91689148338594,16.41719912804166,1.2671022481173906,
NSE,STOCK,OLECTRA,Olectra Greentech Limited,INE260D01016,,EQ,OLECTRA.NS,NO_SIGNAL,NO_SIGNAL,,,,,,,,32.20228269242021,1250.266432333959,1281.0508457909104,1308.8696966877956,-30.806474714027445,-22.905724248613115,0.5992901589480625,
NSE,STOCK,OIL,Oil India Limited,INE274J01014,,EQ,OIL.NS,NO_SIGNAL,NO_SIGNAL,,,,,,,,60.944001415826826,488.2286746579942,481.5087051466996,472.5429264871355,9.755774149497256,8.967506749650411,0.43241606767383317,
NSE,STOCK,OBEROIRLTY,Oberoi Realty Limited,INE093I01010,,EQ,OBEROIRLTY.NS,NO_SIGNAL,NO_SIGNAL,,,,,,,,58.48527333714335,1881.7405324786382,1872.2877723135562,1858.6109224096715,14.817975612827695,14.155294810467566,2.166020394860657,
NSE,STOCK,ONIXSOLAR,Onix Solar Energy Limited,INE173M01012,,EQ,ONIXSOLAR.NS,INSUFFICIENT_DATA,,,,,,,,,,,,,,,,INSUFFICIENT_DATA_ROWS_13
NSE,STOCK,OMPOWER,Om Power Transmission Limited,INE25E901019,,EQ,OMPOWER.NS,NO_SIGNAL,NO_SIGNAL,,,,,,,,57.87085518867189,172.7733435744576,170.95440365028907,170.18320798079205,0.9264875644922768,0.07112259337821392,0.6563706563706564,
NSE,STOCK,ONEPOINT,One Point One Solutions Limited,INE840Y01029,,EQ,ONEPOINT.NS,NO_SIGNAL,NO_SIGNAL,,,,,,,,55.652706369220745,55.55209892256627,55.71828915369481,56.113982827574205,-0.4400398170577091,-0.3687393112217302,2.6469090381308793,
NSE,STOCK,OMNI,Omnitech Engineering Limited,INE0UH301010,,EQ,OMNI.NS,NO_SIGNAL,NO_SIGNAL,,,,,,,,39.01585475151283,540.0068029649672,558.6278445232056,567.2110642654949,-10.122266633443246,-2.268633899400216,0.4340040660993209,
NSE,STOCK,OMAXE,Omaxe Limited,INE800H01010,,EQ,OMAXE.NS,NO_SIGNAL,NO_SIGNAL,,,,,,,,74.092100421054,129.3454841343415,118.82886182527585,108.68750496655342,11.249204838934347,8.402977826864722,0.616017381922749,
NSE,STOCK,ONESOURCE,Onesource Specialty Pharma Limited,INE013P01021,,EQ,ONESOURCE.NS,NO_SIGNAL,NO_SIGNAL,,,,,,,,52.70487379669022,1545.2726246516816,1540.714262631207,1559.6506639798029,-19.767288939920718,-27.24156862397207,0.8532474256457458,
NSE,STOCK,ONGC,Oil & Natural Gas Corporation Limited,INE213A01029,,EQ,ONGC.NS,NO_SIGNAL,NO_SIGNAL,,,,,,,,42.56623468093976,235.19499706104514,235.5974027195542,237.4255452973179,-1.9429502239874523,-2.269221989350329,0.461354046515294,
NSE,STOCK,OPTIEMUS,Optiemus Infracom Limited,INE350C01017,,EQ,OPTIEMUS.NS,NO_SIGNAL,NO_SIGNAL,,,,,,,,47.907625822605844,572.2970920101384,572.7136078852504,571.1705095963051,1.5218652193588014,2.103002789432404,0.672126914591784,
NSE,STOCK,ORIENTCEM,Orient Cement Limited,INE876N01018,,EQ,ORIENTCEM.NS,NO_SIGNAL,NO_SIGNAL,,,,,,,,43.372692655003725,129.22405615849567,130.38051577718784,131.9590811086324,-1.726568371795139,-1.5524738105316027,0.5719269553099657,
NSE,STOCK,ORIRAIL,Oriental Rail Infrastructure Limited,INE457G01029,,EQ,ORIRAIL.NS,INSUFFICIENT_DATA,,,,,,,,,,,,,,,,INSUFFICIENT_DATA_ROWS_13
NSE,STOCK,ORKLAINDIA,Orkla India Limited,INE16NZ01023,,EQ,ORKLAINDIA.NS,NO_SIGNAL,NO_SIGNAL,,,,,,,,56.763359263667496,588.3404994471734,579.7364247820626,575.4414795081941,5.166470255001627,0.6294315316376211,0.39359976966622773,
NSE,STOCK,ORIENTELEC,Orient Electric Limited,INE142Z01019,,EQ,ORIENTELEC.NS,NO_SIGNAL,NO_SIGNAL,,,,,,,,45.087514337084635,179.26831150605918,181.06854177425413,181.1330868164923,-0.18159508061467022,0.9179300727465192,0.1797909033648482,
NSE,STOCK,ORIENTTECH,Orient Technologies Limited,INE0PPK01015,,EQ,ORIENTTECH.NS,NO_SIGNAL,NO_SIGNAL,,,,,,,,35.81550780842417,239.07229065241432,242.84223477343264,248.01777225475652,-5.666556694214279,-5.078394087015837,0.44384385553966765,
NSE,STOCK,ORICONENT,Oricon Enterprises Limited,INE730A01022,,EQ,ORICONENT.NS,NO_SIGNAL,NO_SIGNAL,,,,,,,,41.75825206305799,54.05883494283078,54.741462033971345,54.958536419494116,-0.24720123998041998,-0.03180952551081044,0.3187982037495721,
NSE,STOCK,OSWALPUMPS,Oswal Pumps Limited,INE0BYP01024,,EQ,OSWALPUMPS.NS,NO_SIGNAL,NO_SIGNAL,,,,,,,,27.363669014979124,285.7846967705964,294.3832994141612,309.9847499691201,-16.66160093627866,-17.805272389254363,0.9355139802723301,
NSE,STOCK,ORIENTHOT,Oriental Hotels Limited,INE750A01020,,EQ,ORIENTHOT.NS,NO_SIGNAL,NO_SIGNAL,,,,,,,,56.921970704965574,140.22407566625208,138.23078211489124,135.75035977930625,2.734925709534565,2.2460230675645914,0.07783352169568163,
NSE,STOCK,PAISALO,Paisalo Digital Limited,INE420C01059,,EQ,PAISALO.NS,SIGNAL,LONG,2026-09-04 00:00:00,74.0999984741211,72.24749851226807,77.80499839782715,1.8524999618530273,3.7049999237060547,2.0,67.74709749114366,70.21255842283176,69.22650753497147,69.09688890432955,0.15641422470417865,-0.15249346870364106,3.268435505136956,
NSE,STOCK,PANACEABIO,Panacea Biotec Limited,INE922B01023,,EQ,PANACEABIO.NS,NO_SIGNAL,NO_SIGNAL,,,,,,,,33.49839972135803,386.8088427234384,394.9770737333329,411.3831024066197,-17.4471980676729,-19.098030604429923,0.41804028168836876,
NSE,STOCK,PAKKA,PAKKA LIMITED,INE551D01018,,EQ,PAKKA.NS,NO_SIGNAL,NO_SIGNAL,,,,,,,,42.285172670774266,76.10172611032982,78.10741128462907,77.85537835536896,0.17980327635818583,1.289241641137287,0.7581445210201878,
NSE,STOCK,PAR,Par Drugs And Chemicals Limited,INE04LG01015,,BE,PAR.NS,NO_SIGNAL,NO_SIGNAL,,,,,,,,86.24764037213424,144.59423464359827,123.69768346067903,112.71691143978983,12.490980574712808,5.4767949108141245,4.291282200346684,
NSE,STOCK,PARACABLES,Paramount Communications Limited,INE074B01023,,EQ,PARACABLES.NS,NO_SIGNAL,NO_SIGNAL,,,,,,,,54.18260696964537,64.28693433941626,63.72268603068523,64.1064813449818,-0.3841593612697025,-0.7400597303959204,2.0877107060979716,
NSE,STOCK,PANAMAPET,Panama Petrochem Limited,INE305C01029,,EQ,PANAMAPET.NS,NO_SIGNAL,NO_SIGNAL,,,,,,,,53.029970829950976,482.71441800490675,481.89081455188784,477.1996402328916,4.741685449296426,6.9951835203590615,0.15366735558569958,
NSE,STOCK,PACEDIGITK,Pace Digitek Limited,INE0S3G01027,,EQ,PACEDIGITK.NS,NO_SIGNAL,NO_SIGNAL,,,,,,,,32.2102366638762,168.5090490439131,173.48818284832998,179.57990374334685,-6.648857977287122,-5.915192979150218,0.8336762290585197,
NSE,STOCK,PARADEEP,Paradeep Phosphates Limited,INE088F01024,,EQ,PARADEEP.NS,NO_SIGNAL,NO_SIGNAL,,,,,,,,56.1671581178347,156.80986571818266,155.78559217966279,152.48539691479908,3.5430685485201536,3.833649977721796,0.614949534315853,
NSE,STOCK,PARAS,Paras Defence and Space Technologies Limited,INE045601023,,EQ,PARAS.NS,NO_SIGNAL,NO_SIGNAL,,,,,,,,53.80315101958833,1419.1012436852325,1422.5942965731763,1385.1271111496244,39.281540460492124,52.41925073577939,0.484445080103756,
NSE,STOCK,PARAGMILK,Parag Milk Foods Limited,INE883N01014,,EQ,PARAGMILK.NS,NO_SIGNAL,NO_SIGNAL,,,,,,,,60.538757596100055,251.13047829367926,242.96772941353396,235.33655554205217,8.570716094344505,5.722748104425023,0.4696714392364389,
NSE,STOCK,PARKHOTELS,Apeejay Surrendra Park Hotels Limited,INE988S01028,,EQ,PARKHOTELS.NS,NO_SIGNAL,NO_SIGNAL,,,,,,,,35.62032477853563,112.86257261844318,114.21711188667264,116.39852666280754,-2.3745567882687624,-2.259469499150904,1.060807095392208,
NSE,STOCK,PARKHOSPS,Park Medi World Limited,INE119201023,,EQ,PARKHOSPS.NS,NO_SIGNAL,NO_SIGNAL,,,,,,,,53.53592201624225,283.5922687006662,283.1068030862224,282.90052516877057,0.2610092622658726,-0.08471497360771585,2.5053289132706764,
NSE,STOCK,PAYTM,One 97 Communications Limited,INE982J01020,,EQ,PAYTM.NS,NO_SIGNAL,NO_SIGNAL,,,,,,,,60.742417776672205,1650.4511855873438,1635.779986161846,1573.1826900789124,66.26333447704587,78.9983493783137,1.065312560345465,
NSE,STOCK,PATANJALI,Patanjali Foods Limited,INE619A01035,,EQ,PATANJALI.NS,NO_SIGNAL,NO_SIGNAL,,,,,,,,32.3999390607397,344.3086674324818,347.1390338664798,352.1683988198013,-5.343363275124375,-5.715389026169682,0.5833282593923315,
NSE,STOCK,PATELRMART,Patel Retail Limited,INE0R8B01010,,EQ,PATELRMART.NS,NO_SIGNAL,NO_SIGNAL,,,,,,,,45.08722801912568,223.02032456608234,226.03890368548937,225.58983868231277,0.3439817759815753,1.9132116045566705,0.45386881181411115,
NSE,STOCK,PCBL,PCBL Chemical Limited,INE602A01031,,EQ,PCBL.NS,NO_SIGNAL,NO_SIGNAL,,,,,,,,47.652889676550394,316.8989884685513,318.75617668130303,319.62524627737827,-1.0294013113969527,-0.23807326736359755,0.6388597555982071,
NSE,STOCK,PDMJEPAPER,Pudumjee Paper Products Limited,INE865T01018,,EQ,PDMJEPAPER.NS,NO_SIGNAL,NO_SIGNAL,,,,,,,,56.59077472981082,92.77300967995188,91.73124359683243,91.16002504087066,0.6297109602556645,0.34014515667954714,1.759775756247571,
NSE,STOCK,PDSL,PDS Limited,INE111Q01021,,EQ,PDSL.NS,NO_SIGNAL,NO_SIGNAL,,,,,,,,42.79970600962597,358.550193331976,362.97168518253227,363.24014231993556,-0.5182489542639246,1.7533811985267993,2.57523493252314,
NSE,STOCK,PETRONET,Petronet LNG Limited,INE347G01014,,EQ,PETRONET.NS,NO_SIGNAL,NO_SIGNAL,,,,,,,,51.41754722310693,290.2226553668047,289.9160257066628,287.17850970270104,2.927884760785787,3.393148258213163,0.6801458700108517,
NSE,STOCK,PERSISTENT,Persistent Systems Limited,INE262H01021,,EQ,PERSISTENT.NS,NO_SIGNAL,NO_SIGNAL,,,,,,,,53.91929842830118,5674.695639518516,5651.631609680298,5560.993800024645,96.01529819061307,112.45503822090684,0.6405407605827325,
NSE,STOCK,PENIND,Pennar Industries Limited,INE932A01024,,EQ,PENIND.NS,NO_SIGNAL,NO_SIGNAL,,,,,,,,57.94966257443009,165.0561341387671,162.6072508281737,162.20090126216198,0.5599348528990333,-0.7004131191301011,0.5109224398461374,
NSE,STOCK,PFC,Power Finance Corporation Limited,INE134E01011,,EQ,PFC.NS,NO_SIGNAL,NO_SIGNAL,,,,,,,,37.11172411459851,350.2454070470517,357.67985261057663,371.5972056409556,-15.086235838630728,-14.89308081802013,1.8393946990711287,
NSE,STOCK,PHOENIXLTD,The Phoenix Mills Limited,INE211B01039,,EQ,PHOENIXLTD.NS,NO_SIGNAL,NO_SIGNAL,,,,,,,,55.68329294544596,1926.9114699886181,1922.8103437895682,1931.3262670195174,-8.843549615779239,-13.139683480893753,1.389184308449108,
NSE,STOCK,PFOCUS,Prime Focus Limited,INE367G01038,,EQ,PFOCUS.NS,NO_SIGNAL,NO_SIGNAL,,,,,,,,60.57191988385527,294.9213034993977,291.95799912307456,287.5792791916283,4.662672331211866,4.886860386890403,1.9936075456508355,
NSE,STOCK,PGEL,PG Electroplast Limited,INE457L01029,,EQ,PGEL.NS,NO_SIGNAL,NO_SIGNAL,,,,,,,,32.11658792347173,569.1870878265698,583.3484534452615,589.4224196086885,-7.235902638143671,-1.0383966334242332,0.5720055897989228,
NSE,STOCK,PIDILITIND,Pidilite Industries Limited,INE318A01026,,EQ,PIDILITIND.NS,NO_SIGNAL,NO_SIGNAL,,,,,,,,48.37062095036473,1645.3128285720031,1651.5851267787402,1646.3891786227055,4.914530678149731,10.987089910570853,0.7020564145557633,
NSE,STOCK,PICCADIL,Piccadily Agro Industries Limited,INE546C01010,,EQ,PICCADIL.NS,NO_SIGNAL,NO_SIGNAL,,,,,,,,33.93363899310589,633.2322464550131,658.4087156043363,676.8761127018162,-21.02994690190269,-11.748216783578721,0.4660521956990744,
NSE,STOCK,PIIND,PI Industries Limited,INE603J01030,,EQ,PIIND.NS,NO_SIGNAL,NO_SIGNAL,,,,,,,,35.95431722992967,2414.9215612422768,2461.481962271995,2526.128777118508,-70.8039655839898,-63.27993702364015,0.4684229873789977,
NSE,STOCK,PNBHOUSING,PNB Housing Finance Limited,INE572E01012,,EQ,PNBHOUSING.NS,NO_SIGNAL,NO_SIGNAL,,,,,,,,51.638957220682606,1151.4567652488663,1155.3295141594967,1142.1388886012865,13.632725785668981,19.894698871841676,0.4933643777486399,
NSE,STOCK,PINELABS,Pine Labs Limited,INE15B701018,,EQ,PINELABS.NS,NO_SIGNAL,NO_SIGNAL,,,,,,,,56.44254188407635,162.59865497188218,162.07857026983416,160.00802797616018,2.1948324819882714,2.625896967126382,2.330457706555107,
NSE,STOCK,PITTIENG,Pitti Engineering Limited,INE450D01021,,EQ,PITTIENG.NS,NO_SIGNAL,NO_SIGNAL,,,,,,,,63.40870023160084,1099.5167415039202,1084.077463058305,1050.3543647191984,36.525010640832306,37.141815354599295,0.37406939552987484,
NSE,STOCK,PLAZACABLE,Plaza Wires Limited,INE0INJ01017,,EQ,PLAZACABLE.NS,NO_SIGNAL,NO_SIGNAL,,,,,,,,71.05736901055533,59.961003216858344,56.376464263736096,53.14291229806221,3.5807910430852203,2.6758675522110913,1.0625612200615817,
NSE,STOCK,PIRAMALFIN,Piramal Finance Limited,INE202B01038,,EQ,PIRAMALFIN.NS,NO_SIGNAL,NO_SIGNAL,,,,,,,,58.24173280279232,2225.720329712958,2200.7658772593168,2166.3798131499184,37.99091760791043,31.602977902470062,0.27530045156555616,
NSE,STOCK,PNB,Punjab National Bank,INE160A01022,,EQ,PNB.NS,NO_SIGNAL,NO_SIGNAL,,,,,,,,58.32945692129752,116.3455872344788,116.03804269957519,115.03501467101584,1.046743343208476,1.3264024684442346,0.8162348573026769,
NSE,STOCK,PNBGILTS,PNB Gilts Limited,INE859A01011,,EQ,PNBGILTS.NS,NO_SIGNAL,NO_SIGNAL,,,,,,,,42.70774074399455,78.0823248432011,78.71486019159644,80.29071637894393,-1.68187407571601,-1.8495792444251,0.949896554464857,
NSE,STOCK,PNGJL,P N Gadgil Jewellers Limited,INE953R01016,,EQ,PNGJL.NS,NO_SIGNAL,NO_SIGNAL,,,,,,,,50.892049666002286,597.5234037376208,601.0710911953764,607.1122740934807,-6.80176524555236,-5.402153959279494,0.9104006729917747,
NSE,STOCK,PNCINFRA,PNC Infratech Limited,INE195J01029,,EQ,PNCINFRA.NS,NO_SIGNAL,NO_SIGNAL,,,,,,,,23.83043766971322,187.3065188637812,197.72602373648988,208.85095895412616,-12.286603546921214,-9.863767312793662,0.8075148438385572,
NSE,STOCK,POLICYBZR,PB Fintech Limited,INE417T01026,,EQ,POLICYBZR.NS,NO_SIGNAL,NO_SIGNAL,,,,,,,,68.08160024096708,1849.1857476507219,1811.7131374999708,1756.777372260628,59.83291511411744,55.86134274999186,0.677573083322649,
NSE,STOCK,POCL,Pondy Oxides & Chemicals Limited,INE063E01061,,EQ,POCL.NS,NO_SIGNAL,NO_SIGNAL,,,,,,,,34.77426517800811,483.4914077050381,492.64050596803844,501.5311789122757,-9.687942287612998,-8.251670261450839,0.8140524981885086,
NSE,STOCK,PNGSREVA,PNGS Reva Diamond Jewellery Limited,INE1RDG01013,,EQ,PNGSREVA.NS,NO_SIGNAL,NO_SIGNAL,,,,,,,,49.20107600648817,524.682958766899,533.5456448926956,520.3472427984191,13.174295661659585,23.45958382862592,0.14644492459858544,
NSE,STOCK,POLYMED,Poly Medicure Limited,INE205C01021,,EQ,POLYMED.NS,NO_SIGNAL,NO_SIGNAL,,,,,,,,54.990716869798646,1761.3800560310497,1752.753351318926,1739.1504167764404,14.239756186870864,16.517695165614462,0.5515874731047224,
NSE,STOCK,POLYCAB,Polycab India Limited,INE455K01017,,EQ,POLYCAB.NS,SIGNAL,SHORT,2026-09-04 00:00:00,8300.0,8507.5,7885.0,207.5,415.0,2.0,30.803084556066068,8724.78428698821,8933.986296377423,9046.996014978402,-127.47033686502255,-62.95137291238059,4.301153934768512,
NSE,STOCK,POLYPLEX,Polyplex Corporation Limited,INE633B01018,,EQ,POLYPLEX.NS,NO_SIGNAL,NO_SIGNAL,,,,,,,,60.42175779868444,1190.0306184908038,1180.430074251949,1160.0373234054712,21.56169832250248,24.564514468022118,0.33797782974523066,
NSE,STOCK,POWERICA,Powerica Limited,INE921L01032,,EQ,POWERICA.NS,NO_SIGNAL,NO_SIGNAL,,,,,,,,43.43457543884252,511.5106828296276,521.2934907325293,531.0806356553405,-10.803740047615406,-8.411918726010583,0.8069632231122914,
NSE,STOCK,PONNIERODE,Ponni Sugars (Erode) Limited,INE838E01017,,EQ,PONNIERODE.NS,NO_SIGNAL,NO_SIGNAL,,,,,,,,61.0403341666264,395.63092150178466,387.7355607569346,370.61492324913905,18.51719142247248,19.012447696319946,0.2302528788574554,
NSE,STOCK,POONAWALLA,Poonawalla Fincorp Limited,INE511C01022,,EQ,POONAWALLA.NS,NO_SIGNAL,NO_SIGNAL,,,,,,,,46.309196581105574,466.88898739451247,472.75615545710286,474.32879268826764,-2.1128347659993096,1.4326425782399257,0.6906419654677565,
NSE,STOCK,POWERINDIA,Hitachi Energy India Limited,INE07Y701011,,EQ,POWERINDIA.NS,NO_SIGNAL,NO_SIGNAL,,,,,,,,39.17295685996344,32300.069158878763,32994.969125032934,33259.801331194016,-314.3190518299525,-12.966486769261394,0.6823909156295349,
NSE,STOCK,PPLPHARMA,Piramal Pharma Limited,INE0DK501011,,EQ,PPLPHARMA.NS,NO_SIGNAL,NO_SIGNAL,,,,,,,,59.81263572961224,214.14124264701059,212.7031592828561,207.7331222088965,5.241186952378456,6.263814442310923,0.6527929362950204,
NSE,STOCK,POWERGRID,Power Grid Corporation of India Limited,INE752E01010,,EQ,POWERGRID.NS,NO_SIGNAL,NO_SIGNAL,,,,,,,,41.725048821312065,265.8267363048039,266.9635003183896,270.20294344959837,-3.4520976239160177,-3.9052865692005554,0.9672086565876578,
NSE,STOCK,PRAJIND,Praj Industries Limited,INE074A01025,,EQ,PRAJIND.NS,NO_SIGNAL,NO_SIGNAL,,,,,,,,47.77381354703458,339.57937612546607,340.905746371076,338.87919462313357,2.1675001946978227,3.0093214795369594,0.35238701274167167,
NSE,STOCK,PRABHA,Prabha Energy Limited,INE0I0M01023,,EQ,PRABHA.NS,NO_SIGNAL,NO_SIGNAL,,,,,,,,81.01398101119204,219.74470147527546,207.86141369412712,192.5098604197516,16.794768001286513,15.020383595062002,8.920406262863974,
NSE,STOCK,PRECWIRE,Precision Wires India Limited,INE372C01037,,EQ,PRECWIRE.NS,NO_SIGNAL,NO_SIGNAL,,,,,,,,57.57950760973102,479.7740737169123,464.83841349837513,445.30008744186784,21.42439087106294,18.6435604177467,0.5660817459659074,
NSE,STOCK,PREMEXPLN,Premier Explosives Limited,INE863B01029,,EQ,PREMEXPLN.NS,NO_SIGNAL,NO_SIGNAL,,,,,,,,49.3613112284519,666.0175410114078,664.9759138352971,666.8906537262992,-1.828378102426882,-3.5600381937566814,0.46577592805472345,
NSE,STOCK,PRECAM,Precision Camshafts Limited,INE484I01029,,EQ,PRECAM.NS,NO_SIGNAL,NO_SIGNAL,,,,,,,,18.311703984006215,123.942663525592,127.65704602940937,132.04792910194953,-4.8124131603165665,-4.1231511521289,1.5240704074137377,
NSE,STOCK,PREMIERENE,Premier Energies Limited,INE0BS701011,,EQ,PREMIERENE.NS,NO_SIGNAL,NO_SIGNAL,,,,,,,,45.364833157192464,1011.1844696672604,1017.9444823539017,1025.5478454094095,-8.281496079781505,-7.272364472908317,0.4999066612594569,
NSE,STOCK,PRAKASH,Prakash Industries Limited,INE603A01013,,EQ,PRAKASH.NS,NO_SIGNAL,NO_SIGNAL,,,,,,,,41.67084369310157,125.62408779186418,127.20451233215981,127.98487098912376,-0.8725395798982873,-0.38427340264946297,0.6498321011518222,
NSE,STOCK,PREMIERPOL,Premier Polyfilm Limited,INE309M01020,,EQ,PREMIERPOL.NS,NO_SIGNAL,NO_SIGNAL,,,,,,,,65.23546575470897,91.253364389155,88.73185363264389,83.93064336863341,5.200485498310783,5.159494431479738,0.3069298677391473,
NSE,STOCK,PRICOLLTD,Pricol Limited,INE726V01018,,EQ,PRICOLLTD.NS,NO_SIGNAL,NO_SIGNAL,,,,,,,,54.3664607305674,778.2715730827357,778.8601507321969,757.0227663698716,22.712049232905315,30.811932724133317,0.4089358600709873,
NSE,STOCK,PRESTIGE,Prestige Estates Projects Limited,INE811K01011,,EQ,PRESTIGE.NS,NO_SIGNAL,NO_SIGNAL,,,,,,,,47.211861745057895,1596.683356909752,1601.9843530447192,1605.0236243513386,-3.496787341072377,-1.7608947000078292,1.1201884894270926,
NSE,STOCK,PRIORITY,Priority Jewels Limited,INE15EH01014,,BE,PRIORITY.NS,INSUFFICIENT_DATA,,,,,,,,,,,,,,,,INSUFFICIENT_DATA_ROWS_1
NSE,STOCK,PRINCEPIPE,Prince Pipes And Fittings Limited,INE689W01016,,EQ,PRINCEPIPE.NS,NO_SIGNAL,NO_SIGNAL,,,,,,,,49.99317097993445,287.5289351547301,287.1811039224621,283.25449876325865,4.207670806293038,4.879902893999929,0.6636910683956948,
NSE,STOCK,PURVA,Puravankara Limited,INE323I01011,,EQ,PURVA.NS,NO_SIGNAL,NO_SIGNAL,,,,,,,,44.03439336959337,212.23016986013684,214.32761980016932,215.31830744747927,-1.1363883268215034,-0.36963475504249876,0.07305012128058207,
NSE,STOCK,PROTEAN,Protean eGov Technologies Limited,INE004A01022,,EQ,PROTEAN.NS,NO_SIGNAL,NO_SIGNAL,,,,,,,,26.046315182732016,506.54901693997056,528.0107956429516,547.4140649149593,-21.460584102963935,-16.124223300539246,1.875394488075345,
NSE,STOCK,PRSMJOHNSN,Prism Johnson Limited,INE010A01011,,EQ,PRSMJOHNSN.NS,NO_SIGNAL,NO_SIGNAL,,,,,,,,54.56861693071368,111.16821187096606,110.22105540599163,109.95458226675106,0.3531774428385859,-0.20374415956145003,0.06136889352208579,
NSE,STOCK,PROSTARM,Prostarm Info Systems Limited,INE0BX301013,,EQ,PROSTARM.NS,NO_SIGNAL,NO_SIGNAL,,,,,,,,50.38876213202217,133.00289482471612,134.13261310903653,134.4712857805938,-0.43190028417114945,0.21445360885051618,1.3699814712725116,
NSE,STOCK,PTC,PTC India Limited,INE877F01012,,EQ,PTC.NS,NO_SIGNAL,NO_SIGNAL,,,,,,,,40.55515476071005,155.66840435462012,157.84052628546235,162.4059509879444,-4.943197555448847,-5.0044202354347025,0.4297743505047524,
NSE,STOCK,PWL,Physicswallah Limited,INE0LP301011,,EQ,PWL.NS,NO_SIGNAL,NO_SIGNAL,,,,,,,,55.55820536719913,121.12837756011575,121.00658956139662,122.54175729014237,-1.6349078997456132,-1.9924166733184903,3.2977364956067765,
NSE,STOCK,PVP,PVP Ventures Limited,INE362A01016,,EQ,PVP.NS,NO_SIGNAL,NO_SIGNAL,,,,,,,,79.53388862232543,64.75195340472507,57.717061751337255,49.31598117632364,9.258283159854336,7.668866735501734,1.3797913673841367,
NSE,STOCK,PVRINOX,PVR INOX Limited,INE191H01014,,EQ,PVRINOX.NS,NO_SIGNAL,NO_SIGNAL,,,,,,,,65.3824793291127,1228.7426372972664,1216.56465622668,1184.1840876126982,34.43002202050934,39.06234067833333,1.2106610889283085,
NSE,STOCK,QPOWER,Quality Power Electrical Equipments Limited,INE0SII01026,,EQ,QPOWER.NS,NO_SIGNAL,NO_SIGNAL,,,,,,,,69.7233832692381,1451.1098507163001,1391.1697942558865,1324.543895000384,73.38713298023163,60.24481425545494,0.7142989061279684,
NSE,STOCK,RADHIKAJWE,Radhika Jeweltech Limited,INE583V01021,,EQ,RADHIKAJWE.NS,NO_SIGNAL,NO_SIGNAL,,,,,,,,75.43429021977295,74.707997201196,71.3908221069803,69.46399129770109,2.1470008266639695,1.2498695257522145,6.351645923806376,
NSE,STOCK,QUADFUTURE,Quadrant Future Tek Limited,INE0LRY01011,,EQ,QUADFUTURE.NS,NO_SIGNAL,NO_SIGNAL,,,,,,,,56.67805237580013,419.6940303167247,409.1052552151945,397.51486008515576,13.030447148289511,9.148376627161268,0.13348951056917144,
NSE,STOCK,RAMBHAJO,Advit Jewels Limited,INE1SJO01012,,EQ,RAMBHAJO.NS,INSUFFICIENT_DATA,,,,,,,,,,,,,,,,INSUFFICIENT_DATA_ROWS_47
NSE,STOCK,RAILTEL,Railtel Corporation Of India Limited,INE0DD101019,,EQ,RAILTEL.NS,NO_SIGNAL,NO_SIGNAL,,,,,,,,34.42635991379457,274.43368157392837,278.4691927297881,283.16986342557993,-5.10529895428391,-4.598996989123479,0.30585800145621583,
NSE,STOCK,RADICO,Radico Khaitan Limited,INE944F01028,,EQ,RADICO.NS,NO_SIGNAL,NO_SIGNAL,,,,,,,,56.1572491895626,4532.19122277253,4557.134420577639,4500.111214453791,57.22232732196608,95.92737122636994,0.7856503185777413,
NSE,STOCK,RAJESHEXPO,Rajesh Exports Limited,INE343B01030,,BZ,RAJESHEXPO.NS,NO_SIGNAL,NO_SIGNAL,,,,,,,,55.71261020356897,79.46414692491837,79.2484485401914,81.26962851813829,-2.128562506885146,-2.7258952244238133,1.917680866956294,
NSE,STOCK,QUESS,Quess Corp Limited,INE615P01015,,EQ,QUESS.NS,NO_SIGNAL,NO_SIGNAL,,,,,,,,62.748609112047255,371.34074021571155,359.82381077834896,343.3661928843078,17.893649453333353,16.49545907612581,0.5455209194956409,
NSE,STOCK,RALLIS,Rallis India Limited,INE613A01020,,EQ,RALLIS.NS,NO_SIGNAL,NO_SIGNAL,,,,,,,,39.02577388398093,209.19003971347848,210.43626749461805,213.07971381365178,-2.8242624796152995,-3.0454004771699514,0.45904879965776074,
NSE,STOCK,RAMCOCEM,The Ramco Cements Limited,INE331A01037,,EQ,RAMCOCEM.NS,NO_SIGNAL,NO_SIGNAL,,,,,,,,42.266086459645095,880.4284910343074,893.9968118275675,904.0575330868226,-11.34110131687271,-6.8215314582328865,0.22001647963345672,
NSE,STOCK,RAMCOIND,Ramco Industries Limited,INE614A01028,,EQ,RAMCOIND.NS,NO_SIGNAL,NO_SIGNAL,,,,,,,,40.60617221157224,327.0132731699059,335.4387503354166,339.21693913026274,-4.452556670846775,-0.8283084139249428,0.08096061440034921,
NSE,STOCK,RAIN,Rain Industries Limited,INE855B01025,,EQ,RAIN.NS,NO_SIGNAL,NO_SIGNAL,,,,,,,,55.5928809257584,208.99350202991508,206.82172698573726,208.25578460876648,-1.5071693484500486,-2.5241656277024362,0.8776423258506064,
NSE,STOCK,RAMRAT,Ram Ratna Wires Limited,INE207E01023,,EQ,RAMRAT.NS,NO_SIGNAL,NO_SIGNAL,,,,,,,,64.86889491136523,555.9489562368082,534.3386604238723,504.89699781577656,32.23913067788874,28.40390071995956,0.6455704927257409,
NSE,STOCK,RAMCOSYS,Ramco Systems Limited,INE246B01019,,EQ,RAMCOSYS.NS,NO_SIGNAL,NO_SIGNAL,,,,,,,,51.94207787324169,590.491915815697,584.5199405058463,601.5742566149403,-17.58513221283272,-26.359999528425956,1.3590386179382719,
NSE,STOCK,RATNAMANI,Ratnamani Metals & Tubes Limited,INE703B01027,,EQ,RATNAMANI.NS,NO_SIGNAL,NO_SIGNAL,,,,,,,,65.61804236279033,2667.1516851071183,2591.3373131429944,2529.242110547135,70.47125570729304,41.98732056588423,0.4616394325002285,
NSE,STOCK,RATNAVEER,Ratnaveer Precision Engineering Limited,INE05CZ01011,,EQ,RATNAVEER.NS,NO_SIGNAL,NO_SIGNAL,,,,,,,,74.9637749408786,293.68969812200373,278.87549358563274,255.58564659939483,25.333902577207283,24.03152805448904,0.5600581217056623,
NSE,STOCK,RATEGAIN,Rategain Travel Technologies Limited,INE0CLI01024,,EQ,RATEGAIN.NS,NO_SIGNAL,NO_SIGNAL,,,,,,,,36.6067693101444,881.7058895752878,908.6961400082558,918.4181658300356,-11.604491581146931,-0.41169253302739506,1.1969081572052707,
NSE,STOCK,RAYMOND,Raymond Limited,INE301A01014,,EQ,RAYMOND.NS,NO_SIGNAL,NO_SIGNAL,,,,,,,,72.11608917499765,700.9293787492666,664.6987065782005,643.8335161618957,23.467380415912544,12.613921667175962,1.2605433417675904,
NSE,STOCK,RAYMONDLSL,Raymond Lifestyle Limited,INE02ID01020,,EQ,RAYMONDLSL.NS,NO_SIGNAL,NO_SIGNAL,,,,,,,,29.56917850854873,659.3461463060794,685.9178128695887,705.4101591269606,-21.877402612646165,-13.225069495896083,1.9490594119008238,
NSE,STOCK,RAYMONDREL,Raymond Realty Limited,INE1SY401010,,EQ,RAYMONDREL.NS,NO_SIGNAL,NO_SIGNAL,,,,,,,,34.9429063918583,531.6283491777303,552.4156763815324,579.9504706586665,-30.128226782984598,-26.825671394307292,2.2840783420533146,
NSE,STOCK,RBLBANK,RBL Bank Limited,INE976G01028,,EQ,RBLBANK.NS,NO_SIGNAL,NO_SIGNAL,,,,,,,,72.89935483613789,399.7223415008678,391.593529938657,386.40590897943673,5.7456026414294,3.8022675248484044,2.517284168848874,
NSE,STOCK,RBA,Restaurant Brands Asia Limited,INE07T201019,,EQ,RBA.NS,NO_SIGNAL,NO_SIGNAL,,,,,,,,56.53419657917035,99.04056758329159,99.1039159726732,94.47522948848699,4.857383121316133,6.391516015836555,0.16950285946708246,
NSE,STOCK,RBZJEWEL,RBZ Jewellers Limited,INE0PEQ01016,,EQ,RBZJEWEL.NS,NO_SIGNAL,NO_SIGNAL,,,,,,,,77.70679905496073,179.13994990285624,162.3895748036005,154.19758978781996,9.384701694679535,3.4594038565706082,3.714508685830532,
NSE,STOCK,RECLTD,REC Limited,INE020B01018,,EQ,RECLTD.NS,NO_SIGNAL,NO_SIGNAL,,,,,,,,36.03196823370799,317.5480727019468,323.64298768001095,333.0899941799704,-10.316339191029726,-9.576130124772373,0.9018750358481942,
NSE,STOCK,REDINGTON,Redington Limited,INE891D01026,,EQ,REDINGTON.NS,NO_SIGNAL,NO_SIGNAL,,,,,,,,64.95130980469312,365.59006530307585,357.34841804668565,343.86070519792844,14.47840973347104,14.832131867274903,0.6763094261568592,
NSE,STOCK,REDTAPE,Redtape Limited,INE0LXT01019,,EQ,REDTAPE.NS,NO_SIGNAL,NO_SIGNAL,,,,,,,,34.169900951127545,120.47804744437907,122.74836116069478,125.292571199997,-2.777773821561979,-2.4477902495420265,0.722930303672964,
NSE,STOCK,REFEX,Refex Industries Limited,INE056I01025,,EQ,REFEX.NS,NO_SIGNAL,NO_SIGNAL,,,,,,,,38.86317636575528,281.62674001655233,286.4724002152421,293.8240954302683,-7.950760483608406,-7.6753939740521755,0.8352113641348818,
NSE,STOCK,RCF,Rashtriya Chemicals and Fertilizers Limited,INE027A01015,,EQ,RCF.NS,NO_SIGNAL,NO_SIGNAL,,,,,,,,32.90291268065353,115.57801884591274,118.37031734760869,121.13649761098769,-3.04939592817648,-2.4114656770226173,0.5427951802830029,
NSE,STOCK,REGAAL,Regaal Resources Limited,INE0MHO01029,,EQ,REGAAL.NS,NO_SIGNAL,NO_SIGNAL,,,,,,,,49.65716737553686,90.2136067463114,91.01712417320212,89.46651713044169,1.591237298020772,2.5110806848998264,0.23983379851613204,
NSE,STOCK,RELIANCE,Reliance Industries Limited,INE002A01018,,EQ,RELIANCE.NS,NO_SIGNAL,NO_SIGNAL,,,,,,,,55.299643555093,1308.6467713720704,1305.9095992979244,1305.793935653072,0.11088718859582514,-0.2900959549348562,1.241281659809139,
NSE,STOCK,RELINFRA,Reliance Infrastructure Limited,INE036A01016,,BE,RELINFRA.NS,NO_SIGNAL,NO_SIGNAL,,,,,,,,27.582046375027502,57.95757367577136,60.62769784974563,63.071682479236415,-2.705253506227649,-1.9995497058325897,1.0503880295869976,
NSE,STOCK,RELAXO,Relaxo Footwears Limited,INE131B01039,,EQ,RELAXO.NS,NO_SIGNAL,NO_SIGNAL,,,,,,,,28.062702526686905,352.1138286515715,365.3928687671348,377.6020913772465,-13.675321004835496,-9.531246080529282,0.3459741389556135,
NSE,STOCK,RELTD,Ravindra Energy Limited,INE206N01018,,EQ,RELTD.NS,NO_SIGNAL,NO_SIGNAL,,,,,,,,46.190955410538535,156.64000943495563,159.00100843117858,161.86112898954292,-3.1739866027195944,-2.5571618031326344,1.3938317201492272,
NSE,STOCK,RELIGARE,Religare Enterprises Limited,INE621H01010,,EQ,RELIGARE.NS,NO_SIGNAL,NO_SIGNAL,,,,,,,,64.30629353694638,249.56583718815628,242.76666925793842,242.52018710435365,0.6150475925852845,-3.033645657096377,1.2601752486495406,
NSE,STOCK,REPCOHOME,Repco Home Finance Limited,INE612J01015,,EQ,REPCOHOME.NS,NO_SIGNAL,NO_SIGNAL,,,,,,,,38.06501910142108,359.65329385655684,361.86572718988486,368.2517621323479,-6.7794176452705415,-7.927209542933725,0.9741295311788318,
NSE,STOCK,RESPONIND,Responsive Industries Limited,INE688D01026,,EQ,RESPONIND.NS,NO_SIGNAL,NO_SIGNAL,,,,,,,,40.43213799236547,152.68574675530354,154.82988207286488,160.77007332147028,-6.352089930908932,-6.999339257111245,18.77314994274728,
NSE,STOCK,RIR,RIR Power Electronics Limited,INE302D01024,,EQ,RIR.NS,INSUFFICIENT_DATA,,,,,,,,,,,,,,,,INSUFFICIENT_DATA_ROWS_37
NSE,STOCK,REMSONSIND,Remsons Industries Limited,INE474C01023,,EQ,REMSONSIND.NS,NO_SIGNAL,NO_SIGNAL,,,,,,,,68.78784588112788,95.3761460084005,90.87005819112346,87.990399020966,3.2495770017290084,1.753032296580209,1.0773406407082657,
NSE,STOCK,RGL,Renaissance Global Limited,INE722H01024,,EQ,RGL.NS,NO_SIGNAL,NO_SIGNAL,,,,,,,,57.84179033751508,137.12677854834777,134.02900159518865,129.2226090378841,5.2575701888804645,4.770422248154972,0.07996237000758236,
NSE,STOCK,RHIM,RHI MAGNESITA INDIA LIMITED,INE743M01012,,EQ,RHIM.NS,NO_SIGNAL,NO_SIGNAL,,,,,,,,40.69992446374826,370.56757205111614,373.9565929701501,380.4654067438452,-7.0911730006776565,-6.910180417322207,0.14343564730424757,
NSE,STOCK,RICOAUTO,Rico Auto Industries Limited,INE209B01025,,EQ,RICOAUTO.NS,NO_SIGNAL,NO_SIGNAL,,,,,,,,40.425419931890566,127.39431680834844,129.66317011270934,132.27187388575672,-2.890449710324816,-2.336075159425963,0.323150901565497,
NSE,STOCK,RISHABH,Rishabh Instruments Limited,INE0N2P01017,,EQ,RISHABH.NS,NO_SIGNAL,NO_SIGNAL,,,,,,,,64.4364903438173,719.5952834690403,699.8627017921078,680.196613985818,21.56046879331086,17.71925037831737,0.340899386229184,
NSE,STOCK,RITCO,Ritco Logistics Limited,INE01EG01016,,EQ,RITCO.NS,NO_SIGNAL,NO_SIGNAL,,,,,,,,48.71148702418745,304.36202745572234,306.60471102365636,302.90248448223815,3.7346155581857943,6.243111850422181,0.2976176373287422,
NSE,STOCK,RKFORGE,Ramkrishna Forgings Limited,INE399G01023,,EQ,RKFORGE.NS,NO_SIGNAL,NO_SIGNAL,,,,,,,,47.474443339017995,722.9083371855193,727.6735758282274,711.0357390151353,17.055833358131963,25.558217104350327,1.1410049967824119,
NSE,STOCK,RITES,RITES Limited,INE320J01015,,EQ,RITES.NS,NO_SIGNAL,NO_SIGNAL,,,,,,,,42.069628927863036,215.14601296399906,217.29229894823035,218.52042355365353,-1.4283922738034391,-0.5342090244543327,0.7174549047970452,
NSE,STOCK,RML,Rane (Madras) Limited,INE050H01012,,EQ,RML.NS,NO_SIGNAL,NO_SIGNAL,,,,,,,,70.193339474322,1179.129485816873,1144.6092781340553,1133.4853519984197,13.152337970681856,0.2565902424838242,16.221192061299295,
NSE,STOCK,ROLEXRINGS,Rolex Rings Limited,INE645S01024,,EQ,ROLEXRINGS.NS,NO_SIGNAL,NO_SIGNAL,,,,,,,,51.862946428360544,175.13227744490447,175.91393186653573,170.5953278881791,5.559668723795653,7.600393319965656,0.13315198699314604,
NSE,STOCK,ROSSELLIND,Rossell India Limited,INE847C01020,,EQ,ROSSELLIND.NS,NO_SIGNAL,NO_SIGNAL,,,,,,,,49.92434682894243,58.181813419867396,57.920971549967284,57.70408848956564,0.2499872075490046,0.1083309137911988,0.16029022804559614,
NSE,STOCK,ROSSTECH,Rossell Techsys Limited,INE0OJW01016,,EQ,ROSSTECH.NS,NO_SIGNAL,NO_SIGNAL,,,,,,,,59.342013255000275,1117.7039797483035,1099.9483588579947,1077.1795908299598,24.788332593675477,22.6100114390451,0.5181176334288567,
NSE,STOCK,ROTO,Roto Pumps Limited,INE535D01037,,EQ,ROTO.NS,NO_SIGNAL,NO_SIGNAL,,,,,,,,42.89521228680456,64.47876188558826,65.05326435342212,65.77690641831663,-0.794683192946934,-0.692030283993567,0.4512125471063553,
NSE,STOCK,ROUTE,ROUTE MOBILE LIMITED,INE450U01017,,EQ,ROUTE.NS,NO_SIGNAL,NO_SIGNAL,,,,,,,,43.01697760431086,503.3146681399991,507.24369905975885,515.8045526156245,-9.198240638225911,-9.861789667522293,0.5904658360064658,
NSE,STOCK,RPEL,Raghav Productivity Enhancers Limited,INE912T01018,,EQ,RPEL.NS,NO_SIGNAL,NO_SIGNAL,,,,,,,,77.24105708476739,1790.2514234000648,1688.3825579164454,1566.3539114588575,133.97927508226553,114.33880717867378,1.5203931911374637,
NSE,STOCK,RPTECH,Rashi Peripherals Limited,INE0J1F01024,,EQ,RPTECH.NS,NO_SIGNAL,NO_SIGNAL,,,,,,,,49.06417800613248,812.1018604951058,821.2696399389613,821.236894558813,-0.9535091914666509,6.721693841560918,0.23615868907118617,
NSE,STOCK,RRKABEL,R R Kabel Limited,INE777K01022,,EQ,RRKABEL.NS,NO_SIGNAL,NO_SIGNAL,,,,,,,,33.78524886040583,2641.934945448188,2736.8031913828427,2717.8244219061344,15.251209962982557,69.33752673709868,4.646738651461228,
NSE,STOCK,RPPINFRA,R.P.P. Infra Projects Limited,INE324L01013,,EQ,RPPINFRA.NS,NO_SIGNAL,NO_SIGNAL,,,,,,,,37.94769720177794,55.69196906156998,56.63952734996569,57.97072481915336,-1.444957194442317,-1.3598395416149454,0.15733221173417558,
NSE,STOCK,RSL,Rajputana Stainless Limited,INE313L01016,,EQ,RSL.NS,NO_SIGNAL,NO_SIGNAL,,,,,,,,83.79720686494024,177.81249583402948,171.59587358621002,163.10147963995084,9.229463635282912,8.612237164056552,0.4506507855303474,
NSE,STOCK,RSYSTEMS,R Systems International Limited,INE411H01032,,EQ,RSYSTEMS.NS,NO_SIGNAL,NO_SIGNAL,,,,,,,,55.757935381372945,250.65603610260206,247.34558522501115,247.11575005999975,0.38034487418525487,-1.1986486110692964,0.662586260226182,
NSE,STOCK,RUBICON,Rubicon Research Limited,INE506V01022,,EQ,RUBICON.NS,NO_SIGNAL,NO_SIGNAL,,,,,,,,57.3130196929737,1791.144797749558,1772.5776368164557,1709.3536850591076,67.4889204822482,76.04989869717559,0.2334817293983535,
NSE,STOCK,RUPA,Rupa & Company Limited,INE895B01021,,EQ,RUPA.NS,NO_SIGNAL,NO_SIGNAL,,,,,,,,33.22793810239115,145.65713392165918,148.91957010957728,152.81544534945255,-4.2711949350615726,-3.697198786980961,0.8008387962504269,
NSE,STOCK,RVNL,Rail Vikas Nigam Limited,INE415G01027,,EQ,RVNL.NS,NO_SIGNAL,NO_SIGNAL,,,,,,,,39.04679905489827,210.9978254001613,215.36776805627431,220.01835962362614,-5.155175001986066,-3.9249738061030683,1.5686064699249767,
NSE,STOCK,SAIL,Steel Authority of India Limited,INE114A01011,,EQ,SAIL.NS,NO_SIGNAL,NO_SIGNAL,,,,,,,,67.18788849478739,195.5791350172355,189.8081512200819,183.45650193767008,7.0431962926500375,5.487632441909247,0.7350607626446519,
NSE,STOCK,SAHLIBHFI,Shalibhadra Finance Limited,INE861D01011,,EQ,SAHLIBHFI.NS,NO_SIGNAL,NO_SIGNAL,,,,,,,,71.16669961278205,82.58506073562727,78.56739237878841,77.45307934795724,1.3493264292242628,-0.2788093827324195,1.2181855350178845,
NSE,STOCK,SAATVIKGL,Saatvik Green Energy Limited,INE13B501022,,EQ,SAATVIKGL.NS,NO_SIGNAL,NO_SIGNAL,,,,,,,,49.61841716028662,421.641845843945,420.9749357352709,424.5609192496498,-3.667166565918137,-5.48566285588961,0.2566563770730582,
NSE,STOCK,SAIPARENT,Sai Parenterals Limited,INE0H9F01037,,EQ,SAIPARENT.NS,NO_SIGNAL,NO_SIGNAL,,,,,,,,38.94333627569776,519.5727690538877,527.9402323819834,538.0017446502764,-11.036794105810031,-9.353151816306662,0.23281455727284445,
NSE,STOCK,SAILIFE,Sai Life Sciences Limited,INE570L01029,,EQ,SAILIFE.NS,NO_SIGNAL,NO_SIGNAL,,,,,,,,70.68473284418207,1537.2818560697972,1491.2042621226733,1441.4175839161833,54.28808737455097,47.32230628021385,2.0296660559175823,
NSE,STOCK,SALSTEEL,S.A.L. Steel Limited,INE658G01014,,EQ,SALSTEEL.NS,NO_SIGNAL,NO_SIGNAL,,,,,,,,69.65560161956105,80.19200131188406,76.37580726577457,71.6240820034598,5.195374481240648,4.6200306535870315,0.7829766144237656,
NSE,STOCK,SAKAR,Sakar Healthcare Limited,INE732S01012,,EQ,SAKAR.NS,NO_SIGNAL,NO_SIGNAL,,,,,,,,65.92155694663649,958.5812747356598,925.6814970420315,906.869521456508,21.017221595345973,11.953088630562014,0.9569918787099271,
NSE,STOCK,SAKSOFT,Saksoft Limited,INE667G01023,,EQ,SAKSOFT.NS,NO_SIGNAL,NO_SIGNAL,,,,,,,,39.01462504894999,154.56364414129465,158.50939974399998,161.92760855177818,-3.8244430047056426,-2.6371838770890457,0.7050139597443091,
NSE,STOCK,SAMHI,Samhi Hotels Limited,INE08U801020,,EQ,SAMHI.NS,NO_SIGNAL,NO_SIGNAL,,,,,,,,31.11231948640831,153.83041896628225,157.3641463591012,161.6694259220696,-4.724038243551973,-4.088170904527592,1.1560514039447827,
NSE,STOCK,SANDUMA,Sandur Manganese & Iron Ores Limited,INE149K01016,,EQ,SANDUMA.NS,NO_SIGNAL,NO_SIGNAL,,,,,,,,41.89812918114687,199.28208878858305,201.2316800306059,202.49118253023389,-1.4026166236760673,-0.8681029209888486,0.734155022346556,
NSE,STOCK,SAMBHV,Sambhv Steel Tubes Limited,INE12NJ01018,,EQ,SAMBHV.NS,NO_SIGNAL,NO_SIGNAL,,,,,,,,59.263221660545774,127.79290722606076,126.5376384019553,124.16989313979342,2.552850284340579,2.604632597553064,0.5864071960258663,
NSE,STOCK,SANGHVIMOV,Sanghvi Movers Limited,INE989A01032,,EQ,SANGHVIMOV.NS,NO_SIGNAL,NO_SIGNAL,,,,,,,,40.86850198660871,449.4169103504271,459.1758328202235,461.87206241309354,-3.554765145912768,2.085296125919682,1.0599511387526626,
NSE,STOCK,SAMMAANCAP,Sammaan Capital Limited,INE148I01020,,EQ,SAMMAANCAP.NS,NO_SIGNAL,NO_SIGNAL,,,,,,,,48.36397467356357,150.5973393758028,151.09265026083568,154.35462114343107,-3.4794673766383823,-4.0145697418290025,0.7233434545203343,
NSE,STOCK,SANGINITA,Sanginita Chemicals Limited,INE753W01010,,BE,SANGINITA.NS,NO_SIGNAL,NO_SIGNAL,,,,,,,,54.78410814239132,56.750948015923406,56.046544644845845,55.98008468792228,0.046351926453546355,-0.019428972892611373,0.962169309729592,
NSE,STOCK,SANSERA,Sansera Engineering Limited,INE953O01021,,EQ,SANSERA.NS,NO_SIGNAL,NO_SIGNAL,,,,,,,,52.857408419248785,3845.4667193932773,3842.9987600302843,3748.104030051921,99.14678577789118,130.5231976365058,0.3809247567574536,
NSE,STOCK,SANDHAR,Sandhar Technologies Limited,INE278H01035,,EQ,SANDHAR.NS,NO_SIGNAL,NO_SIGNAL,,,,,,,,43.16514725906401,641.0936052293519,646.362471908111,645.5080550737966,0.8507238394410024,2.8027706480695582,0.35771146753577354,
NSE,STOCK,SANSTAR,Sanstar Limited,INE08NE01025,,EQ,SANSTAR.NS,NO_SIGNAL,NO_SIGNAL,,,,,,,,45.668313422418656,108.64717216128993,108.8711740912712,109.83687417385525,-1.0243019585068822,-1.2189645208915856,0.9265095800040172,
NSE,STOCK,SATIA,Satia Industries Limited,INE170E01023,,EQ,SATIA.NS,NO_SIGNAL,NO_SIGNAL,,,,,,,,56.77553045634,58.362285187857154,58.47087538317992,58.86301111419125,-0.4446592193808172,-0.35831126834221905,5.693569836920889,
NSE,STOCK,SAPPHIRE,Sapphire Foods India Limited,INE806T01020,,EQ,SAPPHIRE.NS,NO_SIGNAL,NO_SIGNAL,,,,,,,,53.5820212941268,230.51386046058445,232.28846329635698,225.48322820123855,7.0255592442185275,10.344824548640517,0.3550441498014114,
NSE,STOCK,SAREGAMA,Saregama India Limited,INE979A01025,,EQ,SAREGAMA.NS,NO_SIGNAL,NO_SIGNAL,,,,,,,,46.62744111476678,489.43098332160366,497.60785865801927,502.9401509609022,-6.231147373002557,-2.3447418419710555,0.8796752430307324,
NSE,STOCK,SATIN,Satin Creditcare Network Limited,INE836B01017,,EQ,SATIN.NS,NO_SIGNAL,NO_SIGNAL,,,,,,,,38.725711353376845,220.29303190001588,223.34971120885015,228.6191746550898,-5.674391538500146,-5.827505203123655,1.4483820171052435,
NSE,STOCK,SBCL,Shivalik Bimetal Controls Limited,INE386D01027,,EQ,SBCL.NS,NO_SIGNAL,NO_SIGNAL,,,,,,,,75.35642982216848,1084.7165830349109,1043.399679861713,982.4923461500761,65.78018113576934,65.04011834616091,0.5505465764120868,
NSE,STOCK,SARDAEN,Sarda Energy & Minerals Limited,INE385C01021,,EQ,SARDAEN.NS,NO_SIGNAL,NO_SIGNAL,,,,,,,,51.07737131498913,503.9006292025612,505.43273695169296,506.8056654646411,-1.5621927316507822,-0.8083246106708539,0.3499497523611211,
NSE,STOCK,SBIFUNDS,SBI Funds Management Limited,INE640G01020,,EQ,SBIFUNDS.NS,INSUFFICIENT_DATA,,,,,,,,,,,,,,,,INSUFFICIENT_DATA_ROWS_34
NSE,STOCK,SBFC,SBFC Finance Limited,INE423Y01016,,EQ,SBFC.NS,NO_SIGNAL,NO_SIGNAL,,,,,,,,65.24922080590893,99.46490392512138,97.75757583858046,96.0383930324787,1.906296482971456,1.4422214463586145,0.2510155880310576,
NSE,STOCK,SBICARD,SBI Cards and Payment Services Limited,INE018E01016,,EQ,SBICARD.NS,NO_SIGNAL,NO_SIGNAL,,,,,,,,56.14412254825574,650.4181995961064,647.0160835979193,644.4705463066866,2.724052530887775,2.340053846514762,0.5141411114354829,
NSE,STOCK,SBILIFE,SBI Life Insurance Company Limited,INE123W01016,,EQ,SBILIFE.NS,NO_SIGNAL,NO_SIGNAL,,,,,,,,47.665047402641804,1746.8109415182448,1761.2685048876733,1783.4907264957287,-24.46308372658632,-21.587997348121654,1.909233477331511,
NSE,STOCK,SCI,Shipping Corporation Of India Limited,INE109A01011,,EQ,SCI.NS,NO_SIGNAL,NO_SIGNAL,,,,,,,,53.5088505372693,292.7868484148231,292.06760852334804,291.90353591447314,0.19136111811513956,0.01928297518256282,0.7966436949121982,
NSE,STOCK,SCODATUBES,Scoda Tubes Limited,INE090501011,,EQ,SCODATUBES.NS,NO_SIGNAL,NO_SIGNAL,,,,,,,,51.07107855931308,131.37358162928285,131.54564998307316,134.15645232174285,-2.781156740040558,-3.372184012464448,2.0203588708296993,
NSE,STOCK,SBIN,State Bank of India,INE062A01020,,EQ,SBIN.NS,NO_SIGNAL,NO_SIGNAL,,,,,,,,39.01047760492377,1027.262616830337,1038.6522192851153,1042.82819002015,-5.047316412632199,0.08839320082488422,0.805813862695219,
NSE,STOCK,SDBL,Som Distilleries & Breweries Limited,INE480C01038,,EQ,SDBL.NS,NO_SIGNAL,NO_SIGNAL,,,,,,,,54.96634591856026,72.96110630051585,72.84684661943542,72.67616643237552,0.1743804536001221,0.24228179050769702,0.8683124349133977,
NSE,STOCK,SEIL,Shanti Educational Initiatives Limited,INE440T01028,,EQ,SEIL.NS,INSUFFICIENT_DATA,,,,,,,,,,,,,,,,INSUFFICIENT_DATA_ROWS_13
NSE,STOCK,SCHNEIDER,Schneider Electric Infrastructure Limited,INE839M01018,,EQ,SCHNEIDER.NS,NO_SIGNAL,NO_SIGNAL,,,,,,,,41.743607913698476,1189.9289311627113,1215.4273205823338,1253.52035238425,-41.832320126211016,-37.37860017679609,0.674841411807276,
NSE,STOCK,SEDEMAC,SEDEMAC Mechatronics Limited,INE00XB01019,,EQ,SEDEMAC.NS,NO_SIGNAL,NO_SIGNAL,,,,,,,,39.99691986683338,2910.9752961088197,2988.7399914060284,2974.515972375523,10.638650832782332,59.00291646579917,0.5340721380684283,
NSE,STOCK,SEAMECLTD,Seamec Limited,INE497B01018,,EQ,SEAMECLTD.NS,NO_SIGNAL,NO_SIGNAL,,,,,,,,76.98037388272557,1721.900603278512,1667.7875672173673,1609.7234569689201,63.801019348872615,53.483312894665985,1.2357728035839788,
NSE,STOCK,SENCO,Senco Gold Limited,INE602W01027,,EQ,SENCO.NS,NO_SIGNAL,NO_SIGNAL,,,,,,,,49.15488850871365,353.8620733137587,355.818461655978,360.0894381745401,-4.665834120729357,-4.690827155500514,0.7628278853858842,
NSE,STOCK,SERVOTECH,Servotech Renewable Power System Limited,INE782X01033,,EQ,SERVOTECH.NS,NO_SIGNAL,NO_SIGNAL,,,,,,,,34.08945893260592,80.01110164144816,81.19064965672872,83.92791550564701,-2.9141770799377014,-3.230413448826251,0.9530830937007208,
NSE,STOCK,SFL,Sheela Foam Limited,INE916U01025,,EQ,SFL.NS,NO_SIGNAL,NO_SIGNAL,,,,,,,,35.297695515485444,645.6612111212028,654.7773709612559,675.3628254006375,-22.23555644227406,-23.135555460588428,0.373501483111904,
NSE,STOCK,SGFIN,SG Finserve Limited,INE618R01015,,EQ,SGFIN.NS,NO_SIGNAL,NO_SIGNAL,,,,,,,,49.97048729558728,680.4549561669907,681.942396629914,677.391003000104,4.662015242221628,6.867301547662083,0.36229191284528633,
NSE,STOCK,SHADOWFAX,Shadowfax Technologies Limited,INE12UN01015,,EQ,SHADOWFAX.NS,NO_SIGNAL,NO_SIGNAL,,,,,,,,58.76335872691976,256.86368878977055,253.88259223378077,248.36026934081914,5.883698494966154,6.445491901703303,0.33965928796365996,
NSE,STOCK,SENORES,Senores Pharmaceuticals Limited,INE0RB801010,,EQ,SENORES.NS,NO_SIGNAL,NO_SIGNAL,,,,,,,,47.27758210947463,1450.030583750252,1463.7108496225947,1447.8415069812038,15.848707330419757,28.801846213560626,0.4620308155699722,
NSE,STOCK,SETL,Standard Engineering Technology Limited,INE0M4D01010,,EQ,SETL.NS,NO_SIGNAL,NO_SIGNAL,,,,,,,,81.68545223277509,385.9757574287015,356.5143957210838,329.07121007864055,30.345614597327994,22.839920003779024,1.0716192126166861,
NSE,STOCK,SGMART,SG Mart Limited,INE385F01024,,EQ,SGMART.NS,NO_SIGNAL,NO_SIGNAL,,,,,,,,61.72677195383762,818.6174498505557,804.4526851991473,772.6536694868288,34.138882307381095,36.257672839336266,0.27141757951152223,
NSE,STOCK,SHAKTIPUMP,Shakti Pumps (India) Limited,INE908D01010,,EQ,SHAKTIPUMP.NS,NO_SIGNAL,NO_SIGNAL,,,,,,,,27.801401493922825,476.98966246857105,486.9193060793306,499.66705027185185,-13.850164796393358,-12.734107942666622,1.3384041574379262,
NSE,STOCK,SHANKESH,Shankesh Jewellers Limited,INE1WFC01025,,EQ,SHANKESH.NS,INSUFFICIENT_DATA,,,,,,,,,,,,,,,,INSUFFICIENT_DATA_ROWS_9
NSE,STOCK,SHALPAINTS,Shalimar Paints Limited,INE849C01026,,BE,SHALPAINTS.NS,NO_SIGNAL,NO_SIGNAL,,,,,,,,54.88951244109487,80.15539482798998,80.93853329082951,78.79167201053384,2.1398931869936746,3.6481383573101605,0.5024848970998799,
NSE,STOCK,SHAHALLOYS,Shah Alloys Limited,INE640C01011,,BE,SHAHALLOYS.NS,NO_SIGNAL,NO_SIGNAL,,,,,,,,75.03243521318419,105.29431784065541,94.09405820660427,85.29524394796917,9.868006074323048,6.261728055245549,0.39122049251034835,
NSE,STOCK,SHAILY,Shaily Engineering Plastics Limited,INE151G01028,,EQ,SHAILY.NS,NO_SIGNAL,NO_SIGNAL,,,,,,,,53.633838071657095,3248.2368979955213,3264.4258907918156,3226.740517055254,37.821177403299316,64.02396447572316,0.6967324761451674,
NSE,STOCK,SHINDL,Sharat Industries Limited,INE220Z01013,,EQ,SHINDL.NS,INSUFFICIENT_DATA,,,,,,,,,,,,,,,,INSUFFICIENT_DATA_ROWS_13
NSE,STOCK,SHILPAMED,Shilpa Medicare Limited,INE790G01031,,EQ,SHILPAMED.NS,NO_SIGNAL,NO_SIGNAL,,,,,,,,75.55931104618018,937.3721157565136,891.7418508744539,829.5243881400729,67.63711238659778,62.83778634350747,0.3946393222196033,
NSE,STOCK,SHIPROCKET,Shiprocket Limited,INE0FOO01011,,EQ,SHIPROCKET.NS,INSUFFICIENT_DATA,,,,,,,,,,,,,,,,INSUFFICIENT_DATA_ROWS_13
NSE,STOCK,SHAREINDIA,Share India Securities Limited,INE932X01026,,EQ,SHAREINDIA.NS,NO_SIGNAL,NO_SIGNAL,,,,,,,,46.489881774309126,169.87432574844442,171.22029961101697,171.48133237727643,-0.39420319686723815,0.4421736647220389,0.1944980396601734,
NSE,STOCK,SHANTIGEAR,Shanthi Gears Limited,INE631A01022,,EQ,SHANTIGEAR.NS,NO_SIGNAL,NO_SIGNAL,,,,,,,,80.6807076220939,571.1029889353289,526.3973738668799,488.7290791418286,42.15687973424269,28.512800172347703,1.6126723955904096,
NSE,STOCK,SHANTIGOLD,Shanti Gold International Limited,INE06ZD01017,,EQ,SHANTIGOLD.NS,NO_SIGNAL,NO_SIGNAL,,,,,,,,57.73852905613055,248.61565167966802,247.89968056335516,242.51294161506254,5.661010604280307,7.342569491546057,0.8708155100022796,
NSE,STOCK,SHREDIGCEM,Shree Digvijay Cement Co.Ltd,INE232A01011,,EQ,SHREDIGCEM.NS,NO_SIGNAL,NO_SIGNAL,,,,,,,,52.40982485611543,73.89814521200691,73.7584447397802,73.43062096317175,0.3736237274715961,0.2549467273383525,2.559090293509023,
NSE,STOCK,SHARDACROP,Sharda Cropchem Limited,INE221J01015,,EQ,SHARDACROP.NS,NO_SIGNAL,NO_SIGNAL,,,,,,,,38.562346483218185,774.7318902095017,780.6677328663202,796.7661067171719,-17.045815478637564,-19.88348047715026,0.6732991877456724,
NSE,STOCK,SHK,S H Kelkar and Company Limited,INE500L01026,,EQ,SHK.NS,NO_SIGNAL,NO_SIGNAL,,,,,,,,43.04905415716447,150.42432296035028,153.88404860049883,154.59257378347996,-1.0340958466924803,1.2083242148738722,0.8958483346754992,
NSE,STOCK,SHUKRAPHAR,Shukra Pharmaceuticals Limited,INE551C01044,,EQ,SHUKRAPHAR.NS,INSUFFICIENT_DATA,,,,,,,,,,,,,,,,INSUFFICIENT_DATA_ROWS_15
NSE,STOCK,SHREEJISPG,Shreeji Shipping Global Limited,INE1B6101010,,EQ,SHREEJISPG.NS,NO_SIGNAL,NO_SIGNAL,,,,,,,,62.970574881342515,659.630671073863,648.6093977593052,637.0179248164668,12.410504379265035,11.695006205597982,1.8270818136445657,
NSE,STOCK,SHYAMMETL,Shyam Metalics and Energy Limited,INE810G01011,,EQ,SHYAMMETL.NS,NO_SIGNAL,NO_SIGNAL,,,,,,,,59.92130392204563,1069.6912031579539,1051.0876155306173,1033.9792591285284,19.16249310536523,12.677933602087238,0.34894289870139145,
NSE,STOCK,SHRINGARMS,Shringar House of Mangalsutra Limited,INE1B3L01017,,EQ,SHRINGARMS.NS,NO_SIGNAL,NO_SIGNAL,,,,,,,,40.70303866194645,217.9934929920602,220.68362165897884,222.57166432364411,-2.1670245057441946,-1.0508803190662426,0.526291693459011,
NSE,STOCK,SHREEPUSHK,Shree Pushkar Chemicals & Fertilisers Limited,INE712K01011,,EQ,SHREEPUSHK.NS,NO_SIGNAL,NO_SIGNAL,,,,,,,,70.31574800386993,465.9254753763459,445.44225744048293,428.5271778893452,18.965727550755275,12.236426713757062,1.1663192187421874,
NSE,STOCK,SHRIRAMFIN,Shriram Finance Limited,INE721A01047,,EQ,SHRIRAMFIN.NS,NO_SIGNAL,NO_SIGNAL,,,,,,,,39.15568509361279,1057.5455724088206,1081.3408439102343,1084.9501258582525,-5.212736556993377,7.456040887883119,1.1183991029507476,
NSE,STOCK,SICAGEN,Sicagen India Limited,INE176J01011,,EQ,SICAGEN.NS,NO_SIGNAL,NO_SIGNAL,,,,,,,,57.29143795172234,56.79679293823658,56.185171107728436,55.82910051740587,0.3755610151950819,0.3572069351161258,0.17144330569740854,
NSE,STOCK,SHRIRAMPPS,Shriram Properties Limited,INE217L01019,,EQ,SHRIRAMPPS.NS,NO_SIGNAL,NO_SIGNAL,,,,,,,,34.13470831516865,76.12219691857734,77.34728162939795,79.52773144665089,-2.3556346277319022,-2.3704987081478937,2.329123285176365,
NSE,STOCK,SIGMAADV,SIGMA ADVANCED SYSTEMS LIMITED,INE933B01012,,BE,SIGMAADV.NS,NO_SIGNAL,NO_SIGNAL,,,,,,,,62.498111259368635,761.8500617656605,733.6887659201435,695.4198009005414,41.67507519320566,37.75701322351155,0.36061876693090666,
NSE,STOCK,SIGNATURE,Signatureglobal (India) Limited,INE903U01023,,EQ,SIGNATURE.NS,NO_SIGNAL,NO_SIGNAL,,,,,,,,50.74847944306188,780.8491718545399,785.6838439794154,791.7700123005375,-6.805726383588308,-5.088733935867982,1.4921020249208505,
NSE,STOCK,SIMPLEXINF,Simplex Infrastructures Limited,INE059B01024,,EQ,SIMPLEXINF.NS,NO_SIGNAL,NO_SIGNAL,,,,,,,,57.02462698598109,264.30647120452295,260.27555236821183,256.47781130891855,4.2519806203691815,3.0095674885721366,0.38216599862530215,
NSE,STOCK,SIEMENS,Siemens Limited,INE003A01024,,EQ,SIEMENS.NS,NO_SIGNAL,NO_SIGNAL,,,,,,,,52.799587865038205,4015.025861016247,4009.3453040187615,3953.276397105738,59.107677961824265,73.3962197535613,0.4305687369698479,
NSE,STOCK,SINGERIND,Singer India Limited,INE638A01035,,EQ,SINGERIND.NS,NO_SIGNAL,NO_SIGNAL,,,,,,,,52.816901476722514,76.3637831642959,76.96641832542485,75.84121689101161,1.131368840175952,1.9707414413076743,0.5299170347594678,
NSE,STOCK,SILGO,Silgo Retail Limited,INE01II01013,,EQ,SILGO.NS,NO_SIGNAL,NO_SIGNAL,,,,,,,,46.970220133472196,71.94938513560984,71.90214215071686,71.87550775448197,0.05947379398092778,-0.1267003267081755,0.5528809216344134,
NSE,STOCK,SJVN,SJVN Limited,INE002L01015,,EQ,SJVN.NS,NO_SIGNAL,NO_SIGNAL,,,,,,,,38.06092493672026,64.94404109114707,65.42367343797738,66.39502602118878,-1.0451251341911245,-1.0762129599190082,0.8752135997528458,
NSE,STOCK,SILVERTUC,Silver Touch Technologies Limited,INE625X01026,,EQ,SILVERTUC.NS,NO_SIGNAL,NO_SIGNAL,,,,,,,,30.548387948709873,173.3034722362739,180.28428570879254,186.1340045034116,-6.595742387927089,-4.15420889745323,1.3697739428637419,
NSE,STOCK,SIS,SIS LIMITED,INE285J01028,,EQ,SIS.NS,NO_SIGNAL,NO_SIGNAL,,,,,,,,58.92770086628617,430.0920015521732,426.49656589402537,426.59396895533666,0.050086792445029005,-1.7602480712517257,3.2922596878732278,
NSE,STOCK,SIRCA,Sirca Paints India Limited,INE792Z01011,,EQ,SIRCA.NS,NO_SIGNAL,NO_SIGNAL,,,,,,,,57.43269250901791,435.84181801745035,436.2618176600398,432.48423373557864,3.8685751865584166,5.799294763876625,0.7687597314892877,
NSE,STOCK,SKFINDIA,SKF India Limited,INE640A01023,,EQ,SKFINDIA.NS,NO_SIGNAL,NO_SIGNAL,,,,,,,,46.09004439846836,1545.9675153005044,1559.1712715341782,1558.7389822199818,-0.054883288182509204,6.8249145948923156,0.13529142112326784,
NSE,STOCK,SKYWAYS,Skyways Air Services Limited,INE0PX301025,,EQ,SKYWAYS.NS,INSUFFICIENT_DATA,,,,,,,,,,,,,,,,INSUFFICIENT_DATA_ROWS_4
NSE,STOCK,SJS,S.J.S. Enterprises Limited,INE284S01014,,EQ,SJS.NS,NO_SIGNAL,NO_SIGNAL,,,,,,,,37.425954129578706,2398.1280257763674,2443.6308936657924,2429.886306069796,11.96103605179951,40.61794094966769,1.3692195076388873,
NSE,STOCK,SMLMAH,SML Mahindra Limited,INE294B01019,,EQ,SMLMAH.NS,NO_SIGNAL,NO_SIGNAL,,,,,,,,75.03714696222758,5715.511023539552,5444.587730901254,5226.529975026972,237.85016590252508,191.3441338508628,3.189786583944432,
NSE,STOCK,SKIPPER,Skipper Limited,INE439E01022,,EQ,SKIPPER.NS,SIGNAL,LONG,2026-09-04 00:00:00,591.0999755859375,576.322476196289,620.6549743652344,14.777499389648483,29.554998779296852,1.9999999999999922,64.68023409344454,559.1940631503104,551.129207861276,546.806776336749,4.892161915181191,2.5977954921913207,7.4269433694062466,
NSE,STOCK,SKYGOLD,SKY GOLD AND DIAMONDS LIMITED,INE01IU01018,,EQ,SKYGOLD.NS,NO_SIGNAL,NO_SIGNAL,,,,,,,,47.00796770022829,772.247838884093,783.408653651695,758.4063500496618,25.730037938524447,38.88374071465445,0.6762635365324904,
NSE,STOCK,SMCGLOBAL,SMC Global Securities Limited,INE103C01036,,EQ,SMCGLOBAL.NS,NO_SIGNAL,NO_SIGNAL,,,,,,,,52.335221254251145,79.40473810854147,79.52998424457422,79.13044434297032,0.3931839220078359,0.675937070786358,1.069225509228481,
NSE,STOCK,SKMEGGPROD,SKM Egg Products Export (India) Limited,INE411D01023,,EQ,SKMEGGPROD.NS,NO_SIGNAL,NO_SIGNAL,,,,,,,,45.102912625674385,260.73258057771295,261.020490605934,263.8407117180073,-2.86754148296518,-4.275565968018128,0.6690365753017592,
NSE,STOCK,SMARTWORKS,Smartworks Coworking Spaces Limited,INE0NAZ01010,,EQ,SMARTWORKS.NS,NO_SIGNAL,NO_SIGNAL,,,,,,,,61.391211857413815,530.9132653324264,525.1850769487179,512.2864224164448,13.98289817032628,14.077049927760852,0.19314033223380447,
NSE,STOCK,SMSPHARMA,SMS Pharmaceuticals Limited,INE812G01025,,EQ,SMSPHARMA.NS,NO_SIGNAL,NO_SIGNAL,,,,,,,,54.6324611072201,369.5701799688609,365.7874274191704,367.8478292886288,-1.972804719733631,-4.648729467333704,0.33776906680694924,
NSE,STOCK,SOLARWORLD,Solarworld Energy Solutions Limited,INE0TY101024,,EQ,SOLARWORLD.NS,NO_SIGNAL,NO_SIGNAL,,,,,,,,35.10561972387096,147.86042895163732,150.60083520384043,158.88851393778373,-8.846705437222369,-9.960144009200741,0.6719287574995674,
NSE,STOCK,SOLARINDS,Solar Industries India Limited,INE343H01029,,EQ,SOLARINDS.NS,NO_SIGNAL,NO_SIGNAL,,,,,,,,72.13951209228308,20698.262232761736,20238.051719244726,19757.5684862873,526.6437094776993,444.53486890297796,2.7292615312204505,
NSE,STOCK,SOLARA,Solara Active Pharma Sciences Limited,INE624Z01016,,EQ,SOLARA.NS,NO_SIGNAL,NO_SIGNAL,,,,,,,,64.6158198701221,631.6984900556766,610.7289633828201,586.010411656544,27.464076707675872,21.55754164424843,0.3522416425211079,
NSE,STOCK,SONACOMS,Sona BLW Precision Forgings Limited,INE073K01018,,EQ,SONACOMS.NS,NO_SIGNAL,NO_SIGNAL,,,,,,,,50.51570406400152,797.1986758267669,801.7171792131995,788.995389901067,12.876794615496124,20.42459128667347,0.45077023870686056,
NSE,STOCK,SONATSOFTW,Sonata Software Limited,INE269A01021,,EQ,SONATSOFTW.NS,NO_SIGNAL,NO_SIGNAL,,,,,,,,39.63935234757585,288.4209153350621,296.3347119546928,301.7479972861522,-6.237857285419068,-2.950913709414049,0.8871094251784442,
NSE,STOCK,SOMANYCERA,Somany Ceramics Limited,INE355A01028,,EQ,SOMANYCERA.NS,NO_SIGNAL,NO_SIGNAL,,,,,,,,67.82727552335865,564.0328270433014,549.2381670794562,535.176154492198,15.6880790534766,11.224286643503653,0.19012640220589078,
NSE,STOCK,SONAMLTD,SONAM LIMITED,INE00LM01029,,BE,SONAMLTD.NS,NO_SIGNAL,NO_SIGNAL,,,,,,,,57.764571302667754,69.87586860163998,67.06217590230905,63.34163845624356,4.0984346082552605,3.4559610916002588,0.3569657797756749,
NSE,STOCK,SOTL,Savita Oil Technologies Limited,INE035D01020,,EQ,SOTL.NS,NO_SIGNAL,NO_SIGNAL,,,,,,,,59.210244981034265,731.0881984987973,710.6621361903568,688.5244300562528,24.00542472084703,21.547990395824645,0.441141480183771,
NSE,STOCK,SPECIALITY,Speciality Restaurants Limited,INE247M01014,,BE,SPECIALITY.NS,NO_SIGNAL,NO_SIGNAL,,,,,,,,44.96137225493454,138.87475643831792,140.95777319984055,140.11446662853174,0.7519215389890519,2.220683685034495,0.09658289903317052,
NSE,STOCK,SPARC,Sun Pharma Advanced Research Company Limited,INE232I01014,,EQ,SPARC.NS,NO_SIGNAL,NO_SIGNAL,,,,,,,,45.02099084669933,199.9039294179082,199.87609988951039,203.99118847085433,-4.272958709457612,-5.8485427381365245,0.6257785197767036,
NSE,STOCK,SPANDANA,Spandana Sphoorty Financial Limited,INE572J01011,,EQ,SPANDANA.NS,NO_SIGNAL,NO_SIGNAL,,,,,,,,36.4188349289188,238.26286679081815,242.00922505636623,248.71949658594525,-7.213345080534566,-7.5187988022856285,0.6312303611536652,
NSE,STOCK,SPIC,Southern Petrochemicals Industries Corporation  Limited,INE147A01011,,EQ,SPIC.NS,NO_SIGNAL,NO_SIGNAL,,,,,,,,64.44491200607499,70.19416641132,69.34669342726687,68.68940587641839,0.7348586481409853,0.49609246929925577,1.1911140622399061,
NSE,STOCK,SPAL,S. P. Apparels Limited,INE212I01016,,EQ,SPAL.NS,NO_SIGNAL,NO_SIGNAL,,,,,,,,59.951977105440186,1039.6617027609752,1006.8321948168094,999.5991736903381,9.1875479452749,-6.004144192364697,0.3639279021695033,
NSE,STOCK,SOUTHWEST,South West Pinnacle Exploration Limited,INE980Y01015,,EQ,SOUTHWEST.NS,NO_SIGNAL,NO_SIGNAL,,,,,,,,45.525156013361745,209.62233232668962,212.6485986441715,218.10579781838234,-5.941325756243344,-5.6549679225288525,1.0117062705910933,
NSE,STOCK,SPORTKING,Sportking India Limited,INE885H01029,,EQ,SPORTKING.NS,NO_SIGNAL,NO_SIGNAL,,,,,,,,62.33022418178931,227.43155731176415,222.23601414667488,215.84904196778555,6.973543736693301,6.0880641891047365,0.8403661131856397,
NSE,STOCK,SPLPETRO,Supreme Petrochem Limited,INE663A01033,,EQ,SPLPETRO.NS,SIGNAL,LONG,2026-09-04 00:00:00,771.0499877929688,751.7737380981445,809.6024871826172,19.276249694824287,38.55249938964846,1.999999999999994,66.93763611993458,736.3582039037209,721.1417525647316,716.8529028930095,5.183785680011738,-0.9220657183265886,7.520419110479396,
NSE,STOCK,SRF,SRF Limited,INE647A01010,,EQ,SRF.NS,NO_SIGNAL,NO_SIGNAL,,,,,,,,39.4606929943255,2581.1174926701324,2589.1358700009573,2610.7880356947594,-22.85526171657466,-27.119589186124898,1.3853431576034316,
NSE,STOCK,SSWL,Steel Strips Wheels Limited,INE802C01033,,EQ,SSWL.NS,NO_SIGNAL,NO_SIGNAL,,,,,,,,74.68225075619908,339.3449426361622,321.06913542591906,309.31050275172106,13.003196546811637,8.480641282735114,0.9691036274146634,
NSE,STOCK,STAR,Strides Pharma Science Limited,INE939A01011,,EQ,STAR.NS,NO_SIGNAL,NO_SIGNAL,,,,,,,,62.82926633533644,1042.3597433374377,1020.5999141797358,1016.5601084870368,5.5140609591989005,-5.773347493750697,0.4693031974372964,
NSE,STOCK,SPMLINFRA,SPML Infra Limited,INE937A01023,,EQ,SPMLINFRA.NS,NO_SIGNAL,NO_SIGNAL,,,,,,,,31.547911492844804,177.35735908003062,182.7134392034166,187.08055098622907,-4.866003168544239,-3.3300450019557757,1.0617353723239733,
NSE,STOCK,STANLEY,Stanley Lifestyles Limited,INE01A001028,,EQ,STANLEY.NS,NO_SIGNAL,NO_SIGNAL,,,,,,,,38.348651894253116,136.43694460853357,137.74470307745744,140.92721574416413,-3.416181671998629,-3.722975097548594,0.5157287970662935,
NSE,STOCK,STALLION,Stallion India Fluorochemicals Limited,INE0RYC01010,,BE,STALLION.NS,NO_SIGNAL,NO_SIGNAL,,,,,,,,36.80253011913709,209.84659782293056,217.78090611993565,224.0273302910816,-7.1519556337641745,-3.960751698201592,0.6799735197751033,
NSE,STOCK,STARHEALTH,Star Health and Allied Insurance Company Limited,INE575P01011,,EQ,STARHEALTH.NS,NO_SIGNAL,NO_SIGNAL,,,,,,,,36.04698502618913,562.5359869905673,570.1920209494684,575.219103957226,-5.7095891498761375,-3.0450065735280276,0.8036195404847953,
NSE,STOCK,STARCEMENT,Star Cement Limited,INE460H01021,,EQ,STARCEMENT.NS,NO_SIGNAL,NO_SIGNAL,,,,,,,,22.01947828812088,185.82347049482775,189.92713733018692,194.367753984838,-4.890221196689197,-3.962429304458265,0.31197486961027554,
NSE,STOCK,STEELCAS,Steelcast Limited,INE124E01038,,EQ,STEELCAS.NS,NO_SIGNAL,NO_SIGNAL,,,,,,,,39.4837194840322,332.2125176681745,338.52685379197777,335.579434434958,2.765772252468196,7.039039703496274,1.9954001945385695,
NSE,STOCK,STOVEKRAFT,Stove Kraft Limited,INE00IN01015,,EQ,STOVEKRAFT.NS,NO_SIGNAL,NO_SIGNAL,,,,,,,,58.11822228585896,834.2514032048837,818.3112529142267,802.257623660571,17.7700931341966,13.339444119007087,0.4894868767600813,
NSE,STOCK,SUDARSCHEM,Sudarshan Chemical Industries Limited,INE659A01023,,EQ,SUDARSCHEM.NS,NO_SIGNAL,NO_SIGNAL,,,,,,,,61.45699782243963,1238.5655338097358,1217.2179893829264,1168.7876585861968,52.19283008536604,54.04385117846739,0.2609524005749699,
NSE,STOCK,STLTECH,Sterlite Technologies Limited,INE089C01029,,BE,STLTECH.NS,NO_SIGNAL,NO_SIGNAL,,,,,,,,65.00106253488647,706.4650330275365,682.0295692699756,653.1144183359585,31.76326332237568,26.905671240682917,0.6721332089643773,
NSE,STOCK,STYL,Seshaasai Technologies Limited,INE04VU01023,,EQ,STYL.NS,NO_SIGNAL,NO_SIGNAL,,,,,,,,50.480699064304915,388.84512041059344,391.2549644860337,386.7524821683115,4.483347859111518,7.723115432169604,0.22981559771795063,
NSE,STOCK,SULA,Sula Vineyards Limited,INE142Q01026,,EQ,SULA.NS,NO_SIGNAL,NO_SIGNAL,,,,,,,,46.96589016145328,148.17716775167816,148.40716182976647,150.0857254425541,-1.7976505997013987,-2.108197970668294,0.6196928728088947,
NSE,STOCK,SUDEEPPHRM,Sudeep Pharma Limited,INE0QPI01025,,EQ,SUDEEPPHRM.NS,NO_SIGNAL,NO_SIGNAL,,,,,,,,85.43084909483075,1263.9606552432501,1192.2251401734545,1113.0491751157092,86.5271520626834,74.84756145421491,0.7961852877116284,
NSE,STOCK,STYLEBAAZA,Baazar Style Retail Limited,INE01FR01028,,EQ,STYLEBAAZA.NS,NO_SIGNAL,NO_SIGNAL,,,,,,,,59.55675953626062,398.2590180855812,393.0123554254783,372.30657451994796,22.175935724480723,25.18587713952528,0.5011029372036625,
NSE,STOCK,SUNSHINE,Sunshine Pictures Limited,INE1B3O01011,,EQ,SUNSHINE.NS,INSUFFICIENT_DATA,,,,,,,,,,,,,,,,INSUFFICIENT_DATA_ROWS_9
NSE,STOCK,SUMICHEM,Sumitomo Chemical India Limited,INE258G01013,,EQ,SUMICHEM.NS,NO_SIGNAL,NO_SIGNAL,,,,,,,,35.618494912900516,504.1715765806485,517.4449642026843,522.0558321483518,-5.685095808946926,0.8079143578970851,0.41252789489063585,
NSE,STOCK,SUNFLAG,Sunflag Iron And Steel Company Limited,INE947A01014,,EQ,SUNFLAG.NS,NO_SIGNAL,NO_SIGNAL,,,,,,,,44.22570369875038,345.5892733950439,349.4219217829746,353.332917687605,-4.393905979438102,-3.00497184289054,0.889201700910578,
NSE,STOCK,SUNDRMFAST,Sundram Fasteners Limited,INE387A01021,,EQ,SUNDRMFAST.NS,NO_SIGNAL,NO_SIGNAL,,,,,,,,64.26909955696016,1203.7774475951878,1198.8902012743108,1156.4480499690656,44.61553134629207,56.60096445289936,0.3829083932684987,
NSE,STOCK,SUNPHARMA,Sun Pharmaceutical Industries Limited,INE044A01036,,EQ,SUNPHARMA.NS,NO_SIGNAL,NO_SIGNAL,,,,,,,,44.616431783695944,1918.0488714749451,1921.6080078482898,1923.4815882756286,-2.157441031007693,-1.483346349002457,0.49424649438100565,
NSE,STOCK,SUNTECK,Sunteck Realty Limited,INE805D01034,,EQ,SUNTECK.NS,NO_SIGNAL,NO_SIGNAL,,,,,,,,44.52172190888588,300.3614692614161,302.01632255441007,302.97453144612143,-1.0279332071184513,-0.859663376847698,0.6090802727343947,
NSE,STOCK,SUNTV,Sun TV Network Limited,INE424H01027,,EQ,SUNTV.NS,NO_SIGNAL,NO_SIGNAL,,,,,,,,38.900408461366716,465.0734613059924,470.2106847381941,477.9068595004002,-8.375216148587924,-7.819665148209547,0.3617665698058807,
NSE,STOCK,SUPRAJIT,Suprajit Engineering Limited,INE399C01030,,EQ,SUPRAJIT.NS,NO_SIGNAL,NO_SIGNAL,,,,,,,,37.11310311454456,499.29456918013847,505.00538589117264,505.81932026060406,-1.2490943123092393,2.051204902706374,0.5887941755329041,
NSE,STOCK,SURAJEST,Suraj Estate Developers Limited,INE843S01025,,EQ,SURAJEST.NS,NO_SIGNAL,NO_SIGNAL,,,,,,,,26.36541958828566,187.75617359962263,194.00636867512657,197.24627038355274,-3.7435682055765653,-1.3277080555303786,2.210397880946086,
NSE,STOCK,SUPRIYA,Supriya Lifescience Limited,INE07RO01027,,EQ,SUPRIYA.NS,NO_SIGNAL,NO_SIGNAL,,,,,,,,55.93769076347297,832.5098393691526,820.280938973819,828.7138184880479,-8.3196382396726,-16.842572511921265,0.8624279927223265,
NSE,STOCK,SURYAROSNI,Surya Roshni Limited,INE335A01020,,EQ,SURYAROSNI.NS,NO_SIGNAL,NO_SIGNAL,,,,,,,,30.856458035243037,217.38402314328098,220.07292172791423,225.72203084862792,-6.0593209447306435,-6.448357638003678,0.5913675431996818,
NSE,STOCK,SURYODAY,Suryoday Small Finance Bank Limited,INE428Q01011,,EQ,SURYODAY.NS,NO_SIGNAL,NO_SIGNAL,,,,,,,,42.5233776743882,153.2486978184844,154.89642066451705,158.82851118278012,-4.19375778062826,-4.673954849897086,0.41862590704931407,
NSE,STOCK,SUPREMEIND,Supreme Industries Limited,INE195A01028,,EQ,SUPREMEIND.NS,NO_SIGNAL,NO_SIGNAL,,,,,,,,44.72193328882872,3525.5837541152705,3549.680556347682,3533.5805642594505,15.90570808082066,32.53280070571844,0.6871611098950914,
NSE,STOCK,SURAKSHA,Suraksha Diagnostic Limited,INE877V01027,,EQ,SURAKSHA.NS,NO_SIGNAL,NO_SIGNAL,,,,,,,,72.28093044048101,338.29950917104384,326.1987296685692,308.3086932225932,19.58073786772883,17.782350656487214,0.1737173654713983,
NSE,STOCK,SUVEN,Suven Life Sciences Limited,INE495B01038,,EQ,SUVEN.NS,NO_SIGNAL,NO_SIGNAL,,,,,,,,60.20263526700609,376.9332940730563,368.2509444331207,354.13080428153455,15.349548319687756,14.590124154717396,0.5229755902541168,
NSE,STOCK,SYMBIOTEC,Symbiotec Pharmalab Limited,INE899I01028,,EQ,SYMBIOTEC.NS,INSUFFICIENT_DATA,,,,,,,,,,,,,,,,INSUFFICIENT_DATA_ROWS_3
NSE,STOCK,SWIGGY,Swiggy Limited,INE00H001014,,EQ,SWIGGY.NS,NO_SIGNAL,NO_SIGNAL,,,,,,,,49.21221990076138,274.5295224835414,277.3195579934898,277.0811200703316,0.06460455493157724,1.8301064954307642,8.404612865477882,
NSE,STOCK,SWARAJ,Swaraj Suiting Limited,INE0GMR01016,,BE,SWARAJ.NS,NO_SIGNAL,NO_SIGNAL,,,,,,,,44.54727485482824,359.7060898111046,364.01625665692404,360.90573274201523,2.929103055268172,6.633383140846957,0.4031567008854727,
NSE,STOCK,SWANCORP,SWAN CORP LIMITED,INE665A01038,,EQ,SWANCORP.NS,NO_SIGNAL,NO_SIGNAL,,,,,,,,25.264278219165305,289.42272417918423,296.065045314547,301.3235855412147,-5.85045314888373,-4.011845231376466,0.9710368061007479,
NSE,STOCK,SYNGENE,Syngene International Limited,INE398R01022,,EQ,SYNGENE.NS,NO_SIGNAL,NO_SIGNAL,,,,,,,,46.15431280960142,401.6472349123129,403.0483346536011,405.34675356153167,-2.4114298425311063,-2.7499610542492494,0.5211981335747228,
NSE,STOCK,SWSOLAR,Sterling and Wilson Renewable Energy Limited,INE00M201021,,EQ,SWSOLAR.NS,NO_SIGNAL,NO_SIGNAL,,,,,,,,32.07908024466897,189.5656621143249,193.76099613882053,199.28624900214422,-5.990191923724893,-5.6116022317373275,0.9210453569988766,
NSE,STOCK,SYRMA,Syrma SGS Technology Limited,INE0DYJ01015,,EQ,SYRMA.NS,NO_SIGNAL,NO_SIGNAL,,,,,,,,52.13645855639803,1450.5421419493052,1454.604659260122,1442.572383150471,12.298799452401909,18.983034198238368,0.5333411184643453,
NSE,STOCK,TANLA,Tanla Platforms Limited,INE483C01032,,EQ,TANLA.NS,NO_SIGNAL,NO_SIGNAL,,,,,,,,34.685947529038884,529.4359465393994,546.2761087593879,559.3208442939846,-14.822607028608786,-8.611821297938999,1.5073476032204232,
NSE,STOCK,TALBROAUTO,Talbros Automotive Components Limited,INE187D01029,,EQ,TALBROAUTO.NS,NO_SIGNAL,NO_SIGNAL,,,,,,,,50.47608711252329,409.9725266047672,411.65441467947556,411.6253855145749,-0.16787598734799758,1.3600141341385827,0.39457236401353757,
NSE,STOCK,TARMAT,Tarmat Limited,INE924H01018,,EQ,TARMAT.NS,NO_SIGNAL,NO_SIGNAL,,,,,,,,63.496641705471426,61.61812242506729,58.66839514449285,56.24640997338382,2.692489175728916,1.8890471995373552,3.265694070782526,
NSE,STOCK,TARIL,Transformers And Rectifiers (India) Limited,INE763I01026,,EQ,TARIL.NS,NO_SIGNAL,NO_SIGNAL,,,,,,,,47.732248517613435,302.89921241794895,302.43536384085587,303.2581640170925,-0.7185652596662635,-1.9021997381089988,0.3970850640941221,
NSE,STOCK,TATACAP,Tata Capital Limited,INE976I01016,,EQ,TATACAP.NS,NO_SIGNAL,NO_SIGNAL,,,,,,,,59.61934192632669,371.18683227313875,369.1511222905423,366.1560231866837,3.2130102342109694,3.2315394190199362,1.269099376647726,
NSE,STOCK,TATACHEM,Tata Chemicals Limited,INE092A01019,,EQ,TATACHEM.NS,NO_SIGNAL,NO_SIGNAL,,,,,,,,35.540246443312014,634.4905762408985,640.5223281941846,651.7590082808471,-12.048108805305787,-12.69995147269151,1.6469279116526263,
NSE,STOCK,TARC,TARC Limited,INE0EK901012,,EQ,TARC.NS,NO_SIGNAL,NO_SIGNAL,,,,,,,,55.75344625943915,123.50634443010273,122.77675573484511,124.00329119211347,-1.298562996895626,-1.7982119835077257,0.583234602187536,
NSE,STOCK,TARSONS,Tarsons Products Limited,INE144Z01023,,EQ,TARSONS.NS,NO_SIGNAL,NO_SIGNAL,,,,,,,,53.87615830883484,339.1288355463166,337.3154194437263,329.4828677038341,8.23072791019706,10.104627123680212,0.22472694177515806,
NSE,STOCK,TATACOMM,Tata Communications Limited,INE151A01013,,EQ,TATACOMM.NS,NO_SIGNAL,NO_SIGNAL,,,,,,,,54.013021285243845,1722.2707489838808,1712.247043352866,1728.9185196044405,-16.79241280365318,-28.153959465372274,1.0420055059641675,
NSE,STOCK,TATAINVEST,Tata Investment Corporation Limited,INE672A01026,,EQ,TATAINVEST.NS,NO_SIGNAL,NO_SIGNAL,,,,,,,,40.297004866912495,636.5898487612415,643.9205162329142,651.9547980847034,-8.908623853857648,-6.927389705847195,0.4368534653970524,
NSE,STOCK,TATACONSUM,TATA CONSUMER PRODUCTS LIMITED,INE192A01025,,EQ,TATACONSUM.NS,NO_SIGNAL,NO_SIGNAL,,,,,,,,32.80467677868923,1021.1742525318099,1038.316760285209,1055.6793924970432,-19.143583788960086,-15.174608871459888,0.8463702527120043,
NSE,STOCK,TATAELXSI,Tata Elxsi Limited,INE670A01012,,EQ,TATAELXSI.NS,NO_SIGNAL,NO_SIGNAL,,,,,,,,39.81527739335837,3594.079055402334,3632.438823757205,3662.4527098798385,-33.36882868204202,-21.954547735483487,1.1997899045728178,
NSE,STOCK,TATATECH,Tata Technologies Limited,INE142M01025,,EQ,TATATECH.NS,NO_SIGNAL,NO_SIGNAL,,,,,,,,48.562631906319204,808.4198550958045,812.4570449668286,805.497507891035,6.927277721620953,12.211698595167181,0.7899553976367534,
NSE,STOCK,TATASTEEL,Tata Steel Limited,INE081A01020,,EQ,TATASTEEL.NS,NO_SIGNAL,NO_SIGNAL,,,,,,,,55.99896525822253,185.97835015121575,185.7836132126351,186.38937294462932,-0.6249588853745252,-0.8867703273506179,1.3119715637536618,
NSE,STOCK,TATAPOWER,Tata Power Company Limited,INE245A01021,,EQ,TATAPOWER.NS,NO_SIGNAL,NO_SIGNAL,,,,,,,,47.978761155370414,362.7770329733648,364.5791916460471,369.5877514289691,-5.453915073973917,-5.321726929240995,0.6842528819546322,
NSE,STOCK,TCS,Tata Consultancy Services Limited,INE467B01029,,EQ,TCS.NS,NO_SIGNAL,NO_SIGNAL,,,,,,,,48.16763259612946,2325.9710744141353,2327.0108804937236,2320.8401750499684,6.015979841969511,9.742057489729257,0.9994307779400631,
NSE,STOCK,TECHNOCRAF,Technocraft Ventures Limited,INE1D0W01018,,EQ,TECHNOCRAF.NS,INSUFFICIENT_DATA,,,,,,,,,,,,,,,,INSUFFICIENT_DATA_ROWS_15
NSE,STOCK,TBOTEK,TBO Tek Limited,INE673O01025,,EQ,TBOTEK.NS,NO_SIGNAL,NO_SIGNAL,,,,,,,,54.797201359757196,1708.3101591439286,1696.6413677267306,1656.877753365311,42.25147965775932,48.675855531105135,0.3908735195176452,
NSE,STOCK,TECHM,Tech Mahindra Limited,INE669C01036,,EQ,TECHM.NS,NO_SIGNAL,NO_SIGNAL,,,,,,,,49.150796189578095,1608.106120666306,1608.885400185699,1601.2229436438374,7.7487930433192105,11.337254025425466,0.5348192040307841,
NSE,STOCK,TBZ,Tribhovandas Bhimji Zaveri Limited,INE760L01018,,EQ,TBZ.NS,NO_SIGNAL,NO_SIGNAL,,,,,,,,87.21709202194174,414.54583980742575,352.2193055281741,313.23203925854443,43.94856052151101,23.7990211251052,0.8524837911613858,
NSE,STOCK,TDPOWERSYS,TD Power Systems Limited,INE419M01035,,EQ,TDPOWERSYS.NS,NO_SIGNAL,NO_SIGNAL,,,,,,,,56.60292938911399,740.5330009026867,737.5181767250991,709.2229686043448,29.929624616633532,37.23821845648184,0.39283934009933646,
NSE,STOCK,TEMPSENS,Tempsens Instruments (India) Limited,INE1KZI01025,,EQ,TEMPSENS.NS,INSUFFICIENT_DATA,,,,,,,,,,,,,,,,INSUFFICIENT_DATA_ROWS_6
NSE,STOCK,TEJASNET,Tejas Networks Limited,INE010J01012,,EQ,TEJASNET.NS,NO_SIGNAL,NO_SIGNAL,,,,,,,,72.22854369660305,571.3669428404062,547.0966460538507,538.5701230634029,10.194718665189384,0.2043910193617,5.105752401262615,
NSE,STOCK,TECHNOE,Techno Electric & Engineering Company Limited,INE285K01026,,EQ,TECHNOE.NS,NO_SIGNAL,NO_SIGNAL,,,,,,,,43.650509567139494,980.5333588562416,989.1258508893943,997.4098655954497,-9.004840810475343,-7.7627238062393475,0.4789142401034057,
NSE,STOCK,TEXINFRA,Texmaco Infrastructure & Holdings Limited,INE435C01024,,EQ,TEXINFRA.NS,NO_SIGNAL,NO_SIGNAL,,,,,,,,69.53326448052223,113.82562814634514,112.05833944820638,111.56392122006775,0.5929512219264979,-0.12401560759342584,5.050404730006178,
NSE,STOCK,TENNIND,Tenneco Clean Air India Limited,INE19RI01016,,EQ,TENNIND.NS,NO_SIGNAL,NO_SIGNAL,,,,,,,,34.39277693247354,524.9468669891401,536.2989002710472,544.4795262340217,-9.11658216183514,-5.812862472045513,0.15281611543437912,
NSE,STOCK,TGVSL,TGV Sraac Limited,INE284B01028,,EQ,TGVSL.NS,INSUFFICIENT_DATA,,,,,,,,,,,,,,,,INSUFFICIENT_DATA_ROWS_13
NSE,STOCK,TEMBO,Tembo Global Industries Limited,INE869Y01028,,EQ,TEMBO.NS,NO_SIGNAL,NO_SIGNAL,,,,,,,,51.71989386271434,57.31285192406908,57.74463624146619,57.97129996610205,-0.2789264152162332,-0.00023813250792564106,3.5254210587012653,
NSE,STOCK,TEGA,Tega Industries Limited,INE011K01018,,EQ,TEGA.NS,NO_SIGNAL,NO_SIGNAL,,,,,,,,38.87606945774863,1577.8276435216758,1620.4748025130937,1634.4259374027567,-16.589549710821757,1.4854745948478727,0.18536196870872376,
NSE,STOCK,TEXRAIL,Texmaco Rail & Engineering Limited,INE621L01012,,EQ,TEXRAIL.NS,NO_SIGNAL,NO_SIGNAL,,,,,,,,65.22272843936359,113.32435504697283,110.65522197652778,109.7522578331188,1.0925020810534534,-0.11302125132727711,2.0204167061563294,
NSE,STOCK,TFCILTD,Tourism Finance Corporation of India Limited,INE305A01023,,EQ,TFCILTD.NS,NO_SIGNAL,NO_SIGNAL,,,,,,,,77.07248133350114,143.346815085525,137.40462766578696,126.81744565114042,11.425093965050564,11.492894947966429,0.5628389316418315,
NSE,STOCK,THANGAMAYL,Thangamayil Jewellery Limited,INE085J01014,,EQ,THANGAMAYL.NS,NO_SIGNAL,NO_SIGNAL,,,,,,,,43.9001717181099,5330.365045410733,5384.609605481772,5492.966011314591,-115.1828123800442,-128.29692667016337,0.6294030973247586,
NSE,STOCK,THEMISMED,Themis Medicare Limited,INE083B01024,,EQ,THEMISMED.NS,NO_SIGNAL,NO_SIGNAL,,,,,,,,63.54992006840998,123.96859964199004,119.86712565300519,116.14728840993828,4.177915284780752,2.7392454779059188,0.3000609742285821,
NSE,STOCK,THELEELA,Leela Palaces Hotels & Resorts Limited,INE0AQ201015,,EQ,THELEELA.NS,NO_SIGNAL,NO_SIGNAL,,,,,,,,67.42836452973151,565.8996645964475,552.7797421472765,534.4419053677613,20.020087264044264,18.101776811272074,0.8212322359279058,
NSE,STOCK,THERMAX,Thermax Limited,INE152A01029,,EQ,THERMAX.NS,NO_SIGNAL,NO_SIGNAL,,,,,,,,27.090884708628764,3827.896372544382,3925.6304448175288,4054.207719142442,-138.73090386100785,-133.66703584489215,1.038592966341777,
NSE,STOCK,THOMASCOTT,Thomas Scott (India) Limited,INE480M01011,,EQ,THOMASCOTT.NS,NO_SIGNAL,NO_SIGNAL,,,,,,,,35.64569863176796,267.46688419683767,279.3401420482991,290.2953131390148,-12.246769054052379,-8.58075530387928,0.23607420785046673,
NSE,STOCK,THOMASCOOK,Thomas Cook  (India)  Limited,INE332A01027,,EQ,THOMASCOOK.NS,NO_SIGNAL,NO_SIGNAL,,,,,,,,59.25472238347352,108.50579897755122,107.86851176302262,106.86017617272584,1.0909854605634735,1.097588012516951,0.8537122119382197,
NSE,STOCK,TIINDIA,Tube Investments of India Limited,INE974X01010,,EQ,TIINDIA.NS,NO_SIGNAL,NO_SIGNAL,,,,,,,,39.820371029560526,2765.815517204715,2806.526966852632,2829.9617905655905,-25.935040223670057,-14.906544433236828,0.4695336891258608,
NSE,STOCK,THYROCARE,Thyrocare Technologies Limited,INE594H01019,,EQ,THYROCARE.NS,NO_SIGNAL,NO_SIGNAL,,,,,,,,47.39445912156644,584.3523568690664,589.2113936079948,587.6266706990557,1.2492160606125253,5.130730193344371,0.24920656513529266,
NSE,STOCK,TI,Tilaknagar Industries Limited,INE133E01013,,EQ,TI.NS,NO_SIGNAL,NO_SIGNAL,,,,,,,,49.9462158378614,546.5741871681257,551.2475460865422,536.5439810505382,15.145307985433305,22.65521338665397,0.4487943535651781,
NSE,STOCK,TIL,TIL Limited,INE806C01018,,BE,TIL.NS,NO_SIGNAL,NO_SIGNAL,,,,,,,,56.928446968295496,238.31979157334615,237.49289069992741,235.02308899450412,2.5637990902966976,3.2314132882045,0.7454380932320657,
NSE,STOCK,TIPSMUSIC,Tips Music Limited,INE716B01029,,EQ,TIPSMUSIC.NS,NO_SIGNAL,NO_SIGNAL,,,,,,,,48.138149893644346,645.2651993418933,649.6476793396271,656.2820571261802,-7.25142764346117,-6.67231649631736,1.6306417429932294,
NSE,STOCK,TIMETECHNO,Time Technoplast Limited,INE508G01029,,EQ,TIMETECHNO.NS,NO_SIGNAL,NO_SIGNAL,,,,,,,,45.50790955090213,188.4310601968505,189.69548764860903,192.21764348798098,-2.8092161750070943,-2.469266356922936,0.6136257118469657,
NSE,STOCK,TIMEX,Timex Group India Limited,INE064A01026,,EQ,TIMEX.NS,NO_SIGNAL,NO_SIGNAL,,,,,,,,67.9578344373605,654.0113314368541,629.8960891446206,602.6907710722485,29.98998431230791,24.26697990835763,0.9032329745792036,
NSE,STOCK,TIRUMALCHM,Thirumalai Chemicals Limited,INE338A01024,,EQ,TIRUMALCHM.NS,NO_SIGNAL,NO_SIGNAL,,,,,,,,44.554531601692,158.39765799245419,158.979471607094,160.98460625434848,-2.1180489419076878,-2.5803682202154747,0.3687793419365224,
NSE,STOCK,TIRUPATIFL,Tirupati Forge Limited,INE319Y01024,,BE,TIRUPATIFL.NS,NO_SIGNAL,NO_SIGNAL,,,,,,,,50.502714664894896,68.1340195270165,68.38510153437062,68.27411203679368,0.08855452573754974,0.27555076674463613,0.9279200214386158,
NSE,STOCK,TNPETRO,Tamilnadu PetroProducts Limited,INE148A01019,,EQ,TNPETRO.NS,NO_SIGNAL,NO_SIGNAL,,,,,,,,82.359581062101,129.32050174543105,120.59456007036118,113.4110683776708,7.960162832792236,5.773156164372503,1.0739798919770274,
NSE,STOCK,TITAGARH,TITAGARH RAIL SYSTEMS LIMITED,INE615H01020,,EQ,TITAGARH.NS,NO_SIGNAL,NO_SIGNAL,,,,,,,,59.65385131520601,846.4603910204501,839.5167413335998,840.0354698547965,-0.2744846077159764,-3.3831597452457576,5.779262762394256,
NSE,STOCK,TNPL,Tamil Nadu Newsprint & Papers Limited,INE107A01015,,EQ,TNPL.NS,SIGNAL,LONG,2026-09-04 00:00:00,155.75,151.85625,163.5375,3.8937500000000114,7.787499999999994,1.9999999999999927,64.31801188346698,150.37552699907144,146.70364102034898,146.27459780358885,0.5938512651605095,-0.9931595045290061,1.1743917925539376,
NSE,STOCK,TMCV,Tata Motors Limited,INE1TAE01010,,EQ,TMCV.NS,NO_SIGNAL,NO_SIGNAL,,,,,,,,50.373414176308906,460.4561974409561,463.9297766563824,458.1686357621351,5.808729308338286,9.854861480553625,0.7310101739088062,
NSE,STOCK,TORNTPHARM,Torrent Pharmaceuticals Limited,INE685A01028,,EQ,TORNTPHARM.NS,NO_SIGNAL,NO_SIGNAL,,,,,,,,47.56634375910647,4968.356646066288,4965.210308944146,4944.371603398259,21.886687129595884,25.724635149652627,1.026572495373164,
NSE,STOCK,TMPV,Tata Motors Passenger Vehicles Limited,INE155A01022,,EQ,TMPV.NS,NO_SIGNAL,NO_SIGNAL,,,,,,,,35.16576447844484,312.2520804715021,316.6516266509115,323.7409371341019,-7.710244445570709,-7.2750504664606686,0.4174643907134755,
NSE,STOCK,TMB,Tamilnad Mercantile Bank Limited,INE668A01016,,EQ,TMB.NS,NO_SIGNAL,NO_SIGNAL,,,,,,,,67.38739737436714,916.9189360886033,895.8725492154499,874.6906105441618,23.198487090495405,19.0367195436151,1.6679453369171762,
NSE,STOCK,TITAN,Titan Company Limited,INE280A01028,,EQ,TITAN.NS,NO_SIGNAL,NO_SIGNAL,,,,,,,,53.01253845664391,5068.451804564416,5071.4274910837785,5004.465967685724,69.51930458970492,94.4374753274924,0.7084990572661468,
NSE,STOCK,TORNTPOWER,Torrent Power Limited,INE813H01021,,EQ,TORNTPOWER.NS,NO_SIGNAL,NO_SIGNAL,,,,,,,,51.57311421620434,1267.8863968402734,1263.9261761492357,1290.968742225299,-28.45816475710626,-37.336603490014596,0.9183711680620574,
NSE,STOCK,TPLPLASTEH,TPL Plastech Limited,INE413G01022,,EQ,TPLPLASTEH.NS,NO_SIGNAL,NO_SIGNAL,,,,,,,,39.4185661984754,72.84836295210894,75.00852331300007,76.2576143396184,-1.4344319499127351,-0.603519711879008,0.781196883326258,
NSE,STOCK,TURTLEMINT,Turtlemint Fintech Solutions Limited,INE0OC301013,,EQ,TURTLEMINT.NS,INSUFFICIENT_DATA,,,,,,,,,,,,,,,,INSUFFICIENT_DATA_ROWS_49
NSE,STOCK,TRAVELFOOD,Travel Food Services Limited,INE103V01028,,EQ,TRAVELFOOD.NS,NO_SIGNAL,NO_SIGNAL,,,,,,,,41.2646621687697,1284.229241769585,1302.620811638869,1314.394902860255,-13.566487416882865,-5.890247299458252,0.207340584439523,
NSE,STOCK,TRUALT,TruAlt Bioenergy Limited,INE0MWH01014,,EQ,TRUALT.NS,NO_SIGNAL,NO_SIGNAL,,,,,,,,36.583439403725606,428.51242687148846,437.5767444830835,444.3704627425818,-7.708052524532263,-4.1576965380841715,0.5276903834033031,
NSE,STOCK,TRITURBINE,Triveni Turbine Limited,INE152M01016,,EQ,TRITURBINE.NS,NO_SIGNAL,NO_SIGNAL,,,,,,,,39.68523448677784,573.3818974077819,579.5392573420708,591.1599627258191,-12.48667381382279,-12.952859230613935,0.40902800618805163,
NSE,STOCK,TRIVENI,Triveni Engineering & Industries Limited,INE256C01024,,EQ,TRIVENI.NS,NO_SIGNAL,NO_SIGNAL,,,,,,,,45.96249188725757,283.1512023938957,282.37763124529664,288.57079235026396,-6.0150408347570306,-10.572208596965176,0.4339977252726764,
NSE,STOCK,TRANSRAILL,Transrail Lighting Limited,INE454P01035,,EQ,TRANSRAILL.NS,NO_SIGNAL,NO_SIGNAL,,,,,,,,26.135961690519864,435.6109991063565,449.3378587986194,462.20068860181516,-14.19184499020679,-10.995918899028108,0.7191615609428271,
NSE,STOCK,TRENT,Trent Limited,INE849A01020,,EQ,TRENT.NS,NO_SIGNAL,NO_SIGNAL,,,,,,,,32.642714094568845,2853.7662670195873,2894.4896645789017,2928.639669101639,-38.1562262181028,-25.938359171584842,0.6680338881315179,
NSE,STOCK,TVSMOTOR,TVS Motor Company Limited,INE494B01023,,EQ,TVSMOTOR.NS,NO_SIGNAL,NO_SIGNAL,,,,,,,,42.08087646836721,4210.519072912919,4277.1944745741,4242.068926796965,32.085839549226876,85.17078424091238,0.47375242346049234,
NSE,STOCK,UGARSUGAR,The Ugar Sugar Works Limited,INE071E01023,,EQ,UGARSUGAR.NS,NO_SIGNAL,NO_SIGNAL,,,,,,,,54.484535572175595,54.939484190839295,53.72532661282647,50.94157206402348,2.994445958870706,3.173758914209341,1.1264245670272806,
NSE,STOCK,UDS,Updater Services Limited,INE851I01011,,EQ,UDS.NS,NO_SIGNAL,NO_SIGNAL,,,,,,,,80.44449624020216,232.87259416471076,225.49804363086497,218.09180754056325,8.132291014977511,6.615659948960297,1.0514351268330604,
NSE,STOCK,UGROCAP,Ugro Capital Limited,INE583D01011,,EQ,UGROCAP.NS,NO_SIGNAL,NO_SIGNAL,,,,,,,,36.34183506294908,85.90384813504724,87.39344301904747,89.65193883857081,-2.4653114735299795,-2.275209912913529,2.4805910164565366,
NSE,STOCK,TVSSCS,TVS Supply Chain Solutions Limited,INE395N01027,,EQ,TVSSCS.NS,NO_SIGNAL,NO_SIGNAL,,,,,,,,50.4024732995279,127.71439220536202,128.10018991235935,129.18118501369707,-1.1398808892526802,-1.3913026573668947,0.32871617424729216,
NSE,STOCK,UFLEX,UFLEX Limited,INE516A01017,,EQ,UFLEX.NS,NO_SIGNAL,NO_SIGNAL,,,,,,,,75.40681896004804,668.4271172119026,630.7636185502364,584.2729498014754,50.888088610209934,44.595716892441224,0.6084324502849301,
NSE,STOCK,ULTRACEMCO,UltraTech Cement Limited,INE481G01011,,EQ,ULTRACEMCO.NS,NO_SIGNAL,NO_SIGNAL,,,,,,,,35.62151177606289,11406.15939854264,11525.46412307492,11613.087099619168,-99.17826967909423,-59.94597624871714,1.0666196462011384,
NSE,STOCK,UJJIVANSFB,Ujjivan Small Finance Bank Limited,INE551W01018,,EQ,UJJIVANSFB.NS,NO_SIGNAL,NO_SIGNAL,,,,,,,,38.03199769248678,65.00003588600978,67.19863409822696,67.95269072662896,-0.9350445866596431,0.1600968749508487,0.8180614751530589,
NSE,STOCK,UNICHEMLAB,Unichem Laboratories Limited,INE351A01035,,EQ,UNICHEMLAB.NS,NO_SIGNAL,NO_SIGNAL,,,,,,,,54.34776993447849,551.319615010607,542.9347055610135,535.5697880193236,8.147922368645027,5.699913395926003,0.20776750076323794,
NSE,STOCK,UNIONBANK,Union Bank of India,INE692A01016,,EQ,UNIONBANK.NS,NO_SIGNAL,NO_SIGNAL,,,,,,,,57.36319334459268,187.22589127160117,186.0815374921341,183.35393696096006,2.905574079012183,3.251943907653771,0.7760303259582573,
NSE,STOCK,ULTRAMAR,Ultramarine & Pigments Limited,INE405A01021,,EQ,ULTRAMAR.NS,NO_SIGNAL,NO_SIGNAL,,,,,,,,59.60651164010585,432.6521397334618,422.48428297595757,411.39930909299187,12.220552446773183,9.909440348730389,0.47551919207161764,
NSE,STOCK,UNIECOM,Unicommerce Esolutions Limited,INE00U401027,,EQ,UNIECOM.NS,NO_SIGNAL,NO_SIGNAL,,,,,,,,48.27922434422403,86.52107107784016,86.59726219951152,86.57615301203809,0.023235919982795394,0.045859186512569476,0.2256337094786656,
NSE,STOCK,UNITDSPR,United Spirits Limited,INE854D01024,,EQ,UNITDSPR.NS,NO_SIGNAL,NO_SIGNAL,,,,,,,,46.97411967683732,1489.5944834756044,1506.6279980107083,1500.914331436774,4.771660502235136,17.48397453202999,1.1931505947855656,
NSE,STOCK,UNIMECH,Unimech Aerospace and Manufacturing Limited,INE0U3I01011,,EQ,UNIMECH.NS,NO_SIGNAL,NO_SIGNAL,,,,,,,,57.31098747357379,1471.9683245274764,1469.9748975817192,1427.099895071477,44.95464896891235,58.31222688379356,0.6366042547592753,
NSE,STOCK,UNIPARTS,Uniparts India Limited,INE244O01017,,EQ,UNIPARTS.NS,NO_SIGNAL,NO_SIGNAL,,,,,,,,70.25076421937649,883.0509261451446,852.0246811053439,816.080534086746,39.18077833294444,34.54916338789882,0.6795829901450353,
NSE,STOCK,UNIVCABLES,Universal Cables Limited,INE279A01012,,EQ,UNIVCABLES.NS,NO_SIGNAL,NO_SIGNAL,,,,,,,,57.270705154527384,1633.7284765782504,1623.6140959292866,1564.4889177396017,62.08189125699164,78.36816257342667,0.2876811344917467,
NSE,STOCK,UNIVASTU,Univastu India Limited,INE562X01013,,BE,UNIVASTU.NS,NO_SIGNAL,NO_SIGNAL,,,,,,,,64.28636151145518,161.8067701021947,159.64781796426766,151.68506516942932,8.367343425552377,10.33354376230255,0.7697113098208677,
NSE,STOCK,UTLSOLAR,Fujiyama Power Systems Limited,INE12UR01024,,EQ,UTLSOLAR.NS,NO_SIGNAL,NO_SIGNAL,,,,,,,,51.1523653818976,435.8318006834532,439.7243269101252,428.18508136112496,11.887374918585579,17.78638394731511,0.3441522847934585,
NSE,STOCK,UPL,UPL Limited,INE628A01036,,EQ,UPL.NS,NO_SIGNAL,NO_SIGNAL,,,,,,,,53.267719739720526,577.0617821674823,575.4481104934662,578.8936255300833,-3.5092395224293114,-5.556513013139188,0.8354230182636312,
NSE,STOCK,UTIAMC,UTI Asset Management Company Limited,INE094J01016,,EQ,UTIAMC.NS,NO_SIGNAL,NO_SIGNAL,,,,,,,,40.5255868355254,880.6555573378826,887.4303342299802,897.311556625121,-10.697090797796477,-10.209790559899869,0.5354744692402206,
NSE,STOCK,USHAMART,Usha Martin Limited,INE228A01035,,EQ,USHAMART.NS,NO_SIGNAL,NO_SIGNAL,,,,,,,,58.85397076626521,507.2252695759638,501.5068129418166,500.52583997368987,1.2543158532096754,-1.1147030385818297,2.251451338378885,
NSE,STOCK,UNOMINDA,UNO Minda Limited,INE405E01023,,EQ,UNOMINDA.NS,NO_SIGNAL,NO_SIGNAL,,,,,,,,51.98747091814635,1258.6789205769508,1259.3249183977657,1244.0392714939305,15.853026931684099,21.718364245298204,0.7833505668313645,
NSE,STOCK,URBANCO,Urban Company Limited,INE0CAZ01013,,EQ,URBANCO.NS,NO_SIGNAL,NO_SIGNAL,,,,,,,,82.54558168959709,174.6343236466461,166.40032580847432,157.18788115970978,10.129923167854457,8.428834267505058,0.445315071186288,
NSE,STOCK,UTTAMSUGAR,Uttam Sugar Mills Limited,INE786F01031,,EQ,UTTAMSUGAR.NS,NO_SIGNAL,NO_SIGNAL,,,,,,,,48.88014735214838,293.7623554677209,296.02822890613453,284.81641628033583,11.74861571511974,16.04095381755807,0.6425972831231652,
NSE,STOCK,V2RETAIL,V2 Retail Limited,INE945H01021,,EQ,V2RETAIL.NS,NO_SIGNAL,NO_SIGNAL,,,,,,,,42.23869788976994,218.78292685983243,219.70122917738823,220.45621087982374,-0.7996652442074037,-0.7519373062729133,1.4231949880730013,
NSE,STOCK,VALIANTLAB,Valiant Laboratories Limited,INE0JWS01017,,BE,VALIANTLAB.NS,NO_SIGNAL,NO_SIGNAL,,,,,,,,67.39138663682188,98.1278434687775,94.88476451025895,87.37117758156532,8.12891072787238,8.398712698132622,0.20778375850729125,
NSE,STOCK,VARROC,Varroc Engineering Limited,INE665L01035,,EQ,VARROC.NS,NO_SIGNAL,NO_SIGNAL,,,,,,,,57.93473151690829,835.0624417076408,827.4740491956225,799.0450997730521,30.070905832617655,35.74106598847652,0.6622565035905847,
NSE,STOCK,VAML,Vedanta Aluminium Metal Limited,INE1CDF01017,,EQ,VAML.NS,NO_SIGNAL,NO_SIGNAL,,,,,,,,43.727037332752644,438.8279969107889,443.31497102195056,447.0678472587404,-4.171757384002717,-2.903051878429182,0.8979117782896662,
NSE,STOCK,VBL,Varun Beverages Limited,INE200M01039,,EQ,VBL.NS,NO_SIGNAL,NO_SIGNAL,,,,,,,,36.21073738832679,409.8648755503446,417.96860449980295,429.8345919892511,-12.840997251615136,-12.200909777636305,0.6886931539288788,
NSE,STOCK,VAIBHAVGBL,Vaibhav Global Limited,INE884A01027,,EQ,VAIBHAVGBL.NS,NO_SIGNAL,NO_SIGNAL,,,,,,,,36.86269748954937,217.8774188405739,221.83706645421753,228.77730156158876,-7.539213466819945,-7.404185780800271,1.120986816756417,
NSE,STOCK,VENUSPIPES,Venus Pipes & Tubes Limited,INE0JA001018,,EQ,VENUSPIPES.NS,NO_SIGNAL,NO_SIGNAL,,,,,,,,52.901125992339296,1615.4375020402722,1608.2104903523807,1613.273537442882,-4.71909939154466,-11.903428398751915,0.7417512315131268,
NSE,STOCK,VENKEYS,Venky's (India) Limited,INE398A01010,,EQ,VENKEYS.NS,NO_SIGNAL,NO_SIGNAL,,,,,,,,66.7498611429757,1650.0305587145997,1606.8313421077419,1571.176613640418,39.59200503215766,27.50471424698376,0.53459160316904,
NSE,STOCK,VEDL,Vedanta Limited,INE205A01025,,EQ,VEDL.NS,NO_SIGNAL,NO_SIGNAL,,,,,,,,48.07357604214137,273.42697269269905,274.62334503345926,274.25864973464957,0.3916902174764232,0.8021528366671545,0.47145791879072124,
NSE,STOCK,VERANDA,Veranda Learning Solutions Limited,INE0IQ001011,,EQ,VERANDA.NS,NO_SIGNAL,NO_SIGNAL,,,,,,,,48.25419678991151,243.81712959035985,244.9733496724128,244.6316313278612,0.27962364580233157,1.1091292526425254,0.1393030722380882,
NSE,STOCK,VIJAYA,Vijaya Diagnostic Centre Limited,INE043W01024,,EQ,VIJAYA.NS,NO_SIGNAL,NO_SIGNAL,,,,,,,,59.590882320929445,1493.4652865731732,1481.7090364714504,1455.8195452134344,27.735359485407344,30.123641556026275,0.3776547513081383,
NSE,STOCK,VIDYAWIRES,Vidya Wires Limited,INE14UN01029,,EQ,VIDYAWIRES.NS,NO_SIGNAL,NO_SIGNAL,,,,,,,,48.37834292703732,89.22637276775936,89.03958708938265,90.00522948443387,-1.006079451762247,-1.3978060906669034,0.4908703372843938,
NSE,STOCK,VGUARD,V-Guard Industries Limited,INE951I01027,,EQ,VGUARD.NS,NO_SIGNAL,NO_SIGNAL,,,,,,,,56.178061294624186,338.16902659196523,335.5440049538244,329.4084114378594,6.583903443723159,7.04624160329812,0.7522195225031189,
NSE,STOCK,VIKRAN,Vikran Engineering Limited,INE01R501028,,EQ,VIKRAN.NS,NO_SIGNAL,NO_SIGNAL,,,,,,,,40.783353051308666,59.10529496036628,60.40354861272911,63.22078525959657,-3.0466121797922767,-3.1069359565683654,1.1284941228556586,
NSE,STOCK,VIKRAMSOLR,Vikram Solar Limited,INE078V01014,,EQ,VIKRAMSOLR.NS,NO_SIGNAL,NO_SIGNAL,,,,,,,,44.27613177049168,169.8753058150857,170.61219034552218,172.90833624111306,-2.392222866362488,-2.9884108169853887,0.5304616825885397,
NSE,STOCK,VIPIND,VIP Industries Limited,INE054A01027,,EQ,VIPIND.NS,NO_SIGNAL,NO_SIGNAL,,,,,,,,53.92242364877588,306.7152756715995,306.12178770217173,305.8954318587559,0.25490691602226434,0.14836428322598372,0.6261650723530687,
NSE,STOCK,VIMTALABS,Vimta Labs Limited,INE579C01029,,EQ,VIMTALABS.NS,NO_SIGNAL,NO_SIGNAL,,,,,,,,59.746138776352296,647.2810868562775,637.1437485449595,626.1941789136524,11.836501214419172,10.762788749892012,1.110055749970007,
NSE,STOCK,VISAKAIND,Visaka Industries Limited,INE392A01021,,EQ,VISAKAIND.NS,NO_SIGNAL,NO_SIGNAL,,,,,,,,51.10157669124623,89.65685420919434,90.7676985457684,90.10751488351669,0.5935599853169862,1.6513672890778959,0.1539316987866964,
NSE,STOCK,VMART,V-Mart Retail Limited,INE665J01013,,EQ,VMART.NS,NO_SIGNAL,NO_SIGNAL,,,,,,,,57.30471389887569,843.0624161179925,834.6711621129343,817.9810747698584,18.012511540375613,18.34953156793926,0.5347944518244255,
NSE,STOCK,VMM,Vishal Mega Mart Limited,INE01EA01019,,EQ,VMM.NS,NO_SIGNAL,NO_SIGNAL,,,,,,,,45.156254368114716,107.47373830322806,107.80704452518478,108.51043574121407,-0.7270999072641899,-0.9306169174527721,0.45156154297811135,
NSE,STOCK,VINCOFE,Vintage Coffee And Beverages Limited,INE498Q01014,,EQ,VINCOFE.NS,NO_SIGNAL,NO_SIGNAL,,,,,,,,64.52470792507643,175.7922251222389,168.9297515580933,163.09707046918953,6.5710811554304485,4.09260978707796,0.762726182128518,
NSE,STOCK,VIYASH,Viyash Scientific Limited,INE807F01027,,EQ,VIYASH.NS,NO_SIGNAL,NO_SIGNAL,,,,,,,,50.73669267131582,263.2433220039233,264.2553921220631,264.81112190659974,-0.6367232331307946,-0.2204080247601301,0.3346498485857653,
NSE,STOCK,VOEPL,Virtuoso Optoelectronics Limited,INE0I0T01010,,EQ,VOEPL.NS,INSUFFICIENT_DATA,,,,,,,,,,,,,,,,INSUFFICIENT_DATA_ROWS_47
NSE,STOCK,VISHNU,Vishnu Chemicals Limited,INE270I01022,,EQ,VISHNU.NS,NO_SIGNAL,NO_SIGNAL,,,,,,,,75.52022408733811,665.6506918611449,647.7996961876197,633.9770350802354,15.508074623201196,9.893036811110429,2.3071070747602493,
NSE,STOCK,VOLTAS,Voltas Limited,INE226A01021,,EQ,VOLTAS.NS,NO_SIGNAL,NO_SIGNAL,,,,,,,,34.043084919569594,1180.6358642492319,1207.3733996511503,1237.3514496948076,-33.00736958122161,-27.235842900756197,0.42664105073484637,
NSE,STOCK,VTL,Vardhman Textiles Limited,INE825A01020,,EQ,VTL.NS,NO_SIGNAL,NO_SIGNAL,,,,,,,,44.55593834394771,590.398073377223,594.0563022257608,599.9438242854472,-6.309829910990061,-6.4637060920324245,0.21760102182221377,
NSE,STOCK,VSTIND,VST Industries Limited,INE710A01016,,EQ,VSTIND.NS,NO_SIGNAL,NO_SIGNAL,,,,,,,,25.770761723945142,208.4971502147911,210.64534274877715,215.75655280163332,-5.430732053839222,-6.072657264362672,0.8223356388279679,
NSE,STOCK,VRLLOG,VRL Logistics Limited,INE366I01010,,EQ,VRLLOG.NS,NO_SIGNAL,NO_SIGNAL,,,,,,,,62.83792992361639,298.0861417607768,294.78091171186196,286.5522712586089,8.72589066959597,9.982465520459844,0.44657886812236913,
NSE,STOCK,VSSL,Vardhman Special Steels Limited,INE050M01012,,EQ,VSSL.NS,NO_SIGNAL,NO_SIGNAL,,,,,,,,63.49322762628301,359.4125754252767,353.7934956224688,342.1805518122589,12.42470783905435,13.414538002596244,0.9406649882246945,
NSE,STOCK,WAKEFIT,Wakefit Innovations Limited,INE0E7301029,,EQ,WAKEFIT.NS,NO_SIGNAL,NO_SIGNAL,,,,,,,,65.78519336175088,149.31734671912895,143.8412843482919,138.17968027904638,6.2799740929606855,4.760062973507229,2.4555445680721144,
NSE,STOCK,WABAG,VA Tech Wabag Limited,INE956G01038,,EQ,WABAG.NS,NO_SIGNAL,NO_SIGNAL,,,,,,,,50.01599031952614,2013.2931928520084,2016.2880102586114,2006.0815230012226,10.933636050118821,13.256175440336063,0.3006551636014839,
NSE,STOCK,WALCHANNAG,Walchandnagar Industries Limited,INE711A01022,,EQ,WALCHANNAG.NS,NO_SIGNAL,NO_SIGNAL,,,,,,,,27.541578025381384,210.66393536498367,217.10378332849615,223.77771329561827,-7.295528408807172,-6.153190042600249,0.6852340601708999,
NSE,STOCK,WELCORP,Welspun Corp Limited,INE191B01025,,EQ,WELCORP.NS,NO_SIGNAL,NO_SIGNAL,,,,,,,,77.66284833049761,2540.8847070630154,2374.6996705872907,2170.949898459581,223.32809932183,192.7180201283214,0.42992491878677247,
NSE,STOCK,WAAREEENER,Waaree Energies Limited,INE377N01017,,EQ,WAAREEENER.NS,NO_SIGNAL,NO_SIGNAL,,,,,,,,43.85352235781235,2609.4974104559415,2630.184435561012,2666.891501833567,-39.449241130414975,-39.66554815897219,1.20231905311511,
NSE,STOCK,WELSPLSOL,Welspun Specialty Solutions Limited,INE731F01037,,EQ,WELSPLSOL.NS,INSUFFICIENT_DATA,,,,,,,,,,,,,,,,INSUFFICIENT_DATA_ROWS_14
NSE,STOCK,WELENT,Welspun Enterprises Limited,INE625G01013,,EQ,WELENT.NS,NO_SIGNAL,NO_SIGNAL,,,,,,,,81.41296928463466,722.8794855196007,677.1558207635011,644.3759489823391,36.929757192734314,21.71099371654688,1.0485653960373602,
NSE,STOCK,WEL,Wonder Electricals Limited,INE02WG01024,,EQ,WEL.NS,NO_SIGNAL,NO_SIGNAL,,,,,,,,30.083103141628882,84.57859684302565,103.5272975407901,112.34936967261585,-10.37518514487742,-2.066339049166248,0.1926710223149493,
NSE,STOCK,WANBURY,Wanbury Limited,INE107F01022,,EQ,WANBURY.NS,NO_SIGNAL,NO_SIGNAL,,,,,,,,34.569576409722245,249.61233525376224,256.491284549803,265.37874946283597,-9.648585868749649,-9.118519364808865,0.22562913318301123,
NSE,STOCK,WEBELSOLAR,Websol Energy System Limited,INE855C01023,,EQ,WEBELSOLAR.NS,NO_SIGNAL,NO_SIGNAL,,,,,,,,30.37726339310268,75.7613529908879,78.72051804445766,83.64019944629322,-5.329369581404222,-5.205307942739035,0.9938909730601329,
NSE,STOCK,WELSPUNLIV,Welspun Living Limited,INE192B01031,,EQ,WELSPUNLIV.NS,NO_SIGNAL,NO_SIGNAL,,,,,,,,81.37180402320507,201.21658334775617,192.82200652204546,183.63481660523888,10.125923534629237,8.260941356281602,0.675361010709167,
NSE,STOCK,WHEELS,Wheels India Limited,INE715A01015,,EQ,WHEELS.NS,NO_SIGNAL,NO_SIGNAL,,,,,,,,74.21245659101795,1625.3600100719043,1556.168785131659,1515.150728856773,46.823803681654454,22.405109952332467,2.6348790539680675,
NSE,STOCK,WEWORK,WeWork India Management Limited,INE085001019,,EQ,WEWORK.NS,NO_SIGNAL,NO_SIGNAL,,,,,,,,40.60450295188476,667.5337534540415,678.5570572668685,689.4026785197915,-12.124970884892946,-8.870304041535903,1.0642484910303238,
NSE,STOCK,WHIRLPOOL,Whirlpool of India Limited,INE716A01013,,EQ,WHIRLPOOL.NS,NO_SIGNAL,NO_SIGNAL,,,,,,,,57.259317411629645,806.6878259221613,798.5276212125865,794.5635522712062,4.619794837579775,1.1580670184546338,0.3886547408044368,
NSE,STOCK,WIPRO,Wipro Limited,INE075A01022,,EQ,WIPRO.NS,NO_SIGNAL,NO_SIGNAL,,,,,,,,42.50970321842904,177.7950175765894,179.35667808026506,180.2677713146782,-1.0427044686059048,-0.47395643425502243,0.8664613520046719,
NSE,STOCK,WINDLAS,Windlas Biotech Limited,INE0H5O01029,,EQ,WINDLAS.NS,NO_SIGNAL,NO_SIGNAL,,,,,,,,79.3227553769143,1062.0750341884686,1010.6229540099645,965.9727466073255,49.39108068167127,37.058031184522974,1.3034581574758433,
NSE,STOCK,WINDMACHIN,Windsor Machines Limited,INE052A01021,,EQ,WINDMACHIN.NS,NO_SIGNAL,NO_SIGNAL,,,,,,,,49.46540513561258,307.03067041663536,307.1348558379507,305.0562638127179,2.2078052915016997,2.845437853572715,0.2311728450787936,
NSE,STOCK,XTRANET,Xtranet Technologies Limited,INE0NG701011,,EQ,XTRANET.NS,INSUFFICIENT_DATA,,,,,,,,,,,,,,,,INSUFFICIENT_DATA_ROWS_27
NSE,STOCK,WONDERLA,Wonderla Holidays Limited,INE066O01014,,EQ,WONDERLA.NS,NO_SIGNAL,NO_SIGNAL,,,,,,,,61.705942404891196,529.0566790484938,518.3721344953176,505.392409643855,14.373505850557649,11.440821691790605,0.22519713122698198,
NSE,STOCK,WSTCSTPAPR,West Coast Paper Mills Limited,INE976A01021,,EQ,WSTCSTPAPR.NS,NO_SIGNAL,NO_SIGNAL,,,,,,,,65.31805298578502,636.861657614493,623.3934645343533,606.8298359496534,17.900321467580852,17.00000051931985,1.1901284847780254,
NSE,STOCK,ZAGGLE,Zaggle Prepaid Ocean Services Limited,INE07K301024,,EQ,ZAGGLE.NS,NO_SIGNAL,NO_SIGNAL,,,,,,,,40.627230244968814,184.97782332480224,188.19058412725323,192.48365741513484,-4.66946098483271,-4.355527618139248,0.10136984937469132,
NSE,STOCK,WOCKPHARMA,Wockhardt Limited,INE049B01025,,EQ,WOCKPHARMA.NS,SIGNAL,LONG,2026-09-04 00:00:00,2088.699951171875,2036.4824523925781,2193.1349487304688,52.217498779296875,104.43499755859375,2.0,64.20101560359572,1973.1244781438154,1933.9806526721516,1922.9586095713503,13.191022669168206,-1.4415267367281066,4.179363274437566,
NSE,STOCK,XPROINDIA,Xpro India Limited,INE445C01015,,EQ,XPROINDIA.NS,NO_SIGNAL,NO_SIGNAL,,,,,,,,63.80868796455602,1255.7143311375035,1204.7221346658146,1206.1487540724727,1.2567517130373744,-27.139195962654853,0.9566679042011922,
NSE,STOCK,ZEEL,Zee Entertainment Enterprises Limited,INE256A01028,,EQ,ZEEL.NS,NO_SIGNAL,NO_SIGNAL,,,,,,,,36.62259330822048,93.33693424066016,97.1848613557286,99.5416277565174,-2.6595730371018504,-1.3668238665425827,0.3770526071237642,
NSE,STOCK,YATHARTH,Yatharth Hospital & Trauma Care Services Limited,INE0JO301016,,EQ,YATHARTH.NS,NO_SIGNAL,NO_SIGNAL,,,,,,,,69.50624408857618,974.068009497073,945.1073954361744,912.8821676610826,35.655873582286176,28.094027591503032,0.5851463312868809,
NSE,STOCK,ZENSARTECH,Zensar Technologies Limited,INE520A01027,,EQ,ZENSARTECH.NS,NO_SIGNAL,NO_SIGNAL,,,,,,,,40.40809615345898,464.66040217391924,471.59935673540366,479.81989995769476,-9.111688212469062,-7.3939186081263575,0.7436241462841202,
NSE,STOCK,YATRA,Yatra Online Limited,INE0JR601024,,EQ,YATRA.NS,NO_SIGNAL,NO_SIGNAL,,,,,,,,52.13103111510874,112.4276993251203,112.29786783301248,111.80644137446927,0.5030193439736763,0.7322453330058718,0.3323849605209844,
NSE,STOCK,ZUARIIND,ZUARI INDUSTRIES LIMITED,INE217A01012,,EQ,ZUARIIND.NS,NO_SIGNAL,NO_SIGNAL,,,,,,,,54.70468223070968,272.24105310417235,271.4831225588457,268.6489534844671,3.055067423969092,3.3298248084597946,0.2763161372641838,
NSE,STOCK,ZENTEC,Zen Technologies Limited,INE251B01027,,EQ,ZENTEC.NS,NO_SIGNAL,NO_SIGNAL,,,,,,,,47.64935895212199,1810.6616617067828,1825.416332227327,1818.8074687349579,6.2048608704440085,17.021712523243586,0.32506109797532234,
NSE,STOCK,ZYDUSLIFE,Zydus Lifesciences Limited,INE010B01027,,EQ,ZYDUSLIFE.NS,NO_SIGNAL,NO_SIGNAL,,,,,,,,50.34965535370159,1154.8909287115057,1149.5290602295606,1142.0232452065977,8.274039455981438,6.750600996184145,0.5415678069379969,
NSE,STOCK,ZOTA,Zota Health Care LImited,INE358U01012,,EQ,ZOTA.NS,NO_SIGNAL,NO_SIGNAL,,,,,,,,41.589961082350776,1077.3214335550824,1096.557484050683,1145.355447169251,-52.546727341088854,-55.64486407010322,0.3901725882888943,
NSE,STOCK,ZYDUSWELL,Zydus Wellness Limited,INE768C01028,,EQ,ZYDUSWELL.NS,NO_SIGNAL,NO_SIGNAL,,,,,,,,51.127814677459014,532.188213674563,527.0238544242774,529.0640967288617,-1.7748800469880734,-5.990739689164117,0.87514637201106,
BSE,STOCK,AASTHA,Aastha Spintex,,544808.0,B,AASTHA.BO,INSUFFICIENT_DATA,,,,,,,,,,,,,,,,INSUFFICIENT_DATA_ROWS_44
NSE,STOCK,ZIMLAB,Zim Laboratories Limited,INE518E01015,,EQ,ZIMLAB.NS,NO_SIGNAL,NO_SIGNAL,,,,,,,,58.48924127461063,126.63734252098183,123.37177973763357,120.49151483531725,3.228000024129969,2.189034586577102,1.3778122929358958,
BSE,STOCK,360ONE,360 One WAM,,542772.0,A,360ONE.BO,NO_SIGNAL,NO_SIGNAL,,,,,,,,46.49235382536151,1173.9441734806533,1179.3256911991596,1170.235700429466,9.288958790891229,14.782295558153667,0.15329487376870526,
NSE,STOCK,ZUARI,Zuari Agro Chemicals Limited,INE840M01016,,EQ,ZUARI.NS,NO_SIGNAL,NO_SIGNAL,,,,,,,,46.17621539893388,227.8537549133318,228.6427578949829,228.4532836113172,0.21138547140787978,0.3198492527489042,0.6521753078265793,
BSE,STOCK,ADANIENSOL,Adani Energy Solutions,,539254.0,A,ADANIENSOL.BO,NO_SIGNAL,NO_SIGNAL,,,,,,,,28.864999904944227,1434.6484340708698,1502.304717616478,1548.2354671519133,-51.726204883627815,-30.352535601299042,0.29634190894841667,
BSE,STOCK,ABCAPITAL,Aditya Birla Capital,,540691.0,A,ABCAPITAL.BO,NO_SIGNAL,NO_SIGNAL,,,,,,,,45.93076381918018,400.1180355310639,403.21815000819356,403.5219735551996,-0.5178533930969138,1.1894512153028913,0.23402746438011732,
BSE,STOCK,ACMESOLAR,ACME Solar Holdings,,544283.0,A,ACMESOLAR.BO,NO_SIGNAL,NO_SIGNAL,,,,,,,,59.3920208027188,399.57915869676447,394.23592645787704,387.00213879026245,7.928926788146725,6.9656155682393495,3.8493238497214413,
BSE,STOCK,ADANIGREEN,Adani Green Energy,,541450.0,A,ADANIGREEN.BO,NO_SIGNAL,NO_SIGNAL,,,,,,,,41.98361508475425,1282.0449834495303,1298.1700577647896,1331.1405047001306,-35.373310170048626,-37.26193145747038,0.678975042703543,
BSE,STOCK,ABFRL,Aditya Birla Fashion & Retail,,535755.0,A,ABFRL.BO,NO_SIGNAL,NO_SIGNAL,,,,,,,,24.500551679027538,51.346602302503584,53.15676354699201,55.02305245757645,-2.062203408340892,-1.6262332160882218,0.6686970647692694,
BSE,STOCK,ADANIPORTS,Adani Ports & SEZ,,532921.0,A,ADANIPORTS.BO,NO_SIGNAL,NO_SIGNAL,,,,,,,,46.968771283780455,1674.929270724247,1681.1015481746253,1697.9673606741642,-17.831767982146403,-20.673013097517458,3.1123770535435398,
BSE,STOCK,AMBUJACEM,Ambuja Cements,,500425.0,A,500425.BO,INSUFFICIENT_DATA,,,,,,,,,,,,,,,,INSUFFICIENT_DATA_ROWS_29
BSE,STOCK,ADANIPOWER,Adani Power,,533096.0,A,ADANIPOWER.BO,NO_SIGNAL,NO_SIGNAL,,,,,,,,51.57842466458814,207.32982843321707,206.98687406766763,208.3841942189896,-1.4241047381588317,-2.1571777572041273,0.8620700297456505,
BSE,STOCK,AEQUS,Aequs,,544634.0,B,AEQUS.BO,NO_SIGNAL,NO_SIGNAL,,,,,,,,51.9732807046423,247.130334720306,248.44883540054474,245.87767426720222,2.5982226830717536,4.319984443153947,0.8131846995152028,
BSE,STOCK,AIIL,Authum Inv & Infr,,539177.0,A,AIIL.BO,NO_SIGNAL,NO_SIGNAL,,,,,,,,41.89591647237324,530.6285174042816,543.2164426347354,547.0146569771117,-4.702063513402663,0.9991092305838987,0.16991940380132273,
BSE,STOCK,ALGOQUANT,Algoquant Fintech,,505725.0,B,ALGOQUANT.BO,NO_SIGNAL,NO_SIGNAL,,,,,,,,46.78938766442625,64.24547348804552,64.91504358508483,65.06366644764248,-0.21405235476622408,0.20949061898391097,0.79658820570731,
BSE,STOCK,AMAGI,Amagi Media Labs,,544679.0,B,AMAGI.BO,NO_SIGNAL,NO_SIGNAL,,,,,,,,41.59859650396904,571.1626165159063,581.9000027065259,590.393940279167,-9.843804644206898,-5.129611663482173,0.13720435801786507,
BSE,STOCK,AIRFLOA,Airfloa Rail Technology,,544516.0,M,AIRFLOA.BO,NO_SIGNAL,NO_SIGNAL,,,,,,,,86.2828254259069,467.76937175890896,437.55626264632775,402.5295535629246,38.66361406464853,31.48700476579724,0.6325581395348837,
BSE,STOCK,ANGELONE,Angel One,,543235.0,A,ANGELONE.BO,NO_SIGNAL,NO_SIGNAL,,,,,,,,41.224336338714004,285.48535707430034,289.0946377775661,294.8741659041189,-6.162319054027819,-6.498373564603039,0.5681519467524112,
BSE,STOCK,ANTHEM,Anthem Biosciences,,544449.0,A,ANTHEM.BO,NO_SIGNAL,NO_SIGNAL,,,,,,,,70.48693502558858,927.1250201805477,905.2094773034717,877.5112244283478,30.090461334505108,27.819912116657434,0.3994799554398725,
BSE,STOCK,ANDHRSUGAR,Andhra Sugars,,590062.0,B,ANDHRSUGAR.BO,NO_SIGNAL,NO_SIGNAL,,,,,,,,60.48697539417178,99.26741794676397,98.33137178049459,95.83978477862382,2.641807046039787,3.0869822151997948,1.2422440310531713,
BSE,STOCK,ANTELOPUS,Antelopus Selan Energy,,530075.0,B,ANTELOPUS.BO,NO_SIGNAL,NO_SIGNAL,,,,,,,,75.23442668465994,900.4775115906837,846.5999471680277,832.4945369592677,16.987354740627666,-3.276239336562153,13.554132014600045,
BSE,STOCK,APOLLO,Apollo Micro Systems,,540879.0,A,APOLLO.BO,NO_SIGNAL,NO_SIGNAL,,,,,,,,44.674885732616744,383.80409120201136,385.7624396832485,388.8496601810167,-3.3119832915978122,-3.353876055820753,0.6377839341829282,
BSE,STOCK,ASHOKA,Ashoka Buildcon,,533271.0,A,ASHOKA.BO,NO_SIGNAL,NO_SIGNAL,,,,,,,,49.802312839087804,117.46305301015029,116.33516251337205,117.26956251282922,-0.9038730676419817,-1.9302995955397415,0.3068268232196263,
BSE,STOCK,ARIS,Arisinfra Solutions,,544419.0,B,ARIS.BO,NO_SIGNAL,NO_SIGNAL,,,,,,,,43.82940631277705,134.03019644627244,137.1016912511884,134.70431348394,2.3886132968678737,4.561953921202826,0.5828547284080061,
BSE,STOCK,ASIANTILES,Asian Granito,,532888.0,B,ASIANTILES.BO,NO_SIGNAL,NO_SIGNAL,,,,,,,,50.5336992435415,49.49892738654108,49.02634250007014,49.78173428730071,-0.7831512742179072,-1.1993575525849156,0.4317588401088557,
BSE,STOCK,APTUS,Aptus Value Housing Finance,,543335.0,A,APTUS.BO,NO_SIGNAL,NO_SIGNAL,,,,,,,,47.11330409447378,255.0341007540077,255.65898618842095,259.5439694050831,-4.098564472111491,-5.0808692730380765,0.25255170119972115,
BSE,STOCK,ASTERDM,Aster DM Quality Care,,540975.0,A,ASTERDM.BO,NO_SIGNAL,NO_SIGNAL,,,,,,,,49.989603384666815,768.2929348446289,774.0314088402505,786.4048803517007,-13.694909636798457,-12.120640734405288,0.41105249988339965,
BSE,STOCK,BAJFINANCE,Bajaj Finance,,500034.0,A,500034.BO,INSUFFICIENT_DATA,,,,,,,,,,,,,,,,INSUFFICIENT_DATA_ROWS_29
BSE,STOCK,ATHERENERG,Ather Energy,,544397.0,A,ATHERENERG.BO,NO_SIGNAL,NO_SIGNAL,,,,,,,,65.83682458480087,1639.9414843335085,1569.7404861068032,1489.2289301582123,87.77316324891035,76.51022369015078,0.9205367637644761,
BSE,STOCK,AXISBANK,Axis Bank,,532215.0,A,AXISBANK.BO,NO_SIGNAL,NO_SIGNAL,,,,,,,,53.97915575547183,1261.6038100692192,1254.522435499126,1254.2964033324681,0.8295778842552863,-4.121392277354474,1.1695798762834215,
BSE,STOCK,ATGL,Adani Total Gas,,542066.0,A,ATGL.BO,NO_SIGNAL,NO_SIGNAL,,,,,,,,27.442457801859547,619.7997262072627,633.101029496082,647.3394738883976,-15.545846422209706,-13.224261335711553,6.389079532328616,
BSE,STOCK,AWL,AWL Agri Business,,543458.0,A,AWL.BO,NO_SIGNAL,NO_SIGNAL,,,,,,,,46.56196820031572,192.79600955712357,193.58738561953328,192.85793738354985,0.7432401997397449,1.2593577314973066,0.32129121127384125,
BSE,STOCK,AYE,Aye Finance,,544699.0,B,AYE.BO,NO_SIGNAL,NO_SIGNAL,,,,,,,,57.63322916335251,176.98456394586646,175.4283593207482,173.5640312155094,2.039279434408286,1.7497752712023105,0.1317314764023087,
BSE,STOCK,BANKBARODA,Bank of Baroda,,532134.0,A,532134.BO,INSUFFICIENT_DATA,,,,,,,,,,,,,,,,INSUFFICIENT_DATA_ROWS_29
BSE,STOCK,BAJAJHFL,Bajaj Housing Finance,,544252.0,A,BAJAJHFL.BO,NO_SIGNAL,NO_SIGNAL,,,,,,,,37.46115104822149,83.35872931907657,84.0342417300458,84.66618456825708,-0.6961752744439735,-0.549928456782698,1.1602833526425986,
BSE,STOCK,BANDHANBNK,Bandhan Bank,,541153.0,A,BANDHANBNK.BO,NO_SIGNAL,NO_SIGNAL,,,,,,,,33.933726909725195,164.6987586410853,168.3198706473285,173.10769472613276,-5.163864755023553,-4.923871277631598,0.8914750553363041,
BSE,STOCK,BALUFORGE,Balu Forge Industries,,531112.0,A,BALUFORGE.BO,NO_SIGNAL,NO_SIGNAL,,,,,,,,55.87683798173948,595.6088503569741,583.1765831739136,547.6735653821878,38.54809676886782,39.1626408452651,0.8830374924671606,
BSE,STOCK,BDL,Bharat Dynamics,,541143.0,A,BDL.BO,NO_SIGNAL,NO_SIGNAL,,,,,,,,40.08490381021298,1272.8221034325622,1301.8123965672285,1308.014774151537,-7.948835057836504,5.691978709003453,2.0952996244752833,
BSE,STOCK,BECTORFOOD,Mrs. Bectors Food,,543253.0,B,BECTORFOOD.BO,NO_SIGNAL,NO_SIGNAL,,,,,,,,48.72252430440769,230.9552527503358,235.98251996858494,231.41227526023772,4.448631006778498,9.175775410191637,0.18852290326268853,
BSE,STOCK,BANKINDIA,Bank of India,,532149.0,A,BANKINDIA.BO,NO_SIGNAL,NO_SIGNAL,,,,,,,,56.305864554420765,143.493339648376,143.17338654665966,142.82806834508975,0.3799494003897621,0.3275417362141211,1.4852915400462094,
BSE,STOCK,BELRISE,Belrise Industries,,544405.0,A,BELRISE.BO,NO_SIGNAL,NO_SIGNAL,,,,,,,,52.82813011269485,234.0866076551079,234.39541500094242,235.70403344486846,-1.4843449833750526,-1.1662356932272424,0.3876047983149941,
BSE,STOCK,BHARTIARTL,Bharti Airtel,,532454.0,A,BHARTIARTL.BO,NO_SIGNAL,NO_SIGNAL,,,,,,,,41.002564549983205,1869.104831673677,1893.511468994672,1909.2484322253292,-18.13126337306744,-7.923875986370893,0.6220093375551683,
BSE,STOCK,BHEL,Bharat Heavy Electricals,,500103.0,A,BHEL.BO,NO_SIGNAL,NO_SIGNAL,,,,,,,,59.67056818380664,428.9198455986351,424.4491626527757,419.5960888721001,5.320670365013257,4.427284255810586,0.417630645300688,
BSE,STOCK,BLS,BLS International Services,,540073.0,A,540073.BO,INSUFFICIENT_DATA,,,,,,,,,,,,,,,,INSUFFICIENT_DATA_ROWS_29
BSE,STOCK,BGDL,Bharat Global Developers,,521238.0,B,BGDL.BO,NO_SIGNAL,NO_SIGNAL,,,,,,,,74.6522088429848,129.89422365478168,113.30466518559852,103.83787455980435,10.803256526689125,4.859843301469269,2.33908983031404,
BSE,STOCK,BLUESTONE,BlueStone Jewellery & Lifestyle,,544484.0,A,BLUESTONE.BO,NO_SIGNAL,NO_SIGNAL,,,,,,,,52.70050393915153,809.2103966907516,812.7094348733788,796.9977408141431,15.705388214392428,25.55282449735494,0.17072908225473432,
BSE,STOCK,BIOCON,Biocon,,532523.0,A,BIOCON.BO,NO_SIGNAL,NO_SIGNAL,,,,,,,,35.14800756398755,404.47859387232677,410.0473443595685,415.12073708198363,-5.644585690420456,-4.133653509846347,0.3317430728886923,
BSE,STOCK,BIZOTIC,Bizotic Commercial,,543926.0,M,BIZOTIC.BO,NO_SIGNAL,NO_SIGNAL,,,,,,,,32.64396665750165,87.81563268778419,99.0334169515342,103.34571689670503,-5.078564742222312,-0.3786591373106246,0.3557951482479784,
BSE,STOCK,BODALCHEM,Bodal Chemicals,,524370.0,B,BODALCHEM.BO,NO_SIGNAL,NO_SIGNAL,,,,,,,,95.31885810813495,130.94314312717535,107.72479926824178,92.45325279930498,17.224849056308344,9.613322304440867,4.805512596559457,
BSE,STOCK,BMW,BMW Industries,,542669.0,X,BMW.BO,NO_SIGNAL,NO_SIGNAL,,,,,,,,49.01420553869973,49.90360157300003,49.96643528508689,50.700971469839885,-0.7679740789024194,-0.985227659973575,0.701096193545003,
BSE,STOCK,BSOFT,Birlasoft,,532400.0,A,BSOFT.BO,NO_SIGNAL,NO_SIGNAL,,,,,,,,43.95321976225593,294.4212020350832,297.86221992867934,300.6069836800005,-3.144111171600173,-1.6298387113302488,0.48289049742108703,
BSE,STOCK,CAMS,CAMS,,543232.0,A,CAMS.BO,NO_SIGNAL,NO_SIGNAL,,,,,,,,44.28759431693868,751.6982106219748,756.8675959037462,763.9549876549613,-7.7660721764913205,-7.016129407892475,0.1797417700605612,
BSE,STOCK,CANBK,Canara Bank,,532483.0,A,CANBK.BO,NO_SIGNAL,NO_SIGNAL,,,,,,,,45.088123446616116,126.38714392718128,127.33357338866512,127.84609026463778,-0.5949680071816772,-0.17962046114040017,1.3098829564015781,
BSE,STOCK,BONDADA,Bondada Engineering,,543971.0,M,BONDADA.BO,NO_SIGNAL,NO_SIGNAL,,,,,,,,42.295006586394074,280.3227042269283,283.2293720123021,288.43142514978507,-5.588373895681457,-5.722500264400941,0.81340816483432,
BSE,STOCK,CAPILLARY,Capillary Technologies,,544614.0,B,CAPILLARY.BO,NO_SIGNAL,NO_SIGNAL,,,,,,,,37.290567441279045,489.86165999292433,500.5593853259105,507.14239599054673,-7.562180117446928,-3.3734461587017943,0.009840614064842367,
BSE,STOCK,CGCL,Capri Global Capital,,531595.0,A,CGCL.BO,NO_SIGNAL,NO_SIGNAL,,,,,,,,68.22598465195377,258.8258310514559,248.6316354791466,242.2783564988523,7.215170951532741,3.554716885699388,0.6896187119655924,
BSE,STOCK,CASTROLIND,Castrol,,500870.0,A,CASTROLIND.BO,NO_SIGNAL,NO_SIGNAL,,,,,,,,49.06853395918156,186.01515177691888,186.43540043330663,186.6288870641796,-0.24391332671251575,0.03650017693824835,0.5290513869291086,
BSE,STOCK,CANHLIFE,Canara HSBC Life Insurance Company,,544583.0,B,CANHLIFE.BO,NO_SIGNAL,NO_SIGNAL,,,,,,,,56.408341647504386,153.92535239169786,153.18353527069527,151.57091162995127,1.7337674275050858,1.8004183646965894,0.2237452217773857,
BSE,STOCK,CIEINDIA,CIE Automotive,,532756.0,A,CIEINDIA.BO,NO_SIGNAL,NO_SIGNAL,,,,,,,,24.469174512657958,388.54319340898195,395.33851489061027,405.5238574109397,-10.988189600877774,-10.778757959559561,0.13868767036641014,
BSE,STOCK,CMPDI,Central Mine P & D Institute,,544739.0,B,CMPDI.BO,NO_SIGNAL,NO_SIGNAL,,,,,,,,52.123690739804374,231.2075791667308,232.95081790527675,237.42648056664473,-4.8337823180661985,-5.003517734897886,2.986884669604463,
BSE,STOCK,CHOLAFIN,Cholamandalam Investment,,511243.0,A,511243.BO,NO_SIGNAL,NO_SIGNAL,,,,,,,,51.29156622519064,1846.0778622164612,1857.4415392166454,1850.9340403470258,5.812270588283582,16.214904502667824,0.1002609745647178,
BSE,STOCK,CGPOWER,CG Power & Industrial Solutions,,500093.0,A,CGPOWER.BO,NO_SIGNAL,NO_SIGNAL,,,,,,,,52.039498043922016,886.5519400885406,884.030916732122,884.8866601184274,-0.6544590180202476,-2.7854686678225176,2.257286606234314,
BSE,STOCK,COALINDIA,Coal India,,533278.0,A,COALINDIA.BO,NO_SIGNAL,NO_SIGNAL,,,,,,,,61.135456554676104,411.51666409817364,408.3554821830659,411.0748896937354,-2.6917492655111346,-5.107510167067521,0.5609542364790665,
BSE,STOCK,CORDELIA,Waterways Leisure Tourism,,544802.0,B,CORDELIA.BO,INSUFFICIENT_DATA,,,,,,,,,,,,,,,,INSUFFICIENT_DATA_ROWS_47
BSE,STOCK,COHANCE,Cohance Lifesciences,,543064.0,A,COHANCE.BO,NO_SIGNAL,NO_SIGNAL,,,,,,,,55.4720710387878,458.1327015341034,454.98182438148405,450.3745685894919,5.016026654879056,4.735679766721894,0.0912725892266105,
BSE,STOCK,CONCORDBIO,Concord Biotech,,543960.0,A,CONCORDBIO.BO,NO_SIGNAL,NO_SIGNAL,,,,,,,,48.90393957296439,1464.7251740444829,1480.641906045946,1457.27323464479,23.69587626386101,40.016331943190075,0.06715717349321165,
BSE,STOCK,COFORGE,Coforge,,532541.0,A,COFORGE.BO,NO_SIGNAL,NO_SIGNAL,,,,,,,,68.87955809048898,1960.535525848009,1914.2381753611082,1837.4488586890204,82.94356441692958,81.88689064492681,0.3730483999563278,
BSE,STOCK,CONFIPET,Confidence Petroleum,,526829.0,B,CONFIPET.BO,NO_SIGNAL,NO_SIGNAL,,,,,,,,63.26585778225805,81.83437967643704,79.2826024530382,77.9353266452739,1.5401101439114342,0.5939891085115816,2.012731497630688,
BSE,STOCK,CROMPTON,Crompton Greaves,,539876.0,A,CROMPTON.BO,NO_SIGNAL,NO_SIGNAL,,,,,,,,26.52655494211156,230.80414817163148,237.60405609012872,244.21687057682303,-7.294146810376986,-5.69517416402061,0.26080050716214875,
BSE,STOCK,COROMANDEL,Coromandel International,,506395.0,A,COROMANDEL.BO,NO_SIGNAL,NO_SIGNAL,,,,,,,,39.61231291791446,1924.732150725014,1954.350865914513,1985.2648734247614,-34.734109505430524,-24.292529991892174,0.046520079956387426,
BSE,STOCK,CUB,City Union Bank,,532210.0,A,CUB.BO,NO_SIGNAL,NO_SIGNAL,,,,,,,,60.77550166466839,230.90714187306654,225.67317650238692,221.61527440993797,4.547006077901187,2.8592715466733725,0.777372393584875,
BSE,STOCK,CUPID,Cupid,,530843.0,A,CUPID.BO,NO_SIGNAL,NO_SIGNAL,,,,,,,,59.60798343710484,279.65809159189723,278.3753069388437,267.41915074427095,11.44463705665072,14.851437383319519,0.20768461277932113,
BSE,STOCK,CYIENT,Cyient,,532175.0,A,CYIENT.BO,NO_SIGNAL,NO_SIGNAL,,,,,,,,71.9450326835824,1111.7457276290381,1041.5225621252857,976.1690102647973,73.00147758785658,50.742881709855446,0.10858564237747981,
BSE,STOCK,DELHIVERY,Delhivery,,543529.0,A,DELHIVERY.BO,NO_SIGNAL,NO_SIGNAL,,,,,,,,48.2126539739629,458.16139696099725,458.36160948051383,462.1201217651119,-3.95437781591437,-5.143721969120325,0.5227634705372497,
BSE,STOCK,CYIENTDLM,Cyient DLM,,543933.0,B,CYIENTDLM.BO,NO_SIGNAL,NO_SIGNAL,,,,,,,,71.6597406661067,835.1588166659837,796.186377940018,745.8901400397875,54.79621283286349,49.07658322146201,0.24128724150944728,
BSE,STOCK,DECNGOLD,Deccan Gold Mines,,512068.0,B,DECNGOLD.BO,NO_SIGNAL,NO_SIGNAL,,,,,,,,44.331860109451405,220.56961304921862,225.1254558318025,221.49635705901656,3.5789247209850146,7.185020245616755,0.40628927657528,
BSE,STOCK,DCBBANK,DCB Bank,,532772.0,A,DCBBANK.BO,NO_SIGNAL,NO_SIGNAL,,,,,,,,68.90788980572765,219.76709663793525,210.6091939866426,202.46147995327607,9.100937121050237,6.222697130962191,1.2041620110319584,
BSE,STOCK,DEVYANI,Devyani International,,543330.0,A,DEVYANI.BO,NO_SIGNAL,NO_SIGNAL,,,,,,,,53.3499919669139,139.4752250391642,140.48270687775315,136.406259130448,4.226238189961691,6.099071725688107,0.1487679926867234,
BSE,STOCK,ELECTCAST,Electrosteel Castings,,500128.0,A,500128.BO,INSUFFICIENT_DATA,,,,,,,,,,,,,,,,INSUFFICIENT_DATA_ROWS_29
BSE,STOCK,DMART,Avenue Supermarts DMart,,540376.0,A,DMART.BO,NO_SIGNAL,NO_SIGNAL,,,,,,,,32.3928297802853,3805.5044243157354,3861.5097603346894,3912.9431732679823,-56.942482953808394,-41.924315367148665,0.028728986273226665,
BSE,STOCK,EDELWEISS,Edelweiss Financial Services,,532922.0,A,EDELWEISS.BO,NO_SIGNAL,NO_SIGNAL,,,,,,,,66.75312262557193,129.50208303839875,126.84265425632557,124.35089948626609,2.7553159446634936,2.1338935890549826,2.4874995153491795,
BSE,STOCK,E2E,E2E Networks,,544783.0,T,E2E.BO,NO_SIGNAL,NO_SIGNAL,,,,,,,,51.35433467906244,608.1821901380567,611.9526225129255,590.9683987544568,21.49999366444706,31.881134765465696,0.8619895023602075,
BSE,STOCK,EMAMILTD,Emami,,531162.0,A,EMAMILTD.BO,NO_SIGNAL,NO_SIGNAL,,,,,,,,35.07803817588682,373.842548888466,385.0390750486491,393.0727061908508,-9.044905237527018,-5.325827284880372,0.13929522810499922,
BSE,STOCK,EMBDL,Embassy Developments,,532832.0,A,EMBDL.BO,NO_SIGNAL,NO_SIGNAL,,,,,,,,35.4245139309854,59.96874964955734,61.30572462762544,61.89080096009062,-0.677787343549916,-0.17973097010024605,0.7692130883173648,
BSE,STOCK,EMIL,Electronics Mart,,543626.0,B,EMIL.BO,NO_SIGNAL,NO_SIGNAL,,,,,,,,56.41695133081555,177.5572295823244,178.55344366005033,171.35319280351877,7.444265390717078,10.674143117387867,0.11201879102607276,
BSE,STOCK,EMMVEE,Emmvee Photovoltaic Power,,544608.0,B,EMMVEE.BO,NO_SIGNAL,NO_SIGNAL,,,,,,,,50.94229746479028,324.59983824565506,324.48528423465865,325.04425555885695,-0.5380761993652641,-0.9841701516761476,0.8891677415523126,
BSE,STOCK,ENGINERSIN,Engineers India,,532178.0,A,ENGINERSIN.BO,NO_SIGNAL,NO_SIGNAL,,,,,,,,72.33502525631482,272.10412968934463,259.6843838285721,250.6930623162134,10.0905605509314,6.247849050128129,0.9230825121122341,
BSE,STOCK,EQUITASBNK,Equitas Small Finance Bank,,543243.0,A,EQUITASBNK.BO,NO_SIGNAL,NO_SIGNAL,,,,,,,,40.332646004855576,73.65977438832931,74.38311231877186,75.05098826167408,-0.7370799396697265,-0.5673810826021833,5.905098652242059,
BSE,STOCK,EPL,EPL,,500135.0,A,EPL.BO,NO_SIGNAL,NO_SIGNAL,,,,,,,,50.84588800280402,246.47547628168883,248.80033533476788,245.81474631501996,3.067352651299899,4.979289951242212,0.7700038831875913,
BSE,STOCK,FEDERALBNK,Federal Bank,,500469.0,A,500469.BO,INSUFFICIENT_DATA,,,,,,,,,,,,,,,,INSUFFICIENT_DATA_ROWS_29
BSE,STOCK,EXICOM,Exicom Tele-Systems,,544133.0,B,EXICOM.BO,NO_SIGNAL,NO_SIGNAL,,,,,,,,56.58295935686534,163.9371865827423,161.1442922145098,160.03159678688363,1.3357084435962463,0.010224031944150114,0.6676683013820776,
BSE,STOCK,ETERNAL,Eternal,,543320.0,A,ETERNAL.BO,NO_SIGNAL,NO_SIGNAL,,,,,,,,64.25511978955015,326.7746349697984,324.438601961013,317.57124023473733,7.287391208236954,8.34927265421749,0.642777978560253,
BSE,STOCK,FACT,Fertilisers & Chemical Travancore,,590024.0,B,FACT.BO,NO_SIGNAL,NO_SIGNAL,,,,,,,,42.94395113202561,812.3463318822795,817.4201366386808,822.0327338119798,-4.861891923075859,-5.089281864321774,0.12531238416376703,
BSE,STOCK,FSL,Firstsource Solutions,,532809.0,A,FSL.BO,NO_SIGNAL,NO_SIGNAL,,,,,,,,43.89859955539466,266.9605155532943,270.06820902996697,272.06316701063986,-2.3560222096693906,-0.8614280832770229,0.8550643864949694,
BSE,STOCK,FIVESTAR,Five Star Business Finance,,543663.0,A,FIVESTAR.BO,NO_SIGNAL,NO_SIGNAL,,,,,,,,50.76373091642364,531.0275639388896,530.3050686768239,532.163618582337,-2.0535986261403423,-2.4784525213205946,0.3910940038858229,
BSE,STOCK,FMGOETZE,Federal Mogul Goetze,,505744.0,B,FMGOETZE.BO,NO_SIGNAL,NO_SIGNAL,,,,,,,,78.73043060578527,603.6029402250018,562.2007487736307,528.6691473444381,37.59183983152059,23.970954969931913,0.6983322298937545,
BSE,STOCK,FIRSTCRY,Firstcry (Brainbees Solutions),,544226.0,A,FIRSTCRY.BO,NO_SIGNAL,NO_SIGNAL,,,,,,,,28.55794210555021,179.69279062479958,187.9726955886281,196.21290440565977,-9.133836582289604,-6.920012838214106,4.05453268279472,
BSE,STOCK,FILATEX,Filatex India,,526227.0,B,FILATEX.BO,NO_SIGNAL,NO_SIGNAL,,,,,,,,49.45494732133063,75.88323644666147,77.80164478290624,77.19348931596613,0.4792641196413001,2.029393763171134,0.9173369192042579,
BSE,STOCK,FORTIS,Fortis Healthcare,,532843.0,A,FORTIS.BO,NO_SIGNAL,NO_SIGNAL,,,,,,,,45.363741004702405,913.8280116758895,916.6230248927355,923.6920548695921,-7.525324377605898,-8.51887337732578,1.243162567975005,
BSE,STOCK,GAIL,GAIL,,532155.0,A,GAIL.BO,NO_SIGNAL,NO_SIGNAL,,,,,,,,51.85737021656283,173.0226722916433,173.08441110841466,173.22509187335308,-0.16027021819326137,-0.12116684942374474,0.5418080858622287,
BSE,STOCK,GALAGEX,Galaxy Agrico Exports,,531911.0,XT,GALAGEX.BO,NO_SIGNAL,NO_SIGNAL,,,,,,,,80.66476457619764,92.31470161567492,82.56780103220149,76.00714818946818,7.4149419363454,4.06182222465386,0.8161004864594683,
BSE,STOCK,GODIGIT,Go Digit General Insurance,,544179.0,A,GODIGIT.BO,NO_SIGNAL,NO_SIGNAL,,,,,,,,43.08099596632205,259.2004980920721,259.8465702086787,263.72572594165376,-4.031895847616738,-5.254639972012465,0.03915590520084312,
BSE,STOCK,GENUSPOWER,Genus Power Infrastructures,,530343.0,A,GENUSPOWER.BO,NO_SIGNAL,NO_SIGNAL,,,,,,,,58.06860654157791,336.5792648052875,332.2400145988584,326.4240127508774,6.426500315969065,5.380834484691937,1.8953104738618691,
BSE,STOCK,GOODLUCK,Goodluck India,,530655.0,B,GOODLUCK.BO,NO_SIGNAL,NO_SIGNAL,,,,,,,,50.362967785778835,464.0615073803241,462.08624202309863,468.19482842753325,-6.382855971631614,-9.058117606394731,0.1854074632605131,
BSE,STOCK,GREAVESCOT,Greaves Cotton,,501455.0,A,501455.BO,INSUFFICIENT_DATA,,,,,,,,,,,,,,,,INSUFFICIENT_DATA_ROWS_29
BSE,STOCK,GARUDA,Garuda Construction & Engineering,,544271.0,B,GARUDA.BO,NO_SIGNAL,NO_SIGNAL,,,,,,,,50.009929939743245,177.30886121308032,178.69568587901182,179.01861068021404,-0.4427765899027918,0.42790907703443026,9.485770201515304,
BSE,STOCK,GMRAIRPORT,GMR Airports,,532754.0,A,GMRAIRPORT.BO,NO_SIGNAL,NO_SIGNAL,,,,,,,,34.75650689175458,95.87426935448666,98.04194759131009,100.8132288077732,-3.0365984108473896,-2.6487948446520893,0.5995587238906849,
BSE,STOCK,GPPL,Gujarat Pipavav Port,,533248.0,A,GPPL.BO,NO_SIGNAL,NO_SIGNAL,,,,,,,,60.838128625715626,166.23045285301643,164.5252046998148,160.9779662331487,3.8659781569190557,3.7559552724171636,0.8319134144459343,
BSE,STOCK,GTIL,Gabion Technologies,,544675.0,MT,GTIL.BO,NO_SIGNAL,NO_SIGNAL,,,,,,,,88.23279279742579,118.0564821768667,99.50354121676816,89.77864282760954,11.112315400684267,4.463633883168698,1.9505300353356891,
BSE,STOCK,GRMOVER,GRM Overseas,,531449.0,B,GRMOVER.BO,NO_SIGNAL,NO_SIGNAL,,,,,,,,39.00045643209546,86.27816465243676,87.3928815544586,89.11177946090008,-1.8432551652595066,-1.8395429395129685,0.8852510909457133,
BSE,STOCK,GPIL,Godawari Power & Ispat,,532734.0,A,GPIL.BO,NO_SIGNAL,NO_SIGNAL,,,,,,,,44.857010493727415,241.13645354098983,242.44896602737853,244.03571189796594,-1.6855226073281813,-1.676415616114943,0.6925642222196929,
BSE,STOCK,GROWW,Groww,,544603.0,B,GROWW.BO,NO_SIGNAL,NO_SIGNAL,,,,,,,,42.972193316454174,191.27122076252203,193.52446620933875,195.00482271821477,-1.6549879884142626,-0.9850231706443753,0.08675422306173829,
BSE,STOCK,GUJENERGY,Gujarat Energy,,539336.0,A,GUJENERGY.BO,NO_SIGNAL,NO_SIGNAL,,,,,,,,46.33709673670958,258.9794072856175,260.48009871315054,267.6639548084404,-7.596791640378854,-8.85959054337277,0.40082728554796226,
BSE,STOCK,GUJJUBHAI,Gujjubhai Industries,,532070.0,X,GUJJUBHAI.BO,NO_SIGNAL,NO_SIGNAL,,,,,,,,28.45207491844174,103.46407854474754,113.61691952303804,120.75228808360443,-8.101167665432158,-4.318887663146406,1.7377823393212972,
BSE,STOCK,HAPPSTMNDS,Happiest Minds Technologies,,543227.0,A,HAPPSTMNDS.BO,SIGNAL,SHORT,2026-09-03 00:00:00,353.95001220703125,362.798762512207,336.25251159667965,8.84875030517577,17.697500610351597,2.000000000000006,34.125896936722185,374.51314200854307,395.7257650553561,397.9355319516072,-3.325722147353929,6.787698290810745,0.8636088203703848,
BSE,STOCK,HEG,HEG,,509631.0,A,HEG.BO,NO_SIGNAL,NO_SIGNAL,,,,,,,,56.11886235439465,715.3665971794759,712.3194968592751,692.4209754584383,20.942041447361476,25.863484911723734,0.5283803890593141,
BSE,STOCK,HCLTECH,HCL Technologies,,532281.0,A,HCLTECH.BO,NO_SIGNAL,NO_SIGNAL,,,,,,,,50.42359014673773,1320.0295800449637,1319.514721478655,1309.5624271168488,9.998450727026466,15.119698207014174,0.8522702482584098,
BSE,STOCK,HINDPETRO,Hindustan Petroleum,,500104.0,A,500104.BO,INSUFFICIENT_DATA,,,,,,,,,,,,,,,,INSUFFICIENT_DATA_ROWS_29
BSE,STOCK,HEXT,Hexaware Technologies,,544362.0,A,HEXT.BO,NO_SIGNAL,NO_SIGNAL,,,,,,,,38.340185252865986,543.361182168253,550.4763854485174,553.4750931627099,-3.5514549538100937,-0.7077312601069128,1.5706420895291602,
BSE,STOCK,HDFCLIFE,HDFC Life Insurance,,540777.0,A,HDFCLIFE.BO,SIGNAL,SHORT,2026-09-03 00:00:00,532.0,545.3,505.4,13.299999999999955,26.600000000000023,2.0000000000000084,38.49878563393926,538.0481567800915,542.0061806620205,545.2289516828195,-3.4749767385128507,-3.0023213990593,0.3822163320474687,
BSE,STOCK,HINDUNILVR,Hindustan Unilever,,500696.0,A,500696.BO,INSUFFICIENT_DATA,,,,,,,,,,,,,,,,INSUFFICIENT_DATA_ROWS_29
BSE,STOCK,ICICIAMC,ICICI Prudential Asset Management,,544658.0,A,ICICIAMC.BO,NO_SIGNAL,NO_SIGNAL,,,,,,,,38.07319090370555,3030.9147421301973,3094.9254523999293,3122.069789099292,-31.073583015129316,-8.706261894154359,0.03634764538085249,
BSE,STOCK,HINDCOPPER,Hindustan Copper,,513599.0,A,HINDCOPPER.BO,NO_SIGNAL,NO_SIGNAL,,,,,,,,45.25671991704894,525.7576715609529,534.4302012745042,531.3505217019496,2.7728162514723635,8.671430149984104,0.37868816180472303,
BSE,STOCK,HONASA,Mamaearth,,544014.0,A,HONASA.BO,NO_SIGNAL,NO_SIGNAL,,,,,,,,52.44114870725281,475.763785256841,476.8422626971247,473.17340370834495,3.7580294176863163,5.710646777047853,0.16970975235354377,
BSE,STOCK,HSCL,Himadri Speciality Chemical,,500184.0,A,HSCL.BO,NO_SIGNAL,NO_SIGNAL,,,,,,,,38.55501316748093,666.5245312339214,684.9570058659601,703.4756498898769,-20.86524521436229,-14.25094431871138,0.4950689287896802,
BSE,STOCK,ICICIGI,ICICI Lombard General Insurance,,540716.0,A,ICICIGI.BO,NO_SIGNAL,NO_SIGNAL,,,,,,,,24.63501780541644,1546.4427591604908,1578.3971373070465,1609.421669711201,-34.030471316674266,-27.48938932812022,0.14223277403228432,
BSE,STOCK,HUDCO,HUDCO,,540530.0,A,HUDCO.BO,NO_SIGNAL,NO_SIGNAL,,,,,,,,34.36716511947721,180.66865806667724,184.18672200203468,188.86743660476753,-5.1073126837530936,-4.601965573607838,1.1868968656969388,
BSE,STOCK,IEX,Indian Energy Exchange,,540750.0,A,540750.BO,INSUFFICIENT_DATA,,,,,,,,,,,,,,,,INSUFFICIENT_DATA_ROWS_29
BSE,STOCK,HYUNDAI,Hyundai Motor India,,544274.0,A,HYUNDAI.BO,NO_SIGNAL,NO_SIGNAL,,,,,,,,46.71042246797723,2180.29702282878,2196.2769022730595,2171.072082364614,25.581796199984183,41.95175923821916,0.3930468866705203,
BSE,STOCK,IDFCFIRSTB,IDFC First Bank,,539437.0,A,IDFCFIRSTB.BO,NO_SIGNAL,NO_SIGNAL,,,,,,,,60.75546496782579,85.42642661913412,84.97170019487757,84.38972801840819,0.609654070345087,0.6906421928412468,3.455508318948103,
BSE,STOCK,ICICIPRULI,ICICI Prudential Life Insurance,,540133.0,A,ICICIPRULI.BO,NO_SIGNAL,NO_SIGNAL,,,,,,,,43.093041605471896,500.5108761905649,504.3214581586808,504.7954861925083,-0.679176102359861,1.0414140296024645,0.02594271028792954,
BSE,STOCK,IGIL,International Gemological Institute,,544311.0,A,IGIL.BO,NO_SIGNAL,NO_SIGNAL,,,,,,,,35.52804938691844,332.99621800279664,338.8114728894845,342.79856679795324,-4.46431112441843,-2.755006209751333,0.3668028554110476,
BSE,STOCK,INDHOTEL,Indian Hotels Company,,500850.0,A,500850.BO,INSUFFICIENT_DATA,,,,,,,,,,,,,,,,INSUFFICIENT_DATA_ROWS_29
BSE,STOCK,IMAGICAA,Imagicaaworld Entertainment,,539056.0,B,IMAGICAA.BO,NO_SIGNAL,NO_SIGNAL,,,,,,,,59.571969094077915,54.80107536406445,53.051785855948744,51.12599822762212,2.135773387414382,1.6274107834344815,0.15885167615009385,
BSE,STOCK,IIFL,IIFL Finance,,532636.0,A,IIFL.BO,NO_SIGNAL,NO_SIGNAL,,,,,,,,55.06527046495689,643.2334246451499,643.2565771103725,629.2544142635154,14.643378779828595,19.300811054539555,1.4169367772962347,
BSE,STOCK,INFY,Infosys,,500209.0,A,500209.BO,INSUFFICIENT_DATA,,,,,,,,,,,,,,,,INSUFFICIENT_DATA_ROWS_29
BSE,STOCK,INA,Insolation Energy,,543620.0,B,INA.BO,NO_SIGNAL,NO_SIGNAL,,,,,,,,26.53685007568879,90.1937101108651,93.25691768229198,98.35460437770172,-5.522445123559635,-5.423223406500059,0.696139800929967,
BSE,STOCK,IOC,Indian Oil Corporation,,530965.0,A,IOC.BO,NO_SIGNAL,NO_SIGNAL,,,,,,,,41.83574761027537,136.94166053349923,137.60248624426342,138.55343832543812,-1.0408454674282268,-0.9436071859819148,0.5348797112640269,
BSE,STOCK,INDUSTOWER,Indus Towers,,534816.0,A,INDUSTOWER.BO,NO_SIGNAL,NO_SIGNAL,,,,,,,,44.49388870127088,377.63008067245573,378.59710041358903,381.57372561054166,-3.1215310631073407,-3.843285588018371,0.9921504543196471,
BSE,STOCK,INDSWFTLAB,Ind Swift Laboratories,,532305.0,B,INDSWFTLAB.BO,NO_SIGNAL,NO_SIGNAL,,,,,,,,75.05574668959761,365.7081095890039,345.83781908699166,315.0899140353974,33.41497945496519,31.73809727396289,0.3369909095493325,
BSE,STOCK,INDUSINDBK,Indusind Bank,,532187.0,A,INDUSINDBK.BO,NO_SIGNAL,NO_SIGNAL,,,,,,,,49.83855543155666,993.4357834407595,998.7847509733658,1001.661964617406,-3.4942918327700454,-0.5219359840186935,2.924486145007764,
BSE,STOCK,IOLCP,IOL Chemicals & Pharmaceuticals,,524164.0,B,IOLCP.BO,NO_SIGNAL,NO_SIGNAL,,,,,,,,71.18687126162162,191.11269344035478,182.59932443626872,173.4464839941061,10.104685314514882,7.996586674649908,1.4866964766041373,
BSE,STOCK,J&KBANK,Jammu & Kashmir Bank,,532209.0,A,532209.BO,INSUFFICIENT_DATA,,,,,,,,,,,,,,,,INSUFFICIENT_DATA_ROWS_29
BSE,STOCK,INOXWIND,Inox Wind,,539083.0,A,INOXWIND.BO,NO_SIGNAL,NO_SIGNAL,,,,,,,,48.07026361009342,71.88118347395273,72.66406913843795,74.42727727961862,-1.8924519470684231,-1.978388657086847,3.045656546936067,
BSE,STOCK,IREDA,IREDA,,544026.0,A,IREDA.BO,NO_SIGNAL,NO_SIGNAL,,,,,,,,38.47262996410851,114.3243674539909,115.70211709677318,117.22632327518632,-1.6572860449590507,-1.4827645390655213,0.44867315183690476,
BSE,STOCK,IRCON,Ircon International,,541956.0,A,IRCON.BO,NO_SIGNAL,NO_SIGNAL,,,,,,,,31.341685797643606,119.65730987593366,121.92817723607148,124.26056675799636,-2.565319643155661,-2.0686369276263648,1.0891969854125902,
BSE,STOCK,ITCHOTELS,ITC Hotels,,544325.0,A,ITCHOTELS.BO,NO_SIGNAL,NO_SIGNAL,,,,,,,,40.933344534086636,160.89763951587128,162.9499942630783,164.7088469534181,-1.9492786825570363,-1.4144704872697214,0.2795066278818591,
BSE,STOCK,IXIGO,Le Travenues Technology (IXIGO),,544192.0,A,IXIGO.BO,NO_SIGNAL,NO_SIGNAL,,,,,,,,36.93486358871048,161.34963074763306,166.10147442970305,173.09387949959836,-7.630436140477798,-7.072484926931737,0.4724280844242416,
BSE,STOCK,JINDALSAW,Jindal SAW,,500378.0,A,500378.BO,INSUFFICIENT_DATA,,,,,,,,,,,,,,,,INSUFFICIENT_DATA_ROWS_29
BSE,STOCK,JINDRILL,Jindal Drilling & Industries,,511034.0,B,511034.BO,INSUFFICIENT_DATA,,,,,,,,,,,,,,,,INSUFFICIENT_DATA_ROWS_29
BSE,STOCK,JAINREC,Jain Resource Recycling,,544537.0,B,JAINREC.BO,NO_SIGNAL,NO_SIGNAL,,,,,,,,34.36754673556078,282.240231551732,288.6920673921554,299.9107818284948,-12.104638114082832,-12.176663096580766,0.9374377374314018,
BSE,STOCK,JIOFIN,Jio Financial Services,,543940.0,A,JIOFIN.BO,NO_SIGNAL,NO_SIGNAL,,,,,,,,39.84175410407579,237.96457262571022,241.05441156397967,243.35645129632846,-2.648244634661836,-1.3131801494771178,1.1162776831606274,
BSE,STOCK,JAMNAAUTO,Jamna Auto Industries,,520051.0,A,JAMNAAUTO.BO,NO_SIGNAL,NO_SIGNAL,,,,,,,,43.411567274300346,121.09120552399457,122.13142235708392,124.84506268524201,-2.9350846236104218,-3.0801773305786457,0.4441365482854444,
BSE,STOCK,JMFINANCIL,JM Financial,,523405.0,A,523405.BO,INSUFFICIENT_DATA,,,,,,,,,,,,,,,,INSUFFICIENT_DATA_ROWS_29
BSE,STOCK,JAYNECOIND,Jayaswal Neco Industries,,522285.0,A,JAYNECOIND.BO,NO_SIGNAL,NO_SIGNAL,,,,,,,,57.617806700351196,98.42311255186615,97.37796359517903,95.11683701928425,2.46194406788851,2.4210323902301223,0.5236513529535328,
BSE,STOCK,JAYSREETEA,Jay Shree Tea & Industries,,509715.0,B,JAYSREETEA.BO,NO_SIGNAL,NO_SIGNAL,,,,,,,,61.43918809926105,99.46738663958382,98.03610849501231,94.65368852837638,3.657900180831632,3.7936793225479364,0.03174011060442742,
BSE,STOCK,JSWCEMENT,JSW Cement,,544480.0,A,JSWCEMENT.BO,NO_SIGNAL,NO_SIGNAL,,,,,,,,34.266420999335224,124.30651473057434,125.78210581631676,127.89193553756174,-2.2987101823108986,-2.151443981077644,0.69651846241657,
BSE,STOCK,JSWINFRA,JSW Infrastructure,,543994.0,A,JSWINFRA.BO,NO_SIGNAL,NO_SIGNAL,,,,,,,,48.83392904066228,335.3228438681289,336.45169617464506,334.6170125830605,1.8652658306530157,2.974864901843809,0.42346240251734074,
BSE,STOCK,JSWENERGY,JSW Energy,,533148.0,A,JSWENERGY.BO,NO_SIGNAL,NO_SIGNAL,,,,,,,,44.03361160043667,533.991631259409,539.1340024099566,545.4032766307525,-6.922171825121495,-5.593708936874108,9.053450448633178,
BSE,STOCK,JYOTICNC,Jyoti CNC Automation,,544081.0,A,JYOTICNC.BO,NO_SIGNAL,NO_SIGNAL,,,,,,,,67.10453614447401,1000.0175182565051,973.2847351357505,925.167823891598,52.20296109196306,50.95801026874504,4.783499239840704,
BSE,STOCK,JTLIND,JTL Industries,,534600.0,B,JTLIND.BO,NO_SIGNAL,NO_SIGNAL,,,,,,,,66.28459738480029,88.8257811590171,84.50426157582407,81.23631903078144,3.680368955228687,2.203745805759735,1.1015603715537576,
BSE,STOCK,JSWSTEEL,JSW Steel,,500228.0,A,JSWSTEEL.BO,NO_SIGNAL,NO_SIGNAL,,,,,,,,54.94181316630693,1312.0372043310433,1308.8537152630495,1297.7929244242155,11.891977005569743,12.894252446751445,0.594797575500539,
BSE,STOCK,JYOTHYLAB,Jyothy Laboratories,,532926.0,A,JYOTHYLAB.BO,NO_SIGNAL,NO_SIGNAL,,,,,,,,43.35339262927905,203.53703618433832,205.5505951562351,205.1224670045706,0.3611251177803467,1.4775880730691622,0.34613165233264137,
BSE,STOCK,KARURVYSYA,Karur Vysya Bank,,590003.0,B,590003.BO,INSUFFICIENT_DATA,,,,,,,,,,,,,,,,INSUFFICIENT_DATA_ROWS_29
BSE,STOCK,KNACK,Knack Packaging,,544814.0,B,KNACK.BO,INSUFFICIENT_DATA,,,,,,,,,,,,,,,,INSUFFICIENT_DATA_ROWS_42
BSE,STOCK,KEC,KEC International,,532714.0,A,KEC.BO,NO_SIGNAL,NO_SIGNAL,,,,,,,,26.922173670426886,413.20949654278894,423.92366573221875,439.14014659112365,-16.493686420712436,-15.719511914582373,1.1646330720220508,
BSE,STOCK,JUBLFOOD,Jubilant FoodWorks,,533155.0,A,JUBLFOOD.BO,NO_SIGNAL,NO_SIGNAL,,,,,,,,49.78190164823241,488.0339168056021,491.7391998061764,483.67096368035175,8.239912838523878,13.043238924195087,0.09796031418373373,
BSE,STOCK,KIMS,Krishna Institute of Medical Sciences,,543308.0,A,KIMS.BO,NO_SIGNAL,NO_SIGNAL,,,,,,,,43.1718941550735,762.4270665574118,771.4320725987855,781.8005190226667,-11.514669170968432,-8.929415185506931,2.346181598871334,
BSE,STOCK,KALYANKJIL,Kalyan Jewellers,,543278.0,A,KALYANKJIL.BO,NO_SIGNAL,NO_SIGNAL,,,,,,,,49.28958463863077,593.0526820933785,599.0621468518638,588.9174256556568,10.062413173144137,17.47273425355065,0.631480837423104,
BSE,STOCK,KMCSHIL,KMC Speciality Hospitals,,524520.0,B,KMCSHIL.BO,NO_SIGNAL,NO_SIGNAL,,,,,,,,56.75012772566465,136.0386802647016,135.69285692062897,133.77966401367567,2.0516033522186206,2.346569477323592,0.3283607343658731,
BSE,STOCK,KESAR,Kesar,,543542.0,M,KESAR.BO,NO_SIGNAL,NO_SIGNAL,,,,,,,,30.612751954538226,1153.52495388008,1177.8949723942333,1202.6283333757317,-27.467386726550785,-20.798316030201914,6.877730240936726,
BSE,STOCK,KISSHT,OnEMI Technology Solutions,,544754.0,B,KISSHT.BO,NO_SIGNAL,NO_SIGNAL,,,,,,,,49.67028309254134,302.8566826370315,304.0990263747451,305.8824981964125,-1.959366209664438,-1.836194558701416,0.7734558019412074,
BSE,STOCK,KNRCON,KNR Constructions,,532942.0,A,KNRCON.BO,NO_SIGNAL,NO_SIGNAL,,,,,,,,37.61902083899389,119.7421228200738,123.16201091218551,125.56895631159308,-2.7361597247599576,-1.4342133027299244,4.6429893584665765,
BSE,STOCK,KPGEL,KP Green Engineering,,544150.0,M,KPGEL.BO,NO_SIGNAL,NO_SIGNAL,,,,,,,,51.22658981106139,285.23198729404845,279.9691009777261,291.9475062364693,-12.363266323165192,-18.64238245578606,0.5544339183102966,
BSE,STOCK,KPITTECH,KPIT Technologies,,542651.0,A,KPITTECH.BO,NO_SIGNAL,NO_SIGNAL,,,,,,,,42.624249629044456,588.0443718165207,592.7860946945085,598.7368987861646,-6.450919894291815,-5.763211272908411,0.24074622006498309,
BSE,STOCK,KPIGREEN,KPI Green Energy,,542323.0,A,KPIGREEN.BO,NO_SIGNAL,NO_SIGNAL,,,,,,,,26.971650782570478,307.15403330177156,315.5193859943147,332.09172913588463,-17.81051149141905,-18.73954328626054,0.2637918979583647,
BSE,STOCK,KPIL,Kalpataru Projects International,,522287.0,A,KPIL.BO,NO_SIGNAL,NO_SIGNAL,,,,,,,,63.34123428424106,1407.761486529973,1393.0497161299174,1373.4919628997359,21.413017252751388,19.261672586199673,0.6156098092501867,
BSE,STOCK,KRONOX,Kronox Lab Sciences,,544187.0,T,KRONOX.BO,NO_SIGNAL,NO_SIGNAL,,,,,,,,54.68591637316827,184.55516271298674,181.68569369896917,174.57322103473365,7.675714380878077,8.018813242522953,0.05483872894747661,
BSE,STOCK,LASERPOWER,Laser Power & Infra,,544822.0,B,LASERPOWER.BO,INSUFFICIENT_DATA,,,,,,,,,,,,,,,,INSUFFICIENT_DATA_ROWS_36
BSE,STOCK,KTKBANK,Karnataka Bank,,532652.0,A,KTKBANK.BO,NO_SIGNAL,NO_SIGNAL,,,,,,,,67.67973928770557,334.1700710153638,328.43082258579045,317.5667732261805,11.703950533418833,12.037568042725589,0.5246409181550651,
BSE,STOCK,KVSCASTING,KVS Castings,,544554.0,MT,KVSCASTING.BO,NO_SIGNAL,NO_SIGNAL,,,,,,,,59.70958497453223,88.14875334949241,85.34940292160823,80.20626078500123,5.589757083608234,5.445622145956079,0.41362530413625304,
BSE,STOCK,LEMONTREE,Lemon Tree Hotels,,541233.0,A,LEMONTREE.BO,NO_SIGNAL,NO_SIGNAL,,,,,,,,32.78682060814464,106.21157619762995,107.45124098645319,108.77656281352702,-1.448188900040904,-1.2410689649936835,0.9485370588241141,
BSE,STOCK,LORDSMARK,Lords Mark Industries,,501261.0,XT,LORDSMARK.BO,NO_SIGNAL,NO_SIGNAL,,,,,,,,1.9183506556943115,81.45556285388005,108.99113989714735,667.468872752311,-569.4077074080335,-804.916755775309,1.9602851361058717,
BSE,STOCK,LT,Larsen & Toubro,,500510.0,A,500510.BO,INSUFFICIENT_DATA,,,,,,,,,,,,,,,,INSUFFICIENT_DATA_ROWS_29
BSE,STOCK,LLOYDSENGG,Lloyds Engineering Works,,539992.0,A,LLOYDSENGG.BO,NO_SIGNAL,NO_SIGNAL,,,,,,,,42.80089775785883,85.02064722855525,87.09814712272117,88.24722732517893,-1.3478446422012098,-0.41155513429435947,0.5562038016371446,
BSE,STOCK,LENSKART,Lenskart Solutions,,544600.0,B,LENSKART.BO,NO_SIGNAL,NO_SIGNAL,,,,,,,,75.1890516804197,663.1731207380769,647.5700066657237,623.3775051908099,26.219972513407356,25.38882253880947,0.03950104387966976,
BSE,STOCK,LGEINDIA,LG Electronics,,544576.0,B,LGEINDIA.BO,NO_SIGNAL,NO_SIGNAL,,,,,,,,54.977924653581404,1667.429919616835,1659.5167967999905,1633.8393255418723,27.649614162111675,29.84792287097704,0.0826235957020505,
BSE,STOCK,LLOYDSENT,Lloyds Enterprises,,512463.0,A,LLOYDSENT.BO,NO_SIGNAL,NO_SIGNAL,,,,,,,,38.271093248233,72.0989892540771,73.93464863257577,75.52471803421962,-1.7931848529066627,-1.1546466278891894,0.4392284433664648,
BSE,STOCK,LTF,L&T Finance,,533519.0,A,LTF.BO,NO_SIGNAL,NO_SIGNAL,,,,,,,,51.11798692633057,313.86000252563656,314.8699060561083,314.07315383661887,0.7614402132104487,1.647335684824143,0.44054715217065643,
BSE,STOCK,M&M,Mahindra & Mahindra,,500520.0,A,500520.BO,INSUFFICIENT_DATA,,,,,,,,,,,,,,,,INSUFFICIENT_DATA_ROWS_29
BSE,STOCK,M&MFIN,M&M Financial Services,,532720.0,A,532720.BO,INSUFFICIENT_DATA,,,,,,,,,,,,,,,,INSUFFICIENT_DATA_ROWS_29
BSE,STOCK,MANINFRA,Man Infraconstruction,,533169.0,B,533169.BO,INSUFFICIENT_DATA,,,,,,,,,,,,,,,,INSUFFICIENT_DATA_ROWS_29
BSE,STOCK,LTFOODS,LT Foods,,532783.0,A,LTFOODS.BO,NO_SIGNAL,NO_SIGNAL,,,,,,,,59.70070457232486,441.74704420507123,437.61267545924005,427.36119729044697,10.990135064936965,11.905362968888443,0.17845502232813457,
BSE,STOCK,MARSONS,Marsons,,517467.0,B,MARSONS.BO,NO_SIGNAL,NO_SIGNAL,,,,,,,,61.876601256973,125.45778784394565,121.58682991037892,117.58240842119723,4.502709562791182,3.088800299240905,0.9949682192219932,
BSE,STOCK,MANAPPURAM,Manappuram Finance,,531213.0,A,MANAPPURAM.BO,NO_SIGNAL,NO_SIGNAL,,,,,,,,41.244410212439185,341.5394257297438,347.48145478725235,349.15097715672596,-2.116321654653632,0.7500599557564787,0.6324779823551258,
BSE,STOCK,MAXHEALTH,Max Healthcare Institute,,543220.0,A,MAXHEALTH.BO,NO_SIGNAL,NO_SIGNAL,,,,,,,,36.6380221612705,1001.4284037754387,1009.6517994413016,1026.2058356122263,-17.807767126557223,-18.936337741899738,4.630305768085561,
BSE,STOCK,MCX,MCX,,534091.0,A,MCX.BO,NO_SIGNAL,NO_SIGNAL,,,,,,,,56.78611307687041,3262.97468176603,3202.862157067593,3083.428910249379,130.41189695172625,124.33866599554626,1.2775632428923116,
BSE,STOCK,MILLWORKS,Millworks Technologies,,544826.0,M,MILLWORKS.BO,INSUFFICIENT_DATA,,,,,,,,,,,,,,,,INSUFFICIENT_DATA_ROWS_33
BSE,STOCK,MAHABANK,Bank of Maharashtra,,532525.0,A,MAHABANK.BO,NO_SIGNAL,NO_SIGNAL,,,,,,,,63.72060919356708,83.82212986167428,82.70638621619455,82.01993189661614,0.7923716404060741,0.3483474337092686,1.8259893437670875,
BSE,STOCK,MEESHO,Meesho,,544632.0,B,MEESHO.BO,NO_SIGNAL,NO_SIGNAL,,,,,,,,64.66841232964119,208.5039843239669,204.98569465799045,199.85196526488923,5.59703897553598,5.161113276329667,0.7789050433282368,
BSE,STOCK,MANYAVAR,Vedant Fashions,,543463.0,A,MANYAVAR.BO,NO_SIGNAL,NO_SIGNAL,,,,,,,,76.91344316561589,552.7647830561714,541.3599583357894,517.4545331994675,25.559423958406796,27.830219667412802,0.5090567081322396,
BSE,STOCK,MIDHANI,Mishra Dhatu Nigam,,541195.0,A,MIDHANI.BO,NO_SIGNAL,NO_SIGNAL,,,,,,,,48.71991480381896,416.47122205023663,418.4974010505578,418.66374077492674,-0.28693731086792695,0.9170424551495723,0.14828771243495598,
BSE,STOCK,MOL,Meghmani Organics,,543331.0,B,MOL.BO,NO_SIGNAL,NO_SIGNAL,,,,,,,,70.16540904320208,65.1382648213838,62.93297460353561,60.255428116553844,2.911536646403235,2.6575428439473243,1.7347570730137465,
BSE,STOCK,MMTC,MMTC,,513377.0,B,MMTC.BO,NO_SIGNAL,NO_SIGNAL,,,,,,,,42.30506717864325,62.533453962162085,63.14265207438843,63.55867717862293,-0.4611703322630092,-0.2833282976278875,0.5023984697613485,
BSE,STOCK,MOSCHIP,Moschip Technologies,,532407.0,A,MOSCHIP.BO,NO_SIGNAL,NO_SIGNAL,,,,,,,,50.671779333234106,214.33313448479953,212.52647106265542,212.86127050482912,-0.21053952391906705,-1.6093350162816247,0.5777856117191771,
BSE,STOCK,NCC,NCC,,500294.0,A,500294.BO,INSUFFICIENT_DATA,,,,,,,,,,,,,,,,INSUFFICIENT_DATA_ROWS_29
BSE,STOCK,MOTHERSON,Samvardhana Motherson International,,517334.0,A,MOTHERSON.BO,NO_SIGNAL,NO_SIGNAL,,,,,,,,50.84408103634983,164.07640533946466,164.8646041268649,162.36016180389643,2.5687841386433945,3.9104913707388094,0.2832846126716973,
BSE,STOCK,NATIONALUM,NALCO,,532234.0,A,NATIONALUM.BO,NO_SIGNAL,NO_SIGNAL,,,,,,,,46.44593733479982,377.6938014269391,382.9135095121883,380.27603436034235,2.513263553745503,6.163539519711799,0.6104967787215073,
BSE,STOCK,NBCC,NBCC,,534309.0,A,NBCC.BO,NO_SIGNAL,NO_SIGNAL,,,,,,,,34.40245572602123,86.31535101303632,87.81017978645183,90.17618807907155,-2.55598391921518,-2.5056623411128998,1.319319967687636,
BSE,STOCK,MRTX,Merritronix,,544773.0,M,MRTX.BO,NO_SIGNAL,NO_SIGNAL,,,,,,,,42.973085214424145,315.24646202115053,321.7743567441133,331.96069072111754,-11.00082628386707,-10.859752539587681,1.0713043478260869,
BSE,STOCK,NIITLTD,NIIT,,500304.0,B,500304.BO,INSUFFICIENT_DATA,,,,,,,,,,,,,,,,INSUFFICIENT_DATA_ROWS_29
BSE,STOCK,NETWEB,Netweb Technologies,,543945.0,A,NETWEB.BO,NO_SIGNAL,NO_SIGNAL,,,,,,,,56.98949034186229,5215.818735455316,5199.775377370072,5065.329851647646,142.38115161834503,176.23332481817738,2.443679939234222,
BSE,STOCK,NHPC,NHPC,,533098.0,A,NHPC.BO,NO_SIGNAL,NO_SIGNAL,,,,,,,,45.569389702677874,75.8939269049263,76.17575335131787,76.77235621237546,-0.6463048972920262,-0.6552735939239538,4.127783247191898,
BSE,STOCK,NIACL,The New India Assurance Company,,540769.0,A,NIACL.BO,NO_SIGNAL,NO_SIGNAL,,,,,,,,62.79465432466796,192.56238570868308,188.25102069935136,184.38004426862585,4.285165012680693,3.216343497758516,2.3128593159326214,
BSE,STOCK,NSDL,National Securities Depository (NSDL),,544467.0,A,NSDL.BO,NO_SIGNAL,NO_SIGNAL,,,,,,,,45.20528850543731,812.0589356521546,813.4593468506214,816.8970710430553,-3.6080722419208087,-4.29453852612358,0.7186818273199771,
BSE,STOCK,NLCINDIA,NLC India,,513683.0,A,NLCINDIA.BO,NO_SIGNAL,NO_SIGNAL,,,,,,,,42.02294860042394,273.3598298092069,274.30659449579576,280.10545792812593,-6.139191993373686,-7.397888939235746,0.6038068733237609,
BSE,STOCK,NTPC,NTPC,,532555.0,A,NTPC.BO,NO_SIGNAL,NO_SIGNAL,,,,,,,,38.907426684582674,330.0895393679149,333.26951843297604,337.33511921310924,-4.438770222838912,-3.91865311940499,4.77480399533691,
BSE,STOCK,NMDC,NMDC,,526371.0,A,NMDC.BO,NO_SIGNAL,NO_SIGNAL,,,,,,,,45.45278882686855,85.39960594858681,85.49718959760155,85.36013622000416,0.15349500932948956,0.1646070919767146,0.45481591946953076,
BSE,STOCK,NORTHARC,Northern Arc Capital,,544260.0,A,NORTHARC.BO,NO_SIGNAL,NO_SIGNAL,,,,,,,,57.391642447748815,300.26784669698304,294.9898794394117,292.94806512660693,2.4621379471681166,-0.004409542790141774,0.12415854773411755,
BSE,STOCK,NYKAA,Nykaa,,543384.0,A,NYKAA.BO,NO_SIGNAL,NO_SIGNAL,,,,,,,,49.87211183820745,335.3286400013966,334.4519327104197,331.5253647773613,3.101163414385894,3.4719736386563134,1.331685554543389,
BSE,STOCK,OIL,Oil India,,533106.0,A,533106.BO,INSUFFICIENT_DATA,,,,,,,,,,,,,,,,INSUFFICIENT_DATA_ROWS_29
BSE,STOCK,NIYOGIN,Niyogin Fintech,,538772.0,X,NIYOGIN.BO,NO_SIGNAL,NO_SIGNAL,,,,,,,,45.16554561993798,53.077426826064155,54.46550748736354,52.78792868881297,1.709294465536459,2.884866301769555,0.38655535120785456,
BSE,STOCK,OBEROIRLTY,Oberoi Realty,,533273.0,A,OBEROIRLTY.BO,NO_SIGNAL,NO_SIGNAL,,,,,,,,59.83971863005936,1884.4923443953535,1873.2692981583432,1858.6814812205605,15.858692747575333,14.59522260263169,5.162577428180519,
BSE,STOCK,NTPCGREEN,NTPC Green Energy,,544289.0,A,NTPCGREEN.BO,NO_SIGNAL,NO_SIGNAL,,,,,,,,32.70831283544729,89.21180439421254,90.26923278811518,91.18082967871075,-1.004077799595123,-0.7505832791331724,1.5874045508620462,
BSE,STOCK,PARACABLES,Paramount Communications,,530555.0,B,530555.BO,INSUFFICIENT_DATA,,,,,,,,,,,,,,,,INSUFFICIENT_DATA_ROWS_29
BSE,STOCK,OMAXE,Omaxe,,532880.0,B,OMAXE.BO,NO_SIGNAL,NO_SIGNAL,,,,,,,,69.12145070241073,126.37663186743997,116.27574361452525,106.70727184302903,10.628922737264602,7.784964868640049,1.0082705760103179,
BSE,STOCK,OMNI,Omnitech Engineering,,544720.0,B,OMNI.BO,NO_SIGNAL,NO_SIGNAL,,,,,,,,38.82711232005564,539.7377159059306,558.457473327056,567.0184409265438,-10.101321123470598,-2.2034169009710127,0.42708100006738015,
BSE,STOCK,PARADEEP,Paradeep Phosphates,,543530.0,A,PARADEEP.BO,NO_SIGNAL,NO_SIGNAL,,,,,,,,52.05133212706882,156.6352021737929,155.52730707427276,152.08327505942242,3.7105785309793475,3.898196805597543,0.41072526337651843,
BSE,STOCK,PAISALO,Paisalo Digital,,532900.0,A,PAISALO.BO,NO_SIGNAL,NO_SIGNAL,,,,,,,,57.356572598939835,68.41118281952429,68.48648416661807,68.73115328600556,-0.2815442678898137,-0.2115133450976241,4.069372486521627,
BSE,STOCK,PARAS,Paras Defence Space Tech,,543367.0,A,PARAS.BO,NO_SIGNAL,NO_SIGNAL,,,,,,,,53.83770273848137,1419.643151738338,1423.028094322283,1385.3407529908109,39.519559607661904,52.65983106980396,0.5256482784208419,
BSE,STOCK,ONIXSOLAR,Onix Solar Energy,,513119.0,B,ONIXSOLAR.BO,NO_SIGNAL,NO_SIGNAL,,,,,,,,43.39681911067061,353.7344312598566,354.4753693362053,405.7872466763093,-54.17890258140386,-68.33735114339925,2.069098575722421,
BSE,STOCK,PGEL,PG Electroplast,,533581.0,A,PGEL.BO,NO_SIGNAL,NO_SIGNAL,,,,,,,,33.357092884457245,569.0778450613736,582.6531946126563,588.597449421266,-7.070779561730092,-1.1319829970260755,1.3894865838599615,
BSE,STOCK,PETRONET,Petronet LNG,,532522.0,A,PETRONET.BO,NO_SIGNAL,NO_SIGNAL,,,,,,,,58.41025102254112,290.7040473077031,289.4369269166454,286.4916099500836,3.187789810938227,3.2603747492585917,0.08135884821914675,
BSE,STOCK,PATANJALI,Patanjali Foods,,500368.0,A,PATANJALI.BO,NO_SIGNAL,NO_SIGNAL,,,,,,,,32.69645180636016,345.58203213576905,348.21371479729845,353.18087487636694,-5.259074811330436,-5.767548655706131,0.41490319644163776,
BSE,STOCK,PFC,Power Finance Corporation,,532810.0,A,PFC.BO,NO_SIGNAL,NO_SIGNAL,,,,,,,,20.328905238194295,348.7646580084306,359.06481591049925,373.54767257711654,-15.79606051730525,-14.482750872265465,10.247673840915345,
BSE,STOCK,PAYTM,One 97 Communications,,543396.0,A,PAYTM.BO,NO_SIGNAL,NO_SIGNAL,,,,,,,,59.06314027718796,1637.8462613881297,1626.5664464265546,1563.0232499732508,67.25285440114044,80.93197687703353,0.3853786639384067,
BSE,STOCK,PINELABS,Pine Labs,,544606.0,B,PINELABS.BO,NO_SIGNAL,NO_SIGNAL,,,,,,,,46.77342090177863,160.73846676802924,161.3995395333213,159.53416965460497,1.9473809009880085,2.7367816556170994,0.6202224084934157,
BSE,STOCK,POONAWALLA,Poonawalla Fincorp,,524000.0,A,POONAWALLA.BO,NO_SIGNAL,NO_SIGNAL,,,,,,,,44.58655433758212,466.1932062936802,473.37520487098163,474.6480857810343,-1.8359192411644472,2.316265553789883,1.5196633947614648,
BSE,STOCK,POLICYBZR,PB FinTech,,543390.0,A,POLICYBZR.BO,NO_SIGNAL,NO_SIGNAL,,,,,,,,72.7512513461012,1834.1270843310879,1802.2387037655853,1750.8713968690186,55.80744888658501,53.64738787815932,1.3268213352210285,
BSE,STOCK,PNCINFRA,PNC Infratech,,539150.0,A,PNCINFRA.BO,NO_SIGNAL,NO_SIGNAL,,,,,,,,23.474310810598325,187.3658264187711,197.7463756446724,208.82439420809115,-12.2349688320123,-9.820952592866577,0.6816882382438278,
BSE,STOCK,POWERGRID,Power Grid Corporation of India,,532898.0,A,POWERGRID.BO,NO_SIGNAL,NO_SIGNAL,,,,,,,,40.356017238206306,265.8606136779737,267.2876796557375,270.6526414502902,-3.5985236273027112,-3.947833132440108,1.6155964642224538,
BSE,STOCK,PREMIERENE,Premier Energies,,544238.0,A,PREMIERENE.BO,NO_SIGNAL,NO_SIGNAL,,,,,,,,42.36782841636125,1007.5484174092072,1015.5702873098494,1024.20077636738,-9.439287408499581,-7.9859620540135925,0.09181463279994573,
BSE,STOCK,PRSMJOHNSN,Prism Johnson,,500338.0,B,PRSMJOHNSN.BO,NO_SIGNAL,NO_SIGNAL,,,,,,,,55.06036925158483,111.24903839910817,110.27026375125422,109.98254148347888,0.3767730475412918,-0.1871969536521874,0.11049221073188052,
BSE,STOCK,RAMBHAJO,Advit Jewels,,544803.0,B,RAMBHAJO.BO,INSUFFICIENT_DATA,,,,,,,,,,,,,,,,INSUFFICIENT_DATA_ROWS_47
BSE,STOCK,PTC,PTC India,,532524.0,A,PTC.BO,NO_SIGNAL,NO_SIGNAL,,,,,,,,38.686405534777485,155.41705473701322,158.16678574428866,162.9565176689616,-5.211807476131355,-5.012466459839721,0.24639984071121407,
BSE,STOCK,PPLPHARMA,Piramal Pharma,,543635.0,A,PPLPHARMA.BO,NO_SIGNAL,NO_SIGNAL,,,,,,,,60.312573510517225,214.05579353429195,212.40489166041755,207.17221087451236,5.53037033558752,6.512483261086102,6.354910627240501,
BSE,STOCK,RAIN,Rain Industries,,500339.0,A,RAIN.BO,NO_SIGNAL,NO_SIGNAL,,,,,,,,53.13825646206413,205.71902680749957,205.35143323710847,207.6433960910066,-2.5090514534206534,-2.7695623151755995,0.9090806587604294,
BSE,STOCK,PVP,PVP Ventures,,517556.0,B,PVP.BO,NO_SIGNAL,NO_SIGNAL,,,,,,,,77.8780845235712,63.06824517014306,55.96713923516177,47.81334882945908,9.007536492870514,7.250038351586667,0.8921640865348432,
BSE,STOCK,PWL,Physicswallah,,544609.0,B,PWL.BO,NO_SIGNAL,NO_SIGNAL,,,,,,,,47.01665239655983,118.55389901144352,120.16039224222307,122.28817295553924,-2.326922997876835,-2.0906010050732227,1.1244212732271697,
BSE,STOCK,QUADFUTURE,Quadrant Future Tek,,544336.0,B,QUADFUTURE.BO,NO_SIGNAL,NO_SIGNAL,,,,,,,,59.57329061513607,420.9574949418262,408.0610701671652,396.30738684562976,13.316632343528568,8.222553976987216,0.30769418822826133,
BSE,STOCK,RBLBANK,RBL Bank,,540065.0,A,RBLBANK.BO,NO_SIGNAL,NO_SIGNAL,,,,,,,,68.63604283878855,391.92897546599465,387.1228734961615,383.5049734184543,3.9388654288396765,3.2280171300978666,8.316244430666302,
BSE,STOCK,RATNAVEER,Ratnaveer Precision Engineering,,543978.0,B,RATNAVEER.BO,NO_SIGNAL,NO_SIGNAL,,,,,,,,70.43844940456498,288.6102293833193,274.747279131734,251.74737998709693,25.039837849453335,23.710929913538475,0.3279060315097322,
BSE,STOCK,RBA,Restaurant Brand Asia (Burger King),,543248.0,A,RBA.BO,NO_SIGNAL,NO_SIGNAL,,,,,,,,56.438744159859255,99.01799253469358,99.10166768592445,94.48989434497138,4.838154471483961,6.380502976856218,0.10773152414147256,
BSE,STOCK,RELIANCE,Reliance Industries,,500325.0,A,500325.BO,INSUFFICIENT_DATA,,,,,,,,,,,,,,,,INSUFFICIENT_DATA_ROWS_29
BSE,STOCK,RECLTD,REC,,532955.0,A,RECLTD.BO,NO_SIGNAL,NO_SIGNAL,,,,,,,,24.17362614227231,316.3950111811338,323.94128783503265,333.88497215209003,-10.915997102294511,-9.537134471441927,0.5595375797915545,
BSE,STOCK,RCF,Rashtriya Chemicals & Fertilizers,,524230.0,A,RCF.BO,NO_SIGNAL,NO_SIGNAL,,,,,,,,32.78095124374812,115.56421350638593,118.3686697639446,121.13846680430245,-3.0537668521031094,-2.410633145803633,0.91754607342615,
BSE,STOCK,RICOAUTO,Rico Auto Industries,,520008.0,B,520008.BO,INSUFFICIENT_DATA,,,,,,,,,,,,,,,,INSUFFICIENT_DATA_ROWS_29
BSE,STOCK,REDINGTON,Redington,,532805.0,A,REDINGTON.BO,NO_SIGNAL,NO_SIGNAL,,,,,,,,65.80543788468809,362.6492844329581,354.8949357045975,341.4911155273172,14.370188744220513,14.951967278883291,0.7576461066157832,
BSE,STOCK,ROLEXRINGS,Rolex Rings,,543325.0,B,ROLEXRINGS.BO,NO_SIGNAL,NO_SIGNAL,,,,,,,,55.77090955804443,176.84230363734116,176.58238293565879,170.46552690781814,6.467671472986382,8.105412927515243,0.20571391977012343,
BSE,STOCK,RELIGARE,Religare Enterprises,,532915.0,A,RELIGARE.BO,NO_SIGNAL,NO_SIGNAL,,,,,,,,60.45842692571034,245.7585241053824,240.37141109070572,241.37567488448133,-0.7880922395474386,-3.9745040943882737,0.22407801184094417,
BSE,STOCK,RGL,Renaissance Jewellery,,532923.0,B,RGL.BO,NO_SIGNAL,NO_SIGNAL,,,,,,,,58.58495750584512,137.259314912975,134.06950058961206,129.2210287002244,5.306364478173066,4.784345460817094,0.11103415000643613,
BSE,STOCK,RUBICON,Rubicon Research,,544578.0,B,RUBICON.BO,NO_SIGNAL,NO_SIGNAL,,,,,,,,57.99973695685172,1801.0747958705788,1772.3560526866113,1704.0852509337217,73.32453509747324,77.95673973974984,0.014491145314609283,
BSE,STOCK,RVNL,Rail Vikas Nigam,,542649.0,A,RVNL.BO,NO_SIGNAL,NO_SIGNAL,,,,,,,,34.535493287849164,210.3149998959051,215.8599462948953,220.59705730498007,-5.28447106712477,-3.597059607645981,0.8294701079593019,
BSE,STOCK,RNITAI,Rnit Ai Solutions,,517286.0,X,RNITAI.BO,NO_SIGNAL,NO_SIGNAL,,,,,,,,76.24352140010716,92.27166084966863,87.91249150395609,81.72260939027787,6.733106245365136,6.3013843134884295,1.821285196060569,
BSE,STOCK,SAMHI,Samhi Hotels,,543984.0,A,SAMHI.BO,NO_SIGNAL,NO_SIGNAL,,,,,,,,30.572656741219816,153.93200730187806,157.42803677064776,161.71524177235614,-4.70347241316307,-4.079820712155804,1.1261164673726616,
BSE,STOCK,SAMMAANCAP,Sammaan Capital,,535789.0,A,SAMMAANCAP.BO,NO_SIGNAL,NO_SIGNAL,,,,,,,,48.47453329103303,150.63372424625223,151.09007578467128,154.33086006514893,-3.4551295266104205,-4.00465118040894,1.0450970934552282,
BSE,STOCK,SBIFUNDS,SBI Funds Management,,544829.0,A,SBIFUNDS.BO,INSUFFICIENT_DATA,,,,,,,,,,,,,,,,INSUFFICIENT_DATA_ROWS_33
BSE,STOCK,SBFC,SBFC Finance,,543959.0,A,SBFC.BO,NO_SIGNAL,NO_SIGNAL,,,,,,,,64.00479452955437,99.12056187168821,97.33616579112594,95.6887502897954,1.8326852924000008,1.3173098694613272,0.2553170449433398,
BSE,STOCK,SALSTEEL,SAL Steel,,532604.0,B,SALSTEEL.BO,NO_SIGNAL,NO_SIGNAL,,,,,,,,69.19577309000533,80.11602166833643,76.33658723925134,71.65924267383471,5.1147861647525446,4.538481062462527,0.47468879798024094,
BSE,STOCK,SAPPHIRE,Sapphire Foods,,543397.0,A,SAPPHIRE.BO,NO_SIGNAL,NO_SIGNAL,,,,,,,,53.9268867456216,231.58584872599354,232.9946520234089,225.3002172266464,8.012452976811517,11.201736536666385,1.9676619676619675,
BSE,STOCK,SBICARD,SBI Cards,,543066.0,A,SBICARD.BO,NO_SIGNAL,NO_SIGNAL,,,,,,,,55.32939617127514,645.0418156407632,644.744292928471,643.3153444821552,1.407765810390174,2.2195149380706716,0.9987562372974367,
BSE,STOCK,SBIN,State Bank of India,,500112.0,A,500112.BO,INSUFFICIENT_DATA,,,,,,,,,,,,,,,,INSUFFICIENT_DATA_ROWS_29
BSE,STOCK,SENCO,Senco Gold,,543936.0,A,SENCO.BO,NO_SIGNAL,NO_SIGNAL,,,,,,,,43.7208850005207,351.57834523848237,355.3056806259144,360.04164194815905,-5.228402240967625,-4.62026261003595,0.35603299222397566,
BSE,STOCK,SCI,Shipping Corporation of India,,523598.0,A,SCI.BO,NO_SIGNAL,NO_SIGNAL,,,,,,,,53.39556829380023,291.8242783322313,291.6841798876907,291.7070766248484,-0.02791682522405381,0.014689567317066866,1.2028895101418813,
BSE,STOCK,SETL,Standard Engineering Technology,,544333.0,B,SETL.BO,NO_SIGNAL,NO_SIGNAL,,,,,,,,79.05448002899072,375.26645318707745,348.25912129641347,323.02014405109145,27.893798217165738,21.03778726487336,0.6271505594841367,
BSE,STOCK,SHREEREF,Shree Refrigerations,,544458.0,M,SHREEREF.BO,NO_SIGNAL,NO_SIGNAL,,,,,,,,63.72684926472102,406.09134385729476,391.435920604426,373.8404600848424,19.495148777874363,15.624736458673171,0.8735976065818998,
BSE,STOCK,SHREEJISPG,Shreeji Shipping Global,,544490.0,B,SHREEJISPG.BO,NO_SIGNAL,NO_SIGNAL,,,,,,,,59.711691796096744,649.2011394397678,642.9814917078086,633.2026578769853,10.280476163732146,11.40287081010719,0.3430986269081374,
BSE,STOCK,SERA,Sera Investments & Finance,,512399.0,X,SERA.BO,NO_SIGNAL,NO_SIGNAL,,,,,,,,78.22726914669022,53.803051501849374,49.198611939943504,46.1353003605188,3.4449330248811236,2.0052361991355614,2.3959666652088663,
BSE,STOCK,SHANTIGOLD,Shanti Gold International,,544459.0,B,SHANTIGOLD.BO,NO_SIGNAL,NO_SIGNAL,,,,,,,,52.29779777515938,244.89116432421577,246.6237723688047,241.50981915723628,5.313319475055209,7.790878692900851,0.655949234828885,
BSE,STOCK,SHUKRAPHAR,Shukra Pharmaceuticals,,524632.0,B,SHUKRAPHAR.BO,NO_SIGNAL,NO_SIGNAL,,,,,,,,88.22297821085604,47.40299288676559,44.665338686148246,41.58661789227506,3.363319357585958,2.9549188686413923,1.3665664767738661,
BSE,STOCK,SHADOWFAX,Shadowfax Technologies,,544685.0,B,SHADOWFAX.BO,NO_SIGNAL,NO_SIGNAL,,,,,,,,58.889338598080485,255.44213002535918,252.80947164115943,247.34964642499332,5.802324975477205,6.5458250719000075,0.21387131627127115,
BSE,STOCK,SHRIRAMFIN,Shriram Finance,,511218.0,A,SHRIRAMFIN.BO,NO_SIGNAL,NO_SIGNAL,,,,,,,,39.82609641326508,1065.87352394797,1087.2485333434502,1087.393989275834,-1.390108370848111,10.706892039427752,6.322211174452791,
BSE,STOCK,SHYAMMETL,Shyam Metalics & Energy,,543299.0,A,SHYAMMETL.BO,NO_SIGNAL,NO_SIGNAL,,,,,,,,65.1126750360909,1073.4240717386044,1049.1255785071908,1031.4293023815665,19.97595985967223,11.210429572482838,0.06869675323211877,
BSE,STOCK,SSWL,Steel Strips Wheels,,513262.0,B,SSWL.BO,NO_SIGNAL,NO_SIGNAL,,,,,,,,74.09445362507608,339.4486202186783,321.130063333315,309.33482941015285,13.044257798839453,8.504882460306838,1.1347987418843914,
BSE,STOCK,SJVN,SJVN,,533206.0,A,SJVN.BO,NO_SIGNAL,NO_SIGNAL,,,,,,,,35.373215663209606,64.81120406385638,65.46167076596834,66.49545257828579,-1.1180296865715462,-1.087253331286049,2.357672411370226,
BSE,STOCK,STYLEBAAZA,Baazar Style Retail,,544243.0,B,STYLEBAAZA.BO,NO_SIGNAL,NO_SIGNAL,,,,,,,,59.787145078828594,398.8020526648206,393.5264752054778,372.720978867275,22.281776710679935,25.312118427030107,0.7883881201946066,
BSE,STOCK,SIMPLEXCAS,Simplex Casting,,513472.0,X,SIMPLEXCAS.BO,NO_SIGNAL,NO_SIGNAL,,,,,,,,43.89403154001066,103.57489703250761,106.51396659709708,106.37753887009977,0.021042357367846876,1.5220994916335666,1.1925144007722068,
BSE,STOCK,SILVERTUC,Silver Touch Technologies,,543525.0,B,SILVERTUC.BO,NO_SIGNAL,NO_SIGNAL,,,,,,,,29.055757802947625,173.35582332047707,180.41249110585937,186.29576250352687,-6.635152525609556,-4.161411085238165,1.0212803127286456,
BSE,STOCK,STLTECH,Sterlite Technologies,,532374.0,T,STLTECH.BO,NO_SIGNAL,NO_SIGNAL,,,,,,,,65.10217530923359,706.6846653340733,681.7951613568921,652.764967829406,31.901609784608013,26.86713667721771,0.629038428099461,
BSE,STOCK,SUSAN,Susan Electricals,,544793.0,MT,SUSAN.BO,INSUFFICIENT_DATA,,,,,,,,,,,,,,,,INSUFFICIENT_DATA_ROWS_56
BSE,STOCK,SONACOMS,Sona BLW Precision Forgings,,543300.0,A,SONACOMS.BO,NO_SIGNAL,NO_SIGNAL,,,,,,,,54.59013048524534,801.6922717847447,803.8378786473447,788.7667774643793,15.481853418126661,22.415164654417268,0.5810859187731995,
BSE,STOCK,TATASTEEL,Tata Steel,,500470.0,A,500470.BO,INSUFFICIENT_DATA,,,,,,,,,,,,,,,,INSUFFICIENT_DATA_ROWS_29
BSE,STOCK,SWIGGY,Swiggy,,544285.0,A,SWIGGY.BO,NO_SIGNAL,NO_SIGNAL,,,,,,,,43.27858281792711,273.9710056460161,277.6242325980591,277.2113859848499,0.23246282651439287,2.2956104640770425,0.7691931393964497,
BSE,STOCK,TARIL,Transformers & Rectifiers,,532928.0,A,TARIL.BO,NO_SIGNAL,NO_SIGNAL,,,,,,,,47.577817072117256,303.97508749031726,302.73600413656555,303.4804559081436,-0.5955156981709138,-2.1997779172336203,0.35733213142031744,
BSE,STOCK,SYNGENE,Syngene International,,539268.0,A,SYNGENE.BO,NO_SIGNAL,NO_SIGNAL,,,,,,,,45.923040014442556,401.49803993851276,402.9460533416244,405.23327697791416,-2.4008983064185827,-2.7170148293813012,0.04495830085035628,
BSE,STOCK,TATACAP,Tata Capital,,544574.0,A,TATACAP.BO,NO_SIGNAL,NO_SIGNAL,,,,,,,,56.84106647135923,369.25389304246806,368.1363443122741,365.39500489542905,2.9128292551210393,3.24143772345011,0.5481051314063536,
BSE,STOCK,TBZ,Tribhovandas Bhimji Zaveri,,534369.0,B,TBZ.BO,NO_SIGNAL,NO_SIGNAL,,,,,,,,83.78709390791023,378.56390859945566,329.5414797230486,299.174542133326,34.18764788928439,18.613326474373125,2.8222215473224255,
BSE,STOCK,TDPOWERSYS,TD Power Systems,,533553.0,A,TDPOWERSYS.BO,NO_SIGNAL,NO_SIGNAL,,,,,,,,53.657731927197325,740.8636538416862,737.0938228178609,706.7373364433952,32.25410241613031,39.05010638992706,0.5019555825981138,
BSE,STOCK,TATATECH,Tata Technologies,,544028.0,A,TATATECH.BO,NO_SIGNAL,NO_SIGNAL,,,,,,,,49.94556512164548,812.161789202742,814.1629086860695,805.6329999928425,8.674698723325946,13.474185147188813,0.5856598912495328,
BSE,STOCK,TEJASNET,Tejas Networks,,540595.0,A,TEJASNET.BO,NO_SIGNAL,NO_SIGNAL,,,,,,,,62.982692143045654,550.0203055776334,535.9554526789793,532.5410989840376,4.373570610945762,-2.2877351224218856,1.4003868786970288,
BSE,STOCK,TCS,Tata Consultancy Services,,532540.0,A,TCS.BO,NO_SIGNAL,NO_SIGNAL,,,,,,,,49.29003070094273,2329.789297200176,2325.504838031841,2318.4018032821664,7.080133744953855,9.556980720184573,0.9116619906660703,
BSE,STOCK,TFCILTD,Tourism Finance Corporation of India,,526650.0,A,TFCILTD.BO,NO_SIGNAL,NO_SIGNAL,,,,,,,,86.02368020031864,143.20872815753614,136.26777317090682,125.38460751842791,11.781024123268026,11.462371915586726,0.5743284707832925,
BSE,STOCK,TGVSL,TGV Sraac,,507753.0,B,TGVSL.BO,NO_SIGNAL,NO_SIGNAL,,,,,,,,61.622465908418135,105.68848295524681,105.50247797445581,105.39049928558137,0.1083943718738567,0.17763321467790638,1.6025149885282017,
BSE,STOCK,TENNIND,Tenneco Clean Air,,544612.0,B,TENNIND.BO,NO_SIGNAL,NO_SIGNAL,,,,,,,,34.32318454119908,525.0361457089731,536.3923210786031,544.5660892734909,-9.109835969588516,-5.797955714844299,0.05741380895055294,
BSE,STOCK,THELEELA,Leela Palaces Hotels & Resorts,,544408.0,A,THELEELA.BO,NO_SIGNAL,NO_SIGNAL,,,,,,,,67.47184968980574,565.710053985629,552.5615564288098,534.1822699317707,20.067010426635193,18.13372839861716,0.24497963079643303,
BSE,STOCK,TEXRAIL,Texmaco Rail & Engineering,,533326.0,A,TEXRAIL.BO,NO_SIGNAL,NO_SIGNAL,,,,,,,,61.544848160553755,112.03172745871532,109.78283508894138,109.26346133012672,0.6639037460183062,-0.41580051916839256,0.6782700698980606,
BSE,STOCK,TI,Tilaknagar Industries,,507205.0,A,TI.BO,NO_SIGNAL,NO_SIGNAL,,,,,,,,53.93645296455368,551.755809036018,553.5946772408358,536.3587849296853,17.993750541629083,24.55434998283645,0.14096673008286031,
BSE,STOCK,TURTLEMINT,Turtlemint Fintech Solutions,,544799.0,B,TURTLEMINT.BO,INSUFFICIENT_DATA,,,,,,,,,,,,,,,,INSUFFICIENT_DATA_ROWS_49
BSE,STOCK,TMCV,Tata Motors,,544569.0,B,TMCV.BO,NO_SIGNAL,NO_SIGNAL,,,,,,,,51.86912392166225,461.61564193387585,464.7459742494699,458.0167176409032,6.879955388635381,10.80757049157117,0.802651897171505,
BSE,STOCK,THYROCARE,Thyrocare Technologies,,539871.0,A,THYROCARE.BO,NO_SIGNAL,NO_SIGNAL,,,,,,,,46.97306423992851,583.5642248519789,588.7847353974255,587.3850116386839,1.0369723947695775,5.053412992329733,0.04211070055278223,
BSE,STOCK,TIMETECHNO,Time Technoplast,,532856.0,A,TIMETECHNO.BO,NO_SIGNAL,NO_SIGNAL,,,,,,,,45.93771360999827,188.48331771705622,189.69620476245848,192.19734756189348,-2.7849351127547948,-2.462210215860946,0.4802124206289903,
BSE,STOCK,TMPV,Tata Motors Passenger Vehicles,,500570.0,A,TMPV.BO,NO_SIGNAL,NO_SIGNAL,,,,,,,,33.43094509289129,313.26687453753794,318.09435616114104,324.95448308246364,-7.480152279479398,-6.804178304220683,0.8425839174061238,
BSE,STOCK,TRITURBINE,Triveni Turbines,,533655.0,A,TRITURBINE.BO,NO_SIGNAL,NO_SIGNAL,,,,,,,,39.893092526467484,573.485120693849,579.640280981146,591.2531255877051,-12.477427751366463,-12.946319132818132,0.10648744692090191,
BSE,STOCK,TVSSCS,TVS Supply Chain Solutions,,543965.0,B,TVSSCS.BO,NO_SIGNAL,NO_SIGNAL,,,,,,,,50.75061153947416,127.80851025836203,128.14625282397722,129.2064897019058,-1.1159959901958132,-1.3836821150684528,0.37138683232632685,
BSE,STOCK,UNIONBANK,Union Bank of India,,532477.0,A,UNIONBANK.BO,NO_SIGNAL,NO_SIGNAL,,,,,,,,60.87776238573843,186.18579783553315,184.85044415486934,182.2508259138841,2.7731295634514765,3.0453183073669527,2.164812247005341,
BSE,STOCK,UJJIVANSFB,Ujjivan Small Finance Bank,,542904.0,A,UJJIVANSFB.BO,NO_SIGNAL,NO_SIGNAL,,,,,,,,31.635970020477572,65.34697266201476,67.69559899653486,68.25011724214039,-0.7239374119017867,0.44723115079480036,1.5924856816591861,
BSE,STOCK,ULTRACEMCO,UltraTech Cement,,532538.0,A,ULTRACEMCO.BO,NO_SIGNAL,NO_SIGNAL,,,,,,,,34.0056638484713,11391.453053743056,11522.540350533229,11611.203055440696,-100.65655782612157,-56.851584325039425,0.12888154189648895,
BSE,STOCK,VAML,Vedanta Aluminium Metal,,544780.0,B,VAML.BO,INSUFFICIENT_DATA,,,,,,,,,,,,,,,,INSUFFICIENT_DATA_ROWS_59
BSE,STOCK,URBANCO,Urban Company,,544515.0,A,URBANCO.BO,NO_SIGNAL,NO_SIGNAL,,,,,,,,80.84316208985872,171.5679426442967,164.00940284914967,155.27820074588132,9.60096744840061,8.028219787669947,0.6779786393844612,
BSE,STOCK,UNOMINDA,UNO Minda,,532539.0,A,UNOMINDA.BO,NO_SIGNAL,NO_SIGNAL,,,,,,,,51.2809917783556,1254.30123659306,1256.7512921891457,1241.0717722058216,16.226280929848826,22.846931657580058,1.3883531790653076,
BSE,STOCK,VBL,Varun Beverages,,540180.0,A,VBL.BO,NO_SIGNAL,NO_SIGNAL,,,,,,,,33.60234702934564,412.5048764253819,420.8431990444593,432.38428196012165,-12.49336949437236,-11.740176920457165,0.5060142817145843,
BSE,STOCK,VEDL,Vedanta,,500295.0,A,VEDL.BO,NO_SIGNAL,NO_SIGNAL,,,,,,,,45.94774998668428,273.68929907024403,274.84744533137285,274.29157090100273,0.6149558313078387,0.9142722313036522,0.3183067651318631,
BSE,STOCK,VIDYAWIRES,Vidya Wires,,544633.0,B,VIDYAWIRES.BO,NO_SIGNAL,NO_SIGNAL,,,,,,,,48.44535535746371,89.24721719277514,89.0659094338231,90.02541005462587,-0.9996304904149156,-1.3884279212927912,0.5674965984345267,
BSE,STOCK,VIKRAN,Vikran Engineering,,544496.0,B,VIKRAN.BO,NO_SIGNAL,NO_SIGNAL,,,,,,,,25.445310624866295,58.29432309651686,60.37666738817215,63.453871226929266,-3.354580392483669,-3.119997134009954,0.19679922674144784,
BSE,STOCK,VIKRAMSOLR,Vikram Solar,,544488.0,A,VIKRAMSOLR.BO,NO_SIGNAL,NO_SIGNAL,,,,,,,,47.37030897988757,170.46475238131032,170.92207322642238,173.25089746466836,-2.414545113825511,-3.1559591070856987,0.5666901594322277,
BSE,STOCK,VINCOFE,Vintage Coffee & Beverages,,538920.0,B,VINCOFE.BO,NO_SIGNAL,NO_SIGNAL,,,,,,,,63.67403930276816,175.58223445536666,168.8626139588756,163.07716125927527,6.515645395468141,4.087798063077793,0.6888480885642384,
BSE,STOCK,VIYASH,Viyash Scientific,,512529.0,A,VIYASH.BO,NO_SIGNAL,NO_SIGNAL,,,,,,,,46.92870590935007,261.98097157236543,264.0287141185372,264.76973443761085,-0.8615835888490437,-0.1174420368013758,0.14436874741960987,
BSE,STOCK,WAKEFIT,Wakefit Innovations,,544642.0,B,WAKEFIT.BO,NO_SIGNAL,NO_SIGNAL,,,,,,,,65.36986352899744,149.28821712446978,143.84850168360103,138.1968216955689,6.268116831918491,4.760105374437658,1.5569293818733168,
BSE,STOCK,VMM,Vishal Mega Mart,,544307.0,A,VMM.BO,NO_SIGNAL,NO_SIGNAL,,,,,,,,45.558569655031455,107.71568232600575,107.80379851119471,108.52289730980806,-0.7346769765902366,-1.0539236206944567,0.22099325915272344,
BSE,STOCK,WEBELSOLAR,Websol Energy System,,517498.0,A,WEBELSOLAR.BO,NO_SIGNAL,NO_SIGNAL,,,,,,,,34.34119197300528,76.35831357622394,79.41777302209357,84.36985803214161,-5.37390920758385,-5.167251427531115,1.6008781863958033,
BSE,STOCK,WIPRO,Wipro,,507685.0,A,WIPRO.BO,NO_SIGNAL,NO_SIGNAL,,,,,,,,40.78602199222612,178.55479773328335,179.71142122539098,180.41145494991582,-0.8031065120421204,-0.3628264383995673,0.8455015407538687,
BSE,STOCK,WELCORP,Welspun Corp,,532144.0,A,WELCORP.BO,NO_SIGNAL,NO_SIGNAL,,,,,,,,82.70437865220705,2516.9659106345307,2338.886313709216,2137.2591609871843,221.53721647407338,185.15933907617816,1.3335738882642427,
BSE,STOCK,ZENSARTECH,Zensar Technologies,,504067.0,A,504067.BO,INSUFFICIENT_DATA,,,,,,,,,,,,,,,,INSUFFICIENT_DATA_ROWS_29
BSE,STOCK,WELSPUNLIV,Welspun Living,,514162.0,A,WELSPUNLIV.BO,NO_SIGNAL,NO_SIGNAL,,,,,,,,76.12387799262444,197.4626682635746,190.0852457051332,181.558066647536,9.395890402050412,7.751093329273339,0.4010082431052371,
BSE,STOCK,YATRA,Yatra Online,,543992.0,B,YATRA.BO,NO_SIGNAL,NO_SIGNAL,,,,,,,,52.67250161200782,112.58113104427544,112.37905371968027,111.83730279119014,0.5596271498984322,0.7668053892435345,1.0311184391838597,
BSE,STOCK,WELSPLSOL,Welspun Specialty Solution,,500365.0,B,WELSPLSOL.BO,NO_SIGNAL,NO_SIGNAL,,,,,,,,64.61177530072304,53.78566140638361,52.38570114261861,51.686765513753194,0.8192492437453822,0.21443351229603677,1.2175786774206323,
BSE,STOCK,WEWORK,WeWork India Management,,544570.0,B,WEWORK.BO,NO_SIGNAL,NO_SIGNAL,,,,,,,,34.67235453182158,667.3308628458977,680.0963456658151,690.8638264292597,-12.108735095556312,-8.109002625019944,0.34714150377974984,
BSE,STOCK,ZEEL,Zee Entertainment,,505537.0,A,ZEEL.BO,NO_SIGNAL,NO_SIGNAL,,,,,,,,36.60237111282531,94.18242856678933,98.11456815088138,100.18313432774424,-2.34324219483247,-1.043522010650509,0.44123037506735746,
BSE,STOCK,ZAGGLE,Zaggle Prepaid Ocean Services,,543985.0,A,ZAGGLE.BO,NO_SIGNAL,NO_SIGNAL,,,,,,,,40.64592675872739,185.01734026021722,188.18917819148893,192.4920024474174,-4.678464803954711,-4.38423432386232,0.16168275679738653,
BSE,STOCK,ZYDUSLIFE,Zydus Life Science,,532321.0,A,ZYDUSLIFE.BO,NO_SIGNAL,NO_SIGNAL,,,,,,,,48.72376760903697,1150.8371447861614,1147.4115607239157,1140.6145117714698,7.446424525076736,6.643023242779643,0.240977309626579,
NSE,INDEX,NIFTY NEXT 50,NIFTY Next 50,,,,^NSMIDCP,NO_SIGNAL,NO_SIGNAL,,,,,,,,39.888574294296845,73169.98846143017,73602.04253176162,73625.17079084336,-52.345055123616476,201.98696629896745,0.7458026208026208,
NSE,INDEX,NIFTY 50,NIFTY 50,,,,^NSEI,NO_SIGNAL,NO_SIGNAL,,,,,,,,38.36709302569384,23960.717062622407,24085.650399940263,24158.852975867296,-84.64887089084004,-34.164889761487885,0.797752227948908,
NSE,INDEX,NIFTY 100,NIFTY 100,,,,^CNX100,NO_SIGNAL,NO_SIGNAL,,,,,,,,37.76157529012657,25095.333656145245,25229.410309483163,25293.1977184038,-75.40726808712498,-16.10196427150234,0.7768260324994232,
NSE,INDEX,NIFTY 200,NIFTY 200,,,,^CNX200,NO_SIGNAL,NO_SIGNAL,,,,,,,,38.15469356558237,13951.501958331623,14020.915739727805,14044.883641058963,-29.47358752389664,3.6803008702151727,1.0021818742852615,
NSE,INDEX,NIFTY BANK,NIFTY Bank,,,,^NSEBANK,NO_SIGNAL,NO_SIGNAL,,,,,,,,48.222332793766114,57413.84906582115,57489.34568620348,57495.0925002481,-10.637426962362952,29.132016454929346,0.7545032287300328,
NSE,INDEX,NIFTY 500,NIFTY 500,,,,^CRSLDX,NO_SIGNAL,NO_SIGNAL,,,,,,,,40.906918274846575,23306.98024934545,23404.19129126266,23426.307140745826,-29.500215427357034,21.74787014874341,1.1691789151641723,
NSE,INDEX,NIFTY INDIA VIX,India VIX,,,,^INDIAVIX,NO_SIGNAL,NO_SIGNAL,,,,,,,,40.47850651477059,11.105957470476234,11.217443543592971,11.547387003822921,-0.3483768795626041,-0.41293767053497,,
BSE,INDEX,BSE 100,BSE 100,,,,BSE-100.BO,NO_SIGNAL,NO_SIGNAL,,,,,,,,39.8385579318994,25669.10147298085,25803.627875978684,25860.774329337302,-68.6148420217105,-5.9946265038810935,0.9939026625447525,
NSE,INDEX,NIFTY MIDCAP 150,NIFTY Midcap 150,,,,^NSEMDCP50,NO_SIGNAL,NO_SIGNAL,,,,,,,,45.64084730914457,18204.169156131044,18259.420480449542,18219.169391939697,39.063451670652285,81.7183344482739,1.4853347665847665,
BSE,INDEX,BSE 200,BSE 200,,,,BSE-200.BO,NO_SIGNAL,NO_SIGNAL,,,,,,,,39.78218859072269,11273.715868085104,11330.490500196709,11353.194648481558,-27.441157030540126,-0.7467772857169956,0.9949748743718593,
BSE,INDEX,BSE 500,BSE 500,,,,BSE-500.BO,NO_SIGNAL,NO_SIGNAL,,,,,,,,41.89769120026901,36445.460440873205,36599.46621612902,36634.13635819084,-46.44278269349161,35.72628601578603,1.2719485697377977,
BSE,INDEX,SENSEX,BSE SENSEX,,,,^BSESN,NO_SIGNAL,NO_SIGNAL,,,,,,,,41.242019232463015,76617.66926841892,77002.01765274013,77240.61667681547,-274.6558337998722,-122.45678770500705,0.5841446453407511,
