variant,symbol,exchange,signal_date,entry_date,exit_date,direction,entry_price,stop_loss,target,exit_price,exit_reason,holding_days,gross_pnl_pct,net_pnl_pct,regime,rsi,data_symbol
CURRENT,GROWW,BSE,2026-03-30,2026-04-01,2026-04-02,SHORT,158.5,162.46249999999998,150.575,162.46249999999998,STOP_LOSS,2,-2.499999999999986,-2.6499999999999857,BEAR,37.92018520241189,GROWW.BO
CURRENT,GROWW,BSE,2026-04-08,2026-04-09,2026-04-10,LONG,182.0500030517578,177.49875297546387,191.15250320434572,191.15250320434572,TARGET,2,5.000000000000009,4.8500000000000085,BEAR,65.43438873452673,GROWW.BO
CURRENT,GROWW,BSE,2026-07-15,2026-07-16,2026-07-16,LONG,219.60000610351562,214.11000595092773,230.58000640869142,214.11000595092773,STOP_LOSS,1,-2.5000000000000027,-2.6500000000000026,NEUTRAL,64.20438132317543,GROWW.BO
LONG_RSI_ZONE,GROWW,BSE,2026-03-30,2026-04-01,2026-04-02,SHORT,158.5,162.46249999999998,150.575,162.46249999999998,STOP_LOSS,2,-2.499999999999986,-2.6499999999999857,BEAR,37.92018520241189,GROWW.BO
LONG_RSI_ZONE,GROWW,BSE,2026-07-15,2026-07-16,2026-07-16,LONG,219.60000610351562,214.11000595092773,230.58000640869142,214.11000595092773,STOP_LOSS,1,-2.5000000000000027,-2.6500000000000026,NEUTRAL,64.20438132317543,GROWW.BO
SHORT_RSI_ZONE,GROWW,BSE,2026-03-30,2026-04-01,2026-04-02,SHORT,158.5,162.46249999999998,150.575,162.46249999999998,STOP_LOSS,2,-2.499999999999986,-2.6499999999999857,BEAR,37.92018520241189,GROWW.BO
SHORT_RSI_ZONE,GROWW,BSE,2026-04-08,2026-04-09,2026-04-10,LONG,182.0500030517578,177.49875297546387,191.15250320434572,191.15250320434572,TARGET,2,5.000000000000009,4.8500000000000085,BEAR,65.43438873452673,GROWW.BO
SHORT_RSI_ZONE,GROWW,BSE,2026-07-15,2026-07-16,2026-07-16,LONG,219.60000610351562,214.11000595092773,230.58000640869142,214.11000595092773,STOP_LOSS,1,-2.5000000000000027,-2.6500000000000026,NEUTRAL,64.20438132317543,GROWW.BO
BOTH_RSI_ZONE,GROWW,BSE,2026-03-30,2026-04-01,2026-04-02,SHORT,158.5,162.46249999999998,150.575,162.46249999999998,STOP_LOSS,2,-2.499999999999986,-2.6499999999999857,BEAR,37.92018520241189,GROWW.BO
BOTH_RSI_ZONE,GROWW,BSE,2026-07-15,2026-07-16,2026-07-16,LONG,219.60000610351562,214.11000595092773,230.58000640869142,214.11000595092773,STOP_LOSS,1,-2.5000000000000027,-2.6500000000000026,NEUTRAL,64.20438132317543,GROWW.BO
LONG_RSI_ZONE_NO_NEUTRAL,GROWW,BSE,2026-03-30,2026-04-01,2026-04-02,SHORT,158.5,162.46249999999998,150.575,162.46249999999998,STOP_LOSS,2,-2.499999999999986,-2.6499999999999857,BEAR,37.92018520241189,GROWW.BO
LONG_RSI_ZONE_BEAR_ONLY,GROWW,BSE,2026-03-30,2026-04-01,2026-04-02,SHORT,158.5,162.46249999999998,150.575,162.46249999999998,STOP_LOSS,2,-2.499999999999986,-2.6499999999999857,BEAR,37.92018520241189,GROWW.BO
CURRENT,LENSKART,BSE,2026-04-10,2026-04-13,2026-04-20,LONG,535.8499755859375,522.453726196289,562.6424743652344,522.453726196289,STOP_LOSS,5,-2.5000000000000044,-2.6500000000000044,BEAR,64.3577213349584,LENSKART.BO
LONG_RSI_ZONE,LENSKART,BSE,2026-04-10,2026-04-13,2026-04-20,LONG,535.8499755859375,522.453726196289,562.6424743652344,522.453726196289,STOP_LOSS,5,-2.5000000000000044,-2.6500000000000044,BEAR,64.3577213349584,LENSKART.BO
SHORT_RSI_ZONE,LENSKART,BSE,2026-04-10,2026-04-13,2026-04-20,LONG,535.8499755859375,522.453726196289,562.6424743652344,522.453726196289,STOP_LOSS,5,-2.5000000000000044,-2.6500000000000044,BEAR,64.3577213349584,LENSKART.BO
BOTH_RSI_ZONE,LENSKART,BSE,2026-04-10,2026-04-13,2026-04-20,LONG,535.8499755859375,522.453726196289,562.6424743652344,522.453726196289,STOP_LOSS,5,-2.5000000000000044,-2.6500000000000044,BEAR,64.3577213349584,LENSKART.BO
LONG_RSI_ZONE_NO_NEUTRAL,LENSKART,BSE,2026-04-10,2026-04-13,2026-04-20,LONG,535.8499755859375,522.453726196289,562.6424743652344,522.453726196289,STOP_LOSS,5,-2.5000000000000044,-2.6500000000000044,BEAR,64.3577213349584,LENSKART.BO
LONG_RSI_ZONE_BEAR_ONLY,LENSKART,BSE,2026-04-10,2026-04-13,2026-04-20,LONG,535.8499755859375,522.453726196289,562.6424743652344,522.453726196289,STOP_LOSS,5,-2.5000000000000044,-2.6500000000000044,BEAR,64.3577213349584,LENSKART.BO
CURRENT,CUPID,BSE,2025-02-12,2025-02-13,2025-02-13,SHORT,14.199999809265137,14.554999804496763,13.489999818801879,14.554999804496763,STOP_LOSS,1,-2.499999999999985,-2.649999999999985,NEUTRAL,39.104564079997616,CUPID.BO
CURRENT,CUPID,BSE,2025-04-17,2025-04-21,2025-04-21,LONG,14.961999893188477,14.587949895858765,15.710099887847901,14.587949895858765,STOP_LOSS,1,-2.499999999999998,-2.6499999999999977,NEUTRAL,70.59641689507724,CUPID.BO
CURRENT,CUPID,BSE,2025-06-27,2025-06-30,2025-07-11,LONG,21.399999618530277,20.864999628067018,22.46999959945679,22.46999959945679,TARGET,10,5.000000000000003,4.850000000000002,BULL,65.98504002126299,CUPID.BO
CURRENT,CUPID,BSE,2026-03-02,2026-03-04,2026-03-04,SHORT,75.01000213623047,76.88525218963622,71.25950202941894,76.88525218963622,STOP_LOSS,1,-2.499999999999985,-2.649999999999985,BEAR,37.951099562825526,CUPID.BO
CURRENT,CUPID,BSE,2026-03-10,2026-03-11,2026-03-11,LONG,91.9499969482422,89.65124702453615,96.54749679565431,89.65124702453615,STOP_LOSS,1,-2.4999999999999996,-2.6499999999999995,BEAR,63.25588846027697,CUPID.BO
CURRENT,CUPID,BSE,2026-04-06,2026-04-07,2026-04-07,LONG,88.29000091552734,86.08275089263915,92.70450096130371,86.08275089263915,STOP_LOSS,1,-2.500000000000006,-2.650000000000006,BEAR,60.28671396233046,CUPID.BO
LONG_RSI_ZONE,CUPID,BSE,2025-02-12,2025-02-13,2025-02-13,SHORT,14.199999809265137,14.554999804496763,13.489999818801879,14.554999804496763,STOP_LOSS,1,-2.499999999999985,-2.649999999999985,NEUTRAL,39.104564079997616,CUPID.BO
LONG_RSI_ZONE,CUPID,BSE,2026-03-02,2026-03-04,2026-03-04,SHORT,75.01000213623047,76.88525218963622,71.25950202941894,76.88525218963622,STOP_LOSS,1,-2.499999999999985,-2.649999999999985,BEAR,37.951099562825526,CUPID.BO
LONG_RSI_ZONE,CUPID,BSE,2026-03-10,2026-03-11,2026-03-11,LONG,91.9499969482422,89.65124702453615,96.54749679565431,89.65124702453615,STOP_LOSS,1,-2.4999999999999996,-2.6499999999999995,BEAR,63.25588846027697,CUPID.BO
LONG_RSI_ZONE,CUPID,BSE,2026-04-06,2026-04-07,2026-04-07,LONG,88.29000091552734,86.08275089263915,92.70450096130371,86.08275089263915,STOP_LOSS,1,-2.500000000000006,-2.650000000000006,BEAR,60.28671396233046,CUPID.BO
SHORT_RSI_ZONE,CUPID,BSE,2025-02-12,2025-02-13,2025-02-13,SHORT,14.199999809265137,14.554999804496763,13.489999818801879,14.554999804496763,STOP_LOSS,1,-2.499999999999985,-2.649999999999985,NEUTRAL,39.104564079997616,CUPID.BO
SHORT_RSI_ZONE,CUPID,BSE,2025-04-17,2025-04-21,2025-04-21,LONG,14.961999893188477,14.587949895858765,15.710099887847901,14.587949895858765,STOP_LOSS,1,-2.499999999999998,-2.6499999999999977,NEUTRAL,70.59641689507724,CUPID.BO
SHORT_RSI_ZONE,CUPID,BSE,2025-06-27,2025-06-30,2025-07-11,LONG,21.399999618530277,20.864999628067018,22.46999959945679,22.46999959945679,TARGET,10,5.000000000000003,4.850000000000002,BULL,65.98504002126299,CUPID.BO
SHORT_RSI_ZONE,CUPID,BSE,2026-03-02,2026-03-04,2026-03-04,SHORT,75.01000213623047,76.88525218963622,71.25950202941894,76.88525218963622,STOP_LOSS,1,-2.499999999999985,-2.649999999999985,BEAR,37.951099562825526,CUPID.BO
SHORT_RSI_ZONE,CUPID,BSE,2026-03-10,2026-03-11,2026-03-11,LONG,91.9499969482422,89.65124702453615,96.54749679565431,89.65124702453615,STOP_LOSS,1,-2.4999999999999996,-2.6499999999999995,BEAR,63.25588846027697,CUPID.BO
SHORT_RSI_ZONE,CUPID,BSE,2026-04-06,2026-04-07,2026-04-07,LONG,88.29000091552734,86.08275089263915,92.70450096130371,86.08275089263915,STOP_LOSS,1,-2.500000000000006,-2.650000000000006,BEAR,60.28671396233046,CUPID.BO
BOTH_RSI_ZONE,CUPID,BSE,2025-02-12,2025-02-13,2025-02-13,SHORT,14.199999809265137,14.554999804496763,13.489999818801879,14.554999804496763,STOP_LOSS,1,-2.499999999999985,-2.649999999999985,NEUTRAL,39.104564079997616,CUPID.BO
BOTH_RSI_ZONE,CUPID,BSE,2026-03-02,2026-03-04,2026-03-04,SHORT,75.01000213623047,76.88525218963622,71.25950202941894,76.88525218963622,STOP_LOSS,1,-2.499999999999985,-2.649999999999985,BEAR,37.951099562825526,CUPID.BO
BOTH_RSI_ZONE,CUPID,BSE,2026-03-10,2026-03-11,2026-03-11,LONG,91.9499969482422,89.65124702453615,96.54749679565431,89.65124702453615,STOP_LOSS,1,-2.4999999999999996,-2.6499999999999995,BEAR,63.25588846027697,CUPID.BO
BOTH_RSI_ZONE,CUPID,BSE,2026-04-06,2026-04-07,2026-04-07,LONG,88.29000091552734,86.08275089263915,92.70450096130371,86.08275089263915,STOP_LOSS,1,-2.500000000000006,-2.650000000000006,BEAR,60.28671396233046,CUPID.BO
LONG_RSI_ZONE_NO_NEUTRAL,CUPID,BSE,2026-03-02,2026-03-04,2026-03-04,SHORT,75.01000213623047,76.88525218963622,71.25950202941894,76.88525218963622,STOP_LOSS,1,-2.499999999999985,-2.649999999999985,BEAR,37.951099562825526,CUPID.BO
LONG_RSI_ZONE_NO_NEUTRAL,CUPID,BSE,2026-03-10,2026-03-11,2026-03-11,LONG,91.9499969482422,89.65124702453615,96.54749679565431,89.65124702453615,STOP_LOSS,1,-2.4999999999999996,-2.6499999999999995,BEAR,63.25588846027697,CUPID.BO
LONG_RSI_ZONE_NO_NEUTRAL,CUPID,BSE,2026-04-06,2026-04-07,2026-04-07,LONG,88.29000091552734,86.08275089263915,92.70450096130371,86.08275089263915,STOP_LOSS,1,-2.500000000000006,-2.650000000000006,BEAR,60.28671396233046,CUPID.BO
LONG_RSI_ZONE_BEAR_ONLY,CUPID,BSE,2026-03-02,2026-03-04,2026-03-04,SHORT,75.01000213623047,76.88525218963622,71.25950202941894,76.88525218963622,STOP_LOSS,1,-2.499999999999985,-2.649999999999985,BEAR,37.951099562825526,CUPID.BO
LONG_RSI_ZONE_BEAR_ONLY,CUPID,BSE,2026-03-10,2026-03-11,2026-03-11,LONG,91.9499969482422,89.65124702453615,96.54749679565431,89.65124702453615,STOP_LOSS,1,-2.4999999999999996,-2.6499999999999995,BEAR,63.25588846027697,CUPID.BO
LONG_RSI_ZONE_BEAR_ONLY,CUPID,BSE,2026-04-06,2026-04-07,2026-04-07,LONG,88.29000091552734,86.08275089263915,92.70450096130371,86.08275089263915,STOP_LOSS,1,-2.500000000000006,-2.650000000000006,BEAR,60.28671396233046,CUPID.BO
CURRENT,COALINDIA,BSE,2025-05-14,2025-05-15,2025-05-29,LONG,403.25,393.16875,423.4125,398.2999877929688,TIME_EXIT,11,-1.227529375581201,-1.3775293755812008,NEUTRAL,60.68016760963485,COALINDIA.BO
CURRENT,COALINDIA,BSE,2025-08-22,2025-08-25,2025-09-03,SHORT,379.75,389.24375,360.7625,389.24375,STOP_LOSS,7,-2.499999999999994,-2.6499999999999937,NEUTRAL,38.94326723897385,COALINDIA.BO
CURRENT,COALINDIA,BSE,2025-09-05,2025-09-08,2025-09-22,LONG,393.2000122070313,383.3700119018555,412.8600128173829,394.6499938964844,TIME_EXIT,11,0.3687644060116688,0.21876440601166883,NEUTRAL,61.912623495175495,COALINDIA.BO
CURRENT,COALINDIA,BSE,2025-10-24,2025-10-27,2025-10-29,LONG,395.9500122070313,386.0512619018555,415.74751281738287,386.0512619018555,STOP_LOSS,3,-2.5,-2.65,BULL,61.8451021991183,COALINDIA.BO
CURRENT,COALINDIA,BSE,2025-11-04,2025-11-06,2025-11-17,SHORT,378.2000122070313,387.65501251220707,359.29001159667973,387.65501251220707,STOP_LOSS,8,-2.4999999999999933,-2.6499999999999932,BULL,38.24773747167278,COALINDIA.BO
CURRENT,COALINDIA,BSE,2025-11-24,2025-11-25,2025-12-09,SHORT,372.7999877929688,382.11998748779297,354.15998840332037,379.1000061035156,TIME_EXIT,11,-1.6899191300525145,-1.8399191300525144,BULL,37.29217098129022,COALINDIA.BO
CURRENT,COALINDIA,BSE,2026-04-28,2026-04-29,2026-05-07,LONG,472.25,460.44374999999997,495.8625,460.44374999999997,STOP_LOSS,6,-2.500000000000007,-2.650000000000007,BEAR,62.97700724830223,COALINDIA.BO
CURRENT,COALINDIA,BSE,2026-06-01,2026-06-02,2026-06-09,LONG,470.9500122070313,459.1762619018555,494.49751281738287,459.1762619018555,STOP_LOSS,6,-2.5,-2.65,BEAR,60.24943921385853,COALINDIA.BO
CURRENT,COALINDIA,BSE,2026-06-12,2026-06-15,2026-06-17,SHORT,448.0,459.19999999999993,425.59999999999997,459.19999999999993,STOP_LOSS,3,-2.499999999999985,-2.649999999999985,BEAR,37.742622146160365,COALINDIA.BO
LONG_RSI_ZONE,COALINDIA,BSE,2025-05-14,2025-05-15,2025-05-29,LONG,403.25,393.16875,423.4125,398.2999877929688,TIME_EXIT,11,-1.227529375581201,-1.3775293755812008,NEUTRAL,60.68016760963485,COALINDIA.BO
LONG_RSI_ZONE,COALINDIA,BSE,2025-08-22,2025-08-25,2025-09-03,SHORT,379.75,389.24375,360.7625,389.24375,STOP_LOSS,7,-2.499999999999994,-2.6499999999999937,NEUTRAL,38.94326723897385,COALINDIA.BO
LONG_RSI_ZONE,COALINDIA,BSE,2025-09-05,2025-09-08,2025-09-22,LONG,393.2000122070313,383.3700119018555,412.8600128173829,394.6499938964844,TIME_EXIT,11,0.3687644060116688,0.21876440601166883,NEUTRAL,61.912623495175495,COALINDIA.BO
LONG_RSI_ZONE,COALINDIA,BSE,2025-10-24,2025-10-27,2025-10-29,LONG,395.9500122070313,386.0512619018555,415.74751281738287,386.0512619018555,STOP_LOSS,3,-2.5,-2.65,BULL,61.8451021991183,COALINDIA.BO
LONG_RSI_ZONE,COALINDIA,BSE,2025-11-04,2025-11-06,2025-11-17,SHORT,378.2000122070313,387.65501251220707,359.29001159667973,387.65501251220707,STOP_LOSS,8,-2.4999999999999933,-2.6499999999999932,BULL,38.24773747167278,COALINDIA.BO
LONG_RSI_ZONE,COALINDIA,BSE,2025-11-24,2025-11-25,2025-12-09,SHORT,372.7999877929688,382.11998748779297,354.15998840332037,379.1000061035156,TIME_EXIT,11,-1.6899191300525145,-1.8399191300525144,BULL,37.29217098129022,COALINDIA.BO
LONG_RSI_ZONE,COALINDIA,BSE,2026-04-28,2026-04-29,2026-05-07,LONG,472.25,460.44374999999997,495.8625,460.44374999999997,STOP_LOSS,6,-2.500000000000007,-2.650000000000007,BEAR,62.97700724830223,COALINDIA.BO
LONG_RSI_ZONE,COALINDIA,BSE,2026-06-01,2026-06-02,2026-06-09,LONG,470.9500122070313,459.1762619018555,494.49751281738287,459.1762619018555,STOP_LOSS,6,-2.5,-2.65,BEAR,60.24943921385853,COALINDIA.BO
LONG_RSI_ZONE,COALINDIA,BSE,2026-06-12,2026-06-15,2026-06-17,SHORT,448.0,459.19999999999993,425.59999999999997,459.19999999999993,STOP_LOSS,3,-2.499999999999985,-2.649999999999985,BEAR,37.742622146160365,COALINDIA.BO
SHORT_RSI_ZONE,COALINDIA,BSE,2025-05-14,2025-05-15,2025-05-29,LONG,403.25,393.16875,423.4125,398.2999877929688,TIME_EXIT,11,-1.227529375581201,-1.3775293755812008,NEUTRAL,60.68016760963485,COALINDIA.BO
SHORT_RSI_ZONE,COALINDIA,BSE,2025-08-22,2025-08-25,2025-09-03,SHORT,379.75,389.24375,360.7625,389.24375,STOP_LOSS,7,-2.499999999999994,-2.6499999999999937,NEUTRAL,38.94326723897385,COALINDIA.BO
SHORT_RSI_ZONE,COALINDIA,BSE,2025-09-05,2025-09-08,2025-09-22,LONG,393.2000122070313,383.3700119018555,412.8600128173829,394.6499938964844,TIME_EXIT,11,0.3687644060116688,0.21876440601166883,NEUTRAL,61.912623495175495,COALINDIA.BO
SHORT_RSI_ZONE,COALINDIA,BSE,2025-10-24,2025-10-27,2025-10-29,LONG,395.9500122070313,386.0512619018555,415.74751281738287,386.0512619018555,STOP_LOSS,3,-2.5,-2.65,BULL,61.8451021991183,COALINDIA.BO
SHORT_RSI_ZONE,COALINDIA,BSE,2025-11-04,2025-11-06,2025-11-17,SHORT,378.2000122070313,387.65501251220707,359.29001159667973,387.65501251220707,STOP_LOSS,8,-2.4999999999999933,-2.6499999999999932,BULL,38.24773747167278,COALINDIA.BO
SHORT_RSI_ZONE,COALINDIA,BSE,2025-11-24,2025-11-25,2025-12-09,SHORT,372.7999877929688,382.11998748779297,354.15998840332037,379.1000061035156,TIME_EXIT,11,-1.6899191300525145,-1.8399191300525144,BULL,37.29217098129022,COALINDIA.BO
SHORT_RSI_ZONE,COALINDIA,BSE,2026-04-28,2026-04-29,2026-05-07,LONG,472.25,460.44374999999997,495.8625,460.44374999999997,STOP_LOSS,6,-2.500000000000007,-2.650000000000007,BEAR,62.97700724830223,COALINDIA.BO
SHORT_RSI_ZONE,COALINDIA,BSE,2026-06-01,2026-06-02,2026-06-09,LONG,470.9500122070313,459.1762619018555,494.49751281738287,459.1762619018555,STOP_LOSS,6,-2.5,-2.65,BEAR,60.24943921385853,COALINDIA.BO
SHORT_RSI_ZONE,COALINDIA,BSE,2026-06-12,2026-06-15,2026-06-17,SHORT,448.0,459.19999999999993,425.59999999999997,459.19999999999993,STOP_LOSS,3,-2.499999999999985,-2.649999999999985,BEAR,37.742622146160365,COALINDIA.BO
BOTH_RSI_ZONE,COALINDIA,BSE,2025-05-14,2025-05-15,2025-05-29,LONG,403.25,393.16875,423.4125,398.2999877929688,TIME_EXIT,11,-1.227529375581201,-1.3775293755812008,NEUTRAL,60.68016760963485,COALINDIA.BO
BOTH_RSI_ZONE,COALINDIA,BSE,2025-08-22,2025-08-25,2025-09-03,SHORT,379.75,389.24375,360.7625,389.24375,STOP_LOSS,7,-2.499999999999994,-2.6499999999999937,NEUTRAL,38.94326723897385,COALINDIA.BO
BOTH_RSI_ZONE,COALINDIA,BSE,2025-09-05,2025-09-08,2025-09-22,LONG,393.2000122070313,383.3700119018555,412.8600128173829,394.6499938964844,TIME_EXIT,11,0.3687644060116688,0.21876440601166883,NEUTRAL,61.912623495175495,COALINDIA.BO
BOTH_RSI_ZONE,COALINDIA,BSE,2025-10-24,2025-10-27,2025-10-29,LONG,395.9500122070313,386.0512619018555,415.74751281738287,386.0512619018555,STOP_LOSS,3,-2.5,-2.65,BULL,61.8451021991183,COALINDIA.BO
BOTH_RSI_ZONE,COALINDIA,BSE,2025-11-04,2025-11-06,2025-11-17,SHORT,378.2000122070313,387.65501251220707,359.29001159667973,387.65501251220707,STOP_LOSS,8,-2.4999999999999933,-2.6499999999999932,BULL,38.24773747167278,COALINDIA.BO
BOTH_RSI_ZONE,COALINDIA,BSE,2025-11-24,2025-11-25,2025-12-09,SHORT,372.7999877929688,382.11998748779297,354.15998840332037,379.1000061035156,TIME_EXIT,11,-1.6899191300525145,-1.8399191300525144,BULL,37.29217098129022,COALINDIA.BO
BOTH_RSI_ZONE,COALINDIA,BSE,2026-04-28,2026-04-29,2026-05-07,LONG,472.25,460.44374999999997,495.8625,460.44374999999997,STOP_LOSS,6,-2.500000000000007,-2.650000000000007,BEAR,62.97700724830223,COALINDIA.BO
BOTH_RSI_ZONE,COALINDIA,BSE,2026-06-01,2026-06-02,2026-06-09,LONG,470.9500122070313,459.1762619018555,494.49751281738287,459.1762619018555,STOP_LOSS,6,-2.5,-2.65,BEAR,60.24943921385853,COALINDIA.BO
BOTH_RSI_ZONE,COALINDIA,BSE,2026-06-12,2026-06-15,2026-06-17,SHORT,448.0,459.19999999999993,425.59999999999997,459.19999999999993,STOP_LOSS,3,-2.499999999999985,-2.649999999999985,BEAR,37.742622146160365,COALINDIA.BO
LONG_RSI_ZONE_NO_NEUTRAL,COALINDIA,BSE,2025-10-24,2025-10-27,2025-10-29,LONG,395.9500122070313,386.0512619018555,415.74751281738287,386.0512619018555,STOP_LOSS,3,-2.5,-2.65,BULL,61.8451021991183,COALINDIA.BO
LONG_RSI_ZONE_NO_NEUTRAL,COALINDIA,BSE,2025-11-04,2025-11-06,2025-11-17,SHORT,378.2000122070313,387.65501251220707,359.29001159667973,387.65501251220707,STOP_LOSS,8,-2.4999999999999933,-2.6499999999999932,BULL,38.24773747167278,COALINDIA.BO
LONG_RSI_ZONE_NO_NEUTRAL,COALINDIA,BSE,2025-11-24,2025-11-25,2025-12-09,SHORT,372.7999877929688,382.11998748779297,354.15998840332037,379.1000061035156,TIME_EXIT,11,-1.6899191300525145,-1.8399191300525144,BULL,37.29217098129022,COALINDIA.BO
LONG_RSI_ZONE_NO_NEUTRAL,COALINDIA,BSE,2026-04-28,2026-04-29,2026-05-07,LONG,472.25,460.44374999999997,495.8625,460.44374999999997,STOP_LOSS,6,-2.500000000000007,-2.650000000000007,BEAR,62.97700724830223,COALINDIA.BO
LONG_RSI_ZONE_NO_NEUTRAL,COALINDIA,BSE,2026-06-01,2026-06-02,2026-06-09,LONG,470.9500122070313,459.1762619018555,494.49751281738287,459.1762619018555,STOP_LOSS,6,-2.5,-2.65,BEAR,60.24943921385853,COALINDIA.BO
LONG_RSI_ZONE_NO_NEUTRAL,COALINDIA,BSE,2026-06-12,2026-06-15,2026-06-17,SHORT,448.0,459.19999999999993,425.59999999999997,459.19999999999993,STOP_LOSS,3,-2.499999999999985,-2.649999999999985,BEAR,37.742622146160365,COALINDIA.BO
LONG_RSI_ZONE_BEAR_ONLY,COALINDIA,BSE,2026-04-28,2026-04-29,2026-05-07,LONG,472.25,460.44374999999997,495.8625,460.44374999999997,STOP_LOSS,6,-2.500000000000007,-2.650000000000007,BEAR,62.97700724830223,COALINDIA.BO
LONG_RSI_ZONE_BEAR_ONLY,COALINDIA,BSE,2026-06-01,2026-06-02,2026-06-09,LONG,470.9500122070313,459.1762619018555,494.49751281738287,459.1762619018555,STOP_LOSS,6,-2.5,-2.65,BEAR,60.24943921385853,COALINDIA.BO
LONG_RSI_ZONE_BEAR_ONLY,COALINDIA,BSE,2026-06-12,2026-06-15,2026-06-17,SHORT,448.0,459.19999999999993,425.59999999999997,459.19999999999993,STOP_LOSS,3,-2.499999999999985,-2.649999999999985,BEAR,37.742622146160365,COALINDIA.BO
CURRENT,TATASTEEL,BSE,2024-12-19,2024-12-20,2024-12-30,SHORT,143.25,146.83124999999998,136.0875,136.0875,TARGET,6,4.9999999999999964,4.849999999999996,NEUTRAL,39.053307970308225,500470.BO
CURRENT,TATASTEEL,BSE,2025-06-27,2025-06-30,2025-07-15,LONG,161.0,156.975,169.05,159.0500030517578,TIME_EXIT,11,-1.2111782287218555,-1.3611782287218555,BULL,65.03304555602622,500470.BO
CURRENT,TATASTEEL,BSE,2025-08-28,2025-08-29,2025-09-02,SHORT,154.25,158.10625,146.5375,158.10625,STOP_LOSS,2,-2.4999999999999925,-2.6499999999999924,NEUTRAL,39.93547282416982,500470.BO
CURRENT,TATASTEEL,BSE,2025-09-04,2025-09-05,2025-09-19,LONG,166.8000030517578,162.63000297546387,175.1400032043457,171.5,TIME_EXIT,11,2.8177439222131095,2.6677439222131096,NEUTRAL,61.89457644104945,500470.BO
LONG_RSI_ZONE,TATASTEEL,BSE,2024-12-19,2024-12-20,2024-12-30,SHORT,143.25,146.83124999999998,136.0875,136.0875,TARGET,6,4.9999999999999964,4.849999999999996,NEUTRAL,39.053307970308225,500470.BO
LONG_RSI_ZONE,TATASTEEL,BSE,2025-06-30,2025-07-01,2025-07-03,LONG,160.35000610351562,156.34125595092772,168.3675064086914,168.3675064086914,TARGET,3,5.0000000000000036,4.850000000000003,BULL,60.18586231211922,500470.BO
LONG_RSI_ZONE,TATASTEEL,BSE,2025-08-28,2025-08-29,2025-09-02,SHORT,154.25,158.10625,146.5375,158.10625,STOP_LOSS,2,-2.4999999999999925,-2.6499999999999924,NEUTRAL,39.93547282416982,500470.BO
LONG_RSI_ZONE,TATASTEEL,BSE,2025-09-04,2025-09-05,2025-09-19,LONG,166.8000030517578,162.63000297546387,175.1400032043457,171.5,TIME_EXIT,11,2.8177439222131095,2.6677439222131096,NEUTRAL,61.89457644104945,500470.BO
SHORT_RSI_ZONE,TATASTEEL,BSE,2024-12-19,2024-12-20,2024-12-30,SHORT,143.25,146.83124999999998,136.0875,136.0875,TARGET,6,4.9999999999999964,4.849999999999996,NEUTRAL,39.053307970308225,500470.BO
SHORT_RSI_ZONE,TATASTEEL,BSE,2025-06-27,2025-06-30,2025-07-15,LONG,161.0,156.975,169.05,159.0500030517578,TIME_EXIT,11,-1.2111782287218555,-1.3611782287218555,BULL,65.03304555602622,500470.BO
SHORT_RSI_ZONE,TATASTEEL,BSE,2025-08-28,2025-08-29,2025-09-02,SHORT,154.25,158.10625,146.5375,158.10625,STOP_LOSS,2,-2.4999999999999925,-2.6499999999999924,NEUTRAL,39.93547282416982,500470.BO
SHORT_RSI_ZONE,TATASTEEL,BSE,2025-09-04,2025-09-05,2025-09-19,LONG,166.8000030517578,162.63000297546387,175.1400032043457,171.5,TIME_EXIT,11,2.8177439222131095,2.6677439222131096,NEUTRAL,61.89457644104945,500470.BO
BOTH_RSI_ZONE,TATASTEEL,BSE,2024-12-19,2024-12-20,2024-12-30,SHORT,143.25,146.83124999999998,136.0875,136.0875,TARGET,6,4.9999999999999964,4.849999999999996,NEUTRAL,39.053307970308225,500470.BO
BOTH_RSI_ZONE,TATASTEEL,BSE,2025-06-30,2025-07-01,2025-07-03,LONG,160.35000610351562,156.34125595092772,168.3675064086914,168.3675064086914,TARGET,3,5.0000000000000036,4.850000000000003,BULL,60.18586231211922,500470.BO
BOTH_RSI_ZONE,TATASTEEL,BSE,2025-08-28,2025-08-29,2025-09-02,SHORT,154.25,158.10625,146.5375,158.10625,STOP_LOSS,2,-2.4999999999999925,-2.6499999999999924,NEUTRAL,39.93547282416982,500470.BO
BOTH_RSI_ZONE,TATASTEEL,BSE,2025-09-04,2025-09-05,2025-09-19,LONG,166.8000030517578,162.63000297546387,175.1400032043457,171.5,TIME_EXIT,11,2.8177439222131095,2.6677439222131096,NEUTRAL,61.89457644104945,500470.BO
LONG_RSI_ZONE_NO_NEUTRAL,TATASTEEL,BSE,2025-06-30,2025-07-01,2025-07-03,LONG,160.35000610351562,156.34125595092772,168.3675064086914,168.3675064086914,TARGET,3,5.0000000000000036,4.850000000000003,BULL,60.18586231211922,500470.BO
CURRENT,VMM,BSE,2025-02-17,2025-02-18,2025-02-28,SHORT,103.9499969482422,106.54874687194825,98.75249710083008,98.75249710083008,TARGET,8,5.000000000000007,4.850000000000007,NEUTRAL,37.73384406230606,VMM.BO
CURRENT,VMM,BSE,2026-01-06,2026-01-07,2026-01-20,SHORT,131.1999969482422,134.47999687194823,124.63999710083007,124.63999710083007,TARGET,9,5.000000000000004,4.850000000000004,BULL,38.81589632980893,VMM.BO
CURRENT,VMM,BSE,2026-03-04,2026-03-05,2026-03-09,SHORT,113.0,115.82499999999999,107.35,107.35,TARGET,3,5.000000000000005,4.850000000000005,BEAR,34.79336584066422,VMM.BO
LONG_RSI_ZONE,VMM,BSE,2025-02-17,2025-02-18,2025-02-28,SHORT,103.9499969482422,106.54874687194825,98.75249710083008,98.75249710083008,TARGET,8,5.000000000000007,4.850000000000007,NEUTRAL,37.73384406230606,VMM.BO
LONG_RSI_ZONE,VMM,BSE,2026-01-06,2026-01-07,2026-01-20,SHORT,131.1999969482422,134.47999687194823,124.63999710083007,124.63999710083007,TARGET,9,5.000000000000004,4.850000000000004,BULL,38.81589632980893,VMM.BO
LONG_RSI_ZONE,VMM,BSE,2026-03-04,2026-03-05,2026-03-09,SHORT,113.0,115.82499999999999,107.35,107.35,TARGET,3,5.000000000000005,4.850000000000005,BEAR,34.79336584066422,VMM.BO
SHORT_RSI_ZONE,VMM,BSE,2025-02-17,2025-02-18,2025-02-28,SHORT,103.9499969482422,106.54874687194825,98.75249710083008,98.75249710083008,TARGET,8,5.000000000000007,4.850000000000007,NEUTRAL,37.73384406230606,VMM.BO
SHORT_RSI_ZONE,VMM,BSE,2026-01-06,2026-01-07,2026-01-20,SHORT,131.1999969482422,134.47999687194823,124.63999710083007,124.63999710083007,TARGET,9,5.000000000000004,4.850000000000004,BULL,38.81589632980893,VMM.BO
SHORT_RSI_ZONE,VMM,BSE,2026-03-04,2026-03-05,2026-03-09,SHORT,113.0,115.82499999999999,107.35,107.35,TARGET,3,5.000000000000005,4.850000000000005,BEAR,34.79336584066422,VMM.BO
BOTH_RSI_ZONE,VMM,BSE,2025-02-17,2025-02-18,2025-02-28,SHORT,103.9499969482422,106.54874687194825,98.75249710083008,98.75249710083008,TARGET,8,5.000000000000007,4.850000000000007,NEUTRAL,37.73384406230606,VMM.BO
BOTH_RSI_ZONE,VMM,BSE,2026-01-06,2026-01-07,2026-01-20,SHORT,131.1999969482422,134.47999687194823,124.63999710083007,124.63999710083007,TARGET,9,5.000000000000004,4.850000000000004,BULL,38.81589632980893,VMM.BO
BOTH_RSI_ZONE,VMM,BSE,2026-03-04,2026-03-05,2026-03-09,SHORT,113.0,115.82499999999999,107.35,107.35,TARGET,3,5.000000000000005,4.850000000000005,BEAR,34.79336584066422,VMM.BO
LONG_RSI_ZONE_NO_NEUTRAL,VMM,BSE,2026-01-06,2026-01-07,2026-01-20,SHORT,131.1999969482422,134.47999687194823,124.63999710083007,124.63999710083007,TARGET,9,5.000000000000004,4.850000000000004,BULL,38.81589632980893,VMM.BO
LONG_RSI_ZONE_NO_NEUTRAL,VMM,BSE,2026-03-04,2026-03-05,2026-03-09,SHORT,113.0,115.82499999999999,107.35,107.35,TARGET,3,5.000000000000005,4.850000000000005,BEAR,34.79336584066422,VMM.BO
LONG_RSI_ZONE_BEAR_ONLY,VMM,BSE,2026-03-04,2026-03-05,2026-03-09,SHORT,113.0,115.82499999999999,107.35,107.35,TARGET,3,5.000000000000005,4.850000000000005,BEAR,34.79336584066422,VMM.BO
CURRENT,URBANCO,BSE,2026-01-20,2026-01-21,2026-01-21,SHORT,124.3499984741211,127.45874843597412,118.13249855041504,127.45874843597412,STOP_LOSS,1,-2.499999999999995,-2.649999999999995,BEAR,39.19095062428755,URBANCO.BO
CURRENT,URBANCO,BSE,2026-08-03,2026-08-04,2026-08-04,LONG,148.0,144.29999999999998,155.4,144.29999999999998,STOP_LOSS,1,-2.5000000000000115,-2.6500000000000115,BULL,69.00072460888256,URBANCO.BO
LONG_RSI_ZONE,URBANCO,BSE,2026-01-20,2026-01-21,2026-01-21,SHORT,124.3499984741211,127.45874843597412,118.13249855041504,127.45874843597412,STOP_LOSS,1,-2.499999999999995,-2.649999999999995,BEAR,39.19095062428755,URBANCO.BO
LONG_RSI_ZONE,URBANCO,BSE,2026-08-04,2026-08-05,2026-08-11,LONG,142.14999389648438,138.59624404907225,149.2574935913086,138.59624404907225,STOP_LOSS,5,-2.500000000000008,-2.650000000000008,BULL,61.73766325124211,URBANCO.BO
SHORT_RSI_ZONE,URBANCO,BSE,2026-01-20,2026-01-21,2026-01-21,SHORT,124.3499984741211,127.45874843597412,118.13249855041504,127.45874843597412,STOP_LOSS,1,-2.499999999999995,-2.649999999999995,BEAR,39.19095062428755,URBANCO.BO
SHORT_RSI_ZONE,URBANCO,BSE,2026-08-03,2026-08-04,2026-08-04,LONG,148.0,144.29999999999998,155.4,144.29999999999998,STOP_LOSS,1,-2.5000000000000115,-2.6500000000000115,BULL,69.00072460888256,URBANCO.BO
BOTH_RSI_ZONE,URBANCO,BSE,2026-01-20,2026-01-21,2026-01-21,SHORT,124.3499984741211,127.45874843597412,118.13249855041504,127.45874843597412,STOP_LOSS,1,-2.499999999999995,-2.649999999999995,BEAR,39.19095062428755,URBANCO.BO
BOTH_RSI_ZONE,URBANCO,BSE,2026-08-04,2026-08-05,2026-08-11,LONG,142.14999389648438,138.59624404907225,149.2574935913086,138.59624404907225,STOP_LOSS,5,-2.500000000000008,-2.650000000000008,BULL,61.73766325124211,URBANCO.BO
LONG_RSI_ZONE_NO_NEUTRAL,URBANCO,BSE,2026-01-20,2026-01-21,2026-01-21,SHORT,124.3499984741211,127.45874843597412,118.13249855041504,127.45874843597412,STOP_LOSS,1,-2.499999999999995,-2.649999999999995,BEAR,39.19095062428755,URBANCO.BO
LONG_RSI_ZONE_NO_NEUTRAL,URBANCO,BSE,2026-08-04,2026-08-05,2026-08-11,LONG,142.14999389648438,138.59624404907225,149.2574935913086,138.59624404907225,STOP_LOSS,5,-2.500000000000008,-2.650000000000008,BULL,61.73766325124211,URBANCO.BO
LONG_RSI_ZONE_BEAR_ONLY,URBANCO,BSE,2026-01-20,2026-01-21,2026-01-21,SHORT,124.3499984741211,127.45874843597412,118.13249855041504,127.45874843597412,STOP_LOSS,1,-2.499999999999995,-2.649999999999995,BEAR,39.19095062428755,URBANCO.BO
CURRENT,TENNIND,BSE,2026-08-31,2026-09-01,2026-09-02,SHORT,539.0999755859375,552.5774749755859,512.1449768066406,512.1449768066406,TARGET,2,5.000000000000012,4.850000000000012,NEUTRAL,39.3000333524194,TENNIND.BO
LONG_RSI_ZONE,TENNIND,BSE,2026-08-31,2026-09-01,2026-09-02,SHORT,539.0999755859375,552.5774749755859,512.1449768066406,512.1449768066406,TARGET,2,5.000000000000012,4.850000000000012,NEUTRAL,39.3000333524194,TENNIND.BO
SHORT_RSI_ZONE,TENNIND,BSE,2026-08-31,2026-09-01,2026-09-02,SHORT,539.0999755859375,552.5774749755859,512.1449768066406,512.1449768066406,TARGET,2,5.000000000000012,4.850000000000012,NEUTRAL,39.3000333524194,TENNIND.BO
BOTH_RSI_ZONE,TENNIND,BSE,2026-08-31,2026-09-01,2026-09-02,SHORT,539.0999755859375,552.5774749755859,512.1449768066406,512.1449768066406,TARGET,2,5.000000000000012,4.850000000000012,NEUTRAL,39.3000333524194,TENNIND.BO
CURRENT,ZEEL,BSE,2025-01-13,2025-01-14,2025-01-14,SHORT,120.9499969482422,123.97374687194825,114.90249710083009,123.97374687194825,STOP_LOSS,1,-2.499999999999995,-2.649999999999995,NEUTRAL,39.58302417581305,ZEEL.BO
CURRENT,ZEEL,BSE,2025-05-09,2025-05-12,2025-05-14,LONG,118.0500030517578,115.09875297546385,123.95250320434569,123.95250320434569,TARGET,3,5.0,4.85,NEUTRAL,60.30196606585508,ZEEL.BO
CURRENT,ZEEL,BSE,2025-09-29,2025-09-30,2025-10-15,SHORT,112.9499969482422,115.77374687194825,107.30249710083008,109.9499969482422,TIME_EXIT,11,2.6560425684426616,2.5060425684426617,BULL,39.68612013069695,ZEEL.BO
CURRENT,ZEEL,BSE,2026-03-02,2026-03-04,2026-03-09,SHORT,83.0,85.07499999999999,78.85,78.85,TARGET,4,5.000000000000006,4.850000000000006,BEAR,36.529243631193374,ZEEL.BO
CURRENT,ZEEL,BSE,2026-06-01,2026-06-02,2026-06-03,LONG,94.4000015258789,92.04000148773193,99.12000160217285,92.04000148773193,STOP_LOSS,2,-2.500000000000006,-2.650000000000006,BEAR,62.981275723779035,ZEEL.BO
CURRENT,ZEEL,BSE,2026-08-05,2026-08-06,2026-08-11,SHORT,95.0999984741211,97.47749843597411,90.34499855041504,90.34499855041504,TARGET,4,4.9999999999999964,4.849999999999996,BULL,38.33789254343202,ZEEL.BO
CURRENT,ZEEL,BSE,2026-08-31,2026-09-01,2026-09-04,SHORT,94.48999786376952,96.85224781036375,89.76549797058104,91.33999633789062,TIME_EXIT,4,3.333687794575243,3.183687794575243,NEUTRAL,38.05447873789236,ZEEL.BO
LONG_RSI_ZONE,ZEEL,BSE,2025-01-13,2025-01-14,2025-01-14,SHORT,120.9499969482422,123.97374687194825,114.90249710083009,123.97374687194825,STOP_LOSS,1,-2.499999999999995,-2.649999999999995,NEUTRAL,39.58302417581305,ZEEL.BO
LONG_RSI_ZONE,ZEEL,BSE,2025-05-09,2025-05-12,2025-05-14,LONG,118.0500030517578,115.09875297546385,123.95250320434569,123.95250320434569,TARGET,3,5.0,4.85,NEUTRAL,60.30196606585508,ZEEL.BO
LONG_RSI_ZONE,ZEEL,BSE,2025-09-29,2025-09-30,2025-10-15,SHORT,112.9499969482422,115.77374687194825,107.30249710083008,109.9499969482422,TIME_EXIT,11,2.6560425684426616,2.5060425684426617,BULL,39.68612013069695,ZEEL.BO
LONG_RSI_ZONE,ZEEL,BSE,2026-03-02,2026-03-04,2026-03-09,SHORT,83.0,85.07499999999999,78.85,78.85,TARGET,4,5.000000000000006,4.850000000000006,BEAR,36.529243631193374,ZEEL.BO
LONG_RSI_ZONE,ZEEL,BSE,2026-06-01,2026-06-02,2026-06-03,LONG,94.4000015258789,92.04000148773193,99.12000160217285,92.04000148773193,STOP_LOSS,2,-2.500000000000006,-2.650000000000006,BEAR,62.981275723779035,ZEEL.BO
LONG_RSI_ZONE,ZEEL,BSE,2026-08-05,2026-08-06,2026-08-11,SHORT,95.0999984741211,97.47749843597411,90.34499855041504,90.34499855041504,TARGET,4,4.9999999999999964,4.849999999999996,BULL,38.33789254343202,ZEEL.BO
LONG_RSI_ZONE,ZEEL,BSE,2026-08-31,2026-09-01,2026-09-04,SHORT,94.48999786376952,96.85224781036375,89.76549797058104,91.33999633789062,TIME_EXIT,4,3.333687794575243,3.183687794575243,NEUTRAL,38.05447873789236,ZEEL.BO
SHORT_RSI_ZONE,ZEEL,BSE,2025-01-13,2025-01-14,2025-01-14,SHORT,120.9499969482422,123.97374687194825,114.90249710083009,123.97374687194825,STOP_LOSS,1,-2.499999999999995,-2.649999999999995,NEUTRAL,39.58302417581305,ZEEL.BO
SHORT_RSI_ZONE,ZEEL,BSE,2025-05-09,2025-05-12,2025-05-14,LONG,118.0500030517578,115.09875297546385,123.95250320434569,123.95250320434569,TARGET,3,5.0,4.85,NEUTRAL,60.30196606585508,ZEEL.BO
SHORT_RSI_ZONE,ZEEL,BSE,2025-09-29,2025-09-30,2025-10-15,SHORT,112.9499969482422,115.77374687194825,107.30249710083008,109.9499969482422,TIME_EXIT,11,2.6560425684426616,2.5060425684426617,BULL,39.68612013069695,ZEEL.BO
SHORT_RSI_ZONE,ZEEL,BSE,2026-03-02,2026-03-04,2026-03-09,SHORT,83.0,85.07499999999999,78.85,78.85,TARGET,4,5.000000000000006,4.850000000000006,BEAR,36.529243631193374,ZEEL.BO
SHORT_RSI_ZONE,ZEEL,BSE,2026-06-01,2026-06-02,2026-06-03,LONG,94.4000015258789,92.04000148773193,99.12000160217285,92.04000148773193,STOP_LOSS,2,-2.500000000000006,-2.650000000000006,BEAR,62.981275723779035,ZEEL.BO
SHORT_RSI_ZONE,ZEEL,BSE,2026-08-05,2026-08-06,2026-08-11,SHORT,95.0999984741211,97.47749843597411,90.34499855041504,90.34499855041504,TARGET,4,4.9999999999999964,4.849999999999996,BULL,38.33789254343202,ZEEL.BO
SHORT_RSI_ZONE,ZEEL,BSE,2026-08-31,2026-09-01,2026-09-04,SHORT,94.48999786376952,96.85224781036375,89.76549797058104,91.33999633789062,TIME_EXIT,4,3.333687794575243,3.183687794575243,NEUTRAL,38.05447873789236,ZEEL.BO
BOTH_RSI_ZONE,ZEEL,BSE,2025-01-13,2025-01-14,2025-01-14,SHORT,120.9499969482422,123.97374687194825,114.90249710083009,123.97374687194825,STOP_LOSS,1,-2.499999999999995,-2.649999999999995,NEUTRAL,39.58302417581305,ZEEL.BO
BOTH_RSI_ZONE,ZEEL,BSE,2025-05-09,2025-05-12,2025-05-14,LONG,118.0500030517578,115.09875297546385,123.95250320434569,123.95250320434569,TARGET,3,5.0,4.85,NEUTRAL,60.30196606585508,ZEEL.BO
BOTH_RSI_ZONE,ZEEL,BSE,2025-09-29,2025-09-30,2025-10-15,SHORT,112.9499969482422,115.77374687194825,107.30249710083008,109.9499969482422,TIME_EXIT,11,2.6560425684426616,2.5060425684426617,BULL,39.68612013069695,ZEEL.BO
BOTH_RSI_ZONE,ZEEL,BSE,2026-03-02,2026-03-04,2026-03-09,SHORT,83.0,85.07499999999999,78.85,78.85,TARGET,4,5.000000000000006,4.850000000000006,BEAR,36.529243631193374,ZEEL.BO
BOTH_RSI_ZONE,ZEEL,BSE,2026-06-01,2026-06-02,2026-06-03,LONG,94.4000015258789,92.04000148773193,99.12000160217285,92.04000148773193,STOP_LOSS,2,-2.500000000000006,-2.650000000000006,BEAR,62.981275723779035,ZEEL.BO
BOTH_RSI_ZONE,ZEEL,BSE,2026-08-05,2026-08-06,2026-08-11,SHORT,95.0999984741211,97.47749843597411,90.34499855041504,90.34499855041504,TARGET,4,4.9999999999999964,4.849999999999996,BULL,38.33789254343202,ZEEL.BO
BOTH_RSI_ZONE,ZEEL,BSE,2026-08-31,2026-09-01,2026-09-04,SHORT,94.48999786376952,96.85224781036375,89.76549797058104,91.33999633789062,TIME_EXIT,4,3.333687794575243,3.183687794575243,NEUTRAL,38.05447873789236,ZEEL.BO
LONG_RSI_ZONE_NO_NEUTRAL,ZEEL,BSE,2025-09-29,2025-09-30,2025-10-15,SHORT,112.9499969482422,115.77374687194825,107.30249710083008,109.9499969482422,TIME_EXIT,11,2.6560425684426616,2.5060425684426617,BULL,39.68612013069695,ZEEL.BO
LONG_RSI_ZONE_NO_NEUTRAL,ZEEL,BSE,2026-03-02,2026-03-04,2026-03-09,SHORT,83.0,85.07499999999999,78.85,78.85,TARGET,4,5.000000000000006,4.850000000000006,BEAR,36.529243631193374,ZEEL.BO
LONG_RSI_ZONE_NO_NEUTRAL,ZEEL,BSE,2026-06-01,2026-06-02,2026-06-03,LONG,94.4000015258789,92.04000148773193,99.12000160217285,92.04000148773193,STOP_LOSS,2,-2.500000000000006,-2.650000000000006,BEAR,62.981275723779035,ZEEL.BO
LONG_RSI_ZONE_NO_NEUTRAL,ZEEL,BSE,2026-08-05,2026-08-06,2026-08-11,SHORT,95.0999984741211,97.47749843597411,90.34499855041504,90.34499855041504,TARGET,4,4.9999999999999964,4.849999999999996,BULL,38.33789254343202,ZEEL.BO
LONG_RSI_ZONE_BEAR_ONLY,ZEEL,BSE,2026-03-02,2026-03-04,2026-03-09,SHORT,83.0,85.07499999999999,78.85,78.85,TARGET,4,5.000000000000006,4.850000000000006,BEAR,36.529243631193374,ZEEL.BO
LONG_RSI_ZONE_BEAR_ONLY,ZEEL,BSE,2026-06-01,2026-06-02,2026-06-03,LONG,94.4000015258789,92.04000148773193,99.12000160217285,92.04000148773193,STOP_LOSS,2,-2.500000000000006,-2.650000000000006,BEAR,62.981275723779035,ZEEL.BO
CURRENT,ETERNAL,BSE,2025-03-26,2025-03-27,2025-03-28,SHORT,204.25,209.35625,194.0375,209.35625,STOP_LOSS,2,-2.4999999999999947,-2.6499999999999946,NEUTRAL,38.53018623915387,ETERNAL.BO
CURRENT,ETERNAL,BSE,2025-06-05,2025-06-06,2025-06-12,LONG,257.95001220703125,251.50126190185546,270.84751281738284,251.50126190185546,STOP_LOSS,5,-2.5000000000000044,-2.6500000000000044,NEUTRAL,64.98962538139348,ETERNAL.BO
CURRENT,ETERNAL,BSE,2026-01-23,2026-01-27,2026-01-29,SHORT,260.8999938964844,267.42249374389644,247.85499420166013,267.42249374389644,STOP_LOSS,3,-2.4999999999999822,-2.649999999999982,BEAR,34.515281732150356,ETERNAL.BO
CURRENT,ETERNAL,BSE,2026-02-24,2026-02-25,2026-03-02,SHORT,255.5,261.8875,242.725,242.725,TARGET,4,5.000000000000003,4.850000000000002,NEUTRAL,34.008327892887266,ETERNAL.BO
CURRENT,ETERNAL,BSE,2026-06-11,2026-06-12,2026-06-15,SHORT,239.6999969482422,245.6924968719482,227.71499710083006,245.6924968719482,STOP_LOSS,2,-2.499999999999986,-2.6499999999999857,BEAR,38.94709494690468,ETERNAL.BO
CURRENT,ETERNAL,BSE,2026-06-19,2026-06-22,2026-06-23,LONG,265.8500061035156,259.2037559509277,279.1425064086914,259.2037559509277,STOP_LOSS,2,-2.500000000000013,-2.650000000000013,BEAR,62.17785798347102,ETERNAL.BO
LONG_RSI_ZONE,ETERNAL,BSE,2025-03-26,2025-03-27,2025-03-28,SHORT,204.25,209.35625,194.0375,209.35625,STOP_LOSS,2,-2.4999999999999947,-2.6499999999999946,NEUTRAL,38.53018623915387,ETERNAL.BO
LONG_RSI_ZONE,ETERNAL,BSE,2025-06-05,2025-06-06,2025-06-12,LONG,257.95001220703125,251.50126190185546,270.84751281738284,251.50126190185546,STOP_LOSS,5,-2.5000000000000044,-2.6500000000000044,NEUTRAL,64.98962538139348,ETERNAL.BO
LONG_RSI_ZONE,ETERNAL,BSE,2026-01-23,2026-01-27,2026-01-29,SHORT,260.8999938964844,267.42249374389644,247.85499420166013,267.42249374389644,STOP_LOSS,3,-2.4999999999999822,-2.649999999999982,BEAR,34.515281732150356,ETERNAL.BO
LONG_RSI_ZONE,ETERNAL,BSE,2026-02-24,2026-02-25,2026-03-02,SHORT,255.5,261.8875,242.725,242.725,TARGET,4,5.000000000000003,4.850000000000002,NEUTRAL,34.008327892887266,ETERNAL.BO
LONG_RSI_ZONE,ETERNAL,BSE,2026-06-11,2026-06-12,2026-06-15,SHORT,239.6999969482422,245.6924968719482,227.71499710083006,245.6924968719482,STOP_LOSS,2,-2.499999999999986,-2.6499999999999857,BEAR,38.94709494690468,ETERNAL.BO
LONG_RSI_ZONE,ETERNAL,BSE,2026-06-19,2026-06-22,2026-06-23,LONG,265.8500061035156,259.2037559509277,279.1425064086914,259.2037559509277,STOP_LOSS,2,-2.500000000000013,-2.650000000000013,BEAR,62.17785798347102,ETERNAL.BO
SHORT_RSI_ZONE,ETERNAL,BSE,2025-03-26,2025-03-27,2025-03-28,SHORT,204.25,209.35625,194.0375,209.35625,STOP_LOSS,2,-2.4999999999999947,-2.6499999999999946,NEUTRAL,38.53018623915387,ETERNAL.BO
SHORT_RSI_ZONE,ETERNAL,BSE,2025-06-05,2025-06-06,2025-06-12,LONG,257.95001220703125,251.50126190185546,270.84751281738284,251.50126190185546,STOP_LOSS,5,-2.5000000000000044,-2.6500000000000044,NEUTRAL,64.98962538139348,ETERNAL.BO
SHORT_RSI_ZONE,ETERNAL,BSE,2026-01-23,2026-01-27,2026-01-29,SHORT,260.8999938964844,267.42249374389644,247.85499420166013,267.42249374389644,STOP_LOSS,3,-2.4999999999999822,-2.649999999999982,BEAR,34.515281732150356,ETERNAL.BO
SHORT_RSI_ZONE,ETERNAL,BSE,2026-02-24,2026-02-25,2026-03-02,SHORT,255.5,261.8875,242.725,242.725,TARGET,4,5.000000000000003,4.850000000000002,NEUTRAL,34.008327892887266,ETERNAL.BO
SHORT_RSI_ZONE,ETERNAL,BSE,2026-06-11,2026-06-12,2026-06-15,SHORT,239.6999969482422,245.6924968719482,227.71499710083006,245.6924968719482,STOP_LOSS,2,-2.499999999999986,-2.6499999999999857,BEAR,38.94709494690468,ETERNAL.BO
SHORT_RSI_ZONE,ETERNAL,BSE,2026-06-19,2026-06-22,2026-06-23,LONG,265.8500061035156,259.2037559509277,279.1425064086914,259.2037559509277,STOP_LOSS,2,-2.500000000000013,-2.650000000000013,BEAR,62.17785798347102,ETERNAL.BO
BOTH_RSI_ZONE,ETERNAL,BSE,2025-03-26,2025-03-27,2025-03-28,SHORT,204.25,209.35625,194.0375,209.35625,STOP_LOSS,2,-2.4999999999999947,-2.6499999999999946,NEUTRAL,38.53018623915387,ETERNAL.BO
BOTH_RSI_ZONE,ETERNAL,BSE,2025-06-05,2025-06-06,2025-06-12,LONG,257.95001220703125,251.50126190185546,270.84751281738284,251.50126190185546,STOP_LOSS,5,-2.5000000000000044,-2.6500000000000044,NEUTRAL,64.98962538139348,ETERNAL.BO
BOTH_RSI_ZONE,ETERNAL,BSE,2026-01-23,2026-01-27,2026-01-29,SHORT,260.8999938964844,267.42249374389644,247.85499420166013,267.42249374389644,STOP_LOSS,3,-2.4999999999999822,-2.649999999999982,BEAR,34.515281732150356,ETERNAL.BO
BOTH_RSI_ZONE,ETERNAL,BSE,2026-02-24,2026-02-25,2026-03-02,SHORT,255.5,261.8875,242.725,242.725,TARGET,4,5.000000000000003,4.850000000000002,NEUTRAL,34.008327892887266,ETERNAL.BO
BOTH_RSI_ZONE,ETERNAL,BSE,2026-06-11,2026-06-12,2026-06-15,SHORT,239.6999969482422,245.6924968719482,227.71499710083006,245.6924968719482,STOP_LOSS,2,-2.499999999999986,-2.6499999999999857,BEAR,38.94709494690468,ETERNAL.BO
BOTH_RSI_ZONE,ETERNAL,BSE,2026-06-19,2026-06-22,2026-06-23,LONG,265.8500061035156,259.2037559509277,279.1425064086914,259.2037559509277,STOP_LOSS,2,-2.500000000000013,-2.650000000000013,BEAR,62.17785798347102,ETERNAL.BO
LONG_RSI_ZONE_NO_NEUTRAL,ETERNAL,BSE,2026-01-23,2026-01-27,2026-01-29,SHORT,260.8999938964844,267.42249374389644,247.85499420166013,267.42249374389644,STOP_LOSS,3,-2.4999999999999822,-2.649999999999982,BEAR,34.515281732150356,ETERNAL.BO
LONG_RSI_ZONE_NO_NEUTRAL,ETERNAL,BSE,2026-06-11,2026-06-12,2026-06-15,SHORT,239.6999969482422,245.6924968719482,227.71499710083006,245.6924968719482,STOP_LOSS,2,-2.499999999999986,-2.6499999999999857,BEAR,38.94709494690468,ETERNAL.BO
LONG_RSI_ZONE_NO_NEUTRAL,ETERNAL,BSE,2026-06-19,2026-06-22,2026-06-23,LONG,265.8500061035156,259.2037559509277,279.1425064086914,259.2037559509277,STOP_LOSS,2,-2.500000000000013,-2.650000000000013,BEAR,62.17785798347102,ETERNAL.BO
LONG_RSI_ZONE_BEAR_ONLY,ETERNAL,BSE,2026-01-23,2026-01-27,2026-01-29,SHORT,260.8999938964844,267.42249374389644,247.85499420166013,267.42249374389644,STOP_LOSS,3,-2.4999999999999822,-2.649999999999982,BEAR,34.515281732150356,ETERNAL.BO
LONG_RSI_ZONE_BEAR_ONLY,ETERNAL,BSE,2026-06-11,2026-06-12,2026-06-15,SHORT,239.6999969482422,245.6924968719482,227.71499710083006,245.6924968719482,STOP_LOSS,2,-2.499999999999986,-2.6499999999999857,BEAR,38.94709494690468,ETERNAL.BO
LONG_RSI_ZONE_BEAR_ONLY,ETERNAL,BSE,2026-06-19,2026-06-22,2026-06-23,LONG,265.8500061035156,259.2037559509277,279.1425064086914,259.2037559509277,STOP_LOSS,2,-2.500000000000013,-2.650000000000013,BEAR,62.17785798347102,ETERNAL.BO
CURRENT,PINELABS,BSE,2026-05-14,2026-05-15,2026-05-18,SHORT,156.6999969482422,160.61749687194822,148.86499710083007,148.86499710083007,TARGET,2,5.000000000000007,4.850000000000007,BEAR,28.771215733394413,PINELABS.BO
CURRENT,PINELABS,BSE,2026-07-08,2026-07-09,2026-07-10,SHORT,143.0,146.575,135.85,146.575,STOP_LOSS,2,-2.499999999999992,-2.649999999999992,NEUTRAL,36.602114165925485,PINELABS.BO
LONG_RSI_ZONE,PINELABS,BSE,2026-05-14,2026-05-15,2026-05-18,SHORT,156.6999969482422,160.61749687194822,148.86499710083007,148.86499710083007,TARGET,2,5.000000000000007,4.850000000000007,BEAR,28.771215733394413,PINELABS.BO
LONG_RSI_ZONE,PINELABS,BSE,2026-07-08,2026-07-09,2026-07-10,SHORT,143.0,146.575,135.85,146.575,STOP_LOSS,2,-2.499999999999992,-2.649999999999992,NEUTRAL,36.602114165925485,PINELABS.BO
SHORT_RSI_ZONE,PINELABS,BSE,2026-07-08,2026-07-09,2026-07-10,SHORT,143.0,146.575,135.85,146.575,STOP_LOSS,2,-2.499999999999992,-2.649999999999992,NEUTRAL,36.602114165925485,PINELABS.BO
BOTH_RSI_ZONE,PINELABS,BSE,2026-07-08,2026-07-09,2026-07-10,SHORT,143.0,146.575,135.85,146.575,STOP_LOSS,2,-2.499999999999992,-2.649999999999992,NEUTRAL,36.602114165925485,PINELABS.BO
LONG_RSI_ZONE_NO_NEUTRAL,PINELABS,BSE,2026-05-14,2026-05-15,2026-05-18,SHORT,156.6999969482422,160.61749687194822,148.86499710083007,148.86499710083007,TARGET,2,5.000000000000007,4.850000000000007,BEAR,28.771215733394413,PINELABS.BO
LONG_RSI_ZONE_BEAR_ONLY,PINELABS,BSE,2026-05-14,2026-05-15,2026-05-18,SHORT,156.6999969482422,160.61749687194822,148.86499710083007,148.86499710083007,TARGET,2,5.000000000000007,4.850000000000007,BEAR,28.771215733394413,PINELABS.BO
CURRENT,PFC,BSE,2024-12-23,2024-12-24,2025-01-03,SHORT,457.3500061035156,468.78375625610346,434.48250579833984,468.78375625610346,STOP_LOSS,8,-2.4999999999999876,-2.6499999999999875,NEUTRAL,34.3537020127567,PFC.BO
CURRENT,PFC,BSE,2025-04-21,2025-04-22,2025-04-23,LONG,436.1000061035156,425.19750595092773,457.9050064086914,425.19750595092773,STOP_LOSS,2,-2.5,-2.65,NEUTRAL,62.22846100016314,PFC.BO
CURRENT,PFC,BSE,2025-06-09,2025-06-10,2025-06-12,LONG,435.0,424.125,456.75,424.125,STOP_LOSS,3,-2.5,-2.65,NEUTRAL,62.17277777639705,PFC.BO
CURRENT,PFC,BSE,2025-06-19,2025-06-20,2025-06-20,SHORT,398.9500122070313,408.9237625122071,379.0025115966797,408.9237625122071,STOP_LOSS,1,-2.4999999999999964,-2.6499999999999964,NEUTRAL,36.97426079582513,PFC.BO
CURRENT,PFC,BSE,2025-06-30,2025-07-01,2025-07-02,LONG,428.6499938964844,417.93374404907223,450.0824935913086,417.93374404907223,STOP_LOSS,2,-2.500000000000008,-2.650000000000008,BULL,60.0495007826535,PFC.BO
CURRENT,PFC,BSE,2025-08-21,2025-08-22,2025-08-29,SHORT,400.7000122070313,410.71751251220707,380.66501159667973,380.66501159667973,TARGET,5,5.000000000000003,4.850000000000002,NEUTRAL,39.92555375968667,PFC.BO
CURRENT,PFC,BSE,2025-11-06,2025-11-07,2025-11-07,SHORT,384.5499877929688,394.163737487793,365.32248840332034,394.163737487793,STOP_LOSS,1,-2.4999999999999964,-2.6499999999999964,BULL,37.43777701410352,PFC.BO
CURRENT,PFC,BSE,2026-01-28,2026-01-29,2026-02-02,LONG,383.7000122070313,374.1075119018555,402.8850128173829,374.1075119018555,STOP_LOSS,3,-2.5000000000000058,-2.6500000000000057,NEUTRAL,61.68948822832831,PFC.BO
CURRENT,PFC,BSE,2026-04-10,2026-04-13,2026-04-15,LONG,424.5,413.8875,445.725,445.725,TARGET,2,5.000000000000005,4.850000000000005,BEAR,61.91417832075448,PFC.BO
CURRENT,PFC,BSE,2026-08-10,2026-08-11,2026-08-20,SHORT,386.0,395.65,366.7,366.7,TARGET,8,5.000000000000003,4.850000000000002,BULL,29.752343006922132,PFC.BO
LONG_RSI_ZONE,PFC,BSE,2024-12-23,2024-12-24,2025-01-03,SHORT,457.3500061035156,468.78375625610346,434.48250579833984,468.78375625610346,STOP_LOSS,8,-2.4999999999999876,-2.6499999999999875,NEUTRAL,34.3537020127567,PFC.BO
LONG_RSI_ZONE,PFC,BSE,2025-04-21,2025-04-22,2025-04-23,LONG,436.1000061035156,425.19750595092773,457.9050064086914,425.19750595092773,STOP_LOSS,2,-2.5,-2.65,NEUTRAL,62.22846100016314,PFC.BO
LONG_RSI_ZONE,PFC,BSE,2025-06-09,2025-06-10,2025-06-12,LONG,435.0,424.125,456.75,424.125,STOP_LOSS,3,-2.5,-2.65,NEUTRAL,62.17277777639705,PFC.BO
LONG_RSI_ZONE,PFC,BSE,2025-06-19,2025-06-20,2025-06-20,SHORT,398.9500122070313,408.9237625122071,379.0025115966797,408.9237625122071,STOP_LOSS,1,-2.4999999999999964,-2.6499999999999964,NEUTRAL,36.97426079582513,PFC.BO
LONG_RSI_ZONE,PFC,BSE,2025-06-30,2025-07-01,2025-07-02,LONG,428.6499938964844,417.93374404907223,450.0824935913086,417.93374404907223,STOP_LOSS,2,-2.500000000000008,-2.650000000000008,BULL,60.0495007826535,PFC.BO
LONG_RSI_ZONE,PFC,BSE,2025-08-21,2025-08-22,2025-08-29,SHORT,400.7000122070313,410.71751251220707,380.66501159667973,380.66501159667973,TARGET,5,5.000000000000003,4.850000000000002,NEUTRAL,39.92555375968667,PFC.BO
LONG_RSI_ZONE,PFC,BSE,2025-11-06,2025-11-07,2025-11-07,SHORT,384.5499877929688,394.163737487793,365.32248840332034,394.163737487793,STOP_LOSS,1,-2.4999999999999964,-2.6499999999999964,BULL,37.43777701410352,PFC.BO
LONG_RSI_ZONE,PFC,BSE,2026-01-28,2026-01-29,2026-02-02,LONG,383.7000122070313,374.1075119018555,402.8850128173829,374.1075119018555,STOP_LOSS,3,-2.5000000000000058,-2.6500000000000057,NEUTRAL,61.68948822832831,PFC.BO
LONG_RSI_ZONE,PFC,BSE,2026-04-10,2026-04-13,2026-04-15,LONG,424.5,413.8875,445.725,445.725,TARGET,2,5.000000000000005,4.850000000000005,BEAR,61.91417832075448,PFC.BO
LONG_RSI_ZONE,PFC,BSE,2026-08-10,2026-08-11,2026-08-20,SHORT,386.0,395.65,366.7,366.7,TARGET,8,5.000000000000003,4.850000000000002,BULL,29.752343006922132,PFC.BO
SHORT_RSI_ZONE,PFC,BSE,2024-12-23,2024-12-24,2025-01-03,SHORT,457.3500061035156,468.78375625610346,434.48250579833984,468.78375625610346,STOP_LOSS,8,-2.4999999999999876,-2.6499999999999875,NEUTRAL,34.3537020127567,PFC.BO
SHORT_RSI_ZONE,PFC,BSE,2025-04-21,2025-04-22,2025-04-23,LONG,436.1000061035156,425.19750595092773,457.9050064086914,425.19750595092773,STOP_LOSS,2,-2.5,-2.65,NEUTRAL,62.22846100016314,PFC.BO
SHORT_RSI_ZONE,PFC,BSE,2025-06-09,2025-06-10,2025-06-12,LONG,435.0,424.125,456.75,424.125,STOP_LOSS,3,-2.5,-2.65,NEUTRAL,62.17277777639705,PFC.BO
SHORT_RSI_ZONE,PFC,BSE,2025-06-19,2025-06-20,2025-06-20,SHORT,398.9500122070313,408.9237625122071,379.0025115966797,408.9237625122071,STOP_LOSS,1,-2.4999999999999964,-2.6499999999999964,NEUTRAL,36.97426079582513,PFC.BO
SHORT_RSI_ZONE,PFC,BSE,2025-06-30,2025-07-01,2025-07-02,LONG,428.6499938964844,417.93374404907223,450.0824935913086,417.93374404907223,STOP_LOSS,2,-2.500000000000008,-2.650000000000008,BULL,60.0495007826535,PFC.BO
SHORT_RSI_ZONE,PFC,BSE,2025-08-21,2025-08-22,2025-08-29,SHORT,400.7000122070313,410.71751251220707,380.66501159667973,380.66501159667973,TARGET,5,5.000000000000003,4.850000000000002,NEUTRAL,39.92555375968667,PFC.BO
SHORT_RSI_ZONE,PFC,BSE,2025-11-06,2025-11-07,2025-11-07,SHORT,384.5499877929688,394.163737487793,365.32248840332034,394.163737487793,STOP_LOSS,1,-2.4999999999999964,-2.6499999999999964,BULL,37.43777701410352,PFC.BO
SHORT_RSI_ZONE,PFC,BSE,2026-01-28,2026-01-29,2026-02-02,LONG,383.7000122070313,374.1075119018555,402.8850128173829,374.1075119018555,STOP_LOSS,3,-2.5000000000000058,-2.6500000000000057,NEUTRAL,61.68948822832831,PFC.BO
SHORT_RSI_ZONE,PFC,BSE,2026-04-10,2026-04-13,2026-04-15,LONG,424.5,413.8875,445.725,445.725,TARGET,2,5.000000000000005,4.850000000000005,BEAR,61.91417832075448,PFC.BO
BOTH_RSI_ZONE,PFC,BSE,2024-12-23,2024-12-24,2025-01-03,SHORT,457.3500061035156,468.78375625610346,434.48250579833984,468.78375625610346,STOP_LOSS,8,-2.4999999999999876,-2.6499999999999875,NEUTRAL,34.3537020127567,PFC.BO
BOTH_RSI_ZONE,PFC,BSE,2025-04-21,2025-04-22,2025-04-23,LONG,436.1000061035156,425.19750595092773,457.9050064086914,425.19750595092773,STOP_LOSS,2,-2.5,-2.65,NEUTRAL,62.22846100016314,PFC.BO
BOTH_RSI_ZONE,PFC,BSE,2025-06-09,2025-06-10,2025-06-12,LONG,435.0,424.125,456.75,424.125,STOP_LOSS,3,-2.5,-2.65,NEUTRAL,62.17277777639705,PFC.BO
BOTH_RSI_ZONE,PFC,BSE,2025-06-19,2025-06-20,2025-06-20,SHORT,398.9500122070313,408.9237625122071,379.0025115966797,408.9237625122071,STOP_LOSS,1,-2.4999999999999964,-2.6499999999999964,NEUTRAL,36.97426079582513,PFC.BO
BOTH_RSI_ZONE,PFC,BSE,2025-06-30,2025-07-01,2025-07-02,LONG,428.6499938964844,417.93374404907223,450.0824935913086,417.93374404907223,STOP_LOSS,2,-2.500000000000008,-2.650000000000008,BULL,60.0495007826535,PFC.BO
BOTH_RSI_ZONE,PFC,BSE,2025-08-21,2025-08-22,2025-08-29,SHORT,400.7000122070313,410.71751251220707,380.66501159667973,380.66501159667973,TARGET,5,5.000000000000003,4.850000000000002,NEUTRAL,39.92555375968667,PFC.BO
BOTH_RSI_ZONE,PFC,BSE,2025-11-06,2025-11-07,2025-11-07,SHORT,384.5499877929688,394.163737487793,365.32248840332034,394.163737487793,STOP_LOSS,1,-2.4999999999999964,-2.6499999999999964,BULL,37.43777701410352,PFC.BO
BOTH_RSI_ZONE,PFC,BSE,2026-01-28,2026-01-29,2026-02-02,LONG,383.7000122070313,374.1075119018555,402.8850128173829,374.1075119018555,STOP_LOSS,3,-2.5000000000000058,-2.6500000000000057,NEUTRAL,61.68948822832831,PFC.BO
BOTH_RSI_ZONE,PFC,BSE,2026-04-10,2026-04-13,2026-04-15,LONG,424.5,413.8875,445.725,445.725,TARGET,2,5.000000000000005,4.850000000000005,BEAR,61.91417832075448,PFC.BO
LONG_RSI_ZONE_NO_NEUTRAL,PFC,BSE,2025-06-30,2025-07-01,2025-07-02,LONG,428.6499938964844,417.93374404907223,450.0824935913086,417.93374404907223,STOP_LOSS,2,-2.500000000000008,-2.650000000000008,BULL,60.0495007826535,PFC.BO
LONG_RSI_ZONE_NO_NEUTRAL,PFC,BSE,2025-11-06,2025-11-07,2025-11-07,SHORT,384.5499877929688,394.163737487793,365.32248840332034,394.163737487793,STOP_LOSS,1,-2.4999999999999964,-2.6499999999999964,BULL,37.43777701410352,PFC.BO
LONG_RSI_ZONE_NO_NEUTRAL,PFC,BSE,2026-02-02,2026-02-03,2026-02-03,LONG,404.0,393.9,424.20000000000005,393.9,STOP_LOSS,1,-2.5000000000000058,-2.6500000000000057,BEAR,60.978599907682586,PFC.BO
LONG_RSI_ZONE_NO_NEUTRAL,PFC,BSE,2026-04-10,2026-04-13,2026-04-15,LONG,424.5,413.8875,445.725,445.725,TARGET,2,5.000000000000005,4.850000000000005,BEAR,61.91417832075448,PFC.BO
LONG_RSI_ZONE_NO_NEUTRAL,PFC,BSE,2026-08-10,2026-08-11,2026-08-20,SHORT,386.0,395.65,366.7,366.7,TARGET,8,5.000000000000003,4.850000000000002,BULL,29.752343006922132,PFC.BO
LONG_RSI_ZONE_BEAR_ONLY,PFC,BSE,2026-02-02,2026-02-03,2026-02-03,LONG,404.0,393.9,424.20000000000005,393.9,STOP_LOSS,1,-2.5000000000000058,-2.6500000000000057,BEAR,60.978599907682586,PFC.BO
LONG_RSI_ZONE_BEAR_ONLY,PFC,BSE,2026-04-10,2026-04-13,2026-04-15,LONG,424.5,413.8875,445.725,445.725,TARGET,2,5.000000000000005,4.850000000000005,BEAR,61.91417832075448,PFC.BO
CURRENT,SWIGGY,BSE,2025-10-16,2025-10-17,2025-10-17,LONG,449.2999877929688,438.06748809814457,471.7649871826173,438.06748809814457,STOP_LOSS,1,-2.5000000000000044,-2.6500000000000044,BULL,62.04939894817539,SWIGGY.BO
CURRENT,SWIGGY,BSE,2026-07-29,2026-07-30,2026-08-03,LONG,287.04998779296875,279.87373809814454,301.4024871826172,279.87373809814454,STOP_LOSS,3,-2.499999999999996,-2.649999999999996,NEUTRAL,63.243151299659914,SWIGGY.BO
LONG_RSI_ZONE,SWIGGY,BSE,2025-10-16,2025-10-17,2025-10-17,LONG,449.2999877929688,438.06748809814457,471.7649871826173,438.06748809814457,STOP_LOSS,1,-2.5000000000000044,-2.6500000000000044,BULL,62.04939894817539,SWIGGY.BO
LONG_RSI_ZONE,SWIGGY,BSE,2026-07-29,2026-07-30,2026-08-03,LONG,287.04998779296875,279.87373809814454,301.4024871826172,279.87373809814454,STOP_LOSS,3,-2.499999999999996,-2.649999999999996,NEUTRAL,63.243151299659914,SWIGGY.BO
SHORT_RSI_ZONE,SWIGGY,BSE,2025-10-16,2025-10-17,2025-10-17,LONG,449.2999877929688,438.06748809814457,471.7649871826173,438.06748809814457,STOP_LOSS,1,-2.5000000000000044,-2.6500000000000044,BULL,62.04939894817539,SWIGGY.BO
SHORT_RSI_ZONE,SWIGGY,BSE,2026-07-29,2026-07-30,2026-08-03,LONG,287.04998779296875,279.87373809814454,301.4024871826172,279.87373809814454,STOP_LOSS,3,-2.499999999999996,-2.649999999999996,NEUTRAL,63.243151299659914,SWIGGY.BO
BOTH_RSI_ZONE,SWIGGY,BSE,2025-10-16,2025-10-17,2025-10-17,LONG,449.2999877929688,438.06748809814457,471.7649871826173,438.06748809814457,STOP_LOSS,1,-2.5000000000000044,-2.6500000000000044,BULL,62.04939894817539,SWIGGY.BO
BOTH_RSI_ZONE,SWIGGY,BSE,2026-07-29,2026-07-30,2026-08-03,LONG,287.04998779296875,279.87373809814454,301.4024871826172,279.87373809814454,STOP_LOSS,3,-2.499999999999996,-2.649999999999996,NEUTRAL,63.243151299659914,SWIGGY.BO
LONG_RSI_ZONE_NO_NEUTRAL,SWIGGY,BSE,2025-10-16,2025-10-17,2025-10-17,LONG,449.2999877929688,438.06748809814457,471.7649871826173,438.06748809814457,STOP_LOSS,1,-2.5000000000000044,-2.6500000000000044,BULL,62.04939894817539,SWIGGY.BO
LONG_RSI_ZONE_NO_NEUTRAL,SWIGGY,BSE,2026-08-03,2026-08-04,2026-08-06,LONG,287.29998779296875,280.1174880981445,301.6649871826172,301.6649871826172,TARGET,3,5.000000000000008,4.850000000000008,BULL,60.43130894268119,SWIGGY.BO
CURRENT,GMRAIRPORT,BSE,2024-12-20,2024-12-23,2025-01-07,SHORT,78.83999633789062,80.81099624633788,74.89799652099609,76.66000366210938,TIME_EXIT,11,2.7650846994440337,2.6150846994440338,NEUTRAL,36.34406894308334,GMRAIRPORT.BO
CURRENT,GMRAIRPORT,BSE,2025-07-02,2025-07-03,2025-07-17,LONG,90.19000244140624,87.93525238037108,94.69950256347656,94.69950256347656,TARGET,11,5.00000000000001,4.850000000000009,BULL,63.34881056919642,GMRAIRPORT.BO
CURRENT,GMRAIRPORT,BSE,2025-09-17,2025-09-18,2025-09-22,LONG,91.86000061035156,89.56350059509278,96.45300064086915,89.56350059509278,STOP_LOSS,3,-2.499999999999997,-2.649999999999997,BULL,62.871779211672134,GMRAIRPORT.BO
CURRENT,GMRAIRPORT,BSE,2026-01-13,2026-01-14,2026-01-16,SHORT,99.0500030517578,101.52625312805174,94.09750289916991,101.52625312805174,STOP_LOSS,2,-2.499999999999992,-2.649999999999992,BULL,39.90978845910934,GMRAIRPORT.BO
CURRENT,GMRAIRPORT,BSE,2026-03-09,2026-03-10,2026-03-10,SHORT,93.0500030517578,95.37625312805173,88.39750289916991,95.37625312805173,STOP_LOSS,1,-2.4999999999999853,-2.6499999999999853,BEAR,36.61713421555376,GMRAIRPORT.BO
CURRENT,GMRAIRPORT,BSE,2026-05-29,2026-06-01,2026-06-01,LONG,100.8000030517578,98.28000297546384,105.84000320434569,98.28000297546384,STOP_LOSS,1,-2.500000000000009,-2.650000000000009,BEAR,60.15695210969409,GMRAIRPORT.BO
LONG_RSI_ZONE,GMRAIRPORT,BSE,2024-12-20,2024-12-23,2025-01-07,SHORT,78.83999633789062,80.81099624633788,74.89799652099609,76.66000366210938,TIME_EXIT,11,2.7650846994440337,2.6150846994440338,NEUTRAL,36.34406894308334,GMRAIRPORT.BO
LONG_RSI_ZONE,GMRAIRPORT,BSE,2025-07-02,2025-07-03,2025-07-17,LONG,90.19000244140624,87.93525238037108,94.69950256347656,94.69950256347656,TARGET,11,5.00000000000001,4.850000000000009,BULL,63.34881056919642,GMRAIRPORT.BO
LONG_RSI_ZONE,GMRAIRPORT,BSE,2025-09-17,2025-09-18,2025-09-22,LONG,91.86000061035156,89.56350059509278,96.45300064086915,89.56350059509278,STOP_LOSS,3,-2.499999999999997,-2.649999999999997,BULL,62.871779211672134,GMRAIRPORT.BO
LONG_RSI_ZONE,GMRAIRPORT,BSE,2026-01-13,2026-01-14,2026-01-16,SHORT,99.0500030517578,101.52625312805174,94.09750289916991,101.52625312805174,STOP_LOSS,2,-2.499999999999992,-2.649999999999992,BULL,39.90978845910934,GMRAIRPORT.BO
LONG_RSI_ZONE,GMRAIRPORT,BSE,2026-03-09,2026-03-10,2026-03-10,SHORT,93.0500030517578,95.37625312805173,88.39750289916991,95.37625312805173,STOP_LOSS,1,-2.4999999999999853,-2.6499999999999853,BEAR,36.61713421555376,GMRAIRPORT.BO
LONG_RSI_ZONE,GMRAIRPORT,BSE,2026-05-29,2026-06-01,2026-06-01,LONG,100.8000030517578,98.28000297546384,105.84000320434569,98.28000297546384,STOP_LOSS,1,-2.500000000000009,-2.650000000000009,BEAR,60.15695210969409,GMRAIRPORT.BO
SHORT_RSI_ZONE,GMRAIRPORT,BSE,2024-12-20,2024-12-23,2025-01-07,SHORT,78.83999633789062,80.81099624633788,74.89799652099609,76.66000366210938,TIME_EXIT,11,2.7650846994440337,2.6150846994440338,NEUTRAL,36.34406894308334,GMRAIRPORT.BO
SHORT_RSI_ZONE,GMRAIRPORT,BSE,2025-07-02,2025-07-03,2025-07-17,LONG,90.19000244140624,87.93525238037108,94.69950256347656,94.69950256347656,TARGET,11,5.00000000000001,4.850000000000009,BULL,63.34881056919642,GMRAIRPORT.BO
SHORT_RSI_ZONE,GMRAIRPORT,BSE,2025-09-17,2025-09-18,2025-09-22,LONG,91.86000061035156,89.56350059509278,96.45300064086915,89.56350059509278,STOP_LOSS,3,-2.499999999999997,-2.649999999999997,BULL,62.871779211672134,GMRAIRPORT.BO
SHORT_RSI_ZONE,GMRAIRPORT,BSE,2026-01-13,2026-01-14,2026-01-16,SHORT,99.0500030517578,101.52625312805174,94.09750289916991,101.52625312805174,STOP_LOSS,2,-2.499999999999992,-2.649999999999992,BULL,39.90978845910934,GMRAIRPORT.BO
SHORT_RSI_ZONE,GMRAIRPORT,BSE,2026-03-09,2026-03-10,2026-03-10,SHORT,93.0500030517578,95.37625312805173,88.39750289916991,95.37625312805173,STOP_LOSS,1,-2.4999999999999853,-2.6499999999999853,BEAR,36.61713421555376,GMRAIRPORT.BO
SHORT_RSI_ZONE,GMRAIRPORT,BSE,2026-05-29,2026-06-01,2026-06-01,LONG,100.8000030517578,98.28000297546384,105.84000320434569,98.28000297546384,STOP_LOSS,1,-2.500000000000009,-2.650000000000009,BEAR,60.15695210969409,GMRAIRPORT.BO
BOTH_RSI_ZONE,GMRAIRPORT,BSE,2024-12-20,2024-12-23,2025-01-07,SHORT,78.83999633789062,80.81099624633788,74.89799652099609,76.66000366210938,TIME_EXIT,11,2.7650846994440337,2.6150846994440338,NEUTRAL,36.34406894308334,GMRAIRPORT.BO
BOTH_RSI_ZONE,GMRAIRPORT,BSE,2025-07-02,2025-07-03,2025-07-17,LONG,90.19000244140624,87.93525238037108,94.69950256347656,94.69950256347656,TARGET,11,5.00000000000001,4.850000000000009,BULL,63.34881056919642,GMRAIRPORT.BO
BOTH_RSI_ZONE,GMRAIRPORT,BSE,2025-09-17,2025-09-18,2025-09-22,LONG,91.86000061035156,89.56350059509278,96.45300064086915,89.56350059509278,STOP_LOSS,3,-2.499999999999997,-2.649999999999997,BULL,62.871779211672134,GMRAIRPORT.BO
BOTH_RSI_ZONE,GMRAIRPORT,BSE,2026-01-13,2026-01-14,2026-01-16,SHORT,99.0500030517578,101.52625312805174,94.09750289916991,101.52625312805174,STOP_LOSS,2,-2.499999999999992,-2.649999999999992,BULL,39.90978845910934,GMRAIRPORT.BO
BOTH_RSI_ZONE,GMRAIRPORT,BSE,2026-03-09,2026-03-10,2026-03-10,SHORT,93.0500030517578,95.37625312805173,88.39750289916991,95.37625312805173,STOP_LOSS,1,-2.4999999999999853,-2.6499999999999853,BEAR,36.61713421555376,GMRAIRPORT.BO
BOTH_RSI_ZONE,GMRAIRPORT,BSE,2026-05-29,2026-06-01,2026-06-01,LONG,100.8000030517578,98.28000297546384,105.84000320434569,98.28000297546384,STOP_LOSS,1,-2.500000000000009,-2.650000000000009,BEAR,60.15695210969409,GMRAIRPORT.BO
LONG_RSI_ZONE_NO_NEUTRAL,GMRAIRPORT,BSE,2025-07-02,2025-07-03,2025-07-17,LONG,90.19000244140624,87.93525238037108,94.69950256347656,94.69950256347656,TARGET,11,5.00000000000001,4.850000000000009,BULL,63.34881056919642,GMRAIRPORT.BO
LONG_RSI_ZONE_NO_NEUTRAL,GMRAIRPORT,BSE,2025-09-17,2025-09-18,2025-09-22,LONG,91.86000061035156,89.56350059509278,96.45300064086915,89.56350059509278,STOP_LOSS,3,-2.499999999999997,-2.649999999999997,BULL,62.871779211672134,GMRAIRPORT.BO
LONG_RSI_ZONE_NO_NEUTRAL,GMRAIRPORT,BSE,2026-01-13,2026-01-14,2026-01-16,SHORT,99.0500030517578,101.52625312805174,94.09750289916991,101.52625312805174,STOP_LOSS,2,-2.499999999999992,-2.649999999999992,BULL,39.90978845910934,GMRAIRPORT.BO
LONG_RSI_ZONE_NO_NEUTRAL,GMRAIRPORT,BSE,2026-03-09,2026-03-10,2026-03-10,SHORT,93.0500030517578,95.37625312805173,88.39750289916991,95.37625312805173,STOP_LOSS,1,-2.4999999999999853,-2.6499999999999853,BEAR,36.61713421555376,GMRAIRPORT.BO
LONG_RSI_ZONE_NO_NEUTRAL,GMRAIRPORT,BSE,2026-05-29,2026-06-01,2026-06-01,LONG,100.8000030517578,98.28000297546384,105.84000320434569,98.28000297546384,STOP_LOSS,1,-2.500000000000009,-2.650000000000009,BEAR,60.15695210969409,GMRAIRPORT.BO
LONG_RSI_ZONE_BEAR_ONLY,GMRAIRPORT,BSE,2026-03-09,2026-03-10,2026-03-10,SHORT,93.0500030517578,95.37625312805173,88.39750289916991,95.37625312805173,STOP_LOSS,1,-2.4999999999999853,-2.6499999999999853,BEAR,36.61713421555376,GMRAIRPORT.BO
LONG_RSI_ZONE_BEAR_ONLY,GMRAIRPORT,BSE,2026-05-29,2026-06-01,2026-06-01,LONG,100.8000030517578,98.28000297546384,105.84000320434569,98.28000297546384,STOP_LOSS,1,-2.500000000000009,-2.650000000000009,BEAR,60.15695210969409,GMRAIRPORT.BO
CURRENT,AYE,BSE,2026-08-27,2026-08-28,2026-08-28,LONG,182.14999389648438,177.59624404907225,191.2574935913086,191.2574935913086,TARGET,1,4.9999999999999964,4.849999999999996,NEUTRAL,61.209371265915706,AYE.BO
LONG_RSI_ZONE,AYE,BSE,2026-08-27,2026-08-28,2026-08-28,LONG,182.14999389648438,177.59624404907225,191.2574935913086,191.2574935913086,TARGET,1,4.9999999999999964,4.849999999999996,NEUTRAL,61.209371265915706,AYE.BO
SHORT_RSI_ZONE,AYE,BSE,2026-08-27,2026-08-28,2026-08-28,LONG,182.14999389648438,177.59624404907225,191.2574935913086,191.2574935913086,TARGET,1,4.9999999999999964,4.849999999999996,NEUTRAL,61.209371265915706,AYE.BO
BOTH_RSI_ZONE,AYE,BSE,2026-08-27,2026-08-28,2026-08-28,LONG,182.14999389648438,177.59624404907225,191.2574935913086,191.2574935913086,TARGET,1,4.9999999999999964,4.849999999999996,NEUTRAL,61.209371265915706,AYE.BO
CURRENT,UJJIVANSFB,BSE,2024-12-23,2024-12-24,2024-12-27,SHORT,33.56999969482422,34.40924968719482,31.891499710083007,34.40924968719482,STOP_LOSS,3,-2.4999999999999956,-2.6499999999999955,NEUTRAL,35.22330829759257,UJJIVANSFB.BO
CURRENT,UJJIVANSFB,BSE,2025-02-03,2025-02-04,2025-02-04,LONG,37.5,36.5625,39.375,36.5625,STOP_LOSS,1,-2.5,-2.65,NEUTRAL,65.73977988244312,UJJIVANSFB.BO
CURRENT,UJJIVANSFB,BSE,2025-02-17,2025-02-18,2025-02-21,SHORT,32.09000015258789,32.89225015640258,30.485500144958493,32.89225015640258,STOP_LOSS,4,-2.4999999999999822,-2.649999999999982,NEUTRAL,38.09530296222812,UJJIVANSFB.BO
CURRENT,UJJIVANSFB,BSE,2025-10-01,2025-10-03,2025-10-17,LONG,48.06999969482422,46.86824970245361,50.473499679565435,48.75,TIME_EXIT,11,1.4146043467709821,1.2646043467709822,BULL,64.54474276187696,UJJIVANSFB.BO
CURRENT,UJJIVANSFB,BSE,2026-01-02,2026-01-05,2026-01-08,LONG,56.65999984741211,55.24349985122681,59.49299983978272,59.49299983978272,TARGET,4,5.000000000000007,4.850000000000007,BULL,62.52813932318099,UJJIVANSFB.BO
CURRENT,UJJIVANSFB,BSE,2026-05-04,2026-05-05,2026-05-08,LONG,61.41999816894531,59.88449821472168,64.49099807739258,64.49099807739258,TARGET,4,4.999999999999996,4.849999999999995,BEAR,61.74676510304367,UJJIVANSFB.BO
CURRENT,UJJIVANSFB,BSE,2026-05-18,2026-05-19,2026-05-26,SHORT,54.290000915527344,55.647250938415525,51.575500869750975,55.647250938415525,STOP_LOSS,6,-2.499999999999995,-2.649999999999995,BEAR,37.79437138200829,UJJIVANSFB.BO
LONG_RSI_ZONE,UJJIVANSFB,BSE,2024-12-23,2024-12-24,2024-12-27,SHORT,33.56999969482422,34.40924968719482,31.891499710083007,34.40924968719482,STOP_LOSS,3,-2.4999999999999956,-2.6499999999999955,NEUTRAL,35.22330829759257,UJJIVANSFB.BO
LONG_RSI_ZONE,UJJIVANSFB,BSE,2025-02-04,2025-02-05,2025-02-07,LONG,37.369998931884766,36.435748958587645,39.23849887847901,39.23849887847901,TARGET,3,5.000000000000008,4.850000000000008,NEUTRAL,64.90048880529113,UJJIVANSFB.BO
LONG_RSI_ZONE,UJJIVANSFB,BSE,2025-02-17,2025-02-18,2025-02-21,SHORT,32.09000015258789,32.89225015640258,30.485500144958493,32.89225015640258,STOP_LOSS,4,-2.4999999999999822,-2.649999999999982,NEUTRAL,38.09530296222812,UJJIVANSFB.BO
LONG_RSI_ZONE,UJJIVANSFB,BSE,2025-10-01,2025-10-03,2025-10-17,LONG,48.06999969482422,46.86824970245361,50.473499679565435,48.75,TIME_EXIT,11,1.4146043467709821,1.2646043467709822,BULL,64.54474276187696,UJJIVANSFB.BO
LONG_RSI_ZONE,UJJIVANSFB,BSE,2026-01-02,2026-01-05,2026-01-08,LONG,56.65999984741211,55.24349985122681,59.49299983978272,59.49299983978272,TARGET,4,5.000000000000007,4.850000000000007,BULL,62.52813932318099,UJJIVANSFB.BO
LONG_RSI_ZONE,UJJIVANSFB,BSE,2026-05-04,2026-05-05,2026-05-08,LONG,61.41999816894531,59.88449821472168,64.49099807739258,64.49099807739258,TARGET,4,4.999999999999996,4.849999999999995,BEAR,61.74676510304367,UJJIVANSFB.BO
LONG_RSI_ZONE,UJJIVANSFB,BSE,2026-05-18,2026-05-19,2026-05-26,SHORT,54.290000915527344,55.647250938415525,51.575500869750975,55.647250938415525,STOP_LOSS,6,-2.499999999999995,-2.649999999999995,BEAR,37.79437138200829,UJJIVANSFB.BO
SHORT_RSI_ZONE,UJJIVANSFB,BSE,2024-12-23,2024-12-24,2024-12-27,SHORT,33.56999969482422,34.40924968719482,31.891499710083007,34.40924968719482,STOP_LOSS,3,-2.4999999999999956,-2.6499999999999955,NEUTRAL,35.22330829759257,UJJIVANSFB.BO
SHORT_RSI_ZONE,UJJIVANSFB,BSE,2025-02-03,2025-02-04,2025-02-04,LONG,37.5,36.5625,39.375,36.5625,STOP_LOSS,1,-2.5,-2.65,NEUTRAL,65.73977988244312,UJJIVANSFB.BO
SHORT_RSI_ZONE,UJJIVANSFB,BSE,2025-02-17,2025-02-18,2025-02-21,SHORT,32.09000015258789,32.89225015640258,30.485500144958493,32.89225015640258,STOP_LOSS,4,-2.4999999999999822,-2.649999999999982,NEUTRAL,38.09530296222812,UJJIVANSFB.BO
SHORT_RSI_ZONE,UJJIVANSFB,BSE,2025-10-01,2025-10-03,2025-10-17,LONG,48.06999969482422,46.86824970245361,50.473499679565435,48.75,TIME_EXIT,11,1.4146043467709821,1.2646043467709822,BULL,64.54474276187696,UJJIVANSFB.BO
SHORT_RSI_ZONE,UJJIVANSFB,BSE,2026-01-02,2026-01-05,2026-01-08,LONG,56.65999984741211,55.24349985122681,59.49299983978272,59.49299983978272,TARGET,4,5.000000000000007,4.850000000000007,BULL,62.52813932318099,UJJIVANSFB.BO
SHORT_RSI_ZONE,UJJIVANSFB,BSE,2026-05-04,2026-05-05,2026-05-08,LONG,61.41999816894531,59.88449821472168,64.49099807739258,64.49099807739258,TARGET,4,4.999999999999996,4.849999999999995,BEAR,61.74676510304367,UJJIVANSFB.BO
SHORT_RSI_ZONE,UJJIVANSFB,BSE,2026-05-18,2026-05-19,2026-05-26,SHORT,54.290000915527344,55.647250938415525,51.575500869750975,55.647250938415525,STOP_LOSS,6,-2.499999999999995,-2.649999999999995,BEAR,37.79437138200829,UJJIVANSFB.BO
BOTH_RSI_ZONE,UJJIVANSFB,BSE,2024-12-23,2024-12-24,2024-12-27,SHORT,33.56999969482422,34.40924968719482,31.891499710083007,34.40924968719482,STOP_LOSS,3,-2.4999999999999956,-2.6499999999999955,NEUTRAL,35.22330829759257,UJJIVANSFB.BO
BOTH_RSI_ZONE,UJJIVANSFB,BSE,2025-02-04,2025-02-05,2025-02-07,LONG,37.369998931884766,36.435748958587645,39.23849887847901,39.23849887847901,TARGET,3,5.000000000000008,4.850000000000008,NEUTRAL,64.90048880529113,UJJIVANSFB.BO
BOTH_RSI_ZONE,UJJIVANSFB,BSE,2025-02-17,2025-02-18,2025-02-21,SHORT,32.09000015258789,32.89225015640258,30.485500144958493,32.89225015640258,STOP_LOSS,4,-2.4999999999999822,-2.649999999999982,NEUTRAL,38.09530296222812,UJJIVANSFB.BO
BOTH_RSI_ZONE,UJJIVANSFB,BSE,2025-10-01,2025-10-03,2025-10-17,LONG,48.06999969482422,46.86824970245361,50.473499679565435,48.75,TIME_EXIT,11,1.4146043467709821,1.2646043467709822,BULL,64.54474276187696,UJJIVANSFB.BO
BOTH_RSI_ZONE,UJJIVANSFB,BSE,2026-01-02,2026-01-05,2026-01-08,LONG,56.65999984741211,55.24349985122681,59.49299983978272,59.49299983978272,TARGET,4,5.000000000000007,4.850000000000007,BULL,62.52813932318099,UJJIVANSFB.BO
BOTH_RSI_ZONE,UJJIVANSFB,BSE,2026-05-04,2026-05-05,2026-05-08,LONG,61.41999816894531,59.88449821472168,64.49099807739258,64.49099807739258,TARGET,4,4.999999999999996,4.849999999999995,BEAR,61.74676510304367,UJJIVANSFB.BO
BOTH_RSI_ZONE,UJJIVANSFB,BSE,2026-05-18,2026-05-19,2026-05-26,SHORT,54.290000915527344,55.647250938415525,51.575500869750975,55.647250938415525,STOP_LOSS,6,-2.499999999999995,-2.649999999999995,BEAR,37.79437138200829,UJJIVANSFB.BO
LONG_RSI_ZONE_NO_NEUTRAL,UJJIVANSFB,BSE,2025-10-01,2025-10-03,2025-10-17,LONG,48.06999969482422,46.86824970245361,50.473499679565435,48.75,TIME_EXIT,11,1.4146043467709821,1.2646043467709822,BULL,64.54474276187696,UJJIVANSFB.BO
LONG_RSI_ZONE_NO_NEUTRAL,UJJIVANSFB,BSE,2026-01-02,2026-01-05,2026-01-08,LONG,56.65999984741211,55.24349985122681,59.49299983978272,59.49299983978272,TARGET,4,5.000000000000007,4.850000000000007,BULL,62.52813932318099,UJJIVANSFB.BO
LONG_RSI_ZONE_NO_NEUTRAL,UJJIVANSFB,BSE,2026-05-04,2026-05-05,2026-05-08,LONG,61.41999816894531,59.88449821472168,64.49099807739258,64.49099807739258,TARGET,4,4.999999999999996,4.849999999999995,BEAR,61.74676510304367,UJJIVANSFB.BO
LONG_RSI_ZONE_NO_NEUTRAL,UJJIVANSFB,BSE,2026-05-18,2026-05-19,2026-05-26,SHORT,54.290000915527344,55.647250938415525,51.575500869750975,55.647250938415525,STOP_LOSS,6,-2.499999999999995,-2.649999999999995,BEAR,37.79437138200829,UJJIVANSFB.BO
LONG_RSI_ZONE_BEAR_ONLY,UJJIVANSFB,BSE,2026-05-04,2026-05-05,2026-05-08,LONG,61.41999816894531,59.88449821472168,64.49099807739258,64.49099807739258,TARGET,4,4.999999999999996,4.849999999999995,BEAR,61.74676510304367,UJJIVANSFB.BO
LONG_RSI_ZONE_BEAR_ONLY,UJJIVANSFB,BSE,2026-05-18,2026-05-19,2026-05-26,SHORT,54.290000915527344,55.647250938415525,51.575500869750975,55.647250938415525,STOP_LOSS,6,-2.499999999999995,-2.649999999999995,BEAR,37.79437138200829,UJJIVANSFB.BO
CURRENT,IDFCFIRSTB,BSE,2025-01-10,2025-01-13,2025-01-14,SHORT,60.11000061035156,61.612750625610346,57.10450057983398,61.612750625610346,STOP_LOSS,2,-2.4999999999999902,-2.64999999999999,NEUTRAL,35.55312419418763,IDFCFIRSTB.BO
CURRENT,IDFCFIRSTB,BSE,2025-09-26,2025-09-29,2025-10-06,SHORT,68.91000366210938,70.6327537536621,65.46450347900391,70.6327537536621,STOP_LOSS,5,-2.4999999999999876,-2.6499999999999875,BULL,35.54806037884951,IDFCFIRSTB.BO
CURRENT,IDFCFIRSTB,BSE,2025-10-09,2025-10-10,2025-10-23,LONG,73.44999694824219,71.61374702453612,77.1224967956543,77.1224967956543,TARGET,9,5.0000000000000036,4.850000000000003,BULL,64.03021880397827,IDFCFIRSTB.BO
CURRENT,IDFCFIRSTB,BSE,2026-05-27,2026-05-28,2026-06-02,LONG,71.33999633789062,69.55649642944336,74.90699615478516,69.55649642944336,STOP_LOSS,4,-2.500000000000004,-2.650000000000004,BEAR,62.50612363377795,IDFCFIRSTB.BO
LONG_RSI_ZONE,IDFCFIRSTB,BSE,2025-01-10,2025-01-13,2025-01-14,SHORT,60.11000061035156,61.612750625610346,57.10450057983398,61.612750625610346,STOP_LOSS,2,-2.4999999999999902,-2.64999999999999,NEUTRAL,35.55312419418763,IDFCFIRSTB.BO
LONG_RSI_ZONE,IDFCFIRSTB,BSE,2025-09-26,2025-09-29,2025-10-06,SHORT,68.91000366210938,70.6327537536621,65.46450347900391,70.6327537536621,STOP_LOSS,5,-2.4999999999999876,-2.6499999999999875,BULL,35.54806037884951,IDFCFIRSTB.BO
LONG_RSI_ZONE,IDFCFIRSTB,BSE,2025-10-09,2025-10-10,2025-10-23,LONG,73.44999694824219,71.61374702453612,77.1224967956543,77.1224967956543,TARGET,9,5.0000000000000036,4.850000000000003,BULL,64.03021880397827,IDFCFIRSTB.BO
LONG_RSI_ZONE,IDFCFIRSTB,BSE,2026-05-27,2026-05-28,2026-06-02,LONG,71.33999633789062,69.55649642944336,74.90699615478516,69.55649642944336,STOP_LOSS,4,-2.500000000000004,-2.650000000000004,BEAR,62.50612363377795,IDFCFIRSTB.BO
SHORT_RSI_ZONE,IDFCFIRSTB,BSE,2025-01-10,2025-01-13,2025-01-14,SHORT,60.11000061035156,61.612750625610346,57.10450057983398,61.612750625610346,STOP_LOSS,2,-2.4999999999999902,-2.64999999999999,NEUTRAL,35.55312419418763,IDFCFIRSTB.BO
SHORT_RSI_ZONE,IDFCFIRSTB,BSE,2025-09-26,2025-09-29,2025-10-06,SHORT,68.91000366210938,70.6327537536621,65.46450347900391,70.6327537536621,STOP_LOSS,5,-2.4999999999999876,-2.6499999999999875,BULL,35.54806037884951,IDFCFIRSTB.BO
SHORT_RSI_ZONE,IDFCFIRSTB,BSE,2025-10-09,2025-10-10,2025-10-23,LONG,73.44999694824219,71.61374702453612,77.1224967956543,77.1224967956543,TARGET,9,5.0000000000000036,4.850000000000003,BULL,64.03021880397827,IDFCFIRSTB.BO
SHORT_RSI_ZONE,IDFCFIRSTB,BSE,2026-05-27,2026-05-28,2026-06-02,LONG,71.33999633789062,69.55649642944336,74.90699615478516,69.55649642944336,STOP_LOSS,4,-2.500000000000004,-2.650000000000004,BEAR,62.50612363377795,IDFCFIRSTB.BO
BOTH_RSI_ZONE,IDFCFIRSTB,BSE,2025-01-10,2025-01-13,2025-01-14,SHORT,60.11000061035156,61.612750625610346,57.10450057983398,61.612750625610346,STOP_LOSS,2,-2.4999999999999902,-2.64999999999999,NEUTRAL,35.55312419418763,IDFCFIRSTB.BO
BOTH_RSI_ZONE,IDFCFIRSTB,BSE,2025-09-26,2025-09-29,2025-10-06,SHORT,68.91000366210938,70.6327537536621,65.46450347900391,70.6327537536621,STOP_LOSS,5,-2.4999999999999876,-2.6499999999999875,BULL,35.54806037884951,IDFCFIRSTB.BO
BOTH_RSI_ZONE,IDFCFIRSTB,BSE,2025-10-09,2025-10-10,2025-10-23,LONG,73.44999694824219,71.61374702453612,77.1224967956543,77.1224967956543,TARGET,9,5.0000000000000036,4.850000000000003,BULL,64.03021880397827,IDFCFIRSTB.BO
BOTH_RSI_ZONE,IDFCFIRSTB,BSE,2026-05-27,2026-05-28,2026-06-02,LONG,71.33999633789062,69.55649642944336,74.90699615478516,69.55649642944336,STOP_LOSS,4,-2.500000000000004,-2.650000000000004,BEAR,62.50612363377795,IDFCFIRSTB.BO
LONG_RSI_ZONE_NO_NEUTRAL,IDFCFIRSTB,BSE,2025-09-26,2025-09-29,2025-10-06,SHORT,68.91000366210938,70.6327537536621,65.46450347900391,70.6327537536621,STOP_LOSS,5,-2.4999999999999876,-2.6499999999999875,BULL,35.54806037884951,IDFCFIRSTB.BO
LONG_RSI_ZONE_NO_NEUTRAL,IDFCFIRSTB,BSE,2025-10-09,2025-10-10,2025-10-23,LONG,73.44999694824219,71.61374702453612,77.1224967956543,77.1224967956543,TARGET,9,5.0000000000000036,4.850000000000003,BULL,64.03021880397827,IDFCFIRSTB.BO
LONG_RSI_ZONE_NO_NEUTRAL,IDFCFIRSTB,BSE,2026-05-27,2026-05-28,2026-06-02,LONG,71.33999633789062,69.55649642944336,74.90699615478516,69.55649642944336,STOP_LOSS,4,-2.500000000000004,-2.650000000000004,BEAR,62.50612363377795,IDFCFIRSTB.BO
LONG_RSI_ZONE_BEAR_ONLY,IDFCFIRSTB,BSE,2026-05-27,2026-05-28,2026-06-02,LONG,71.33999633789062,69.55649642944336,74.90699615478516,69.55649642944336,STOP_LOSS,4,-2.500000000000004,-2.650000000000004,BEAR,62.50612363377795,IDFCFIRSTB.BO
CURRENT,HINDCOPPER,BSE,2024-12-20,2024-12-23,2024-12-24,SHORT,272.70001220703125,279.517512512207,259.06501159667965,279.517512512207,STOP_LOSS,2,-2.499999999999996,-2.649999999999996,NEUTRAL,37.45196442972697,HINDCOPPER.BO
CURRENT,HINDCOPPER,BSE,2024-12-26,2024-12-27,2024-12-30,SHORT,265.70001220703125,272.342512512207,252.41501159667968,252.41501159667968,TARGET,2,5.000000000000004,4.850000000000004,NEUTRAL,35.80193810562817,HINDCOPPER.BO
CURRENT,HINDCOPPER,BSE,2025-04-04,2025-04-07,2025-04-07,SHORT,185.1999969482422,189.82999687194823,175.93999710083008,189.82999687194823,STOP_LOSS,1,-2.4999999999999907,-2.6499999999999906,NEUTRAL,36.255021738838444,HINDCOPPER.BO
CURRENT,HINDCOPPER,BSE,2025-12-04,2025-12-05,2025-12-09,LONG,362.8999938964844,353.82749404907224,381.0449935913086,353.82749404907224,STOP_LOSS,3,-2.500000000000006,-2.650000000000006,BULL,66.34372036966448,HINDCOPPER.BO
LONG_RSI_ZONE,HINDCOPPER,BSE,2024-12-20,2024-12-23,2024-12-24,SHORT,272.70001220703125,279.517512512207,259.06501159667965,279.517512512207,STOP_LOSS,2,-2.499999999999996,-2.649999999999996,NEUTRAL,37.45196442972697,HINDCOPPER.BO
LONG_RSI_ZONE,HINDCOPPER,BSE,2024-12-26,2024-12-27,2024-12-30,SHORT,265.70001220703125,272.342512512207,252.41501159667968,252.41501159667968,TARGET,2,5.000000000000004,4.850000000000004,NEUTRAL,35.80193810562817,HINDCOPPER.BO
LONG_RSI_ZONE,HINDCOPPER,BSE,2025-04-04,2025-04-07,2025-04-07,SHORT,185.1999969482422,189.82999687194823,175.93999710083008,189.82999687194823,STOP_LOSS,1,-2.4999999999999907,-2.6499999999999906,NEUTRAL,36.255021738838444,HINDCOPPER.BO
SHORT_RSI_ZONE,HINDCOPPER,BSE,2024-12-20,2024-12-23,2024-12-24,SHORT,272.70001220703125,279.517512512207,259.06501159667965,279.517512512207,STOP_LOSS,2,-2.499999999999996,-2.649999999999996,NEUTRAL,37.45196442972697,HINDCOPPER.BO
SHORT_RSI_ZONE,HINDCOPPER,BSE,2024-12-26,2024-12-27,2024-12-30,SHORT,265.70001220703125,272.342512512207,252.41501159667968,252.41501159667968,TARGET,2,5.000000000000004,4.850000000000004,NEUTRAL,35.80193810562817,HINDCOPPER.BO
SHORT_RSI_ZONE,HINDCOPPER,BSE,2025-04-04,2025-04-07,2025-04-07,SHORT,185.1999969482422,189.82999687194823,175.93999710083008,189.82999687194823,STOP_LOSS,1,-2.4999999999999907,-2.6499999999999906,NEUTRAL,36.255021738838444,HINDCOPPER.BO
SHORT_RSI_ZONE,HINDCOPPER,BSE,2025-04-08,2025-04-09,2025-04-09,SHORT,191.1999969482422,195.97999687194823,181.63999710083007,195.97999687194823,STOP_LOSS,1,-2.499999999999994,-2.6499999999999937,NEUTRAL,33.03944051956705,HINDCOPPER.BO
SHORT_RSI_ZONE,HINDCOPPER,BSE,2025-12-04,2025-12-05,2025-12-09,LONG,362.8999938964844,353.82749404907224,381.0449935913086,353.82749404907224,STOP_LOSS,3,-2.500000000000006,-2.650000000000006,BULL,66.34372036966448,HINDCOPPER.BO
BOTH_RSI_ZONE,HINDCOPPER,BSE,2024-12-20,2024-12-23,2024-12-24,SHORT,272.70001220703125,279.517512512207,259.06501159667965,279.517512512207,STOP_LOSS,2,-2.499999999999996,-2.649999999999996,NEUTRAL,37.45196442972697,HINDCOPPER.BO
BOTH_RSI_ZONE,HINDCOPPER,BSE,2024-12-26,2024-12-27,2024-12-30,SHORT,265.70001220703125,272.342512512207,252.41501159667968,252.41501159667968,TARGET,2,5.000000000000004,4.850000000000004,NEUTRAL,35.80193810562817,HINDCOPPER.BO
BOTH_RSI_ZONE,HINDCOPPER,BSE,2025-04-04,2025-04-07,2025-04-07,SHORT,185.1999969482422,189.82999687194823,175.93999710083008,189.82999687194823,STOP_LOSS,1,-2.4999999999999907,-2.6499999999999906,NEUTRAL,36.255021738838444,HINDCOPPER.BO
BOTH_RSI_ZONE,HINDCOPPER,BSE,2025-04-08,2025-04-09,2025-04-09,SHORT,191.1999969482422,195.97999687194823,181.63999710083007,195.97999687194823,STOP_LOSS,1,-2.499999999999994,-2.6499999999999937,NEUTRAL,33.03944051956705,HINDCOPPER.BO
CURRENT,NMDC,BSE,2024-11-06,2024-11-07,2024-11-08,LONG,80.98332977294922,78.95874652862548,85.03249626159668,78.95874652862548,STOP_LOSS,2,-2.500000000000007,-2.650000000000007,NEUTRAL,63.61389385032887,NMDC.BO
CURRENT,NMDC,BSE,2024-12-03,2024-12-04,2024-12-13,LONG,78.96666717529297,76.99250049591065,82.91500053405763,76.99250049591065,STOP_LOSS,8,-2.4999999999999964,-2.6499999999999964,NEUTRAL,60.407570494088446,NMDC.BO
CURRENT,NMDC,BSE,2024-12-19,2024-12-20,2024-12-30,SHORT,71.66666412353516,73.45833072662353,68.0833309173584,68.0833309173584,TARGET,6,5.0000000000000036,4.850000000000003,NEUTRAL,33.63806494333096,NMDC.BO
CURRENT,NMDC,BSE,2025-04-08,2025-04-09,2025-04-11,SHORT,61.5099983215332,63.04774827957153,58.43449840545654,63.04774827957153,STOP_LOSS,2,-2.4999999999999933,-2.6499999999999932,NEUTRAL,36.931547178592545,NMDC.BO
CURRENT,NMDC,BSE,2025-05-14,2025-05-15,2025-05-29,LONG,70.11000061035156,68.35725059509276,73.61550064086914,72.27999877929688,TIME_EXIT,11,3.09513357588663,2.94513357588663,NEUTRAL,60.93218554122308,NMDC.BO
CURRENT,NMDC,BSE,2025-07-21,2025-07-22,2025-08-05,LONG,72.08999633789062,70.28774642944336,75.69449615478516,71.94000244140625,TIME_EXIT,11,-0.20806478582873494,-0.3580647858287349,BULL,62.0049179497593,NMDC.BO
CURRENT,NMDC,BSE,2025-09-03,2025-09-04,2025-09-04,LONG,74.94999694824219,73.07624702453613,78.6974967956543,73.07624702453613,STOP_LOSS,1,-2.500000000000004,-2.650000000000004,NEUTRAL,63.28643685104984,NMDC.BO
CURRENT,NMDC,BSE,2025-09-05,2025-09-08,2025-09-22,LONG,75.2300033569336,73.34925327301025,78.99150352478027,76.95999908447266,TIME_EXIT,11,2.2996087336736997,2.1496087336736998,NEUTRAL,62.456420780501745,NMDC.BO
CURRENT,NMDC,BSE,2025-11-24,2025-11-25,2025-11-26,SHORT,72.5,74.3125,68.875,74.3125,STOP_LOSS,2,-2.5,-2.65,BULL,36.77648334992169,NMDC.BO
CURRENT,NMDC,BSE,2026-02-04,2026-02-05,2026-02-05,LONG,86.19999694824219,84.04499702453613,90.5099967956543,84.04499702453613,STOP_LOSS,1,-2.500000000000003,-2.650000000000003,NEUTRAL,61.14046797635658,NMDC.BO
CURRENT,NMDC,BSE,2026-04-09,2026-04-10,2026-04-17,LONG,85.08999633789062,82.96274642944336,89.34449615478516,89.34449615478516,TARGET,5,5.000000000000006,4.850000000000006,BEAR,62.39086198580863,NMDC.BO
CURRENT,NMDC,BSE,2026-08-26,2026-08-27,2026-08-27,LONG,88.41000366210938,86.19975357055664,92.83050384521485,86.19975357055664,STOP_LOSS,1,-2.500000000000003,-2.650000000000003,NEUTRAL,65.32335335778957,NMDC.BO
LONG_RSI_ZONE,NMDC,BSE,2024-11-06,2024-11-07,2024-11-08,LONG,80.98332977294922,78.95874652862548,85.03249626159668,78.95874652862548,STOP_LOSS,2,-2.500000000000007,-2.650000000000007,NEUTRAL,63.61389385032887,NMDC.BO
LONG_RSI_ZONE,NMDC,BSE,2024-12-03,2024-12-04,2024-12-13,LONG,78.96666717529297,76.99250049591065,82.91500053405763,76.99250049591065,STOP_LOSS,8,-2.4999999999999964,-2.6499999999999964,NEUTRAL,60.407570494088446,NMDC.BO
LONG_RSI_ZONE,NMDC,BSE,2024-12-19,2024-12-20,2024-12-30,SHORT,71.66666412353516,73.45833072662353,68.0833309173584,68.0833309173584,TARGET,6,5.0000000000000036,4.850000000000003,NEUTRAL,33.63806494333096,NMDC.BO
LONG_RSI_ZONE,NMDC,BSE,2025-04-08,2025-04-09,2025-04-11,SHORT,61.5099983215332,63.04774827957153,58.43449840545654,63.04774827957153,STOP_LOSS,2,-2.4999999999999933,-2.6499999999999932,NEUTRAL,36.931547178592545,NMDC.BO
LONG_RSI_ZONE,NMDC,BSE,2025-05-14,2025-05-15,2025-05-29,LONG,70.11000061035156,68.35725059509276,73.61550064086914,72.27999877929688,TIME_EXIT,11,3.09513357588663,2.94513357588663,NEUTRAL,60.93218554122308,NMDC.BO
LONG_RSI_ZONE,NMDC,BSE,2025-07-21,2025-07-22,2025-08-05,LONG,72.08999633789062,70.28774642944336,75.69449615478516,71.94000244140625,TIME_EXIT,11,-0.20806478582873494,-0.3580647858287349,BULL,62.0049179497593,NMDC.BO
LONG_RSI_ZONE,NMDC,BSE,2025-09-03,2025-09-04,2025-09-04,LONG,74.94999694824219,73.07624702453613,78.6974967956543,73.07624702453613,STOP_LOSS,1,-2.500000000000004,-2.650000000000004,NEUTRAL,63.28643685104984,NMDC.BO
LONG_RSI_ZONE,NMDC,BSE,2025-09-05,2025-09-08,2025-09-22,LONG,75.2300033569336,73.34925327301025,78.99150352478027,76.95999908447266,TIME_EXIT,11,2.2996087336736997,2.1496087336736998,NEUTRAL,62.456420780501745,NMDC.BO
LONG_RSI_ZONE,NMDC,BSE,2025-11-24,2025-11-25,2025-11-26,SHORT,72.5,74.3125,68.875,74.3125,STOP_LOSS,2,-2.5,-2.65,BULL,36.77648334992169,NMDC.BO
LONG_RSI_ZONE,NMDC,BSE,2026-02-04,2026-02-05,2026-02-05,LONG,86.19999694824219,84.04499702453613,90.5099967956543,84.04499702453613,STOP_LOSS,1,-2.500000000000003,-2.650000000000003,NEUTRAL,61.14046797635658,NMDC.BO
LONG_RSI_ZONE,NMDC,BSE,2026-04-09,2026-04-10,2026-04-17,LONG,85.08999633789062,82.96274642944336,89.34449615478516,89.34449615478516,TARGET,5,5.000000000000006,4.850000000000006,BEAR,62.39086198580863,NMDC.BO
SHORT_RSI_ZONE,NMDC,BSE,2024-11-06,2024-11-07,2024-11-08,LONG,80.98332977294922,78.95874652862548,85.03249626159668,78.95874652862548,STOP_LOSS,2,-2.500000000000007,-2.650000000000007,NEUTRAL,63.61389385032887,NMDC.BO
SHORT_RSI_ZONE,NMDC,BSE,2024-12-03,2024-12-04,2024-12-13,LONG,78.96666717529297,76.99250049591065,82.91500053405763,76.99250049591065,STOP_LOSS,8,-2.4999999999999964,-2.6499999999999964,NEUTRAL,60.407570494088446,NMDC.BO
SHORT_RSI_ZONE,NMDC,BSE,2024-12-19,2024-12-20,2024-12-30,SHORT,71.66666412353516,73.45833072662353,68.0833309173584,68.0833309173584,TARGET,6,5.0000000000000036,4.850000000000003,NEUTRAL,33.63806494333096,NMDC.BO
SHORT_RSI_ZONE,NMDC,BSE,2025-04-08,2025-04-09,2025-04-11,SHORT,61.5099983215332,63.04774827957153,58.43449840545654,63.04774827957153,STOP_LOSS,2,-2.4999999999999933,-2.6499999999999932,NEUTRAL,36.931547178592545,NMDC.BO
SHORT_RSI_ZONE,NMDC,BSE,2025-05-14,2025-05-15,2025-05-29,LONG,70.11000061035156,68.35725059509276,73.61550064086914,72.27999877929688,TIME_EXIT,11,3.09513357588663,2.94513357588663,NEUTRAL,60.93218554122308,NMDC.BO
SHORT_RSI_ZONE,NMDC,BSE,2025-07-21,2025-07-22,2025-08-05,LONG,72.08999633789062,70.28774642944336,75.69449615478516,71.94000244140625,TIME_EXIT,11,-0.20806478582873494,-0.3580647858287349,BULL,62.0049179497593,NMDC.BO
SHORT_RSI_ZONE,NMDC,BSE,2025-09-03,2025-09-04,2025-09-04,LONG,74.94999694824219,73.07624702453613,78.6974967956543,73.07624702453613,STOP_LOSS,1,-2.500000000000004,-2.650000000000004,NEUTRAL,63.28643685104984,NMDC.BO
SHORT_RSI_ZONE,NMDC,BSE,2025-09-05,2025-09-08,2025-09-22,LONG,75.2300033569336,73.34925327301025,78.99150352478027,76.95999908447266,TIME_EXIT,11,2.2996087336736997,2.1496087336736998,NEUTRAL,62.456420780501745,NMDC.BO
SHORT_RSI_ZONE,NMDC,BSE,2025-11-24,2025-11-25,2025-11-26,SHORT,72.5,74.3125,68.875,74.3125,STOP_LOSS,2,-2.5,-2.65,BULL,36.77648334992169,NMDC.BO
SHORT_RSI_ZONE,NMDC,BSE,2026-02-04,2026-02-05,2026-02-05,LONG,86.19999694824219,84.04499702453613,90.5099967956543,84.04499702453613,STOP_LOSS,1,-2.500000000000003,-2.650000000000003,NEUTRAL,61.14046797635658,NMDC.BO
SHORT_RSI_ZONE,NMDC,BSE,2026-04-09,2026-04-10,2026-04-17,LONG,85.08999633789062,82.96274642944336,89.34449615478516,89.34449615478516,TARGET,5,5.000000000000006,4.850000000000006,BEAR,62.39086198580863,NMDC.BO
SHORT_RSI_ZONE,NMDC,BSE,2026-08-26,2026-08-27,2026-08-27,LONG,88.41000366210938,86.19975357055664,92.83050384521485,86.19975357055664,STOP_LOSS,1,-2.500000000000003,-2.650000000000003,NEUTRAL,65.32335335778957,NMDC.BO
BOTH_RSI_ZONE,NMDC,BSE,2024-11-06,2024-11-07,2024-11-08,LONG,80.98332977294922,78.95874652862548,85.03249626159668,78.95874652862548,STOP_LOSS,2,-2.500000000000007,-2.650000000000007,NEUTRAL,63.61389385032887,NMDC.BO
BOTH_RSI_ZONE,NMDC,BSE,2024-12-03,2024-12-04,2024-12-13,LONG,78.96666717529297,76.99250049591065,82.91500053405763,76.99250049591065,STOP_LOSS,8,-2.4999999999999964,-2.6499999999999964,NEUTRAL,60.407570494088446,NMDC.BO
BOTH_RSI_ZONE,NMDC,BSE,2024-12-19,2024-12-20,2024-12-30,SHORT,71.66666412353516,73.45833072662353,68.0833309173584,68.0833309173584,TARGET,6,5.0000000000000036,4.850000000000003,NEUTRAL,33.63806494333096,NMDC.BO
BOTH_RSI_ZONE,NMDC,BSE,2025-04-08,2025-04-09,2025-04-11,SHORT,61.5099983215332,63.04774827957153,58.43449840545654,63.04774827957153,STOP_LOSS,2,-2.4999999999999933,-2.6499999999999932,NEUTRAL,36.931547178592545,NMDC.BO
BOTH_RSI_ZONE,NMDC,BSE,2025-05-14,2025-05-15,2025-05-29,LONG,70.11000061035156,68.35725059509276,73.61550064086914,72.27999877929688,TIME_EXIT,11,3.09513357588663,2.94513357588663,NEUTRAL,60.93218554122308,NMDC.BO
BOTH_RSI_ZONE,NMDC,BSE,2025-07-21,2025-07-22,2025-08-05,LONG,72.08999633789062,70.28774642944336,75.69449615478516,71.94000244140625,TIME_EXIT,11,-0.20806478582873494,-0.3580647858287349,BULL,62.0049179497593,NMDC.BO
BOTH_RSI_ZONE,NMDC,BSE,2025-09-03,2025-09-04,2025-09-04,LONG,74.94999694824219,73.07624702453613,78.6974967956543,73.07624702453613,STOP_LOSS,1,-2.500000000000004,-2.650000000000004,NEUTRAL,63.28643685104984,NMDC.BO
BOTH_RSI_ZONE,NMDC,BSE,2025-09-05,2025-09-08,2025-09-22,LONG,75.2300033569336,73.34925327301025,78.99150352478027,76.95999908447266,TIME_EXIT,11,2.2996087336736997,2.1496087336736998,NEUTRAL,62.456420780501745,NMDC.BO
BOTH_RSI_ZONE,NMDC,BSE,2025-11-24,2025-11-25,2025-11-26,SHORT,72.5,74.3125,68.875,74.3125,STOP_LOSS,2,-2.5,-2.65,BULL,36.77648334992169,NMDC.BO
BOTH_RSI_ZONE,NMDC,BSE,2026-02-04,2026-02-05,2026-02-05,LONG,86.19999694824219,84.04499702453613,90.5099967956543,84.04499702453613,STOP_LOSS,1,-2.500000000000003,-2.650000000000003,NEUTRAL,61.14046797635658,NMDC.BO
BOTH_RSI_ZONE,NMDC,BSE,2026-04-09,2026-04-10,2026-04-17,LONG,85.08999633789062,82.96274642944336,89.34449615478516,89.34449615478516,TARGET,5,5.000000000000006,4.850000000000006,BEAR,62.39086198580863,NMDC.BO
LONG_RSI_ZONE_NO_NEUTRAL,NMDC,BSE,2025-07-21,2025-07-22,2025-08-05,LONG,72.08999633789062,70.28774642944336,75.69449615478516,71.94000244140625,TIME_EXIT,11,-0.20806478582873494,-0.3580647858287349,BULL,62.0049179497593,NMDC.BO
LONG_RSI_ZONE_NO_NEUTRAL,NMDC,BSE,2025-11-24,2025-11-25,2025-11-26,SHORT,72.5,74.3125,68.875,74.3125,STOP_LOSS,2,-2.5,-2.65,BULL,36.77648334992169,NMDC.BO
LONG_RSI_ZONE_NO_NEUTRAL,NMDC,BSE,2026-04-09,2026-04-10,2026-04-17,LONG,85.08999633789062,82.96274642944336,89.34449615478516,89.34449615478516,TARGET,5,5.000000000000006,4.850000000000006,BEAR,62.39086198580863,NMDC.BO
LONG_RSI_ZONE_BEAR_ONLY,NMDC,BSE,2026-04-09,2026-04-10,2026-04-17,LONG,85.08999633789062,82.96274642944336,89.34449615478516,89.34449615478516,TARGET,5,5.000000000000006,4.850000000000006,BEAR,62.39086198580863,NMDC.BO
CURRENT,ADANIPOWER,BSE,2025-06-27,2025-06-30,2025-07-10,LONG,117.9800033569336,115.03050327301025,123.87900352478027,123.87900352478027,TARGET,9,5.0,4.85,BULL,61.39287152594356,ADANIPOWER.BO
CURRENT,ADANIPOWER,BSE,2026-02-05,2026-02-06,2026-02-10,LONG,152.0,148.2,159.6,148.2,STOP_LOSS,3,-2.5000000000000075,-2.6500000000000075,NEUTRAL,65.01482593259271,ADANIPOWER.BO
CURRENT,ADANIPOWER,BSE,2026-03-16,2026-03-17,2026-03-18,LONG,155.8000030517578,151.90500297546387,163.59000320434572,151.90500297546387,STOP_LOSS,2,-2.4999999999999964,-2.6499999999999964,BEAR,65.53527579552654,ADANIPOWER.BO
LONG_RSI_ZONE,ADANIPOWER,BSE,2025-06-27,2025-06-30,2025-07-10,LONG,117.9800033569336,115.03050327301025,123.87900352478027,123.87900352478027,TARGET,9,5.0,4.85,BULL,61.39287152594356,ADANIPOWER.BO
LONG_RSI_ZONE,ADANIPOWER,BSE,2026-02-06,2026-02-09,2026-02-10,LONG,153.6999969482422,149.85749702453612,161.3849967956543,149.85749702453612,STOP_LOSS,2,-2.500000000000011,-2.650000000000011,NEUTRAL,63.73730053581625,ADANIPOWER.BO
LONG_RSI_ZONE,ADANIPOWER,BSE,2026-03-18,2026-03-19,2026-03-23,LONG,151.25,147.46875,158.8125,147.46875,STOP_LOSS,3,-2.5,-2.65,BEAR,64.2016385783034,ADANIPOWER.BO
SHORT_RSI_ZONE,ADANIPOWER,BSE,2025-06-27,2025-06-30,2025-07-10,LONG,117.9800033569336,115.03050327301025,123.87900352478027,123.87900352478027,TARGET,9,5.0,4.85,BULL,61.39287152594356,ADANIPOWER.BO
SHORT_RSI_ZONE,ADANIPOWER,BSE,2026-02-05,2026-02-06,2026-02-10,LONG,152.0,148.2,159.6,148.2,STOP_LOSS,3,-2.5000000000000075,-2.6500000000000075,NEUTRAL,65.01482593259271,ADANIPOWER.BO
SHORT_RSI_ZONE,ADANIPOWER,BSE,2026-03-16,2026-03-17,2026-03-18,LONG,155.8000030517578,151.90500297546387,163.59000320434572,151.90500297546387,STOP_LOSS,2,-2.4999999999999964,-2.6499999999999964,BEAR,65.53527579552654,ADANIPOWER.BO
BOTH_RSI_ZONE,ADANIPOWER,BSE,2025-06-27,2025-06-30,2025-07-10,LONG,117.9800033569336,115.03050327301025,123.87900352478027,123.87900352478027,TARGET,9,5.0,4.85,BULL,61.39287152594356,ADANIPOWER.BO
BOTH_RSI_ZONE,ADANIPOWER,BSE,2026-02-06,2026-02-09,2026-02-10,LONG,153.6999969482422,149.85749702453612,161.3849967956543,149.85749702453612,STOP_LOSS,2,-2.500000000000011,-2.650000000000011,NEUTRAL,63.73730053581625,ADANIPOWER.BO
BOTH_RSI_ZONE,ADANIPOWER,BSE,2026-03-18,2026-03-19,2026-03-23,LONG,151.25,147.46875,158.8125,147.46875,STOP_LOSS,3,-2.5,-2.65,BEAR,64.2016385783034,ADANIPOWER.BO
LONG_RSI_ZONE_NO_NEUTRAL,ADANIPOWER,BSE,2025-06-27,2025-06-30,2025-07-10,LONG,117.9800033569336,115.03050327301025,123.87900352478027,123.87900352478027,TARGET,9,5.0,4.85,BULL,61.39287152594356,ADANIPOWER.BO
LONG_RSI_ZONE_NO_NEUTRAL,ADANIPOWER,BSE,2026-03-18,2026-03-19,2026-03-23,LONG,151.25,147.46875,158.8125,147.46875,STOP_LOSS,3,-2.5,-2.65,BEAR,64.2016385783034,ADANIPOWER.BO
LONG_RSI_ZONE_BEAR_ONLY,ADANIPOWER,BSE,2026-03-18,2026-03-19,2026-03-23,LONG,151.25,147.46875,158.8125,147.46875,STOP_LOSS,3,-2.5,-2.65,BEAR,64.2016385783034,ADANIPOWER.BO
CURRENT,MAHABANK,BSE,2024-11-14,2024-11-18,2024-11-18,SHORT,50.560001373291016,51.824001407623285,48.03200130462646,51.824001407623285,STOP_LOSS,1,-2.499999999999989,-2.649999999999989,NEUTRAL,37.15725011300596,MAHABANK.BO
CURRENT,MAHABANK,BSE,2024-11-28,2024-11-29,2024-12-05,LONG,56.83000183105469,55.40925178527832,59.671501922607426,59.671501922607426,TARGET,5,5.000000000000007,4.850000000000007,NEUTRAL,60.03808105489912,MAHABANK.BO
CURRENT,MAHABANK,BSE,2025-04-21,2025-04-22,2025-04-23,LONG,51.5,50.2125,54.075,50.2125,STOP_LOSS,2,-2.500000000000003,-2.650000000000003,NEUTRAL,64.6218583905146,MAHABANK.BO
CURRENT,MAHABANK,BSE,2025-11-19,2025-11-20,2025-11-20,LONG,61.4900016784668,59.95275163650513,64.56450176239014,59.95275163650513,STOP_LOSS,1,-2.5,-2.65,BULL,60.76567410423723,MAHABANK.BO
LONG_RSI_ZONE,MAHABANK,BSE,2024-11-14,2024-11-18,2024-11-18,SHORT,50.560001373291016,51.824001407623285,48.03200130462646,51.824001407623285,STOP_LOSS,1,-2.499999999999989,-2.649999999999989,NEUTRAL,37.15725011300596,MAHABANK.BO
LONG_RSI_ZONE,MAHABANK,BSE,2024-11-28,2024-11-29,2024-12-05,LONG,56.83000183105469,55.40925178527832,59.671501922607426,59.671501922607426,TARGET,5,5.000000000000007,4.850000000000007,NEUTRAL,60.03808105489912,MAHABANK.BO
LONG_RSI_ZONE,MAHABANK,BSE,2025-04-21,2025-04-22,2025-04-23,LONG,51.5,50.2125,54.075,50.2125,STOP_LOSS,2,-2.500000000000003,-2.650000000000003,NEUTRAL,64.6218583905146,MAHABANK.BO
LONG_RSI_ZONE,MAHABANK,BSE,2025-11-19,2025-11-20,2025-11-20,LONG,61.4900016784668,59.95275163650513,64.56450176239014,59.95275163650513,STOP_LOSS,1,-2.5,-2.65,BULL,60.76567410423723,MAHABANK.BO
SHORT_RSI_ZONE,MAHABANK,BSE,2024-11-14,2024-11-18,2024-11-18,SHORT,50.560001373291016,51.824001407623285,48.03200130462646,51.824001407623285,STOP_LOSS,1,-2.499999999999989,-2.649999999999989,NEUTRAL,37.15725011300596,MAHABANK.BO
SHORT_RSI_ZONE,MAHABANK,BSE,2024-11-28,2024-11-29,2024-12-05,LONG,56.83000183105469,55.40925178527832,59.671501922607426,59.671501922607426,TARGET,5,5.000000000000007,4.850000000000007,NEUTRAL,60.03808105489912,MAHABANK.BO
SHORT_RSI_ZONE,MAHABANK,BSE,2025-04-21,2025-04-22,2025-04-23,LONG,51.5,50.2125,54.075,50.2125,STOP_LOSS,2,-2.500000000000003,-2.650000000000003,NEUTRAL,64.6218583905146,MAHABANK.BO
SHORT_RSI_ZONE,MAHABANK,BSE,2025-11-19,2025-11-20,2025-11-20,LONG,61.4900016784668,59.95275163650513,64.56450176239014,59.95275163650513,STOP_LOSS,1,-2.5,-2.65,BULL,60.76567410423723,MAHABANK.BO
BOTH_RSI_ZONE,MAHABANK,BSE,2024-11-14,2024-11-18,2024-11-18,SHORT,50.560001373291016,51.824001407623285,48.03200130462646,51.824001407623285,STOP_LOSS,1,-2.499999999999989,-2.649999999999989,NEUTRAL,37.15725011300596,MAHABANK.BO
BOTH_RSI_ZONE,MAHABANK,BSE,2024-11-28,2024-11-29,2024-12-05,LONG,56.83000183105469,55.40925178527832,59.671501922607426,59.671501922607426,TARGET,5,5.000000000000007,4.850000000000007,NEUTRAL,60.03808105489912,MAHABANK.BO
BOTH_RSI_ZONE,MAHABANK,BSE,2025-04-21,2025-04-22,2025-04-23,LONG,51.5,50.2125,54.075,50.2125,STOP_LOSS,2,-2.500000000000003,-2.650000000000003,NEUTRAL,64.6218583905146,MAHABANK.BO
BOTH_RSI_ZONE,MAHABANK,BSE,2025-11-19,2025-11-20,2025-11-20,LONG,61.4900016784668,59.95275163650513,64.56450176239014,59.95275163650513,STOP_LOSS,1,-2.5,-2.65,BULL,60.76567410423723,MAHABANK.BO
LONG_RSI_ZONE_NO_NEUTRAL,MAHABANK,BSE,2025-11-19,2025-11-20,2025-11-20,LONG,61.4900016784668,59.95275163650513,64.56450176239014,59.95275163650513,STOP_LOSS,1,-2.5,-2.65,BULL,60.76567410423723,MAHABANK.BO
CURRENT,JSWENERGY,BSE,2024-11-12,2024-11-13,2024-11-13,LONG,750.7999877929688,732.0299880981445,788.3399871826172,732.0299880981445,STOP_LOSS,1,-2.500000000000006,-2.650000000000006,NEUTRAL,64.27216605309368,JSWENERGY.BO
CURRENT,JSWENERGY,BSE,2024-11-26,2024-11-27,2024-11-28,SHORT,659.75,676.24375,626.7624999999999,676.24375,STOP_LOSS,2,-2.4999999999999964,-2.6499999999999964,NEUTRAL,39.62740382373073,JSWENERGY.BO
CURRENT,JSWENERGY,BSE,2024-12-24,2024-12-26,2024-12-30,SHORT,648.9000244140625,665.122525024414,616.4550231933594,665.122525024414,STOP_LOSS,3,-2.499999999999993,-2.649999999999993,NEUTRAL,39.08136636858933,JSWENERGY.BO
CURRENT,JSWENERGY,BSE,2025-09-16,2025-09-17,2025-09-25,LONG,540.9500122070312,527.4262619018555,567.9975128173828,527.4262619018555,STOP_LOSS,7,-2.5,-2.65,BULL,62.64302196420808,JSWENERGY.BO
CURRENT,JSWENERGY,BSE,2026-03-12,2026-03-13,2026-03-13,LONG,522.0,508.95,548.1,508.95,STOP_LOSS,1,-2.500000000000002,-2.650000000000002,BEAR,63.789363203355215,JSWENERGY.BO
CURRENT,JSWENERGY,BSE,2026-04-15,2026-04-16,2026-04-21,LONG,532.7000122070312,519.3825119018554,559.3350128173828,559.3350128173828,TARGET,4,4.999999999999996,4.849999999999995,BEAR,63.013082996431955,JSWENERGY.BO
CURRENT,JSWENERGY,BSE,2026-05-26,2026-05-27,2026-05-29,LONG,583.6500244140625,569.0587738037109,612.8325256347656,612.8325256347656,TARGET,3,4.9999999999999964,4.849999999999996,BEAR,64.41010193440147,JSWENERGY.BO
CURRENT,JSWENERGY,BSE,2026-07-07,2026-07-08,2026-07-14,SHORT,544.2000122070312,557.805012512207,516.9900115966797,557.805012512207,STOP_LOSS,5,-2.499999999999992,-2.649999999999992,NEUTRAL,38.90154820280924,JSWENERGY.BO
CURRENT,JSWENERGY,BSE,2026-08-19,2026-08-20,2026-09-01,SHORT,545.4000244140625,559.035025024414,518.1300231933593,518.1300231933593,TARGET,9,5.000000000000012,4.850000000000012,NEUTRAL,39.958446803547375,JSWENERGY.BO
LONG_RSI_ZONE,JSWENERGY,BSE,2024-11-12,2024-11-13,2024-11-13,LONG,750.7999877929688,732.0299880981445,788.3399871826172,732.0299880981445,STOP_LOSS,1,-2.500000000000006,-2.650000000000006,NEUTRAL,64.27216605309368,JSWENERGY.BO
LONG_RSI_ZONE,JSWENERGY,BSE,2024-11-26,2024-11-27,2024-11-28,SHORT,659.75,676.24375,626.7624999999999,676.24375,STOP_LOSS,2,-2.4999999999999964,-2.6499999999999964,NEUTRAL,39.62740382373073,JSWENERGY.BO
LONG_RSI_ZONE,JSWENERGY,BSE,2024-12-24,2024-12-26,2024-12-30,SHORT,648.9000244140625,665.122525024414,616.4550231933594,665.122525024414,STOP_LOSS,3,-2.499999999999993,-2.649999999999993,NEUTRAL,39.08136636858933,JSWENERGY.BO
LONG_RSI_ZONE,JSWENERGY,BSE,2025-09-16,2025-09-17,2025-09-25,LONG,540.9500122070312,527.4262619018555,567.9975128173828,527.4262619018555,STOP_LOSS,7,-2.5,-2.65,BULL,62.64302196420808,JSWENERGY.BO
LONG_RSI_ZONE,JSWENERGY,BSE,2026-03-12,2026-03-13,2026-03-13,LONG,522.0,508.95,548.1,508.95,STOP_LOSS,1,-2.500000000000002,-2.650000000000002,BEAR,63.789363203355215,JSWENERGY.BO
LONG_RSI_ZONE,JSWENERGY,BSE,2026-04-15,2026-04-16,2026-04-21,LONG,532.7000122070312,519.3825119018554,559.3350128173828,559.3350128173828,TARGET,4,4.999999999999996,4.849999999999995,BEAR,63.013082996431955,JSWENERGY.BO
LONG_RSI_ZONE,JSWENERGY,BSE,2026-05-26,2026-05-27,2026-05-29,LONG,583.6500244140625,569.0587738037109,612.8325256347656,612.8325256347656,TARGET,3,4.9999999999999964,4.849999999999996,BEAR,64.41010193440147,JSWENERGY.BO
LONG_RSI_ZONE,JSWENERGY,BSE,2026-07-07,2026-07-08,2026-07-14,SHORT,544.2000122070312,557.805012512207,516.9900115966797,557.805012512207,STOP_LOSS,5,-2.499999999999992,-2.649999999999992,NEUTRAL,38.90154820280924,JSWENERGY.BO
LONG_RSI_ZONE,JSWENERGY,BSE,2026-08-19,2026-08-20,2026-09-01,SHORT,545.4000244140625,559.035025024414,518.1300231933593,518.1300231933593,TARGET,9,5.000000000000012,4.850000000000012,NEUTRAL,39.958446803547375,JSWENERGY.BO
SHORT_RSI_ZONE,JSWENERGY,BSE,2024-11-12,2024-11-13,2024-11-13,LONG,750.7999877929688,732.0299880981445,788.3399871826172,732.0299880981445,STOP_LOSS,1,-2.500000000000006,-2.650000000000006,NEUTRAL,64.27216605309368,JSWENERGY.BO
SHORT_RSI_ZONE,JSWENERGY,BSE,2024-11-26,2024-11-27,2024-11-28,SHORT,659.75,676.24375,626.7624999999999,676.24375,STOP_LOSS,2,-2.4999999999999964,-2.6499999999999964,NEUTRAL,39.62740382373073,JSWENERGY.BO
SHORT_RSI_ZONE,JSWENERGY,BSE,2024-12-24,2024-12-26,2024-12-30,SHORT,648.9000244140625,665.122525024414,616.4550231933594,665.122525024414,STOP_LOSS,3,-2.499999999999993,-2.649999999999993,NEUTRAL,39.08136636858933,JSWENERGY.BO
SHORT_RSI_ZONE,JSWENERGY,BSE,2025-09-16,2025-09-17,2025-09-25,LONG,540.9500122070312,527.4262619018555,567.9975128173828,527.4262619018555,STOP_LOSS,7,-2.5,-2.65,BULL,62.64302196420808,JSWENERGY.BO
SHORT_RSI_ZONE,JSWENERGY,BSE,2026-03-12,2026-03-13,2026-03-13,LONG,522.0,508.95,548.1,508.95,STOP_LOSS,1,-2.500000000000002,-2.650000000000002,BEAR,63.789363203355215,JSWENERGY.BO
SHORT_RSI_ZONE,JSWENERGY,BSE,2026-04-15,2026-04-16,2026-04-21,LONG,532.7000122070312,519.3825119018554,559.3350128173828,559.3350128173828,TARGET,4,4.999999999999996,4.849999999999995,BEAR,63.013082996431955,JSWENERGY.BO
SHORT_RSI_ZONE,JSWENERGY,BSE,2026-05-26,2026-05-27,2026-05-29,LONG,583.6500244140625,569.0587738037109,612.8325256347656,612.8325256347656,TARGET,3,4.9999999999999964,4.849999999999996,BEAR,64.41010193440147,JSWENERGY.BO
SHORT_RSI_ZONE,JSWENERGY,BSE,2026-07-07,2026-07-08,2026-07-14,SHORT,544.2000122070312,557.805012512207,516.9900115966797,557.805012512207,STOP_LOSS,5,-2.499999999999992,-2.649999999999992,NEUTRAL,38.90154820280924,JSWENERGY.BO
SHORT_RSI_ZONE,JSWENERGY,BSE,2026-08-19,2026-08-20,2026-09-01,SHORT,545.4000244140625,559.035025024414,518.1300231933593,518.1300231933593,TARGET,9,5.000000000000012,4.850000000000012,NEUTRAL,39.958446803547375,JSWENERGY.BO
BOTH_RSI_ZONE,JSWENERGY,BSE,2024-11-12,2024-11-13,2024-11-13,LONG,750.7999877929688,732.0299880981445,788.3399871826172,732.0299880981445,STOP_LOSS,1,-2.500000000000006,-2.650000000000006,NEUTRAL,64.27216605309368,JSWENERGY.BO
BOTH_RSI_ZONE,JSWENERGY,BSE,2024-11-26,2024-11-27,2024-11-28,SHORT,659.75,676.24375,626.7624999999999,676.24375,STOP_LOSS,2,-2.4999999999999964,-2.6499999999999964,NEUTRAL,39.62740382373073,JSWENERGY.BO
BOTH_RSI_ZONE,JSWENERGY,BSE,2024-12-24,2024-12-26,2024-12-30,SHORT,648.9000244140625,665.122525024414,616.4550231933594,665.122525024414,STOP_LOSS,3,-2.499999999999993,-2.649999999999993,NEUTRAL,39.08136636858933,JSWENERGY.BO
BOTH_RSI_ZONE,JSWENERGY,BSE,2025-09-16,2025-09-17,2025-09-25,LONG,540.9500122070312,527.4262619018555,567.9975128173828,527.4262619018555,STOP_LOSS,7,-2.5,-2.65,BULL,62.64302196420808,JSWENERGY.BO
BOTH_RSI_ZONE,JSWENERGY,BSE,2026-03-12,2026-03-13,2026-03-13,LONG,522.0,508.95,548.1,508.95,STOP_LOSS,1,-2.500000000000002,-2.650000000000002,BEAR,63.789363203355215,JSWENERGY.BO
BOTH_RSI_ZONE,JSWENERGY,BSE,2026-04-15,2026-04-16,2026-04-21,LONG,532.7000122070312,519.3825119018554,559.3350128173828,559.3350128173828,TARGET,4,4.999999999999996,4.849999999999995,BEAR,63.013082996431955,JSWENERGY.BO
BOTH_RSI_ZONE,JSWENERGY,BSE,2026-05-26,2026-05-27,2026-05-29,LONG,583.6500244140625,569.0587738037109,612.8325256347656,612.8325256347656,TARGET,3,4.9999999999999964,4.849999999999996,BEAR,64.41010193440147,JSWENERGY.BO
BOTH_RSI_ZONE,JSWENERGY,BSE,2026-07-07,2026-07-08,2026-07-14,SHORT,544.2000122070312,557.805012512207,516.9900115966797,557.805012512207,STOP_LOSS,5,-2.499999999999992,-2.649999999999992,NEUTRAL,38.90154820280924,JSWENERGY.BO
BOTH_RSI_ZONE,JSWENERGY,BSE,2026-08-19,2026-08-20,2026-09-01,SHORT,545.4000244140625,559.035025024414,518.1300231933593,518.1300231933593,TARGET,9,5.000000000000012,4.850000000000012,NEUTRAL,39.958446803547375,JSWENERGY.BO
LONG_RSI_ZONE_NO_NEUTRAL,JSWENERGY,BSE,2025-09-16,2025-09-17,2025-09-25,LONG,540.9500122070312,527.4262619018555,567.9975128173828,527.4262619018555,STOP_LOSS,7,-2.5,-2.65,BULL,62.64302196420808,JSWENERGY.BO
LONG_RSI_ZONE_NO_NEUTRAL,JSWENERGY,BSE,2026-03-12,2026-03-13,2026-03-13,LONG,522.0,508.95,548.1,508.95,STOP_LOSS,1,-2.500000000000002,-2.650000000000002,BEAR,63.789363203355215,JSWENERGY.BO
LONG_RSI_ZONE_NO_NEUTRAL,JSWENERGY,BSE,2026-04-15,2026-04-16,2026-04-21,LONG,532.7000122070312,519.3825119018554,559.3350128173828,559.3350128173828,TARGET,4,4.999999999999996,4.849999999999995,BEAR,63.013082996431955,JSWENERGY.BO
LONG_RSI_ZONE_NO_NEUTRAL,JSWENERGY,BSE,2026-05-26,2026-05-27,2026-05-29,LONG,583.6500244140625,569.0587738037109,612.8325256347656,612.8325256347656,TARGET,3,4.9999999999999964,4.849999999999996,BEAR,64.41010193440147,JSWENERGY.BO
LONG_RSI_ZONE_BEAR_ONLY,JSWENERGY,BSE,2026-03-12,2026-03-13,2026-03-13,LONG,522.0,508.95,548.1,508.95,STOP_LOSS,1,-2.500000000000002,-2.650000000000002,BEAR,63.789363203355215,JSWENERGY.BO
LONG_RSI_ZONE_BEAR_ONLY,JSWENERGY,BSE,2026-04-15,2026-04-16,2026-04-21,LONG,532.7000122070312,519.3825119018554,559.3350128173828,559.3350128173828,TARGET,4,4.999999999999996,4.849999999999995,BEAR,63.013082996431955,JSWENERGY.BO
LONG_RSI_ZONE_BEAR_ONLY,JSWENERGY,BSE,2026-05-26,2026-05-27,2026-05-29,LONG,583.6500244140625,569.0587738037109,612.8325256347656,612.8325256347656,TARGET,3,4.9999999999999964,4.849999999999996,BEAR,64.41010193440147,JSWENERGY.BO
CURRENT,SHADOWFAX,BSE,2026-07-31,2026-08-03,2026-08-03,LONG,251.60000610351562,245.31000595092772,264.18000640869144,245.31000595092772,STOP_LOSS,1,-2.5000000000000067,-2.6500000000000066,NEUTRAL,65.76486701523909,SHADOWFAX.BO
LONG_RSI_ZONE,SHADOWFAX,BSE,2026-08-03,2026-08-04,2026-08-11,LONG,241.60000610351562,235.56000595092772,253.6800064086914,253.6800064086914,TARGET,6,5.000000000000003,4.850000000000002,BULL,63.49108798207455,SHADOWFAX.BO
SHORT_RSI_ZONE,SHADOWFAX,BSE,2026-07-31,2026-08-03,2026-08-03,LONG,251.60000610351562,245.31000595092772,264.18000640869144,245.31000595092772,STOP_LOSS,1,-2.5000000000000067,-2.6500000000000066,NEUTRAL,65.76486701523909,SHADOWFAX.BO
BOTH_RSI_ZONE,SHADOWFAX,BSE,2026-08-03,2026-08-04,2026-08-11,LONG,241.60000610351562,235.56000595092772,253.6800064086914,253.6800064086914,TARGET,6,5.000000000000003,4.850000000000002,BULL,63.49108798207455,SHADOWFAX.BO
LONG_RSI_ZONE_NO_NEUTRAL,SHADOWFAX,BSE,2026-08-03,2026-08-04,2026-08-11,LONG,241.60000610351562,235.56000595092772,253.6800064086914,253.6800064086914,TARGET,6,5.000000000000003,4.850000000000002,BULL,63.49108798207455,SHADOWFAX.BO
CURRENT,INFY,BSE,2025-01-17,2025-01-21,2025-01-23,SHORT,1820.0,1865.4999999999998,1729.0,1865.4999999999998,STOP_LOSS,3,-2.4999999999999876,-2.6499999999999875,NEUTRAL,33.0262588976709,500209.BO
CURRENT,INFY,BSE,2025-09-26,2025-09-29,2025-10-08,SHORT,1460.050048828125,1496.551300048828,1387.0475463867188,1496.551300048828,STOP_LOSS,7,-2.4999999999999845,-2.6499999999999844,BULL,39.34758401041667,500209.BO
CURRENT,INFY,BSE,2025-11-12,2025-11-13,2025-11-14,LONG,1558.949951171875,1519.976202392578,1636.8974487304688,1519.976202392578,STOP_LOSS,2,-2.500000000000009,-2.650000000000009,BULL,63.488838971692104,500209.BO
CURRENT,INFY,BSE,2026-02-05,2026-02-06,2026-02-12,SHORT,1518.199951171875,1556.1549499511718,1442.289953613281,1442.289953613281,TARGET,5,5.000000000000009,4.8500000000000085,NEUTRAL,32.87774917190103,500209.BO
CURRENT,INFY,BSE,2026-04-23,2026-04-24,2026-05-11,SHORT,1205.9000244140625,1236.047525024414,1145.6050231933593,1176.800048828125,TIME_EXIT,11,2.4131333441241907,2.2631333441241908,BEAR,37.28700606092642,500209.BO
CURRENT,INFY,BSE,2026-06-11,2026-06-12,2026-06-15,SHORT,1121.199951171875,1149.2299499511719,1065.1399536132812,1149.2299499511719,STOP_LOSS,2,-2.5,-2.65,BEAR,37.292256030410755,500209.BO
LONG_RSI_ZONE,INFY,BSE,2025-01-17,2025-01-21,2025-01-23,SHORT,1820.0,1865.4999999999998,1729.0,1865.4999999999998,STOP_LOSS,3,-2.4999999999999876,-2.6499999999999875,NEUTRAL,33.0262588976709,500209.BO
LONG_RSI_ZONE,INFY,BSE,2025-09-26,2025-09-29,2025-10-08,SHORT,1460.050048828125,1496.551300048828,1387.0475463867188,1496.551300048828,STOP_LOSS,7,-2.4999999999999845,-2.6499999999999844,BULL,39.34758401041667,500209.BO
LONG_RSI_ZONE,INFY,BSE,2025-11-12,2025-11-13,2025-11-14,LONG,1558.949951171875,1519.976202392578,1636.8974487304688,1519.976202392578,STOP_LOSS,2,-2.500000000000009,-2.650000000000009,BULL,63.488838971692104,500209.BO
LONG_RSI_ZONE,INFY,BSE,2026-02-05,2026-02-06,2026-02-12,SHORT,1518.199951171875,1556.1549499511718,1442.289953613281,1442.289953613281,TARGET,5,5.000000000000009,4.8500000000000085,NEUTRAL,32.87774917190103,500209.BO
LONG_RSI_ZONE,INFY,BSE,2026-04-23,2026-04-24,2026-05-11,SHORT,1205.9000244140625,1236.047525024414,1145.6050231933593,1176.800048828125,TIME_EXIT,11,2.4131333441241907,2.2631333441241908,BEAR,37.28700606092642,500209.BO
LONG_RSI_ZONE,INFY,BSE,2026-06-11,2026-06-12,2026-06-15,SHORT,1121.199951171875,1149.2299499511719,1065.1399536132812,1149.2299499511719,STOP_LOSS,2,-2.5,-2.65,BEAR,37.292256030410755,500209.BO
SHORT_RSI_ZONE,INFY,BSE,2025-01-17,2025-01-21,2025-01-23,SHORT,1820.0,1865.4999999999998,1729.0,1865.4999999999998,STOP_LOSS,3,-2.4999999999999876,-2.6499999999999875,NEUTRAL,33.0262588976709,500209.BO
SHORT_RSI_ZONE,INFY,BSE,2025-09-26,2025-09-29,2025-10-08,SHORT,1460.050048828125,1496.551300048828,1387.0475463867188,1496.551300048828,STOP_LOSS,7,-2.4999999999999845,-2.6499999999999844,BULL,39.34758401041667,500209.BO
SHORT_RSI_ZONE,INFY,BSE,2025-11-12,2025-11-13,2025-11-14,LONG,1558.949951171875,1519.976202392578,1636.8974487304688,1519.976202392578,STOP_LOSS,2,-2.500000000000009,-2.650000000000009,BULL,63.488838971692104,500209.BO
SHORT_RSI_ZONE,INFY,BSE,2026-02-05,2026-02-06,2026-02-12,SHORT,1518.199951171875,1556.1549499511718,1442.289953613281,1442.289953613281,TARGET,5,5.000000000000009,4.8500000000000085,NEUTRAL,32.87774917190103,500209.BO
SHORT_RSI_ZONE,INFY,BSE,2026-04-23,2026-04-24,2026-05-11,SHORT,1205.9000244140625,1236.047525024414,1145.6050231933593,1176.800048828125,TIME_EXIT,11,2.4131333441241907,2.2631333441241908,BEAR,37.28700606092642,500209.BO
SHORT_RSI_ZONE,INFY,BSE,2026-06-11,2026-06-12,2026-06-15,SHORT,1121.199951171875,1149.2299499511719,1065.1399536132812,1149.2299499511719,STOP_LOSS,2,-2.5,-2.65,BEAR,37.292256030410755,500209.BO
BOTH_RSI_ZONE,INFY,BSE,2025-01-17,2025-01-21,2025-01-23,SHORT,1820.0,1865.4999999999998,1729.0,1865.4999999999998,STOP_LOSS,3,-2.4999999999999876,-2.6499999999999875,NEUTRAL,33.0262588976709,500209.BO
BOTH_RSI_ZONE,INFY,BSE,2025-09-26,2025-09-29,2025-10-08,SHORT,1460.050048828125,1496.551300048828,1387.0475463867188,1496.551300048828,STOP_LOSS,7,-2.4999999999999845,-2.6499999999999844,BULL,39.34758401041667,500209.BO
BOTH_RSI_ZONE,INFY,BSE,2025-11-12,2025-11-13,2025-11-14,LONG,1558.949951171875,1519.976202392578,1636.8974487304688,1519.976202392578,STOP_LOSS,2,-2.500000000000009,-2.650000000000009,BULL,63.488838971692104,500209.BO
BOTH_RSI_ZONE,INFY,BSE,2026-02-05,2026-02-06,2026-02-12,SHORT,1518.199951171875,1556.1549499511718,1442.289953613281,1442.289953613281,TARGET,5,5.000000000000009,4.8500000000000085,NEUTRAL,32.87774917190103,500209.BO
BOTH_RSI_ZONE,INFY,BSE,2026-04-23,2026-04-24,2026-05-11,SHORT,1205.9000244140625,1236.047525024414,1145.6050231933593,1176.800048828125,TIME_EXIT,11,2.4131333441241907,2.2631333441241908,BEAR,37.28700606092642,500209.BO
BOTH_RSI_ZONE,INFY,BSE,2026-06-11,2026-06-12,2026-06-15,SHORT,1121.199951171875,1149.2299499511719,1065.1399536132812,1149.2299499511719,STOP_LOSS,2,-2.5,-2.65,BEAR,37.292256030410755,500209.BO
LONG_RSI_ZONE_NO_NEUTRAL,INFY,BSE,2025-09-26,2025-09-29,2025-10-08,SHORT,1460.050048828125,1496.551300048828,1387.0475463867188,1496.551300048828,STOP_LOSS,7,-2.4999999999999845,-2.6499999999999844,BULL,39.34758401041667,500209.BO
LONG_RSI_ZONE_NO_NEUTRAL,INFY,BSE,2025-11-12,2025-11-13,2025-11-14,LONG,1558.949951171875,1519.976202392578,1636.8974487304688,1519.976202392578,STOP_LOSS,2,-2.500000000000009,-2.650000000000009,BULL,63.488838971692104,500209.BO
LONG_RSI_ZONE_NO_NEUTRAL,INFY,BSE,2026-04-23,2026-04-24,2026-05-11,SHORT,1205.9000244140625,1236.047525024414,1145.6050231933593,1176.800048828125,TIME_EXIT,11,2.4131333441241907,2.2631333441241908,BEAR,37.28700606092642,500209.BO
LONG_RSI_ZONE_NO_NEUTRAL,INFY,BSE,2026-06-11,2026-06-12,2026-06-15,SHORT,1121.199951171875,1149.2299499511719,1065.1399536132812,1149.2299499511719,STOP_LOSS,2,-2.5,-2.65,BEAR,37.292256030410755,500209.BO
LONG_RSI_ZONE_BEAR_ONLY,INFY,BSE,2026-04-23,2026-04-24,2026-05-11,SHORT,1205.9000244140625,1236.047525024414,1145.6050231933593,1176.800048828125,TIME_EXIT,11,2.4131333441241907,2.2631333441241908,BEAR,37.28700606092642,500209.BO
LONG_RSI_ZONE_BEAR_ONLY,INFY,BSE,2026-06-11,2026-06-12,2026-06-15,SHORT,1121.199951171875,1149.2299499511719,1065.1399536132812,1149.2299499511719,STOP_LOSS,2,-2.5,-2.65,BEAR,37.292256030410755,500209.BO
CURRENT,INOXWIND,BSE,2024-11-12,2024-11-13,2024-11-13,SHORT,200.0,204.99999999999997,190.0,190.0,TARGET,1,5.0,4.85,NEUTRAL,37.933237849326225,INOXWIND.BO
CURRENT,INOXWIND,BSE,2024-12-18,2024-12-19,2024-12-30,SHORT,186.75,191.41875,177.4125,177.4125,TARGET,7,5.000000000000003,4.850000000000002,NEUTRAL,38.06929727172386,INOXWIND.BO
CURRENT,INOXWIND,BSE,2025-02-28,2025-03-03,2025-03-03,SHORT,152.8000030517578,156.62000312805174,145.1600028991699,145.1600028991699,TARGET,1,5.000000000000007,4.850000000000007,NEUTRAL,37.072350888618566,INOXWIND.BO
CURRENT,INOXWIND,BSE,2025-04-23,2025-04-24,2025-04-25,LONG,175.4499969482422,171.06374702453613,184.2224967956543,171.06374702453613,STOP_LOSS,2,-2.500000000000003,-2.650000000000003,NEUTRAL,60.811072937476055,INOXWIND.BO
CURRENT,INOXWIND,BSE,2025-05-19,2025-05-20,2025-05-20,LONG,187.25,182.56875,196.6125,182.56875,STOP_LOSS,1,-2.500000000000003,-2.650000000000003,NEUTRAL,63.22305226266676,INOXWIND.BO
CURRENT,INOXWIND,BSE,2025-07-15,2025-07-16,2025-07-25,SHORT,165.9499969482422,170.09874687194824,157.65249710083006,157.65249710083006,TARGET,8,5.00000000000001,4.850000000000009,BULL,35.3133194506305,INOXWIND.BO
CURRENT,INOXWIND,BSE,2025-09-25,2025-09-26,2025-10-09,SHORT,141.25,144.78125,134.1875,144.78125,STOP_LOSS,9,-2.5,-2.65,BULL,37.80693617034709,INOXWIND.BO
LONG_RSI_ZONE,INOXWIND,BSE,2024-11-12,2024-11-13,2024-11-13,SHORT,200.0,204.99999999999997,190.0,190.0,TARGET,1,5.0,4.85,NEUTRAL,37.933237849326225,INOXWIND.BO
LONG_RSI_ZONE,INOXWIND,BSE,2024-12-18,2024-12-19,2024-12-30,SHORT,186.75,191.41875,177.4125,177.4125,TARGET,7,5.000000000000003,4.850000000000002,NEUTRAL,38.06929727172386,INOXWIND.BO
LONG_RSI_ZONE,INOXWIND,BSE,2025-02-28,2025-03-03,2025-03-03,SHORT,152.8000030517578,156.62000312805174,145.1600028991699,145.1600028991699,TARGET,1,5.000000000000007,4.850000000000007,NEUTRAL,37.072350888618566,INOXWIND.BO
LONG_RSI_ZONE,INOXWIND,BSE,2025-04-23,2025-04-24,2025-04-25,LONG,175.4499969482422,171.06374702453613,184.2224967956543,171.06374702453613,STOP_LOSS,2,-2.500000000000003,-2.650000000000003,NEUTRAL,60.811072937476055,INOXWIND.BO
LONG_RSI_ZONE,INOXWIND,BSE,2025-05-19,2025-05-20,2025-05-20,LONG,187.25,182.56875,196.6125,182.56875,STOP_LOSS,1,-2.500000000000003,-2.650000000000003,NEUTRAL,63.22305226266676,INOXWIND.BO
LONG_RSI_ZONE,INOXWIND,BSE,2025-07-15,2025-07-16,2025-07-25,SHORT,165.9499969482422,170.09874687194824,157.65249710083006,157.65249710083006,TARGET,8,5.00000000000001,4.850000000000009,BULL,35.3133194506305,INOXWIND.BO
LONG_RSI_ZONE,INOXWIND,BSE,2025-09-25,2025-09-26,2025-10-09,SHORT,141.25,144.78125,134.1875,144.78125,STOP_LOSS,9,-2.5,-2.65,BULL,37.80693617034709,INOXWIND.BO
SHORT_RSI_ZONE,INOXWIND,BSE,2024-11-12,2024-11-13,2024-11-13,SHORT,200.0,204.99999999999997,190.0,190.0,TARGET,1,5.0,4.85,NEUTRAL,37.933237849326225,INOXWIND.BO
SHORT_RSI_ZONE,INOXWIND,BSE,2024-12-18,2024-12-19,2024-12-30,SHORT,186.75,191.41875,177.4125,177.4125,TARGET,7,5.000000000000003,4.850000000000002,NEUTRAL,38.06929727172386,INOXWIND.BO
SHORT_RSI_ZONE,INOXWIND,BSE,2025-02-28,2025-03-03,2025-03-03,SHORT,152.8000030517578,156.62000312805174,145.1600028991699,145.1600028991699,TARGET,1,5.000000000000007,4.850000000000007,NEUTRAL,37.072350888618566,INOXWIND.BO
SHORT_RSI_ZONE,INOXWIND,BSE,2025-04-23,2025-04-24,2025-04-25,LONG,175.4499969482422,171.06374702453613,184.2224967956543,171.06374702453613,STOP_LOSS,2,-2.500000000000003,-2.650000000000003,NEUTRAL,60.811072937476055,INOXWIND.BO
SHORT_RSI_ZONE,INOXWIND,BSE,2025-05-19,2025-05-20,2025-05-20,LONG,187.25,182.56875,196.6125,182.56875,STOP_LOSS,1,-2.500000000000003,-2.650000000000003,NEUTRAL,63.22305226266676,INOXWIND.BO
SHORT_RSI_ZONE,INOXWIND,BSE,2025-07-15,2025-07-16,2025-07-25,SHORT,165.9499969482422,170.09874687194824,157.65249710083006,157.65249710083006,TARGET,8,5.00000000000001,4.850000000000009,BULL,35.3133194506305,INOXWIND.BO
SHORT_RSI_ZONE,INOXWIND,BSE,2025-09-25,2025-09-26,2025-10-09,SHORT,141.25,144.78125,134.1875,144.78125,STOP_LOSS,9,-2.5,-2.65,BULL,37.80693617034709,INOXWIND.BO
BOTH_RSI_ZONE,INOXWIND,BSE,2024-11-12,2024-11-13,2024-11-13,SHORT,200.0,204.99999999999997,190.0,190.0,TARGET,1,5.0,4.85,NEUTRAL,37.933237849326225,INOXWIND.BO
BOTH_RSI_ZONE,INOXWIND,BSE,2024-12-18,2024-12-19,2024-12-30,SHORT,186.75,191.41875,177.4125,177.4125,TARGET,7,5.000000000000003,4.850000000000002,NEUTRAL,38.06929727172386,INOXWIND.BO
BOTH_RSI_ZONE,INOXWIND,BSE,2025-02-28,2025-03-03,2025-03-03,SHORT,152.8000030517578,156.62000312805174,145.1600028991699,145.1600028991699,TARGET,1,5.000000000000007,4.850000000000007,NEUTRAL,37.072350888618566,INOXWIND.BO
BOTH_RSI_ZONE,INOXWIND,BSE,2025-04-23,2025-04-24,2025-04-25,LONG,175.4499969482422,171.06374702453613,184.2224967956543,171.06374702453613,STOP_LOSS,2,-2.500000000000003,-2.650000000000003,NEUTRAL,60.811072937476055,INOXWIND.BO
BOTH_RSI_ZONE,INOXWIND,BSE,2025-05-19,2025-05-20,2025-05-20,LONG,187.25,182.56875,196.6125,182.56875,STOP_LOSS,1,-2.500000000000003,-2.650000000000003,NEUTRAL,63.22305226266676,INOXWIND.BO
BOTH_RSI_ZONE,INOXWIND,BSE,2025-07-15,2025-07-16,2025-07-25,SHORT,165.9499969482422,170.09874687194824,157.65249710083006,157.65249710083006,TARGET,8,5.00000000000001,4.850000000000009,BULL,35.3133194506305,INOXWIND.BO
BOTH_RSI_ZONE,INOXWIND,BSE,2025-09-25,2025-09-26,2025-10-09,SHORT,141.25,144.78125,134.1875,144.78125,STOP_LOSS,9,-2.5,-2.65,BULL,37.80693617034709,INOXWIND.BO
LONG_RSI_ZONE_NO_NEUTRAL,INOXWIND,BSE,2025-07-15,2025-07-16,2025-07-25,SHORT,165.9499969482422,170.09874687194824,157.65249710083006,157.65249710083006,TARGET,8,5.00000000000001,4.850000000000009,BULL,35.3133194506305,INOXWIND.BO
LONG_RSI_ZONE_NO_NEUTRAL,INOXWIND,BSE,2025-09-25,2025-09-26,2025-10-09,SHORT,141.25,144.78125,134.1875,144.78125,STOP_LOSS,9,-2.5,-2.65,BULL,37.80693617034709,INOXWIND.BO
CURRENT,JIOFIN,BSE,2024-12-20,2024-12-23,2025-01-07,SHORT,308.95001220703125,316.673762512207,293.50251159667965,299.25,TIME_EXIT,11,3.1396704398027833,2.9896704398027834,NEUTRAL,32.32516446724213,JIOFIN.BO
CURRENT,JIOFIN,BSE,2025-04-16,2025-04-17,2025-04-23,LONG,242.75,236.68125,254.88750000000002,254.88750000000002,TARGET,4,5.000000000000007,4.850000000000007,NEUTRAL,60.12913131822915,JIOFIN.BO
CURRENT,JIOFIN,BSE,2025-08-04,2025-08-05,2025-08-06,LONG,334.8500061035156,326.47875595092773,351.5925064086914,326.47875595092773,STOP_LOSS,2,-2.5,-2.65,BULL,65.60819803214264,JIOFIN.BO
CURRENT,JIOFIN,BSE,2025-09-24,2025-09-25,2025-09-30,SHORT,307.70001220703125,315.392512512207,292.31501159667965,292.31501159667965,TARGET,4,5.0000000000000115,4.850000000000011,BULL,36.88614921279768,JIOFIN.BO
CURRENT,JIOFIN,BSE,2025-11-04,2025-11-06,2025-11-12,SHORT,301.8999938964844,309.4474937438965,286.8049942016601,309.4474937438965,STOP_LOSS,5,-2.4999999999999964,-2.6499999999999964,BULL,39.886045484220695,JIOFIN.BO
CURRENT,JIOFIN,BSE,2026-01-09,2026-01-12,2026-01-20,SHORT,287.0,294.17499999999995,272.65,272.65,TARGET,6,5.000000000000008,4.850000000000008,BULL,38.02323244912185,JIOFIN.BO
CURRENT,JIOFIN,BSE,2026-07-08,2026-07-09,2026-07-10,SHORT,230.5500030517578,236.31375312805173,219.02250289916992,236.31375312805173,STOP_LOSS,2,-2.4999999999999876,-2.6499999999999875,NEUTRAL,39.113464539565385,JIOFIN.BO
CURRENT,JIOFIN,BSE,2026-07-29,2026-07-30,2026-08-03,LONG,248.3000030517578,242.09250297546387,260.7150032043457,260.7150032043457,TARGET,3,4.999999999999996,4.849999999999995,NEUTRAL,62.327062876917545,JIOFIN.BO
LONG_RSI_ZONE,JIOFIN,BSE,2024-12-20,2024-12-23,2025-01-07,SHORT,308.95001220703125,316.673762512207,293.50251159667965,299.25,TIME_EXIT,11,3.1396704398027833,2.9896704398027834,NEUTRAL,32.32516446724213,JIOFIN.BO
LONG_RSI_ZONE,JIOFIN,BSE,2025-04-16,2025-04-17,2025-04-23,LONG,242.75,236.68125,254.88750000000002,254.88750000000002,TARGET,4,5.000000000000007,4.850000000000007,NEUTRAL,60.12913131822915,JIOFIN.BO
LONG_RSI_ZONE,JIOFIN,BSE,2025-09-24,2025-09-25,2025-09-30,SHORT,307.70001220703125,315.392512512207,292.31501159667965,292.31501159667965,TARGET,4,5.0000000000000115,4.850000000000011,BULL,36.88614921279768,JIOFIN.BO
LONG_RSI_ZONE,JIOFIN,BSE,2025-11-04,2025-11-06,2025-11-12,SHORT,301.8999938964844,309.4474937438965,286.8049942016601,309.4474937438965,STOP_LOSS,5,-2.4999999999999964,-2.6499999999999964,BULL,39.886045484220695,JIOFIN.BO
LONG_RSI_ZONE,JIOFIN,BSE,2026-01-09,2026-01-12,2026-01-20,SHORT,287.0,294.17499999999995,272.65,272.65,TARGET,6,5.000000000000008,4.850000000000008,BULL,38.02323244912185,JIOFIN.BO
LONG_RSI_ZONE,JIOFIN,BSE,2026-07-08,2026-07-09,2026-07-10,SHORT,230.5500030517578,236.31375312805173,219.02250289916992,236.31375312805173,STOP_LOSS,2,-2.4999999999999876,-2.6499999999999875,NEUTRAL,39.113464539565385,JIOFIN.BO
LONG_RSI_ZONE,JIOFIN,BSE,2026-07-29,2026-07-30,2026-08-03,LONG,248.3000030517578,242.09250297546387,260.7150032043457,260.7150032043457,TARGET,3,4.999999999999996,4.849999999999995,NEUTRAL,62.327062876917545,JIOFIN.BO
SHORT_RSI_ZONE,JIOFIN,BSE,2024-12-20,2024-12-23,2025-01-07,SHORT,308.95001220703125,316.673762512207,293.50251159667965,299.25,TIME_EXIT,11,3.1396704398027833,2.9896704398027834,NEUTRAL,32.32516446724213,JIOFIN.BO
SHORT_RSI_ZONE,JIOFIN,BSE,2025-04-16,2025-04-17,2025-04-23,LONG,242.75,236.68125,254.88750000000002,254.88750000000002,TARGET,4,5.000000000000007,4.850000000000007,NEUTRAL,60.12913131822915,JIOFIN.BO
SHORT_RSI_ZONE,JIOFIN,BSE,2025-08-04,2025-08-05,2025-08-06,LONG,334.8500061035156,326.47875595092773,351.5925064086914,326.47875595092773,STOP_LOSS,2,-2.5,-2.65,BULL,65.60819803214264,JIOFIN.BO
SHORT_RSI_ZONE,JIOFIN,BSE,2025-09-24,2025-09-25,2025-09-30,SHORT,307.70001220703125,315.392512512207,292.31501159667965,292.31501159667965,TARGET,4,5.0000000000000115,4.850000000000011,BULL,36.88614921279768,JIOFIN.BO
SHORT_RSI_ZONE,JIOFIN,BSE,2025-11-04,2025-11-06,2025-11-12,SHORT,301.8999938964844,309.4474937438965,286.8049942016601,309.4474937438965,STOP_LOSS,5,-2.4999999999999964,-2.6499999999999964,BULL,39.886045484220695,JIOFIN.BO
SHORT_RSI_ZONE,JIOFIN,BSE,2026-01-09,2026-01-12,2026-01-20,SHORT,287.0,294.17499999999995,272.65,272.65,TARGET,6,5.000000000000008,4.850000000000008,BULL,38.02323244912185,JIOFIN.BO
SHORT_RSI_ZONE,JIOFIN,BSE,2026-07-08,2026-07-09,2026-07-10,SHORT,230.5500030517578,236.31375312805173,219.02250289916992,236.31375312805173,STOP_LOSS,2,-2.4999999999999876,-2.6499999999999875,NEUTRAL,39.113464539565385,JIOFIN.BO
SHORT_RSI_ZONE,JIOFIN,BSE,2026-07-29,2026-07-30,2026-08-03,LONG,248.3000030517578,242.09250297546387,260.7150032043457,260.7150032043457,TARGET,3,4.999999999999996,4.849999999999995,NEUTRAL,62.327062876917545,JIOFIN.BO
BOTH_RSI_ZONE,JIOFIN,BSE,2024-12-20,2024-12-23,2025-01-07,SHORT,308.95001220703125,316.673762512207,293.50251159667965,299.25,TIME_EXIT,11,3.1396704398027833,2.9896704398027834,NEUTRAL,32.32516446724213,JIOFIN.BO
BOTH_RSI_ZONE,JIOFIN,BSE,2025-04-16,2025-04-17,2025-04-23,LONG,242.75,236.68125,254.88750000000002,254.88750000000002,TARGET,4,5.000000000000007,4.850000000000007,NEUTRAL,60.12913131822915,JIOFIN.BO
BOTH_RSI_ZONE,JIOFIN,BSE,2025-09-24,2025-09-25,2025-09-30,SHORT,307.70001220703125,315.392512512207,292.31501159667965,292.31501159667965,TARGET,4,5.0000000000000115,4.850000000000011,BULL,36.88614921279768,JIOFIN.BO
BOTH_RSI_ZONE,JIOFIN,BSE,2025-11-04,2025-11-06,2025-11-12,SHORT,301.8999938964844,309.4474937438965,286.8049942016601,309.4474937438965,STOP_LOSS,5,-2.4999999999999964,-2.6499999999999964,BULL,39.886045484220695,JIOFIN.BO
BOTH_RSI_ZONE,JIOFIN,BSE,2026-01-09,2026-01-12,2026-01-20,SHORT,287.0,294.17499999999995,272.65,272.65,TARGET,6,5.000000000000008,4.850000000000008,BULL,38.02323244912185,JIOFIN.BO
BOTH_RSI_ZONE,JIOFIN,BSE,2026-07-08,2026-07-09,2026-07-10,SHORT,230.5500030517578,236.31375312805173,219.02250289916992,236.31375312805173,STOP_LOSS,2,-2.4999999999999876,-2.6499999999999875,NEUTRAL,39.113464539565385,JIOFIN.BO
BOTH_RSI_ZONE,JIOFIN,BSE,2026-07-29,2026-07-30,2026-08-03,LONG,248.3000030517578,242.09250297546387,260.7150032043457,260.7150032043457,TARGET,3,4.999999999999996,4.849999999999995,NEUTRAL,62.327062876917545,JIOFIN.BO
LONG_RSI_ZONE_NO_NEUTRAL,JIOFIN,BSE,2025-09-24,2025-09-25,2025-09-30,SHORT,307.70001220703125,315.392512512207,292.31501159667965,292.31501159667965,TARGET,4,5.0000000000000115,4.850000000000011,BULL,36.88614921279768,JIOFIN.BO
LONG_RSI_ZONE_NO_NEUTRAL,JIOFIN,BSE,2025-11-04,2025-11-06,2025-11-12,SHORT,301.8999938964844,309.4474937438965,286.8049942016601,309.4474937438965,STOP_LOSS,5,-2.4999999999999964,-2.6499999999999964,BULL,39.886045484220695,JIOFIN.BO
LONG_RSI_ZONE_NO_NEUTRAL,JIOFIN,BSE,2026-01-09,2026-01-12,2026-01-20,SHORT,287.0,294.17499999999995,272.65,272.65,TARGET,6,5.000000000000008,4.850000000000008,BULL,38.02323244912185,JIOFIN.BO
CURRENT,MOTHERSON,BSE,2025-04-04,2025-04-07,2025-04-07,SHORT,71.69999694824219,73.49249687194823,68.11499710083008,73.49249687194823,STOP_LOSS,1,-2.499999999999988,-2.649999999999988,NEUTRAL,36.6847606453674,MOTHERSON.BO
CURRENT,MOTHERSON,BSE,2025-04-23,2025-04-24,2025-04-25,LONG,90.56666564941406,88.30249900817871,95.09499893188477,88.30249900817871,STOP_LOSS,2,-2.499999999999997,-2.649999999999997,NEUTRAL,60.928282750707055,MOTHERSON.BO
CURRENT,MOTHERSON,BSE,2025-11-13,2025-11-14,2025-11-18,LONG,111.3499984741211,108.56624851226806,116.91749839782716,108.56624851226806,STOP_LOSS,3,-2.500000000000005,-2.650000000000005,BULL,61.81974488617346,MOTHERSON.BO
CURRENT,MOTHERSON,BSE,2025-11-19,2025-11-20,2025-11-21,LONG,112.9000015258789,110.07750148773194,118.54500160217286,110.07750148773194,STOP_LOSS,2,-2.4999999999999973,-2.6499999999999972,BULL,66.93409101250137,MOTHERSON.BO
CURRENT,MOTHERSON,BSE,2026-02-04,2026-02-05,2026-02-06,LONG,121.8000030517578,118.75500297546385,127.89000320434569,118.75500297546385,STOP_LOSS,2,-2.5,-2.65,NEUTRAL,64.56240337263401,MOTHERSON.BO
CURRENT,MOTHERSON,BSE,2026-07-27,2026-07-28,2026-08-03,LONG,147.4499969482422,143.76374702453612,154.8224967956543,154.8224967956543,TARGET,5,5.0000000000000036,4.850000000000003,NEUTRAL,60.92549972535882,MOTHERSON.BO
LONG_RSI_ZONE,MOTHERSON,BSE,2025-04-04,2025-04-07,2025-04-07,SHORT,71.69999694824219,73.49249687194823,68.11499710083008,73.49249687194823,STOP_LOSS,1,-2.499999999999988,-2.649999999999988,NEUTRAL,36.6847606453674,MOTHERSON.BO
LONG_RSI_ZONE,MOTHERSON,BSE,2025-04-23,2025-04-24,2025-04-25,LONG,90.56666564941406,88.30249900817871,95.09499893188477,88.30249900817871,STOP_LOSS,2,-2.499999999999997,-2.649999999999997,NEUTRAL,60.928282750707055,MOTHERSON.BO
LONG_RSI_ZONE,MOTHERSON,BSE,2025-11-13,2025-11-14,2025-11-18,LONG,111.3499984741211,108.56624851226806,116.91749839782716,108.56624851226806,STOP_LOSS,3,-2.500000000000005,-2.650000000000005,BULL,61.81974488617346,MOTHERSON.BO
LONG_RSI_ZONE,MOTHERSON,BSE,2026-02-04,2026-02-05,2026-02-06,LONG,121.8000030517578,118.75500297546385,127.89000320434569,118.75500297546385,STOP_LOSS,2,-2.5,-2.65,NEUTRAL,64.56240337263401,MOTHERSON.BO
LONG_RSI_ZONE,MOTHERSON,BSE,2026-07-27,2026-07-28,2026-08-03,LONG,147.4499969482422,143.76374702453612,154.8224967956543,154.8224967956543,TARGET,5,5.0000000000000036,4.850000000000003,NEUTRAL,60.92549972535882,MOTHERSON.BO
SHORT_RSI_ZONE,MOTHERSON,BSE,2025-04-04,2025-04-07,2025-04-07,SHORT,71.69999694824219,73.49249687194823,68.11499710083008,73.49249687194823,STOP_LOSS,1,-2.499999999999988,-2.649999999999988,NEUTRAL,36.6847606453674,MOTHERSON.BO
SHORT_RSI_ZONE,MOTHERSON,BSE,2025-04-23,2025-04-24,2025-04-25,LONG,90.56666564941406,88.30249900817871,95.09499893188477,88.30249900817871,STOP_LOSS,2,-2.499999999999997,-2.649999999999997,NEUTRAL,60.928282750707055,MOTHERSON.BO
SHORT_RSI_ZONE,MOTHERSON,BSE,2025-11-13,2025-11-14,2025-11-18,LONG,111.3499984741211,108.56624851226806,116.91749839782716,108.56624851226806,STOP_LOSS,3,-2.500000000000005,-2.650000000000005,BULL,61.81974488617346,MOTHERSON.BO
SHORT_RSI_ZONE,MOTHERSON,BSE,2025-11-19,2025-11-20,2025-11-21,LONG,112.9000015258789,110.07750148773194,118.54500160217286,110.07750148773194,STOP_LOSS,2,-2.4999999999999973,-2.6499999999999972,BULL,66.93409101250137,MOTHERSON.BO
SHORT_RSI_ZONE,MOTHERSON,BSE,2026-02-04,2026-02-05,2026-02-06,LONG,121.8000030517578,118.75500297546385,127.89000320434569,118.75500297546385,STOP_LOSS,2,-2.5,-2.65,NEUTRAL,64.56240337263401,MOTHERSON.BO
SHORT_RSI_ZONE,MOTHERSON,BSE,2026-07-27,2026-07-28,2026-08-03,LONG,147.4499969482422,143.76374702453612,154.8224967956543,154.8224967956543,TARGET,5,5.0000000000000036,4.850000000000003,NEUTRAL,60.92549972535882,MOTHERSON.BO
BOTH_RSI_ZONE,MOTHERSON,BSE,2025-04-04,2025-04-07,2025-04-07,SHORT,71.69999694824219,73.49249687194823,68.11499710083008,73.49249687194823,STOP_LOSS,1,-2.499999999999988,-2.649999999999988,NEUTRAL,36.6847606453674,MOTHERSON.BO
BOTH_RSI_ZONE,MOTHERSON,BSE,2025-04-23,2025-04-24,2025-04-25,LONG,90.56666564941406,88.30249900817871,95.09499893188477,88.30249900817871,STOP_LOSS,2,-2.499999999999997,-2.649999999999997,NEUTRAL,60.928282750707055,MOTHERSON.BO
BOTH_RSI_ZONE,MOTHERSON,BSE,2025-11-13,2025-11-14,2025-11-18,LONG,111.3499984741211,108.56624851226806,116.91749839782716,108.56624851226806,STOP_LOSS,3,-2.500000000000005,-2.650000000000005,BULL,61.81974488617346,MOTHERSON.BO
BOTH_RSI_ZONE,MOTHERSON,BSE,2026-02-04,2026-02-05,2026-02-06,LONG,121.8000030517578,118.75500297546385,127.89000320434569,118.75500297546385,STOP_LOSS,2,-2.5,-2.65,NEUTRAL,64.56240337263401,MOTHERSON.BO
BOTH_RSI_ZONE,MOTHERSON,BSE,2026-07-27,2026-07-28,2026-08-03,LONG,147.4499969482422,143.76374702453612,154.8224967956543,154.8224967956543,TARGET,5,5.0000000000000036,4.850000000000003,NEUTRAL,60.92549972535882,MOTHERSON.BO
LONG_RSI_ZONE_NO_NEUTRAL,MOTHERSON,BSE,2025-11-13,2025-11-14,2025-11-18,LONG,111.3499984741211,108.56624851226806,116.91749839782716,108.56624851226806,STOP_LOSS,3,-2.500000000000005,-2.650000000000005,BULL,61.81974488617346,MOTHERSON.BO
CURRENT,RELIANCE,BSE,2025-04-07,2025-04-08,2025-04-11,SHORT,1177.8499755859375,1207.2962249755858,1118.9574768066407,1207.2962249755858,STOP_LOSS,3,-2.4999999999999885,-2.6499999999999884,NEUTRAL,30.17676135175701,500325.BO
CURRENT,RELIANCE,BSE,2025-04-21,2025-04-22,2025-04-28,LONG,1300.0,1267.5,1365.0,1365.0,TARGET,5,5.0,4.85,NEUTRAL,62.55938668519826,500325.BO
CURRENT,RELIANCE,BSE,2025-09-30,2025-10-01,2025-10-16,SHORT,1364.25,1398.3562499999998,1296.0375,1398.3562499999998,STOP_LOSS,11,-2.4999999999999867,-2.6499999999999866,BULL,38.51932769129348,500325.BO
CURRENT,RELIANCE,BSE,2026-01-08,2026-01-09,2026-01-20,SHORT,1466.949951171875,1503.6236999511718,1393.602453613281,1393.602453613281,TARGET,6,5.000000000000009,4.8500000000000085,BULL,33.62990370459718,500325.BO
CURRENT,RELIANCE,BSE,2026-03-27,2026-03-30,2026-04-01,SHORT,1335.0,1368.3749999999998,1268.25,1368.3749999999998,STOP_LOSS,3,-2.499999999999983,-2.649999999999983,BEAR,36.780669458428605,500325.BO
CURRENT,RELIANCE,BSE,2026-04-02,2026-04-06,2026-04-21,SHORT,1351.5999755859375,1385.3899749755858,1284.0199768066407,1353.6500244140625,TIME_EXIT,11,-0.15167570769126976,-0.3016757076912697,BEAR,39.867185936859215,500325.BO
CURRENT,RELIANCE,BSE,2026-05-15,2026-05-18,2026-05-21,SHORT,1336.0,1369.3999999999999,1269.2,1369.3999999999999,STOP_LOSS,4,-2.49999999999999,-2.6499999999999897,BEAR,39.64112943753818,500325.BO
LONG_RSI_ZONE,RELIANCE,BSE,2025-04-07,2025-04-08,2025-04-11,SHORT,1177.8499755859375,1207.2962249755858,1118.9574768066407,1207.2962249755858,STOP_LOSS,3,-2.4999999999999885,-2.6499999999999884,NEUTRAL,30.17676135175701,500325.BO
LONG_RSI_ZONE,RELIANCE,BSE,2025-04-21,2025-04-22,2025-04-28,LONG,1300.0,1267.5,1365.0,1365.0,TARGET,5,5.0,4.85,NEUTRAL,62.55938668519826,500325.BO
LONG_RSI_ZONE,RELIANCE,BSE,2025-09-30,2025-10-01,2025-10-16,SHORT,1364.25,1398.3562499999998,1296.0375,1398.3562499999998,STOP_LOSS,11,-2.4999999999999867,-2.6499999999999866,BULL,38.51932769129348,500325.BO
LONG_RSI_ZONE,RELIANCE,BSE,2026-01-08,2026-01-09,2026-01-20,SHORT,1466.949951171875,1503.6236999511718,1393.602453613281,1393.602453613281,TARGET,6,5.000000000000009,4.8500000000000085,BULL,33.62990370459718,500325.BO
LONG_RSI_ZONE,RELIANCE,BSE,2026-03-27,2026-03-30,2026-04-01,SHORT,1335.0,1368.3749999999998,1268.25,1368.3749999999998,STOP_LOSS,3,-2.499999999999983,-2.649999999999983,BEAR,36.780669458428605,500325.BO
LONG_RSI_ZONE,RELIANCE,BSE,2026-04-02,2026-04-06,2026-04-21,SHORT,1351.5999755859375,1385.3899749755858,1284.0199768066407,1353.6500244140625,TIME_EXIT,11,-0.15167570769126976,-0.3016757076912697,BEAR,39.867185936859215,500325.BO
LONG_RSI_ZONE,RELIANCE,BSE,2026-05-15,2026-05-18,2026-05-21,SHORT,1336.0,1369.3999999999999,1269.2,1369.3999999999999,STOP_LOSS,4,-2.49999999999999,-2.6499999999999897,BEAR,39.64112943753818,500325.BO
SHORT_RSI_ZONE,RELIANCE,BSE,2025-04-07,2025-04-08,2025-04-11,SHORT,1177.8499755859375,1207.2962249755858,1118.9574768066407,1207.2962249755858,STOP_LOSS,3,-2.4999999999999885,-2.6499999999999884,NEUTRAL,30.17676135175701,500325.BO
SHORT_RSI_ZONE,RELIANCE,BSE,2025-04-21,2025-04-22,2025-04-28,LONG,1300.0,1267.5,1365.0,1365.0,TARGET,5,5.0,4.85,NEUTRAL,62.55938668519826,500325.BO
SHORT_RSI_ZONE,RELIANCE,BSE,2025-09-30,2025-10-01,2025-10-16,SHORT,1364.25,1398.3562499999998,1296.0375,1398.3562499999998,STOP_LOSS,11,-2.4999999999999867,-2.6499999999999866,BULL,38.51932769129348,500325.BO
SHORT_RSI_ZONE,RELIANCE,BSE,2026-01-08,2026-01-09,2026-01-20,SHORT,1466.949951171875,1503.6236999511718,1393.602453613281,1393.602453613281,TARGET,6,5.000000000000009,4.8500000000000085,BULL,33.62990370459718,500325.BO
SHORT_RSI_ZONE,RELIANCE,BSE,2026-03-27,2026-03-30,2026-04-01,SHORT,1335.0,1368.3749999999998,1268.25,1368.3749999999998,STOP_LOSS,3,-2.499999999999983,-2.649999999999983,BEAR,36.780669458428605,500325.BO
SHORT_RSI_ZONE,RELIANCE,BSE,2026-04-02,2026-04-06,2026-04-21,SHORT,1351.5999755859375,1385.3899749755858,1284.0199768066407,1353.6500244140625,TIME_EXIT,11,-0.15167570769126976,-0.3016757076912697,BEAR,39.867185936859215,500325.BO
SHORT_RSI_ZONE,RELIANCE,BSE,2026-05-15,2026-05-18,2026-05-21,SHORT,1336.0,1369.3999999999999,1269.2,1369.3999999999999,STOP_LOSS,4,-2.49999999999999,-2.6499999999999897,BEAR,39.64112943753818,500325.BO
BOTH_RSI_ZONE,RELIANCE,BSE,2025-04-07,2025-04-08,2025-04-11,SHORT,1177.8499755859375,1207.2962249755858,1118.9574768066407,1207.2962249755858,STOP_LOSS,3,-2.4999999999999885,-2.6499999999999884,NEUTRAL,30.17676135175701,500325.BO
BOTH_RSI_ZONE,RELIANCE,BSE,2025-04-21,2025-04-22,2025-04-28,LONG,1300.0,1267.5,1365.0,1365.0,TARGET,5,5.0,4.85,NEUTRAL,62.55938668519826,500325.BO
BOTH_RSI_ZONE,RELIANCE,BSE,2025-09-30,2025-10-01,2025-10-16,SHORT,1364.25,1398.3562499999998,1296.0375,1398.3562499999998,STOP_LOSS,11,-2.4999999999999867,-2.6499999999999866,BULL,38.51932769129348,500325.BO
BOTH_RSI_ZONE,RELIANCE,BSE,2026-01-08,2026-01-09,2026-01-20,SHORT,1466.949951171875,1503.6236999511718,1393.602453613281,1393.602453613281,TARGET,6,5.000000000000009,4.8500000000000085,BULL,33.62990370459718,500325.BO
BOTH_RSI_ZONE,RELIANCE,BSE,2026-03-27,2026-03-30,2026-04-01,SHORT,1335.0,1368.3749999999998,1268.25,1368.3749999999998,STOP_LOSS,3,-2.499999999999983,-2.649999999999983,BEAR,36.780669458428605,500325.BO
BOTH_RSI_ZONE,RELIANCE,BSE,2026-04-02,2026-04-06,2026-04-21,SHORT,1351.5999755859375,1385.3899749755858,1284.0199768066407,1353.6500244140625,TIME_EXIT,11,-0.15167570769126976,-0.3016757076912697,BEAR,39.867185936859215,500325.BO
BOTH_RSI_ZONE,RELIANCE,BSE,2026-05-15,2026-05-18,2026-05-21,SHORT,1336.0,1369.3999999999999,1269.2,1369.3999999999999,STOP_LOSS,4,-2.49999999999999,-2.6499999999999897,BEAR,39.64112943753818,500325.BO
LONG_RSI_ZONE_NO_NEUTRAL,RELIANCE,BSE,2025-09-30,2025-10-01,2025-10-16,SHORT,1364.25,1398.3562499999998,1296.0375,1398.3562499999998,STOP_LOSS,11,-2.4999999999999867,-2.6499999999999866,BULL,38.51932769129348,500325.BO
LONG_RSI_ZONE_NO_NEUTRAL,RELIANCE,BSE,2026-01-08,2026-01-09,2026-01-20,SHORT,1466.949951171875,1503.6236999511718,1393.602453613281,1393.602453613281,TARGET,6,5.000000000000009,4.8500000000000085,BULL,33.62990370459718,500325.BO
LONG_RSI_ZONE_NO_NEUTRAL,RELIANCE,BSE,2026-03-27,2026-03-30,2026-04-01,SHORT,1335.0,1368.3749999999998,1268.25,1368.3749999999998,STOP_LOSS,3,-2.499999999999983,-2.649999999999983,BEAR,36.780669458428605,500325.BO
LONG_RSI_ZONE_NO_NEUTRAL,RELIANCE,BSE,2026-04-02,2026-04-06,2026-04-21,SHORT,1351.5999755859375,1385.3899749755858,1284.0199768066407,1353.6500244140625,TIME_EXIT,11,-0.15167570769126976,-0.3016757076912697,BEAR,39.867185936859215,500325.BO
LONG_RSI_ZONE_NO_NEUTRAL,RELIANCE,BSE,2026-05-15,2026-05-18,2026-05-21,SHORT,1336.0,1369.3999999999999,1269.2,1369.3999999999999,STOP_LOSS,4,-2.49999999999999,-2.6499999999999897,BEAR,39.64112943753818,500325.BO
LONG_RSI_ZONE_BEAR_ONLY,RELIANCE,BSE,2026-03-27,2026-03-30,2026-04-01,SHORT,1335.0,1368.3749999999998,1268.25,1368.3749999999998,STOP_LOSS,3,-2.499999999999983,-2.649999999999983,BEAR,36.780669458428605,500325.BO
LONG_RSI_ZONE_BEAR_ONLY,RELIANCE,BSE,2026-04-02,2026-04-06,2026-04-21,SHORT,1351.5999755859375,1385.3899749755858,1284.0199768066407,1353.6500244140625,TIME_EXIT,11,-0.15167570769126976,-0.3016757076912697,BEAR,39.867185936859215,500325.BO
LONG_RSI_ZONE_BEAR_ONLY,RELIANCE,BSE,2026-05-15,2026-05-18,2026-05-21,SHORT,1336.0,1369.3999999999999,1269.2,1369.3999999999999,STOP_LOSS,4,-2.49999999999999,-2.6499999999999897,BEAR,39.64112943753818,500325.BO
CURRENT,SHUKRAPHAR,BSE,2025-03-03,2025-03-04,2025-03-05,LONG,25.700000762939453,25.057500743865965,26.98500080108643,25.057500743865965,STOP_LOSS,2,-2.5000000000000058,-2.6500000000000057,NEUTRAL,72.12046105502098,SHUKRAPHAR.BO
CURRENT,SHUKRAPHAR,BSE,2025-08-21,2025-08-22,2025-08-26,LONG,22.8700008392334,22.298250818252562,24.013500881195068,24.013500881195068,TARGET,3,4.9999999999999964,4.849999999999996,NEUTRAL,67.09719136018461,SHUKRAPHAR.BO
CURRENT,SHUKRAPHAR,BSE,2025-12-09,2025-12-10,2025-12-11,LONG,46.43999862670898,45.27899866104125,48.761998558044425,45.27899866104125,STOP_LOSS,2,-2.500000000000006,-2.650000000000006,BULL,65.81055103789751,SHUKRAPHAR.BO
CURRENT,SHUKRAPHAR,BSE,2026-07-06,2026-07-07,2026-07-07,LONG,33.70000076293945,32.85750074386596,35.38500080108643,32.85750074386596,STOP_LOSS,1,-2.5000000000000124,-2.6500000000000123,NEUTRAL,65.13740861128045,SHUKRAPHAR.BO
CURRENT,SHUKRAPHAR,BSE,2026-08-06,2026-08-07,2026-08-07,LONG,37.310001373291016,36.377251338958736,39.17550144195557,39.17550144195557,TARGET,1,5.0000000000000036,4.850000000000003,BULL,67.83443852921158,SHUKRAPHAR.BO
LONG_RSI_ZONE,SHUKRAPHAR,BSE,2026-07-08,2026-07-09,2026-07-09,LONG,33.25,32.418749999999996,34.9125,34.9125,TARGET,1,5.000000000000004,4.850000000000004,NEUTRAL,64.5778527011691,SHUKRAPHAR.BO
LONG_RSI_ZONE,SHUKRAPHAR,BSE,2026-08-11,2026-08-12,2026-08-12,LONG,37.0,36.074999999999996,38.85,36.074999999999996,STOP_LOSS,1,-2.5000000000000115,-2.6500000000000115,BULL,62.66849522505619,SHUKRAPHAR.BO
SHORT_RSI_ZONE,SHUKRAPHAR,BSE,2025-03-03,2025-03-04,2025-03-05,LONG,25.700000762939453,25.057500743865965,26.98500080108643,25.057500743865965,STOP_LOSS,2,-2.5000000000000058,-2.6500000000000057,NEUTRAL,72.12046105502098,SHUKRAPHAR.BO
SHORT_RSI_ZONE,SHUKRAPHAR,BSE,2025-08-21,2025-08-22,2025-08-26,LONG,22.8700008392334,22.298250818252562,24.013500881195068,24.013500881195068,TARGET,3,4.9999999999999964,4.849999999999996,NEUTRAL,67.09719136018461,SHUKRAPHAR.BO
SHORT_RSI_ZONE,SHUKRAPHAR,BSE,2025-12-09,2025-12-10,2025-12-11,LONG,46.43999862670898,45.27899866104125,48.761998558044425,45.27899866104125,STOP_LOSS,2,-2.500000000000006,-2.650000000000006,BULL,65.81055103789751,SHUKRAPHAR.BO
SHORT_RSI_ZONE,SHUKRAPHAR,BSE,2026-07-06,2026-07-07,2026-07-07,LONG,33.70000076293945,32.85750074386596,35.38500080108643,32.85750074386596,STOP_LOSS,1,-2.5000000000000124,-2.6500000000000123,NEUTRAL,65.13740861128045,SHUKRAPHAR.BO
SHORT_RSI_ZONE,SHUKRAPHAR,BSE,2026-08-06,2026-08-07,2026-08-07,LONG,37.310001373291016,36.377251338958736,39.17550144195557,39.17550144195557,TARGET,1,5.0000000000000036,4.850000000000003,BULL,67.83443852921158,SHUKRAPHAR.BO
BOTH_RSI_ZONE,SHUKRAPHAR,BSE,2026-07-08,2026-07-09,2026-07-09,LONG,33.25,32.418749999999996,34.9125,34.9125,TARGET,1,5.000000000000004,4.850000000000004,NEUTRAL,64.5778527011691,SHUKRAPHAR.BO
BOTH_RSI_ZONE,SHUKRAPHAR,BSE,2026-08-11,2026-08-12,2026-08-12,LONG,37.0,36.074999999999996,38.85,36.074999999999996,STOP_LOSS,1,-2.5000000000000115,-2.6500000000000115,BULL,62.66849522505619,SHUKRAPHAR.BO
LONG_RSI_ZONE_NO_NEUTRAL,SHUKRAPHAR,BSE,2026-08-11,2026-08-12,2026-08-12,LONG,37.0,36.074999999999996,38.85,36.074999999999996,STOP_LOSS,1,-2.5000000000000115,-2.6500000000000115,BULL,62.66849522505619,SHUKRAPHAR.BO
CURRENT,VEDL,BSE,2025-02-14,2025-02-17,2025-02-19,SHORT,412.9500122070313,423.27376251220704,392.3025115966797,423.27376251220704,STOP_LOSS,3,-2.499999999999989,-2.649999999999989,NEUTRAL,38.898090041490626,VEDL.BO
CURRENT,VEDL,BSE,2025-04-07,2025-04-08,2025-04-08,SHORT,389.2000122070313,398.93001251220704,369.7400115966797,369.7400115966797,TARGET,1,5.000000000000005,4.850000000000005,NEUTRAL,26.432876961537076,VEDL.BO
CURRENT,VEDL,BSE,2025-07-31,2025-08-01,2025-08-05,SHORT,426.2000122070313,436.85501251220705,404.8900115966797,436.85501251220705,STOP_LOSS,3,-2.499999999999992,-2.649999999999992,BULL,34.849984329927395,VEDL.BO
CURRENT,VEDL,BSE,2025-08-29,2025-09-01,2025-09-01,SHORT,422.25,432.80625,401.1375,432.80625,STOP_LOSS,1,-2.4999999999999947,-2.6499999999999946,BEAR,38.49852244052843,VEDL.BO
CURRENT,VEDL,BSE,2026-04-08,2026-04-09,2026-04-15,LONG,725.9000244140625,707.7525238037109,762.1950256347657,762.1950256347657,TARGET,4,5.000000000000006,4.850000000000006,BEAR,60.108304166572815,VEDL.BO
CURRENT,VEDL,BSE,2026-04-30,2026-05-04,2026-05-04,SHORT,278.0,284.95,264.09999999999997,284.95,STOP_LOSS,1,-2.499999999999996,-2.649999999999996,BEAR,16.57388862643785,VEDL.BO
LONG_RSI_ZONE,VEDL,BSE,2025-02-14,2025-02-17,2025-02-19,SHORT,412.9500122070313,423.27376251220704,392.3025115966797,423.27376251220704,STOP_LOSS,3,-2.499999999999989,-2.649999999999989,NEUTRAL,38.898090041490626,VEDL.BO
LONG_RSI_ZONE,VEDL,BSE,2025-04-07,2025-04-08,2025-04-08,SHORT,389.2000122070313,398.93001251220704,369.7400115966797,369.7400115966797,TARGET,1,5.000000000000005,4.850000000000005,NEUTRAL,26.432876961537076,VEDL.BO
LONG_RSI_ZONE,VEDL,BSE,2025-07-31,2025-08-01,2025-08-05,SHORT,426.2000122070313,436.85501251220705,404.8900115966797,436.85501251220705,STOP_LOSS,3,-2.499999999999992,-2.649999999999992,BULL,34.849984329927395,VEDL.BO
LONG_RSI_ZONE,VEDL,BSE,2025-08-29,2025-09-01,2025-09-01,SHORT,422.25,432.80625,401.1375,432.80625,STOP_LOSS,1,-2.4999999999999947,-2.6499999999999946,BEAR,38.49852244052843,VEDL.BO
LONG_RSI_ZONE,VEDL,BSE,2026-04-08,2026-04-09,2026-04-15,LONG,725.9000244140625,707.7525238037109,762.1950256347657,762.1950256347657,TARGET,4,5.000000000000006,4.850000000000006,BEAR,60.108304166572815,VEDL.BO
LONG_RSI_ZONE,VEDL,BSE,2026-04-30,2026-05-04,2026-05-04,SHORT,278.0,284.95,264.09999999999997,284.95,STOP_LOSS,1,-2.499999999999996,-2.649999999999996,BEAR,16.57388862643785,VEDL.BO
SHORT_RSI_ZONE,VEDL,BSE,2025-02-14,2025-02-17,2025-02-19,SHORT,412.9500122070313,423.27376251220704,392.3025115966797,423.27376251220704,STOP_LOSS,3,-2.499999999999989,-2.649999999999989,NEUTRAL,38.898090041490626,VEDL.BO
SHORT_RSI_ZONE,VEDL,BSE,2025-07-31,2025-08-01,2025-08-05,SHORT,426.2000122070313,436.85501251220705,404.8900115966797,436.85501251220705,STOP_LOSS,3,-2.499999999999992,-2.649999999999992,BULL,34.849984329927395,VEDL.BO
SHORT_RSI_ZONE,VEDL,BSE,2025-08-29,2025-09-01,2025-09-01,SHORT,422.25,432.80625,401.1375,432.80625,STOP_LOSS,1,-2.4999999999999947,-2.6499999999999946,BEAR,38.49852244052843,VEDL.BO
SHORT_RSI_ZONE,VEDL,BSE,2026-04-08,2026-04-09,2026-04-15,LONG,725.9000244140625,707.7525238037109,762.1950256347657,762.1950256347657,TARGET,4,5.000000000000006,4.850000000000006,BEAR,60.108304166572815,VEDL.BO
BOTH_RSI_ZONE,VEDL,BSE,2025-02-14,2025-02-17,2025-02-19,SHORT,412.9500122070313,423.27376251220704,392.3025115966797,423.27376251220704,STOP_LOSS,3,-2.499999999999989,-2.649999999999989,NEUTRAL,38.898090041490626,VEDL.BO
BOTH_RSI_ZONE,VEDL,BSE,2025-07-31,2025-08-01,2025-08-05,SHORT,426.2000122070313,436.85501251220705,404.8900115966797,436.85501251220705,STOP_LOSS,3,-2.499999999999992,-2.649999999999992,BULL,34.849984329927395,VEDL.BO
BOTH_RSI_ZONE,VEDL,BSE,2025-08-29,2025-09-01,2025-09-01,SHORT,422.25,432.80625,401.1375,432.80625,STOP_LOSS,1,-2.4999999999999947,-2.6499999999999946,BEAR,38.49852244052843,VEDL.BO
BOTH_RSI_ZONE,VEDL,BSE,2026-04-08,2026-04-09,2026-04-15,LONG,725.9000244140625,707.7525238037109,762.1950256347657,762.1950256347657,TARGET,4,5.000000000000006,4.850000000000006,BEAR,60.108304166572815,VEDL.BO
LONG_RSI_ZONE_NO_NEUTRAL,VEDL,BSE,2025-07-31,2025-08-01,2025-08-05,SHORT,426.2000122070313,436.85501251220705,404.8900115966797,436.85501251220705,STOP_LOSS,3,-2.499999999999992,-2.649999999999992,BULL,34.849984329927395,VEDL.BO
LONG_RSI_ZONE_NO_NEUTRAL,VEDL,BSE,2025-08-29,2025-09-01,2025-09-01,SHORT,422.25,432.80625,401.1375,432.80625,STOP_LOSS,1,-2.4999999999999947,-2.6499999999999946,BEAR,38.49852244052843,VEDL.BO
LONG_RSI_ZONE_NO_NEUTRAL,VEDL,BSE,2026-04-08,2026-04-09,2026-04-15,LONG,725.9000244140625,707.7525238037109,762.1950256347657,762.1950256347657,TARGET,4,5.000000000000006,4.850000000000006,BEAR,60.108304166572815,VEDL.BO
LONG_RSI_ZONE_NO_NEUTRAL,VEDL,BSE,2026-04-30,2026-05-04,2026-05-04,SHORT,278.0,284.95,264.09999999999997,284.95,STOP_LOSS,1,-2.499999999999996,-2.649999999999996,BEAR,16.57388862643785,VEDL.BO
LONG_RSI_ZONE_BEAR_ONLY,VEDL,BSE,2025-08-29,2025-09-01,2025-09-01,SHORT,422.25,432.80625,401.1375,432.80625,STOP_LOSS,1,-2.4999999999999947,-2.6499999999999946,BEAR,38.49852244052843,VEDL.BO
LONG_RSI_ZONE_BEAR_ONLY,VEDL,BSE,2026-04-08,2026-04-09,2026-04-15,LONG,725.9000244140625,707.7525238037109,762.1950256347657,762.1950256347657,TARGET,4,5.000000000000006,4.850000000000006,BEAR,60.108304166572815,VEDL.BO
LONG_RSI_ZONE_BEAR_ONLY,VEDL,BSE,2026-04-30,2026-05-04,2026-05-04,SHORT,278.0,284.95,264.09999999999997,284.95,STOP_LOSS,1,-2.499999999999996,-2.649999999999996,BEAR,16.57388862643785,VEDL.BO
CURRENT,VIYASH,BSE,2024-11-05,2024-11-06,2024-11-06,LONG,220.5500030517578,215.03625297546387,231.5775032043457,215.03625297546387,STOP_LOSS,1,-2.5,-2.65,NEUTRAL,62.61987244652032,VIYASH.BO
CURRENT,VIYASH,BSE,2024-12-12,2024-12-13,2024-12-13,SHORT,182.8999938964844,187.4724937438965,173.75499420166017,187.4724937438965,STOP_LOSS,1,-2.4999999999999964,-2.6499999999999964,NEUTRAL,39.53408561700302,VIYASH.BO
CURRENT,VIYASH,BSE,2025-01-13,2025-01-14,2025-01-14,SHORT,171.5,175.7875,162.92499999999998,175.7875,STOP_LOSS,1,-2.4999999999999964,-2.6499999999999964,NEUTRAL,38.57603257338381,VIYASH.BO
CURRENT,VIYASH,BSE,2025-09-08,2025-09-09,2025-09-17,LONG,183.3500061035156,178.7662559509277,192.5175064086914,192.5175064086914,TARGET,7,5.000000000000007,4.850000000000007,NEUTRAL,63.374836089889655,VIYASH.BO
LONG_RSI_ZONE,VIYASH,BSE,2024-11-05,2024-11-06,2024-11-06,LONG,220.5500030517578,215.03625297546387,231.5775032043457,215.03625297546387,STOP_LOSS,1,-2.5,-2.65,NEUTRAL,62.61987244652032,VIYASH.BO
LONG_RSI_ZONE,VIYASH,BSE,2024-11-08,2024-11-11,2024-11-12,LONG,208.25,203.04375,218.66250000000002,203.04375,STOP_LOSS,2,-2.5000000000000053,-2.6500000000000052,NEUTRAL,60.83715237786561,VIYASH.BO
LONG_RSI_ZONE,VIYASH,BSE,2024-12-12,2024-12-13,2024-12-13,SHORT,182.8999938964844,187.4724937438965,173.75499420166017,187.4724937438965,STOP_LOSS,1,-2.4999999999999964,-2.6499999999999964,NEUTRAL,39.53408561700302,VIYASH.BO
LONG_RSI_ZONE,VIYASH,BSE,2025-01-13,2025-01-14,2025-01-14,SHORT,171.5,175.7875,162.92499999999998,175.7875,STOP_LOSS,1,-2.4999999999999964,-2.6499999999999964,NEUTRAL,38.57603257338381,VIYASH.BO
LONG_RSI_ZONE,VIYASH,BSE,2025-09-08,2025-09-09,2025-09-17,LONG,183.3500061035156,178.7662559509277,192.5175064086914,192.5175064086914,TARGET,7,5.000000000000007,4.850000000000007,NEUTRAL,63.374836089889655,VIYASH.BO
SHORT_RSI_ZONE,VIYASH,BSE,2024-11-05,2024-11-06,2024-11-06,LONG,220.5500030517578,215.03625297546387,231.5775032043457,215.03625297546387,STOP_LOSS,1,-2.5,-2.65,NEUTRAL,62.61987244652032,VIYASH.BO
SHORT_RSI_ZONE,VIYASH,BSE,2024-12-12,2024-12-13,2024-12-13,SHORT,182.8999938964844,187.4724937438965,173.75499420166017,187.4724937438965,STOP_LOSS,1,-2.4999999999999964,-2.6499999999999964,NEUTRAL,39.53408561700302,VIYASH.BO
SHORT_RSI_ZONE,VIYASH,BSE,2025-01-13,2025-01-14,2025-01-14,SHORT,171.5,175.7875,162.92499999999998,175.7875,STOP_LOSS,1,-2.4999999999999964,-2.6499999999999964,NEUTRAL,38.57603257338381,VIYASH.BO
SHORT_RSI_ZONE,VIYASH,BSE,2025-09-08,2025-09-09,2025-09-17,LONG,183.3500061035156,178.7662559509277,192.5175064086914,192.5175064086914,TARGET,7,5.000000000000007,4.850000000000007,NEUTRAL,63.374836089889655,VIYASH.BO
BOTH_RSI_ZONE,VIYASH,BSE,2024-11-05,2024-11-06,2024-11-06,LONG,220.5500030517578,215.03625297546387,231.5775032043457,215.03625297546387,STOP_LOSS,1,-2.5,-2.65,NEUTRAL,62.61987244652032,VIYASH.BO
BOTH_RSI_ZONE,VIYASH,BSE,2024-11-08,2024-11-11,2024-11-12,LONG,208.25,203.04375,218.66250000000002,203.04375,STOP_LOSS,2,-2.5000000000000053,-2.6500000000000052,NEUTRAL,60.83715237786561,VIYASH.BO
BOTH_RSI_ZONE,VIYASH,BSE,2024-12-12,2024-12-13,2024-12-13,SHORT,182.8999938964844,187.4724937438965,173.75499420166017,187.4724937438965,STOP_LOSS,1,-2.4999999999999964,-2.6499999999999964,NEUTRAL,39.53408561700302,VIYASH.BO
BOTH_RSI_ZONE,VIYASH,BSE,2025-01-13,2025-01-14,2025-01-14,SHORT,171.5,175.7875,162.92499999999998,175.7875,STOP_LOSS,1,-2.4999999999999964,-2.6499999999999964,NEUTRAL,38.57603257338381,VIYASH.BO
BOTH_RSI_ZONE,VIYASH,BSE,2025-09-08,2025-09-09,2025-09-17,LONG,183.3500061035156,178.7662559509277,192.5175064086914,192.5175064086914,TARGET,7,5.000000000000007,4.850000000000007,NEUTRAL,63.374836089889655,VIYASH.BO
CURRENT,SAMMAANCAP,BSE,2024-11-22,2024-11-25,2024-11-27,LONG,157.64999389648438,153.70874404907227,165.5324935913086,165.5324935913086,TARGET,3,5.0,4.85,NEUTRAL,60.39297442390671,SAMMAANCAP.BO
CURRENT,SAMMAANCAP,BSE,2025-01-13,2025-01-14,2025-01-14,SHORT,140.10000610351562,143.6025062561035,133.09500579833983,143.6025062561035,STOP_LOSS,1,-2.499999999999996,-2.649999999999996,NEUTRAL,34.83025156992505,SAMMAANCAP.BO
CURRENT,SAMMAANCAP,BSE,2025-01-27,2025-01-28,2025-01-28,SHORT,144.25,147.85625,137.0375,147.85625,STOP_LOSS,1,-2.499999999999992,-2.649999999999992,NEUTRAL,39.50891893048207,SAMMAANCAP.BO
CURRENT,SAMMAANCAP,BSE,2025-01-30,2025-01-31,2025-02-05,SHORT,141.0,144.52499999999998,133.95,144.52499999999998,STOP_LOSS,4,-2.499999999999984,-2.649999999999984,NEUTRAL,38.424691889671585,SAMMAANCAP.BO
CURRENT,SAMMAANCAP,BSE,2025-06-25,2025-06-26,2025-07-01,LONG,143.1999969482422,139.61999702453613,150.3599967956543,139.61999702453613,STOP_LOSS,4,-2.5,-2.65,BULL,72.04926449581492,SAMMAANCAP.BO
CURRENT,SAMMAANCAP,BSE,2025-09-02,2025-09-03,2025-09-05,LONG,138.9499969482422,135.47624702453612,145.8974967956543,135.47624702453612,STOP_LOSS,3,-2.500000000000008,-2.650000000000008,NEUTRAL,68.63952305111764,SAMMAANCAP.BO
CURRENT,SAMMAANCAP,BSE,2026-05-22,2026-05-25,2026-05-26,LONG,163.35000610351562,159.26625595092773,171.51750640869142,171.51750640869142,TARGET,2,5.000000000000007,4.850000000000007,BEAR,66.95530849337067,SAMMAANCAP.BO
LONG_RSI_ZONE,SAMMAANCAP,BSE,2024-11-22,2024-11-25,2024-11-27,LONG,157.64999389648438,153.70874404907227,165.5324935913086,165.5324935913086,TARGET,3,5.0,4.85,NEUTRAL,60.39297442390671,SAMMAANCAP.BO
LONG_RSI_ZONE,SAMMAANCAP,BSE,2025-01-13,2025-01-14,2025-01-14,SHORT,140.10000610351562,143.6025062561035,133.09500579833983,143.6025062561035,STOP_LOSS,1,-2.499999999999996,-2.649999999999996,NEUTRAL,34.83025156992505,SAMMAANCAP.BO
LONG_RSI_ZONE,SAMMAANCAP,BSE,2025-01-27,2025-01-28,2025-01-28,SHORT,144.25,147.85625,137.0375,147.85625,STOP_LOSS,1,-2.499999999999992,-2.649999999999992,NEUTRAL,39.50891893048207,SAMMAANCAP.BO
LONG_RSI_ZONE,SAMMAANCAP,BSE,2025-01-30,2025-01-31,2025-02-05,SHORT,141.0,144.52499999999998,133.95,144.52499999999998,STOP_LOSS,4,-2.499999999999984,-2.649999999999984,NEUTRAL,38.424691889671585,SAMMAANCAP.BO
LONG_RSI_ZONE,SAMMAANCAP,BSE,2025-09-04,2025-09-05,2025-09-05,LONG,140.35000610351562,136.84125595092772,147.3675064086914,136.84125595092772,STOP_LOSS,1,-2.5000000000000124,-2.6500000000000123,NEUTRAL,64.40691080921785,SAMMAANCAP.BO
SHORT_RSI_ZONE,SAMMAANCAP,BSE,2024-11-22,2024-11-25,2024-11-27,LONG,157.64999389648438,153.70874404907227,165.5324935913086,165.5324935913086,TARGET,3,5.0,4.85,NEUTRAL,60.39297442390671,SAMMAANCAP.BO
SHORT_RSI_ZONE,SAMMAANCAP,BSE,2025-01-13,2025-01-14,2025-01-14,SHORT,140.10000610351562,143.6025062561035,133.09500579833983,143.6025062561035,STOP_LOSS,1,-2.499999999999996,-2.649999999999996,NEUTRAL,34.83025156992505,SAMMAANCAP.BO
SHORT_RSI_ZONE,SAMMAANCAP,BSE,2025-01-27,2025-01-28,2025-01-28,SHORT,144.25,147.85625,137.0375,147.85625,STOP_LOSS,1,-2.499999999999992,-2.649999999999992,NEUTRAL,39.50891893048207,SAMMAANCAP.BO
SHORT_RSI_ZONE,SAMMAANCAP,BSE,2025-01-30,2025-01-31,2025-02-05,SHORT,141.0,144.52499999999998,133.95,144.52499999999998,STOP_LOSS,4,-2.499999999999984,-2.649999999999984,NEUTRAL,38.424691889671585,SAMMAANCAP.BO
SHORT_RSI_ZONE,SAMMAANCAP,BSE,2025-06-25,2025-06-26,2025-07-01,LONG,143.1999969482422,139.61999702453613,150.3599967956543,139.61999702453613,STOP_LOSS,4,-2.5,-2.65,BULL,72.04926449581492,SAMMAANCAP.BO
SHORT_RSI_ZONE,SAMMAANCAP,BSE,2025-09-02,2025-09-03,2025-09-05,LONG,138.9499969482422,135.47624702453612,145.8974967956543,135.47624702453612,STOP_LOSS,3,-2.500000000000008,-2.650000000000008,NEUTRAL,68.63952305111764,SAMMAANCAP.BO
SHORT_RSI_ZONE,SAMMAANCAP,BSE,2026-05-22,2026-05-25,2026-05-26,LONG,163.35000610351562,159.26625595092773,171.51750640869142,171.51750640869142,TARGET,2,5.000000000000007,4.850000000000007,BEAR,66.95530849337067,SAMMAANCAP.BO
BOTH_RSI_ZONE,SAMMAANCAP,BSE,2024-11-22,2024-11-25,2024-11-27,LONG,157.64999389648438,153.70874404907227,165.5324935913086,165.5324935913086,TARGET,3,5.0,4.85,NEUTRAL,60.39297442390671,SAMMAANCAP.BO
BOTH_RSI_ZONE,SAMMAANCAP,BSE,2025-01-13,2025-01-14,2025-01-14,SHORT,140.10000610351562,143.6025062561035,133.09500579833983,143.6025062561035,STOP_LOSS,1,-2.499999999999996,-2.649999999999996,NEUTRAL,34.83025156992505,SAMMAANCAP.BO
BOTH_RSI_ZONE,SAMMAANCAP,BSE,2025-01-27,2025-01-28,2025-01-28,SHORT,144.25,147.85625,137.0375,147.85625,STOP_LOSS,1,-2.499999999999992,-2.649999999999992,NEUTRAL,39.50891893048207,SAMMAANCAP.BO
BOTH_RSI_ZONE,SAMMAANCAP,BSE,2025-01-30,2025-01-31,2025-02-05,SHORT,141.0,144.52499999999998,133.95,144.52499999999998,STOP_LOSS,4,-2.499999999999984,-2.649999999999984,NEUTRAL,38.424691889671585,SAMMAANCAP.BO
BOTH_RSI_ZONE,SAMMAANCAP,BSE,2025-09-04,2025-09-05,2025-09-05,LONG,140.35000610351562,136.84125595092772,147.3675064086914,136.84125595092772,STOP_LOSS,1,-2.5000000000000124,-2.6500000000000123,NEUTRAL,64.40691080921785,SAMMAANCAP.BO
CURRENT,IOC,BSE,2025-06-26,2025-06-27,2025-07-07,LONG,146.1999969482422,142.54499702453612,153.5099967956543,153.5099967956543,TARGET,7,5.0000000000000036,4.850000000000003,BULL,60.74335367568001,IOC.BO
CURRENT,IOC,BSE,2026-01-08,2026-01-09,2026-01-13,SHORT,155.10000610351562,158.9775062561035,147.34500579833983,158.9775062561035,STOP_LOSS,3,-2.4999999999999964,-2.6499999999999964,BULL,36.55775620218541,IOC.BO
CURRENT,IOC,BSE,2026-02-03,2026-02-04,2026-02-05,LONG,167.35000610351562,163.16625595092773,175.7175064086914,175.7175064086914,TARGET,2,5.0,4.85,NEUTRAL,62.72117676547775,IOC.BO
CURRENT,IOC,BSE,2026-03-10,2026-03-11,2026-03-16,SHORT,160.9499969482422,164.97374687194824,152.90249710083006,152.90249710083006,TARGET,4,5.000000000000011,4.85000000000001,BEAR,34.75984768048707,IOC.BO
CURRENT,IOC,BSE,2026-08-18,2026-08-19,2026-09-02,SHORT,137.8000030517578,141.24500312805174,130.9100028991699,137.5,TIME_EXIT,11,0.2177090312872715,0.06770903128727151,NEUTRAL,39.561855297770805,IOC.BO
LONG_RSI_ZONE,IOC,BSE,2025-06-26,2025-06-27,2025-07-07,LONG,146.1999969482422,142.54499702453612,153.5099967956543,153.5099967956543,TARGET,7,5.0000000000000036,4.850000000000003,BULL,60.74335367568001,IOC.BO
LONG_RSI_ZONE,IOC,BSE,2026-01-08,2026-01-09,2026-01-13,SHORT,155.10000610351562,158.9775062561035,147.34500579833983,158.9775062561035,STOP_LOSS,3,-2.4999999999999964,-2.6499999999999964,BULL,36.55775620218541,IOC.BO
LONG_RSI_ZONE,IOC,BSE,2026-02-03,2026-02-04,2026-02-05,LONG,167.35000610351562,163.16625595092773,175.7175064086914,175.7175064086914,TARGET,2,5.0,4.85,NEUTRAL,62.72117676547775,IOC.BO
LONG_RSI_ZONE,IOC,BSE,2026-03-10,2026-03-11,2026-03-16,SHORT,160.9499969482422,164.97374687194824,152.90249710083006,152.90249710083006,TARGET,4,5.000000000000011,4.85000000000001,BEAR,34.75984768048707,IOC.BO
LONG_RSI_ZONE,IOC,BSE,2026-08-18,2026-08-19,2026-09-02,SHORT,137.8000030517578,141.24500312805174,130.9100028991699,137.5,TIME_EXIT,11,0.2177090312872715,0.06770903128727151,NEUTRAL,39.561855297770805,IOC.BO
SHORT_RSI_ZONE,IOC,BSE,2025-06-26,2025-06-27,2025-07-07,LONG,146.1999969482422,142.54499702453612,153.5099967956543,153.5099967956543,TARGET,7,5.0000000000000036,4.850000000000003,BULL,60.74335367568001,IOC.BO
SHORT_RSI_ZONE,IOC,BSE,2026-01-08,2026-01-09,2026-01-13,SHORT,155.10000610351562,158.9775062561035,147.34500579833983,158.9775062561035,STOP_LOSS,3,-2.4999999999999964,-2.6499999999999964,BULL,36.55775620218541,IOC.BO
SHORT_RSI_ZONE,IOC,BSE,2026-02-03,2026-02-04,2026-02-05,LONG,167.35000610351562,163.16625595092773,175.7175064086914,175.7175064086914,TARGET,2,5.0,4.85,NEUTRAL,62.72117676547775,IOC.BO
SHORT_RSI_ZONE,IOC,BSE,2026-03-10,2026-03-11,2026-03-16,SHORT,160.9499969482422,164.97374687194824,152.90249710083006,152.90249710083006,TARGET,4,5.000000000000011,4.85000000000001,BEAR,34.75984768048707,IOC.BO
SHORT_RSI_ZONE,IOC,BSE,2026-08-18,2026-08-19,2026-09-02,SHORT,137.8000030517578,141.24500312805174,130.9100028991699,137.5,TIME_EXIT,11,0.2177090312872715,0.06770903128727151,NEUTRAL,39.561855297770805,IOC.BO
BOTH_RSI_ZONE,IOC,BSE,2025-06-26,2025-06-27,2025-07-07,LONG,146.1999969482422,142.54499702453612,153.5099967956543,153.5099967956543,TARGET,7,5.0000000000000036,4.850000000000003,BULL,60.74335367568001,IOC.BO
BOTH_RSI_ZONE,IOC,BSE,2026-01-08,2026-01-09,2026-01-13,SHORT,155.10000610351562,158.9775062561035,147.34500579833983,158.9775062561035,STOP_LOSS,3,-2.4999999999999964,-2.6499999999999964,BULL,36.55775620218541,IOC.BO
BOTH_RSI_ZONE,IOC,BSE,2026-02-03,2026-02-04,2026-02-05,LONG,167.35000610351562,163.16625595092773,175.7175064086914,175.7175064086914,TARGET,2,5.0,4.85,NEUTRAL,62.72117676547775,IOC.BO
BOTH_RSI_ZONE,IOC,BSE,2026-03-10,2026-03-11,2026-03-16,SHORT,160.9499969482422,164.97374687194824,152.90249710083006,152.90249710083006,TARGET,4,5.000000000000011,4.85000000000001,BEAR,34.75984768048707,IOC.BO
BOTH_RSI_ZONE,IOC,BSE,2026-08-18,2026-08-19,2026-09-02,SHORT,137.8000030517578,141.24500312805174,130.9100028991699,137.5,TIME_EXIT,11,0.2177090312872715,0.06770903128727151,NEUTRAL,39.561855297770805,IOC.BO
LONG_RSI_ZONE_NO_NEUTRAL,IOC,BSE,2025-06-26,2025-06-27,2025-07-07,LONG,146.1999969482422,142.54499702453612,153.5099967956543,153.5099967956543,TARGET,7,5.0000000000000036,4.850000000000003,BULL,60.74335367568001,IOC.BO
LONG_RSI_ZONE_NO_NEUTRAL,IOC,BSE,2026-01-08,2026-01-09,2026-01-13,SHORT,155.10000610351562,158.9775062561035,147.34500579833983,158.9775062561035,STOP_LOSS,3,-2.4999999999999964,-2.6499999999999964,BULL,36.55775620218541,IOC.BO
LONG_RSI_ZONE_NO_NEUTRAL,IOC,BSE,2026-03-10,2026-03-11,2026-03-16,SHORT,160.9499969482422,164.97374687194824,152.90249710083006,152.90249710083006,TARGET,4,5.000000000000011,4.85000000000001,BEAR,34.75984768048707,IOC.BO
LONG_RSI_ZONE_BEAR_ONLY,IOC,BSE,2026-03-10,2026-03-11,2026-03-16,SHORT,160.9499969482422,164.97374687194824,152.90249710083006,152.90249710083006,TARGET,4,5.000000000000011,4.85000000000001,BEAR,34.75984768048707,IOC.BO
CURRENT,SBFC,BSE,2025-01-13,2025-01-14,2025-01-14,SHORT,83.25,85.33125,79.08749999999999,85.33125,STOP_LOSS,1,-2.4999999999999964,-2.6499999999999964,NEUTRAL,39.7326060860928,SBFC.BO
CURRENT,SBFC,BSE,2025-03-17,2025-03-18,2025-03-19,SHORT,82.6500015258789,84.71625156402587,78.51750144958496,84.71625156402587,STOP_LOSS,2,-2.4999999999999862,-2.649999999999986,NEUTRAL,39.741124688466265,SBFC.BO
CURRENT,SBFC,BSE,2025-03-24,2025-03-25,2025-03-27,LONG,88.16000366210938,85.95600357055663,92.56800384521485,85.95600357055663,STOP_LOSS,3,-2.5000000000000093,-2.6500000000000092,NEUTRAL,61.732161120199926,SBFC.BO
CURRENT,SBFC,BSE,2025-08-22,2025-08-25,2025-08-26,LONG,113.0500030517578,110.22375297546385,118.70250320434569,110.22375297546385,STOP_LOSS,2,-2.5000000000000004,-2.6500000000000004,NEUTRAL,61.77785765547514,SBFC.BO
CURRENT,SBFC,BSE,2025-10-17,2025-10-20,2025-11-03,LONG,112.3499984741211,109.54124851226807,117.96749839782716,117.96749839782716,TARGET,10,5.000000000000008,4.850000000000008,BULL,61.40763280081072,SBFC.BO
CURRENT,SBFC,BSE,2026-01-27,2026-01-28,2026-01-28,SHORT,91.75,94.04374999999999,87.1625,87.1625,TARGET,1,5.000000000000006,4.850000000000006,BEAR,29.175112939162858,SBFC.BO
CURRENT,SBFC,BSE,2026-08-06,2026-08-07,2026-08-10,LONG,95.45999908447266,93.07349910736083,100.23299903869629,93.07349910736083,STOP_LOSS,2,-2.500000000000009,-2.650000000000009,BULL,63.852979221941624,SBFC.BO
LONG_RSI_ZONE,SBFC,BSE,2025-01-13,2025-01-14,2025-01-14,SHORT,83.25,85.33125,79.08749999999999,85.33125,STOP_LOSS,1,-2.4999999999999964,-2.6499999999999964,NEUTRAL,39.7326060860928,SBFC.BO
LONG_RSI_ZONE,SBFC,BSE,2025-03-17,2025-03-18,2025-03-19,SHORT,82.6500015258789,84.71625156402587,78.51750144958496,84.71625156402587,STOP_LOSS,2,-2.4999999999999862,-2.649999999999986,NEUTRAL,39.741124688466265,SBFC.BO
LONG_RSI_ZONE,SBFC,BSE,2025-03-24,2025-03-25,2025-03-27,LONG,88.16000366210938,85.95600357055663,92.56800384521485,85.95600357055663,STOP_LOSS,3,-2.5000000000000093,-2.6500000000000092,NEUTRAL,61.732161120199926,SBFC.BO
LONG_RSI_ZONE,SBFC,BSE,2025-08-22,2025-08-25,2025-08-26,LONG,113.0500030517578,110.22375297546385,118.70250320434569,110.22375297546385,STOP_LOSS,2,-2.5000000000000004,-2.6500000000000004,NEUTRAL,61.77785765547514,SBFC.BO
LONG_RSI_ZONE,SBFC,BSE,2025-10-17,2025-10-20,2025-11-03,LONG,112.3499984741211,109.54124851226807,117.96749839782716,117.96749839782716,TARGET,10,5.000000000000008,4.850000000000008,BULL,61.40763280081072,SBFC.BO
LONG_RSI_ZONE,SBFC,BSE,2026-01-27,2026-01-28,2026-01-28,SHORT,91.75,94.04374999999999,87.1625,87.1625,TARGET,1,5.000000000000006,4.850000000000006,BEAR,29.175112939162858,SBFC.BO
LONG_RSI_ZONE,SBFC,BSE,2026-08-06,2026-08-07,2026-08-10,LONG,95.45999908447266,93.07349910736083,100.23299903869629,93.07349910736083,STOP_LOSS,2,-2.500000000000009,-2.650000000000009,BULL,63.852979221941624,SBFC.BO
SHORT_RSI_ZONE,SBFC,BSE,2025-01-13,2025-01-14,2025-01-14,SHORT,83.25,85.33125,79.08749999999999,85.33125,STOP_LOSS,1,-2.4999999999999964,-2.6499999999999964,NEUTRAL,39.7326060860928,SBFC.BO
SHORT_RSI_ZONE,SBFC,BSE,2025-03-17,2025-03-18,2025-03-19,SHORT,82.6500015258789,84.71625156402587,78.51750144958496,84.71625156402587,STOP_LOSS,2,-2.4999999999999862,-2.649999999999986,NEUTRAL,39.741124688466265,SBFC.BO
SHORT_RSI_ZONE,SBFC,BSE,2025-03-24,2025-03-25,2025-03-27,LONG,88.16000366210938,85.95600357055663,92.56800384521485,85.95600357055663,STOP_LOSS,3,-2.5000000000000093,-2.6500000000000092,NEUTRAL,61.732161120199926,SBFC.BO
SHORT_RSI_ZONE,SBFC,BSE,2025-08-22,2025-08-25,2025-08-26,LONG,113.0500030517578,110.22375297546385,118.70250320434569,110.22375297546385,STOP_LOSS,2,-2.5000000000000004,-2.6500000000000004,NEUTRAL,61.77785765547514,SBFC.BO
SHORT_RSI_ZONE,SBFC,BSE,2025-10-17,2025-10-20,2025-11-03,LONG,112.3499984741211,109.54124851226807,117.96749839782716,117.96749839782716,TARGET,10,5.000000000000008,4.850000000000008,BULL,61.40763280081072,SBFC.BO
SHORT_RSI_ZONE,SBFC,BSE,2026-08-06,2026-08-07,2026-08-10,LONG,95.45999908447266,93.07349910736083,100.23299903869629,93.07349910736083,STOP_LOSS,2,-2.500000000000009,-2.650000000000009,BULL,63.852979221941624,SBFC.BO
BOTH_RSI_ZONE,SBFC,BSE,2025-01-13,2025-01-14,2025-01-14,SHORT,83.25,85.33125,79.08749999999999,85.33125,STOP_LOSS,1,-2.4999999999999964,-2.6499999999999964,NEUTRAL,39.7326060860928,SBFC.BO
BOTH_RSI_ZONE,SBFC,BSE,2025-03-17,2025-03-18,2025-03-19,SHORT,82.6500015258789,84.71625156402587,78.51750144958496,84.71625156402587,STOP_LOSS,2,-2.4999999999999862,-2.649999999999986,NEUTRAL,39.741124688466265,SBFC.BO
BOTH_RSI_ZONE,SBFC,BSE,2025-03-24,2025-03-25,2025-03-27,LONG,88.16000366210938,85.95600357055663,92.56800384521485,85.95600357055663,STOP_LOSS,3,-2.5000000000000093,-2.6500000000000092,NEUTRAL,61.732161120199926,SBFC.BO
BOTH_RSI_ZONE,SBFC,BSE,2025-08-22,2025-08-25,2025-08-26,LONG,113.0500030517578,110.22375297546385,118.70250320434569,110.22375297546385,STOP_LOSS,2,-2.5000000000000004,-2.6500000000000004,NEUTRAL,61.77785765547514,SBFC.BO
BOTH_RSI_ZONE,SBFC,BSE,2025-10-17,2025-10-20,2025-11-03,LONG,112.3499984741211,109.54124851226807,117.96749839782716,117.96749839782716,TARGET,10,5.000000000000008,4.850000000000008,BULL,61.40763280081072,SBFC.BO
BOTH_RSI_ZONE,SBFC,BSE,2026-08-06,2026-08-07,2026-08-10,LONG,95.45999908447266,93.07349910736083,100.23299903869629,93.07349910736083,STOP_LOSS,2,-2.500000000000009,-2.650000000000009,BULL,63.852979221941624,SBFC.BO
LONG_RSI_ZONE_NO_NEUTRAL,SBFC,BSE,2025-10-17,2025-10-20,2025-11-03,LONG,112.3499984741211,109.54124851226807,117.96749839782716,117.96749839782716,TARGET,10,5.000000000000008,4.850000000000008,BULL,61.40763280081072,SBFC.BO
LONG_RSI_ZONE_NO_NEUTRAL,SBFC,BSE,2026-01-27,2026-01-28,2026-01-28,SHORT,91.75,94.04374999999999,87.1625,87.1625,TARGET,1,5.000000000000006,4.850000000000006,BEAR,29.175112939162858,SBFC.BO
LONG_RSI_ZONE_NO_NEUTRAL,SBFC,BSE,2026-08-06,2026-08-07,2026-08-10,LONG,95.45999908447266,93.07349910736083,100.23299903869629,93.07349910736083,STOP_LOSS,2,-2.500000000000009,-2.650000000000009,BULL,63.852979221941624,SBFC.BO
LONG_RSI_ZONE_BEAR_ONLY,SBFC,BSE,2026-01-27,2026-01-28,2026-01-28,SHORT,91.75,94.04374999999999,87.1625,87.1625,TARGET,1,5.000000000000006,4.850000000000006,BEAR,29.175112939162858,SBFC.BO
CURRENT,BAJFINANCE,BSE,2025-01-02,2025-01-03,2025-01-13,LONG,739.0,720.525,775.95,720.525,STOP_LOSS,6,-2.500000000000003,-2.650000000000003,NEUTRAL,67.96819288397735,500034.BO
CURRENT,BAJFINANCE,BSE,2025-06-09,2025-06-10,2025-06-11,LONG,969.0,944.775,1017.45,944.775,STOP_LOSS,2,-2.500000000000002,-2.650000000000002,NEUTRAL,65.20043550779951,500034.BO
CURRENT,BAJFINANCE,BSE,2025-07-23,2025-07-24,2025-07-25,LONG,968.4000244140624,944.1900238037108,1016.8200256347656,944.1900238037108,STOP_LOSS,2,-2.5000000000000027,-2.6500000000000026,BULL,63.48183008032444,500034.BO
CURRENT,BAJFINANCE,BSE,2025-07-29,2025-07-30,2025-08-13,SHORT,887.0499877929688,909.2262374877929,842.6974884033202,860.4500122070312,TIME_EXIT,11,2.9987008569967704,2.8487008569967704,BULL,38.48123077897019,500034.BO
CURRENT,BAJFINANCE,BSE,2026-03-09,2026-03-10,2026-03-11,SHORT,954.2999877929688,978.1574874877929,906.5849884033203,906.5849884033203,TARGET,2,5.000000000000004,4.850000000000004,BEAR,37.849995838956225,500034.BO
CURRENT,BAJFINANCE,BSE,2026-06-16,2026-06-17,2026-06-25,LONG,956.7000122070312,932.7825119018554,1004.5350128173828,1004.5350128173828,TARGET,6,5.000000000000003,4.850000000000002,BEAR,63.0925215485982,500034.BO
LONG_RSI_ZONE,BAJFINANCE,BSE,2025-06-10,2025-06-11,2025-06-13,LONG,949.7050170898438,925.9623916625976,997.190267944336,925.9623916625976,STOP_LOSS,3,-2.5000000000000044,-2.6500000000000044,NEUTRAL,61.036494685519386,500034.BO
LONG_RSI_ZONE,BAJFINANCE,BSE,2025-07-23,2025-07-24,2025-07-25,LONG,968.4000244140624,944.1900238037108,1016.8200256347656,944.1900238037108,STOP_LOSS,2,-2.5000000000000027,-2.6500000000000026,BULL,63.48183008032444,500034.BO
LONG_RSI_ZONE,BAJFINANCE,BSE,2025-07-29,2025-07-30,2025-08-13,SHORT,887.0499877929688,909.2262374877929,842.6974884033202,860.4500122070312,TIME_EXIT,11,2.9987008569967704,2.8487008569967704,BULL,38.48123077897019,500034.BO
LONG_RSI_ZONE,BAJFINANCE,BSE,2026-03-09,2026-03-10,2026-03-11,SHORT,954.2999877929688,978.1574874877929,906.5849884033203,906.5849884033203,TARGET,2,5.000000000000004,4.850000000000004,BEAR,37.849995838956225,500034.BO
LONG_RSI_ZONE,BAJFINANCE,BSE,2026-06-16,2026-06-17,2026-06-25,LONG,956.7000122070312,932.7825119018554,1004.5350128173828,1004.5350128173828,TARGET,6,5.000000000000003,4.850000000000002,BEAR,63.0925215485982,500034.BO
SHORT_RSI_ZONE,BAJFINANCE,BSE,2025-01-02,2025-01-03,2025-01-13,LONG,739.0,720.525,775.95,720.525,STOP_LOSS,6,-2.500000000000003,-2.650000000000003,NEUTRAL,67.96819288397735,500034.BO
SHORT_RSI_ZONE,BAJFINANCE,BSE,2025-06-09,2025-06-10,2025-06-11,LONG,969.0,944.775,1017.45,944.775,STOP_LOSS,2,-2.500000000000002,-2.650000000000002,NEUTRAL,65.20043550779951,500034.BO
SHORT_RSI_ZONE,BAJFINANCE,BSE,2025-07-23,2025-07-24,2025-07-25,LONG,968.4000244140624,944.1900238037108,1016.8200256347656,944.1900238037108,STOP_LOSS,2,-2.5000000000000027,-2.6500000000000026,BULL,63.48183008032444,500034.BO
SHORT_RSI_ZONE,BAJFINANCE,BSE,2025-07-29,2025-07-30,2025-08-13,SHORT,887.0499877929688,909.2262374877929,842.6974884033202,860.4500122070312,TIME_EXIT,11,2.9987008569967704,2.8487008569967704,BULL,38.48123077897019,500034.BO
SHORT_RSI_ZONE,BAJFINANCE,BSE,2026-03-09,2026-03-10,2026-03-11,SHORT,954.2999877929688,978.1574874877929,906.5849884033203,906.5849884033203,TARGET,2,5.000000000000004,4.850000000000004,BEAR,37.849995838956225,500034.BO
SHORT_RSI_ZONE,BAJFINANCE,BSE,2026-06-16,2026-06-17,2026-06-25,LONG,956.7000122070312,932.7825119018554,1004.5350128173828,1004.5350128173828,TARGET,6,5.000000000000003,4.850000000000002,BEAR,63.0925215485982,500034.BO
BOTH_RSI_ZONE,BAJFINANCE,BSE,2025-06-10,2025-06-11,2025-06-13,LONG,949.7050170898438,925.9623916625976,997.190267944336,925.9623916625976,STOP_LOSS,3,-2.5000000000000044,-2.6500000000000044,NEUTRAL,61.036494685519386,500034.BO
BOTH_RSI_ZONE,BAJFINANCE,BSE,2025-07-23,2025-07-24,2025-07-25,LONG,968.4000244140624,944.1900238037108,1016.8200256347656,944.1900238037108,STOP_LOSS,2,-2.5000000000000027,-2.6500000000000026,BULL,63.48183008032444,500034.BO
BOTH_RSI_ZONE,BAJFINANCE,BSE,2025-07-29,2025-07-30,2025-08-13,SHORT,887.0499877929688,909.2262374877929,842.6974884033202,860.4500122070312,TIME_EXIT,11,2.9987008569967704,2.8487008569967704,BULL,38.48123077897019,500034.BO
BOTH_RSI_ZONE,BAJFINANCE,BSE,2026-03-09,2026-03-10,2026-03-11,SHORT,954.2999877929688,978.1574874877929,906.5849884033203,906.5849884033203,TARGET,2,5.000000000000004,4.850000000000004,BEAR,37.849995838956225,500034.BO
BOTH_RSI_ZONE,BAJFINANCE,BSE,2026-06-16,2026-06-17,2026-06-25,LONG,956.7000122070312,932.7825119018554,1004.5350128173828,1004.5350128173828,TARGET,6,5.000000000000003,4.850000000000002,BEAR,63.0925215485982,500034.BO
LONG_RSI_ZONE_NO_NEUTRAL,BAJFINANCE,BSE,2025-07-23,2025-07-24,2025-07-25,LONG,968.4000244140624,944.1900238037108,1016.8200256347656,944.1900238037108,STOP_LOSS,2,-2.5000000000000027,-2.6500000000000026,BULL,63.48183008032444,500034.BO
LONG_RSI_ZONE_NO_NEUTRAL,BAJFINANCE,BSE,2025-07-29,2025-07-30,2025-08-13,SHORT,887.0499877929688,909.2262374877929,842.6974884033202,860.4500122070312,TIME_EXIT,11,2.9987008569967704,2.8487008569967704,BULL,38.48123077897019,500034.BO
LONG_RSI_ZONE_NO_NEUTRAL,BAJFINANCE,BSE,2026-03-09,2026-03-10,2026-03-11,SHORT,954.2999877929688,978.1574874877929,906.5849884033203,906.5849884033203,TARGET,2,5.000000000000004,4.850000000000004,BEAR,37.849995838956225,500034.BO
LONG_RSI_ZONE_NO_NEUTRAL,BAJFINANCE,BSE,2026-06-16,2026-06-17,2026-06-25,LONG,956.7000122070312,932.7825119018554,1004.5350128173828,1004.5350128173828,TARGET,6,5.000000000000003,4.850000000000002,BEAR,63.0925215485982,500034.BO
LONG_RSI_ZONE_BEAR_ONLY,BAJFINANCE,BSE,2026-03-09,2026-03-10,2026-03-11,SHORT,954.2999877929688,978.1574874877929,906.5849884033203,906.5849884033203,TARGET,2,5.000000000000004,4.850000000000004,BEAR,37.849995838956225,500034.BO
LONG_RSI_ZONE_BEAR_ONLY,BAJFINANCE,BSE,2026-06-16,2026-06-17,2026-06-25,LONG,956.7000122070312,932.7825119018554,1004.5350128173828,1004.5350128173828,TARGET,6,5.000000000000003,4.850000000000002,BEAR,63.0925215485982,500034.BO
CURRENT,NTPC,BSE,2025-08-29,2025-09-01,2025-09-02,SHORT,328.6499938964844,336.86624374389646,312.21749420166014,336.86624374389646,STOP_LOSS,2,-2.4999999999999933,-2.6499999999999932,BEAR,37.63847932097687,NTPC.BO
CURRENT,NTPC,BSE,2025-11-04,2025-11-06,2025-11-20,SHORT,332.5,340.81249999999994,315.875,326.75,TIME_EXIT,11,1.7293233082706767,1.5793233082706768,BULL,39.75414389619467,NTPC.BO
CURRENT,NTPC,BSE,2026-04-13,2026-04-15,2026-04-27,LONG,391.8500061035156,382.0537559509277,411.44250640869143,411.44250640869143,TARGET,9,5.000000000000006,4.850000000000006,BEAR,60.16408351946244,NTPC.BO
LONG_RSI_ZONE,NTPC,BSE,2025-08-29,2025-09-01,2025-09-02,SHORT,328.6499938964844,336.86624374389646,312.21749420166014,336.86624374389646,STOP_LOSS,2,-2.4999999999999933,-2.6499999999999932,BEAR,37.63847932097687,NTPC.BO
LONG_RSI_ZONE,NTPC,BSE,2025-11-04,2025-11-06,2025-11-20,SHORT,332.5,340.81249999999994,315.875,326.75,TIME_EXIT,11,1.7293233082706767,1.5793233082706768,BULL,39.75414389619467,NTPC.BO
LONG_RSI_ZONE,NTPC,BSE,2026-04-13,2026-04-15,2026-04-27,LONG,391.8500061035156,382.0537559509277,411.44250640869143,411.44250640869143,TARGET,9,5.000000000000006,4.850000000000006,BEAR,60.16408351946244,NTPC.BO
SHORT_RSI_ZONE,NTPC,BSE,2025-08-29,2025-09-01,2025-09-02,SHORT,328.6499938964844,336.86624374389646,312.21749420166014,336.86624374389646,STOP_LOSS,2,-2.4999999999999933,-2.6499999999999932,BEAR,37.63847932097687,NTPC.BO
SHORT_RSI_ZONE,NTPC,BSE,2025-11-04,2025-11-06,2025-11-20,SHORT,332.5,340.81249999999994,315.875,326.75,TIME_EXIT,11,1.7293233082706767,1.5793233082706768,BULL,39.75414389619467,NTPC.BO
SHORT_RSI_ZONE,NTPC,BSE,2026-04-13,2026-04-15,2026-04-27,LONG,391.8500061035156,382.0537559509277,411.44250640869143,411.44250640869143,TARGET,9,5.000000000000006,4.850000000000006,BEAR,60.16408351946244,NTPC.BO
BOTH_RSI_ZONE,NTPC,BSE,2025-08-29,2025-09-01,2025-09-02,SHORT,328.6499938964844,336.86624374389646,312.21749420166014,336.86624374389646,STOP_LOSS,2,-2.4999999999999933,-2.6499999999999932,BEAR,37.63847932097687,NTPC.BO
BOTH_RSI_ZONE,NTPC,BSE,2025-11-04,2025-11-06,2025-11-20,SHORT,332.5,340.81249999999994,315.875,326.75,TIME_EXIT,11,1.7293233082706767,1.5793233082706768,BULL,39.75414389619467,NTPC.BO
BOTH_RSI_ZONE,NTPC,BSE,2026-04-13,2026-04-15,2026-04-27,LONG,391.8500061035156,382.0537559509277,411.44250640869143,411.44250640869143,TARGET,9,5.000000000000006,4.850000000000006,BEAR,60.16408351946244,NTPC.BO
LONG_RSI_ZONE_NO_NEUTRAL,NTPC,BSE,2025-08-29,2025-09-01,2025-09-02,SHORT,328.6499938964844,336.86624374389646,312.21749420166014,336.86624374389646,STOP_LOSS,2,-2.4999999999999933,-2.6499999999999932,BEAR,37.63847932097687,NTPC.BO
LONG_RSI_ZONE_NO_NEUTRAL,NTPC,BSE,2025-11-04,2025-11-06,2025-11-20,SHORT,332.5,340.81249999999994,315.875,326.75,TIME_EXIT,11,1.7293233082706767,1.5793233082706768,BULL,39.75414389619467,NTPC.BO
LONG_RSI_ZONE_NO_NEUTRAL,NTPC,BSE,2026-04-13,2026-04-15,2026-04-27,LONG,391.8500061035156,382.0537559509277,411.44250640869143,411.44250640869143,TARGET,9,5.000000000000006,4.850000000000006,BEAR,60.16408351946244,NTPC.BO
LONG_RSI_ZONE_BEAR_ONLY,NTPC,BSE,2025-08-29,2025-09-01,2025-09-02,SHORT,328.6499938964844,336.86624374389646,312.21749420166014,336.86624374389646,STOP_LOSS,2,-2.4999999999999933,-2.6499999999999932,BEAR,37.63847932097687,NTPC.BO
LONG_RSI_ZONE_BEAR_ONLY,NTPC,BSE,2026-04-13,2026-04-15,2026-04-27,LONG,391.8500061035156,382.0537559509277,411.44250640869143,411.44250640869143,TARGET,9,5.000000000000006,4.850000000000006,BEAR,60.16408351946244,NTPC.BO
CURRENT,EPL,BSE,2024-12-03,2024-12-04,2024-12-04,LONG,288.8999938964844,281.67749404907227,303.3449935913086,281.67749404907227,STOP_LOSS,1,-2.5,-2.65,NEUTRAL,62.18840564483999,EPL.BO
CURRENT,EPL,BSE,2025-02-24,2025-02-25,2025-02-27,SHORT,218.8999938964844,224.37249374389648,207.95499420166018,207.95499420166018,TARGET,2,5.0,4.85,NEUTRAL,37.751158341604075,EPL.BO
CURRENT,EPL,BSE,2025-09-02,2025-09-03,2025-09-03,SHORT,220.1499938964844,225.65374374389648,209.14249420166018,225.65374374389648,STOP_LOSS,1,-2.4999999999999867,-2.6499999999999866,NEUTRAL,38.912537328048494,EPL.BO
CURRENT,EPL,BSE,2026-02-09,2026-02-10,2026-02-16,LONG,220.5500030517578,215.03625297546387,231.5775032043457,215.03625297546387,STOP_LOSS,5,-2.5,-2.65,NEUTRAL,65.24687400890328,EPL.BO
CURRENT,EPL,BSE,2026-04-02,2026-04-06,2026-04-08,LONG,213.9499969482422,208.60124702453612,224.64749679565432,224.64749679565432,TARGET,3,5.000000000000011,4.85000000000001,BEAR,60.015109142392305,EPL.BO
CURRENT,EPL,BSE,2026-06-17,2026-06-18,2026-06-18,LONG,235.25,229.36875,247.01250000000002,229.36875,STOP_LOSS,1,-2.499999999999998,-2.6499999999999977,BEAR,63.423224080561276,EPL.BO
CURRENT,EPL,BSE,2026-08-12,2026-08-13,2026-08-20,LONG,245.1000061035156,238.9725059509277,257.3550064086914,257.3550064086914,TARGET,6,5.000000000000007,4.850000000000007,BULL,62.26305032763627,EPL.BO
LONG_RSI_ZONE,EPL,BSE,2024-12-03,2024-12-04,2024-12-04,LONG,288.8999938964844,281.67749404907227,303.3449935913086,281.67749404907227,STOP_LOSS,1,-2.5,-2.65,NEUTRAL,62.18840564483999,EPL.BO
LONG_RSI_ZONE,EPL,BSE,2025-02-24,2025-02-25,2025-02-27,SHORT,218.8999938964844,224.37249374389648,207.95499420166018,207.95499420166018,TARGET,2,5.0,4.85,NEUTRAL,37.751158341604075,EPL.BO
LONG_RSI_ZONE,EPL,BSE,2025-09-02,2025-09-03,2025-09-03,SHORT,220.1499938964844,225.65374374389648,209.14249420166018,225.65374374389648,STOP_LOSS,1,-2.4999999999999867,-2.6499999999999866,NEUTRAL,38.912537328048494,EPL.BO
LONG_RSI_ZONE,EPL,BSE,2026-04-02,2026-04-06,2026-04-08,LONG,213.9499969482422,208.60124702453612,224.64749679565432,224.64749679565432,TARGET,3,5.000000000000011,4.85000000000001,BEAR,60.015109142392305,EPL.BO
LONG_RSI_ZONE,EPL,BSE,2026-06-17,2026-06-18,2026-06-18,LONG,235.25,229.36875,247.01250000000002,229.36875,STOP_LOSS,1,-2.499999999999998,-2.6499999999999977,BEAR,63.423224080561276,EPL.BO
LONG_RSI_ZONE,EPL,BSE,2026-08-12,2026-08-13,2026-08-20,LONG,245.1000061035156,238.9725059509277,257.3550064086914,257.3550064086914,TARGET,6,5.000000000000007,4.850000000000007,BULL,62.26305032763627,EPL.BO
SHORT_RSI_ZONE,EPL,BSE,2024-12-03,2024-12-04,2024-12-04,LONG,288.8999938964844,281.67749404907227,303.3449935913086,281.67749404907227,STOP_LOSS,1,-2.5,-2.65,NEUTRAL,62.18840564483999,EPL.BO
SHORT_RSI_ZONE,EPL,BSE,2025-02-24,2025-02-25,2025-02-27,SHORT,218.8999938964844,224.37249374389648,207.95499420166018,207.95499420166018,TARGET,2,5.0,4.85,NEUTRAL,37.751158341604075,EPL.BO
SHORT_RSI_ZONE,EPL,BSE,2025-09-02,2025-09-03,2025-09-03,SHORT,220.1499938964844,225.65374374389648,209.14249420166018,225.65374374389648,STOP_LOSS,1,-2.4999999999999867,-2.6499999999999866,NEUTRAL,38.912537328048494,EPL.BO
SHORT_RSI_ZONE,EPL,BSE,2026-02-09,2026-02-10,2026-02-16,LONG,220.5500030517578,215.03625297546387,231.5775032043457,215.03625297546387,STOP_LOSS,5,-2.5,-2.65,NEUTRAL,65.24687400890328,EPL.BO
SHORT_RSI_ZONE,EPL,BSE,2026-04-02,2026-04-06,2026-04-08,LONG,213.9499969482422,208.60124702453612,224.64749679565432,224.64749679565432,TARGET,3,5.000000000000011,4.85000000000001,BEAR,60.015109142392305,EPL.BO
SHORT_RSI_ZONE,EPL,BSE,2026-06-17,2026-06-18,2026-06-18,LONG,235.25,229.36875,247.01250000000002,229.36875,STOP_LOSS,1,-2.499999999999998,-2.6499999999999977,BEAR,63.423224080561276,EPL.BO
SHORT_RSI_ZONE,EPL,BSE,2026-08-12,2026-08-13,2026-08-20,LONG,245.1000061035156,238.9725059509277,257.3550064086914,257.3550064086914,TARGET,6,5.000000000000007,4.850000000000007,BULL,62.26305032763627,EPL.BO
BOTH_RSI_ZONE,EPL,BSE,2024-12-03,2024-12-04,2024-12-04,LONG,288.8999938964844,281.67749404907227,303.3449935913086,281.67749404907227,STOP_LOSS,1,-2.5,-2.65,NEUTRAL,62.18840564483999,EPL.BO
BOTH_RSI_ZONE,EPL,BSE,2025-02-24,2025-02-25,2025-02-27,SHORT,218.8999938964844,224.37249374389648,207.95499420166018,207.95499420166018,TARGET,2,5.0,4.85,NEUTRAL,37.751158341604075,EPL.BO
BOTH_RSI_ZONE,EPL,BSE,2025-09-02,2025-09-03,2025-09-03,SHORT,220.1499938964844,225.65374374389648,209.14249420166018,225.65374374389648,STOP_LOSS,1,-2.4999999999999867,-2.6499999999999866,NEUTRAL,38.912537328048494,EPL.BO
BOTH_RSI_ZONE,EPL,BSE,2026-04-02,2026-04-06,2026-04-08,LONG,213.9499969482422,208.60124702453612,224.64749679565432,224.64749679565432,TARGET,3,5.000000000000011,4.85000000000001,BEAR,60.015109142392305,EPL.BO
BOTH_RSI_ZONE,EPL,BSE,2026-06-17,2026-06-18,2026-06-18,LONG,235.25,229.36875,247.01250000000002,229.36875,STOP_LOSS,1,-2.499999999999998,-2.6499999999999977,BEAR,63.423224080561276,EPL.BO
BOTH_RSI_ZONE,EPL,BSE,2026-08-12,2026-08-13,2026-08-20,LONG,245.1000061035156,238.9725059509277,257.3550064086914,257.3550064086914,TARGET,6,5.000000000000007,4.850000000000007,BULL,62.26305032763627,EPL.BO
LONG_RSI_ZONE_NO_NEUTRAL,EPL,BSE,2026-04-02,2026-04-06,2026-04-08,LONG,213.9499969482422,208.60124702453612,224.64749679565432,224.64749679565432,TARGET,3,5.000000000000011,4.85000000000001,BEAR,60.015109142392305,EPL.BO
LONG_RSI_ZONE_NO_NEUTRAL,EPL,BSE,2026-06-17,2026-06-18,2026-06-18,LONG,235.25,229.36875,247.01250000000002,229.36875,STOP_LOSS,1,-2.499999999999998,-2.6499999999999977,BEAR,63.423224080561276,EPL.BO
LONG_RSI_ZONE_NO_NEUTRAL,EPL,BSE,2026-08-12,2026-08-13,2026-08-20,LONG,245.1000061035156,238.9725059509277,257.3550064086914,257.3550064086914,TARGET,6,5.000000000000007,4.850000000000007,BULL,62.26305032763627,EPL.BO
LONG_RSI_ZONE_BEAR_ONLY,EPL,BSE,2026-04-02,2026-04-06,2026-04-08,LONG,213.9499969482422,208.60124702453612,224.64749679565432,224.64749679565432,TARGET,3,5.000000000000011,4.85000000000001,BEAR,60.015109142392305,EPL.BO
LONG_RSI_ZONE_BEAR_ONLY,EPL,BSE,2026-06-17,2026-06-18,2026-06-18,LONG,235.25,229.36875,247.01250000000002,229.36875,STOP_LOSS,1,-2.499999999999998,-2.6499999999999977,BEAR,63.423224080561276,EPL.BO
CURRENT,NORTHARC,BSE,2025-06-25,2025-06-26,2025-06-30,LONG,240.0,234.0,252.0,234.0,STOP_LOSS,3,-2.5,-2.65,BULL,64.4086069837873,NORTHARC.BO
CURRENT,NORTHARC,BSE,2025-11-03,2025-11-04,2025-11-04,LONG,283.95001220703125,276.8512619018555,298.14751281738285,276.8512619018555,STOP_LOSS,1,-2.499999999999996,-2.649999999999996,BULL,62.05439442201583,NORTHARC.BO
LONG_RSI_ZONE,NORTHARC,BSE,2025-06-25,2025-06-26,2025-06-30,LONG,240.0,234.0,252.0,234.0,STOP_LOSS,3,-2.5,-2.65,BULL,64.4086069837873,NORTHARC.BO
LONG_RSI_ZONE,NORTHARC,BSE,2025-11-03,2025-11-04,2025-11-04,LONG,283.95001220703125,276.8512619018555,298.14751281738285,276.8512619018555,STOP_LOSS,1,-2.499999999999996,-2.649999999999996,BULL,62.05439442201583,NORTHARC.BO
SHORT_RSI_ZONE,NORTHARC,BSE,2025-06-25,2025-06-26,2025-06-30,LONG,240.0,234.0,252.0,234.0,STOP_LOSS,3,-2.5,-2.65,BULL,64.4086069837873,NORTHARC.BO
SHORT_RSI_ZONE,NORTHARC,BSE,2025-11-03,2025-11-04,2025-11-04,LONG,283.95001220703125,276.8512619018555,298.14751281738285,276.8512619018555,STOP_LOSS,1,-2.499999999999996,-2.649999999999996,BULL,62.05439442201583,NORTHARC.BO
BOTH_RSI_ZONE,NORTHARC,BSE,2025-06-25,2025-06-26,2025-06-30,LONG,240.0,234.0,252.0,234.0,STOP_LOSS,3,-2.5,-2.65,BULL,64.4086069837873,NORTHARC.BO
BOTH_RSI_ZONE,NORTHARC,BSE,2025-11-03,2025-11-04,2025-11-04,LONG,283.95001220703125,276.8512619018555,298.14751281738285,276.8512619018555,STOP_LOSS,1,-2.499999999999996,-2.649999999999996,BULL,62.05439442201583,NORTHARC.BO
LONG_RSI_ZONE_NO_NEUTRAL,NORTHARC,BSE,2025-06-25,2025-06-26,2025-06-30,LONG,240.0,234.0,252.0,234.0,STOP_LOSS,3,-2.5,-2.65,BULL,64.4086069837873,NORTHARC.BO
LONG_RSI_ZONE_NO_NEUTRAL,NORTHARC,BSE,2025-11-03,2025-11-04,2025-11-04,LONG,283.95001220703125,276.8512619018555,298.14751281738285,276.8512619018555,STOP_LOSS,1,-2.499999999999996,-2.649999999999996,BULL,62.05439442201583,NORTHARC.BO
CURRENT,RUBICON,BSE,2025-12-22,2025-12-23,2025-12-29,LONG,690.4500122070312,673.1887619018554,724.9725128173828,673.1887619018554,STOP_LOSS,4,-2.5000000000000098,-2.6500000000000097,BULL,61.97497600394881,RUBICON.BO
CURRENT,RUBICON,BSE,2026-02-03,2026-02-04,2026-02-04,LONG,747.8499755859375,729.1537261962891,785.2424743652344,729.1537261962891,STOP_LOSS,1,-2.499999999999997,-2.649999999999997,NEUTRAL,67.11924598577818,RUBICON.BO
LONG_RSI_ZONE,RUBICON,BSE,2025-12-22,2025-12-23,2025-12-29,LONG,690.4500122070312,673.1887619018554,724.9725128173828,673.1887619018554,STOP_LOSS,4,-2.5000000000000098,-2.6500000000000097,BULL,61.97497600394881,RUBICON.BO
SHORT_RSI_ZONE,RUBICON,BSE,2025-12-22,2025-12-23,2025-12-29,LONG,690.4500122070312,673.1887619018554,724.9725128173828,673.1887619018554,STOP_LOSS,4,-2.5000000000000098,-2.6500000000000097,BULL,61.97497600394881,RUBICON.BO
SHORT_RSI_ZONE,RUBICON,BSE,2026-02-03,2026-02-04,2026-02-04,LONG,747.8499755859375,729.1537261962891,785.2424743652344,729.1537261962891,STOP_LOSS,1,-2.499999999999997,-2.649999999999997,NEUTRAL,67.11924598577818,RUBICON.BO
BOTH_RSI_ZONE,RUBICON,BSE,2025-12-22,2025-12-23,2025-12-29,LONG,690.4500122070312,673.1887619018554,724.9725128173828,673.1887619018554,STOP_LOSS,4,-2.5000000000000098,-2.6500000000000097,BULL,61.97497600394881,RUBICON.BO
LONG_RSI_ZONE_NO_NEUTRAL,RUBICON,BSE,2025-12-22,2025-12-23,2025-12-29,LONG,690.4500122070312,673.1887619018554,724.9725128173828,673.1887619018554,STOP_LOSS,4,-2.5000000000000098,-2.6500000000000097,BULL,61.97497600394881,RUBICON.BO
CURRENT,TFCILTD,BSE,2024-11-22,2024-11-25,2024-11-26,LONG,33.91999816894531,33.07199821472168,35.61599807739258,35.61599807739258,TARGET,2,5.000000000000012,4.850000000000012,NEUTRAL,63.18509240737384,TFCILTD.BO
CURRENT,TFCILTD,BSE,2025-01-14,2025-01-15,2025-01-22,SHORT,31.059999465942383,31.83649945259094,29.506999492645264,29.506999492645264,TARGET,6,5.0,4.85,NEUTRAL,38.80994929692673,TFCILTD.BO
CURRENT,TFCILTD,BSE,2025-03-26,2025-03-27,2025-03-27,LONG,33.189998626708984,32.36024866104126,34.84949855804444,32.36024866104126,STOP_LOSS,1,-2.4999999999999956,-2.6499999999999955,NEUTRAL,69.58573324053515,TFCILTD.BO
CURRENT,TFCILTD,BSE,2025-12-04,2025-12-05,2025-12-09,SHORT,64.25,65.85624999999999,61.037499999999994,65.85624999999999,STOP_LOSS,3,-2.4999999999999822,-2.649999999999982,BULL,39.04875864910367,TFCILTD.BO
CURRENT,TFCILTD,BSE,2026-07-15,2026-07-16,2026-07-20,LONG,84.0,81.89999999999999,88.2,81.89999999999999,STOP_LOSS,3,-2.50000000000001,-2.65000000000001,NEUTRAL,64.86721568956783,TFCILTD.BO
LONG_RSI_ZONE,TFCILTD,BSE,2024-11-22,2024-11-25,2024-11-26,LONG,33.91999816894531,33.07199821472168,35.61599807739258,35.61599807739258,TARGET,2,5.000000000000012,4.850000000000012,NEUTRAL,63.18509240737384,TFCILTD.BO
LONG_RSI_ZONE,TFCILTD,BSE,2025-01-14,2025-01-15,2025-01-22,SHORT,31.059999465942383,31.83649945259094,29.506999492645264,29.506999492645264,TARGET,6,5.0,4.85,NEUTRAL,38.80994929692673,TFCILTD.BO
LONG_RSI_ZONE,TFCILTD,BSE,2025-12-04,2025-12-05,2025-12-09,SHORT,64.25,65.85624999999999,61.037499999999994,65.85624999999999,STOP_LOSS,3,-2.4999999999999822,-2.649999999999982,BULL,39.04875864910367,TFCILTD.BO
LONG_RSI_ZONE,TFCILTD,BSE,2026-07-15,2026-07-16,2026-07-20,LONG,84.0,81.89999999999999,88.2,81.89999999999999,STOP_LOSS,3,-2.50000000000001,-2.65000000000001,NEUTRAL,64.86721568956783,TFCILTD.BO
SHORT_RSI_ZONE,TFCILTD,BSE,2024-11-22,2024-11-25,2024-11-26,LONG,33.91999816894531,33.07199821472168,35.61599807739258,35.61599807739258,TARGET,2,5.000000000000012,4.850000000000012,NEUTRAL,63.18509240737384,TFCILTD.BO
SHORT_RSI_ZONE,TFCILTD,BSE,2025-01-14,2025-01-15,2025-01-22,SHORT,31.059999465942383,31.83649945259094,29.506999492645264,29.506999492645264,TARGET,6,5.0,4.85,NEUTRAL,38.80994929692673,TFCILTD.BO
SHORT_RSI_ZONE,TFCILTD,BSE,2025-03-26,2025-03-27,2025-03-27,LONG,33.189998626708984,32.36024866104126,34.84949855804444,32.36024866104126,STOP_LOSS,1,-2.4999999999999956,-2.6499999999999955,NEUTRAL,69.58573324053515,TFCILTD.BO
SHORT_RSI_ZONE,TFCILTD,BSE,2025-12-04,2025-12-05,2025-12-09,SHORT,64.25,65.85624999999999,61.037499999999994,65.85624999999999,STOP_LOSS,3,-2.4999999999999822,-2.649999999999982,BULL,39.04875864910367,TFCILTD.BO
SHORT_RSI_ZONE,TFCILTD,BSE,2026-07-15,2026-07-16,2026-07-20,LONG,84.0,81.89999999999999,88.2,81.89999999999999,STOP_LOSS,3,-2.50000000000001,-2.65000000000001,NEUTRAL,64.86721568956783,TFCILTD.BO
BOTH_RSI_ZONE,TFCILTD,BSE,2024-11-22,2024-11-25,2024-11-26,LONG,33.91999816894531,33.07199821472168,35.61599807739258,35.61599807739258,TARGET,2,5.000000000000012,4.850000000000012,NEUTRAL,63.18509240737384,TFCILTD.BO
BOTH_RSI_ZONE,TFCILTD,BSE,2025-01-14,2025-01-15,2025-01-22,SHORT,31.059999465942383,31.83649945259094,29.506999492645264,29.506999492645264,TARGET,6,5.0,4.85,NEUTRAL,38.80994929692673,TFCILTD.BO
BOTH_RSI_ZONE,TFCILTD,BSE,2025-12-04,2025-12-05,2025-12-09,SHORT,64.25,65.85624999999999,61.037499999999994,65.85624999999999,STOP_LOSS,3,-2.4999999999999822,-2.649999999999982,BULL,39.04875864910367,TFCILTD.BO
BOTH_RSI_ZONE,TFCILTD,BSE,2026-07-15,2026-07-16,2026-07-20,LONG,84.0,81.89999999999999,88.2,81.89999999999999,STOP_LOSS,3,-2.50000000000001,-2.65000000000001,NEUTRAL,64.86721568956783,TFCILTD.BO
LONG_RSI_ZONE_NO_NEUTRAL,TFCILTD,BSE,2025-12-04,2025-12-05,2025-12-09,SHORT,64.25,65.85624999999999,61.037499999999994,65.85624999999999,STOP_LOSS,3,-2.4999999999999822,-2.649999999999982,BULL,39.04875864910367,TFCILTD.BO
CURRENT,PWL,BSE,2026-06-18,2026-06-19,2026-06-19,LONG,113.44999694824219,110.61374702453612,119.1224967956543,119.1224967956543,TARGET,1,5.000000000000003,4.850000000000002,BEAR,61.096726293360476,PWL.BO
LONG_RSI_ZONE,PWL,BSE,2026-06-18,2026-06-19,2026-06-19,LONG,113.44999694824219,110.61374702453612,119.1224967956543,119.1224967956543,TARGET,1,5.000000000000003,4.850000000000002,BEAR,61.096726293360476,PWL.BO
SHORT_RSI_ZONE,PWL,BSE,2026-06-18,2026-06-19,2026-06-19,LONG,113.44999694824219,110.61374702453612,119.1224967956543,119.1224967956543,TARGET,1,5.000000000000003,4.850000000000002,BEAR,61.096726293360476,PWL.BO
BOTH_RSI_ZONE,PWL,BSE,2026-06-18,2026-06-19,2026-06-19,LONG,113.44999694824219,110.61374702453612,119.1224967956543,119.1224967956543,TARGET,1,5.000000000000003,4.850000000000002,BEAR,61.096726293360476,PWL.BO
LONG_RSI_ZONE_NO_NEUTRAL,PWL,BSE,2026-06-18,2026-06-19,2026-06-19,LONG,113.44999694824219,110.61374702453612,119.1224967956543,119.1224967956543,TARGET,1,5.000000000000003,4.850000000000002,BEAR,61.096726293360476,PWL.BO
LONG_RSI_ZONE_BEAR_ONLY,PWL,BSE,2026-06-18,2026-06-19,2026-06-19,LONG,113.44999694824219,110.61374702453612,119.1224967956543,119.1224967956543,TARGET,1,5.000000000000003,4.850000000000002,BEAR,61.096726293360476,PWL.BO
CURRENT,SBIN,BSE,2025-06-30,2025-07-01,2025-07-16,LONG,820.3499755859375,799.8412261962891,861.3674743652344,831.5499877929688,TIME_EXIT,11,1.365272449606841,1.215272449606841,BULL,62.862313565191,500112.BO
CURRENT,SBIN,BSE,2025-08-14,2025-08-18,2025-08-26,LONG,831.3499755859375,810.566226196289,872.9174743652344,810.566226196289,STOP_LOSS,7,-2.500000000000008,-2.650000000000008,NEUTRAL,62.620449001349805,500112.BO
CURRENT,SBIN,BSE,2025-09-11,2025-09-12,2025-09-22,LONG,824.9000244140625,804.2775238037109,866.1450256347657,866.1450256347657,TARGET,7,5.000000000000011,4.85000000000001,NEUTRAL,60.735201036384886,500112.BO
CURRENT,SBIN,BSE,2026-05-08,2026-05-11,2026-05-15,SHORT,1009.9500122070312,1035.198762512207,959.4525115966796,959.4525115966796,TARGET,5,5.000000000000004,4.850000000000004,BEAR,38.023293310435825,500112.BO
LONG_RSI_ZONE,SBIN,BSE,2025-06-30,2025-07-01,2025-07-16,LONG,820.3499755859375,799.8412261962891,861.3674743652344,831.5499877929688,TIME_EXIT,11,1.365272449606841,1.215272449606841,BULL,62.862313565191,500112.BO
LONG_RSI_ZONE,SBIN,BSE,2025-08-14,2025-08-18,2025-08-26,LONG,831.3499755859375,810.566226196289,872.9174743652344,810.566226196289,STOP_LOSS,7,-2.500000000000008,-2.650000000000008,NEUTRAL,62.620449001349805,500112.BO
LONG_RSI_ZONE,SBIN,BSE,2025-09-11,2025-09-12,2025-09-22,LONG,824.9000244140625,804.2775238037109,866.1450256347657,866.1450256347657,TARGET,7,5.000000000000011,4.85000000000001,NEUTRAL,60.735201036384886,500112.BO
LONG_RSI_ZONE,SBIN,BSE,2026-05-08,2026-05-11,2026-05-15,SHORT,1009.9500122070312,1035.198762512207,959.4525115966796,959.4525115966796,TARGET,5,5.000000000000004,4.850000000000004,BEAR,38.023293310435825,500112.BO
SHORT_RSI_ZONE,SBIN,BSE,2025-06-30,2025-07-01,2025-07-16,LONG,820.3499755859375,799.8412261962891,861.3674743652344,831.5499877929688,TIME_EXIT,11,1.365272449606841,1.215272449606841,BULL,62.862313565191,500112.BO
SHORT_RSI_ZONE,SBIN,BSE,2025-08-14,2025-08-18,2025-08-26,LONG,831.3499755859375,810.566226196289,872.9174743652344,810.566226196289,STOP_LOSS,7,-2.500000000000008,-2.650000000000008,NEUTRAL,62.620449001349805,500112.BO
SHORT_RSI_ZONE,SBIN,BSE,2025-09-11,2025-09-12,2025-09-22,LONG,824.9000244140625,804.2775238037109,866.1450256347657,866.1450256347657,TARGET,7,5.000000000000011,4.85000000000001,NEUTRAL,60.735201036384886,500112.BO
SHORT_RSI_ZONE,SBIN,BSE,2026-05-08,2026-05-11,2026-05-15,SHORT,1009.9500122070312,1035.198762512207,959.4525115966796,959.4525115966796,TARGET,5,5.000000000000004,4.850000000000004,BEAR,38.023293310435825,500112.BO
BOTH_RSI_ZONE,SBIN,BSE,2025-06-30,2025-07-01,2025-07-16,LONG,820.3499755859375,799.8412261962891,861.3674743652344,831.5499877929688,TIME_EXIT,11,1.365272449606841,1.215272449606841,BULL,62.862313565191,500112.BO
BOTH_RSI_ZONE,SBIN,BSE,2025-08-14,2025-08-18,2025-08-26,LONG,831.3499755859375,810.566226196289,872.9174743652344,810.566226196289,STOP_LOSS,7,-2.500000000000008,-2.650000000000008,NEUTRAL,62.620449001349805,500112.BO
BOTH_RSI_ZONE,SBIN,BSE,2025-09-11,2025-09-12,2025-09-22,LONG,824.9000244140625,804.2775238037109,866.1450256347657,866.1450256347657,TARGET,7,5.000000000000011,4.85000000000001,NEUTRAL,60.735201036384886,500112.BO
BOTH_RSI_ZONE,SBIN,BSE,2026-05-08,2026-05-11,2026-05-15,SHORT,1009.9500122070312,1035.198762512207,959.4525115966796,959.4525115966796,TARGET,5,5.000000000000004,4.850000000000004,BEAR,38.023293310435825,500112.BO
LONG_RSI_ZONE_NO_NEUTRAL,SBIN,BSE,2025-06-30,2025-07-01,2025-07-16,LONG,820.3499755859375,799.8412261962891,861.3674743652344,831.5499877929688,TIME_EXIT,11,1.365272449606841,1.215272449606841,BULL,62.862313565191,500112.BO
LONG_RSI_ZONE_NO_NEUTRAL,SBIN,BSE,2025-09-12,2025-09-15,2025-09-22,LONG,823.2999877929688,802.7174880981445,864.4649871826173,864.4649871826173,TARGET,6,5.0000000000000115,4.850000000000011,BULL,60.16848766735802,500112.BO
LONG_RSI_ZONE_NO_NEUTRAL,SBIN,BSE,2026-05-08,2026-05-11,2026-05-15,SHORT,1009.9500122070312,1035.198762512207,959.4525115966796,959.4525115966796,TARGET,5,5.000000000000004,4.850000000000004,BEAR,38.023293310435825,500112.BO
LONG_RSI_ZONE_BEAR_ONLY,SBIN,BSE,2026-05-08,2026-05-11,2026-05-15,SHORT,1009.9500122070312,1035.198762512207,959.4525115966796,959.4525115966796,TARGET,5,5.000000000000004,4.850000000000004,BEAR,38.023293310435825,500112.BO
CURRENT,LLOYDSENGG,BSE,2024-12-03,2024-12-04,2024-12-16,LONG,79.01000213623047,77.03475208282471,82.960502243042,82.960502243042,TARGET,9,5.000000000000011,4.85000000000001,NEUTRAL,63.66603362231909,LLOYDSENGG.BO
CURRENT,LLOYDSENGG,BSE,2025-01-03,2025-01-06,2025-01-06,LONG,85.4800033569336,83.34300327301025,89.75400352478027,83.34300327301025,STOP_LOSS,1,-2.5,-2.65,NEUTRAL,67.10277372414293,LLOYDSENGG.BO
CURRENT,LLOYDSENGG,BSE,2025-01-07,2025-01-08,2025-01-10,LONG,86.0999984741211,83.94749851226807,90.40499839782716,83.94749851226807,STOP_LOSS,3,-2.4999999999999964,-2.6499999999999964,NEUTRAL,62.57108596518687,LLOYDSENGG.BO
CURRENT,LLOYDSENGG,BSE,2025-05-06,2025-05-07,2025-05-07,SHORT,48.7599983215332,49.97899827957153,46.32199840545654,49.97899827957153,STOP_LOSS,1,-2.4999999999999885,-2.6499999999999884,NEUTRAL,38.44093050076255,LLOYDSENGG.BO
CURRENT,LLOYDSENGG,BSE,2025-06-26,2025-06-27,2025-06-27,LONG,64.51000213623047,62.89725208282471,67.73550224304199,67.73550224304199,TARGET,1,5.0,4.85,BULL,63.07204416896461,LLOYDSENGG.BO
CURRENT,LLOYDSENGG,BSE,2026-01-09,2026-01-12,2026-01-13,SHORT,51.060001373291016,52.33650140762329,48.50700130462646,52.33650140762329,STOP_LOSS,2,-2.4999999999999947,-2.6499999999999946,BULL,34.59937985699656,LLOYDSENGG.BO
LONG_RSI_ZONE,LLOYDSENGG,BSE,2024-12-03,2024-12-04,2024-12-16,LONG,79.01000213623047,77.03475208282471,82.960502243042,82.960502243042,TARGET,9,5.000000000000011,4.85000000000001,NEUTRAL,63.66603362231909,LLOYDSENGG.BO
LONG_RSI_ZONE,LLOYDSENGG,BSE,2025-01-07,2025-01-08,2025-01-10,LONG,86.0999984741211,83.94749851226807,90.40499839782716,83.94749851226807,STOP_LOSS,3,-2.4999999999999964,-2.6499999999999964,NEUTRAL,62.57108596518687,LLOYDSENGG.BO
LONG_RSI_ZONE,LLOYDSENGG,BSE,2025-05-06,2025-05-07,2025-05-07,SHORT,48.7599983215332,49.97899827957153,46.32199840545654,49.97899827957153,STOP_LOSS,1,-2.4999999999999885,-2.6499999999999884,NEUTRAL,38.44093050076255,LLOYDSENGG.BO
LONG_RSI_ZONE,LLOYDSENGG,BSE,2025-06-26,2025-06-27,2025-06-27,LONG,64.51000213623047,62.89725208282471,67.73550224304199,67.73550224304199,TARGET,1,5.0,4.85,BULL,63.07204416896461,LLOYDSENGG.BO
LONG_RSI_ZONE,LLOYDSENGG,BSE,2026-01-09,2026-01-12,2026-01-13,SHORT,51.060001373291016,52.33650140762329,48.50700130462646,52.33650140762329,STOP_LOSS,2,-2.4999999999999947,-2.6499999999999946,BULL,34.59937985699656,LLOYDSENGG.BO
SHORT_RSI_ZONE,LLOYDSENGG,BSE,2024-12-03,2024-12-04,2024-12-16,LONG,79.01000213623047,77.03475208282471,82.960502243042,82.960502243042,TARGET,9,5.000000000000011,4.85000000000001,NEUTRAL,63.66603362231909,LLOYDSENGG.BO
SHORT_RSI_ZONE,LLOYDSENGG,BSE,2025-01-03,2025-01-06,2025-01-06,LONG,85.4800033569336,83.34300327301025,89.75400352478027,83.34300327301025,STOP_LOSS,1,-2.5,-2.65,NEUTRAL,67.10277372414293,LLOYDSENGG.BO
SHORT_RSI_ZONE,LLOYDSENGG,BSE,2025-01-07,2025-01-08,2025-01-10,LONG,86.0999984741211,83.94749851226807,90.40499839782716,83.94749851226807,STOP_LOSS,3,-2.4999999999999964,-2.6499999999999964,NEUTRAL,62.57108596518687,LLOYDSENGG.BO
SHORT_RSI_ZONE,LLOYDSENGG,BSE,2025-05-06,2025-05-07,2025-05-07,SHORT,48.7599983215332,49.97899827957153,46.32199840545654,49.97899827957153,STOP_LOSS,1,-2.4999999999999885,-2.6499999999999884,NEUTRAL,38.44093050076255,LLOYDSENGG.BO
SHORT_RSI_ZONE,LLOYDSENGG,BSE,2025-06-26,2025-06-27,2025-06-27,LONG,64.51000213623047,62.89725208282471,67.73550224304199,67.73550224304199,TARGET,1,5.0,4.85,BULL,63.07204416896461,LLOYDSENGG.BO
SHORT_RSI_ZONE,LLOYDSENGG,BSE,2026-01-09,2026-01-12,2026-01-13,SHORT,51.060001373291016,52.33650140762329,48.50700130462646,52.33650140762329,STOP_LOSS,2,-2.4999999999999947,-2.6499999999999946,BULL,34.59937985699656,LLOYDSENGG.BO
BOTH_RSI_ZONE,LLOYDSENGG,BSE,2024-12-03,2024-12-04,2024-12-16,LONG,79.01000213623047,77.03475208282471,82.960502243042,82.960502243042,TARGET,9,5.000000000000011,4.85000000000001,NEUTRAL,63.66603362231909,LLOYDSENGG.BO
BOTH_RSI_ZONE,LLOYDSENGG,BSE,2025-01-07,2025-01-08,2025-01-10,LONG,86.0999984741211,83.94749851226807,90.40499839782716,83.94749851226807,STOP_LOSS,3,-2.4999999999999964,-2.6499999999999964,NEUTRAL,62.57108596518687,LLOYDSENGG.BO
BOTH_RSI_ZONE,LLOYDSENGG,BSE,2025-05-06,2025-05-07,2025-05-07,SHORT,48.7599983215332,49.97899827957153,46.32199840545654,49.97899827957153,STOP_LOSS,1,-2.4999999999999885,-2.6499999999999884,NEUTRAL,38.44093050076255,LLOYDSENGG.BO
BOTH_RSI_ZONE,LLOYDSENGG,BSE,2025-06-26,2025-06-27,2025-06-27,LONG,64.51000213623047,62.89725208282471,67.73550224304199,67.73550224304199,TARGET,1,5.0,4.85,BULL,63.07204416896461,LLOYDSENGG.BO
BOTH_RSI_ZONE,LLOYDSENGG,BSE,2026-01-09,2026-01-12,2026-01-13,SHORT,51.060001373291016,52.33650140762329,48.50700130462646,52.33650140762329,STOP_LOSS,2,-2.4999999999999947,-2.6499999999999946,BULL,34.59937985699656,LLOYDSENGG.BO
LONG_RSI_ZONE_NO_NEUTRAL,LLOYDSENGG,BSE,2025-06-26,2025-06-27,2025-06-27,LONG,64.51000213623047,62.89725208282471,67.73550224304199,67.73550224304199,TARGET,1,5.0,4.85,BULL,63.07204416896461,LLOYDSENGG.BO
LONG_RSI_ZONE_NO_NEUTRAL,LLOYDSENGG,BSE,2026-01-09,2026-01-12,2026-01-13,SHORT,51.060001373291016,52.33650140762329,48.50700130462646,52.33650140762329,STOP_LOSS,2,-2.4999999999999947,-2.6499999999999946,BULL,34.59937985699656,LLOYDSENGG.BO
CURRENT,CGCL,BSE,2024-11-05,2024-11-06,2024-11-11,LONG,210.8000030517578,205.53000297546387,221.34000320434572,205.53000297546387,STOP_LOSS,4,-2.4999999999999973,-2.6499999999999972,NEUTRAL,63.11699895957617,CGCL.BO
CURRENT,CGCL,BSE,2024-11-18,2024-11-19,2024-11-25,SHORT,193.6999969482422,198.54249687194823,184.01499710083007,198.54249687194823,STOP_LOSS,4,-2.4999999999999942,-2.649999999999994,NEUTRAL,39.51294245726242,CGCL.BO
CURRENT,CGCL,BSE,2024-11-27,2024-11-28,2024-12-05,LONG,211.1999969482422,205.91999702453612,221.7599967956543,205.91999702453612,STOP_LOSS,6,-2.500000000000008,-2.650000000000008,NEUTRAL,63.11393036033433,CGCL.BO
CURRENT,CGCL,BSE,2025-04-07,2025-04-08,2025-04-08,SHORT,164.9499969482422,169.07374687194823,156.70249710083007,156.70249710083007,TARGET,1,5.0000000000000036,4.850000000000003,NEUTRAL,39.81338806455668,CGCL.BO
CURRENT,CGCL,BSE,2025-06-10,2025-06-11,2025-06-12,LONG,178.25,173.79375,187.1625,173.79375,STOP_LOSS,2,-2.500000000000006,-2.650000000000006,NEUTRAL,66.97250024498238,CGCL.BO
CURRENT,CGCL,BSE,2025-07-10,2025-07-11,2025-07-11,LONG,177.8000030517578,173.35500297546386,186.69000320434571,173.35500297546386,STOP_LOSS,1,-2.500000000000003,-2.650000000000003,BULL,61.048861790753655,CGCL.BO
CURRENT,CGCL,BSE,2025-07-16,2025-07-17,2025-07-28,LONG,183.1499938964844,178.57124404907228,192.30749359130863,178.57124404907228,STOP_LOSS,8,-2.500000000000009,-2.650000000000009,BULL,63.5176215797985,CGCL.BO
CURRENT,CGCL,BSE,2026-01-19,2026-01-20,2026-01-20,SHORT,175.64999389648438,180.04124374389647,166.86749420166015,180.04124374389647,STOP_LOSS,1,-2.4999999999999933,-2.6499999999999932,BULL,38.99615334967665,CGCL.BO
CURRENT,CGCL,BSE,2026-08-26,2026-08-27,2026-08-27,LONG,258.70001220703125,252.23251190185547,271.6350128173828,252.23251190185547,STOP_LOSS,1,-2.499999999999998,-2.6499999999999977,NEUTRAL,67.52368586139539,CGCL.BO
CURRENT,CGCL,BSE,2026-08-28,2026-08-31,2026-08-31,LONG,258.0,251.54999999999998,270.90000000000003,251.54999999999998,STOP_LOSS,1,-2.5000000000000067,-2.6500000000000066,NEUTRAL,63.9822047147246,CGCL.BO
LONG_RSI_ZONE,CGCL,BSE,2024-11-05,2024-11-06,2024-11-11,LONG,210.8000030517578,205.53000297546387,221.34000320434572,205.53000297546387,STOP_LOSS,4,-2.4999999999999973,-2.6499999999999972,NEUTRAL,63.11699895957617,CGCL.BO
LONG_RSI_ZONE,CGCL,BSE,2024-11-18,2024-11-19,2024-11-25,SHORT,193.6999969482422,198.54249687194823,184.01499710083007,198.54249687194823,STOP_LOSS,4,-2.4999999999999942,-2.649999999999994,NEUTRAL,39.51294245726242,CGCL.BO
LONG_RSI_ZONE,CGCL,BSE,2024-11-27,2024-11-28,2024-12-05,LONG,211.1999969482422,205.91999702453612,221.7599967956543,205.91999702453612,STOP_LOSS,6,-2.500000000000008,-2.650000000000008,NEUTRAL,63.11393036033433,CGCL.BO
LONG_RSI_ZONE,CGCL,BSE,2025-04-07,2025-04-08,2025-04-08,SHORT,164.9499969482422,169.07374687194823,156.70249710083007,156.70249710083007,TARGET,1,5.0000000000000036,4.850000000000003,NEUTRAL,39.81338806455668,CGCL.BO
LONG_RSI_ZONE,CGCL,BSE,2025-06-12,2025-06-13,2025-06-16,LONG,170.75,166.48125,179.2875,166.48125,STOP_LOSS,2,-2.5000000000000067,-2.6500000000000066,NEUTRAL,60.924936333307905,CGCL.BO
LONG_RSI_ZONE,CGCL,BSE,2025-07-10,2025-07-11,2025-07-11,LONG,177.8000030517578,173.35500297546386,186.69000320434571,173.35500297546386,STOP_LOSS,1,-2.500000000000003,-2.650000000000003,BULL,61.048861790753655,CGCL.BO
LONG_RSI_ZONE,CGCL,BSE,2025-07-16,2025-07-17,2025-07-28,LONG,183.1499938964844,178.57124404907228,192.30749359130863,178.57124404907228,STOP_LOSS,8,-2.500000000000009,-2.650000000000009,BULL,63.5176215797985,CGCL.BO
LONG_RSI_ZONE,CGCL,BSE,2026-01-19,2026-01-20,2026-01-20,SHORT,175.64999389648438,180.04124374389647,166.86749420166015,180.04124374389647,STOP_LOSS,1,-2.4999999999999933,-2.6499999999999932,BULL,38.99615334967665,CGCL.BO
LONG_RSI_ZONE,CGCL,BSE,2026-08-28,2026-08-31,2026-08-31,LONG,258.0,251.54999999999998,270.90000000000003,251.54999999999998,STOP_LOSS,1,-2.5000000000000067,-2.6500000000000066,NEUTRAL,63.9822047147246,CGCL.BO
SHORT_RSI_ZONE,CGCL,BSE,2024-11-05,2024-11-06,2024-11-11,LONG,210.8000030517578,205.53000297546387,221.34000320434572,205.53000297546387,STOP_LOSS,4,-2.4999999999999973,-2.6499999999999972,NEUTRAL,63.11699895957617,CGCL.BO
SHORT_RSI_ZONE,CGCL,BSE,2024-11-18,2024-11-19,2024-11-25,SHORT,193.6999969482422,198.54249687194823,184.01499710083007,198.54249687194823,STOP_LOSS,4,-2.4999999999999942,-2.649999999999994,NEUTRAL,39.51294245726242,CGCL.BO
SHORT_RSI_ZONE,CGCL,BSE,2024-11-27,2024-11-28,2024-12-05,LONG,211.1999969482422,205.91999702453612,221.7599967956543,205.91999702453612,STOP_LOSS,6,-2.500000000000008,-2.650000000000008,NEUTRAL,63.11393036033433,CGCL.BO
SHORT_RSI_ZONE,CGCL,BSE,2025-04-07,2025-04-08,2025-04-08,SHORT,164.9499969482422,169.07374687194823,156.70249710083007,156.70249710083007,TARGET,1,5.0000000000000036,4.850000000000003,NEUTRAL,39.81338806455668,CGCL.BO
SHORT_RSI_ZONE,CGCL,BSE,2025-06-10,2025-06-11,2025-06-12,LONG,178.25,173.79375,187.1625,173.79375,STOP_LOSS,2,-2.500000000000006,-2.650000000000006,NEUTRAL,66.97250024498238,CGCL.BO
SHORT_RSI_ZONE,CGCL,BSE,2025-07-10,2025-07-11,2025-07-11,LONG,177.8000030517578,173.35500297546386,186.69000320434571,173.35500297546386,STOP_LOSS,1,-2.500000000000003,-2.650000000000003,BULL,61.048861790753655,CGCL.BO
SHORT_RSI_ZONE,CGCL,BSE,2025-07-16,2025-07-17,2025-07-28,LONG,183.1499938964844,178.57124404907228,192.30749359130863,178.57124404907228,STOP_LOSS,8,-2.500000000000009,-2.650000000000009,BULL,63.5176215797985,CGCL.BO
SHORT_RSI_ZONE,CGCL,BSE,2026-01-19,2026-01-20,2026-01-20,SHORT,175.64999389648438,180.04124374389647,166.86749420166015,180.04124374389647,STOP_LOSS,1,-2.4999999999999933,-2.6499999999999932,BULL,38.99615334967665,CGCL.BO
SHORT_RSI_ZONE,CGCL,BSE,2026-08-26,2026-08-27,2026-08-27,LONG,258.70001220703125,252.23251190185547,271.6350128173828,252.23251190185547,STOP_LOSS,1,-2.499999999999998,-2.6499999999999977,NEUTRAL,67.52368586139539,CGCL.BO
SHORT_RSI_ZONE,CGCL,BSE,2026-08-28,2026-08-31,2026-08-31,LONG,258.0,251.54999999999998,270.90000000000003,251.54999999999998,STOP_LOSS,1,-2.5000000000000067,-2.6500000000000066,NEUTRAL,63.9822047147246,CGCL.BO
BOTH_RSI_ZONE,CGCL,BSE,2024-11-05,2024-11-06,2024-11-11,LONG,210.8000030517578,205.53000297546387,221.34000320434572,205.53000297546387,STOP_LOSS,4,-2.4999999999999973,-2.6499999999999972,NEUTRAL,63.11699895957617,CGCL.BO
BOTH_RSI_ZONE,CGCL,BSE,2024-11-18,2024-11-19,2024-11-25,SHORT,193.6999969482422,198.54249687194823,184.01499710083007,198.54249687194823,STOP_LOSS,4,-2.4999999999999942,-2.649999999999994,NEUTRAL,39.51294245726242,CGCL.BO
BOTH_RSI_ZONE,CGCL,BSE,2024-11-27,2024-11-28,2024-12-05,LONG,211.1999969482422,205.91999702453612,221.7599967956543,205.91999702453612,STOP_LOSS,6,-2.500000000000008,-2.650000000000008,NEUTRAL,63.11393036033433,CGCL.BO
BOTH_RSI_ZONE,CGCL,BSE,2025-04-07,2025-04-08,2025-04-08,SHORT,164.9499969482422,169.07374687194823,156.70249710083007,156.70249710083007,TARGET,1,5.0000000000000036,4.850000000000003,NEUTRAL,39.81338806455668,CGCL.BO
BOTH_RSI_ZONE,CGCL,BSE,2025-06-12,2025-06-13,2025-06-16,LONG,170.75,166.48125,179.2875,166.48125,STOP_LOSS,2,-2.5000000000000067,-2.6500000000000066,NEUTRAL,60.924936333307905,CGCL.BO
BOTH_RSI_ZONE,CGCL,BSE,2025-07-10,2025-07-11,2025-07-11,LONG,177.8000030517578,173.35500297546386,186.69000320434571,173.35500297546386,STOP_LOSS,1,-2.500000000000003,-2.650000000000003,BULL,61.048861790753655,CGCL.BO
BOTH_RSI_ZONE,CGCL,BSE,2025-07-16,2025-07-17,2025-07-28,LONG,183.1499938964844,178.57124404907228,192.30749359130863,178.57124404907228,STOP_LOSS,8,-2.500000000000009,-2.650000000000009,BULL,63.5176215797985,CGCL.BO
BOTH_RSI_ZONE,CGCL,BSE,2026-01-19,2026-01-20,2026-01-20,SHORT,175.64999389648438,180.04124374389647,166.86749420166015,180.04124374389647,STOP_LOSS,1,-2.4999999999999933,-2.6499999999999932,BULL,38.99615334967665,CGCL.BO
BOTH_RSI_ZONE,CGCL,BSE,2026-08-28,2026-08-31,2026-08-31,LONG,258.0,251.54999999999998,270.90000000000003,251.54999999999998,STOP_LOSS,1,-2.5000000000000067,-2.6500000000000066,NEUTRAL,63.9822047147246,CGCL.BO
LONG_RSI_ZONE_NO_NEUTRAL,CGCL,BSE,2025-07-10,2025-07-11,2025-07-11,LONG,177.8000030517578,173.35500297546386,186.69000320434571,173.35500297546386,STOP_LOSS,1,-2.500000000000003,-2.650000000000003,BULL,61.048861790753655,CGCL.BO
LONG_RSI_ZONE_NO_NEUTRAL,CGCL,BSE,2025-07-16,2025-07-17,2025-07-28,LONG,183.1499938964844,178.57124404907228,192.30749359130863,178.57124404907228,STOP_LOSS,8,-2.500000000000009,-2.650000000000009,BULL,63.5176215797985,CGCL.BO
LONG_RSI_ZONE_NO_NEUTRAL,CGCL,BSE,2026-01-19,2026-01-20,2026-01-20,SHORT,175.64999389648438,180.04124374389647,166.86749420166015,180.04124374389647,STOP_LOSS,1,-2.4999999999999933,-2.6499999999999932,BULL,38.99615334967665,CGCL.BO
CURRENT,KALYANKJIL,BSE,2024-11-14,2024-11-18,2024-11-18,SHORT,657.0,673.425,624.15,673.425,STOP_LOSS,1,-2.4999999999999933,-2.6499999999999932,NEUTRAL,39.75958284329498,KALYANKJIL.BO
CURRENT,KALYANKJIL,BSE,2025-01-01,2025-01-02,2025-01-06,LONG,777.1500244140625,757.7212738037109,816.0075256347657,757.7212738037109,STOP_LOSS,3,-2.500000000000003,-2.650000000000003,NEUTRAL,62.791571363183834,KALYANKJIL.BO
CURRENT,KALYANKJIL,BSE,2025-01-09,2025-01-10,2025-01-10,SHORT,662.5,679.0624999999999,629.375,629.375,TARGET,1,5.0,4.85,NEUTRAL,33.447800971933916,KALYANKJIL.BO
CURRENT,KALYANKJIL,BSE,2025-07-01,2025-07-02,2025-07-16,LONG,570.0,555.75,598.5,589.75,TIME_EXIT,11,3.4649122807017543,3.3149122807017544,BULL,63.9354080175306,KALYANKJIL.BO
CURRENT,KALYANKJIL,BSE,2025-12-08,2025-12-09,2025-12-15,SHORT,471.0,482.775,447.45,482.775,STOP_LOSS,5,-2.499999999999995,-2.649999999999995,BULL,37.427305776428064,KALYANKJIL.BO
CURRENT,KALYANKJIL,BSE,2026-01-19,2026-01-20,2026-01-21,SHORT,461.0,472.525,437.95,437.95,TARGET,2,5.000000000000003,4.850000000000002,BULL,34.03088976921296,KALYANKJIL.BO
CURRENT,KALYANKJIL,BSE,2026-07-09,2026-07-10,2026-07-10,LONG,449.0,437.775,471.45000000000005,471.45000000000005,TARGET,1,5.00000000000001,4.850000000000009,NEUTRAL,70.14983088575423,KALYANKJIL.BO
LONG_RSI_ZONE,KALYANKJIL,BSE,2024-11-14,2024-11-18,2024-11-18,SHORT,657.0,673.425,624.15,673.425,STOP_LOSS,1,-2.4999999999999933,-2.6499999999999932,NEUTRAL,39.75958284329498,KALYANKJIL.BO
LONG_RSI_ZONE,KALYANKJIL,BSE,2025-01-01,2025-01-02,2025-01-06,LONG,777.1500244140625,757.7212738037109,816.0075256347657,757.7212738037109,STOP_LOSS,3,-2.500000000000003,-2.650000000000003,NEUTRAL,62.791571363183834,KALYANKJIL.BO
LONG_RSI_ZONE,KALYANKJIL,BSE,2025-01-09,2025-01-10,2025-01-10,SHORT,662.5,679.0624999999999,629.375,629.375,TARGET,1,5.0,4.85,NEUTRAL,33.447800971933916,KALYANKJIL.BO
LONG_RSI_ZONE,KALYANKJIL,BSE,2025-07-01,2025-07-02,2025-07-16,LONG,570.0,555.75,598.5,589.75,TIME_EXIT,11,3.4649122807017543,3.3149122807017544,BULL,63.9354080175306,KALYANKJIL.BO
LONG_RSI_ZONE,KALYANKJIL,BSE,2025-12-08,2025-12-09,2025-12-15,SHORT,471.0,482.775,447.45,482.775,STOP_LOSS,5,-2.499999999999995,-2.649999999999995,BULL,37.427305776428064,KALYANKJIL.BO
LONG_RSI_ZONE,KALYANKJIL,BSE,2026-01-19,2026-01-20,2026-01-21,SHORT,461.0,472.525,437.95,437.95,TARGET,2,5.000000000000003,4.850000000000002,BULL,34.03088976921296,KALYANKJIL.BO
SHORT_RSI_ZONE,KALYANKJIL,BSE,2024-11-14,2024-11-18,2024-11-18,SHORT,657.0,673.425,624.15,673.425,STOP_LOSS,1,-2.4999999999999933,-2.6499999999999932,NEUTRAL,39.75958284329498,KALYANKJIL.BO
SHORT_RSI_ZONE,KALYANKJIL,BSE,2025-01-01,2025-01-02,2025-01-06,LONG,777.1500244140625,757.7212738037109,816.0075256347657,757.7212738037109,STOP_LOSS,3,-2.500000000000003,-2.650000000000003,NEUTRAL,62.791571363183834,KALYANKJIL.BO
SHORT_RSI_ZONE,KALYANKJIL,BSE,2025-01-09,2025-01-10,2025-01-10,SHORT,662.5,679.0624999999999,629.375,629.375,TARGET,1,5.0,4.85,NEUTRAL,33.447800971933916,KALYANKJIL.BO
SHORT_RSI_ZONE,KALYANKJIL,BSE,2025-07-01,2025-07-02,2025-07-16,LONG,570.0,555.75,598.5,589.75,TIME_EXIT,11,3.4649122807017543,3.3149122807017544,BULL,63.9354080175306,KALYANKJIL.BO
SHORT_RSI_ZONE,KALYANKJIL,BSE,2025-12-08,2025-12-09,2025-12-15,SHORT,471.0,482.775,447.45,482.775,STOP_LOSS,5,-2.499999999999995,-2.649999999999995,BULL,37.427305776428064,KALYANKJIL.BO
SHORT_RSI_ZONE,KALYANKJIL,BSE,2026-01-19,2026-01-20,2026-01-21,SHORT,461.0,472.525,437.95,437.95,TARGET,2,5.000000000000003,4.850000000000002,BULL,34.03088976921296,KALYANKJIL.BO
SHORT_RSI_ZONE,KALYANKJIL,BSE,2026-07-09,2026-07-10,2026-07-10,LONG,449.0,437.775,471.45000000000005,471.45000000000005,TARGET,1,5.00000000000001,4.850000000000009,NEUTRAL,70.14983088575423,KALYANKJIL.BO
BOTH_RSI_ZONE,KALYANKJIL,BSE,2024-11-14,2024-11-18,2024-11-18,SHORT,657.0,673.425,624.15,673.425,STOP_LOSS,1,-2.4999999999999933,-2.6499999999999932,NEUTRAL,39.75958284329498,KALYANKJIL.BO
BOTH_RSI_ZONE,KALYANKJIL,BSE,2025-01-01,2025-01-02,2025-01-06,LONG,777.1500244140625,757.7212738037109,816.0075256347657,757.7212738037109,STOP_LOSS,3,-2.500000000000003,-2.650000000000003,NEUTRAL,62.791571363183834,KALYANKJIL.BO
BOTH_RSI_ZONE,KALYANKJIL,BSE,2025-01-09,2025-01-10,2025-01-10,SHORT,662.5,679.0624999999999,629.375,629.375,TARGET,1,5.0,4.85,NEUTRAL,33.447800971933916,KALYANKJIL.BO
BOTH_RSI_ZONE,KALYANKJIL,BSE,2025-07-01,2025-07-02,2025-07-16,LONG,570.0,555.75,598.5,589.75,TIME_EXIT,11,3.4649122807017543,3.3149122807017544,BULL,63.9354080175306,KALYANKJIL.BO
BOTH_RSI_ZONE,KALYANKJIL,BSE,2025-12-08,2025-12-09,2025-12-15,SHORT,471.0,482.775,447.45,482.775,STOP_LOSS,5,-2.499999999999995,-2.649999999999995,BULL,37.427305776428064,KALYANKJIL.BO
BOTH_RSI_ZONE,KALYANKJIL,BSE,2026-01-19,2026-01-20,2026-01-21,SHORT,461.0,472.525,437.95,437.95,TARGET,2,5.000000000000003,4.850000000000002,BULL,34.03088976921296,KALYANKJIL.BO
LONG_RSI_ZONE_NO_NEUTRAL,KALYANKJIL,BSE,2025-07-01,2025-07-02,2025-07-16,LONG,570.0,555.75,598.5,589.75,TIME_EXIT,11,3.4649122807017543,3.3149122807017544,BULL,63.9354080175306,KALYANKJIL.BO
LONG_RSI_ZONE_NO_NEUTRAL,KALYANKJIL,BSE,2025-12-08,2025-12-09,2025-12-15,SHORT,471.0,482.775,447.45,482.775,STOP_LOSS,5,-2.499999999999995,-2.649999999999995,BULL,37.427305776428064,KALYANKJIL.BO
LONG_RSI_ZONE_NO_NEUTRAL,KALYANKJIL,BSE,2026-01-19,2026-01-20,2026-01-21,SHORT,461.0,472.525,437.95,437.95,TARGET,2,5.000000000000003,4.850000000000002,BULL,34.03088976921296,KALYANKJIL.BO
LONG_RSI_ZONE_BEAR_ONLY,KALYANKJIL,BSE,2026-01-20,2026-01-21,2026-01-21,SHORT,450.2999877929688,461.55748748779297,427.78498840332037,427.78498840332037,TARGET,1,5.0,4.85,BEAR,32.272934557931094,KALYANKJIL.BO
CURRENT,IXIGO,BSE,2025-10-06,2025-10-07,2025-10-07,LONG,314.75,306.88124999999997,330.4875,306.88124999999997,STOP_LOSS,1,-2.500000000000011,-2.650000000000011,BULL,64.42827963520148,IXIGO.BO
CURRENT,IXIGO,BSE,2025-10-09,2025-10-10,2025-10-13,LONG,310.0,302.25,325.5,325.5,TARGET,2,5.0,4.85,BULL,61.582941095722084,IXIGO.BO
CURRENT,IXIGO,BSE,2026-06-16,2026-06-17,2026-06-23,LONG,188.0,183.29999999999998,197.4,197.4,TARGET,5,5.000000000000003,4.850000000000002,BEAR,67.7043455991969,IXIGO.BO
CURRENT,IXIGO,BSE,2026-08-07,2026-08-10,2026-08-10,SHORT,176.6999969482422,181.11749687194822,167.86499710083007,181.11749687194822,STOP_LOSS,1,-2.499999999999987,-2.649999999999987,BULL,37.04546394110143,IXIGO.BO
CURRENT,IXIGO,BSE,2026-08-13,2026-08-14,2026-08-27,SHORT,171.5500030517578,175.83875312805174,162.9725028991699,162.9725028991699,TARGET,10,5.000000000000006,4.850000000000006,NEUTRAL,36.736759192757624,IXIGO.BO
LONG_RSI_ZONE,IXIGO,BSE,2025-10-06,2025-10-07,2025-10-07,LONG,314.75,306.88124999999997,330.4875,306.88124999999997,STOP_LOSS,1,-2.500000000000011,-2.650000000000011,BULL,64.42827963520148,IXIGO.BO
LONG_RSI_ZONE,IXIGO,BSE,2025-10-09,2025-10-10,2025-10-13,LONG,310.0,302.25,325.5,325.5,TARGET,2,5.0,4.85,BULL,61.582941095722084,IXIGO.BO
LONG_RSI_ZONE,IXIGO,BSE,2026-08-07,2026-08-10,2026-08-10,SHORT,176.6999969482422,181.11749687194822,167.86499710083007,181.11749687194822,STOP_LOSS,1,-2.499999999999987,-2.649999999999987,BULL,37.04546394110143,IXIGO.BO
LONG_RSI_ZONE,IXIGO,BSE,2026-08-13,2026-08-14,2026-08-27,SHORT,171.5500030517578,175.83875312805174,162.9725028991699,162.9725028991699,TARGET,10,5.000000000000006,4.850000000000006,NEUTRAL,36.736759192757624,IXIGO.BO
SHORT_RSI_ZONE,IXIGO,BSE,2025-10-06,2025-10-07,2025-10-07,LONG,314.75,306.88124999999997,330.4875,306.88124999999997,STOP_LOSS,1,-2.500000000000011,-2.650000000000011,BULL,64.42827963520148,IXIGO.BO
SHORT_RSI_ZONE,IXIGO,BSE,2025-10-09,2025-10-10,2025-10-13,LONG,310.0,302.25,325.5,325.5,TARGET,2,5.0,4.85,BULL,61.582941095722084,IXIGO.BO
SHORT_RSI_ZONE,IXIGO,BSE,2026-06-16,2026-06-17,2026-06-23,LONG,188.0,183.29999999999998,197.4,197.4,TARGET,5,5.000000000000003,4.850000000000002,BEAR,67.7043455991969,IXIGO.BO
SHORT_RSI_ZONE,IXIGO,BSE,2026-08-07,2026-08-10,2026-08-10,SHORT,176.6999969482422,181.11749687194822,167.86499710083007,181.11749687194822,STOP_LOSS,1,-2.499999999999987,-2.649999999999987,BULL,37.04546394110143,IXIGO.BO
SHORT_RSI_ZONE,IXIGO,BSE,2026-08-13,2026-08-14,2026-08-27,SHORT,171.5500030517578,175.83875312805174,162.9725028991699,162.9725028991699,TARGET,10,5.000000000000006,4.850000000000006,NEUTRAL,36.736759192757624,IXIGO.BO
BOTH_RSI_ZONE,IXIGO,BSE,2025-10-06,2025-10-07,2025-10-07,LONG,314.75,306.88124999999997,330.4875,306.88124999999997,STOP_LOSS,1,-2.500000000000011,-2.650000000000011,BULL,64.42827963520148,IXIGO.BO
BOTH_RSI_ZONE,IXIGO,BSE,2025-10-09,2025-10-10,2025-10-13,LONG,310.0,302.25,325.5,325.5,TARGET,2,5.0,4.85,BULL,61.582941095722084,IXIGO.BO
BOTH_RSI_ZONE,IXIGO,BSE,2026-08-07,2026-08-10,2026-08-10,SHORT,176.6999969482422,181.11749687194822,167.86499710083007,181.11749687194822,STOP_LOSS,1,-2.499999999999987,-2.649999999999987,BULL,37.04546394110143,IXIGO.BO
BOTH_RSI_ZONE,IXIGO,BSE,2026-08-13,2026-08-14,2026-08-27,SHORT,171.5500030517578,175.83875312805174,162.9725028991699,162.9725028991699,TARGET,10,5.000000000000006,4.850000000000006,NEUTRAL,36.736759192757624,IXIGO.BO
LONG_RSI_ZONE_NO_NEUTRAL,IXIGO,BSE,2025-10-06,2025-10-07,2025-10-07,LONG,314.75,306.88124999999997,330.4875,306.88124999999997,STOP_LOSS,1,-2.500000000000011,-2.650000000000011,BULL,64.42827963520148,IXIGO.BO
LONG_RSI_ZONE_NO_NEUTRAL,IXIGO,BSE,2025-10-09,2025-10-10,2025-10-13,LONG,310.0,302.25,325.5,325.5,TARGET,2,5.0,4.85,BULL,61.582941095722084,IXIGO.BO
LONG_RSI_ZONE_NO_NEUTRAL,IXIGO,BSE,2026-08-07,2026-08-10,2026-08-10,SHORT,176.6999969482422,181.11749687194822,167.86499710083007,181.11749687194822,STOP_LOSS,1,-2.499999999999987,-2.649999999999987,BULL,37.04546394110143,IXIGO.BO
CURRENT,ICICIPRULI,BSE,2024-11-06,2024-11-07,2024-11-13,SHORT,724.4500122070312,742.561262512207,688.2275115966796,688.2275115966796,TARGET,5,5.000000000000009,4.8500000000000085,NEUTRAL,37.06660576453741,ICICIPRULI.BO
CURRENT,ICICIPRULI,BSE,2025-04-07,2025-04-08,2025-04-08,SHORT,541.9000244140625,555.4475250244141,514.8050231933594,555.4475250244141,STOP_LOSS,1,-2.5,-2.65,NEUTRAL,34.236282723557935,ICICIPRULI.BO
CURRENT,ICICIPRULI,BSE,2025-04-21,2025-04-22,2025-04-23,LONG,606.9500122070312,591.7762619018555,637.2975128173829,591.7762619018555,STOP_LOSS,2,-2.4999999999999964,-2.6499999999999964,NEUTRAL,61.68889075643527,ICICIPRULI.BO
CURRENT,ICICIPRULI,BSE,2025-06-30,2025-07-01,2025-07-03,LONG,659.9500122070312,643.4512619018554,692.9475128173829,643.4512619018554,STOP_LOSS,3,-2.5000000000000036,-2.6500000000000035,BULL,63.24381748836448,ICICIPRULI.BO
CURRENT,ICICIPRULI,BSE,2025-08-29,2025-09-01,2025-09-04,SHORT,599.9000244140625,614.897525024414,569.9050231933594,614.897525024414,STOP_LOSS,4,-2.499999999999989,-2.649999999999989,BEAR,35.25875772648152,ICICIPRULI.BO
CURRENT,ICICIPRULI,BSE,2026-02-25,2026-02-26,2026-02-27,LONG,669.0,652.275,702.45,652.275,STOP_LOSS,2,-2.500000000000003,-2.650000000000003,NEUTRAL,61.077442503466784,ICICIPRULI.BO
CURRENT,ICICIPRULI,BSE,2026-03-04,2026-03-05,2026-03-09,SHORT,627.0999755859375,642.7774749755858,595.7449768066406,595.7449768066406,TARGET,3,5.000000000000007,4.850000000000007,BEAR,37.49074017377726,ICICIPRULI.BO
CURRENT,ICICIPRULI,BSE,2026-05-18,2026-05-19,2026-06-01,SHORT,516.8499755859375,529.7712249755859,491.0074768066406,491.0074768066406,TARGET,10,5.0,4.85,BEAR,37.621177238564854,ICICIPRULI.BO
LONG_RSI_ZONE,ICICIPRULI,BSE,2024-11-06,2024-11-07,2024-11-13,SHORT,724.4500122070312,742.561262512207,688.2275115966796,688.2275115966796,TARGET,5,5.000000000000009,4.8500000000000085,NEUTRAL,37.06660576453741,ICICIPRULI.BO
LONG_RSI_ZONE,ICICIPRULI,BSE,2025-04-07,2025-04-08,2025-04-08,SHORT,541.9000244140625,555.4475250244141,514.8050231933594,555.4475250244141,STOP_LOSS,1,-2.5,-2.65,NEUTRAL,34.236282723557935,ICICIPRULI.BO
LONG_RSI_ZONE,ICICIPRULI,BSE,2025-04-21,2025-04-22,2025-04-23,LONG,606.9500122070312,591.7762619018555,637.2975128173829,591.7762619018555,STOP_LOSS,2,-2.4999999999999964,-2.6499999999999964,NEUTRAL,61.68889075643527,ICICIPRULI.BO
LONG_RSI_ZONE,ICICIPRULI,BSE,2025-06-30,2025-07-01,2025-07-03,LONG,659.9500122070312,643.4512619018554,692.9475128173829,643.4512619018554,STOP_LOSS,3,-2.5000000000000036,-2.6500000000000035,BULL,63.24381748836448,ICICIPRULI.BO
LONG_RSI_ZONE,ICICIPRULI,BSE,2025-08-29,2025-09-01,2025-09-04,SHORT,599.9000244140625,614.897525024414,569.9050231933594,614.897525024414,STOP_LOSS,4,-2.499999999999989,-2.649999999999989,BEAR,35.25875772648152,ICICIPRULI.BO
LONG_RSI_ZONE,ICICIPRULI,BSE,2026-02-25,2026-02-26,2026-02-27,LONG,669.0,652.275,702.45,652.275,STOP_LOSS,2,-2.500000000000003,-2.650000000000003,NEUTRAL,61.077442503466784,ICICIPRULI.BO
LONG_RSI_ZONE,ICICIPRULI,BSE,2026-03-04,2026-03-05,2026-03-09,SHORT,627.0999755859375,642.7774749755858,595.7449768066406,595.7449768066406,TARGET,3,5.000000000000007,4.850000000000007,BEAR,37.49074017377726,ICICIPRULI.BO
LONG_RSI_ZONE,ICICIPRULI,BSE,2026-05-18,2026-05-19,2026-06-01,SHORT,516.8499755859375,529.7712249755859,491.0074768066406,491.0074768066406,TARGET,10,5.0,4.85,BEAR,37.621177238564854,ICICIPRULI.BO
SHORT_RSI_ZONE,ICICIPRULI,BSE,2024-11-06,2024-11-07,2024-11-13,SHORT,724.4500122070312,742.561262512207,688.2275115966796,688.2275115966796,TARGET,5,5.000000000000009,4.8500000000000085,NEUTRAL,37.06660576453741,ICICIPRULI.BO
SHORT_RSI_ZONE,ICICIPRULI,BSE,2025-04-07,2025-04-08,2025-04-08,SHORT,541.9000244140625,555.4475250244141,514.8050231933594,555.4475250244141,STOP_LOSS,1,-2.5,-2.65,NEUTRAL,34.236282723557935,ICICIPRULI.BO
SHORT_RSI_ZONE,ICICIPRULI,BSE,2025-04-21,2025-04-22,2025-04-23,LONG,606.9500122070312,591.7762619018555,637.2975128173829,591.7762619018555,STOP_LOSS,2,-2.4999999999999964,-2.6499999999999964,NEUTRAL,61.68889075643527,ICICIPRULI.BO
SHORT_RSI_ZONE,ICICIPRULI,BSE,2025-06-30,2025-07-01,2025-07-03,LONG,659.9500122070312,643.4512619018554,692.9475128173829,643.4512619018554,STOP_LOSS,3,-2.5000000000000036,-2.6500000000000035,BULL,63.24381748836448,ICICIPRULI.BO
SHORT_RSI_ZONE,ICICIPRULI,BSE,2025-08-29,2025-09-01,2025-09-04,SHORT,599.9000244140625,614.897525024414,569.9050231933594,614.897525024414,STOP_LOSS,4,-2.499999999999989,-2.649999999999989,BEAR,35.25875772648152,ICICIPRULI.BO
SHORT_RSI_ZONE,ICICIPRULI,BSE,2026-02-25,2026-02-26,2026-02-27,LONG,669.0,652.275,702.45,652.275,STOP_LOSS,2,-2.500000000000003,-2.650000000000003,NEUTRAL,61.077442503466784,ICICIPRULI.BO
SHORT_RSI_ZONE,ICICIPRULI,BSE,2026-03-04,2026-03-05,2026-03-09,SHORT,627.0999755859375,642.7774749755858,595.7449768066406,595.7449768066406,TARGET,3,5.000000000000007,4.850000000000007,BEAR,37.49074017377726,ICICIPRULI.BO
SHORT_RSI_ZONE,ICICIPRULI,BSE,2026-05-18,2026-05-19,2026-06-01,SHORT,516.8499755859375,529.7712249755859,491.0074768066406,491.0074768066406,TARGET,10,5.0,4.85,BEAR,37.621177238564854,ICICIPRULI.BO
BOTH_RSI_ZONE,ICICIPRULI,BSE,2024-11-06,2024-11-07,2024-11-13,SHORT,724.4500122070312,742.561262512207,688.2275115966796,688.2275115966796,TARGET,5,5.000000000000009,4.8500000000000085,NEUTRAL,37.06660576453741,ICICIPRULI.BO
BOTH_RSI_ZONE,ICICIPRULI,BSE,2025-04-07,2025-04-08,2025-04-08,SHORT,541.9000244140625,555.4475250244141,514.8050231933594,555.4475250244141,STOP_LOSS,1,-2.5,-2.65,NEUTRAL,34.236282723557935,ICICIPRULI.BO
BOTH_RSI_ZONE,ICICIPRULI,BSE,2025-04-21,2025-04-22,2025-04-23,LONG,606.9500122070312,591.7762619018555,637.2975128173829,591.7762619018555,STOP_LOSS,2,-2.4999999999999964,-2.6499999999999964,NEUTRAL,61.68889075643527,ICICIPRULI.BO
BOTH_RSI_ZONE,ICICIPRULI,BSE,2025-06-30,2025-07-01,2025-07-03,LONG,659.9500122070312,643.4512619018554,692.9475128173829,643.4512619018554,STOP_LOSS,3,-2.5000000000000036,-2.6500000000000035,BULL,63.24381748836448,ICICIPRULI.BO
BOTH_RSI_ZONE,ICICIPRULI,BSE,2025-08-29,2025-09-01,2025-09-04,SHORT,599.9000244140625,614.897525024414,569.9050231933594,614.897525024414,STOP_LOSS,4,-2.499999999999989,-2.649999999999989,BEAR,35.25875772648152,ICICIPRULI.BO
BOTH_RSI_ZONE,ICICIPRULI,BSE,2026-02-25,2026-02-26,2026-02-27,LONG,669.0,652.275,702.45,652.275,STOP_LOSS,2,-2.500000000000003,-2.650000000000003,NEUTRAL,61.077442503466784,ICICIPRULI.BO
BOTH_RSI_ZONE,ICICIPRULI,BSE,2026-03-04,2026-03-05,2026-03-09,SHORT,627.0999755859375,642.7774749755858,595.7449768066406,595.7449768066406,TARGET,3,5.000000000000007,4.850000000000007,BEAR,37.49074017377726,ICICIPRULI.BO
BOTH_RSI_ZONE,ICICIPRULI,BSE,2026-05-18,2026-05-19,2026-06-01,SHORT,516.8499755859375,529.7712249755859,491.0074768066406,491.0074768066406,TARGET,10,5.0,4.85,BEAR,37.621177238564854,ICICIPRULI.BO
LONG_RSI_ZONE_NO_NEUTRAL,ICICIPRULI,BSE,2025-06-30,2025-07-01,2025-07-03,LONG,659.9500122070312,643.4512619018554,692.9475128173829,643.4512619018554,STOP_LOSS,3,-2.5000000000000036,-2.6500000000000035,BULL,63.24381748836448,ICICIPRULI.BO
LONG_RSI_ZONE_NO_NEUTRAL,ICICIPRULI,BSE,2025-08-29,2025-09-01,2025-09-04,SHORT,599.9000244140625,614.897525024414,569.9050231933594,614.897525024414,STOP_LOSS,4,-2.499999999999989,-2.649999999999989,BEAR,35.25875772648152,ICICIPRULI.BO
LONG_RSI_ZONE_NO_NEUTRAL,ICICIPRULI,BSE,2026-03-04,2026-03-05,2026-03-09,SHORT,627.0999755859375,642.7774749755858,595.7449768066406,595.7449768066406,TARGET,3,5.000000000000007,4.850000000000007,BEAR,37.49074017377726,ICICIPRULI.BO
LONG_RSI_ZONE_NO_NEUTRAL,ICICIPRULI,BSE,2026-05-18,2026-05-19,2026-06-01,SHORT,516.8499755859375,529.7712249755859,491.0074768066406,491.0074768066406,TARGET,10,5.0,4.85,BEAR,37.621177238564854,ICICIPRULI.BO
LONG_RSI_ZONE_BEAR_ONLY,ICICIPRULI,BSE,2025-08-29,2025-09-01,2025-09-04,SHORT,599.9000244140625,614.897525024414,569.9050231933594,614.897525024414,STOP_LOSS,4,-2.499999999999989,-2.649999999999989,BEAR,35.25875772648152,ICICIPRULI.BO
LONG_RSI_ZONE_BEAR_ONLY,ICICIPRULI,BSE,2026-03-04,2026-03-05,2026-03-09,SHORT,627.0999755859375,642.7774749755858,595.7449768066406,595.7449768066406,TARGET,3,5.000000000000007,4.850000000000007,BEAR,37.49074017377726,ICICIPRULI.BO
LONG_RSI_ZONE_BEAR_ONLY,ICICIPRULI,BSE,2026-05-18,2026-05-19,2026-06-01,SHORT,516.8499755859375,529.7712249755859,491.0074768066406,491.0074768066406,TARGET,10,5.0,4.85,BEAR,37.621177238564854,ICICIPRULI.BO
CURRENT,ASTERDM,BSE,2024-10-24,2024-10-25,2024-10-25,LONG,440.0499877929688,429.04873809814455,462.05248718261726,462.05248718261726,TARGET,1,5.000000000000002,4.850000000000001,NEUTRAL,61.78411749858226,ASTERDM.BO
CURRENT,ASTERDM,BSE,2024-11-27,2024-11-28,2024-11-29,LONG,481.1499938964844,469.12124404907223,505.2074935913086,505.2074935913086,TARGET,2,5.000000000000003,4.850000000000002,NEUTRAL,72.80700752536805,ASTERDM.BO
CURRENT,ASTERDM,BSE,2025-08-18,2025-08-19,2025-08-20,LONG,630.75,614.9812499999999,662.2875,614.9812499999999,STOP_LOSS,2,-2.500000000000011,-2.650000000000011,NEUTRAL,60.81811561381968,ASTERDM.BO
CURRENT,ASTERDM,BSE,2026-04-01,2026-04-02,2026-04-02,LONG,681.0499877929688,664.0237380981445,715.1024871826172,664.0237380981445,STOP_LOSS,1,-2.5000000000000098,-2.6500000000000097,BEAR,63.325482830500555,ASTERDM.BO
LONG_RSI_ZONE,ASTERDM,BSE,2024-10-24,2024-10-25,2024-10-25,LONG,440.0499877929688,429.04873809814455,462.05248718261726,462.05248718261726,TARGET,1,5.000000000000002,4.850000000000001,NEUTRAL,61.78411749858226,ASTERDM.BO
LONG_RSI_ZONE,ASTERDM,BSE,2025-08-18,2025-08-19,2025-08-20,LONG,630.75,614.9812499999999,662.2875,614.9812499999999,STOP_LOSS,2,-2.500000000000011,-2.650000000000011,NEUTRAL,60.81811561381968,ASTERDM.BO
LONG_RSI_ZONE,ASTERDM,BSE,2026-04-01,2026-04-02,2026-04-02,LONG,681.0499877929688,664.0237380981445,715.1024871826172,664.0237380981445,STOP_LOSS,1,-2.5000000000000098,-2.6500000000000097,BEAR,63.325482830500555,ASTERDM.BO
SHORT_RSI_ZONE,ASTERDM,BSE,2024-10-24,2024-10-25,2024-10-25,LONG,440.0499877929688,429.04873809814455,462.05248718261726,462.05248718261726,TARGET,1,5.000000000000002,4.850000000000001,NEUTRAL,61.78411749858226,ASTERDM.BO
SHORT_RSI_ZONE,ASTERDM,BSE,2024-11-27,2024-11-28,2024-11-29,LONG,481.1499938964844,469.12124404907223,505.2074935913086,505.2074935913086,TARGET,2,5.000000000000003,4.850000000000002,NEUTRAL,72.80700752536805,ASTERDM.BO
SHORT_RSI_ZONE,ASTERDM,BSE,2025-08-18,2025-08-19,2025-08-20,LONG,630.75,614.9812499999999,662.2875,614.9812499999999,STOP_LOSS,2,-2.500000000000011,-2.650000000000011,NEUTRAL,60.81811561381968,ASTERDM.BO
SHORT_RSI_ZONE,ASTERDM,BSE,2026-04-01,2026-04-02,2026-04-02,LONG,681.0499877929688,664.0237380981445,715.1024871826172,664.0237380981445,STOP_LOSS,1,-2.5000000000000098,-2.6500000000000097,BEAR,63.325482830500555,ASTERDM.BO
BOTH_RSI_ZONE,ASTERDM,BSE,2024-10-24,2024-10-25,2024-10-25,LONG,440.0499877929688,429.04873809814455,462.05248718261726,462.05248718261726,TARGET,1,5.000000000000002,4.850000000000001,NEUTRAL,61.78411749858226,ASTERDM.BO
BOTH_RSI_ZONE,ASTERDM,BSE,2025-08-18,2025-08-19,2025-08-20,LONG,630.75,614.9812499999999,662.2875,614.9812499999999,STOP_LOSS,2,-2.500000000000011,-2.650000000000011,NEUTRAL,60.81811561381968,ASTERDM.BO
BOTH_RSI_ZONE,ASTERDM,BSE,2026-04-01,2026-04-02,2026-04-02,LONG,681.0499877929688,664.0237380981445,715.1024871826172,664.0237380981445,STOP_LOSS,1,-2.5000000000000098,-2.6500000000000097,BEAR,63.325482830500555,ASTERDM.BO
LONG_RSI_ZONE_NO_NEUTRAL,ASTERDM,BSE,2026-04-01,2026-04-02,2026-04-02,LONG,681.0499877929688,664.0237380981445,715.1024871826172,664.0237380981445,STOP_LOSS,1,-2.5000000000000098,-2.6500000000000097,BEAR,63.325482830500555,ASTERDM.BO
LONG_RSI_ZONE_BEAR_ONLY,ASTERDM,BSE,2026-04-01,2026-04-02,2026-04-02,LONG,681.0499877929688,664.0237380981445,715.1024871826172,664.0237380981445,STOP_LOSS,1,-2.5000000000000098,-2.6500000000000097,BEAR,63.325482830500555,ASTERDM.BO
CURRENT,WELSPUNLIV,BSE,2025-04-09,2025-04-11,2025-04-11,SHORT,117.4000015258789,120.33500156402587,111.53000144958496,120.33500156402587,STOP_LOSS,1,-2.499999999999995,-2.649999999999995,NEUTRAL,35.51215582885699,WELSPUNLIV.BO
CURRENT,WELSPUNLIV,BSE,2025-05-09,2025-05-12,2025-05-12,LONG,152.64999389648438,148.83374404907227,160.2824935913086,148.83374404907227,STOP_LOSS,1,-2.5,-2.65,NEUTRAL,65.59042515133038,WELSPUNLIV.BO
CURRENT,WELSPUNLIV,BSE,2025-10-15,2025-10-16,2025-10-17,LONG,126.8000030517578,123.63000297546385,133.1400032043457,123.63000297546385,STOP_LOSS,2,-2.5,-2.65,BULL,60.655751205339996,WELSPUNLIV.BO
LONG_RSI_ZONE,WELSPUNLIV,BSE,2025-04-09,2025-04-11,2025-04-11,SHORT,117.4000015258789,120.33500156402587,111.53000144958496,120.33500156402587,STOP_LOSS,1,-2.499999999999995,-2.649999999999995,NEUTRAL,35.51215582885699,WELSPUNLIV.BO
LONG_RSI_ZONE,WELSPUNLIV,BSE,2025-05-13,2025-05-14,2025-05-22,LONG,145.1999969482422,141.56999702453612,152.4599967956543,152.4599967956543,TARGET,7,4.9999999999999964,4.849999999999996,NEUTRAL,61.057281658111215,WELSPUNLIV.BO
LONG_RSI_ZONE,WELSPUNLIV,BSE,2025-10-15,2025-10-16,2025-10-17,LONG,126.8000030517578,123.63000297546385,133.1400032043457,123.63000297546385,STOP_LOSS,2,-2.5,-2.65,BULL,60.655751205339996,WELSPUNLIV.BO
SHORT_RSI_ZONE,WELSPUNLIV,BSE,2025-04-09,2025-04-11,2025-04-11,SHORT,117.4000015258789,120.33500156402587,111.53000144958496,120.33500156402587,STOP_LOSS,1,-2.499999999999995,-2.649999999999995,NEUTRAL,35.51215582885699,WELSPUNLIV.BO
SHORT_RSI_ZONE,WELSPUNLIV,BSE,2025-05-09,2025-05-12,2025-05-12,LONG,152.64999389648438,148.83374404907227,160.2824935913086,148.83374404907227,STOP_LOSS,1,-2.5,-2.65,NEUTRAL,65.59042515133038,WELSPUNLIV.BO
SHORT_RSI_ZONE,WELSPUNLIV,BSE,2025-10-15,2025-10-16,2025-10-17,LONG,126.8000030517578,123.63000297546385,133.1400032043457,123.63000297546385,STOP_LOSS,2,-2.5,-2.65,BULL,60.655751205339996,WELSPUNLIV.BO
BOTH_RSI_ZONE,WELSPUNLIV,BSE,2025-04-09,2025-04-11,2025-04-11,SHORT,117.4000015258789,120.33500156402587,111.53000144958496,120.33500156402587,STOP_LOSS,1,-2.499999999999995,-2.649999999999995,NEUTRAL,35.51215582885699,WELSPUNLIV.BO
BOTH_RSI_ZONE,WELSPUNLIV,BSE,2025-05-13,2025-05-14,2025-05-22,LONG,145.1999969482422,141.56999702453612,152.4599967956543,152.4599967956543,TARGET,7,4.9999999999999964,4.849999999999996,NEUTRAL,61.057281658111215,WELSPUNLIV.BO
BOTH_RSI_ZONE,WELSPUNLIV,BSE,2025-10-15,2025-10-16,2025-10-17,LONG,126.8000030517578,123.63000297546385,133.1400032043457,123.63000297546385,STOP_LOSS,2,-2.5,-2.65,BULL,60.655751205339996,WELSPUNLIV.BO
LONG_RSI_ZONE_NO_NEUTRAL,WELSPUNLIV,BSE,2025-10-15,2025-10-16,2025-10-17,LONG,126.8000030517578,123.63000297546385,133.1400032043457,123.63000297546385,STOP_LOSS,2,-2.5,-2.65,BULL,60.655751205339996,WELSPUNLIV.BO
CURRENT,IFCI,NSE,2025-05-06,2025-05-07,2025-05-07,SHORT,39.650001525878906,40.64125156402588,37.66750144958496,40.64125156402588,STOP_LOSS,1,-2.5,-2.65,NEUTRAL,39.57406387920836,IFCI.NS
CURRENT,IFCI,NSE,2025-05-16,2025-05-19,2025-05-20,LONG,52.25,50.94375,54.862500000000004,50.94375,STOP_LOSS,2,-2.4999999999999973,-2.6499999999999972,NEUTRAL,71.2665959848182,IFCI.NS
CURRENT,IFCI,NSE,2025-10-08,2025-10-09,2025-10-09,LONG,59.0,57.525,61.95,57.525,STOP_LOSS,1,-2.5000000000000027,-2.6500000000000026,BULL,60.093892165659156,IFCI.NS
CURRENT,IFCI,NSE,2026-01-12,2026-01-13,2026-01-14,LONG,57.43000030517578,55.99425029754639,60.30150032043457,55.99425029754639,STOP_LOSS,2,-2.5,-2.65,BULL,63.309728612038704,IFCI.NS
LONG_RSI_ZONE,IFCI,NSE,2025-05-06,2025-05-07,2025-05-07,SHORT,39.650001525878906,40.64125156402588,37.66750144958496,40.64125156402588,STOP_LOSS,1,-2.5,-2.65,NEUTRAL,39.57406387920836,IFCI.NS
LONG_RSI_ZONE,IFCI,NSE,2025-05-20,2025-05-21,2025-05-23,LONG,49.52000045776367,48.28200044631958,51.99600048065186,51.99600048065186,TARGET,3,5.000000000000006,4.850000000000006,NEUTRAL,63.048690694640484,IFCI.NS
LONG_RSI_ZONE,IFCI,NSE,2025-10-08,2025-10-09,2025-10-09,LONG,59.0,57.525,61.95,57.525,STOP_LOSS,1,-2.5000000000000027,-2.6500000000000026,BULL,60.093892165659156,IFCI.NS
LONG_RSI_ZONE,IFCI,NSE,2026-01-12,2026-01-13,2026-01-14,LONG,57.43000030517578,55.99425029754639,60.30150032043457,55.99425029754639,STOP_LOSS,2,-2.5,-2.65,BULL,63.309728612038704,IFCI.NS
SHORT_RSI_ZONE,IFCI,NSE,2025-05-06,2025-05-07,2025-05-07,SHORT,39.650001525878906,40.64125156402588,37.66750144958496,40.64125156402588,STOP_LOSS,1,-2.5,-2.65,NEUTRAL,39.57406387920836,IFCI.NS
SHORT_RSI_ZONE,IFCI,NSE,2025-05-16,2025-05-19,2025-05-20,LONG,52.25,50.94375,54.862500000000004,50.94375,STOP_LOSS,2,-2.4999999999999973,-2.6499999999999972,NEUTRAL,71.2665959848182,IFCI.NS
SHORT_RSI_ZONE,IFCI,NSE,2025-10-08,2025-10-09,2025-10-09,LONG,59.0,57.525,61.95,57.525,STOP_LOSS,1,-2.5000000000000027,-2.6500000000000026,BULL,60.093892165659156,IFCI.NS
SHORT_RSI_ZONE,IFCI,NSE,2026-01-12,2026-01-13,2026-01-14,LONG,57.43000030517578,55.99425029754639,60.30150032043457,55.99425029754639,STOP_LOSS,2,-2.5,-2.65,BULL,63.309728612038704,IFCI.NS
BOTH_RSI_ZONE,IFCI,NSE,2025-05-06,2025-05-07,2025-05-07,SHORT,39.650001525878906,40.64125156402588,37.66750144958496,40.64125156402588,STOP_LOSS,1,-2.5,-2.65,NEUTRAL,39.57406387920836,IFCI.NS
BOTH_RSI_ZONE,IFCI,NSE,2025-05-20,2025-05-21,2025-05-23,LONG,49.52000045776367,48.28200044631958,51.99600048065186,51.99600048065186,TARGET,3,5.000000000000006,4.850000000000006,NEUTRAL,63.048690694640484,IFCI.NS
BOTH_RSI_ZONE,IFCI,NSE,2025-10-08,2025-10-09,2025-10-09,LONG,59.0,57.525,61.95,57.525,STOP_LOSS,1,-2.5000000000000027,-2.6500000000000026,BULL,60.093892165659156,IFCI.NS
BOTH_RSI_ZONE,IFCI,NSE,2026-01-12,2026-01-13,2026-01-14,LONG,57.43000030517578,55.99425029754639,60.30150032043457,55.99425029754639,STOP_LOSS,2,-2.5,-2.65,BULL,63.309728612038704,IFCI.NS
LONG_RSI_ZONE_NO_NEUTRAL,IFCI,NSE,2025-10-08,2025-10-09,2025-10-09,LONG,59.0,57.525,61.95,57.525,STOP_LOSS,1,-2.5000000000000027,-2.6500000000000026,BULL,60.093892165659156,IFCI.NS
LONG_RSI_ZONE_NO_NEUTRAL,IFCI,NSE,2026-01-12,2026-01-13,2026-01-14,LONG,57.43000030517578,55.99425029754639,60.30150032043457,55.99425029754639,STOP_LOSS,2,-2.5,-2.65,BULL,63.309728612038704,IFCI.NS
CURRENT,GROWW,NSE,2026-03-30,2026-04-01,2026-04-01,SHORT,158.0,161.95,150.1,161.95,STOP_LOSS,1,-2.499999999999993,-2.649999999999993,BEAR,37.584035804451226,GROWW.NS
CURRENT,GROWW,NSE,2026-04-08,2026-04-09,2026-04-10,LONG,182.0,177.45,191.1,191.1,TARGET,2,4.9999999999999964,4.849999999999996,BEAR,65.54849498692062,GROWW.NS
CURRENT,GROWW,NSE,2026-07-15,2026-07-16,2026-07-16,LONG,219.69000244140625,214.1977523803711,230.67450256347658,214.1977523803711,STOP_LOSS,1,-2.4999999999999973,-2.6499999999999972,NEUTRAL,64.32314633889939,GROWW.NS
LONG_RSI_ZONE,GROWW,NSE,2026-03-30,2026-04-01,2026-04-01,SHORT,158.0,161.95,150.1,161.95,STOP_LOSS,1,-2.499999999999993,-2.649999999999993,BEAR,37.584035804451226,GROWW.NS
LONG_RSI_ZONE,GROWW,NSE,2026-07-15,2026-07-16,2026-07-16,LONG,219.69000244140625,214.1977523803711,230.67450256347658,214.1977523803711,STOP_LOSS,1,-2.4999999999999973,-2.6499999999999972,NEUTRAL,64.32314633889939,GROWW.NS
SHORT_RSI_ZONE,GROWW,NSE,2026-03-30,2026-04-01,2026-04-01,SHORT,158.0,161.95,150.1,161.95,STOP_LOSS,1,-2.499999999999993,-2.649999999999993,BEAR,37.584035804451226,GROWW.NS
SHORT_RSI_ZONE,GROWW,NSE,2026-04-08,2026-04-09,2026-04-10,LONG,182.0,177.45,191.1,191.1,TARGET,2,4.9999999999999964,4.849999999999996,BEAR,65.54849498692062,GROWW.NS
SHORT_RSI_ZONE,GROWW,NSE,2026-07-15,2026-07-16,2026-07-16,LONG,219.69000244140625,214.1977523803711,230.67450256347658,214.1977523803711,STOP_LOSS,1,-2.4999999999999973,-2.6499999999999972,NEUTRAL,64.32314633889939,GROWW.NS
BOTH_RSI_ZONE,GROWW,NSE,2026-03-30,2026-04-01,2026-04-01,SHORT,158.0,161.95,150.1,161.95,STOP_LOSS,1,-2.499999999999993,-2.649999999999993,BEAR,37.584035804451226,GROWW.NS
BOTH_RSI_ZONE,GROWW,NSE,2026-07-15,2026-07-16,2026-07-16,LONG,219.69000244140625,214.1977523803711,230.67450256347658,214.1977523803711,STOP_LOSS,1,-2.4999999999999973,-2.6499999999999972,NEUTRAL,64.32314633889939,GROWW.NS
LONG_RSI_ZONE_NO_NEUTRAL,GROWW,NSE,2026-03-30,2026-04-01,2026-04-01,SHORT,158.0,161.95,150.1,161.95,STOP_LOSS,1,-2.499999999999993,-2.649999999999993,BEAR,37.584035804451226,GROWW.NS
LONG_RSI_ZONE_BEAR_ONLY,GROWW,NSE,2026-03-30,2026-04-01,2026-04-01,SHORT,158.0,161.95,150.1,161.95,STOP_LOSS,1,-2.499999999999993,-2.649999999999993,BEAR,37.584035804451226,GROWW.NS
CURRENT,ETERNAL,NSE,2025-03-28,2025-04-01,2025-04-02,SHORT,201.6999969482422,206.74249687194822,191.61499710083007,206.74249687194822,STOP_LOSS,2,-2.499999999999989,-2.649999999999989,NEUTRAL,38.854138581638125,ETERNAL.NS
CURRENT,ETERNAL,NSE,2025-06-05,2025-06-06,2025-06-13,LONG,256.5599975585937,250.14599761962884,269.3879974365234,250.14599761962884,STOP_LOSS,6,-2.500000000000003,-2.650000000000003,NEUTRAL,65.10969912280041,ETERNAL.NS
CURRENT,ETERNAL,NSE,2026-01-20,2026-01-21,2026-01-21,SHORT,269.25,275.98125,255.7875,275.98125,STOP_LOSS,1,-2.4999999999999956,-2.6499999999999955,BEAR,34.5322710684089,ETERNAL.NS
CURRENT,ETERNAL,NSE,2026-01-23,2026-01-27,2026-01-28,SHORT,258.04998779296875,264.50123748779293,245.1474884033203,264.50123748779293,STOP_LOSS,2,-2.499999999999987,-2.649999999999987,BEAR,33.91557426525796,ETERNAL.NS
CURRENT,ETERNAL,NSE,2026-02-24,2026-02-25,2026-03-02,SHORT,255.1999969482422,261.5799968719482,242.43999710083006,242.43999710083006,TARGET,4,5.000000000000009,4.8500000000000085,NEUTRAL,33.96298071394594,ETERNAL.NS
CURRENT,ETERNAL,NSE,2026-06-11,2026-06-12,2026-06-15,SHORT,239.0,244.97499999999997,227.04999999999998,244.97499999999997,STOP_LOSS,2,-2.499999999999986,-2.6499999999999857,BEAR,38.89592732765603,ETERNAL.NS
CURRENT,ETERNAL,NSE,2026-06-19,2026-06-22,2026-06-24,LONG,264.5,257.8875,277.725,257.8875,STOP_LOSS,3,-2.5000000000000044,-2.6500000000000044,BEAR,62.243134181509966,ETERNAL.NS
LONG_RSI_ZONE,ETERNAL,NSE,2025-03-28,2025-04-01,2025-04-02,SHORT,201.6999969482422,206.74249687194822,191.61499710083007,206.74249687194822,STOP_LOSS,2,-2.499999999999989,-2.649999999999989,NEUTRAL,38.854138581638125,ETERNAL.NS
LONG_RSI_ZONE,ETERNAL,NSE,2026-01-20,2026-01-21,2026-01-21,SHORT,269.25,275.98125,255.7875,275.98125,STOP_LOSS,1,-2.4999999999999956,-2.6499999999999955,BEAR,34.5322710684089,ETERNAL.NS
LONG_RSI_ZONE,ETERNAL,NSE,2026-01-23,2026-01-27,2026-01-28,SHORT,258.04998779296875,264.50123748779293,245.1474884033203,264.50123748779293,STOP_LOSS,2,-2.499999999999987,-2.649999999999987,BEAR,33.91557426525796,ETERNAL.NS
LONG_RSI_ZONE,ETERNAL,NSE,2026-02-24,2026-02-25,2026-03-02,SHORT,255.1999969482422,261.5799968719482,242.43999710083006,242.43999710083006,TARGET,4,5.000000000000009,4.8500000000000085,NEUTRAL,33.96298071394594,ETERNAL.NS
LONG_RSI_ZONE,ETERNAL,NSE,2026-06-11,2026-06-12,2026-06-15,SHORT,239.0,244.97499999999997,227.04999999999998,244.97499999999997,STOP_LOSS,2,-2.499999999999986,-2.6499999999999857,BEAR,38.89592732765603,ETERNAL.NS
LONG_RSI_ZONE,ETERNAL,NSE,2026-06-19,2026-06-22,2026-06-24,LONG,264.5,257.8875,277.725,257.8875,STOP_LOSS,3,-2.5000000000000044,-2.6500000000000044,BEAR,62.243134181509966,ETERNAL.NS
SHORT_RSI_ZONE,ETERNAL,NSE,2025-03-28,2025-04-01,2025-04-02,SHORT,201.6999969482422,206.74249687194822,191.61499710083007,206.74249687194822,STOP_LOSS,2,-2.499999999999989,-2.649999999999989,NEUTRAL,38.854138581638125,ETERNAL.NS
SHORT_RSI_ZONE,ETERNAL,NSE,2025-06-05,2025-06-06,2025-06-13,LONG,256.5599975585937,250.14599761962884,269.3879974365234,250.14599761962884,STOP_LOSS,6,-2.500000000000003,-2.650000000000003,NEUTRAL,65.10969912280041,ETERNAL.NS
SHORT_RSI_ZONE,ETERNAL,NSE,2026-01-20,2026-01-21,2026-01-21,SHORT,269.25,275.98125,255.7875,275.98125,STOP_LOSS,1,-2.4999999999999956,-2.6499999999999955,BEAR,34.5322710684089,ETERNAL.NS
SHORT_RSI_ZONE,ETERNAL,NSE,2026-01-23,2026-01-27,2026-01-28,SHORT,258.04998779296875,264.50123748779293,245.1474884033203,264.50123748779293,STOP_LOSS,2,-2.499999999999987,-2.649999999999987,BEAR,33.91557426525796,ETERNAL.NS
SHORT_RSI_ZONE,ETERNAL,NSE,2026-02-24,2026-02-25,2026-03-02,SHORT,255.1999969482422,261.5799968719482,242.43999710083006,242.43999710083006,TARGET,4,5.000000000000009,4.8500000000000085,NEUTRAL,33.96298071394594,ETERNAL.NS
SHORT_RSI_ZONE,ETERNAL,NSE,2026-06-11,2026-06-12,2026-06-15,SHORT,239.0,244.97499999999997,227.04999999999998,244.97499999999997,STOP_LOSS,2,-2.499999999999986,-2.6499999999999857,BEAR,38.89592732765603,ETERNAL.NS
SHORT_RSI_ZONE,ETERNAL,NSE,2026-06-19,2026-06-22,2026-06-24,LONG,264.5,257.8875,277.725,257.8875,STOP_LOSS,3,-2.5000000000000044,-2.6500000000000044,BEAR,62.243134181509966,ETERNAL.NS
BOTH_RSI_ZONE,ETERNAL,NSE,2025-03-28,2025-04-01,2025-04-02,SHORT,201.6999969482422,206.74249687194822,191.61499710083007,206.74249687194822,STOP_LOSS,2,-2.499999999999989,-2.649999999999989,NEUTRAL,38.854138581638125,ETERNAL.NS
BOTH_RSI_ZONE,ETERNAL,NSE,2026-01-20,2026-01-21,2026-01-21,SHORT,269.25,275.98125,255.7875,275.98125,STOP_LOSS,1,-2.4999999999999956,-2.6499999999999955,BEAR,34.5322710684089,ETERNAL.NS
BOTH_RSI_ZONE,ETERNAL,NSE,2026-01-23,2026-01-27,2026-01-28,SHORT,258.04998779296875,264.50123748779293,245.1474884033203,264.50123748779293,STOP_LOSS,2,-2.499999999999987,-2.649999999999987,BEAR,33.91557426525796,ETERNAL.NS
BOTH_RSI_ZONE,ETERNAL,NSE,2026-02-24,2026-02-25,2026-03-02,SHORT,255.1999969482422,261.5799968719482,242.43999710083006,242.43999710083006,TARGET,4,5.000000000000009,4.8500000000000085,NEUTRAL,33.96298071394594,ETERNAL.NS
BOTH_RSI_ZONE,ETERNAL,NSE,2026-06-11,2026-06-12,2026-06-15,SHORT,239.0,244.97499999999997,227.04999999999998,244.97499999999997,STOP_LOSS,2,-2.499999999999986,-2.6499999999999857,BEAR,38.89592732765603,ETERNAL.NS
BOTH_RSI_ZONE,ETERNAL,NSE,2026-06-19,2026-06-22,2026-06-24,LONG,264.5,257.8875,277.725,257.8875,STOP_LOSS,3,-2.5000000000000044,-2.6500000000000044,BEAR,62.243134181509966,ETERNAL.NS
LONG_RSI_ZONE_NO_NEUTRAL,ETERNAL,NSE,2026-01-20,2026-01-21,2026-01-21,SHORT,269.25,275.98125,255.7875,275.98125,STOP_LOSS,1,-2.4999999999999956,-2.6499999999999955,BEAR,34.5322710684089,ETERNAL.NS
LONG_RSI_ZONE_NO_NEUTRAL,ETERNAL,NSE,2026-01-23,2026-01-27,2026-01-28,SHORT,258.04998779296875,264.50123748779293,245.1474884033203,264.50123748779293,STOP_LOSS,2,-2.499999999999987,-2.649999999999987,BEAR,33.91557426525796,ETERNAL.NS
LONG_RSI_ZONE_NO_NEUTRAL,ETERNAL,NSE,2026-06-11,2026-06-12,2026-06-15,SHORT,239.0,244.97499999999997,227.04999999999998,244.97499999999997,STOP_LOSS,2,-2.499999999999986,-2.6499999999999857,BEAR,38.89592732765603,ETERNAL.NS
LONG_RSI_ZONE_NO_NEUTRAL,ETERNAL,NSE,2026-06-19,2026-06-22,2026-06-24,LONG,264.5,257.8875,277.725,257.8875,STOP_LOSS,3,-2.5000000000000044,-2.6500000000000044,BEAR,62.243134181509966,ETERNAL.NS
LONG_RSI_ZONE_BEAR_ONLY,ETERNAL,NSE,2026-01-20,2026-01-21,2026-01-21,SHORT,269.25,275.98125,255.7875,275.98125,STOP_LOSS,1,-2.4999999999999956,-2.6499999999999955,BEAR,34.5322710684089,ETERNAL.NS
LONG_RSI_ZONE_BEAR_ONLY,ETERNAL,NSE,2026-01-23,2026-01-27,2026-01-28,SHORT,258.04998779296875,264.50123748779293,245.1474884033203,264.50123748779293,STOP_LOSS,2,-2.499999999999987,-2.649999999999987,BEAR,33.91557426525796,ETERNAL.NS
LONG_RSI_ZONE_BEAR_ONLY,ETERNAL,NSE,2026-06-11,2026-06-12,2026-06-15,SHORT,239.0,244.97499999999997,227.04999999999998,244.97499999999997,STOP_LOSS,2,-2.499999999999986,-2.6499999999999857,BEAR,38.89592732765603,ETERNAL.NS
LONG_RSI_ZONE_BEAR_ONLY,ETERNAL,NSE,2026-06-19,2026-06-22,2026-06-24,LONG,264.5,257.8875,277.725,257.8875,STOP_LOSS,3,-2.5000000000000044,-2.6500000000000044,BEAR,62.243134181509966,ETERNAL.NS
CURRENT,ZEEL,NSE,2025-01-13,2025-01-14,2025-01-14,SHORT,120.1999969482422,123.20499687194824,114.18999710083008,123.20499687194824,STOP_LOSS,1,-2.499999999999986,-2.6499999999999857,NEUTRAL,39.41533900553164,ZEEL.NS
CURRENT,ZEEL,NSE,2025-05-09,2025-05-12,2025-05-14,LONG,118.25,115.29375,124.16250000000001,124.16250000000001,TARGET,3,5.000000000000007,4.850000000000007,NEUTRAL,60.315790144567956,ZEEL.NS
CURRENT,ZEEL,NSE,2025-09-29,2025-09-30,2025-10-15,SHORT,112.76000213623048,115.57900218963624,107.12200202941895,109.91999816894533,TIME_EXIT,11,2.5186270960282693,2.3686270960282694,BULL,39.52310081172656,ZEEL.NS
CURRENT,ZEEL,NSE,2026-03-02,2026-03-04,2026-03-13,SHORT,82.51000213623047,84.57275218963622,78.38450202941894,78.38450202941894,TARGET,8,5.000000000000007,4.850000000000007,BEAR,36.86681827010416,ZEEL.NS
CURRENT,ZEEL,NSE,2026-06-01,2026-06-02,2026-06-03,LONG,94.38999938964844,92.03024940490722,99.10949935913087,92.03024940490722,STOP_LOSS,2,-2.500000000000003,-2.650000000000003,BEAR,63.229199229901646,ZEEL.NS
CURRENT,ZEEL,NSE,2026-08-05,2026-08-06,2026-08-11,SHORT,95.0,97.37499999999999,90.25,90.25,TARGET,4,5.0,4.85,BULL,38.01895490960434,ZEEL.NS
CURRENT,ZEEL,NSE,2026-08-31,2026-09-01,2026-09-04,SHORT,94.0,96.35,89.3,91.61000061035156,TIME_EXIT,4,2.542552542179189,2.392552542179189,NEUTRAL,38.08036722163508,ZEEL.NS
LONG_RSI_ZONE,ZEEL,NSE,2025-01-13,2025-01-14,2025-01-14,SHORT,120.1999969482422,123.20499687194824,114.18999710083008,123.20499687194824,STOP_LOSS,1,-2.499999999999986,-2.6499999999999857,NEUTRAL,39.41533900553164,ZEEL.NS
LONG_RSI_ZONE,ZEEL,NSE,2025-05-09,2025-05-12,2025-05-14,LONG,118.25,115.29375,124.16250000000001,124.16250000000001,TARGET,3,5.000000000000007,4.850000000000007,NEUTRAL,60.315790144567956,ZEEL.NS
LONG_RSI_ZONE,ZEEL,NSE,2025-09-29,2025-09-30,2025-10-15,SHORT,112.76000213623048,115.57900218963624,107.12200202941895,109.91999816894533,TIME_EXIT,11,2.5186270960282693,2.3686270960282694,BULL,39.52310081172656,ZEEL.NS
LONG_RSI_ZONE,ZEEL,NSE,2026-03-02,2026-03-04,2026-03-13,SHORT,82.51000213623047,84.57275218963622,78.38450202941894,78.38450202941894,TARGET,8,5.000000000000007,4.850000000000007,BEAR,36.86681827010416,ZEEL.NS
LONG_RSI_ZONE,ZEEL,NSE,2026-06-01,2026-06-02,2026-06-03,LONG,94.38999938964844,92.03024940490722,99.10949935913087,92.03024940490722,STOP_LOSS,2,-2.500000000000003,-2.650000000000003,BEAR,63.229199229901646,ZEEL.NS
LONG_RSI_ZONE,ZEEL,NSE,2026-08-05,2026-08-06,2026-08-11,SHORT,95.0,97.37499999999999,90.25,90.25,TARGET,4,5.0,4.85,BULL,38.01895490960434,ZEEL.NS
LONG_RSI_ZONE,ZEEL,NSE,2026-08-31,2026-09-01,2026-09-04,SHORT,94.0,96.35,89.3,91.61000061035156,TIME_EXIT,4,2.542552542179189,2.392552542179189,NEUTRAL,38.08036722163508,ZEEL.NS
SHORT_RSI_ZONE,ZEEL,NSE,2025-01-13,2025-01-14,2025-01-14,SHORT,120.1999969482422,123.20499687194824,114.18999710083008,123.20499687194824,STOP_LOSS,1,-2.499999999999986,-2.6499999999999857,NEUTRAL,39.41533900553164,ZEEL.NS
SHORT_RSI_ZONE,ZEEL,NSE,2025-05-09,2025-05-12,2025-05-14,LONG,118.25,115.29375,124.16250000000001,124.16250000000001,TARGET,3,5.000000000000007,4.850000000000007,NEUTRAL,60.315790144567956,ZEEL.NS
SHORT_RSI_ZONE,ZEEL,NSE,2025-09-29,2025-09-30,2025-10-15,SHORT,112.76000213623048,115.57900218963624,107.12200202941895,109.91999816894533,TIME_EXIT,11,2.5186270960282693,2.3686270960282694,BULL,39.52310081172656,ZEEL.NS
SHORT_RSI_ZONE,ZEEL,NSE,2026-03-02,2026-03-04,2026-03-13,SHORT,82.51000213623047,84.57275218963622,78.38450202941894,78.38450202941894,TARGET,8,5.000000000000007,4.850000000000007,BEAR,36.86681827010416,ZEEL.NS
SHORT_RSI_ZONE,ZEEL,NSE,2026-06-01,2026-06-02,2026-06-03,LONG,94.38999938964844,92.03024940490722,99.10949935913087,92.03024940490722,STOP_LOSS,2,-2.500000000000003,-2.650000000000003,BEAR,63.229199229901646,ZEEL.NS
SHORT_RSI_ZONE,ZEEL,NSE,2026-08-05,2026-08-06,2026-08-11,SHORT,95.0,97.37499999999999,90.25,90.25,TARGET,4,5.0,4.85,BULL,38.01895490960434,ZEEL.NS
SHORT_RSI_ZONE,ZEEL,NSE,2026-08-31,2026-09-01,2026-09-04,SHORT,94.0,96.35,89.3,91.61000061035156,TIME_EXIT,4,2.542552542179189,2.392552542179189,NEUTRAL,38.08036722163508,ZEEL.NS
BOTH_RSI_ZONE,ZEEL,NSE,2025-01-13,2025-01-14,2025-01-14,SHORT,120.1999969482422,123.20499687194824,114.18999710083008,123.20499687194824,STOP_LOSS,1,-2.499999999999986,-2.6499999999999857,NEUTRAL,39.41533900553164,ZEEL.NS
BOTH_RSI_ZONE,ZEEL,NSE,2025-05-09,2025-05-12,2025-05-14,LONG,118.25,115.29375,124.16250000000001,124.16250000000001,TARGET,3,5.000000000000007,4.850000000000007,NEUTRAL,60.315790144567956,ZEEL.NS
BOTH_RSI_ZONE,ZEEL,NSE,2025-09-29,2025-09-30,2025-10-15,SHORT,112.76000213623048,115.57900218963624,107.12200202941895,109.91999816894533,TIME_EXIT,11,2.5186270960282693,2.3686270960282694,BULL,39.52310081172656,ZEEL.NS
BOTH_RSI_ZONE,ZEEL,NSE,2026-03-02,2026-03-04,2026-03-13,SHORT,82.51000213623047,84.57275218963622,78.38450202941894,78.38450202941894,TARGET,8,5.000000000000007,4.850000000000007,BEAR,36.86681827010416,ZEEL.NS
BOTH_RSI_ZONE,ZEEL,NSE,2026-06-01,2026-06-02,2026-06-03,LONG,94.38999938964844,92.03024940490722,99.10949935913087,92.03024940490722,STOP_LOSS,2,-2.500000000000003,-2.650000000000003,BEAR,63.229199229901646,ZEEL.NS
BOTH_RSI_ZONE,ZEEL,NSE,2026-08-05,2026-08-06,2026-08-11,SHORT,95.0,97.37499999999999,90.25,90.25,TARGET,4,5.0,4.85,BULL,38.01895490960434,ZEEL.NS
BOTH_RSI_ZONE,ZEEL,NSE,2026-08-31,2026-09-01,2026-09-04,SHORT,94.0,96.35,89.3,91.61000061035156,TIME_EXIT,4,2.542552542179189,2.392552542179189,NEUTRAL,38.08036722163508,ZEEL.NS
LONG_RSI_ZONE_NO_NEUTRAL,ZEEL,NSE,2025-09-29,2025-09-30,2025-10-15,SHORT,112.76000213623048,115.57900218963624,107.12200202941895,109.91999816894533,TIME_EXIT,11,2.5186270960282693,2.3686270960282694,BULL,39.52310081172656,ZEEL.NS
LONG_RSI_ZONE_NO_NEUTRAL,ZEEL,NSE,2026-03-02,2026-03-04,2026-03-13,SHORT,82.51000213623047,84.57275218963622,78.38450202941894,78.38450202941894,TARGET,8,5.000000000000007,4.850000000000007,BEAR,36.86681827010416,ZEEL.NS
LONG_RSI_ZONE_NO_NEUTRAL,ZEEL,NSE,2026-06-01,2026-06-02,2026-06-03,LONG,94.38999938964844,92.03024940490722,99.10949935913087,92.03024940490722,STOP_LOSS,2,-2.500000000000003,-2.650000000000003,BEAR,63.229199229901646,ZEEL.NS
LONG_RSI_ZONE_NO_NEUTRAL,ZEEL,NSE,2026-08-05,2026-08-06,2026-08-11,SHORT,95.0,97.37499999999999,90.25,90.25,TARGET,4,5.0,4.85,BULL,38.01895490960434,ZEEL.NS
LONG_RSI_ZONE_BEAR_ONLY,ZEEL,NSE,2026-03-02,2026-03-04,2026-03-13,SHORT,82.51000213623047,84.57275218963622,78.38450202941894,78.38450202941894,TARGET,8,5.000000000000007,4.850000000000007,BEAR,36.86681827010416,ZEEL.NS
LONG_RSI_ZONE_BEAR_ONLY,ZEEL,NSE,2026-06-01,2026-06-02,2026-06-03,LONG,94.38999938964844,92.03024940490722,99.10949935913087,92.03024940490722,STOP_LOSS,2,-2.500000000000003,-2.650000000000003,BEAR,63.229199229901646,ZEEL.NS
CURRENT,TATASTEEL,NSE,2024-12-19,2024-12-20,2025-01-06,SHORT,142.88999938964844,146.46224937438964,135.745499420166,135.745499420166,TARGET,11,5.000000000000012,4.850000000000012,NEUTRAL,39.398277209040955,TATASTEEL.NS
CURRENT,TATASTEEL,NSE,2025-06-26,2025-06-27,2025-07-11,LONG,161.0,156.975,169.05,159.83999633789062,TIME_EXIT,11,-0.7204991690120341,-0.8704991690120342,BULL,63.63295397188861,TATASTEEL.NS
CURRENT,TATASTEEL,NSE,2025-09-03,2025-09-04,2025-09-18,LONG,169.0,164.775,177.45000000000002,172.02999877929688,TIME_EXIT,11,1.7928986859744822,1.6428986859744823,NEUTRAL,63.96454403548088,TATASTEEL.NS
CURRENT,TATASTEEL,NSE,2026-08-14,2026-08-17,2026-08-26,SHORT,183.5,188.08749999999998,174.325,188.08749999999998,STOP_LOSS,8,-2.4999999999999876,-2.6499999999999875,NEUTRAL,39.744996074153455,TATASTEEL.NS
LONG_RSI_ZONE,TATASTEEL,NSE,2024-12-19,2024-12-20,2025-01-06,SHORT,142.88999938964844,146.46224937438964,135.745499420166,135.745499420166,TARGET,11,5.000000000000012,4.850000000000012,NEUTRAL,39.398277209040955,TATASTEEL.NS
LONG_RSI_ZONE,TATASTEEL,NSE,2025-06-26,2025-06-27,2025-07-11,LONG,161.0,156.975,169.05,159.83999633789062,TIME_EXIT,11,-0.7204991690120341,-0.8704991690120342,BULL,63.63295397188861,TATASTEEL.NS
LONG_RSI_ZONE,TATASTEEL,NSE,2025-09-03,2025-09-04,2025-09-18,LONG,169.0,164.775,177.45000000000002,172.02999877929688,TIME_EXIT,11,1.7928986859744822,1.6428986859744823,NEUTRAL,63.96454403548088,TATASTEEL.NS
LONG_RSI_ZONE,TATASTEEL,NSE,2026-08-14,2026-08-17,2026-08-26,SHORT,183.5,188.08749999999998,174.325,188.08749999999998,STOP_LOSS,8,-2.4999999999999876,-2.6499999999999875,NEUTRAL,39.744996074153455,TATASTEEL.NS
SHORT_RSI_ZONE,TATASTEEL,NSE,2024-12-19,2024-12-20,2025-01-06,SHORT,142.88999938964844,146.46224937438964,135.745499420166,135.745499420166,TARGET,11,5.000000000000012,4.850000000000012,NEUTRAL,39.398277209040955,TATASTEEL.NS
SHORT_RSI_ZONE,TATASTEEL,NSE,2025-06-26,2025-06-27,2025-07-11,LONG,161.0,156.975,169.05,159.83999633789062,TIME_EXIT,11,-0.7204991690120341,-0.8704991690120342,BULL,63.63295397188861,TATASTEEL.NS
SHORT_RSI_ZONE,TATASTEEL,NSE,2025-09-03,2025-09-04,2025-09-18,LONG,169.0,164.775,177.45000000000002,172.02999877929688,TIME_EXIT,11,1.7928986859744822,1.6428986859744823,NEUTRAL,63.96454403548088,TATASTEEL.NS
SHORT_RSI_ZONE,TATASTEEL,NSE,2026-08-14,2026-08-17,2026-08-26,SHORT,183.5,188.08749999999998,174.325,188.08749999999998,STOP_LOSS,8,-2.4999999999999876,-2.6499999999999875,NEUTRAL,39.744996074153455,TATASTEEL.NS
BOTH_RSI_ZONE,TATASTEEL,NSE,2024-12-19,2024-12-20,2025-01-06,SHORT,142.88999938964844,146.46224937438964,135.745499420166,135.745499420166,TARGET,11,5.000000000000012,4.850000000000012,NEUTRAL,39.398277209040955,TATASTEEL.NS
BOTH_RSI_ZONE,TATASTEEL,NSE,2025-06-26,2025-06-27,2025-07-11,LONG,161.0,156.975,169.05,159.83999633789062,TIME_EXIT,11,-0.7204991690120341,-0.8704991690120342,BULL,63.63295397188861,TATASTEEL.NS
BOTH_RSI_ZONE,TATASTEEL,NSE,2025-09-03,2025-09-04,2025-09-18,LONG,169.0,164.775,177.45000000000002,172.02999877929688,TIME_EXIT,11,1.7928986859744822,1.6428986859744823,NEUTRAL,63.96454403548088,TATASTEEL.NS
BOTH_RSI_ZONE,TATASTEEL,NSE,2026-08-14,2026-08-17,2026-08-26,SHORT,183.5,188.08749999999998,174.325,188.08749999999998,STOP_LOSS,8,-2.4999999999999876,-2.6499999999999875,NEUTRAL,39.744996074153455,TATASTEEL.NS
LONG_RSI_ZONE_NO_NEUTRAL,TATASTEEL,NSE,2025-06-26,2025-06-27,2025-07-11,LONG,161.0,156.975,169.05,159.83999633789062,TIME_EXIT,11,-0.7204991690120341,-0.8704991690120342,BULL,63.63295397188861,TATASTEEL.NS
CURRENT,MOREPENLAB,NSE,2024-11-14,2024-11-18,2024-11-28,SHORT,76.81999969482422,78.74049968719481,72.978999710083,78.74049968719481,STOP_LOSS,8,-2.4999999999999853,-2.6499999999999853,NEUTRAL,39.96706767477773,MOREPENLAB.NS
CURRENT,MOREPENLAB,NSE,2024-12-04,2024-12-05,2024-12-12,LONG,86.66999816894531,84.50324821472168,91.00349807739258,91.00349807739258,TARGET,6,5.0,4.85,NEUTRAL,64.06710320086121,MOREPENLAB.NS
CURRENT,MOREPENLAB,NSE,2024-12-26,2024-12-27,2025-01-01,SHORT,77.5999984741211,79.53999843597411,73.71999855041504,79.53999843597411,STOP_LOSS,4,-2.499999999999989,-2.649999999999989,NEUTRAL,36.26962406968565,MOREPENLAB.NS
CURRENT,MOREPENLAB,NSE,2025-09-26,2025-09-29,2025-10-10,SHORT,49.0,50.224999999999994,46.55,50.224999999999994,STOP_LOSS,9,-2.4999999999999885,-2.6499999999999884,BULL,36.34502837417289,MOREPENLAB.NS
CURRENT,MOREPENLAB,NSE,2026-08-04,2026-08-05,2026-08-05,LONG,73.23999786376953,71.40899791717528,76.90199775695801,76.90199775695801,TARGET,1,5.0000000000000036,4.850000000000003,BULL,71.3206901595812,MOREPENLAB.NS
LONG_RSI_ZONE,MOREPENLAB,NSE,2024-11-14,2024-11-18,2024-11-28,SHORT,76.81999969482422,78.74049968719481,72.978999710083,78.74049968719481,STOP_LOSS,8,-2.4999999999999853,-2.6499999999999853,NEUTRAL,39.96706767477773,MOREPENLAB.NS
LONG_RSI_ZONE,MOREPENLAB,NSE,2024-12-04,2024-12-05,2024-12-12,LONG,86.66999816894531,84.50324821472168,91.00349807739258,91.00349807739258,TARGET,6,5.0,4.85,NEUTRAL,64.06710320086121,MOREPENLAB.NS
LONG_RSI_ZONE,MOREPENLAB,NSE,2024-12-26,2024-12-27,2025-01-01,SHORT,77.5999984741211,79.53999843597411,73.71999855041504,79.53999843597411,STOP_LOSS,4,-2.499999999999989,-2.649999999999989,NEUTRAL,36.26962406968565,MOREPENLAB.NS
LONG_RSI_ZONE,MOREPENLAB,NSE,2025-09-26,2025-09-29,2025-10-10,SHORT,49.0,50.224999999999994,46.55,50.224999999999994,STOP_LOSS,9,-2.4999999999999885,-2.6499999999999884,BULL,36.34502837417289,MOREPENLAB.NS
SHORT_RSI_ZONE,MOREPENLAB,NSE,2024-11-14,2024-11-18,2024-11-28,SHORT,76.81999969482422,78.74049968719481,72.978999710083,78.74049968719481,STOP_LOSS,8,-2.4999999999999853,-2.6499999999999853,NEUTRAL,39.96706767477773,MOREPENLAB.NS
SHORT_RSI_ZONE,MOREPENLAB,NSE,2024-12-04,2024-12-05,2024-12-12,LONG,86.66999816894531,84.50324821472168,91.00349807739258,91.00349807739258,TARGET,6,5.0,4.85,NEUTRAL,64.06710320086121,MOREPENLAB.NS
SHORT_RSI_ZONE,MOREPENLAB,NSE,2024-12-26,2024-12-27,2025-01-01,SHORT,77.5999984741211,79.53999843597411,73.71999855041504,79.53999843597411,STOP_LOSS,4,-2.499999999999989,-2.649999999999989,NEUTRAL,36.26962406968565,MOREPENLAB.NS
SHORT_RSI_ZONE,MOREPENLAB,NSE,2025-09-26,2025-09-29,2025-10-10,SHORT,49.0,50.224999999999994,46.55,50.224999999999994,STOP_LOSS,9,-2.4999999999999885,-2.6499999999999884,BULL,36.34502837417289,MOREPENLAB.NS
SHORT_RSI_ZONE,MOREPENLAB,NSE,2026-08-04,2026-08-05,2026-08-05,LONG,73.23999786376953,71.40899791717528,76.90199775695801,76.90199775695801,TARGET,1,5.0000000000000036,4.850000000000003,BULL,71.3206901595812,MOREPENLAB.NS
BOTH_RSI_ZONE,MOREPENLAB,NSE,2024-11-14,2024-11-18,2024-11-28,SHORT,76.81999969482422,78.74049968719481,72.978999710083,78.74049968719481,STOP_LOSS,8,-2.4999999999999853,-2.6499999999999853,NEUTRAL,39.96706767477773,MOREPENLAB.NS
BOTH_RSI_ZONE,MOREPENLAB,NSE,2024-12-04,2024-12-05,2024-12-12,LONG,86.66999816894531,84.50324821472168,91.00349807739258,91.00349807739258,TARGET,6,5.0,4.85,NEUTRAL,64.06710320086121,MOREPENLAB.NS
BOTH_RSI_ZONE,MOREPENLAB,NSE,2024-12-26,2024-12-27,2025-01-01,SHORT,77.5999984741211,79.53999843597411,73.71999855041504,79.53999843597411,STOP_LOSS,4,-2.499999999999989,-2.649999999999989,NEUTRAL,36.26962406968565,MOREPENLAB.NS
BOTH_RSI_ZONE,MOREPENLAB,NSE,2025-09-26,2025-09-29,2025-10-10,SHORT,49.0,50.224999999999994,46.55,50.224999999999994,STOP_LOSS,9,-2.4999999999999885,-2.6499999999999884,BULL,36.34502837417289,MOREPENLAB.NS
LONG_RSI_ZONE_NO_NEUTRAL,MOREPENLAB,NSE,2025-09-26,2025-09-29,2025-10-10,SHORT,49.0,50.224999999999994,46.55,50.224999999999994,STOP_LOSS,9,-2.4999999999999885,-2.6499999999999884,BULL,36.34502837417289,MOREPENLAB.NS
CURRENT,HDFCBANK,NSE,2024-11-25,2024-11-26,2024-12-10,LONG,905.0,882.375,950.25,934.0499877929688,TIME_EXIT,11,3.2099434025379834,3.0599434025379835,NEUTRAL,62.016972159069745,HDFCBANK.NS
CURRENT,HDFCBANK,NSE,2025-03-19,2025-03-20,2025-03-25,LONG,877.0,855.0749999999999,920.85,920.85,TARGET,4,5.000000000000003,4.850000000000002,NEUTRAL,61.74145224372224,HDFCBANK.NS
CURRENT,HDFCBANK,NSE,2026-01-06,2026-01-07,2026-01-21,SHORT,956.0,979.8999999999999,908.1999999999999,920.3499755859376,TIME_EXIT,11,3.729082051680166,3.579082051680166,BULL,33.72012210709704,HDFCBANK.NS
CURRENT,HDFCBANK,NSE,2026-06-18,2026-06-19,2026-07-03,LONG,788.7000122070312,768.9825119018554,828.1350128173829,801.0499877929688,TIME_EXIT,11,1.5658647641425,1.4158647641425002,BEAR,64.84304246631845,HDFCBANK.NS
CURRENT,HDFCBANK,NSE,2026-07-22,2026-07-23,2026-08-06,SHORT,749.4000244140625,768.135025024414,711.9300231933594,734.2999877929688,TIME_EXIT,11,2.0149501106435244,1.8649501106435245,NEUTRAL,35.7914120439565,HDFCBANK.NS
LONG_RSI_ZONE,HDFCBANK,NSE,2024-11-25,2024-11-26,2024-12-10,LONG,905.0,882.375,950.25,934.0499877929688,TIME_EXIT,11,3.2099434025379834,3.0599434025379835,NEUTRAL,62.016972159069745,HDFCBANK.NS
LONG_RSI_ZONE,HDFCBANK,NSE,2025-03-19,2025-03-20,2025-03-25,LONG,877.0,855.0749999999999,920.85,920.85,TARGET,4,5.000000000000003,4.850000000000002,NEUTRAL,61.74145224372224,HDFCBANK.NS
LONG_RSI_ZONE,HDFCBANK,NSE,2026-01-06,2026-01-07,2026-01-21,SHORT,956.0,979.8999999999999,908.1999999999999,920.3499755859376,TIME_EXIT,11,3.729082051680166,3.579082051680166,BULL,33.72012210709704,HDFCBANK.NS
LONG_RSI_ZONE,HDFCBANK,NSE,2026-06-18,2026-06-19,2026-07-03,LONG,788.7000122070312,768.9825119018554,828.1350128173829,801.0499877929688,TIME_EXIT,11,1.5658647641425,1.4158647641425002,BEAR,64.84304246631845,HDFCBANK.NS
LONG_RSI_ZONE,HDFCBANK,NSE,2026-07-22,2026-07-23,2026-08-06,SHORT,749.4000244140625,768.135025024414,711.9300231933594,734.2999877929688,TIME_EXIT,11,2.0149501106435244,1.8649501106435245,NEUTRAL,35.7914120439565,HDFCBANK.NS
SHORT_RSI_ZONE,HDFCBANK,NSE,2024-11-25,2024-11-26,2024-12-10,LONG,905.0,882.375,950.25,934.0499877929688,TIME_EXIT,11,3.2099434025379834,3.0599434025379835,NEUTRAL,62.016972159069745,HDFCBANK.NS
SHORT_RSI_ZONE,HDFCBANK,NSE,2025-03-19,2025-03-20,2025-03-25,LONG,877.0,855.0749999999999,920.85,920.85,TARGET,4,5.000000000000003,4.850000000000002,NEUTRAL,61.74145224372224,HDFCBANK.NS
SHORT_RSI_ZONE,HDFCBANK,NSE,2026-01-06,2026-01-07,2026-01-21,SHORT,956.0,979.8999999999999,908.1999999999999,920.3499755859376,TIME_EXIT,11,3.729082051680166,3.579082051680166,BULL,33.72012210709704,HDFCBANK.NS
SHORT_RSI_ZONE,HDFCBANK,NSE,2026-06-18,2026-06-19,2026-07-03,LONG,788.7000122070312,768.9825119018554,828.1350128173829,801.0499877929688,TIME_EXIT,11,1.5658647641425,1.4158647641425002,BEAR,64.84304246631845,HDFCBANK.NS
SHORT_RSI_ZONE,HDFCBANK,NSE,2026-07-22,2026-07-23,2026-08-06,SHORT,749.4000244140625,768.135025024414,711.9300231933594,734.2999877929688,TIME_EXIT,11,2.0149501106435244,1.8649501106435245,NEUTRAL,35.7914120439565,HDFCBANK.NS
BOTH_RSI_ZONE,HDFCBANK,NSE,2024-11-25,2024-11-26,2024-12-10,LONG,905.0,882.375,950.25,934.0499877929688,TIME_EXIT,11,3.2099434025379834,3.0599434025379835,NEUTRAL,62.016972159069745,HDFCBANK.NS
BOTH_RSI_ZONE,HDFCBANK,NSE,2025-03-19,2025-03-20,2025-03-25,LONG,877.0,855.0749999999999,920.85,920.85,TARGET,4,5.000000000000003,4.850000000000002,NEUTRAL,61.74145224372224,HDFCBANK.NS
BOTH_RSI_ZONE,HDFCBANK,NSE,2026-01-06,2026-01-07,2026-01-21,SHORT,956.0,979.8999999999999,908.1999999999999,920.3499755859376,TIME_EXIT,11,3.729082051680166,3.579082051680166,BULL,33.72012210709704,HDFCBANK.NS
BOTH_RSI_ZONE,HDFCBANK,NSE,2026-06-18,2026-06-19,2026-07-03,LONG,788.7000122070312,768.9825119018554,828.1350128173829,801.0499877929688,TIME_EXIT,11,1.5658647641425,1.4158647641425002,BEAR,64.84304246631845,HDFCBANK.NS
BOTH_RSI_ZONE,HDFCBANK,NSE,2026-07-22,2026-07-23,2026-08-06,SHORT,749.4000244140625,768.135025024414,711.9300231933594,734.2999877929688,TIME_EXIT,11,2.0149501106435244,1.8649501106435245,NEUTRAL,35.7914120439565,HDFCBANK.NS
LONG_RSI_ZONE_NO_NEUTRAL,HDFCBANK,NSE,2026-01-06,2026-01-07,2026-01-21,SHORT,956.0,979.8999999999999,908.1999999999999,920.3499755859376,TIME_EXIT,11,3.729082051680166,3.579082051680166,BULL,33.72012210709704,HDFCBANK.NS
LONG_RSI_ZONE_NO_NEUTRAL,HDFCBANK,NSE,2026-06-18,2026-06-19,2026-07-03,LONG,788.7000122070312,768.9825119018554,828.1350128173829,801.0499877929688,TIME_EXIT,11,1.5658647641425,1.4158647641425002,BEAR,64.84304246631845,HDFCBANK.NS
LONG_RSI_ZONE_BEAR_ONLY,HDFCBANK,NSE,2026-06-18,2026-06-19,2026-07-03,LONG,788.7000122070312,768.9825119018554,828.1350128173829,801.0499877929688,TIME_EXIT,11,1.5658647641425,1.4158647641425002,BEAR,64.84304246631845,HDFCBANK.NS
CURRENT,SAIL,NSE,2025-03-20,2025-03-21,2025-04-07,LONG,114.0,111.14999999999999,119.7,111.14999999999999,STOP_LOSS,11,-2.5000000000000075,-2.6500000000000075,NEUTRAL,60.20115684718855,SAIL.NS
CURRENT,SAIL,NSE,2025-05-14,2025-05-15,2025-05-27,LONG,122.98999786376952,119.91524791717528,129.139497756958,129.139497756958,TARGET,9,5.000000000000012,4.850000000000012,NEUTRAL,61.87287734000464,SAIL.NS
CURRENT,SAIL,NSE,2025-10-29,2025-10-30,2025-10-31,LONG,138.6999969482422,135.23249702453612,145.6349967956543,135.23249702453612,STOP_LOSS,2,-2.5000000000000124,-2.6500000000000123,BULL,67.06836123058318,SAIL.NS
CURRENT,SAIL,NSE,2025-11-03,2025-11-04,2025-11-07,LONG,138.25,134.79375,145.1625,134.79375,STOP_LOSS,3,-2.500000000000008,-2.650000000000008,BULL,60.369092777440386,SAIL.NS
CURRENT,SAIL,NSE,2026-04-08,2026-04-09,2026-04-17,LONG,164.41000366210938,160.29975357055665,172.63050384521486,172.63050384521486,TARGET,6,5.000000000000011,4.85000000000001,BEAR,60.419722901435826,SAIL.NS
LONG_RSI_ZONE,SAIL,NSE,2025-03-20,2025-03-21,2025-04-07,LONG,114.0,111.14999999999999,119.7,111.14999999999999,STOP_LOSS,11,-2.5000000000000075,-2.6500000000000075,NEUTRAL,60.20115684718855,SAIL.NS
LONG_RSI_ZONE,SAIL,NSE,2025-05-14,2025-05-15,2025-05-27,LONG,122.98999786376952,119.91524791717528,129.139497756958,129.139497756958,TARGET,9,5.000000000000012,4.850000000000012,NEUTRAL,61.87287734000464,SAIL.NS
LONG_RSI_ZONE,SAIL,NSE,2025-11-03,2025-11-04,2025-11-07,LONG,138.25,134.79375,145.1625,134.79375,STOP_LOSS,3,-2.500000000000008,-2.650000000000008,BULL,60.369092777440386,SAIL.NS
LONG_RSI_ZONE,SAIL,NSE,2026-04-08,2026-04-09,2026-04-17,LONG,164.41000366210938,160.29975357055665,172.63050384521486,172.63050384521486,TARGET,6,5.000000000000011,4.85000000000001,BEAR,60.419722901435826,SAIL.NS
SHORT_RSI_ZONE,SAIL,NSE,2025-03-20,2025-03-21,2025-04-07,LONG,114.0,111.14999999999999,119.7,111.14999999999999,STOP_LOSS,11,-2.5000000000000075,-2.6500000000000075,NEUTRAL,60.20115684718855,SAIL.NS
SHORT_RSI_ZONE,SAIL,NSE,2025-05-14,2025-05-15,2025-05-27,LONG,122.98999786376952,119.91524791717528,129.139497756958,129.139497756958,TARGET,9,5.000000000000012,4.850000000000012,NEUTRAL,61.87287734000464,SAIL.NS
SHORT_RSI_ZONE,SAIL,NSE,2025-10-29,2025-10-30,2025-10-31,LONG,138.6999969482422,135.23249702453612,145.6349967956543,135.23249702453612,STOP_LOSS,2,-2.5000000000000124,-2.6500000000000123,BULL,67.06836123058318,SAIL.NS
SHORT_RSI_ZONE,SAIL,NSE,2025-11-03,2025-11-04,2025-11-07,LONG,138.25,134.79375,145.1625,134.79375,STOP_LOSS,3,-2.500000000000008,-2.650000000000008,BULL,60.369092777440386,SAIL.NS
SHORT_RSI_ZONE,SAIL,NSE,2026-04-08,2026-04-09,2026-04-17,LONG,164.41000366210938,160.29975357055665,172.63050384521486,172.63050384521486,TARGET,6,5.000000000000011,4.85000000000001,BEAR,60.419722901435826,SAIL.NS
BOTH_RSI_ZONE,SAIL,NSE,2025-03-20,2025-03-21,2025-04-07,LONG,114.0,111.14999999999999,119.7,111.14999999999999,STOP_LOSS,11,-2.5000000000000075,-2.6500000000000075,NEUTRAL,60.20115684718855,SAIL.NS
BOTH_RSI_ZONE,SAIL,NSE,2025-05-14,2025-05-15,2025-05-27,LONG,122.98999786376952,119.91524791717528,129.139497756958,129.139497756958,TARGET,9,5.000000000000012,4.850000000000012,NEUTRAL,61.87287734000464,SAIL.NS
BOTH_RSI_ZONE,SAIL,NSE,2025-11-03,2025-11-04,2025-11-07,LONG,138.25,134.79375,145.1625,134.79375,STOP_LOSS,3,-2.500000000000008,-2.650000000000008,BULL,60.369092777440386,SAIL.NS
BOTH_RSI_ZONE,SAIL,NSE,2026-04-08,2026-04-09,2026-04-17,LONG,164.41000366210938,160.29975357055665,172.63050384521486,172.63050384521486,TARGET,6,5.000000000000011,4.85000000000001,BEAR,60.419722901435826,SAIL.NS
LONG_RSI_ZONE_NO_NEUTRAL,SAIL,NSE,2025-11-03,2025-11-04,2025-11-07,LONG,138.25,134.79375,145.1625,134.79375,STOP_LOSS,3,-2.500000000000008,-2.650000000000008,BULL,60.369092777440386,SAIL.NS
LONG_RSI_ZONE_NO_NEUTRAL,SAIL,NSE,2026-04-08,2026-04-09,2026-04-17,LONG,164.41000366210938,160.29975357055665,172.63050384521486,172.63050384521486,TARGET,6,5.000000000000011,4.85000000000001,BEAR,60.419722901435826,SAIL.NS
LONG_RSI_ZONE_BEAR_ONLY,SAIL,NSE,2026-04-08,2026-04-09,2026-04-17,LONG,164.41000366210938,160.29975357055665,172.63050384521486,172.63050384521486,TARGET,6,5.000000000000011,4.85000000000001,BEAR,60.419722901435826,SAIL.NS
CURRENT,CUPID,NSE,2024-11-05,2024-11-06,2024-11-07,LONG,17.43600082397461,17.000100803375243,18.30780086517334,17.000100803375243,STOP_LOSS,2,-2.500000000000004,-2.650000000000004,NEUTRAL,68.93668868641845,CUPID.NS
CURRENT,CUPID,NSE,2025-02-12,2025-02-13,2025-02-13,SHORT,14.029999732971191,14.38074972629547,13.328499746322631,14.38074972629547,STOP_LOSS,1,-2.49999999999999,-2.6499999999999897,NEUTRAL,39.51420761591291,CUPID.NS
CURRENT,CUPID,NSE,2025-04-17,2025-04-21,2025-04-21,LONG,15.187999725341797,14.808299732208251,15.947399711608888,14.808299732208251,STOP_LOSS,1,-2.5000000000000044,-2.6500000000000044,NEUTRAL,70.67238694663449,CUPID.NS
CURRENT,CUPID,NSE,2025-06-27,2025-06-30,2025-07-11,LONG,21.399999618530277,20.864999628067018,22.46999959945679,22.46999959945679,TARGET,10,5.000000000000003,4.850000000000002,BULL,66.01451523595186,CUPID.NS
CURRENT,CUPID,NSE,2026-03-02,2026-03-04,2026-03-04,SHORT,75.19999694824219,77.07999687194824,71.43999710083007,77.07999687194824,STOP_LOSS,1,-2.4999999999999964,-2.6499999999999964,BEAR,38.01232502137928,CUPID.NS
CURRENT,CUPID,NSE,2026-03-10,2026-03-11,2026-03-11,LONG,91.75,89.45625,96.3375,89.45625,STOP_LOSS,1,-2.500000000000003,-2.650000000000003,BEAR,63.415350604791236,CUPID.NS
CURRENT,CUPID,NSE,2026-04-06,2026-04-07,2026-04-07,LONG,88.0,85.8,92.4,85.8,STOP_LOSS,1,-2.500000000000003,-2.650000000000003,BEAR,60.19186647582594,CUPID.NS
LONG_RSI_ZONE,CUPID,NSE,2025-02-12,2025-02-13,2025-02-13,SHORT,14.029999732971191,14.38074972629547,13.328499746322631,14.38074972629547,STOP_LOSS,1,-2.49999999999999,-2.6499999999999897,NEUTRAL,39.51420761591291,CUPID.NS
LONG_RSI_ZONE,CUPID,NSE,2026-03-02,2026-03-04,2026-03-04,SHORT,75.19999694824219,77.07999687194824,71.43999710083007,77.07999687194824,STOP_LOSS,1,-2.4999999999999964,-2.6499999999999964,BEAR,38.01232502137928,CUPID.NS
LONG_RSI_ZONE,CUPID,NSE,2026-03-10,2026-03-11,2026-03-11,LONG,91.75,89.45625,96.3375,89.45625,STOP_LOSS,1,-2.500000000000003,-2.650000000000003,BEAR,63.415350604791236,CUPID.NS
LONG_RSI_ZONE,CUPID,NSE,2026-04-06,2026-04-07,2026-04-07,LONG,88.0,85.8,92.4,85.8,STOP_LOSS,1,-2.500000000000003,-2.650000000000003,BEAR,60.19186647582594,CUPID.NS
SHORT_RSI_ZONE,CUPID,NSE,2024-11-05,2024-11-06,2024-11-07,LONG,17.43600082397461,17.000100803375243,18.30780086517334,17.000100803375243,STOP_LOSS,2,-2.500000000000004,-2.650000000000004,NEUTRAL,68.93668868641845,CUPID.NS
SHORT_RSI_ZONE,CUPID,NSE,2025-02-12,2025-02-13,2025-02-13,SHORT,14.029999732971191,14.38074972629547,13.328499746322631,14.38074972629547,STOP_LOSS,1,-2.49999999999999,-2.6499999999999897,NEUTRAL,39.51420761591291,CUPID.NS
SHORT_RSI_ZONE,CUPID,NSE,2025-04-17,2025-04-21,2025-04-21,LONG,15.187999725341797,14.808299732208251,15.947399711608888,14.808299732208251,STOP_LOSS,1,-2.5000000000000044,-2.6500000000000044,NEUTRAL,70.67238694663449,CUPID.NS
SHORT_RSI_ZONE,CUPID,NSE,2025-06-27,2025-06-30,2025-07-11,LONG,21.399999618530277,20.864999628067018,22.46999959945679,22.46999959945679,TARGET,10,5.000000000000003,4.850000000000002,BULL,66.01451523595186,CUPID.NS
SHORT_RSI_ZONE,CUPID,NSE,2026-03-02,2026-03-04,2026-03-04,SHORT,75.19999694824219,77.07999687194824,71.43999710083007,77.07999687194824,STOP_LOSS,1,-2.4999999999999964,-2.6499999999999964,BEAR,38.01232502137928,CUPID.NS
SHORT_RSI_ZONE,CUPID,NSE,2026-03-10,2026-03-11,2026-03-11,LONG,91.75,89.45625,96.3375,89.45625,STOP_LOSS,1,-2.500000000000003,-2.650000000000003,BEAR,63.415350604791236,CUPID.NS
SHORT_RSI_ZONE,CUPID,NSE,2026-04-06,2026-04-07,2026-04-07,LONG,88.0,85.8,92.4,85.8,STOP_LOSS,1,-2.500000000000003,-2.650000000000003,BEAR,60.19186647582594,CUPID.NS
BOTH_RSI_ZONE,CUPID,NSE,2025-02-12,2025-02-13,2025-02-13,SHORT,14.029999732971191,14.38074972629547,13.328499746322631,14.38074972629547,STOP_LOSS,1,-2.49999999999999,-2.6499999999999897,NEUTRAL,39.51420761591291,CUPID.NS
BOTH_RSI_ZONE,CUPID,NSE,2026-03-02,2026-03-04,2026-03-04,SHORT,75.19999694824219,77.07999687194824,71.43999710083007,77.07999687194824,STOP_LOSS,1,-2.4999999999999964,-2.6499999999999964,BEAR,38.01232502137928,CUPID.NS
BOTH_RSI_ZONE,CUPID,NSE,2026-03-10,2026-03-11,2026-03-11,LONG,91.75,89.45625,96.3375,89.45625,STOP_LOSS,1,-2.500000000000003,-2.650000000000003,BEAR,63.415350604791236,CUPID.NS
BOTH_RSI_ZONE,CUPID,NSE,2026-04-06,2026-04-07,2026-04-07,LONG,88.0,85.8,92.4,85.8,STOP_LOSS,1,-2.500000000000003,-2.650000000000003,BEAR,60.19186647582594,CUPID.NS
LONG_RSI_ZONE_NO_NEUTRAL,CUPID,NSE,2026-03-02,2026-03-04,2026-03-04,SHORT,75.19999694824219,77.07999687194824,71.43999710083007,77.07999687194824,STOP_LOSS,1,-2.4999999999999964,-2.6499999999999964,BEAR,38.01232502137928,CUPID.NS
LONG_RSI_ZONE_NO_NEUTRAL,CUPID,NSE,2026-03-10,2026-03-11,2026-03-11,LONG,91.75,89.45625,96.3375,89.45625,STOP_LOSS,1,-2.500000000000003,-2.650000000000003,BEAR,63.415350604791236,CUPID.NS
LONG_RSI_ZONE_NO_NEUTRAL,CUPID,NSE,2026-04-06,2026-04-07,2026-04-07,LONG,88.0,85.8,92.4,85.8,STOP_LOSS,1,-2.500000000000003,-2.650000000000003,BEAR,60.19186647582594,CUPID.NS
LONG_RSI_ZONE_BEAR_ONLY,CUPID,NSE,2026-03-02,2026-03-04,2026-03-04,SHORT,75.19999694824219,77.07999687194824,71.43999710083007,77.07999687194824,STOP_LOSS,1,-2.4999999999999964,-2.6499999999999964,BEAR,38.01232502137928,CUPID.NS
LONG_RSI_ZONE_BEAR_ONLY,CUPID,NSE,2026-03-10,2026-03-11,2026-03-11,LONG,91.75,89.45625,96.3375,89.45625,STOP_LOSS,1,-2.500000000000003,-2.650000000000003,BEAR,63.415350604791236,CUPID.NS
LONG_RSI_ZONE_BEAR_ONLY,CUPID,NSE,2026-04-06,2026-04-07,2026-04-07,LONG,88.0,85.8,92.4,85.8,STOP_LOSS,1,-2.500000000000003,-2.650000000000003,BEAR,60.19186647582594,CUPID.NS
CURRENT,JINDWORLD,NSE,2025-09-29,2025-09-30,2025-10-03,SHORT,35.369998931884766,36.25424890518188,33.601498985290526,36.25424890518188,STOP_LOSS,3,-2.499999999999992,-2.649999999999992,BULL,35.71758219113666,JINDWORLD.NS
CURRENT,JINDWORLD,NSE,2025-11-06,2025-11-07,2025-11-21,SHORT,35.09000015258789,35.967250156402585,33.335500144958495,33.335500144958495,TARGET,11,5.0000000000000036,4.850000000000003,BULL,37.54472266494185,JINDWORLD.NS
CURRENT,JINDWORLD,NSE,2026-07-16,2026-07-17,2026-07-17,LONG,32.79999923706055,31.979999256134032,34.439999198913576,31.979999256134032,STOP_LOSS,1,-2.500000000000002,-2.650000000000002,NEUTRAL,64.3172087329082,JINDWORLD.NS
CURRENT,JINDWORLD,NSE,2026-07-21,2026-07-22,2026-07-22,LONG,38.38999938964844,37.43024940490722,40.30949935913086,37.43024940490722,STOP_LOSS,1,-2.500000000000011,-2.650000000000011,NEUTRAL,77.84335580675842,JINDWORLD.NS
CURRENT,JINDWORLD,NSE,2026-08-31,2026-09-01,2026-09-01,LONG,39.34999847412109,38.36624851226806,41.317498397827144,41.317498397827144,TARGET,1,5.000000000000008,4.850000000000008,NEUTRAL,61.05333690528975,JINDWORLD.NS
LONG_RSI_ZONE,JINDWORLD,NSE,2025-09-29,2025-09-30,2025-10-03,SHORT,35.369998931884766,36.25424890518188,33.601498985290526,36.25424890518188,STOP_LOSS,3,-2.499999999999992,-2.649999999999992,BULL,35.71758219113666,JINDWORLD.NS
LONG_RSI_ZONE,JINDWORLD,NSE,2025-11-06,2025-11-07,2025-11-21,SHORT,35.09000015258789,35.967250156402585,33.335500144958495,33.335500144958495,TARGET,11,5.0000000000000036,4.850000000000003,BULL,37.54472266494185,JINDWORLD.NS
LONG_RSI_ZONE,JINDWORLD,NSE,2026-07-16,2026-07-17,2026-07-17,LONG,32.79999923706055,31.979999256134032,34.439999198913576,31.979999256134032,STOP_LOSS,1,-2.500000000000002,-2.650000000000002,NEUTRAL,64.3172087329082,JINDWORLD.NS
LONG_RSI_ZONE,JINDWORLD,NSE,2026-08-31,2026-09-01,2026-09-01,LONG,39.34999847412109,38.36624851226806,41.317498397827144,41.317498397827144,TARGET,1,5.000000000000008,4.850000000000008,NEUTRAL,61.05333690528975,JINDWORLD.NS
LONG_RSI_ZONE,JINDWORLD,NSE,2026-09-02,2026-09-03,2026-09-03,LONG,40.52000045776367,39.50700044631958,42.546000480651855,42.546000480651855,TARGET,1,5.0,4.85,NEUTRAL,62.44718045638783,JINDWORLD.NS
SHORT_RSI_ZONE,JINDWORLD,NSE,2025-09-29,2025-09-30,2025-10-03,SHORT,35.369998931884766,36.25424890518188,33.601498985290526,36.25424890518188,STOP_LOSS,3,-2.499999999999992,-2.649999999999992,BULL,35.71758219113666,JINDWORLD.NS
SHORT_RSI_ZONE,JINDWORLD,NSE,2025-11-06,2025-11-07,2025-11-21,SHORT,35.09000015258789,35.967250156402585,33.335500144958495,33.335500144958495,TARGET,11,5.0000000000000036,4.850000000000003,BULL,37.54472266494185,JINDWORLD.NS
SHORT_RSI_ZONE,JINDWORLD,NSE,2026-07-16,2026-07-17,2026-07-17,LONG,32.79999923706055,31.979999256134032,34.439999198913576,31.979999256134032,STOP_LOSS,1,-2.500000000000002,-2.650000000000002,NEUTRAL,64.3172087329082,JINDWORLD.NS
SHORT_RSI_ZONE,JINDWORLD,NSE,2026-07-21,2026-07-22,2026-07-22,LONG,38.38999938964844,37.43024940490722,40.30949935913086,37.43024940490722,STOP_LOSS,1,-2.500000000000011,-2.650000000000011,NEUTRAL,77.84335580675842,JINDWORLD.NS
SHORT_RSI_ZONE,JINDWORLD,NSE,2026-08-31,2026-09-01,2026-09-01,LONG,39.34999847412109,38.36624851226806,41.317498397827144,41.317498397827144,TARGET,1,5.000000000000008,4.850000000000008,NEUTRAL,61.05333690528975,JINDWORLD.NS
BOTH_RSI_ZONE,JINDWORLD,NSE,2025-09-29,2025-09-30,2025-10-03,SHORT,35.369998931884766,36.25424890518188,33.601498985290526,36.25424890518188,STOP_LOSS,3,-2.499999999999992,-2.649999999999992,BULL,35.71758219113666,JINDWORLD.NS
BOTH_RSI_ZONE,JINDWORLD,NSE,2025-11-06,2025-11-07,2025-11-21,SHORT,35.09000015258789,35.967250156402585,33.335500144958495,33.335500144958495,TARGET,11,5.0000000000000036,4.850000000000003,BULL,37.54472266494185,JINDWORLD.NS
BOTH_RSI_ZONE,JINDWORLD,NSE,2026-07-16,2026-07-17,2026-07-17,LONG,32.79999923706055,31.979999256134032,34.439999198913576,31.979999256134032,STOP_LOSS,1,-2.500000000000002,-2.650000000000002,NEUTRAL,64.3172087329082,JINDWORLD.NS
BOTH_RSI_ZONE,JINDWORLD,NSE,2026-08-31,2026-09-01,2026-09-01,LONG,39.34999847412109,38.36624851226806,41.317498397827144,41.317498397827144,TARGET,1,5.000000000000008,4.850000000000008,NEUTRAL,61.05333690528975,JINDWORLD.NS
BOTH_RSI_ZONE,JINDWORLD,NSE,2026-09-02,2026-09-03,2026-09-03,LONG,40.52000045776367,39.50700044631958,42.546000480651855,42.546000480651855,TARGET,1,5.0,4.85,NEUTRAL,62.44718045638783,JINDWORLD.NS
LONG_RSI_ZONE_NO_NEUTRAL,JINDWORLD,NSE,2025-09-29,2025-09-30,2025-10-03,SHORT,35.369998931884766,36.25424890518188,33.601498985290526,36.25424890518188,STOP_LOSS,3,-2.499999999999992,-2.649999999999992,BULL,35.71758219113666,JINDWORLD.NS
LONG_RSI_ZONE_NO_NEUTRAL,JINDWORLD,NSE,2025-11-06,2025-11-07,2025-11-21,SHORT,35.09000015258789,35.967250156402585,33.335500144958495,33.335500144958495,TARGET,11,5.0000000000000036,4.850000000000003,BULL,37.54472266494185,JINDWORLD.NS
CURRENT,SWIGGY,NSE,2025-10-16,2025-10-17,2025-10-17,LONG,447.0,435.825,469.35,435.825,STOP_LOSS,1,-2.5000000000000027,-2.6500000000000026,BULL,62.08533837544074,SWIGGY.NS
CURRENT,SWIGGY,NSE,2026-07-29,2026-07-30,2026-08-03,LONG,285.989990234375,278.8402404785156,300.28948974609375,278.8402404785156,STOP_LOSS,3,-2.5,-2.65,NEUTRAL,63.300205974111186,SWIGGY.NS
LONG_RSI_ZONE,SWIGGY,NSE,2025-10-16,2025-10-17,2025-10-17,LONG,447.0,435.825,469.35,435.825,STOP_LOSS,1,-2.5000000000000027,-2.6500000000000026,BULL,62.08533837544074,SWIGGY.NS
LONG_RSI_ZONE,SWIGGY,NSE,2026-07-29,2026-07-30,2026-08-03,LONG,285.989990234375,278.8402404785156,300.28948974609375,278.8402404785156,STOP_LOSS,3,-2.5,-2.65,NEUTRAL,63.300205974111186,SWIGGY.NS
SHORT_RSI_ZONE,SWIGGY,NSE,2025-10-16,2025-10-17,2025-10-17,LONG,447.0,435.825,469.35,435.825,STOP_LOSS,1,-2.5000000000000027,-2.6500000000000026,BULL,62.08533837544074,SWIGGY.NS
SHORT_RSI_ZONE,SWIGGY,NSE,2026-07-29,2026-07-30,2026-08-03,LONG,285.989990234375,278.8402404785156,300.28948974609375,278.8402404785156,STOP_LOSS,3,-2.5,-2.65,NEUTRAL,63.300205974111186,SWIGGY.NS
BOTH_RSI_ZONE,SWIGGY,NSE,2025-10-16,2025-10-17,2025-10-17,LONG,447.0,435.825,469.35,435.825,STOP_LOSS,1,-2.5000000000000027,-2.6500000000000026,BULL,62.08533837544074,SWIGGY.NS
BOTH_RSI_ZONE,SWIGGY,NSE,2026-07-29,2026-07-30,2026-08-03,LONG,285.989990234375,278.8402404785156,300.28948974609375,278.8402404785156,STOP_LOSS,3,-2.5,-2.65,NEUTRAL,63.300205974111186,SWIGGY.NS
LONG_RSI_ZONE_NO_NEUTRAL,SWIGGY,NSE,2025-10-16,2025-10-17,2025-10-17,LONG,447.0,435.825,469.35,435.825,STOP_LOSS,1,-2.5000000000000027,-2.6500000000000026,BULL,62.08533837544074,SWIGGY.NS
LONG_RSI_ZONE_NO_NEUTRAL,SWIGGY,NSE,2026-08-03,2026-08-04,2026-08-06,LONG,286.3500061035156,279.1912559509277,300.6675064086914,300.6675064086914,TARGET,3,4.9999999999999964,4.849999999999996,BULL,60.65568044761395,SWIGGY.NS
CURRENT,ADANIPOWER,NSE,2025-06-27,2025-06-30,2025-07-10,LONG,117.9000015258789,114.95250148773194,123.79500160217286,123.79500160217286,TARGET,9,5.000000000000007,4.850000000000007,BULL,61.289614424588116,ADANIPOWER.NS
CURRENT,ADANIPOWER,NSE,2026-02-05,2026-02-06,2026-02-10,LONG,152.0,148.2,159.6,148.2,STOP_LOSS,3,-2.5000000000000075,-2.6500000000000075,NEUTRAL,65.23198167010295,ADANIPOWER.NS
CURRENT,ADANIPOWER,NSE,2026-03-16,2026-03-17,2026-03-18,LONG,156.0,152.1,163.8,152.1,STOP_LOSS,2,-2.5000000000000036,-2.6500000000000035,BEAR,65.41632173305192,ADANIPOWER.NS
LONG_RSI_ZONE,ADANIPOWER,NSE,2025-06-27,2025-06-30,2025-07-10,LONG,117.9000015258789,114.95250148773194,123.79500160217286,123.79500160217286,TARGET,9,5.000000000000007,4.850000000000007,BULL,61.289614424588116,ADANIPOWER.NS
LONG_RSI_ZONE,ADANIPOWER,NSE,2026-02-06,2026-02-09,2026-02-10,LONG,154.0,150.15,161.70000000000002,150.15,STOP_LOSS,2,-2.4999999999999964,-2.6499999999999964,NEUTRAL,64.00896148660708,ADANIPOWER.NS
LONG_RSI_ZONE,ADANIPOWER,NSE,2026-03-18,2026-03-19,2026-03-23,LONG,151.0,147.225,158.55,147.225,STOP_LOSS,3,-2.5000000000000036,-2.6500000000000035,BEAR,63.9948516665988,ADANIPOWER.NS
SHORT_RSI_ZONE,ADANIPOWER,NSE,2025-06-27,2025-06-30,2025-07-10,LONG,117.9000015258789,114.95250148773194,123.79500160217286,123.79500160217286,TARGET,9,5.000000000000007,4.850000000000007,BULL,61.289614424588116,ADANIPOWER.NS
SHORT_RSI_ZONE,ADANIPOWER,NSE,2026-02-05,2026-02-06,2026-02-10,LONG,152.0,148.2,159.6,148.2,STOP_LOSS,3,-2.5000000000000075,-2.6500000000000075,NEUTRAL,65.23198167010295,ADANIPOWER.NS
SHORT_RSI_ZONE,ADANIPOWER,NSE,2026-03-16,2026-03-17,2026-03-18,LONG,156.0,152.1,163.8,152.1,STOP_LOSS,2,-2.5000000000000036,-2.6500000000000035,BEAR,65.41632173305192,ADANIPOWER.NS
BOTH_RSI_ZONE,ADANIPOWER,NSE,2025-06-27,2025-06-30,2025-07-10,LONG,117.9000015258789,114.95250148773194,123.79500160217286,123.79500160217286,TARGET,9,5.000000000000007,4.850000000000007,BULL,61.289614424588116,ADANIPOWER.NS
BOTH_RSI_ZONE,ADANIPOWER,NSE,2026-02-06,2026-02-09,2026-02-10,LONG,154.0,150.15,161.70000000000002,150.15,STOP_LOSS,2,-2.4999999999999964,-2.6499999999999964,NEUTRAL,64.00896148660708,ADANIPOWER.NS
BOTH_RSI_ZONE,ADANIPOWER,NSE,2026-03-18,2026-03-19,2026-03-23,LONG,151.0,147.225,158.55,147.225,STOP_LOSS,3,-2.5000000000000036,-2.6500000000000035,BEAR,63.9948516665988,ADANIPOWER.NS
LONG_RSI_ZONE_NO_NEUTRAL,ADANIPOWER,NSE,2025-06-27,2025-06-30,2025-07-10,LONG,117.9000015258789,114.95250148773194,123.79500160217286,123.79500160217286,TARGET,9,5.000000000000007,4.850000000000007,BULL,61.289614424588116,ADANIPOWER.NS
LONG_RSI_ZONE_NO_NEUTRAL,ADANIPOWER,NSE,2026-03-18,2026-03-19,2026-03-23,LONG,151.0,147.225,158.55,147.225,STOP_LOSS,3,-2.5000000000000036,-2.6500000000000035,BEAR,63.9948516665988,ADANIPOWER.NS
LONG_RSI_ZONE_BEAR_ONLY,ADANIPOWER,NSE,2026-03-18,2026-03-19,2026-03-23,LONG,151.0,147.225,158.55,147.225,STOP_LOSS,3,-2.5000000000000036,-2.6500000000000035,BEAR,63.9948516665988,ADANIPOWER.NS
CURRENT,PINELABS,NSE,2026-05-14,2026-05-15,2026-05-18,SHORT,156.39999389648438,160.30999374389648,148.57999420166016,148.57999420166016,TARGET,2,5.0,4.85,BEAR,28.127980937567145,PINELABS.NS
CURRENT,PINELABS,NSE,2026-07-08,2026-07-09,2026-07-10,SHORT,142.83999633789062,146.41099624633787,135.6979965209961,146.41099624633787,STOP_LOSS,2,-2.499999999999988,-2.649999999999988,NEUTRAL,36.625631071137754,PINELABS.NS
CURRENT,PINELABS,NSE,2026-08-10,2026-08-11,2026-08-11,LONG,162.72999572753906,158.66174583435057,170.86649551391602,170.86649551391602,TARGET,1,5.0000000000000036,4.850000000000003,BULL,60.038482978458276,PINELABS.NS
LONG_RSI_ZONE,PINELABS,NSE,2026-05-14,2026-05-15,2026-05-18,SHORT,156.39999389648438,160.30999374389648,148.57999420166016,148.57999420166016,TARGET,2,5.0,4.85,BEAR,28.127980937567145,PINELABS.NS
LONG_RSI_ZONE,PINELABS,NSE,2026-07-08,2026-07-09,2026-07-10,SHORT,142.83999633789062,146.41099624633787,135.6979965209961,146.41099624633787,STOP_LOSS,2,-2.499999999999988,-2.649999999999988,NEUTRAL,36.625631071137754,PINELABS.NS
LONG_RSI_ZONE,PINELABS,NSE,2026-08-10,2026-08-11,2026-08-11,LONG,162.72999572753906,158.66174583435057,170.86649551391602,170.86649551391602,TARGET,1,5.0000000000000036,4.850000000000003,BULL,60.038482978458276,PINELABS.NS
SHORT_RSI_ZONE,PINELABS,NSE,2026-07-08,2026-07-09,2026-07-10,SHORT,142.83999633789062,146.41099624633787,135.6979965209961,146.41099624633787,STOP_LOSS,2,-2.499999999999988,-2.649999999999988,NEUTRAL,36.625631071137754,PINELABS.NS
SHORT_RSI_ZONE,PINELABS,NSE,2026-08-10,2026-08-11,2026-08-11,LONG,162.72999572753906,158.66174583435057,170.86649551391602,170.86649551391602,TARGET,1,5.0000000000000036,4.850000000000003,BULL,60.038482978458276,PINELABS.NS
BOTH_RSI_ZONE,PINELABS,NSE,2026-07-08,2026-07-09,2026-07-10,SHORT,142.83999633789062,146.41099624633787,135.6979965209961,146.41099624633787,STOP_LOSS,2,-2.499999999999988,-2.649999999999988,NEUTRAL,36.625631071137754,PINELABS.NS
BOTH_RSI_ZONE,PINELABS,NSE,2026-08-10,2026-08-11,2026-08-11,LONG,162.72999572753906,158.66174583435057,170.86649551391602,170.86649551391602,TARGET,1,5.0000000000000036,4.850000000000003,BULL,60.038482978458276,PINELABS.NS
LONG_RSI_ZONE_NO_NEUTRAL,PINELABS,NSE,2026-05-14,2026-05-15,2026-05-18,SHORT,156.39999389648438,160.30999374389648,148.57999420166016,148.57999420166016,TARGET,2,5.0,4.85,BEAR,28.127980937567145,PINELABS.NS
LONG_RSI_ZONE_NO_NEUTRAL,PINELABS,NSE,2026-08-10,2026-08-11,2026-08-11,LONG,162.72999572753906,158.66174583435057,170.86649551391602,170.86649551391602,TARGET,1,5.0000000000000036,4.850000000000003,BULL,60.038482978458276,PINELABS.NS
LONG_RSI_ZONE_BEAR_ONLY,PINELABS,NSE,2026-05-14,2026-05-15,2026-05-18,SHORT,156.39999389648438,160.30999374389648,148.57999420166016,148.57999420166016,TARGET,2,5.0,4.85,BEAR,28.127980937567145,PINELABS.NS
CURRENT,PWL,NSE,2026-06-18,2026-06-19,2026-06-19,LONG,114.25,111.39375,119.9625,119.9625,TARGET,1,5.000000000000005,4.850000000000005,BEAR,61.24808156835678,PWL.NS
LONG_RSI_ZONE,PWL,NSE,2026-06-18,2026-06-19,2026-06-19,LONG,114.25,111.39375,119.9625,119.9625,TARGET,1,5.000000000000005,4.850000000000005,BEAR,61.24808156835678,PWL.NS
SHORT_RSI_ZONE,PWL,NSE,2026-06-18,2026-06-19,2026-06-19,LONG,114.25,111.39375,119.9625,119.9625,TARGET,1,5.000000000000005,4.850000000000005,BEAR,61.24808156835678,PWL.NS
BOTH_RSI_ZONE,PWL,NSE,2026-06-18,2026-06-19,2026-06-19,LONG,114.25,111.39375,119.9625,119.9625,TARGET,1,5.000000000000005,4.850000000000005,BEAR,61.24808156835678,PWL.NS
LONG_RSI_ZONE_NO_NEUTRAL,PWL,NSE,2026-06-18,2026-06-19,2026-06-19,LONG,114.25,111.39375,119.9625,119.9625,TARGET,1,5.000000000000005,4.850000000000005,BEAR,61.24808156835678,PWL.NS
LONG_RSI_ZONE_BEAR_ONLY,PWL,NSE,2026-06-18,2026-06-19,2026-06-19,LONG,114.25,111.39375,119.9625,119.9625,TARGET,1,5.000000000000005,4.850000000000005,BEAR,61.24808156835678,PWL.NS
CURRENT,NMDC,NSE,2024-11-06,2024-11-07,2024-11-08,LONG,80.66666412353516,78.64999752044677,84.69999732971192,78.64999752044677,STOP_LOSS,2,-2.5000000000000036,-2.6500000000000035,NEUTRAL,63.50834047613503,NMDC.NS
CURRENT,NMDC,NSE,2024-12-03,2024-12-04,2024-12-10,LONG,78.8499984741211,76.87874851226806,82.79249839782715,82.79249839782715,TARGET,5,4.9999999999999964,4.849999999999996,NEUTRAL,60.535459031144605,NMDC.NS
CURRENT,NMDC,NSE,2024-12-19,2024-12-20,2024-12-30,SHORT,71.5,73.2875,67.925,67.925,TARGET,6,5.0000000000000036,4.850000000000003,NEUTRAL,33.686462530431655,NMDC.NS
CURRENT,NMDC,NSE,2025-04-08,2025-04-09,2025-04-11,SHORT,61.56999969482422,63.10924968719482,58.491499710083005,63.10924968719482,STOP_LOSS,2,-2.4999999999999907,-2.6499999999999906,NEUTRAL,36.95568031839282,NMDC.NS
CURRENT,NMDC,NSE,2025-05-14,2025-05-15,2025-05-27,LONG,70.04000091552734,68.28900089263915,73.54200096130371,73.54200096130371,TARGET,9,5.0000000000000036,4.850000000000003,NEUTRAL,60.83446417753281,NMDC.NS
CURRENT,NMDC,NSE,2025-07-21,2025-07-22,2025-08-05,LONG,72.0,70.2,75.60000000000001,71.91999816894531,TIME_EXIT,11,-0.11111365424262153,-0.2611136542426215,BULL,62.10340407207728,NMDC.NS
CURRENT,NMDC,NSE,2025-09-03,2025-09-04,2025-09-04,LONG,74.9000015258789,73.02750148773193,78.64500160217285,73.02750148773193,STOP_LOSS,1,-2.500000000000011,-2.650000000000011,NEUTRAL,63.278885418800044,NMDC.NS
CURRENT,NMDC,NSE,2025-09-05,2025-09-08,2025-09-22,LONG,75.0999984741211,73.22249851226806,78.85499839782715,76.86000061035156,TIME_EXIT,11,2.3435448362052265,2.1935448362052266,NEUTRAL,62.55134060137676,NMDC.NS
CURRENT,NMDC,NSE,2025-11-24,2025-11-25,2025-11-26,SHORT,72.56999969482422,74.38424968719482,68.94149971008301,74.38424968719482,STOP_LOSS,2,-2.5,-2.65,BULL,36.63695304978135,NMDC.NS
CURRENT,NMDC,NSE,2026-02-04,2026-02-05,2026-02-05,LONG,86.12999725341797,83.97674732208252,90.43649711608887,83.97674732208252,STOP_LOSS,1,-2.500000000000003,-2.650000000000003,NEUTRAL,61.13538545628976,NMDC.NS
CURRENT,NMDC,NSE,2026-04-09,2026-04-10,2026-04-17,LONG,85.0,82.875,89.25,89.25,TARGET,5,5.0,4.85,BEAR,62.54791570132592,NMDC.NS
CURRENT,NMDC,NSE,2026-08-26,2026-08-27,2026-08-27,LONG,88.5,86.2875,92.925,86.2875,STOP_LOSS,1,-2.500000000000006,-2.650000000000006,NEUTRAL,63.50996576888337,NMDC.NS
LONG_RSI_ZONE,NMDC,NSE,2024-11-06,2024-11-07,2024-11-08,LONG,80.66666412353516,78.64999752044677,84.69999732971192,78.64999752044677,STOP_LOSS,2,-2.5000000000000036,-2.6500000000000035,NEUTRAL,63.50834047613503,NMDC.NS
LONG_RSI_ZONE,NMDC,NSE,2024-12-03,2024-12-04,2024-12-10,LONG,78.8499984741211,76.87874851226806,82.79249839782715,82.79249839782715,TARGET,5,4.9999999999999964,4.849999999999996,NEUTRAL,60.535459031144605,NMDC.NS
LONG_RSI_ZONE,NMDC,NSE,2024-12-19,2024-12-20,2024-12-30,SHORT,71.5,73.2875,67.925,67.925,TARGET,6,5.0000000000000036,4.850000000000003,NEUTRAL,33.686462530431655,NMDC.NS
LONG_RSI_ZONE,NMDC,NSE,2025-04-08,2025-04-09,2025-04-11,SHORT,61.56999969482422,63.10924968719482,58.491499710083005,63.10924968719482,STOP_LOSS,2,-2.4999999999999907,-2.6499999999999906,NEUTRAL,36.95568031839282,NMDC.NS
LONG_RSI_ZONE,NMDC,NSE,2025-05-14,2025-05-15,2025-05-27,LONG,70.04000091552734,68.28900089263915,73.54200096130371,73.54200096130371,TARGET,9,5.0000000000000036,4.850000000000003,NEUTRAL,60.83446417753281,NMDC.NS
LONG_RSI_ZONE,NMDC,NSE,2025-07-21,2025-07-22,2025-08-05,LONG,72.0,70.2,75.60000000000001,71.91999816894531,TIME_EXIT,11,-0.11111365424262153,-0.2611136542426215,BULL,62.10340407207728,NMDC.NS
LONG_RSI_ZONE,NMDC,NSE,2025-09-03,2025-09-04,2025-09-04,LONG,74.9000015258789,73.02750148773193,78.64500160217285,73.02750148773193,STOP_LOSS,1,-2.500000000000011,-2.650000000000011,NEUTRAL,63.278885418800044,NMDC.NS
LONG_RSI_ZONE,NMDC,NSE,2025-09-05,2025-09-08,2025-09-22,LONG,75.0999984741211,73.22249851226806,78.85499839782715,76.86000061035156,TIME_EXIT,11,2.3435448362052265,2.1935448362052266,NEUTRAL,62.55134060137676,NMDC.NS
LONG_RSI_ZONE,NMDC,NSE,2025-11-24,2025-11-25,2025-11-26,SHORT,72.56999969482422,74.38424968719482,68.94149971008301,74.38424968719482,STOP_LOSS,2,-2.5,-2.65,BULL,36.63695304978135,NMDC.NS
LONG_RSI_ZONE,NMDC,NSE,2026-02-04,2026-02-05,2026-02-05,LONG,86.12999725341797,83.97674732208252,90.43649711608887,83.97674732208252,STOP_LOSS,1,-2.500000000000003,-2.650000000000003,NEUTRAL,61.13538545628976,NMDC.NS
LONG_RSI_ZONE,NMDC,NSE,2026-04-09,2026-04-10,2026-04-17,LONG,85.0,82.875,89.25,89.25,TARGET,5,5.0,4.85,BEAR,62.54791570132592,NMDC.NS
LONG_RSI_ZONE,NMDC,NSE,2026-08-26,2026-08-27,2026-08-27,LONG,88.5,86.2875,92.925,86.2875,STOP_LOSS,1,-2.500000000000006,-2.650000000000006,NEUTRAL,63.50996576888337,NMDC.NS
SHORT_RSI_ZONE,NMDC,NSE,2024-11-06,2024-11-07,2024-11-08,LONG,80.66666412353516,78.64999752044677,84.69999732971192,78.64999752044677,STOP_LOSS,2,-2.5000000000000036,-2.6500000000000035,NEUTRAL,63.50834047613503,NMDC.NS
SHORT_RSI_ZONE,NMDC,NSE,2024-12-03,2024-12-04,2024-12-10,LONG,78.8499984741211,76.87874851226806,82.79249839782715,82.79249839782715,TARGET,5,4.9999999999999964,4.849999999999996,NEUTRAL,60.535459031144605,NMDC.NS
SHORT_RSI_ZONE,NMDC,NSE,2024-12-19,2024-12-20,2024-12-30,SHORT,71.5,73.2875,67.925,67.925,TARGET,6,5.0000000000000036,4.850000000000003,NEUTRAL,33.686462530431655,NMDC.NS
SHORT_RSI_ZONE,NMDC,NSE,2025-04-08,2025-04-09,2025-04-11,SHORT,61.56999969482422,63.10924968719482,58.491499710083005,63.10924968719482,STOP_LOSS,2,-2.4999999999999907,-2.6499999999999906,NEUTRAL,36.95568031839282,NMDC.NS
SHORT_RSI_ZONE,NMDC,NSE,2025-05-14,2025-05-15,2025-05-27,LONG,70.04000091552734,68.28900089263915,73.54200096130371,73.54200096130371,TARGET,9,5.0000000000000036,4.850000000000003,NEUTRAL,60.83446417753281,NMDC.NS
SHORT_RSI_ZONE,NMDC,NSE,2025-07-21,2025-07-22,2025-08-05,LONG,72.0,70.2,75.60000000000001,71.91999816894531,TIME_EXIT,11,-0.11111365424262153,-0.2611136542426215,BULL,62.10340407207728,NMDC.NS
SHORT_RSI_ZONE,NMDC,NSE,2025-09-03,2025-09-04,2025-09-04,LONG,74.9000015258789,73.02750148773193,78.64500160217285,73.02750148773193,STOP_LOSS,1,-2.500000000000011,-2.650000000000011,NEUTRAL,63.278885418800044,NMDC.NS
SHORT_RSI_ZONE,NMDC,NSE,2025-09-05,2025-09-08,2025-09-22,LONG,75.0999984741211,73.22249851226806,78.85499839782715,76.86000061035156,TIME_EXIT,11,2.3435448362052265,2.1935448362052266,NEUTRAL,62.55134060137676,NMDC.NS
SHORT_RSI_ZONE,NMDC,NSE,2025-11-24,2025-11-25,2025-11-26,SHORT,72.56999969482422,74.38424968719482,68.94149971008301,74.38424968719482,STOP_LOSS,2,-2.5,-2.65,BULL,36.63695304978135,NMDC.NS
SHORT_RSI_ZONE,NMDC,NSE,2026-02-04,2026-02-05,2026-02-05,LONG,86.12999725341797,83.97674732208252,90.43649711608887,83.97674732208252,STOP_LOSS,1,-2.500000000000003,-2.650000000000003,NEUTRAL,61.13538545628976,NMDC.NS
SHORT_RSI_ZONE,NMDC,NSE,2026-04-09,2026-04-10,2026-04-17,LONG,85.0,82.875,89.25,89.25,TARGET,5,5.0,4.85,BEAR,62.54791570132592,NMDC.NS
SHORT_RSI_ZONE,NMDC,NSE,2026-08-26,2026-08-27,2026-08-27,LONG,88.5,86.2875,92.925,86.2875,STOP_LOSS,1,-2.500000000000006,-2.650000000000006,NEUTRAL,63.50996576888337,NMDC.NS
BOTH_RSI_ZONE,NMDC,NSE,2024-11-06,2024-11-07,2024-11-08,LONG,80.66666412353516,78.64999752044677,84.69999732971192,78.64999752044677,STOP_LOSS,2,-2.5000000000000036,-2.6500000000000035,NEUTRAL,63.50834047613503,NMDC.NS
BOTH_RSI_ZONE,NMDC,NSE,2024-12-03,2024-12-04,2024-12-10,LONG,78.8499984741211,76.87874851226806,82.79249839782715,82.79249839782715,TARGET,5,4.9999999999999964,4.849999999999996,NEUTRAL,60.535459031144605,NMDC.NS
BOTH_RSI_ZONE,NMDC,NSE,2024-12-19,2024-12-20,2024-12-30,SHORT,71.5,73.2875,67.925,67.925,TARGET,6,5.0000000000000036,4.850000000000003,NEUTRAL,33.686462530431655,NMDC.NS
BOTH_RSI_ZONE,NMDC,NSE,2025-04-08,2025-04-09,2025-04-11,SHORT,61.56999969482422,63.10924968719482,58.491499710083005,63.10924968719482,STOP_LOSS,2,-2.4999999999999907,-2.6499999999999906,NEUTRAL,36.95568031839282,NMDC.NS
BOTH_RSI_ZONE,NMDC,NSE,2025-05-14,2025-05-15,2025-05-27,LONG,70.04000091552734,68.28900089263915,73.54200096130371,73.54200096130371,TARGET,9,5.0000000000000036,4.850000000000003,NEUTRAL,60.83446417753281,NMDC.NS
BOTH_RSI_ZONE,NMDC,NSE,2025-07-21,2025-07-22,2025-08-05,LONG,72.0,70.2,75.60000000000001,71.91999816894531,TIME_EXIT,11,-0.11111365424262153,-0.2611136542426215,BULL,62.10340407207728,NMDC.NS
BOTH_RSI_ZONE,NMDC,NSE,2025-09-03,2025-09-04,2025-09-04,LONG,74.9000015258789,73.02750148773193,78.64500160217285,73.02750148773193,STOP_LOSS,1,-2.500000000000011,-2.650000000000011,NEUTRAL,63.278885418800044,NMDC.NS
BOTH_RSI_ZONE,NMDC,NSE,2025-09-05,2025-09-08,2025-09-22,LONG,75.0999984741211,73.22249851226806,78.85499839782715,76.86000061035156,TIME_EXIT,11,2.3435448362052265,2.1935448362052266,NEUTRAL,62.55134060137676,NMDC.NS
BOTH_RSI_ZONE,NMDC,NSE,2025-11-24,2025-11-25,2025-11-26,SHORT,72.56999969482422,74.38424968719482,68.94149971008301,74.38424968719482,STOP_LOSS,2,-2.5,-2.65,BULL,36.63695304978135,NMDC.NS
BOTH_RSI_ZONE,NMDC,NSE,2026-02-04,2026-02-05,2026-02-05,LONG,86.12999725341797,83.97674732208252,90.43649711608887,83.97674732208252,STOP_LOSS,1,-2.500000000000003,-2.650000000000003,NEUTRAL,61.13538545628976,NMDC.NS
BOTH_RSI_ZONE,NMDC,NSE,2026-04-09,2026-04-10,2026-04-17,LONG,85.0,82.875,89.25,89.25,TARGET,5,5.0,4.85,BEAR,62.54791570132592,NMDC.NS
BOTH_RSI_ZONE,NMDC,NSE,2026-08-26,2026-08-27,2026-08-27,LONG,88.5,86.2875,92.925,86.2875,STOP_LOSS,1,-2.500000000000006,-2.650000000000006,NEUTRAL,63.50996576888337,NMDC.NS
LONG_RSI_ZONE_NO_NEUTRAL,NMDC,NSE,2025-07-21,2025-07-22,2025-08-05,LONG,72.0,70.2,75.60000000000001,71.91999816894531,TIME_EXIT,11,-0.11111365424262153,-0.2611136542426215,BULL,62.10340407207728,NMDC.NS
LONG_RSI_ZONE_NO_NEUTRAL,NMDC,NSE,2025-11-24,2025-11-25,2025-11-26,SHORT,72.56999969482422,74.38424968719482,68.94149971008301,74.38424968719482,STOP_LOSS,2,-2.5,-2.65,BULL,36.63695304978135,NMDC.NS
LONG_RSI_ZONE_NO_NEUTRAL,NMDC,NSE,2026-04-09,2026-04-10,2026-04-17,LONG,85.0,82.875,89.25,89.25,TARGET,5,5.0,4.85,BEAR,62.54791570132592,NMDC.NS
LONG_RSI_ZONE_BEAR_ONLY,NMDC,NSE,2026-04-09,2026-04-10,2026-04-17,LONG,85.0,82.875,89.25,89.25,TARGET,5,5.0,4.85,BEAR,62.54791570132592,NMDC.NS
CURRENT,HFCL,NSE,2024-12-17,2024-12-18,2024-12-20,SHORT,121.36000061035156,124.39400062561035,115.29200057983398,115.29200057983398,TARGET,3,5.000000000000003,4.850000000000002,NEUTRAL,38.3285547330725,HFCL.NS
CURRENT,HFCL,NSE,2025-05-15,2025-05-16,2025-05-16,LONG,90.8000030517578,88.53000297546384,95.34000320434569,88.53000297546384,STOP_LOSS,1,-2.5000000000000098,-2.6500000000000097,NEUTRAL,63.69123123590299,HFCL.NS
CURRENT,HFCL,NSE,2025-06-19,2025-06-20,2025-06-20,SHORT,79.37000274658203,81.35425281524658,75.40150260925293,81.35425281524658,STOP_LOSS,1,-2.5,-2.65,NEUTRAL,35.51628471384001,HFCL.NS
CURRENT,HFCL,NSE,2026-01-13,2026-01-14,2026-01-14,SHORT,62.68000030517578,64.24700031280517,59.54600028991699,64.24700031280517,STOP_LOSS,1,-2.4999999999999907,-2.6499999999999906,BULL,39.19569007274631,HFCL.NS
CURRENT,HFCL,NSE,2026-03-12,2026-03-13,2026-03-13,LONG,76.0,74.1,79.8,74.1,STOP_LOSS,1,-2.5000000000000075,-2.6500000000000075,BEAR,62.74916016341111,HFCL.NS
LONG_RSI_ZONE,HFCL,NSE,2024-12-17,2024-12-18,2024-12-20,SHORT,121.36000061035156,124.39400062561035,115.29200057983398,115.29200057983398,TARGET,3,5.000000000000003,4.850000000000002,NEUTRAL,38.3285547330725,HFCL.NS
LONG_RSI_ZONE,HFCL,NSE,2025-05-15,2025-05-16,2025-05-16,LONG,90.8000030517578,88.53000297546384,95.34000320434569,88.53000297546384,STOP_LOSS,1,-2.5000000000000098,-2.6500000000000097,NEUTRAL,63.69123123590299,HFCL.NS
LONG_RSI_ZONE,HFCL,NSE,2025-06-19,2025-06-20,2025-06-20,SHORT,79.37000274658203,81.35425281524658,75.40150260925293,81.35425281524658,STOP_LOSS,1,-2.5,-2.65,NEUTRAL,35.51628471384001,HFCL.NS
LONG_RSI_ZONE,HFCL,NSE,2026-01-13,2026-01-14,2026-01-14,SHORT,62.68000030517578,64.24700031280517,59.54600028991699,64.24700031280517,STOP_LOSS,1,-2.4999999999999907,-2.6499999999999906,BULL,39.19569007274631,HFCL.NS
LONG_RSI_ZONE,HFCL,NSE,2026-03-12,2026-03-13,2026-03-13,LONG,76.0,74.1,79.8,74.1,STOP_LOSS,1,-2.5000000000000075,-2.6500000000000075,BEAR,62.74916016341111,HFCL.NS
SHORT_RSI_ZONE,HFCL,NSE,2024-12-17,2024-12-18,2024-12-20,SHORT,121.36000061035156,124.39400062561035,115.29200057983398,115.29200057983398,TARGET,3,5.000000000000003,4.850000000000002,NEUTRAL,38.3285547330725,HFCL.NS
SHORT_RSI_ZONE,HFCL,NSE,2025-05-15,2025-05-16,2025-05-16,LONG,90.8000030517578,88.53000297546384,95.34000320434569,88.53000297546384,STOP_LOSS,1,-2.5000000000000098,-2.6500000000000097,NEUTRAL,63.69123123590299,HFCL.NS
SHORT_RSI_ZONE,HFCL,NSE,2025-06-19,2025-06-20,2025-06-20,SHORT,79.37000274658203,81.35425281524658,75.40150260925293,81.35425281524658,STOP_LOSS,1,-2.5,-2.65,NEUTRAL,35.51628471384001,HFCL.NS
SHORT_RSI_ZONE,HFCL,NSE,2026-01-13,2026-01-14,2026-01-14,SHORT,62.68000030517578,64.24700031280517,59.54600028991699,64.24700031280517,STOP_LOSS,1,-2.4999999999999907,-2.6499999999999906,BULL,39.19569007274631,HFCL.NS
SHORT_RSI_ZONE,HFCL,NSE,2026-03-12,2026-03-13,2026-03-13,LONG,76.0,74.1,79.8,74.1,STOP_LOSS,1,-2.5000000000000075,-2.6500000000000075,BEAR,62.74916016341111,HFCL.NS
BOTH_RSI_ZONE,HFCL,NSE,2024-12-17,2024-12-18,2024-12-20,SHORT,121.36000061035156,124.39400062561035,115.29200057983398,115.29200057983398,TARGET,3,5.000000000000003,4.850000000000002,NEUTRAL,38.3285547330725,HFCL.NS
BOTH_RSI_ZONE,HFCL,NSE,2025-05-15,2025-05-16,2025-05-16,LONG,90.8000030517578,88.53000297546384,95.34000320434569,88.53000297546384,STOP_LOSS,1,-2.5000000000000098,-2.6500000000000097,NEUTRAL,63.69123123590299,HFCL.NS
BOTH_RSI_ZONE,HFCL,NSE,2025-06-19,2025-06-20,2025-06-20,SHORT,79.37000274658203,81.35425281524658,75.40150260925293,81.35425281524658,STOP_LOSS,1,-2.5,-2.65,NEUTRAL,35.51628471384001,HFCL.NS
BOTH_RSI_ZONE,HFCL,NSE,2026-01-13,2026-01-14,2026-01-14,SHORT,62.68000030517578,64.24700031280517,59.54600028991699,64.24700031280517,STOP_LOSS,1,-2.4999999999999907,-2.6499999999999906,BULL,39.19569007274631,HFCL.NS
BOTH_RSI_ZONE,HFCL,NSE,2026-03-12,2026-03-13,2026-03-13,LONG,76.0,74.1,79.8,74.1,STOP_LOSS,1,-2.5000000000000075,-2.6500000000000075,BEAR,62.74916016341111,HFCL.NS
LONG_RSI_ZONE_NO_NEUTRAL,HFCL,NSE,2026-01-13,2026-01-14,2026-01-14,SHORT,62.68000030517578,64.24700031280517,59.54600028991699,64.24700031280517,STOP_LOSS,1,-2.4999999999999907,-2.6499999999999906,BULL,39.19569007274631,HFCL.NS
LONG_RSI_ZONE_NO_NEUTRAL,HFCL,NSE,2026-03-12,2026-03-13,2026-03-13,LONG,76.0,74.1,79.8,74.1,STOP_LOSS,1,-2.5000000000000075,-2.6500000000000075,BEAR,62.74916016341111,HFCL.NS
LONG_RSI_ZONE_BEAR_ONLY,HFCL,NSE,2026-03-12,2026-03-13,2026-03-13,LONG,76.0,74.1,79.8,74.1,STOP_LOSS,1,-2.5000000000000075,-2.6500000000000075,BEAR,62.74916016341111,HFCL.NS
CURRENT,VMM,NSE,2025-02-17,2025-02-18,2025-02-28,SHORT,103.8000030517578,106.39500312805174,98.6100028991699,98.6100028991699,TARGET,8,5.000000000000009,4.8500000000000085,NEUTRAL,37.244274348284954,VMM.NS
CURRENT,VMM,NSE,2026-01-06,2026-01-07,2026-01-20,SHORT,131.0,134.27499999999998,124.44999999999999,124.44999999999999,TARGET,10,5.000000000000009,4.8500000000000085,BULL,38.50585482319012,VMM.NS
CURRENT,VMM,NSE,2026-03-04,2026-03-05,2026-03-09,SHORT,113.0,115.82499999999999,107.35,107.35,TARGET,3,5.000000000000005,4.850000000000005,BEAR,34.476339460752556,VMM.NS
LONG_RSI_ZONE,VMM,NSE,2025-02-17,2025-02-18,2025-02-28,SHORT,103.8000030517578,106.39500312805174,98.6100028991699,98.6100028991699,TARGET,8,5.000000000000009,4.8500000000000085,NEUTRAL,37.244274348284954,VMM.NS
LONG_RSI_ZONE,VMM,NSE,2026-01-06,2026-01-07,2026-01-20,SHORT,131.0,134.27499999999998,124.44999999999999,124.44999999999999,TARGET,10,5.000000000000009,4.8500000000000085,BULL,38.50585482319012,VMM.NS
LONG_RSI_ZONE,VMM,NSE,2026-03-04,2026-03-05,2026-03-09,SHORT,113.0,115.82499999999999,107.35,107.35,TARGET,3,5.000000000000005,4.850000000000005,BEAR,34.476339460752556,VMM.NS
SHORT_RSI_ZONE,VMM,NSE,2025-02-17,2025-02-18,2025-02-28,SHORT,103.8000030517578,106.39500312805174,98.6100028991699,98.6100028991699,TARGET,8,5.000000000000009,4.8500000000000085,NEUTRAL,37.244274348284954,VMM.NS
SHORT_RSI_ZONE,VMM,NSE,2026-01-06,2026-01-07,2026-01-20,SHORT,131.0,134.27499999999998,124.44999999999999,124.44999999999999,TARGET,10,5.000000000000009,4.8500000000000085,BULL,38.50585482319012,VMM.NS
SHORT_RSI_ZONE,VMM,NSE,2026-03-04,2026-03-05,2026-03-09,SHORT,113.0,115.82499999999999,107.35,107.35,TARGET,3,5.000000000000005,4.850000000000005,BEAR,34.476339460752556,VMM.NS
BOTH_RSI_ZONE,VMM,NSE,2025-02-17,2025-02-18,2025-02-28,SHORT,103.8000030517578,106.39500312805174,98.6100028991699,98.6100028991699,TARGET,8,5.000000000000009,4.8500000000000085,NEUTRAL,37.244274348284954,VMM.NS
BOTH_RSI_ZONE,VMM,NSE,2026-01-06,2026-01-07,2026-01-20,SHORT,131.0,134.27499999999998,124.44999999999999,124.44999999999999,TARGET,10,5.000000000000009,4.8500000000000085,BULL,38.50585482319012,VMM.NS
BOTH_RSI_ZONE,VMM,NSE,2026-03-04,2026-03-05,2026-03-09,SHORT,113.0,115.82499999999999,107.35,107.35,TARGET,3,5.000000000000005,4.850000000000005,BEAR,34.476339460752556,VMM.NS
LONG_RSI_ZONE_NO_NEUTRAL,VMM,NSE,2026-01-06,2026-01-07,2026-01-20,SHORT,131.0,134.27499999999998,124.44999999999999,124.44999999999999,TARGET,10,5.000000000000009,4.8500000000000085,BULL,38.50585482319012,VMM.NS
LONG_RSI_ZONE_NO_NEUTRAL,VMM,NSE,2026-03-04,2026-03-05,2026-03-09,SHORT,113.0,115.82499999999999,107.35,107.35,TARGET,3,5.000000000000005,4.850000000000005,BEAR,34.476339460752556,VMM.NS
LONG_RSI_ZONE_BEAR_ONLY,VMM,NSE,2026-03-04,2026-03-05,2026-03-09,SHORT,113.0,115.82499999999999,107.35,107.35,TARGET,3,5.000000000000005,4.850000000000005,BEAR,34.476339460752556,VMM.NS
CURRENT,HINDCOPPER,NSE,2024-12-20,2024-12-23,2024-12-24,SHORT,271.6499938964844,278.44124374389645,258.06749420166017,278.44124374389645,STOP_LOSS,2,-2.499999999999987,-2.649999999999987,NEUTRAL,36.30366784676285,HINDCOPPER.NS
CURRENT,HINDCOPPER,NSE,2024-12-26,2024-12-27,2024-12-30,SHORT,265.0,271.625,251.75,251.75,TARGET,2,5.0,4.85,NEUTRAL,35.09828628277879,HINDCOPPER.NS
CURRENT,HINDCOPPER,NSE,2025-04-04,2025-04-07,2025-04-07,SHORT,183.82000732421875,188.4155075073242,174.6290069580078,188.4155075073242,STOP_LOSS,1,-2.499999999999994,-2.6499999999999937,NEUTRAL,36.42714237220594,HINDCOPPER.NS
CURRENT,HINDCOPPER,NSE,2025-12-04,2025-12-05,2025-12-09,LONG,362.8999938964844,353.82749404907224,381.0449935913086,353.82749404907224,STOP_LOSS,3,-2.500000000000006,-2.650000000000006,BULL,66.51460933936539,HINDCOPPER.NS
LONG_RSI_ZONE,HINDCOPPER,NSE,2024-12-20,2024-12-23,2024-12-24,SHORT,271.6499938964844,278.44124374389645,258.06749420166017,278.44124374389645,STOP_LOSS,2,-2.499999999999987,-2.649999999999987,NEUTRAL,36.30366784676285,HINDCOPPER.NS
LONG_RSI_ZONE,HINDCOPPER,NSE,2024-12-26,2024-12-27,2024-12-30,SHORT,265.0,271.625,251.75,251.75,TARGET,2,5.0,4.85,NEUTRAL,35.09828628277879,HINDCOPPER.NS
LONG_RSI_ZONE,HINDCOPPER,NSE,2025-04-04,2025-04-07,2025-04-07,SHORT,183.82000732421875,188.4155075073242,174.6290069580078,188.4155075073242,STOP_LOSS,1,-2.499999999999994,-2.6499999999999937,NEUTRAL,36.42714237220594,HINDCOPPER.NS
SHORT_RSI_ZONE,HINDCOPPER,NSE,2024-12-20,2024-12-23,2024-12-24,SHORT,271.6499938964844,278.44124374389645,258.06749420166017,278.44124374389645,STOP_LOSS,2,-2.499999999999987,-2.649999999999987,NEUTRAL,36.30366784676285,HINDCOPPER.NS
SHORT_RSI_ZONE,HINDCOPPER,NSE,2024-12-26,2024-12-27,2024-12-30,SHORT,265.0,271.625,251.75,251.75,TARGET,2,5.0,4.85,NEUTRAL,35.09828628277879,HINDCOPPER.NS
SHORT_RSI_ZONE,HINDCOPPER,NSE,2025-04-04,2025-04-07,2025-04-07,SHORT,183.82000732421875,188.4155075073242,174.6290069580078,188.4155075073242,STOP_LOSS,1,-2.499999999999994,-2.6499999999999937,NEUTRAL,36.42714237220594,HINDCOPPER.NS
SHORT_RSI_ZONE,HINDCOPPER,NSE,2025-04-08,2025-04-09,2025-04-09,SHORT,190.0,194.74999999999997,180.5,194.74999999999997,STOP_LOSS,1,-2.499999999999985,-2.649999999999985,NEUTRAL,33.24025669626016,HINDCOPPER.NS
SHORT_RSI_ZONE,HINDCOPPER,NSE,2025-12-04,2025-12-05,2025-12-09,LONG,362.8999938964844,353.82749404907224,381.0449935913086,353.82749404907224,STOP_LOSS,3,-2.500000000000006,-2.650000000000006,BULL,66.51460933936539,HINDCOPPER.NS
BOTH_RSI_ZONE,HINDCOPPER,NSE,2024-12-20,2024-12-23,2024-12-24,SHORT,271.6499938964844,278.44124374389645,258.06749420166017,278.44124374389645,STOP_LOSS,2,-2.499999999999987,-2.649999999999987,NEUTRAL,36.30366784676285,HINDCOPPER.NS
BOTH_RSI_ZONE,HINDCOPPER,NSE,2024-12-26,2024-12-27,2024-12-30,SHORT,265.0,271.625,251.75,251.75,TARGET,2,5.0,4.85,NEUTRAL,35.09828628277879,HINDCOPPER.NS
BOTH_RSI_ZONE,HINDCOPPER,NSE,2025-04-04,2025-04-07,2025-04-07,SHORT,183.82000732421875,188.4155075073242,174.6290069580078,188.4155075073242,STOP_LOSS,1,-2.499999999999994,-2.6499999999999937,NEUTRAL,36.42714237220594,HINDCOPPER.NS
BOTH_RSI_ZONE,HINDCOPPER,NSE,2025-04-08,2025-04-09,2025-04-09,SHORT,190.0,194.74999999999997,180.5,194.74999999999997,STOP_LOSS,1,-2.499999999999985,-2.649999999999985,NEUTRAL,33.24025669626016,HINDCOPPER.NS
CURRENT,MAHABANK,NSE,2024-11-14,2024-11-18,2024-11-18,SHORT,50.5,51.762499999999996,47.974999999999994,51.762499999999996,STOP_LOSS,1,-2.4999999999999916,-2.6499999999999915,NEUTRAL,37.08638019962896,MAHABANK.NS
CURRENT,MAHABANK,NSE,2025-04-21,2025-04-22,2025-04-23,LONG,51.59999847412109,50.30999851226806,54.17999839782714,50.30999851226806,STOP_LOSS,2,-2.5000000000000004,-2.6500000000000004,NEUTRAL,64.74339711902243,MAHABANK.NS
CURRENT,MAHABANK,NSE,2025-11-19,2025-11-20,2025-11-20,LONG,61.400001525878906,59.86500148773193,64.47000160217286,59.86500148773193,STOP_LOSS,1,-2.5000000000000044,-2.6500000000000044,BULL,60.535007284015585,MAHABANK.NS
LONG_RSI_ZONE,MAHABANK,NSE,2024-11-14,2024-11-18,2024-11-18,SHORT,50.5,51.762499999999996,47.974999999999994,51.762499999999996,STOP_LOSS,1,-2.4999999999999916,-2.6499999999999915,NEUTRAL,37.08638019962896,MAHABANK.NS
LONG_RSI_ZONE,MAHABANK,NSE,2025-04-21,2025-04-22,2025-04-23,LONG,51.59999847412109,50.30999851226806,54.17999839782714,50.30999851226806,STOP_LOSS,2,-2.5000000000000004,-2.6500000000000004,NEUTRAL,64.74339711902243,MAHABANK.NS
LONG_RSI_ZONE,MAHABANK,NSE,2025-11-19,2025-11-20,2025-11-20,LONG,61.400001525878906,59.86500148773193,64.47000160217286,59.86500148773193,STOP_LOSS,1,-2.5000000000000044,-2.6500000000000044,BULL,60.535007284015585,MAHABANK.NS
SHORT_RSI_ZONE,MAHABANK,NSE,2024-11-14,2024-11-18,2024-11-18,SHORT,50.5,51.762499999999996,47.974999999999994,51.762499999999996,STOP_LOSS,1,-2.4999999999999916,-2.6499999999999915,NEUTRAL,37.08638019962896,MAHABANK.NS
SHORT_RSI_ZONE,MAHABANK,NSE,2025-04-21,2025-04-22,2025-04-23,LONG,51.59999847412109,50.30999851226806,54.17999839782714,50.30999851226806,STOP_LOSS,2,-2.5000000000000004,-2.6500000000000004,NEUTRAL,64.74339711902243,MAHABANK.NS
SHORT_RSI_ZONE,MAHABANK,NSE,2025-11-19,2025-11-20,2025-11-20,LONG,61.400001525878906,59.86500148773193,64.47000160217286,59.86500148773193,STOP_LOSS,1,-2.5000000000000044,-2.6500000000000044,BULL,60.535007284015585,MAHABANK.NS
BOTH_RSI_ZONE,MAHABANK,NSE,2024-11-14,2024-11-18,2024-11-18,SHORT,50.5,51.762499999999996,47.974999999999994,51.762499999999996,STOP_LOSS,1,-2.4999999999999916,-2.6499999999999915,NEUTRAL,37.08638019962896,MAHABANK.NS
BOTH_RSI_ZONE,MAHABANK,NSE,2025-04-21,2025-04-22,2025-04-23,LONG,51.59999847412109,50.30999851226806,54.17999839782714,50.30999851226806,STOP_LOSS,2,-2.5000000000000004,-2.6500000000000004,NEUTRAL,64.74339711902243,MAHABANK.NS
BOTH_RSI_ZONE,MAHABANK,NSE,2025-11-19,2025-11-20,2025-11-20,LONG,61.400001525878906,59.86500148773193,64.47000160217286,59.86500148773193,STOP_LOSS,1,-2.5000000000000044,-2.6500000000000044,BULL,60.535007284015585,MAHABANK.NS
LONG_RSI_ZONE_NO_NEUTRAL,MAHABANK,NSE,2025-11-19,2025-11-20,2025-11-20,LONG,61.400001525878906,59.86500148773193,64.47000160217286,59.86500148773193,STOP_LOSS,1,-2.5000000000000044,-2.6500000000000044,BULL,60.535007284015585,MAHABANK.NS
CURRENT,ASHOKLEY,NSE,2024-12-20,2024-12-23,2024-12-27,SHORT,108.6750030517578,111.39187812805173,103.24125289916991,111.39187812805173,STOP_LOSS,4,-2.499999999999987,-2.649999999999987,NEUTRAL,37.69829923185375,ASHOKLEY.NS
CURRENT,ASHOKLEY,NSE,2025-01-03,2025-01-06,2025-01-06,LONG,117.0,114.075,122.85000000000001,114.075,STOP_LOSS,1,-2.499999999999998,-2.6499999999999977,NEUTRAL,60.155851449532214,ASHOKLEY.NS
CURRENT,ASHOKLEY,NSE,2025-01-09,2025-01-10,2025-01-13,SHORT,107.19499969482422,109.87487468719482,101.835249710083,101.835249710083,TARGET,2,5.000000000000003,4.850000000000002,NEUTRAL,38.88965884914965,ASHOKLEY.NS
CURRENT,ASHOKLEY,NSE,2025-04-17,2025-04-21,2025-04-23,LONG,109.72000122070312,106.97700119018555,115.20600128173828,115.20600128173828,TARGET,3,5.0,4.85,NEUTRAL,60.05780577970414,ASHOKLEY.NS
CURRENT,ASHOKLEY,NSE,2025-06-25,2025-06-26,2025-07-10,LONG,122.3499984741211,119.29124851226807,128.46749839782714,124.9000015258789,TIME_EXIT,11,2.0841872362566294,1.9341872362566295,BULL,63.91337257450532,ASHOKLEY.NS
CURRENT,ASHOKLEY,NSE,2025-08-18,2025-08-19,2025-08-19,LONG,131.75999450683594,128.46599464416502,138.34799423217774,128.46599464416502,STOP_LOSS,1,-2.500000000000013,-2.650000000000013,NEUTRAL,67.73652616489227,ASHOKLEY.NS
CURRENT,ASHOKLEY,NSE,2026-04-30,2026-05-01,2026-05-06,SHORT,162.08999633789062,166.14224624633786,153.9854965209961,166.14224624633786,STOP_LOSS,4,-2.4999999999999822,-2.649999999999982,BEAR,39.65832691890841,ASHOKLEY.NS
CURRENT,ASHOKLEY,NSE,2026-07-31,2026-08-03,2026-08-05,LONG,169.27999877929688,165.04799880981446,177.74399871826174,177.74399871826174,TARGET,3,5.00000000000001,4.850000000000009,NEUTRAL,64.9161932996646,ASHOKLEY.NS
LONG_RSI_ZONE,ASHOKLEY,NSE,2024-12-20,2024-12-23,2024-12-27,SHORT,108.6750030517578,111.39187812805173,103.24125289916991,111.39187812805173,STOP_LOSS,4,-2.499999999999987,-2.649999999999987,NEUTRAL,37.69829923185375,ASHOKLEY.NS
LONG_RSI_ZONE,ASHOKLEY,NSE,2025-01-03,2025-01-06,2025-01-06,LONG,117.0,114.075,122.85000000000001,114.075,STOP_LOSS,1,-2.499999999999998,-2.6499999999999977,NEUTRAL,60.155851449532214,ASHOKLEY.NS
LONG_RSI_ZONE,ASHOKLEY,NSE,2025-01-09,2025-01-10,2025-01-13,SHORT,107.19499969482422,109.87487468719482,101.835249710083,101.835249710083,TARGET,2,5.000000000000003,4.850000000000002,NEUTRAL,38.88965884914965,ASHOKLEY.NS
LONG_RSI_ZONE,ASHOKLEY,NSE,2025-04-17,2025-04-21,2025-04-23,LONG,109.72000122070312,106.97700119018555,115.20600128173828,115.20600128173828,TARGET,3,5.0,4.85,NEUTRAL,60.05780577970414,ASHOKLEY.NS
LONG_RSI_ZONE,ASHOKLEY,NSE,2025-06-25,2025-06-26,2025-07-10,LONG,122.3499984741211,119.29124851226807,128.46749839782714,124.9000015258789,TIME_EXIT,11,2.0841872362566294,1.9341872362566295,BULL,63.91337257450532,ASHOKLEY.NS
LONG_RSI_ZONE,ASHOKLEY,NSE,2025-08-21,2025-08-22,2025-08-29,LONG,131.00999450683594,127.73474464416503,137.56049423217775,127.73474464416503,STOP_LOSS,5,-2.5000000000000044,-2.6500000000000044,NEUTRAL,63.61554494026923,ASHOKLEY.NS
LONG_RSI_ZONE,ASHOKLEY,NSE,2026-04-30,2026-05-01,2026-05-06,SHORT,162.08999633789062,166.14224624633786,153.9854965209961,166.14224624633786,STOP_LOSS,4,-2.4999999999999822,-2.649999999999982,BEAR,39.65832691890841,ASHOKLEY.NS
LONG_RSI_ZONE,ASHOKLEY,NSE,2026-07-31,2026-08-03,2026-08-05,LONG,169.27999877929688,165.04799880981446,177.74399871826174,177.74399871826174,TARGET,3,5.00000000000001,4.850000000000009,NEUTRAL,64.9161932996646,ASHOKLEY.NS
SHORT_RSI_ZONE,ASHOKLEY,NSE,2024-12-20,2024-12-23,2024-12-27,SHORT,108.6750030517578,111.39187812805173,103.24125289916991,111.39187812805173,STOP_LOSS,4,-2.499999999999987,-2.649999999999987,NEUTRAL,37.69829923185375,ASHOKLEY.NS
SHORT_RSI_ZONE,ASHOKLEY,NSE,2025-01-03,2025-01-06,2025-01-06,LONG,117.0,114.075,122.85000000000001,114.075,STOP_LOSS,1,-2.499999999999998,-2.6499999999999977,NEUTRAL,60.155851449532214,ASHOKLEY.NS
SHORT_RSI_ZONE,ASHOKLEY,NSE,2025-01-09,2025-01-10,2025-01-13,SHORT,107.19499969482422,109.87487468719482,101.835249710083,101.835249710083,TARGET,2,5.000000000000003,4.850000000000002,NEUTRAL,38.88965884914965,ASHOKLEY.NS
SHORT_RSI_ZONE,ASHOKLEY,NSE,2025-04-17,2025-04-21,2025-04-23,LONG,109.72000122070312,106.97700119018555,115.20600128173828,115.20600128173828,TARGET,3,5.0,4.85,NEUTRAL,60.05780577970414,ASHOKLEY.NS
SHORT_RSI_ZONE,ASHOKLEY,NSE,2025-06-25,2025-06-26,2025-07-10,LONG,122.3499984741211,119.29124851226807,128.46749839782714,124.9000015258789,TIME_EXIT,11,2.0841872362566294,1.9341872362566295,BULL,63.91337257450532,ASHOKLEY.NS
SHORT_RSI_ZONE,ASHOKLEY,NSE,2025-08-18,2025-08-19,2025-08-19,LONG,131.75999450683594,128.46599464416502,138.34799423217774,128.46599464416502,STOP_LOSS,1,-2.500000000000013,-2.650000000000013,NEUTRAL,67.73652616489227,ASHOKLEY.NS
SHORT_RSI_ZONE,ASHOKLEY,NSE,2026-04-30,2026-05-01,2026-05-06,SHORT,162.08999633789062,166.14224624633786,153.9854965209961,166.14224624633786,STOP_LOSS,4,-2.4999999999999822,-2.649999999999982,BEAR,39.65832691890841,ASHOKLEY.NS
SHORT_RSI_ZONE,ASHOKLEY,NSE,2026-07-31,2026-08-03,2026-08-05,LONG,169.27999877929688,165.04799880981446,177.74399871826174,177.74399871826174,TARGET,3,5.00000000000001,4.850000000000009,NEUTRAL,64.9161932996646,ASHOKLEY.NS
BOTH_RSI_ZONE,ASHOKLEY,NSE,2024-12-20,2024-12-23,2024-12-27,SHORT,108.6750030517578,111.39187812805173,103.24125289916991,111.39187812805173,STOP_LOSS,4,-2.499999999999987,-2.649999999999987,NEUTRAL,37.69829923185375,ASHOKLEY.NS
BOTH_RSI_ZONE,ASHOKLEY,NSE,2025-01-03,2025-01-06,2025-01-06,LONG,117.0,114.075,122.85000000000001,114.075,STOP_LOSS,1,-2.499999999999998,-2.6499999999999977,NEUTRAL,60.155851449532214,ASHOKLEY.NS
BOTH_RSI_ZONE,ASHOKLEY,NSE,2025-01-09,2025-01-10,2025-01-13,SHORT,107.19499969482422,109.87487468719482,101.835249710083,101.835249710083,TARGET,2,5.000000000000003,4.850000000000002,NEUTRAL,38.88965884914965,ASHOKLEY.NS
BOTH_RSI_ZONE,ASHOKLEY,NSE,2025-04-17,2025-04-21,2025-04-23,LONG,109.72000122070312,106.97700119018555,115.20600128173828,115.20600128173828,TARGET,3,5.0,4.85,NEUTRAL,60.05780577970414,ASHOKLEY.NS
BOTH_RSI_ZONE,ASHOKLEY,NSE,2025-06-25,2025-06-26,2025-07-10,LONG,122.3499984741211,119.29124851226807,128.46749839782714,124.9000015258789,TIME_EXIT,11,2.0841872362566294,1.9341872362566295,BULL,63.91337257450532,ASHOKLEY.NS
BOTH_RSI_ZONE,ASHOKLEY,NSE,2025-08-21,2025-08-22,2025-08-29,LONG,131.00999450683594,127.73474464416503,137.56049423217775,127.73474464416503,STOP_LOSS,5,-2.5000000000000044,-2.6500000000000044,NEUTRAL,63.61554494026923,ASHOKLEY.NS
BOTH_RSI_ZONE,ASHOKLEY,NSE,2026-04-30,2026-05-01,2026-05-06,SHORT,162.08999633789062,166.14224624633786,153.9854965209961,166.14224624633786,STOP_LOSS,4,-2.4999999999999822,-2.649999999999982,BEAR,39.65832691890841,ASHOKLEY.NS
BOTH_RSI_ZONE,ASHOKLEY,NSE,2026-07-31,2026-08-03,2026-08-05,LONG,169.27999877929688,165.04799880981446,177.74399871826174,177.74399871826174,TARGET,3,5.00000000000001,4.850000000000009,NEUTRAL,64.9161932996646,ASHOKLEY.NS
LONG_RSI_ZONE_NO_NEUTRAL,ASHOKLEY,NSE,2025-06-25,2025-06-26,2025-07-10,LONG,122.3499984741211,119.29124851226807,128.46749839782714,124.9000015258789,TIME_EXIT,11,2.0841872362566294,1.9341872362566295,BULL,63.91337257450532,ASHOKLEY.NS
LONG_RSI_ZONE_NO_NEUTRAL,ASHOKLEY,NSE,2026-04-30,2026-05-01,2026-05-06,SHORT,162.08999633789062,166.14224624633786,153.9854965209961,166.14224624633786,STOP_LOSS,4,-2.4999999999999822,-2.649999999999982,BEAR,39.65832691890841,ASHOKLEY.NS
LONG_RSI_ZONE_BEAR_ONLY,ASHOKLEY,NSE,2026-04-30,2026-05-01,2026-05-06,SHORT,162.08999633789062,166.14224624633786,153.9854965209961,166.14224624633786,STOP_LOSS,4,-2.4999999999999822,-2.649999999999982,BEAR,39.65832691890841,ASHOKLEY.NS
CURRENT,URBANCO,NSE,2026-01-20,2026-01-21,2026-01-21,SHORT,125.0,128.125,118.75,128.125,STOP_LOSS,1,-2.5,-2.65,BEAR,38.29011595145822,URBANCO.NS
CURRENT,URBANCO,NSE,2026-08-03,2026-08-04,2026-08-04,LONG,148.47000122070312,144.75825119018555,155.89350128173828,144.75825119018555,STOP_LOSS,1,-2.5,-2.65,BULL,69.6744617336248,URBANCO.NS
LONG_RSI_ZONE,URBANCO,NSE,2026-01-20,2026-01-21,2026-01-21,SHORT,125.0,128.125,118.75,128.125,STOP_LOSS,1,-2.5,-2.65,BEAR,38.29011595145822,URBANCO.NS
LONG_RSI_ZONE,URBANCO,NSE,2026-08-04,2026-08-05,2026-08-10,LONG,142.0,138.45,149.1,138.45,STOP_LOSS,4,-2.500000000000008,-2.650000000000008,BULL,62.15091476948854,URBANCO.NS
SHORT_RSI_ZONE,URBANCO,NSE,2026-01-20,2026-01-21,2026-01-21,SHORT,125.0,128.125,118.75,128.125,STOP_LOSS,1,-2.5,-2.65,BEAR,38.29011595145822,URBANCO.NS
SHORT_RSI_ZONE,URBANCO,NSE,2026-08-03,2026-08-04,2026-08-04,LONG,148.47000122070312,144.75825119018555,155.89350128173828,144.75825119018555,STOP_LOSS,1,-2.5,-2.65,BULL,69.6744617336248,URBANCO.NS
BOTH_RSI_ZONE,URBANCO,NSE,2026-01-20,2026-01-21,2026-01-21,SHORT,125.0,128.125,118.75,128.125,STOP_LOSS,1,-2.5,-2.65,BEAR,38.29011595145822,URBANCO.NS
BOTH_RSI_ZONE,URBANCO,NSE,2026-08-04,2026-08-05,2026-08-10,LONG,142.0,138.45,149.1,138.45,STOP_LOSS,4,-2.500000000000008,-2.650000000000008,BULL,62.15091476948854,URBANCO.NS
LONG_RSI_ZONE_NO_NEUTRAL,URBANCO,NSE,2026-01-20,2026-01-21,2026-01-21,SHORT,125.0,128.125,118.75,128.125,STOP_LOSS,1,-2.5,-2.65,BEAR,38.29011595145822,URBANCO.NS
LONG_RSI_ZONE_NO_NEUTRAL,URBANCO,NSE,2026-08-04,2026-08-05,2026-08-10,LONG,142.0,138.45,149.1,138.45,STOP_LOSS,4,-2.500000000000008,-2.650000000000008,BULL,62.15091476948854,URBANCO.NS
LONG_RSI_ZONE_BEAR_ONLY,URBANCO,NSE,2026-01-20,2026-01-21,2026-01-21,SHORT,125.0,128.125,118.75,128.125,STOP_LOSS,1,-2.5,-2.65,BEAR,38.29011595145822,URBANCO.NS
CURRENT,INOXWIND,NSE,2024-11-12,2024-11-13,2024-11-13,SHORT,200.0,204.99999999999997,190.0,190.0,TARGET,1,5.0,4.85,NEUTRAL,38.09543795024485,INOXWIND.NS
CURRENT,INOXWIND,NSE,2024-12-18,2024-12-19,2024-12-20,SHORT,185.1000061035156,189.72750625610348,175.8450057983398,189.72750625610348,STOP_LOSS,2,-2.4999999999999973,-2.6499999999999972,NEUTRAL,38.146704013553276,INOXWIND.NS
CURRENT,INOXWIND,NSE,2025-02-28,2025-03-03,2025-03-03,SHORT,151.39999389648438,155.18499374389648,143.82999420166016,143.82999420166016,TARGET,1,5.0,4.85,NEUTRAL,37.03277549706662,INOXWIND.NS
CURRENT,INOXWIND,NSE,2025-04-23,2025-04-24,2025-04-25,LONG,175.0,170.625,183.75,170.625,STOP_LOSS,2,-2.5,-2.65,NEUTRAL,60.833336820266034,INOXWIND.NS
CURRENT,INOXWIND,NSE,2025-05-19,2025-05-20,2025-05-20,LONG,187.0,182.325,196.35,182.325,STOP_LOSS,1,-2.500000000000006,-2.650000000000006,NEUTRAL,63.04734000908442,INOXWIND.NS
CURRENT,INOXWIND,NSE,2025-07-15,2025-07-16,2025-07-25,SHORT,165.6999969482422,169.8424968719482,157.41499710083008,157.41499710083008,TARGET,8,5.0,4.85,BULL,35.332803533669804,INOXWIND.NS
CURRENT,INOXWIND,NSE,2025-09-25,2025-09-26,2025-10-09,SHORT,141.1999969482422,144.72999687194823,134.13999710083007,144.72999687194823,STOP_LOSS,9,-2.499999999999992,-2.649999999999992,BULL,37.64340809627121,INOXWIND.NS
LONG_RSI_ZONE,INOXWIND,NSE,2024-11-12,2024-11-13,2024-11-13,SHORT,200.0,204.99999999999997,190.0,190.0,TARGET,1,5.0,4.85,NEUTRAL,38.09543795024485,INOXWIND.NS
LONG_RSI_ZONE,INOXWIND,NSE,2024-12-18,2024-12-19,2024-12-20,SHORT,185.1000061035156,189.72750625610348,175.8450057983398,189.72750625610348,STOP_LOSS,2,-2.4999999999999973,-2.6499999999999972,NEUTRAL,38.146704013553276,INOXWIND.NS
LONG_RSI_ZONE,INOXWIND,NSE,2025-02-28,2025-03-03,2025-03-03,SHORT,151.39999389648438,155.18499374389648,143.82999420166016,143.82999420166016,TARGET,1,5.0,4.85,NEUTRAL,37.03277549706662,INOXWIND.NS
LONG_RSI_ZONE,INOXWIND,NSE,2025-04-23,2025-04-24,2025-04-25,LONG,175.0,170.625,183.75,170.625,STOP_LOSS,2,-2.5,-2.65,NEUTRAL,60.833336820266034,INOXWIND.NS
LONG_RSI_ZONE,INOXWIND,NSE,2025-05-19,2025-05-20,2025-05-20,LONG,187.0,182.325,196.35,182.325,STOP_LOSS,1,-2.500000000000006,-2.650000000000006,NEUTRAL,63.04734000908442,INOXWIND.NS
LONG_RSI_ZONE,INOXWIND,NSE,2025-07-15,2025-07-16,2025-07-25,SHORT,165.6999969482422,169.8424968719482,157.41499710083008,157.41499710083008,TARGET,8,5.0,4.85,BULL,35.332803533669804,INOXWIND.NS
LONG_RSI_ZONE,INOXWIND,NSE,2025-09-25,2025-09-26,2025-10-09,SHORT,141.1999969482422,144.72999687194823,134.13999710083007,144.72999687194823,STOP_LOSS,9,-2.499999999999992,-2.649999999999992,BULL,37.64340809627121,INOXWIND.NS
SHORT_RSI_ZONE,INOXWIND,NSE,2024-11-12,2024-11-13,2024-11-13,SHORT,200.0,204.99999999999997,190.0,190.0,TARGET,1,5.0,4.85,NEUTRAL,38.09543795024485,INOXWIND.NS
SHORT_RSI_ZONE,INOXWIND,NSE,2024-12-18,2024-12-19,2024-12-20,SHORT,185.1000061035156,189.72750625610348,175.8450057983398,189.72750625610348,STOP_LOSS,2,-2.4999999999999973,-2.6499999999999972,NEUTRAL,38.146704013553276,INOXWIND.NS
SHORT_RSI_ZONE,INOXWIND,NSE,2025-02-28,2025-03-03,2025-03-03,SHORT,151.39999389648438,155.18499374389648,143.82999420166016,143.82999420166016,TARGET,1,5.0,4.85,NEUTRAL,37.03277549706662,INOXWIND.NS
SHORT_RSI_ZONE,INOXWIND,NSE,2025-04-23,2025-04-24,2025-04-25,LONG,175.0,170.625,183.75,170.625,STOP_LOSS,2,-2.5,-2.65,NEUTRAL,60.833336820266034,INOXWIND.NS
SHORT_RSI_ZONE,INOXWIND,NSE,2025-05-19,2025-05-20,2025-05-20,LONG,187.0,182.325,196.35,182.325,STOP_LOSS,1,-2.500000000000006,-2.650000000000006,NEUTRAL,63.04734000908442,INOXWIND.NS
SHORT_RSI_ZONE,INOXWIND,NSE,2025-07-15,2025-07-16,2025-07-25,SHORT,165.6999969482422,169.8424968719482,157.41499710083008,157.41499710083008,TARGET,8,5.0,4.85,BULL,35.332803533669804,INOXWIND.NS
SHORT_RSI_ZONE,INOXWIND,NSE,2025-09-25,2025-09-26,2025-10-09,SHORT,141.1999969482422,144.72999687194823,134.13999710083007,144.72999687194823,STOP_LOSS,9,-2.499999999999992,-2.649999999999992,BULL,37.64340809627121,INOXWIND.NS
BOTH_RSI_ZONE,INOXWIND,NSE,2024-11-12,2024-11-13,2024-11-13,SHORT,200.0,204.99999999999997,190.0,190.0,TARGET,1,5.0,4.85,NEUTRAL,38.09543795024485,INOXWIND.NS
BOTH_RSI_ZONE,INOXWIND,NSE,2024-12-18,2024-12-19,2024-12-20,SHORT,185.1000061035156,189.72750625610348,175.8450057983398,189.72750625610348,STOP_LOSS,2,-2.4999999999999973,-2.6499999999999972,NEUTRAL,38.146704013553276,INOXWIND.NS
BOTH_RSI_ZONE,INOXWIND,NSE,2025-02-28,2025-03-03,2025-03-03,SHORT,151.39999389648438,155.18499374389648,143.82999420166016,143.82999420166016,TARGET,1,5.0,4.85,NEUTRAL,37.03277549706662,INOXWIND.NS
BOTH_RSI_ZONE,INOXWIND,NSE,2025-04-23,2025-04-24,2025-04-25,LONG,175.0,170.625,183.75,170.625,STOP_LOSS,2,-2.5,-2.65,NEUTRAL,60.833336820266034,INOXWIND.NS
BOTH_RSI_ZONE,INOXWIND,NSE,2025-05-19,2025-05-20,2025-05-20,LONG,187.0,182.325,196.35,182.325,STOP_LOSS,1,-2.500000000000006,-2.650000000000006,NEUTRAL,63.04734000908442,INOXWIND.NS
BOTH_RSI_ZONE,INOXWIND,NSE,2025-07-15,2025-07-16,2025-07-25,SHORT,165.6999969482422,169.8424968719482,157.41499710083008,157.41499710083008,TARGET,8,5.0,4.85,BULL,35.332803533669804,INOXWIND.NS
BOTH_RSI_ZONE,INOXWIND,NSE,2025-09-25,2025-09-26,2025-10-09,SHORT,141.1999969482422,144.72999687194823,134.13999710083007,144.72999687194823,STOP_LOSS,9,-2.499999999999992,-2.649999999999992,BULL,37.64340809627121,INOXWIND.NS
LONG_RSI_ZONE_NO_NEUTRAL,INOXWIND,NSE,2025-07-15,2025-07-16,2025-07-25,SHORT,165.6999969482422,169.8424968719482,157.41499710083008,157.41499710083008,TARGET,8,5.0,4.85,BULL,35.332803533669804,INOXWIND.NS
LONG_RSI_ZONE_NO_NEUTRAL,INOXWIND,NSE,2025-09-25,2025-09-26,2025-10-09,SHORT,141.1999969482422,144.72999687194823,134.13999710083007,144.72999687194823,STOP_LOSS,9,-2.499999999999992,-2.649999999999992,BULL,37.64340809627121,INOXWIND.NS
CURRENT,FCL,NSE,2025-05-13,2025-05-14,2025-05-21,LONG,25.944000244140625,25.295400238037107,27.241200256347657,25.295400238037107,STOP_LOSS,6,-2.500000000000008,-2.650000000000008,NEUTRAL,60.17432015636492,FCL.NS
CURRENT,FCL,NSE,2025-10-24,2025-10-27,2025-10-27,LONG,25.799999237060547,25.154999256134033,27.089999198913574,25.154999256134033,STOP_LOSS,1,-2.5,-2.65,BULL,62.80721502706401,FCL.NS
CURRENT,FCL,NSE,2026-03-04,2026-03-05,2026-03-09,SHORT,22.270000457763672,22.826750469207763,21.156500434875486,21.156500434875486,TARGET,3,5.000000000000009,4.8500000000000085,BEAR,36.189547171639795,FCL.NS
CURRENT,FCL,NSE,2026-07-23,2026-07-24,2026-07-24,LONG,43.400001525878906,42.315001487731934,45.57000160217285,42.315001487731934,STOP_LOSS,1,-2.5,-2.65,NEUTRAL,60.93870815992368,FCL.NS
CURRENT,FCL,NSE,2026-08-10,2026-08-11,2026-08-11,LONG,43.34999847412109,42.26624851226806,45.51749839782714,42.26624851226806,STOP_LOSS,1,-2.500000000000007,-2.650000000000007,BULL,60.463423734491414,FCL.NS
LONG_RSI_ZONE,FCL,NSE,2025-05-13,2025-05-14,2025-05-21,LONG,25.944000244140625,25.295400238037107,27.241200256347657,25.295400238037107,STOP_LOSS,6,-2.500000000000008,-2.650000000000008,NEUTRAL,60.17432015636492,FCL.NS
LONG_RSI_ZONE,FCL,NSE,2025-10-24,2025-10-27,2025-10-27,LONG,25.799999237060547,25.154999256134033,27.089999198913574,25.154999256134033,STOP_LOSS,1,-2.5,-2.65,BULL,62.80721502706401,FCL.NS
LONG_RSI_ZONE,FCL,NSE,2026-03-04,2026-03-05,2026-03-09,SHORT,22.270000457763672,22.826750469207763,21.156500434875486,21.156500434875486,TARGET,3,5.000000000000009,4.8500000000000085,BEAR,36.189547171639795,FCL.NS
LONG_RSI_ZONE,FCL,NSE,2026-07-23,2026-07-24,2026-07-24,LONG,43.400001525878906,42.315001487731934,45.57000160217285,42.315001487731934,STOP_LOSS,1,-2.5,-2.65,NEUTRAL,60.93870815992368,FCL.NS
LONG_RSI_ZONE,FCL,NSE,2026-08-10,2026-08-11,2026-08-11,LONG,43.34999847412109,42.26624851226806,45.51749839782714,42.26624851226806,STOP_LOSS,1,-2.500000000000007,-2.650000000000007,BULL,60.463423734491414,FCL.NS
SHORT_RSI_ZONE,FCL,NSE,2025-05-13,2025-05-14,2025-05-21,LONG,25.944000244140625,25.295400238037107,27.241200256347657,25.295400238037107,STOP_LOSS,6,-2.500000000000008,-2.650000000000008,NEUTRAL,60.17432015636492,FCL.NS
SHORT_RSI_ZONE,FCL,NSE,2025-10-24,2025-10-27,2025-10-27,LONG,25.799999237060547,25.154999256134033,27.089999198913574,25.154999256134033,STOP_LOSS,1,-2.5,-2.65,BULL,62.80721502706401,FCL.NS
SHORT_RSI_ZONE,FCL,NSE,2026-03-04,2026-03-05,2026-03-09,SHORT,22.270000457763672,22.826750469207763,21.156500434875486,21.156500434875486,TARGET,3,5.000000000000009,4.8500000000000085,BEAR,36.189547171639795,FCL.NS
SHORT_RSI_ZONE,FCL,NSE,2026-07-23,2026-07-24,2026-07-24,LONG,43.400001525878906,42.315001487731934,45.57000160217285,42.315001487731934,STOP_LOSS,1,-2.5,-2.65,NEUTRAL,60.93870815992368,FCL.NS
SHORT_RSI_ZONE,FCL,NSE,2026-08-10,2026-08-11,2026-08-11,LONG,43.34999847412109,42.26624851226806,45.51749839782714,42.26624851226806,STOP_LOSS,1,-2.500000000000007,-2.650000000000007,BULL,60.463423734491414,FCL.NS
BOTH_RSI_ZONE,FCL,NSE,2025-05-13,2025-05-14,2025-05-21,LONG,25.944000244140625,25.295400238037107,27.241200256347657,25.295400238037107,STOP_LOSS,6,-2.500000000000008,-2.650000000000008,NEUTRAL,60.17432015636492,FCL.NS
BOTH_RSI_ZONE,FCL,NSE,2025-10-24,2025-10-27,2025-10-27,LONG,25.799999237060547,25.154999256134033,27.089999198913574,25.154999256134033,STOP_LOSS,1,-2.5,-2.65,BULL,62.80721502706401,FCL.NS
BOTH_RSI_ZONE,FCL,NSE,2026-03-04,2026-03-05,2026-03-09,SHORT,22.270000457763672,22.826750469207763,21.156500434875486,21.156500434875486,TARGET,3,5.000000000000009,4.8500000000000085,BEAR,36.189547171639795,FCL.NS
BOTH_RSI_ZONE,FCL,NSE,2026-07-23,2026-07-24,2026-07-24,LONG,43.400001525878906,42.315001487731934,45.57000160217285,42.315001487731934,STOP_LOSS,1,-2.5,-2.65,NEUTRAL,60.93870815992368,FCL.NS
BOTH_RSI_ZONE,FCL,NSE,2026-08-10,2026-08-11,2026-08-11,LONG,43.34999847412109,42.26624851226806,45.51749839782714,42.26624851226806,STOP_LOSS,1,-2.500000000000007,-2.650000000000007,BULL,60.463423734491414,FCL.NS
LONG_RSI_ZONE_NO_NEUTRAL,FCL,NSE,2025-10-24,2025-10-27,2025-10-27,LONG,25.799999237060547,25.154999256134033,27.089999198913574,25.154999256134033,STOP_LOSS,1,-2.5,-2.65,BULL,62.80721502706401,FCL.NS
LONG_RSI_ZONE_NO_NEUTRAL,FCL,NSE,2026-03-04,2026-03-05,2026-03-09,SHORT,22.270000457763672,22.826750469207763,21.156500434875486,21.156500434875486,TARGET,3,5.000000000000009,4.8500000000000085,BEAR,36.189547171639795,FCL.NS
LONG_RSI_ZONE_NO_NEUTRAL,FCL,NSE,2026-08-10,2026-08-11,2026-08-11,LONG,43.34999847412109,42.26624851226806,45.51749839782714,42.26624851226806,STOP_LOSS,1,-2.500000000000007,-2.650000000000007,BULL,60.463423734491414,FCL.NS
LONG_RSI_ZONE_BEAR_ONLY,FCL,NSE,2026-03-04,2026-03-05,2026-03-09,SHORT,22.270000457763672,22.826750469207763,21.156500434875486,21.156500434875486,TARGET,3,5.000000000000009,4.8500000000000085,BEAR,36.189547171639795,FCL.NS
CURRENT,UJJIVANSFB,NSE,2024-12-23,2024-12-24,2024-12-26,SHORT,33.5,34.3375,31.825,34.3375,STOP_LOSS,2,-2.4999999999999956,-2.6499999999999955,NEUTRAL,35.42559852782621,UJJIVANSFB.NS
CURRENT,UJJIVANSFB,NSE,2025-02-01,2025-02-03,2025-02-05,LONG,35.93000030517578,35.03175029754639,37.726500320434575,37.726500320434575,TARGET,3,5.000000000000012,4.850000000000012,NEUTRAL,62.67198454359463,UJJIVANSFB.NS
CURRENT,UJJIVANSFB,NSE,2025-02-17,2025-02-18,2025-02-21,SHORT,32.150001525878906,32.95375156402588,30.54250144958496,32.95375156402588,STOP_LOSS,4,-2.5,-2.65,NEUTRAL,37.58891514030187,UJJIVANSFB.NS
CURRENT,UJJIVANSFB,NSE,2025-10-01,2025-10-03,2025-10-17,LONG,48.22999954223633,47.02424955368042,50.641499519348145,48.720001220703125,TIME_EXIT,11,1.015968656681593,0.8659686566815931,BULL,64.88678221458184,UJJIVANSFB.NS
CURRENT,UJJIVANSFB,NSE,2026-01-02,2026-01-05,2026-01-08,LONG,57.0,55.574999999999996,59.85,59.85,TARGET,4,5.000000000000003,4.850000000000002,BULL,62.196512058679026,UJJIVANSFB.NS
CURRENT,UJJIVANSFB,NSE,2026-05-04,2026-05-05,2026-05-08,LONG,61.400001525878906,59.86500148773193,64.47000160217286,64.47000160217286,TARGET,4,5.000000000000009,4.8500000000000085,BEAR,62.25876011139191,UJJIVANSFB.NS
CURRENT,UJJIVANSFB,NSE,2026-05-18,2026-05-19,2026-05-26,SHORT,54.5,55.8625,51.775,55.8625,STOP_LOSS,6,-2.499999999999995,-2.649999999999995,BEAR,37.505556628372815,UJJIVANSFB.NS
LONG_RSI_ZONE,UJJIVANSFB,NSE,2024-12-23,2024-12-24,2024-12-26,SHORT,33.5,34.3375,31.825,34.3375,STOP_LOSS,2,-2.4999999999999956,-2.6499999999999955,NEUTRAL,35.42559852782621,UJJIVANSFB.NS
LONG_RSI_ZONE,UJJIVANSFB,NSE,2025-02-01,2025-02-03,2025-02-05,LONG,35.93000030517578,35.03175029754639,37.726500320434575,37.726500320434575,TARGET,3,5.000000000000012,4.850000000000012,NEUTRAL,62.67198454359463,UJJIVANSFB.NS
LONG_RSI_ZONE,UJJIVANSFB,NSE,2025-02-17,2025-02-18,2025-02-21,SHORT,32.150001525878906,32.95375156402588,30.54250144958496,32.95375156402588,STOP_LOSS,4,-2.5,-2.65,NEUTRAL,37.58891514030187,UJJIVANSFB.NS
LONG_RSI_ZONE,UJJIVANSFB,NSE,2025-10-01,2025-10-03,2025-10-17,LONG,48.22999954223633,47.02424955368042,50.641499519348145,48.720001220703125,TIME_EXIT,11,1.015968656681593,0.8659686566815931,BULL,64.88678221458184,UJJIVANSFB.NS
LONG_RSI_ZONE,UJJIVANSFB,NSE,2026-01-02,2026-01-05,2026-01-08,LONG,57.0,55.574999999999996,59.85,59.85,TARGET,4,5.000000000000003,4.850000000000002,BULL,62.196512058679026,UJJIVANSFB.NS
LONG_RSI_ZONE,UJJIVANSFB,NSE,2026-05-04,2026-05-05,2026-05-08,LONG,61.400001525878906,59.86500148773193,64.47000160217286,64.47000160217286,TARGET,4,5.000000000000009,4.8500000000000085,BEAR,62.25876011139191,UJJIVANSFB.NS
LONG_RSI_ZONE,UJJIVANSFB,NSE,2026-05-18,2026-05-19,2026-05-26,SHORT,54.5,55.8625,51.775,55.8625,STOP_LOSS,6,-2.499999999999995,-2.649999999999995,BEAR,37.505556628372815,UJJIVANSFB.NS
SHORT_RSI_ZONE,UJJIVANSFB,NSE,2024-12-23,2024-12-24,2024-12-26,SHORT,33.5,34.3375,31.825,34.3375,STOP_LOSS,2,-2.4999999999999956,-2.6499999999999955,NEUTRAL,35.42559852782621,UJJIVANSFB.NS
SHORT_RSI_ZONE,UJJIVANSFB,NSE,2025-02-01,2025-02-03,2025-02-05,LONG,35.93000030517578,35.03175029754639,37.726500320434575,37.726500320434575,TARGET,3,5.000000000000012,4.850000000000012,NEUTRAL,62.67198454359463,UJJIVANSFB.NS
SHORT_RSI_ZONE,UJJIVANSFB,NSE,2025-02-17,2025-02-18,2025-02-21,SHORT,32.150001525878906,32.95375156402588,30.54250144958496,32.95375156402588,STOP_LOSS,4,-2.5,-2.65,NEUTRAL,37.58891514030187,UJJIVANSFB.NS
SHORT_RSI_ZONE,UJJIVANSFB,NSE,2025-10-01,2025-10-03,2025-10-17,LONG,48.22999954223633,47.02424955368042,50.641499519348145,48.720001220703125,TIME_EXIT,11,1.015968656681593,0.8659686566815931,BULL,64.88678221458184,UJJIVANSFB.NS
SHORT_RSI_ZONE,UJJIVANSFB,NSE,2026-01-02,2026-01-05,2026-01-08,LONG,57.0,55.574999999999996,59.85,59.85,TARGET,4,5.000000000000003,4.850000000000002,BULL,62.196512058679026,UJJIVANSFB.NS
SHORT_RSI_ZONE,UJJIVANSFB,NSE,2026-05-04,2026-05-05,2026-05-08,LONG,61.400001525878906,59.86500148773193,64.47000160217286,64.47000160217286,TARGET,4,5.000000000000009,4.8500000000000085,BEAR,62.25876011139191,UJJIVANSFB.NS
SHORT_RSI_ZONE,UJJIVANSFB,NSE,2026-05-18,2026-05-19,2026-05-26,SHORT,54.5,55.8625,51.775,55.8625,STOP_LOSS,6,-2.499999999999995,-2.649999999999995,BEAR,37.505556628372815,UJJIVANSFB.NS
BOTH_RSI_ZONE,UJJIVANSFB,NSE,2024-12-23,2024-12-24,2024-12-26,SHORT,33.5,34.3375,31.825,34.3375,STOP_LOSS,2,-2.4999999999999956,-2.6499999999999955,NEUTRAL,35.42559852782621,UJJIVANSFB.NS
BOTH_RSI_ZONE,UJJIVANSFB,NSE,2025-02-01,2025-02-03,2025-02-05,LONG,35.93000030517578,35.03175029754639,37.726500320434575,37.726500320434575,TARGET,3,5.000000000000012,4.850000000000012,NEUTRAL,62.67198454359463,UJJIVANSFB.NS
BOTH_RSI_ZONE,UJJIVANSFB,NSE,2025-02-17,2025-02-18,2025-02-21,SHORT,32.150001525878906,32.95375156402588,30.54250144958496,32.95375156402588,STOP_LOSS,4,-2.5,-2.65,NEUTRAL,37.58891514030187,UJJIVANSFB.NS
BOTH_RSI_ZONE,UJJIVANSFB,NSE,2025-10-01,2025-10-03,2025-10-17,LONG,48.22999954223633,47.02424955368042,50.641499519348145,48.720001220703125,TIME_EXIT,11,1.015968656681593,0.8659686566815931,BULL,64.88678221458184,UJJIVANSFB.NS
BOTH_RSI_ZONE,UJJIVANSFB,NSE,2026-01-02,2026-01-05,2026-01-08,LONG,57.0,55.574999999999996,59.85,59.85,TARGET,4,5.000000000000003,4.850000000000002,BULL,62.196512058679026,UJJIVANSFB.NS
BOTH_RSI_ZONE,UJJIVANSFB,NSE,2026-05-04,2026-05-05,2026-05-08,LONG,61.400001525878906,59.86500148773193,64.47000160217286,64.47000160217286,TARGET,4,5.000000000000009,4.8500000000000085,BEAR,62.25876011139191,UJJIVANSFB.NS
BOTH_RSI_ZONE,UJJIVANSFB,NSE,2026-05-18,2026-05-19,2026-05-26,SHORT,54.5,55.8625,51.775,55.8625,STOP_LOSS,6,-2.499999999999995,-2.649999999999995,BEAR,37.505556628372815,UJJIVANSFB.NS
LONG_RSI_ZONE_NO_NEUTRAL,UJJIVANSFB,NSE,2025-10-01,2025-10-03,2025-10-17,LONG,48.22999954223633,47.02424955368042,50.641499519348145,48.720001220703125,TIME_EXIT,11,1.015968656681593,0.8659686566815931,BULL,64.88678221458184,UJJIVANSFB.NS
LONG_RSI_ZONE_NO_NEUTRAL,UJJIVANSFB,NSE,2026-01-02,2026-01-05,2026-01-08,LONG,57.0,55.574999999999996,59.85,59.85,TARGET,4,5.000000000000003,4.850000000000002,BULL,62.196512058679026,UJJIVANSFB.NS
LONG_RSI_ZONE_NO_NEUTRAL,UJJIVANSFB,NSE,2026-05-04,2026-05-05,2026-05-08,LONG,61.400001525878906,59.86500148773193,64.47000160217286,64.47000160217286,TARGET,4,5.000000000000009,4.8500000000000085,BEAR,62.25876011139191,UJJIVANSFB.NS
LONG_RSI_ZONE_NO_NEUTRAL,UJJIVANSFB,NSE,2026-05-18,2026-05-19,2026-05-26,SHORT,54.5,55.8625,51.775,55.8625,STOP_LOSS,6,-2.499999999999995,-2.649999999999995,BEAR,37.505556628372815,UJJIVANSFB.NS
LONG_RSI_ZONE_BEAR_ONLY,UJJIVANSFB,NSE,2026-05-04,2026-05-05,2026-05-08,LONG,61.400001525878906,59.86500148773193,64.47000160217286,64.47000160217286,TARGET,4,5.000000000000009,4.8500000000000085,BEAR,62.25876011139191,UJJIVANSFB.NS
LONG_RSI_ZONE_BEAR_ONLY,UJJIVANSFB,NSE,2026-05-18,2026-05-19,2026-05-26,SHORT,54.5,55.8625,51.775,55.8625,STOP_LOSS,6,-2.499999999999995,-2.649999999999995,BEAR,37.505556628372815,UJJIVANSFB.NS
CURRENT,LENSKART,NSE,2026-04-10,2026-04-13,2026-04-15,LONG,530.0,516.75,556.5,556.5,TARGET,2,5.0,4.85,BEAR,64.80884687823495,LENSKART.NS
LONG_RSI_ZONE,LENSKART,NSE,2026-04-10,2026-04-13,2026-04-15,LONG,530.0,516.75,556.5,556.5,TARGET,2,5.0,4.85,BEAR,64.80884687823495,LENSKART.NS
SHORT_RSI_ZONE,LENSKART,NSE,2026-04-10,2026-04-13,2026-04-15,LONG,530.0,516.75,556.5,556.5,TARGET,2,5.0,4.85,BEAR,64.80884687823495,LENSKART.NS
BOTH_RSI_ZONE,LENSKART,NSE,2026-04-10,2026-04-13,2026-04-15,LONG,530.0,516.75,556.5,556.5,TARGET,2,5.0,4.85,BEAR,64.80884687823495,LENSKART.NS
LONG_RSI_ZONE_NO_NEUTRAL,LENSKART,NSE,2026-04-10,2026-04-13,2026-04-15,LONG,530.0,516.75,556.5,556.5,TARGET,2,5.0,4.85,BEAR,64.80884687823495,LENSKART.NS
LONG_RSI_ZONE_BEAR_ONLY,LENSKART,NSE,2026-04-10,2026-04-13,2026-04-15,LONG,530.0,516.75,556.5,556.5,TARGET,2,5.0,4.85,BEAR,64.80884687823495,LENSKART.NS
CURRENT,TFCILTD,NSE,2024-11-25,2024-11-26,2024-12-10,LONG,35.400001525878906,34.51500148773193,37.17000160217285,34.51500148773193,STOP_LOSS,11,-2.500000000000012,-2.650000000000012,NEUTRAL,67.91868615054814,TFCILTD.NS
CURRENT,TFCILTD,NSE,2025-01-14,2025-01-15,2025-01-22,SHORT,31.197999954223636,31.977949953079225,29.638099956512452,29.638099956512452,TARGET,6,5.000000000000009,4.8500000000000085,NEUTRAL,38.7955884246019,TFCILTD.NS
CURRENT,TFCILTD,NSE,2025-03-26,2025-03-27,2025-03-27,LONG,33.0,32.175,34.65,32.175,STOP_LOSS,1,-2.5000000000000084,-2.6500000000000083,NEUTRAL,69.44401135969775,TFCILTD.NS
CURRENT,TFCILTD,NSE,2025-12-04,2025-12-05,2025-12-09,SHORT,64.33999633789062,65.94849624633788,61.12299652099609,65.94849624633788,STOP_LOSS,3,-2.4999999999999867,-2.6499999999999866,BULL,38.95936935316479,TFCILTD.NS
CURRENT,TFCILTD,NSE,2026-01-02,2026-01-05,2026-01-05,SHORT,51.0,52.275,48.449999999999996,52.275,STOP_LOSS,1,-2.4999999999999973,-2.6499999999999972,BULL,32.39986303243171,TFCILTD.NS
CURRENT,TFCILTD,NSE,2026-07-15,2026-07-16,2026-07-20,LONG,83.94999694824219,81.85124702453614,88.1474967956543,81.85124702453614,STOP_LOSS,3,-2.4999999999999964,-2.6499999999999964,NEUTRAL,65.4532880203925,TFCILTD.NS
LONG_RSI_ZONE,TFCILTD,NSE,2025-01-14,2025-01-15,2025-01-22,SHORT,31.197999954223636,31.977949953079225,29.638099956512452,29.638099956512452,TARGET,6,5.000000000000009,4.8500000000000085,NEUTRAL,38.7955884246019,TFCILTD.NS
LONG_RSI_ZONE,TFCILTD,NSE,2025-12-04,2025-12-05,2025-12-09,SHORT,64.33999633789062,65.94849624633788,61.12299652099609,65.94849624633788,STOP_LOSS,3,-2.4999999999999867,-2.6499999999999866,BULL,38.95936935316479,TFCILTD.NS
LONG_RSI_ZONE,TFCILTD,NSE,2026-01-02,2026-01-05,2026-01-05,SHORT,51.0,52.275,48.449999999999996,52.275,STOP_LOSS,1,-2.4999999999999973,-2.6499999999999972,BULL,32.39986303243171,TFCILTD.NS
SHORT_RSI_ZONE,TFCILTD,NSE,2024-11-25,2024-11-26,2024-12-10,LONG,35.400001525878906,34.51500148773193,37.17000160217285,34.51500148773193,STOP_LOSS,11,-2.500000000000012,-2.650000000000012,NEUTRAL,67.91868615054814,TFCILTD.NS
SHORT_RSI_ZONE,TFCILTD,NSE,2025-01-14,2025-01-15,2025-01-22,SHORT,31.197999954223636,31.977949953079225,29.638099956512452,29.638099956512452,TARGET,6,5.000000000000009,4.8500000000000085,NEUTRAL,38.7955884246019,TFCILTD.NS
SHORT_RSI_ZONE,TFCILTD,NSE,2025-03-26,2025-03-27,2025-03-27,LONG,33.0,32.175,34.65,32.175,STOP_LOSS,1,-2.5000000000000084,-2.6500000000000083,NEUTRAL,69.44401135969775,TFCILTD.NS
SHORT_RSI_ZONE,TFCILTD,NSE,2025-12-04,2025-12-05,2025-12-09,SHORT,64.33999633789062,65.94849624633788,61.12299652099609,65.94849624633788,STOP_LOSS,3,-2.4999999999999867,-2.6499999999999866,BULL,38.95936935316479,TFCILTD.NS
SHORT_RSI_ZONE,TFCILTD,NSE,2026-01-02,2026-01-05,2026-01-05,SHORT,51.0,52.275,48.449999999999996,52.275,STOP_LOSS,1,-2.4999999999999973,-2.6499999999999972,BULL,32.39986303243171,TFCILTD.NS
SHORT_RSI_ZONE,TFCILTD,NSE,2026-07-15,2026-07-16,2026-07-20,LONG,83.94999694824219,81.85124702453614,88.1474967956543,81.85124702453614,STOP_LOSS,3,-2.4999999999999964,-2.6499999999999964,NEUTRAL,65.4532880203925,TFCILTD.NS
BOTH_RSI_ZONE,TFCILTD,NSE,2025-01-14,2025-01-15,2025-01-22,SHORT,31.197999954223636,31.977949953079225,29.638099956512452,29.638099956512452,TARGET,6,5.000000000000009,4.8500000000000085,NEUTRAL,38.7955884246019,TFCILTD.NS
BOTH_RSI_ZONE,TFCILTD,NSE,2025-12-04,2025-12-05,2025-12-09,SHORT,64.33999633789062,65.94849624633788,61.12299652099609,65.94849624633788,STOP_LOSS,3,-2.4999999999999867,-2.6499999999999866,BULL,38.95936935316479,TFCILTD.NS
BOTH_RSI_ZONE,TFCILTD,NSE,2026-01-02,2026-01-05,2026-01-05,SHORT,51.0,52.275,48.449999999999996,52.275,STOP_LOSS,1,-2.4999999999999973,-2.6499999999999972,BULL,32.39986303243171,TFCILTD.NS
LONG_RSI_ZONE_NO_NEUTRAL,TFCILTD,NSE,2025-12-04,2025-12-05,2025-12-09,SHORT,64.33999633789062,65.94849624633788,61.12299652099609,65.94849624633788,STOP_LOSS,3,-2.4999999999999867,-2.6499999999999866,BULL,38.95936935316479,TFCILTD.NS
LONG_RSI_ZONE_NO_NEUTRAL,TFCILTD,NSE,2026-01-02,2026-01-05,2026-01-05,SHORT,51.0,52.275,48.449999999999996,52.275,STOP_LOSS,1,-2.4999999999999973,-2.6499999999999972,BULL,32.39986303243171,TFCILTD.NS
CURRENT,ITC,NSE,2025-01-07,2025-01-08,2025-01-09,SHORT,443.0,454.075,420.84999999999997,454.075,STOP_LOSS,2,-2.4999999999999973,-2.6499999999999972,NEUTRAL,37.25042824164234,ITC.NS
CURRENT,ITC,NSE,2025-02-10,2025-02-11,2025-02-17,SHORT,428.7999877929688,439.519987487793,407.35998840332036,407.35998840332036,TARGET,5,5.000000000000002,4.850000000000001,NEUTRAL,37.85134076545186,ITC.NS
CURRENT,ITC,NSE,2025-07-24,2025-07-25,2025-08-04,SHORT,410.0,420.24999999999994,389.5,420.24999999999994,STOP_LOSS,7,-2.4999999999999862,-2.649999999999986,BULL,36.695910589558345,ITC.NS
CURRENT,ITC,NSE,2025-08-18,2025-08-19,2025-09-03,SHORT,406.3500061035156,416.5087562561035,386.0325057983398,411.75,TIME_EXIT,11,-1.3289021324903718,-1.4789021324903717,NEUTRAL,36.385106208202416,ITC.NS
CURRENT,ITC,NSE,2025-09-24,2025-09-25,2025-10-10,SHORT,401.4500122070313,411.4862625122071,381.3775115966797,402.7999877929688,TIME_EXIT,11,-0.33627488974674774,-0.4862748897467477,BULL,38.25992019263435,ITC.NS
CURRENT,ITC,NSE,2025-10-23,2025-10-24,2025-11-07,LONG,415.9500122070313,405.5512619018555,436.74751281738287,405.5512619018555,STOP_LOSS,10,-2.5,-2.65,BULL,63.19757296040662,ITC.NS
CURRENT,ITC,NSE,2026-01-01,2026-01-02,2026-01-06,SHORT,360.0,368.99999999999994,342.0,342.0,TARGET,3,5.0,4.85,BULL,19.004927953473896,ITC.NS
CURRENT,ITC,NSE,2026-08-12,2026-08-13,2026-08-27,SHORT,276.20001220703125,283.105012512207,262.3900115966797,269.0,TIME_EXIT,11,2.6068109662624983,2.4568109662624984,BULL,36.58206506877249,ITC.NS
LONG_RSI_ZONE,ITC,NSE,2025-01-07,2025-01-08,2025-01-09,SHORT,443.0,454.075,420.84999999999997,454.075,STOP_LOSS,2,-2.4999999999999973,-2.6499999999999972,NEUTRAL,37.25042824164234,ITC.NS
LONG_RSI_ZONE,ITC,NSE,2025-02-10,2025-02-11,2025-02-17,SHORT,428.7999877929688,439.519987487793,407.35998840332036,407.35998840332036,TARGET,5,5.000000000000002,4.850000000000001,NEUTRAL,37.85134076545186,ITC.NS
LONG_RSI_ZONE,ITC,NSE,2025-07-24,2025-07-25,2025-08-04,SHORT,410.0,420.24999999999994,389.5,420.24999999999994,STOP_LOSS,7,-2.4999999999999862,-2.649999999999986,BULL,36.695910589558345,ITC.NS
LONG_RSI_ZONE,ITC,NSE,2025-08-18,2025-08-19,2025-09-03,SHORT,406.3500061035156,416.5087562561035,386.0325057983398,411.75,TIME_EXIT,11,-1.3289021324903718,-1.4789021324903717,NEUTRAL,36.385106208202416,ITC.NS
LONG_RSI_ZONE,ITC,NSE,2025-09-24,2025-09-25,2025-10-10,SHORT,401.4500122070313,411.4862625122071,381.3775115966797,402.7999877929688,TIME_EXIT,11,-0.33627488974674774,-0.4862748897467477,BULL,38.25992019263435,ITC.NS
LONG_RSI_ZONE,ITC,NSE,2025-10-23,2025-10-24,2025-11-07,LONG,415.9500122070313,405.5512619018555,436.74751281738287,405.5512619018555,STOP_LOSS,10,-2.5,-2.65,BULL,63.19757296040662,ITC.NS
LONG_RSI_ZONE,ITC,NSE,2026-01-01,2026-01-02,2026-01-06,SHORT,360.0,368.99999999999994,342.0,342.0,TARGET,3,5.0,4.85,BULL,19.004927953473896,ITC.NS
LONG_RSI_ZONE,ITC,NSE,2026-08-12,2026-08-13,2026-08-27,SHORT,276.20001220703125,283.105012512207,262.3900115966797,269.0,TIME_EXIT,11,2.6068109662624983,2.4568109662624984,BULL,36.58206506877249,ITC.NS
SHORT_RSI_ZONE,ITC,NSE,2025-01-07,2025-01-08,2025-01-09,SHORT,443.0,454.075,420.84999999999997,454.075,STOP_LOSS,2,-2.4999999999999973,-2.6499999999999972,NEUTRAL,37.25042824164234,ITC.NS
SHORT_RSI_ZONE,ITC,NSE,2025-02-10,2025-02-11,2025-02-17,SHORT,428.7999877929688,439.519987487793,407.35998840332036,407.35998840332036,TARGET,5,5.000000000000002,4.850000000000001,NEUTRAL,37.85134076545186,ITC.NS
SHORT_RSI_ZONE,ITC,NSE,2025-07-24,2025-07-25,2025-08-04,SHORT,410.0,420.24999999999994,389.5,420.24999999999994,STOP_LOSS,7,-2.4999999999999862,-2.649999999999986,BULL,36.695910589558345,ITC.NS
SHORT_RSI_ZONE,ITC,NSE,2025-08-18,2025-08-19,2025-09-03,SHORT,406.3500061035156,416.5087562561035,386.0325057983398,411.75,TIME_EXIT,11,-1.3289021324903718,-1.4789021324903717,NEUTRAL,36.385106208202416,ITC.NS
SHORT_RSI_ZONE,ITC,NSE,2025-09-24,2025-09-25,2025-10-10,SHORT,401.4500122070313,411.4862625122071,381.3775115966797,402.7999877929688,TIME_EXIT,11,-0.33627488974674774,-0.4862748897467477,BULL,38.25992019263435,ITC.NS
SHORT_RSI_ZONE,ITC,NSE,2025-10-23,2025-10-24,2025-11-07,LONG,415.9500122070313,405.5512619018555,436.74751281738287,405.5512619018555,STOP_LOSS,10,-2.5,-2.65,BULL,63.19757296040662,ITC.NS
SHORT_RSI_ZONE,ITC,NSE,2026-08-12,2026-08-13,2026-08-27,SHORT,276.20001220703125,283.105012512207,262.3900115966797,269.0,TIME_EXIT,11,2.6068109662624983,2.4568109662624984,BULL,36.58206506877249,ITC.NS
BOTH_RSI_ZONE,ITC,NSE,2025-01-07,2025-01-08,2025-01-09,SHORT,443.0,454.075,420.84999999999997,454.075,STOP_LOSS,2,-2.4999999999999973,-2.6499999999999972,NEUTRAL,37.25042824164234,ITC.NS
BOTH_RSI_ZONE,ITC,NSE,2025-02-10,2025-02-11,2025-02-17,SHORT,428.7999877929688,439.519987487793,407.35998840332036,407.35998840332036,TARGET,5,5.000000000000002,4.850000000000001,NEUTRAL,37.85134076545186,ITC.NS
BOTH_RSI_ZONE,ITC,NSE,2025-07-24,2025-07-25,2025-08-04,SHORT,410.0,420.24999999999994,389.5,420.24999999999994,STOP_LOSS,7,-2.4999999999999862,-2.649999999999986,BULL,36.695910589558345,ITC.NS
BOTH_RSI_ZONE,ITC,NSE,2025-08-18,2025-08-19,2025-09-03,SHORT,406.3500061035156,416.5087562561035,386.0325057983398,411.75,TIME_EXIT,11,-1.3289021324903718,-1.4789021324903717,NEUTRAL,36.385106208202416,ITC.NS
BOTH_RSI_ZONE,ITC,NSE,2025-09-24,2025-09-25,2025-10-10,SHORT,401.4500122070313,411.4862625122071,381.3775115966797,402.7999877929688,TIME_EXIT,11,-0.33627488974674774,-0.4862748897467477,BULL,38.25992019263435,ITC.NS
BOTH_RSI_ZONE,ITC,NSE,2025-10-23,2025-10-24,2025-11-07,LONG,415.9500122070313,405.5512619018555,436.74751281738287,405.5512619018555,STOP_LOSS,10,-2.5,-2.65,BULL,63.19757296040662,ITC.NS
BOTH_RSI_ZONE,ITC,NSE,2026-08-12,2026-08-13,2026-08-27,SHORT,276.20001220703125,283.105012512207,262.3900115966797,269.0,TIME_EXIT,11,2.6068109662624983,2.4568109662624984,BULL,36.58206506877249,ITC.NS
LONG_RSI_ZONE_NO_NEUTRAL,ITC,NSE,2025-07-24,2025-07-25,2025-08-04,SHORT,410.0,420.24999999999994,389.5,420.24999999999994,STOP_LOSS,7,-2.4999999999999862,-2.649999999999986,BULL,36.695910589558345,ITC.NS
LONG_RSI_ZONE_NO_NEUTRAL,ITC,NSE,2025-09-24,2025-09-25,2025-10-10,SHORT,401.4500122070313,411.4862625122071,381.3775115966797,402.7999877929688,TIME_EXIT,11,-0.33627488974674774,-0.4862748897467477,BULL,38.25992019263435,ITC.NS
LONG_RSI_ZONE_NO_NEUTRAL,ITC,NSE,2025-10-23,2025-10-24,2025-11-07,LONG,415.9500122070313,405.5512619018555,436.74751281738287,405.5512619018555,STOP_LOSS,10,-2.5,-2.65,BULL,63.19757296040662,ITC.NS
LONG_RSI_ZONE_NO_NEUTRAL,ITC,NSE,2026-01-01,2026-01-02,2026-01-06,SHORT,360.0,368.99999999999994,342.0,342.0,TARGET,3,5.0,4.85,BULL,19.004927953473896,ITC.NS
LONG_RSI_ZONE_NO_NEUTRAL,ITC,NSE,2026-08-12,2026-08-13,2026-08-27,SHORT,276.20001220703125,283.105012512207,262.3900115966797,269.0,TIME_EXIT,11,2.6068109662624983,2.4568109662624984,BULL,36.58206506877249,ITC.NS
CURRENT,IDFCFIRSTB,NSE,2025-09-26,2025-09-29,2025-10-06,SHORT,68.88999938964844,70.61224937438965,65.44549942016602,70.61224937438965,STOP_LOSS,5,-2.5,-2.65,BULL,35.47706910195393,IDFCFIRSTB.NS
CURRENT,IDFCFIRSTB,NSE,2025-10-09,2025-10-10,2025-10-20,LONG,73.4000015258789,71.56500148773193,77.07000160217285,77.07000160217285,TARGET,7,5.0,4.85,BULL,64.10985359826671,IDFCFIRSTB.NS
CURRENT,IDFCFIRSTB,NSE,2026-05-27,2026-05-28,2026-06-02,LONG,71.4800033569336,69.69300327301025,75.05400352478027,69.69300327301025,STOP_LOSS,4,-2.500000000000008,-2.650000000000008,BEAR,63.121887718048555,IDFCFIRSTB.NS
LONG_RSI_ZONE,IDFCFIRSTB,NSE,2025-09-26,2025-09-29,2025-10-06,SHORT,68.88999938964844,70.61224937438965,65.44549942016602,70.61224937438965,STOP_LOSS,5,-2.5,-2.65,BULL,35.47706910195393,IDFCFIRSTB.NS
LONG_RSI_ZONE,IDFCFIRSTB,NSE,2025-10-09,2025-10-10,2025-10-20,LONG,73.4000015258789,71.56500148773193,77.07000160217285,77.07000160217285,TARGET,7,5.0,4.85,BULL,64.10985359826671,IDFCFIRSTB.NS
LONG_RSI_ZONE,IDFCFIRSTB,NSE,2026-05-27,2026-05-28,2026-06-02,LONG,71.4800033569336,69.69300327301025,75.05400352478027,69.69300327301025,STOP_LOSS,4,-2.500000000000008,-2.650000000000008,BEAR,63.121887718048555,IDFCFIRSTB.NS
SHORT_RSI_ZONE,IDFCFIRSTB,NSE,2025-09-26,2025-09-29,2025-10-06,SHORT,68.88999938964844,70.61224937438965,65.44549942016602,70.61224937438965,STOP_LOSS,5,-2.5,-2.65,BULL,35.47706910195393,IDFCFIRSTB.NS
SHORT_RSI_ZONE,IDFCFIRSTB,NSE,2025-10-09,2025-10-10,2025-10-20,LONG,73.4000015258789,71.56500148773193,77.07000160217285,77.07000160217285,TARGET,7,5.0,4.85,BULL,64.10985359826671,IDFCFIRSTB.NS
SHORT_RSI_ZONE,IDFCFIRSTB,NSE,2026-05-27,2026-05-28,2026-06-02,LONG,71.4800033569336,69.69300327301025,75.05400352478027,69.69300327301025,STOP_LOSS,4,-2.500000000000008,-2.650000000000008,BEAR,63.121887718048555,IDFCFIRSTB.NS
BOTH_RSI_ZONE,IDFCFIRSTB,NSE,2025-09-26,2025-09-29,2025-10-06,SHORT,68.88999938964844,70.61224937438965,65.44549942016602,70.61224937438965,STOP_LOSS,5,-2.5,-2.65,BULL,35.47706910195393,IDFCFIRSTB.NS
BOTH_RSI_ZONE,IDFCFIRSTB,NSE,2025-10-09,2025-10-10,2025-10-20,LONG,73.4000015258789,71.56500148773193,77.07000160217285,77.07000160217285,TARGET,7,5.0,4.85,BULL,64.10985359826671,IDFCFIRSTB.NS
BOTH_RSI_ZONE,IDFCFIRSTB,NSE,2026-05-27,2026-05-28,2026-06-02,LONG,71.4800033569336,69.69300327301025,75.05400352478027,69.69300327301025,STOP_LOSS,4,-2.500000000000008,-2.650000000000008,BEAR,63.121887718048555,IDFCFIRSTB.NS
LONG_RSI_ZONE_NO_NEUTRAL,IDFCFIRSTB,NSE,2025-09-26,2025-09-29,2025-10-06,SHORT,68.88999938964844,70.61224937438965,65.44549942016602,70.61224937438965,STOP_LOSS,5,-2.5,-2.65,BULL,35.47706910195393,IDFCFIRSTB.NS
LONG_RSI_ZONE_NO_NEUTRAL,IDFCFIRSTB,NSE,2025-10-09,2025-10-10,2025-10-20,LONG,73.4000015258789,71.56500148773193,77.07000160217285,77.07000160217285,TARGET,7,5.0,4.85,BULL,64.10985359826671,IDFCFIRSTB.NS
LONG_RSI_ZONE_NO_NEUTRAL,IDFCFIRSTB,NSE,2026-05-27,2026-05-28,2026-06-02,LONG,71.4800033569336,69.69300327301025,75.05400352478027,69.69300327301025,STOP_LOSS,4,-2.500000000000008,-2.650000000000008,BEAR,63.121887718048555,IDFCFIRSTB.NS
LONG_RSI_ZONE_BEAR_ONLY,IDFCFIRSTB,NSE,2026-05-27,2026-05-28,2026-06-02,LONG,71.4800033569336,69.69300327301025,75.05400352478027,69.69300327301025,STOP_LOSS,4,-2.500000000000008,-2.650000000000008,BEAR,63.121887718048555,IDFCFIRSTB.NS
CURRENT,PNB,NSE,2024-11-21,2024-11-22,2024-11-22,SHORT,97.0999984741211,99.52749843597411,92.24499855041503,99.52749843597411,STOP_LOSS,1,-2.4999999999999885,-2.6499999999999884,NEUTRAL,37.939480030682134,PNB.NS
CURRENT,PNB,NSE,2025-01-10,2025-01-13,2025-01-16,SHORT,98.0,100.44999999999999,93.1,100.44999999999999,STOP_LOSS,4,-2.4999999999999885,-2.6499999999999884,NEUTRAL,38.00472607266513,PNB.NS
CURRENT,PNB,NSE,2025-05-21,2025-05-22,2025-06-02,LONG,101.79000091552734,99.24525089263916,106.87950096130372,106.87950096130372,TARGET,8,5.000000000000009,4.8500000000000085,NEUTRAL,60.5524402643785,PNB.NS
CURRENT,PNB,NSE,2025-07-01,2025-07-02,2025-07-03,LONG,113.0999984741211,110.27249851226806,118.75499839782715,110.27249851226806,STOP_LOSS,2,-2.5000000000000075,-2.6500000000000075,BULL,70.76306937398701,PNB.NS
CURRENT,PNB,NSE,2026-02-20,2026-02-23,2026-03-02,LONG,130.39999389648438,127.13999404907226,136.9199935913086,127.13999404907226,STOP_LOSS,6,-2.500000000000006,-2.650000000000006,NEUTRAL,61.038537738395604,PNB.NS
CURRENT,PNB,NSE,2026-03-06,2026-03-09,2026-03-16,SHORT,116.25,119.15624999999999,110.4375,110.4375,TARGET,6,5.0,4.85,BEAR,38.24061743768089,PNB.NS
CURRENT,PNB,NSE,2026-07-20,2026-07-21,2026-07-24,LONG,111.6999969482422,108.90749702453614,117.28499679565432,108.90749702453614,STOP_LOSS,4,-2.5000000000000044,-2.6500000000000044,NEUTRAL,64.35130542576994,PNB.NS
LONG_RSI_ZONE,PNB,NSE,2024-11-21,2024-11-22,2024-11-22,SHORT,97.0999984741211,99.52749843597411,92.24499855041503,99.52749843597411,STOP_LOSS,1,-2.4999999999999885,-2.6499999999999884,NEUTRAL,37.939480030682134,PNB.NS
LONG_RSI_ZONE,PNB,NSE,2025-01-10,2025-01-13,2025-01-16,SHORT,98.0,100.44999999999999,93.1,100.44999999999999,STOP_LOSS,4,-2.4999999999999885,-2.6499999999999884,NEUTRAL,38.00472607266513,PNB.NS
LONG_RSI_ZONE,PNB,NSE,2025-05-21,2025-05-22,2025-06-02,LONG,101.79000091552734,99.24525089263916,106.87950096130372,106.87950096130372,TARGET,8,5.000000000000009,4.8500000000000085,NEUTRAL,60.5524402643785,PNB.NS
LONG_RSI_ZONE,PNB,NSE,2026-02-20,2026-02-23,2026-03-02,LONG,130.39999389648438,127.13999404907226,136.9199935913086,127.13999404907226,STOP_LOSS,6,-2.500000000000006,-2.650000000000006,NEUTRAL,61.038537738395604,PNB.NS
LONG_RSI_ZONE,PNB,NSE,2026-03-06,2026-03-09,2026-03-16,SHORT,116.25,119.15624999999999,110.4375,110.4375,TARGET,6,5.0,4.85,BEAR,38.24061743768089,PNB.NS
LONG_RSI_ZONE,PNB,NSE,2026-07-20,2026-07-21,2026-07-24,LONG,111.6999969482422,108.90749702453614,117.28499679565432,108.90749702453614,STOP_LOSS,4,-2.5000000000000044,-2.6500000000000044,NEUTRAL,64.35130542576994,PNB.NS
SHORT_RSI_ZONE,PNB,NSE,2024-11-21,2024-11-22,2024-11-22,SHORT,97.0999984741211,99.52749843597411,92.24499855041503,99.52749843597411,STOP_LOSS,1,-2.4999999999999885,-2.6499999999999884,NEUTRAL,37.939480030682134,PNB.NS
SHORT_RSI_ZONE,PNB,NSE,2025-01-10,2025-01-13,2025-01-16,SHORT,98.0,100.44999999999999,93.1,100.44999999999999,STOP_LOSS,4,-2.4999999999999885,-2.6499999999999884,NEUTRAL,38.00472607266513,PNB.NS
SHORT_RSI_ZONE,PNB,NSE,2025-05-21,2025-05-22,2025-06-02,LONG,101.79000091552734,99.24525089263916,106.87950096130372,106.87950096130372,TARGET,8,5.000000000000009,4.8500000000000085,NEUTRAL,60.5524402643785,PNB.NS
SHORT_RSI_ZONE,PNB,NSE,2025-07-01,2025-07-02,2025-07-03,LONG,113.0999984741211,110.27249851226806,118.75499839782715,110.27249851226806,STOP_LOSS,2,-2.5000000000000075,-2.6500000000000075,BULL,70.76306937398701,PNB.NS
SHORT_RSI_ZONE,PNB,NSE,2026-02-20,2026-02-23,2026-03-02,LONG,130.39999389648438,127.13999404907226,136.9199935913086,127.13999404907226,STOP_LOSS,6,-2.500000000000006,-2.650000000000006,NEUTRAL,61.038537738395604,PNB.NS
SHORT_RSI_ZONE,PNB,NSE,2026-03-06,2026-03-09,2026-03-16,SHORT,116.25,119.15624999999999,110.4375,110.4375,TARGET,6,5.0,4.85,BEAR,38.24061743768089,PNB.NS
SHORT_RSI_ZONE,PNB,NSE,2026-07-20,2026-07-21,2026-07-24,LONG,111.6999969482422,108.90749702453614,117.28499679565432,108.90749702453614,STOP_LOSS,4,-2.5000000000000044,-2.6500000000000044,NEUTRAL,64.35130542576994,PNB.NS
BOTH_RSI_ZONE,PNB,NSE,2024-11-21,2024-11-22,2024-11-22,SHORT,97.0999984741211,99.52749843597411,92.24499855041503,99.52749843597411,STOP_LOSS,1,-2.4999999999999885,-2.6499999999999884,NEUTRAL,37.939480030682134,PNB.NS
BOTH_RSI_ZONE,PNB,NSE,2025-01-10,2025-01-13,2025-01-16,SHORT,98.0,100.44999999999999,93.1,100.44999999999999,STOP_LOSS,4,-2.4999999999999885,-2.6499999999999884,NEUTRAL,38.00472607266513,PNB.NS
BOTH_RSI_ZONE,PNB,NSE,2025-05-21,2025-05-22,2025-06-02,LONG,101.79000091552734,99.24525089263916,106.87950096130372,106.87950096130372,TARGET,8,5.000000000000009,4.8500000000000085,NEUTRAL,60.5524402643785,PNB.NS
BOTH_RSI_ZONE,PNB,NSE,2026-02-20,2026-02-23,2026-03-02,LONG,130.39999389648438,127.13999404907226,136.9199935913086,127.13999404907226,STOP_LOSS,6,-2.500000000000006,-2.650000000000006,NEUTRAL,61.038537738395604,PNB.NS
BOTH_RSI_ZONE,PNB,NSE,2026-03-06,2026-03-09,2026-03-16,SHORT,116.25,119.15624999999999,110.4375,110.4375,TARGET,6,5.0,4.85,BEAR,38.24061743768089,PNB.NS
BOTH_RSI_ZONE,PNB,NSE,2026-07-20,2026-07-21,2026-07-24,LONG,111.6999969482422,108.90749702453614,117.28499679565432,108.90749702453614,STOP_LOSS,4,-2.5000000000000044,-2.6500000000000044,NEUTRAL,64.35130542576994,PNB.NS
LONG_RSI_ZONE_NO_NEUTRAL,PNB,NSE,2026-03-06,2026-03-09,2026-03-16,SHORT,116.25,119.15624999999999,110.4375,110.4375,TARGET,6,5.0,4.85,BEAR,38.24061743768089,PNB.NS
LONG_RSI_ZONE_BEAR_ONLY,PNB,NSE,2026-03-06,2026-03-09,2026-03-16,SHORT,116.25,119.15624999999999,110.4375,110.4375,TARGET,6,5.0,4.85,BEAR,38.24061743768089,PNB.NS
CURRENT,GMRAIRPORT,NSE,2024-12-20,2024-12-23,2025-01-07,SHORT,79.18000030517578,81.15950031280516,75.22100028991699,76.63999938964844,TIME_EXIT,11,3.207881921871262,3.057881921871262,NEUTRAL,36.53454727504259,GMRAIRPORT.NS
CURRENT,GMRAIRPORT,NSE,2025-07-02,2025-07-03,2025-07-17,LONG,90.0,87.75,94.5,94.5,TARGET,11,5.0,4.85,BULL,63.342778705649614,GMRAIRPORT.NS
CURRENT,GMRAIRPORT,NSE,2025-09-17,2025-09-18,2025-09-24,LONG,92.08999633789062,89.78774642944336,96.69449615478516,89.78774642944336,STOP_LOSS,5,-2.5,-2.65,BULL,62.855534209439504,GMRAIRPORT.NS
CURRENT,GMRAIRPORT,NSE,2026-01-13,2026-01-14,2026-01-16,SHORT,98.54000091552734,101.00350093841551,93.61300086975098,101.00350093841551,STOP_LOSS,3,-2.499999999999986,-2.6499999999999857,BULL,39.96764237297373,GMRAIRPORT.NS
CURRENT,GMRAIRPORT,NSE,2026-03-09,2026-03-10,2026-03-10,SHORT,94.0,96.35,89.3,96.35,STOP_LOSS,1,-2.499999999999994,-2.6499999999999937,BEAR,36.54657591694456,GMRAIRPORT.NS
CURRENT,GMRAIRPORT,NSE,2026-05-29,2026-06-01,2026-06-01,LONG,101.0,98.475,106.05000000000001,98.475,STOP_LOSS,1,-2.5000000000000058,-2.6500000000000057,BEAR,60.13657138815181,GMRAIRPORT.NS
LONG_RSI_ZONE,GMRAIRPORT,NSE,2024-12-20,2024-12-23,2025-01-07,SHORT,79.18000030517578,81.15950031280516,75.22100028991699,76.63999938964844,TIME_EXIT,11,3.207881921871262,3.057881921871262,NEUTRAL,36.53454727504259,GMRAIRPORT.NS
LONG_RSI_ZONE,GMRAIRPORT,NSE,2025-07-02,2025-07-03,2025-07-17,LONG,90.0,87.75,94.5,94.5,TARGET,11,5.0,4.85,BULL,63.342778705649614,GMRAIRPORT.NS
LONG_RSI_ZONE,GMRAIRPORT,NSE,2025-09-17,2025-09-18,2025-09-24,LONG,92.08999633789062,89.78774642944336,96.69449615478516,89.78774642944336,STOP_LOSS,5,-2.5,-2.65,BULL,62.855534209439504,GMRAIRPORT.NS
LONG_RSI_ZONE,GMRAIRPORT,NSE,2026-01-13,2026-01-14,2026-01-16,SHORT,98.54000091552734,101.00350093841551,93.61300086975098,101.00350093841551,STOP_LOSS,3,-2.499999999999986,-2.6499999999999857,BULL,39.96764237297373,GMRAIRPORT.NS
LONG_RSI_ZONE,GMRAIRPORT,NSE,2026-03-09,2026-03-10,2026-03-10,SHORT,94.0,96.35,89.3,96.35,STOP_LOSS,1,-2.499999999999994,-2.6499999999999937,BEAR,36.54657591694456,GMRAIRPORT.NS
LONG_RSI_ZONE,GMRAIRPORT,NSE,2026-05-29,2026-06-01,2026-06-01,LONG,101.0,98.475,106.05000000000001,98.475,STOP_LOSS,1,-2.5000000000000058,-2.6500000000000057,BEAR,60.13657138815181,GMRAIRPORT.NS
SHORT_RSI_ZONE,GMRAIRPORT,NSE,2024-12-20,2024-12-23,2025-01-07,SHORT,79.18000030517578,81.15950031280516,75.22100028991699,76.63999938964844,TIME_EXIT,11,3.207881921871262,3.057881921871262,NEUTRAL,36.53454727504259,GMRAIRPORT.NS
SHORT_RSI_ZONE,GMRAIRPORT,NSE,2025-07-02,2025-07-03,2025-07-17,LONG,90.0,87.75,94.5,94.5,TARGET,11,5.0,4.85,BULL,63.342778705649614,GMRAIRPORT.NS
SHORT_RSI_ZONE,GMRAIRPORT,NSE,2025-09-17,2025-09-18,2025-09-24,LONG,92.08999633789062,89.78774642944336,96.69449615478516,89.78774642944336,STOP_LOSS,5,-2.5,-2.65,BULL,62.855534209439504,GMRAIRPORT.NS
SHORT_RSI_ZONE,GMRAIRPORT,NSE,2026-01-13,2026-01-14,2026-01-16,SHORT,98.54000091552734,101.00350093841551,93.61300086975098,101.00350093841551,STOP_LOSS,3,-2.499999999999986,-2.6499999999999857,BULL,39.96764237297373,GMRAIRPORT.NS
SHORT_RSI_ZONE,GMRAIRPORT,NSE,2026-03-09,2026-03-10,2026-03-10,SHORT,94.0,96.35,89.3,96.35,STOP_LOSS,1,-2.499999999999994,-2.6499999999999937,BEAR,36.54657591694456,GMRAIRPORT.NS
SHORT_RSI_ZONE,GMRAIRPORT,NSE,2026-05-29,2026-06-01,2026-06-01,LONG,101.0,98.475,106.05000000000001,98.475,STOP_LOSS,1,-2.5000000000000058,-2.6500000000000057,BEAR,60.13657138815181,GMRAIRPORT.NS
BOTH_RSI_ZONE,GMRAIRPORT,NSE,2024-12-20,2024-12-23,2025-01-07,SHORT,79.18000030517578,81.15950031280516,75.22100028991699,76.63999938964844,TIME_EXIT,11,3.207881921871262,3.057881921871262,NEUTRAL,36.53454727504259,GMRAIRPORT.NS
BOTH_RSI_ZONE,GMRAIRPORT,NSE,2025-07-02,2025-07-03,2025-07-17,LONG,90.0,87.75,94.5,94.5,TARGET,11,5.0,4.85,BULL,63.342778705649614,GMRAIRPORT.NS
BOTH_RSI_ZONE,GMRAIRPORT,NSE,2025-09-17,2025-09-18,2025-09-24,LONG,92.08999633789062,89.78774642944336,96.69449615478516,89.78774642944336,STOP_LOSS,5,-2.5,-2.65,BULL,62.855534209439504,GMRAIRPORT.NS
BOTH_RSI_ZONE,GMRAIRPORT,NSE,2026-01-13,2026-01-14,2026-01-16,SHORT,98.54000091552734,101.00350093841551,93.61300086975098,101.00350093841551,STOP_LOSS,3,-2.499999999999986,-2.6499999999999857,BULL,39.96764237297373,GMRAIRPORT.NS
BOTH_RSI_ZONE,GMRAIRPORT,NSE,2026-03-09,2026-03-10,2026-03-10,SHORT,94.0,96.35,89.3,96.35,STOP_LOSS,1,-2.499999999999994,-2.6499999999999937,BEAR,36.54657591694456,GMRAIRPORT.NS
BOTH_RSI_ZONE,GMRAIRPORT,NSE,2026-05-29,2026-06-01,2026-06-01,LONG,101.0,98.475,106.05000000000001,98.475,STOP_LOSS,1,-2.5000000000000058,-2.6500000000000057,BEAR,60.13657138815181,GMRAIRPORT.NS
LONG_RSI_ZONE_NO_NEUTRAL,GMRAIRPORT,NSE,2025-07-02,2025-07-03,2025-07-17,LONG,90.0,87.75,94.5,94.5,TARGET,11,5.0,4.85,BULL,63.342778705649614,GMRAIRPORT.NS
LONG_RSI_ZONE_NO_NEUTRAL,GMRAIRPORT,NSE,2025-09-17,2025-09-18,2025-09-24,LONG,92.08999633789062,89.78774642944336,96.69449615478516,89.78774642944336,STOP_LOSS,5,-2.5,-2.65,BULL,62.855534209439504,GMRAIRPORT.NS
LONG_RSI_ZONE_NO_NEUTRAL,GMRAIRPORT,NSE,2026-01-13,2026-01-14,2026-01-16,SHORT,98.54000091552734,101.00350093841551,93.61300086975098,101.00350093841551,STOP_LOSS,3,-2.499999999999986,-2.6499999999999857,BULL,39.96764237297373,GMRAIRPORT.NS
LONG_RSI_ZONE_NO_NEUTRAL,GMRAIRPORT,NSE,2026-03-09,2026-03-10,2026-03-10,SHORT,94.0,96.35,89.3,96.35,STOP_LOSS,1,-2.499999999999994,-2.6499999999999937,BEAR,36.54657591694456,GMRAIRPORT.NS
LONG_RSI_ZONE_NO_NEUTRAL,GMRAIRPORT,NSE,2026-05-29,2026-06-01,2026-06-01,LONG,101.0,98.475,106.05000000000001,98.475,STOP_LOSS,1,-2.5000000000000058,-2.6500000000000057,BEAR,60.13657138815181,GMRAIRPORT.NS
LONG_RSI_ZONE_BEAR_ONLY,GMRAIRPORT,NSE,2026-03-09,2026-03-10,2026-03-10,SHORT,94.0,96.35,89.3,96.35,STOP_LOSS,1,-2.499999999999994,-2.6499999999999937,BEAR,36.54657591694456,GMRAIRPORT.NS
LONG_RSI_ZONE_BEAR_ONLY,GMRAIRPORT,NSE,2026-05-29,2026-06-01,2026-06-01,LONG,101.0,98.475,106.05000000000001,98.475,STOP_LOSS,1,-2.5000000000000058,-2.6500000000000057,BEAR,60.13657138815181,GMRAIRPORT.NS
CURRENT,CANBK,NSE,2024-11-13,2024-11-14,2024-11-21,SHORT,99.0,101.475,94.05,94.05,TARGET,4,5.000000000000003,4.850000000000002,NEUTRAL,39.20613120160555,CANBK.NS
CURRENT,CANBK,NSE,2025-08-26,2025-08-28,2025-09-04,SHORT,106.0500030517578,108.70125312805173,100.7475028991699,108.70125312805173,STOP_LOSS,6,-2.49999999999999,-2.6499999999999897,NEUTRAL,38.322700678385004,CANBK.NS
CURRENT,CANBK,NSE,2026-02-23,2026-02-24,2026-03-02,LONG,155.9499969482422,152.05124702453614,163.7474967956543,152.05124702453614,STOP_LOSS,5,-2.4999999999999964,-2.6499999999999964,NEUTRAL,61.15837160882162,CANBK.NS
CURRENT,CANBK,NSE,2026-03-09,2026-03-10,2026-03-13,SHORT,142.5,146.0625,135.375,135.375,TARGET,4,5.0,4.85,BEAR,34.83457899697936,CANBK.NS
CURRENT,CANBK,NSE,2026-06-29,2026-06-30,2026-07-08,SHORT,126.9000015258789,130.07250156402586,120.55500144958495,120.55500144958495,TARGET,7,5.000000000000009,4.8500000000000085,BEAR,37.272135512101585,CANBK.NS
LONG_RSI_ZONE,CANBK,NSE,2024-11-13,2024-11-14,2024-11-21,SHORT,99.0,101.475,94.05,94.05,TARGET,4,5.000000000000003,4.850000000000002,NEUTRAL,39.20613120160555,CANBK.NS
LONG_RSI_ZONE,CANBK,NSE,2025-08-26,2025-08-28,2025-09-04,SHORT,106.0500030517578,108.70125312805173,100.7475028991699,108.70125312805173,STOP_LOSS,6,-2.49999999999999,-2.6499999999999897,NEUTRAL,38.322700678385004,CANBK.NS
LONG_RSI_ZONE,CANBK,NSE,2026-02-23,2026-02-24,2026-03-02,LONG,155.9499969482422,152.05124702453614,163.7474967956543,152.05124702453614,STOP_LOSS,5,-2.4999999999999964,-2.6499999999999964,NEUTRAL,61.15837160882162,CANBK.NS
LONG_RSI_ZONE,CANBK,NSE,2026-03-09,2026-03-10,2026-03-13,SHORT,142.5,146.0625,135.375,135.375,TARGET,4,5.0,4.85,BEAR,34.83457899697936,CANBK.NS
LONG_RSI_ZONE,CANBK,NSE,2026-06-29,2026-06-30,2026-07-08,SHORT,126.9000015258789,130.07250156402586,120.55500144958495,120.55500144958495,TARGET,7,5.000000000000009,4.8500000000000085,BEAR,37.272135512101585,CANBK.NS
SHORT_RSI_ZONE,CANBK,NSE,2024-11-13,2024-11-14,2024-11-21,SHORT,99.0,101.475,94.05,94.05,TARGET,4,5.000000000000003,4.850000000000002,NEUTRAL,39.20613120160555,CANBK.NS
SHORT_RSI_ZONE,CANBK,NSE,2025-08-26,2025-08-28,2025-09-04,SHORT,106.0500030517578,108.70125312805173,100.7475028991699,108.70125312805173,STOP_LOSS,6,-2.49999999999999,-2.6499999999999897,NEUTRAL,38.322700678385004,CANBK.NS
SHORT_RSI_ZONE,CANBK,NSE,2026-02-23,2026-02-24,2026-03-02,LONG,155.9499969482422,152.05124702453614,163.7474967956543,152.05124702453614,STOP_LOSS,5,-2.4999999999999964,-2.6499999999999964,NEUTRAL,61.15837160882162,CANBK.NS
SHORT_RSI_ZONE,CANBK,NSE,2026-03-09,2026-03-10,2026-03-13,SHORT,142.5,146.0625,135.375,135.375,TARGET,4,5.0,4.85,BEAR,34.83457899697936,CANBK.NS
SHORT_RSI_ZONE,CANBK,NSE,2026-06-29,2026-06-30,2026-07-08,SHORT,126.9000015258789,130.07250156402586,120.55500144958495,120.55500144958495,TARGET,7,5.000000000000009,4.8500000000000085,BEAR,37.272135512101585,CANBK.NS
BOTH_RSI_ZONE,CANBK,NSE,2024-11-13,2024-11-14,2024-11-21,SHORT,99.0,101.475,94.05,94.05,TARGET,4,5.000000000000003,4.850000000000002,NEUTRAL,39.20613120160555,CANBK.NS
BOTH_RSI_ZONE,CANBK,NSE,2025-08-26,2025-08-28,2025-09-04,SHORT,106.0500030517578,108.70125312805173,100.7475028991699,108.70125312805173,STOP_LOSS,6,-2.49999999999999,-2.6499999999999897,NEUTRAL,38.322700678385004,CANBK.NS
BOTH_RSI_ZONE,CANBK,NSE,2026-02-23,2026-02-24,2026-03-02,LONG,155.9499969482422,152.05124702453614,163.7474967956543,152.05124702453614,STOP_LOSS,5,-2.4999999999999964,-2.6499999999999964,NEUTRAL,61.15837160882162,CANBK.NS
BOTH_RSI_ZONE,CANBK,NSE,2026-03-09,2026-03-10,2026-03-13,SHORT,142.5,146.0625,135.375,135.375,TARGET,4,5.0,4.85,BEAR,34.83457899697936,CANBK.NS
BOTH_RSI_ZONE,CANBK,NSE,2026-06-29,2026-06-30,2026-07-08,SHORT,126.9000015258789,130.07250156402586,120.55500144958495,120.55500144958495,TARGET,7,5.000000000000009,4.8500000000000085,BEAR,37.272135512101585,CANBK.NS
LONG_RSI_ZONE_NO_NEUTRAL,CANBK,NSE,2025-08-29,2025-09-01,2025-09-02,SHORT,104.0,106.6,98.8,106.6,STOP_LOSS,2,-2.4999999999999947,-2.6499999999999946,BEAR,33.65346764345979,CANBK.NS
LONG_RSI_ZONE_NO_NEUTRAL,CANBK,NSE,2026-03-09,2026-03-10,2026-03-13,SHORT,142.5,146.0625,135.375,135.375,TARGET,4,5.0,4.85,BEAR,34.83457899697936,CANBK.NS
LONG_RSI_ZONE_NO_NEUTRAL,CANBK,NSE,2026-06-29,2026-06-30,2026-07-08,SHORT,126.9000015258789,130.07250156402586,120.55500144958495,120.55500144958495,TARGET,7,5.000000000000009,4.8500000000000085,BEAR,37.272135512101585,CANBK.NS
LONG_RSI_ZONE_BEAR_ONLY,CANBK,NSE,2025-08-29,2025-09-01,2025-09-02,SHORT,104.0,106.6,98.8,106.6,STOP_LOSS,2,-2.4999999999999947,-2.6499999999999946,BEAR,33.65346764345979,CANBK.NS
LONG_RSI_ZONE_BEAR_ONLY,CANBK,NSE,2026-03-09,2026-03-10,2026-03-13,SHORT,142.5,146.0625,135.375,135.375,TARGET,4,5.0,4.85,BEAR,34.83457899697936,CANBK.NS
LONG_RSI_ZONE_BEAR_ONLY,CANBK,NSE,2026-06-29,2026-06-30,2026-07-08,SHORT,126.9000015258789,130.07250156402586,120.55500144958495,120.55500144958495,TARGET,7,5.000000000000009,4.8500000000000085,BEAR,37.272135512101585,CANBK.NS
CURRENT,LICI,NSE,2024-12-18,2024-12-19,2024-12-30,SHORT,447.5,458.68749999999994,425.125,458.68749999999994,STOP_LOSS,7,-2.499999999999987,-2.649999999999987,NEUTRAL,38.96089257896793,LICI.NS
CURRENT,LICI,NSE,2025-04-21,2025-04-22,2025-04-25,LONG,410.0,399.75,430.5,399.75,STOP_LOSS,4,-2.5,-2.65,NEUTRAL,60.46690974615973,LICI.NS
CURRENT,LICI,NSE,2025-05-15,2025-05-16,2025-05-28,LONG,421.5,410.9625,442.57500000000005,442.57500000000005,TARGET,9,5.000000000000011,4.85000000000001,NEUTRAL,62.719798614955096,LICI.NS
CURRENT,LICI,NSE,2026-05-25,2026-05-26,2026-05-27,LONG,420.8500061035156,410.3287559509277,441.8925064086914,410.3287559509277,STOP_LOSS,2,-2.500000000000008,-2.650000000000008,BEAR,63.10548584372038,LICI.NS
CURRENT,LICI,NSE,2026-06-17,2026-06-18,2026-06-19,LONG,419.7000122070313,409.2075119018555,440.68501281738287,440.68501281738287,TARGET,2,5.0,4.85,BEAR,60.143321425644075,LICI.NS
LONG_RSI_ZONE,LICI,NSE,2024-12-18,2024-12-19,2024-12-30,SHORT,447.5,458.68749999999994,425.125,458.68749999999994,STOP_LOSS,7,-2.499999999999987,-2.649999999999987,NEUTRAL,38.96089257896793,LICI.NS
LONG_RSI_ZONE,LICI,NSE,2025-04-21,2025-04-22,2025-04-25,LONG,410.0,399.75,430.5,399.75,STOP_LOSS,4,-2.5,-2.65,NEUTRAL,60.46690974615973,LICI.NS
LONG_RSI_ZONE,LICI,NSE,2025-05-15,2025-05-16,2025-05-28,LONG,421.5,410.9625,442.57500000000005,442.57500000000005,TARGET,9,5.000000000000011,4.85000000000001,NEUTRAL,62.719798614955096,LICI.NS
LONG_RSI_ZONE,LICI,NSE,2026-05-25,2026-05-26,2026-05-27,LONG,420.8500061035156,410.3287559509277,441.8925064086914,410.3287559509277,STOP_LOSS,2,-2.500000000000008,-2.650000000000008,BEAR,63.10548584372038,LICI.NS
LONG_RSI_ZONE,LICI,NSE,2026-06-17,2026-06-18,2026-06-19,LONG,419.7000122070313,409.2075119018555,440.68501281738287,440.68501281738287,TARGET,2,5.0,4.85,BEAR,60.143321425644075,LICI.NS
SHORT_RSI_ZONE,LICI,NSE,2024-12-18,2024-12-19,2024-12-30,SHORT,447.5,458.68749999999994,425.125,458.68749999999994,STOP_LOSS,7,-2.499999999999987,-2.649999999999987,NEUTRAL,38.96089257896793,LICI.NS
SHORT_RSI_ZONE,LICI,NSE,2025-04-21,2025-04-22,2025-04-25,LONG,410.0,399.75,430.5,399.75,STOP_LOSS,4,-2.5,-2.65,NEUTRAL,60.46690974615973,LICI.NS
SHORT_RSI_ZONE,LICI,NSE,2025-05-15,2025-05-16,2025-05-28,LONG,421.5,410.9625,442.57500000000005,442.57500000000005,TARGET,9,5.000000000000011,4.85000000000001,NEUTRAL,62.719798614955096,LICI.NS
SHORT_RSI_ZONE,LICI,NSE,2026-05-25,2026-05-26,2026-05-27,LONG,420.8500061035156,410.3287559509277,441.8925064086914,410.3287559509277,STOP_LOSS,2,-2.500000000000008,-2.650000000000008,BEAR,63.10548584372038,LICI.NS
SHORT_RSI_ZONE,LICI,NSE,2026-06-17,2026-06-18,2026-06-19,LONG,419.7000122070313,409.2075119018555,440.68501281738287,440.68501281738287,TARGET,2,5.0,4.85,BEAR,60.143321425644075,LICI.NS
BOTH_RSI_ZONE,LICI,NSE,2024-12-18,2024-12-19,2024-12-30,SHORT,447.5,458.68749999999994,425.125,458.68749999999994,STOP_LOSS,7,-2.499999999999987,-2.649999999999987,NEUTRAL,38.96089257896793,LICI.NS
BOTH_RSI_ZONE,LICI,NSE,2025-04-21,2025-04-22,2025-04-25,LONG,410.0,399.75,430.5,399.75,STOP_LOSS,4,-2.5,-2.65,NEUTRAL,60.46690974615973,LICI.NS
BOTH_RSI_ZONE,LICI,NSE,2025-05-15,2025-05-16,2025-05-28,LONG,421.5,410.9625,442.57500000000005,442.57500000000005,TARGET,9,5.000000000000011,4.85000000000001,NEUTRAL,62.719798614955096,LICI.NS
BOTH_RSI_ZONE,LICI,NSE,2026-05-25,2026-05-26,2026-05-27,LONG,420.8500061035156,410.3287559509277,441.8925064086914,410.3287559509277,STOP_LOSS,2,-2.500000000000008,-2.650000000000008,BEAR,63.10548584372038,LICI.NS
BOTH_RSI_ZONE,LICI,NSE,2026-06-17,2026-06-18,2026-06-19,LONG,419.7000122070313,409.2075119018555,440.68501281738287,440.68501281738287,TARGET,2,5.0,4.85,BEAR,60.143321425644075,LICI.NS
LONG_RSI_ZONE_NO_NEUTRAL,LICI,NSE,2026-05-25,2026-05-26,2026-05-27,LONG,420.8500061035156,410.3287559509277,441.8925064086914,410.3287559509277,STOP_LOSS,2,-2.500000000000008,-2.650000000000008,BEAR,63.10548584372038,LICI.NS
LONG_RSI_ZONE_NO_NEUTRAL,LICI,NSE,2026-06-17,2026-06-18,2026-06-19,LONG,419.7000122070313,409.2075119018555,440.68501281738287,440.68501281738287,TARGET,2,5.0,4.85,BEAR,60.143321425644075,LICI.NS
LONG_RSI_ZONE_BEAR_ONLY,LICI,NSE,2026-05-25,2026-05-26,2026-05-27,LONG,420.8500061035156,410.3287559509277,441.8925064086914,410.3287559509277,STOP_LOSS,2,-2.500000000000008,-2.650000000000008,BEAR,63.10548584372038,LICI.NS
LONG_RSI_ZONE_BEAR_ONLY,LICI,NSE,2026-06-17,2026-06-18,2026-06-19,LONG,419.7000122070313,409.2075119018555,440.68501281738287,440.68501281738287,TARGET,2,5.0,4.85,BEAR,60.143321425644075,LICI.NS
CURRENT,VEDL,NSE,2025-02-14,2025-02-17,2025-02-19,SHORT,413.3500061035156,423.6837562561035,392.68250579833983,423.6837562561035,STOP_LOSS,3,-2.4999999999999947,-2.6499999999999946,NEUTRAL,38.8003969232197,VEDL.NS
CURRENT,VEDL,NSE,2025-04-07,2025-04-08,2025-04-15,SHORT,387.4500122070313,397.13626251220705,368.0775115966797,397.13626251220705,STOP_LOSS,4,-2.4999999999999907,-2.6499999999999906,NEUTRAL,26.716992003923465,VEDL.NS
CURRENT,VEDL,NSE,2025-07-31,2025-08-01,2025-08-05,SHORT,425.1000061035156,435.7275062561035,403.8450057983398,435.7275062561035,STOP_LOSS,3,-2.499999999999992,-2.649999999999992,BULL,35.065198610891315,VEDL.NS
CURRENT,VEDL,NSE,2025-08-29,2025-09-01,2025-09-01,SHORT,422.7999877929688,433.36998748779297,401.65998840332037,433.36998748779297,STOP_LOSS,1,-2.4999999999999862,-2.649999999999986,BEAR,38.637248590468445,VEDL.NS
CURRENT,VEDL,NSE,2026-04-08,2026-04-09,2026-04-15,LONG,725.0,706.875,761.25,761.25,TARGET,4,5.0,4.85,BEAR,60.18460475994066,VEDL.NS
CURRENT,VEDL,NSE,2026-04-30,2026-05-01,2026-05-04,SHORT,271.54998779296875,278.33873748779297,257.9724884033203,278.33873748779297,STOP_LOSS,2,-2.5,-2.65,BEAR,16.577129360976187,VEDL.NS
LONG_RSI_ZONE,VEDL,NSE,2025-02-14,2025-02-17,2025-02-19,SHORT,413.3500061035156,423.6837562561035,392.68250579833983,423.6837562561035,STOP_LOSS,3,-2.4999999999999947,-2.6499999999999946,NEUTRAL,38.8003969232197,VEDL.NS
LONG_RSI_ZONE,VEDL,NSE,2025-04-07,2025-04-08,2025-04-15,SHORT,387.4500122070313,397.13626251220705,368.0775115966797,397.13626251220705,STOP_LOSS,4,-2.4999999999999907,-2.6499999999999906,NEUTRAL,26.716992003923465,VEDL.NS
LONG_RSI_ZONE,VEDL,NSE,2025-07-31,2025-08-01,2025-08-05,SHORT,425.1000061035156,435.7275062561035,403.8450057983398,435.7275062561035,STOP_LOSS,3,-2.499999999999992,-2.649999999999992,BULL,35.065198610891315,VEDL.NS
LONG_RSI_ZONE,VEDL,NSE,2025-08-29,2025-09-01,2025-09-01,SHORT,422.7999877929688,433.36998748779297,401.65998840332037,433.36998748779297,STOP_LOSS,1,-2.4999999999999862,-2.649999999999986,BEAR,38.637248590468445,VEDL.NS
LONG_RSI_ZONE,VEDL,NSE,2026-04-08,2026-04-09,2026-04-15,LONG,725.0,706.875,761.25,761.25,TARGET,4,5.0,4.85,BEAR,60.18460475994066,VEDL.NS
LONG_RSI_ZONE,VEDL,NSE,2026-04-30,2026-05-01,2026-05-04,SHORT,271.54998779296875,278.33873748779297,257.9724884033203,278.33873748779297,STOP_LOSS,2,-2.5,-2.65,BEAR,16.577129360976187,VEDL.NS
SHORT_RSI_ZONE,VEDL,NSE,2025-02-14,2025-02-17,2025-02-19,SHORT,413.3500061035156,423.6837562561035,392.68250579833983,423.6837562561035,STOP_LOSS,3,-2.4999999999999947,-2.6499999999999946,NEUTRAL,38.8003969232197,VEDL.NS
SHORT_RSI_ZONE,VEDL,NSE,2025-07-31,2025-08-01,2025-08-05,SHORT,425.1000061035156,435.7275062561035,403.8450057983398,435.7275062561035,STOP_LOSS,3,-2.499999999999992,-2.649999999999992,BULL,35.065198610891315,VEDL.NS
SHORT_RSI_ZONE,VEDL,NSE,2025-08-29,2025-09-01,2025-09-01,SHORT,422.7999877929688,433.36998748779297,401.65998840332037,433.36998748779297,STOP_LOSS,1,-2.4999999999999862,-2.649999999999986,BEAR,38.637248590468445,VEDL.NS
SHORT_RSI_ZONE,VEDL,NSE,2026-04-08,2026-04-09,2026-04-15,LONG,725.0,706.875,761.25,761.25,TARGET,4,5.0,4.85,BEAR,60.18460475994066,VEDL.NS
BOTH_RSI_ZONE,VEDL,NSE,2025-02-14,2025-02-17,2025-02-19,SHORT,413.3500061035156,423.6837562561035,392.68250579833983,423.6837562561035,STOP_LOSS,3,-2.4999999999999947,-2.6499999999999946,NEUTRAL,38.8003969232197,VEDL.NS
BOTH_RSI_ZONE,VEDL,NSE,2025-07-31,2025-08-01,2025-08-05,SHORT,425.1000061035156,435.7275062561035,403.8450057983398,435.7275062561035,STOP_LOSS,3,-2.499999999999992,-2.649999999999992,BULL,35.065198610891315,VEDL.NS
BOTH_RSI_ZONE,VEDL,NSE,2025-08-29,2025-09-01,2025-09-01,SHORT,422.7999877929688,433.36998748779297,401.65998840332037,433.36998748779297,STOP_LOSS,1,-2.4999999999999862,-2.649999999999986,BEAR,38.637248590468445,VEDL.NS
BOTH_RSI_ZONE,VEDL,NSE,2026-04-08,2026-04-09,2026-04-15,LONG,725.0,706.875,761.25,761.25,TARGET,4,5.0,4.85,BEAR,60.18460475994066,VEDL.NS
LONG_RSI_ZONE_NO_NEUTRAL,VEDL,NSE,2025-07-31,2025-08-01,2025-08-05,SHORT,425.1000061035156,435.7275062561035,403.8450057983398,435.7275062561035,STOP_LOSS,3,-2.499999999999992,-2.649999999999992,BULL,35.065198610891315,VEDL.NS
LONG_RSI_ZONE_NO_NEUTRAL,VEDL,NSE,2025-08-29,2025-09-01,2025-09-01,SHORT,422.7999877929688,433.36998748779297,401.65998840332037,433.36998748779297,STOP_LOSS,1,-2.4999999999999862,-2.649999999999986,BEAR,38.637248590468445,VEDL.NS
LONG_RSI_ZONE_NO_NEUTRAL,VEDL,NSE,2026-04-08,2026-04-09,2026-04-15,LONG,725.0,706.875,761.25,761.25,TARGET,4,5.0,4.85,BEAR,60.18460475994066,VEDL.NS
LONG_RSI_ZONE_NO_NEUTRAL,VEDL,NSE,2026-04-30,2026-05-01,2026-05-04,SHORT,271.54998779296875,278.33873748779297,257.9724884033203,278.33873748779297,STOP_LOSS,2,-2.5,-2.65,BEAR,16.577129360976187,VEDL.NS
LONG_RSI_ZONE_BEAR_ONLY,VEDL,NSE,2025-08-29,2025-09-01,2025-09-01,SHORT,422.7999877929688,433.36998748779297,401.65998840332037,433.36998748779297,STOP_LOSS,1,-2.4999999999999862,-2.649999999999986,BEAR,38.637248590468445,VEDL.NS
LONG_RSI_ZONE_BEAR_ONLY,VEDL,NSE,2026-04-08,2026-04-09,2026-04-15,LONG,725.0,706.875,761.25,761.25,TARGET,4,5.0,4.85,BEAR,60.18460475994066,VEDL.NS
LONG_RSI_ZONE_BEAR_ONLY,VEDL,NSE,2026-04-30,2026-05-01,2026-05-04,SHORT,271.54998779296875,278.33873748779297,257.9724884033203,278.33873748779297,STOP_LOSS,2,-2.5,-2.65,BEAR,16.577129360976187,VEDL.NS
CURRENT,MOTHERSON,NSE,2025-04-04,2025-04-07,2025-04-07,SHORT,73.33999633789062,75.17349624633789,69.6729965209961,75.17349624633789,STOP_LOSS,1,-2.5,-2.65,NEUTRAL,36.44304859986537,MOTHERSON.NS
CURRENT,MOTHERSON,NSE,2025-04-23,2025-04-24,2025-04-25,LONG,90.93333435058594,88.66000099182129,95.48000106811524,88.66000099182129,STOP_LOSS,2,-2.499999999999997,-2.649999999999997,NEUTRAL,60.98156032068748,MOTHERSON.NS
CURRENT,MOTHERSON,NSE,2025-11-13,2025-11-14,2025-11-18,LONG,111.30999755859376,108.52724761962892,116.87549743652346,108.52724761962892,STOP_LOSS,3,-2.499999999999997,-2.649999999999997,BULL,61.5866446843705,MOTHERSON.NS
CURRENT,MOTHERSON,NSE,2025-11-19,2025-11-20,2025-11-21,LONG,112.75,109.93124999999999,118.3875,109.93124999999999,STOP_LOSS,2,-2.5000000000000075,-2.6500000000000075,BULL,66.6059554047792,MOTHERSON.NS
CURRENT,MOTHERSON,NSE,2026-02-04,2026-02-05,2026-02-06,LONG,121.9499969482422,118.90124702453615,128.04749679565433,118.90124702453615,STOP_LOSS,2,-2.5,-2.65,NEUTRAL,65.12574502133404,MOTHERSON.NS
CURRENT,MOTHERSON,NSE,2026-07-27,2026-07-28,2026-08-03,LONG,147.0,143.325,154.35,154.35,TARGET,5,4.9999999999999964,4.849999999999996,NEUTRAL,61.22676619351379,MOTHERSON.NS
LONG_RSI_ZONE,MOTHERSON,NSE,2025-04-04,2025-04-07,2025-04-07,SHORT,73.33999633789062,75.17349624633789,69.6729965209961,75.17349624633789,STOP_LOSS,1,-2.5,-2.65,NEUTRAL,36.44304859986537,MOTHERSON.NS
LONG_RSI_ZONE,MOTHERSON,NSE,2025-04-23,2025-04-24,2025-04-25,LONG,90.93333435058594,88.66000099182129,95.48000106811524,88.66000099182129,STOP_LOSS,2,-2.499999999999997,-2.649999999999997,NEUTRAL,60.98156032068748,MOTHERSON.NS
LONG_RSI_ZONE,MOTHERSON,NSE,2025-11-13,2025-11-14,2025-11-18,LONG,111.30999755859376,108.52724761962892,116.87549743652346,108.52724761962892,STOP_LOSS,3,-2.499999999999997,-2.649999999999997,BULL,61.5866446843705,MOTHERSON.NS
LONG_RSI_ZONE,MOTHERSON,NSE,2026-02-05,2026-02-06,2026-02-10,LONG,119.0,116.02499999999999,124.95,124.95,TARGET,3,5.000000000000003,4.850000000000002,NEUTRAL,61.06988863472541,MOTHERSON.NS
LONG_RSI_ZONE,MOTHERSON,NSE,2026-07-27,2026-07-28,2026-08-03,LONG,147.0,143.325,154.35,154.35,TARGET,5,4.9999999999999964,4.849999999999996,NEUTRAL,61.22676619351379,MOTHERSON.NS
SHORT_RSI_ZONE,MOTHERSON,NSE,2025-04-04,2025-04-07,2025-04-07,SHORT,73.33999633789062,75.17349624633789,69.6729965209961,75.17349624633789,STOP_LOSS,1,-2.5,-2.65,NEUTRAL,36.44304859986537,MOTHERSON.NS
SHORT_RSI_ZONE,MOTHERSON,NSE,2025-04-23,2025-04-24,2025-04-25,LONG,90.93333435058594,88.66000099182129,95.48000106811524,88.66000099182129,STOP_LOSS,2,-2.499999999999997,-2.649999999999997,NEUTRAL,60.98156032068748,MOTHERSON.NS
SHORT_RSI_ZONE,MOTHERSON,NSE,2025-11-13,2025-11-14,2025-11-18,LONG,111.30999755859376,108.52724761962892,116.87549743652346,108.52724761962892,STOP_LOSS,3,-2.499999999999997,-2.649999999999997,BULL,61.5866446843705,MOTHERSON.NS
SHORT_RSI_ZONE,MOTHERSON,NSE,2025-11-19,2025-11-20,2025-11-21,LONG,112.75,109.93124999999999,118.3875,109.93124999999999,STOP_LOSS,2,-2.5000000000000075,-2.6500000000000075,BULL,66.6059554047792,MOTHERSON.NS
SHORT_RSI_ZONE,MOTHERSON,NSE,2026-02-04,2026-02-05,2026-02-06,LONG,121.9499969482422,118.90124702453615,128.04749679565433,118.90124702453615,STOP_LOSS,2,-2.5,-2.65,NEUTRAL,65.12574502133404,MOTHERSON.NS
SHORT_RSI_ZONE,MOTHERSON,NSE,2026-07-27,2026-07-28,2026-08-03,LONG,147.0,143.325,154.35,154.35,TARGET,5,4.9999999999999964,4.849999999999996,NEUTRAL,61.22676619351379,MOTHERSON.NS
BOTH_RSI_ZONE,MOTHERSON,NSE,2025-04-04,2025-04-07,2025-04-07,SHORT,73.33999633789062,75.17349624633789,69.6729965209961,75.17349624633789,STOP_LOSS,1,-2.5,-2.65,NEUTRAL,36.44304859986537,MOTHERSON.NS
BOTH_RSI_ZONE,MOTHERSON,NSE,2025-04-23,2025-04-24,2025-04-25,LONG,90.93333435058594,88.66000099182129,95.48000106811524,88.66000099182129,STOP_LOSS,2,-2.499999999999997,-2.649999999999997,NEUTRAL,60.98156032068748,MOTHERSON.NS
BOTH_RSI_ZONE,MOTHERSON,NSE,2025-11-13,2025-11-14,2025-11-18,LONG,111.30999755859376,108.52724761962892,116.87549743652346,108.52724761962892,STOP_LOSS,3,-2.499999999999997,-2.649999999999997,BULL,61.5866446843705,MOTHERSON.NS
BOTH_RSI_ZONE,MOTHERSON,NSE,2026-02-05,2026-02-06,2026-02-10,LONG,119.0,116.02499999999999,124.95,124.95,TARGET,3,5.000000000000003,4.850000000000002,NEUTRAL,61.06988863472541,MOTHERSON.NS
BOTH_RSI_ZONE,MOTHERSON,NSE,2026-07-27,2026-07-28,2026-08-03,LONG,147.0,143.325,154.35,154.35,TARGET,5,4.9999999999999964,4.849999999999996,NEUTRAL,61.22676619351379,MOTHERSON.NS
LONG_RSI_ZONE_NO_NEUTRAL,MOTHERSON,NSE,2025-11-13,2025-11-14,2025-11-18,LONG,111.30999755859376,108.52724761962892,116.87549743652346,108.52724761962892,STOP_LOSS,3,-2.499999999999997,-2.649999999999997,BULL,61.5866446843705,MOTHERSON.NS
CURRENT,JIOFIN,NSE,2024-12-20,2024-12-23,2025-01-07,SHORT,308.79998779296875,316.51998748779295,293.3599884033203,299.1499938964844,TIME_EXIT,11,3.1249981470057886,2.9749981470057887,NEUTRAL,32.23451778379092,JIOFIN.NS
CURRENT,JIOFIN,NSE,2025-04-16,2025-04-17,2025-04-23,LONG,242.94000244140625,236.8665023803711,255.08700256347657,255.08700256347657,TARGET,4,5.000000000000004,4.850000000000004,NEUTRAL,60.29407344469587,JIOFIN.NS
CURRENT,JIOFIN,NSE,2025-08-01,2025-08-04,2025-08-07,LONG,329.8500061035156,321.60375595092773,346.3425064086914,321.60375595092773,STOP_LOSS,4,-2.5,-2.65,BULL,62.99258183444698,JIOFIN.NS
CURRENT,JIOFIN,NSE,2025-09-24,2025-09-25,2025-10-07,SHORT,306.75,314.41875,291.41249999999997,314.41875,STOP_LOSS,8,-2.4999999999999964,-2.6499999999999964,BULL,37.06904459154683,JIOFIN.NS
CURRENT,JIOFIN,NSE,2025-11-06,2025-11-07,2025-11-11,SHORT,297.0,304.42499999999995,282.15,304.42499999999995,STOP_LOSS,3,-2.4999999999999845,-2.6499999999999844,BULL,35.7425290838499,JIOFIN.NS
CURRENT,JIOFIN,NSE,2026-01-09,2026-01-12,2026-01-20,SHORT,287.25,294.43125,272.8875,272.8875,TARGET,7,5.0000000000000036,4.850000000000003,BULL,37.875193683374135,JIOFIN.NS
CURRENT,JIOFIN,NSE,2026-05-13,2026-05-14,2026-05-22,SHORT,233.0,238.825,221.35,238.825,STOP_LOSS,7,-2.499999999999995,-2.649999999999995,BEAR,39.715089941039196,JIOFIN.NS
CURRENT,JIOFIN,NSE,2026-07-08,2026-07-09,2026-07-10,SHORT,231.0,236.77499999999998,219.45,236.77499999999998,STOP_LOSS,2,-2.4999999999999902,-2.64999999999999,NEUTRAL,38.6475771950527,JIOFIN.NS
CURRENT,JIOFIN,NSE,2026-07-29,2026-07-30,2026-08-03,LONG,248.75,242.53125,261.1875,261.1875,TARGET,3,5.0,4.85,NEUTRAL,62.126444047318465,JIOFIN.NS
LONG_RSI_ZONE,JIOFIN,NSE,2024-12-20,2024-12-23,2025-01-07,SHORT,308.79998779296875,316.51998748779295,293.3599884033203,299.1499938964844,TIME_EXIT,11,3.1249981470057886,2.9749981470057887,NEUTRAL,32.23451778379092,JIOFIN.NS
LONG_RSI_ZONE,JIOFIN,NSE,2025-04-16,2025-04-17,2025-04-23,LONG,242.94000244140625,236.8665023803711,255.08700256347657,255.08700256347657,TARGET,4,5.000000000000004,4.850000000000004,NEUTRAL,60.29407344469587,JIOFIN.NS
LONG_RSI_ZONE,JIOFIN,NSE,2025-08-01,2025-08-04,2025-08-07,LONG,329.8500061035156,321.60375595092773,346.3425064086914,321.60375595092773,STOP_LOSS,4,-2.5,-2.65,BULL,62.99258183444698,JIOFIN.NS
LONG_RSI_ZONE,JIOFIN,NSE,2025-09-24,2025-09-25,2025-10-07,SHORT,306.75,314.41875,291.41249999999997,314.41875,STOP_LOSS,8,-2.4999999999999964,-2.6499999999999964,BULL,37.06904459154683,JIOFIN.NS
LONG_RSI_ZONE,JIOFIN,NSE,2025-11-06,2025-11-07,2025-11-11,SHORT,297.0,304.42499999999995,282.15,304.42499999999995,STOP_LOSS,3,-2.4999999999999845,-2.6499999999999844,BULL,35.7425290838499,JIOFIN.NS
LONG_RSI_ZONE,JIOFIN,NSE,2026-01-09,2026-01-12,2026-01-20,SHORT,287.25,294.43125,272.8875,272.8875,TARGET,7,5.0000000000000036,4.850000000000003,BULL,37.875193683374135,JIOFIN.NS
LONG_RSI_ZONE,JIOFIN,NSE,2026-05-13,2026-05-14,2026-05-22,SHORT,233.0,238.825,221.35,238.825,STOP_LOSS,7,-2.499999999999995,-2.649999999999995,BEAR,39.715089941039196,JIOFIN.NS
LONG_RSI_ZONE,JIOFIN,NSE,2026-07-08,2026-07-09,2026-07-10,SHORT,231.0,236.77499999999998,219.45,236.77499999999998,STOP_LOSS,2,-2.4999999999999902,-2.64999999999999,NEUTRAL,38.6475771950527,JIOFIN.NS
LONG_RSI_ZONE,JIOFIN,NSE,2026-07-29,2026-07-30,2026-08-03,LONG,248.75,242.53125,261.1875,261.1875,TARGET,3,5.0,4.85,NEUTRAL,62.126444047318465,JIOFIN.NS
SHORT_RSI_ZONE,JIOFIN,NSE,2024-12-20,2024-12-23,2025-01-07,SHORT,308.79998779296875,316.51998748779295,293.3599884033203,299.1499938964844,TIME_EXIT,11,3.1249981470057886,2.9749981470057887,NEUTRAL,32.23451778379092,JIOFIN.NS
SHORT_RSI_ZONE,JIOFIN,NSE,2025-04-16,2025-04-17,2025-04-23,LONG,242.94000244140625,236.8665023803711,255.08700256347657,255.08700256347657,TARGET,4,5.000000000000004,4.850000000000004,NEUTRAL,60.29407344469587,JIOFIN.NS
SHORT_RSI_ZONE,JIOFIN,NSE,2025-08-01,2025-08-04,2025-08-07,LONG,329.8500061035156,321.60375595092773,346.3425064086914,321.60375595092773,STOP_LOSS,4,-2.5,-2.65,BULL,62.99258183444698,JIOFIN.NS
SHORT_RSI_ZONE,JIOFIN,NSE,2025-09-24,2025-09-25,2025-10-07,SHORT,306.75,314.41875,291.41249999999997,314.41875,STOP_LOSS,8,-2.4999999999999964,-2.6499999999999964,BULL,37.06904459154683,JIOFIN.NS
SHORT_RSI_ZONE,JIOFIN,NSE,2025-11-06,2025-11-07,2025-11-11,SHORT,297.0,304.42499999999995,282.15,304.42499999999995,STOP_LOSS,3,-2.4999999999999845,-2.6499999999999844,BULL,35.7425290838499,JIOFIN.NS
SHORT_RSI_ZONE,JIOFIN,NSE,2026-01-09,2026-01-12,2026-01-20,SHORT,287.25,294.43125,272.8875,272.8875,TARGET,7,5.0000000000000036,4.850000000000003,BULL,37.875193683374135,JIOFIN.NS
SHORT_RSI_ZONE,JIOFIN,NSE,2026-05-13,2026-05-14,2026-05-22,SHORT,233.0,238.825,221.35,238.825,STOP_LOSS,7,-2.499999999999995,-2.649999999999995,BEAR,39.715089941039196,JIOFIN.NS
SHORT_RSI_ZONE,JIOFIN,NSE,2026-07-08,2026-07-09,2026-07-10,SHORT,231.0,236.77499999999998,219.45,236.77499999999998,STOP_LOSS,2,-2.4999999999999902,-2.64999999999999,NEUTRAL,38.6475771950527,JIOFIN.NS
SHORT_RSI_ZONE,JIOFIN,NSE,2026-07-29,2026-07-30,2026-08-03,LONG,248.75,242.53125,261.1875,261.1875,TARGET,3,5.0,4.85,NEUTRAL,62.126444047318465,JIOFIN.NS
BOTH_RSI_ZONE,JIOFIN,NSE,2024-12-20,2024-12-23,2025-01-07,SHORT,308.79998779296875,316.51998748779295,293.3599884033203,299.1499938964844,TIME_EXIT,11,3.1249981470057886,2.9749981470057887,NEUTRAL,32.23451778379092,JIOFIN.NS
BOTH_RSI_ZONE,JIOFIN,NSE,2025-04-16,2025-04-17,2025-04-23,LONG,242.94000244140625,236.8665023803711,255.08700256347657,255.08700256347657,TARGET,4,5.000000000000004,4.850000000000004,NEUTRAL,60.29407344469587,JIOFIN.NS
BOTH_RSI_ZONE,JIOFIN,NSE,2025-08-01,2025-08-04,2025-08-07,LONG,329.8500061035156,321.60375595092773,346.3425064086914,321.60375595092773,STOP_LOSS,4,-2.5,-2.65,BULL,62.99258183444698,JIOFIN.NS
BOTH_RSI_ZONE,JIOFIN,NSE,2025-09-24,2025-09-25,2025-10-07,SHORT,306.75,314.41875,291.41249999999997,314.41875,STOP_LOSS,8,-2.4999999999999964,-2.6499999999999964,BULL,37.06904459154683,JIOFIN.NS
BOTH_RSI_ZONE,JIOFIN,NSE,2025-11-06,2025-11-07,2025-11-11,SHORT,297.0,304.42499999999995,282.15,304.42499999999995,STOP_LOSS,3,-2.4999999999999845,-2.6499999999999844,BULL,35.7425290838499,JIOFIN.NS
BOTH_RSI_ZONE,JIOFIN,NSE,2026-01-09,2026-01-12,2026-01-20,SHORT,287.25,294.43125,272.8875,272.8875,TARGET,7,5.0000000000000036,4.850000000000003,BULL,37.875193683374135,JIOFIN.NS
BOTH_RSI_ZONE,JIOFIN,NSE,2026-05-13,2026-05-14,2026-05-22,SHORT,233.0,238.825,221.35,238.825,STOP_LOSS,7,-2.499999999999995,-2.649999999999995,BEAR,39.715089941039196,JIOFIN.NS
BOTH_RSI_ZONE,JIOFIN,NSE,2026-07-08,2026-07-09,2026-07-10,SHORT,231.0,236.77499999999998,219.45,236.77499999999998,STOP_LOSS,2,-2.4999999999999902,-2.64999999999999,NEUTRAL,38.6475771950527,JIOFIN.NS
BOTH_RSI_ZONE,JIOFIN,NSE,2026-07-29,2026-07-30,2026-08-03,LONG,248.75,242.53125,261.1875,261.1875,TARGET,3,5.0,4.85,NEUTRAL,62.126444047318465,JIOFIN.NS
LONG_RSI_ZONE_NO_NEUTRAL,JIOFIN,NSE,2025-08-01,2025-08-04,2025-08-07,LONG,329.8500061035156,321.60375595092773,346.3425064086914,321.60375595092773,STOP_LOSS,4,-2.5,-2.65,BULL,62.99258183444698,JIOFIN.NS
LONG_RSI_ZONE_NO_NEUTRAL,JIOFIN,NSE,2025-09-24,2025-09-25,2025-10-07,SHORT,306.75,314.41875,291.41249999999997,314.41875,STOP_LOSS,8,-2.4999999999999964,-2.6499999999999964,BULL,37.06904459154683,JIOFIN.NS
LONG_RSI_ZONE_NO_NEUTRAL,JIOFIN,NSE,2025-11-06,2025-11-07,2025-11-11,SHORT,297.0,304.42499999999995,282.15,304.42499999999995,STOP_LOSS,3,-2.4999999999999845,-2.6499999999999844,BULL,35.7425290838499,JIOFIN.NS
LONG_RSI_ZONE_NO_NEUTRAL,JIOFIN,NSE,2026-01-09,2026-01-12,2026-01-20,SHORT,287.25,294.43125,272.8875,272.8875,TARGET,7,5.0000000000000036,4.850000000000003,BULL,37.875193683374135,JIOFIN.NS
LONG_RSI_ZONE_NO_NEUTRAL,JIOFIN,NSE,2026-05-13,2026-05-14,2026-05-22,SHORT,233.0,238.825,221.35,238.825,STOP_LOSS,7,-2.499999999999995,-2.649999999999995,BEAR,39.715089941039196,JIOFIN.NS
LONG_RSI_ZONE_BEAR_ONLY,JIOFIN,NSE,2026-05-13,2026-05-14,2026-05-22,SHORT,233.0,238.825,221.35,238.825,STOP_LOSS,7,-2.499999999999995,-2.649999999999995,BEAR,39.715089941039196,JIOFIN.NS
CURRENT,IDBI,NSE,2024-11-13,2024-11-14,2024-11-14,SHORT,77.0,78.925,73.14999999999999,78.925,STOP_LOSS,1,-2.4999999999999964,-2.6499999999999964,NEUTRAL,35.15818399920043,IDBI.NS
CURRENT,IDBI,NSE,2024-12-18,2024-12-19,2025-01-03,SHORT,77.5,79.4375,73.625,77.5199966430664,TIME_EXIT,11,-0.025802120085685484,-0.17580212008568546,NEUTRAL,38.00179789961264,IDBI.NS
CURRENT,IDBI,NSE,2025-01-20,2025-01-21,2025-01-21,LONG,86.5,84.33749999999999,90.825,84.33749999999999,STOP_LOSS,1,-2.5000000000000098,-2.6500000000000097,NEUTRAL,62.16421024352925,IDBI.NS
CURRENT,IDBI,NSE,2025-02-14,2025-02-17,2025-02-19,SHORT,71.5999984741211,73.38999843597412,68.01999855041504,73.38999843597412,STOP_LOSS,3,-2.5,-2.65,NEUTRAL,39.06560551651288,IDBI.NS
CURRENT,IDBI,NSE,2025-05-14,2025-05-15,2025-05-19,LONG,85.93000030517578,83.78175029754638,90.22650032043457,90.22650032043457,TARGET,3,4.9999999999999964,4.849999999999996,NEUTRAL,62.35960820803737,IDBI.NS
CURRENT,IDBI,NSE,2025-06-30,2025-07-01,2025-07-04,LONG,103.44000244140624,100.85400238037107,108.61200256347655,100.85400238037107,STOP_LOSS,4,-2.5000000000000084,-2.6500000000000083,BULL,69.01431732355476,IDBI.NS
CURRENT,IDBI,NSE,2026-02-04,2026-02-05,2026-02-05,LONG,109.8000030517578,107.05500297546385,115.2900032043457,107.05500297546385,STOP_LOSS,1,-2.500000000000003,-2.650000000000003,NEUTRAL,63.564178416690645,IDBI.NS
CURRENT,IDBI,NSE,2026-08-25,2026-08-26,2026-08-26,LONG,87.3499984741211,85.16624851226807,91.71749839782716,91.71749839782716,TARGET,1,5.00000000000001,4.850000000000009,NEUTRAL,67.18823736302036,IDBI.NS
LONG_RSI_ZONE,IDBI,NSE,2024-11-13,2024-11-14,2024-11-14,SHORT,77.0,78.925,73.14999999999999,78.925,STOP_LOSS,1,-2.4999999999999964,-2.6499999999999964,NEUTRAL,35.15818399920043,IDBI.NS
LONG_RSI_ZONE,IDBI,NSE,2024-12-18,2024-12-19,2025-01-03,SHORT,77.5,79.4375,73.625,77.5199966430664,TIME_EXIT,11,-0.025802120085685484,-0.17580212008568546,NEUTRAL,38.00179789961264,IDBI.NS
LONG_RSI_ZONE,IDBI,NSE,2025-01-20,2025-01-21,2025-01-21,LONG,86.5,84.33749999999999,90.825,84.33749999999999,STOP_LOSS,1,-2.5000000000000098,-2.6500000000000097,NEUTRAL,62.16421024352925,IDBI.NS
LONG_RSI_ZONE,IDBI,NSE,2025-02-14,2025-02-17,2025-02-19,SHORT,71.5999984741211,73.38999843597412,68.01999855041504,73.38999843597412,STOP_LOSS,3,-2.5,-2.65,NEUTRAL,39.06560551651288,IDBI.NS
LONG_RSI_ZONE,IDBI,NSE,2025-05-14,2025-05-15,2025-05-19,LONG,85.93000030517578,83.78175029754638,90.22650032043457,90.22650032043457,TARGET,3,4.9999999999999964,4.849999999999996,NEUTRAL,62.35960820803737,IDBI.NS
LONG_RSI_ZONE,IDBI,NSE,2026-02-04,2026-02-05,2026-02-05,LONG,109.8000030517578,107.05500297546385,115.2900032043457,107.05500297546385,STOP_LOSS,1,-2.500000000000003,-2.650000000000003,NEUTRAL,63.564178416690645,IDBI.NS
SHORT_RSI_ZONE,IDBI,NSE,2024-11-13,2024-11-14,2024-11-14,SHORT,77.0,78.925,73.14999999999999,78.925,STOP_LOSS,1,-2.4999999999999964,-2.6499999999999964,NEUTRAL,35.15818399920043,IDBI.NS
SHORT_RSI_ZONE,IDBI,NSE,2024-12-18,2024-12-19,2025-01-03,SHORT,77.5,79.4375,73.625,77.5199966430664,TIME_EXIT,11,-0.025802120085685484,-0.17580212008568546,NEUTRAL,38.00179789961264,IDBI.NS
SHORT_RSI_ZONE,IDBI,NSE,2025-01-20,2025-01-21,2025-01-21,LONG,86.5,84.33749999999999,90.825,84.33749999999999,STOP_LOSS,1,-2.5000000000000098,-2.6500000000000097,NEUTRAL,62.16421024352925,IDBI.NS
SHORT_RSI_ZONE,IDBI,NSE,2025-02-14,2025-02-17,2025-02-19,SHORT,71.5999984741211,73.38999843597412,68.01999855041504,73.38999843597412,STOP_LOSS,3,-2.5,-2.65,NEUTRAL,39.06560551651288,IDBI.NS
SHORT_RSI_ZONE,IDBI,NSE,2025-05-14,2025-05-15,2025-05-19,LONG,85.93000030517578,83.78175029754638,90.22650032043457,90.22650032043457,TARGET,3,4.9999999999999964,4.849999999999996,NEUTRAL,62.35960820803737,IDBI.NS
SHORT_RSI_ZONE,IDBI,NSE,2025-06-30,2025-07-01,2025-07-04,LONG,103.44000244140624,100.85400238037107,108.61200256347655,100.85400238037107,STOP_LOSS,4,-2.5000000000000084,-2.6500000000000083,BULL,69.01431732355476,IDBI.NS
SHORT_RSI_ZONE,IDBI,NSE,2026-02-04,2026-02-05,2026-02-05,LONG,109.8000030517578,107.05500297546385,115.2900032043457,107.05500297546385,STOP_LOSS,1,-2.500000000000003,-2.650000000000003,NEUTRAL,63.564178416690645,IDBI.NS
SHORT_RSI_ZONE,IDBI,NSE,2026-08-25,2026-08-26,2026-08-26,LONG,87.3499984741211,85.16624851226807,91.71749839782716,91.71749839782716,TARGET,1,5.00000000000001,4.850000000000009,NEUTRAL,67.18823736302036,IDBI.NS
BOTH_RSI_ZONE,IDBI,NSE,2024-11-13,2024-11-14,2024-11-14,SHORT,77.0,78.925,73.14999999999999,78.925,STOP_LOSS,1,-2.4999999999999964,-2.6499999999999964,NEUTRAL,35.15818399920043,IDBI.NS
BOTH_RSI_ZONE,IDBI,NSE,2024-12-18,2024-12-19,2025-01-03,SHORT,77.5,79.4375,73.625,77.5199966430664,TIME_EXIT,11,-0.025802120085685484,-0.17580212008568546,NEUTRAL,38.00179789961264,IDBI.NS
BOTH_RSI_ZONE,IDBI,NSE,2025-01-20,2025-01-21,2025-01-21,LONG,86.5,84.33749999999999,90.825,84.33749999999999,STOP_LOSS,1,-2.5000000000000098,-2.6500000000000097,NEUTRAL,62.16421024352925,IDBI.NS
BOTH_RSI_ZONE,IDBI,NSE,2025-02-14,2025-02-17,2025-02-19,SHORT,71.5999984741211,73.38999843597412,68.01999855041504,73.38999843597412,STOP_LOSS,3,-2.5,-2.65,NEUTRAL,39.06560551651288,IDBI.NS
BOTH_RSI_ZONE,IDBI,NSE,2025-05-14,2025-05-15,2025-05-19,LONG,85.93000030517578,83.78175029754638,90.22650032043457,90.22650032043457,TARGET,3,4.9999999999999964,4.849999999999996,NEUTRAL,62.35960820803737,IDBI.NS
BOTH_RSI_ZONE,IDBI,NSE,2026-02-04,2026-02-05,2026-02-05,LONG,109.8000030517578,107.05500297546385,115.2900032043457,107.05500297546385,STOP_LOSS,1,-2.500000000000003,-2.650000000000003,NEUTRAL,63.564178416690645,IDBI.NS
