signal_date,entry_date,exit_date,direction,entry_price,stop_loss,target,exit_price,exit_reason,holding_days,gross_pnl_pct,net_pnl_pct,variant,symbol,exchange
2024-09-30,2024-10-01,2024-10-04,SHORT,16.399999618530273,16.80999960899353,15.579999637603759,15.579999637603759,TARGET,2,5.000000000000004,4.850000000000004,CURRENT,CUPID,BSE
2025-04-17,2025-04-21,2025-04-21,LONG,14.961999893188477,14.587949895858765,15.710099887847901,14.587949895858765,STOP_LOSS,0,-2.499999999999998,-2.6499999999999977,CURRENT,CUPID,BSE
2025-07-01,2025-07-02,2025-07-11,LONG,21.709999084472656,21.16724910736084,22.79549903869629,22.79549903869629,TARGET,7,4.9999999999999964,4.849999999999996,CURRENT,CUPID,BSE
2026-02-10,2026-02-11,2026-02-13,LONG,87.27999877929688,85.09799880981446,91.64399871826173,85.09799880981446,STOP_LOSS,2,-2.4999999999999964,-2.6499999999999964,CURRENT,CUPID,BSE
2026-02-20,2026-02-23,2026-02-25,LONG,85.18000030517578,83.05050029754638,89.43900032043457,83.05050029754638,STOP_LOSS,2,-2.5000000000000098,-2.6500000000000097,CURRENT,CUPID,BSE
2026-03-02,2026-03-04,2026-03-04,SHORT,75.01000213623047,76.88525218963622,71.25950202941894,76.88525218963622,STOP_LOSS,0,-2.499999999999985,-2.649999999999985,CURRENT,CUPID,BSE
2026-03-10,2026-03-11,2026-03-11,LONG,91.9499969482422,89.65124702453615,96.54749679565431,89.65124702453615,STOP_LOSS,0,-2.4999999999999996,-2.6499999999999995,CURRENT,CUPID,BSE
2026-04-06,2026-04-07,2026-04-07,LONG,88.29000091552734,86.08275089263915,92.70450096130371,86.08275089263915,STOP_LOSS,0,-2.500000000000006,-2.650000000000006,CURRENT,CUPID,BSE
2024-09-30,2024-10-01,2024-10-04,SHORT,16.399999618530273,16.80999960899353,15.579999637603759,15.579999637603759,TARGET,2,5.000000000000004,4.850000000000004,LONG_RSI_ZONE,CUPID,BSE
2026-02-10,2026-02-11,2026-02-13,LONG,87.27999877929688,85.09799880981446,91.64399871826173,85.09799880981446,STOP_LOSS,2,-2.4999999999999964,-2.6499999999999964,LONG_RSI_ZONE,CUPID,BSE
2026-03-02,2026-03-04,2026-03-04,SHORT,75.01000213623047,76.88525218963622,71.25950202941894,76.88525218963622,STOP_LOSS,0,-2.499999999999985,-2.649999999999985,LONG_RSI_ZONE,CUPID,BSE
2026-03-10,2026-03-11,2026-03-11,LONG,91.9499969482422,89.65124702453615,96.54749679565431,89.65124702453615,STOP_LOSS,0,-2.4999999999999996,-2.6499999999999995,LONG_RSI_ZONE,CUPID,BSE
2025-05-16,2025-05-19,2025-05-22,LONG,406.3999938964844,396.23999404907227,426.7199935913086,396.23999404907227,STOP_LOSS,3,-2.5,-2.65,CURRENT,COALINDIA,BSE
2025-10-24,2025-10-27,2025-10-29,LONG,395.9500122070313,386.0512619018555,415.74751281738287,386.0512619018555,STOP_LOSS,2,-2.5,-2.65,CURRENT,COALINDIA,BSE
2025-11-06,2025-11-07,2025-11-10,SHORT,372.5499877929688,381.863737487793,353.92248840332036,381.863737487793,STOP_LOSS,1,-2.4999999999999933,-2.6499999999999932,CURRENT,COALINDIA,BSE
2025-11-21,2025-11-24,2025-12-08,SHORT,378.2000122070313,387.65501251220707,359.29001159667973,377.1499938964844,TIME_EXIT,10,0.2776357156678617,0.12763571566786172,CURRENT,COALINDIA,BSE
2026-04-29,2026-04-30,2026-05-05,LONG,485.6000061035156,473.4600059509277,509.88000640869143,473.4600059509277,STOP_LOSS,2,-2.500000000000002,-2.650000000000002,CURRENT,COALINDIA,BSE
2025-05-16,2025-05-19,2025-05-22,LONG,406.3999938964844,396.23999404907227,426.7199935913086,396.23999404907227,STOP_LOSS,3,-2.5,-2.65,LONG_RSI_ZONE,COALINDIA,BSE
2025-11-06,2025-11-07,2025-11-10,SHORT,372.5499877929688,381.863737487793,353.92248840332036,381.863737487793,STOP_LOSS,1,-2.4999999999999933,-2.6499999999999932,LONG_RSI_ZONE,COALINDIA,BSE
2025-11-21,2025-11-24,2025-12-08,SHORT,378.2000122070313,387.65501251220707,359.29001159667973,377.1499938964844,TIME_EXIT,10,0.2776357156678617,0.12763571566786172,LONG_RSI_ZONE,COALINDIA,BSE
2024-12-20,2024-12-23,2025-01-06,SHORT,142.64999389648438,146.21624374389648,135.51749420166016,135.51749420166016,TARGET,8,5.0,4.85,CURRENT,TATASTEEL,BSE
2025-07-01,2025-07-02,2025-07-03,LONG,160.10000610351562,156.09750595092774,168.10500640869142,168.10500640869142,TARGET,1,5.000000000000011,4.85000000000001,CURRENT,TATASTEEL,BSE
2025-08-22,2025-08-25,2025-08-26,LONG,159.0,155.025,166.95000000000002,155.025,STOP_LOSS,1,-2.4999999999999964,-2.6499999999999964,CURRENT,TATASTEEL,BSE
2025-08-28,2025-08-29,2025-09-02,SHORT,154.25,158.10625,146.5375,158.10625,STOP_LOSS,1,-2.4999999999999925,-2.6499999999999924,CURRENT,TATASTEEL,BSE
2025-09-04,2025-09-05,2025-09-19,LONG,166.8000030517578,162.63000297546387,175.1400032043457,171.5,TIME_EXIT,10,2.8177439222131095,2.6677439222131096,CURRENT,TATASTEEL,BSE
2026-04-08,2026-04-09,2026-04-21,LONG,203.6999969482422,198.60749702453612,213.8849967956543,213.8849967956543,TARGET,7,5.000000000000003,4.850000000000002,CURRENT,TATASTEEL,BSE
2024-12-20,2024-12-23,2025-01-06,SHORT,142.64999389648438,146.21624374389648,135.51749420166016,135.51749420166016,TARGET,8,5.0,4.85,LONG_RSI_ZONE,TATASTEEL,BSE
2025-07-01,2025-07-02,2025-07-03,LONG,160.10000610351562,156.09750595092774,168.10500640869142,168.10500640869142,TARGET,1,5.000000000000011,4.85000000000001,LONG_RSI_ZONE,TATASTEEL,BSE
2025-08-22,2025-08-25,2025-08-26,LONG,159.0,155.025,166.95000000000002,155.025,STOP_LOSS,1,-2.4999999999999964,-2.6499999999999964,LONG_RSI_ZONE,TATASTEEL,BSE
2025-08-28,2025-08-29,2025-09-02,SHORT,154.25,158.10625,146.5375,158.10625,STOP_LOSS,1,-2.4999999999999925,-2.6499999999999924,LONG_RSI_ZONE,TATASTEEL,BSE
2025-01-27,2025-01-28,2025-01-29,SHORT,101.8499984741211,104.39624843597412,96.75749855041504,104.39624843597412,STOP_LOSS,1,-2.4999999999999947,-2.6499999999999946,CURRENT,VMM,BSE
2025-02-04,2025-02-05,2025-02-05,LONG,123.8499984741211,120.75374851226806,130.04249839782716,120.75374851226806,STOP_LOSS,0,-2.5000000000000044,-2.6500000000000044,CURRENT,VMM,BSE
2026-01-06,2026-01-07,2026-01-20,SHORT,131.1999969482422,134.47999687194823,124.63999710083007,124.63999710083007,TARGET,8,5.000000000000004,4.850000000000004,CURRENT,VMM,BSE
2026-03-04,2026-03-05,2026-03-09,SHORT,113.0,115.82499999999999,107.35,107.35,TARGET,2,5.000000000000005,4.850000000000005,CURRENT,VMM,BSE
2025-01-27,2025-01-28,2025-01-29,SHORT,101.8499984741211,104.39624843597412,96.75749855041504,104.39624843597412,STOP_LOSS,1,-2.4999999999999947,-2.6499999999999946,LONG_RSI_ZONE,VMM,BSE
2025-02-05,2025-02-06,2025-02-06,LONG,121.5500030517578,118.51125297546385,127.6275032043457,118.51125297546385,STOP_LOSS,0,-2.500000000000005,-2.650000000000005,LONG_RSI_ZONE,VMM,BSE
2026-01-06,2026-01-07,2026-01-20,SHORT,131.1999969482422,134.47999687194823,124.63999710083007,124.63999710083007,TARGET,8,5.000000000000004,4.850000000000004,LONG_RSI_ZONE,VMM,BSE
2026-03-04,2026-03-05,2026-03-09,SHORT,113.0,115.82499999999999,107.35,107.35,TARGET,2,5.000000000000005,4.850000000000005,LONG_RSI_ZONE,VMM,BSE
2024-10-07,2024-10-08,2024-10-08,SHORT,126.0500030517578,129.20125312805172,119.7475028991699,129.20125312805172,STOP_LOSS,0,-2.49999999999998,-2.64999999999998,CURRENT,ZEEL,BSE
2025-05-13,2025-05-14,2025-05-19,LONG,125.0,121.875,131.25,131.25,TARGET,3,5.0,4.85,CURRENT,ZEEL,BSE
2026-03-02,2026-03-04,2026-03-09,SHORT,83.0,85.07499999999999,78.85,78.85,TARGET,3,5.000000000000006,4.850000000000006,CURRENT,ZEEL,BSE
2026-06-01,2026-06-02,2026-06-03,LONG,94.4000015258789,92.04000148773193,99.12000160217285,92.04000148773193,STOP_LOSS,1,-2.500000000000006,-2.650000000000006,CURRENT,ZEEL,BSE
2026-08-05,2026-08-06,2026-08-11,SHORT,95.0999984741211,97.47749843597411,90.34499855041504,90.34499855041504,TARGET,3,4.9999999999999964,4.849999999999996,CURRENT,ZEEL,BSE
2026-08-21,2026-08-24,2026-08-24,LONG,109.1999969482422,106.46999702453614,114.65999679565432,106.46999702453614,STOP_LOSS,0,-2.500000000000005,-2.650000000000005,CURRENT,ZEEL,BSE
2026-09-03,2026-09-04,2026-09-04,SHORT,92.41000366210938,94.7202537536621,87.7895034790039,91.33999633789062,TIME_EXIT,0,1.1578912258581395,1.0078912258581396,CURRENT,ZEEL,BSE
2024-10-07,2024-10-08,2024-10-08,SHORT,126.0500030517578,129.20125312805172,119.7475028991699,129.20125312805172,STOP_LOSS,0,-2.49999999999998,-2.64999999999998,LONG_RSI_ZONE,ZEEL,BSE
2025-05-13,2025-05-14,2025-05-19,LONG,125.0,121.875,131.25,131.25,TARGET,3,5.0,4.85,LONG_RSI_ZONE,ZEEL,BSE
2026-03-02,2026-03-04,2026-03-09,SHORT,83.0,85.07499999999999,78.85,78.85,TARGET,3,5.000000000000006,4.850000000000006,LONG_RSI_ZONE,ZEEL,BSE
2026-06-01,2026-06-02,2026-06-03,LONG,94.4000015258789,92.04000148773193,99.12000160217285,92.04000148773193,STOP_LOSS,1,-2.500000000000006,-2.650000000000006,LONG_RSI_ZONE,ZEEL,BSE
2026-08-05,2026-08-06,2026-08-11,SHORT,95.0999984741211,97.47749843597411,90.34499855041504,90.34499855041504,TARGET,3,4.9999999999999964,4.849999999999996,LONG_RSI_ZONE,ZEEL,BSE
2026-08-21,2026-08-24,2026-08-24,LONG,109.1999969482422,106.46999702453614,114.65999679565432,106.46999702453614,STOP_LOSS,0,-2.500000000000005,-2.650000000000005,LONG_RSI_ZONE,ZEEL,BSE
2026-09-03,2026-09-04,2026-09-04,SHORT,92.41000366210938,94.7202537536621,87.7895034790039,91.33999633789062,TIME_EXIT,0,1.1578912258581395,1.0078912258581396,LONG_RSI_ZONE,ZEEL,BSE
2025-03-26,2025-03-27,2025-03-28,SHORT,204.25,209.35625,194.0375,209.35625,STOP_LOSS,1,-2.4999999999999947,-2.6499999999999946,CURRENT,ETERNAL,BSE
2026-01-23,2026-01-27,2026-01-29,SHORT,260.8999938964844,267.42249374389644,247.85499420166013,267.42249374389644,STOP_LOSS,2,-2.4999999999999822,-2.649999999999982,CURRENT,ETERNAL,BSE
2026-02-24,2026-02-25,2026-03-02,SHORT,255.5,261.8875,242.725,242.725,TARGET,3,5.000000000000003,4.850000000000002,CURRENT,ETERNAL,BSE
2026-05-14,2026-05-15,2026-05-26,SHORT,244.6999969482422,250.8174968719482,232.46499710083006,250.8174968719482,STOP_LOSS,7,-2.499999999999986,-2.6499999999999857,CURRENT,ETERNAL,BSE
2026-06-19,2026-06-22,2026-06-23,LONG,265.8500061035156,259.2037559509277,279.1425064086914,259.2037559509277,STOP_LOSS,1,-2.500000000000013,-2.650000000000013,CURRENT,ETERNAL,BSE
2025-03-26,2025-03-27,2025-03-28,SHORT,204.25,209.35625,194.0375,209.35625,STOP_LOSS,1,-2.4999999999999947,-2.6499999999999946,LONG_RSI_ZONE,ETERNAL,BSE
2026-01-23,2026-01-27,2026-01-29,SHORT,260.8999938964844,267.42249374389644,247.85499420166013,267.42249374389644,STOP_LOSS,2,-2.4999999999999822,-2.649999999999982,LONG_RSI_ZONE,ETERNAL,BSE
2026-02-24,2026-02-25,2026-03-02,SHORT,255.5,261.8875,242.725,242.725,TARGET,3,5.000000000000003,4.850000000000002,LONG_RSI_ZONE,ETERNAL,BSE
2026-05-14,2026-05-15,2026-05-26,SHORT,244.6999969482422,250.8174968719482,232.46499710083006,250.8174968719482,STOP_LOSS,7,-2.499999999999986,-2.6499999999999857,LONG_RSI_ZONE,ETERNAL,BSE
2026-06-19,2026-06-22,2026-06-23,LONG,265.8500061035156,259.2037559509277,279.1425064086914,259.2037559509277,STOP_LOSS,1,-2.500000000000013,-2.650000000000013,LONG_RSI_ZONE,ETERNAL,BSE
2024-12-23,2024-12-24,2025-01-03,SHORT,457.3500061035156,468.78375625610346,434.48250579833984,468.78375625610346,STOP_LOSS,7,-2.4999999999999876,-2.6499999999999875,CURRENT,PFC,BSE
2025-04-21,2025-04-22,2025-04-23,LONG,436.1000061035156,425.19750595092773,457.9050064086914,425.19750595092773,STOP_LOSS,1,-2.5,-2.65,CURRENT,PFC,BSE
2025-05-28,2025-05-29,2025-05-30,LONG,415.9500122070313,405.5512619018555,436.74751281738287,405.5512619018555,STOP_LOSS,1,-2.5,-2.65,CURRENT,PFC,BSE
2025-06-09,2025-06-10,2025-06-12,LONG,435.0,424.125,456.75,424.125,STOP_LOSS,2,-2.5,-2.65,CURRENT,PFC,BSE
2025-06-18,2025-06-19,2025-06-20,SHORT,395.8999938964844,405.79749374389644,376.10499420166013,405.79749374389644,STOP_LOSS,1,-2.4999999999999885,-2.6499999999999884,CURRENT,PFC,BSE
2025-10-14,2025-10-15,2025-10-29,SHORT,399.8999938964844,409.89749374389646,379.90499420166014,409.89749374389646,STOP_LOSS,9,-2.4999999999999942,-2.649999999999994,CURRENT,PFC,BSE
2025-11-06,2025-11-07,2025-11-07,SHORT,384.5499877929688,394.163737487793,365.32248840332034,394.163737487793,STOP_LOSS,0,-2.4999999999999964,-2.6499999999999964,CURRENT,PFC,BSE
2026-02-02,2026-02-03,2026-02-03,LONG,404.0,393.9,424.20000000000005,393.9,STOP_LOSS,0,-2.5000000000000058,-2.6500000000000057,CURRENT,PFC,BSE
2026-04-13,2026-04-15,2026-04-16,LONG,435.1000061035156,424.2225059509277,456.85500640869145,456.85500640869145,TARGET,1,5.000000000000011,4.85000000000001,CURRENT,PFC,BSE
2026-08-10,2026-08-11,2026-08-20,SHORT,386.0,395.65,366.7,366.7,TARGET,7,5.000000000000003,4.850000000000002,CURRENT,PFC,BSE
2024-12-23,2024-12-24,2025-01-03,SHORT,457.3500061035156,468.78375625610346,434.48250579833984,468.78375625610346,STOP_LOSS,7,-2.4999999999999876,-2.6499999999999875,LONG_RSI_ZONE,PFC,BSE
2025-04-21,2025-04-22,2025-04-23,LONG,436.1000061035156,425.19750595092773,457.9050064086914,425.19750595092773,STOP_LOSS,1,-2.5,-2.65,LONG_RSI_ZONE,PFC,BSE
2025-05-28,2025-05-29,2025-05-30,LONG,415.9500122070313,405.5512619018555,436.74751281738287,405.5512619018555,STOP_LOSS,1,-2.5,-2.65,LONG_RSI_ZONE,PFC,BSE
2025-06-18,2025-06-19,2025-06-20,SHORT,395.8999938964844,405.79749374389644,376.10499420166013,405.79749374389644,STOP_LOSS,1,-2.4999999999999885,-2.6499999999999884,LONG_RSI_ZONE,PFC,BSE
2025-10-14,2025-10-15,2025-10-29,SHORT,399.8999938964844,409.89749374389646,379.90499420166014,409.89749374389646,STOP_LOSS,9,-2.4999999999999942,-2.649999999999994,LONG_RSI_ZONE,PFC,BSE
2025-11-06,2025-11-07,2025-11-07,SHORT,384.5499877929688,394.163737487793,365.32248840332034,394.163737487793,STOP_LOSS,0,-2.4999999999999964,-2.6499999999999964,LONG_RSI_ZONE,PFC,BSE
2026-02-02,2026-02-03,2026-02-03,LONG,404.0,393.9,424.20000000000005,393.9,STOP_LOSS,0,-2.5000000000000058,-2.6500000000000057,LONG_RSI_ZONE,PFC,BSE
2026-04-13,2026-04-15,2026-04-16,LONG,435.1000061035156,424.2225059509277,456.85500640869145,456.85500640869145,TARGET,1,5.000000000000011,4.85000000000001,LONG_RSI_ZONE,PFC,BSE
2026-08-10,2026-08-11,2026-08-20,SHORT,386.0,395.65,366.7,366.7,TARGET,7,5.000000000000003,4.850000000000002,LONG_RSI_ZONE,PFC,BSE
2025-10-16,2025-10-17,2025-10-17,LONG,449.2999877929688,438.06748809814457,471.7649871826173,438.06748809814457,STOP_LOSS,0,-2.5000000000000044,-2.6500000000000044,CURRENT,SWIGGY,BSE
2026-07-30,2026-07-31,2026-07-31,LONG,292.25,284.94374999999997,306.8625,284.94374999999997,STOP_LOSS,0,-2.5000000000000115,-2.6500000000000115,CURRENT,SWIGGY,BSE
2026-07-30,2026-07-31,2026-07-31,LONG,292.25,284.94374999999997,306.8625,284.94374999999997,STOP_LOSS,0,-2.5000000000000115,-2.6500000000000115,LONG_RSI_ZONE,SWIGGY,BSE
2026-08-03,2026-08-04,2026-08-06,LONG,287.29998779296875,280.1174880981445,301.6649871826172,301.6649871826172,TARGET,2,5.000000000000008,4.850000000000008,LONG_RSI_ZONE,SWIGGY,BSE
2024-10-03,2024-10-04,2024-10-04,SHORT,88.12999725341797,90.3332471847534,83.72349739074707,90.3332471847534,STOP_LOSS,0,-2.499999999999984,-2.649999999999984,CURRENT,GMRAIRPORT,BSE
2024-12-20,2024-12-23,2025-01-07,SHORT,78.83999633789062,80.81099624633788,74.89799652099609,76.66000366210938,TIME_EXIT,10,2.7650846994440337,2.6150846994440338,CURRENT,GMRAIRPORT,BSE
2025-07-02,2025-07-03,2025-07-17,LONG,90.19000244140624,87.93525238037108,94.69950256347656,94.69950256347656,TARGET,10,5.00000000000001,4.850000000000009,CURRENT,GMRAIRPORT,BSE
2025-09-17,2025-09-18,2025-09-22,LONG,91.86000061035156,89.56350059509278,96.45300064086915,89.56350059509278,STOP_LOSS,2,-2.499999999999997,-2.649999999999997,CURRENT,GMRAIRPORT,BSE
2026-01-13,2026-01-14,2026-01-16,SHORT,99.0500030517578,101.52625312805174,94.09750289916991,101.52625312805174,STOP_LOSS,1,-2.499999999999992,-2.649999999999992,CURRENT,GMRAIRPORT,BSE
2026-03-09,2026-03-10,2026-03-10,SHORT,93.0500030517578,95.37625312805173,88.39750289916991,95.37625312805173,STOP_LOSS,0,-2.4999999999999853,-2.6499999999999853,CURRENT,GMRAIRPORT,BSE
2024-10-03,2024-10-04,2024-10-04,SHORT,88.12999725341797,90.3332471847534,83.72349739074707,90.3332471847534,STOP_LOSS,0,-2.499999999999984,-2.649999999999984,LONG_RSI_ZONE,GMRAIRPORT,BSE
2024-12-20,2024-12-23,2025-01-07,SHORT,78.83999633789062,80.81099624633788,74.89799652099609,76.66000366210938,TIME_EXIT,10,2.7650846994440337,2.6150846994440338,LONG_RSI_ZONE,GMRAIRPORT,BSE
2026-01-13,2026-01-14,2026-01-16,SHORT,99.0500030517578,101.52625312805174,94.09750289916991,101.52625312805174,STOP_LOSS,1,-2.499999999999992,-2.649999999999992,LONG_RSI_ZONE,GMRAIRPORT,BSE
2026-03-09,2026-03-10,2026-03-10,SHORT,93.0500030517578,95.37625312805173,88.39750289916991,95.37625312805173,STOP_LOSS,0,-2.4999999999999853,-2.6499999999999853,LONG_RSI_ZONE,GMRAIRPORT,BSE
2024-12-23,2024-12-24,2024-12-27,SHORT,33.56999969482422,34.40924968719482,31.891499710083007,34.40924968719482,STOP_LOSS,2,-2.4999999999999956,-2.6499999999999955,CURRENT,UJJIVANSFB,BSE
2025-02-03,2025-02-04,2025-02-04,LONG,37.5,36.5625,39.375,36.5625,STOP_LOSS,0,-2.5,-2.65,CURRENT,UJJIVANSFB,BSE
2025-02-19,2025-02-20,2025-02-21,SHORT,31.899999618530277,32.69749960899353,30.30499963760376,32.69749960899353,STOP_LOSS,1,-2.4999999999999933,-2.6499999999999932,CURRENT,UJJIVANSFB,BSE
2025-10-01,2025-10-03,2025-10-17,LONG,48.06999969482422,46.86824970245361,50.473499679565435,48.75,TIME_EXIT,10,1.4146043467709821,1.2646043467709822,CURRENT,UJJIVANSFB,BSE
2026-01-02,2026-01-05,2026-01-08,LONG,56.65999984741211,55.24349985122681,59.49299983978272,59.49299983978272,TARGET,3,5.000000000000007,4.850000000000007,CURRENT,UJJIVANSFB,BSE
2026-05-06,2026-05-07,2026-05-11,LONG,63.08000183105469,61.50300178527832,66.23400192260742,61.50300178527832,STOP_LOSS,2,-2.499999999999998,-2.6499999999999977,CURRENT,UJJIVANSFB,BSE
2026-05-18,2026-05-19,2026-05-26,SHORT,54.290000915527344,55.647250938415525,51.575500869750975,55.647250938415525,STOP_LOSS,5,-2.499999999999995,-2.649999999999995,CURRENT,UJJIVANSFB,BSE
2024-12-23,2024-12-24,2024-12-27,SHORT,33.56999969482422,34.40924968719482,31.891499710083007,34.40924968719482,STOP_LOSS,2,-2.4999999999999956,-2.6499999999999955,LONG_RSI_ZONE,UJJIVANSFB,BSE
2025-02-05,2025-02-06,2025-02-07,LONG,37.29999923706055,36.36749925613403,39.16499919891358,39.16499919891358,TARGET,1,5.000000000000008,4.850000000000008,LONG_RSI_ZONE,UJJIVANSFB,BSE
2025-02-19,2025-02-20,2025-02-21,SHORT,31.899999618530277,32.69749960899353,30.30499963760376,32.69749960899353,STOP_LOSS,1,-2.4999999999999933,-2.6499999999999932,LONG_RSI_ZONE,UJJIVANSFB,BSE
2025-10-06,2025-10-07,2025-10-07,LONG,49.38999938964844,48.155249404907224,51.859499359130865,48.155249404907224,STOP_LOSS,0,-2.5000000000000058,-2.6500000000000057,LONG_RSI_ZONE,UJJIVANSFB,BSE
2026-01-02,2026-01-05,2026-01-08,LONG,56.65999984741211,55.24349985122681,59.49299983978272,59.49299983978272,TARGET,3,5.000000000000007,4.850000000000007,LONG_RSI_ZONE,UJJIVANSFB,BSE
2026-05-06,2026-05-07,2026-05-11,LONG,63.08000183105469,61.50300178527832,66.23400192260742,61.50300178527832,STOP_LOSS,2,-2.499999999999998,-2.6499999999999977,LONG_RSI_ZONE,UJJIVANSFB,BSE
2026-05-18,2026-05-19,2026-05-26,SHORT,54.290000915527344,55.647250938415525,51.575500869750975,55.647250938415525,STOP_LOSS,5,-2.499999999999995,-2.649999999999995,LONG_RSI_ZONE,UJJIVANSFB,BSE
2025-01-10,2025-01-13,2025-01-14,SHORT,60.11000061035156,61.612750625610346,57.10450057983398,61.612750625610346,STOP_LOSS,1,-2.4999999999999902,-2.64999999999999,CURRENT,IDFCFIRSTB,BSE
2025-09-08,2025-09-09,2025-09-23,LONG,72.25,70.44375,75.8625,70.44375,STOP_LOSS,10,-2.500000000000008,-2.650000000000008,CURRENT,IDFCFIRSTB,BSE
2025-09-26,2025-09-29,2025-10-06,SHORT,68.91000366210938,70.6327537536621,65.46450347900391,70.6327537536621,STOP_LOSS,4,-2.4999999999999876,-2.6499999999999875,CURRENT,IDFCFIRSTB,BSE
2025-10-10,2025-10-13,2025-10-16,LONG,74.41000366210938,72.54975357055663,78.13050384521485,72.54975357055663,STOP_LOSS,3,-2.5000000000000115,-2.6500000000000115,CURRENT,IDFCFIRSTB,BSE
2025-01-10,2025-01-13,2025-01-14,SHORT,60.11000061035156,61.612750625610346,57.10450057983398,61.612750625610346,STOP_LOSS,1,-2.4999999999999902,-2.64999999999999,LONG_RSI_ZONE,IDFCFIRSTB,BSE
2025-09-08,2025-09-09,2025-09-23,LONG,72.25,70.44375,75.8625,70.44375,STOP_LOSS,10,-2.500000000000008,-2.650000000000008,LONG_RSI_ZONE,IDFCFIRSTB,BSE
2025-09-26,2025-09-29,2025-10-06,SHORT,68.91000366210938,70.6327537536621,65.46450347900391,70.6327537536621,STOP_LOSS,4,-2.4999999999999876,-2.6499999999999875,LONG_RSI_ZONE,IDFCFIRSTB,BSE
2025-10-10,2025-10-13,2025-10-16,LONG,74.41000366210938,72.54975357055663,78.13050384521485,72.54975357055663,STOP_LOSS,3,-2.5000000000000115,-2.6500000000000115,LONG_RSI_ZONE,IDFCFIRSTB,BSE
2024-10-11,2024-10-14,2024-10-14,SHORT,319.75,327.74375,303.7625,327.74375,STOP_LOSS,0,-2.499999999999993,-2.649999999999993,CURRENT,HINDCOPPER,BSE
2024-12-23,2024-12-24,2024-12-24,SHORT,274.1499938964844,281.00374374389645,260.44249420166017,281.00374374389645,STOP_LOSS,0,-2.4999999999999876,-2.6499999999999875,CURRENT,HINDCOPPER,BSE
2025-04-07,2025-04-08,2025-04-09,SHORT,193.1999969482422,198.0299968719482,183.53999710083008,198.0299968719482,STOP_LOSS,1,-2.4999999999999853,-2.6499999999999853,CURRENT,HINDCOPPER,BSE
2025-12-04,2025-12-05,2025-12-09,LONG,362.8999938964844,353.82749404907224,381.0449935913086,353.82749404907224,STOP_LOSS,2,-2.500000000000006,-2.650000000000006,CURRENT,HINDCOPPER,BSE
2024-10-11,2024-10-14,2024-10-14,SHORT,319.75,327.74375,303.7625,327.74375,STOP_LOSS,0,-2.499999999999993,-2.649999999999993,LONG_RSI_ZONE,HINDCOPPER,BSE
2024-12-23,2024-12-24,2024-12-24,SHORT,274.1499938964844,281.00374374389645,260.44249420166017,281.00374374389645,STOP_LOSS,0,-2.4999999999999876,-2.6499999999999875,LONG_RSI_ZONE,HINDCOPPER,BSE
2025-04-07,2025-04-08,2025-04-09,SHORT,193.1999969482422,198.0299968719482,183.53999710083008,198.0299968719482,STOP_LOSS,1,-2.4999999999999853,-2.6499999999999853,LONG_RSI_ZONE,HINDCOPPER,BSE
2024-11-06,2024-11-07,2024-11-08,LONG,80.98332977294922,78.95874652862548,85.03249626159668,78.95874652862548,STOP_LOSS,1,-2.500000000000007,-2.650000000000007,CURRENT,NMDC,BSE
2024-12-19,2024-12-20,2024-12-30,SHORT,71.66666412353516,73.45833072662353,68.0833309173584,68.0833309173584,TARGET,5,5.0000000000000036,4.850000000000003,CURRENT,NMDC,BSE
2025-03-04,2025-03-05,2025-03-05,SHORT,62.59000015258789,64.15475015640259,59.460500144958495,64.15475015640259,STOP_LOSS,0,-2.4999999999999956,-2.6499999999999955,CURRENT,NMDC,BSE
2025-03-10,2025-03-11,2025-03-19,LONG,64.58999633789062,62.97524642944336,67.81949615478516,67.81949615478516,TARGET,5,5.0,4.85,CURRENT,NMDC,BSE
2025-04-08,2025-04-09,2025-04-11,SHORT,61.5099983215332,63.04774827957153,58.43449840545654,63.04774827957153,STOP_LOSS,1,-2.4999999999999933,-2.6499999999999932,CURRENT,NMDC,BSE
2025-04-29,2025-04-30,2025-05-02,SHORT,65.1500015258789,66.77875156402587,61.892501449584955,66.77875156402587,STOP_LOSS,1,-2.4999999999999822,-2.649999999999982,CURRENT,NMDC,BSE
2025-05-16,2025-05-19,2025-06-02,LONG,70.11000061035156,68.35725059509276,73.61550064086914,70.79000091552734,TIME_EXIT,10,0.9699048627242216,0.8199048627242216,CURRENT,NMDC,BSE
2025-07-21,2025-07-22,2025-08-05,LONG,72.08999633789062,70.28774642944336,75.69449615478516,71.94000244140625,TIME_EXIT,10,-0.20806478582873494,-0.3580647858287349,CURRENT,NMDC,BSE
2025-09-03,2025-09-04,2025-09-04,LONG,74.94999694824219,73.07624702453613,78.6974967956543,73.07624702453613,STOP_LOSS,0,-2.500000000000004,-2.650000000000004,CURRENT,NMDC,BSE
2025-11-13,2025-11-14,2025-11-18,LONG,77.01000213623047,75.0847520828247,80.86050224304199,75.0847520828247,STOP_LOSS,2,-2.5,-2.65,CURRENT,NMDC,BSE
2025-11-21,2025-11-24,2025-12-01,SHORT,73.36000061035156,75.19400062561034,69.69200057983399,75.19400062561034,STOP_LOSS,5,-2.4999999999999885,-2.6499999999999884,CURRENT,NMDC,BSE
2026-02-19,2026-02-20,2026-02-23,SHORT,79.19000244140625,81.1697525024414,75.23050231933594,81.1697525024414,STOP_LOSS,1,-2.4999999999999893,-2.6499999999999893,CURRENT,NMDC,BSE
2026-04-08,2026-04-09,2026-04-15,LONG,82.5999984741211,80.53499851226806,86.72999839782715,86.72999839782715,TARGET,3,4.9999999999999964,4.849999999999996,CURRENT,NMDC,BSE
2026-08-19,2026-08-20,2026-08-24,SHORT,83.80000305175781,85.89500312805175,79.61000289916991,85.89500312805175,STOP_LOSS,2,-2.4999999999999964,-2.6499999999999964,CURRENT,NMDC,BSE
2026-08-26,2026-08-27,2026-08-27,LONG,88.41000366210938,86.19975357055664,92.83050384521485,86.19975357055664,STOP_LOSS,0,-2.500000000000003,-2.650000000000003,CURRENT,NMDC,BSE
2024-11-06,2024-11-07,2024-11-08,LONG,80.98332977294922,78.95874652862548,85.03249626159668,78.95874652862548,STOP_LOSS,1,-2.500000000000007,-2.650000000000007,LONG_RSI_ZONE,NMDC,BSE
2024-12-19,2024-12-20,2024-12-30,SHORT,71.66666412353516,73.45833072662353,68.0833309173584,68.0833309173584,TARGET,5,5.0000000000000036,4.850000000000003,LONG_RSI_ZONE,NMDC,BSE
2025-03-04,2025-03-05,2025-03-05,SHORT,62.59000015258789,64.15475015640259,59.460500144958495,64.15475015640259,STOP_LOSS,0,-2.4999999999999956,-2.6499999999999955,LONG_RSI_ZONE,NMDC,BSE
2025-04-08,2025-04-09,2025-04-11,SHORT,61.5099983215332,63.04774827957153,58.43449840545654,63.04774827957153,STOP_LOSS,1,-2.4999999999999933,-2.6499999999999932,LONG_RSI_ZONE,NMDC,BSE
2025-04-29,2025-04-30,2025-05-02,SHORT,65.1500015258789,66.77875156402587,61.892501449584955,66.77875156402587,STOP_LOSS,1,-2.4999999999999822,-2.649999999999982,LONG_RSI_ZONE,NMDC,BSE
2025-09-03,2025-09-04,2025-09-04,LONG,74.94999694824219,73.07624702453613,78.6974967956543,73.07624702453613,STOP_LOSS,0,-2.500000000000004,-2.650000000000004,LONG_RSI_ZONE,NMDC,BSE
2025-11-14,2025-11-17,2025-11-20,LONG,76.58000183105469,74.66550178527832,80.40900192260743,74.66550178527832,STOP_LOSS,3,-2.4999999999999964,-2.6499999999999964,LONG_RSI_ZONE,NMDC,BSE
2025-11-21,2025-11-24,2025-12-01,SHORT,73.36000061035156,75.19400062561034,69.69200057983399,75.19400062561034,STOP_LOSS,5,-2.4999999999999885,-2.6499999999999884,LONG_RSI_ZONE,NMDC,BSE
2026-02-19,2026-02-20,2026-02-23,SHORT,79.19000244140625,81.1697525024414,75.23050231933594,81.1697525024414,STOP_LOSS,1,-2.4999999999999893,-2.6499999999999893,LONG_RSI_ZONE,NMDC,BSE
2026-04-08,2026-04-09,2026-04-15,LONG,82.5999984741211,80.53499851226806,86.72999839782715,86.72999839782715,TARGET,3,4.9999999999999964,4.849999999999996,LONG_RSI_ZONE,NMDC,BSE
2026-08-19,2026-08-20,2026-08-24,SHORT,83.80000305175781,85.89500312805175,79.61000289916991,85.89500312805175,STOP_LOSS,2,-2.4999999999999964,-2.6499999999999964,LONG_RSI_ZONE,NMDC,BSE
2026-08-26,2026-08-27,2026-08-27,LONG,88.41000366210938,86.19975357055664,92.83050384521485,86.19975357055664,STOP_LOSS,0,-2.500000000000003,-2.650000000000003,LONG_RSI_ZONE,NMDC,BSE
2024-10-07,2024-10-08,2024-10-08,SHORT,125.05999755859376,128.1864974975586,118.80699768066407,128.1864974975586,STOP_LOSS,0,-2.4999999999999973,-2.6499999999999972,CURRENT,ADANIPOWER,BSE
2025-01-17,2025-01-20,2025-01-21,LONG,110.33000183105467,107.57175178527831,115.84650192260742,107.57175178527831,STOP_LOSS,1,-2.499999999999998,-2.6499999999999977,CURRENT,ADANIPOWER,BSE
2025-07-02,2025-07-03,2025-07-04,LONG,119.26000213623048,116.27850208282472,125.22300224304202,116.27850208282472,STOP_LOSS,1,-2.5000000000000044,-2.6500000000000044,CURRENT,ADANIPOWER,BSE
2025-08-18,2025-08-19,2025-08-29,LONG,119.93000030517578,116.93175029754639,125.92650032043457,116.93175029754639,STOP_LOSS,7,-2.5,-2.65,CURRENT,ADANIPOWER,BSE
2026-02-05,2026-02-06,2026-02-10,LONG,152.0,148.2,159.6,148.2,STOP_LOSS,2,-2.5000000000000075,-2.6500000000000075,CURRENT,ADANIPOWER,BSE
2026-03-16,2026-03-17,2026-03-18,LONG,155.8000030517578,151.90500297546387,163.59000320434572,151.90500297546387,STOP_LOSS,1,-2.4999999999999964,-2.6499999999999964,CURRENT,ADANIPOWER,BSE
2024-10-07,2024-10-08,2024-10-08,SHORT,125.05999755859376,128.1864974975586,118.80699768066407,128.1864974975586,STOP_LOSS,0,-2.4999999999999973,-2.6499999999999972,LONG_RSI_ZONE,ADANIPOWER,BSE
2025-07-02,2025-07-03,2025-07-04,LONG,119.26000213623048,116.27850208282472,125.22300224304202,116.27850208282472,STOP_LOSS,1,-2.5000000000000044,-2.6500000000000044,LONG_RSI_ZONE,ADANIPOWER,BSE
2025-08-18,2025-08-19,2025-08-29,LONG,119.93000030517578,116.93175029754639,125.92650032043457,116.93175029754639,STOP_LOSS,7,-2.5,-2.65,LONG_RSI_ZONE,ADANIPOWER,BSE
2026-02-05,2026-02-06,2026-02-10,LONG,152.0,148.2,159.6,148.2,STOP_LOSS,2,-2.5000000000000075,-2.6500000000000075,LONG_RSI_ZONE,ADANIPOWER,BSE
2025-04-21,2025-04-22,2025-04-23,LONG,51.5,50.2125,54.075,50.2125,STOP_LOSS,1,-2.500000000000003,-2.650000000000003,CURRENT,MAHABANK,BSE
2026-04-09,2026-04-10,2026-04-13,LONG,70.30999755859375,68.5522476196289,73.82549743652343,68.5522476196289,STOP_LOSS,1,-2.500000000000008,-2.650000000000008,CURRENT,MAHABANK,BSE
2025-04-22,2025-04-23,2025-04-23,LONG,50.91999816894531,49.64699821472168,53.465998077392584,49.64699821472168,STOP_LOSS,0,-2.5000000000000058,-2.6500000000000057,LONG_RSI_ZONE,MAHABANK,BSE
2026-04-09,2026-04-10,2026-04-13,LONG,70.30999755859375,68.5522476196289,73.82549743652343,68.5522476196289,STOP_LOSS,1,-2.500000000000008,-2.650000000000008,LONG_RSI_ZONE,MAHABANK,BSE
2024-11-12,2024-11-13,2024-11-13,LONG,750.7999877929688,732.0299880981445,788.3399871826172,732.0299880981445,STOP_LOSS,0,-2.500000000000006,-2.650000000000006,CURRENT,JSWENERGY,BSE
2024-12-26,2024-12-27,2024-12-30,SHORT,636.9000244140625,652.8225250244141,605.0550231933594,652.8225250244141,STOP_LOSS,1,-2.5,-2.65,CURRENT,JSWENERGY,BSE
2025-09-16,2025-09-17,2025-09-25,LONG,540.9500122070312,527.4262619018555,567.9975128173828,527.4262619018555,STOP_LOSS,6,-2.5,-2.65,CURRENT,JSWENERGY,BSE
2026-01-23,2026-01-27,2026-01-27,SHORT,477.3999938964844,489.33499374389646,453.52999420166014,453.52999420166014,TARGET,0,5.000000000000003,4.850000000000002,CURRENT,JSWENERGY,BSE
2026-03-12,2026-03-13,2026-03-13,LONG,522.0,508.95,548.1,508.95,STOP_LOSS,0,-2.500000000000002,-2.650000000000002,CURRENT,JSWENERGY,BSE
2026-07-07,2026-07-08,2026-07-14,SHORT,544.2000122070312,557.805012512207,516.9900115966797,557.805012512207,STOP_LOSS,4,-2.499999999999992,-2.649999999999992,CURRENT,JSWENERGY,BSE
2026-08-06,2026-08-07,2026-08-19,LONG,560.5,546.4875,588.525,546.4875,STOP_LOSS,8,-2.500000000000008,-2.650000000000008,CURRENT,JSWENERGY,BSE
2024-11-12,2024-11-13,2024-11-13,LONG,750.7999877929688,732.0299880981445,788.3399871826172,732.0299880981445,STOP_LOSS,0,-2.500000000000006,-2.650000000000006,LONG_RSI_ZONE,JSWENERGY,BSE
2024-12-26,2024-12-27,2024-12-30,SHORT,636.9000244140625,652.8225250244141,605.0550231933594,652.8225250244141,STOP_LOSS,1,-2.5,-2.65,LONG_RSI_ZONE,JSWENERGY,BSE
2025-09-16,2025-09-17,2025-09-25,LONG,540.9500122070312,527.4262619018555,567.9975128173828,527.4262619018555,STOP_LOSS,6,-2.5,-2.65,LONG_RSI_ZONE,JSWENERGY,BSE
2026-01-23,2026-01-27,2026-01-27,SHORT,477.3999938964844,489.33499374389646,453.52999420166014,453.52999420166014,TARGET,0,5.000000000000003,4.850000000000002,LONG_RSI_ZONE,JSWENERGY,BSE
2026-03-12,2026-03-13,2026-03-13,LONG,522.0,508.95,548.1,508.95,STOP_LOSS,0,-2.500000000000002,-2.650000000000002,LONG_RSI_ZONE,JSWENERGY,BSE
2026-07-07,2026-07-08,2026-07-14,SHORT,544.2000122070312,557.805012512207,516.9900115966797,557.805012512207,STOP_LOSS,4,-2.499999999999992,-2.649999999999992,LONG_RSI_ZONE,JSWENERGY,BSE
2024-10-09,2024-10-10,2024-10-10,LONG,1969.9000244140625,1920.652523803711,2068.3950256347657,1920.652523803711,STOP_LOSS,0,-2.500000000000002,-2.650000000000002,CURRENT,INFY,BSE
2025-01-17,2025-01-21,2025-01-23,SHORT,1820.0,1865.4999999999998,1729.0,1865.4999999999998,STOP_LOSS,2,-2.4999999999999876,-2.6499999999999875,CURRENT,INFY,BSE
2025-09-29,2025-09-30,2025-10-07,SHORT,1443.0,1479.0749999999998,1370.85,1479.0749999999998,STOP_LOSS,4,-2.499999999999987,-2.649999999999987,CURRENT,INFY,BSE
2025-10-24,2025-10-27,2025-11-03,LONG,1512.300048828125,1474.4925476074218,1587.9150512695312,1474.4925476074218,STOP_LOSS,5,-2.500000000000006,-2.650000000000006,CURRENT,INFY,BSE
2025-11-10,2025-11-11,2025-11-17,LONG,1523.25,1485.16875,1599.4125000000001,1485.16875,STOP_LOSS,4,-2.499999999999997,-2.649999999999997,CURRENT,INFY,BSE
2026-02-05,2026-02-06,2026-02-12,SHORT,1518.199951171875,1556.1549499511718,1442.289953613281,1442.289953613281,TARGET,4,5.000000000000009,4.8500000000000085,CURRENT,INFY,BSE
2026-04-24,2026-04-27,2026-05-12,SHORT,1169.5,1198.7375,1111.0249999999999,1140.449951171875,TIME_EXIT,10,2.4839716826100897,2.33397168261009,CURRENT,INFY,BSE
2026-06-11,2026-06-12,2026-06-15,SHORT,1121.199951171875,1149.2299499511719,1065.1399536132812,1149.2299499511719,STOP_LOSS,1,-2.5,-2.65,CURRENT,INFY,BSE
2025-01-17,2025-01-21,2025-01-23,SHORT,1820.0,1865.4999999999998,1729.0,1865.4999999999998,STOP_LOSS,2,-2.4999999999999876,-2.6499999999999875,LONG_RSI_ZONE,INFY,BSE
2025-09-29,2025-09-30,2025-10-07,SHORT,1443.0,1479.0749999999998,1370.85,1479.0749999999998,STOP_LOSS,4,-2.499999999999987,-2.649999999999987,LONG_RSI_ZONE,INFY,BSE
2025-10-24,2025-10-27,2025-11-03,LONG,1512.300048828125,1474.4925476074218,1587.9150512695312,1474.4925476074218,STOP_LOSS,5,-2.500000000000006,-2.650000000000006,LONG_RSI_ZONE,INFY,BSE
2026-02-05,2026-02-06,2026-02-12,SHORT,1518.199951171875,1556.1549499511718,1442.289953613281,1442.289953613281,TARGET,4,5.000000000000009,4.8500000000000085,LONG_RSI_ZONE,INFY,BSE
2026-04-24,2026-04-27,2026-05-12,SHORT,1169.5,1198.7375,1111.0249999999999,1140.449951171875,TIME_EXIT,10,2.4839716826100897,2.33397168261009,LONG_RSI_ZONE,INFY,BSE
2026-06-11,2026-06-12,2026-06-15,SHORT,1121.199951171875,1149.2299499511719,1065.1399536132812,1149.2299499511719,STOP_LOSS,1,-2.5,-2.65,LONG_RSI_ZONE,INFY,BSE
2024-11-13,2024-11-14,2024-11-14,SHORT,186.8000030517578,191.47000312805173,177.46000289916992,191.47000312805173,STOP_LOSS,0,-2.499999999999985,-2.649999999999985,CURRENT,INOXWIND,BSE
2025-02-27,2025-02-28,2025-03-03,SHORT,153.39999389648438,157.23499374389647,145.72999420166016,145.72999420166016,TARGET,1,4.9999999999999964,4.849999999999996,CURRENT,INOXWIND,BSE
2025-04-01,2025-04-02,2025-04-03,SHORT,157.3000030517578,161.23250312805175,149.43500289916992,161.23250312805175,STOP_LOSS,1,-2.499999999999993,-2.649999999999993,CURRENT,INOXWIND,BSE
2025-07-15,2025-07-16,2025-07-25,SHORT,165.9499969482422,170.09874687194824,157.65249710083006,157.65249710083006,TARGET,7,5.00000000000001,4.850000000000009,CURRENT,INOXWIND,BSE
2025-09-26,2025-09-29,2025-09-29,SHORT,137.60000610351562,141.0400062561035,130.72000579833983,141.0400062561035,STOP_LOSS,0,-2.499999999999996,-2.649999999999996,CURRENT,INOXWIND,BSE
2024-11-13,2024-11-14,2024-11-14,SHORT,186.8000030517578,191.47000312805173,177.46000289916992,191.47000312805173,STOP_LOSS,0,-2.499999999999985,-2.649999999999985,LONG_RSI_ZONE,INOXWIND,BSE
2025-02-27,2025-02-28,2025-03-03,SHORT,153.39999389648438,157.23499374389647,145.72999420166016,145.72999420166016,TARGET,1,4.9999999999999964,4.849999999999996,LONG_RSI_ZONE,INOXWIND,BSE
2025-04-01,2025-04-02,2025-04-03,SHORT,157.3000030517578,161.23250312805175,149.43500289916992,161.23250312805175,STOP_LOSS,1,-2.499999999999993,-2.649999999999993,LONG_RSI_ZONE,INOXWIND,BSE
2025-07-15,2025-07-16,2025-07-25,SHORT,165.9499969482422,170.09874687194824,157.65249710083006,157.65249710083006,TARGET,7,5.00000000000001,4.850000000000009,LONG_RSI_ZONE,INOXWIND,BSE
2025-09-26,2025-09-29,2025-09-29,SHORT,137.60000610351562,141.0400062561035,130.72000579833983,141.0400062561035,STOP_LOSS,0,-2.499999999999996,-2.649999999999996,LONG_RSI_ZONE,INOXWIND,BSE
2024-10-07,2024-10-08,2024-10-08,SHORT,335.0,343.37499999999994,318.25,343.37499999999994,STOP_LOSS,0,-2.499999999999983,-2.649999999999983,CURRENT,JIOFIN,BSE
2024-12-20,2024-12-23,2025-01-07,SHORT,308.95001220703125,316.673762512207,293.50251159667965,299.25,TIME_EXIT,10,3.1396704398027833,2.9896704398027834,CURRENT,JIOFIN,BSE
2025-04-17,2025-04-21,2025-04-22,LONG,250.25,243.99375,262.7625,243.99375,STOP_LOSS,1,-2.499999999999998,-2.6499999999999977,CURRENT,JIOFIN,BSE
2025-08-04,2025-08-05,2025-08-06,LONG,334.8500061035156,326.47875595092773,351.5925064086914,326.47875595092773,STOP_LOSS,1,-2.5,-2.65,CURRENT,JIOFIN,BSE
2025-09-25,2025-09-26,2025-10-07,SHORT,301.25,308.78125,286.1875,308.78125,STOP_LOSS,6,-2.5,-2.65,CURRENT,JIOFIN,BSE
2025-11-06,2025-11-07,2025-11-11,SHORT,296.70001220703125,304.117512512207,281.86501159667966,304.117512512207,STOP_LOSS,2,-2.4999999999999845,-2.6499999999999844,CURRENT,JIOFIN,BSE
2025-11-17,2025-11-18,2025-11-21,LONG,311.1499938964844,303.37124404907223,326.7074935913086,303.37124404907223,STOP_LOSS,3,-2.500000000000011,-2.650000000000011,CURRENT,JIOFIN,BSE
2026-01-09,2026-01-12,2026-01-20,SHORT,287.0,294.17499999999995,272.65,272.65,TARGET,5,5.000000000000008,4.850000000000008,CURRENT,JIOFIN,BSE
2026-05-14,2026-05-15,2026-05-22,SHORT,234.75,240.61874999999998,223.0125,240.61874999999998,STOP_LOSS,5,-2.4999999999999902,-2.64999999999999,CURRENT,JIOFIN,BSE
2026-06-19,2026-06-22,2026-06-23,LONG,244.75,238.63125,256.9875,238.63125,STOP_LOSS,1,-2.500000000000002,-2.650000000000002,CURRENT,JIOFIN,BSE
2026-07-02,2026-07-03,2026-07-08,LONG,241.3000030517578,235.26750297546386,253.36500320434573,235.26750297546386,STOP_LOSS,3,-2.5000000000000044,-2.6500000000000044,CURRENT,JIOFIN,BSE
2026-07-14,2026-07-15,2026-07-17,SHORT,237.8500061035156,243.79625625610348,225.9575057983398,243.79625625610348,STOP_LOSS,2,-2.4999999999999956,-2.6499999999999955,CURRENT,JIOFIN,BSE
2026-07-29,2026-07-30,2026-08-03,LONG,248.3000030517578,242.09250297546387,260.7150032043457,260.7150032043457,TARGET,2,4.999999999999996,4.849999999999995,CURRENT,JIOFIN,BSE
2024-10-07,2024-10-08,2024-10-08,SHORT,335.0,343.37499999999994,318.25,343.37499999999994,STOP_LOSS,0,-2.499999999999983,-2.649999999999983,LONG_RSI_ZONE,JIOFIN,BSE
2024-12-20,2024-12-23,2025-01-07,SHORT,308.95001220703125,316.673762512207,293.50251159667965,299.25,TIME_EXIT,10,3.1396704398027833,2.9896704398027834,LONG_RSI_ZONE,JIOFIN,BSE
2025-04-17,2025-04-21,2025-04-22,LONG,250.25,243.99375,262.7625,243.99375,STOP_LOSS,1,-2.499999999999998,-2.6499999999999977,LONG_RSI_ZONE,JIOFIN,BSE
2025-08-04,2025-08-05,2025-08-06,LONG,334.8500061035156,326.47875595092773,351.5925064086914,326.47875595092773,STOP_LOSS,1,-2.5,-2.65,LONG_RSI_ZONE,JIOFIN,BSE
2025-09-25,2025-09-26,2025-10-07,SHORT,301.25,308.78125,286.1875,308.78125,STOP_LOSS,6,-2.5,-2.65,LONG_RSI_ZONE,JIOFIN,BSE
2025-11-06,2025-11-07,2025-11-11,SHORT,296.70001220703125,304.117512512207,281.86501159667966,304.117512512207,STOP_LOSS,2,-2.4999999999999845,-2.6499999999999844,LONG_RSI_ZONE,JIOFIN,BSE
2026-01-09,2026-01-12,2026-01-20,SHORT,287.0,294.17499999999995,272.65,272.65,TARGET,5,5.000000000000008,4.850000000000008,LONG_RSI_ZONE,JIOFIN,BSE
2026-05-14,2026-05-15,2026-05-22,SHORT,234.75,240.61874999999998,223.0125,240.61874999999998,STOP_LOSS,5,-2.4999999999999902,-2.64999999999999,LONG_RSI_ZONE,JIOFIN,BSE
2026-06-19,2026-06-22,2026-06-23,LONG,244.75,238.63125,256.9875,238.63125,STOP_LOSS,1,-2.500000000000002,-2.650000000000002,LONG_RSI_ZONE,JIOFIN,BSE
2026-07-08,2026-07-09,2026-07-10,SHORT,230.5500030517578,236.31375312805173,219.02250289916992,236.31375312805173,STOP_LOSS,1,-2.4999999999999876,-2.6499999999999875,LONG_RSI_ZONE,JIOFIN,BSE
2026-07-14,2026-07-15,2026-07-17,SHORT,237.8500061035156,243.79625625610348,225.9575057983398,243.79625625610348,STOP_LOSS,2,-2.4999999999999956,-2.6499999999999955,LONG_RSI_ZONE,JIOFIN,BSE
2026-07-31,2026-08-03,2026-08-10,LONG,260.3999938964844,253.88999404907227,273.4199935913086,253.88999404907227,STOP_LOSS,5,-2.499999999999998,-2.6499999999999977,LONG_RSI_ZONE,JIOFIN,BSE
2025-04-08,2025-04-09,2025-04-11,SHORT,76.66666412353516,78.58333072662353,72.8333309173584,78.58333072662353,STOP_LOSS,1,-2.4999999999999925,-2.6499999999999924,CURRENT,MOTHERSON,BSE
2025-11-14,2025-11-17,2025-11-27,LONG,109.8000030517578,107.05500297546385,115.2900032043457,115.2900032043457,TARGET,8,5.000000000000006,4.850000000000006,CURRENT,MOTHERSON,BSE
2026-02-04,2026-02-05,2026-02-06,LONG,121.8000030517578,118.75500297546385,127.89000320434569,118.75500297546385,STOP_LOSS,1,-2.5,-2.65,CURRENT,MOTHERSON,BSE
2026-07-27,2026-07-28,2026-08-03,LONG,147.4499969482422,143.76374702453612,154.8224967956543,154.8224967956543,TARGET,4,5.0000000000000036,4.850000000000003,CURRENT,MOTHERSON,BSE
2025-04-08,2025-04-09,2025-04-11,SHORT,76.66666412353516,78.58333072662353,72.8333309173584,78.58333072662353,STOP_LOSS,1,-2.4999999999999925,-2.6499999999999924,LONG_RSI_ZONE,MOTHERSON,BSE
2025-11-14,2025-11-17,2025-11-27,LONG,109.8000030517578,107.05500297546385,115.2900032043457,115.2900032043457,TARGET,8,5.000000000000006,4.850000000000006,LONG_RSI_ZONE,MOTHERSON,BSE
2026-02-04,2026-02-05,2026-02-06,LONG,121.8000030517578,118.75500297546385,127.89000320434569,118.75500297546385,STOP_LOSS,1,-2.5,-2.65,LONG_RSI_ZONE,MOTHERSON,BSE
2026-07-27,2026-07-28,2026-08-03,LONG,147.4499969482422,143.76374702453612,154.8224967956543,154.8224967956543,TARGET,4,5.0000000000000036,4.850000000000003,LONG_RSI_ZONE,MOTHERSON,BSE
2024-10-03,2024-10-04,2024-10-18,SHORT,1407.0,1442.175,1336.6499999999999,1358.7750244140625,TIME_EXIT,10,3.427503595304726,3.2775035953047262,CURRENT,RELIANCE,BSE
2025-02-12,2025-02-13,2025-02-28,SHORT,1218.949951171875,1249.4236999511718,1158.0024536132812,1199.5999755859375,TIME_EXIT,10,1.5874298667746616,1.4374298667746617,CURRENT,RELIANCE,BSE
2025-04-07,2025-04-08,2025-04-11,SHORT,1177.8499755859375,1207.2962249755858,1118.9574768066407,1207.2962249755858,STOP_LOSS,2,-2.4999999999999885,-2.6499999999999884,CURRENT,RELIANCE,BSE
2025-04-24,2025-04-25,2025-04-28,LONG,1301.0,1268.475,1366.05,1366.05,TARGET,1,4.9999999999999964,4.849999999999996,CURRENT,RELIANCE,BSE
2026-01-08,2026-01-09,2026-01-20,SHORT,1466.949951171875,1503.6236999511718,1393.602453613281,1393.602453613281,TARGET,5,5.000000000000009,4.8500000000000085,CURRENT,RELIANCE,BSE
2026-03-27,2026-03-30,2026-04-01,SHORT,1335.0,1368.3749999999998,1268.25,1368.3749999999998,STOP_LOSS,2,-2.499999999999983,-2.649999999999983,CURRENT,RELIANCE,BSE
2024-10-03,2024-10-04,2024-10-18,SHORT,1407.0,1442.175,1336.6499999999999,1358.7750244140625,TIME_EXIT,10,3.427503595304726,3.2775035953047262,LONG_RSI_ZONE,RELIANCE,BSE
2025-02-12,2025-02-13,2025-02-28,SHORT,1218.949951171875,1249.4236999511718,1158.0024536132812,1199.5999755859375,TIME_EXIT,10,1.5874298667746616,1.4374298667746617,LONG_RSI_ZONE,RELIANCE,BSE
2025-04-07,2025-04-08,2025-04-11,SHORT,1177.8499755859375,1207.2962249755858,1118.9574768066407,1207.2962249755858,STOP_LOSS,2,-2.4999999999999885,-2.6499999999999884,LONG_RSI_ZONE,RELIANCE,BSE
2025-04-24,2025-04-25,2025-04-28,LONG,1301.0,1268.475,1366.05,1366.05,TARGET,1,4.9999999999999964,4.849999999999996,LONG_RSI_ZONE,RELIANCE,BSE
2026-01-08,2026-01-09,2026-01-20,SHORT,1466.949951171875,1503.6236999511718,1393.602453613281,1393.602453613281,TARGET,5,5.000000000000009,4.8500000000000085,LONG_RSI_ZONE,RELIANCE,BSE
2026-03-27,2026-03-30,2026-04-01,SHORT,1335.0,1368.3749999999998,1268.25,1368.3749999999998,STOP_LOSS,2,-2.499999999999983,-2.649999999999983,LONG_RSI_ZONE,RELIANCE,BSE
2024-11-08,2024-11-11,2024-11-11,SHORT,6.651000022888184,6.817275023460388,6.318450021743774,6.817275023460388,STOP_LOSS,0,-2.4999999999999947,-2.6499999999999946,CURRENT,SHUKRAPHAR,BSE
2025-03-03,2025-03-04,2025-03-05,LONG,25.700000762939453,25.057500743865965,26.98500080108643,25.057500743865965,STOP_LOSS,1,-2.5000000000000058,-2.6500000000000057,CURRENT,SHUKRAPHAR,BSE
2025-08-22,2025-08-25,2025-08-25,LONG,24.01000022888184,23.409750223159794,25.21050024032593,23.409750223159794,STOP_LOSS,0,-2.5,-2.65,CURRENT,SHUKRAPHAR,BSE
2025-12-10,2025-12-11,2025-12-11,LONG,48.7599983215332,47.54099836349487,51.197998237609866,47.54099836349487,STOP_LOSS,0,-2.500000000000003,-2.650000000000003,CURRENT,SHUKRAPHAR,BSE
2026-06-25,2026-06-26,2026-07-03,SHORT,29.459999084472656,30.19649906158447,27.98699913024902,30.19649906158447,STOP_LOSS,5,-2.499999999999986,-2.6499999999999857,CURRENT,SHUKRAPHAR,BSE
2026-07-06,2026-07-07,2026-07-07,LONG,33.70000076293945,32.85750074386596,35.38500080108643,32.85750074386596,STOP_LOSS,0,-2.5000000000000124,-2.6500000000000123,CURRENT,SHUKRAPHAR,BSE
2026-08-06,2026-08-07,2026-08-07,LONG,37.310001373291016,36.377251338958736,39.17550144195557,39.17550144195557,TARGET,0,5.0000000000000036,4.850000000000003,CURRENT,SHUKRAPHAR,BSE
2024-11-08,2024-11-11,2024-11-11,SHORT,6.651000022888184,6.817275023460388,6.318450021743774,6.817275023460388,STOP_LOSS,0,-2.4999999999999947,-2.6499999999999946,LONG_RSI_ZONE,SHUKRAPHAR,BSE
2025-03-05,2025-03-06,2025-03-10,LONG,24.1200008392334,23.517000818252562,25.32600088119507,23.517000818252562,STOP_LOSS,2,-2.500000000000006,-2.650000000000006,LONG_RSI_ZONE,SHUKRAPHAR,BSE
2025-08-22,2025-08-25,2025-08-25,LONG,24.01000022888184,23.409750223159794,25.21050024032593,23.409750223159794,STOP_LOSS,0,-2.5,-2.65,LONG_RSI_ZONE,SHUKRAPHAR,BSE
2025-12-10,2025-12-11,2025-12-11,LONG,48.7599983215332,47.54099836349487,51.197998237609866,47.54099836349487,STOP_LOSS,0,-2.500000000000003,-2.650000000000003,LONG_RSI_ZONE,SHUKRAPHAR,BSE
2026-06-25,2026-06-26,2026-07-03,SHORT,29.459999084472656,30.19649906158447,27.98699913024902,30.19649906158447,STOP_LOSS,5,-2.499999999999986,-2.6499999999999857,LONG_RSI_ZONE,SHUKRAPHAR,BSE
2026-07-06,2026-07-07,2026-07-07,LONG,33.70000076293945,32.85750074386596,35.38500080108643,32.85750074386596,STOP_LOSS,0,-2.5000000000000124,-2.6500000000000123,LONG_RSI_ZONE,SHUKRAPHAR,BSE
2026-08-06,2026-08-07,2026-08-07,LONG,37.310001373291016,36.377251338958736,39.17550144195557,39.17550144195557,TARGET,0,5.0000000000000036,4.850000000000003,LONG_RSI_ZONE,SHUKRAPHAR,BSE
2025-02-12,2025-02-13,2025-02-17,SHORT,424.0,434.59999999999997,402.79999999999995,402.79999999999995,TARGET,2,5.000000000000011,4.85000000000001,CURRENT,VEDL,BSE
2025-04-07,2025-04-08,2025-04-08,SHORT,389.2000122070313,398.93001251220704,369.7400115966797,369.7400115966797,TARGET,0,5.000000000000005,4.850000000000005,CURRENT,VEDL,BSE
2025-07-25,2025-07-28,2025-08-11,SHORT,443.1000061035156,454.17750625610347,420.9450057983398,429.9500122070313,TIME_EXIT,10,2.9677259569733017,2.8177259569733017,CURRENT,VEDL,BSE
2026-04-10,2026-04-13,2026-04-16,LONG,737.0,718.5749999999999,773.85,773.85,TARGET,2,5.000000000000003,4.850000000000002,CURRENT,VEDL,BSE
2026-04-30,2026-05-04,2026-05-04,SHORT,278.0,284.95,264.09999999999997,284.95,STOP_LOSS,0,-2.499999999999996,-2.649999999999996,CURRENT,VEDL,BSE
2025-02-12,2025-02-13,2025-02-17,SHORT,424.0,434.59999999999997,402.79999999999995,402.79999999999995,TARGET,2,5.000000000000011,4.85000000000001,LONG_RSI_ZONE,VEDL,BSE
2025-04-07,2025-04-08,2025-04-08,SHORT,389.2000122070313,398.93001251220704,369.7400115966797,369.7400115966797,TARGET,0,5.000000000000005,4.850000000000005,LONG_RSI_ZONE,VEDL,BSE
2025-07-25,2025-07-28,2025-08-11,SHORT,443.1000061035156,454.17750625610347,420.9450057983398,429.9500122070313,TIME_EXIT,10,2.9677259569733017,2.8177259569733017,LONG_RSI_ZONE,VEDL,BSE
2026-04-30,2026-05-04,2026-05-04,SHORT,278.0,284.95,264.09999999999997,284.95,STOP_LOSS,0,-2.499999999999996,-2.649999999999996,LONG_RSI_ZONE,VEDL,BSE
2024-11-06,2024-11-07,2024-11-07,LONG,227.6999969482422,222.00749702453612,239.08499679565432,222.00749702453612,STOP_LOSS,0,-2.500000000000005,-2.650000000000005,CURRENT,VIYASH,BSE
2024-12-12,2024-12-13,2024-12-13,SHORT,182.8999938964844,187.4724937438965,173.75499420166017,187.4724937438965,STOP_LOSS,0,-2.4999999999999964,-2.6499999999999964,CURRENT,VIYASH,BSE
2025-01-08,2025-01-09,2025-01-09,LONG,190.6999969482422,185.93249702453613,200.2349967956543,185.93249702453613,STOP_LOSS,0,-2.5,-2.65,CURRENT,VIYASH,BSE
2025-09-08,2025-09-09,2025-09-17,LONG,183.3500061035156,178.7662559509277,192.5175064086914,192.5175064086914,TARGET,6,5.000000000000007,4.850000000000007,CURRENT,VIYASH,BSE
2026-03-05,2026-03-06,2026-03-09,SHORT,202.5,207.56249999999997,192.375,192.375,TARGET,1,5.0,4.85,CURRENT,VIYASH,BSE
2026-08-21,2026-08-24,2026-08-24,LONG,276.25,269.34375,290.0625,269.34375,STOP_LOSS,0,-2.5,-2.65,CURRENT,VIYASH,BSE
2024-11-06,2024-11-07,2024-11-07,LONG,227.6999969482422,222.00749702453612,239.08499679565432,222.00749702453612,STOP_LOSS,0,-2.500000000000005,-2.650000000000005,LONG_RSI_ZONE,VIYASH,BSE
2024-11-08,2024-11-11,2024-11-12,LONG,208.25,203.04375,218.66250000000002,203.04375,STOP_LOSS,1,-2.5000000000000053,-2.6500000000000052,LONG_RSI_ZONE,VIYASH,BSE
2024-12-12,2024-12-13,2024-12-13,SHORT,182.8999938964844,187.4724937438965,173.75499420166017,187.4724937438965,STOP_LOSS,0,-2.4999999999999964,-2.6499999999999964,LONG_RSI_ZONE,VIYASH,BSE
2026-03-05,2026-03-06,2026-03-09,SHORT,202.5,207.56249999999997,192.375,192.375,TARGET,1,5.0,4.85,LONG_RSI_ZONE,VIYASH,BSE
2024-10-07,2024-10-08,2024-10-09,SHORT,148.60000610351562,152.31500625610352,141.17000579833984,152.31500625610352,STOP_LOSS,1,-2.5,-2.65,CURRENT,SAMMAANCAP,BSE
2024-11-22,2024-11-25,2024-11-27,LONG,157.64999389648438,153.70874404907227,165.5324935913086,165.5324935913086,TARGET,2,5.0,4.85,CURRENT,SAMMAANCAP,BSE
2025-01-15,2025-01-16,2025-01-16,SHORT,144.0,147.6,136.79999999999998,147.6,STOP_LOSS,0,-2.499999999999996,-2.649999999999996,CURRENT,SAMMAANCAP,BSE
2025-01-27,2025-01-28,2025-01-28,SHORT,144.25,147.85625,137.0375,147.85625,STOP_LOSS,0,-2.499999999999992,-2.649999999999992,CURRENT,SAMMAANCAP,BSE
2025-06-25,2025-06-26,2025-07-01,LONG,143.1999969482422,139.61999702453613,150.3599967956543,139.61999702453613,STOP_LOSS,3,-2.5,-2.65,CURRENT,SAMMAANCAP,BSE
2025-07-24,2025-07-25,2025-07-25,LONG,130.64999389648438,127.38374404907226,137.1824935913086,127.38374404907226,STOP_LOSS,0,-2.500000000000002,-2.650000000000002,CURRENT,SAMMAANCAP,BSE
2025-07-30,2025-07-31,2025-07-31,SHORT,122.5999984741211,125.66499843597411,116.46999855041503,125.66499843597411,STOP_LOSS,0,-2.4999999999999933,-2.6499999999999932,CURRENT,SAMMAANCAP,BSE
2025-09-02,2025-09-03,2025-09-05,LONG,138.9499969482422,135.47624702453612,145.8974967956543,135.47624702453612,STOP_LOSS,2,-2.500000000000008,-2.650000000000008,CURRENT,SAMMAANCAP,BSE
2026-05-12,2026-05-13,2026-05-14,SHORT,140.0500030517578,143.55125312805174,133.04750289916993,143.55125312805174,STOP_LOSS,1,-2.499999999999988,-2.649999999999988,CURRENT,SAMMAANCAP,BSE
2026-05-22,2026-05-25,2026-05-26,LONG,163.35000610351562,159.26625595092773,171.51750640869142,171.51750640869142,TARGET,1,5.000000000000007,4.850000000000007,CURRENT,SAMMAANCAP,BSE
2024-10-07,2024-10-08,2024-10-09,SHORT,148.60000610351562,152.31500625610352,141.17000579833984,152.31500625610352,STOP_LOSS,1,-2.5,-2.65,LONG_RSI_ZONE,SAMMAANCAP,BSE
2024-11-22,2024-11-25,2024-11-27,LONG,157.64999389648438,153.70874404907227,165.5324935913086,165.5324935913086,TARGET,2,5.0,4.85,LONG_RSI_ZONE,SAMMAANCAP,BSE
2025-01-15,2025-01-16,2025-01-16,SHORT,144.0,147.6,136.79999999999998,147.6,STOP_LOSS,0,-2.499999999999996,-2.649999999999996,LONG_RSI_ZONE,SAMMAANCAP,BSE
2025-01-27,2025-01-28,2025-01-28,SHORT,144.25,147.85625,137.0375,147.85625,STOP_LOSS,0,-2.499999999999992,-2.649999999999992,LONG_RSI_ZONE,SAMMAANCAP,BSE
2025-07-01,2025-07-02,2025-07-02,LONG,140.5,136.98749999999998,147.525,136.98749999999998,STOP_LOSS,0,-2.5000000000000124,-2.6500000000000123,LONG_RSI_ZONE,SAMMAANCAP,BSE
2025-07-24,2025-07-25,2025-07-25,LONG,130.64999389648438,127.38374404907226,137.1824935913086,127.38374404907226,STOP_LOSS,0,-2.500000000000002,-2.650000000000002,LONG_RSI_ZONE,SAMMAANCAP,BSE
2025-07-30,2025-07-31,2025-07-31,SHORT,122.5999984741211,125.66499843597411,116.46999855041503,125.66499843597411,STOP_LOSS,0,-2.4999999999999933,-2.6499999999999932,LONG_RSI_ZONE,SAMMAANCAP,BSE
2026-05-12,2026-05-13,2026-05-14,SHORT,140.0500030517578,143.55125312805174,133.04750289916993,143.55125312805174,STOP_LOSS,1,-2.499999999999988,-2.649999999999988,LONG_RSI_ZONE,SAMMAANCAP,BSE
2026-05-22,2026-05-25,2026-05-26,LONG,163.35000610351562,159.26625595092773,171.51750640869142,171.51750640869142,TARGET,1,5.000000000000007,4.850000000000007,LONG_RSI_ZONE,SAMMAANCAP,BSE
2024-10-07,2024-10-08,2024-10-08,SHORT,160.0500030517578,164.05125312805174,152.04750289916993,164.05125312805174,STOP_LOSS,0,-2.4999999999999893,-2.6499999999999893,CURRENT,IOC,BSE
2025-06-26,2025-06-27,2025-07-07,LONG,146.1999969482422,142.54499702453612,153.5099967956543,153.5099967956543,TARGET,6,5.0000000000000036,4.850000000000003,CURRENT,IOC,BSE
2025-12-17,2025-12-18,2026-01-02,LONG,162.0,157.95,170.1,166.8000030517578,TIME_EXIT,10,2.9629648467640815,2.8129648467640815,CURRENT,IOC,BSE
2026-01-08,2026-01-09,2026-01-13,SHORT,155.10000610351562,158.9775062561035,147.34500579833983,158.9775062561035,STOP_LOSS,2,-2.4999999999999964,-2.6499999999999964,CURRENT,IOC,BSE
2026-02-03,2026-02-04,2026-02-05,LONG,167.35000610351562,163.16625595092773,175.7175064086914,175.7175064086914,TARGET,1,5.0,4.85,CURRENT,IOC,BSE
2026-03-10,2026-03-11,2026-03-16,SHORT,160.9499969482422,164.97374687194824,152.90249710083006,152.90249710083006,TARGET,3,5.000000000000011,4.85000000000001,CURRENT,IOC,BSE
2026-06-18,2026-06-19,2026-06-29,LONG,145.35000610351562,141.71625595092772,152.6175064086914,141.71625595092772,STOP_LOSS,6,-2.5000000000000115,-2.6500000000000115,CURRENT,IOC,BSE
2026-08-04,2026-08-05,2026-08-11,LONG,143.6999969482422,140.10749702453612,150.8849967956543,140.10749702453612,STOP_LOSS,4,-2.500000000000012,-2.650000000000012,CURRENT,IOC,BSE
2026-08-17,2026-08-18,2026-09-01,SHORT,138.35000610351562,141.8087562561035,131.43250579833983,136.4499969482422,TIME_EXIT,10,1.3733350715227444,1.2233350715227445,CURRENT,IOC,BSE
2024-10-07,2024-10-08,2024-10-08,SHORT,160.0500030517578,164.05125312805174,152.04750289916993,164.05125312805174,STOP_LOSS,0,-2.4999999999999893,-2.6499999999999893,LONG_RSI_ZONE,IOC,BSE
2025-06-26,2025-06-27,2025-07-07,LONG,146.1999969482422,142.54499702453612,153.5099967956543,153.5099967956543,TARGET,6,5.0000000000000036,4.850000000000003,LONG_RSI_ZONE,IOC,BSE
2025-12-17,2025-12-18,2026-01-02,LONG,162.0,157.95,170.1,166.8000030517578,TIME_EXIT,10,2.9629648467640815,2.8129648467640815,LONG_RSI_ZONE,IOC,BSE
2026-01-08,2026-01-09,2026-01-13,SHORT,155.10000610351562,158.9775062561035,147.34500579833983,158.9775062561035,STOP_LOSS,2,-2.4999999999999964,-2.6499999999999964,LONG_RSI_ZONE,IOC,BSE
2026-03-10,2026-03-11,2026-03-16,SHORT,160.9499969482422,164.97374687194824,152.90249710083006,152.90249710083006,TARGET,3,5.000000000000011,4.85000000000001,LONG_RSI_ZONE,IOC,BSE
2026-06-18,2026-06-19,2026-06-29,LONG,145.35000610351562,141.71625595092772,152.6175064086914,141.71625595092772,STOP_LOSS,6,-2.5000000000000115,-2.6500000000000115,LONG_RSI_ZONE,IOC,BSE
2026-08-17,2026-08-18,2026-09-01,SHORT,138.35000610351562,141.8087562561035,131.43250579833983,136.4499969482422,TIME_EXIT,10,1.3733350715227444,1.2233350715227445,LONG_RSI_ZONE,IOC,BSE
2025-01-28,2025-01-29,2025-02-11,SHORT,85.97000122070312,88.11925125122069,81.67150115966797,81.67150115966797,TARGET,9,5.0,4.85,CURRENT,SBFC,BSE
2025-03-13,2025-03-17,2025-03-19,SHORT,83.2300033569336,85.31075344085693,79.06850318908691,85.31075344085693,STOP_LOSS,2,-2.4999999999999933,-2.6499999999999932,CURRENT,SBFC,BSE
2025-03-24,2025-03-25,2025-03-27,LONG,88.16000366210938,85.95600357055663,92.56800384521485,85.95600357055663,STOP_LOSS,2,-2.5000000000000093,-2.6500000000000092,CURRENT,SBFC,BSE
2025-08-22,2025-08-25,2025-08-26,LONG,113.0500030517578,110.22375297546385,118.70250320434569,110.22375297546385,STOP_LOSS,1,-2.5000000000000004,-2.6500000000000004,CURRENT,SBFC,BSE
2025-10-14,2025-10-15,2025-10-17,SHORT,109.0999984741211,111.8274984359741,103.64499855041504,111.8274984359741,STOP_LOSS,2,-2.499999999999987,-2.649999999999987,CURRENT,SBFC,BSE
2026-01-27,2026-01-28,2026-01-28,SHORT,91.75,94.04374999999999,87.1625,87.1625,TARGET,0,5.000000000000006,4.850000000000006,CURRENT,SBFC,BSE
2026-06-19,2026-06-22,2026-06-22,LONG,95.5999984741211,93.20999851226806,100.37999839782715,93.20999851226806,STOP_LOSS,0,-2.500000000000009,-2.650000000000009,CURRENT,SBFC,BSE
2026-06-24,2026-06-25,2026-07-06,SHORT,92.0,94.3,87.39999999999999,94.3,STOP_LOSS,7,-2.499999999999997,-2.649999999999997,CURRENT,SBFC,BSE
2025-01-28,2025-01-29,2025-02-11,SHORT,85.97000122070312,88.11925125122069,81.67150115966797,81.67150115966797,TARGET,9,5.0,4.85,LONG_RSI_ZONE,SBFC,BSE
2025-03-13,2025-03-17,2025-03-19,SHORT,83.2300033569336,85.31075344085693,79.06850318908691,85.31075344085693,STOP_LOSS,2,-2.4999999999999933,-2.6499999999999932,LONG_RSI_ZONE,SBFC,BSE
2025-03-24,2025-03-25,2025-03-27,LONG,88.16000366210938,85.95600357055663,92.56800384521485,85.95600357055663,STOP_LOSS,2,-2.5000000000000093,-2.6500000000000092,LONG_RSI_ZONE,SBFC,BSE
2025-10-14,2025-10-15,2025-10-17,SHORT,109.0999984741211,111.8274984359741,103.64499855041504,111.8274984359741,STOP_LOSS,2,-2.499999999999987,-2.649999999999987,LONG_RSI_ZONE,SBFC,BSE
2025-10-21,2025-10-23,2025-10-23,LONG,117.3499984741211,114.41624851226807,123.21749839782716,114.41624851226807,STOP_LOSS,0,-2.499999999999998,-2.6499999999999977,LONG_RSI_ZONE,SBFC,BSE
2026-01-27,2026-01-28,2026-01-28,SHORT,91.75,94.04374999999999,87.1625,87.1625,TARGET,0,5.000000000000006,4.850000000000006,LONG_RSI_ZONE,SBFC,BSE
2026-06-19,2026-06-22,2026-06-22,LONG,95.5999984741211,93.20999851226806,100.37999839782715,93.20999851226806,STOP_LOSS,0,-2.500000000000009,-2.650000000000009,LONG_RSI_ZONE,SBFC,BSE
2026-06-24,2026-06-25,2026-07-06,SHORT,92.0,94.3,87.39999999999999,94.3,STOP_LOSS,7,-2.499999999999997,-2.649999999999997,LONG_RSI_ZONE,SBFC,BSE
2024-10-09,2024-10-10,2024-10-15,SHORT,736.5,754.9124999999999,699.675,699.675,TARGET,3,5.000000000000006,4.850000000000006,CURRENT,BAJFINANCE,BSE
2025-01-02,2025-01-03,2025-01-13,LONG,739.0,720.525,775.95,720.525,STOP_LOSS,5,-2.500000000000003,-2.650000000000003,CURRENT,BAJFINANCE,BSE
2025-06-09,2025-06-10,2025-06-11,LONG,969.0,944.775,1017.45,944.775,STOP_LOSS,1,-2.500000000000002,-2.650000000000002,CURRENT,BAJFINANCE,BSE
2025-06-27,2025-06-30,2025-07-01,LONG,953.0499877929688,929.2237380981445,1000.7024871826172,929.2237380981445,STOP_LOSS,1,-2.500000000000002,-2.650000000000002,CURRENT,BAJFINANCE,BSE
2025-07-23,2025-07-24,2025-07-25,LONG,968.4000244140624,944.1900238037108,1016.8200256347656,944.1900238037108,STOP_LOSS,1,-2.5000000000000027,-2.6500000000000026,CURRENT,BAJFINANCE,BSE
2025-07-29,2025-07-30,2025-08-13,SHORT,887.0499877929688,909.2262374877929,842.6974884033202,860.4500122070312,TIME_EXIT,10,2.9987008569967704,2.8487008569967704,CURRENT,BAJFINANCE,BSE
2026-03-06,2026-03-09,2026-03-10,SHORT,929.2000122070312,952.430012512207,882.7400115966797,952.430012512207,STOP_LOSS,1,-2.499999999999995,-2.649999999999995,CURRENT,BAJFINANCE,BSE
2026-06-18,2026-06-22,2026-07-01,LONG,966.0,941.85,1014.3000000000001,1014.3000000000001,TARGET,7,5.000000000000007,4.850000000000007,CURRENT,BAJFINANCE,BSE
2024-10-09,2024-10-10,2024-10-15,SHORT,736.5,754.9124999999999,699.675,699.675,TARGET,3,5.000000000000006,4.850000000000006,LONG_RSI_ZONE,BAJFINANCE,BSE
2025-01-02,2025-01-03,2025-01-13,LONG,739.0,720.525,775.95,720.525,STOP_LOSS,5,-2.500000000000003,-2.650000000000003,LONG_RSI_ZONE,BAJFINANCE,BSE
2025-06-09,2025-06-10,2025-06-11,LONG,969.0,944.775,1017.45,944.775,STOP_LOSS,1,-2.500000000000002,-2.650000000000002,LONG_RSI_ZONE,BAJFINANCE,BSE
2025-07-29,2025-07-30,2025-08-13,SHORT,887.0499877929688,909.2262374877929,842.6974884033202,860.4500122070312,TIME_EXIT,10,2.9987008569967704,2.8487008569967704,LONG_RSI_ZONE,BAJFINANCE,BSE
2026-03-06,2026-03-09,2026-03-10,SHORT,929.2000122070312,952.430012512207,882.7400115966797,952.430012512207,STOP_LOSS,1,-2.499999999999995,-2.649999999999995,LONG_RSI_ZONE,BAJFINANCE,BSE
2026-06-18,2026-06-22,2026-07-01,LONG,966.0,941.85,1014.3000000000001,1014.3000000000001,TARGET,7,5.000000000000007,4.850000000000007,LONG_RSI_ZONE,BAJFINANCE,BSE
2025-07-29,2025-07-30,2025-08-13,SHORT,334.6499938964844,343.01624374389644,317.91749420166013,339.95001220703125,TIME_EXIT,10,-1.5837497108057035,-1.7337497108057034,CURRENT,NTPC,BSE
2025-09-19,2025-09-22,2025-10-07,LONG,339.6000061035156,331.1100059509277,356.5800064086914,338.0,TIME_EXIT,10,-0.4711443094108535,-0.6211443094108535,CURRENT,NTPC,BSE
2025-11-06,2025-11-07,2025-11-21,SHORT,324.5,332.61249999999995,308.275,326.6000061035156,TIME_EXIT,10,-0.6471513416072805,-0.7971513416072805,CURRENT,NTPC,BSE
2026-04-16,2026-04-17,2026-04-27,LONG,392.25,382.44374999999997,411.8625,411.8625,TARGET,6,5.000000000000003,4.850000000000002,CURRENT,NTPC,BSE
2025-07-29,2025-07-30,2025-08-13,SHORT,334.6499938964844,343.01624374389644,317.91749420166013,339.95001220703125,TIME_EXIT,10,-1.5837497108057035,-1.7337497108057034,LONG_RSI_ZONE,NTPC,BSE
2025-09-19,2025-09-22,2025-10-07,LONG,339.6000061035156,331.1100059509277,356.5800064086914,338.0,TIME_EXIT,10,-0.4711443094108535,-0.6211443094108535,LONG_RSI_ZONE,NTPC,BSE
2025-11-06,2025-11-07,2025-11-21,SHORT,324.5,332.61249999999995,308.275,326.6000061035156,TIME_EXIT,10,-0.6471513416072805,-0.7971513416072805,LONG_RSI_ZONE,NTPC,BSE
2024-10-01,2024-10-03,2024-10-07,LONG,260.04998779296875,253.54873809814453,273.0524871826172,253.54873809814453,STOP_LOSS,2,-2.500000000000002,-2.650000000000002,CURRENT,EPL,BSE
2024-12-03,2024-12-04,2024-12-04,LONG,288.8999938964844,281.67749404907227,303.3449935913086,281.67749404907227,STOP_LOSS,0,-2.5,-2.65,CURRENT,EPL,BSE
2024-12-27,2024-12-30,2025-01-03,SHORT,262.70001220703125,269.267512512207,249.56501159667968,269.267512512207,STOP_LOSS,4,-2.4999999999999956,-2.6499999999999955,CURRENT,EPL,BSE
2025-02-27,2025-02-28,2025-03-06,SHORT,198.1999969482422,203.1549968719482,188.28999710083008,203.1549968719482,STOP_LOSS,4,-2.499999999999986,-2.6499999999999857,CURRENT,EPL,BSE
2026-02-09,2026-02-10,2026-02-16,LONG,220.5500030517578,215.03625297546387,231.5775032043457,215.03625297546387,STOP_LOSS,4,-2.5,-2.65,CURRENT,EPL,BSE
2026-04-02,2026-04-06,2026-04-08,LONG,213.9499969482422,208.60124702453612,224.64749679565432,224.64749679565432,TARGET,2,5.000000000000011,4.85000000000001,CURRENT,EPL,BSE
2026-06-16,2026-06-17,2026-06-29,LONG,230.8999938964844,225.12749404907228,242.44499359130864,225.12749404907228,STOP_LOSS,8,-2.5000000000000044,-2.6500000000000044,CURRENT,EPL,BSE
2026-08-12,2026-08-13,2026-08-20,LONG,245.1000061035156,238.9725059509277,257.3550064086914,257.3550064086914,TARGET,5,5.000000000000007,4.850000000000007,CURRENT,EPL,BSE
2024-10-01,2024-10-03,2024-10-07,LONG,260.04998779296875,253.54873809814453,273.0524871826172,253.54873809814453,STOP_LOSS,2,-2.500000000000002,-2.650000000000002,LONG_RSI_ZONE,EPL,BSE
2024-12-27,2024-12-30,2025-01-03,SHORT,262.70001220703125,269.267512512207,249.56501159667968,269.267512512207,STOP_LOSS,4,-2.4999999999999956,-2.6499999999999955,LONG_RSI_ZONE,EPL,BSE
2025-02-27,2025-02-28,2025-03-06,SHORT,198.1999969482422,203.1549968719482,188.28999710083008,203.1549968719482,STOP_LOSS,4,-2.499999999999986,-2.6499999999999857,LONG_RSI_ZONE,EPL,BSE
2026-02-09,2026-02-10,2026-02-16,LONG,220.5500030517578,215.03625297546387,231.5775032043457,215.03625297546387,STOP_LOSS,4,-2.5,-2.65,LONG_RSI_ZONE,EPL,BSE
2026-04-02,2026-04-06,2026-04-08,LONG,213.9499969482422,208.60124702453612,224.64749679565432,224.64749679565432,TARGET,2,5.000000000000011,4.85000000000001,LONG_RSI_ZONE,EPL,BSE
2026-06-16,2026-06-17,2026-06-29,LONG,230.8999938964844,225.12749404907228,242.44499359130864,225.12749404907228,STOP_LOSS,8,-2.5000000000000044,-2.6500000000000044,LONG_RSI_ZONE,EPL,BSE
2026-08-12,2026-08-13,2026-08-20,LONG,245.1000061035156,238.9725059509277,257.3550064086914,257.3550064086914,TARGET,5,5.000000000000007,4.850000000000007,LONG_RSI_ZONE,EPL,BSE
2025-06-25,2025-06-26,2025-06-30,LONG,240.0,234.0,252.0,234.0,STOP_LOSS,2,-2.5,-2.65,CURRENT,NORTHARC,BSE
2025-08-21,2025-08-22,2025-08-28,LONG,247.1499938964844,240.97124404907228,259.5074935913086,240.97124404907228,STOP_LOSS,3,-2.5000000000000044,-2.6500000000000044,CURRENT,NORTHARC,BSE
2025-11-03,2025-11-04,2025-11-04,LONG,283.95001220703125,276.8512619018555,298.14751281738285,276.8512619018555,STOP_LOSS,0,-2.499999999999996,-2.649999999999996,CURRENT,NORTHARC,BSE
2026-01-08,2026-01-09,2026-01-12,LONG,263.8999938964844,257.30249404907227,277.0949935913086,257.30249404907227,STOP_LOSS,1,-2.5,-2.65,CURRENT,NORTHARC,BSE
2025-06-26,2025-06-27,2025-06-27,LONG,244.8999938964844,238.7774940490723,257.14499359130866,238.7774940490723,STOP_LOSS,0,-2.5000000000000018,-2.6500000000000017,LONG_RSI_ZONE,NORTHARC,BSE
2025-11-03,2025-11-04,2025-11-04,LONG,283.95001220703125,276.8512619018555,298.14751281738285,276.8512619018555,STOP_LOSS,0,-2.499999999999996,-2.649999999999996,LONG_RSI_ZONE,NORTHARC,BSE
2024-11-22,2024-11-25,2024-11-26,LONG,33.91999816894531,33.07199821472168,35.61599807739258,35.61599807739258,TARGET,1,5.000000000000012,4.850000000000012,CURRENT,TFCILTD,BSE
2025-01-09,2025-01-10,2025-01-13,SHORT,32.72999954223633,33.54824953079223,31.09349956512451,31.09349956512451,TARGET,1,5.000000000000004,4.850000000000004,CURRENT,TFCILTD,BSE
2025-03-17,2025-03-18,2025-03-21,SHORT,28.0,28.699999999999996,26.599999999999998,28.699999999999996,STOP_LOSS,3,-2.499999999999985,-2.649999999999985,CURRENT,TFCILTD,BSE
2025-03-26,2025-03-27,2025-03-27,LONG,33.189998626708984,32.36024866104126,34.84949855804444,32.36024866104126,STOP_LOSS,0,-2.4999999999999956,-2.6499999999999955,CURRENT,TFCILTD,BSE
2026-06-15,2026-06-16,2026-06-18,LONG,76.12999725341797,74.22674732208252,79.93649711608887,74.22674732208252,STOP_LOSS,2,-2.5000000000000036,-2.6500000000000035,CURRENT,TFCILTD,BSE
2026-07-15,2026-07-16,2026-07-20,LONG,84.0,81.89999999999999,88.2,81.89999999999999,STOP_LOSS,2,-2.50000000000001,-2.65000000000001,CURRENT,TFCILTD,BSE
2024-11-22,2024-11-25,2024-11-26,LONG,33.91999816894531,33.07199821472168,35.61599807739258,35.61599807739258,TARGET,1,5.000000000000012,4.850000000000012,LONG_RSI_ZONE,TFCILTD,BSE
2025-01-09,2025-01-10,2025-01-13,SHORT,32.72999954223633,33.54824953079223,31.09349956512451,31.09349956512451,TARGET,1,5.000000000000004,4.850000000000004,LONG_RSI_ZONE,TFCILTD,BSE
2025-03-17,2025-03-18,2025-03-21,SHORT,28.0,28.699999999999996,26.599999999999998,28.699999999999996,STOP_LOSS,3,-2.499999999999985,-2.649999999999985,LONG_RSI_ZONE,TFCILTD,BSE
2026-06-17,2026-06-18,2026-06-18,LONG,76.0999984741211,74.19749851226807,79.90499839782716,74.19749851226807,STOP_LOSS,0,-2.4999999999999964,-2.6499999999999964,LONG_RSI_ZONE,TFCILTD,BSE
2026-07-15,2026-07-16,2026-07-20,LONG,84.0,81.89999999999999,88.2,81.89999999999999,STOP_LOSS,2,-2.50000000000001,-2.65000000000001,LONG_RSI_ZONE,TFCILTD,BSE
2024-10-29,2024-10-30,2024-11-04,LONG,830.0,809.25,871.5,809.25,STOP_LOSS,3,-2.5,-2.65,CURRENT,SBIN,BSE
2025-08-14,2025-08-18,2025-08-26,LONG,831.3499755859375,810.566226196289,872.9174743652344,810.566226196289,STOP_LOSS,6,-2.500000000000008,-2.650000000000008,CURRENT,SBIN,BSE
2025-09-02,2025-09-03,2025-09-11,SHORT,805.0,825.1249999999999,764.75,825.1249999999999,STOP_LOSS,6,-2.499999999999986,-2.6499999999999857,CURRENT,SBIN,BSE
2025-09-16,2025-09-17,2025-09-24,LONG,833.25,812.4187499999999,874.9125,874.9125,TARGET,5,5.000000000000003,4.850000000000002,CURRENT,SBIN,BSE
2026-05-08,2026-05-11,2026-05-15,SHORT,1009.9500122070312,1035.198762512207,959.4525115966796,959.4525115966796,TARGET,4,5.000000000000004,4.850000000000004,CURRENT,SBIN,BSE
2024-10-29,2024-10-30,2024-11-04,LONG,830.0,809.25,871.5,809.25,STOP_LOSS,3,-2.5,-2.65,LONG_RSI_ZONE,SBIN,BSE
2025-09-02,2025-09-03,2025-09-11,SHORT,805.0,825.1249999999999,764.75,825.1249999999999,STOP_LOSS,6,-2.499999999999986,-2.6499999999999857,LONG_RSI_ZONE,SBIN,BSE
2026-05-08,2026-05-11,2026-05-15,SHORT,1009.9500122070312,1035.198762512207,959.4525115966796,959.4525115966796,TARGET,4,5.000000000000004,4.850000000000004,LONG_RSI_ZONE,SBIN,BSE
2024-10-08,2024-10-09,2024-10-09,SHORT,76.30000305175781,78.20750312805175,72.48500289916991,78.20750312805175,STOP_LOSS,0,-2.4999999999999964,-2.6499999999999964,CURRENT,LLOYDSENGG,BSE
2024-12-03,2024-12-04,2024-12-16,LONG,79.01000213623047,77.03475208282471,82.960502243042,82.960502243042,TARGET,8,5.000000000000011,4.85000000000001,CURRENT,LLOYDSENGG,BSE
2025-01-08,2025-01-09,2025-01-09,LONG,88.01000213623047,85.8097520828247,92.41050224304199,85.8097520828247,STOP_LOSS,0,-2.500000000000006,-2.650000000000006,CURRENT,LLOYDSENGG,BSE
2025-01-29,2025-01-30,2025-02-03,SHORT,77.69000244140625,79.6322525024414,73.80550231933593,73.80550231933593,TARGET,2,5.000000000000011,4.85000000000001,CURRENT,LLOYDSENGG,BSE
2025-05-06,2025-05-07,2025-05-07,SHORT,48.7599983215332,49.97899827957153,46.32199840545654,49.97899827957153,STOP_LOSS,0,-2.4999999999999885,-2.6499999999999884,CURRENT,LLOYDSENGG,BSE
2025-06-26,2025-06-27,2025-06-27,LONG,64.51000213623047,62.89725208282471,67.73550224304199,67.73550224304199,TARGET,0,5.0,4.85,CURRENT,LLOYDSENGG,BSE
2026-01-09,2026-01-12,2026-01-13,SHORT,51.060001373291016,52.33650140762329,48.50700130462646,52.33650140762329,STOP_LOSS,1,-2.4999999999999947,-2.6499999999999946,CURRENT,LLOYDSENGG,BSE
2026-02-25,2026-02-26,2026-03-02,SHORT,49.20000076293945,50.43000078201293,46.74000072479248,46.74000072479248,TARGET,2,5.0,4.85,CURRENT,LLOYDSENGG,BSE
2024-10-08,2024-10-09,2024-10-09,SHORT,76.30000305175781,78.20750312805175,72.48500289916991,78.20750312805175,STOP_LOSS,0,-2.4999999999999964,-2.6499999999999964,LONG_RSI_ZONE,LLOYDSENGG,BSE
2024-12-03,2024-12-04,2024-12-16,LONG,79.01000213623047,77.03475208282471,82.960502243042,82.960502243042,TARGET,8,5.000000000000011,4.85000000000001,LONG_RSI_ZONE,LLOYDSENGG,BSE
2025-01-08,2025-01-09,2025-01-09,LONG,88.01000213623047,85.8097520828247,92.41050224304199,85.8097520828247,STOP_LOSS,0,-2.500000000000006,-2.650000000000006,LONG_RSI_ZONE,LLOYDSENGG,BSE
2025-01-29,2025-01-30,2025-02-03,SHORT,77.69000244140625,79.6322525024414,73.80550231933593,73.80550231933593,TARGET,2,5.000000000000011,4.85000000000001,LONG_RSI_ZONE,LLOYDSENGG,BSE
2025-05-06,2025-05-07,2025-05-07,SHORT,48.7599983215332,49.97899827957153,46.32199840545654,49.97899827957153,STOP_LOSS,0,-2.4999999999999885,-2.6499999999999884,LONG_RSI_ZONE,LLOYDSENGG,BSE
2025-06-26,2025-06-27,2025-06-27,LONG,64.51000213623047,62.89725208282471,67.73550224304199,67.73550224304199,TARGET,0,5.0,4.85,LONG_RSI_ZONE,LLOYDSENGG,BSE
2025-06-30,2025-07-01,2025-07-01,LONG,70.80000305175781,69.03000297546386,74.3400032043457,74.3400032043457,TARGET,0,5.0000000000000036,4.850000000000003,LONG_RSI_ZONE,LLOYDSENGG,BSE
2026-01-09,2026-01-12,2026-01-13,SHORT,51.060001373291016,52.33650140762329,48.50700130462646,52.33650140762329,STOP_LOSS,1,-2.4999999999999947,-2.6499999999999946,LONG_RSI_ZONE,LLOYDSENGG,BSE
2026-02-25,2026-02-26,2026-03-02,SHORT,49.20000076293945,50.43000078201293,46.74000072479248,46.74000072479248,TARGET,2,5.0,4.85,LONG_RSI_ZONE,LLOYDSENGG,BSE
2024-11-05,2024-11-06,2024-11-11,LONG,210.8000030517578,205.53000297546387,221.34000320434572,205.53000297546387,STOP_LOSS,3,-2.4999999999999973,-2.6499999999999972,CURRENT,CGCL,BSE
2024-11-21,2024-11-22,2024-11-25,SHORT,188.0,192.7,178.6,192.7,STOP_LOSS,1,-2.499999999999994,-2.6499999999999937,CURRENT,CGCL,BSE
2024-12-18,2024-12-19,2024-12-30,SHORT,192.3500061035156,197.15875625610346,182.73250579833982,182.73250579833982,TARGET,6,5.000000000000001,4.8500000000000005,CURRENT,CGCL,BSE
2025-05-23,2025-05-26,2025-05-30,SHORT,160.89999389648438,164.92249374389647,152.85499420166016,152.85499420166016,TARGET,4,4.9999999999999964,4.849999999999996,CURRENT,CGCL,BSE
2025-06-10,2025-06-11,2025-06-12,LONG,178.25,173.79375,187.1625,173.79375,STOP_LOSS,1,-2.500000000000006,-2.650000000000006,CURRENT,CGCL,BSE
2025-07-10,2025-07-11,2025-07-11,LONG,177.8000030517578,173.35500297546386,186.69000320434571,173.35500297546386,STOP_LOSS,0,-2.500000000000003,-2.650000000000003,CURRENT,CGCL,BSE
2025-10-17,2025-10-20,2025-10-24,LONG,191.8000030517578,187.00500297546387,201.3900032043457,201.3900032043457,TARGET,3,5.0,4.85,CURRENT,CGCL,BSE
2026-08-26,2026-08-27,2026-08-27,LONG,258.70001220703125,252.23251190185547,271.6350128173828,252.23251190185547,STOP_LOSS,0,-2.499999999999998,-2.6499999999999977,CURRENT,CGCL,BSE
2024-11-05,2024-11-06,2024-11-11,LONG,210.8000030517578,205.53000297546387,221.34000320434572,205.53000297546387,STOP_LOSS,3,-2.4999999999999973,-2.6499999999999972,LONG_RSI_ZONE,CGCL,BSE
2024-11-21,2024-11-22,2024-11-25,SHORT,188.0,192.7,178.6,192.7,STOP_LOSS,1,-2.499999999999994,-2.6499999999999937,LONG_RSI_ZONE,CGCL,BSE
2024-12-18,2024-12-19,2024-12-30,SHORT,192.3500061035156,197.15875625610346,182.73250579833982,182.73250579833982,TARGET,6,5.000000000000001,4.8500000000000005,LONG_RSI_ZONE,CGCL,BSE
2025-05-23,2025-05-26,2025-05-30,SHORT,160.89999389648438,164.92249374389647,152.85499420166016,152.85499420166016,TARGET,4,4.9999999999999964,4.849999999999996,LONG_RSI_ZONE,CGCL,BSE
2025-06-13,2025-06-16,2025-06-16,LONG,167.64999389648438,163.45874404907227,176.0324935913086,163.45874404907227,STOP_LOSS,0,-2.5,-2.65,LONG_RSI_ZONE,CGCL,BSE
2025-07-10,2025-07-11,2025-07-11,LONG,177.8000030517578,173.35500297546386,186.69000320434571,173.35500297546386,STOP_LOSS,0,-2.500000000000003,-2.650000000000003,LONG_RSI_ZONE,CGCL,BSE
2025-07-16,2025-07-17,2025-07-28,LONG,183.1499938964844,178.57124404907228,192.30749359130863,178.57124404907228,STOP_LOSS,7,-2.500000000000009,-2.650000000000009,LONG_RSI_ZONE,CGCL,BSE
2025-10-17,2025-10-20,2025-10-24,LONG,191.8000030517578,187.00500297546387,201.3900032043457,201.3900032043457,TARGET,3,5.0,4.85,LONG_RSI_ZONE,CGCL,BSE
2026-08-26,2026-08-27,2026-08-27,LONG,258.70001220703125,252.23251190185547,271.6350128173828,252.23251190185547,STOP_LOSS,0,-2.499999999999998,-2.6499999999999977,LONG_RSI_ZONE,CGCL,BSE
2026-08-31,2026-09-01,2026-09-01,LONG,259.25,252.76874999999998,272.21250000000003,252.76874999999998,STOP_LOSS,0,-2.5000000000000067,-2.6500000000000066,LONG_RSI_ZONE,CGCL,BSE
2025-01-09,2025-01-10,2025-01-10,SHORT,662.5,679.0624999999999,629.375,629.375,TARGET,0,5.0,4.85,CURRENT,KALYANKJIL,BSE
2025-07-01,2025-07-02,2025-07-16,LONG,570.0,555.75,598.5,589.75,TIME_EXIT,10,3.4649122807017543,3.3149122807017544,CURRENT,KALYANKJIL,BSE
2025-12-09,2025-12-10,2025-12-15,SHORT,475.0,486.87499999999994,451.25,486.87499999999994,STOP_LOSS,3,-2.499999999999988,-2.649999999999988,CURRENT,KALYANKJIL,BSE
2026-01-19,2026-01-20,2026-01-21,SHORT,461.0,472.525,437.95,437.95,TARGET,1,5.000000000000003,4.850000000000002,CURRENT,KALYANKJIL,BSE
2026-07-09,2026-07-10,2026-07-10,LONG,449.0,437.775,471.45000000000005,471.45000000000005,TARGET,0,5.00000000000001,4.850000000000009,CURRENT,KALYANKJIL,BSE
2025-01-09,2025-01-10,2025-01-10,SHORT,662.5,679.0624999999999,629.375,629.375,TARGET,0,5.0,4.85,LONG_RSI_ZONE,KALYANKJIL,BSE
2025-07-01,2025-07-02,2025-07-16,LONG,570.0,555.75,598.5,589.75,TIME_EXIT,10,3.4649122807017543,3.3149122807017544,LONG_RSI_ZONE,KALYANKJIL,BSE
2025-12-09,2025-12-10,2025-12-15,SHORT,475.0,486.87499999999994,451.25,486.87499999999994,STOP_LOSS,3,-2.499999999999988,-2.649999999999988,LONG_RSI_ZONE,KALYANKJIL,BSE
2026-01-19,2026-01-20,2026-01-21,SHORT,461.0,472.525,437.95,437.95,TARGET,1,5.000000000000003,4.850000000000002,LONG_RSI_ZONE,KALYANKJIL,BSE
2025-10-06,2025-10-07,2025-10-07,LONG,314.75,306.88124999999997,330.4875,306.88124999999997,STOP_LOSS,0,-2.500000000000011,-2.650000000000011,CURRENT,IXIGO,BSE
2026-06-16,2026-06-17,2026-06-23,LONG,188.0,183.29999999999998,197.4,197.4,TARGET,4,5.000000000000003,4.850000000000002,CURRENT,IXIGO,BSE
2026-08-07,2026-08-10,2026-08-10,SHORT,176.6999969482422,181.11749687194822,167.86499710083007,181.11749687194822,STOP_LOSS,0,-2.499999999999987,-2.649999999999987,CURRENT,IXIGO,BSE
2025-10-06,2025-10-07,2025-10-07,LONG,314.75,306.88124999999997,330.4875,306.88124999999997,STOP_LOSS,0,-2.500000000000011,-2.650000000000011,LONG_RSI_ZONE,IXIGO,BSE
2025-10-08,2025-10-09,2025-10-09,LONG,295.04998779296875,287.6737380981445,309.8024871826172,309.8024871826172,TARGET,0,5.0000000000000036,4.850000000000003,LONG_RSI_ZONE,IXIGO,BSE
2026-06-18,2026-06-19,2026-06-24,LONG,188.75,184.03125,198.1875,184.03125,STOP_LOSS,3,-2.5,-2.65,LONG_RSI_ZONE,IXIGO,BSE
2026-08-07,2026-08-10,2026-08-10,SHORT,176.6999969482422,181.11749687194822,167.86499710083007,181.11749687194822,STOP_LOSS,0,-2.499999999999987,-2.649999999999987,LONG_RSI_ZONE,IXIGO,BSE
2025-04-23,2025-04-24,2025-04-24,LONG,622.1500244140625,606.5962738037109,653.2575256347657,606.5962738037109,STOP_LOSS,0,-2.5000000000000036,-2.6500000000000035,CURRENT,ICICIPRULI,BSE
2025-06-30,2025-07-01,2025-07-03,LONG,659.9500122070312,643.4512619018554,692.9475128173829,643.4512619018554,STOP_LOSS,2,-2.5000000000000036,-2.6500000000000035,CURRENT,ICICIPRULI,BSE
2025-08-29,2025-09-01,2025-09-04,SHORT,599.9000244140625,614.897525024414,569.9050231933594,614.897525024414,STOP_LOSS,3,-2.499999999999989,-2.649999999999989,CURRENT,ICICIPRULI,BSE
2026-02-24,2026-02-25,2026-03-02,LONG,660.7999877929688,644.2799880981445,693.8399871826172,644.2799880981445,STOP_LOSS,3,-2.5000000000000067,-2.6500000000000066,CURRENT,ICICIPRULI,BSE
2026-03-06,2026-03-09,2026-03-19,SHORT,607.3499755859375,622.5337249755859,576.9824768066406,576.9824768066406,TARGET,8,4.9999999999999964,4.849999999999996,CURRENT,ICICIPRULI,BSE
2025-04-23,2025-04-24,2025-04-24,LONG,622.1500244140625,606.5962738037109,653.2575256347657,606.5962738037109,STOP_LOSS,0,-2.5000000000000036,-2.6500000000000035,LONG_RSI_ZONE,ICICIPRULI,BSE
2025-06-30,2025-07-01,2025-07-03,LONG,659.9500122070312,643.4512619018554,692.9475128173829,643.4512619018554,STOP_LOSS,2,-2.5000000000000036,-2.6500000000000035,LONG_RSI_ZONE,ICICIPRULI,BSE
2025-08-29,2025-09-01,2025-09-04,SHORT,599.9000244140625,614.897525024414,569.9050231933594,614.897525024414,STOP_LOSS,3,-2.499999999999989,-2.649999999999989,LONG_RSI_ZONE,ICICIPRULI,BSE
2026-02-25,2026-02-26,2026-02-27,LONG,669.0,652.275,702.45,652.275,STOP_LOSS,1,-2.500000000000003,-2.650000000000003,LONG_RSI_ZONE,ICICIPRULI,BSE
2026-03-06,2026-03-09,2026-03-19,SHORT,607.3499755859375,622.5337249755859,576.9824768066406,576.9824768066406,TARGET,8,4.9999999999999964,4.849999999999996,LONG_RSI_ZONE,ICICIPRULI,BSE
2024-10-24,2024-10-25,2024-10-25,LONG,440.0499877929688,429.04873809814455,462.05248718261726,462.05248718261726,TARGET,0,5.000000000000002,4.850000000000001,CURRENT,ASTERDM,BSE
2024-11-27,2024-11-28,2024-11-29,LONG,481.1499938964844,469.12124404907223,505.2074935913086,505.2074935913086,TARGET,1,5.000000000000003,4.850000000000002,CURRENT,ASTERDM,BSE
2025-08-18,2025-08-19,2025-08-20,LONG,630.75,614.9812499999999,662.2875,614.9812499999999,STOP_LOSS,1,-2.500000000000011,-2.650000000000011,CURRENT,ASTERDM,BSE
2024-10-24,2024-10-25,2024-10-25,LONG,440.0499877929688,429.04873809814455,462.05248718261726,462.05248718261726,TARGET,0,5.000000000000002,4.850000000000001,LONG_RSI_ZONE,ASTERDM,BSE
2025-08-19,2025-08-20,2025-08-20,LONG,627.9500122070312,612.2512619018554,659.3475128173828,612.2512619018554,STOP_LOSS,0,-2.500000000000011,-2.650000000000011,LONG_RSI_ZONE,ASTERDM,BSE
2024-12-30,2024-12-31,2024-12-31,SHORT,153.10000610351562,156.9275062561035,145.44500579833985,156.9275062561035,STOP_LOSS,0,-2.499999999999989,-2.649999999999989,CURRENT,WELSPUNLIV,BSE
2025-04-08,2025-04-09,2025-04-09,SHORT,119.5500030517578,122.53875312805174,113.5725028991699,113.5725028991699,TARGET,0,5.000000000000003,4.850000000000002,CURRENT,WELSPUNLIV,BSE
2025-05-08,2025-05-09,2025-05-09,LONG,132.60000610351562,129.28500595092774,139.23000640869142,139.23000640869142,TARGET,0,5.000000000000012,4.850000000000012,CURRENT,WELSPUNLIV,BSE
2025-06-30,2025-07-01,2025-07-01,LONG,143.75,140.15625,150.9375,140.15625,STOP_LOSS,0,-2.5,-2.65,CURRENT,WELSPUNLIV,BSE
2025-09-30,2025-10-01,2025-10-01,SHORT,113.25,116.08124999999998,107.58749999999999,116.08124999999998,STOP_LOSS,0,-2.499999999999985,-2.649999999999985,CURRENT,WELSPUNLIV,BSE
2025-10-16,2025-10-17,2025-10-17,LONG,126.0500030517578,122.89875297546385,132.35250320434568,122.89875297546385,STOP_LOSS,0,-2.5000000000000027,-2.6500000000000026,CURRENT,WELSPUNLIV,BSE
2024-12-30,2024-12-31,2024-12-31,SHORT,153.10000610351562,156.9275062561035,145.44500579833985,156.9275062561035,STOP_LOSS,0,-2.499999999999989,-2.649999999999989,LONG_RSI_ZONE,WELSPUNLIV,BSE
2025-04-08,2025-04-09,2025-04-09,SHORT,119.5500030517578,122.53875312805174,113.5725028991699,113.5725028991699,TARGET,0,5.000000000000003,4.850000000000002,LONG_RSI_ZONE,WELSPUNLIV,BSE
2025-05-09,2025-05-12,2025-05-12,LONG,152.64999389648438,148.83374404907227,160.2824935913086,148.83374404907227,STOP_LOSS,0,-2.5,-2.65,LONG_RSI_ZONE,WELSPUNLIV,BSE
2025-05-13,2025-05-14,2025-05-22,LONG,145.1999969482422,141.56999702453612,152.4599967956543,152.4599967956543,TARGET,6,4.9999999999999964,4.849999999999996,LONG_RSI_ZONE,WELSPUNLIV,BSE
2025-09-30,2025-10-01,2025-10-01,SHORT,113.25,116.08124999999998,107.58749999999999,116.08124999999998,STOP_LOSS,0,-2.499999999999985,-2.649999999999985,LONG_RSI_ZONE,WELSPUNLIV,BSE
2025-05-16,2025-05-19,2025-05-20,LONG,52.25,50.94375,54.862500000000004,50.94375,STOP_LOSS,1,-2.4999999999999973,-2.6499999999999972,CURRENT,IFCI,NSE
2025-10-03,2025-10-06,2025-10-07,LONG,58.2599983215332,56.803498363494874,61.17299823760987,56.803498363494874,STOP_LOSS,1,-2.499999999999998,-2.6499999999999977,CURRENT,IFCI,NSE
2025-11-11,2025-11-12,2025-11-21,SHORT,55.70000076293945,57.092500782012934,52.91500072479248,52.91500072479248,TARGET,7,5.000000000000005,4.850000000000005,CURRENT,IFCI,NSE
2026-01-12,2026-01-13,2026-01-14,LONG,57.43000030517578,55.99425029754639,60.30150032043457,55.99425029754639,STOP_LOSS,1,-2.5,-2.65,CURRENT,IFCI,NSE
2025-05-20,2025-05-21,2025-05-23,LONG,49.52000045776367,48.28200044631958,51.99600048065186,51.99600048065186,TARGET,2,5.000000000000006,4.850000000000006,LONG_RSI_ZONE,IFCI,NSE
2025-10-03,2025-10-06,2025-10-07,LONG,58.2599983215332,56.803498363494874,61.17299823760987,56.803498363494874,STOP_LOSS,1,-2.499999999999998,-2.6499999999999977,LONG_RSI_ZONE,IFCI,NSE
2025-11-11,2025-11-12,2025-11-21,SHORT,55.70000076293945,57.092500782012934,52.91500072479248,52.91500072479248,TARGET,7,5.000000000000005,4.850000000000005,LONG_RSI_ZONE,IFCI,NSE
2026-01-13,2026-01-14,2026-01-16,LONG,57.04999923706055,55.62374925613403,59.902499198913574,59.902499198913574,TARGET,2,5.0,4.85,LONG_RSI_ZONE,IFCI,NSE
2025-03-27,2025-03-28,2025-03-28,SHORT,204.2400054931641,209.34600563049318,194.02800521850588,209.34600563049318,STOP_LOSS,0,-2.4999999999999942,-2.649999999999994,CURRENT,ETERNAL,NSE
2026-01-23,2026-01-27,2026-01-28,SHORT,258.04998779296875,264.50123748779293,245.1474884033203,264.50123748779293,STOP_LOSS,1,-2.499999999999987,-2.649999999999987,CURRENT,ETERNAL,NSE
2026-02-24,2026-02-25,2026-03-02,SHORT,255.1999969482422,261.5799968719482,242.43999710083006,242.43999710083006,TARGET,3,5.000000000000009,4.8500000000000085,CURRENT,ETERNAL,NSE
2026-05-14,2026-05-15,2026-05-26,SHORT,245.0,251.12499999999997,232.75,251.12499999999997,STOP_LOSS,7,-2.4999999999999885,-2.6499999999999884,CURRENT,ETERNAL,NSE
2026-06-19,2026-06-22,2026-06-24,LONG,264.5,257.8875,277.725,257.8875,STOP_LOSS,2,-2.5000000000000044,-2.6500000000000044,CURRENT,ETERNAL,NSE
2025-03-27,2025-03-28,2025-03-28,SHORT,204.2400054931641,209.34600563049318,194.02800521850588,209.34600563049318,STOP_LOSS,0,-2.4999999999999942,-2.649999999999994,LONG_RSI_ZONE,ETERNAL,NSE
2026-01-23,2026-01-27,2026-01-28,SHORT,258.04998779296875,264.50123748779293,245.1474884033203,264.50123748779293,STOP_LOSS,1,-2.499999999999987,-2.649999999999987,LONG_RSI_ZONE,ETERNAL,NSE
2026-02-24,2026-02-25,2026-03-02,SHORT,255.1999969482422,261.5799968719482,242.43999710083006,242.43999710083006,TARGET,3,5.000000000000009,4.8500000000000085,LONG_RSI_ZONE,ETERNAL,NSE
2026-05-14,2026-05-15,2026-05-26,SHORT,245.0,251.12499999999997,232.75,251.12499999999997,STOP_LOSS,7,-2.4999999999999885,-2.6499999999999884,LONG_RSI_ZONE,ETERNAL,NSE
2026-06-19,2026-06-22,2026-06-24,LONG,264.5,257.8875,277.725,257.8875,STOP_LOSS,2,-2.5000000000000044,-2.6500000000000044,LONG_RSI_ZONE,ETERNAL,NSE
2024-10-07,2024-10-08,2024-10-08,SHORT,126.0500030517578,129.20125312805172,119.7475028991699,129.20125312805172,STOP_LOSS,0,-2.49999999999998,-2.64999999999998,CURRENT,ZEEL,NSE
2025-05-13,2025-05-14,2025-05-28,LONG,125.5,122.3625,131.775,128.36000061035156,TIME_EXIT,10,2.278884948487301,2.128884948487301,CURRENT,ZEEL,NSE
2026-03-02,2026-03-04,2026-03-13,SHORT,82.51000213623047,84.57275218963622,78.38450202941894,78.38450202941894,TARGET,7,5.000000000000007,4.850000000000007,CURRENT,ZEEL,NSE
2026-06-01,2026-06-02,2026-06-03,LONG,94.38999938964844,92.03024940490722,99.10949935913087,92.03024940490722,STOP_LOSS,1,-2.500000000000003,-2.650000000000003,CURRENT,ZEEL,NSE
2026-08-05,2026-08-06,2026-08-11,SHORT,95.0,97.37499999999999,90.25,90.25,TARGET,3,5.0,4.85,CURRENT,ZEEL,NSE
2026-08-21,2026-08-24,2026-08-24,LONG,107.9800033569336,105.28050327301025,113.37900352478027,105.28050327301025,STOP_LOSS,0,-2.5,-2.65,CURRENT,ZEEL,NSE
2026-09-03,2026-09-04,2026-09-04,SHORT,92.0,94.3,87.39999999999999,91.61000061035156,TIME_EXIT,0,0.4239123800526495,0.2739123800526495,CURRENT,ZEEL,NSE
2024-10-07,2024-10-08,2024-10-08,SHORT,126.0500030517578,129.20125312805172,119.7475028991699,129.20125312805172,STOP_LOSS,0,-2.49999999999998,-2.64999999999998,LONG_RSI_ZONE,ZEEL,NSE
2025-05-13,2025-05-14,2025-05-28,LONG,125.5,122.3625,131.775,128.36000061035156,TIME_EXIT,10,2.278884948487301,2.128884948487301,LONG_RSI_ZONE,ZEEL,NSE
2026-03-02,2026-03-04,2026-03-13,SHORT,82.51000213623047,84.57275218963622,78.38450202941894,78.38450202941894,TARGET,7,5.000000000000007,4.850000000000007,LONG_RSI_ZONE,ZEEL,NSE
2026-06-01,2026-06-02,2026-06-03,LONG,94.38999938964844,92.03024940490722,99.10949935913087,92.03024940490722,STOP_LOSS,1,-2.500000000000003,-2.650000000000003,LONG_RSI_ZONE,ZEEL,NSE
2026-08-05,2026-08-06,2026-08-11,SHORT,95.0,97.37499999999999,90.25,90.25,TARGET,3,5.0,4.85,LONG_RSI_ZONE,ZEEL,NSE
2026-08-21,2026-08-24,2026-08-24,LONG,107.9800033569336,105.28050327301025,113.37900352478027,105.28050327301025,STOP_LOSS,0,-2.5,-2.65,LONG_RSI_ZONE,ZEEL,NSE
2026-09-03,2026-09-04,2026-09-04,SHORT,92.0,94.3,87.39999999999999,91.61000061035156,TIME_EXIT,0,0.4239123800526495,0.2739123800526495,LONG_RSI_ZONE,ZEEL,NSE
2024-12-20,2024-12-23,2025-01-06,SHORT,142.4499969482422,146.01124687194823,135.32749710083007,135.32749710083007,TARGET,9,5.0000000000000036,4.850000000000003,CURRENT,TATASTEEL,NSE
2025-07-02,2025-07-03,2025-07-07,LONG,166.0,161.85,174.3,161.85,STOP_LOSS,2,-2.500000000000003,-2.650000000000003,CURRENT,TATASTEEL,NSE
2025-08-22,2025-08-25,2025-08-26,LONG,159.1999969482422,155.21999702453613,167.1599967956543,155.21999702453613,STOP_LOSS,1,-2.5000000000000036,-2.6500000000000035,CURRENT,TATASTEEL,NSE
2025-09-03,2025-09-04,2025-09-18,LONG,169.0,164.775,177.45000000000002,172.02999877929688,TIME_EXIT,10,1.7928986859744822,1.6428986859744823,CURRENT,TATASTEEL,NSE
2024-12-20,2024-12-23,2025-01-06,SHORT,142.4499969482422,146.01124687194823,135.32749710083007,135.32749710083007,TARGET,9,5.0000000000000036,4.850000000000003,LONG_RSI_ZONE,TATASTEEL,NSE
2025-08-22,2025-08-25,2025-08-26,LONG,159.1999969482422,155.21999702453613,167.1599967956543,155.21999702453613,STOP_LOSS,1,-2.5000000000000036,-2.6500000000000035,LONG_RSI_ZONE,TATASTEEL,NSE
2025-09-03,2025-09-04,2025-09-18,LONG,169.0,164.775,177.45000000000002,172.02999877929688,TIME_EXIT,10,1.7928986859744822,1.6428986859744823,LONG_RSI_ZONE,TATASTEEL,NSE
2024-10-22,2024-10-23,2024-10-23,SHORT,77.44999694824219,79.38624687194823,73.57749710083007,79.38624687194823,STOP_LOSS,0,-2.4999999999999853,-2.6499999999999853,CURRENT,MOREPENLAB,NSE
2024-12-04,2024-12-05,2024-12-12,LONG,86.66999816894531,84.50324821472168,91.00349807739258,91.00349807739258,TARGET,5,5.0,4.85,CURRENT,MOREPENLAB,NSE
2024-12-26,2024-12-27,2025-01-01,SHORT,77.5999984741211,79.53999843597411,73.71999855041504,79.53999843597411,STOP_LOSS,3,-2.499999999999989,-2.649999999999989,CURRENT,MOREPENLAB,NSE
2025-07-09,2025-07-10,2025-07-21,LONG,63.310001373291016,61.72725133895874,66.47550144195557,61.72725133895874,STOP_LOSS,7,-2.5000000000000044,-2.6500000000000044,CURRENT,MOREPENLAB,NSE
2025-09-29,2025-09-30,2025-10-10,SHORT,48.36000061035156,49.56900062561035,45.94200057983398,49.56900062561035,STOP_LOSS,7,-2.499999999999997,-2.649999999999997,CURRENT,MOREPENLAB,NSE
2026-08-04,2026-08-05,2026-08-05,LONG,73.23999786376953,71.40899791717528,76.90199775695801,76.90199775695801,TARGET,0,5.0000000000000036,4.850000000000003,CURRENT,MOREPENLAB,NSE
2024-10-22,2024-10-23,2024-10-23,SHORT,77.44999694824219,79.38624687194823,73.57749710083007,79.38624687194823,STOP_LOSS,0,-2.4999999999999853,-2.6499999999999853,LONG_RSI_ZONE,MOREPENLAB,NSE
2024-12-04,2024-12-05,2024-12-12,LONG,86.66999816894531,84.50324821472168,91.00349807739258,91.00349807739258,TARGET,5,5.0,4.85,LONG_RSI_ZONE,MOREPENLAB,NSE
2024-12-26,2024-12-27,2025-01-01,SHORT,77.5999984741211,79.53999843597411,73.71999855041504,79.53999843597411,STOP_LOSS,3,-2.499999999999989,-2.649999999999989,LONG_RSI_ZONE,MOREPENLAB,NSE
2025-07-09,2025-07-10,2025-07-21,LONG,63.310001373291016,61.72725133895874,66.47550144195557,61.72725133895874,STOP_LOSS,7,-2.5000000000000044,-2.6500000000000044,LONG_RSI_ZONE,MOREPENLAB,NSE
2025-09-29,2025-09-30,2025-10-10,SHORT,48.36000061035156,49.56900062561035,45.94200057983398,49.56900062561035,STOP_LOSS,7,-2.499999999999997,-2.649999999999997,LONG_RSI_ZONE,MOREPENLAB,NSE
2026-08-04,2026-08-05,2026-08-05,LONG,73.23999786376953,71.40899791717528,76.90199775695801,76.90199775695801,TARGET,0,5.0000000000000036,4.850000000000003,LONG_RSI_ZONE,MOREPENLAB,NSE
2024-10-09,2024-10-10,2024-10-14,SHORT,819.5,839.9875,778.525,839.9875,STOP_LOSS,2,-2.4999999999999947,-2.6499999999999946,CURRENT,HDFCBANK,NSE
2024-10-24,2024-10-25,2024-11-04,LONG,877.5,855.5625,921.375,855.5625,STOP_LOSS,6,-2.5,-2.65,CURRENT,HDFCBANK,NSE
2024-11-26,2024-11-27,2024-12-05,LONG,894.9500122070312,872.5762619018554,939.6975128173829,939.6975128173829,TARGET,6,5.000000000000005,4.850000000000005,CURRENT,HDFCBANK,NSE
2025-02-24,2025-02-25,2025-02-28,SHORT,835.5499877929688,856.4387374877929,793.7724884033203,856.4387374877929,STOP_LOSS,2,-2.499999999999989,-2.649999999999989,CURRENT,HDFCBANK,NSE
2025-03-11,2025-03-12,2025-03-19,SHORT,845.7750244140625,866.919400024414,803.4862731933594,866.919400024414,STOP_LOSS,4,-2.4999999999999947,-2.6499999999999946,CURRENT,HDFCBANK,NSE
2026-01-05,2026-01-06,2026-01-20,SHORT,962.7000122070312,986.767512512207,914.5650115966796,931.2000122070312,TIME_EXIT,10,3.272047325291385,3.122047325291385,CURRENT,HDFCBANK,NSE
2026-06-18,2026-06-19,2026-07-03,LONG,788.7000122070312,768.9825119018554,828.1350128173829,801.0499877929688,TIME_EXIT,10,1.5658647641425,1.4158647641425002,CURRENT,HDFCBANK,NSE
2026-07-22,2026-07-23,2026-08-06,SHORT,749.4000244140625,768.135025024414,711.9300231933594,734.2999877929688,TIME_EXIT,10,2.0149501106435244,1.8649501106435245,CURRENT,HDFCBANK,NSE
2024-10-09,2024-10-10,2024-10-14,SHORT,819.5,839.9875,778.525,839.9875,STOP_LOSS,2,-2.4999999999999947,-2.6499999999999946,LONG_RSI_ZONE,HDFCBANK,NSE
2024-10-24,2024-10-25,2024-11-04,LONG,877.5,855.5625,921.375,855.5625,STOP_LOSS,6,-2.5,-2.65,LONG_RSI_ZONE,HDFCBANK,NSE
2024-11-26,2024-11-27,2024-12-05,LONG,894.9500122070312,872.5762619018554,939.6975128173829,939.6975128173829,TARGET,6,5.000000000000005,4.850000000000005,LONG_RSI_ZONE,HDFCBANK,NSE
2025-02-24,2025-02-25,2025-02-28,SHORT,835.5499877929688,856.4387374877929,793.7724884033203,856.4387374877929,STOP_LOSS,2,-2.499999999999989,-2.649999999999989,LONG_RSI_ZONE,HDFCBANK,NSE
2025-03-11,2025-03-12,2025-03-19,SHORT,845.7750244140625,866.919400024414,803.4862731933594,866.919400024414,STOP_LOSS,4,-2.4999999999999947,-2.6499999999999946,LONG_RSI_ZONE,HDFCBANK,NSE
2026-01-05,2026-01-06,2026-01-20,SHORT,962.7000122070312,986.767512512207,914.5650115966796,931.2000122070312,TIME_EXIT,10,3.272047325291385,3.122047325291385,LONG_RSI_ZONE,HDFCBANK,NSE
2026-07-22,2026-07-23,2026-08-06,SHORT,749.4000244140625,768.135025024414,711.9300231933594,734.2999877929688,TIME_EXIT,10,2.0149501106435244,1.8649501106435245,LONG_RSI_ZONE,HDFCBANK,NSE
2025-03-17,2025-03-18,2025-03-19,SHORT,106.13999938964844,108.79349937438964,100.832999420166,108.79349937438964,STOP_LOSS,1,-2.499999999999992,-2.649999999999992,CURRENT,SAIL,NSE
2025-04-11,2025-04-15,2025-04-15,SHORT,110.20999908447266,112.96524906158446,104.69949913024902,112.96524906158446,STOP_LOSS,0,-2.499999999999987,-2.649999999999987,CURRENT,SAIL,NSE
2025-05-16,2025-05-19,2025-05-27,LONG,122.4800033569336,119.41800327301026,128.60400352478027,128.60400352478027,TARGET,6,4.999999999999996,4.849999999999995,CURRENT,SAIL,NSE
2025-10-29,2025-10-30,2025-10-31,LONG,138.6999969482422,135.23249702453612,145.6349967956543,135.23249702453612,STOP_LOSS,1,-2.5000000000000124,-2.6500000000000123,CURRENT,SAIL,NSE
2026-04-08,2026-04-09,2026-04-17,LONG,164.41000366210938,160.29975357055665,172.63050384521486,172.63050384521486,TARGET,5,5.000000000000011,4.85000000000001,CURRENT,SAIL,NSE
2025-03-17,2025-03-18,2025-03-19,SHORT,106.13999938964844,108.79349937438964,100.832999420166,108.79349937438964,STOP_LOSS,1,-2.499999999999992,-2.649999999999992,LONG_RSI_ZONE,SAIL,NSE
2025-03-25,2025-03-26,2025-04-07,LONG,114.6999969482422,111.83249702453614,120.43499679565431,111.83249702453614,STOP_LOSS,7,-2.500000000000007,-2.650000000000007,LONG_RSI_ZONE,SAIL,NSE
2025-04-11,2025-04-15,2025-04-15,SHORT,110.20999908447266,112.96524906158446,104.69949913024902,112.96524906158446,STOP_LOSS,0,-2.499999999999987,-2.649999999999987,LONG_RSI_ZONE,SAIL,NSE
2025-05-16,2025-05-19,2025-05-27,LONG,122.4800033569336,119.41800327301026,128.60400352478027,128.60400352478027,TARGET,6,4.999999999999996,4.849999999999995,LONG_RSI_ZONE,SAIL,NSE
2025-10-29,2025-10-30,2025-10-31,LONG,138.6999969482422,135.23249702453612,145.6349967956543,135.23249702453612,STOP_LOSS,1,-2.5000000000000124,-2.6500000000000123,LONG_RSI_ZONE,SAIL,NSE
2025-11-03,2025-11-04,2025-11-07,LONG,138.25,134.79375,145.1625,134.79375,STOP_LOSS,2,-2.500000000000008,-2.650000000000008,LONG_RSI_ZONE,SAIL,NSE
2024-09-30,2024-10-01,2024-10-03,SHORT,16.600000381469727,17.015000391006467,15.770000362396239,15.770000362396239,TARGET,1,5.000000000000009,4.8500000000000085,CURRENT,CUPID,NSE
2024-11-05,2024-11-06,2024-11-07,LONG,17.43600082397461,17.000100803375243,18.30780086517334,17.000100803375243,STOP_LOSS,1,-2.500000000000004,-2.650000000000004,CURRENT,CUPID,NSE
2025-04-17,2025-04-21,2025-04-21,LONG,15.187999725341797,14.808299732208251,15.947399711608888,14.808299732208251,STOP_LOSS,0,-2.5000000000000044,-2.6500000000000044,CURRENT,CUPID,NSE
2025-07-01,2025-07-02,2025-07-02,LONG,21.88999938964844,21.34274940490723,22.984499359130865,21.34274940490723,STOP_LOSS,0,-2.4999999999999964,-2.6499999999999964,CURRENT,CUPID,NSE
2026-02-10,2026-02-11,2026-02-12,LONG,87.48999786376953,85.3027479171753,91.86449775695802,85.3027479171753,STOP_LOSS,1,-2.4999999999999964,-2.6499999999999964,CURRENT,CUPID,NSE
2026-02-20,2026-02-23,2026-02-24,LONG,85.1500015258789,83.02125148773193,89.40750160217286,83.02125148773193,STOP_LOSS,1,-2.500000000000003,-2.650000000000003,CURRENT,CUPID,NSE
2026-03-02,2026-03-04,2026-03-04,SHORT,75.19999694824219,77.07999687194824,71.43999710083007,77.07999687194824,STOP_LOSS,0,-2.4999999999999964,-2.6499999999999964,CURRENT,CUPID,NSE
2026-03-10,2026-03-11,2026-03-11,LONG,91.75,89.45625,96.3375,89.45625,STOP_LOSS,0,-2.500000000000003,-2.650000000000003,CURRENT,CUPID,NSE
2026-04-06,2026-04-07,2026-04-07,LONG,88.0,85.8,92.4,85.8,STOP_LOSS,0,-2.500000000000003,-2.650000000000003,CURRENT,CUPID,NSE
2024-09-30,2024-10-01,2024-10-03,SHORT,16.600000381469727,17.015000391006467,15.770000362396239,15.770000362396239,TARGET,1,5.000000000000009,4.8500000000000085,LONG_RSI_ZONE,CUPID,NSE
2026-02-10,2026-02-11,2026-02-12,LONG,87.48999786376953,85.3027479171753,91.86449775695802,85.3027479171753,STOP_LOSS,1,-2.4999999999999964,-2.6499999999999964,LONG_RSI_ZONE,CUPID,NSE
2026-03-02,2026-03-04,2026-03-04,SHORT,75.19999694824219,77.07999687194824,71.43999710083007,77.07999687194824,STOP_LOSS,0,-2.4999999999999964,-2.6499999999999964,LONG_RSI_ZONE,CUPID,NSE
2026-03-10,2026-03-11,2026-03-11,LONG,91.75,89.45625,96.3375,89.45625,STOP_LOSS,0,-2.500000000000003,-2.650000000000003,LONG_RSI_ZONE,CUPID,NSE
2024-11-26,2024-11-27,2024-11-27,LONG,65.62999725341797,63.98924732208252,68.91149711608887,63.98924732208252,STOP_LOSS,0,-2.5,-2.65,CURRENT,JINDWORLD,NSE
2025-02-12,2025-02-13,2025-02-14,SHORT,77.41000366210938,79.3452537536621,73.5395034790039,73.5395034790039,TARGET,1,5.000000000000011,4.85000000000001,CURRENT,JINDWORLD,NSE
2025-04-30,2025-05-02,2025-05-05,SHORT,67.5,69.1875,64.125,64.125,TARGET,1,5.0,4.85,CURRENT,JINDWORLD,NSE
2025-10-31,2025-11-03,2025-11-11,SHORT,36.380001068115234,37.289501094818114,34.56100101470947,34.56100101470947,TARGET,5,5.0000000000000115,4.850000000000011,CURRENT,JINDWORLD,NSE
2026-07-17,2026-07-20,2026-07-20,LONG,31.899999618530277,31.10249962806702,33.49499959945679,31.10249962806702,STOP_LOSS,0,-2.5000000000000044,-2.6500000000000044,CURRENT,JINDWORLD,NSE
2026-08-31,2026-09-01,2026-09-01,LONG,39.34999847412109,38.36624851226806,41.317498397827144,41.317498397827144,TARGET,0,5.000000000000008,4.850000000000008,CURRENT,JINDWORLD,NSE
2025-02-12,2025-02-13,2025-02-14,SHORT,77.41000366210938,79.3452537536621,73.5395034790039,73.5395034790039,TARGET,1,5.000000000000011,4.85000000000001,LONG_RSI_ZONE,JINDWORLD,NSE
2025-04-30,2025-05-02,2025-05-05,SHORT,67.5,69.1875,64.125,64.125,TARGET,1,5.0,4.85,LONG_RSI_ZONE,JINDWORLD,NSE
2025-10-31,2025-11-03,2025-11-11,SHORT,36.380001068115234,37.289501094818114,34.56100101470947,34.56100101470947,TARGET,5,5.0000000000000115,4.850000000000011,LONG_RSI_ZONE,JINDWORLD,NSE
2026-07-17,2026-07-20,2026-07-20,LONG,31.899999618530277,31.10249962806702,33.49499959945679,31.10249962806702,STOP_LOSS,0,-2.5000000000000044,-2.6500000000000044,LONG_RSI_ZONE,JINDWORLD,NSE
2026-08-31,2026-09-01,2026-09-01,LONG,39.34999847412109,38.36624851226806,41.317498397827144,41.317498397827144,TARGET,0,5.000000000000008,4.850000000000008,LONG_RSI_ZONE,JINDWORLD,NSE
2025-10-16,2025-10-17,2025-10-17,LONG,447.0,435.825,469.35,435.825,STOP_LOSS,0,-2.5000000000000027,-2.6500000000000026,CURRENT,SWIGGY,NSE
2026-07-30,2026-07-31,2026-07-31,LONG,290.0,282.75,304.5,282.75,STOP_LOSS,0,-2.5,-2.65,CURRENT,SWIGGY,NSE
2026-07-30,2026-07-31,2026-07-31,LONG,290.0,282.75,304.5,282.75,STOP_LOSS,0,-2.5,-2.65,LONG_RSI_ZONE,SWIGGY,NSE
2026-08-03,2026-08-04,2026-08-06,LONG,286.3500061035156,279.1912559509277,300.6675064086914,300.6675064086914,TARGET,2,4.9999999999999964,4.849999999999996,LONG_RSI_ZONE,SWIGGY,NSE
2024-10-07,2024-10-08,2024-10-08,SHORT,124.9800033569336,128.10450344085692,118.7310031890869,128.10450344085692,STOP_LOSS,0,-2.4999999999999862,-2.649999999999986,CURRENT,ADANIPOWER,NSE
2025-01-17,2025-01-20,2025-01-21,LONG,110.25,107.49374999999999,115.7625,107.49374999999999,STOP_LOSS,1,-2.500000000000008,-2.650000000000008,CURRENT,ADANIPOWER,NSE
2025-07-02,2025-07-03,2025-07-07,LONG,119.0,116.02499999999999,124.95,116.02499999999999,STOP_LOSS,2,-2.500000000000007,-2.650000000000007,CURRENT,ADANIPOWER,NSE
2025-08-18,2025-08-19,2025-08-29,LONG,119.8000030517578,116.80500297546385,125.7900032043457,116.80500297546385,STOP_LOSS,7,-2.5000000000000027,-2.6500000000000026,CURRENT,ADANIPOWER,NSE
2026-02-05,2026-02-06,2026-02-10,LONG,152.0,148.2,159.6,148.2,STOP_LOSS,2,-2.5000000000000075,-2.6500000000000075,CURRENT,ADANIPOWER,NSE
2026-03-16,2026-03-17,2026-03-18,LONG,156.0,152.1,163.8,152.1,STOP_LOSS,1,-2.5000000000000036,-2.6500000000000035,CURRENT,ADANIPOWER,NSE
2024-10-07,2024-10-08,2024-10-08,SHORT,124.9800033569336,128.10450344085692,118.7310031890869,128.10450344085692,STOP_LOSS,0,-2.4999999999999862,-2.649999999999986,LONG_RSI_ZONE,ADANIPOWER,NSE
2025-07-02,2025-07-03,2025-07-07,LONG,119.0,116.02499999999999,124.95,116.02499999999999,STOP_LOSS,2,-2.500000000000007,-2.650000000000007,LONG_RSI_ZONE,ADANIPOWER,NSE
2025-08-18,2025-08-19,2025-08-29,LONG,119.8000030517578,116.80500297546385,125.7900032043457,116.80500297546385,STOP_LOSS,7,-2.5000000000000027,-2.6500000000000026,LONG_RSI_ZONE,ADANIPOWER,NSE
2026-02-05,2026-02-06,2026-02-10,LONG,152.0,148.2,159.6,148.2,STOP_LOSS,2,-2.5000000000000075,-2.6500000000000075,LONG_RSI_ZONE,ADANIPOWER,NSE
2024-11-06,2024-11-07,2024-11-08,LONG,80.66666412353516,78.64999752044677,84.69999732971192,78.64999752044677,STOP_LOSS,1,-2.5000000000000036,-2.6500000000000035,CURRENT,NMDC,NSE
2024-12-19,2024-12-20,2024-12-30,SHORT,71.5,73.2875,67.925,67.925,TARGET,5,5.0000000000000036,4.850000000000003,CURRENT,NMDC,NSE
2025-03-04,2025-03-05,2025-03-05,SHORT,62.45000076293945,64.01125078201294,59.32750072479248,64.01125078201294,STOP_LOSS,0,-2.499999999999995,-2.649999999999995,CURRENT,NMDC,NSE
2025-03-10,2025-03-11,2025-03-19,LONG,64.69999694824219,63.08249702453613,67.9349967956543,67.9349967956543,TARGET,5,5.000000000000004,4.850000000000004,CURRENT,NMDC,NSE
2025-04-09,2025-04-11,2025-04-15,SHORT,63.0,64.57499999999999,59.849999999999994,64.57499999999999,STOP_LOSS,1,-2.4999999999999822,-2.649999999999982,CURRENT,NMDC,NSE
2025-04-30,2025-05-02,2025-05-02,SHORT,65.43000030517578,67.06575031280516,62.15850028991699,67.06575031280516,STOP_LOSS,0,-2.4999999999999827,-2.6499999999999826,CURRENT,NMDC,NSE
2025-05-16,2025-05-19,2025-06-02,LONG,70.2699966430664,68.51324672698975,73.78349647521974,70.7699966430664,TIME_EXIT,10,0.7115412322270765,0.5615412322270765,CURRENT,NMDC,NSE
2025-07-21,2025-07-22,2025-08-05,LONG,72.0,70.2,75.60000000000001,71.91999816894531,TIME_EXIT,10,-0.11111365424262153,-0.2611136542426215,CURRENT,NMDC,NSE
2025-09-05,2025-09-08,2025-09-22,LONG,75.0999984741211,73.22249851226806,78.85499839782715,76.86000061035156,TIME_EXIT,10,2.3435448362052265,2.1935448362052266,CURRENT,NMDC,NSE
2025-11-13,2025-11-14,2025-11-18,LONG,77.4000015258789,75.46500148773193,81.27000160217285,75.46500148773193,STOP_LOSS,2,-2.500000000000011,-2.650000000000011,CURRENT,NMDC,NSE
2025-11-21,2025-11-24,2025-12-01,SHORT,73.51000213623047,75.34775218963622,69.83450202941894,75.34775218963622,STOP_LOSS,5,-2.499999999999992,-2.649999999999992,CURRENT,NMDC,NSE
2026-02-19,2026-02-20,2026-02-23,SHORT,79.0,80.975,75.05,80.975,STOP_LOSS,1,-2.499999999999993,-2.649999999999993,CURRENT,NMDC,NSE
2026-04-08,2026-04-09,2026-04-15,LONG,83.0,80.925,87.15,87.15,TARGET,3,5.000000000000006,4.850000000000006,CURRENT,NMDC,NSE
2024-11-06,2024-11-07,2024-11-08,LONG,80.66666412353516,78.64999752044677,84.69999732971192,78.64999752044677,STOP_LOSS,1,-2.5000000000000036,-2.6500000000000035,LONG_RSI_ZONE,NMDC,NSE
2024-12-19,2024-12-20,2024-12-30,SHORT,71.5,73.2875,67.925,67.925,TARGET,5,5.0000000000000036,4.850000000000003,LONG_RSI_ZONE,NMDC,NSE
2025-03-04,2025-03-05,2025-03-05,SHORT,62.45000076293945,64.01125078201294,59.32750072479248,64.01125078201294,STOP_LOSS,0,-2.499999999999995,-2.649999999999995,LONG_RSI_ZONE,NMDC,NSE
2025-04-09,2025-04-11,2025-04-15,SHORT,63.0,64.57499999999999,59.849999999999994,64.57499999999999,STOP_LOSS,1,-2.4999999999999822,-2.649999999999982,LONG_RSI_ZONE,NMDC,NSE
2025-04-30,2025-05-02,2025-05-02,SHORT,65.43000030517578,67.06575031280516,62.15850028991699,67.06575031280516,STOP_LOSS,0,-2.4999999999999827,-2.6499999999999826,LONG_RSI_ZONE,NMDC,NSE
2025-11-14,2025-11-17,2025-11-20,LONG,76.5,74.58749999999999,80.325,74.58749999999999,STOP_LOSS,3,-2.500000000000011,-2.650000000000011,LONG_RSI_ZONE,NMDC,NSE
2025-11-21,2025-11-24,2025-12-01,SHORT,73.51000213623047,75.34775218963622,69.83450202941894,75.34775218963622,STOP_LOSS,5,-2.499999999999992,-2.649999999999992,LONG_RSI_ZONE,NMDC,NSE
2026-02-19,2026-02-20,2026-02-23,SHORT,79.0,80.975,75.05,80.975,STOP_LOSS,1,-2.499999999999993,-2.649999999999993,LONG_RSI_ZONE,NMDC,NSE
2026-04-08,2026-04-09,2026-04-15,LONG,83.0,80.925,87.15,87.15,TARGET,3,5.000000000000006,4.850000000000006,LONG_RSI_ZONE,NMDC,NSE
2024-10-03,2024-10-04,2024-10-07,SHORT,141.35000610351562,144.8837562561035,134.28250579833983,134.28250579833983,TARGET,1,5.000000000000012,4.850000000000012,CURRENT,HFCL,NSE
2024-12-17,2024-12-18,2024-12-20,SHORT,121.36000061035156,124.39400062561035,115.29200057983398,115.29200057983398,TARGET,2,5.000000000000003,4.850000000000002,CURRENT,HFCL,NSE
2025-05-07,2025-05-08,2025-05-09,SHORT,77.94999694824219,79.89874687194823,74.05249710083008,74.05249710083008,TARGET,1,4.9999999999999964,4.849999999999996,CURRENT,HFCL,NSE
2025-05-16,2025-05-19,2025-05-20,LONG,89.13999938964844,86.91149940490722,93.59699935913086,86.91149940490722,STOP_LOSS,1,-2.5000000000000093,-2.6500000000000092,CURRENT,HFCL,NSE
2025-06-19,2025-06-20,2025-06-20,SHORT,79.37000274658203,81.35425281524658,75.40150260925293,81.35425281524658,STOP_LOSS,0,-2.5,-2.65,CURRENT,HFCL,NSE
2025-07-03,2025-07-04,2025-07-18,SHORT,84.51000213623047,86.62275218963622,80.28450202941895,81.55999755859375,TIME_EXIT,10,3.4907164868855394,3.3407164868855395,CURRENT,HFCL,NSE
2026-02-04,2026-02-05,2026-02-05,LONG,68.51000213623047,66.7972520828247,71.935502243042,71.935502243042,TARGET,0,5.000000000000004,4.850000000000004,CURRENT,HFCL,NSE
2024-10-03,2024-10-04,2024-10-07,SHORT,141.35000610351562,144.8837562561035,134.28250579833983,134.28250579833983,TARGET,1,5.000000000000012,4.850000000000012,LONG_RSI_ZONE,HFCL,NSE
2024-12-17,2024-12-18,2024-12-20,SHORT,121.36000061035156,124.39400062561035,115.29200057983398,115.29200057983398,TARGET,2,5.000000000000003,4.850000000000002,LONG_RSI_ZONE,HFCL,NSE
2025-05-07,2025-05-08,2025-05-09,SHORT,77.94999694824219,79.89874687194823,74.05249710083008,74.05249710083008,TARGET,1,4.9999999999999964,4.849999999999996,LONG_RSI_ZONE,HFCL,NSE
2025-05-16,2025-05-19,2025-05-20,LONG,89.13999938964844,86.91149940490722,93.59699935913086,86.91149940490722,STOP_LOSS,1,-2.5000000000000093,-2.6500000000000092,LONG_RSI_ZONE,HFCL,NSE
2025-06-19,2025-06-20,2025-06-20,SHORT,79.37000274658203,81.35425281524658,75.40150260925293,81.35425281524658,STOP_LOSS,0,-2.5,-2.65,LONG_RSI_ZONE,HFCL,NSE
2025-07-03,2025-07-04,2025-07-18,SHORT,84.51000213623047,86.62275218963622,80.28450202941895,81.55999755859375,TIME_EXIT,10,3.4907164868855394,3.3407164868855395,LONG_RSI_ZONE,HFCL,NSE
2025-01-27,2025-01-28,2025-01-29,SHORT,101.9499969482422,104.49874687194824,96.85249710083009,104.49874687194824,STOP_LOSS,1,-2.499999999999986,-2.6499999999999857,CURRENT,VMM,NSE
2025-02-03,2025-02-04,2025-02-04,LONG,117.6999969482422,114.75749702453615,123.58499679565432,123.58499679565432,TARGET,0,5.000000000000006,4.850000000000006,CURRENT,VMM,NSE
2026-01-06,2026-01-07,2026-01-20,SHORT,131.0,134.27499999999998,124.44999999999999,124.44999999999999,TARGET,9,5.000000000000009,4.8500000000000085,CURRENT,VMM,NSE
2026-03-04,2026-03-05,2026-03-09,SHORT,113.0,115.82499999999999,107.35,107.35,TARGET,2,5.000000000000005,4.850000000000005,CURRENT,VMM,NSE
2025-01-27,2025-01-28,2025-01-29,SHORT,101.9499969482422,104.49874687194824,96.85249710083009,104.49874687194824,STOP_LOSS,1,-2.499999999999986,-2.6499999999999857,LONG_RSI_ZONE,VMM,NSE
2025-02-03,2025-02-04,2025-02-04,LONG,117.6999969482422,114.75749702453615,123.58499679565432,123.58499679565432,TARGET,0,5.000000000000006,4.850000000000006,LONG_RSI_ZONE,VMM,NSE
2025-02-05,2025-02-06,2025-02-06,LONG,121.0,117.975,127.05000000000001,117.975,STOP_LOSS,0,-2.5000000000000044,-2.6500000000000044,LONG_RSI_ZONE,VMM,NSE
2026-01-06,2026-01-07,2026-01-20,SHORT,131.0,134.27499999999998,124.44999999999999,124.44999999999999,TARGET,9,5.000000000000009,4.8500000000000085,LONG_RSI_ZONE,VMM,NSE
2026-03-04,2026-03-05,2026-03-09,SHORT,113.0,115.82499999999999,107.35,107.35,TARGET,2,5.000000000000005,4.850000000000005,LONG_RSI_ZONE,VMM,NSE
2024-12-23,2024-12-24,2024-12-24,SHORT,271.5,278.28749999999997,257.925,278.28749999999997,STOP_LOSS,0,-2.499999999999987,-2.649999999999987,CURRENT,HINDCOPPER,NSE
2025-04-07,2025-04-08,2025-04-09,SHORT,193.8800048828125,198.72700500488278,184.18600463867188,198.72700500488278,STOP_LOSS,1,-2.4999999999999853,-2.6499999999999853,CURRENT,HINDCOPPER,NSE
2025-12-04,2025-12-05,2025-12-09,LONG,362.8999938964844,353.82749404907224,381.0449935913086,353.82749404907224,STOP_LOSS,2,-2.500000000000006,-2.650000000000006,CURRENT,HINDCOPPER,NSE
2024-12-23,2024-12-24,2024-12-24,SHORT,271.5,278.28749999999997,257.925,278.28749999999997,STOP_LOSS,0,-2.499999999999987,-2.649999999999987,LONG_RSI_ZONE,HINDCOPPER,NSE
2025-04-07,2025-04-08,2025-04-09,SHORT,193.8800048828125,198.72700500488278,184.18600463867188,198.72700500488278,STOP_LOSS,1,-2.4999999999999853,-2.6499999999999853,LONG_RSI_ZONE,HINDCOPPER,NSE
2025-04-21,2025-04-22,2025-04-23,LONG,51.59999847412109,50.30999851226806,54.17999839782714,50.30999851226806,STOP_LOSS,1,-2.5000000000000004,-2.6500000000000004,CURRENT,MAHABANK,NSE
2026-04-09,2026-04-10,2026-04-13,LONG,70.5,68.7375,74.025,68.7375,STOP_LOSS,1,-2.500000000000004,-2.650000000000004,CURRENT,MAHABANK,NSE
2025-04-22,2025-04-23,2025-04-23,LONG,50.84000015258789,49.56900014877319,53.38200016021729,49.56900014877319,STOP_LOSS,0,-2.500000000000003,-2.650000000000003,LONG_RSI_ZONE,MAHABANK,NSE
2026-04-09,2026-04-10,2026-04-13,LONG,70.5,68.7375,74.025,68.7375,STOP_LOSS,1,-2.500000000000004,-2.650000000000004,LONG_RSI_ZONE,MAHABANK,NSE
2024-12-20,2024-12-23,2024-12-27,SHORT,108.6750030517578,111.39187812805173,103.24125289916991,111.39187812805173,STOP_LOSS,3,-2.499999999999987,-2.649999999999987,CURRENT,ASHOKLEY,NSE
2025-01-13,2025-01-14,2025-01-14,SHORT,101.54499816894533,104.08362312316895,96.46774826049806,104.08362312316895,STOP_LOSS,0,-2.4999999999999885,-2.6499999999999884,CURRENT,ASHOKLEY,NSE
2025-06-25,2025-06-26,2025-07-10,LONG,122.3499984741211,119.29124851226807,128.46749839782714,124.9000015258789,TIME_EXIT,10,2.0841872362566294,1.9341872362566295,CURRENT,ASHOKLEY,NSE
2025-08-18,2025-08-19,2025-08-19,LONG,131.75999450683594,128.46599464416502,138.34799423217774,128.46599464416502,STOP_LOSS,0,-2.500000000000013,-2.650000000000013,CURRENT,ASHOKLEY,NSE
2025-10-31,2025-11-03,2025-11-04,LONG,142.0,138.45,149.1,138.45,STOP_LOSS,1,-2.500000000000008,-2.650000000000008,CURRENT,ASHOKLEY,NSE
2026-04-30,2026-05-01,2026-05-06,SHORT,162.08999633789062,166.14224624633786,153.9854965209961,166.14224624633786,STOP_LOSS,3,-2.4999999999999822,-2.649999999999982,CURRENT,ASHOKLEY,NSE
2026-07-31,2026-08-03,2026-08-05,LONG,169.27999877929688,165.04799880981446,177.74399871826174,177.74399871826174,TARGET,2,5.00000000000001,4.850000000000009,CURRENT,ASHOKLEY,NSE
2024-12-20,2024-12-23,2024-12-27,SHORT,108.6750030517578,111.39187812805173,103.24125289916991,111.39187812805173,STOP_LOSS,3,-2.499999999999987,-2.649999999999987,LONG_RSI_ZONE,ASHOKLEY,NSE
2025-01-13,2025-01-14,2025-01-14,SHORT,101.54499816894533,104.08362312316895,96.46774826049806,104.08362312316895,STOP_LOSS,0,-2.4999999999999885,-2.6499999999999884,LONG_RSI_ZONE,ASHOKLEY,NSE
2025-06-26,2025-06-27,2025-07-11,LONG,125.19499969482422,122.06512470245362,131.45474967956542,123.125,TIME_EXIT,10,-1.6534204240345522,-1.8034204240345522,LONG_RSI_ZONE,ASHOKLEY,NSE
2025-08-18,2025-08-19,2025-08-19,LONG,131.75999450683594,128.46599464416502,138.34799423217774,128.46599464416502,STOP_LOSS,0,-2.500000000000013,-2.650000000000013,LONG_RSI_ZONE,ASHOKLEY,NSE
2025-10-31,2025-11-03,2025-11-04,LONG,142.0,138.45,149.1,138.45,STOP_LOSS,1,-2.500000000000008,-2.650000000000008,LONG_RSI_ZONE,ASHOKLEY,NSE
2026-04-30,2026-05-01,2026-05-06,SHORT,162.08999633789062,166.14224624633786,153.9854965209961,166.14224624633786,STOP_LOSS,3,-2.4999999999999822,-2.649999999999982,LONG_RSI_ZONE,ASHOKLEY,NSE
2026-07-31,2026-08-03,2026-08-05,LONG,169.27999877929688,165.04799880981446,177.74399871826174,177.74399871826174,TARGET,2,5.00000000000001,4.850000000000009,LONG_RSI_ZONE,ASHOKLEY,NSE
2024-11-13,2024-11-14,2024-11-14,SHORT,185.91000366210935,190.55775375366207,176.61450347900387,190.55775375366207,STOP_LOSS,0,-2.4999999999999942,-2.649999999999994,CURRENT,INOXWIND,NSE
2025-02-27,2025-02-28,2025-02-28,SHORT,154.47999572753906,158.34199562072752,146.7559959411621,146.7559959411621,TARGET,0,5.000000000000007,4.850000000000007,CURRENT,INOXWIND,NSE
2025-04-01,2025-04-02,2025-04-03,SHORT,158.19000244140625,162.1447525024414,150.28050231933594,162.1447525024414,STOP_LOSS,1,-2.5,-2.65,CURRENT,INOXWIND,NSE
2025-07-15,2025-07-16,2025-07-25,SHORT,165.6999969482422,169.8424968719482,157.41499710083008,157.41499710083008,TARGET,7,5.0,4.85,CURRENT,INOXWIND,NSE
2025-09-26,2025-09-29,2025-09-29,SHORT,137.60000610351562,141.0400062561035,130.72000579833983,141.0400062561035,STOP_LOSS,0,-2.499999999999996,-2.649999999999996,CURRENT,INOXWIND,NSE
2024-11-13,2024-11-14,2024-11-14,SHORT,185.91000366210935,190.55775375366207,176.61450347900387,190.55775375366207,STOP_LOSS,0,-2.4999999999999942,-2.649999999999994,LONG_RSI_ZONE,INOXWIND,NSE
2025-02-27,2025-02-28,2025-02-28,SHORT,154.47999572753906,158.34199562072752,146.7559959411621,146.7559959411621,TARGET,0,5.000000000000007,4.850000000000007,LONG_RSI_ZONE,INOXWIND,NSE
2025-04-01,2025-04-02,2025-04-03,SHORT,158.19000244140625,162.1447525024414,150.28050231933594,162.1447525024414,STOP_LOSS,1,-2.5,-2.65,LONG_RSI_ZONE,INOXWIND,NSE
2025-07-15,2025-07-16,2025-07-25,SHORT,165.6999969482422,169.8424968719482,157.41499710083008,157.41499710083008,TARGET,7,5.0,4.85,LONG_RSI_ZONE,INOXWIND,NSE
2025-09-26,2025-09-29,2025-09-29,SHORT,137.60000610351562,141.0400062561035,130.72000579833983,141.0400062561035,STOP_LOSS,0,-2.499999999999996,-2.649999999999996,LONG_RSI_ZONE,INOXWIND,NSE
2025-02-05,2025-02-06,2025-02-07,SHORT,31.600000381469727,32.39000039100647,30.02000036239624,30.02000036239624,TARGET,1,5.000000000000004,4.850000000000004,CURRENT,FCL,NSE
2025-05-09,2025-05-12,2025-05-12,SHORT,23.700000762939453,24.292500782012937,22.51500072479248,24.292500782012937,STOP_LOSS,0,-2.499999999999988,-2.649999999999988,CURRENT,FCL,NSE
2025-05-16,2025-05-19,2025-05-20,LONG,26.75,26.08125,28.087500000000002,26.08125,STOP_LOSS,1,-2.4999999999999973,-2.6499999999999972,CURRENT,FCL,NSE
2026-03-04,2026-03-05,2026-03-09,SHORT,22.270000457763672,22.826750469207763,21.156500434875486,21.156500434875486,TARGET,2,5.000000000000009,4.8500000000000085,CURRENT,FCL,NSE
2026-07-23,2026-07-24,2026-07-24,LONG,43.400001525878906,42.315001487731934,45.57000160217285,42.315001487731934,STOP_LOSS,0,-2.5,-2.65,CURRENT,FCL,NSE
2026-08-06,2026-08-07,2026-08-10,LONG,41.70000076293945,40.65750074386597,43.785000801086426,40.65750074386597,STOP_LOSS,1,-2.5,-2.65,CURRENT,FCL,NSE
2025-02-05,2025-02-06,2025-02-07,SHORT,31.600000381469727,32.39000039100647,30.02000036239624,30.02000036239624,TARGET,1,5.000000000000004,4.850000000000004,LONG_RSI_ZONE,FCL,NSE
2025-05-09,2025-05-12,2025-05-12,SHORT,23.700000762939453,24.292500782012937,22.51500072479248,24.292500782012937,STOP_LOSS,0,-2.499999999999988,-2.649999999999988,LONG_RSI_ZONE,FCL,NSE
2025-05-16,2025-05-19,2025-05-20,LONG,26.75,26.08125,28.087500000000002,26.08125,STOP_LOSS,1,-2.4999999999999973,-2.6499999999999972,LONG_RSI_ZONE,FCL,NSE
2026-03-04,2026-03-05,2026-03-09,SHORT,22.270000457763672,22.826750469207763,21.156500434875486,21.156500434875486,TARGET,2,5.000000000000009,4.8500000000000085,LONG_RSI_ZONE,FCL,NSE
2026-07-23,2026-07-24,2026-07-24,LONG,43.400001525878906,42.315001487731934,45.57000160217285,42.315001487731934,STOP_LOSS,0,-2.5,-2.65,LONG_RSI_ZONE,FCL,NSE
2024-12-23,2024-12-24,2024-12-26,SHORT,33.5,34.3375,31.825,34.3375,STOP_LOSS,1,-2.4999999999999956,-2.6499999999999955,CURRENT,UJJIVANSFB,NSE
2025-02-01,2025-02-03,2025-02-05,LONG,35.93000030517578,35.03175029754639,37.726500320434575,37.726500320434575,TARGET,2,5.000000000000012,4.850000000000012,CURRENT,UJJIVANSFB,NSE
2025-02-18,2025-02-19,2025-02-19,SHORT,31.51000022888184,32.29775023460388,29.934500217437748,32.29775023460388,STOP_LOSS,0,-2.4999999999999885,-2.6499999999999884,CURRENT,UJJIVANSFB,NSE
2025-10-01,2025-10-03,2025-10-17,LONG,48.22999954223633,47.02424955368042,50.641499519348145,48.720001220703125,TIME_EXIT,10,1.015968656681593,0.8659686566815931,CURRENT,UJJIVANSFB,NSE
2026-01-02,2026-01-05,2026-01-08,LONG,57.0,55.574999999999996,59.85,59.85,TARGET,3,5.000000000000003,4.850000000000002,CURRENT,UJJIVANSFB,NSE
2026-05-05,2026-05-06,2026-05-08,LONG,62.29999923706055,60.74249925613403,65.41499919891358,65.41499919891358,TARGET,2,5.000000000000004,4.850000000000004,CURRENT,UJJIVANSFB,NSE
2024-12-23,2024-12-24,2024-12-26,SHORT,33.5,34.3375,31.825,34.3375,STOP_LOSS,1,-2.4999999999999956,-2.6499999999999955,LONG_RSI_ZONE,UJJIVANSFB,NSE
2025-02-18,2025-02-19,2025-02-19,SHORT,31.51000022888184,32.29775023460388,29.934500217437748,32.29775023460388,STOP_LOSS,0,-2.4999999999999885,-2.6499999999999884,LONG_RSI_ZONE,UJJIVANSFB,NSE
2025-10-03,2025-10-06,2025-10-08,LONG,48.79999923706055,47.57999925613403,51.23999919891358,47.57999925613403,STOP_LOSS,2,-2.5000000000000058,-2.6500000000000057,LONG_RSI_ZONE,UJJIVANSFB,NSE
2026-01-02,2026-01-05,2026-01-08,LONG,57.0,55.574999999999996,59.85,59.85,TARGET,3,5.000000000000003,4.850000000000002,LONG_RSI_ZONE,UJJIVANSFB,NSE
2026-05-05,2026-05-06,2026-05-08,LONG,62.29999923706055,60.74249925613403,65.41499919891358,65.41499919891358,TARGET,2,5.000000000000004,4.850000000000004,LONG_RSI_ZONE,UJJIVANSFB,NSE
2024-11-26,2024-11-27,2024-12-10,LONG,35.599998474121094,34.709998512268065,37.37999839782715,34.709998512268065,STOP_LOSS,9,-2.500000000000004,-2.650000000000004,CURRENT,TFCILTD,NSE
2025-01-09,2025-01-10,2025-01-13,SHORT,32.604000091552734,33.41910009384155,30.973800086975096,30.973800086975096,TARGET,1,5.000000000000004,4.850000000000004,CURRENT,TFCILTD,NSE
2025-03-13,2025-03-17,2025-03-17,SHORT,28.0,28.699999999999996,26.599999999999998,28.699999999999996,STOP_LOSS,0,-2.499999999999985,-2.649999999999985,CURRENT,TFCILTD,NSE
2025-03-26,2025-03-27,2025-03-27,LONG,33.0,32.175,34.65,32.175,STOP_LOSS,0,-2.5000000000000084,-2.6500000000000083,CURRENT,TFCILTD,NSE
2026-01-02,2026-01-05,2026-01-05,SHORT,51.0,52.275,48.449999999999996,52.275,STOP_LOSS,0,-2.4999999999999973,-2.6499999999999972,CURRENT,TFCILTD,NSE
2026-01-27,2026-01-28,2026-01-28,SHORT,60.900001525878906,62.42250156402587,57.85500144958496,62.42250156402587,STOP_LOSS,0,-2.4999999999999885,-2.6499999999999884,CURRENT,TFCILTD,NSE
2026-06-05,2026-06-08,2026-06-11,LONG,74.5,72.6375,78.22500000000001,72.6375,STOP_LOSS,3,-2.4999999999999964,-2.6499999999999964,CURRENT,TFCILTD,NSE
2026-07-15,2026-07-16,2026-07-20,LONG,83.94999694824219,81.85124702453614,88.1474967956543,81.85124702453614,STOP_LOSS,2,-2.4999999999999964,-2.6499999999999964,CURRENT,TFCILTD,NSE
2025-01-09,2025-01-10,2025-01-13,SHORT,32.604000091552734,33.41910009384155,30.973800086975096,30.973800086975096,TARGET,1,5.000000000000004,4.850000000000004,LONG_RSI_ZONE,TFCILTD,NSE
2025-03-13,2025-03-17,2025-03-17,SHORT,28.0,28.699999999999996,26.599999999999998,28.699999999999996,STOP_LOSS,0,-2.499999999999985,-2.649999999999985,LONG_RSI_ZONE,TFCILTD,NSE
2026-01-02,2026-01-05,2026-01-05,SHORT,51.0,52.275,48.449999999999996,52.275,STOP_LOSS,0,-2.4999999999999973,-2.6499999999999972,LONG_RSI_ZONE,TFCILTD,NSE
2026-01-27,2026-01-28,2026-01-28,SHORT,60.900001525878906,62.42250156402587,57.85500144958496,62.42250156402587,STOP_LOSS,0,-2.4999999999999885,-2.6499999999999884,LONG_RSI_ZONE,TFCILTD,NSE
2026-06-05,2026-06-08,2026-06-11,LONG,74.5,72.6375,78.22500000000001,72.6375,STOP_LOSS,3,-2.4999999999999964,-2.6499999999999964,LONG_RSI_ZONE,TFCILTD,NSE
2026-07-15,2026-07-16,2026-07-20,LONG,83.94999694824219,81.85124702453614,88.1474967956543,81.85124702453614,STOP_LOSS,2,-2.4999999999999964,-2.6499999999999964,LONG_RSI_ZONE,TFCILTD,NSE
2024-10-09,2024-10-10,2024-10-24,SHORT,476.9800720214844,488.90457382202146,453.13106842041014,453.13106842041014,TARGET,10,5.000000000000003,4.850000000000002,CURRENT,ITC,NSE
2025-02-04,2025-02-05,2025-02-06,LONG,455.1499938964844,443.77124404907227,477.9074935913086,443.77124404907227,STOP_LOSS,1,-2.5,-2.65,CURRENT,ITC,NSE
2025-02-11,2025-02-12,2025-02-27,SHORT,413.1499938964844,423.4787437438965,392.4924942016601,401.6000061035156,TIME_EXIT,10,2.7955919069582813,2.6455919069582814,CURRENT,ITC,NSE
2025-06-02,2025-06-03,2025-06-17,SHORT,419.0,429.47499999999997,398.04999999999995,417.3999938964844,TIME_EXIT,10,0.3818630318653043,0.2318630318653043,CURRENT,ITC,NSE
2025-07-25,2025-07-28,2025-08-04,SHORT,410.7999877929688,421.069987487793,390.25998840332034,421.069987487793,STOP_LOSS,5,-2.499999999999997,-2.649999999999997,CURRENT,ITC,NSE
2025-09-23,2025-09-24,2025-10-09,SHORT,403.2000122070313,413.28001251220707,383.04001159667973,399.8999938964844,TIME_EXIT,10,0.8184568974795738,0.6684568974795738,CURRENT,ITC,NSE
2025-10-21,2025-10-23,2025-11-07,LONG,416.0,405.59999999999997,436.8,405.59999999999997,STOP_LOSS,10,-2.500000000000008,-2.650000000000008,CURRENT,ITC,NSE
2026-01-01,2026-01-02,2026-01-06,SHORT,360.0,368.99999999999994,342.0,342.0,TARGET,2,5.0,4.85,CURRENT,ITC,NSE
2026-05-25,2026-05-26,2026-05-29,SHORT,304.3500061035156,311.95875625610347,289.1325057983398,289.1325057983398,TARGET,3,5.000000000000007,4.850000000000007,CURRENT,ITC,NSE
2026-08-14,2026-08-17,2026-08-31,SHORT,278.20001220703125,285.155012512207,264.2900115966797,264.2900115966797,TARGET,10,5.0000000000000036,4.850000000000003,CURRENT,ITC,NSE
2024-10-09,2024-10-10,2024-10-24,SHORT,476.9800720214844,488.90457382202146,453.13106842041014,453.13106842041014,TARGET,10,5.000000000000003,4.850000000000002,LONG_RSI_ZONE,ITC,NSE
2025-02-11,2025-02-12,2025-02-27,SHORT,413.1499938964844,423.4787437438965,392.4924942016601,401.6000061035156,TIME_EXIT,10,2.7955919069582813,2.6455919069582814,LONG_RSI_ZONE,ITC,NSE
2025-06-02,2025-06-03,2025-06-17,SHORT,419.0,429.47499999999997,398.04999999999995,417.3999938964844,TIME_EXIT,10,0.3818630318653043,0.2318630318653043,LONG_RSI_ZONE,ITC,NSE
2025-07-25,2025-07-28,2025-08-04,SHORT,410.7999877929688,421.069987487793,390.25998840332034,421.069987487793,STOP_LOSS,5,-2.499999999999997,-2.649999999999997,LONG_RSI_ZONE,ITC,NSE
2025-09-23,2025-09-24,2025-10-09,SHORT,403.2000122070313,413.28001251220707,383.04001159667973,399.8999938964844,TIME_EXIT,10,0.8184568974795738,0.6684568974795738,LONG_RSI_ZONE,ITC,NSE
2026-01-01,2026-01-02,2026-01-06,SHORT,360.0,368.99999999999994,342.0,342.0,TARGET,2,5.0,4.85,LONG_RSI_ZONE,ITC,NSE
2026-05-25,2026-05-26,2026-05-29,SHORT,304.3500061035156,311.95875625610347,289.1325057983398,289.1325057983398,TARGET,3,5.000000000000007,4.850000000000007,LONG_RSI_ZONE,ITC,NSE
2026-08-14,2026-08-17,2026-08-31,SHORT,278.20001220703125,285.155012512207,264.2900115966797,264.2900115966797,TARGET,10,5.0000000000000036,4.850000000000003,LONG_RSI_ZONE,ITC,NSE
2025-02-19,2025-02-20,2025-02-20,SHORT,59.84999847412109,61.34624843597411,56.85749855041503,61.34624843597411,STOP_LOSS,0,-2.4999999999999956,-2.6499999999999955,CURRENT,IDFCFIRSTB,NSE
2025-09-08,2025-09-09,2025-09-23,LONG,72.4000015258789,70.59000148773193,76.02000160217285,70.59000148773193,STOP_LOSS,10,-2.500000000000012,-2.650000000000012,CURRENT,IDFCFIRSTB,NSE
2025-09-26,2025-09-29,2025-10-06,SHORT,68.88999938964844,70.61224937438965,65.44549942016602,70.61224937438965,STOP_LOSS,4,-2.5,-2.65,CURRENT,IDFCFIRSTB,NSE
2025-10-10,2025-10-13,2025-10-16,LONG,74.3499984741211,72.49124851226806,78.06749839782715,72.49124851226806,STOP_LOSS,3,-2.5000000000000115,-2.6500000000000115,CURRENT,IDFCFIRSTB,NSE
2025-02-19,2025-02-20,2025-02-20,SHORT,59.84999847412109,61.34624843597411,56.85749855041503,61.34624843597411,STOP_LOSS,0,-2.4999999999999956,-2.6499999999999955,LONG_RSI_ZONE,IDFCFIRSTB,NSE
2025-09-08,2025-09-09,2025-09-23,LONG,72.4000015258789,70.59000148773193,76.02000160217285,70.59000148773193,STOP_LOSS,10,-2.500000000000012,-2.650000000000012,LONG_RSI_ZONE,IDFCFIRSTB,NSE
2025-09-26,2025-09-29,2025-10-06,SHORT,68.88999938964844,70.61224937438965,65.44549942016602,70.61224937438965,STOP_LOSS,4,-2.5,-2.65,LONG_RSI_ZONE,IDFCFIRSTB,NSE
2025-10-10,2025-10-13,2025-10-16,LONG,74.3499984741211,72.49124851226806,78.06749839782715,72.49124851226806,STOP_LOSS,3,-2.5000000000000115,-2.6500000000000115,LONG_RSI_ZONE,IDFCFIRSTB,NSE
2024-12-23,2024-12-24,2025-01-02,SHORT,101.41999816894533,103.95549812316895,96.34899826049805,103.95549812316895,STOP_LOSS,6,-2.499999999999991,-2.649999999999991,CURRENT,PNB,NSE
2025-01-06,2025-01-07,2025-01-07,SHORT,102.0,104.55,96.89999999999999,104.55,STOP_LOSS,0,-2.4999999999999973,-2.6499999999999972,CURRENT,PNB,NSE
2026-02-20,2026-02-23,2026-03-02,LONG,130.39999389648438,127.13999404907226,136.9199935913086,127.13999404907226,STOP_LOSS,5,-2.500000000000006,-2.650000000000006,CURRENT,PNB,NSE
2026-03-10,2026-03-11,2026-03-13,SHORT,117.9499969482422,120.89874687194825,112.05249710083008,112.05249710083008,TARGET,2,5.000000000000009,4.8500000000000085,CURRENT,PNB,NSE
2026-05-05,2026-05-06,2026-05-11,SHORT,110.41000366210938,113.1702537536621,104.8895034790039,104.8895034790039,TARGET,3,5.0,4.85,CURRENT,PNB,NSE
2026-07-03,2026-07-06,2026-07-20,SHORT,105.3000030517578,107.93250312805174,100.03500289916991,107.93250312805174,STOP_LOSS,10,-2.499999999999992,-2.649999999999992,CURRENT,PNB,NSE
2024-12-23,2024-12-24,2025-01-02,SHORT,101.41999816894533,103.95549812316895,96.34899826049805,103.95549812316895,STOP_LOSS,6,-2.499999999999991,-2.649999999999991,LONG_RSI_ZONE,PNB,NSE
2025-01-06,2025-01-07,2025-01-07,SHORT,102.0,104.55,96.89999999999999,104.55,STOP_LOSS,0,-2.4999999999999973,-2.6499999999999972,LONG_RSI_ZONE,PNB,NSE
2026-02-23,2026-02-24,2026-03-02,LONG,130.25,126.99374999999999,136.76250000000002,126.99374999999999,STOP_LOSS,4,-2.500000000000006,-2.650000000000006,LONG_RSI_ZONE,PNB,NSE
2026-03-10,2026-03-11,2026-03-13,SHORT,117.9499969482422,120.89874687194825,112.05249710083008,112.05249710083008,TARGET,2,5.000000000000009,4.8500000000000085,LONG_RSI_ZONE,PNB,NSE
2026-05-05,2026-05-06,2026-05-11,SHORT,110.41000366210938,113.1702537536621,104.8895034790039,104.8895034790039,TARGET,3,5.0,4.85,LONG_RSI_ZONE,PNB,NSE
2026-07-03,2026-07-06,2026-07-20,SHORT,105.3000030517578,107.93250312805174,100.03500289916991,107.93250312805174,STOP_LOSS,10,-2.499999999999992,-2.649999999999992,LONG_RSI_ZONE,PNB,NSE
2026-07-23,2026-07-24,2026-08-03,LONG,109.0,106.27499999999999,114.45,114.45,TARGET,6,5.000000000000003,4.850000000000002,LONG_RSI_ZONE,PNB,NSE
2024-10-03,2024-10-04,2024-10-18,SHORT,88.69999694824219,90.91749687194823,84.26499710083007,85.76000213623047,TIME_EXIT,10,3.31453766985725,3.1645376698572503,CURRENT,GMRAIRPORT,NSE
2024-12-20,2024-12-23,2025-01-07,SHORT,79.18000030517578,81.15950031280516,75.22100028991699,76.63999938964844,TIME_EXIT,10,3.207881921871262,3.057881921871262,CURRENT,GMRAIRPORT,NSE
2025-07-02,2025-07-03,2025-07-17,LONG,90.0,87.75,94.5,94.5,TARGET,10,5.0,4.85,CURRENT,GMRAIRPORT,NSE
2025-09-17,2025-09-18,2025-09-24,LONG,92.08999633789062,89.78774642944336,96.69449615478516,89.78774642944336,STOP_LOSS,4,-2.5,-2.65,CURRENT,GMRAIRPORT,NSE
2026-01-13,2026-01-14,2026-01-16,SHORT,98.54000091552734,101.00350093841551,93.61300086975098,101.00350093841551,STOP_LOSS,2,-2.499999999999986,-2.6499999999999857,CURRENT,GMRAIRPORT,NSE
2026-03-09,2026-03-10,2026-03-10,SHORT,94.0,96.35,89.3,96.35,STOP_LOSS,0,-2.499999999999994,-2.6499999999999937,CURRENT,GMRAIRPORT,NSE
2024-10-03,2024-10-04,2024-10-18,SHORT,88.69999694824219,90.91749687194823,84.26499710083007,85.76000213623047,TIME_EXIT,10,3.31453766985725,3.1645376698572503,LONG_RSI_ZONE,GMRAIRPORT,NSE
2024-12-20,2024-12-23,2025-01-07,SHORT,79.18000030517578,81.15950031280516,75.22100028991699,76.63999938964844,TIME_EXIT,10,3.207881921871262,3.057881921871262,LONG_RSI_ZONE,GMRAIRPORT,NSE
2026-01-13,2026-01-14,2026-01-16,SHORT,98.54000091552734,101.00350093841551,93.61300086975098,101.00350093841551,STOP_LOSS,2,-2.499999999999986,-2.6499999999999857,LONG_RSI_ZONE,GMRAIRPORT,NSE
2026-03-09,2026-03-10,2026-03-10,SHORT,94.0,96.35,89.3,96.35,STOP_LOSS,0,-2.499999999999994,-2.6499999999999937,LONG_RSI_ZONE,GMRAIRPORT,NSE
2024-11-19,2024-11-21,2024-11-21,SHORT,97.9499969482422,100.39874687194825,93.05249710083008,93.05249710083008,TARGET,0,5.000000000000011,4.85000000000001,CURRENT,CANBK,NSE
2024-12-24,2024-12-26,2025-01-09,SHORT,100.8000030517578,103.32000312805174,95.7600028991699,95.7600028991699,TARGET,10,5.0000000000000036,4.850000000000003,CURRENT,CANBK,NSE
2025-08-28,2025-08-29,2025-09-03,SHORT,104.44000244140624,107.05100250244138,99.21800231933592,107.05100250244138,STOP_LOSS,3,-2.4999999999999867,-2.6499999999999866,CURRENT,CANBK,NSE
2026-02-23,2026-02-24,2026-03-02,LONG,155.9499969482422,152.05124702453614,163.7474967956543,152.05124702453614,STOP_LOSS,4,-2.4999999999999964,-2.6499999999999964,CURRENT,CANBK,NSE
2026-03-11,2026-03-12,2026-03-12,SHORT,138.60000610351562,142.06500625610352,131.67000579833984,142.06500625610352,STOP_LOSS,0,-2.5,-2.65,CURRENT,CANBK,NSE
2026-05-01,2026-05-04,2026-05-07,SHORT,135.33999633789062,138.72349624633787,128.5729965209961,138.72349624633787,STOP_LOSS,3,-2.499999999999987,-2.649999999999987,CURRENT,CANBK,NSE
2026-06-25,2026-06-26,2026-07-08,SHORT,128.9499969482422,132.17374687194823,122.50249710083007,122.50249710083007,TARGET,8,5.000000000000006,4.850000000000006,CURRENT,CANBK,NSE
2024-11-19,2024-11-21,2024-11-21,SHORT,97.9499969482422,100.39874687194825,93.05249710083008,93.05249710083008,TARGET,0,5.000000000000011,4.85000000000001,LONG_RSI_ZONE,CANBK,NSE
2024-12-24,2024-12-26,2025-01-09,SHORT,100.8000030517578,103.32000312805174,95.7600028991699,95.7600028991699,TARGET,10,5.0000000000000036,4.850000000000003,LONG_RSI_ZONE,CANBK,NSE
2025-08-28,2025-08-29,2025-09-03,SHORT,104.44000244140624,107.05100250244138,99.21800231933592,107.05100250244138,STOP_LOSS,3,-2.4999999999999867,-2.6499999999999866,LONG_RSI_ZONE,CANBK,NSE
2026-03-11,2026-03-12,2026-03-12,SHORT,138.60000610351562,142.06500625610352,131.67000579833984,142.06500625610352,STOP_LOSS,0,-2.5,-2.65,LONG_RSI_ZONE,CANBK,NSE
2026-05-01,2026-05-04,2026-05-07,SHORT,135.33999633789062,138.72349624633787,128.5729965209961,138.72349624633787,STOP_LOSS,3,-2.499999999999987,-2.649999999999987,LONG_RSI_ZONE,CANBK,NSE
2026-06-25,2026-06-26,2026-07-08,SHORT,128.9499969482422,132.17374687194823,122.50249710083007,122.50249710083007,TARGET,8,5.000000000000006,4.850000000000006,LONG_RSI_ZONE,CANBK,NSE
2025-05-16,2025-05-19,2025-05-28,LONG,428.5,417.78749999999997,449.925,449.925,TARGET,7,5.000000000000003,4.850000000000002,CURRENT,LICI,NSE
2025-10-29,2025-10-30,2025-11-14,LONG,455.4249877929688,444.0393630981446,478.19623718261727,454.7250061035156,TIME_EXIT,10,-0.15369856907618468,-0.30369856907618464,CURRENT,LICI,NSE
2026-03-05,2026-03-06,2026-03-13,SHORT,415.5,425.8875,394.72499999999997,394.72499999999997,TARGET,5,5.000000000000008,4.850000000000008,CURRENT,LICI,NSE
2026-05-25,2026-05-26,2026-05-27,LONG,420.8500061035156,410.3287559509277,441.8925064086914,410.3287559509277,STOP_LOSS,1,-2.500000000000008,-2.650000000000008,CURRENT,LICI,NSE
2026-06-18,2026-06-19,2026-07-03,LONG,430.7999877929688,420.0299880981446,452.3399871826173,430.25,TIME_EXIT,10,-0.1276666222268132,-0.27766662222681315,CURRENT,LICI,NSE
2025-10-29,2025-10-30,2025-11-14,LONG,455.4249877929688,444.0393630981446,478.19623718261727,454.7250061035156,TIME_EXIT,10,-0.15369856907618468,-0.30369856907618464,LONG_RSI_ZONE,LICI,NSE
2026-03-05,2026-03-06,2026-03-13,SHORT,415.5,425.8875,394.72499999999997,394.72499999999997,TARGET,5,5.000000000000008,4.850000000000008,LONG_RSI_ZONE,LICI,NSE
2026-05-25,2026-05-26,2026-05-27,LONG,420.8500061035156,410.3287559509277,441.8925064086914,410.3287559509277,STOP_LOSS,1,-2.500000000000008,-2.650000000000008,LONG_RSI_ZONE,LICI,NSE
2026-06-18,2026-06-19,2026-07-03,LONG,430.7999877929688,420.0299880981446,452.3399871826173,430.25,TIME_EXIT,10,-0.1276666222268132,-0.27766662222681315,LONG_RSI_ZONE,LICI,NSE
2025-04-07,2025-04-08,2025-04-15,SHORT,387.4500122070313,397.13626251220705,368.0775115966797,397.13626251220705,STOP_LOSS,3,-2.4999999999999907,-2.6499999999999906,CURRENT,VEDL,NSE
2025-07-25,2025-07-28,2025-08-11,SHORT,443.5,454.5875,421.325,430.1000061035156,TIME_EXIT,10,3.0214191423865557,2.871419142386556,CURRENT,VEDL,NSE
2026-04-10,2026-04-13,2026-04-16,LONG,735.0,716.625,771.75,771.75,TARGET,2,5.0,4.85,CURRENT,VEDL,NSE
2026-04-30,2026-05-01,2026-05-04,SHORT,271.54998779296875,278.33873748779297,257.9724884033203,278.33873748779297,STOP_LOSS,1,-2.5,-2.65,CURRENT,VEDL,NSE
2025-04-07,2025-04-08,2025-04-15,SHORT,387.4500122070313,397.13626251220705,368.0775115966797,397.13626251220705,STOP_LOSS,3,-2.4999999999999907,-2.6499999999999906,LONG_RSI_ZONE,VEDL,NSE
2025-07-25,2025-07-28,2025-08-11,SHORT,443.5,454.5875,421.325,430.1000061035156,TIME_EXIT,10,3.0214191423865557,2.871419142386556,LONG_RSI_ZONE,VEDL,NSE
2026-04-30,2026-05-01,2026-05-04,SHORT,271.54998779296875,278.33873748779297,257.9724884033203,278.33873748779297,STOP_LOSS,1,-2.5,-2.65,LONG_RSI_ZONE,VEDL,NSE
2025-04-09,2025-04-11,2025-04-15,SHORT,79.31999969482422,81.30299968719481,75.353999710083,81.30299968719481,STOP_LOSS,1,-2.499999999999986,-2.6499999999999857,CURRENT,MOTHERSON,NSE
2025-11-14,2025-11-17,2025-11-27,LONG,109.8499984741211,107.10374851226807,115.34249839782716,115.34249839782716,TARGET,8,5.000000000000008,4.850000000000008,CURRENT,MOTHERSON,NSE
2026-02-04,2026-02-05,2026-02-06,LONG,121.9499969482422,118.90124702453615,128.04749679565433,118.90124702453615,STOP_LOSS,1,-2.5,-2.65,CURRENT,MOTHERSON,NSE
2026-07-27,2026-07-28,2026-08-03,LONG,147.0,143.325,154.35,154.35,TARGET,4,4.9999999999999964,4.849999999999996,CURRENT,MOTHERSON,NSE
2025-04-09,2025-04-11,2025-04-15,SHORT,79.31999969482422,81.30299968719481,75.353999710083,81.30299968719481,STOP_LOSS,1,-2.499999999999986,-2.6499999999999857,LONG_RSI_ZONE,MOTHERSON,NSE
2025-11-14,2025-11-17,2025-11-27,LONG,109.8499984741211,107.10374851226807,115.34249839782716,115.34249839782716,TARGET,8,5.000000000000008,4.850000000000008,LONG_RSI_ZONE,MOTHERSON,NSE
2026-02-04,2026-02-05,2026-02-06,LONG,121.9499969482422,118.90124702453615,128.04749679565433,118.90124702453615,STOP_LOSS,1,-2.5,-2.65,LONG_RSI_ZONE,MOTHERSON,NSE
2026-07-27,2026-07-28,2026-08-03,LONG,147.0,143.325,154.35,154.35,TARGET,4,4.9999999999999964,4.849999999999996,LONG_RSI_ZONE,MOTHERSON,NSE
2024-10-07,2024-10-08,2024-10-08,SHORT,334.75,343.11875,318.0125,343.11875,STOP_LOSS,0,-2.4999999999999933,-2.6499999999999932,CURRENT,JIOFIN,NSE
2024-12-20,2024-12-23,2025-01-07,SHORT,308.79998779296875,316.51998748779295,293.3599884033203,299.1499938964844,TIME_EXIT,10,3.1249981470057886,2.9749981470057887,CURRENT,JIOFIN,NSE
2025-04-17,2025-04-21,2025-04-22,LONG,250.0,243.75,262.5,243.75,STOP_LOSS,1,-2.5,-2.65,CURRENT,JIOFIN,NSE
2025-08-01,2025-08-04,2025-08-07,LONG,329.8500061035156,321.60375595092773,346.3425064086914,321.60375595092773,STOP_LOSS,3,-2.5,-2.65,CURRENT,JIOFIN,NSE
2025-09-25,2025-09-26,2025-10-07,SHORT,300.8999938964844,308.42249374389644,285.85499420166013,308.42249374389644,STOP_LOSS,6,-2.499999999999985,-2.649999999999985,CURRENT,JIOFIN,NSE
2025-11-06,2025-11-07,2025-11-11,SHORT,297.0,304.42499999999995,282.15,304.42499999999995,STOP_LOSS,2,-2.4999999999999845,-2.6499999999999844,CURRENT,JIOFIN,NSE
2025-11-17,2025-11-18,2025-11-21,LONG,311.1499938964844,303.37124404907223,326.7074935913086,303.37124404907223,STOP_LOSS,3,-2.500000000000011,-2.650000000000011,CURRENT,JIOFIN,NSE
2026-01-09,2026-01-12,2026-01-20,SHORT,287.25,294.43125,272.8875,272.8875,TARGET,6,5.0000000000000036,4.850000000000003,CURRENT,JIOFIN,NSE
2026-05-13,2026-05-14,2026-05-22,SHORT,233.0,238.825,221.35,238.825,STOP_LOSS,6,-2.499999999999995,-2.649999999999995,CURRENT,JIOFIN,NSE
2026-06-19,2026-06-22,2026-06-23,LONG,245.0,238.875,257.25,238.875,STOP_LOSS,1,-2.5,-2.65,CURRENT,JIOFIN,NSE
2026-07-02,2026-07-03,2026-07-08,LONG,241.0500030517578,235.02375297546385,253.1025032043457,235.02375297546385,STOP_LOSS,3,-2.500000000000007,-2.650000000000007,CURRENT,JIOFIN,NSE
2026-07-14,2026-07-15,2026-07-17,SHORT,237.1999969482422,243.1299968719482,225.33999710083006,243.1299968719482,STOP_LOSS,2,-2.499999999999986,-2.6499999999999857,CURRENT,JIOFIN,NSE
2026-07-29,2026-07-30,2026-08-03,LONG,248.75,242.53125,261.1875,261.1875,TARGET,2,5.0,4.85,CURRENT,JIOFIN,NSE
2024-10-07,2024-10-08,2024-10-08,SHORT,334.75,343.11875,318.0125,343.11875,STOP_LOSS,0,-2.4999999999999933,-2.6499999999999932,LONG_RSI_ZONE,JIOFIN,NSE
2024-12-20,2024-12-23,2025-01-07,SHORT,308.79998779296875,316.51998748779295,293.3599884033203,299.1499938964844,TIME_EXIT,10,3.1249981470057886,2.9749981470057887,LONG_RSI_ZONE,JIOFIN,NSE
2025-04-17,2025-04-21,2025-04-22,LONG,250.0,243.75,262.5,243.75,STOP_LOSS,1,-2.5,-2.65,LONG_RSI_ZONE,JIOFIN,NSE
2025-08-01,2025-08-04,2025-08-07,LONG,329.8500061035156,321.60375595092773,346.3425064086914,321.60375595092773,STOP_LOSS,3,-2.5,-2.65,LONG_RSI_ZONE,JIOFIN,NSE
2025-09-25,2025-09-26,2025-10-07,SHORT,300.8999938964844,308.42249374389644,285.85499420166013,308.42249374389644,STOP_LOSS,6,-2.499999999999985,-2.649999999999985,LONG_RSI_ZONE,JIOFIN,NSE
2025-11-06,2025-11-07,2025-11-11,SHORT,297.0,304.42499999999995,282.15,304.42499999999995,STOP_LOSS,2,-2.4999999999999845,-2.6499999999999844,LONG_RSI_ZONE,JIOFIN,NSE
2026-01-09,2026-01-12,2026-01-20,SHORT,287.25,294.43125,272.8875,272.8875,TARGET,6,5.0000000000000036,4.850000000000003,LONG_RSI_ZONE,JIOFIN,NSE
2026-05-13,2026-05-14,2026-05-22,SHORT,233.0,238.825,221.35,238.825,STOP_LOSS,6,-2.499999999999995,-2.649999999999995,LONG_RSI_ZONE,JIOFIN,NSE
2026-06-19,2026-06-22,2026-06-23,LONG,245.0,238.875,257.25,238.875,STOP_LOSS,1,-2.5,-2.65,LONG_RSI_ZONE,JIOFIN,NSE
2026-07-08,2026-07-09,2026-07-10,SHORT,231.0,236.77499999999998,219.45,236.77499999999998,STOP_LOSS,1,-2.4999999999999902,-2.64999999999999,LONG_RSI_ZONE,JIOFIN,NSE
2026-07-14,2026-07-15,2026-07-17,SHORT,237.1999969482422,243.1299968719482,225.33999710083006,243.1299968719482,STOP_LOSS,2,-2.499999999999986,-2.6499999999999857,LONG_RSI_ZONE,JIOFIN,NSE
2026-07-31,2026-08-03,2026-08-11,LONG,260.0,253.5,273.0,253.5,STOP_LOSS,6,-2.5,-2.65,LONG_RSI_ZONE,JIOFIN,NSE
2024-11-13,2024-11-14,2024-11-14,SHORT,77.0,78.925,73.14999999999999,78.925,STOP_LOSS,0,-2.4999999999999964,-2.6499999999999964,CURRENT,IDBI,NSE
2024-12-18,2024-12-19,2025-01-03,SHORT,77.5,79.4375,73.625,77.5199966430664,TIME_EXIT,10,-0.025802120085685484,-0.17580212008568546,CURRENT,IDBI,NSE
2025-01-20,2025-01-21,2025-01-21,LONG,86.5,84.33749999999999,90.825,84.33749999999999,STOP_LOSS,0,-2.5000000000000098,-2.6500000000000097,CURRENT,IDBI,NSE
2025-02-11,2025-02-12,2025-02-13,SHORT,73.80000305175781,75.64500312805175,70.11000289916991,75.64500312805175,STOP_LOSS,1,-2.499999999999996,-2.649999999999996,CURRENT,IDBI,NSE
2025-05-16,2025-05-19,2025-05-19,LONG,86.05000305175781,83.89875297546386,90.35250320434571,90.35250320434571,TARGET,0,5.000000000000006,4.850000000000006,CURRENT,IDBI,NSE
2025-07-02,2025-07-03,2025-07-07,LONG,103.19000244140624,100.61025238037108,108.34950256347655,100.61025238037108,STOP_LOSS,2,-2.5000000000000004,-2.6500000000000004,CURRENT,IDBI,NSE
2025-09-26,2025-09-29,2025-09-30,SHORT,89.19999694824219,91.42999687194823,84.73999710083008,91.42999687194823,STOP_LOSS,1,-2.4999999999999902,-2.64999999999999,CURRENT,IDBI,NSE
2025-12-26,2025-12-29,2026-01-02,LONG,101.63999938964844,99.09899940490722,106.72199935913086,106.72199935913086,TARGET,4,5.000000000000003,4.850000000000002,CURRENT,IDBI,NSE
2026-02-10,2026-02-11,2026-02-17,LONG,108.5500030517578,105.83625297546385,113.9775032043457,113.9775032043457,TARGET,4,5.000000000000006,4.850000000000006,CURRENT,IDBI,NSE
2026-08-25,2026-08-26,2026-08-26,LONG,87.3499984741211,85.16624851226807,91.71749839782716,91.71749839782716,TARGET,0,5.00000000000001,4.850000000000009,CURRENT,IDBI,NSE
2024-11-13,2024-11-14,2024-11-14,SHORT,77.0,78.925,73.14999999999999,78.925,STOP_LOSS,0,-2.4999999999999964,-2.6499999999999964,LONG_RSI_ZONE,IDBI,NSE
2024-12-18,2024-12-19,2025-01-03,SHORT,77.5,79.4375,73.625,77.5199966430664,TIME_EXIT,10,-0.025802120085685484,-0.17580212008568546,LONG_RSI_ZONE,IDBI,NSE
2025-01-20,2025-01-21,2025-01-21,LONG,86.5,84.33749999999999,90.825,84.33749999999999,STOP_LOSS,0,-2.5000000000000098,-2.6500000000000097,LONG_RSI_ZONE,IDBI,NSE
2025-02-11,2025-02-12,2025-02-13,SHORT,73.80000305175781,75.64500312805175,70.11000289916991,75.64500312805175,STOP_LOSS,1,-2.499999999999996,-2.649999999999996,LONG_RSI_ZONE,IDBI,NSE
2025-05-16,2025-05-19,2025-05-19,LONG,86.05000305175781,83.89875297546386,90.35250320434571,90.35250320434571,TARGET,0,5.000000000000006,4.850000000000006,LONG_RSI_ZONE,IDBI,NSE
2025-07-02,2025-07-03,2025-07-07,LONG,103.19000244140624,100.61025238037108,108.34950256347655,100.61025238037108,STOP_LOSS,2,-2.5000000000000004,-2.6500000000000004,LONG_RSI_ZONE,IDBI,NSE
2025-09-26,2025-09-29,2025-09-30,SHORT,89.19999694824219,91.42999687194823,84.73999710083008,91.42999687194823,STOP_LOSS,1,-2.4999999999999902,-2.64999999999999,LONG_RSI_ZONE,IDBI,NSE
2025-12-26,2025-12-29,2026-01-02,LONG,101.63999938964844,99.09899940490722,106.72199935913086,106.72199935913086,TARGET,4,5.000000000000003,4.850000000000002,LONG_RSI_ZONE,IDBI,NSE
