exchange,symbol,name,data_symbol,avg_volume,start_date_requested,end_date_requested,rows,first_date,last_date,historical_status,error,downloaded_at
NSE,LUMINO,Lumino Industries Limited,LUMINO.NS,158692789.0,2021-01-01,2026-09-06,2,2026-09-03,2026-09-04,INSUFFICIENT_HISTORY,,2026-09-05T17:12:45
NSE,IFCI,IFCI Limited,IFCI.NS,83513020.05,2021-01-01,2026-09-06,1407,2021-01-01,2026-09-04,PASS,,2026-09-05T17:12:46
NSE,GROWW,Billionbrains Garage Ventures Limited,GROWW.NS,48181140.55,2021-01-01,2026-09-06,206,2025-11-12,2026-09-04,INSUFFICIENT_HISTORY,,2026-09-05T17:12:46
NSE,SHIPROCKET,Shiprocket Limited,SHIPROCKET.NS,43329285.0,2021-01-01,2026-09-06,13,2026-08-19,2026-09-04,INSUFFICIENT_HISTORY,,2026-09-05T17:12:47
NSE,ETERNAL,ETERNAL LIMITED,ETERNAL.NS,37551384.6,2021-01-01,2026-09-06,1270,2021-07-23,2026-09-04,PASS,,2026-09-05T17:12:47
NSE,MILKYMIST,Milky Mist Dairy Food Limited,MILKYMIST.NS,35250084.928571425,2021-01-01,2026-09-06,14,2026-08-18,2026-09-04,INSUFFICIENT_HISTORY,,2026-09-05T17:12:48
NSE,ZEEL,Zee Entertainment Enterprises Limited,ZEEL.NS,34575384.85,2021-01-01,2026-09-06,1407,2021-01-01,2026-09-04,PASS,,2026-09-05T17:12:48
NSE,TATASTEEL,Tata Steel Limited,TATASTEEL.NS,27821449.8,2021-01-01,2026-09-06,1407,2021-01-01,2026-09-04,PASS,,2026-09-05T17:12:48
NSE,MOREPENLAB,Morepen Laboratories Limited,MOREPENLAB.NS,26915451.9,2021-01-01,2026-09-06,1407,2021-01-01,2026-09-04,PASS,,2026-09-05T17:12:48
NSE,HDFCBANK,HDFC Bank Limited,HDFCBANK.NS,26744390.85,2021-01-01,2026-09-06,1407,2021-01-01,2026-09-04,PASS,,2026-09-05T17:12:49
NSE,LALITHAA,Lalithaa Jewellery Mart Limited,LALITHAA.NS,26732898.3,2021-01-01,2026-09-06,10,2026-08-24,2026-09-04,INSUFFICIENT_HISTORY,,2026-09-05T17:12:49
NSE,SAIL,Steel Authority of India Limited,SAIL.NS,25976358.65,2021-01-01,2026-09-06,1407,2021-01-01,2026-09-04,PASS,,2026-09-05T17:12:49
NSE,CUPID,Cupid Limited,CUPID.NS,25700065.8,2021-01-01,2026-09-06,1407,2021-01-01,2026-09-04,PASS,,2026-09-05T17:12:50
NSE,JINDWORLD,Jindal Worldwide Limited,JINDWORLD.NS,24787569.2,2021-01-01,2026-09-06,1407,2021-01-01,2026-09-04,PASS,,2026-09-05T17:12:50
NSE,SKYWAYS,Skyways Air Services Limited,SKYWAYS.NS,23020552.0,2021-01-01,2026-09-06,4,2026-09-01,2026-09-04,INSUFFICIENT_HISTORY,,2026-09-05T17:12:50
NSE,SWIGGY,Swiggy Limited,SWIGGY.NS,21936690.0,2021-01-01,2026-09-06,452,2024-11-13,2026-09-04,PASS,,2026-09-05T17:12:51
NSE,ADANIPOWER,Adani Power Limited,ADANIPOWER.NS,20416073.25,2021-01-01,2026-09-06,1407,2021-01-01,2026-09-04,PASS,,2026-09-05T17:12:51
NSE,PINELABS,Pine Labs Limited,PINELABS.NS,19990563.6,2021-01-01,2026-09-06,204,2025-11-14,2026-09-04,INSUFFICIENT_HISTORY,,2026-09-05T17:12:51
NSE,PWL,Physicswallah Limited,PWL.NS,18849417.8,2021-01-01,2026-09-06,202,2025-11-18,2026-09-04,INSUFFICIENT_HISTORY,,2026-09-05T17:12:51
NSE,NMDC,NMDC Limited,NMDC.NS,18559158.85,2021-01-01,2026-09-06,1407,2021-01-01,2026-09-04,PASS,,2026-09-05T17:12:52
NSE,HFCL,HFCL Limited,HFCL.NS,17528196.75,2021-01-01,2026-09-06,1407,2021-01-01,2026-09-04,PASS,,2026-09-05T17:12:52
NSE,VMM,Vishal Mega Mart Limited,VMM.NS,17237882.9,2021-01-01,2026-09-06,429,2024-12-18,2026-09-04,PASS,,2026-09-05T17:12:52
NSE,SHANKESH,Shankesh Jewellers Limited,SHANKESH.NS,17003014.666666668,2021-01-01,2026-09-06,9,2026-08-25,2026-09-04,INSUFFICIENT_HISTORY,,2026-09-05T17:12:53
NSE,HINDCOPPER,Hindustan Copper Limited,HINDCOPPER.NS,16878227.85,2021-01-01,2026-09-06,1407,2021-01-01,2026-09-04,PASS,,2026-09-05T17:12:53
NSE,LEAPIND,LEAP India Limited,LEAPIND.NS,16782215.6875,2021-01-01,2026-09-06,16,2026-08-14,2026-09-04,INSUFFICIENT_HISTORY,,2026-09-05T17:12:54
NSE,MAHABANK,Bank of Maharashtra,MAHABANK.NS,16381963.4,2021-01-01,2026-09-06,1407,2021-01-01,2026-09-04,PASS,,2026-09-05T17:12:54
NSE,HORIZONIND,Horizon Industrial Parks Limited,HORIZONIND.NS,15917038.8,2021-01-01,2026-09-06,10,2026-08-24,2026-09-04,INSUFFICIENT_HISTORY,,2026-09-05T17:12:54
NSE,ESDS,ESDS Software Solution Limited,ESDS.NS,15790052.0,2021-01-01,2026-09-06,1,2026-09-04,2026-09-04,INSUFFICIENT_HISTORY,,2026-09-05T17:12:55
NSE,ASHOKLEY,Ashok Leyland Limited,ASHOKLEY.NS,15715516.8,2021-01-01,2026-09-06,1407,2021-01-01,2026-09-04,PASS,,2026-09-05T17:12:55
NSE,URBANCO,Urban Company Limited,URBANCO.NS,15586038.85,2021-01-01,2026-09-06,243,2025-09-17,2026-09-04,INSUFFICIENT_HISTORY,,2026-09-05T17:12:56
NSE,INOXWIND,Inox Wind Limited,INOXWIND.NS,15250400.9,2021-01-01,2026-09-06,1407,2021-01-01,2026-09-04,PASS,,2026-09-05T17:12:56
NSE,TEMPSENS,Tempsens Instruments (India) Limited,TEMPSENS.NS,15228841.5,2021-01-01,2026-09-06,6,2026-08-28,2026-09-04,INSUFFICIENT_HISTORY,,2026-09-05T17:12:56
NSE,ARDEE,Ardee Industries Limited,ARDEE.NS,15132997.388888888,2021-01-01,2026-09-06,18,2026-08-12,2026-09-04,INSUFFICIENT_HISTORY,,2026-09-05T17:12:57
NSE,FCL,Fineotex Chemical Limited,FCL.NS,14882900.7,2021-01-01,2026-09-06,1407,2021-01-01,2026-09-04,PASS,,2026-09-05T17:12:57
NSE,UJJIVANSFB,Ujjivan Small Finance Bank Limited,UJJIVANSFB.NS,14874638.85,2021-01-01,2026-09-06,1407,2021-01-01,2026-09-04,PASS,,2026-09-05T17:12:58
NSE,MEESHO,Meesho Limited,MEESHO.NS,14790917.55,2021-01-01,2026-09-06,186,2025-12-10,2026-09-04,INSUFFICIENT_HISTORY,,2026-09-05T17:12:58
NSE,LENSKART,Lenskart Solutions Limited,LENSKART.NS,14629269.6,2021-01-01,2026-09-06,208,2025-11-10,2026-09-04,INSUFFICIENT_HISTORY,,2026-09-05T17:12:59
NSE,TFCILTD,Tourism Finance Corporation of India Limited,TFCILTD.NS,14589086.75,2021-01-01,2026-09-06,1407,2021-01-01,2026-09-04,PASS,,2026-09-05T17:12:59
NSE,ITC,ITC Limited,ITC.NS,14097168.8,2021-01-01,2026-09-06,1407,2021-01-01,2026-09-04,PASS,,2026-09-05T17:13:00
NSE,IDFCFIRSTB,IDFC First Bank Limited,IDFCFIRSTB.NS,13931522.65,2021-01-01,2026-09-06,1407,2021-01-01,2026-09-04,PASS,,2026-09-05T17:13:01
NSE,PNB,Punjab National Bank,PNB.NS,13673443.25,2021-01-01,2026-09-06,1407,2021-01-01,2026-09-04,PASS,,2026-09-05T17:13:01
NSE,GMRAIRPORT,GMR AIRPORTS LIMITED,GMRAIRPORT.NS,13487501.85,2021-01-01,2026-09-06,1407,2021-01-01,2026-09-04,PASS,,2026-09-05T17:13:02
NSE,SYMBIOTEC,Symbiotec Pharmalab Limited,SYMBIOTEC.NS,13340793.0,2021-01-01,2026-09-06,4,2026-09-01,2026-09-04,INSUFFICIENT_HISTORY,,2026-09-05T17:13:02
NSE,GAJA,Gaja Alternative Asset Management Limited,GAJA.NS,12993773.714285716,2021-01-01,2026-09-06,8,2026-08-26,2026-09-04,INSUFFICIENT_HISTORY,,2026-09-05T17:13:03
NSE,CANBK,Canara Bank,CANBK.NS,12876040.6,2021-01-01,2026-09-06,1407,2021-01-01,2026-09-04,PASS,,2026-09-05T17:13:03
NSE,LICI,Life Insurance Corporation Of India,LICI.NS,12738024.35,2021-01-01,2026-09-06,1069,2022-05-17,2026-09-04,PASS,,2026-09-05T17:13:03
NSE,VEDL,Vedanta Limited,VEDL.NS,12711047.5,2021-01-01,2026-09-06,1407,2021-01-01,2026-09-04,PASS,,2026-09-05T17:13:04
NSE,MOTHERSON,Samvardhana Motherson International Limited,MOTHERSON.NS,12678515.65,2021-01-01,2026-09-06,1407,2021-01-01,2026-09-04,PASS,,2026-09-05T17:13:04
NSE,JIOFIN,Jio Financial Services Limited,JIOFIN.NS,12337849.95,2021-01-01,2026-09-06,755,2023-08-21,2026-09-04,PASS,,2026-09-05T17:13:05
NSE,IDBI,IDBI Bank Limited,IDBI.NS,12240207.9,2021-01-01,2026-09-06,1407,2021-01-01,2026-09-04,PASS,,2026-09-05T17:13:05
NSE,MRPL,Mangalore Refinery and Petrochemicals Limited,MRPL.NS,12238627.65,2021-01-01,2026-09-06,1407,2021-01-01,2026-09-04,PASS,,2026-09-05T17:13:05
NSE,KOTAKBANK,Kotak Mahindra Bank Limited,KOTAKBANK.NS,11750107.5,2021-01-01,2026-09-06,1407,2021-01-01,2026-09-04,PASS,,2026-09-05T17:13:06
NSE,ONGC,Oil & Natural Gas Corporation Limited,ONGC.NS,11570474.0,2021-01-01,2026-09-06,1407,2021-01-01,2026-09-04,PASS,,2026-09-05T17:13:06
NSE,WELSPUNLIV,Welspun Living Limited,WELSPUNLIV.NS,11062022.95,2021-01-01,2026-09-06,1407,2021-01-01,2026-09-04,PASS,,2026-09-05T17:13:07
NSE,MANALIPETC,Manali Petrochemicals Limited,MANALIPETC.NS,10665841.15,2021-01-01,2026-09-06,1407,2021-01-01,2026-09-04,PASS,,2026-09-05T17:13:07
NSE,EMIL,Electronics Mart India Limited,EMIL.NS,10652783.0,2021-01-01,2026-09-06,964,2022-10-17,2026-09-04,PASS,,2026-09-05T17:13:08
NSE,RELIANCE,Reliance Industries Limited,RELIANCE.NS,10498450.45,2021-01-01,2026-09-06,1407,2021-01-01,2026-09-04,PASS,,2026-09-05T17:13:08
NSE,EPL,EPL Limited,EPL.NS,10482680.45,2021-01-01,2026-09-06,1406,2021-01-01,2026-09-04,PASS,,2026-09-05T17:13:08
NSE,PFC,Power Finance Corporation Limited,PFC.NS,10441636.05,2021-01-01,2026-09-06,1407,2021-01-01,2026-09-04,PASS,,2026-09-05T17:13:09
NSE,UNIONBANK,Union Bank of India,UNIONBANK.NS,10193458.6,2021-01-01,2026-09-06,1407,2021-01-01,2026-09-04,PASS,,2026-09-05T17:13:09
NSE,WEL,Wonder Electricals Limited,WEL.NS,10047551.4,2021-01-01,2026-09-06,1407,2021-01-01,2026-09-04,PASS,,2026-09-05T17:13:10
NSE,COALINDIA,Coal India Limited,COALINDIA.NS,9909513.4,2021-01-01,2026-09-06,1407,2021-01-01,2026-09-04,PASS,,2026-09-05T17:13:10
NSE,VIYASH,Viyash Scientific Limited,VIYASH.NS,9901645.0,2021-01-01,2026-09-06,1407,2021-01-01,2026-09-04,PASS,,2026-09-05T17:13:11
NSE,KALYANKJIL,Kalyan Jewellers India Limited,KALYANKJIL.NS,9641737.15,2021-01-01,2026-09-06,1349,2021-03-26,2026-09-04,PASS,,2026-09-05T17:13:11
NSE,TMPV,Tata Motors Passenger Vehicles Limited,TMPV.NS,9606026.5,2021-01-01,2026-09-06,1407,2021-01-01,2026-09-04,PASS,,2026-09-05T17:13:12
NSE,PAISALO,Paisalo Digital Limited,PAISALO.NS,9546441.7,2021-01-01,2026-09-06,1407,2021-01-01,2026-09-04,PASS,,2026-09-05T17:13:12
NSE,RBA,Restaurant Brands Asia Limited,RBA.NS,9366561.75,2021-01-01,2026-09-06,1406,2021-01-01,2026-09-04,PASS,,2026-09-05T17:13:13
NSE,BEL,Bharat Electronics Limited,BEL.NS,9342155.05,2021-01-01,2026-09-06,1407,2021-01-01,2026-09-04,PASS,,2026-09-05T17:13:13
NSE,OMAXE,Omaxe Limited,OMAXE.NS,9103296.7,2021-01-01,2026-09-06,1406,2021-01-01,2026-09-04,PASS,,2026-09-05T17:13:13
NSE,ICICIBANK,ICICI Bank Limited,ICICIBANK.NS,8773986.6,2021-01-01,2026-09-06,1407,2021-01-01,2026-09-04,PASS,,2026-09-05T17:13:14
NSE,SAMMAANCAP,Sammaan Capital Limited,SAMMAANCAP.NS,8605150.1,2021-01-01,2026-09-06,1407,2021-01-01,2026-09-04,PASS,,2026-09-05T17:13:14
NSE,NTPC,NTPC Limited,NTPC.NS,8595838.6,2021-01-01,2026-09-06,1407,2021-01-01,2026-09-04,PASS,,2026-09-05T17:13:15
NSE,TMCV,Tata Motors Limited,TMCV.NS,8543333.9,2021-01-01,2026-09-06,206,2025-11-12,2026-09-04,INSUFFICIENT_HISTORY,,2026-09-05T17:13:15
NSE,SBIN,State Bank of India,SBIN.NS,8345061.2,2021-01-01,2026-09-06,1407,2021-01-01,2026-09-04,PASS,,2026-09-05T17:13:15
NSE,DHOOTTRANS,Dhoot Transmission Limited,DHOOTTRANS.NS,8297863.333333333,2021-01-01,2026-09-06,15,2026-08-17,2026-09-04,INSUFFICIENT_HISTORY,,2026-09-05T17:13:16
NSE,POWERGRID,Power Grid Corporation of India Limited,POWERGRID.NS,8237231.9,2021-01-01,2026-09-06,1407,2021-01-01,2026-09-04,PASS,,2026-09-05T17:13:16
NSE,HSCL,Himadri Speciality Chemical Limited,HSCL.NS,8126699.15,2021-01-01,2026-09-06,1407,2021-01-01,2026-09-04,PASS,,2026-09-05T17:13:17
NSE,NHPC,NHPC Limited,NHPC.NS,8075070.65,2021-01-01,2026-09-06,1407,2021-01-01,2026-09-04,PASS,,2026-09-05T17:13:17
NSE,RATNAVEER,Ratnaveer Precision Engineering Limited,RATNAVEER.NS,8024127.9,2021-01-01,2026-09-06,739,2023-09-11,2026-09-04,PASS,,2026-09-05T17:13:18
NSE,BHEL,Bharat Heavy Electricals Limited,BHEL.NS,7984987.35,2021-01-01,2026-09-06,1407,2021-01-01,2026-09-04,PASS,,2026-09-05T17:13:18
NSE,INFY,Infosys Limited,INFY.NS,7950013.6,2021-01-01,2026-09-06,1407,2021-01-01,2026-09-04,PASS,,2026-09-05T17:13:19
NSE,WIPRO,Wipro Limited,WIPRO.NS,7943433.35,2021-01-01,2026-09-06,1407,2021-01-01,2026-09-04,PASS,,2026-09-05T17:13:19
NSE,IOC,Indian Oil Corporation Limited,IOC.NS,7839309.95,2021-01-01,2026-09-06,1407,2021-01-01,2026-09-04,PASS,,2026-09-05T17:13:19
NSE,BANKBARODA,Bank of Baroda,BANKBARODA.NS,7756614.45,2021-01-01,2026-09-06,1407,2021-01-01,2026-09-04,PASS,,2026-09-05T17:13:20
NSE,BLEL,Behari Lal Engineering Limited,BLEL.NS,7565297.25,2021-01-01,2026-09-06,13,2026-08-19,2026-09-04,INSUFFICIENT_HISTORY,,2026-09-05T17:13:21
NSE,NATIONALUM,National Aluminium Company Limited,NATIONALUM.NS,7525429.5,2021-01-01,2026-09-06,1407,2021-01-01,2026-09-04,PASS,,2026-09-05T17:13:21
NSE,VAML,Vedanta Aluminium Metal Limited,VAML.NS,7396903.75,2021-01-01,2026-09-06,60,2026-06-15,2026-09-04,INSUFFICIENT_HISTORY,,2026-09-05T17:13:21
NSE,BALRAMCHIN,Balrampur Chini Mills Limited,BALRAMCHIN.NS,7327002.1,2021-01-01,2026-09-06,1407,2021-01-01,2026-09-04,PASS,,2026-09-05T17:13:22
NSE,NIACL,The New India Assurance Company Limited,NIACL.NS,7306488.9,2021-01-01,2026-09-06,1407,2021-01-01,2026-09-04,PASS,,2026-09-05T17:13:22
NSE,GAIL,GAIL (India) Limited,GAIL.NS,7245477.2,2021-01-01,2026-09-06,1407,2021-01-01,2026-09-04,PASS,,2026-09-05T17:13:23
NSE,CGCL,Capri Global Capital Limited,CGCL.NS,7237975.05,2021-01-01,2026-09-06,1407,2021-01-01,2026-09-04,PASS,,2026-09-05T17:13:23
NSE,LLOYDSENGG,LLOYDS ENGINEERING WORKS LIMITED,LLOYDSENGG.NS,7205638.5,2021-01-01,2026-09-06,1407,2021-01-01,2026-09-04,PASS,,2026-09-05T17:13:24
NSE,HINDZINC,Hindustan Zinc Limited,HINDZINC.NS,6969352.65,2021-01-01,2026-09-06,1407,2021-01-01,2026-09-04,PASS,,2026-09-05T17:13:24
NSE,IRFC,Indian Railway Finance Corporation Limited,IRFC.NS,6913939.0,2021-01-01,2026-09-06,1388,2021-01-29,2026-09-04,PASS,,2026-09-05T17:13:25
NSE,JAYNECOIND,Jayaswal Neco Industries Limited,JAYNECOIND.NS,6846549.35,2021-01-01,2026-09-06,1407,2021-01-01,2026-09-04,PASS,,2026-09-05T17:13:25
NSE,BHARTIARTL,Bharti Airtel Limited,BHARTIARTL.NS,6816347.8,2021-01-01,2026-09-06,1407,2021-01-01,2026-09-04,PASS,,2026-09-05T17:13:25
NSE,VIKRAMSOLR,Vikram Solar Limited,VIKRAMSOLR.NS,6693669.15,2021-01-01,2026-09-06,258,2025-08-26,2026-09-04,INSUFFICIENT_HISTORY,,2026-09-05T17:13:26
BSE,GROWW,Groww,GROWW.BO,6619527.9,2021-01-01,2026-09-06,204,2025-11-12,2026-09-04,INSUFFICIENT_HISTORY,,2026-09-05T17:13:26
NSE,RECLTD,REC Limited,RECLTD.NS,6535371.05,2021-01-01,2026-09-06,1407,2021-01-01,2026-09-04,PASS,,2026-09-05T17:13:27
NSE,ANGELONE,Angel One Limited,ANGELONE.NS,6534716.95,2021-01-01,2026-09-06,1407,2021-01-01,2026-09-04,PASS,,2026-09-05T17:13:27
NSE,MANAPPURAM,Manappuram Finance Limited,MANAPPURAM.NS,6394868.35,2021-01-01,2026-09-06,1407,2021-01-01,2026-09-04,PASS,,2026-09-05T17:13:28
NSE,MARKSANS,Marksans Pharma Limited,MARKSANS.NS,6376974.0,2021-01-01,2026-09-06,1407,2021-01-01,2026-09-04,PASS,,2026-09-05T17:13:28
NSE,ZAGGLE,Zaggle Prepaid Ocean Services Limited,ZAGGLE.NS,6186928.4,2021-01-01,2026-09-06,732,2023-09-22,2026-09-04,PASS,,2026-09-05T17:13:29
NSE,AUGMONT,Augmont Enterprises Limited,AUGMONT.NS,6148846.4,2021-01-01,2026-09-06,5,2026-08-31,2026-09-04,INSUFFICIENT_HISTORY,,2026-09-05T17:13:29
NSE,PARADEEP,Paradeep Phosphates Limited,PARADEEP.NS,6143788.7,2021-01-01,2026-09-06,1061,2022-05-27,2026-09-04,PASS,,2026-09-05T17:13:29
NSE,ABFRL,Aditya Birla Fashion and Retail Limited,ABFRL.NS,6078736.35,2021-01-01,2026-09-06,1407,2021-01-01,2026-09-04,PASS,,2026-09-05T17:13:30
NSE,ASHOKA,Ashoka Buildcon Limited,ASHOKA.NS,6036122.8,2021-01-01,2026-09-06,1407,2021-01-01,2026-09-04,PASS,,2026-09-05T17:13:30
NSE,VBL,Varun Beverages Limited,VBL.NS,6018416.15,2021-01-01,2026-09-06,1407,2021-01-01,2026-09-04,PASS,,2026-09-05T17:13:31
NSE,EDELWEISS,Edelweiss Financial Services Limited,EDELWEISS.NS,5970989.55,2021-01-01,2026-09-06,1407,2021-01-01,2026-09-04,PASS,,2026-09-05T17:13:31
NSE,ENGINERSIN,Engineers India Limited,ENGINERSIN.NS,5969308.75,2021-01-01,2026-09-06,1407,2021-01-01,2026-09-04,PASS,,2026-09-05T17:13:32
NSE,ASTERDM,Aster DM Quality Care Limited,ASTERDM.NS,5839838.7,2021-01-01,2026-09-06,1407,2021-01-01,2026-09-04,PASS,,2026-09-05T17:13:32
NSE,BANKINDIA,Bank of India,BANKINDIA.NS,5684740.0,2021-01-01,2026-09-06,1407,2021-01-01,2026-09-04,PASS,,2026-09-05T17:13:33
NSE,NBCC,NBCC (India) Limited,NBCC.NS,5614064.2,2021-01-01,2026-09-06,1407,2021-01-01,2026-09-04,PASS,,2026-09-05T17:13:33
NSE,TATAPOWER,Tata Power Company Limited,TATAPOWER.NS,5592059.75,2021-01-01,2026-09-06,1407,2021-01-01,2026-09-04,PASS,,2026-09-05T17:13:34
NSE,ROLEXRINGS,Rolex Rings Limited,ROLEXRINGS.NS,5587577.15,2021-01-01,2026-09-06,1259,2021-08-09,2026-09-04,PASS,,2026-09-05T17:13:34
NSE,SUNSHINE,Sunshine Pictures Limited,SUNSHINE.NS,5530247.0,2021-01-01,2026-09-06,9,2026-08-25,2026-09-04,INSUFFICIENT_HISTORY,,2026-09-05T17:13:35
NSE,BANDHANBNK,Bandhan Bank Limited,BANDHANBNK.NS,5459903.1,2021-01-01,2026-09-06,1407,2021-01-01,2026-09-04,PASS,,2026-09-05T17:13:35
NSE,PRSMJOHNSN,Prism Johnson Limited,PRSMJOHNSN.NS,5410998.65,2021-01-01,2026-09-06,1405,2021-01-01,2026-09-04,PASS,,2026-09-05T17:13:36
NSE,HINDPETRO,Hindustan Petroleum Corporation Limited,HINDPETRO.NS,5294366.9,2021-01-01,2026-09-06,1407,2021-01-01,2026-09-04,PASS,,2026-09-05T17:13:36
NSE,REDINGTON,Redington Limited,REDINGTON.NS,5256299.65,2021-01-01,2026-09-06,1407,2021-01-01,2026-09-04,PASS,,2026-09-05T17:13:38
NSE,INDUSTOWER,Indus Towers Limited,INDUSTOWER.NS,5210079.2,2021-01-01,2026-09-06,1407,2021-01-01,2026-09-04,PASS,,2026-09-05T17:13:39
NSE,BPCL,Bharat Petroleum Corporation Limited,BPCL.NS,5133945.1,2021-01-01,2026-09-06,0,,,ERROR,RuntimeError: Failed historical download for BPCL.NS (2021-01-01 -> 2026-09-06): No historical daily data returned for BPCL.NS between 2021-01-01 and 2026-09-06.,2026-09-05T17:13:39
NSE,DEVYANI,Devyani International Limited,DEVYANI.NS,5122978.85,2021-01-01,2026-09-06,0,,,ERROR,RuntimeError: Failed historical download for DEVYANI.NS (2021-01-01 -> 2026-09-06): No historical daily data returned for DEVYANI.NS between 2021-01-01 and 2026-09-06.,2026-09-05T20:13:45
NSE,TEJASNET,Tejas Networks Limited,TEJASNET.NS,5109129.85,2021-01-01,2026-09-06,0,,,ERROR,RuntimeError: Failed historical download for TEJASNET.NS (2021-01-01 -> 2026-09-06): No historical daily data returned for TEJASNET.NS between 2021-01-01 and 2026-09-06.,2026-09-05T20:13:48
NSE,CORDELIA,Waterways Leisure Tourism Limited,CORDELIA.NS,5082181.5,2021-01-01,2026-09-06,0,,,ERROR,RuntimeError: Failed historical download for CORDELIA.NS (2021-01-01 -> 2026-09-06): No historical daily data returned for CORDELIA.NS between 2021-01-01 and 2026-09-06.,2026-09-05T20:13:50
NSE,IOLCP,IOL Chemicals and Pharmaceuticals Limited,IOLCP.NS,5074319.55,2021-01-01,2026-09-06,0,,,ERROR,RuntimeError: Failed historical download for IOLCP.NS (2021-01-01 -> 2026-09-06): No historical daily data returned for IOLCP.NS between 2021-01-01 and 2026-09-06.,2026-09-07T11:17:33
NSE,BSE,BSE Limited,BSE.NS,5041619.35,2021-01-01,2026-09-06,0,,,ERROR,RuntimeError: Failed historical download for BSE.NS (2021-01-01 -> 2026-09-06): No historical daily data returned for BSE.NS between 2021-01-01 and 2026-09-06.,2026-09-07T11:17:37
NSE,ATHERENERG,Ather Energy Limited,ATHERENERG.NS,4998667.95,2021-01-01,2026-09-06,0,,,ERROR,RuntimeError: Failed historical download for ATHERENERG.NS (2021-01-01 -> 2026-09-06): No historical daily data returned for ATHERENERG.NS between 2021-01-01 and 2026-09-06.,2026-09-07T11:17:40
NSE,PAYTM,One 97 Communications Limited,PAYTM.NS,4873502.1,2021-01-01,2026-09-06,0,,,ERROR,RuntimeError: Failed historical download for PAYTM.NS (2021-01-01 -> 2026-09-06): No historical daily data returned for PAYTM.NS between 2021-01-01 and 2026-09-06.,2026-09-07T11:17:43
NSE,SHADOWFAX,Shadowfax Technologies Limited,SHADOWFAX.NS,4856811.1,2021-01-01,2026-09-06,0,,,ERROR,RuntimeError: Failed historical download for SHADOWFAX.NS (2021-01-01 -> 2026-09-06): No historical daily data returned for SHADOWFAX.NS between 2021-01-01 and 2026-09-06.,2026-09-07T11:17:46
NSE,BAJFINANCE,Bajaj Finance Limited,BAJFINANCE.NS,4829751.15,2021-01-01,2026-09-06,0,,,ERROR,RuntimeError: Failed historical download for BAJFINANCE.NS (2021-01-01 -> 2026-09-06): No historical daily data returned for BAJFINANCE.NS between 2021-01-01 and 2026-09-06.,2026-09-07T11:17:48
NSE,FEDERALBNK,The Federal Bank  Limited,FEDERALBNK.NS,4799062.3,2021-01-01,2026-09-06,0,,,ERROR,RuntimeError: Failed historical download for FEDERALBNK.NS (2021-01-01 -> 2026-09-06): No historical daily data returned for FEDERALBNK.NS between 2021-01-01 and 2026-09-06.,2026-09-07T11:17:51
NSE,AXISBANK,Axis Bank Limited,AXISBANK.NS,4789336.45,2021-01-01,2026-09-06,0,,,ERROR,RuntimeError: Failed historical download for AXISBANK.NS (2021-01-01 -> 2026-09-06): No historical daily data returned for AXISBANK.NS between 2021-01-01 and 2026-09-06.,2026-09-07T11:17:54
NSE,LTF,L&T Finance Limited,LTF.NS,4674753.9,2021-01-01,2026-09-06,0,,,ERROR,RuntimeError: Failed historical download for LTF.NS (2021-01-01 -> 2026-09-06): No historical daily data returned for LTF.NS between 2021-01-01 and 2026-09-06.,2026-09-07T11:17:56
NSE,NYKAA,FSN E-Commerce Ventures Limited,NYKAA.NS,4641148.15,2021-01-01,2026-09-06,0,,,ERROR,RuntimeError: Failed historical download for NYKAA.NS (2021-01-01 -> 2026-09-06): No historical daily data returned for NYKAA.NS between 2021-01-01 and 2026-09-06.,2026-09-07T11:17:58
NSE,ADANIENSOL,Adani Energy Solutions Limited,ADANIENSOL.NS,4617441.0,2021-01-01,2026-09-06,0,,,ERROR,RuntimeError: Failed historical download for ADANIENSOL.NS (2021-01-01 -> 2026-09-06): No historical daily data returned for ADANIENSOL.NS between 2021-01-01 and 2026-09-06.,2026-09-07T11:18:00
NSE,RAIN,Rain Industries Limited,RAIN.NS,4568127.45,2021-01-01,2026-09-06,1407,2021-01-01,2026-09-04,PASS,,2026-09-07T11:18:03
NSE,BELRISE,Belrise Industries Limited,BELRISE.NS,4567775.1,2021-01-01,2026-09-06,321,2025-05-28,2026-09-04,INSUFFICIENT_HISTORY,,2026-09-07T11:18:05
NSE,HTEL,Hy-Tech Engineers Limited,HTEL.NS,4554923.5,2021-01-01,2026-09-06,4,2026-09-01,2026-09-04,INSUFFICIENT_HISTORY,,2026-09-07T11:18:06
NSE,MUNJALAU,Munjal Auto Industries Limited,MUNJALAU.NS,4440460.6,2021-01-01,2026-09-06,1406,2021-01-01,2026-09-04,PASS,,2026-09-07T11:18:06
NSE,MVELECTRO,MV Electrosystems Limited,MVELECTRO.NS,4377448.0,2021-01-01,2026-09-06,22,2026-08-06,2026-09-04,INSUFFICIENT_HISTORY,,2026-09-07T11:18:07
NSE,APOLLO,Apollo Micro Systems Limited,APOLLO.NS,4343780.1,2021-01-01,2026-09-06,1407,2021-01-01,2026-09-04,PASS,,2026-09-07T11:18:07
NSE,CONFIPET,Confidence Petroleum India Limited,CONFIPET.NS,4214351.3,2021-01-01,2026-09-06,1407,2021-01-01,2026-09-04,PASS,,2026-09-07T11:18:08
NSE,TENNIND,Tenneco Clean Air India Limited,TENNIND.NS,4201971.75,2021-01-01,2026-09-06,201,2025-11-19,2026-09-04,INSUFFICIENT_HISTORY,,2026-09-07T11:18:08
NSE,IREDA,Indian Renewable Energy Development Agency Limited,IREDA.NS,4127891.1,2021-01-01,2026-09-06,688,2023-11-29,2026-09-04,PASS,,2026-09-07T11:18:08
NSE,TBZ,Tribhovandas Bhimji Zaveri Limited,TBZ.NS,4089697.7,2021-01-01,2026-09-06,1407,2021-01-01,2026-09-04,PASS,,2026-09-07T11:18:10
NSE,PPLPHARMA,Piramal Pharma Limited,PPLPHARMA.NS,4011175.45,2021-01-01,2026-09-06,962,2022-10-19,2026-09-04,PASS,,2026-09-07T11:18:10
NSE,RVNL,Rail Vikas Nigam Limited,RVNL.NS,4008284.5,2021-01-01,2026-09-06,1407,2021-01-01,2026-09-04,PASS,,2026-09-07T11:18:11
NSE,HINDALCO,Hindalco Industries Limited,HINDALCO.NS,4004628.2,2021-01-01,2026-09-06,1407,2021-01-01,2026-09-04,PASS,,2026-09-07T11:18:12
NSE,CROMPTON,Crompton Greaves Consumer Electricals Limited,CROMPTON.NS,3982584.75,2021-01-01,2026-09-06,1407,2021-01-01,2026-09-04,PASS,,2026-09-07T11:18:12
NSE,ORIENTHOT,Oriental Hotels Limited,ORIENTHOT.NS,3869271.15,2021-01-01,2026-09-06,1407,2021-01-01,2026-09-04,PASS,,2026-09-07T11:18:12
NSE,TECHNOCRAF,Technocraft Ventures Limited,TECHNOCRAF.NS,3844917.6,2021-01-01,2026-09-06,16,2026-08-14,2026-09-04,INSUFFICIENT_HISTORY,,2026-09-07T11:18:13
NSE,JTLIND,JTL INDUSTRIES LIMITED,JTLIND.NS,3806319.3,2021-01-01,2026-09-06,1165,2021-12-23,2026-09-04,PASS,,2026-09-07T11:18:13
NSE,MMTC,MMTC Limited,MMTC.NS,3792384.2,2021-01-01,2026-09-06,1407,2021-01-01,2026-09-04,PASS,,2026-09-07T11:18:14
NSE,PVP,PVP Ventures Limited,PVP.NS,3729196.4,2021-01-01,2026-09-06,1406,2021-01-01,2026-09-04,PASS,,2026-09-07T11:18:14
NSE,FMGOETZE,Federal-Mogul Goetze (India) Limited.,FMGOETZE.NS,3699285.6,2021-01-01,2026-09-06,1405,2021-01-01,2026-09-04,PASS,,2026-09-07T11:18:15
NSE,SHRIRAMFIN,Shriram Finance Limited,SHRIRAMFIN.NS,3697901.75,2021-01-01,2026-09-06,1407,2021-01-01,2026-09-04,PASS,,2026-09-07T11:18:15
NSE,LLOYDSENT,Lloyds Enterprises Limited,LLOYDSENT.NS,3687434.2,2021-01-01,2026-09-06,470,2024-10-17,2026-09-04,PASS,,2026-09-07T11:18:16
NSE,BLS,BLS International Services Limited,BLS.NS,3668323.35,2021-01-01,2026-09-06,1407,2021-01-01,2026-09-04,PASS,,2026-09-07T11:18:17
NSE,RGL,Renaissance Global Limited,RGL.NS,3666011.9,2021-01-01,2026-09-06,1407,2021-01-01,2026-09-04,PASS,,2026-09-07T11:18:17
NSE,MOLBIO,Molbio Diagnostics Limited,MOLBIO.NS,3590684.0,2021-01-01,2026-09-06,15,2026-08-17,2026-09-04,INSUFFICIENT_HISTORY,,2026-09-07T11:18:18
NSE,MARSONS,Marsons Limited,MARSONS.NS,3564062.65,2021-01-01,2026-09-06,122,2026-03-13,2026-09-04,INSUFFICIENT_HISTORY,,2026-09-07T11:18:18
NSE,VINCOFE,Vintage Coffee And Beverages Limited,VINCOFE.NS,3502829.8,2021-01-01,2026-09-06,470,2024-10-18,2026-09-04,PASS,,2026-09-07T11:18:19
NSE,LAURUSLABS,Laurus Labs Limited,LAURUSLABS.NS,3480904.2,2021-01-01,2026-09-06,1407,2021-01-01,2026-09-04,PASS,,2026-09-07T11:18:19
NSE,SBICARD,SBI Cards and Payment Services Limited,SBICARD.NS,3408982.4,2021-01-01,2026-09-06,1407,2021-01-01,2026-09-04,PASS,,2026-09-07T11:18:19
NSE,AWL,AWL Agri Business Limited,AWL.NS,3389139.4,2021-01-01,2026-09-06,1134,2022-02-08,2026-09-04,PASS,,2026-09-07T11:18:20
BSE,LENSKART,Lenskart Solutions,LENSKART.BO,3371126.1,2021-01-01,2026-09-06,206,2025-11-10,2026-09-04,INSUFFICIENT_HISTORY,,2026-09-07T11:18:20
NSE,BODALCHEM,Bodal Chemicals Limited,BODALCHEM.NS,3350819.45,2021-01-01,2026-09-06,1406,2021-01-01,2026-09-04,PASS,,2026-09-07T11:18:21
NSE,LICHSGFIN,LIC Housing Finance Limited,LICHSGFIN.NS,3269044.95,2021-01-01,2026-09-06,1407,2021-01-01,2026-09-04,PASS,,2026-09-07T11:18:21
NSE,TDPOWERSYS,TD Power Systems Limited,TDPOWERSYS.NS,3267852.45,2021-01-01,2026-09-06,1407,2021-01-01,2026-09-04,PASS,,2026-09-07T11:18:22
NSE,TVSSCS,TVS Supply Chain Solutions Limited,TVSSCS.NS,3266976.45,2021-01-01,2026-09-06,752,2023-08-23,2026-09-04,PASS,,2026-09-07T11:18:22
NSE,IMAGICAA,Imagicaaworld Entertainment Limited,IMAGICAA.NS,3260473.2,2021-01-01,2026-09-06,1406,2021-01-01,2026-09-04,PASS,,2026-09-07T11:18:23
NSE,SBFC,SBFC Finance Limited,SBFC.NS,3254949.25,2021-01-01,2026-09-06,757,2023-08-16,2026-09-04,PASS,,2026-09-07T11:18:23
NSE,GENUSPOWER,Genus Power Infrastructures Limited,GENUSPOWER.NS,3242842.4,2021-01-01,2026-09-06,1407,2021-01-01,2026-09-04,PASS,,2026-09-07T11:18:24
NSE,HAPPSTMNDS,Happiest Minds Technologies Limited,HAPPSTMNDS.NS,3234453.15,2021-01-01,2026-09-06,1407,2021-01-01,2026-09-04,PASS,,2026-09-07T11:18:25
NSE,TIMETECHNO,Time Technoplast Limited,TIMETECHNO.NS,3213181.85,2021-01-01,2026-09-06,1407,2021-01-01,2026-09-04,PASS,,2026-09-07T11:18:26
NSE,DCBBANK,DCB Bank Limited,DCBBANK.NS,3181753.4,2021-01-01,2026-09-06,1407,2021-01-01,2026-09-04,PASS,,2026-09-07T11:18:26
NSE,EMBDL,Embassy Developments Limited,EMBDL.NS,3179542.45,2021-01-01,2026-09-06,1407,2021-01-01,2026-09-04,PASS,,2026-09-07T11:18:27
NSE,BALUFORGE,Balu Forge Industries Limited,BALUFORGE.NS,3176802.75,2021-01-01,2026-09-06,588,2024-04-29,2026-09-04,PASS,,2026-09-07T11:18:27
NSE,ABCAPITAL,Aditya Birla Capital Limited,ABCAPITAL.NS,3145167.2,2021-01-01,2026-09-06,1407,2021-01-01,2026-09-04,PASS,,2026-09-07T11:18:28
NSE,RBLBANK,RBL Bank Limited,RBLBANK.NS,3121895.85,2021-01-01,2026-09-06,1407,2021-01-01,2026-09-04,PASS,,2026-09-07T11:18:28
BSE,CUPID,Cupid,CUPID.BO,3115844.7,2021-01-01,2026-09-06,1406,2021-01-01,2026-09-04,PASS,,2026-09-07T11:18:29
NSE,LEMONTREE,Lemon Tree Hotels Limited,LEMONTREE.NS,3096799.8,2021-01-01,2026-09-06,1407,2021-01-01,2026-09-04,PASS,,2026-09-07T11:18:29
NSE,JINDALSAW,Jindal Saw Limited,JINDALSAW.NS,3073340.2,2021-01-01,2026-09-06,1407,2021-01-01,2026-09-04,PASS,,2026-09-07T11:18:30
NSE,PATANJALI,Patanjali Foods Limited,PATANJALI.NS,2999804.95,2021-01-01,2026-09-06,1407,2021-01-01,2026-09-04,PASS,,2026-09-07T11:18:30
NSE,FILATEX,Filatex India Limited,FILATEX.NS,2973150.0,2021-01-01,2026-09-06,1406,2021-01-01,2026-09-04,PASS,,2026-09-07T11:18:31
NSE,YATRA,Yatra Online Limited,YATRA.NS,2942214.95,2021-01-01,2026-09-06,728,2023-09-28,2026-09-04,PASS,,2026-09-07T11:18:32
NSE,MOL,Meghmani Organics Limited,MOL.NS,2940902.65,2021-01-01,2026-09-06,1252,2021-08-18,2026-09-04,PASS,,2026-09-07T11:18:32
NSE,ANNU,Annu Projects Limited,ANNU.NS,2937666.0,2021-01-01,2026-09-06,3,2026-09-02,2026-09-04,INSUFFICIENT_HISTORY,,2026-09-07T11:18:33
NSE,OIL,Oil India Limited,OIL.NS,2912653.1,2021-01-01,2026-09-06,1407,2021-01-01,2026-09-04,PASS,,2026-09-07T11:18:33
NSE,GODREJCP,Godrej Consumer Products Limited,GODREJCP.NS,2911768.85,2021-01-01,2026-09-06,1407,2021-01-01,2026-09-04,PASS,,2026-09-07T11:18:34
NSE,WELCORP,Welspun Corp Limited,WELCORP.NS,2902390.5,2021-01-01,2026-09-06,1407,2021-01-01,2026-09-04,PASS,,2026-09-07T11:18:34
NSE,AGARWALEYE,Dr. Agarwal's Health Care Limited,AGARWALEYE.NS,2896305.45,2021-01-01,2026-09-06,393,2025-02-04,2026-09-04,INSUFFICIENT_HISTORY,,2026-09-07T11:18:35
NSE,DLF,DLF Limited,DLF.NS,2888817.05,2021-01-01,2026-09-06,1407,2021-01-01,2026-09-04,PASS,,2026-09-07T11:18:35
NSE,TNPETRO,Tamilnadu PetroProducts Limited,TNPETRO.NS,2868556.5,2021-01-01,2026-09-06,1407,2021-01-01,2026-09-04,PASS,,2026-09-07T11:18:36
NSE,SHANTIGOLD,Shanti Gold International Limited,SHANTIGOLD.NS,2858530.85,2021-01-01,2026-09-06,274,2025-08-01,2026-09-04,INSUFFICIENT_HISTORY,,2026-09-07T11:18:36
NSE,MCX,Multi Commodity Exchange of India Limited,MCX.NS,2857688.75,2021-01-01,2026-09-06,1407,2021-01-01,2026-09-04,PASS,,2026-09-07T11:18:37
NSE,GPPL,Gujarat Pipavav Port Limited,GPPL.NS,2854402.65,2021-01-01,2026-09-06,1407,2021-01-01,2026-09-04,PASS,,2026-09-07T11:18:37
NSE,KTKBANK,The Karnataka Bank Limited,KTKBANK.NS,2849868.45,2021-01-01,2026-09-06,1407,2021-01-01,2026-09-04,PASS,,2026-09-07T11:18:38
NSE,JNPR,Juniper Green Energy Limited,JNPR.NS,2844547.45,2021-01-01,2026-09-06,22,2026-08-06,2026-09-04,INSUFFICIENT_HISTORY,,2026-09-07T11:18:38
NSE,AEQUS,Aequs Limited,AEQUS.NS,2831910.4,2021-01-01,2026-09-06,186,2025-12-10,2026-09-04,INSUFFICIENT_HISTORY,,2026-09-07T11:18:39
NSE,MANINFRA,Man Infraconstruction Limited,MANINFRA.NS,2820908.55,2021-01-01,2026-09-06,1406,2021-01-01,2026-09-04,PASS,,2026-09-07T11:18:39
NSE,TURTLEMINT,Turtlemint Fintech Solutions Limited,TURTLEMINT.NS,2802775.9,2021-01-01,2026-09-06,50,2026-06-29,2026-09-04,INSUFFICIENT_HISTORY,,2026-09-07T11:18:40
NSE,DELHIVERY,Delhivery Limited,DELHIVERY.NS,2786790.1,2021-01-01,2026-09-06,1064,2022-05-24,2026-09-04,PASS,,2026-09-07T11:18:40
NSE,ANANTRAJ,Anant Raj Limited,ANANTRAJ.NS,2785048.1,2021-01-01,2026-09-06,1407,2021-01-01,2026-09-04,PASS,,2026-09-07T11:18:41
NSE,NCC,NCC Limited,NCC.NS,2781966.7,2021-01-01,2026-09-06,1407,2021-01-01,2026-09-04,PASS,,2026-09-07T11:18:41
NSE,INDOMIM,INDO-MIM Limited,INDOMIM.NS,2737734.35,2021-01-01,2026-09-06,27,2026-07-30,2026-09-04,INSUFFICIENT_HISTORY,,2026-09-07T11:18:42
NSE,IIFL,IIFL Finance Limited,IIFL.NS,2731141.4,2021-01-01,2026-09-06,1407,2021-01-01,2026-09-04,PASS,,2026-09-07T11:18:42
NSE,IEX,Indian Energy Exchange Limited,IEX.NS,2729827.0,2021-01-01,2026-09-06,1407,2021-01-01,2026-09-04,PASS,,2026-09-07T11:18:42
NSE,JMFINANCIL,JM Financial Limited,JMFINANCIL.NS,2726095.7,2021-01-01,2026-09-06,1407,2021-01-01,2026-09-04,PASS,,2026-09-07T11:18:43
NSE,JUBLFOOD,Jubilant Foodworks Limited,JUBLFOOD.NS,2707406.35,2021-01-01,2026-09-06,1407,2021-01-01,2026-09-04,PASS,,2026-09-07T11:18:43
NSE,THOMASCOOK,Thomas Cook  (India)  Limited,THOMASCOOK.NS,2691542.85,2021-01-01,2026-09-06,1407,2021-01-01,2026-09-04,PASS,,2026-09-07T11:18:44
NSE,ALEMBICLTD,Alembic Limited,ALEMBICLTD.NS,2689381.3,2021-01-01,2026-09-06,1407,2021-01-01,2026-09-04,PASS,,2026-09-07T11:18:44
NSE,LTFOODS,LT Foods Limited,LTFOODS.NS,2679864.2,2021-01-01,2026-09-06,1407,2021-01-01,2026-09-04,PASS,,2026-09-07T11:18:45
NSE,RAMBHAJO,Advit Jewels Limited,RAMBHAJO.NS,2661299.6,2021-01-01,2026-09-06,48,2026-07-01,2026-09-04,INSUFFICIENT_HISTORY,,2026-09-07T11:18:45
NSE,IGL,Indraprastha Gas Limited,IGL.NS,2637875.4,2021-01-01,2026-09-06,1407,2021-01-01,2026-09-04,PASS,,2026-09-07T11:18:46
NSE,CUB,City Union Bank Limited,CUB.NS,2634872.4,2021-01-01,2026-09-06,1407,2021-01-01,2026-09-04,PASS,,2026-09-07T11:18:46
NSE,HDFCLIFE,HDFC Life Insurance Company Limited,HDFCLIFE.NS,2634734.55,2021-01-01,2026-09-06,1407,2021-01-01,2026-09-04,PASS,,2026-09-07T11:18:47
NSE,WEBELSOLAR,Websol Energy System Limited,WEBELSOLAR.NS,2626490.3,2021-01-01,2026-09-06,1407,2021-01-01,2026-09-04,PASS,,2026-09-07T11:18:47
NSE,ELECTCAST,Electrosteel Castings Limited,ELECTCAST.NS,2588382.95,2021-01-01,2026-09-06,1407,2021-01-01,2026-09-04,PASS,,2026-09-07T11:18:48
NSE,NORTHARC,Northern Arc Capital Limited,NORTHARC.NS,2566109.45,2021-01-01,2026-09-06,487,2024-09-24,2026-09-04,PASS,,2026-09-07T11:18:49
NSE,TCS,Tata Consultancy Services Limited,TCS.NS,2565782.5,2021-01-01,2026-09-06,1407,2021-01-01,2026-09-04,PASS,,2026-09-07T11:18:49
NSE,BIOCON,Biocon Limited,BIOCON.NS,2555940.95,2021-01-01,2026-09-06,1407,2021-01-01,2026-09-04,PASS,,2026-09-07T11:18:49
NSE,EXIDEIND,Exide Industries Limited,EXIDEIND.NS,2511741.65,2021-01-01,2026-09-06,1407,2021-01-01,2026-09-04,PASS,,2026-09-07T11:18:50
BSE,COALINDIA,Coal India,COALINDIA.BO,2511570.3,2021-01-01,2026-09-06,1403,2021-01-01,2026-09-04,PASS,,2026-09-07T11:18:50
NSE,CHENNPETRO,Chennai Petroleum Corporation Limited,CHENNPETRO.NS,2498705.2,2021-01-01,2026-09-06,1407,2021-01-01,2026-09-04,PASS,,2026-09-07T11:18:51
NSE,HINDOILEXP,Hindustan Oil Exploration Company Limited,HINDOILEXP.NS,2472443.7,2021-01-01,2026-09-06,1407,2021-01-01,2026-09-04,PASS,,2026-09-07T11:18:51
NSE,GUJENERGY,GUJARAT ENERGY LIMITED,GUJENERGY.NS,2467227.65,2021-01-01,2026-09-06,1406,2021-01-01,2026-09-04,PASS,,2026-09-07T11:18:52
NSE,BAJAJHFL,Bajaj Housing Finance Limited,BAJAJHFL.NS,2427080.45,2021-01-01,2026-09-06,493,2024-09-16,2026-09-04,PASS,,2026-09-07T11:18:52
NSE,JSWINFRA,JSW Infrastructure Limited,JSWINFRA.NS,2414924.45,2021-01-01,2026-09-06,726,2023-10-03,2026-09-04,PASS,,2026-09-07T11:18:53
NSE,ADANIPORTS,Adani Ports and Special Economic Zone Limited,ADANIPORTS.NS,2339322.2,2021-01-01,2026-09-06,1407,2021-01-01,2026-09-04,PASS,,2026-09-07T11:18:53
NSE,AMBUJACEM,Ambuja Cements Limited,AMBUJACEM.NS,2303937.7,2021-01-01,2026-09-06,1407,2021-01-01,2026-09-04,PASS,,2026-09-07T11:18:54
NSE,RADHIKAJWE,Radhika Jeweltech Limited,RADHIKAJWE.NS,2289828.05,2021-01-01,2026-09-06,1023,2022-07-18,2026-09-04,PASS,,2026-09-07T11:18:54
NSE,SCI,Shipping Corporation Of India Limited,SCI.NS,2249545.2,2021-01-01,2026-09-06,1407,2021-01-01,2026-09-04,PASS,,2026-09-07T11:18:55
NSE,BECTORFOOD,Mrs. Bectors Food Specialities Limited,BECTORFOOD.NS,2242588.2,2021-01-01,2026-09-06,1407,2021-01-01,2026-09-04,PASS,,2026-09-07T11:18:56
NSE,FINCABLES,Finolex Cables Limited,FINCABLES.NS,2229625.5,2021-01-01,2026-09-06,1407,2021-01-01,2026-09-04,PASS,,2026-09-07T11:18:56
NSE,INDSWFTLAB,Ind-Swift Laboratories Limited,INDSWFTLAB.NS,2227898.55,2021-01-01,2026-09-06,1406,2021-01-01,2026-09-04,PASS,,2026-09-07T11:18:57
NSE,QUADFUTURE,Quadrant Future Tek Limited,QUADFUTURE.NS,2203394.1,2021-01-01,2026-09-06,411,2025-01-14,2026-09-04,PASS,,2026-09-07T11:18:57
NSE,JAMNAAUTO,Jamna Auto Industries Limited,JAMNAAUTO.NS,2198193.95,2021-01-01,2026-09-06,1407,2021-01-01,2026-09-04,PASS,,2026-09-07T11:18:58
NSE,TECHM,Tech Mahindra Limited,TECHM.NS,2194233.1,2021-01-01,2026-09-06,1407,2021-01-01,2026-09-04,PASS,,2026-09-07T11:18:58
NSE,SSWL,Steel Strips Wheels Limited,SSWL.NS,2177852.75,2021-01-01,2026-09-06,1406,2021-01-01,2026-09-04,PASS,,2026-09-07T11:18:59
NSE,HONASA,Honasa Consumer Limited,HONASA.NS,2155456.25,2021-01-01,2026-09-06,701,2023-11-07,2026-09-04,PASS,,2026-09-07T11:18:59
NSE,CASTROLIND,Castrol India Limited,CASTROLIND.NS,2143054.45,2021-01-01,2026-09-06,1407,2021-01-01,2026-09-04,PASS,,2026-09-07T11:19:00
NSE,PARACABLES,Paramount Communications Limited,PARACABLES.NS,2142204.85,2021-01-01,2026-09-06,1407,2021-01-01,2026-09-04,PASS,,2026-09-07T11:19:00
NSE,RESPONIND,Responsive Industries Limited,RESPONIND.NS,2140553.35,2021-01-01,2026-09-06,1405,2021-01-01,2026-09-04,PASS,,2026-09-07T11:19:01
NSE,J&KBANK,The Jammu & Kashmir Bank Limited,J&KBANK.NS,2134940.6,2021-01-01,2026-09-06,1407,2021-01-01,2026-09-04,PASS,,2026-09-07T11:19:01
NSE,ACMESOLAR,Acme Solar Holdings Limited,ACMESOLAR.NS,2133653.4,2021-01-01,2026-09-06,452,2024-11-13,2026-09-04,PASS,,2026-09-07T11:19:02
NSE,ICIL,Indo Count Industries Limited,ICIL.NS,2130799.9,2021-01-01,2026-09-06,1407,2021-01-01,2026-09-04,PASS,,2026-09-07T11:19:02
NSE,CGPOWER,CG Power and Industrial Solutions Limited,CGPOWER.NS,2125635.6,2021-01-01,2026-09-06,1407,2021-01-01,2026-09-04,PASS,,2026-09-07T11:19:02
NSE,TEMBO,Tembo Global Industries Limited,TEMBO.NS,2103637.8,2021-01-01,2026-09-06,1407,2021-01-01,2026-09-04,PASS,,2026-09-07T11:19:03
NSE,M&MFIN,Mahindra & Mahindra Financial Services Limited,M&MFIN.NS,2083308.65,2021-01-01,2026-09-06,1407,2021-01-01,2026-09-04,PASS,,2026-09-07T11:19:03
NSE,FIRSTCRY,Brainbees Solutions Limited,FIRSTCRY.NS,2078820.65,2021-01-01,2026-09-06,516,2024-08-13,2026-09-04,PASS,,2026-09-07T11:19:04
NSE,PETRONET,Petronet LNG Limited,PETRONET.NS,2077424.95,2021-01-01,2026-09-06,1407,2021-01-01,2026-09-04,PASS,,2026-09-07T11:19:05
NSE,NETWEB,Netweb Technologies India Limited,NETWEB.NS,2067583.45,2021-01-01,2026-09-06,771,2023-07-27,2026-09-04,PASS,,2026-09-07T11:19:05
NSE,MOSCHIP,Moschip Technologies Limited,MOSCHIP.NS,2066885.3,2021-01-01,2026-09-06,394,2025-02-05,2026-09-04,INSUFFICIENT_HISTORY,,2026-09-07T11:19:06
NSE,COFORGE,Coforge Limited,COFORGE.NS,2058313.75,2021-01-01,2026-09-06,1407,2021-01-01,2026-09-04,PASS,,2026-09-07T11:19:06
BSE,TATASTEEL,Tata Steel,500470.BO,2051222.0,2021-01-01,2026-09-06,1365,2021-01-04,2026-07-17,PASS,,2026-09-07T11:19:07
NSE,MANIPALHOS,Manipal Health Enterprises Limited,MANIPALHOS.NS,2046744.9,2021-01-01,2026-09-06,23,2026-08-05,2026-09-04,INSUFFICIENT_HISTORY,,2026-09-07T11:19:07
NSE,RCF,Rashtriya Chemicals and Fertilizers Limited,RCF.NS,2026799.5,2021-01-01,2026-09-06,1407,2021-01-01,2026-09-04,PASS,,2026-09-07T11:19:08
NSE,SAPPHIRE,Sapphire Foods India Limited,SAPPHIRE.NS,2009493.75,2021-01-01,2026-09-06,1190,2021-11-18,2026-09-04,PASS,,2026-09-07T11:19:08
NSE,JSWENERGY,JSW Energy Limited,JSWENERGY.NS,2001300.65,2021-01-01,2026-09-06,1407,2021-01-01,2026-09-04,PASS,,2026-09-07T11:19:08
NSE,GPIL,Godawari Power And Ispat limited,GPIL.NS,1997882.0,2021-01-01,2026-09-06,1407,2021-01-01,2026-09-04,PASS,,2026-09-07T11:19:09
NSE,MAXHEALTH,Max Healthcare Institute Limited,MAXHEALTH.NS,1977495.7,2021-01-01,2026-09-06,1407,2021-01-01,2026-09-04,PASS,,2026-09-07T11:19:09
NSE,PTC,PTC India Limited,PTC.NS,1976479.05,2021-01-01,2026-09-06,1407,2021-01-01,2026-09-04,PASS,,2026-09-07T11:19:10
NSE,ARIS,Arisinfra Solutions Limited,ARIS.NS,1975762.25,2021-01-01,2026-09-06,301,2025-06-25,2026-09-04,INSUFFICIENT_HISTORY,,2026-09-07T11:19:10
NSE,UPL,UPL Limited,UPL.NS,1967681.0,2021-01-01,2026-09-06,1407,2021-01-01,2026-09-04,PASS,,2026-09-07T11:19:11
NSE,NAUKRI,Info Edge (India) Limited,NAUKRI.NS,1966278.25,2021-01-01,2026-09-06,1407,2021-01-01,2026-09-04,PASS,,2026-09-07T11:19:11
NSE,PRIORITY,Priority Jewels Limited,PRIORITY.NS,1959092.0,2021-01-01,2026-09-06,1,2026-09-04,2026-09-04,INSUFFICIENT_HISTORY,,2026-09-07T11:19:11
NSE,FACT,Fertilizers and Chemicals Travancore Limited,FACT.NS,1942575.8,2021-01-01,2026-09-06,1407,2021-01-01,2026-09-04,PASS,,2026-09-07T11:19:12
NSE,AYE,Aye Finance Limited,AYE.NS,1936052.6,2021-01-01,2026-09-06,140,2026-02-16,2026-09-04,INSUFFICIENT_HISTORY,,2026-09-07T11:19:12
NSE,BDL,Bharat Dynamics Limited,BDL.NS,1919437.4,2021-01-01,2026-09-06,1407,2021-01-01,2026-09-04,PASS,,2026-09-07T11:19:13
BSE,MEESHO,Meesho,MEESHO.BO,1911345.95,2021-01-01,2026-09-06,184,2025-12-10,2026-09-04,INSUFFICIENT_HISTORY,,2026-09-07T11:19:13
NSE,ADANIENT,Adani Enterprises Limited,ADANIENT.NS,1898249.6,2021-01-01,2026-09-06,1407,2021-01-01,2026-09-04,PASS,,2026-09-07T11:19:14
BSE,VMM,Vishal Mega Mart,VMM.BO,1894650.55,2021-01-01,2026-09-06,426,2024-12-18,2026-09-04,PASS,,2026-09-07T11:19:14
NSE,TARIL,Transformers And Rectifiers (India) Limited,TARIL.NS,1894518.5,2021-01-01,2026-09-06,1407,2021-01-01,2026-09-04,PASS,,2026-09-07T11:19:14
NSE,KRONOX,Kronox Lab Sciences Limited,KRONOX.NS,1888319.3,2021-01-01,2026-09-06,559,2024-06-10,2026-09-04,PASS,,2026-09-07T11:19:15
NSE,LASERPOWER,Laser Power & Infra Limited,LASERPOWER.NS,1886948.45,2021-01-01,2026-09-06,37,2026-07-16,2026-09-04,INSUFFICIENT_HISTORY,,2026-09-07T11:19:15
NSE,HUDCO,Housing & Urban Development Corporation Limited,HUDCO.NS,1882546.35,2021-01-01,2026-09-06,1407,2021-01-01,2026-09-04,PASS,,2026-09-07T11:19:16
NSE,M&M,Mahindra & Mahindra Limited,M&M.NS,1881998.55,2021-01-01,2026-09-06,1407,2021-01-01,2026-09-04,PASS,,2026-09-07T11:19:16
NSE,SBIFUNDS,SBI Funds Management Limited,SBIFUNDS.NS,1876661.6,2021-01-01,2026-09-06,34,2026-07-21,2026-09-04,INSUFFICIENT_HISTORY,,2026-09-07T11:19:17
NSE,NAZARA,Nazara Technologies Limited,NAZARA.NS,1873436.95,2021-01-01,2026-09-06,1348,2021-03-30,2026-09-04,PASS,,2026-09-07T11:19:17
NSE,NTPCGREEN,NTPC Green Energy Limited,NTPCGREEN.NS,1869465.15,2021-01-01,2026-09-06,444,2024-11-27,2026-09-04,PASS,,2026-09-07T11:19:18
NSE,HCLTECH,HCL Technologies Limited,HCLTECH.NS,1867886.3,2021-01-01,2026-09-06,1407,2021-01-01,2026-09-04,PASS,,2026-09-07T11:19:18
NSE,RBZJEWEL,RBZ Jewellers Limited,RBZJEWEL.NS,1865644.85,2021-01-01,2026-09-06,667,2023-12-27,2026-09-04,PASS,,2026-09-07T11:19:18
NSE,CESC,CESC Limited,CESC.NS,1854818.7,2021-01-01,2026-09-06,1407,2021-01-01,2026-09-04,PASS,,2026-09-07T11:19:19
NSE,TEXRAIL,Texmaco Rail & Engineering Limited,TEXRAIL.NS,1854388.25,2021-01-01,2026-09-06,1407,2021-01-01,2026-09-04,PASS,,2026-09-07T11:19:19
BSE,URBANCO,Urban Company,URBANCO.BO,1850691.05,2021-01-01,2026-09-06,241,2025-09-17,2026-09-04,INSUFFICIENT_HISTORY,,2026-09-07T11:19:20
NSE,SHUKRAPHAR,Shukra Pharmaceuticals Limited,SHUKRAPHAR.NS,1840364.3333333333,2021-01-01,2026-09-06,16,2026-08-14,2026-09-04,INSUFFICIENT_HISTORY,,2026-09-07T11:19:20
NSE,STYLEBAAZA,Baazar Style Retail Limited,STYLEBAAZA.NS,1836935.95,2021-01-01,2026-09-06,499,2024-09-06,2026-09-04,PASS,,2026-09-07T11:19:20
NSE,GENESYS,Genesys International Corporation Limited,GENESYS.NS,1833295.05,2021-01-01,2026-09-06,1407,2021-01-01,2026-09-04,PASS,,2026-09-07T11:19:21
NSE,NLCINDIA,NLC India Limited,NLCINDIA.NS,1829051.6,2021-01-01,2026-09-06,1407,2021-01-01,2026-09-04,PASS,,2026-09-07T11:19:21
NSE,WAKEFIT,Wakefit Innovations Limited,WAKEFIT.NS,1826168.85,2021-01-01,2026-09-06,182,2025-12-15,2026-09-04,INSUFFICIENT_HISTORY,,2026-09-07T11:19:22
NSE,RICOAUTO,Rico Auto Industries Limited,RICOAUTO.NS,1822213.7,2021-01-01,2026-09-06,1407,2021-01-01,2026-09-04,PASS,,2026-09-07T11:19:22
NSE,SONACOMS,Sona BLW Precision Forgings Limited,SONACOMS.NS,1811925.3,2021-01-01,2026-09-06,1290,2021-06-24,2026-09-04,PASS,,2026-09-07T11:19:23
NSE,DECNGOLD,Deccan Gold Mines Limited,DECNGOLD.NS,1802284.357142857,2021-01-01,2026-09-06,14,2026-08-18,2026-09-04,INSUFFICIENT_HISTORY,,2026-09-07T11:19:23
NSE,CAMLINFINE,Camlin Fine Sciences Limited,CAMLINFINE.NS,1798704.95,2021-01-01,2026-09-06,1406,2021-01-01,2026-09-04,PASS,,2026-09-07T11:19:24
NSE,PGEL,PG Electroplast Limited,PGEL.NS,1798061.1,2021-01-01,2026-09-06,1407,2021-01-01,2026-09-04,PASS,,2026-09-07T11:19:24
NSE,BLUESTONE,BlueStone Jewellery and Lifestyle Limited,BLUESTONE.NS,1796432.9,2021-01-01,2026-09-06,262,2025-08-19,2026-09-04,INSUFFICIENT_HISTORY,,2026-09-07T11:19:25
BSE,TENNIND,Tenneco Clean Air,TENNIND.BO,1784292.0,2021-01-01,2026-09-06,198,2025-11-20,2026-09-04,INSUFFICIENT_HISTORY,,2026-09-07T11:19:25
NSE,DHAMPURSUG,Dhampur Sugar Mills Limited,DHAMPURSUG.NS,1782414.8,2021-01-01,2026-09-06,1407,2021-01-01,2026-09-04,PASS,,2026-09-07T11:19:25
BSE,ZEEL,Zee Entertainment,ZEEL.BO,1780518.85,2021-01-01,2026-09-06,1403,2021-01-01,2026-09-04,PASS,,2026-09-07T11:19:26
NSE,WELSPLSOL,Welspun Specialty Solutions Limited,WELSPLSOL.NS,1777052.2142857143,2021-01-01,2026-09-06,14,2026-08-18,2026-09-04,INSUFFICIENT_HISTORY,,2026-09-07T11:19:26
NSE,ZYDUSLIFE,Zydus Lifesciences Limited,ZYDUSLIFE.NS,1776507.0,2021-01-01,2026-09-06,1407,2021-01-01,2026-09-04,PASS,,2026-09-07T11:19:27
NSE,HEG,HEG Limited,HEG.NS,1772196.55,2021-01-01,2026-09-06,1407,2021-01-01,2026-09-04,PASS,,2026-09-07T11:19:27
NSE,MIDHANI,Mishra Dhatu Nigam Limited,MIDHANI.NS,1761176.25,2021-01-01,2026-09-06,1407,2021-01-01,2026-09-04,PASS,,2026-09-07T11:19:28
NSE,CYIENT,Cyient Limited,CYIENT.NS,1750960.25,2021-01-01,2026-09-06,1407,2021-01-01,2026-09-04,PASS,,2026-09-07T11:19:28
NSE,NITCO,Nitco Limited,NITCO.NS,1748466.5,2021-01-01,2026-09-06,1406,2021-01-01,2026-09-04,PASS,,2026-09-07T11:19:29
NSE,ANDHRSUGAR,The Andhra Sugars Limited,ANDHRSUGAR.NS,1745469.9,2021-01-01,2026-09-06,1407,2021-01-01,2026-09-04,PASS,,2026-09-07T11:19:29
NSE,XTRANET,Xtranet Technologies Limited,XTRANET.NS,1745346.85,2021-01-01,2026-09-06,27,2026-07-30,2026-09-04,INSUFFICIENT_HISTORY,,2026-09-07T11:19:30
BSE,ETERNAL,Eternal,ETERNAL.BO,1744563.5,2021-01-01,2026-09-06,1266,2021-07-23,2026-09-04,PASS,,2026-09-07T11:19:30
NSE,EQUITASBNK,Equitas Small Finance Bank Limited,EQUITASBNK.NS,1740264.55,2021-01-01,2026-09-06,1407,2021-01-01,2026-09-04,PASS,,2026-09-07T11:19:31
NSE,KNRCON,KNR Constructions Limited,KNRCON.NS,1739870.25,2021-01-01,2026-09-06,1407,2021-01-01,2026-09-04,PASS,,2026-09-07T11:19:31
NSE,KPIGREEN,KPI Green Energy Limited,KPIGREEN.NS,1724370.4,2021-01-01,2026-09-06,1268,2021-07-27,2026-09-04,PASS,,2026-09-07T11:19:32
NSE,VIKRAN,Vikran Engineering Limited,VIKRAN.NS,1710971.25,2021-01-01,2026-09-06,253,2025-09-03,2026-09-04,INSUFFICIENT_HISTORY,,2026-09-07T11:19:32
NSE,KIRIINDUS,Kiri Industries Limited,KIRIINDUS.NS,1703959.45,2021-01-01,2026-09-06,1407,2021-01-01,2026-09-04,PASS,,2026-09-07T11:19:33
NSE,EMMVEE,Emmvee Photovoltaic Power Limited,EMMVEE.NS,1694280.85,2021-01-01,2026-09-06,202,2025-11-18,2026-09-04,INSUFFICIENT_HISTORY,,2026-09-07T11:19:33
NSE,ANTELOPUS,Antelopus Selan Energy Limited,ANTELOPUS.NS,1690221.8,2021-01-01,2026-09-06,1407,2021-01-01,2026-09-04,PASS,,2026-09-07T11:19:34
NSE,EXICOM,Exicom Tele-Systems Limited,EXICOM.NS,1662329.25,2021-01-01,2026-09-06,622,2024-03-05,2026-09-04,PASS,,2026-09-07T11:19:34
NSE,SHILPAMED,Shilpa Medicare Limited,SHILPAMED.NS,1653981.15,2021-01-01,2026-09-06,1407,2021-01-01,2026-09-04,PASS,,2026-09-07T11:19:34
NSE,ADANIGREEN,Adani Green Energy Limited,ADANIGREEN.NS,1651223.1,2021-01-01,2026-09-06,1407,2021-01-01,2026-09-04,PASS,,2026-09-07T11:19:35
NSE,JSWSTEEL,JSW Steel Limited,JSWSTEEL.NS,1651124.05,2021-01-01,2026-09-06,1407,2021-01-01,2026-09-04,PASS,,2026-09-07T11:19:35
NSE,CMPDI,Central Mine Planning & Design Institute Limited,CMPDI.NS,1628863.65,2021-01-01,2026-09-06,112,2026-03-30,2026-09-04,INSUFFICIENT_HISTORY,,2026-09-07T11:19:36
NSE,KARURVYSYA,Karur Vysya Bank Limited,KARURVYSYA.NS,1622643.1,2021-01-01,2026-09-06,1407,2021-01-01,2026-09-04,PASS,,2026-09-07T11:19:36
NSE,ASTRAL,Astral Limited,ASTRAL.NS,1604510.1,2021-01-01,2026-09-06,1407,2021-01-01,2026-09-04,PASS,,2026-09-07T11:19:37
NSE,BEPL,Bhansali Engineering Polymers Limited,BEPL.NS,1601789.15,2021-01-01,2026-09-06,1407,2021-01-01,2026-09-04,PASS,,2026-09-07T11:19:37
NSE,JYOTHYLAB,Jyothy Labs Limited,JYOTHYLAB.NS,1592405.05,2021-01-01,2026-09-06,1407,2021-01-01,2026-09-04,PASS,,2026-09-07T11:19:38
NSE,PARAS,Paras Defence and Space Technologies Limited,PARAS.NS,1591348.6,2021-01-01,2026-09-06,1222,2021-10-01,2026-09-04,PASS,,2026-09-07T11:19:38
NSE,HBLENGINE,HBL Engineering Limited,HBLENGINE.NS,1589842.9,2021-01-01,2026-09-06,1407,2021-01-01,2026-09-04,PASS,,2026-09-07T11:19:38
NSE,CONCOR,Container Corporation of India Limited,CONCOR.NS,1586667.8,2021-01-01,2026-09-06,1407,2021-01-01,2026-09-04,PASS,,2026-09-07T11:19:39
NSE,IRISDOREME,Iris Clothings Limited,IRISDOREME.NS,1575625.25,2021-01-01,2026-09-06,1405,2021-01-01,2026-09-04,PASS,,2026-09-07T11:19:39
NSE,AMAGI,Amagi Media Labs Limited,AMAGI.NS,1575323.75,2021-01-01,2026-09-06,157,2026-01-21,2026-09-04,INSUFFICIENT_HISTORY,,2026-09-07T11:19:40
NSE,NESTLEIND,Nestle India Limited,NESTLEIND.NS,1574951.3,2021-01-01,2026-09-06,1407,2021-01-01,2026-09-04,PASS,,2026-09-07T11:19:40
NSE,STLTECH,Sterlite Technologies Limited,STLTECH.NS,1553120.7,2021-01-01,2026-09-06,1407,2021-01-01,2026-09-04,PASS,,2026-09-07T11:19:41
BSE,PINELABS,Pine Labs,PINELABS.BO,1549473.2,2021-01-01,2026-09-06,202,2025-11-14,2026-09-04,INSUFFICIENT_HISTORY,,2026-09-07T11:19:41
NSE,SUNPHARMA,Sun Pharmaceutical Industries Limited,SUNPHARMA.NS,1540391.3,2021-01-01,2026-09-06,1407,2021-01-01,2026-09-04,PASS,,2026-09-07T11:19:42
NSE,DABUR,Dabur India Limited,DABUR.NS,1536096.0,2021-01-01,2026-09-06,1407,2021-01-01,2026-09-04,PASS,,2026-09-07T11:19:42
NSE,VTL,Vardhman Textiles Limited,VTL.NS,1535139.85,2021-01-01,2026-09-06,1407,2021-01-01,2026-09-04,PASS,,2026-09-07T11:19:43
NSE,INDHOTEL,The Indian Hotels Company Limited,INDHOTEL.NS,1530541.55,2021-01-01,2026-09-06,1407,2021-01-01,2026-09-04,PASS,,2026-09-07T11:19:43
NSE,DRREDDY,Dr. Reddy's Laboratories Limited,DRREDDY.NS,1521109.3,2021-01-01,2026-09-06,1407,2021-01-01,2026-09-04,PASS,,2026-09-07T11:19:44
BSE,PFC,Power Finance Corporation,PFC.BO,1520693.5,2021-01-01,2026-09-06,1403,2021-01-01,2026-09-04,PASS,,2026-09-07T11:19:44
NSE,MARICO,Marico Limited,MARICO.NS,1516260.0,2021-01-01,2026-09-06,1407,2021-01-01,2026-09-04,PASS,,2026-09-07T11:19:45
NSE,AEROFLEX,Aeroflex Industries Limited,AEROFLEX.NS,1515422.25,2021-01-01,2026-09-06,747,2023-08-31,2026-09-04,PASS,,2026-09-07T11:19:45
NSE,GMRP&UI,GMR Power and Urban Infra Limited,GMRP&UI.NS,1510254.15,2021-01-01,2026-09-06,1105,2022-03-23,2026-09-04,PASS,,2026-09-07T11:19:46
NSE,TRIVENI,Triveni Engineering & Industries Limited,TRIVENI.NS,1509279.8,2021-01-01,2026-09-06,1407,2021-01-01,2026-09-04,PASS,,2026-09-07T11:19:46
NSE,FORTIS,Fortis Healthcare Limited,FORTIS.NS,1508488.8,2021-01-01,2026-09-06,1407,2021-01-01,2026-09-04,PASS,,2026-09-07T11:19:47
NSE,SARDAEN,Sarda Energy & Minerals Limited,SARDAEN.NS,1505841.9,2021-01-01,2026-09-06,1407,2021-01-01,2026-09-04,PASS,,2026-09-07T11:19:47
NSE,SENCO,Senco Gold Limited,SENCO.NS,1496843.55,2021-01-01,2026-09-06,780,2023-07-14,2026-09-04,PASS,,2026-09-07T11:19:48
NSE,OMNI,Omnitech Engineering Limited,OMNI.NS,1494626.55,2021-01-01,2026-09-06,128,2026-03-05,2026-09-04,INSUFFICIENT_HISTORY,,2026-09-07T11:19:48
NSE,RAYMOND,Raymond Limited,RAYMOND.NS,1481319.95,2021-01-01,2026-09-06,1407,2021-01-01,2026-09-04,PASS,,2026-09-07T11:19:48
NSE,AUBANK,AU Small Finance Bank Limited,AUBANK.NS,1473666.85,2021-01-01,2026-09-06,1407,2021-01-01,2026-09-04,PASS,,2026-09-07T11:19:49
NSE,PRECWIRE,Precision Wires India Limited,PRECWIRE.NS,1466429.55,2021-01-01,2026-09-06,1407,2021-01-01,2026-09-04,PASS,,2026-09-07T11:19:49
NSE,HIKAL,Hikal Limited,HIKAL.NS,1461854.05,2021-01-01,2026-09-06,1406,2021-01-01,2026-09-04,PASS,,2026-09-07T11:19:50
NSE,SJVN,SJVN Limited,SJVN.NS,1440720.3,2021-01-01,2026-09-06,1407,2021-01-01,2026-09-04,PASS,,2026-09-07T11:19:50
NSE,SKYGOLD,SKY GOLD AND DIAMONDS LIMITED,SKYGOLD.NS,1435610.45,2021-01-01,2026-09-06,907,2023-01-06,2026-09-04,PASS,,2026-09-07T11:19:51
NSE,AARTIPHARM,Aarti Pharmalabs Limited,AARTIPHARM.NS,1434362.0,2021-01-01,2026-09-06,892,2023-01-30,2026-09-04,PASS,,2026-09-07T11:19:51
NSE,RELIGARE,Religare Enterprises Limited,RELIGARE.NS,1424866.9,2021-01-01,2026-09-06,1406,2021-01-01,2026-09-04,PASS,,2026-09-07T11:19:52
NSE,JYOTICNC,Jyoti CNC Automation Limited,JYOTICNC.NS,1424828.65,2021-01-01,2026-09-06,655,2024-01-16,2026-09-04,PASS,,2026-09-07T11:19:52
NSE,MANINDS,Man Industries (India) Limited,MANINDS.NS,1416643.9,2021-01-01,2026-09-06,1407,2021-01-01,2026-09-04,PASS,,2026-09-07T11:19:53
NSE,GIPCL,Gujarat Industries Power Company Limited,GIPCL.NS,1416103.25,2021-01-01,2026-09-06,1407,2021-01-01,2026-09-04,PASS,,2026-09-07T11:19:53
NSE,SAMBHV,Sambhv Steel Tubes Limited,SAMBHV.NS,1405559.15,2021-01-01,2026-09-06,295,2025-07-02,2026-09-04,INSUFFICIENT_HISTORY,,2026-09-07T11:19:53
NSE,KPITTECH,KPIT Technologies Limited,KPITTECH.NS,1398293.6,2021-01-01,2026-09-06,1407,2021-01-01,2026-09-04,PASS,,2026-09-07T11:19:54
NSE,PURVA,Puravankara Limited,PURVA.NS,1391195.5,2021-01-01,2026-09-06,1406,2021-01-01,2026-09-04,PASS,,2026-09-07T11:19:54
NSE,BHARATFORG,Bharat Forge Limited,BHARATFORG.NS,1390006.15,2021-01-01,2026-09-06,1406,2021-01-01,2026-09-04,PASS,,2026-09-07T11:19:55
NSE,RAMCOIND,Ramco Industries Limited,RAMCOIND.NS,1378176.3,2021-01-01,2026-09-06,1407,2021-01-01,2026-09-04,PASS,,2026-09-07T11:19:55
NSE,NAM-INDIA,Nippon Life India Asset Management Limited,NAM-INDIA.NS,1376135.25,2021-01-01,2026-09-06,1407,2021-01-01,2026-09-04,PASS,,2026-09-07T11:19:56
NSE,DYCL,Dynamic Cables Limited,DYCL.NS,1375827.65,2021-01-01,2026-09-06,1018,2022-07-27,2026-09-04,PASS,,2026-09-07T11:19:56
NSE,SKIPPER,Skipper Limited,SKIPPER.NS,1362393.45,2021-01-01,2026-09-06,1406,2021-01-01,2026-09-04,PASS,,2026-09-07T11:19:56
NSE,TATATECH,Tata Technologies Limited,TATATECH.NS,1351890.25,2021-01-01,2026-09-06,687,2023-11-30,2026-09-04,PASS,,2026-09-07T11:19:57
NSE,AARTIIND,Aarti Industries Limited,AARTIIND.NS,1341668.7,2021-01-01,2026-09-06,1407,2021-01-01,2026-09-04,PASS,,2026-09-07T11:19:57
NSE,KAYNES,Kaynes Technology India Limited,KAYNES.NS,1341050.6,2021-01-01,2026-09-06,940,2022-11-22,2026-09-04,PASS,,2026-09-07T11:19:58
BSE,SWIGGY,Swiggy,SWIGGY.BO,1337931.85,2021-01-01,2026-09-06,449,2024-11-13,2026-09-04,PASS,,2026-09-07T11:19:58
NSE,PRABHA,Prabha Energy Limited,PRABHA.NS,1335002.65,2021-01-01,2026-09-06,365,2025-03-19,2026-09-04,INSUFFICIENT_HISTORY,,2026-09-07T11:19:59
NSE,SETL,Standard Engineering Technology Limited,SETL.NS,1334968.6,2021-01-01,2026-09-06,411,2025-01-13,2026-09-04,PASS,,2026-09-07T11:19:59
NSE,DBREALTY,Valor Estate Limited,DBREALTY.NS,1330309.8,2021-01-01,2026-09-06,1407,2021-01-01,2026-09-04,PASS,,2026-09-07T11:19:59
NSE,JINDRILL,Jindal Drilling And Industries Limited,JINDRILL.NS,1330167.3,2021-01-01,2026-09-06,1407,2021-01-01,2026-09-04,PASS,,2026-09-07T11:20:00
NSE,ITCHOTELS,ITC Hotels Limited,ITCHOTELS.NS,1323016.15,2021-01-01,2026-09-06,399,2025-01-29,2026-09-04,INSUFFICIENT_HISTORY,,2026-09-07T11:20:00
NSE,GRMOVER,GRM Overseas Limited,GRMOVER.NS,1321126.45,2021-01-01,2026-09-06,991,2022-09-07,2026-09-04,PASS,,2026-09-07T11:20:01
BSE,GMRAIRPORT,GMR Airports,GMRAIRPORT.BO,1314528.45,2021-01-01,2026-09-06,1403,2021-01-01,2026-09-04,PASS,,2026-09-07T11:20:01
NSE,PARAGMILK,Parag Milk Foods Limited,PARAGMILK.NS,1306609.15,2021-01-01,2026-09-06,1407,2021-01-01,2026-09-04,PASS,,2026-09-07T11:20:02
NSE,CAMS,Computer Age Management Services Limited,CAMS.NS,1305438.35,2021-01-01,2026-09-06,1407,2021-01-01,2026-09-04,PASS,,2026-09-07T11:20:02
NSE,NEWGEN,Newgen Software Technologies Limited,NEWGEN.NS,1300738.35,2021-01-01,2026-09-06,1407,2021-01-01,2026-09-04,PASS,,2026-09-07T11:20:03
NSE,IXIGO,Le Travenues Technology Limited,IXIGO.NS,1298564.2,2021-01-01,2026-09-06,555,2024-06-18,2026-09-04,PASS,,2026-09-07T11:20:03
NSE,LODHA,Lodha Developers Limited,LODHA.NS,1293761.75,2021-01-01,2026-09-06,1336,2021-04-19,2026-09-04,PASS,,2026-09-07T11:20:04
NSE,GRASIM,Grasim Industries Limited,GRASIM.NS,1289770.15,2021-01-01,2026-09-06,1407,2021-01-01,2026-09-04,PASS,,2026-09-07T11:20:04
NSE,LT,Larsen & Toubro Limited,LT.NS,1282246.3,2021-01-01,2026-09-06,1407,2021-01-01,2026-09-04,PASS,,2026-09-07T11:20:05
NSE,SHREEJISPG,Shreeji Shipping Global Limited,SHREEJISPG.NS,1278907.7,2021-01-01,2026-09-06,258,2025-08-26,2026-09-04,INSUFFICIENT_HISTORY,,2026-09-07T11:20:05
NSE,CDSL,Central Depository Services (India) Limited,CDSL.NS,1275003.65,2021-01-01,2026-09-06,1407,2021-01-01,2026-09-04,PASS,,2026-09-07T11:20:05
BSE,AYE,Aye Finance,AYE.BO,1273355.5,2021-01-01,2026-09-06,138,2026-02-17,2026-09-04,INSUFFICIENT_HISTORY,,2026-09-07T11:20:06
BSE,UJJIVANSFB,Ujjivan Small Finance Bank,UJJIVANSFB.BO,1265972.45,2021-01-01,2026-09-06,1403,2021-01-01,2026-09-04,PASS,,2026-09-07T11:20:06
BSE,IDFCFIRSTB,IDFC First Bank,IDFCFIRSTB.BO,1263332.8,2021-01-01,2026-09-06,1403,2021-01-01,2026-09-04,PASS,,2026-09-07T11:20:07
BSE,HINDCOPPER,Hindustan Copper,HINDCOPPER.BO,1261866.75,2021-01-01,2026-09-06,1403,2021-01-01,2026-09-04,PASS,,2026-09-07T11:20:07
NSE,IRCON,Ircon International Limited,IRCON.NS,1259820.0,2021-01-01,2026-09-06,1407,2021-01-01,2026-09-04,PASS,,2026-09-07T11:20:08
NSE,AASTHA,Aastha Spintex Limited,AASTHA.NS,1256202.7,2021-01-01,2026-09-06,45,2026-07-06,2026-09-04,INSUFFICIENT_HISTORY,,2026-09-07T11:20:08
NSE,ALGOQUANT,Algoquant Fintech Limited,ALGOQUANT.NS,1253882.7,2021-01-01,2026-09-06,167,2026-01-06,2026-09-04,INSUFFICIENT_HISTORY,,2026-09-07T11:20:08
NSE,MOTILALOFS,Motilal Oswal Financial Services Limited,MOTILALOFS.NS,1250841.35,2021-01-01,2026-09-06,1407,2021-01-01,2026-09-04,PASS,,2026-09-07T11:20:09
NSE,VISAKAIND,Visaka Industries Limited,VISAKAIND.NS,1249365.8,2021-01-01,2026-09-06,1406,2021-01-01,2026-09-04,PASS,,2026-09-07T11:20:09
NSE,ICICIPRULI,ICICI Prudential Life Insurance Company Limited,ICICIPRULI.NS,1247955.05,2021-01-01,2026-09-06,1407,2021-01-01,2026-09-04,PASS,,2026-09-07T11:20:10
NSE,JGCHEM,J.G.Chemicals Limited,JGCHEM.NS,1236456.05,2021-01-01,2026-09-06,616,2024-03-13,2026-09-04,PASS,,2026-09-07T11:20:10
NSE,BOROLTD,Borosil Limited,BOROLTD.NS,1227919.4,2021-01-01,2026-09-06,1407,2021-01-01,2026-09-04,PASS,,2026-09-07T11:20:10
BSE,NMDC,NMDC,NMDC.BO,1227599.95,2021-01-01,2026-09-06,1404,2021-01-01,2026-09-04,PASS,,2026-09-07T11:20:11
NSE,SBCL,Shivalik Bimetal Controls Limited,SBCL.NS,1226397.6,2021-01-01,2026-09-06,1289,2021-06-24,2026-09-04,PASS,,2026-09-07T11:20:11
NSE,ARFIN,Arfin India Limited,ARFIN.NS,1222803.85,2021-01-01,2026-09-06,280,2025-07-22,2026-09-04,INSUFFICIENT_HISTORY,,2026-09-07T11:20:12
NSE,COHANCE,Cohance Lifesciences Limited,COHANCE.NS,1219708.9,2021-01-01,2026-09-06,1407,2021-01-01,2026-09-04,PASS,,2026-09-07T11:20:12
NSE,POLICYBZR,PB Fintech Limited,POLICYBZR.NS,1219462.55,2021-01-01,2026-09-06,1192,2021-11-15,2026-09-04,PASS,,2026-09-07T11:20:13
NSE,TATACONSUM,TATA CONSUMER PRODUCTS LIMITED,TATACONSUM.NS,1217775.55,2021-01-01,2026-09-06,1407,2021-01-01,2026-09-04,PASS,,2026-09-07T11:20:13
NSE,PANAMAPET,Panama Petrochem Limited,PANAMAPET.NS,1207979.4,2021-01-01,2026-09-06,1406,2021-01-01,2026-09-04,PASS,,2026-09-07T11:20:14
NSE,PRAJIND,Praj Industries Limited,PRAJIND.NS,1206906.0,2021-01-01,2026-09-06,1407,2021-01-01,2026-09-04,PASS,,2026-09-07T11:20:14
NSE,JAINREC,Jain Resource Recycling Limited,JAINREC.NS,1204590.25,2021-01-01,2026-09-06,231,2025-10-06,2026-09-04,INSUFFICIENT_HISTORY,,2026-09-07T11:20:15
NSE,MARINE,Marine Electricals (India) Limited,MARINE.NS,1204445.9,2021-01-01,2026-09-06,1407,2021-01-01,2026-09-04,PASS,,2026-09-07T11:20:15
NSE,HINDUNILVR,Hindustan Unilever Limited,HINDUNILVR.NS,1203784.75,2021-01-01,2026-09-06,1407,2021-01-01,2026-09-04,PASS,,2026-09-07T11:20:15
NSE,DIACABS,Diamond Power Infrastructure Limited,DIACABS.NS,1203610.1,2021-01-01,2026-09-06,1407,2021-01-01,2026-09-04,PASS,,2026-09-07T11:20:16
NSE,KISSHT,OnEMI Technology Solutions Limited,KISSHT.NS,1203393.45,2021-01-01,2026-09-06,86,2026-05-08,2026-09-04,INSUFFICIENT_HISTORY,,2026-09-07T11:20:16
NSE,TI,Tilaknagar Industries Limited,TI.NS,1203315.05,2021-01-01,2026-09-06,1407,2021-01-01,2026-09-04,PASS,,2026-09-07T11:20:17
NSE,UGARSUGAR,The Ugar Sugar Works Limited,UGARSUGAR.NS,1196986.5,2021-01-01,2026-09-06,1407,2021-01-01,2026-09-04,PASS,,2026-09-07T11:20:17
NSE,INDUSINDBK,IndusInd Bank Limited,INDUSINDBK.NS,1195560.75,2021-01-01,2026-09-06,1407,2021-01-01,2026-09-04,PASS,,2026-09-07T11:20:18
NSE,APTUS,Aptus Value Housing Finance India Limited,APTUS.NS,1184473.3,2021-01-01,2026-09-06,1249,2021-08-24,2026-09-04,PASS,,2026-09-07T11:20:18
NSE,KNACK,Knack Packaging Limited,KNACK.NS,1184187.6,2021-01-01,2026-09-06,43,2026-07-08,2026-09-04,INSUFFICIENT_HISTORY,,2026-09-07T11:20:18
BSE,ADANIPOWER,Adani Power,ADANIPOWER.BO,1182660.3,2021-01-01,2026-09-06,1405,2021-01-01,2026-09-04,PASS,,2026-09-07T11:20:19
NSE,LOTUSDEV,Sri Lotus Developers and Realty Limited,LOTUSDEV.NS,1177232.5,2021-01-01,2026-09-06,271,2025-08-06,2026-09-04,INSUFFICIENT_HISTORY,,2026-09-07T11:20:19
NSE,GATEWAY,Gateway Distriparks Limited,GATEWAY.NS,1174798.2,2021-01-01,2026-09-06,1106,2022-03-22,2026-09-04,PASS,,2026-09-07T11:20:20
NSE,SOTL,Savita Oil Technologies Limited,SOTL.NS,1167126.7,2021-01-01,2026-09-06,1407,2021-01-01,2026-09-04,PASS,,2026-09-07T11:20:20
NSE,GARUDA,Garuda Construction and Engineering Limited,GARUDA.NS,1164428.65,2021-01-01,2026-09-06,473,2024-10-15,2026-09-04,PASS,,2026-09-07T11:20:21
NSE,GANDHAR,Gandhar Oil Refinery (India) Limited,GANDHAR.NS,1145307.5,2021-01-01,2026-09-06,687,2023-11-30,2026-09-04,PASS,,2026-09-07T11:20:21
NSE,V2RETAIL,V2 Retail Limited,V2RETAIL.NS,1143959.2,2021-01-01,2026-09-06,1407,2021-01-01,2026-09-04,PASS,,2026-09-07T11:20:22
NSE,KRBL,KRBL Limited,KRBL.NS,1138507.7,2021-01-01,2026-09-06,1406,2021-01-01,2026-09-04,PASS,,2026-09-07T11:20:22
NSE,JSWCEMENT,JSW Cement Limited,JSWCEMENT.NS,1132076.75,2021-01-01,2026-09-06,265,2025-08-14,2026-09-04,INSUFFICIENT_HISTORY,,2026-09-07T11:20:23
NSE,GICRE,General Insurance Corporation of India,GICRE.NS,1129981.45,2021-01-01,2026-09-06,1407,2021-01-01,2026-09-04,PASS,,2026-09-07T11:20:23
NSE,GAEL,Gujarat Ambuja Exports Limited,GAEL.NS,1127258.85,2021-01-01,2026-09-06,1407,2021-01-01,2026-09-04,PASS,,2026-09-07T11:20:23
NSE,INDOCO,Indoco Remedies Limited,INDOCO.NS,1125514.9,2021-01-01,2026-09-06,1407,2021-01-01,2026-09-04,PASS,,2026-09-07T11:20:24
NSE,FSL,Firstsource Solutions Limited,FSL.NS,1124556.0,2021-01-01,2026-09-06,1407,2021-01-01,2026-09-04,PASS,,2026-09-07T11:20:24
BSE,MAHABANK,Bank of Maharashtra,MAHABANK.BO,1121156.05,2021-01-01,2026-09-06,1403,2021-01-01,2026-09-04,PASS,,2026-09-07T11:20:25
NSE,RAILTEL,Railtel Corporation Of India Limited,RAILTEL.NS,1120163.6,2021-01-01,2026-09-06,1368,2021-02-26,2026-09-04,PASS,,2026-09-07T11:20:25
NSE,ARE&M,Amara Raja Energy & Mobility Limited,ARE&M.NS,1108055.1,2021-01-01,2026-09-06,1407,2021-01-01,2026-09-04,PASS,,2026-09-07T11:20:26
NSE,VIDYAWIRES,Vidya Wires Limited,VIDYAWIRES.NS,1102067.0,2021-01-01,2026-09-06,186,2025-12-10,2026-09-04,INSUFFICIENT_HISTORY,,2026-09-07T11:20:26
NSE,KEC,KEC International Limited,KEC.NS,1099716.75,2021-01-01,2026-09-06,1407,2021-01-01,2026-09-04,PASS,,2026-09-07T11:20:26
NSE,BSOFT,BIRLASOFT LIMITED,BSOFT.NS,1097495.25,2021-01-01,2026-09-06,1407,2021-01-01,2026-09-04,PASS,,2026-09-07T11:20:27
NSE,BOMDYEING,Bombay Dyeing & Mfg Company Limited,BOMDYEING.NS,1095570.0,2021-01-01,2026-09-06,1407,2021-01-01,2026-09-04,PASS,,2026-09-07T11:20:27
NSE,PREMIERENE,Premier Energies Limited,PREMIERENE.NS,1087437.0,2021-01-01,2026-09-06,502,2024-09-03,2026-09-04,PASS,,2026-09-07T11:20:28
NSE,LGEINDIA,LG Electronics India Limited,LGEINDIA.NS,1083973.4,2021-01-01,2026-09-06,225,2025-10-14,2026-09-04,INSUFFICIENT_HISTORY,,2026-09-07T11:20:28
NSE,VOLTAS,Voltas Limited,VOLTAS.NS,1079640.6,2021-01-01,2026-09-06,1407,2021-01-01,2026-09-04,PASS,,2026-09-07T11:20:29
NSE,CANHLIFE,Canara HSBC Life Insurance Company Limited,CANHLIFE.NS,1079057.25,2021-01-01,2026-09-06,222,2025-10-17,2026-09-04,INSUFFICIENT_HISTORY,,2026-09-07T11:20:29
NSE,INDIANB,Indian Bank,INDIANB.NS,1064959.65,2021-01-01,2026-09-06,1407,2021-01-01,2026-09-04,PASS,,2026-09-07T11:20:29
NSE,SYRMA,Syrma SGS Technology Limited,SYRMA.NS,1061853.25,2021-01-01,2026-09-06,998,2022-08-26,2026-09-04,PASS,,2026-09-07T11:20:30
NSE,GRAPHITE,Graphite India Limited,GRAPHITE.NS,1060872.25,2021-01-01,2026-09-06,1407,2021-01-01,2026-09-04,PASS,,2026-09-07T11:20:30
NSE,CMSINFO,CMS Info Systems Limited,CMSINFO.NS,1057315.95,2021-01-01,2026-09-06,1160,2021-12-31,2026-09-04,PASS,,2026-09-07T11:20:31
NSE,MANORAMA,Manorama Industries Limited,MANORAMA.NS,1054094.45,2021-01-01,2026-09-06,1036,2022-07-01,2026-09-04,PASS,,2026-09-07T11:20:31
NSE,GODREJAGRO,Godrej Agrovet Limited,GODREJAGRO.NS,1053409.4,2021-01-01,2026-09-06,1407,2021-01-01,2026-09-04,PASS,,2026-09-07T11:20:31
NSE,INOXGREEN,Inox Green Energy Services Limited,INOXGREEN.NS,1052175.7,2021-01-01,2026-09-06,939,2022-11-23,2026-09-04,PASS,,2026-09-07T11:20:32
NSE,MUFIN,Mufin Green Finance Limited,MUFIN.NS,1051741.6,2021-01-01,2026-09-06,703,2023-11-06,2026-09-04,PASS,,2026-09-07T11:20:32
NSE,TATACAP,Tata Capital Limited,TATACAP.NS,1049438.7,2021-01-01,2026-09-06,226,2025-10-13,2026-09-04,INSUFFICIENT_HISTORY,,2026-09-07T11:20:33
NSE,POONAWALLA,Poonawalla Fincorp Limited,POONAWALLA.NS,1032603.05,2021-01-01,2026-09-06,1407,2021-01-01,2026-09-04,PASS,,2026-09-07T11:20:33
NSE,JSFB,Jana Small Finance Bank Limited,JSFB.NS,1032467.7,2021-01-01,2026-09-06,636,2024-02-14,2026-09-04,PASS,,2026-09-07T11:20:34
NSE,GSFC,Gujarat State Fertilizers & Chemicals Limited,GSFC.NS,1029308.55,2021-01-01,2026-09-06,1407,2021-01-01,2026-09-04,PASS,,2026-09-07T11:20:34
NSE,KFINTECH,Kfin Technologies Limited,KFINTECH.NS,1024042.75,2021-01-01,2026-09-06,913,2022-12-29,2026-09-04,PASS,,2026-09-07T11:20:34
NSE,AFCONS,Afcons Infrastructure Limited,AFCONS.NS,1023500.55,2021-01-01,2026-09-06,459,2024-11-04,2026-09-04,PASS,,2026-09-07T11:20:35
NSE,ONEPOINT,One Point One Solutions Limited,ONEPOINT.NS,1015570.6,2021-01-01,2026-09-06,1406,2021-01-01,2026-09-04,PASS,,2026-09-07T11:20:35
NSE,JAIBALAJI,Jai Balaji Industries Limited,JAIBALAJI.NS,1014032.8,2021-01-01,2026-09-06,1407,2021-01-01,2026-09-04,PASS,,2026-09-07T11:20:36
NSE,GMDCLTD,Gujarat Mineral Development Corporation Limited,GMDCLTD.NS,1013415.35,2021-01-01,2026-09-06,1407,2021-01-01,2026-09-04,PASS,,2026-09-07T11:20:37
BSE,JSWENERGY,JSW Energy,JSWENERGY.BO,999914.9,2021-01-01,2026-09-06,1403,2021-01-01,2026-09-04,PASS,,2026-09-07T11:20:37
NSE,SHANTIGEAR,Shanthi Gears Limited,SHANTIGEAR.NS,999757.3,2021-01-01,2026-09-06,1406,2021-01-01,2026-09-04,PASS,,2026-09-07T11:20:40
NSE,VGUARD,V-Guard Industries Limited,VGUARD.NS,998396.05,2021-01-01,2026-09-06,1406,2021-01-01,2026-09-04,PASS,,2026-09-07T11:20:44
NSE,MUTHOOTFIN,Muthoot Finance Limited,MUTHOOTFIN.NS,997440.1,2021-01-01,2026-09-06,1407,2021-01-01,2026-09-04,PASS,,2026-09-07T11:20:47
NSE,ATGL,Adani Total Gas Limited,ATGL.NS,995578.85,2021-01-01,2026-09-06,1407,2021-01-01,2026-09-04,PASS,,2026-09-07T11:20:49
NSE,MOIL,MOIL Limited,MOIL.NS,983644.85,2021-01-01,2026-09-06,1407,2021-01-01,2026-09-04,PASS,,2026-09-07T11:20:49
NSE,PFOCUS,Prime Focus Limited,PFOCUS.NS,983284.3,2021-01-01,2026-09-06,1406,2021-01-01,2026-09-04,PASS,,2026-09-07T11:20:50
NSE,RKFORGE,Ramkrishna Forgings Limited,RKFORGE.NS,978139.45,2021-01-01,2026-09-06,1407,2021-01-01,2026-09-04,PASS,,2026-09-07T11:20:51
NSE,AGIIL,Agi Infra Limited,AGIIL.NS,977495.5,2021-01-01,2026-09-06,536,2024-07-15,2026-09-04,PASS,,2026-09-07T11:20:52
NSE,GKSL,Gujarat Kidney And Super Speciality Limited,GKSL.NS,973287.75,2021-01-01,2026-09-06,173,2025-12-30,2026-09-04,INSUFFICIENT_HISTORY,,2026-09-07T11:20:52
NSE,PCBL,PCBL Chemical Limited,PCBL.NS,973208.9,2021-01-01,2026-09-06,1407,2021-01-01,2026-09-04,PASS,,2026-09-07T11:20:53
NSE,GREAVESCOT,Greaves Cotton Limited,GREAVESCOT.NS,970933.35,2021-01-01,2026-09-06,1407,2021-01-01,2026-09-04,PASS,,2026-09-07T11:21:06
NSE,GLAND,Gland Pharma Limited,GLAND.NS,969220.3,2021-01-01,2026-09-06,1406,2021-01-01,2026-09-04,PASS,,2026-09-07T11:21:08
BSE,SHADOWFAX,Shadowfax Technologies,SHADOWFAX.BO,968030.7,2021-01-01,2026-09-06,152,2026-01-28,2026-09-04,INSUFFICIENT_HISTORY,,2026-09-07T11:21:09
NSE,EMAMILTD,Emami Limited,EMAMILTD.NS,962258.9,2021-01-01,2026-09-06,1407,2021-01-01,2026-09-04,PASS,,2026-09-07T11:21:09
NSE,DELTACORP,Delta Corp Limited,DELTACORP.NS,958273.15,2021-01-01,2026-09-06,1407,2021-01-01,2026-09-04,PASS,,2026-09-07T11:21:10
NSE,GOODLUCK,Goodluck India Limited,GOODLUCK.NS,956906.0,2021-01-01,2026-09-06,1407,2021-01-01,2026-09-04,PASS,,2026-09-07T11:21:11
NSE,EIDPARRY,EID Parry India Limited,EIDPARRY.NS,955590.45,2021-01-01,2026-09-06,1406,2021-01-01,2026-09-04,PASS,,2026-09-07T11:21:13
NSE,VERANDA,Veranda Learning Solutions Limited,VERANDA.NS,950531.8,2021-01-01,2026-09-06,1092,2022-04-11,2026-09-04,PASS,,2026-09-07T11:21:15
NSE,NFL,National Fertilizers Limited,NFL.NS,947805.3,2021-01-01,2026-09-06,1407,2021-01-01,2026-09-04,PASS,,2026-09-07T11:21:22
BSE,INFY,Infosys,500209.BO,947593.65,2021-01-01,2026-09-06,1365,2021-01-04,2026-07-17,PASS,,2026-09-07T11:21:23
BSE,INOXWIND,Inox Wind,INOXWIND.BO,947484.05,2021-01-01,2026-09-06,1404,2021-01-01,2026-09-04,PASS,,2026-09-07T11:21:24
NSE,SUVEN,Suven Life Sciences Limited,SUVEN.NS,945870.15,2021-01-01,2026-09-06,1407,2021-01-01,2026-09-04,PASS,,2026-09-07T11:21:24
NSE,SPARC,Sun Pharma Advanced Research Company Limited,SPARC.NS,939683.9,2021-01-01,2026-09-06,1407,2021-01-01,2026-09-04,PASS,,2026-09-07T11:21:25
NSE,SONATSOFTW,Sonata Software Limited,SONATSOFTW.NS,936112.25,2021-01-01,2026-09-06,1407,2021-01-01,2026-09-04,PASS,,2026-09-07T11:21:26
NSE,ABLBL,Aditya Birla Lifestyle Brands Limited,ABLBL.NS,934734.05,2021-01-01,2026-09-06,302,2025-06-24,2026-09-04,INSUFFICIENT_HISTORY,,2026-09-07T11:21:26
NSE,GVT&D,GE Vernova T&D India Limited,GVT&D.NS,926896.8,2021-01-01,2026-09-06,1407,2021-01-01,2026-09-04,PASS,,2026-09-07T11:21:27
NSE,LUPIN,Lupin Limited,LUPIN.NS,926722.85,2021-01-01,2026-09-06,1407,2021-01-01,2026-09-04,PASS,,2026-09-07T11:21:28
NSE,GESHIP,The Great Eastern Shipping Company Limited,GESHIP.NS,918896.4,2021-01-01,2026-09-06,1407,2021-01-01,2026-09-04,PASS,,2026-09-07T11:21:29
NSE,CHOLAFIN,Cholamandalam Investment and Finance Company Limited,CHOLAFIN.NS,917027.4,2021-01-01,2026-09-06,1407,2021-01-01,2026-09-04,PASS,,2026-09-07T11:21:29
NSE,BRIGADE,Brigade Enterprises Limited,BRIGADE.NS,915856.2,2021-01-01,2026-09-06,1407,2021-01-01,2026-09-04,PASS,,2026-09-07T11:21:30
BSE,JIOFIN,Jio Financial Services,JIOFIN.BO,915737.2,2021-01-01,2026-09-06,751,2023-08-21,2026-09-04,PASS,,2026-09-07T11:21:31
BSE,MOTHERSON,Samvardhana Motherson International,MOTHERSON.BO,914003.05,2021-01-01,2026-09-06,1405,2021-01-01,2026-09-04,PASS,,2026-09-07T11:21:32
BSE,RELIANCE,Reliance Industries,500325.BO,913820.15,2021-01-01,2026-09-06,1376,2021-01-04,2026-07-17,PASS,,2026-09-07T11:21:32
NSE,AUROPHARMA,Aurobindo Pharma Limited,AUROPHARMA.NS,912720.7,2021-01-01,2026-09-06,1406,2021-01-01,2026-09-04,PASS,,2026-09-07T11:21:33
NSE,ICICIGI,ICICI Lombard General Insurance Company Limited,ICICIGI.NS,908921.8,2021-01-01,2026-09-06,1407,2021-01-01,2026-09-04,PASS,,2026-09-07T11:21:33
NSE,HAL,Hindustan Aeronautics Limited,HAL.NS,906691.45,2021-01-01,2026-09-06,1407,2021-01-01,2026-09-04,PASS,,2026-09-07T11:21:34
NSE,JBMA,JBM Auto Limited,JBMA.NS,904003.75,2021-01-01,2026-09-06,1407,2021-01-01,2026-09-04,PASS,,2026-09-07T11:21:34
NSE,SBILIFE,SBI Life Insurance Company Limited,SBILIFE.NS,900972.05,2021-01-01,2026-09-06,1407,2021-01-01,2026-09-04,PASS,,2026-09-07T11:21:35
NSE,HDFCAMC,HDFC Asset Management Company Limited,HDFCAMC.NS,897272.05,2021-01-01,2026-09-06,1407,2021-01-01,2026-09-04,PASS,,2026-09-07T11:21:35
NSE,TVSMOTOR,TVS Motor Company Limited,TVSMOTOR.NS,896187.5,2021-01-01,2026-09-06,1407,2021-01-01,2026-09-04,PASS,,2026-09-07T11:21:36
NSE,ELGIEQUIP,Elgi Equipments Limited,ELGIEQUIP.NS,896141.5,2021-01-01,2026-09-06,1407,2021-01-01,2026-09-04,PASS,,2026-09-07T11:21:36
NSE,HITECH,Hi-Tech Pipes Limited,HITECH.NS,894392.2,2021-01-01,2026-09-06,1407,2021-01-01,2026-09-04,PASS,,2026-09-07T11:21:37
BSE,SHUKRAPHAR,Shukra Pharmaceuticals,SHUKRAPHAR.BO,893170.6,2021-01-01,2026-09-06,1405,2021-01-01,2026-09-04,PASS,,2026-09-07T11:21:37
NSE,TARSONS,Tarsons Products Limited,TARSONS.NS,879885.6,2021-01-01,2026-09-06,1185,2021-11-26,2026-09-04,PASS,,2026-09-07T11:21:38
NSE,UFLEX,UFLEX Limited,UFLEX.NS,878066.25,2021-01-01,2026-09-06,1406,2021-01-01,2026-09-04,PASS,,2026-09-07T11:21:38
NSE,E2E,E2E Networks Limited,E2E.NS,877137.0,2021-01-01,2026-09-06,1407,2021-01-01,2026-09-04,PASS,,2026-09-07T11:21:38
NSE,FEDFINA,Fedbank Financial Services Limited,FEDFINA.NS,874066.9,2021-01-01,2026-09-06,687,2023-11-30,2026-09-04,PASS,,2026-09-07T11:21:39
BSE,VEDL,Vedanta,VEDL.BO,865822.0,2021-01-01,2026-09-06,1403,2021-01-01,2026-09-04,PASS,,2026-09-07T11:21:39
NSE,SALSTEEL,S.A.L. Steel Limited,SALSTEEL.NS,865195.7,2021-01-01,2026-09-06,1405,2021-01-01,2026-09-04,PASS,,2026-09-07T11:21:40
NSE,SWANCORP,SWAN CORP LIMITED,SWANCORP.NS,864628.4,2021-01-01,2026-09-06,1407,2021-01-01,2026-09-04,PASS,,2026-09-07T11:21:40
NSE,BAJAJCON,Bajaj Consumer Care Limited,BAJAJCON.NS,862285.2,2021-01-01,2026-09-06,1407,2021-01-01,2026-09-04,PASS,,2026-09-07T11:21:41
NSE,MOBIKWIK,One Mobikwik Systems Limited,MOBIKWIK.NS,861772.4,2021-01-01,2026-09-06,429,2024-12-18,2026-09-04,PASS,,2026-09-07T11:21:41
NSE,WOCKPHARMA,Wockhardt Limited,WOCKPHARMA.NS,851241.15,2021-01-01,2026-09-06,1407,2021-01-01,2026-09-04,PASS,,2026-09-07T11:21:42
NSE,COCHINSHIP,Cochin Shipyard Limited,COCHINSHIP.NS,838764.2,2021-01-01,2026-09-06,1407,2021-01-01,2026-09-04,PASS,,2026-09-07T11:21:42
NSE,APOLLOTYRE,Apollo Tyres Limited,APOLLOTYRE.NS,837921.6,2021-01-01,2026-09-06,1407,2021-01-01,2026-09-04,PASS,,2026-09-07T11:21:43
NSE,ANTHEM,Anthem Biosciences Limited,ANTHEM.NS,835800.55,2021-01-01,2026-09-06,283,2025-07-21,2026-09-04,INSUFFICIENT_HISTORY,,2026-09-07T11:21:43
NSE,AEGISLOG,Aegis Logistics Limited,AEGISLOG.NS,835587.0,2021-01-01,2026-09-06,1405,2021-01-01,2026-09-04,PASS,,2026-09-07T11:21:43
NSE,EMSLIMITED,EMS Limited,EMSLIMITED.NS,833289.3,2021-01-01,2026-09-06,733,2023-09-21,2026-09-04,PASS,,2026-09-07T11:21:44
NSE,AEGISVOPAK,Aegis Vopak Terminals Limited,AEGISVOPAK.NS,830260.25,2021-01-01,2026-09-06,318,2025-06-02,2026-09-04,INSUFFICIENT_HISTORY,,2026-09-07T11:21:44
NSE,GHCLTEXTIL,GHCL Textiles Limited,GHCLTEXTIL.NS,829336.25,2021-01-01,2026-09-06,802,2023-06-12,2026-09-04,PASS,,2026-09-07T11:21:45
NSE,ARVIND,Arvind Limited,ARVIND.NS,824359.05,2021-01-01,2026-09-06,1407,2021-01-01,2026-09-04,PASS,,2026-09-07T11:21:45
NSE,PIDILITIND,Pidilite Industries Limited,PIDILITIND.NS,823379.7,2021-01-01,2026-09-06,1407,2021-01-01,2026-09-04,PASS,,2026-09-07T11:21:46
NSE,PNBHOUSING,PNB Housing Finance Limited,PNBHOUSING.NS,822907.0,2021-01-01,2026-09-06,1407,2021-01-01,2026-09-04,PASS,,2026-09-07T11:21:46
NSE,GOLDIAM,Goldiam International Limited,GOLDIAM.NS,814930.05,2021-01-01,2026-09-06,1407,2021-01-01,2026-09-04,PASS,,2026-09-07T11:21:47
NSE,RSL,Rajputana Stainless Limited,RSL.NS,814131.5,2021-01-01,2026-09-06,118,2026-03-19,2026-09-04,INSUFFICIENT_HISTORY,,2026-09-07T11:21:47
NSE,BLKASHYAP,B. L. Kashyap and Sons Limited,BLKASHYAP.NS,808810.05,2021-01-01,2026-09-06,1407,2021-01-01,2026-09-04,PASS,,2026-09-07T11:21:47
NSE,KOLTEPATIL,Kolte - Patil Developers Limited,KOLTEPATIL.NS,808522.95,2021-01-01,2026-09-06,1405,2021-01-01,2026-09-04,PASS,,2026-09-07T11:21:48
NSE,TITAN,Titan Company Limited,TITAN.NS,806775.95,2021-01-01,2026-09-06,1407,2021-01-01,2026-09-04,PASS,,2026-09-07T11:21:48
NSE,SAILIFE,Sai Life Sciences Limited,SAILIFE.NS,804913.2,2021-01-01,2026-09-06,429,2024-12-18,2026-09-04,PASS,,2026-09-07T11:21:49
NSE,COMSYN,Commercial Syn Bags Limited,COMSYN.NS,802612.8,2021-01-01,2026-09-06,650,2024-01-23,2026-09-04,PASS,,2026-09-07T11:21:49
NSE,QUESS,Quess Corp Limited,QUESS.NS,798094.05,2021-01-01,2026-09-06,1407,2021-01-01,2026-09-04,PASS,,2026-09-07T11:21:50
NSE,BBTC,The Bombay Burmah Trading Corporation Limited,BBTC.NS,798004.4,2021-01-01,2026-09-06,1407,2021-01-01,2026-09-04,PASS,,2026-09-07T11:21:50
BSE,VIYASH,Viyash Scientific,VIYASH.BO,796391.2,2021-01-01,2026-09-06,1403,2021-01-01,2026-09-04,PASS,,2026-09-07T11:21:50
NSE,MINDACORP,Minda Corporation Limited,MINDACORP.NS,796189.25,2021-01-01,2026-09-06,1406,2021-01-01,2026-09-04,PASS,,2026-09-07T11:21:51
NSE,HAVELLS,Havells India Limited,HAVELLS.NS,793735.9,2021-01-01,2026-09-06,1407,2021-01-01,2026-09-04,PASS,,2026-09-07T11:21:51
NSE,INDGN,Indegene Limited,INDGN.NS,791858.95,2021-01-01,2026-09-06,579,2024-05-13,2026-09-04,PASS,,2026-09-07T11:21:52
NSE,PREMIERPOL,Premier Polyfilm Limited,PREMIERPOL.NS,788763.25,2021-01-01,2026-09-06,1406,2021-01-01,2026-09-04,PASS,,2026-09-07T11:21:52
NSE,RALLIS,Rallis India Limited,RALLIS.NS,788454.3,2021-01-01,2026-09-06,1407,2021-01-01,2026-09-04,PASS,,2026-09-07T11:21:53
NSE,ASIANENE,Asian Energy Services Limited,ASIANENE.NS,787072.75,2021-01-01,2026-09-06,1176,2021-12-09,2026-09-04,PASS,,2026-09-07T11:21:53
NSE,JINDALSTEL,JINDAL STEEL LIMITED,JINDALSTEL.NS,786656.7,2021-01-01,2026-09-06,1407,2021-01-01,2026-09-04,PASS,,2026-09-07T11:21:53
BSE,SAMMAANCAP,Sammaan Capital,SAMMAANCAP.BO,786481.95,2021-01-01,2026-09-06,1403,2021-01-01,2026-09-04,PASS,,2026-09-07T11:21:54
NSE,FUSION,Fusion Finance Limited,FUSION.NS,786026.65,2021-01-01,2026-09-06,944,2022-11-15,2026-09-04,PASS,,2026-09-07T11:21:54
NSE,MBAPL,Madhya Bharat Agro Products Limited,MBAPL.NS,784297.5,2021-01-01,2026-09-06,1407,2021-01-01,2026-09-04,PASS,,2026-09-07T11:21:55
NSE,IRCTC,Indian Railway Catering And Tourism Corporation Limited,IRCTC.NS,782634.65,2021-01-01,2026-09-06,1407,2021-01-01,2026-09-04,PASS,,2026-09-07T11:21:55
NSE,DIFFNKG,Diffusion Engineers Limited,DIFFNKG.NS,780163.7,2021-01-01,2026-09-06,478,2024-10-04,2026-09-04,PASS,,2026-09-07T11:21:56
NSE,TRENT,Trent Limited,TRENT.NS,779854.15,2021-01-01,2026-09-06,1407,2021-01-01,2026-09-04,PASS,,2026-09-07T11:21:56
NSE,BAJAJFINSV,Bajaj Finserv Limited,BAJAJFINSV.NS,778014.3,2021-01-01,2026-09-06,1407,2021-01-01,2026-09-04,PASS,,2026-09-07T11:21:57
NSE,LCL,Lohia Corp Limited,LCL.NS,774872.95,2021-01-01,2026-09-06,27,2026-07-30,2026-09-04,INSUFFICIENT_HISTORY,,2026-09-07T11:21:57
BSE,IOC,Indian Oil Corporation,IOC.BO,771971.7,2021-01-01,2026-09-06,1403,2021-01-01,2026-09-04,PASS,,2026-09-07T11:21:57
BSE,SBFC,SBFC Finance,SBFC.BO,770571.35,2021-01-01,2026-09-06,754,2023-08-16,2026-09-04,PASS,,2026-09-07T11:21:58
NSE,GOKULAGRO,Gokul Agro Resources Limited,GOKULAGRO.NS,767095.8,2021-01-01,2026-09-06,1407,2021-01-01,2026-09-04,PASS,,2026-09-07T11:21:58
NSE,ELLEN,Ellenbarrie Industrial Gases Limited,ELLEN.NS,765709.8,2021-01-01,2026-09-06,296,2025-07-01,2026-09-04,INSUFFICIENT_HISTORY,,2026-09-07T11:21:59
NSE,360ONE,360 ONE WAM LIMITED,360ONE.NS,763869.25,2021-01-01,2026-09-06,1406,2021-01-01,2026-09-04,PASS,,2026-09-07T11:21:59
NSE,MAZDOCK,Mazagon Dock Shipbuilders Limited,MAZDOCK.NS,763297.7,2021-01-01,2026-09-06,1407,2021-01-01,2026-09-04,PASS,,2026-09-07T11:21:59
NSE,THYROCARE,Thyrocare Technologies Limited,THYROCARE.NS,761199.85,2021-01-01,2026-09-06,1407,2021-01-01,2026-09-04,PASS,,2026-09-07T11:22:00
NSE,SURYAROSNI,Surya Roshni Limited,SURYAROSNI.NS,760072.15,2021-01-01,2026-09-06,1407,2021-01-01,2026-09-04,PASS,,2026-09-07T11:22:00
NSE,AEROENTER,Aeroflex Enterprises Limited,AEROENTER.NS,756073.85,2021-01-01,2026-09-06,940,2022-11-21,2026-09-04,PASS,,2026-09-07T11:22:01
NSE,DATAPATTNS,Data Patterns (India) Limited,DATAPATTNS.NS,752502.0,2021-01-01,2026-09-06,1165,2021-12-24,2026-09-04,PASS,,2026-09-07T11:22:02
NSE,EIEL,Enviro Infra Engineers Limited,EIEL.NS,752297.7,2021-01-01,2026-09-06,442,2024-11-29,2026-09-04,PASS,,2026-09-07T11:22:02
BSE,BAJFINANCE,Bajaj Finance,500034.BO,751549.65,2021-01-01,2026-09-06,1382,2021-01-04,2026-07-17,PASS,,2026-09-07T11:22:02
NSE,KRISHANA,Krishana Phoschem Limited,KRISHANA.NS,750045.7,2021-01-01,2026-09-06,1407,2021-01-01,2026-09-04,PASS,,2026-09-07T11:22:03
NSE,CYIENTDLM,Cyient DLM Limited,CYIENTDLM.NS,748718.8,2021-01-01,2026-09-06,784,2023-07-10,2026-09-04,PASS,,2026-09-07T11:22:03
NSE,BALKRISIND,Balkrishna Industries Limited,BALKRISIND.NS,748195.95,2021-01-01,2026-09-06,1406,2021-01-01,2026-09-04,PASS,,2026-09-07T11:22:04
NSE,AVANTEL,Avantel Limited,AVANTEL.NS,747159.6,2021-01-01,2026-09-06,524,2024-07-31,2026-09-04,PASS,,2026-09-07T11:22:04
NSE,WELENT,Welspun Enterprises Limited,WELENT.NS,743539.7,2021-01-01,2026-09-06,1407,2021-01-01,2026-09-04,PASS,,2026-09-07T11:22:05
NSE,MAWANASUG,Mawana Sugars Limited,MAWANASUG.NS,739163.55,2021-01-01,2026-09-06,1407,2021-01-01,2026-09-04,PASS,,2026-09-07T11:22:05
BSE,NTPC,NTPC,NTPC.BO,738866.35,2021-01-01,2026-09-06,1403,2021-01-01,2026-09-04,PASS,,2026-09-07T11:22:06
NSE,HDBFS,HDB Financial Services Limited,HDBFS.NS,735566.15,2021-01-01,2026-09-06,296,2025-07-02,2026-09-04,INSUFFICIENT_HISTORY,,2026-09-07T11:22:06
NSE,UNOMINDA,UNO Minda Limited,UNOMINDA.NS,733697.05,2021-01-01,2026-09-06,1407,2021-01-01,2026-09-04,PASS,,2026-09-07T11:22:06
NSE,DALMIASUG,Dalmia Bharat Sugar and Industries Limited,DALMIASUG.NS,732749.75,2021-01-01,2026-09-06,1405,2021-01-01,2026-09-04,PASS,,2026-09-07T11:22:07
NSE,CMRGREEN,CMR Green Technologies Limited,CMRGREEN.NS,728827.9,2021-01-01,2026-09-06,63,2026-06-10,2026-09-04,INSUFFICIENT_HISTORY,,2026-09-07T11:22:07
BSE,EPL,EPL,EPL.BO,724791.15,2021-01-01,2026-09-06,1403,2021-01-01,2026-09-04,PASS,,2026-09-07T11:22:08
NSE,USHAMART,Usha Martin Limited,USHAMART.NS,724684.55,2021-01-01,2026-09-06,1407,2021-01-01,2026-09-04,PASS,,2026-09-07T11:22:08
BSE,NORTHARC,Northern Arc Capital,NORTHARC.BO,724186.95,2021-01-01,2026-09-06,484,2024-09-24,2026-09-04,PASS,,2026-09-07T11:22:09
NSE,IPCALAB,IPCA Laboratories Limited,IPCALAB.NS,723843.95,2021-01-01,2026-09-06,1406,2021-01-01,2026-09-04,PASS,,2026-09-07T11:22:09
NSE,CIPLA,Cipla Limited,CIPLA.NS,723147.05,2021-01-01,2026-09-06,1407,2021-01-01,2026-09-04,PASS,,2026-09-07T11:22:10
NSE,SYNGENE,Syngene International Limited,SYNGENE.NS,719943.1,2021-01-01,2026-09-06,1407,2021-01-01,2026-09-04,PASS,,2026-09-07T11:22:11
NSE,INFOBEAN,InfoBeans Technologies Limited,INFOBEAN.NS,718144.6,2021-01-01,2026-09-06,1407,2021-01-01,2026-09-04,PASS,,2026-09-07T11:22:11
NSE,PNCINFRA,PNC Infratech Limited,PNCINFRA.NS,718109.4,2021-01-01,2026-09-06,1407,2021-01-01,2026-09-04,PASS,,2026-09-07T11:22:12
NSE,MFSL,Max Financial Services Limited,MFSL.NS,717667.5,2021-01-01,2026-09-06,1407,2021-01-01,2026-09-04,PASS,,2026-09-07T11:22:12
NSE,APEX,Apex Frozen Foods Limited,APEX.NS,717298.55,2021-01-01,2026-09-06,1407,2021-01-01,2026-09-04,PASS,,2026-09-07T11:22:12
NSE,JWL,Jupiter Wagons Limited,JWL.NS,715846.7,2021-01-01,2026-09-06,1407,2021-01-01,2026-09-04,PASS,,2026-09-07T11:22:13
NSE,SUDARSCHEM,Sudarshan Chemical Industries Limited,SUDARSCHEM.NS,713463.45,2021-01-01,2026-09-06,1406,2021-01-01,2026-09-04,PASS,,2026-09-07T11:22:13
NSE,EBGNG,GNG Electronics Limited,EBGNG.NS,711913.2,2021-01-01,2026-09-06,275,2025-07-30,2026-09-04,INSUFFICIENT_HISTORY,,2026-09-07T11:22:14
BSE,RUBICON,Rubicon Research,RUBICON.BO,711883.0,2021-01-01,2026-09-06,221,2025-10-16,2026-09-04,INSUFFICIENT_HISTORY,,2026-09-07T11:22:14
NSE,GCSL,Gretex Corporate Services Limited,GCSL.NS,706974.25,2021-01-01,2026-09-06,250,2025-09-04,2026-09-04,INSUFFICIENT_HISTORY,,2026-09-07T11:22:15
BSE,TFCILTD,Tourism Finance Corporation of India,TFCILTD.BO,706398.9,2021-01-01,2026-09-06,1405,2021-01-01,2026-09-04,PASS,,2026-09-07T11:22:15
NSE,ELECON,Elecon Engineering Company Limited,ELECON.NS,703983.85,2021-01-01,2026-09-06,1407,2021-01-01,2026-09-04,PASS,,2026-09-07T11:22:15
NSE,INDOBORAX,Indo Borax & Chemicals Limited,INDOBORAX.NS,703285.3,2021-01-01,2026-09-06,1100,2022-03-29,2026-09-04,PASS,,2026-09-07T11:22:16
NSE,CMLL,Caliber Mining and Logistics Limited,CMLL.NS,701708.1,2021-01-01,2026-09-06,31,2026-07-24,2026-09-04,INSUFFICIENT_HISTORY,,2026-09-07T11:22:16
NSE,CEIGALL,Ceigall India Limited,CEIGALL.NS,700322.25,2021-01-01,2026-09-06,517,2024-08-08,2026-09-04,PASS,,2026-09-07T11:22:17
NSE,NIVABUPA,Niva Bupa Health Insurance Company Limited,NIVABUPA.NS,699850.05,2021-01-01,2026-09-06,450,2024-11-14,2026-09-04,PASS,,2026-09-07T11:22:17
BSE,PWL,Physicswallah,PWL.BO,698634.95,2021-01-01,2026-09-06,199,2025-11-19,2026-09-04,INSUFFICIENT_HISTORY,,2026-09-07T11:22:17
NSE,HYUNDAI,Hyundai Motor India Limited,HYUNDAI.NS,697466.5,2021-01-01,2026-09-06,468,2024-10-22,2026-09-04,PASS,,2026-09-07T11:22:18
NSE,SAMHI,Samhi Hotels Limited,SAMHI.NS,692281.5,2021-01-01,2026-09-06,732,2023-09-22,2026-09-04,PASS,,2026-09-07T11:22:18
NSE,BLUSPRING,Bluspring Enterprises Limited,BLUSPRING.NS,689682.05,2021-01-01,2026-09-06,310,2025-06-11,2026-09-04,INSUFFICIENT_HISTORY,,2026-09-07T11:22:18
NSE,TRITURBINE,Triveni Turbine Limited,TRITURBINE.NS,688940.6,2021-01-01,2026-09-06,1407,2021-01-01,2026-09-04,PASS,,2026-09-07T11:22:19
BSE,SBIN,State Bank of India,500112.BO,688223.5,2021-01-01,2026-09-06,1365,2021-01-04,2026-07-17,PASS,,2026-09-07T11:22:19
NSE,GKENERGY,GK Energy Limited,GKENERGY.NS,686565.1,2021-01-01,2026-09-06,235,2025-09-26,2026-09-04,INSUFFICIENT_HISTORY,,2026-09-07T11:22:20
NSE,RHIM,RHI MAGNESITA INDIA LIMITED,RHIM.NS,680646.7,2021-01-01,2026-09-06,1406,2021-01-01,2026-09-04,PASS,,2026-09-07T11:22:20
BSE,LLOYDSENGG,Lloyds Engineering Works,LLOYDSENGG.BO,673312.55,2021-01-01,2026-09-06,1403,2021-01-01,2026-09-04,PASS,,2026-09-07T11:22:21
BSE,CGCL,Capri Global Capital,CGCL.BO,672433.9,2021-01-01,2026-09-06,1403,2021-01-01,2026-09-04,PASS,,2026-09-07T11:22:21
NSE,ZENSARTECH,Zensar Technologies Limited,ZENSARTECH.NS,671608.1,2021-01-01,2026-09-06,1407,2021-01-01,2026-09-04,PASS,,2026-09-07T11:22:21
NSE,SWSOLAR,Sterling and Wilson Renewable Energy Limited,SWSOLAR.NS,669237.4,2021-01-01,2026-09-06,1407,2021-01-01,2026-09-04,PASS,,2026-09-07T11:22:22
NSE,SDBL,Som Distilleries & Breweries Limited,SDBL.NS,665891.65,2021-01-01,2026-09-06,1407,2021-01-01,2026-09-04,PASS,,2026-09-07T11:22:22
NSE,LXCHEM,Laxmi Organic Industries Limited,LXCHEM.NS,665711.3,2021-01-01,2026-09-06,1350,2021-03-25,2026-09-04,PASS,,2026-09-07T11:22:23
NSE,JSLL,Jeena Sikho Lifecare Limited,JSLL.NS,665114.4,2021-01-01,2026-09-06,1077,2022-05-04,2026-09-04,PASS,,2026-09-07T11:22:23
NSE,GRANULES,Granules India Limited,GRANULES.NS,664269.3,2021-01-01,2026-09-06,1406,2021-01-01,2026-09-04,PASS,,2026-09-07T11:22:24
NSE,AZAD,Azad Engineering Limited,AZAD.NS,663778.95,2021-01-01,2026-09-06,668,2023-12-28,2026-09-04,PASS,,2026-09-07T11:22:24
NSE,KITEX,Kitex Garments Limited,KITEX.NS,661458.5,2021-01-01,2026-09-06,1407,2021-01-01,2026-09-04,PASS,,2026-09-07T11:22:25
NSE,APLAPOLLO,APL Apollo Tubes Limited,APLAPOLLO.NS,657254.0,2021-01-01,2026-09-06,1407,2021-01-01,2026-09-04,PASS,,2026-09-07T11:22:25
NSE,ICICIAMC,ICICI Prudential Asset Management Company Limited,ICICIAMC.NS,656648.55,2021-01-01,2026-09-06,179,2025-12-19,2026-09-04,INSUFFICIENT_HISTORY,,2026-09-07T11:22:26
NSE,INA,Insolation Energy Limited,INA.NS,653235.4,2021-01-01,2026-09-06,126,2026-03-09,2026-09-04,INSUFFICIENT_HISTORY,,2026-09-07T11:22:26
BSE,KALYANKJIL,Kalyan Jewellers,KALYANKJIL.BO,652114.8,2021-01-01,2026-09-06,1345,2021-03-26,2026-09-04,PASS,,2026-09-07T11:22:26
NSE,HUBTOWN,Hubtown Limited,HUBTOWN.NS,647411.7,2021-01-01,2026-09-06,1407,2021-01-01,2026-09-04,PASS,,2026-09-07T11:22:27
NSE,WABAG,VA Tech Wabag Limited,WABAG.NS,644083.4,2021-01-01,2026-09-06,1407,2021-01-01,2026-09-04,PASS,,2026-09-07T11:22:27
NSE,JKTYRE,JK Tyre & Industries Limited,JKTYRE.NS,643674.3,2021-01-01,2026-09-06,1407,2021-01-01,2026-09-04,PASS,,2026-09-07T11:22:28
NSE,SOLARA,Solara Active Pharma Sciences Limited,SOLARA.NS,641940.0,2021-01-01,2026-09-06,1407,2021-01-01,2026-09-04,PASS,,2026-09-07T11:22:28
NSE,TIRUMALCHM,Thirumalai Chemicals Limited,TIRUMALCHM.NS,641711.65,2021-01-01,2026-09-06,1406,2021-01-01,2026-09-04,PASS,,2026-09-07T11:22:29
NSE,ASIANPAINT,Asian Paints Limited,ASIANPAINT.NS,639966.7,2021-01-01,2026-09-06,1407,2021-01-01,2026-09-04,PASS,,2026-09-07T11:22:29
NSE,MANYAVAR,Vedant Fashions Limited,MANYAVAR.NS,636364.55,2021-01-01,2026-09-06,1127,2022-02-16,2026-09-04,PASS,,2026-09-07T11:22:30
NSE,GNFC,Gujarat Narmada Valley Fertilizers and Chemicals Limited,GNFC.NS,633501.1,2021-01-01,2026-09-06,1407,2021-01-01,2026-09-04,PASS,,2026-09-07T11:22:30
NSE,THELEELA,Leela Palaces Hotels & Resorts Limited,THELEELA.NS,633427.4,2021-01-01,2026-09-06,317,2025-06-02,2026-09-04,INSUFFICIENT_HISTORY,,2026-09-07T11:22:30
BSE,IXIGO,Le Travenues Technology (IXIGO),IXIGO.BO,628184.5,2021-01-01,2026-09-06,552,2024-06-18,2026-09-04,PASS,,2026-09-07T11:22:31
NSE,OSWALPUMPS,Oswal Pumps Limited,OSWALPUMPS.NS,627605.8,2021-01-01,2026-09-06,304,2025-06-20,2026-09-04,INSUFFICIENT_HISTORY,,2026-09-07T11:22:31
NSE,MUTHOOTMF,Muthoot Microfin Limited,MUTHOOTMF.NS,625278.75,2021-01-01,2026-09-06,668,2023-12-26,2026-09-04,PASS,,2026-09-07T11:22:32
BSE,ICICIPRULI,ICICI Prudential Life Insurance,ICICIPRULI.BO,625262.35,2021-01-01,2026-09-06,1403,2021-01-01,2026-09-04,PASS,,2026-09-07T11:22:32
NSE,HEROMOTOCO,Hero MotoCorp Limited,HEROMOTOCO.NS,625051.7,2021-01-01,2026-09-06,1407,2021-01-01,2026-09-04,PASS,,2026-09-07T11:22:32
NSE,KIMS,Krishna Institute of Medical Sciences Limited,KIMS.NS,617846.7,2021-01-01,2026-09-06,1288,2021-06-28,2026-09-04,PASS,,2026-09-07T11:22:33
NSE,CENTENKA,Century Enka Limited,CENTENKA.NS,616593.85,2021-01-01,2026-09-06,1406,2021-01-01,2026-09-04,PASS,,2026-09-07T11:22:33
NSE,PACEDIGITK,Pace Digitek Limited,PACEDIGITK.NS,614739.85,2021-01-01,2026-09-06,231,2025-10-06,2026-09-04,INSUFFICIENT_HISTORY,,2026-09-07T11:22:34
NSE,TANLA,Tanla Platforms Limited,TANLA.NS,610913.5,2021-01-01,2026-09-06,1407,2021-01-01,2026-09-04,PASS,,2026-09-07T11:22:34
NSE,TARC,TARC Limited,TARC.NS,609356.85,2021-01-01,2026-09-06,1406,2021-01-01,2026-09-04,PASS,,2026-09-07T11:22:35
NSE,KLBRENG-B,Kilburn Engineering Limited,KLBRENG-B.NS,606881.2307692308,2021-01-01,2026-09-06,14,2026-08-18,2026-09-04,INSUFFICIENT_HISTORY,,2026-09-07T11:22:35
NSE,PRAKASH,Prakash Industries Limited,PRAKASH.NS,606525.9,2021-01-01,2026-09-06,1407,2021-01-01,2026-09-04,PASS,,2026-09-07T11:22:36
NSE,WALCHANNAG,Walchandnagar Industries Limited,WALCHANNAG.NS,602633.5,2021-01-01,2026-09-06,1407,2021-01-01,2026-09-04,PASS,,2026-09-07T11:22:36
NSE,TATACHEM,Tata Chemicals Limited,TATACHEM.NS,601751.9,2021-01-01,2026-09-06,1407,2021-01-01,2026-09-04,PASS,,2026-09-07T11:22:36
BSE,ASTERDM,Aster DM Quality Care,ASTERDM.BO,599268.95,2021-01-01,2026-09-06,1403,2021-01-01,2026-09-04,PASS,,2026-09-07T11:22:37
NSE,UTTAMSUGAR,Uttam Sugar Mills Limited,UTTAMSUGAR.NS,596118.3,2021-01-01,2026-09-06,1407,2021-01-01,2026-09-04,PASS,,2026-09-07T11:22:37
NSE,AVTNPL,AVT Natural Products Limited,AVTNPL.NS,594945.3,2021-01-01,2026-09-06,1405,2021-01-01,2026-09-04,PASS,,2026-09-07T11:22:38
NSE,KERNEX,Kernex Microsystems (India) Limited,KERNEX.NS,594651.25,2021-01-01,2026-09-06,1407,2021-01-01,2026-09-04,PASS,,2026-09-07T11:22:38
NSE,GODAVARIB,Godavari Biorefineries Limited,GODAVARIB.NS,592643.65,2021-01-01,2026-09-06,461,2024-10-30,2026-09-04,PASS,,2026-09-07T11:22:39
BSE,WELSPUNLIV,Welspun Living,WELSPUNLIV.BO,590651.2,2021-01-01,2026-09-06,1403,2021-01-01,2026-09-04,PASS,,2026-09-07T11:22:39
BSE,ZENSARTECH,Zensar Technologies,504067.BO,589297.1,2021-01-01,2026-09-06,1365,2021-01-04,2026-07-17,PASS,,2026-09-07T11:22:39
NSE,PARKHOSPS,Park Medi World Limited,PARKHOSPS.NS,585391.4,2021-01-01,2026-09-06,181,2025-12-17,2026-09-04,INSUFFICIENT_HISTORY,,2026-09-07T11:22:40
BSE,TMPV,Tata Motors Passenger Vehicles,TMPV.BO,585215.3,2021-01-01,2026-09-06,1403,2021-01-01,2026-09-04,PASS,,2026-09-07T11:22:40
NSE,UNITDSPR,United Spirits Limited,UNITDSPR.NS,582768.85,2021-01-01,2026-09-06,1407,2021-01-01,2026-09-04,PASS,,2026-09-07T11:22:41
NSE,EPACKPEB,EPack Prefab Technologies Limited,EPACKPEB.NS,581179.5,2021-01-01,2026-09-06,231,2025-10-06,2026-09-04,INSUFFICIENT_HISTORY,,2026-09-07T11:22:41
NSE,SHRIRAMPPS,Shriram Properties Limited,SHRIRAMPPS.NS,580369.45,2021-01-01,2026-09-06,1169,2021-12-20,2026-09-04,PASS,,2026-09-07T11:22:42
NSE,SANGINITA,Sanginita Chemicals Limited,SANGINITA.NS,580125.55,2021-01-01,2026-09-06,1406,2021-01-01,2026-09-04,PASS,,2026-09-07T11:22:42
BSE,ICICIAMC,ICICI Prudential Asset Management,ICICIAMC.BO,578166.75,2021-01-01,2026-09-06,177,2025-12-19,2026-09-04,INSUFFICIENT_HISTORY,,2026-09-07T11:22:42
NSE,BATAINDIA,Bata India Limited,BATAINDIA.NS,573999.8,2021-01-01,2026-09-06,1407,2021-01-01,2026-09-04,PASS,,2026-09-07T11:22:43
BSE,TMCV,Tata Motors,TMCV.BO,573506.4,2021-01-01,2026-09-06,204,2025-11-12,2026-09-04,INSUFFICIENT_HISTORY,,2026-09-07T11:22:43
NSE,INDORAMA,Indo Rama Synthetics (India) Limited,INDORAMA.NS,572589.55,2021-01-01,2026-09-06,1407,2021-01-01,2026-09-04,PASS,,2026-09-07T11:22:44
BSE,UNIONBANK,Union Bank of India,UNIONBANK.BO,571751.2,2021-01-01,2026-09-06,1403,2021-01-01,2026-09-04,PASS,,2026-09-07T11:22:44
BSE,BANDHANBNK,Bandhan Bank,BANDHANBNK.BO,571528.05,2021-01-01,2026-09-06,1403,2021-01-01,2026-09-04,PASS,,2026-09-07T11:22:44
NSE,SHYAMMETL,Shyam Metalics and Energy Limited,SHYAMMETL.NS,571276.85,2021-01-01,2026-09-06,1290,2021-06-24,2026-09-04,PASS,,2026-09-07T11:22:45
NSE,BEML,BEML Limited,BEML.NS,567235.9,2021-01-01,2026-09-06,1407,2021-01-01,2026-09-04,PASS,,2026-09-07T11:22:45
NSE,CHAMBLFERT,Chambal Fertilizers & Chemicals Limited,CHAMBLFERT.NS,561718.4,2021-01-01,2026-09-06,1407,2021-01-01,2026-09-04,PASS,,2026-09-07T11:22:46
NSE,IKIO,IKIO Technologies Limited,IKIO.NS,559440.7,2021-01-01,2026-09-06,799,2023-06-16,2026-09-04,PASS,,2026-09-07T11:22:46
NSE,RRKABEL,R R Kabel Limited,RRKABEL.NS,558826.35,2021-01-01,2026-09-06,732,2023-09-20,2026-09-04,PASS,,2026-09-07T11:22:47
BSE,BANKBARODA,Bank of Baroda,532134.BO,558743.9,2021-01-01,2026-09-06,1365,2021-01-04,2026-07-17,PASS,,2026-09-07T11:22:47
NSE,REDTAPE,Redtape Limited,REDTAPE.NS,558284.8,2021-01-01,2026-09-06,760,2023-08-11,2026-09-04,PASS,,2026-09-07T11:22:48
NSE,GODREJPROP,Godrej Properties Limited,GODREJPROP.NS,551690.35,2021-01-01,2026-09-06,1407,2021-01-01,2026-09-04,PASS,,2026-09-07T11:22:48
NSE,RPTECH,Rashi Peripherals Limited,RPTECH.NS,551010.85,2021-01-01,2026-09-06,636,2024-02-14,2026-09-04,PASS,,2026-09-07T11:22:48
NSE,SPIC,Southern Petrochemicals Industries Corporation  Limited,SPIC.NS,544575.05,2021-01-01,2026-09-06,1406,2021-01-01,2026-09-04,PASS,,2026-09-07T11:22:49
NSE,HERITGFOOD,Heritage Foods Limited,HERITGFOOD.NS,542960.5,2021-01-01,2026-09-06,1407,2021-01-01,2026-09-04,PASS,,2026-09-07T11:22:49
NSE,JAYKAY,Jaykay Enterprises Limited,JAYKAY.NS,539124.1,2021-01-01,2026-09-06,191,2025-12-03,2026-09-04,INSUFFICIENT_HISTORY,,2026-09-07T11:22:50
NSE,YATHARTH,Yatharth Hospital & Trauma Care Services Limited,YATHARTH.NS,536864.0,2021-01-01,2026-09-06,764,2023-08-07,2026-09-04,PASS,,2026-09-07T11:22:50
NSE,FIVESTAR,Five-Star Business Finance Limited,FIVESTAR.NS,536479.4,2021-01-01,2026-09-06,940,2022-11-21,2026-09-04,PASS,,2026-09-07T11:22:51
NSE,FINPIPE,Finolex Industries Limited,FINPIPE.NS,533717.75,2021-01-01,2026-09-06,1405,2021-01-01,2026-09-04,PASS,,2026-09-07T11:22:51
BSE,EMIL,Electronics Mart,EMIL.BO,531232.3,2021-01-01,2026-09-06,960,2022-10-17,2026-09-04,PASS,,2026-09-07T11:22:51
NSE,RAMRAT,Ram Ratna Wires Limited,RAMRAT.NS,531009.4,2021-01-01,2026-09-06,1015,2022-07-29,2026-09-04,PASS,,2026-09-07T11:22:52
NSE,LATENTVIEW,Latent View Analytics Limited,LATENTVIEW.NS,524944.4,2021-01-01,2026-09-06,1188,2021-11-23,2026-09-04,PASS,,2026-09-07T11:22:52
NSE,PRESTIGE,Prestige Estates Projects Limited,PRESTIGE.NS,524931.3,2021-01-01,2026-09-06,1407,2021-01-01,2026-09-04,PASS,,2026-09-07T11:22:53
NSE,UNIECOM,Unicommerce Esolutions Limited,UNIECOM.NS,523463.45,2021-01-01,2026-09-06,516,2024-08-13,2026-09-04,PASS,,2026-09-07T11:22:53
NSE,GLENMARK,Glenmark Pharmaceuticals Limited,GLENMARK.NS,522794.9,2021-01-01,2026-09-06,1407,2021-01-01,2026-09-04,PASS,,2026-09-07T11:22:54
NSE,ZENTEC,Zen Technologies Limited,ZENTEC.NS,520905.15,2021-01-01,2026-09-06,1407,2021-01-01,2026-09-04,PASS,,2026-09-07T11:22:54
NSE,BLUEJET,Blue Jet Healthcare Limited,BLUEJET.NS,520843.25,2021-01-01,2026-09-06,706,2023-11-01,2026-09-04,PASS,,2026-09-07T11:22:55
BSE,IREDA,IREDA,IREDA.BO,520726.5,2021-01-01,2026-09-06,684,2023-11-29,2026-09-04,PASS,,2026-09-07T11:22:55
NSE,SCHNEIDER,Schneider Electric Infrastructure Limited,SCHNEIDER.NS,520664.55,2021-01-01,2026-09-06,1407,2021-01-01,2026-09-04,PASS,,2026-09-07T11:22:56
NSE,OBEROIRLTY,Oberoi Realty Limited,OBEROIRLTY.NS,520459.55,2021-01-01,2026-09-06,1406,2021-01-01,2026-09-04,PASS,,2026-09-07T11:22:56
NSE,APOLLOPIPE,Apollo Pipes Limited,APOLLOPIPE.NS,520091.5,2021-01-01,2026-09-06,1407,2021-01-01,2026-09-04,PASS,,2026-09-07T11:22:56
NSE,TITAGARH,TITAGARH RAIL SYSTEMS LIMITED,TITAGARH.NS,519302.05,2021-01-01,2026-09-06,1407,2021-01-01,2026-09-04,PASS,,2026-09-07T11:22:57
NSE,STALLION,Stallion India Fluorochemicals Limited,STALLION.NS,518424.6,2021-01-01,2026-09-06,404,2025-01-23,2026-09-04,PASS,,2026-09-07T11:22:57
NSE,INDIGO,InterGlobe Aviation Limited,INDIGO.NS,517583.75,2021-01-01,2026-09-06,1406,2021-01-01,2026-09-04,PASS,,2026-09-07T11:22:58
NSE,AKUMS,Akums Drugs and Pharmaceuticals Limited,AKUMS.NS,515218.4,2021-01-01,2026-09-06,518,2024-08-06,2026-09-04,PASS,,2026-09-07T11:22:58
NSE,DEEPINDS,Deep Industries Limited,DEEPINDS.NS,513457.05,2021-01-01,2026-09-06,1331,2021-04-27,2026-09-04,PASS,,2026-09-07T11:22:59
NSE,NATCOPHARM,Natco Pharma Limited,NATCOPHARM.NS,512851.6,2021-01-01,2026-09-06,1407,2021-01-01,2026-09-04,PASS,,2026-09-07T11:22:59
NSE,ASHAPURMIN,Ashapura Minechem Limited,ASHAPURMIN.NS,512215.55,2021-01-01,2026-09-06,1407,2021-01-01,2026-09-04,PASS,,2026-09-07T11:23:00
NSE,SANDUMA,Sandur Manganese & Iron Ores Limited,SANDUMA.NS,511454.65,2021-01-01,2026-09-06,742,2023-09-07,2026-09-04,PASS,,2026-09-07T11:23:00
NSE,CAMPUS,Campus Activewear Limited,CAMPUS.NS,510626.95,2021-01-01,2026-09-06,1075,2022-05-09,2026-09-04,PASS,,2026-09-07T11:23:01
NSE,AVALON,Avalon Technologies Limited,AVALON.NS,510009.15,2021-01-01,2026-09-06,841,2023-04-18,2026-09-04,PASS,,2026-09-07T11:23:01
NSE,BLACKBUCK,BLACKBUCK LIMITED,BLACKBUCK.NS,508802.2,2021-01-01,2026-09-06,446,2024-11-22,2026-09-04,PASS,,2026-09-07T11:23:01
NSE,IDEAFORGE,Ideaforge Technology Limited,IDEAFORGE.NS,502902.6,2021-01-01,2026-09-06,785,2023-07-07,2026-09-04,PASS,,2026-09-07T11:23:02
BSE,CANBK,Canara Bank,CANBK.BO,502513.6,2021-01-01,2026-09-06,1404,2021-01-01,2026-09-04,PASS,,2026-09-07T11:23:02
NSE,HIMATSEIDE,Himatsingka Seide Limited,HIMATSEIDE.NS,501891.45,2021-01-01,2026-09-06,1407,2021-01-01,2026-09-04,PASS,,2026-09-07T11:23:03
NSE,LLOYDSME,Lloyds Metals And Energy Limited,LLOYDSME.NS,500192.2,2021-01-01,2026-09-06,779,2023-07-17,2026-09-04,PASS,,2026-09-07T11:23:03
BSE,EDELWEISS,Edelweiss Financial Services,EDELWEISS.BO,499070.65,2021-01-01,2026-09-06,1403,2021-01-01,2026-09-04,PASS,,2026-09-07T11:23:04
NSE,WHIRLPOOL,Whirlpool of India Limited,WHIRLPOOL.NS,498722.85,2021-01-01,2026-09-06,1407,2021-01-01,2026-09-04,PASS,,2026-09-07T11:23:04
NSE,ENTERO,Entero Healthcare Solutions Limited,ENTERO.NS,497546.25,2021-01-01,2026-09-06,633,2024-02-16,2026-09-04,PASS,,2026-09-07T11:23:05
NSE,ARVSMART,Arvind SmartSpaces Limited,ARVSMART.NS,497045.2,2021-01-01,2026-09-06,1406,2021-01-01,2026-09-04,PASS,,2026-09-07T11:23:05
NSE,GULPOLY,Gulshan Polyols Limited,GULPOLY.NS,496659.0,2021-01-01,2026-09-06,1406,2021-01-01,2026-09-04,PASS,,2026-09-07T11:23:05
NSE,SUNTV,Sun TV Network Limited,SUNTV.NS,496107.2,2021-01-01,2026-09-06,1407,2021-01-01,2026-09-04,PASS,,2026-09-07T11:23:06
NSE,NELCO,NELCO Limited,NELCO.NS,495370.65,2021-01-01,2026-09-06,1407,2021-01-01,2026-09-04,PASS,,2026-09-07T11:23:06
NSE,BIRLAPREC,Birla Precision Technologies Limited,BIRLAPREC.NS,494970.28571428574,2021-01-01,2026-09-06,14,2026-08-18,2026-09-04,INSUFFICIENT_HISTORY,,2026-09-07T11:23:07
NSE,LUMAXTECH,Lumax Auto Technologies Limited,LUMAXTECH.NS,494218.55,2021-01-01,2026-09-06,1406,2021-01-01,2026-09-04,PASS,,2026-09-07T11:23:07
NSE,UTLSOLAR,Fujiyama Power Systems Limited,UTLSOLAR.NS,492755.7,2021-01-01,2026-09-06,200,2025-11-20,2026-09-04,INSUFFICIENT_HISTORY,,2026-09-07T11:23:08
NSE,CAPILLARY,Capillary Technologies India Limited,CAPILLARY.NS,491044.9,2021-01-01,2026-09-06,199,2025-11-21,2026-09-04,INSUFFICIENT_HISTORY,,2026-09-07T11:23:08
NSE,GUJTHEM,Gujarat Themis Biosyn Limited,GUJTHEM.NS,489156.25,2021-01-01,2026-09-06,380,2025-02-25,2026-09-04,INSUFFICIENT_HISTORY,,2026-09-07T11:23:08
NSE,NIITLTD,NIIT Limited,NIITLTD.NS,486776.65,2021-01-01,2026-09-06,1407,2021-01-01,2026-09-04,PASS,,2026-09-07T11:23:09
NSE,RUBICON,Rubicon Research Limited,RUBICON.NS,486423.5,2021-01-01,2026-09-06,221,2025-10-16,2026-09-04,INSUFFICIENT_HISTORY,,2026-09-07T11:23:09
BSE,RBA,Restaurant Brand Asia (Burger King),RBA.BO,485373.25,2021-01-01,2026-09-06,1403,2021-01-01,2026-09-04,PASS,,2026-09-07T11:23:10
NSE,SHRINGARMS,Shringar House of Mangalsutra Limited,SHRINGARMS.NS,484902.2,2021-01-01,2026-09-06,242,2025-09-17,2026-09-04,INSUFFICIENT_HISTORY,,2026-09-07T11:23:10
NSE,IGIL,International Gemological Institute Limited,IGIL.NS,482128.15,2021-01-01,2026-09-06,421,2024-12-30,2026-09-04,PASS,,2026-09-07T11:23:10
NSE,MANAKCOAT,Manaksia Coated Metals & Industries Limited,MANAKCOAT.NS,480867.85,2021-01-01,2026-09-06,1406,2021-01-01,2026-09-04,PASS,,2026-09-07T11:23:11
NSE,SURYODAY,Suryoday Small Finance Bank Limited,SURYODAY.NS,480851.75,2021-01-01,2026-09-06,1348,2021-03-26,2026-09-04,PASS,,2026-09-07T11:23:11
BSE,BHEL,Bharat Heavy Electricals,BHEL.BO,480754.95,2021-01-01,2026-09-06,1403,2021-01-01,2026-09-04,PASS,,2026-09-07T11:23:12
BSE,PARADEEP,Paradeep Phosphates,PARADEEP.BO,480277.25,2021-01-01,2026-09-06,1057,2022-05-27,2026-09-04,PASS,,2026-09-07T11:23:12
NSE,PNGJL,P N Gadgil Jewellers Limited,PNGJL.NS,479649.25,2021-01-01,2026-09-06,492,2024-09-17,2026-09-04,PASS,,2026-09-07T11:23:13
NSE,NRBBEARING,NRB Bearing Limited,NRBBEARING.NS,478844.25,2021-01-01,2026-09-06,1406,2021-01-01,2026-09-04,PASS,,2026-09-07T11:23:13
BSE,LORDSMARK,Lords Mark Industries,LORDSMARK.BO,478669.65,2021-01-01,2026-09-06,1405,2021-01-01,2026-09-04,PASS,,2026-09-07T11:23:13
NSE,KUSUMGAR,Kusumgar Limited,KUSUMGAR.NS,478422.8,2021-01-01,2026-09-06,38,2026-07-15,2026-09-04,INSUFFICIENT_HISTORY,,2026-09-07T11:23:14
NSE,SILVERTUC,Silver Touch Technologies Limited,SILVERTUC.NS,477994.2,2021-01-01,2026-09-06,1407,2021-01-01,2026-09-04,PASS,,2026-09-07T11:23:14
NSE,SIRCA,Sirca Paints India Limited,SIRCA.NS,476770.55,2021-01-01,2026-09-06,1407,2021-01-01,2026-09-04,PASS,,2026-09-07T11:23:15
NSE,PENIND,Pennar Industries Limited,PENIND.NS,475489.0,2021-01-01,2026-09-06,1406,2021-01-01,2026-09-04,PASS,,2026-09-07T11:23:15
BSE,BHARTIARTL,Bharti Airtel,BHARTIARTL.BO,474706.7,2021-01-01,2026-09-06,1403,2021-01-01,2026-09-04,PASS,,2026-09-07T11:23:16
NSE,AEROPLANE,Amir Chand Jagdish Kumar (Exports) Limited,AEROPLANE.NS,474246.25,2021-01-01,2026-09-06,110,2026-04-02,2026-09-04,INSUFFICIENT_HISTORY,,2026-09-07T11:23:16
NSE,PERSISTENT,Persistent Systems Limited,PERSISTENT.NS,472268.15,2021-01-01,2026-09-06,1407,2021-01-01,2026-09-04,PASS,,2026-09-07T11:23:16
NSE,KSHINTL,KSH International Limited,KSHINTL.NS,470898.95,2021-01-01,2026-09-06,177,2025-12-23,2026-09-04,INSUFFICIENT_HISTORY,,2026-09-07T11:23:17
NSE,KPEL,K.P. Energy Limited,KPEL.NS,470754.45,2021-01-01,2026-09-06,447,2024-11-21,2026-09-04,PASS,,2026-09-07T11:23:17
NSE,KEI,KEI Industries Limited,KEI.NS,468840.6,2021-01-01,2026-09-06,1407,2021-01-01,2026-09-04,PASS,,2026-09-07T11:23:18
BSE,M&MFIN,M&M Financial Services,532720.BO,467688.4,2021-01-01,2026-09-06,1365,2021-01-04,2026-07-17,PASS,,2026-09-07T11:23:18
NSE,CSBBANK,CSB Bank Limited,CSBBANK.NS,467099.15,2021-01-01,2026-09-06,1407,2021-01-01,2026-09-04,PASS,,2026-09-07T11:23:19
NSE,GEOJITFSL,Geojit Financial Services Limited,GEOJITFSL.NS,466192.1,2021-01-01,2026-09-06,1406,2021-01-01,2026-09-04,PASS,,2026-09-07T11:23:19
NSE,MARATHON,Marathon Nextgen Realty Limited,MARATHON.NS,465208.8,2021-01-01,2026-09-06,1407,2021-01-01,2026-09-04,PASS,,2026-09-07T11:23:19
NSE,EPACK,EPACK Durable Limited,EPACK.NS,465035.75,2021-01-01,2026-09-06,647,2024-01-30,2026-09-04,PASS,,2026-09-07T11:23:20
BSE,POWERGRID,Power Grid Corporation of India,POWERGRID.BO,464718.15,2021-01-01,2026-09-06,1403,2021-01-01,2026-09-04,PASS,,2026-09-07T11:23:20
NSE,REGAAL,Regaal Resources Limited,REGAAL.NS,464279.85,2021-01-01,2026-09-06,261,2025-08-20,2026-09-04,INSUFFICIENT_HISTORY,,2026-09-07T11:23:21
NSE,UDS,Updater Services Limited,UDS.NS,463739.5,2021-01-01,2026-09-06,724,2023-10-04,2026-09-04,PASS,,2026-09-07T11:23:21
NSE,STAR,Strides Pharma Science Limited,STAR.NS,462792.5,2021-01-01,2026-09-06,1407,2021-01-01,2026-09-04,PASS,,2026-09-07T11:23:21
NSE,NACLIND,NACL Industries Limited,NACLIND.NS,461861.9,2021-01-01,2026-09-06,1407,2021-01-01,2026-09-04,PASS,,2026-09-07T11:23:22
NSE,ROTO,Roto Pumps Limited,ROTO.NS,461097.55,2021-01-01,2026-09-06,1086,2022-04-21,2026-09-04,PASS,,2026-09-07T11:23:23
NSE,SAREGAMA,Saregama India Limited,SAREGAMA.NS,460898.5,2021-01-01,2026-09-06,1406,2021-01-01,2026-09-04,PASS,,2026-09-07T11:23:23
NSE,RISHABH,Rishabh Instruments Limited,RISHABH.NS,460766.45,2021-01-01,2026-09-06,738,2023-09-11,2026-09-04,PASS,,2026-09-07T11:23:24
NSE,RATEGAIN,Rategain Travel Technologies Limited,RATEGAIN.NS,460443.85,2021-01-01,2026-09-06,1169,2021-12-17,2026-09-04,PASS,,2026-09-07T11:23:24
BSE,RECLTD,REC,RECLTD.BO,460144.25,2021-01-01,2026-09-06,1403,2021-01-01,2026-09-04,PASS,,2026-09-07T11:23:25
NSE,PRICOLLTD,Pricol Limited,PRICOLLTD.NS,459913.2,2021-01-01,2026-09-06,1406,2021-01-01,2026-09-04,PASS,,2026-09-07T11:23:25
BSE,REDINGTON,Redington,REDINGTON.BO,459613.0,2021-01-01,2026-09-06,1403,2021-01-01,2026-09-04,PASS,,2026-09-07T11:23:26
BSE,ZAGGLE,Zaggle Prepaid Ocean Services,ZAGGLE.BO,459189.35,2021-01-01,2026-09-06,728,2023-09-22,2026-09-04,PASS,,2026-09-07T11:23:26
BSE,FEDERALBNK,Federal Bank,500469.BO,457833.7,2021-01-01,2026-09-06,1365,2021-01-04,2026-07-17,PASS,,2026-09-07T11:23:27
NSE,KIRLOSENG,Kirloskar Oil Engines Limited,KIRLOSENG.NS,456732.95,2021-01-01,2026-09-06,1406,2021-01-01,2026-09-04,PASS,,2026-09-07T11:23:27
NSE,PVRINOX,PVR INOX Limited,PVRINOX.NS,456146.65,2021-01-01,2026-09-06,1406,2021-01-01,2026-09-04,PASS,,2026-09-07T11:23:28
NSE,WAAREEENER,Waaree Energies Limited,WAAREEENER.NS,455780.85,2021-01-01,2026-09-06,464,2024-10-28,2026-09-04,PASS,,2026-09-07T11:23:28
NSE,MPHASIS,MphasiS Limited,MPHASIS.NS,455668.55,2021-01-01,2026-09-06,1407,2021-01-01,2026-09-04,PASS,,2026-09-07T11:23:28
NSE,BLISSGVS,Bliss GVS Pharma Limited,BLISSGVS.NS,455531.75,2021-01-01,2026-09-06,1407,2021-01-01,2026-09-04,PASS,,2026-09-07T11:23:29
BSE,NHPC,NHPC,NHPC.BO,453633.8,2021-01-01,2026-09-06,1403,2021-01-01,2026-09-04,PASS,,2026-09-07T11:23:29
BSE,LEMONTREE,Lemon Tree Hotels,LEMONTREE.BO,452740.35,2021-01-01,2026-09-06,1403,2021-01-01,2026-09-04,PASS,,2026-09-07T11:23:30
NSE,DCXINDIA,DCX Systems Limited,DCXINDIA.NS,451235.85,2021-01-01,2026-09-06,947,2022-11-11,2026-09-04,PASS,,2026-09-07T11:23:30
BSE,MAXHEALTH,Max Healthcare Institute,MAXHEALTH.BO,450707.6,2021-01-01,2026-09-06,1403,2021-01-01,2026-09-04,PASS,,2026-09-07T11:23:31
NSE,HEXT,Hexaware Technologies Limited,HEXT.NS,450351.6,2021-01-01,2026-09-06,383,2025-02-19,2026-09-04,INSUFFICIENT_HISTORY,,2026-09-07T11:23:31
NSE,BLSE,BLS E-Services Limited,BLSE.NS,449434.65,2021-01-01,2026-09-06,642,2024-02-06,2026-09-04,PASS,,2026-09-07T11:23:32
NSE,SPORTKING,Sportking India Limited,SPORTKING.NS,449057.85,2021-01-01,2026-09-06,999,2022-08-24,2026-09-04,PASS,,2026-09-07T11:23:32
NSE,PICCADIL,Piccadily Agro Industries Limited,PICCADIL.NS,449031.25,2021-01-01,2026-09-06,296,2025-07-02,2026-09-04,INSUFFICIENT_HISTORY,,2026-09-07T11:23:32
NSE,DCAL,Dishman Carbogen Amcis Limited,DCAL.NS,448383.45,2021-01-01,2026-09-06,1406,2021-01-01,2026-09-04,PASS,,2026-09-07T11:23:33
NSE,INOXINDIA,INOX India Limited,INOXINDIA.NS,448232.4,2021-01-01,2026-09-06,671,2023-12-21,2026-09-04,PASS,,2026-09-07T11:23:33
NSE,TIINDIA,Tube Investments of India Limited,TIINDIA.NS,448210.65,2021-01-01,2026-09-06,1407,2021-01-01,2026-09-04,PASS,,2026-09-07T11:23:34
NSE,DBOL,Dhampur Bio Organics Limited,DBOL.NS,446136.5,2021-01-01,2026-09-06,989,2022-09-08,2026-09-04,PASS,,2026-09-07T11:23:34
NSE,NOCIL,NOCIL Limited,NOCIL.NS,443187.1,2021-01-01,2026-09-06,1407,2021-01-01,2026-09-04,PASS,,2026-09-07T11:23:34
BSE,WIPRO,Wipro,WIPRO.BO,439995.65,2021-01-01,2026-09-06,1404,2021-01-01,2026-09-04,PASS,,2026-09-07T11:23:35
BSE,DEVYANI,Devyani International,DEVYANI.BO,439966.95,2021-01-01,2026-09-06,1250,2021-08-16,2026-09-04,PASS,,2026-09-07T11:23:35
NSE,DMART,Avenue Supermarts Limited,DMART.NS,439912.05,2021-01-01,2026-09-06,1407,2021-01-01,2026-09-04,PASS,,2026-09-07T11:23:36
NSE,CUMMINSIND,Cummins India Limited,CUMMINSIND.NS,439241.35,2021-01-01,2026-09-06,1407,2021-01-01,2026-09-04,PASS,,2026-09-07T11:23:36
BSE,VIKRAMSOLR,Vikram Solar,VIKRAMSOLR.BO,438929.45,2021-01-01,2026-09-06,256,2025-08-26,2026-09-04,INSUFFICIENT_HISTORY,,2026-09-07T11:23:37
BSE,VAML,Vedanta Aluminium Metal,VAML.BO,437953.9,2021-01-01,2026-09-06,60,2026-06-15,2026-09-04,INSUFFICIENT_HISTORY,,2026-09-07T11:23:37
NSE,CLEAN,Clean Science and Technology Limited,CLEAN.NS,437559.65,2021-01-01,2026-09-06,1273,2021-07-19,2026-09-04,PASS,,2026-09-07T11:23:37
NSE,MSTCLTD,Mstc Limited,MSTCLTD.NS,436872.9,2021-01-01,2026-09-06,1407,2021-01-01,2026-09-04,PASS,,2026-09-07T11:23:38
NSE,EFCIL,EFC (I) Limited,EFCIL.NS,436021.15,2021-01-01,2026-09-06,262,2025-08-20,2026-09-04,INSUFFICIENT_HISTORY,,2026-09-07T11:23:38
NSE,GRSE,Garden Reach Shipbuilders & Engineers Limited,GRSE.NS,435918.9,2021-01-01,2026-09-06,1407,2021-01-01,2026-09-04,PASS,,2026-09-07T11:23:39
NSE,CAPACITE,Capacit'e Infraprojects Limited,CAPACITE.NS,435535.6,2021-01-01,2026-09-06,1407,2021-01-01,2026-09-04,PASS,,2026-09-07T11:23:39
NSE,TORNTPOWER,Torrent Power Limited,TORNTPOWER.NS,433946.55,2021-01-01,2026-09-06,1407,2021-01-01,2026-09-04,PASS,,2026-09-07T11:23:40
NSE,DJML,DJ Mediaprint & Logistics Limited,DJML.NS,433454.85,2021-01-01,2026-09-06,930,2022-12-05,2026-09-04,PASS,,2026-09-07T11:23:40
NSE,MASTEK,Mastek Limited,MASTEK.NS,431103.25,2021-01-01,2026-09-06,1407,2021-01-01,2026-09-04,PASS,,2026-09-07T11:23:40
BSE,PETRONET,Petronet LNG,PETRONET.BO,430352.7,2021-01-01,2026-09-06,1403,2021-01-01,2026-09-04,PASS,,2026-09-07T11:23:41
NSE,ENRIN,Siemens Energy India Limited,ENRIN.NS,430183.0,2021-01-01,2026-09-06,305,2025-06-19,2026-09-04,INSUFFICIENT_HISTORY,,2026-09-07T11:23:41
NSE,SANGHVIMOV,Sanghvi Movers Limited,SANGHVIMOV.NS,429972.65,2021-01-01,2026-09-06,1407,2021-01-01,2026-09-04,PASS,,2026-09-07T11:23:42
NSE,DIVISLAB,Divi's Laboratories Limited,DIVISLAB.NS,429129.1,2021-01-01,2026-09-06,1406,2021-01-01,2026-09-04,PASS,,2026-09-07T11:23:42
NSE,ARKADE,Arkade Developers Limited,ARKADE.NS,427528.5,2021-01-01,2026-09-06,486,2024-09-24,2026-09-04,PASS,,2026-09-07T11:23:43
NSE,AVADHSUGAR,Avadh Sugar & Energy Limited,AVADHSUGAR.NS,427432.15,2021-01-01,2026-09-06,1406,2021-01-01,2026-09-04,PASS,,2026-09-07T11:23:43
NSE,AIIL,Authum Investment & Infrastructure Limited,AIIL.NS,426739.95,2021-01-01,2026-09-06,592,2024-04-23,2026-09-04,PASS,,2026-09-07T11:23:44
NSE,VARROC,Varroc Engineering Limited,VARROC.NS,426204.95,2021-01-01,2026-09-06,1406,2021-01-01,2026-09-04,PASS,,2026-09-07T11:23:44
NSE,BLUESTARCO,Blue Star Limited,BLUESTARCO.NS,425599.6,2021-01-01,2026-09-06,1407,2021-01-01,2026-09-04,PASS,,2026-09-07T11:23:45
NSE,BORORENEW,BOROSIL RENEWABLES LIMITED,BORORENEW.NS,421363.0,2021-01-01,2026-09-06,1407,2021-01-01,2026-09-04,PASS,,2026-09-07T11:23:45
NSE,JSL,Jindal Stainless Limited,JSL.NS,421242.9,2021-01-01,2026-09-06,1407,2021-01-01,2026-09-04,PASS,,2026-09-07T11:23:46
BSE,PPLPHARMA,Piramal Pharma,PPLPHARMA.BO,420553.2,2021-01-01,2026-09-06,958,2022-10-19,2026-09-04,PASS,,2026-09-07T11:23:46
NSE,CIEINDIA,CIE Automotive India Limited,CIEINDIA.NS,419715.25,2021-01-01,2026-09-06,1405,2021-01-01,2026-09-04,PASS,,2026-09-07T11:23:46
BSE,COHANCE,Cohance Lifesciences,COHANCE.BO,419359.2,2021-01-01,2026-09-06,1406,2021-01-01,2026-09-04,PASS,,2026-09-07T11:23:47
NSE,OLECTRA,Olectra Greentech Limited,OLECTRA.NS,419291.05,2021-01-01,2026-09-06,1407,2021-01-01,2026-09-04,PASS,,2026-09-07T11:23:47
NSE,EICHERMOT,Eicher Motors Limited,EICHERMOT.NS,418891.15,2021-01-01,2026-09-06,1407,2021-01-01,2026-09-04,PASS,,2026-09-07T11:23:48
NSE,BBOX,Black Box Limited,BBOX.NS,417951.75,2021-01-01,2026-09-06,1407,2021-01-01,2026-09-04,PASS,,2026-09-07T11:23:48
BSE,NSDL,National Securities Depository (NSDL),NSDL.BO,414595.15,2021-01-01,2026-09-06,269,2025-08-06,2026-09-04,INSUFFICIENT_HISTORY,,2026-09-07T11:23:49
BSE,ANGELONE,Angel One,ANGELONE.BO,413134.2,2021-01-01,2026-09-06,1406,2021-01-01,2026-09-04,PASS,,2026-09-07T11:23:49
NSE,SIEMENS,Siemens Limited,SIEMENS.NS,411353.6,2021-01-01,2026-09-06,1406,2021-01-01,2026-09-04,PASS,,2026-09-07T11:23:50
BSE,TDPOWERSYS,TD Power Systems,TDPOWERSYS.BO,410875.0,2021-01-01,2026-09-06,1407,2021-01-01,2026-09-04,PASS,,2026-09-07T11:23:50
NSE,RAYMONDREL,Raymond Realty Limited,RAYMONDREL.NS,410073.5,2021-01-01,2026-09-06,297,2025-07-01,2026-09-04,INSUFFICIENT_HISTORY,,2026-09-07T11:23:50
NSE,JKPAPER,JK Paper Limited,JKPAPER.NS,409201.6,2021-01-01,2026-09-06,1406,2021-01-01,2026-09-04,PASS,,2026-09-07T11:23:51
NSE,SHK,S H Kelkar and Company Limited,SHK.NS,405935.9,2021-01-01,2026-09-06,1407,2021-01-01,2026-09-04,PASS,,2026-09-07T11:23:51
NSE,GNA,GNA Axles Limited,GNA.NS,405019.7,2021-01-01,2026-09-06,1407,2021-01-01,2026-09-04,PASS,,2026-09-07T11:23:52
NSE,WANBURY,Wanbury Limited,WANBURY.NS,404220.85,2021-01-01,2026-09-06,1406,2021-01-01,2026-09-04,PASS,,2026-09-07T11:23:52
NSE,JAYBARMARU,Jay Bharat Maruti Limited,JAYBARMARU.NS,403261.65,2021-01-01,2026-09-06,1406,2021-01-01,2026-09-04,PASS,,2026-09-07T11:23:53
NSE,APOLLOHOSP,Apollo Hospitals Enterprise Limited,APOLLOHOSP.NS,402901.9,2021-01-01,2026-09-06,1407,2021-01-01,2026-09-04,PASS,,2026-09-07T11:23:54
NSE,CELLO,Cello World Limited,CELLO.NS,399473.45,2021-01-01,2026-09-06,701,2023-11-06,2026-09-04,PASS,,2026-09-07T11:23:54
BSE,IEX,Indian Energy Exchange,540750.BO,399347.25,2021-01-01,2026-09-06,1365,2021-01-04,2026-07-17,PASS,,2026-09-07T11:23:54
BSE,DMART,Avenue Supermarts DMart,DMART.BO,395628.3,2021-01-01,2026-09-06,1403,2021-01-01,2026-09-04,PASS,,2026-09-07T11:23:55
NSE,ACI,Archean Chemical Industries Limited,ACI.NS,394762.55,2021-01-01,2026-09-06,940,2022-11-21,2026-09-04,PASS,,2026-09-07T11:23:55
NSE,JUBLPHARMA,Jubilant Pharmova Limited,JUBLPHARMA.NS,394264.15,2021-01-01,2026-09-06,1406,2021-01-01,2026-09-04,PASS,,2026-09-07T11:23:56
BSE,NBCC,NBCC,NBCC.BO,393843.05,2021-01-01,2026-09-06,1404,2021-01-01,2026-09-04,PASS,,2026-09-07T11:23:56
NSE,ASKAUTOLTD,ASK Automotive Limited,ASKAUTOLTD.NS,393518.85,2021-01-01,2026-09-06,697,2023-11-15,2026-09-04,PASS,,2026-09-07T11:23:57
NSE,BERGEPAINT,Berger Paints (I) Limited,BERGEPAINT.NS,392143.9,2021-01-01,2026-09-06,1407,2021-01-01,2026-09-04,PASS,,2026-09-07T11:23:57
NSE,ASTRAMICRO,Astra Microwave Products Limited,ASTRAMICRO.NS,392004.55,2021-01-01,2026-09-06,1407,2021-01-01,2026-09-04,PASS,,2026-09-07T11:23:58
NSE,KABRAEXTRU,Kabra Extrusion Technik Limited,KABRAEXTRU.NS,390141.85,2021-01-01,2026-09-06,1406,2021-01-01,2026-09-04,PASS,,2026-09-07T11:23:58
NSE,SMCGLOBAL,SMC Global Securities Limited,SMCGLOBAL.NS,389660.55,2021-01-01,2026-09-06,1368,2021-02-24,2026-09-04,PASS,,2026-09-07T11:23:59
NSE,PHOENIXLTD,The Phoenix Mills Limited,PHOENIXLTD.NS,389229.85,2021-01-01,2026-09-06,1405,2021-01-01,2026-09-04,PASS,,2026-09-07T11:23:59
BSE,OMAXE,Omaxe,OMAXE.BO,389078.1,2021-01-01,2026-09-06,1403,2021-01-01,2026-09-04,PASS,,2026-09-07T11:24:00
NSE,KROSS,Kross Limited,KROSS.NS,388829.55,2021-01-01,2026-09-06,493,2024-09-16,2026-09-04,PASS,,2026-09-07T11:24:00
NSE,TRANSRAILL,Transrail Lighting Limited,TRANSRAILL.NS,388665.1,2021-01-01,2026-09-06,423,2024-12-27,2026-09-04,PASS,,2026-09-07T11:24:01
BSE,PAISALO,Paisalo Digital,PAISALO.BO,387871.35,2021-01-01,2026-09-06,1404,2021-01-01,2026-09-04,PASS,,2026-09-07T11:24:01
NSE,SURAKSHA,Suraksha Diagnostic Limited,SURAKSHA.NS,387859.9,2021-01-01,2026-09-06,436,2024-12-06,2026-09-04,PASS,,2026-09-07T11:24:02
NSE,RITES,RITES Limited,RITES.NS,387627.15,2021-01-01,2026-09-06,1407,2021-01-01,2026-09-04,PASS,,2026-09-07T11:24:02
NSE,ARTEMISMED,Artemis Medicare Services Limited,ARTEMISMED.NS,385647.4,2021-01-01,2026-09-06,1382,2021-01-01,2026-09-04,PASS,,2026-09-07T11:24:02
NSE,JAICORPLTD,Jai Corp Limited,JAICORPLTD.NS,385389.85,2021-01-01,2026-09-06,1407,2021-01-01,2026-09-04,PASS,,2026-09-07T11:24:03
NSE,WSTCSTPAPR,West Coast Paper Mills Limited,WSTCSTPAPR.NS,385349.15,2021-01-01,2026-09-06,1406,2021-01-01,2026-09-04,PASS,,2026-09-07T11:24:03
NSE,NUVAMA,Nuvama Wealth Management Limited,NUVAMA.NS,381327.0,2021-01-01,2026-09-06,730,2023-09-26,2026-09-04,PASS,,2026-09-07T11:24:04
BSE,NATIONALUM,NALCO,NATIONALUM.BO,380788.25,2021-01-01,2026-09-06,1403,2021-01-01,2026-09-04,PASS,,2026-09-07T11:24:04
BSE,ATHERENERG,Ather Energy,ATHERENERG.BO,380375.9,2021-01-01,2026-09-06,335,2025-05-06,2026-09-04,INSUFFICIENT_HISTORY,,2026-09-07T11:24:05
NSE,TATAINVEST,Tata Investment Corporation Limited,TATAINVEST.NS,378261.85,2021-01-01,2026-09-06,1407,2021-01-01,2026-09-04,PASS,,2026-09-07T11:24:05
NSE,BALAJITELE,Balaji Telefilms Limited,BALAJITELE.NS,378157.3,2021-01-01,2026-09-06,1406,2021-01-01,2026-09-04,PASS,,2026-09-07T11:24:06
NSE,VIPIND,VIP Industries Limited,VIPIND.NS,377900.35,2021-01-01,2026-09-06,1406,2021-01-01,2026-09-04,PASS,,2026-09-07T11:24:06
NSE,DEEPAKNTR,Deepak Nitrite Limited,DEEPAKNTR.NS,377357.1,2021-01-01,2026-09-06,1406,2021-01-01,2026-09-04,PASS,,2026-09-07T11:24:07
NSE,CHOICEIN,Choice International Limited,CHOICEIN.NS,377001.8,2021-01-01,2026-09-06,1092,2022-04-08,2026-09-04,PASS,,2026-09-07T11:24:08
NSE,SGMART,SG Mart Limited,SGMART.NS,376250.5,2021-01-01,2026-09-06,245,2025-09-12,2026-09-04,INSUFFICIENT_HISTORY,,2026-09-07T11:24:08
NSE,SUPRIYA,Supriya Lifescience Limited,SUPRIYA.NS,375751.95,2021-01-01,2026-09-06,1162,2021-12-28,2026-09-04,PASS,,2026-09-07T11:24:09
NSE,GREENPANEL,Greenpanel Industries Limited,GREENPANEL.NS,374358.8,2021-01-01,2026-09-06,1407,2021-01-01,2026-09-04,PASS,,2026-09-07T11:24:09
BSE,SAPPHIRE,Sapphire Foods,SAPPHIRE.BO,374323.95,2021-01-01,2026-09-06,1187,2021-11-18,2026-09-04,PASS,,2026-09-07T11:24:10
BSE,HINDPETRO,Hindustan Petroleum,500104.BO,373646.0,2021-01-01,2026-09-06,1373,2021-01-04,2026-07-17,PASS,,2026-09-07T11:24:10
NSE,EXPLEOSOL,Expleo Solutions Limited,EXPLEOSOL.NS,373577.15,2021-01-01,2026-09-06,1405,2021-01-01,2026-09-04,PASS,,2026-09-07T11:24:11
BSE,SIMPLEXCAS,Simplex Casting,SIMPLEXCAS.BO,372905.35,2021-01-01,2026-09-06,1407,2021-01-01,2026-09-04,PASS,,2026-09-07T11:24:11
NSE,EXCELSOFT,Excelsoft Technologies Limited,EXCELSOFT.NS,372557.85,2021-01-01,2026-09-06,196,2025-11-26,2026-09-04,INSUFFICIENT_HISTORY,,2026-09-07T11:24:12
NSE,INDIAGLYCO,India Glycols Limited,INDIAGLYCO.NS,372491.1,2021-01-01,2026-09-06,1407,2021-01-01,2026-09-04,PASS,,2026-09-07T11:24:12
NSE,PNGSREVA,PNGS Reva Diamond Jewellery Limited,PNGSREVA.NS,372426.7,2021-01-01,2026-09-06,129,2026-03-04,2026-09-04,INSUFFICIENT_HISTORY,,2026-09-07T11:24:13
NSE,STARCEMENT,Star Cement Limited,STARCEMENT.NS,371693.4,2021-01-01,2026-09-06,1406,2021-01-01,2026-09-04,PASS,,2026-09-07T11:24:13
BSE,BELRISE,Belrise Industries,BELRISE.BO,370467.55,2021-01-01,2026-09-06,319,2025-05-28,2026-09-04,INSUFFICIENT_HISTORY,,2026-09-07T11:24:13
NSE,ORIRAIL,Oriental Rail Infrastructure Limited,ORIRAIL.NS,370010.3076923077,2021-01-01,2026-09-06,14,2026-08-18,2026-09-04,INSUFFICIENT_HISTORY,,2026-09-07T11:24:14
BSE,FORTIS,Fortis Healthcare,FORTIS.BO,369382.1,2021-01-01,2026-09-06,1403,2021-01-01,2026-09-04,PASS,,2026-09-07T11:24:14
BSE,STYLEBAAZA,Baazar Style Retail,STYLEBAAZA.BO,368908.4,2021-01-01,2026-09-06,496,2024-09-06,2026-09-04,PASS,,2026-09-07T11:24:15
NSE,CARTRADE,Cartrade Tech Limited,CARTRADE.NS,368591.4,2021-01-01,2026-09-06,1251,2021-08-20,2026-09-04,PASS,,2026-09-07T11:24:15
NSE,GOCLCORP,GOCL Corporation Limited,GOCLCORP.NS,368371.95,2021-01-01,2026-09-06,1406,2021-01-01,2026-09-04,PASS,,2026-09-07T11:24:16
NSE,SAKSOFT,Saksoft Limited,SAKSOFT.NS,368022.5,2021-01-01,2026-09-06,1407,2021-01-01,2026-09-04,PASS,,2026-09-07T11:24:16
NSE,LTM,LTM Limited,LTM.NS,367688.95,2021-01-01,2026-09-06,1407,2021-01-01,2026-09-04,PASS,,2026-09-07T11:24:17
BSE,APOLLO,Apollo Micro Systems,APOLLO.BO,366610.05,2021-01-01,2026-09-06,1403,2021-01-01,2026-09-04,PASS,,2026-09-07T11:24:17
NSE,AVANTIFEED,Avanti Feeds Limited,AVANTIFEED.NS,366246.15,2021-01-01,2026-09-06,1406,2021-01-01,2026-09-04,PASS,,2026-09-07T11:24:18
BSE,HSCL,Himadri Speciality Chemical,HSCL.BO,363440.3,2021-01-01,2026-09-06,1403,2021-01-01,2026-09-04,PASS,,2026-09-07T11:24:18
NSE,RELINFRA,Reliance Infrastructure Limited,RELINFRA.NS,362794.5,2021-01-01,2026-09-06,1407,2021-01-01,2026-09-04,PASS,,2026-09-07T11:24:18
NSE,POLYCAB,Polycab India Limited,POLYCAB.NS,362633.15,2021-01-01,2026-09-06,1407,2021-01-01,2026-09-04,PASS,,2026-09-07T11:24:19
NSE,SKMEGGPROD,SKM Egg Products Export (India) Limited,SKMEGGPROD.NS,362433.1,2021-01-01,2026-09-06,1407,2021-01-01,2026-09-04,PASS,,2026-09-07T11:24:19
NSE,MASTERTR,Master Trust Limited,MASTERTR.NS,361922.55,2021-01-01,2026-09-06,435,2024-12-06,2026-09-04,PASS,,2026-09-07T11:24:20
NSE,KPIL,Kalpataru Projects International Limited,KPIL.NS,361761.85,2021-01-01,2026-09-06,1406,2021-01-01,2026-09-04,PASS,,2026-09-07T11:24:20
NSE,MAXESTATES,Max Estates Limited,MAXESTATES.NS,361198.85,2021-01-01,2026-09-06,706,2023-10-30,2026-09-04,PASS,,2026-09-07T11:24:21
BSE,BECTORFOOD,Mrs. Bectors Food,BECTORFOOD.BO,360783.75,2021-01-01,2026-09-06,1405,2021-01-01,2026-09-04,PASS,,2026-09-07T11:24:21
NSE,ACE,Action Construction Equipment Limited,ACE.NS,360603.85,2021-01-01,2026-09-06,1407,2021-01-01,2026-09-04,PASS,,2026-09-07T11:24:22
BSE,ENGINERSIN,Engineers India,ENGINERSIN.BO,360596.15,2021-01-01,2026-09-06,1403,2021-01-01,2026-09-04,PASS,,2026-09-07T11:24:22
NSE,63MOONS,63 moons technologies limited,63MOONS.NS,360181.65,2021-01-01,2026-09-06,1407,2021-01-01,2026-09-04,PASS,,2026-09-07T11:24:23
NSE,POCL,Pondy Oxides & Chemicals Limited,POCL.NS,359372.4,2021-01-01,2026-09-06,1407,2021-01-01,2026-09-04,PASS,,2026-09-07T11:24:23
BSE,ROLEXRINGS,Rolex Rings,ROLEXRINGS.BO,359149.25,2021-01-01,2026-09-06,1257,2021-08-09,2026-09-04,PASS,,2026-09-07T11:24:23
NSE,TIMEX,Timex Group India Limited,TIMEX.NS,358216.55,2021-01-01,2026-09-06,96,2026-04-23,2026-09-04,INSUFFICIENT_HISTORY,,2026-09-07T11:24:24
NSE,PIRAMALFIN,Piramal Finance Limited,PIRAMALFIN.NS,358165.05,2021-01-01,2026-09-06,209,2025-11-07,2026-09-04,INSUFFICIENT_HISTORY,,2026-09-07T11:24:24
NSE,JUNIPER,Juniper Hotels Limited,JUNIPER.NS,357548.75,2021-01-01,2026-09-06,626,2024-02-28,2026-09-04,PASS,,2026-09-07T11:24:25
NSE,NITINSPIN,Nitin Spinners Limited,NITINSPIN.NS,357526.75,2021-01-01,2026-09-06,1406,2021-01-01,2026-09-04,PASS,,2026-09-07T11:24:25
NSE,ORIENTELEC,Orient Electric Limited,ORIENTELEC.NS,355868.95,2021-01-01,2026-09-06,1407,2021-01-01,2026-09-04,PASS,,2026-09-07T11:24:25
NSE,NUVOCO,Nuvoco Vistas Corporation Limited,NUVOCO.NS,354119.9,2021-01-01,2026-09-06,1250,2021-08-23,2026-09-04,PASS,,2026-09-07T11:24:26
NSE,UNICHEMLAB,Unichem Laboratories Limited,UNICHEMLAB.NS,353756.0,2021-01-01,2026-09-06,1407,2021-01-01,2026-09-04,PASS,,2026-09-07T11:24:26
NSE,HLEGLAS,HLE Glascoat Limited,HLEGLAS.NS,353617.45,2021-01-01,2026-09-06,1372,2021-02-22,2026-09-04,PASS,,2026-09-07T11:24:27
BSE,LTF,L&T Finance,LTF.BO,352797.65,2021-01-01,2026-09-06,1403,2021-01-01,2026-09-04,PASS,,2026-09-07T11:24:27
NSE,COLPAL,Colgate Palmolive (India) Limited,COLPAL.NS,352109.85,2021-01-01,2026-09-06,1407,2021-01-01,2026-09-04,PASS,,2026-09-07T11:24:28
BSE,WEBELSOLAR,Websol Energy System,WEBELSOLAR.BO,350996.1,2021-01-01,2026-09-06,1405,2021-01-01,2026-09-04,PASS,,2026-09-07T11:24:28
BSE,GAIL,GAIL,GAIL.BO,350347.3,2021-01-01,2026-09-06,1403,2021-01-01,2026-09-04,PASS,,2026-09-07T11:24:29
NSE,AADHARHFC,Aadhar Housing Finance Limited,AADHARHFC.NS,349453.55,2021-01-01,2026-09-06,577,2024-05-15,2026-09-04,PASS,,2026-09-07T11:24:29
BSE,DECNGOLD,Deccan Gold Mines,DECNGOLD.BO,348291.25,2021-01-01,2026-09-06,1403,2021-01-01,2026-09-04,PASS,,2026-09-07T11:24:29
NSE,DIGITIDE,Digitide Solutions Limited,DIGITIDE.NS,346982.6,2021-01-01,2026-09-06,310,2025-06-11,2026-09-04,INSUFFICIENT_HISTORY,,2026-09-07T11:24:30
NSE,FINOPB,Fino Payments Bank Limited,FINOPB.NS,346941.05,2021-01-01,2026-09-06,1194,2021-11-12,2026-09-04,PASS,,2026-09-07T11:24:30
NSE,DIXON,Dixon Technologies (India) Limited,DIXON.NS,346283.8,2021-01-01,2026-09-06,1407,2021-01-01,2026-09-04,PASS,,2026-09-07T11:24:31
NSE,SUMICHEM,Sumitomo Chemical India Limited,SUMICHEM.NS,345986.3,2021-01-01,2026-09-06,1407,2021-01-01,2026-09-04,PASS,,2026-09-07T11:24:31
NSE,KALAMANDIR,Sai Silks (Kalamandir) Limited,KALAMANDIR.NS,344940.6,2021-01-01,2026-09-06,729,2023-09-27,2026-09-04,PASS,,2026-09-07T11:24:31
NSE,AMBER,Amber Enterprises India Limited,AMBER.NS,344838.8,2021-01-01,2026-09-06,1407,2021-01-01,2026-09-04,PASS,,2026-09-07T11:24:32
NSE,MAHSEAMLES,Maharashtra Seamless Limited,MAHSEAMLES.NS,343244.55,2021-01-01,2026-09-06,1407,2021-01-01,2026-09-04,PASS,,2026-09-07T11:24:32
BSE,APTUS,Aptus Value Housing Finance,APTUS.BO,343050.55,2021-01-01,2026-09-06,1245,2021-08-24,2026-09-04,PASS,,2026-09-07T11:24:33
BSE,VBL,Varun Beverages,VBL.BO,341632.65,2021-01-01,2026-09-06,1404,2021-01-01,2026-09-04,PASS,,2026-09-07T11:24:33
BSE,ABFRL,Aditya Birla Fashion & Retail,ABFRL.BO,341000.45,2021-01-01,2026-09-06,1403,2021-01-01,2026-09-04,PASS,,2026-09-07T11:24:34
NSE,MANKIND,Mankind Pharma Limited,MANKIND.NS,340464.75,2021-01-01,2026-09-06,826,2023-05-09,2026-09-04,PASS,,2026-09-07T11:24:34
NSE,RAMCOCEM,The Ramco Cements Limited,RAMCOCEM.NS,340238.15,2021-01-01,2026-09-06,1406,2021-01-01,2026-09-04,PASS,,2026-09-07T11:24:35
NSE,CEMPRO,Cemindia Projects Limited,CEMPRO.NS,339708.7,2021-01-01,2026-09-06,1407,2021-01-01,2026-09-04,PASS,,2026-09-07T11:24:35
NSE,DIVGIITTS,Divgi Torqtransfer Systems Limited,DIVGIITTS.NS,339621.9,2021-01-01,2026-09-06,860,2023-03-14,2026-09-04,PASS,,2026-09-07T11:24:36
NSE,KOPRAN,Kopran Limited,KOPRAN.NS,339368.5,2021-01-01,2026-09-06,1407,2021-01-01,2026-09-04,PASS,,2026-09-07T11:24:36
BSE,J&KBANK,Jammu & Kashmir Bank,532209.BO,338336.2,2021-01-01,2026-09-06,1365,2021-01-04,2026-07-17,PASS,,2026-09-07T11:24:36
NSE,NAVA,NAVA LIMITED,NAVA.NS,337772.9,2021-01-01,2026-09-06,1407,2021-01-01,2026-09-04,PASS,,2026-09-07T11:24:37
NSE,ONIXSOLAR,Onix Solar Energy Limited,ONIXSOLAR.NS,337188.3846153846,2021-01-01,2026-09-06,14,2026-08-18,2026-09-04,INSUFFICIENT_HISTORY,,2026-09-07T11:24:37
NSE,ABDL,Allied Blenders and Distillers Limited,ABDL.NS,336395.45,2021-01-01,2026-09-06,544,2024-07-02,2026-09-04,PASS,,2026-09-07T11:24:38
BSE,RVNL,Rail Vikas Nigam,RVNL.BO,334899.35,2021-01-01,2026-09-06,1403,2021-01-01,2026-09-04,PASS,,2026-09-07T11:24:38
BSE,AWL,AWL Agri Business,AWL.BO,334743.05,2021-01-01,2026-09-06,1130,2022-02-08,2026-09-04,PASS,,2026-09-07T11:24:39
NSE,FRACTAL,Fractal Analytics Limited,FRACTAL.NS,334689.25,2021-01-01,2026-09-06,140,2026-02-16,2026-09-04,INSUFFICIENT_HISTORY,,2026-09-07T11:24:39
BSE,HUDCO,HUDCO,HUDCO.BO,334533.7,2021-01-01,2026-09-06,1403,2021-01-01,2026-09-04,PASS,,2026-09-07T11:24:40
BSE,SHREEREF,Shree Refrigerations,SHREEREF.BO,334250.0,2021-01-01,2026-09-06,272,2025-08-01,2026-09-04,INSUFFICIENT_HISTORY,,2026-09-07T11:24:40
NSE,BRITANNIA,Britannia Industries Limited,BRITANNIA.NS,334019.35,2021-01-01,2026-09-06,1407,2021-01-01,2026-09-04,PASS,,2026-09-07T11:24:40
BSE,CROMPTON,Crompton Greaves,CROMPTON.BO,332990.15,2021-01-01,2026-09-06,1403,2021-01-01,2026-09-04,PASS,,2026-09-07T11:24:41
NSE,RPPINFRA,R.P.P. Infra Projects Limited,RPPINFRA.NS,332976.95,2021-01-01,2026-09-06,1406,2021-01-01,2026-09-04,PASS,,2026-09-07T11:24:42
NSE,SOMANYCERA,Somany Ceramics Limited,SOMANYCERA.NS,332636.6,2021-01-01,2026-09-06,1405,2021-01-01,2026-09-04,PASS,,2026-09-07T11:24:42
NSE,GRAUWEIL,Grauer & Weil India Limited,GRAUWEIL.NS,328731.7,2021-01-01,2026-09-06,682,2021-08-05,2026-09-04,PASS,,2026-09-07T11:24:42
NSE,GULFPETRO,GP Petroleums Limited,GULFPETRO.NS,327876.95,2021-01-01,2026-09-06,1406,2021-01-01,2026-09-04,PASS,,2026-09-07T11:24:43
BSE,RATNAVEER,Ratnaveer Precision Engineering,RATNAVEER.BO,326730.8,2021-01-01,2026-09-06,736,2023-09-11,2026-09-04,PASS,,2026-09-07T11:24:43
NSE,SOLARWORLD,Solarworld Energy Solutions Limited,SOLARWORLD.NS,326277.15,2021-01-01,2026-09-06,233,2025-09-30,2026-09-04,INSUFFICIENT_HISTORY,,2026-09-07T11:24:44
BSE,JYOTHYLAB,Jyothy Laboratories,JYOTHYLAB.BO,326234.25,2021-01-01,2026-09-06,1403,2021-01-01,2026-09-04,PASS,,2026-09-07T11:24:44
NSE,KHAICHEM,Khaitan Chemicals & Fertilizers Limited,KHAICHEM.NS,325838.7,2021-01-01,2026-09-06,1406,2021-01-01,2026-09-04,PASS,,2026-09-07T11:24:44
NSE,TNPL,Tamil Nadu Newsprint & Papers Limited,TNPL.NS,325499.55,2021-01-01,2026-09-06,1406,2021-01-01,2026-09-04,PASS,,2026-09-07T11:24:45
NSE,PAKKA,PAKKA LIMITED,PAKKA.NS,324667.65,2021-01-01,2026-09-06,782,2023-07-11,2026-09-04,PASS,,2026-09-07T11:24:45
NSE,STARHEALTH,Star Health and Allied Insurance Company Limited,STARHEALTH.NS,324206.9,2021-01-01,2026-09-06,1175,2021-12-10,2026-09-04,PASS,,2026-09-07T11:24:46
NSE,SIGMAADV,SIGMA ADVANCED SYSTEMS LIMITED,SIGMAADV.NS,324092.95,2021-01-01,2026-09-06,1406,2021-01-01,2026-09-04,PASS,,2026-09-07T11:24:46
NSE,BAJEL,Bajel Projects Limited,BAJEL.NS,322947.1,2021-01-01,2026-09-06,674,2023-12-19,2026-09-04,PASS,,2026-09-07T11:24:47
BSE,PVP,PVP Ventures,PVP.BO,322871.1,2021-01-01,2026-09-06,1403,2021-01-01,2026-09-04,PASS,,2026-09-07T11:24:47
NSE,SINGERIND,Singer India Limited,SINGERIND.NS,322110.8,2021-01-01,2026-09-06,115,2026-03-19,2026-09-04,INSUFFICIENT_HISTORY,,2026-09-07T11:24:47
NSE,MARUTI,Maruti Suzuki India Limited,MARUTI.NS,321656.5,2021-01-01,2026-09-06,1407,2021-01-01,2026-09-04,PASS,,2026-09-07T11:24:48
NSE,WINDLAS,Windlas Biotech Limited,WINDLAS.NS,320832.7,2021-01-01,2026-09-06,1253,2021-08-16,2026-09-04,PASS,,2026-09-07T11:24:48
NSE,ESTER,Ester Industries Limited,ESTER.NS,320204.25,2021-01-01,2026-09-06,1407,2021-01-01,2026-09-04,PASS,,2026-09-07T11:24:49
NSE,TORNTPHARM,Torrent Pharmaceuticals Limited,TORNTPHARM.NS,320062.15,2021-01-01,2026-09-06,1407,2021-01-01,2026-09-04,PASS,,2026-09-07T11:24:49
NSE,QPOWER,Quality Power Electrical Equipments Limited,QPOWER.NS,319461.5,2021-01-01,2026-09-06,381,2025-02-24,2026-09-04,INSUFFICIENT_HISTORY,,2026-09-07T11:24:50
BSE,ALGOQUANT,Algoquant Fintech,ALGOQUANT.BO,317510.35,2021-01-01,2026-09-06,1404,2021-01-01,2026-09-04,PASS,,2026-09-07T11:24:50
NSE,BAJAJELEC,Bajaj Electricals Limited,BAJAJELEC.NS,315547.35,2021-01-01,2026-09-06,1407,2021-01-01,2026-09-04,PASS,,2026-09-07T11:24:51
NSE,WEWORK,WeWork India Management Limited,WEWORK.NS,315538.15,2021-01-01,2026-09-06,225,2025-10-10,2026-09-04,INSUFFICIENT_HISTORY,,2026-09-07T11:24:51
NSE,HGINFRA,H.G. Infra Engineering Limited,HGINFRA.NS,314805.7,2021-01-01,2026-09-06,1407,2021-01-01,2026-09-04,PASS,,2026-09-07T11:24:51
NSE,KPRMILL,K.P.R. Mill Limited,KPRMILL.NS,314421.15,2021-01-01,2026-09-06,1407,2021-01-01,2026-09-04,PASS,,2026-09-07T11:24:52
NSE,SHAKTIPUMP,Shakti Pumps (India) Limited,SHAKTIPUMP.NS,313558.5,2021-01-01,2026-09-06,1407,2021-01-01,2026-09-04,PASS,,2026-09-07T11:24:52
NSE,BHARATSE,Bharat Seats Limited,BHARATSE.NS,312444.4,2021-01-01,2026-09-06,362,2025-03-25,2026-09-04,INSUFFICIENT_HISTORY,,2026-09-07T11:24:53
NSE,SHAREINDIA,Share India Securities Limited,SHAREINDIA.NS,310558.4,2021-01-01,2026-09-06,1407,2021-01-01,2026-09-04,PASS,,2026-09-07T11:24:53
NSE,SERVOTECH,Servotech Renewable Power System Limited,SERVOTECH.NS,309936.25,2021-01-01,2026-09-06,1407,2021-01-01,2026-09-04,PASS,,2026-09-07T11:24:53
BSE,RELIGARE,Religare Enterprises,RELIGARE.BO,308691.6,2021-01-01,2026-09-06,1403,2021-01-01,2026-09-04,PASS,,2026-09-07T11:24:54
BSE,IOLCP,IOL Chemicals & Pharmaceuticals,IOLCP.BO,308476.55,2021-01-01,2026-09-06,1405,2021-01-01,2026-09-04,PASS,,2026-09-07T11:24:54
BSE,BAJAJHFL,Bajaj Housing Finance,BAJAJHFL.BO,307969.6,2021-01-01,2026-09-06,490,2024-09-16,2026-09-04,PASS,,2026-09-07T11:24:55
NSE,ITI,ITI Limited,ITI.NS,306875.95,2021-01-01,2026-09-06,1407,2021-01-01,2026-09-04,PASS,,2026-09-07T11:24:55
NSE,PIIND,PI Industries Limited,PIIND.NS,306037.5,2021-01-01,2026-09-06,1407,2021-01-01,2026-09-04,PASS,,2026-09-07T11:24:56
NSE,ANURAS,Anupam Rasayan India Limited,ANURAS.NS,305371.35,2021-01-01,2026-09-06,1350,2021-03-24,2026-09-04,PASS,,2026-09-07T11:24:56
NSE,SUDEEPPHRM,Sudeep Pharma Limited,SUDEEPPHRM.NS,304998.1,2021-01-01,2026-09-06,194,2025-11-28,2026-09-04,INSUFFICIENT_HISTORY,,2026-09-07T11:24:57
NSE,HEMIPROP,Hemisphere Properties India Limited,HEMIPROP.NS,303383.15,2021-01-01,2026-09-06,1407,2021-01-01,2026-09-04,PASS,,2026-09-07T11:24:57
NSE,RIR,RIR Power Electronics Limited,RIR.NS,300724.05,2021-01-01,2026-09-06,37,2026-07-16,2026-09-04,INSUFFICIENT_HISTORY,,2026-09-07T11:24:57
NSE,DALBHARAT,Dalmia Bharat Limited,DALBHARAT.NS,299263.8,2021-01-01,2026-09-06,1406,2021-01-01,2026-09-04,PASS,,2026-09-07T11:24:58
NSE,INTELLECT,Intellect Design Arena Limited,INTELLECT.NS,299214.4,2021-01-01,2026-09-06,1407,2021-01-01,2026-09-04,PASS,,2026-09-07T11:24:58
NSE,REFEX,Refex Industries Limited,REFEX.NS,298384.35,2021-01-01,2026-09-06,1406,2021-01-01,2026-09-04,PASS,,2026-09-07T11:24:59
NSE,GABRIEL,Gabriel India Limited,GABRIEL.NS,298072.55,2021-01-01,2026-09-06,1407,2021-01-01,2026-09-04,PASS,,2026-09-07T11:24:59
NSE,CPPLUS,Aditya Infotech Limited,CPPLUS.NS,295493.65,2021-01-01,2026-09-06,272,2025-08-05,2026-09-04,INSUFFICIENT_HISTORY,,2026-09-07T11:25:00
NSE,DAMCAPITAL,Dam Capital Advisors Limited,DAMCAPITAL.NS,295055.35,2021-01-01,2026-09-06,423,2024-12-27,2026-09-04,PASS,,2026-09-07T11:25:00
NSE,AWFIS,Awfis Space Solutions Limited,AWFIS.NS,293705.2,2021-01-01,2026-09-06,567,2024-05-30,2026-09-04,PASS,,2026-09-07T11:25:00
NSE,BFUTILITIE,BF Utilities Limited,BFUTILITIE.NS,293471.35,2021-01-01,2026-09-06,1407,2021-01-01,2026-09-04,PASS,,2026-09-07T11:25:01
NSE,JUBLINGREA,Jubilant Ingrevia Limited,JUBLINGREA.NS,293041.5,2021-01-01,2026-09-06,1354,2021-03-19,2026-09-04,PASS,,2026-09-07T11:25:01
NSE,NH,Narayana Hrudayalaya Ltd.,NH.NS,291692.55,2021-01-01,2026-09-06,1407,2021-01-01,2026-09-04,PASS,,2026-09-07T11:25:02
NSE,IONEXCHANG,ION Exchange (India) Limited,IONEXCHANG.NS,291313.2,2021-01-01,2026-09-06,1123,2022-02-22,2026-09-04,PASS,,2026-09-07T11:25:02
BSE,CYIENT,Cyient,CYIENT.BO,290240.95,2021-01-01,2026-09-06,1403,2021-01-01,2026-09-04,PASS,,2026-09-07T11:25:03
NSE,MBEL,M & B Engineering Limited,MBEL.NS,289831.15,2021-01-01,2026-09-06,271,2025-08-06,2026-09-04,INSUFFICIENT_HISTORY,,2026-09-07T11:25:03
NSE,MEDANTA,Global Health Limited,MEDANTA.NS,288894.2,2021-01-01,2026-09-06,941,2022-11-18,2026-09-04,PASS,,2026-09-07T11:25:04
NSE,RADICO,Radico Khaitan Limited,RADICO.NS,287033.55,2021-01-01,2026-09-06,1406,2021-01-01,2026-09-04,PASS,,2026-09-07T11:25:04
NSE,GSPCROP,GSP Crop Science Limited,GSPCROP.NS,284553.9,2021-01-01,2026-09-06,115,2026-03-24,2026-09-04,INSUFFICIENT_HISTORY,,2026-09-07T11:25:05
NSE,SEIL,Shanti Educational Initiatives Limited,SEIL.NS,284527.8461538461,2021-01-01,2026-09-06,14,2026-08-18,2026-09-04,INSUFFICIENT_HISTORY,,2026-09-07T11:25:05
NSE,SOUTHWEST,South West Pinnacle Exploration Limited,SOUTHWEST.NS,284437.3,2021-01-01,2026-09-06,1407,2021-01-01,2026-09-04,PASS,,2026-09-07T11:25:05
NSE,KRN,KRN Heat Exchanger and Refrigeration Limited,KRN.NS,284281.15,2021-01-01,2026-09-06,481,2024-10-03,2026-09-04,PASS,,2026-09-07T11:25:06
NSE,HEXAGON,Hexagon Nutrition Limited,HEXAGON.NS,282861.95,2021-01-01,2026-09-06,61,2026-06-12,2026-09-04,INSUFFICIENT_HISTORY,,2026-09-07T11:25:06
BSE,ASHOKA,Ashoka Buildcon,ASHOKA.BO,281940.8,2021-01-01,2026-09-06,1403,2021-01-01,2026-09-04,PASS,,2026-09-07T11:25:06
NSE,MANGLMCEM,Mangalam Cement Limited,MANGLMCEM.NS,281839.8,2021-01-01,2026-09-06,1405,2021-01-01,2026-09-04,PASS,,2026-09-07T11:25:07
NSE,KCP,KCP Limited,KCP.NS,281799.45,2021-01-01,2026-09-06,1406,2021-01-01,2026-09-04,PASS,,2026-09-07T11:25:07
NSE,CREDITACC,CREDITACCESS GRAMEEN LIMITED,CREDITACC.NS,281313.25,2021-01-01,2026-09-06,1407,2021-01-01,2026-09-04,PASS,,2026-09-07T11:25:08
BSE,GUJENERGY,Gujarat Energy,GUJENERGY.BO,279661.6,2021-01-01,2026-09-06,1403,2021-01-01,2026-09-04,PASS,,2026-09-07T11:25:08
BSE,RAIN,Rain Industries,RAIN.BO,279370.15,2021-01-01,2026-09-06,1403,2021-01-01,2026-09-04,PASS,,2026-09-07T11:25:08
NSE,ALPINETEX,Alpine Texworld Limited,ALPINETEX.NS,278710.1,2021-01-01,2026-09-06,34,2026-07-21,2026-09-04,INSUFFICIENT_HISTORY,,2026-09-07T11:25:09
NSE,JUSTDIAL,Just Dial Limited,JUSTDIAL.NS,278554.4,2021-01-01,2026-09-06,1407,2021-01-01,2026-09-04,PASS,,2026-09-07T11:25:09
NSE,MASFIN,MAS Financial Services Limited,MASFIN.NS,278211.35,2021-01-01,2026-09-06,1407,2021-01-01,2026-09-04,PASS,,2026-09-07T11:25:10
NSE,VRLLOG,VRL Logistics Limited,VRLLOG.NS,276952.2,2021-01-01,2026-09-06,1406,2021-01-01,2026-09-04,PASS,,2026-09-07T11:25:10
NSE,CHEMPLASTS,Chemplast Sanmar Limited,CHEMPLASTS.NS,276935.35,2021-01-01,2026-09-06,1249,2021-08-24,2026-09-04,PASS,,2026-09-07T11:25:11
NSE,ADVENZYMES,Advanced Enzyme Technologies Limited,ADVENZYMES.NS,276893.35,2021-01-01,2026-09-06,1407,2021-01-01,2026-09-04,PASS,,2026-09-07T11:25:11
NSE,VIMTALABS,Vimta Labs Limited,VIMTALABS.NS,276314.05,2021-01-01,2026-09-06,1407,2021-01-01,2026-09-04,PASS,,2026-09-07T11:25:12
BSE,NIACL,The New India Assurance Company,NIACL.BO,275810.55,2021-01-01,2026-09-06,1403,2021-01-01,2026-09-04,PASS,,2026-09-07T11:25:12
NSE,AUTOIND,Autoline Industries Limited,AUTOIND.NS,274574.5,2021-01-01,2026-09-06,1406,2021-01-01,2026-09-04,PASS,,2026-09-07T11:25:13
NSE,SULA,Sula Vineyards Limited,SULA.NS,274524.7,2021-01-01,2026-09-06,918,2022-12-22,2026-09-04,PASS,,2026-09-07T11:25:13
NSE,ELIN,Elin Electronics Limited,ELIN.NS,272184.5,2021-01-01,2026-09-06,911,2022-12-30,2026-09-04,PASS,,2026-09-07T11:25:13
NSE,DEEPAKFERT,Deepak Fertilizers and Petrochemicals Corporation Limited,DEEPAKFERT.NS,271781.2,2021-01-01,2026-09-06,1407,2021-01-01,2026-09-04,PASS,,2026-09-07T11:25:14
NSE,JNKINDIA,JNK India Limited,JNKINDIA.NS,271559.55,2021-01-01,2026-09-06,586,2024-04-30,2026-09-04,PASS,,2026-09-07T11:25:14
NSE,THEMISMED,Themis Medicare Limited,THEMISMED.NS,271508.15,2021-01-01,2026-09-06,1407,2021-01-01,2026-09-04,PASS,,2026-09-07T11:25:15
NSE,MGL,Mahanagar Gas Limited,MGL.NS,271497.25,2021-01-01,2026-09-06,1406,2021-01-01,2026-09-04,PASS,,2026-09-07T11:25:15
NSE,METROPOLIS,Metropolis Healthcare Limited,METROPOLIS.NS,271426.85,2021-01-01,2026-09-06,1407,2021-01-01,2026-09-04,PASS,,2026-09-07T11:25:16
NSE,VAIBHAVGBL,Vaibhav Global Limited,VAIBHAVGBL.NS,271215.5,2021-01-01,2026-09-06,1406,2021-01-01,2026-09-04,PASS,,2026-09-07T11:25:16
NSE,ITDC,India Tourism Development Corporation Limited,ITDC.NS,271182.95,2021-01-01,2026-09-06,1406,2021-01-01,2026-09-04,PASS,,2026-09-07T11:25:17
NSE,CRAMC,Canara Robeco Asset Management Company Limited,CRAMC.NS,270517.35,2021-01-01,2026-09-06,223,2025-10-16,2026-09-04,INSUFFICIENT_HISTORY,,2026-09-07T11:25:17
NSE,SONAMLTD,SONAM LIMITED,SONAMLTD.NS,270362.05,2021-01-01,2026-09-06,1405,2021-01-01,2026-09-04,PASS,,2026-09-07T11:25:18
BSE,GRMOVER,GRM Overseas,GRMOVER.BO,268837.85,2021-01-01,2026-09-06,1405,2021-01-01,2026-09-04,PASS,,2026-09-07T11:25:18
NSE,KECL,Kirloskar Electric Company Limited,KECL.NS,268343.15,2021-01-01,2026-09-06,1407,2021-01-01,2026-09-04,PASS,,2026-09-07T11:25:19
NSE,PREMEXPLN,Premier Explosives Limited,PREMEXPLN.NS,268148.25,2021-01-01,2026-09-06,1407,2021-01-01,2026-09-04,PASS,,2026-09-07T11:25:19
NSE,SATIN,Satin Creditcare Network Limited,SATIN.NS,267988.0,2021-01-01,2026-09-06,1406,2021-01-01,2026-09-04,PASS,,2026-09-07T11:25:20
BSE,BODALCHEM,Bodal Chemicals,BODALCHEM.BO,267082.85,2021-01-01,2026-09-06,1403,2021-01-01,2026-09-04,PASS,,2026-09-07T11:25:20
NSE,ACSTECH,ACS Technologies Limited,ACSTECH.NS,266479.1538461539,2021-01-01,2026-09-06,14,2026-08-18,2026-09-04,INSUFFICIENT_HISTORY,,2026-09-07T11:25:21
NSE,TATACOMM,Tata Communications Limited,TATACOMM.NS,265766.35,2021-01-01,2026-09-06,1407,2021-01-01,2026-09-04,PASS,,2026-09-07T11:25:21
NSE,AJMERA,Ajmera Realty & Infra India Limited,AJMERA.NS,265582.05,2021-01-01,2026-09-06,1407,2021-01-01,2026-09-04,PASS,,2026-09-07T11:25:22
NSE,GVPIL,GE Power India Limited,GVPIL.NS,265531.7,2021-01-01,2026-09-06,1407,2021-01-01,2026-09-04,PASS,,2026-09-07T11:25:22
BSE,PAYTM,One 97 Communications,PAYTM.BO,265126.25,2021-01-01,2026-09-06,1186,2021-11-18,2026-09-04,PASS,,2026-09-07T11:25:23
NSE,LAXMIINDIA,Laxmi India Finance Limited,LAXMIINDIA.NS,264532.2,2021-01-01,2026-09-06,271,2025-08-05,2026-09-04,INSUFFICIENT_HISTORY,,2026-09-07T11:25:23
BSE,AXISBANK,Axis Bank,AXISBANK.BO,264507.8,2021-01-01,2026-09-06,1403,2021-01-01,2026-09-04,PASS,,2026-09-07T11:25:23
BSE,JSWINFRA,JSW Infrastructure,JSWINFRA.BO,264406.0,2021-01-01,2026-09-06,722,2023-10-03,2026-09-04,PASS,,2026-09-07T11:25:24
NSE,CLSEL,Chaman Lal Setia Exports Limited,CLSEL.NS,262508.7,2021-01-01,2026-09-06,1318,2021-05-12,2026-09-04,PASS,,2026-09-07T11:25:24
NSE,CARBORUNIV,Carborundum Universal Limited,CARBORUNIV.NS,260511.6,2021-01-01,2026-09-06,1406,2021-01-01,2026-09-04,PASS,,2026-09-07T11:25:25
NSE,FLUOROCHEM,Gujarat Fluorochemicals Limited,FLUOROCHEM.NS,260258.05,2021-01-01,2026-09-06,1407,2021-01-01,2026-09-04,PASS,,2026-09-07T11:25:25
NSE,ACUTAAS,Acutaas Chemicals Limited,ACUTAAS.NS,260022.2,2021-01-01,2026-09-06,1235,2021-09-14,2026-09-04,PASS,,2026-09-07T11:25:26
NSE,OPTIEMUS,Optiemus Infracom Limited,OPTIEMUS.NS,259866.1,2021-01-01,2026-09-06,1406,2021-01-01,2026-09-04,PASS,,2026-09-07T11:25:26
BSE,CORDELIA,Waterways Leisure Tourism,CORDELIA.BO,258916.75,2021-01-01,2026-09-06,48,2026-07-01,2026-09-04,INSUFFICIENT_HISTORY,,2026-09-07T11:25:27
NSE,IVALUE,Ivalue Infosolutions Limited,IVALUE.NS,258858.5,2021-01-01,2026-09-06,236,2025-09-25,2026-09-04,INSUFFICIENT_HISTORY,,2026-09-07T11:25:27
NSE,IIFLCAPS,IIFL Capital Services Limited,IIFLCAPS.NS,258724.2,2021-01-01,2026-09-06,1406,2021-01-01,2026-09-04,PASS,,2026-09-07T11:25:27
NSE,FINKURVE,Finkurve Financial Services Limited,FINKURVE.NS,258629.25,2021-01-01,2026-09-06,229,2025-10-06,2026-09-04,INSUFFICIENT_HISTORY,,2026-09-07T11:25:28
NSE,POLYMED,Poly Medicure Limited,POLYMED.NS,257968.15,2021-01-01,2026-09-06,1407,2021-01-01,2026-09-04,PASS,,2026-09-07T11:25:28
BSE,TEJASNET,Tejas Networks,TEJASNET.BO,257884.45,2021-01-01,2026-09-06,1403,2021-01-01,2026-09-04,PASS,,2026-09-07T11:25:29
NSE,UNIVCABLES,Universal Cables Limited,UNIVCABLES.NS,257257.05,2021-01-01,2026-09-06,1407,2021-01-01,2026-09-04,PASS,,2026-09-07T11:25:29
NSE,MODISONLTD,MODISON LIMITED,MODISONLTD.NS,255627.0,2021-01-01,2026-09-06,1326,2021-05-03,2026-09-04,PASS,,2026-09-07T11:25:30
BSE,AEQUS,Aequs,AEQUS.BO,255271.65,2021-01-01,2026-09-06,184,2025-12-10,2026-09-04,INSUFFICIENT_HISTORY,,2026-09-07T11:25:30
NSE,CANTABIL,Cantabil Retail India Limited,CANTABIL.NS,254471.35,2021-01-01,2026-09-06,1405,2021-01-01,2026-09-04,PASS,,2026-09-07T11:25:30
NSE,SRF,SRF Limited,SRF.NS,254390.4,2021-01-01,2026-09-06,1407,2021-01-01,2026-09-04,PASS,,2026-09-07T11:25:31
NSE,TECHNOE,Techno Electric & Engineering Company Limited,TECHNOE.NS,253448.3,2021-01-01,2026-09-06,1407,2021-01-01,2026-09-04,PASS,,2026-09-07T11:25:31
NSE,PNBGILTS,PNB Gilts Limited,PNBGILTS.NS,249116.6,2021-01-01,2026-09-06,1407,2021-01-01,2026-09-04,PASS,,2026-09-07T11:25:32
NSE,GOKEX,Gokaldas Exports Limited,GOKEX.NS,248258.55,2021-01-01,2026-09-06,1407,2021-01-01,2026-09-04,PASS,,2026-09-07T11:25:32
NSE,RELAXO,Relaxo Footwears Limited,RELAXO.NS,247368.2,2021-01-01,2026-09-06,1406,2021-01-01,2026-09-04,PASS,,2026-09-07T11:25:33
NSE,CAPLIPOINT,Caplin Point Laboratories Limited,CAPLIPOINT.NS,246572.05,2021-01-01,2026-09-06,1406,2021-01-01,2026-09-04,PASS,,2026-09-07T11:25:33
NSE,KAJARIACER,Kajaria Ceramics Limited,KAJARIACER.NS,246123.95,2021-01-01,2026-09-06,1407,2021-01-01,2026-09-04,PASS,,2026-09-07T11:25:34
NSE,CLEANMAX,Clean Max Enviro Energy Solutions Limited,CLEANMAX.NS,245738.75,2021-01-01,2026-09-06,129,2026-03-02,2026-09-04,INSUFFICIENT_HISTORY,,2026-09-07T11:25:34
NSE,AFFLE,Affle 3i Limited,AFFLE.NS,245347.0,2021-01-01,2026-09-06,1407,2021-01-01,2026-09-04,PASS,,2026-09-07T11:25:35
BSE,LLOYDSENT,Lloyds Enterprises,LLOYDSENT.BO,244078.0,2021-01-01,2026-09-06,1403,2021-01-01,2026-09-04,PASS,,2026-09-07T11:25:35
BSE,EQUITASBNK,Equitas Small Finance Bank,EQUITASBNK.BO,241809.0,2021-01-01,2026-09-06,1403,2021-01-01,2026-09-04,PASS,,2026-09-07T11:25:36
NSE,SENORES,Senores Pharmaceuticals Limited,SENORES.NS,241696.0,2021-01-01,2026-09-06,422,2024-12-30,2026-09-04,PASS,,2026-09-07T11:25:36
BSE,GREAVESCOT,Greaves Cotton,501455.BO,241426.25,2021-01-01,2026-09-06,1365,2021-01-04,2026-07-17,PASS,,2026-09-07T11:25:37
BSE,MANAPPURAM,Manappuram Finance,MANAPPURAM.BO,240585.45,2021-01-01,2026-09-06,1403,2021-01-01,2026-09-04,PASS,,2026-09-07T11:25:37
NSE,VIJAYA,Vijaya Diagnostic Centre Limited,VIJAYA.NS,240418.0,2021-01-01,2026-09-06,1234,2021-09-14,2026-09-04,PASS,,2026-09-07T11:25:37
BSE,TBZ,Tribhovandas Bhimji Zaveri,TBZ.BO,240364.9,2021-01-01,2026-09-06,1406,2021-01-01,2026-09-04,PASS,,2026-09-07T11:25:38
NSE,GODIGIT,Go Digit General Insurance Limited,GODIGIT.NS,240360.8,2021-01-01,2026-09-06,571,2024-05-23,2026-09-04,PASS,,2026-09-07T11:25:38
NSE,SANDHAR,Sandhar Technologies Limited,SANDHAR.NS,240215.95,2021-01-01,2026-09-06,1407,2021-01-01,2026-09-04,PASS,,2026-09-07T11:25:39
NSE,ZYDUSWELL,Zydus Wellness Limited,ZYDUSWELL.NS,239330.25,2021-01-01,2026-09-06,1407,2021-01-01,2026-09-04,PASS,,2026-09-07T11:25:39
NSE,BAJAJ-AUTO,Bajaj Auto Limited,BAJAJ-AUTO.NS,238684.55,2021-01-01,2026-09-06,1407,2021-01-01,2026-09-04,PASS,,2026-09-07T11:25:40
BSE,FMGOETZE,Federal Mogul Goetze,FMGOETZE.BO,237892.5,2021-01-01,2026-09-06,1403,2021-01-01,2026-09-04,PASS,,2026-09-07T11:25:40
NSE,ECLERX,eClerx Services Limited,ECLERX.NS,237859.2,2021-01-01,2026-09-06,1407,2021-01-01,2026-09-04,PASS,,2026-09-07T11:25:41
NSE,MMFL,MM Forgings Limited,MMFL.NS,237679.7,2021-01-01,2026-09-06,1407,2021-01-01,2026-09-04,PASS,,2026-09-07T11:25:41
NSE,HARSHA,Harsha Engineers International Limited,HARSHA.NS,236595.2,2021-01-01,2026-09-06,977,2022-09-26,2026-09-04,PASS,,2026-09-07T11:25:42
BSE,FIRSTCRY,Firstcry (Brainbees Solutions),FIRSTCRY.BO,236317.0,2021-01-01,2026-09-06,513,2024-08-13,2026-09-04,PASS,,2026-09-07T11:25:42
BSE,JTLIND,JTL Industries,JTLIND.BO,236014.3,2021-01-01,2026-09-06,1404,2021-01-01,2026-09-04,PASS,,2026-09-07T11:25:42
BSE,INDHOTEL,Indian Hotels Company,500850.BO,235978.95,2021-01-01,2026-09-06,1365,2021-01-04,2026-07-17,PASS,,2026-09-07T11:25:43
NSE,DEEDEV,DEE Development Engineers Limited,DEEDEV.NS,235321.6,2021-01-01,2026-09-06,548,2024-06-26,2026-09-04,PASS,,2026-09-07T11:25:43
NSE,SIS,SIS LIMITED,SIS.NS,234818.05,2021-01-01,2026-09-06,1406,2021-01-01,2026-09-04,PASS,,2026-09-07T11:25:44
NSE,ROSSTECH,Rossell Techsys Limited,ROSSTECH.NS,234776.8,2021-01-01,2026-09-06,434,2024-12-10,2026-09-04,PASS,,2026-09-07T11:25:44
NSE,VOEPL,Virtuoso Optoelectronics Limited,VOEPL.NS,233572.9,2021-01-01,2026-09-06,48,2026-07-01,2026-09-04,INSUFFICIENT_HISTORY,,2026-09-07T11:25:45
BSE,KNRCON,KNR Constructions,KNRCON.BO,233114.9,2021-01-01,2026-09-06,1403,2021-01-01,2026-09-04,PASS,,2026-09-07T11:25:45
BSE,CONFIPET,Confidence Petroleum,CONFIPET.BO,232926.25,2021-01-01,2026-09-06,1403,2021-01-01,2026-09-04,PASS,,2026-09-07T11:25:45
NSE,SANSERA,Sansera Engineering Limited,SANSERA.NS,232715.25,2021-01-01,2026-09-06,1227,2021-09-24,2026-09-04,PASS,,2026-09-07T11:25:46
NSE,MEDIASSIST,Medi Assist Healthcare Services Limited,MEDIASSIST.NS,232680.5,2021-01-01,2026-09-06,650,2024-01-23,2026-09-04,PASS,,2026-09-07T11:25:46
NSE,ULTRACEMCO,UltraTech Cement Limited,ULTRACEMCO.NS,232239.3,2021-01-01,2026-09-06,1407,2021-01-01,2026-09-04,PASS,,2026-09-07T11:25:47
NSE,BALAMINES,Balaji Amines Limited,BALAMINES.NS,231901.65,2021-01-01,2026-09-06,1407,2021-01-01,2026-09-04,PASS,,2026-09-07T11:25:47
NSE,UGROCAP,Ugro Capital Limited,UGROCAP.NS,231452.1,2021-01-01,2026-09-06,1256,2021-08-11,2026-09-04,PASS,,2026-09-07T11:25:48
BSE,SUSAN,Susan Electricals,SUSAN.BO,230600.0,2021-01-01,2026-09-06,57,2026-06-18,2026-09-04,INSUFFICIENT_HISTORY,,2026-09-07T11:25:48
BSE,JAYNECOIND,Jayaswal Neco Industries,JAYNECOIND.BO,230176.05,2021-01-01,2026-09-06,1403,2021-01-01,2026-09-04,PASS,,2026-09-07T11:25:48
NSE,TRUALT,TruAlt Bioenergy Limited,TRUALT.NS,230134.95,2021-01-01,2026-09-06,231,2025-10-06,2026-09-04,INSUFFICIENT_HISTORY,,2026-09-07T11:25:49
NSE,GOPAL,Gopal Snacks Limited,GOPAL.NS,229762.35,2021-01-01,2026-09-06,615,2024-03-14,2026-09-04,PASS,,2026-09-07T11:25:49
NSE,SPLPETRO,Supreme Petrochem Limited,SPLPETRO.NS,229533.75,2021-01-01,2026-09-06,1407,2021-01-01,2026-09-04,PASS,,2026-09-07T11:25:50
NSE,SGFIN,SG Finserve Limited,SGFIN.NS,228873.45,2021-01-01,2026-09-06,272,2025-08-05,2026-09-04,INSUFFICIENT_HISTORY,,2026-09-07T11:25:50
BSE,CAPILLARY,Capillary Technologies,CAPILLARY.BO,228034.55,2021-01-01,2026-09-06,197,2025-11-21,2026-09-04,INSUFFICIENT_HISTORY,,2026-09-07T11:25:51
NSE,SHAHALLOYS,Shah Alloys Limited,SHAHALLOYS.NS,227851.05,2021-01-01,2026-09-06,1406,2021-01-01,2026-09-04,PASS,,2026-09-07T11:25:51
NSE,DLINKINDIA,D-Link (India) Limited,DLINKINDIA.NS,227824.65,2021-01-01,2026-09-06,1407,2021-01-01,2026-09-04,PASS,,2026-09-07T11:25:51
NSE,CRIZAC,Crizac Limited,CRIZAC.NS,227242.5,2021-01-01,2026-09-06,291,2025-07-09,2026-09-04,INSUFFICIENT_HISTORY,,2026-09-07T11:25:52
BSE,ASIANTILES,Asian Granito,ASIANTILES.BO,226538.5,2021-01-01,2026-09-06,1403,2021-01-01,2026-09-04,PASS,,2026-09-07T11:25:52
NSE,DBL,Dilip Buildcon Limited,DBL.NS,225979.5,2021-01-01,2026-09-06,1405,2021-01-01,2026-09-04,PASS,,2026-09-07T11:25:53
NSE,CHALET,Chalet Hotels Limited,CHALET.NS,225970.45,2021-01-01,2026-09-06,1407,2021-01-01,2026-09-04,PASS,,2026-09-07T11:25:53
BSE,PRSMJOHNSN,Prism Johnson,PRSMJOHNSN.BO,225310.0,2021-01-01,2026-09-06,1403,2021-01-01,2026-09-04,PASS,,2026-09-07T11:25:54
NSE,JTEKTINDIA,Jtekt India Limited,JTEKTINDIA.NS,225221.1,2021-01-01,2026-09-06,1407,2021-01-01,2026-09-04,PASS,,2026-09-07T11:25:54
NSE,TEGA,Tega Industries Limited,TEGA.NS,225008.4,2021-01-01,2026-09-06,1173,2021-12-13,2026-09-04,PASS,,2026-09-07T11:25:55
BSE,MCX,MCX,MCX.BO,223959.95,2021-01-01,2026-09-06,1405,2021-01-01,2026-09-04,PASS,,2026-09-07T11:25:55
NSE,AARTIDRUGS,Aarti Drugs Limited,AARTIDRUGS.NS,222798.0,2021-01-01,2026-09-06,1407,2021-01-01,2026-09-04,PASS,,2026-09-07T11:25:56
NSE,DOLATALGO,Dolat Algotech Limited,DOLATALGO.NS,222794.6,2021-01-01,2026-09-06,1406,2021-01-01,2026-09-04,PASS,,2026-09-07T11:25:56
BSE,OIL,Oil India,533106.BO,222737.85,2021-01-01,2026-09-06,1374,2021-01-04,2026-07-17,PASS,,2026-09-07T11:25:56
NSE,20MICRONS,20 Microns Limited,20MICRONS.NS,221995.05,2021-01-01,2026-09-06,1406,2021-01-01,2026-09-04,PASS,,2026-09-07T11:25:57
NSE,AURIONPRO,Aurionpro Solutions Limited,AURIONPRO.NS,221914.7,2021-01-01,2026-09-06,1407,2021-01-01,2026-09-04,PASS,,2026-09-07T11:25:57
NSE,ABREL,Aditya Birla Real Estate Limited,ABREL.NS,220389.85,2021-01-01,2026-09-06,1407,2021-01-01,2026-09-04,PASS,,2026-09-07T11:25:58
BSE,ABCAPITAL,Aditya Birla Capital,ABCAPITAL.BO,220256.2,2021-01-01,2026-09-06,1403,2021-01-01,2026-09-04,PASS,,2026-09-07T11:25:58
NSE,NAVKARCORP,Navkar Corporation Limited,NAVKARCORP.NS,219865.85,2021-01-01,2026-09-06,1407,2021-01-01,2026-09-04,PASS,,2026-09-07T11:25:59
BSE,BANKINDIA,Bank of India,BANKINDIA.BO,219652.5,2021-01-01,2026-09-06,1403,2021-01-01,2026-09-04,PASS,,2026-09-07T11:25:59
BSE,M&M,Mahindra & Mahindra,500520.BO,218990.7,2021-01-01,2026-09-06,1365,2021-01-04,2026-07-17,PASS,,2026-09-07T11:26:00
BSE,GENUSPOWER,Genus Power Infrastructures,GENUSPOWER.BO,218974.15,2021-01-01,2026-09-06,1403,2021-01-01,2026-09-04,PASS,,2026-09-07T11:26:00
NSE,ARVINDFASN,Arvind Fashions Limited,ARVINDFASN.NS,218945.6,2021-01-01,2026-09-06,1407,2021-01-01,2026-09-04,PASS,,2026-09-07T11:26:01
NSE,ADVANCE,Advance Agrolife Limited,ADVANCE.NS,218443.1,2021-01-01,2026-09-06,228,2025-10-08,2026-09-04,INSUFFICIENT_HISTORY,,2026-09-07T11:26:01
NSE,GMMPFAUDLR,GMM Pfaudler Limited,GMMPFAUDLR.NS,218219.65,2021-01-01,2026-09-06,1406,2021-01-01,2026-09-04,PASS,,2026-09-07T11:26:02
BSE,DCBBANK,DCB Bank,DCBBANK.BO,217567.9,2021-01-01,2026-09-06,1403,2021-01-01,2026-09-04,PASS,,2026-09-07T11:26:02
BSE,EMBDL,Embassy Developments,EMBDL.BO,217531.4,2021-01-01,2026-09-06,1404,2021-01-01,2026-09-04,PASS,,2026-09-07T11:26:03
NSE,NEOGEN,Neogen Chemicals Limited,NEOGEN.NS,217265.65,2021-01-01,2026-09-06,1407,2021-01-01,2026-09-04,PASS,,2026-09-07T11:26:03
NSE,TIRUPATIFL,Tirupati Forge Limited,TIRUPATIFL.NS,217178.2,2021-01-01,2026-09-06,1405,2021-01-01,2026-09-04,PASS,,2026-09-07T11:26:04
BSE,SBIFUNDS,SBI Funds Management,SBIFUNDS.BO,217026.8,2021-01-01,2026-09-06,34,2026-07-21,2026-09-04,INSUFFICIENT_HISTORY,,2026-09-07T11:26:04
NSE,OFSS,Oracle Financial Services Software Limited,OFSS.NS,216511.85,2021-01-01,2026-09-06,1407,2021-01-01,2026-09-04,PASS,,2026-09-07T11:26:05
NSE,HINDWAREAP,Hindware Home Innovation Limited,HINDWAREAP.NS,216471.55,2021-01-01,2026-09-06,1406,2021-01-01,2026-09-04,PASS,,2026-09-07T11:26:05
NSE,VALIANTLAB,Valiant Laboratories Limited,VALIANTLAB.NS,216417.3,2021-01-01,2026-09-06,722,2023-10-06,2026-09-04,PASS,,2026-09-07T11:26:05
BSE,AIIL,Authum Inv & Infr,AIIL.BO,215767.0,2021-01-01,2026-09-06,1405,2021-01-01,2026-09-04,PASS,,2026-09-07T11:26:06
NSE,MANAKSTEEL,Manaksia Steels Limited,MANAKSTEEL.NS,215766.3,2021-01-01,2026-09-06,1406,2021-01-01,2026-09-04,PASS,,2026-09-07T11:26:06
BSE,KPITTECH,KPIT Technologies,KPITTECH.BO,215625.4,2021-01-01,2026-09-06,1403,2021-01-01,2026-09-04,PASS,,2026-09-07T11:26:07
NSE,SIGNATURE,Signatureglobal (India) Limited,SIGNATURE.NS,214988.65,2021-01-01,2026-09-06,727,2023-09-27,2026-09-04,PASS,,2026-09-07T11:26:07
NSE,BIRLACABLE,Birla Cable Limited,BIRLACABLE.NS,214884.95,2021-01-01,2026-09-06,1406,2021-01-01,2026-09-04,PASS,,2026-09-07T11:26:08
NSE,ANANDRATHI,Anand Rathi Wealth Limited,ANANDRATHI.NS,214749.25,2021-01-01,2026-09-06,1173,2021-12-14,2026-09-04,PASS,,2026-09-07T11:26:08
NSE,UNIMECH,Unimech Aerospace and Manufacturing Limited,UNIMECH.NS,214334.1,2021-01-01,2026-09-06,420,2024-12-31,2026-09-04,PASS,,2026-09-07T11:26:09
BSE,PATANJALI,Patanjali Foods,PATANJALI.BO,213334.1,2021-01-01,2026-09-06,1405,2021-01-01,2026-09-04,PASS,,2026-09-07T11:26:09
BSE,JMFINANCIL,JM Financial,523405.BO,213129.45,2021-01-01,2026-09-06,1365,2021-01-04,2026-07-17,PASS,,2026-09-07T11:26:09
BSE,VINCOFE,Vintage Coffee & Beverages,VINCOFE.BO,213070.2,2021-01-01,2026-09-06,1403,2021-01-01,2026-09-04,PASS,,2026-09-07T11:26:10
BSE,ITCHOTELS,ITC Hotels,ITCHOTELS.BO,212488.7,2021-01-01,2026-09-06,397,2025-01-29,2026-09-04,INSUFFICIENT_HISTORY,,2026-09-07T11:26:10
BSE,EMAMILTD,Emami,EMAMILTD.BO,212397.8,2021-01-01,2026-09-06,1403,2021-01-01,2026-09-04,PASS,,2026-09-07T11:26:11
NSE,PRINCEPIPE,Prince Pipes And Fittings Limited,PRINCEPIPE.NS,212080.6,2021-01-01,2026-09-06,1406,2021-01-01,2026-09-04,PASS,,2026-09-07T11:26:11
BSE,NYKAA,Nykaa,NYKAA.BO,211921.65,2021-01-01,2026-09-06,1192,2021-11-10,2026-09-04,PASS,,2026-09-07T11:26:11
NSE,AETHER,Aether Industries Limited,AETHER.NS,211826.0,2021-01-01,2026-09-06,1056,2022-06-03,2026-09-04,PASS,,2026-09-07T11:26:12
NSE,TIL,TIL Limited,TIL.NS,211742.6,2021-01-01,2026-09-06,1406,2021-01-01,2026-09-04,PASS,,2026-09-07T11:26:13
NSE,PDMJEPAPER,Pudumjee Paper Products Limited,PDMJEPAPER.NS,211270.1,2021-01-01,2026-09-06,1406,2021-01-01,2026-09-04,PASS,,2026-09-07T11:26:13
BSE,GODIGIT,Go Digit General Insurance,GODIGIT.BO,210670.65,2021-01-01,2026-09-06,569,2024-05-23,2026-09-04,PASS,,2026-09-07T11:26:13
BSE,YATRA,Yatra Online,YATRA.BO,210454.0,2021-01-01,2026-09-06,724,2023-09-28,2026-09-04,PASS,,2026-09-07T11:26:14
NSE,SUNDRMFAST,Sundram Fasteners Limited,SUNDRMFAST.NS,210345.35,2021-01-01,2026-09-06,1406,2021-01-01,2026-09-04,PASS,,2026-09-07T11:26:14
NSE,CSM,CSM Technologies Limited,CSM.NS,209947.6,2021-01-01,2026-09-06,47,2026-07-02,2026-09-04,INSUFFICIENT_HISTORY,,2026-09-07T11:26:15
NSE,KANSAINER,Kansai Nerolac Paints Limited,KANSAINER.NS,209581.8,2021-01-01,2026-09-06,1405,2021-01-01,2026-09-04,PASS,,2026-09-07T11:26:15
NSE,MAPMYINDIA,C.E. Info Systems Limited,MAPMYINDIA.NS,209411.75,2021-01-01,2026-09-06,1167,2021-12-21,2026-09-04,PASS,,2026-09-07T11:26:16
NSE,INDRAMEDCO,Indraprastha Medical Corporation Limited,INDRAMEDCO.NS,207767.3,2021-01-01,2026-09-06,1407,2021-01-01,2026-09-04,PASS,,2026-09-07T11:26:16
NSE,EUROPRATIK,Euro Pratik Sales Limited,EUROPRATIK.NS,207280.65,2021-01-01,2026-09-06,238,2025-09-23,2026-09-04,INSUFFICIENT_HISTORY,,2026-09-07T11:26:17
BSE,NETWEB,Netweb Technologies,NETWEB.BO,207221.9,2021-01-01,2026-09-06,767,2023-07-27,2026-09-04,PASS,,2026-09-07T11:26:17
BSE,SCI,Shipping Corporation of India,SCI.BO,207197.75,2021-01-01,2026-09-06,1404,2021-01-01,2026-09-04,PASS,,2026-09-07T11:26:18
NSE,LAOPALA,La Opala RG Limited,LAOPALA.NS,206852.3,2021-01-01,2026-09-06,1407,2021-01-01,2026-09-04,PASS,,2026-09-07T11:26:18
NSE,ORIENTCEM,Orient Cement Limited,ORIENTCEM.NS,206668.0,2021-01-01,2026-09-06,1406,2021-01-01,2026-09-04,PASS,,2026-09-07T11:26:19
NSE,ANDHRAPAP,ANDHRA PAPER LIMITED,ANDHRAPAP.NS,206530.65,2021-01-01,2026-09-06,1406,2021-01-01,2026-09-04,PASS,,2026-09-07T11:26:19
NSE,PROTEAN,Protean eGov Technologies Limited,PROTEAN.NS,205804.7,2021-01-01,2026-09-06,393,2025-02-06,2026-09-04,INSUFFICIENT_HISTORY,,2026-09-07T11:26:20
NSE,SHINDL,Sharat Industries Limited,SHINDL.NS,205703.0,2021-01-01,2026-09-06,14,2026-08-18,2026-09-04,INSUFFICIENT_HISTORY,,2026-09-07T11:26:20
BSE,SAMHI,Samhi Hotels,SAMHI.BO,204501.05,2021-01-01,2026-09-06,728,2023-09-22,2026-09-04,PASS,,2026-09-07T11:26:20
BSE,BMW,BMW Industries,BMW.BO,203987.7,2021-01-01,2026-09-06,1403,2021-01-01,2026-09-04,PASS,,2026-09-07T11:26:21
BSE,JINDALSAW,Jindal SAW,500378.BO,203275.6,2021-01-01,2026-09-06,1376,2021-01-04,2026-07-17,PASS,,2026-09-07T11:26:21
NSE,MANCREDIT,Mangal Credit and Fincorp Limited,MANCREDIT.NS,203025.55,2021-01-01,2026-09-06,512,2024-08-16,2026-09-04,PASS,,2026-09-07T11:26:22
NSE,SWARAJ,Swaraj Suiting Limited,SWARAJ.NS,202705.3,2021-01-01,2026-09-06,1089,2022-04-11,2026-09-04,PASS,,2026-09-07T11:26:22
NSE,SUPREMEIND,Supreme Industries Limited,SUPREMEIND.NS,202619.15,2021-01-01,2026-09-06,1407,2021-01-01,2026-09-04,PASS,,2026-09-07T11:26:23
NSE,SPMLINFRA,SPML Infra Limited,SPMLINFRA.NS,202067.3,2021-01-01,2026-09-06,1407,2021-01-01,2026-09-04,PASS,,2026-09-07T11:26:23
NSE,EIHOTEL,EIH Limited,EIHOTEL.NS,201873.05,2021-01-01,2026-09-06,1407,2021-01-01,2026-09-04,PASS,,2026-09-07T11:26:24
NSE,INDIGOPNTS,Indigo Paints Limited,INDIGOPNTS.NS,201481.7,2021-01-01,2026-09-06,1386,2021-02-02,2026-09-04,PASS,,2026-09-07T11:26:24
NSE,PROSTARM,Prostarm Info Systems Limited,PROSTARM.NS,200985.2,2021-01-01,2026-09-06,316,2025-06-03,2026-09-04,INSUFFICIENT_HISTORY,,2026-09-07T11:26:25
BSE,MMTC,MMTC,MMTC.BO,200753.0,2021-01-01,2026-09-06,1403,2021-01-01,2026-09-04,PASS,,2026-09-07T11:26:25
NSE,HCG,Healthcare Global Enterprises Limited,HCG.NS,200294.05,2021-01-01,2026-09-06,1407,2021-01-01,2026-09-04,PASS,,2026-09-07T11:26:25
NSE,CANFINHOME,Can Fin Homes Limited,CANFINHOME.NS,199651.15,2021-01-01,2026-09-06,1407,2021-01-01,2026-09-04,PASS,,2026-09-07T11:26:26
NSE,ABSLAMC,Aditya Birla Sun Life AMC Limited,ABSLAMC.NS,199484.65,2021-01-01,2026-09-06,1216,2021-10-11,2026-09-04,PASS,,2026-09-07T11:26:26
NSE,AAREYDRUGS,Aarey Drugs & Pharmaceuticals Limited,AAREYDRUGS.NS,199441.35,2021-01-01,2026-09-06,1258,2021-08-06,2026-09-04,PASS,,2026-09-07T11:26:27
NSE,LALPATHLAB,Dr. Lal Path Labs Ltd.,LALPATHLAB.NS,198664.8,2021-01-01,2026-09-06,1407,2021-01-01,2026-09-04,PASS,,2026-09-07T11:26:27
NSE,MEDPLUS,Medplus Health Services Limited,MEDPLUS.NS,198572.3,2021-01-01,2026-09-06,1164,2021-12-23,2026-09-04,PASS,,2026-09-07T11:26:28
BSE,DELHIVERY,Delhivery,DELHIVERY.BO,198498.95,2021-01-01,2026-09-06,1060,2022-05-24,2026-09-04,PASS,,2026-09-07T11:26:28
NSE,GREENLAM,Greenlam Industries Limited,GREENLAM.NS,198011.95,2021-01-01,2026-09-06,1405,2021-01-01,2026-09-04,PASS,,2026-09-07T11:26:29
BSE,THYROCARE,Thyrocare Technologies,THYROCARE.BO,197075.8,2021-01-01,2026-09-06,1405,2021-01-01,2026-09-04,PASS,,2026-09-07T11:26:29
BSE,PARACABLES,Paramount Communications,530555.BO,196623.35,2021-01-01,2026-09-06,1365,2021-01-04,2026-07-17,PASS,,2026-09-07T11:26:30
NSE,SILGO,Silgo Retail Limited,SILGO.NS,196537.8,2021-01-01,2026-09-06,1406,2021-01-01,2026-09-04,PASS,,2026-09-07T11:26:30
NSE,MARKOLINES,Markolines Pavement Technologies Limited,MARKOLINES.NS,196434.3,2021-01-01,2026-09-06,223,2025-10-14,2026-09-04,INSUFFICIENT_HISTORY,,2026-09-07T11:26:31
BSE,SHRIRAMFIN,Shriram Finance,SHRIRAMFIN.BO,195816.3,2021-01-01,2026-09-06,1404,2021-01-01,2026-09-04,PASS,,2026-09-07T11:26:31
NSE,SCODATUBES,Scoda Tubes Limited,SCODATUBES.NS,195708.3,2021-01-01,2026-09-06,316,2025-06-04,2026-09-04,INSUFFICIENT_HISTORY,,2026-09-07T11:26:32
NSE,ATULAUTO,Atul Auto Limited,ATULAUTO.NS,195209.95,2021-01-01,2026-09-06,1407,2021-01-01,2026-09-04,PASS,,2026-09-07T11:26:32
NSE,DREDGECORP,Dredging Corporation of India Limited,DREDGECORP.NS,194998.35,2021-01-01,2026-09-06,1407,2021-01-01,2026-09-04,PASS,,2026-09-07T11:26:32
NSE,ULTRAMAR,Ultramarine & Pigments Limited,ULTRAMAR.NS,194829.15,2021-01-01,2026-09-06,97,2026-04-22,2026-09-04,INSUFFICIENT_HISTORY,,2026-09-07T11:26:33
NSE,ROUTE,ROUTE MOBILE LIMITED,ROUTE.NS,194808.9,2021-01-01,2026-09-06,1407,2021-01-01,2026-09-04,PASS,,2026-09-07T11:26:33
BSE,WEWORK,WeWork India Management,WEWORK.BO,193961.25,2021-01-01,2026-09-06,225,2025-10-10,2026-09-04,INSUFFICIENT_HISTORY,,2026-09-07T11:26:34
BSE,HDFCLIFE,HDFC Life Insurance,HDFCLIFE.BO,193618.1,2021-01-01,2026-09-06,1403,2021-01-01,2026-09-04,PASS,,2026-09-07T11:26:34
NSE,GODFRYPHLP,Godfrey Phillips India Limited,GODFRYPHLP.NS,193531.8,2021-01-01,2026-09-06,1407,2021-01-01,2026-09-04,PASS,,2026-09-07T11:26:35
BSE,KARURVYSYA,Karur Vysya Bank,590003.BO,193273.2,2021-01-01,2026-09-06,1383,2021-01-04,2026-07-17,PASS,,2026-09-07T11:26:35
BSE,TATATECH,Tata Technologies,TATATECH.BO,193139.4,2021-01-01,2026-09-06,686,2023-11-30,2026-09-04,PASS,,2026-09-07T11:26:36
NSE,ASAHIINDIA,Asahi India Glass Limited,ASAHIINDIA.NS,193071.9,2021-01-01,2026-09-06,1407,2021-01-01,2026-09-04,PASS,,2026-09-07T11:26:37
NSE,ADVENTHTL,Advent Hotels International Limited,ADVENTHTL.NS,192748.7,2021-01-01,2026-09-06,205,2025-11-13,2026-09-04,INSUFFICIENT_HISTORY,,2026-09-07T11:26:37
NSE,ROSSELLIND,Rossell India Limited,ROSSELLIND.NS,192538.25,2021-01-01,2026-09-06,1405,2021-01-01,2026-09-04,PASS,,2026-09-07T11:26:38
NSE,GRAVITA,Gravita India Limited,GRAVITA.NS,192459.9,2021-01-01,2026-09-06,1407,2021-01-01,2026-09-04,PASS,,2026-09-07T11:26:38
NSE,PITTIENG,Pitti Engineering Limited,PITTIENG.NS,192327.95,2021-01-01,2026-09-06,1405,2021-01-01,2026-09-04,PASS,,2026-09-07T11:26:39
BSE,HAPPSTMNDS,Happiest Minds Technologies,HAPPSTMNDS.BO,192259.5,2021-01-01,2026-09-06,1403,2021-01-01,2026-09-04,PASS,,2026-09-07T11:26:39
NSE,SEDEMAC,SEDEMAC Mechatronics Limited,SEDEMAC.NS,192148.2,2021-01-01,2026-09-06,124,2026-03-11,2026-09-04,INSUFFICIENT_HISTORY,,2026-09-07T11:26:40
NSE,KAVDEFENCE,Kavveri Defence & Wireless Technologies Limited,KAVDEFENCE.NS,192015.0,2021-01-01,2026-09-06,1407,2021-01-01,2026-09-04,PASS,,2026-09-07T11:26:40
NSE,ARIHANTCAP,Arihant Capital Markets Limited,ARIHANTCAP.NS,191892.7,2021-01-01,2026-09-06,1297,2021-06-15,2026-09-04,PASS,,2026-09-07T11:26:40
NSE,RSYSTEMS,R Systems International Limited,RSYSTEMS.NS,191230.95,2021-01-01,2026-09-06,1407,2021-01-01,2026-09-04,PASS,,2026-09-07T11:26:41
NSE,EKC,Everest Kanto Cylinder Limited,EKC.NS,191167.05,2021-01-01,2026-09-06,1406,2021-01-01,2026-09-04,PASS,,2026-09-07T11:26:41
BSE,AASTHA,Aastha Spintex,AASTHA.BO,190819.05,2021-01-01,2026-09-06,45,2026-07-06,2026-09-04,INSUFFICIENT_HISTORY,,2026-09-07T11:26:42
NSE,TALBROAUTO,Talbros Automotive Components Limited,TALBROAUTO.NS,190314.9,2021-01-01,2026-09-06,1407,2021-01-01,2026-09-04,PASS,,2026-09-07T11:26:42
NSE,STOVEKRAFT,Stove Kraft Limited,STOVEKRAFT.NS,190278.85,2021-01-01,2026-09-06,1381,2021-02-08,2026-09-04,PASS,,2026-09-07T11:26:42
BSE,IMAGICAA,Imagicaaworld Entertainment,IMAGICAA.BO,190252.95,2021-01-01,2026-09-06,1403,2021-01-01,2026-09-04,PASS,,2026-09-07T11:26:43
NSE,ALIVUS,Alivus Life Sciences Limited,ALIVUS.NS,190214.8,2021-01-01,2026-09-06,1259,2021-08-06,2026-09-04,PASS,,2026-09-07T11:26:43
NSE,ARSSBL,Anand Rathi Share and Stock Brokers Limited,ARSSBL.NS,189417.6,2021-01-01,2026-09-06,234,2025-09-30,2026-09-04,INSUFFICIENT_HISTORY,,2026-09-07T11:26:44
NSE,GLAXO,GlaxoSmithKline Pharmaceuticals Limited,GLAXO.NS,189326.3,2021-01-01,2026-09-06,1407,2021-01-01,2026-09-04,PASS,,2026-09-07T11:26:44
NSE,UNIPARTS,Uniparts India Limited,UNIPARTS.NS,188854.05,2021-01-01,2026-09-06,925,2022-12-12,2026-09-04,PASS,,2026-09-07T11:26:45
NSE,SANSTAR,Sanstar Limited,SANSTAR.NS,188689.9,2021-01-01,2026-09-06,528,2024-07-26,2026-09-04,PASS,,2026-09-07T11:26:45
NSE,AYMSYNTEX,AYM Syntex Limited,AYMSYNTEX.NS,187824.7,2021-01-01,2026-09-06,1406,2021-01-01,2026-09-04,PASS,,2026-09-07T11:26:46
NSE,JLHL,Jupiter Life Line Hospitals Limited,JLHL.NS,187815.95,2021-01-01,2026-09-06,735,2023-09-18,2026-09-04,PASS,,2026-09-07T11:26:46
NSE,VSSL,Vardhman Special Steels Limited,VSSL.NS,187574.75,2021-01-01,2026-09-06,1406,2021-01-01,2026-09-04,PASS,,2026-09-07T11:26:46
BSE,MOL,Meghmani Organics,MOL.BO,187061.35,2021-01-01,2026-09-06,1248,2021-08-18,2026-09-04,PASS,,2026-09-07T11:26:47
NSE,SICAGEN,Sicagen India Limited,SICAGEN.NS,186930.6,2021-01-01,2026-09-06,243,2021-01-01,2026-09-04,INSUFFICIENT_HISTORY,,2026-09-07T11:26:47
NSE,TIPSMUSIC,Tips Music Limited,TIPSMUSIC.NS,186708.7,2021-01-01,2026-09-06,1407,2021-01-01,2026-09-04,PASS,,2026-09-07T11:26:48
BSE,CAMS,CAMS,CAMS.BO,186423.0,2021-01-01,2026-09-06,1405,2021-01-01,2026-09-04,PASS,,2026-09-07T11:26:48
BSE,RNITAI,Rnit Ai Solutions,RNITAI.BO,186336.55,2021-01-01,2026-09-06,1403,2021-01-01,2026-09-04,PASS,,2026-09-07T11:26:49
BSE,HEXT,Hexaware Technologies,HEXT.BO,186254.4,2021-01-01,2026-09-06,382,2025-02-19,2026-09-04,INSUFFICIENT_HISTORY,,2026-09-07T11:26:49
NSE,MVGJL,Manoj Vaibhav Gems N Jewellers Limited,MVGJL.NS,186132.5,2021-01-01,2026-09-06,724,2023-10-03,2026-09-04,PASS,,2026-09-07T11:26:49
NSE,KUANTUM,Kuantum Papers Limited,KUANTUM.NS,185876.05,2021-01-01,2026-09-06,1405,2021-01-01,2026-09-04,PASS,,2026-09-07T11:26:50
NSE,NEPHROPLUS,Nephrocare Health Services Limited,NEPHROPLUS.NS,185453.35,2021-01-01,2026-09-06,180,2025-12-17,2026-09-04,INSUFFICIENT_HISTORY,,2026-09-07T11:26:50
NSE,KIRLPNU,Kirloskar Pneumatic Company Limited,KIRLPNU.NS,185328.2,2021-01-01,2026-09-06,835,2023-04-26,2026-09-04,PASS,,2026-09-07T11:26:51
NSE,CARRARO,Carraro India Limited,CARRARO.NS,184786.8,2021-01-01,2026-09-06,420,2024-12-30,2026-09-04,PASS,,2026-09-07T11:26:51
NSE,AGI,AGI Greenpac Limited,AGI.NS,184386.7,2021-01-01,2026-09-06,1406,2021-01-01,2026-09-04,PASS,,2026-09-07T11:26:51
NSE,DCI,Dc Infotech And Communication Limited,DCI.NS,184011.4,2021-01-01,2026-09-06,1405,2021-01-01,2026-09-04,PASS,,2026-09-07T11:26:52
NSE,JAGRAN,Jagran Prakashan Limited,JAGRAN.NS,183880.45,2021-01-01,2026-09-06,1406,2021-01-01,2026-09-04,PASS,,2026-09-07T11:26:52
BSE,SONACOMS,Sona BLW Precision Forgings,SONACOMS.BO,183664.75,2021-01-01,2026-09-06,1286,2021-06-24,2026-09-04,PASS,,2026-09-07T11:26:53
NSE,EUREKAFORB,Eureka Forbes Limited,EUREKAFORB.NS,183269.2,2021-01-01,2026-09-06,495,2024-09-11,2026-09-04,PASS,,2026-09-07T11:26:53
NSE,ATLANTAELE,Atlanta Electricals Limited,ATLANTAELE.NS,183255.15,2021-01-01,2026-09-06,234,2025-09-29,2026-09-04,INSUFFICIENT_HISTORY,,2026-09-07T11:26:54
BSE,TURTLEMINT,Turtlemint Fintech Solutions,TURTLEMINT.BO,183025.35,2021-01-01,2026-09-06,50,2026-06-29,2026-09-04,INSUFFICIENT_HISTORY,,2026-09-07T11:26:54
NSE,KSB,Ksb Limited,KSB.NS,182991.65,2021-01-01,2026-09-06,1407,2021-01-01,2026-09-04,PASS,,2026-09-07T11:26:54
BSE,SBICARD,SBI Cards,SBICARD.BO,182591.1,2021-01-01,2026-09-06,1403,2021-01-01,2026-09-04,PASS,,2026-09-07T11:26:55
NSE,INDOSTAR,IndoStar Capital Finance Limited,INDOSTAR.NS,182566.85,2021-01-01,2026-09-06,1407,2021-01-01,2026-09-04,PASS,,2026-09-07T11:26:55
BSE,360ONE,360 One WAM,360ONE.BO,182191.35,2021-01-01,2026-09-06,1403,2021-01-01,2026-09-04,PASS,,2026-09-07T11:26:56
NSE,CORDSCABLE,Cords Cable Industries Limited,CORDSCABLE.NS,182129.05,2021-01-01,2026-09-06,1406,2021-01-01,2026-09-04,PASS,,2026-09-07T11:26:56
BSE,RAMBHAJO,Advit Jewels,RAMBHAJO.BO,182116.25,2021-01-01,2026-09-06,48,2026-07-01,2026-09-04,INSUFFICIENT_HISTORY,,2026-09-07T11:26:57
NSE,RELTD,Ravindra Energy Limited,RELTD.NS,182031.3,2021-01-01,2026-09-06,525,2024-07-30,2026-09-04,PASS,,2026-09-07T11:26:57
NSE,AMRUTANJAN,Amrutanjan Health Care Limited,AMRUTANJAN.NS,181953.65,2021-01-01,2026-09-06,1407,2021-01-01,2026-09-04,PASS,,2026-09-07T11:26:57
NSE,SHALPAINTS,Shalimar Paints Limited,SHALPAINTS.NS,181637.3,2021-01-01,2026-09-06,1407,2021-01-01,2026-09-04,PASS,,2026-09-07T11:26:58
BSE,SJVN,SJVN,SJVN.BO,181459.9,2021-01-01,2026-09-06,1403,2021-01-01,2026-09-04,PASS,,2026-09-07T11:26:58
NSE,CONCORDBIO,Concord Biotech Limited,CONCORDBIO.NS,180415.3,2021-01-01,2026-09-06,756,2023-08-18,2026-09-04,PASS,,2026-09-07T11:26:59
NSE,BIKAJI,Bikaji Foods International Limited,BIKAJI.NS,179945.25,2021-01-01,2026-09-06,943,2022-11-16,2026-09-04,PASS,,2026-09-07T11:26:59
NSE,APCOTEXIND,Apcotex Industries Limited,APCOTEXIND.NS,179849.95,2021-01-01,2026-09-06,1406,2021-01-01,2026-09-04,PASS,,2026-09-07T11:26:59
BSE,SERA,Sera Investments & Finance,SERA.BO,179494.15,2021-01-01,2026-09-06,1403,2021-01-01,2026-09-04,PASS,,2026-09-07T11:27:00
NSE,DDEVPLSTIK,Ddev Plastiks Industries Limited,DDEVPLSTIK.NS,179430.0,2021-01-01,2026-09-06,409,2025-01-15,2026-09-04,PASS,,2026-09-07T11:27:00
BSE,MOSCHIP,Moschip Technologies,MOSCHIP.BO,178142.2,2021-01-01,2026-09-06,1403,2021-01-01,2026-09-04,PASS,,2026-09-07T11:27:01
NSE,TMB,Tamilnad Mercantile Bank Limited,TMB.NS,177593.35,2021-01-01,2026-09-06,984,2022-09-15,2026-09-04,PASS,,2026-09-07T11:27:01
BSE,NCC,NCC,500294.BO,177441.35,2021-01-01,2026-09-06,1365,2021-01-04,2026-07-17,PASS,,2026-09-07T11:27:02
BSE,TCS,Tata Consultancy Services,TCS.BO,177074.4,2021-01-01,2026-09-06,1403,2021-01-01,2026-09-04,PASS,,2026-09-07T11:27:02
BSE,GPPL,Gujarat Pipavav Port,GPPL.BO,176565.25,2021-01-01,2026-09-06,1403,2021-01-01,2026-09-04,PASS,,2026-09-07T11:27:03
NSE,SOLARINDS,Solar Industries India Limited,SOLARINDS.NS,176556.55,2021-01-01,2026-09-06,1406,2021-01-01,2026-09-04,PASS,,2026-09-07T11:27:03
BSE,LTFOODS,LT Foods,LTFOODS.BO,176414.2,2021-01-01,2026-09-06,1403,2021-01-01,2026-09-04,PASS,,2026-09-07T11:27:04
BSE,SHANTIGOLD,Shanti Gold International,SHANTIGOLD.BO,176388.65,2021-01-01,2026-09-06,272,2025-08-01,2026-09-04,INSUFFICIENT_HISTORY,,2026-09-07T11:27:04
NSE,JAYSREETEA,Jayshree Tea & Industries Limited,JAYSREETEA.NS,176345.5,2021-01-01,2026-09-06,1405,2021-01-01,2026-09-04,PASS,,2026-09-07T11:27:04
NSE,SAKAR,Sakar Healthcare Limited,SAKAR.NS,175711.0,2021-01-01,2026-09-06,1407,2021-01-01,2026-09-04,PASS,,2026-09-07T11:27:05
NSE,LANDMARK,Landmark Cars Limited,LANDMARK.NS,175696.8,2021-01-01,2026-09-06,916,2022-12-23,2026-09-04,PASS,,2026-09-07T11:27:05
NSE,RAYMONDLSL,Raymond Lifestyle Limited,RAYMONDLSL.NS,175669.35,2021-01-01,2026-09-06,500,2024-09-05,2026-09-04,PASS,,2026-09-07T11:27:06
BSE,LT,Larsen & Toubro,500510.BO,175607.05,2021-01-01,2026-09-06,1365,2021-01-04,2026-07-17,PASS,,2026-09-07T11:27:06
BSE,ICICIGI,ICICI Lombard General Insurance,ICICIGI.BO,175388.55,2021-01-01,2026-09-06,1403,2021-01-01,2026-09-04,PASS,,2026-09-07T11:27:07
NSE,SUNFLAG,Sunflag Iron And Steel Company Limited,SUNFLAG.NS,173977.4,2021-01-01,2026-09-06,1407,2021-01-01,2026-09-04,PASS,,2026-09-07T11:27:07
BSE,TRITURBINE,Triveni Turbines,TRITURBINE.BO,173879.65,2021-01-01,2026-09-06,1406,2021-01-01,2026-09-04,PASS,,2026-09-07T11:27:08
NSE,ARIES,Aries Agro Limited,ARIES.NS,172855.65,2021-01-01,2026-09-06,1405,2021-01-01,2026-09-04,PASS,,2026-09-07T11:27:08
BSE,POONAWALLA,Poonawalla Fincorp,POONAWALLA.BO,172071.0,2021-01-01,2026-09-06,1403,2021-01-01,2026-09-04,PASS,,2026-09-07T11:27:09
BSE,QUADFUTURE,Quadrant Future Tek,QUADFUTURE.BO,171800.45,2021-01-01,2026-09-06,408,2025-01-14,2026-09-04,PASS,,2026-09-07T11:27:09
BSE,PREMIERENE,Premier Energies,PREMIERENE.BO,171007.6,2021-01-01,2026-09-06,499,2024-09-03,2026-09-04,PASS,,2026-09-07T11:27:09
BSE,BIOCON,Biocon,BIOCON.BO,170915.4,2021-01-01,2026-09-06,1403,2021-01-01,2026-09-04,PASS,,2026-09-07T11:27:10
BSE,KPIGREEN,KPI Green Energy,KPIGREEN.BO,170698.95,2021-01-01,2026-09-06,1404,2021-01-01,2026-09-04,PASS,,2026-09-07T11:27:10
NSE,SMSPHARMA,SMS Pharmaceuticals Limited,SMSPHARMA.NS,170512.95,2021-01-01,2026-09-06,1406,2021-01-01,2026-09-04,PASS,,2026-09-07T11:27:11
NSE,GOCOLORS,Go Fashion (India) Limited,GOCOLORS.NS,170454.4,2021-01-01,2026-09-06,1182,2021-11-30,2026-09-04,PASS,,2026-09-07T11:27:11
NSE,UNIVASTU,Univastu India Limited,UNIVASTU.NS,170321.0,2021-01-01,2026-09-06,1406,2021-01-01,2026-09-04,PASS,,2026-09-07T11:27:12
NSE,TBOTEK,TBO Tek Limited,TBOTEK.NS,169991.05,2021-01-01,2026-09-06,577,2024-05-15,2026-09-04,PASS,,2026-09-07T11:27:12
BSE,ADANIENSOL,Adani Energy Solutions,ADANIENSOL.BO,169706.0,2021-01-01,2026-09-06,1403,2021-01-01,2026-09-04,PASS,,2026-09-07T11:27:12
NSE,TATAELXSI,Tata Elxsi Limited,TATAELXSI.NS,169637.2,2021-01-01,2026-09-06,1407,2021-01-01,2026-09-04,PASS,,2026-09-07T11:27:13
NSE,KSCL,Kaveri Seed Company Limited,KSCL.NS,169279.45,2021-01-01,2026-09-06,1406,2021-01-01,2026-09-04,PASS,,2026-09-07T11:27:13
NSE,PAR,Par Drugs And Chemicals Limited,PAR.NS,169260.6,2021-01-01,2026-09-06,1405,2021-01-01,2026-09-04,PASS,,2026-09-07T11:27:14
BSE,MILLWORKS,Millworks Technologies,MILLWORKS.BO,169180.0,2021-01-01,2026-09-06,34,2026-07-21,2026-09-04,INSUFFICIENT_HISTORY,,2026-09-07T11:27:14
NSE,WINDMACHIN,Windsor Machines Limited,WINDMACHIN.NS,168925.55,2021-01-01,2026-09-06,1406,2021-01-01,2026-09-04,PASS,,2026-09-07T11:27:15
NSE,DMCC,DMCC SPECIALITY CHEMICALS LIMITED,DMCC.NS,168060.0,2021-01-01,2026-09-06,1180,2021-12-01,2026-09-04,PASS,,2026-09-07T11:27:15
NSE,SJS,S.J.S. Enterprises Limited,SJS.NS,167553.85,2021-01-01,2026-09-06,1192,2021-11-15,2026-09-04,PASS,,2026-09-07T11:27:16
BSE,THELEELA,Leela Palaces Hotels & Resorts,THELEELA.BO,167520.05,2021-01-01,2026-09-06,316,2025-06-02,2026-09-04,INSUFFICIENT_HISTORY,,2026-09-07T11:27:16
BSE,NIYOGIN,Niyogin Fintech,NIYOGIN.BO,167062.75,2021-01-01,2026-09-06,1403,2021-01-01,2026-09-04,PASS,,2026-09-07T11:27:16
BSE,INDUSTOWER,Indus Towers,INDUSTOWER.BO,166875.9,2021-01-01,2026-09-06,1403,2021-01-01,2026-09-04,PASS,,2026-09-07T11:27:17
BSE,BLUESTONE,BlueStone Jewellery & Lifestyle,BLUESTONE.BO,166778.85,2021-01-01,2026-09-06,261,2025-08-19,2026-09-04,INSUFFICIENT_HISTORY,,2026-09-07T11:27:17
BSE,WELCORP,Welspun Corp,WELCORP.BO,166005.05,2021-01-01,2026-09-06,1403,2021-01-01,2026-09-04,PASS,,2026-09-07T11:27:18
NSE,ABB,ABB India Limited,ABB.NS,165969.35,2021-01-01,2026-09-06,1407,2021-01-01,2026-09-04,PASS,,2026-09-07T11:27:18
NSE,AXISCADES,AXISCADES Technologies Limited,AXISCADES.NS,165308.85,2021-01-01,2026-09-06,1407,2021-01-01,2026-09-04,PASS,,2026-09-07T11:27:19
NSE,STYL,Seshaasai Technologies Limited,STYL.NS,165149.8,2021-01-01,2026-09-06,234,2025-09-30,2026-09-04,INSUFFICIENT_HISTORY,,2026-09-07T11:27:19
BSE,KVSCASTING,KVS Castings,KVSCASTING.BO,164400.0,2021-01-01,2026-09-06,229,2025-10-06,2026-09-04,INSUFFICIENT_HISTORY,,2026-09-07T11:27:19
NSE,SHAILY,Shaily Engineering Plastics Limited,SHAILY.NS,164269.65,2021-01-01,2026-09-06,1097,2022-04-04,2026-09-04,PASS,,2026-09-07T11:27:20
NSE,MUKANDLTD,Mukand Limited,MUKANDLTD.NS,163760.65,2021-01-01,2026-09-06,1407,2021-01-01,2026-09-04,PASS,,2026-09-07T11:27:20
BSE,COFORGE,Coforge,COFORGE.BO,163490.85,2021-01-01,2026-09-06,1407,2021-01-01,2026-09-04,PASS,,2026-09-07T11:27:21
NSE,GANESHCP,Ganesh Consumer Products Limited,GANESHCP.NS,163348.9,2021-01-01,2026-09-06,233,2025-09-29,2026-09-04,INSUFFICIENT_HISTORY,,2026-09-07T11:27:21
NSE,MAHLOG,Mahindra Logistics Limited,MAHLOG.NS,162893.8,2021-01-01,2026-09-06,1407,2021-01-01,2026-09-04,PASS,,2026-09-07T11:27:21
BSE,VIKRAN,Vikran Engineering,VIKRAN.BO,162429.5,2021-01-01,2026-09-06,251,2025-09-03,2026-09-04,INSUFFICIENT_HISTORY,,2026-09-07T11:27:22
BSE,SETL,Standard Engineering Technology,SETL.BO,162399.6,2021-01-01,2026-09-06,409,2025-01-13,2026-09-04,PASS,,2026-09-07T11:27:22
NSE,MONARCH,Monarch Networth Capital Limited,MONARCH.NS,162257.4,2021-01-01,2026-09-06,1155,2022-01-06,2026-09-04,PASS,,2026-09-07T11:27:23
NSE,AVL,Aditya Vision Limited,AVL.NS,162065.7,2021-01-01,2026-09-06,455,2024-11-06,2026-09-04,PASS,,2026-09-07T11:27:23
NSE,SIMPLEXINF,Simplex Infrastructures Limited,SIMPLEXINF.NS,161853.75,2021-01-01,2026-09-06,1405,2021-01-01,2026-09-04,PASS,,2026-09-07T11:27:23
NSE,VENKEYS,Venky's (India) Limited,VENKEYS.NS,161777.7,2021-01-01,2026-09-06,1406,2021-01-01,2026-09-04,PASS,,2026-09-07T11:27:24
NSE,XPROINDIA,Xpro India Limited,XPROINDIA.NS,161342.3,2021-01-01,2026-09-06,1407,2021-01-01,2026-09-04,PASS,,2026-09-07T11:27:25
BSE,SYNGENE,Syngene International,SYNGENE.BO,161238.3,2021-01-01,2026-09-06,1406,2021-01-01,2026-09-04,PASS,,2026-09-07T11:27:25
NSE,WONDERLA,Wonderla Holidays Limited,WONDERLA.NS,161218.75,2021-01-01,2026-09-06,1406,2021-01-01,2026-09-04,PASS,,2026-09-07T11:27:26
NSE,POWERICA,Powerica Limited,POWERICA.NS,161161.0,2021-01-01,2026-09-06,110,2026-04-02,2026-09-04,INSUFFICIENT_HISTORY,,2026-09-07T11:27:26
BSE,KPGEL,KP Green Engineering,KPGEL.BO,160975.0,2021-01-01,2026-09-06,607,2024-03-22,2026-09-04,PASS,,2026-09-07T11:27:26
NSE,RAMCOSYS,Ramco Systems Limited,RAMCOSYS.NS,159969.7,2021-01-01,2026-09-06,1407,2021-01-01,2026-09-04,PASS,,2026-09-07T11:27:27
NSE,SFL,Sheela Foam Limited,SFL.NS,159445.15,2021-01-01,2026-09-06,1407,2021-01-01,2026-09-04,PASS,,2026-09-07T11:27:27
BSE,BALUFORGE,Balu Forge Industries,BALUFORGE.BO,158970.6,2021-01-01,2026-09-06,1403,2021-01-01,2026-09-04,PASS,,2026-09-07T11:27:28
BSE,NTPCGREEN,NTPC Green Energy,NTPCGREEN.BO,158323.85,2021-01-01,2026-09-06,435,2024-12-05,2026-09-04,PASS,,2026-09-07T11:27:28
NSE,SAATVIKGL,Saatvik Green Energy Limited,SAATVIKGL.NS,158250.5,2021-01-01,2026-09-06,236,2025-09-26,2026-09-04,INSUFFICIENT_HISTORY,,2026-09-07T11:27:29
NSE,BI,Bilcare Limited,BI.NS,158058.53846153847,2021-01-01,2026-09-06,14,2026-08-18,2026-09-04,INSUFFICIENT_HISTORY,,2026-09-07T11:27:29
NSE,APARINDS,Apar Industries Limited,APARINDS.NS,157835.6,2021-01-01,2026-09-06,1407,2021-01-01,2026-09-04,PASS,,2026-09-07T11:27:29
BSE,WAKEFIT,Wakefit Innovations,WAKEFIT.BO,157629.5,2021-01-01,2026-09-06,181,2025-12-15,2026-09-04,INSUFFICIENT_HISTORY,,2026-09-07T11:27:30
NSE,RATNAMANI,Ratnamani Metals & Tubes Limited,RATNAMANI.NS,157547.2,2021-01-01,2026-09-06,1406,2021-01-01,2026-09-04,PASS,,2026-09-07T11:27:30
NSE,NAVNETEDUL,Navneet Education Limited,NAVNETEDUL.NS,156854.3,2021-01-01,2026-09-06,1407,2021-01-01,2026-09-04,PASS,,2026-09-07T11:27:31
NSE,SHARDACROP,Sharda Cropchem Limited,SHARDACROP.NS,156496.55,2021-01-01,2026-09-06,1406,2021-01-01,2026-09-04,PASS,,2026-09-07T11:27:31
NSE,SUNTECK,Sunteck Realty Limited,SUNTECK.NS,155726.6,2021-01-01,2026-09-06,1407,2021-01-01,2026-09-04,PASS,,2026-09-07T11:27:32
NSE,JKLAKSHMI,JK Lakshmi Cement Limited,JKLAKSHMI.NS,155558.95,2021-01-01,2026-09-06,1407,2021-01-01,2026-09-04,PASS,,2026-09-07T11:27:32
NSE,CHOLAHLDNG,Cholamandalam Financial Holdings Limited,CHOLAHLDNG.NS,155149.4,2021-01-01,2026-09-06,1407,2021-01-01,2026-09-04,PASS,,2026-09-07T11:27:33
NSE,DOLPHIN,Dolphin Offshore Enterprises (India) Limited,DOLPHIN.NS,154910.15,2021-01-01,2026-09-06,1407,2021-01-01,2026-09-04,PASS,,2026-09-07T11:27:33
BSE,CANHLIFE,Canara HSBC Life Insurance Company,CANHLIFE.BO,154738.5,2021-01-01,2026-09-06,220,2025-10-17,2026-09-04,INSUFFICIENT_HISTORY,,2026-09-07T11:27:34
BSE,PTC,PTC India,PTC.BO,154687.6,2021-01-01,2026-09-06,1403,2021-01-01,2026-09-04,PASS,,2026-09-07T11:27:34
NSE,GPTINFRA,GPT Infraprojects Limited,GPTINFRA.NS,154464.1,2021-01-01,2026-09-06,1406,2021-01-01,2026-09-04,PASS,,2026-09-07T11:27:34
BSE,CHOLAFIN,Cholamandalam Investment,511243.BO,154038.0,2021-01-01,2026-09-06,1400,2021-01-04,2026-09-04,PASS,,2026-09-07T11:27:35
NSE,DENTA,Denta Water and Infra Solutions Limited,DENTA.NS,153348.95,2021-01-01,2026-09-06,400,2025-01-29,2026-09-04,PASS,,2026-09-07T11:27:35
BSE,TARIL,Transformers & Rectifiers,TARIL.BO,153311.15,2021-01-01,2026-09-06,1405,2021-01-01,2026-09-04,PASS,,2026-09-07T11:27:36
NSE,SAIPARENT,Sai Parenterals Limited,SAIPARENT.NS,153229.25,2021-01-01,2026-09-06,109,2026-04-02,2026-09-04,INSUFFICIENT_HISTORY,,2026-09-07T11:27:36
NSE,SEAMECLTD,Seamec Limited,SEAMECLTD.NS,153170.55,2021-01-01,2026-09-06,1405,2021-01-01,2026-09-04,PASS,,2026-09-07T11:27:37
NSE,HUHTAMAKI,Huhtamaki India Limited,HUHTAMAKI.NS,153149.55,2021-01-01,2026-09-06,1407,2021-01-01,2026-09-04,PASS,,2026-09-07T11:27:37
BSE,JUBLFOOD,Jubilant FoodWorks,JUBLFOOD.BO,153082.4,2021-01-01,2026-09-06,1403,2021-01-01,2026-09-04,PASS,,2026-09-07T11:27:37
NSE,IKS,Inventurus Knowledge Solutions Limited,IKS.NS,152966.0,2021-01-01,2026-09-06,427,2024-12-19,2026-09-04,PASS,,2026-09-07T11:27:38
BSE,BDL,Bharat Dynamics,BDL.BO,152772.9,2021-01-01,2026-09-06,1404,2021-01-01,2026-09-04,PASS,,2026-09-07T11:27:38
NSE,SURAJEST,Suraj Estate Developers Limited,SURAJEST.NS,152237.75,2021-01-01,2026-09-06,670,2023-12-26,2026-09-04,PASS,,2026-09-07T11:27:39
BSE,LASERPOWER,Laser Power & Infra,LASERPOWER.BO,152125.05,2021-01-01,2026-09-06,37,2026-07-16,2026-09-04,INSUFFICIENT_HISTORY,,2026-09-07T11:27:39
NSE,FDC,FDC Limited,FDC.NS,151937.55,2021-01-01,2026-09-06,1406,2021-01-01,2026-09-04,PASS,,2026-09-07T11:27:40
NSE,TPLPLASTEH,TPL Plastech Limited,TPLPLASTEH.NS,151347.25,2021-01-01,2026-09-06,1407,2021-01-01,2026-09-04,PASS,,2026-09-07T11:27:40
NSE,COSMOFIRST,COSMO FIRST LIMITED,COSMOFIRST.NS,149810.35,2021-01-01,2026-09-06,1406,2021-01-01,2026-09-04,PASS,,2026-09-07T11:27:41
NSE,EMUDHRA,eMudhra Limited,EMUDHRA.NS,149629.35,2021-01-01,2026-09-06,1057,2022-06-01,2026-09-04,PASS,,2026-09-07T11:27:41
BSE,ADANIPORTS,Adani Ports & SEZ,ADANIPORTS.BO,149348.55,2021-01-01,2026-09-06,1403,2021-01-01,2026-09-04,PASS,,2026-09-07T11:27:42
BSE,MANINFRA,Man Infraconstruction,533169.BO,149107.55,2021-01-01,2026-09-06,1365,2021-01-04,2026-07-17,PASS,,2026-09-07T11:27:42
NSE,MANOMAY,Manomay Tex India Limited,MANOMAY.NS,148619.5,2021-01-01,2026-09-06,897,2023-01-18,2026-09-04,PASS,,2026-09-07T11:27:43
NSE,BHARATWIRE,Bharat Wire Ropes Limited,BHARATWIRE.NS,148528.95,2021-01-01,2026-09-06,1407,2021-01-01,2026-09-04,PASS,,2026-09-07T11:27:43
NSE,BALMLAWRIE,Balmer Lawrie & Company Limited,BALMLAWRIE.NS,148440.6,2021-01-01,2026-09-06,1407,2021-01-01,2026-09-04,PASS,,2026-09-07T11:27:43
BSE,KMCSHIL,KMC Speciality Hospitals,KMCSHIL.BO,148342.95,2021-01-01,2026-09-06,1403,2021-01-01,2026-09-04,PASS,,2026-09-07T11:27:44
NSE,REMSONSIND,Remsons Industries Limited,REMSONSIND.NS,147503.95,2021-01-01,2026-09-06,1407,2021-01-01,2026-09-04,PASS,,2026-09-07T11:27:44
BSE,IIFL,IIFL Finance,IIFL.BO,147177.35,2021-01-01,2026-09-06,1403,2021-01-01,2026-09-04,PASS,,2026-09-07T11:27:45
BSE,FILATEX,Filatex India,FILATEX.BO,146947.1,2021-01-01,2026-09-06,1403,2021-01-01,2026-09-04,PASS,,2026-09-07T11:27:45
NSE,TRAVELFOOD,Travel Food Services Limited,TRAVELFOOD.NS,146478.8,2021-01-01,2026-09-06,288,2025-07-14,2026-09-04,INSUFFICIENT_HISTORY,,2026-09-07T11:27:46
NSE,PARKHOTELS,Apeejay Surrendra Park Hotels Limited,PARKHOTELS.NS,146213.2,2021-01-01,2026-09-06,638,2024-02-12,2026-09-04,PASS,,2026-09-07T11:27:46
NSE,CCL,CCL Products (India) Limited,CCL.NS,145772.35,2021-01-01,2026-09-06,1407,2021-01-01,2026-09-04,PASS,,2026-09-07T11:27:47
BSE,POLICYBZR,PB FinTech,POLICYBZR.BO,145362.45,2021-01-01,2026-09-06,1189,2021-11-15,2026-09-04,PASS,,2026-09-07T11:27:47
BSE,AMBUJACEM,Ambuja Cements,500425.BO,145205.1,2021-01-01,2026-09-06,1365,2021-01-04,2026-07-17,PASS,,2026-09-07T11:27:48
NSE,CEWATER,Concord Enviro Systems Limited,CEWATER.NS,145148.05,2021-01-01,2026-09-06,422,2024-12-27,2026-09-04,PASS,,2026-09-07T11:27:48
BSE,TIMETECHNO,Time Technoplast,TIMETECHNO.BO,143865.5,2021-01-01,2026-09-06,1405,2021-01-01,2026-09-04,PASS,,2026-09-07T11:27:49
NSE,GUFICBIO,Gufic Biosciences Limited,GUFICBIO.NS,143840.5,2021-01-01,2026-09-06,1407,2021-01-01,2026-09-04,PASS,,2026-09-07T11:27:49
NSE,ORIENTTECH,Orient Technologies Limited,ORIENTTECH.NS,143784.8,2021-01-01,2026-09-06,506,2024-08-28,2026-09-04,PASS,,2026-09-07T11:27:50
BSE,MRTX,Merritronix,MRTX.BO,143750.0,2021-01-01,2026-09-06,65,2026-06-08,2026-09-04,INSUFFICIENT_HISTORY,,2026-09-07T11:27:50
NSE,TGVSL,TGV Sraac Limited,TGVSL.NS,143711.6923076923,2021-01-01,2026-09-06,14,2026-08-18,2026-09-04,INSUFFICIENT_HISTORY,,2026-09-07T11:27:51
BSE,TGVSL,TGV Sraac,TGVSL.BO,143634.85,2021-01-01,2026-09-06,1403,2021-01-01,2026-09-04,PASS,,2026-09-07T11:27:51
BSE,KEC,KEC International,KEC.BO,143596.3,2021-01-01,2026-09-06,1403,2021-01-01,2026-09-04,PASS,,2026-09-07T11:27:51
BSE,IRCON,Ircon International,IRCON.BO,143555.3,2021-01-01,2026-09-06,1403,2021-01-01,2026-09-04,PASS,,2026-09-07T11:27:52
NSE,ENDURANCE,Endurance Technologies Limited,ENDURANCE.NS,143440.05,2021-01-01,2026-09-06,1407,2021-01-01,2026-09-04,PASS,,2026-09-07T11:27:52
BSE,ACMESOLAR,ACME Solar Holdings,ACMESOLAR.BO,143363.1,2021-01-01,2026-09-06,449,2024-11-13,2026-09-04,PASS,,2026-09-07T11:27:53
NSE,IZMO,IZMO Limited,IZMO.NS,143334.6,2021-01-01,2026-09-06,1406,2021-01-01,2026-09-04,PASS,,2026-09-07T11:27:53
NSE,GODREJIND,Godrej Industries Limited,GODREJIND.NS,143049.85,2021-01-01,2026-09-06,1407,2021-01-01,2026-09-04,PASS,,2026-09-07T11:27:53
NSE,INDIASHLTR,India Shelter Finance Corporation Limited,INDIASHLTR.NS,142812.7,2021-01-01,2026-09-06,671,2023-12-20,2026-09-04,PASS,,2026-09-07T11:27:54
NSE,AURUM,Aurum PropTech Limited,AURUM.NS,142731.05,2021-01-01,2026-09-06,1407,2021-01-01,2026-09-04,PASS,,2026-09-07T11:27:54
BSE,ULTRACEMCO,UltraTech Cement,ULTRACEMCO.BO,142673.65,2021-01-01,2026-09-06,1403,2021-01-01,2026-09-04,PASS,,2026-09-07T11:27:55
NSE,GANESHBE,Ganesh Benzoplast Limited,GANESHBE.NS,142668.4,2021-01-01,2026-09-06,1232,2021-09-16,2026-09-04,PASS,,2026-09-07T11:27:55
NSE,NAVINFLUOR,Navin Fluorine International Limited,NAVINFLUOR.NS,142471.35,2021-01-01,2026-09-06,1406,2021-01-01,2026-09-04,PASS,,2026-09-07T11:27:56
BSE,KRONOX,Kronox Lab Sciences,KRONOX.BO,142289.95,2021-01-01,2026-09-06,557,2024-06-10,2026-09-04,PASS,,2026-09-07T11:27:56
BSE,MARSONS,Marsons,MARSONS.BO,142255.8,2021-01-01,2026-09-06,1403,2021-01-01,2026-09-04,PASS,,2026-09-07T11:27:56
BSE,NLCINDIA,NLC India,NLCINDIA.BO,142040.45,2021-01-01,2026-09-06,1403,2021-01-01,2026-09-04,PASS,,2026-09-07T11:27:57
NSE,SPANDANA,Spandana Sphoorty Financial Limited,SPANDANA.NS,141715.3,2021-01-01,2026-09-06,1407,2021-01-01,2026-09-04,PASS,,2026-09-07T11:27:57
NSE,ORKLAINDIA,Orkla India Limited,ORKLAINDIA.NS,141707.4,2021-01-01,2026-09-06,210,2025-11-06,2026-09-04,INSUFFICIENT_HISTORY,,2026-09-07T11:27:58
NSE,PDSL,PDS Limited,PDSL.NS,141530.0,2021-01-01,2026-09-06,1406,2021-01-01,2026-09-04,PASS,,2026-09-07T11:27:58
NSE,AWHCL,Antony Waste Handling Cell Limited,AWHCL.NS,141380.6,2021-01-01,2026-09-06,1407,2021-01-01,2026-09-04,PASS,,2026-09-07T11:27:59
NSE,GUJALKALI,Gujarat Alkalies and Chemicals Limited,GUJALKALI.NS,141304.4,2021-01-01,2026-09-06,1406,2021-01-01,2026-09-04,PASS,,2026-09-07T11:27:59
NSE,AAVAS,Aavas Financiers Limited,AAVAS.NS,141215.55,2021-01-01,2026-09-06,1407,2021-01-01,2026-09-04,PASS,,2026-09-07T11:28:00
BSE,TVSSCS,TVS Supply Chain Solutions,TVSSCS.BO,141012.0,2021-01-01,2026-09-06,749,2023-08-23,2026-09-04,PASS,,2026-09-07T11:28:00
BSE,HONASA,Mamaearth,HONASA.BO,141005.45,2021-01-01,2026-09-06,698,2023-11-07,2026-09-04,PASS,,2026-09-07T11:28:01
BSE,CUB,City Union Bank,CUB.BO,140895.15,2021-01-01,2026-09-06,1407,2021-01-01,2026-09-04,PASS,,2026-09-07T11:28:01
NSE,BHARTIHEXA,Bharti Hexacom Limited,BHARTIHEXA.NS,139911.15,2021-01-01,2026-09-06,598,2024-04-12,2026-09-04,PASS,,2026-09-07T11:28:02
NSE,SAHLIBHFI,Shalibhadra Finance Limited,SAHLIBHFI.NS,139659.35,2021-01-01,2026-09-06,104,2026-04-10,2026-09-04,INSUFFICIENT_HISTORY,,2026-09-07T11:28:02
NSE,THOMASCOTT,Thomas Scott (India) Limited,THOMASCOTT.NS,139591.7,2021-01-01,2026-09-06,1407,2021-01-01,2026-09-04,PASS,,2026-09-07T11:28:02
NSE,ONESOURCE,Onesource Specialty Pharma Limited,ONESOURCE.NS,139064.0,2021-01-01,2026-09-06,403,2025-01-24,2026-09-04,PASS,,2026-09-07T11:28:03
NSE,TARMAT,Tarmat Limited,TARMAT.NS,138772.95,2021-01-01,2026-09-06,1406,2021-01-01,2026-09-04,PASS,,2026-09-07T11:28:03
BSE,RBLBANK,RBL Bank,RBLBANK.BO,138706.0,2021-01-01,2026-09-06,1403,2021-01-01,2026-09-04,PASS,,2026-09-07T11:28:04
NSE,ALKEM,Alkem Laboratories Limited,ALKEM.NS,138392.0,2021-01-01,2026-09-06,1406,2021-01-01,2026-09-04,PASS,,2026-09-07T11:28:04
BSE,BLS,BLS International Services,540073.BO,138000.3,2021-01-01,2026-09-06,1365,2021-01-04,2026-07-17,PASS,,2026-09-07T11:28:05
NSE,GFLLIMITED,GFL Limited,GFLLIMITED.NS,137808.25,2021-01-01,2026-09-06,1405,2021-01-01,2026-09-04,PASS,,2026-09-07T11:28:05
NSE,GLOBAL,Global Education Limited,GLOBAL.NS,137512.7,2021-01-01,2026-09-06,1406,2021-01-01,2026-09-04,PASS,,2026-09-07T11:28:06
BSE,OMNI,Omnitech Engineering,OMNI.BO,137280.75,2021-01-01,2026-09-06,127,2026-03-05,2026-09-04,INSUFFICIENT_HISTORY,,2026-09-07T11:28:06
BSE,CASTROLIND,Castrol,CASTROLIND.BO,137168.15,2021-01-01,2026-09-06,1403,2021-01-01,2026-09-04,PASS,,2026-09-07T11:28:07
NSE,BANCOINDIA,Banco Products (I) Limited,BANCOINDIA.NS,136887.2,2021-01-01,2026-09-06,1406,2021-01-01,2026-09-04,PASS,,2026-09-07T11:28:07
BSE,ANDHRSUGAR,Andhra Sugars,ANDHRSUGAR.BO,136540.0,2021-01-01,2026-09-06,1403,2021-01-01,2026-09-04,PASS,,2026-09-07T11:28:08
NSE,COROMANDEL,Coromandel International Limited,COROMANDEL.NS,136306.55,2021-01-01,2026-09-06,1407,2021-01-01,2026-09-04,PASS,,2026-09-07T11:28:08
BSE,HINDUNILVR,Hindustan Unilever,500696.BO,136285.45,2021-01-01,2026-09-06,1365,2021-01-04,2026-07-17,PASS,,2026-09-07T11:28:09
BSE,E2E,E2E Networks,E2E.BO,136259.2,2021-01-01,2026-09-06,61,2026-06-12,2026-09-04,INSUFFICIENT_HISTORY,,2026-09-07T11:28:09
NSE,SKFINDIA,SKF India Limited,SKFINDIA.NS,135795.75,2021-01-01,2026-09-06,1407,2021-01-01,2026-09-04,PASS,,2026-09-07T11:28:09
NSE,INDIACEM,The India Cements Limited,INDIACEM.NS,135351.85,2021-01-01,2026-09-06,1407,2021-01-01,2026-09-04,PASS,,2026-09-07T11:28:10
NSE,RML,Rane (Madras) Limited,RML.NS,135329.45,2021-01-01,2026-09-06,1407,2021-01-01,2026-09-04,PASS,,2026-09-07T11:28:10
NSE,PANACEABIO,Panacea Biotec Limited,PANACEABIO.NS,135120.95,2021-01-01,2026-09-06,1407,2021-01-01,2026-09-04,PASS,,2026-09-07T11:28:11
BSE,WELSPLSOL,Welspun Specialty Solution,WELSPLSOL.BO,135094.35,2021-01-01,2026-09-06,1403,2021-01-01,2026-09-04,PASS,,2026-09-07T11:28:11
NSE,GHCL,GHCL Limited,GHCL.NS,135036.9,2021-01-01,2026-09-06,1407,2021-01-01,2026-09-04,PASS,,2026-09-07T11:28:12
NSE,BHAGYANGR,Bhagyanagar India Limited,BHAGYANGR.NS,134668.55,2021-01-01,2026-09-06,1407,2021-01-01,2026-09-04,PASS,,2026-09-07T11:28:12
BSE,KTKBANK,Karnataka Bank,KTKBANK.BO,134495.8,2021-01-01,2026-09-06,1403,2021-01-01,2026-09-04,PASS,,2026-09-07T11:28:13
BSE,AIRFLOA,Airfloa Rail Technology,AIRFLOA.BO,134375.0,2021-01-01,2026-09-06,240,2025-09-18,2026-09-04,INSUFFICIENT_HISTORY,,2026-09-07T11:28:13
NSE,SMLMAH,SML Mahindra Limited,SMLMAH.NS,134055.05,2021-01-01,2026-09-06,1407,2021-01-01,2026-09-04,PASS,,2026-09-07T11:28:14
NSE,EMCURE,Emcure Pharmaceuticals Limited,EMCURE.NS,133297.45,2021-01-01,2026-09-06,538,2024-07-10,2026-09-04,PASS,,2026-09-07T11:28:14
NSE,LAXMIDENTL,Laxmi Dental Limited,LAXMIDENTL.NS,133137.15,2021-01-01,2026-09-06,407,2025-01-20,2026-09-04,PASS,,2026-09-07T11:28:14
BSE,BGDL,Bharat Global Developers,BGDL.BO,132936.75,2021-01-01,2026-09-06,1403,2021-01-01,2026-09-04,PASS,,2026-09-07T11:28:15
BSE,IGIL,International Gemological Institute,IGIL.BO,132891.55,2021-01-01,2026-09-06,424,2024-12-20,2026-09-04,PASS,,2026-09-07T11:28:15
BSE,CIEINDIA,CIE Automotive,CIEINDIA.BO,132802.0,2021-01-01,2026-09-06,1403,2021-01-01,2026-09-04,PASS,,2026-09-07T11:28:16
NSE,BRIGHOTEL,Brigade Hotel Ventures Limited,BRIGHOTEL.NS,132485.6,2021-01-01,2026-09-06,273,2025-07-31,2026-09-04,INSUFFICIENT_HISTORY,,2026-09-07T11:28:17
NSE,ZUARI,Zuari Agro Chemicals Limited,ZUARI.NS,132481.25,2021-01-01,2026-09-06,1407,2021-01-01,2026-09-04,PASS,,2026-09-07T11:28:18
BSE,ANTELOPUS,Antelopus Selan Energy,ANTELOPUS.BO,132369.45,2021-01-01,2026-09-06,1403,2021-01-01,2026-09-04,PASS,,2026-09-07T11:28:18
NSE,POLYPLEX,Polyplex Corporation Limited,POLYPLEX.NS,132005.7,2021-01-01,2026-09-06,1407,2021-01-01,2026-09-04,PASS,,2026-09-07T11:28:19
BSE,GPIL,Godawari Power & Ispat,GPIL.BO,131788.5,2021-01-01,2026-09-06,1404,2021-01-01,2026-09-04,PASS,,2026-09-07T11:28:19
NSE,HAPPYFORGE,Happy Forgings Limited,HAPPYFORGE.NS,131529.05,2021-01-01,2026-09-06,669,2023-12-27,2026-09-04,PASS,,2026-09-07T11:28:20
BSE,EMMVEE,Emmvee Photovoltaic Power,EMMVEE.BO,131331.8,2021-01-01,2026-09-06,199,2025-11-19,2026-09-04,INSUFFICIENT_HISTORY,,2026-09-07T11:28:20
NSE,DOLLAR,Dollar Industries Limited,DOLLAR.NS,131308.55,2021-01-01,2026-09-06,1406,2021-01-01,2026-09-04,PASS,,2026-09-07T11:28:20
BSE,KPIL,Kalpataru Projects International,KPIL.BO,131237.35,2021-01-01,2026-09-06,1403,2021-01-01,2026-09-04,PASS,,2026-09-07T11:28:21
BSE,JINDRILL,Jindal Drilling & Industries,511034.BO,131062.35,2021-01-01,2026-09-06,1365,2021-01-04,2026-07-17,PASS,,2026-09-07T11:28:21
NSE,GTPL,GTPL Hathway Limited,GTPL.NS,130851.45,2021-01-01,2026-09-06,1407,2021-01-01,2026-09-04,PASS,,2026-09-07T11:28:22
BSE,BONDADA,Bondada Engineering,BONDADA.BO,130070.0,2021-01-01,2026-09-06,744,2023-08-30,2026-09-04,PASS,,2026-09-07T11:28:22
NSE,FOODSIN,Foods & Inns Limited,FOODSIN.NS,129802.5,2021-01-01,2026-09-06,1191,2021-11-16,2026-09-04,PASS,,2026-09-07T11:28:23
NSE,SPAL,S. P. Apparels Limited,SPAL.NS,129407.5,2021-01-01,2026-09-06,1406,2021-01-01,2026-09-04,PASS,,2026-09-07T11:28:23
BSE,SHREEJISPG,Shreeji Shipping Global,SHREEJISPG.BO,129059.1,2021-01-01,2026-09-06,256,2025-08-26,2026-09-04,INSUFFICIENT_HISTORY,,2026-09-07T11:28:24
BSE,NIITLTD,NIIT,500304.BO,128873.4,2021-01-01,2026-09-06,1365,2021-01-04,2026-07-17,PASS,,2026-09-07T11:28:24
NSE,KAMATHOTEL,Kamat Hotels (I) Limited,KAMATHOTEL.NS,128529.5,2021-01-01,2026-09-06,1406,2021-01-01,2026-09-04,PASS,,2026-09-07T11:28:24
BSE,AMAGI,Amagi Media Labs,AMAGI.BO,128407.0,2021-01-01,2026-09-06,156,2026-01-21,2026-09-04,INSUFFICIENT_HISTORY,,2026-09-07T11:28:25
NSE,MUFTI,Credo Brands Marketing Limited,MUFTI.NS,128092.1,2021-01-01,2026-09-06,668,2023-12-27,2026-09-04,PASS,,2026-09-07T11:28:25
NSE,OAL,Oriental Aromatics Limited,OAL.NS,128020.45,2021-01-01,2026-09-06,1406,2021-01-01,2026-09-04,PASS,,2026-09-07T11:28:26
BSE,GALAGEX,Galaxy Agrico Exports,GALAGEX.BO,127842.1,2021-01-01,2026-09-06,1404,2021-01-01,2026-09-04,PASS,,2026-09-07T11:28:26
BSE,ARIS,Arisinfra Solutions,ARIS.BO,127802.0,2021-01-01,2026-09-06,298,2025-06-26,2026-09-04,INSUFFICIENT_HISTORY,,2026-09-07T11:28:26
BSE,SALSTEEL,SAL Steel,SALSTEEL.BO,127698.4,2021-01-01,2026-09-06,1403,2021-01-01,2026-09-04,PASS,,2026-09-07T11:28:27
NSE,WHEELS,Wheels India Limited,WHEELS.NS,127691.25,2021-01-01,2026-09-06,1407,2021-01-01,2026-09-04,PASS,,2026-09-07T11:28:27
NSE,VISHNU,Vishnu Chemicals Limited,VISHNU.NS,127496.9,2021-01-01,2026-09-06,1407,2021-01-01,2026-09-04,PASS,,2026-09-07T11:28:28
BSE,TATACAP,Tata Capital,TATACAP.BO,126514.05,2021-01-01,2026-09-06,224,2025-10-13,2026-09-04,INSUFFICIENT_HISTORY,,2026-09-07T11:28:28
BSE,ZYDUSLIFE,Zydus Life Science,ZYDUSLIFE.BO,126265.0,2021-01-01,2026-09-06,1403,2021-01-01,2026-09-04,PASS,,2026-09-07T11:28:29
NSE,THERMAX,Thermax Limited,THERMAX.NS,125822.15,2021-01-01,2026-09-06,1406,2021-01-01,2026-09-04,PASS,,2026-09-07T11:28:29
BSE,CONCORDBIO,Concord Biotech,CONCORDBIO.BO,125645.55,2021-01-01,2026-09-06,752,2023-08-18,2026-09-04,PASS,,2026-09-07T11:28:30
BSE,FACT,Fertilisers & Chemical Travancore,FACT.BO,125446.5,2021-01-01,2026-09-06,1403,2021-01-01,2026-09-04,PASS,,2026-09-07T11:28:30
NSE,MADRASFERT,Madras Fertilizers Limited,MADRASFERT.NS,125087.65,2021-01-01,2026-09-06,1405,2021-01-01,2026-09-04,PASS,,2026-09-07T11:28:30
NSE,INDOFARM,Indo Farm Equipment Limited,INDOFARM.NS,124772.15,2021-01-01,2026-09-06,415,2025-01-07,2026-09-04,PASS,,2026-09-07T11:28:31
NSE,TEXINFRA,Texmaco Infrastructure & Holdings Limited,TEXINFRA.NS,124651.0,2021-01-01,2026-09-06,1406,2021-01-01,2026-09-04,PASS,,2026-09-07T11:28:31
NSE,FLAIR,Flair Writing Industries Limited,FLAIR.NS,124554.25,2021-01-01,2026-09-06,685,2023-12-01,2026-09-04,PASS,,2026-09-07T11:28:32
BSE,JYOTICNC,Jyoti CNC Automation,JYOTICNC.BO,124447.6,2021-01-01,2026-09-06,651,2024-01-16,2026-09-04,PASS,,2026-09-07T11:28:32
NSE,ORICONENT,Oricon Enterprises Limited,ORICONENT.NS,124147.5,2021-01-01,2026-09-06,1406,2021-01-01,2026-09-04,PASS,,2026-09-07T11:28:33
NSE,JARO,Jaro Institute of Technology Management and Research Limited,JARO.NS,123860.75,2021-01-01,2026-09-06,232,2025-09-30,2026-09-04,INSUFFICIENT_HISTORY,,2026-09-07T11:28:33
NSE,SUPRAJIT,Suprajit Engineering Limited,SUPRAJIT.NS,123671.4,2021-01-01,2026-09-06,1406,2021-01-01,2026-09-04,PASS,,2026-09-07T11:28:34
NSE,NELCAST,Nelcast Limited,NELCAST.NS,123605.25,2021-01-01,2026-09-06,1406,2021-01-01,2026-09-04,PASS,,2026-09-07T11:28:34
BSE,OBEROIRLTY,Oberoi Realty,OBEROIRLTY.BO,123558.05,2021-01-01,2026-09-06,1403,2021-01-01,2026-09-04,PASS,,2026-09-07T11:28:34
NSE,NILKAMAL,Nilkamal Limited,NILKAMAL.NS,123484.05,2021-01-01,2026-09-06,1405,2021-01-01,2026-09-04,PASS,,2026-09-07T11:28:35
NSE,VENUSPIPES,Venus Pipes & Tubes Limited,VENUSPIPES.NS,123445.7,2021-01-01,2026-09-06,1063,2022-05-24,2026-09-04,PASS,,2026-09-07T11:28:35
NSE,FIEMIND,Fiem Industries Limited,FIEMIND.NS,123435.45,2021-01-01,2026-09-06,1407,2021-01-01,2026-09-04,PASS,,2026-09-07T11:28:36
NSE,ACC,ACC Limited,ACC.NS,123423.25,2021-01-01,2026-09-06,1407,2021-01-01,2026-09-04,PASS,,2026-09-07T11:28:36
BSE,JSWCEMENT,JSW Cement,JSWCEMENT.BO,123254.45,2021-01-01,2026-09-06,263,2025-08-14,2026-09-04,INSUFFICIENT_HISTORY,,2026-09-07T11:28:37
BSE,HYUNDAI,Hyundai Motor India,HYUNDAI.BO,123173.6,2021-01-01,2026-09-06,465,2024-10-22,2026-09-04,PASS,,2026-09-07T11:28:37
NSE,MMP,MMP Industries Limited,MMP.NS,123006.85,2021-01-01,2026-09-06,1405,2021-01-01,2026-09-04,PASS,,2026-09-07T11:28:37
BSE,FIVESTAR,Five Star Business Finance,FIVESTAR.BO,122625.25,2021-01-01,2026-09-06,937,2022-11-21,2026-09-04,PASS,,2026-09-07T11:28:38
NSE,POWERINDIA,Hitachi Energy India Limited,POWERINDIA.NS,122280.35,2021-01-01,2026-09-06,1407,2021-01-01,2026-09-04,PASS,,2026-09-07T11:28:38
NSE,REPCOHOME,Repco Home Finance Limited,REPCOHOME.NS,122179.85,2021-01-01,2026-09-06,1407,2021-01-01,2026-09-04,PASS,,2026-09-07T11:28:39
NSE,SMARTWORKS,Smartworks Coworking Spaces Limited,SMARTWORKS.NS,122097.75,2021-01-01,2026-09-06,284,2025-07-17,2026-09-04,INSUFFICIENT_HISTORY,,2026-09-07T11:28:39
BSE,ELECTCAST,Electrosteel Castings,500128.BO,121956.75,2021-01-01,2026-09-06,1365,2021-01-04,2026-07-17,PASS,,2026-09-07T11:28:39
NSE,STANLEY,Stanley Lifestyles Limited,STANLEY.NS,121879.95,2021-01-01,2026-09-06,546,2024-06-28,2026-09-04,PASS,,2026-09-07T11:28:40
NSE,KMEW,Knowledge Marine & Engineering Works Limited,KMEW.NS,121872.5,2021-01-01,2026-09-06,437,2024-12-06,2026-09-04,PASS,,2026-09-07T11:28:40
NSE,ALLTIME,All Time Plastics Limited,ALLTIME.NS,121576.3,2021-01-01,2026-09-06,265,2025-08-14,2026-09-04,INSUFFICIENT_HISTORY,,2026-09-07T11:28:41
BSE,JAMNAAUTO,Jamna Auto Industries,JAMNAAUTO.BO,121397.35,2021-01-01,2026-09-06,1403,2021-01-01,2026-09-04,PASS,,2026-09-07T11:28:41
NSE,DCMSHRIRAM,DCM Shriram Limited,DCMSHRIRAM.NS,121346.4,2021-01-01,2026-09-06,1406,2021-01-01,2026-09-04,PASS,,2026-09-07T11:28:42
NSE,PLAZACABLE,Plaza Wires Limited,PLAZACABLE.NS,120977.5,2021-01-01,2026-09-06,718,2023-10-12,2026-09-04,PASS,,2026-09-07T11:28:42
NSE,HOMEFIRST,Home First Finance Company India Limited,HOMEFIRST.NS,120807.05,2021-01-01,2026-09-06,1384,2021-02-03,2026-09-04,PASS,,2026-09-07T11:28:42
BSE,CGPOWER,CG Power & Industrial Solutions,CGPOWER.BO,120090.2,2021-01-01,2026-09-06,1403,2021-01-01,2026-09-04,PASS,,2026-09-07T11:28:43
BSE,JAINREC,Jain Resource Recycling,JAINREC.BO,119955.7,2021-01-01,2026-09-06,231,2025-10-01,2026-09-04,INSUFFICIENT_HISTORY,,2026-09-07T11:28:43
BSE,TEXRAIL,Texmaco Rail & Engineering,TEXRAIL.BO,119938.95,2021-01-01,2026-09-06,1403,2021-01-01,2026-09-04,PASS,,2026-09-07T11:28:44
NSE,IMFA,Indian Metals & Ferro Alloys Limited,IMFA.NS,119792.65,2021-01-01,2026-09-06,1407,2021-01-01,2026-09-04,PASS,,2026-09-07T11:28:44
BSE,VIDYAWIRES,Vidya Wires,VIDYAWIRES.BO,119503.8,2021-01-01,2026-09-06,184,2025-12-10,2026-09-04,INSUFFICIENT_HISTORY,,2026-09-07T11:28:45
NSE,RPEL,Raghav Productivity Enhancers Limited,RPEL.NS,119473.7,2021-01-01,2026-09-06,518,2024-08-08,2026-09-04,PASS,,2026-09-07T11:28:45
NSE,HARIOMPIPE,Hariom Pipe Industries Limited,HARIOMPIPE.NS,118895.15,2021-01-01,2026-09-06,1090,2022-04-13,2026-09-04,PASS,,2026-09-07T11:28:45
BSE,ATGL,Adani Total Gas,ATGL.BO,118822.75,2021-01-01,2026-09-06,1403,2021-01-01,2026-09-04,PASS,,2026-09-07T11:28:46
NSE,AHLUCONT,Ahluwalia Contracts (India) Limited,AHLUCONT.NS,118369.05,2021-01-01,2026-09-06,1407,2021-01-01,2026-09-04,PASS,,2026-09-07T11:28:46
BSE,COROMANDEL,Coromandel International,COROMANDEL.BO,118314.5,2021-01-01,2026-09-06,1403,2021-01-01,2026-09-04,PASS,,2026-09-07T11:28:47
NSE,NATIONSTD,National Standard (India) Limited,NATIONSTD.NS,118277.71428571428,2021-01-01,2026-09-06,14,2026-08-18,2026-09-04,INSUFFICIENT_HISTORY,,2026-09-07T11:28:47
NSE,IGPL,IG Petrochemicals Limited,IGPL.NS,118122.9,2021-01-01,2026-09-06,1405,2021-01-01,2026-09-04,PASS,,2026-09-07T11:28:48
NSE,STEELCAS,Steelcast Limited,STEELCAS.NS,117765.85,2021-01-01,2026-09-06,1187,2021-11-23,2026-09-04,PASS,,2026-09-07T11:28:48
BSE,MANYAVAR,Vedant Fashions,MANYAVAR.BO,117700.05,2021-01-01,2026-09-06,1124,2022-02-16,2026-09-04,PASS,,2026-09-07T11:28:49
NSE,VSTIND,VST Industries Limited,VSTIND.NS,117501.9,2021-01-01,2026-09-06,1407,2021-01-01,2026-09-04,PASS,,2026-09-07T11:28:49
NSE,GAUDIUMIVF,Gaudium IVF and Women Health Limited,GAUDIUMIVF.NS,116797.45,2021-01-01,2026-09-06,131,2026-02-27,2026-09-04,INSUFFICIENT_HISTORY,,2026-09-07T11:28:50
NSE,ADFFOODS,ADF Foods Limited,ADFFOODS.NS,115891.5,2021-01-01,2026-09-06,1407,2021-01-01,2026-09-04,PASS,,2026-09-07T11:28:50
NSE,SATIA,Satia Industries Limited,SATIA.NS,115535.95,2021-01-01,2026-09-06,1406,2021-01-01,2026-09-04,PASS,,2026-09-07T11:28:51
NSE,OMPOWER,Om Power Transmission Limited,OMPOWER.NS,115488.1,2021-01-01,2026-09-06,101,2026-04-17,2026-09-04,INSUFFICIENT_HISTORY,,2026-09-07T11:28:51
NSE,KIRLFER,Kirloskar Ferrous Industries Limited,KIRLFER.NS,115349.05,2021-01-01,2026-09-06,828,2021-01-01,2026-09-04,PASS,,2026-09-07T11:28:51
BSE,RGL,Renaissance Jewellery,RGL.BO,114199.1,2021-01-01,2026-09-06,1403,2021-01-01,2026-09-04,PASS,,2026-09-07T11:28:52
NSE,MATRIMONY,Matrimony.Com Limited,MATRIMONY.NS,114050.3,2021-01-01,2026-09-06,1406,2021-01-01,2026-09-04,PASS,,2026-09-07T11:28:52
BSE,RCF,Rashtriya Chemicals & Fertilizers,RCF.BO,113959.4,2021-01-01,2026-09-06,1403,2021-01-01,2026-09-04,PASS,,2026-09-07T11:28:53
NSE,RITCO,Ritco Logistics Limited,RITCO.NS,113958.3,2021-01-01,2026-09-06,1089,2022-04-12,2026-09-04,PASS,,2026-09-07T11:28:53
NSE,INNOVACAP,Innova Captab Limited,INNOVACAP.NS,113829.35,2021-01-01,2026-09-06,666,2023-12-29,2026-09-04,PASS,,2026-09-07T11:28:54
BSE,CYIENTDLM,Cyient DLM,CYIENTDLM.BO,113408.4,2021-01-01,2026-09-06,780,2023-07-10,2026-09-04,PASS,,2026-09-07T11:28:54
BSE,ANTHEM,Anthem Biosciences,ANTHEM.BO,113374.9,2021-01-01,2026-09-06,281,2025-07-21,2026-09-04,INSUFFICIENT_HISTORY,,2026-09-07T11:28:54
NSE,HEIDELBERG,HeidelbergCement India Limited,HEIDELBERG.NS,113246.25,2021-01-01,2026-09-06,1407,2021-01-01,2026-09-04,PASS,,2026-09-07T11:28:55
NSE,VMART,V-Mart Retail Limited,VMART.NS,113219.2,2021-01-01,2026-09-06,1406,2021-01-01,2026-09-04,PASS,,2026-09-07T11:28:55
BSE,GTIL,Gabion Technologies,GTIL.BO,113200.0,2021-01-01,2026-09-06,161,2026-01-13,2026-09-04,INSUFFICIENT_HISTORY,,2026-09-07T11:28:56
BSE,JSWSTEEL,JSW Steel,JSWSTEEL.BO,113178.0,2021-01-01,2026-09-06,1403,2021-01-01,2026-09-04,PASS,,2026-09-07T11:28:56
BSE,LGEINDIA,LG Electronics,LGEINDIA.BO,112970.15,2021-01-01,2026-09-06,223,2025-10-14,2026-09-04,INSUFFICIENT_HISTORY,,2026-09-07T11:28:56
BSE,CMPDI,Central Mine P & D Institute,CMPDI.BO,112646.8,2021-01-01,2026-09-06,111,2026-03-30,2026-09-04,INSUFFICIENT_HISTORY,,2026-09-07T11:28:57
BSE,MIDHANI,Mishra Dhatu Nigam,MIDHANI.BO,112625.65,2021-01-01,2026-09-06,1403,2021-01-01,2026-09-04,PASS,,2026-09-07T11:28:57
BSE,PNCINFRA,PNC Infratech,PNCINFRA.BO,112373.95,2021-01-01,2026-09-06,1403,2021-01-01,2026-09-04,PASS,,2026-09-07T11:28:58
NSE,CPL,Captain Polyplast Limited,CPL.NS,112201.15,2021-01-01,2026-09-06,32,2026-07-23,2026-09-04,INSUFFICIENT_HISTORY,,2026-09-07T11:28:58
NSE,RAJESHEXPO,Rajesh Exports Limited,RAJESHEXPO.NS,112190.2,2021-01-01,2026-09-06,1407,2021-01-01,2026-09-04,PASS,,2026-09-07T11:28:59
NSE,NIITMTS,NIIT Learning Systems Limited,NIITMTS.NS,112180.6,2021-01-01,2026-09-06,760,2023-08-08,2026-09-04,PASS,,2026-09-07T11:28:59
BSE,EXICOM,Exicom Tele-Systems,EXICOM.BO,112150.0,2021-01-01,2026-09-06,618,2024-03-05,2026-09-04,PASS,,2026-09-07T11:28:59
BSE,PGEL,PG Electroplast,PGEL.BO,112120.55,2021-01-01,2026-09-06,1404,2021-01-01,2026-09-04,PASS,,2026-09-07T11:29:00
NSE,CARYSIL,CARYSIL LIMITED,CARYSIL.NS,112024.95,2021-01-01,2026-09-06,1398,2021-01-14,2026-09-04,PASS,,2026-09-07T11:29:00
NSE,GREENPLY,Greenply Industries Limited,GREENPLY.NS,112000.8,2021-01-01,2026-09-06,1407,2021-01-01,2026-09-04,PASS,,2026-09-07T11:29:01
NSE,IITL,Industrial Investment Trust Limited,IITL.NS,111466.4,2021-01-01,2026-09-06,1405,2021-01-01,2026-09-04,PASS,,2026-09-07T11:29:01
BSE,SSWL,Steel Strips Wheels,SSWL.BO,111436.5,2021-01-01,2026-09-06,1403,2021-01-01,2026-09-04,PASS,,2026-09-07T11:29:02
BSE,KIMS,Krishna Institute of Medical Sciences,KIMS.BO,111423.6,2021-01-01,2026-09-06,1285,2021-06-28,2026-09-04,PASS,,2026-09-07T11:29:02
BSE,BIZOTIC,Bizotic Commercial,BIZOTIC.BO,111300.0,2021-01-01,2026-09-06,794,2023-06-23,2026-09-04,PASS,,2026-09-07T11:29:03
BSE,KESAR,Kesar,KESAR.BO,111025.0,2021-01-01,2026-09-06,1026,2022-07-12,2026-09-04,PASS,,2026-09-07T11:29:03
NSE,GICHSGFIN,GIC Housing Finance Limited,GICHSGFIN.NS,110911.65,2021-01-01,2026-09-06,1406,2021-01-01,2026-09-04,PASS,,2026-09-07T11:29:03
NSE,HNDFDS,Hindustan Foods Limited,HNDFDS.NS,110871.4,2021-01-01,2026-09-06,1406,2021-01-01,2026-09-04,PASS,,2026-09-07T11:29:04
BSE,ADANIGREEN,Adani Green Energy,ADANIGREEN.BO,110705.1,2021-01-01,2026-09-06,1403,2021-01-01,2026-09-04,PASS,,2026-09-07T11:29:04
NSE,MEIL,Mangal Electrical Industries Limited,MEIL.NS,110146.85,2021-01-01,2026-09-06,256,2025-08-28,2026-09-04,INSUFFICIENT_HISTORY,,2026-09-07T11:29:05
BSE,HCLTECH,HCL Technologies,HCLTECH.BO,110014.4,2021-01-01,2026-09-06,1403,2021-01-01,2026-09-04,PASS,,2026-09-07T11:29:05
BSE,KISSHT,OnEMI Technology Solutions,KISSHT.BO,110003.7,2021-01-01,2026-09-06,86,2026-05-08,2026-09-04,INSUFFICIENT_HISTORY,,2026-09-07T11:29:06
NSE,SPECIALITY,Speciality Restaurants Limited,SPECIALITY.NS,109947.0,2021-01-01,2026-09-06,1406,2021-01-01,2026-09-04,PASS,,2026-09-07T11:29:06
BSE,KNACK,Knack Packaging,KNACK.BO,109744.0,2021-01-01,2026-09-06,43,2026-07-08,2026-09-04,INSUFFICIENT_HISTORY,,2026-09-07T11:29:07
NSE,PRECAM,Precision Camshafts Limited,PRECAM.NS,109116.35,2021-01-01,2026-09-06,1407,2021-01-01,2026-09-04,PASS,,2026-09-07T11:29:07
BSE,FSL,Firstsource Solutions,FSL.BO,109091.2,2021-01-01,2026-09-06,1403,2021-01-01,2026-09-04,PASS,,2026-09-07T11:29:07
BSE,PARAS,Paras Defence Space Tech,PARAS.BO,108888.4,2021-01-01,2026-09-06,1220,2021-10-01,2026-09-04,PASS,,2026-09-07T11:29:08
BSE,HEG,HEG,HEG.BO,108878.0,2021-01-01,2026-09-06,1404,2021-01-01,2026-09-04,PASS,,2026-09-07T11:29:08
NSE,PATELRMART,Patel Retail Limited,PATELRMART.NS,108859.65,2021-01-01,2026-09-06,258,2025-08-26,2026-09-04,INSUFFICIENT_HISTORY,,2026-09-07T11:29:09
NSE,KRISHNADEF,Krishna Defence And Allied Industries Limited,KRISHNADEF.NS,108772.55,2021-01-01,2026-09-06,1083,2022-04-22,2026-09-04,PASS,,2026-09-07T11:29:09
BSE,SHYAMMETL,Shyam Metalics & Energy,SHYAMMETL.BO,108709.65,2021-01-01,2026-09-06,1285,2021-06-25,2026-09-04,PASS,,2026-09-07T11:29:09
BSE,INA,Insolation Energy,INA.BO,108208.15,2021-01-01,2026-09-06,966,2022-10-10,2026-09-04,PASS,,2026-09-07T11:29:10
NSE,SHREDIGCEM,Shree Digvijay Cement Co.Ltd,SHREDIGCEM.NS,108175.55,2021-01-01,2026-09-06,1407,2021-01-01,2026-09-04,PASS,,2026-09-07T11:29:10
BSE,JAYSREETEA,Jay Shree Tea & Industries,JAYSREETEA.BO,108033.65,2021-01-01,2026-09-06,1403,2021-01-01,2026-09-04,PASS,,2026-09-07T11:29:11
NSE,MAHLIFE,Mahindra Lifespace Developers Limited,MAHLIFE.NS,108031.95,2021-01-01,2026-09-06,1407,2021-01-01,2026-09-04,PASS,,2026-09-07T11:29:11
BSE,STLTECH,Sterlite Technologies,STLTECH.BO,107831.25,2021-01-01,2026-09-06,1403,2021-01-01,2026-09-04,PASS,,2026-09-07T11:29:12
BSE,BSOFT,Birlasoft,BSOFT.BO,107807.05,2021-01-01,2026-09-06,1403,2021-01-01,2026-09-04,PASS,,2026-09-07T11:29:12
BSE,RICOAUTO,Rico Auto Industries,520008.BO,107747.2,2021-01-01,2026-09-06,1365,2021-01-04,2026-07-17,PASS,,2026-09-07T11:29:13
NSE,PONNIERODE,Ponni Sugars (Erode) Limited,PONNIERODE.NS,107685.95,2021-01-01,2026-09-06,1405,2021-01-01,2026-09-04,PASS,,2026-09-07T11:29:13
NSE,APLLTD,Alembic Pharmaceuticals Limited,APLLTD.NS,107392.6,2021-01-01,2026-09-06,1407,2021-01-01,2026-09-04,PASS,,2026-09-07T11:29:14
NSE,KIOCL,KIOCL Limited,KIOCL.NS,107150.7,2021-01-01,2026-09-06,1407,2021-01-01,2026-09-04,PASS,,2026-09-07T11:29:14
NSE,JAGSNPHARM,Jagsonpal Pharmaceuticals Limited,JAGSNPHARM.NS,106722.05,2021-01-01,2026-09-06,1407,2021-01-01,2026-09-04,PASS,,2026-09-07T11:29:15
BSE,GUJJUBHAI,Gujjubhai Industries,GUJJUBHAI.BO,106591.6,2021-01-01,2026-09-06,1403,2021-01-01,2026-09-04,PASS,,2026-09-07T11:29:15
BSE,SILVERTUC,Silver Touch Technologies,SILVERTUC.BO,106469.3,2021-01-01,2026-09-06,1071,2022-05-12,2026-09-04,PASS,,2026-09-07T11:29:16
BSE,GARUDA,Garuda Construction & Engineering,GARUDA.BO,106282.25,2021-01-01,2026-09-06,470,2024-10-15,2026-09-04,PASS,,2026-09-07T11:29:16
BSE,INDSWFTLAB,Ind Swift Laboratories,INDSWFTLAB.BO,106094.85,2021-01-01,2026-09-06,1403,2021-01-01,2026-09-04,PASS,,2026-09-07T11:29:17
NSE,AMANTA,Amanta Healthcare Limited,AMANTA.NS,106093.3,2021-01-01,2026-09-06,246,2025-09-11,2026-09-04,INSUFFICIENT_HISTORY,,2026-09-07T11:29:17
NSE,GYFTR,Gyftr Limited,GYFTR.NS,105824.65,2021-01-01,2026-09-06,41,2026-07-10,2026-09-04,INSUFFICIENT_HISTORY,,2026-09-07T11:29:17
NSE,IGCL,Indogulf Cropsciences Limited,IGCL.NS,105399.9,2021-01-01,2026-09-06,294,2025-07-03,2026-09-04,INSUFFICIENT_HISTORY,,2026-09-07T11:29:18
NSE,ISFT,Intrasoft Technologies Limited,ISFT.NS,104693.25,2021-01-01,2026-09-06,1405,2021-01-01,2026-09-04,PASS,,2026-09-07T11:29:18
NSE,BHAGERIA,Bhageria Industries Limited,BHAGERIA.NS,104653.35,2021-01-01,2026-09-06,1406,2021-01-01,2026-09-04,PASS,,2026-09-07T11:29:19
NSE,ZOTA,Zota Health Care LImited,ZOTA.NS,104587.05,2021-01-01,2026-09-06,1406,2021-01-01,2026-09-04,PASS,,2026-09-07T11:29:19
NSE,THANGAMAYL,Thangamayil Jewellery Limited,THANGAMAYL.NS,104244.8,2021-01-01,2026-09-06,1407,2021-01-01,2026-09-04,PASS,,2026-09-07T11:29:20
NSE,ZUARIIND,ZUARI INDUSTRIES LIMITED,ZUARIIND.NS,104040.25,2021-01-01,2026-09-06,1406,2021-01-01,2026-09-04,PASS,,2026-09-07T11:29:20
BSE,SENCO,Senco Gold,SENCO.BO,104018.45,2021-01-01,2026-09-06,777,2023-07-14,2026-09-04,PASS,,2026-09-07T11:29:21
NSE,SHREEPUSHK,Shree Pushkar Chemicals & Fertilisers Limited,SHREEPUSHK.NS,103996.4,2021-01-01,2026-09-06,1407,2021-01-01,2026-09-04,PASS,,2026-09-07T11:29:21
NSE,RUPA,Rupa & Company Limited,RUPA.NS,103958.5,2021-01-01,2026-09-06,1406,2021-01-01,2026-09-04,PASS,,2026-09-07T11:29:22
NSE,LTTS,L&T Technology Services Limited,LTTS.NS,103477.65,2021-01-01,2026-09-06,1407,2021-01-01,2026-09-04,PASS,,2026-09-07T11:29:22
NSE,KMCSHIL,K M C Speciality Hospitals (India) Limited,KMCSHIL.NS,103259.6153846154,2021-01-01,2026-09-06,14,2026-08-18,2026-09-04,INSUFFICIENT_HISTORY,,2026-09-07T11:29:23
NSE,HATSUN,Hatsun Agro Product Limited,HATSUN.NS,103002.25,2021-01-01,2026-09-06,1406,2021-01-01,2026-09-04,PASS,,2026-09-07T11:29:23
NSE,ALKYLAMINE,Alkyl Amines Chemicals Limited,ALKYLAMINE.NS,102871.25,2021-01-01,2026-09-06,1407,2021-01-01,2026-09-04,PASS,,2026-09-07T11:29:23
BSE,GOODLUCK,Goodluck India,GOODLUCK.BO,102849.15,2021-01-01,2026-09-06,1407,2021-01-01,2026-09-04,PASS,,2026-09-07T11:29:24
NSE,JASH,Jash Engineering Limited,JASH.NS,102341.45,2021-01-01,2026-09-06,1405,2021-01-01,2026-09-04,PASS,,2026-09-07T11:29:24
NSE,ECOSMOBLTY,Ecos (India) Mobility & Hospitality Limited,ECOSMOBLTY.NS,102263.4,2021-01-01,2026-09-06,501,2024-09-04,2026-09-04,PASS,,2026-09-07T11:29:25
BSE,TI,Tilaknagar Industries,TI.BO,101761.6,2021-01-01,2026-09-06,1403,2021-01-01,2026-09-04,PASS,,2026-09-07T11:29:25
BSE,UNOMINDA,UNO Minda,UNOMINDA.BO,101604.55,2021-01-01,2026-09-06,1403,2021-01-01,2026-09-04,PASS,,2026-09-07T11:29:26
NSE,UTIAMC,UTI Asset Management Company Limited,UTIAMC.NS,101491.3,2021-01-01,2026-09-06,1407,2021-01-01,2026-09-04,PASS,,2026-09-07T11:29:26
NSE,MAXIND,Max India Limited,MAXIND.NS,101425.85,2021-01-01,2026-09-06,1405,2021-01-01,2026-09-04,PASS,,2026-09-07T11:29:27
NSE,KANPRPLA,Kanpur Plastipack Limited,KANPRPLA.NS,101114.75,2021-01-01,2026-09-06,1404,2021-01-04,2026-09-04,PASS,,2026-09-07T11:29:27
NSE,MTARTECH,Mtar Technologies Limited,MTARTECH.NS,100989.7,2021-01-01,2026-09-06,1358,2021-03-15,2026-09-04,PASS,,2026-09-07T11:29:28
NSE,ZIMLAB,Zim Laboratories Limited,ZIMLAB.NS,100889.65,2021-01-01,2026-09-06,936,2022-11-25,2026-09-04,PASS,,2026-09-07T11:29:28
BSE,INDUSINDBK,Indusind Bank,INDUSINDBK.BO,100366.35,2021-01-01,2026-09-06,1403,2021-01-01,2026-09-04,PASS,,2026-09-07T11:29:28
BSE,ONIXSOLAR,Onix Solar Energy,ONIXSOLAR.BO,100292.95,2021-01-01,2026-09-06,1404,2021-01-01,2026-09-04,PASS,,2026-09-07T11:29:29
NSE,IGARASHI,Igarashi Motors India Limited,IGARASHI.NS,100224.1,2021-01-01,2026-09-06,1407,2021-01-01,2026-09-04,PASS,,2026-09-07T11:29:29
NSE,GALAXYSURF,Galaxy Surfactants Limited,GALAXYSURF.NS,100163.95,2021-01-01,2026-09-06,1405,2021-01-01,2026-09-04,PASS,,2026-09-07T11:29:30
NSE,IRMENERGY,IRM Energy Limited,IRMENERGY.NS,100090.4,2021-01-01,2026-09-06,710,2023-10-26,2026-09-04,PASS,,2026-09-07T11:29:30
