exchange,instrument_type,symbol,name,isin,security_id,series,data_symbol,latest_close,avg_volume,liquidity_status,liquidity_reason
NSE,STOCK,20MICRONS,20 Microns Limited,INE144J01027,,EQ,20MICRONS.NS,217.82000732421875,221995.05,PASS,PASS
NSE,STOCK,21STCENMGM,21st Century Management Services Limited,INE253B01015,,EQ,21STCENMGM.NS,38.09999847412109,9431.15,FAIL,PRICE_TOO_LOW
NSE,STOCK,360ONE,360 ONE WAM LIMITED,INE466L01038,,EQ,360ONE.NS,1137.0,763869.25,PASS,PASS
NSE,STOCK,3BBLACKBIO,3B Blackbio Dx Limited,INE994E01018,,EQ,3BBLACKBIO.NS,1486.199951171875,25732.384615384617,FAIL,VOLUME_TOO_LOW
NSE,STOCK,3IINFOLTD,3i Infotech Limited,INE748C01038,,BE,3IINFOLTD.NS,21.790000915527344,615509.25,FAIL,PRICE_TOO_LOW
NSE,STOCK,3MINDIA,3M India Limited,INE470A01017,,EQ,3MINDIA.NS,32820.0,3851.65,FAIL,VOLUME_TOO_LOW
NSE,STOCK,3PLAND,3P Land Holdings Limited,INE105C01023,,EQ,3PLAND.NS,32.45000076293945,5923.25,FAIL,PRICE_TOO_LOW
NSE,STOCK,5PAISA,5Paisa Capital Limited,INE618L01018,,EQ,5PAISA.NS,342.45001220703125,78106.8,FAIL,VOLUME_TOO_LOW
NSE,STOCK,63MOONS,63 moons technologies limited,INE111B01023,,EQ,63MOONS.NS,876.5,360181.65,PASS,PASS
NSE,STOCK,A2ZINFRA,A2Z Infra Engineering Limited,INE619I01012,,EQ,A2ZINFRA.NS,15.979999542236328,444127.15,FAIL,PRICE_TOO_LOW
NSE,STOCK,AAATECH,AAA Technologies Limited,INE0D0U01013,,EQ,AAATECH.NS,93.16999816894533,23308.2,FAIL,VOLUME_TOO_LOW
NSE,STOCK,AADHARHFC,Aadhar Housing Finance Limited,INE883F01010,,EQ,AADHARHFC.NS,478.6499938964844,349453.55,PASS,PASS
NSE,STOCK,AAKASH,Aakash Exploration Services Limited,INE087Z01024,,EQ,AAKASH.NS,8.770000457763672,127090.4,FAIL,PRICE_TOO_LOW
NSE,STOCK,AAREYDRUGS,Aarey Drugs & Pharmaceuticals Limited,INE198H01019,,EQ,AAREYDRUGS.NS,94.44000244140624,199441.35,PASS,PASS
NSE,STOCK,AARNAV,Aarnav Fashions Limited,INE750R01016,,BE,AARNAV.NS,32.16999816894531,37252.75,FAIL,PRICE_TOO_LOW
NSE,STOCK,AARON,Aaron Industries Limited,INE721Z01010,,EQ,AARON.NS,128.97999572753906,16463.75,FAIL,VOLUME_TOO_LOW
NSE,STOCK,AARTECH,Aartech Solonics Limited,INE01C001026,,BE,AARTECH.NS,49.15999984741211,103494.95,FAIL,PRICE_TOO_LOW
NSE,STOCK,AARTIDRUGS,Aarti Drugs Limited,INE767A01016,,EQ,AARTIDRUGS.NS,425.8500061035156,222798.0,PASS,PASS
NSE,STOCK,AARTIIND,Aarti Industries Limited,INE769A01020,,EQ,AARTIIND.NS,501.8999938964844,1341668.7,PASS,PASS
NSE,STOCK,AARTIPHARM,Aarti Pharmalabs Limited,INE0LRU01027,,EQ,AARTIPHARM.NS,868.0999755859375,1434362.0,PASS,PASS
NSE,STOCK,AARTISURF,Aarti Surfactants Limited,INE09EO01013,,BE,AARTISURF.NS,544.25,46162.05,FAIL,VOLUME_TOO_LOW
NSE,STOCK,AARVI,Aarvi Encon Limited,INE754X01016,,EQ,AARVI.NS,141.35000610351562,31773.5,FAIL,VOLUME_TOO_LOW
NSE,STOCK,AASTHA,Aastha Spintex Limited,INE2FMX01012,,EQ,AASTHA.NS,80.05000305175781,1256202.7,PASS,PASS
NSE,STOCK,AAVAS,Aavas Financiers Limited,INE216P01012,,EQ,AAVAS.NS,1297.800048828125,141215.55,PASS,PASS
NSE,STOCK,ABAN,Aban Offshore Limited,INE421A01028,,BE,ABAN.NS,14.779999732971191,24894.0,FAIL,PRICE_TOO_LOW
NSE,STOCK,ABANSENT,Abans Enterprises Limited,INE365O01028,,EQ,ABANSENT.NS,27.450000762939453,10944.615384615385,FAIL,PRICE_TOO_LOW
NSE,STOCK,ABB,ABB India Limited,INE117A01022,,EQ,ABB.NS,7432.0,165969.35,PASS,PASS
NSE,STOCK,ABBOTINDIA,Abbott India Limited,INE358A01014,,EQ,ABBOTINDIA.NS,25945.0,9456.1,FAIL,VOLUME_TOO_LOW
NSE,STOCK,ABCAPITAL,Aditya Birla Capital Limited,INE674K01013,,EQ,ABCAPITAL.NS,402.0,3145167.2,PASS,PASS
NSE,STOCK,ABCOTS,A B Cotspin India Limited,INE08PH01015,,EQ,ABCOTS.NS,207.4600067138672,17521.15,FAIL,VOLUME_TOO_LOW
NSE,STOCK,ABDL,Allied Blenders and Distillers Limited,INE552Z01027,,EQ,ABDL.NS,609.4000244140625,336395.45,PASS,PASS
NSE,STOCK,ABFRL,Aditya Birla Fashion and Retail Limited,INE647O01011,,EQ,ABFRL.NS,52.970001220703125,6078736.35,PASS,PASS
NSE,STOCK,ABINFRA,A B Infrabuild Limited,INE00YB01025,,BE,ABINFRA.NS,11.18000030517578,10584816.25,FAIL,PRICE_TOO_LOW
NSE,STOCK,ABLBL,Aditya Birla Lifestyle Brands Limited,INE14LE01019,,EQ,ABLBL.NS,86.06999969482422,934734.05,PASS,PASS
NSE,STOCK,ABMINTLLTD,ABM International Limited,INE251C01025,,BE,ABMINTLLTD.NS,57.0,5981.7,FAIL,VOLUME_TOO_LOW
NSE,STOCK,ABMKNO,ABM Knowledgeware Limited,INE850B01026,,EQ,ABMKNO.NS,188.0,916.4615384615385,FAIL,VOLUME_TOO_LOW
NSE,STOCK,ABREL,Aditya Birla Real Estate Limited,INE055A01016,,EQ,ABREL.NS,1373.5999755859375,220389.85,PASS,PASS
NSE,STOCK,ABSLAMC,Aditya Birla Sun Life AMC Limited,INE404A01024,,EQ,ABSLAMC.NS,1045.199951171875,199484.65,PASS,PASS
NSE,STOCK,ACC,ACC Limited,INE012A01025,,EQ,ACC.NS,1272.0,123423.25,PASS,PASS
NSE,STOCK,ACCELYA,Accelya Solutions India Limited,INE793A01012,,EQ,ACCELYA.NS,1129.5999755859375,4693.25,FAIL,VOLUME_TOO_LOW
NSE,STOCK,ACCURACY,Accuracy Shipping Limited,INE648Z01023,,BE,ACCURACY.NS,4.21999979019165,58587.0,FAIL,PRICE_TOO_LOW
NSE,STOCK,ACE,Action Construction Equipment Limited,INE731H01025,,EQ,ACE.NS,1125.4000244140625,360603.85,PASS,PASS
NSE,STOCK,ACEINTEG,Ace Integrated Solutions Limited,INE543V01017,,EQ,ACEINTEG.NS,17.020000457763672,4244.15,FAIL,PRICE_TOO_LOW
NSE,STOCK,ACGL,Automobile Corporation of Goa Limited,INE451C01013,,EQ,ACGL.NS,1790.9000244140625,590.7692307692307,FAIL,VOLUME_TOO_LOW
NSE,STOCK,ACI,Archean Chemical Industries Limited,INE128X01021,,EQ,ACI.NS,495.2000122070313,394762.55,PASS,PASS
NSE,STOCK,ACL,Andhra Cements Limited,INE666E01020,,EQ,ACL.NS,43.58000183105469,13035.0,FAIL,PRICE_TOO_LOW
NSE,STOCK,ACMESOLAR,Acme Solar Holdings Limited,INE622W01025,,EQ,ACMESOLAR.NS,418.0,2133653.4,PASS,PASS
NSE,STOCK,ACSTECH,ACS Technologies Limited,INE366C01021,,BE,ACSTECH.NS,50.68999862670898,266479.1538461539,PASS,PASS
NSE,STOCK,ACUTAAS,Acutaas Chemicals Limited,INE00FF01025,,EQ,ACUTAAS.NS,3168.5,260022.2,PASS,PASS
NSE,STOCK,ADANIENSOL,Adani Energy Solutions Limited,INE931S01010,,EQ,ADANIENSOL.NS,1409.5999755859375,4617441.0,PASS,PASS
NSE,STOCK,ADANIENT,Adani Enterprises Limited,INE423A01024,,EQ,ADANIENT.NS,2938.0,1898249.6,PASS,PASS
NSE,STOCK,ADANIGREEN,Adani Green Energy Limited,INE364U01010,,EQ,ADANIGREEN.NS,1283.4000244140625,1651223.1,PASS,PASS
NSE,STOCK,ADANIPORTS,Adani Ports and Special Economic Zone Limited,INE742F01042,,EQ,ADANIPORTS.NS,1707.300048828125,2339322.2,PASS,PASS
NSE,STOCK,ADANIPOWER,Adani Power Limited,INE814H01029,,EQ,ADANIPOWER.NS,207.1999969482422,20416073.25,PASS,PASS
NSE,STOCK,ADDIND,Addi Industries Limited,INE757C01021,,EQ,ADDIND.NS,76.69000244140625,1116.923076923077,FAIL,VOLUME_TOO_LOW
NSE,STOCK,ADFFOODS,ADF Foods Limited,INE982B01027,,EQ,ADFFOODS.NS,264.79998779296875,115891.5,PASS,PASS
NSE,STOCK,ADL,Archidply Decor Limited,INE0CHO01012,,EQ,ADL.NS,72.79000091552734,1046.65,FAIL,VOLUME_TOO_LOW
NSE,STOCK,ADOR,Ador Welding Limited,INE045A01017,,EQ,ADOR.NS,1714.5999755859375,63820.7,FAIL,VOLUME_TOO_LOW
NSE,STOCK,ADROITINFO,Adroit Infotech Limited,INE737B01033,,EQ,ADROITINFO.NS,10.3100004196167,27196.35,FAIL,PRICE_TOO_LOW
NSE,STOCK,ADSL,Allied Digital Services Limited,INE102I01027,,EQ,ADSL.NS,104.12999725341795,80141.6,FAIL,VOLUME_TOO_LOW
NSE,STOCK,ADVAIT,Advait Energy Transitions Limited,INE0ALI01010,,EQ,ADVAIT.NS,2210.89990234375,74493.85,FAIL,VOLUME_TOO_LOW
NSE,STOCK,ADVANCE,Advance Agrolife Limited,INE1B0W01010,,EQ,ADVANCE.NS,118.52999877929688,218443.1,PASS,PASS
NSE,STOCK,ADVANIHOTR,Advani Hotels & Resorts (India) Limited,INE199C01026,,EQ,ADVANIHOTR.NS,49.18000030517578,31683.7,FAIL,PRICE_TOO_LOW
NSE,STOCK,ADVENTHTL,Advent Hotels International Limited,INE28GN01010,,EQ,ADVENTHTL.NS,134.97999572753906,192748.7,PASS,PASS
NSE,STOCK,ADVENZYMES,Advanced Enzyme Technologies Limited,INE837H01020,,EQ,ADVENZYMES.NS,296.0,276893.35,PASS,PASS
NSE,STOCK,ADVIKCA,Advik Capital Limited,INE178T01024,,EQ,ADVIKCA.NS,1.1299999952316284,306535.6153846154,FAIL,PRICE_TOO_LOW
NSE,STOCK,AEGISLOG,Aegis Logistics Limited,INE208C01025,,EQ,AEGISLOG.NS,1270.199951171875,835587.0,PASS,PASS
NSE,STOCK,AEGISVOPAK,Aegis Vopak Terminals Limited,INE0INX01018,,EQ,AEGISVOPAK.NS,284.5,830260.25,PASS,PASS
NSE,STOCK,AEPL,Artemis Electricals and Projects Limited,INE757T01025,,EQ,AEPL.NS,17.09000015258789,175199.8,FAIL,PRICE_TOO_LOW
NSE,STOCK,AEQUS,Aequs Limited,INE947N01017,,EQ,AEQUS.NS,242.17999267578125,2831910.4,PASS,PASS
NSE,STOCK,AEROENTER,Aeroflex Enterprises Limited,INE065D01027,,EQ,AEROENTER.NS,142.86000061035156,756073.85,PASS,PASS
NSE,STOCK,AEROFLEX,Aeroflex Industries Limited,INE024001021,,EQ,AEROFLEX.NS,537.4500122070312,1515422.25,PASS,PASS
NSE,STOCK,AERONEU,Aeroflex Neu Limited,INE035801013,,EQ,AERONEU.NS,78.98999786376953,37660.45,FAIL,VOLUME_TOO_LOW
NSE,STOCK,AEROPLANE,Amir Chand Jagdish Kumar (Exports) Limited,INE05TO01019,,EQ,AEROPLANE.NS,188.07000732421875,474246.25,PASS,PASS
NSE,STOCK,AETHER,Aether Industries Limited,INE0BWX01014,,EQ,AETHER.NS,1654.699951171875,211826.0,PASS,PASS
NSE,STOCK,AFCONS,Afcons Infrastructure Limited,INE101I01011,,EQ,AFCONS.NS,292.79998779296875,1023500.55,PASS,PASS
NSE,STOCK,AFFLE,Affle 3i Limited,INE00WC01027,,EQ,AFFLE.NS,1519.199951171875,245347.0,PASS,PASS
NSE,STOCK,AFFORDABLE,Affordable Robotic & Automation Limited,INE692Z01013,,EQ,AFFORDABLE.NS,159.67999267578125,16518.35,FAIL,VOLUME_TOO_LOW
NSE,STOCK,AFIL,Akme Fintrade (India) Limited,INE916Y01027,,EQ,AFIL.NS,9.3100004196167,759753.75,FAIL,PRICE_TOO_LOW
NSE,STOCK,AFSL,Abans Financial Services Limited,INE00ZE01026,,EQ,AFSL.NS,208.7700042724609,23436.9,FAIL,VOLUME_TOO_LOW
NSE,STOCK,AGARIND,Agarwal Industrial Corporation Limited,INE204E01012,,EQ,AGARIND.NS,440.5,32560.7,FAIL,VOLUME_TOO_LOW
NSE,STOCK,AGARWALEYE,Dr. Agarwal's Health Care Limited,INE943P01029,,EQ,AGARWALEYE.NS,514.0999755859375,2896305.45,PASS,PASS
NSE,STOCK,AGI,AGI Greenpac Limited,INE415A01038,,EQ,AGI.NS,735.25,184386.7,PASS,PASS
NSE,STOCK,AGIIL,Agi Infra Limited,INE976R01033,,EQ,AGIIL.NS,283.70001220703125,977495.5,PASS,PASS
NSE,STOCK,AGL,Allcargo Global Limited,INE1YPB01014,,EQ,AGL.NS,13.65999984741211,4277938.35,FAIL,PRICE_TOO_LOW
NSE,STOCK,AGRITECH,Agri-Tech (India) Limited,INE449G01018,,EQ,AGRITECH.NS,101.20999908447266,2831.35,FAIL,VOLUME_TOO_LOW
NSE,STOCK,AGROPHOS,Agro Phos India Limited,INE740V01019,,EQ,AGROPHOS.NS,26.190000534057617,20817.45,FAIL,PRICE_TOO_LOW
NSE,STOCK,AGSTRA,AGS Transact Technologies Limited,INE583L01014,,BZ,AGSTRA.NS,1.9800000190734863,133554.8,FAIL,PRICE_TOO_LOW
NSE,STOCK,AHCL,Anlon Healthcare Limited,INE0Y8W01025,,EQ,AHCL.NS,15.600000381469728,3391912.0,FAIL,PRICE_TOO_LOW
NSE,STOCK,AHLADA,Ahlada Engineers Limited,INE00PV01013,,EQ,AHLADA.NS,37.5099983215332,24920.15,FAIL,PRICE_TOO_LOW
NSE,STOCK,AHLEAST,Asian Hotels (East) Limited,INE926K01017,,EQ,AHLEAST.NS,135.86000061035156,3015.7,FAIL,VOLUME_TOO_LOW
NSE,STOCK,AHLUCONT,Ahluwalia Contracts (India) Limited,INE758C01029,,EQ,AHLUCONT.NS,595.4500122070312,118369.05,PASS,PASS
NSE,STOCK,AHLWEST,Asian Hotels (West) Limited,INE915K01010,,BE,AHLWEST.NS,512.0499877929688,550.65,FAIL,VOLUME_TOO_LOW
NSE,STOCK,AIAENG,AIA Engineering Limited,INE212H01026,,EQ,AIAENG.NS,4231.2001953125,56572.55,FAIL,VOLUME_TOO_LOW
NSE,STOCK,AIIL,Authum Investment & Infrastructure Limited,INE206F01022,,EQ,AIIL.NS,519.9000244140625,426739.95,PASS,PASS
NSE,STOCK,AIRAN,Airan Limited,INE645W01026,,EQ,AIRAN.NS,14.800000190734863,54357.55,FAIL,PRICE_TOO_LOW
NSE,STOCK,AIROLAM,Airo Lam limited,INE801L01010,,EQ,AIROLAM.NS,86.33999633789062,3967.35,FAIL,VOLUME_TOO_LOW
NSE,STOCK,AJANTPHARM,Ajanta Pharma Limited,INE031B01049,,EQ,AJANTPHARM.NS,3521.10009765625,77037.9,FAIL,VOLUME_TOO_LOW
NSE,STOCK,AJAXENGG,Ajax Engineering Limited,INE274Y01021,,EQ,AJAXENGG.NS,579.75,68216.1,FAIL,VOLUME_TOO_LOW
NSE,STOCK,AJMERA,Ajmera Realty & Infra India Limited,INE298G01035,,EQ,AJMERA.NS,117.76000213623048,265582.05,PASS,PASS
NSE,STOCK,AJOONI,Ajooni Biotech Limited,INE820Y01021,,EQ,AJOONI.NS,3.7100000381469727,295796.4,FAIL,PRICE_TOO_LOW
NSE,STOCK,AKASH,Akash Infra-Projects Limited,INE737W01013,,EQ,AKASH.NS,25.600000381469727,7778.55,FAIL,PRICE_TOO_LOW
NSE,STOCK,AKCAPIT,AK Capital Services Limited,INE701G01012,,EQ,AKCAPIT.NS,1697.4000244140625,1670.6923076923076,FAIL,VOLUME_TOO_LOW
NSE,STOCK,AKG,Akg Exim Limited,INE00Y801016,,EQ,AKG.NS,9.34000015258789,32499.45,FAIL,PRICE_TOO_LOW
NSE,STOCK,AKI,AKI India Limited,INE642Z01026,,EQ,AKI.NS,6.570000171661377,427320.4,FAIL,PRICE_TOO_LOW
NSE,STOCK,AKSHAR,Akshar Spintex Limited,INE256Z01025,,EQ,AKSHAR.NS,0.4199999868869781,1087613.65,FAIL,PRICE_TOO_LOW
NSE,STOCK,AKSHARCHEM,AksharChem India Limited,INE542B01011,,BE,AKSHARCHEM.NS,424.0,13718.1,FAIL,VOLUME_TOO_LOW
NSE,STOCK,AKSHOPTFBR,Aksh Optifibre Limited,INE523B01011,,BE,AKSHOPTFBR.NS,7.079999923706055,369788.35,FAIL,PRICE_TOO_LOW
NSE,STOCK,AKUMS,Akums Drugs and Pharmaceuticals Limited,INE09XN01023,,EQ,AKUMS.NS,780.5499877929688,515218.4,PASS,PASS
NSE,STOCK,ALANKIT,Alankit Limited,INE914E01040,,EQ,ALANKIT.NS,8.020000457763672,111236.05,FAIL,PRICE_TOO_LOW
NSE,STOCK,ALBERTDAVD,Albert David Limited,INE155C01010,,EQ,ALBERTDAVD.NS,870.1500244140625,26335.65,FAIL,VOLUME_TOO_LOW
NSE,STOCK,ALEMBICLTD,Alembic Limited,INE426A01027,,EQ,ALEMBICLTD.NS,111.41000366210938,2689381.3,PASS,PASS
NSE,STOCK,ALFREDHE,Alfred Herbert India Limited,INE782D01027,,EQ,ALFREDHE.NS,2898.300048828125,68.0,FAIL,VOLUME_TOO_LOW
NSE,STOCK,ALGOQUANT,Algoquant Fintech Limited,INE598D01035,,EQ,ALGOQUANT.NS,64.2699966430664,1253882.7,PASS,PASS
NSE,STOCK,ALICON,Alicon Castalloy Limited,INE062D01024,,EQ,ALICON.NS,684.5499877929688,62579.95,FAIL,VOLUME_TOO_LOW
NSE,STOCK,ALIVUS,Alivus Life Sciences Limited,INE03Q201024,,EQ,ALIVUS.NS,1418.800048828125,190214.8,PASS,PASS
NSE,STOCK,ALKALI,Alkali Metals Limited,INE773I01017,,BE,ALKALI.NS,66.5199966430664,3435.85,FAIL,VOLUME_TOO_LOW
NSE,STOCK,ALKEM,Alkem Laboratories Limited,INE540L01014,,EQ,ALKEM.NS,5193.0,138392.0,PASS,PASS
NSE,STOCK,ALKYLAMINE,Alkyl Amines Chemicals Limited,INE150B01039,,EQ,ALKYLAMINE.NS,2003.199951171875,102871.25,PASS,PASS
NSE,STOCK,ALLCARGO,Allcargo Logistics Limited,INE418H01029,,EQ,ALLCARGO.NS,12.4399995803833,39649639.3,FAIL,PRICE_TOO_LOW
NSE,STOCK,ALLDIGI,Alldigi Tech Limited,INE835G01018,,EQ,ALLDIGI.NS,801.6500244140625,7172.25,FAIL,VOLUME_TOO_LOW
NSE,STOCK,ALLTIME,All Time Plastics Limited,INE0GV601021,,EQ,ALLTIME.NS,206.0800018310547,121576.3,PASS,PASS
NSE,STOCK,ALMONDZ,Almondz Global Securities Limited,INE326B01035,,EQ,ALMONDZ.NS,17.65999984741211,255882.3,FAIL,PRICE_TOO_LOW
NSE,STOCK,ALOKINDS,Alok Industries Limited,INE270A01029,,EQ,ALOKINDS.NS,7.829999923706055,28627027.3,FAIL,PRICE_TOO_LOW
NSE,STOCK,ALPA,Alpa Laboratories Limited,INE385I01010,,EQ,ALPA.NS,63.29999923706055,15160.55,FAIL,VOLUME_TOO_LOW
NSE,STOCK,ALPHAGEO,Alphageo (India) Limited,INE137C01018,,BE,ALPHAGEO.NS,323.8500061035156,79076.0,FAIL,VOLUME_TOO_LOW
NSE,STOCK,ALPINETEX,Alpine Texworld Limited,INE1JCQ01037,,EQ,ALPINETEX.NS,57.7599983215332,278710.1,PASS,PASS
NSE,STOCK,ALUFLUOR,Alufluoride Limited,INE058F01019,,EQ,ALUFLUOR.NS,502.1499938964844,8134.615384615385,FAIL,VOLUME_TOO_LOW
NSE,STOCK,AMAGI,Amagi Media Labs Limited,INE121R01077,,EQ,AMAGI.NS,563.2999877929688,1575323.75,PASS,PASS
NSE,STOCK,AMAL,Amal Limited,INE841D01013,,EQ,AMAL.NS,749.7999877929688,8955.461538461539,FAIL,VOLUME_TOO_LOW
NSE,STOCK,AMANTA,Amanta Healthcare Limited,INE084K01015,,BE,AMANTA.NS,190.22999572753903,106093.3,PASS,PASS
NSE,STOCK,AMARJOTHI,Amarjothi Spinning Mills Limited,INE484D01012,,EQ,AMARJOTHI.NS,158.80999755859375,1150.8333333333333,FAIL,VOLUME_TOO_LOW
NSE,STOCK,AMBALALSA,Ambalal Sarabhai Enterprises Limited,INE432A01017,,BE,AMBALALSA.NS,43.66999816894531,238540.6,FAIL,PRICE_TOO_LOW
NSE,STOCK,AMBER,Amber Enterprises India Limited,INE371P01015,,EQ,AMBER.NS,7410.0,344838.8,PASS,PASS
NSE,STOCK,AMBICAAGAR,Ambica Agarbathies & Aroma industries Limited,INE792B01012,,EQ,AMBICAAGAR.NS,26.32999992370605,9760.2,FAIL,PRICE_TOO_LOW
NSE,STOCK,AMBIKCO,Ambika Cotton Mills Limited,INE540G01014,,EQ,AMBIKCO.NS,1634.699951171875,25559.05,FAIL,VOLUME_TOO_LOW
NSE,STOCK,AMBUJACEM,Ambuja Cements Limited,INE079A01024,,EQ,AMBUJACEM.NS,405.0,2303937.7,PASS,PASS
NSE,STOCK,AMDIND,AMD Industries Limited,INE005I01014,,EQ,AMDIND.NS,58.5099983215332,57952.65,FAIL,VOLUME_TOO_LOW
NSE,STOCK,AMJLAND,Amj Land Holdings Limited,INE606A01024,,EQ,AMJLAND.NS,39.59999847412109,12274.2,FAIL,PRICE_TOO_LOW
NSE,STOCK,AMNPLST,Amines & Plasticizers Limited,INE275D01022,,EQ,AMNPLST.NS,176.07000732421875,6999.15,FAIL,VOLUME_TOO_LOW
NSE,STOCK,AMRUTANJAN,Amrutanjan Health Care Limited,INE098F01031,,EQ,AMRUTANJAN.NS,505.4500122070313,181953.65,PASS,PASS
NSE,STOCK,ANANDRATHI,Anand Rathi Wealth Limited,INE463V01026,,EQ,ANANDRATHI.NS,2205.300048828125,214749.25,PASS,PASS
NSE,STOCK,ANANTRAJ,Anant Raj Limited,INE242C01024,,EQ,ANANTRAJ.NS,625.4500122070312,2785048.1,PASS,PASS
NSE,STOCK,ANDHRAPAP,ANDHRA PAPER LIMITED,INE435A01051,,EQ,ANDHRAPAP.NS,63.290000915527344,206530.65,PASS,PASS
NSE,STOCK,ANDHRSUGAR,The Andhra Sugars Limited,INE715B01021,,EQ,ANDHRSUGAR.NS,101.29000091552734,1745469.9,PASS,PASS
NSE,STOCK,ANDREWYU,Andrew Yule & Company Limited,INE449C01025,,EQ,ANDREWYU.NS,27.93000030517578,109825.21052631579,FAIL,PRICE_TOO_LOW
NSE,STOCK,ANGELONE,Angel One Limited,INE732I01021,,EQ,ANGELONE.NS,299.79998779296875,6534716.95,PASS,PASS
NSE,STOCK,ANIKINDS,Anik Industries Limited,INE087B01017,,EQ,ANIKINDS.NS,44.9900016784668,14360.15,FAIL,PRICE_TOO_LOW
NSE,STOCK,ANKITMETAL,Ankit Metal & Power Limited,INE106I01010,,BZ,ANKITMETAL.NS,1.690000057220459,31129.2,FAIL,PRICE_TOO_LOW
NSE,STOCK,ANMOL,Anmol India Limited,INE02AR01019,,EQ,ANMOL.NS,10.039999961853027,33598.95,FAIL,PRICE_TOO_LOW
NSE,STOCK,ANNAPURNA,Annapurna Swadisht Limited,INE0MGM01017,,EQ,ANNAPURNA.NS,140.1999969482422,65232.65,FAIL,VOLUME_TOO_LOW
NSE,STOCK,ANNU,Annu Projects Limited,INE103001017,,BE,ANNU.NS,68.2300033569336,2937666.0,PASS,PASS
NSE,STOCK,ANSALAPI,Ansal Properties & Infrastructure Limited,INE436A01026,,BZ,ANSALAPI.NS,3.309999942779541,22973.55,FAIL,PRICE_TOO_LOW
NSE,STOCK,ANSALBU,Ansal Buildwell Limited,INE030C01015,,EQ,ANSALBU.NS,76.3499984741211,5148.846153846154,FAIL,VOLUME_TOO_LOW
NSE,STOCK,ANTELOPUS,Antelopus Selan Energy Limited,INE818A01017,,EQ,ANTELOPUS.NS,1013.2999877929688,1690221.8,PASS,PASS
NSE,STOCK,ANTGRAPHIC,Antarctica Limited,INE414B01021,,EQ,ANTGRAPHIC.NS,0.75,246210.55,FAIL,PRICE_TOO_LOW
NSE,STOCK,ANTHEM,Anthem Biosciences Limited,INE0CZ201020,,EQ,ANTHEM.NS,934.0499877929688,835800.55,PASS,PASS
NSE,STOCK,ANUHPHR,Anuh Pharma Limited,INE489G01022,,EQ,ANUHPHR.NS,79.68000030517578,78334.45,FAIL,VOLUME_TOO_LOW
NSE,STOCK,ANUP,The Anup Engineering Limited,INE294Z01018,,EQ,ANUP.NS,1808.0,29950.8,FAIL,VOLUME_TOO_LOW
NSE,STOCK,ANURAS,Anupam Rasayan India Limited,INE930P01018,,EQ,ANURAS.NS,1240.199951171875,305371.35,PASS,PASS
NSE,STOCK,APARINDS,Apar Industries Limited,INE372A01015,,EQ,APARINDS.NS,17421.0,157835.6,PASS,PASS
NSE,STOCK,APCL,Anjani Portland Cement Limited,INE071F01012,,EQ,APCL.NS,100.0999984741211,9330.85,FAIL,VOLUME_TOO_LOW
NSE,STOCK,APCOTEXIND,Apcotex Industries Limited,INE116A01032,,EQ,APCOTEXIND.NS,650.4000244140625,179849.95,PASS,PASS
NSE,STOCK,APEX,Apex Frozen Foods Limited,INE346W01013,,EQ,APEX.NS,376.75,717298.55,PASS,PASS
NSE,STOCK,APLAPOLLO,APL Apollo Tubes Limited,INE702C01027,,EQ,APLAPOLLO.NS,2159.39990234375,657254.0,PASS,PASS
NSE,STOCK,APLLTD,Alembic Pharmaceuticals Limited,INE901L01018,,EQ,APLLTD.NS,803.6500244140625,107392.6,PASS,PASS
NSE,STOCK,APOLLO,Apollo Micro Systems Limited,INE713T01028,,EQ,APOLLO.NS,388.8999938964844,4343780.1,PASS,PASS
NSE,STOCK,APOLLOHOSP,Apollo Hospitals Enterprise Limited,INE437A01024,,EQ,APOLLOHOSP.NS,8650.0,402901.9,PASS,PASS
NSE,STOCK,APOLLOPIPE,Apollo Pipes Limited,INE126J01016,,EQ,APOLLOPIPE.NS,614.5499877929688,520091.5,PASS,PASS
NSE,STOCK,APOLLOTYRE,Apollo Tyres Limited,INE438A01022,,EQ,APOLLOTYRE.NS,429.5499877929688,837921.6,PASS,PASS
NSE,STOCK,APOLSINHOT,Apollo Sindoori Hotels Limited,INE451F01024,,EQ,APOLSINHOT.NS,1233.0999755859375,1001.15,FAIL,VOLUME_TOO_LOW
NSE,STOCK,APOORVA,Apoorva Leasing Finance and Investment Company Limited,INE217S01014,,EQ,APOORVA.NS,25.25,258.1818181818182,FAIL,PRICE_TOO_LOW
NSE,STOCK,APTECHT,Aptech Limited,INE266F01018,,BE,APTECHT.NS,90.97000122070312,49270.1,FAIL,VOLUME_TOO_LOW
NSE,STOCK,APTUS,Aptus Value Housing Finance India Limited,INE852O01025,,EQ,APTUS.NS,257.3099975585937,1184473.3,PASS,PASS
NSE,STOCK,AQYLON,Aqylon Nexus Limited,INE416A01051,,EQ,AQYLON.NS,21.59000015258789,2016270.0,FAIL,PRICE_TOO_LOW
NSE,STOCK,ARCHIDPLY,Archidply Industries Limited,INE877I01016,,EQ,ARCHIDPLY.NS,105.98999786376952,86556.05,FAIL,VOLUME_TOO_LOW
NSE,STOCK,ARCHIES,Archies Limited,INE731A01020,,EQ,ARCHIES.NS,12.90999984741211,13010.65,FAIL,PRICE_TOO_LOW
NSE,STOCK,ARCL,ARCL Organics Limited,INE372M01010,,EQ,ARCL.NS,228.3000030517578,246.0,FAIL,VOLUME_TOO_LOW
NSE,STOCK,ARDEE,Ardee Industries Limited,INE0XNF01022,,EQ,ARDEE.NS,55.65999984741211,15132997.388888888,PASS,PASS
NSE,STOCK,ARE&M,Amara Raja Energy & Mobility Limited,INE885A01032,,EQ,ARE&M.NS,864.2000122070312,1108055.1,PASS,PASS
NSE,STOCK,ARENTERP,Rajdarshan Industries Limited,INE610C01014,,EQ,ARENTERP.NS,35.060001373291016,1580.6,FAIL,PRICE_TOO_LOW
NSE,STOCK,ARFIN,Arfin India Limited,INE784R01023,,EQ,ARFIN.NS,89.08999633789062,1222803.85,PASS,PASS
NSE,STOCK,ARIES,Aries Agro Limited,INE298I01015,,EQ,ARIES.NS,496.6000061035156,172855.65,PASS,PASS
NSE,STOCK,ARIHANT,Arihant Foundations & Housing Limited,INE413D01011,,EQ,ARIHANT.NS,920.6500244140624,3721.65,FAIL,VOLUME_TOO_LOW
NSE,STOCK,ARIHANTCAP,Arihant Capital Markets Limited,INE420B01036,,EQ,ARIHANTCAP.NS,78.5199966430664,191892.7,PASS,PASS
NSE,STOCK,ARIHANTSUP,Arihant Superstructures Limited,INE643K01018,,EQ,ARIHANTSUP.NS,236.1499938964844,22039.0,FAIL,VOLUME_TOO_LOW
NSE,STOCK,ARIS,Arisinfra Solutions Limited,INE0H9P01028,,EQ,ARIS.NS,128.55999755859375,1975762.25,PASS,PASS
NSE,STOCK,ARKADE,Arkade Developers Limited,INE0QRL01017,,EQ,ARKADE.NS,124.16999816894533,427528.5,PASS,PASS
NSE,STOCK,ARMANFIN,Arman Financial Services Limited,INE109C01017,,EQ,ARMANFIN.NS,1991.9000244140625,53657.35,FAIL,VOLUME_TOO_LOW
NSE,STOCK,AROGRANITE,Aro Granite Industries Limited,INE210C01013,,EQ,AROGRANITE.NS,24.96999931335449,8395.0,FAIL,PRICE_TOO_LOW
NSE,STOCK,ARROWGREEN,Arrow Greentech Limited,INE570D01018,,BE,ARROWGREEN.NS,777.4000244140625,31679.3,FAIL,VOLUME_TOO_LOW
NSE,STOCK,ARSHIYA,Arshiya Limited,INE968D01022,,BZ,ARSHIYA.NS,0.7300000190734863,240222.15,FAIL,PRICE_TOO_LOW
NSE,STOCK,ARSSBL,Anand Rathi Share and Stock Brokers Limited,INE549H01021,,EQ,ARSSBL.NS,514.9500122070312,189417.6,PASS,PASS
NSE,STOCK,ARTEMISMED,Artemis Medicare Services Limited,INE025R01021,,EQ,ARTEMISMED.NS,332.79998779296875,385647.4,PASS,PASS
NSE,STOCK,ARTNIRMAN,Art Nirman Limited,INE738V01013,,EQ,ARTNIRMAN.NS,40.43000030517578,1837.75,FAIL,PRICE_TOO_LOW
NSE,STOCK,ARVEE,Arvee Laboratories (India) Limited,INE006Z01016,,EQ,ARVEE.NS,165.0,9474.55,FAIL,VOLUME_TOO_LOW
NSE,STOCK,ARVIND,Arvind Limited,INE034A01011,,EQ,ARVIND.NS,567.0,824359.05,PASS,PASS
NSE,STOCK,ARVINDFASN,Arvind Fashions Limited,INE955V01021,,EQ,ARVINDFASN.NS,446.5,218945.6,PASS,PASS
NSE,STOCK,ARVSMART,Arvind SmartSpaces Limited,INE034S01021,,EQ,ARVSMART.NS,639.0,497045.2,PASS,PASS
NSE,STOCK,ARYAMAN,Aryaman Financial Services Limited,INE032E01017,,EQ,ARYAMAN.NS,626.5,299.15384615384613,FAIL,VOLUME_TOO_LOW
NSE,STOCK,ASAHIINDIA,Asahi India Glass Limited,INE439A01020,,EQ,ASAHIINDIA.NS,955.9000244140624,193071.9,PASS,PASS
NSE,STOCK,ASAHISONG,Asahi Songwon Colors Limited,INE228I01012,,BE,ASAHISONG.NS,368.7999877929688,17466.7,FAIL,VOLUME_TOO_LOW
NSE,STOCK,ASAL,Automotive Stampings and Assemblies Limited,INE900C01027,,EQ,ASAL.NS,486.2999877929688,20420.15,FAIL,VOLUME_TOO_LOW
NSE,STOCK,ASALCBR,Associated Alcohols & Breweries Ltd.,INE073G01016,,EQ,ASALCBR.NS,696.0499877929688,29551.4,FAIL,VOLUME_TOO_LOW
NSE,STOCK,ASHAPURMIN,Ashapura Minechem Limited,INE348A01023,,EQ,ASHAPURMIN.NS,547.9500122070312,512215.55,PASS,PASS
NSE,STOCK,ASHIANA,Ashiana Housing Limited,INE365D01021,,EQ,ASHIANA.NS,366.5499877929688,44143.55,FAIL,VOLUME_TOO_LOW
NSE,STOCK,ASHIKAG,Ashika Global Securities Limited,INE094B01013,,BE,ASHIKAG.NS,429.25,26208.076923076922,FAIL,VOLUME_TOO_LOW
NSE,STOCK,ASHIMASYN,Ashima Limited,INE440A01010,,EQ,ASHIMASYN.NS,17.889999389648438,102652.35,FAIL,PRICE_TOO_LOW
NSE,STOCK,ASHOKA,Ashoka Buildcon Limited,INE442H01029,,EQ,ASHOKA.NS,117.31999969482422,6036122.8,PASS,PASS
NSE,STOCK,ASHOKAMET,Ashoka Metcast Limited,INE760Y01011,,EQ,ASHOKAMET.NS,13.470000267028809,14677.75,FAIL,PRICE_TOO_LOW
NSE,STOCK,ASHOKLEY,Ashok Leyland Limited,INE208A01029,,EQ,ASHOKLEY.NS,169.0,15715516.8,PASS,PASS
NSE,STOCK,ASIANENE,Asian Energy Services Limited,INE276G01015,,EQ,ASIANENE.NS,523.0,787072.75,PASS,PASS
NSE,STOCK,ASIANHOTNR,Asian Hotels (North) Limited,INE363A01022,,EQ,ASIANHOTNR.NS,383.8500061035156,92893.3,FAIL,VOLUME_TOO_LOW
NSE,STOCK,ASIANPAINT,Asian Paints Limited,INE021A01026,,EQ,ASIANPAINT.NS,2527.300048828125,639966.7,PASS,PASS
NSE,STOCK,ASIANTILES,Asian Granito India Limited,INE022I01019,,EQ,ASIANTILES.NS,49.959999084472656,6129676.2,FAIL,PRICE_TOO_LOW
NSE,STOCK,ASIANTNE,Asian Tea & Exports Limited,INE822B01017,,EQ,ASIANTNE.NS,9.760000228881836,13482.0,FAIL,PRICE_TOO_LOW
NSE,STOCK,ASKAUTOLTD,ASK Automotive Limited,INE491J01022,,EQ,ASKAUTOLTD.NS,618.8499755859375,393518.85,PASS,PASS
NSE,STOCK,ASMS,Avio Smart Market Stack Limited,INE855F01042,,BE,ASMS.NS,7.110000133514404,178413.9,FAIL,PRICE_TOO_LOW
NSE,STOCK,ASPINWALL,Aspinwall and Company Limited,INE991I01015,,EQ,ASPINWALL.NS,257.54998779296875,2882.7,FAIL,VOLUME_TOO_LOW
NSE,STOCK,ASSAMENT,Assam Entrade Limited,INE165G01010,,EQ,ASSAMENT.NS,831.0,19.923076923076923,FAIL,VOLUME_TOO_LOW
NSE,STOCK,ASTAR,Asian Star Company Limited,INE194D01017,,EQ,ASTAR.NS,578.5,90.92307692307692,FAIL,VOLUME_TOO_LOW
NSE,STOCK,ASTEC,Astec LifeSciences Limited,INE563J01010,,EQ,ASTEC.NS,554.4500122070312,36515.65,FAIL,VOLUME_TOO_LOW
NSE,STOCK,ASTERDM,Aster DM Quality Care Limited,INE914M01019,,EQ,ASTERDM.NS,787.0,5839838.7,PASS,PASS
NSE,STOCK,ASTRAL,Astral Limited,INE006I01046,,EQ,ASTRAL.NS,1495.199951171875,1604510.1,PASS,PASS
NSE,STOCK,ASTRAMICRO,Astra Microwave Products Limited,INE386C01029,,EQ,ASTRAMICRO.NS,1729.0,392004.55,PASS,PASS
NSE,STOCK,ASTRAZEN,AstraZeneca Pharma India Limited,INE203A01020,,EQ,ASTRAZEN.NS,6940.5,14342.45,FAIL,VOLUME_TOO_LOW
NSE,STOCK,ASTRON,Astron Paper & Board Mill Limited,INE646X01014,,BZ,ASTRON.NS,3.0,27801.5,FAIL,PRICE_TOO_LOW
NSE,STOCK,ATALREAL,Atal Realtech Limited,INE0ALR01029,,EQ,ATALREAL.NS,26.21999931335449,13971012.35,FAIL,PRICE_TOO_LOW
NSE,STOCK,ATAM,Atam Valves Limited,INE09KD01013,,EQ,ATAM.NS,54.790000915527344,23453.0,FAIL,VOLUME_TOO_LOW
NSE,STOCK,ATGL,Adani Total Gas Limited,INE399L01023,,EQ,ATGL.NS,612.3499755859375,995578.85,PASS,PASS
NSE,STOCK,ATHERENERG,Ather Energy Limited,INE0LEZ01016,,EQ,ATHERENERG.NS,1584.0,4998667.95,PASS,PASS
NSE,STOCK,ATL,Allcargo Terminals Limited,INE0NN701020,,EQ,ATL.NS,24.26000022888184,316957.45,FAIL,PRICE_TOO_LOW
NSE,STOCK,ATLANTAA,ATLANTAA LIMITED,INE285H01022,,EQ,ATLANTAA.NS,39.150001525878906,141829.75,FAIL,PRICE_TOO_LOW
NSE,STOCK,ATLANTAELE,Atlanta Electricals Limited,INE0Z4F01028,,EQ,ATLANTAELE.NS,1881.699951171875,183255.15,PASS,PASS
NSE,STOCK,ATLASCYCLE,Atlas Cycles (Haryana) Limited,INE446A01025,,EQ,ATLASCYCLE.NS,95.44000244140624,7402.3,FAIL,VOLUME_TOO_LOW
NSE,STOCK,ATUL,Atul Limited,INE100A01010,,EQ,ATUL.NS,6386.0,32773.35,FAIL,VOLUME_TOO_LOW
NSE,STOCK,ATULAUTO,Atul Auto Limited,INE951D01028,,EQ,ATULAUTO.NS,465.1499938964844,195209.95,PASS,PASS
NSE,STOCK,AUBANK,AU Small Finance Bank Limited,INE949L01017,,EQ,AUBANK.NS,1072.0,1473666.85,PASS,PASS
NSE,STOCK,AUGMONT,Augmont Enterprises Limited,INE16W401027,,EQ,AUGMONT.NS,901.5,6148846.4,PASS,PASS
NSE,STOCK,AURIONPRO,Aurionpro Solutions Limited,INE132H01018,,EQ,AURIONPRO.NS,686.4500122070312,221914.7,PASS,PASS
NSE,STOCK,AUROPHARMA,Aurobindo Pharma Limited,INE406A01037,,EQ,AUROPHARMA.NS,1637.300048828125,912720.7,PASS,PASS
NSE,STOCK,AURUM,Aurum PropTech Limited,INE898S01029,,EQ,AURUM.NS,224.75999450683597,142731.05,PASS,PASS
NSE,STOCK,AURUS,AURUS GEM CORPORATION LIMITED,INE142K01011,,EQ,AURUS.NS,4.619999885559082,14752.7,FAIL,PRICE_TOO_LOW
NSE,STOCK,AUSOMENT,Ausom Enterprise Limited,INE218C01016,,EQ,AUSOMENT.NS,159.9499969482422,7928.85,FAIL,VOLUME_TOO_LOW
NSE,STOCK,AUSTENG,Austin Engineering Company  Limited,INE759F01012,,EQ,AUSTENG.NS,124.6999969482422,2419.3076923076924,FAIL,VOLUME_TOO_LOW
NSE,STOCK,AUTOAXLES,Automotive Axles Limited,INE449A01011,,EQ,AUTOAXLES.NS,1688.699951171875,5587.5,FAIL,VOLUME_TOO_LOW
NSE,STOCK,AUTOIND,Autoline Industries Limited,INE718H01014,,EQ,AUTOIND.NS,86.44999694824219,274574.5,PASS,PASS
NSE,STOCK,AVADHSUGAR,Avadh Sugar & Energy Limited,INE349W01017,,EQ,AVADHSUGAR.NS,831.0999755859375,427432.15,PASS,PASS
NSE,STOCK,AVALON,Avalon Technologies Limited,INE0LCL01028,,EQ,AVALON.NS,2196.60009765625,510009.15,PASS,PASS
NSE,STOCK,AVANCE,Avance Technologies Limited,INE758A01072,,EQ,AVANCE.NS,0.8199999928474426,5908977.230769231,FAIL,PRICE_TOO_LOW
NSE,STOCK,AVANTEL,Avantel Limited,INE005B01027,,EQ,AVANTEL.NS,156.5,747159.6,PASS,PASS
NSE,STOCK,AVANTIFEED,Avanti Feeds Limited,INE871C01038,,EQ,AVANTIFEED.NS,795.8499755859375,366246.15,PASS,PASS
NSE,STOCK,AVG,AVG Logistics Limited,INE680Z01018,,BE,AVG.NS,171.3000030517578,14537.2,FAIL,VOLUME_TOO_LOW
NSE,STOCK,AVL,Aditya Vision Limited,INE679V01027,,EQ,AVL.NS,600.4000244140625,162065.7,PASS,PASS
NSE,STOCK,AVONMORE,Avonmore Capital & Management Services Limited,INE323B01024,,EQ,AVONMORE.NS,13.119999885559082,322518.5,FAIL,PRICE_TOO_LOW
NSE,STOCK,AVROIND,AVRO INDIA LIMITED,INE652Z01025,,EQ,AVROIND.NS,8.720000267028809,612301.5,FAIL,PRICE_TOO_LOW
NSE,STOCK,AVTNPL,AVT Natural Products Limited,INE488D01021,,EQ,AVTNPL.NS,91.63999938964844,594945.3,PASS,PASS
NSE,STOCK,AWFIS,Awfis Space Solutions Limited,INE108V01019,,EQ,AWFIS.NS,256.5,293705.2,PASS,PASS
NSE,STOCK,AWHCL,Antony Waste Handling Cell Limited,INE01BK01022,,EQ,AWHCL.NS,371.3999938964844,141380.6,PASS,PASS
NSE,STOCK,AWL,AWL Agri Business Limited,INE699H01024,,EQ,AWL.NS,190.7899932861328,3389139.4,PASS,PASS
NSE,STOCK,AXISBANK,Axis Bank Limited,INE238A01034,,EQ,AXISBANK.NS,1273.0,4789336.45,PASS,PASS
NSE,STOCK,AXISCADES,AXISCADES Technologies Limited,INE555B01013,,EQ,AXISCADES.NS,1730.4000244140625,165308.85,PASS,PASS
NSE,STOCK,AXITA,Axita Cotton Limited,INE02EZ01022,,EQ,AXITA.NS,8.010000228881836,967543.85,FAIL,PRICE_TOO_LOW
NSE,STOCK,AXTEL,Axtel Industries Limited,INE767C01012,,EQ,AXTEL.NS,394.7999877929688,2771.3846153846152,FAIL,VOLUME_TOO_LOW
NSE,STOCK,AYE,Aye Finance Limited,INE501X01029,,EQ,AYE.NS,180.6100006103516,1936052.6,PASS,PASS
NSE,STOCK,AYMSYNTEX,AYM Syntex Limited,INE193B01039,,EQ,AYMSYNTEX.NS,310.70001220703125,187824.7,PASS,PASS
NSE,STOCK,AZAD,Azad Engineering Limited,INE02IJ01035,,EQ,AZAD.NS,2766.89990234375,663778.95,PASS,PASS
NSE,STOCK,AZADIND,Azad India Mobility Limited,INE566M01017,,EQ,AZADIND.NS,90.31999969482422,28314.615384615383,FAIL,VOLUME_TOO_LOW
NSE,STOCK,BAFNAPH,Bafna Pharmaceuticals Limited,INE878I01022,,BE,BAFNAPH.NS,301.8500061035156,11425.25,FAIL,VOLUME_TOO_LOW
NSE,STOCK,BAGFILMS,B.A.G Films and Media Limited,INE116D01028,,EQ,BAGFILMS.NS,4.320000171661377,92283.0,FAIL,PRICE_TOO_LOW
NSE,STOCK,BAIDFIN,Baid Finserv Limited,INE020D01022,,EQ,BAIDFIN.NS,10.100000381469728,67994.7,FAIL,PRICE_TOO_LOW
NSE,STOCK,BAJAJ-AUTO,Bajaj Auto Limited,INE917I01010,,EQ,BAJAJ-AUTO.NS,11919.0,238684.55,PASS,PASS
NSE,STOCK,BAJAJCON,Bajaj Consumer Care Limited,INE933K01021,,EQ,BAJAJCON.NS,508.9500122070313,862285.2,PASS,PASS
NSE,STOCK,BAJAJELEC,Bajaj Electricals Limited,INE193E01025,,EQ,BAJAJELEC.NS,334.20001220703125,315547.35,PASS,PASS
NSE,STOCK,BAJAJFINSV,Bajaj Finserv Limited,INE918I01026,,EQ,BAJAJFINSV.NS,1992.0999755859373,778014.3,PASS,PASS
NSE,STOCK,BAJAJHCARE,Bajaj Healthcare Limited,INE411U01027,,EQ,BAJAJHCARE.NS,325.20001220703125,86767.35,FAIL,VOLUME_TOO_LOW
NSE,STOCK,BAJAJHFL,Bajaj Housing Finance Limited,INE377Y01014,,EQ,BAJAJHFL.NS,83.08000183105469,2427080.45,PASS,PASS
NSE,STOCK,BAJAJHIND,Bajaj Hindusthan Sugar Limited,INE306A01021,,EQ,BAJAJHIND.NS,21.86000061035156,70251647.6,FAIL,PRICE_TOO_LOW
NSE,STOCK,BAJAJHLDNG,Bajaj Holdings & Investment Limited,INE118A01012,,EQ,BAJAJHLDNG.NS,11165.0,45699.1,FAIL,VOLUME_TOO_LOW
NSE,STOCK,BAJAJINDEF,Indef Manufacturing Limited,INE0O9T01021,,EQ,BAJAJINDEF.NS,220.83999633789065,30245.2,FAIL,VOLUME_TOO_LOW
NSE,STOCK,BAJAJST,Bajaj Steel Industries Limited,INE704G01024,,EQ,BAJAJST.NS,361.5,10586.461538461539,FAIL,VOLUME_TOO_LOW
NSE,STOCK,BAJEL,Bajel Projects Limited,INE0KQN01018,,EQ,BAJEL.NS,183.82000732421875,322947.1,PASS,PASS
NSE,STOCK,BAJFINANCE,Bajaj Finance Limited,INE296A01032,,EQ,BAJFINANCE.NS,1060.5,4829751.15,PASS,PASS
NSE,STOCK,BALAJEE,Shree Tirupati Balajee Agro Trading Company Limited,INE0S2G01011,,EQ,BALAJEE.NS,26.149999618530277,29296.25,FAIL,PRICE_TOO_LOW
NSE,STOCK,BALAJITELE,Balaji Telefilms Limited,INE794B01026,,EQ,BALAJITELE.NS,91.30999755859376,378157.3,PASS,PASS
NSE,STOCK,BALAMINES,Balaji Amines Limited,INE050E01027,,EQ,BALAMINES.NS,2525.199951171875,231901.65,PASS,PASS
NSE,STOCK,BALAXI,BALAXI PHARMACEUTICALS LIMITED,INE618N01022,,EQ,BALAXI.NS,25.799999237060547,53485.25,FAIL,PRICE_TOO_LOW
NSE,STOCK,BALKRISHNA,Balkrishna Paper Mills Limited,INE875R01011,,EQ,BALKRISHNA.NS,17.479999542236328,12033.1,FAIL,PRICE_TOO_LOW
NSE,STOCK,BALKRISIND,Balkrishna Industries Limited,INE787D01026,,EQ,BALKRISIND.NS,2284.60009765625,748195.95,PASS,PASS
NSE,STOCK,BALMLAWRIE,Balmer Lawrie & Company Limited,INE164A01016,,EQ,BALMLAWRIE.NS,176.92999267578125,148440.6,PASS,PASS
NSE,STOCK,BALPHARMA,Bal Pharma Limited,INE083D01012,,EQ,BALPHARMA.NS,87.70999908447266,17528.95,FAIL,VOLUME_TOO_LOW
NSE,STOCK,BALRAMCHIN,Balrampur Chini Mills Limited,INE119A01028,,EQ,BALRAMCHIN.NS,690.5999755859375,7327002.1,PASS,PASS
NSE,STOCK,BALUFORGE,Balu Forge Industries Limited,INE011E01029,,EQ,BALUFORGE.NS,574.0999755859375,3176802.75,PASS,PASS
NSE,STOCK,BANARBEADS,Banaras Beads Limited,INE655B01011,,EQ,BANARBEADS.NS,114.8499984741211,5015.25,FAIL,VOLUME_TOO_LOW
NSE,STOCK,BANARISUG,Bannari Amman Sugars Limited,INE459A01010,,EQ,BANARISUG.NS,3803.300048828125,7199.5,FAIL,VOLUME_TOO_LOW
NSE,STOCK,BANCOINDIA,Banco Products (I) Limited,INE213C01025,,EQ,BANCOINDIA.NS,616.9000244140625,136887.2,PASS,PASS
NSE,STOCK,BANDHANBNK,Bandhan Bank Limited,INE545U01014,,EQ,BANDHANBNK.NS,164.9499969482422,5459903.1,PASS,PASS
NSE,STOCK,BANG,Bang Overseas Limited,INE863I01016,,EQ,BANG.NS,34.16999816894531,141738.05,FAIL,PRICE_TOO_LOW
NSE,STOCK,BANKA,Banka BioLoo Limited,INE862Y01015,,EQ,BANKA.NS,75.2699966430664,4408.8,FAIL,VOLUME_TOO_LOW
NSE,STOCK,BANKBARODA,Bank of Baroda,INE028A01039,,EQ,BANKBARODA.NS,239.0,7756614.45,PASS,PASS
NSE,STOCK,BANKINDIA,Bank of India,INE084A01016,,EQ,BANKINDIA.NS,145.0,5684740.0,PASS,PASS
NSE,STOCK,BANSALWIRE,Bansal Wire Industries Limited,INE0B9K01025,,EQ,BANSALWIRE.NS,319.0,85539.8,FAIL,VOLUME_TOO_LOW
NSE,STOCK,BANSWRAS,Banswara Syntex Limited,INE629D01020,,EQ,BANSWRAS.NS,117.77999877929688,34961.6,FAIL,VOLUME_TOO_LOW
NSE,STOCK,BASF,BASF India Limited,INE373A01013,,EQ,BASF.NS,3832.39990234375,27642.2,FAIL,VOLUME_TOO_LOW
NSE,STOCK,BASML,Bannari Amman Spinning Mills Limited,INE186H01022,,BE,BASML.NS,25.020000457763672,60957.8,FAIL,PRICE_TOO_LOW
NSE,STOCK,BATAINDIA,Bata India Limited,INE176A01028,,EQ,BATAINDIA.NS,672.75,573999.8,PASS,PASS
NSE,STOCK,BATLIBOI,Batliboi Limited,INE177C01022,,EQ,BATLIBOI.NS,88.38999938964844,81073.55,FAIL,VOLUME_TOO_LOW
NSE,STOCK,BAYERCROP,Bayer Cropscience Limited,INE462A01022,,EQ,BAYERCROP.NS,3960.800048828125,19287.7,FAIL,VOLUME_TOO_LOW
NSE,STOCK,BBL,Bharat Bijlee Limited,INE464A01036,,EQ,BBL.NS,2298.300048828125,22319.65,FAIL,VOLUME_TOO_LOW
NSE,STOCK,BBOX,Black Box Limited,INE676A01027,,EQ,BBOX.NS,712.25,417951.75,PASS,PASS
NSE,STOCK,BBTC,The Bombay Burmah Trading Corporation Limited,INE050A01025,,EQ,BBTC.NS,1496.800048828125,798004.4,PASS,PASS
NSE,STOCK,BBTCL,B&B Triplewall Containers Limited,INE01EE01011,,EQ,BBTCL.NS,233.7700042724609,16390.55,FAIL,VOLUME_TOO_LOW
NSE,STOCK,BCG,Brightcom Group Limited,INE425B01027,,EQ,BCG.NS,9.0,6092832.45,FAIL,PRICE_TOO_LOW
NSE,STOCK,BCLIND,Bcl Industries Limited,INE412G01024,,EQ,BCLIND.NS,36.220001220703125,920081.85,FAIL,PRICE_TOO_LOW
NSE,STOCK,BCONCEPTS,Brand Concepts Limited,INE977Y01011,,EQ,BCONCEPTS.NS,165.42999267578125,15079.35,FAIL,VOLUME_TOO_LOW
NSE,STOCK,BCPL,BCPL Railway Infrastructure Limited,INE00SW01015,,EQ,BCPL.NS,67.7699966430664,9575.45,FAIL,VOLUME_TOO_LOW
NSE,STOCK,BDL,Bharat Dynamics Limited,INE171Z01026,,EQ,BDL.NS,1255.0,1919437.4,PASS,PASS
NSE,STOCK,BEARDSELL,Beardsell Limited,INE520H01022,,EQ,BEARDSELL.NS,25.40999984741211,21126.8,FAIL,PRICE_TOO_LOW
NSE,STOCK,BECTORFOOD,Mrs. Bectors Food Specialities Limited,INE495P01020,,EQ,BECTORFOOD.NS,225.9600067138672,2242588.2,PASS,PASS
NSE,STOCK,BEDMUTHA,Bedmutha Industries Limited,INE844K01012,,EQ,BEDMUTHA.NS,112.2300033569336,4099.85,FAIL,VOLUME_TOO_LOW
NSE,STOCK,BEEKAY,Beekay Steel Industries Limited,INE213D01015,,EQ,BEEKAY.NS,419.5499877929688,3005.923076923077,FAIL,VOLUME_TOO_LOW
NSE,STOCK,BEL,Bharat Electronics Limited,INE263A01024,,EQ,BEL.NS,405.3500061035156,9342155.05,PASS,PASS
NSE,STOCK,BELLACASA,Bella Casa Fashion & Retail Limited,INE344T01014,,EQ,BELLACASA.NS,239.50999450683597,13945.05,FAIL,VOLUME_TOO_LOW
NSE,STOCK,BELRISE,Belrise Industries Limited,INE894V01022,,EQ,BELRISE.NS,236.8600006103516,4567775.1,PASS,PASS
NSE,STOCK,BEML,BEML Limited,INE258A01024,,EQ,BEML.NS,2079.39990234375,567235.9,PASS,PASS
NSE,STOCK,BENARAS,Benares Hotels Limited,INE664D01019,,EQ,BENARAS.NS,10200.0,85.46153846153847,FAIL,VOLUME_TOO_LOW
NSE,STOCK,BENGALASM,Bengal & Assam Company Limited,INE083K01017,,EQ,BENGALASM.NS,6375.0,550.4615384615385,FAIL,VOLUME_TOO_LOW
NSE,STOCK,BEPL,Bhansali Engineering Polymers Limited,INE922A01025,,EQ,BEPL.NS,127.5,1601789.15,PASS,PASS
NSE,STOCK,BERGEPAINT,Berger Paints (I) Limited,INE463A01038,,EQ,BERGEPAINT.NS,491.3999938964844,392143.9,PASS,PASS
NSE,STOCK,BESTAGRO,Best Agrolife Limited,INE052T01021,,EQ,BESTAGRO.NS,20.34000015258789,1046293.25,FAIL,PRICE_TOO_LOW
NSE,STOCK,BETA,Beta Drugs Limited,INE351Y01019,,EQ,BETA.NS,2258.89990234375,39223.2,FAIL,VOLUME_TOO_LOW
NSE,STOCK,BFINVEST,BF Investment Limited,INE878K01010,,EQ,BFINVEST.NS,469.4500122070313,44490.6,FAIL,VOLUME_TOO_LOW
NSE,STOCK,BFUTILITIE,BF Utilities Limited,INE243D01012,,EQ,BFUTILITIE.NS,542.4500122070312,293471.35,PASS,PASS
NSE,STOCK,BGRENERGY,BGR Energy Systems Limited,INE661I01014,,BE,BGRENERGY.NS,238.44000244140625,47803.05,FAIL,VOLUME_TOO_LOW
NSE,STOCK,BHAGCHEM,Bhagiradha Chemicals & Industries Limited,INE414D01027,,EQ,BHAGCHEM.NS,266.29998779296875,92453.45,FAIL,VOLUME_TOO_LOW
NSE,STOCK,BHAGERIA,Bhageria Industries Limited,INE354C01027,,BE,BHAGERIA.NS,290.1499938964844,104653.35,PASS,PASS
NSE,STOCK,BHAGYANGR,Bhagyanagar India Limited,INE458B01036,,EQ,BHAGYANGR.NS,373.4500122070313,134668.55,PASS,PASS
NSE,STOCK,BHANDARI,Bhandari Hosiery Exports Limited,INE474E01029,,EQ,BHANDARI.NS,3.0,141721.0,FAIL,PRICE_TOO_LOW
NSE,STOCK,BHARATCOAL,Bharat Coking Coal Limited,INE05XR01022,,EQ,BHARATCOAL.NS,33.810001373291016,5446366.1,FAIL,PRICE_TOO_LOW
NSE,STOCK,BHARATFORG,Bharat Forge Limited,INE465A01025,,EQ,BHARATFORG.NS,1956.0,1390006.15,PASS,PASS
NSE,STOCK,BHARATGEAR,Bharat Gears Limited,INE561C01019,,BE,BHARATGEAR.NS,102.93000030517578,16343.0,FAIL,VOLUME_TOO_LOW
NSE,STOCK,BHARATRAS,Bharat Rasayan Limited,INE838B01021,,EQ,BHARATRAS.NS,1184.199951171875,12474.45,FAIL,VOLUME_TOO_LOW
NSE,STOCK,BHARATSE,Bharat Seats Limited,INE415D01024,,EQ,BHARATSE.NS,213.69000244140625,312444.4,PASS,PASS
NSE,STOCK,BHARATWIRE,Bharat Wire Ropes Limited,INE316L01019,,EQ,BHARATWIRE.NS,180.4199981689453,148528.95,PASS,PASS
NSE,STOCK,BHARTIARTL,Bharti Airtel Limited,INE397D01024,,EQ,BHARTIARTL.NS,1840.0,6816347.8,PASS,PASS
NSE,STOCK,BHARTIHEXA,Bharti Hexacom Limited,INE343G01021,,EQ,BHARTIHEXA.NS,1495.4000244140625,139911.15,PASS,PASS
NSE,STOCK,BHEL,Bharat Heavy Electricals Limited,INE257A01026,,EQ,BHEL.NS,431.1000061035156,7984987.35,PASS,PASS
NSE,STOCK,BI,Bilcare Limited,INE986A01012,,BE,BI.NS,91.29000091552734,158058.53846153847,PASS,PASS
NSE,STOCK,BIGBLOC,Bigbloc Construction Limited,INE412U01025,,EQ,BIGBLOC.NS,41.290000915527344,43741.65,FAIL,PRICE_TOO_LOW
NSE,STOCK,BIKAJI,Bikaji Foods International Limited,INE00E101023,,EQ,BIKAJI.NS,587.1500244140625,179945.25,PASS,PASS
NSE,STOCK,BIL,Bhartiya International Limited,INE828A01016,,EQ,BIL.NS,915.8499755859376,17760.55,FAIL,VOLUME_TOO_LOW
NSE,STOCK,BILVYAPAR,BIL VYAPAR LIMITED,INE071A01013,,BE,BILVYAPAR.NS,3.9800000190734863,6001.0,FAIL,PRICE_TOO_LOW
NSE,STOCK,BIMETAL,Bimetal Bearings Limited,INE469A01019,,EQ,BIMETAL.NS,630.4500122070312,544.35,FAIL,VOLUME_TOO_LOW
NSE,STOCK,BIOCON,Biocon Limited,INE376G01013,,EQ,BIOCON.NS,397.3999938964844,2555940.95,PASS,PASS
NSE,STOCK,BIOFILCHEM,Biofil Chemicals & Pharmaceuticals Limited,INE829A01014,,EQ,BIOFILCHEM.NS,31.96999931335449,70604.0,FAIL,PRICE_TOO_LOW
NSE,STOCK,BIRLACABLE,Birla Cable Limited,INE800A01015,,BE,BIRLACABLE.NS,358.6499938964844,214884.95,PASS,PASS
NSE,STOCK,BIRLACORPN,Birla Corporation Limited,INE340A01012,,EQ,BIRLACORPN.NS,880.9000244140625,38888.55,FAIL,VOLUME_TOO_LOW
NSE,STOCK,BIRLAMONEY,Aditya Birla Money Limited,INE865C01022,,EQ,BIRLAMONEY.NS,127.1500015258789,31705.25,FAIL,VOLUME_TOO_LOW
NSE,STOCK,BIRLANU,BirlaNu Limited,INE557A01011,,EQ,BIRLANU.NS,1448.0,15107.15,FAIL,VOLUME_TOO_LOW
NSE,STOCK,BIRLAPREC,Birla Precision Technologies Limited,INE372E01025,,EQ,BIRLAPREC.NS,57.91999816894531,494970.28571428574,PASS,PASS
NSE,STOCK,BLACKBUCK,BLACKBUCK LIMITED,INE0UIZ01018,,EQ,BLACKBUCK.NS,586.0999755859375,508802.2,PASS,PASS
NSE,STOCK,BLACKROSE,Black Rose Inds. Limited,INE761G01016,,BE,BLACKROSE.NS,112.43000030517578,18771.76923076923,FAIL,VOLUME_TOO_LOW
NSE,STOCK,BLAL,BEML Land Assets Limited,INE0N7W01012,,EQ,BLAL.NS,161.92999267578125,18702.55,FAIL,VOLUME_TOO_LOW
NSE,STOCK,BLBLIMITED,BLB Limited,INE791A01024,,EQ,BLBLIMITED.NS,16.959999084472656,180566.95,FAIL,PRICE_TOO_LOW
NSE,STOCK,BLEL,Behari Lal Engineering Limited,INE1EEM01017,,EQ,BLEL.NS,454.25,7565297.25,PASS,PASS
NSE,STOCK,BLIL,Balmer Lawrie Investments Limited,INE525F01025,,EQ,BLIL.NS,72.47000122070312,61020.846153846156,FAIL,VOLUME_TOO_LOW
NSE,STOCK,BLISSGVS,Bliss GVS Pharma Limited,INE416D01022,,BE,BLISSGVS.NS,639.3499755859375,455531.75,PASS,PASS
NSE,STOCK,BLKASHYAP,B. L. Kashyap and Sons Limited,INE350H01032,,EQ,BLKASHYAP.NS,57.59999847412109,808810.05,PASS,PASS
NSE,STOCK,BLS,BLS International Services Limited,INE153T01027,,EQ,BLS.NS,240.1499938964844,3668323.35,PASS,PASS
NSE,STOCK,BLSE,BLS E-Services Limited,INE0NLT01010,,EQ,BLSE.NS,323.6499938964844,449434.65,PASS,PASS
NSE,STOCK,BLUECLOUDS,Blue Cloud Softech Solutions Limited,INE373T01047,,EQ,BLUECLOUDS.NS,19.899999618530277,2793074.3846153845,FAIL,PRICE_TOO_LOW
NSE,STOCK,BLUECOAST,Blue Coast Hotels Limited,INE472B01011,,BE,BLUECOAST.NS,23.15999984741211,1596.95,FAIL,PRICE_TOO_LOW
NSE,STOCK,BLUEDART,Blue Dart Express Limited,INE233B01017,,EQ,BLUEDART.NS,5028.7998046875,11216.6,FAIL,VOLUME_TOO_LOW
NSE,STOCK,BLUEJET,Blue Jet Healthcare Limited,INE0KBH01020,,EQ,BLUEJET.NS,569.7999877929688,520843.25,PASS,PASS
NSE,STOCK,BLUESTARCO,Blue Star Limited,INE472A01039,,EQ,BLUESTARCO.NS,1484.0,425599.6,PASS,PASS
NSE,STOCK,BLUESTONE,BlueStone Jewellery and Lifestyle Limited,INE304W01038,,EQ,BLUESTONE.NS,804.9000244140625,1796432.9,PASS,PASS
NSE,STOCK,BLUSPRING,Bluspring Enterprises Limited,INE0U4101014,,EQ,BLUSPRING.NS,138.9600067138672,689682.05,PASS,PASS
NSE,STOCK,BMWVENTLTD,BMW Ventures Limited,INE965W01036,,EQ,BMWVENTLTD.NS,55.130001068115234,61513.6,FAIL,VOLUME_TOO_LOW
NSE,STOCK,BNAGROCHEM,BN Agrochem Limited,INE00HZ01011,,EQ,BNAGROCHEM.NS,226.72999572753903,16256.538461538461,FAIL,VOLUME_TOO_LOW
NSE,STOCK,BNALTD,B & A Limited,INE489D01011,,BE,BNALTD.NS,360.0,1346.1666666666667,FAIL,VOLUME_TOO_LOW
NSE,STOCK,BODALCHEM,Bodal Chemicals Limited,INE338D01028,,EQ,BODALCHEM.NS,150.75999450683594,3350819.45,PASS,PASS
NSE,STOCK,BOHRAIND,Bohra Industries Limited,INE802W01023,,EQ,BOHRAIND.NS,12.350000381469728,21918.3,FAIL,PRICE_TOO_LOW
NSE,STOCK,BOMDYEING,Bombay Dyeing & Mfg Company Limited,INE032A01023,,EQ,BOMDYEING.NS,113.19000244140624,1095570.0,PASS,PASS
NSE,STOCK,BONLON,Bonlon Industries Limited,INE0B9A01018,,EQ,BONLON.NS,40.65999984741211,15150.6,FAIL,PRICE_TOO_LOW
NSE,STOCK,BORANA,Borana Weaves Limited,INE16SF01016,,EQ,BORANA.NS,307.6000061035156,25225.65,FAIL,VOLUME_TOO_LOW
NSE,STOCK,BOROLTD,Borosil Limited,INE02PY01013,,EQ,BOROLTD.NS,248.6300048828125,1227919.4,PASS,PASS
NSE,STOCK,BORORENEW,BOROSIL RENEWABLES LIMITED,INE666D01022,,EQ,BORORENEW.NS,499.1499938964844,421363.0,PASS,PASS
NSE,STOCK,BOROSCI,Borosil Scientific Limited,INE02L001032,,EQ,BOROSCI.NS,134.92999267578125,59298.2,FAIL,VOLUME_TOO_LOW
NSE,STOCK,BOSCH-HCIL,BOSCH HOME COMFORT INDIA LIMITED,INE782A01015,,EQ,BOSCH-HCIL.NS,1777.699951171875,56407.9,FAIL,VOLUME_TOO_LOW
NSE,STOCK,BOSCHLTD,Bosch Limited,INE323A01026,,EQ,BOSCHLTD.NS,47000.0,49016.85,FAIL,VOLUME_TOO_LOW
NSE,STOCK,BPCL,Bharat Petroleum Corporation Limited,INE029A01011,,EQ,BPCL.NS,315.70001220703125,5133945.1,PASS,PASS
NSE,STOCK,BPL,BPL Limited,INE110A01019,,EQ,BPL.NS,49.380001068115234,59820.7,FAIL,PRICE_TOO_LOW
NSE,STOCK,BPLPHARMA,Bharat Parenterals Limited,INE365Y01019,,EQ,BPLPHARMA.NS,1520.800048828125,2086.230769230769,FAIL,VOLUME_TOO_LOW
NSE,STOCK,BRAHMINFRA,Brahmaputra Infrastructure Limited,INE320I01017,,EQ,BRAHMINFRA.NS,162.1699981689453,22241.23076923077,FAIL,VOLUME_TOO_LOW
NSE,STOCK,BRIGADE,Brigade Enterprises Limited,INE791I01019,,EQ,BRIGADE.NS,696.0999755859375,915856.2,PASS,PASS
NSE,STOCK,BRIGHOTEL,Brigade Hotel Ventures Limited,INE03NU01014,,EQ,BRIGHOTEL.NS,58.95000076293945,132485.6,PASS,PASS
NSE,STOCK,BRIGHTBR,Bright Brothers Limited,INE630D01010,,EQ,BRIGHTBR.NS,254.6000061035156,1973.0,FAIL,VOLUME_TOO_LOW
NSE,STOCK,BRITANNIA,Britannia Industries Limited,INE216A01030,,EQ,BRITANNIA.NS,5130.0,334019.35,PASS,PASS
NSE,STOCK,BRNL,Bharat Road Network Limited,INE727S01012,,EQ,BRNL.NS,17.1200008392334,18462.9,FAIL,PRICE_TOO_LOW
NSE,STOCK,BROOKS,Brooks Laboratories Limited,INE650L01011,,BE,BROOKS.NS,64.1500015258789,24501.9,FAIL,VOLUME_TOO_LOW
NSE,STOCK,BSE,BSE Limited,INE118H01025,,EQ,BSE.NS,3409.800048828125,5041619.35,PASS,PASS
NSE,STOCK,BSHSL,Bombay Super Hybrid Seeds Limited,INE032Z01020,,EQ,BSHSL.NS,89.45999908447266,8340.4,FAIL,VOLUME_TOO_LOW
NSE,STOCK,BSL,BSL Limited,INE594B01012,,EQ,BSL.NS,123.22000122070312,5178.65,FAIL,VOLUME_TOO_LOW
NSE,STOCK,BSOFT,BIRLASOFT LIMITED,INE836A01035,,EQ,BSOFT.NS,289.3500061035156,1097495.25,PASS,PASS
NSE,STOCK,BTML,Bodhi Tree Multimedia Limited,INE0EEJ01023,,EQ,BTML.NS,8.489999771118164,1464917.95,FAIL,PRICE_TOO_LOW
NSE,STOCK,BTTL,Bhilwara Technical Textiles Limited,INE274K01012,,BE,BTTL.NS,42.65999984741211,5253.3,FAIL,PRICE_TOO_LOW
NSE,STOCK,BUILDPRO,Shankara Buildpro Limited,INE24OJ01011,,EQ,BUILDPRO.NS,1288.800048828125,54657.9,FAIL,VOLUME_TOO_LOW
NSE,STOCK,BURNPUR,Burnpur Cement Limited,INE817H01022,,EQ,BURNPUR.NS,20.540000915527344,120714.4,FAIL,PRICE_TOO_LOW
NSE,STOCK,BUTTERFLY,Butterfly Gandhimathi Appliances Limited,INE295F01017,,EQ,BUTTERFLY.NS,613.5999755859375,11916.9,FAIL,VOLUME_TOO_LOW
NSE,STOCK,BVCL,Barak Valley Cements Limited,INE139I01011,,EQ,BVCL.NS,43.13999938964844,74229.7,FAIL,PRICE_TOO_LOW
NSE,STOCK,BYKE,The Byke Hospitality Ltd,INE319B01014,,BE,BYKE.NS,31.899999618530277,35126.2,FAIL,PRICE_TOO_LOW
NSE,STOCK,CALSOFT,California Software Company Limited,INE526B01014,,BE,CALSOFT.NS,43.130001068115234,414476.0,FAIL,PRICE_TOO_LOW
NSE,STOCK,CAMLINFINE,Camlin Fine Sciences Limited,INE052I01032,,EQ,CAMLINFINE.NS,103.12999725341795,1798704.95,PASS,PASS
NSE,STOCK,CAMPUS,Campus Activewear Limited,INE278Y01022,,EQ,CAMPUS.NS,223.97000122070312,510626.95,PASS,PASS
NSE,STOCK,CAMS,Computer Age Management Services Limited,INE596I01020,,EQ,CAMS.NS,748.7999877929688,1305438.35,PASS,PASS
NSE,STOCK,CANBK,Canara Bank,INE476A01022,,EQ,CANBK.NS,125.5,12876040.6,PASS,PASS
NSE,STOCK,CANFINHOME,Can Fin Homes Limited,INE477A01020,,EQ,CANFINHOME.NS,804.9500122070312,199651.15,PASS,PASS
NSE,STOCK,CANHLIFE,Canara HSBC Life Insurance Company Limited,INE01TY01017,,EQ,CANHLIFE.NS,154.30999755859375,1079057.25,PASS,PASS
NSE,STOCK,CANTABIL,Cantabil Retail India Limited,INE068L01024,,EQ,CANTABIL.NS,237.7400054931641,254471.35,PASS,PASS
NSE,STOCK,CAPACITE,Capacit'e Infraprojects Limited,INE264T01014,,EQ,CAPACITE.NS,208.8800048828125,435535.6,PASS,PASS
NSE,STOCK,CAPILLARY,Capillary Technologies India Limited,INE0ILV01024,,EQ,CAPILLARY.NS,480.0499877929688,491044.9,PASS,PASS
NSE,STOCK,CAPITALSFB,Capital Small Finance Bank Limited,INE646H01017,,EQ,CAPITALSFB.NS,281.8500061035156,22309.0,FAIL,VOLUME_TOO_LOW
NSE,STOCK,CAPLIPOINT,Caplin Point Laboratories Limited,INE475E01026,,EQ,CAPLIPOINT.NS,2845.0,246572.05,PASS,PASS
NSE,STOCK,CAPTRUST,Capital Trust Limited,INE707C01018,,BE,CAPTRUST.NS,19.76000022888184,37454.1,FAIL,PRICE_TOO_LOW
NSE,STOCK,CARBORUNIV,Carborundum Universal Limited,INE120A01034,,EQ,CARBORUNIV.NS,1078.0,260511.6,PASS,PASS
NSE,STOCK,CARERATING,CARE Ratings Limited,INE752H01013,,EQ,CARERATING.NS,1738.199951171875,70467.2,FAIL,VOLUME_TOO_LOW
NSE,STOCK,CARRARO,Carraro India Limited,INE0V7W01012,,EQ,CARRARO.NS,533.9500122070312,184786.8,PASS,PASS
NSE,STOCK,CARTRADE,Cartrade Tech Limited,INE290S01011,,EQ,CARTRADE.NS,3000.199951171875,368591.4,PASS,PASS
NSE,STOCK,CARYSIL,CARYSIL LIMITED,INE482D01024,,EQ,CARYSIL.NS,1157.0,112024.95,PASS,PASS
NSE,STOCK,CASTROLIND,Castrol India Limited,INE172A01027,,EQ,CASTROLIND.NS,190.2700042724609,2143054.45,PASS,PASS
NSE,STOCK,CCAVENUE,AvenuesAI Limited,INE483S01020,,EQ,CCAVENUE.NS,15.699999809265137,11559329.4,FAIL,PRICE_TOO_LOW
NSE,STOCK,CCCL,Consolidated Construction Consortium Limited,INE429I01024,,EQ,CCCL.NS,14.1899995803833,191556.1,FAIL,PRICE_TOO_LOW
NSE,STOCK,CCHHL,Country Club Hospitality & Holidays Limited,INE652F01027,,EQ,CCHHL.NS,12.640000343322754,14417.95,FAIL,PRICE_TOO_LOW
NSE,STOCK,CCL,CCL Products (India) Limited,INE421D01022,,EQ,CCL.NS,1107.300048828125,145772.35,PASS,PASS
NSE,STOCK,CDSL,Central Depository Services (India) Limited,INE736A01011,,EQ,CDSL.NS,1394.5999755859375,1275003.65,PASS,PASS
NSE,STOCK,CEATLTD,CEAT Limited,INE482A01020,,EQ,CEATLTD.NS,3333.199951171875,56249.45,FAIL,VOLUME_TOO_LOW
NSE,STOCK,CEIGALL,Ceigall India Limited,INE0AG901020,,EQ,CEIGALL.NS,355.79998779296875,700322.25,PASS,PASS
NSE,STOCK,CEINSYS,Ceinsys Tech Limited,INE016Q01014,,EQ,CEINSYS.NS,678.6500244140625,83964.95,FAIL,VOLUME_TOO_LOW
NSE,STOCK,CELEBRITY,Celebrity Fashions Limited,INE185H01016,,EQ,CELEBRITY.NS,6.739999771118164,18805.35,FAIL,PRICE_TOO_LOW
NSE,STOCK,CELLO,Cello World Limited,INE0LMW01024,,EQ,CELLO.NS,343.45001220703125,399473.45,PASS,PASS
NSE,STOCK,CEMPRO,Cemindia Projects Limited,INE686A01026,,EQ,CEMPRO.NS,1297.4000244140625,339708.7,PASS,PASS
NSE,STOCK,CENTENKA,Century Enka Limited,INE485A01015,,EQ,CENTENKA.NS,608.9000244140625,616593.85,PASS,PASS
NSE,STOCK,CENTEXT,Century Extrusions Limited,INE281A01026,,EQ,CENTEXT.NS,21.239999771118164,380135.95,FAIL,PRICE_TOO_LOW
NSE,STOCK,CENTRALBK,Central Bank of India,INE483A01010,,EQ,CENTRALBK.NS,31.07999992370605,5889583.9,FAIL,PRICE_TOO_LOW
NSE,STOCK,CENTRUM,Centrum Capital Limited,INE660C01027,,EQ,CENTRUM.NS,22.450000762939453,398554.3,FAIL,PRICE_TOO_LOW
NSE,STOCK,CENTUM,Centum Electronics Limited,INE320B01020,,EQ,CENTUM.NS,3776.10009765625,69211.2,FAIL,VOLUME_TOO_LOW
NSE,STOCK,CENTURYPLY,Century Plyboards (India) Limited,INE348B01021,,EQ,CENTURYPLY.NS,749.2000122070312,52238.15,FAIL,VOLUME_TOO_LOW
NSE,STOCK,CERA,Cera Sanitaryware Limited,INE739E01017,,EQ,CERA.NS,5683.5,11255.65,FAIL,VOLUME_TOO_LOW
NSE,STOCK,CEREBRAINT,Cerebra Integrated Technologies Limited,INE345B01019,,BZ,CEREBRAINT.NS,2.5999999046325684,102456.55,FAIL,PRICE_TOO_LOW
NSE,STOCK,CESC,CESC Limited,INE486A01021,,EQ,CESC.NS,146.5,1854818.7,PASS,PASS
NSE,STOCK,CEWATER,Concord Enviro Systems Limited,INE037Z01029,,EQ,CEWATER.NS,265.3999938964844,145148.05,PASS,PASS
NSE,STOCK,CFEL,Confidence Futuristic Energetech Limited,INE700F01024,,EQ,CFEL.NS,32.04999923706055,19668.5,FAIL,PRICE_TOO_LOW
NSE,STOCK,CGCL,Capri Global Capital Limited,INE180C01042,,EQ,CGCL.NS,279.8999938964844,7237975.05,PASS,PASS
NSE,STOCK,CGPOWER,CG Power and Industrial Solutions Limited,INE067A01029,,EQ,CGPOWER.NS,891.0,2125635.6,PASS,PASS
NSE,STOCK,CGVAK,CG Vak Software & Exports Limited,INE084D01010,,EQ,CGVAK.NS,148.00999450683594,3197.3076923076924,FAIL,VOLUME_TOO_LOW
NSE,STOCK,CHALET,Chalet Hotels Limited,INE427F01016,,EQ,CHALET.NS,896.75,225970.45,PASS,PASS
NSE,STOCK,CHAMBLFERT,Chambal Fertilizers & Chemicals Limited,INE085A01013,,EQ,CHAMBLFERT.NS,418.2999877929688,561718.4,PASS,PASS
NSE,STOCK,CHEMBOND,Chembond Material Technologies Limited,INE995D01025,,EQ,CHEMBOND.NS,173.02000427246094,7626.7,FAIL,VOLUME_TOO_LOW
NSE,STOCK,CHEMBONDCH,Chembond Chemicals Limited,INE0TGX01019,,BE,CHEMBONDCH.NS,259.0,18166.1,FAIL,VOLUME_TOO_LOW
NSE,STOCK,CHEMCON,Chemcon Speciality Chemicals Limited,INE03YM01018,,BE,CHEMCON.NS,201.2899932861328,18111.35,FAIL,VOLUME_TOO_LOW
NSE,STOCK,CHEMCRUX,Chemcrux Enterprises Limited,INE298W01016,,EQ,CHEMCRUX.NS,82.4800033569336,3514.923076923077,FAIL,VOLUME_TOO_LOW
NSE,STOCK,CHEMFAB,Chemfab Alkalis Limited,INE783X01023,,EQ,CHEMFAB.NS,358.0,3764.2,FAIL,VOLUME_TOO_LOW
NSE,STOCK,CHEMPLASTS,Chemplast Sanmar Limited,INE488A01050,,EQ,CHEMPLASTS.NS,170.2899932861328,276935.35,PASS,PASS
NSE,STOCK,CHENNPETRO,Chennai Petroleum Corporation Limited,INE178A01016,,EQ,CHENNPETRO.NS,1452.199951171875,2498705.2,PASS,PASS
NSE,STOCK,CHEVIOT,Cheviot Company Limited,INE974B01016,,EQ,CHEVIOT.NS,1143.0999755859375,1363.35,FAIL,VOLUME_TOO_LOW
NSE,STOCK,CHOICEIN,Choice International Limited,INE102B01014,,EQ,CHOICEIN.NS,760.9500122070312,377001.8,PASS,PASS
NSE,STOCK,CHOLAFIN,Cholamandalam Investment and Finance Company Limited,INE121A01024,,EQ,CHOLAFIN.NS,1839.0,917027.4,PASS,PASS
NSE,STOCK,CHOLAHLDNG,Cholamandalam Financial Holdings Limited,INE149A01033,,EQ,CHOLAHLDNG.NS,1502.800048828125,155149.4,PASS,PASS
NSE,STOCK,CIEINDIA,CIE Automotive India Limited,INE536H01010,,EQ,CIEINDIA.NS,385.3500061035156,419715.25,PASS,PASS
NSE,STOCK,CIFL,Capital India Finance Limited,INE345H01024,,EQ,CIFL.NS,20.170000076293945,59357.6,FAIL,PRICE_TOO_LOW
NSE,STOCK,CINELINE,Cineline India Limited,INE704H01022,,EQ,CINELINE.NS,89.83000183105469,16826.7,FAIL,VOLUME_TOO_LOW
NSE,STOCK,CINEVISTA,Cinevista Limited,INE039B01026,,EQ,CINEVISTA.NS,14.1899995803833,10211.2,FAIL,PRICE_TOO_LOW
NSE,STOCK,CIPLA,Cipla Limited,INE059A01026,,EQ,CIPLA.NS,1385.0,723147.05,PASS,PASS
NSE,STOCK,CLEAN,Clean Science and Technology Limited,INE227W01023,,EQ,CLEAN.NS,852.9500122070312,437559.65,PASS,PASS
NSE,STOCK,CLEANMAX,Clean Max Enviro Energy Solutions Limited,INE647U01026,,EQ,CLEANMAX.NS,1298.699951171875,245738.75,PASS,PASS
NSE,STOCK,CLEDUCATE,CL Educate Limited,INE201M01029,,BE,CLEDUCATE.NS,59.52999877929688,26257.05,FAIL,VOLUME_TOO_LOW
NSE,STOCK,CLSEL,Chaman Lal Setia Exports Limited,INE419D01026,,EQ,CLSEL.NS,304.79998779296875,262508.7,PASS,PASS
NSE,STOCK,CMLL,Caliber Mining and Logistics Limited,INE11XY01018,,EQ,CMLL.NS,501.3999938964844,701708.1,PASS,PASS
NSE,STOCK,CMPDI,Central Mine Planning & Design Institute Limited,INE05HV01027,,EQ,CMPDI.NS,243.9199981689453,1628863.65,PASS,PASS
NSE,STOCK,CMRGREEN,CMR Green Technologies Limited,INE00WV01027,,EQ,CMRGREEN.NS,230.7400054931641,728827.9,PASS,PASS
NSE,STOCK,CMSINFO,CMS Info Systems Limited,INE925R01014,,EQ,CMSINFO.NS,244.8600006103516,1057315.95,PASS,PASS
NSE,STOCK,CNL,Creative Newtech Limited,INE985W01018,,EQ,CNL.NS,1243.4000244140625,58417.1,FAIL,VOLUME_TOO_LOW
NSE,STOCK,COALINDIA,Coal India Limited,INE522F01014,,EQ,COALINDIA.NS,415.3500061035156,9909513.4,PASS,PASS
NSE,STOCK,COASTCORP,Coastal Corporation Limited,INE377E01024,,EQ,COASTCORP.NS,41.93000030517578,150812.65,FAIL,PRICE_TOO_LOW
NSE,STOCK,COCHINSHIP,Cochin Shipyard Limited,INE704P01025,,EQ,COCHINSHIP.NS,1499.0999755859375,838764.2,PASS,PASS
NSE,STOCK,COCKERILL,John Cockerill India Limited,INE515A01019,,EQ,COCKERILL.NS,8080.0,15970.25,FAIL,VOLUME_TOO_LOW
NSE,STOCK,COFFEEDAY,Coffee Day Enterprises Limited,INE335K01011,,BE,COFFEEDAY.NS,31.299999237060547,439834.8,FAIL,PRICE_TOO_LOW
NSE,STOCK,COFORGE,Coforge Limited,INE591G01025,,EQ,COFORGE.NS,1972.800048828125,2058313.75,PASS,PASS
NSE,STOCK,COHANCE,Cohance Lifesciences Limited,INE03QK01018,,EQ,COHANCE.NS,456.6000061035156,1219708.9,PASS,PASS
NSE,STOCK,COLPAL,Colgate Palmolive (India) Limited,INE259A01022,,EQ,COLPAL.NS,1850.0,352109.85,PASS,PASS
NSE,STOCK,COMFINTE,Comfort Intech Limited,INE819A01049,,EQ,COMFINTE.NS,6.190000057220459,163275.0,FAIL,PRICE_TOO_LOW
NSE,STOCK,COMPEAU,Competent Automobiles Company Limited,INE823B01015,,EQ,COMPEAU.NS,361.7999877929688,2994.846153846154,FAIL,VOLUME_TOO_LOW
NSE,STOCK,COMPINFO,Compuage Infocom Limited,INE070C01037,,BZ,COMPINFO.NS,1.0700000524520874,17004.15,FAIL,PRICE_TOO_LOW
NSE,STOCK,COMPUSOFT,Compucom Software Limited,INE453B01029,,EQ,COMPUSOFT.NS,12.890000343322754,37898.15,FAIL,PRICE_TOO_LOW
NSE,STOCK,COMSYN,Commercial Syn Bags Limited,INE073V01015,,EQ,COMSYN.NS,301.29998779296875,802612.8,PASS,PASS
NSE,STOCK,CONCOR,Container Corporation of India Limited,INE111A01025,,EQ,CONCOR.NS,508.8500061035156,1586667.8,PASS,PASS
NSE,STOCK,CONCORDBIO,Concord Biotech Limited,INE338H01029,,EQ,CONCORDBIO.NS,1417.0999755859375,180415.3,PASS,PASS
NSE,STOCK,CONFIPET,Confidence Petroleum India Limited,INE552D01024,,EQ,CONFIPET.NS,82.4800033569336,4214351.3,PASS,PASS
NSE,STOCK,CONSOFINVT,Consolidated Finvest & Holdings Limited,INE025A01027,,BE,CONSOFINVT.NS,274.6000061035156,3653.45,FAIL,VOLUME_TOO_LOW
NSE,STOCK,CONTROLPR,Control Print Limited,INE663B01015,,EQ,CONTROLPR.NS,600.2999877929688,25610.75,FAIL,VOLUME_TOO_LOW
NSE,STOCK,CORALFINAC,Coral India Finance & Housing Limited,INE558D01021,,EQ,CORALFINAC.NS,32.939998626708984,151213.05,FAIL,PRICE_TOO_LOW
NSE,STOCK,CORDELIA,Waterways Leisure Tourism Limited,INE0LZF01039,,EQ,CORDELIA.NS,103.9000015258789,5082181.5,PASS,PASS
NSE,STOCK,CORDSCABLE,Cords Cable Industries Limited,INE792I01017,,EQ,CORDSCABLE.NS,317.0,182129.05,PASS,PASS
NSE,STOCK,COROMANDEL,Coromandel International Limited,INE169A01031,,EQ,COROMANDEL.NS,1931.300048828125,136306.55,PASS,PASS
NSE,STOCK,CORONA,CORONA Remedies Limited,INE02ZQ01018,,EQ,CORONA.NS,2127.800048828125,23020.5,FAIL,VOLUME_TOO_LOW
NSE,STOCK,COSMOFIRST,COSMO FIRST LIMITED,INE757A01017,,EQ,COSMOFIRST.NS,940.1500244140624,149810.35,PASS,PASS
NSE,STOCK,COUNCODOS,Country Condo's Limited,INE695B01025,,BE,COUNCODOS.NS,6.519999980926514,105241.7,FAIL,PRICE_TOO_LOW
NSE,STOCK,CPCAP,CP Capital Limited,INE521J01018,,EQ,CPCAP.NS,128.3300018310547,44363.05,FAIL,VOLUME_TOO_LOW
NSE,STOCK,CPEDU,Career Point Edutech Limited,INE0P6P01016,,EQ,CPEDU.NS,189.75999450683597,7811.2,FAIL,VOLUME_TOO_LOW
NSE,STOCK,CPL,Captain Polyplast Limited,INE536P01021,,EQ,CPL.NS,62.400001525878906,112201.15,PASS,PASS
NSE,STOCK,CPPLUS,Aditya Infotech Limited,INE819V01029,,EQ,CPPLUS.NS,3704.60009765625,295493.65,PASS,PASS
NSE,STOCK,CRAFTSMAN,Craftsman Automation Limited,INE00LO01017,,EQ,CRAFTSMAN.NS,11220.0,50464.3,FAIL,VOLUME_TOO_LOW
NSE,STOCK,CRAMC,Canara Robeco Asset Management Company Limited,INE218I01013,,EQ,CRAMC.NS,251.5,270517.35,PASS,PASS
NSE,STOCK,CRAVATEX,Cravatex Limited,INE145E01017,,EQ,CRAVATEX.NS,326.75,195.53846153846155,FAIL,VOLUME_TOO_LOW
NSE,STOCK,CREATIVEYE,Creative Eye Limited,INE230B01021,,EQ,CREATIVEYE.NS,6.130000114440918,10735.75,FAIL,PRICE_TOO_LOW
NSE,STOCK,CREDITACC,CREDITACCESS GRAMEEN LIMITED,INE741K01010,,EQ,CREDITACC.NS,1437.4000244140625,281313.25,PASS,PASS
NSE,STOCK,CREST,Crest Ventures Limited,INE559D01011,,EQ,CREST.NS,365.2999877929688,4313.1,FAIL,VOLUME_TOO_LOW
NSE,STOCK,CRISIL,Crisil Limited,INE007A01025,,EQ,CRISIL.NS,4802.0,55240.7,FAIL,VOLUME_TOO_LOW
NSE,STOCK,CRIZAC,Crizac Limited,INE0S4R01014,,EQ,CRIZAC.NS,162.27000427246094,227242.5,PASS,PASS
NSE,STOCK,CROMPTON,Crompton Greaves Consumer Electricals Limited,INE299U01018,,EQ,CROMPTON.NS,232.3999938964844,3982584.75,PASS,PASS
NSE,STOCK,CROWN,Crown Lifters Limited,INE491V01019,,EQ,CROWN.NS,111.8000030517578,11947.4,FAIL,VOLUME_TOO_LOW
NSE,STOCK,CRSL,Cressanda Railway Solutions Limited,INE716D01033,,BE,CRSL.NS,2.609999895095825,1748753.25,FAIL,PRICE_TOO_LOW
NSE,STOCK,CSBBANK,CSB Bank Limited,INE679A01013,,EQ,CSBBANK.NS,324.95001220703125,467099.15,PASS,PASS
NSE,STOCK,CSLFINANCE,CSL Finance Limited,INE718F01018,,EQ,CSLFINANCE.NS,243.8600006103516,43859.2,FAIL,VOLUME_TOO_LOW
NSE,STOCK,CSM,CSM Technologies Limited,INE0ZK601013,,EQ,CSM.NS,94.0,209947.6,PASS,PASS
NSE,STOCK,CTE,Cambridge Technology Enterprises Limited,INE627H01017,,BE,CTE.NS,41.02999877929688,29592.8,FAIL,PRICE_TOO_LOW
NSE,STOCK,CUB,City Union Bank Limited,INE491A01021,,EQ,CUB.NS,234.3600006103516,2634872.4,PASS,PASS
NSE,STOCK,CUBEXTUB,Cubex Tubings Limited,INE144D01012,,EQ,CUBEXTUB.NS,76.41000366210938,45994.3,FAIL,VOLUME_TOO_LOW
NSE,STOCK,CUMMINSIND,Cummins India Limited,INE298A01020,,EQ,CUMMINSIND.NS,5035.0,439241.35,PASS,PASS
NSE,STOCK,CUPID,Cupid Limited,INE509F01029,,EQ,CUPID.NS,283.1499938964844,25700065.8,PASS,PASS
NSE,STOCK,CURAA,Cura Technologies Limited,INE117B01020,,EQ,CURAA.NS,66.19999694824219,575.1,FAIL,VOLUME_TOO_LOW
NSE,STOCK,CYBERMEDIA,Cyber Media (India) Limited,INE278G01037,,EQ,CYBERMEDIA.NS,26.399999618530277,151319.3,FAIL,PRICE_TOO_LOW
NSE,STOCK,CYBERTECH,Cybertech Systems And Software Limited,INE214A01019,,BE,CYBERTECH.NS,132.27000427246094,9198.3,FAIL,VOLUME_TOO_LOW
NSE,STOCK,CYIENT,Cyient Limited,INE136B01020,,EQ,CYIENT.NS,1101.800048828125,1750960.25,PASS,PASS
NSE,STOCK,CYIENTDLM,Cyient DLM Limited,INE055S01018,,EQ,CYIENTDLM.NS,856.9500122070312,748718.8,PASS,PASS
NSE,STOCK,DABUR,Dabur India Limited,INE016A01026,,EQ,DABUR.NS,380.8999938964844,1536096.0,PASS,PASS
NSE,STOCK,DAICHI,Dai-Ichi Karkaria Limited,INE928C01010,,EQ,DAICHI.NS,369.75,7953.538461538462,FAIL,VOLUME_TOO_LOW
NSE,STOCK,DALBHARAT,Dalmia Bharat Limited,INE00R701025,,EQ,DALBHARAT.NS,1749.300048828125,299263.8,PASS,PASS
NSE,STOCK,DALMIASUG,Dalmia Bharat Sugar and Industries Limited,INE495A01022,,EQ,DALMIASUG.NS,438.5499877929688,732749.75,PASS,PASS
NSE,STOCK,DAMCAPITAL,Dam Capital Advisors Limited,INE284H01025,,EQ,DAMCAPITAL.NS,144.89999389648438,295055.35,PASS,PASS
NSE,STOCK,DAMODARIND,Damodar Industries Limited,INE497D01022,,BE,DAMODARIND.NS,28.979999542236328,3570.85,FAIL,PRICE_TOO_LOW
NSE,STOCK,DANGEE,Dangee Dums Limited,INE688Y01022,,EQ,DANGEE.NS,2.940000057220459,53983.05,FAIL,PRICE_TOO_LOW
NSE,STOCK,DATAMATICS,Datamatics Global Services Limited,INE365B01017,,EQ,DATAMATICS.NS,774.8499755859375,83981.65,FAIL,VOLUME_TOO_LOW
NSE,STOCK,DATAPATTNS,Data Patterns (India) Limited,INE0IX101010,,EQ,DATAPATTNS.NS,4585.0,752502.0,PASS,PASS
NSE,STOCK,DAVANGERE,Davangere Sugar Company Limited,INE179G01029,,EQ,DAVANGERE.NS,1.9600000381469729,18560908.9,FAIL,PRICE_TOO_LOW
NSE,STOCK,DBCORP,D.B.Corp Limited,INE950I01011,,EQ,DBCORP.NS,193.77999877929688,74787.05,FAIL,VOLUME_TOO_LOW
NSE,STOCK,DBEIL,Deepak Builders & Engineers India Limited,INE0OPA01027,,BE,DBEIL.NS,6.139999866485596,130721.05,FAIL,PRICE_TOO_LOW
NSE,STOCK,DBL,Dilip Buildcon Limited,INE917M01012,,EQ,DBL.NS,398.5499877929688,225979.5,PASS,PASS
NSE,STOCK,DBOL,Dhampur Bio Organics Limited,INE0I3401014,,EQ,DBOL.NS,124.98999786376952,446136.5,PASS,PASS
NSE,STOCK,DBREALTY,Valor Estate Limited,INE879I01012,,EQ,DBREALTY.NS,102.56999969482422,1330309.8,PASS,PASS
NSE,STOCK,DBSTOCKBRO,DB (International) Stock Brokers Limited,INE921B01025,,BE,DBSTOCKBRO.NS,29.06999969482422,27069.0,FAIL,PRICE_TOO_LOW
NSE,STOCK,DCAL,Dishman Carbogen Amcis Limited,INE385W01011,,EQ,DCAL.NS,174.3800048828125,448383.45,PASS,PASS
NSE,STOCK,DCBBANK,DCB Bank Limited,INE503A01015,,EQ,DCBBANK.NS,220.7400054931641,3181753.4,PASS,PASS
NSE,STOCK,DCI,Dc Infotech And Communication Limited,INE0A1101019,,EQ,DCI.NS,357.6499938964844,184011.4,PASS,PASS
NSE,STOCK,DCM,DCM  Limited,INE498A01018,,BE,DCM.NS,76.97000122070312,12713.0,FAIL,VOLUME_TOO_LOW
NSE,STOCK,DCMFINSERV,DCM Financial Services Limited,INE891B01012,,EQ,DCMFINSERV.NS,5.090000152587891,16133.6,FAIL,PRICE_TOO_LOW
NSE,STOCK,DCMNVL,DCM Nouvelle Limited,INE08KP01019,,EQ,DCMNVL.NS,182.0399932861328,31170.85,FAIL,VOLUME_TOO_LOW
NSE,STOCK,DCMSHRIRAM,DCM Shriram Limited,INE499A01024,,EQ,DCMSHRIRAM.NS,1020.9000244140624,121346.4,PASS,PASS
NSE,STOCK,DCMSIL,DCM Shriram International Limited,INE0OU201013,,EQ,DCMSIL.NS,70.29000091552734,82194.5,FAIL,VOLUME_TOO_LOW
NSE,STOCK,DCMSRIND,DCM Shriram Industries Limited,INE843D01027,,EQ,DCMSRIND.NS,46.5099983215332,338595.95,FAIL,PRICE_TOO_LOW
NSE,STOCK,DCW,DCW Limited,INE500A01029,,EQ,DCW.NS,46.29999923706055,1435342.1,FAIL,PRICE_TOO_LOW
NSE,STOCK,DCXINDIA,DCX Systems Limited,INE0KL801015,,EQ,DCXINDIA.NS,168.8300018310547,451235.85,PASS,PASS
NSE,STOCK,DDEVPLSTIK,Ddev Plastiks Industries Limited,INE0HR601026,,EQ,DDEVPLSTIK.NS,272.5,179430.0,PASS,PASS
NSE,STOCK,DECCANCE,Deccan Cements Limited,INE583C01021,,EQ,DECCANCE.NS,565.1500244140625,25590.5,FAIL,VOLUME_TOO_LOW
NSE,STOCK,DECNGOLD,Deccan Gold Mines Limited,INE945F01025,,EQ,DECNGOLD.NS,213.8699951171875,1802284.357142857,PASS,PASS
NSE,STOCK,DEEDEV,DEE Development Engineers Limited,INE841L01016,,EQ,DEEDEV.NS,645.9000244140625,235321.6,PASS,PASS
NSE,STOCK,DEEP,Deep Polymers Limited,INE00IY01012,,EQ,DEEP.NS,36.0,8205.384615384615,FAIL,PRICE_TOO_LOW
NSE,STOCK,DEEPAKFERT,Deepak Fertilizers and Petrochemicals Corporation Limited,INE501A01019,,EQ,DEEPAKFERT.NS,1362.0999755859375,271781.2,PASS,PASS
NSE,STOCK,DEEPAKNTR,Deepak Nitrite Limited,INE288B01029,,EQ,DEEPAKNTR.NS,1712.4000244140625,377357.1,PASS,PASS
NSE,STOCK,DEEPINDS,Deep Industries Limited,INE0FHS01024,,EQ,DEEPINDS.NS,786.4500122070312,513457.05,PASS,PASS
NSE,STOCK,DELHIVERY,Delhivery Limited,INE148O01028,,EQ,DELHIVERY.NS,457.8999938964844,2786790.1,PASS,PASS
NSE,STOCK,DELPHIFX,DELPHI WORLD MONEY LIMITED,INE726L01027,,BE,DELPHIFX.NS,5.940000057220459,94405.7,FAIL,PRICE_TOO_LOW
NSE,STOCK,DELTACORP,Delta Corp Limited,INE124G01033,,EQ,DELTACORP.NS,56.119998931884766,958273.15,PASS,PASS
NSE,STOCK,DELTAMAGNT,Delta Manufacturing Limited,INE393A01011,,EQ,DELTAMAGNT.NS,57.22999954223633,3474.45,FAIL,VOLUME_TOO_LOW
NSE,STOCK,DEN,Den Networks Limited,INE947J01015,,EQ,DEN.NS,27.96999931335449,340185.9,FAIL,PRICE_TOO_LOW
NSE,STOCK,DENORA,De Nora India Limited,INE244A01016,,EQ,DENORA.NS,824.5499877929688,3388.4,FAIL,VOLUME_TOO_LOW
NSE,STOCK,DENTA,Denta Water and Infra Solutions Limited,INE0R4L01018,,EQ,DENTA.NS,270.3999938964844,153348.95,PASS,PASS
NSE,STOCK,DEVIT,Dev Information Technology Limited,INE060X01034,,EQ,DEVIT.NS,24.209999084472656,37465.15,FAIL,PRICE_TOO_LOW
NSE,STOCK,DEVX,Dev Accelerator Limited,INE0VOV01021,,EQ,DEVX.NS,32.130001068115234,159527.0,FAIL,PRICE_TOO_LOW
NSE,STOCK,DEVYANI,Devyani International Limited,INE872J01023,,EQ,DEVYANI.NS,139.27999877929688,5122978.85,PASS,PASS
NSE,STOCK,DGCONTENT,Digicontent Limited,INE03JI01017,,EQ,DGCONTENT.NS,24.43000030517578,39560.0,FAIL,PRICE_TOO_LOW
NSE,STOCK,DHABRIYA,Dhabriya Polywood Limited,INE260R01016,,BE,DHABRIYA.NS,513.2999877929688,30146.384615384617,FAIL,VOLUME_TOO_LOW
NSE,STOCK,DHAMPURSUG,Dhampur Sugar Mills Limited,INE041A01016,,EQ,DHAMPURSUG.NS,167.58999633789062,1782414.8,PASS,PASS
NSE,STOCK,DHANBANK,Dhanlaxmi Bank Limited,INE680A01011,,EQ,DHANBANK.NS,31.86000061035156,695913.35,FAIL,PRICE_TOO_LOW
NSE,STOCK,DHANUKA,Dhanuka Agritech Limited,INE435G01025,,EQ,DHANUKA.NS,1010.1500244140624,21312.85,FAIL,VOLUME_TOO_LOW
NSE,STOCK,DHARAN,DHARAN INFRA-EPC LIMITED,INE278R01034,,BZ,DHARAN.NS,0.1299999952316284,16473496.4,FAIL,PRICE_TOO_LOW
NSE,STOCK,DHARMAJ,Dharmaj Crop Guard Limited,INE00OQ01016,,EQ,DHARMAJ.NS,269.04998779296875,82268.35,FAIL,VOLUME_TOO_LOW
NSE,STOCK,DHATRE,Dhatre Udyog Limited,INE715T01031,,EQ,DHATRE.NS,4.349999904632568,36636.46153846154,FAIL,PRICE_TOO_LOW
NSE,STOCK,DHOOTTRANS,Dhoot Transmission Limited,INE01NH01023,,EQ,DHOOTTRANS.NS,1615.699951171875,8297863.333333333,PASS,PASS
NSE,STOCK,DHRUV,Dhruv Consultancy Services Limited,INE506Z01015,,EQ,DHRUV.NS,23.450000762939453,7859.25,FAIL,PRICE_TOO_LOW
NSE,STOCK,DHUNINV,Dhunseri Investments Limited,INE320L01011,,EQ,DHUNINV.NS,1046.25,6800.85,FAIL,VOLUME_TOO_LOW
NSE,STOCK,DIACABS,Diamond Power Infrastructure Limited,INE989C01038,,BE,DIACABS.NS,322.8999938964844,1203610.1,PASS,PASS
NSE,STOCK,DIAMINESQ,Diamines & Chemicals Limited,INE591D01014,,EQ,DIAMINESQ.NS,244.75999450683597,6924.4,FAIL,VOLUME_TOO_LOW
NSE,STOCK,DIAMONDYD,Prataap Snacks Limited,INE393P01035,,EQ,DIAMONDYD.NS,1159.800048828125,43158.05,FAIL,VOLUME_TOO_LOW
NSE,STOCK,DICIND,DIC India Limited,INE303A01010,,EQ,DICIND.NS,584.0,21921.8,FAIL,VOLUME_TOO_LOW
NSE,STOCK,DIFFNKG,Diffusion Engineers Limited,INE184O01015,,EQ,DIFFNKG.NS,474.8999938964844,780163.7,PASS,PASS
NSE,STOCK,DIGIDRIVE,Digidrive Distributors Limited,INE0PSC01024,,EQ,DIGIDRIVE.NS,17.799999237060547,18040.5,FAIL,PRICE_TOO_LOW
NSE,STOCK,DIGISPICE,DiGiSPICE Technologies Limited,INE927C01020,,EQ,DIGISPICE.NS,16.959999084472656,61729.85,FAIL,PRICE_TOO_LOW
NSE,STOCK,DIGITIDE,Digitide Solutions Limited,INE0U4701011,,EQ,DIGITIDE.NS,95.5199966430664,346982.6,PASS,PASS
NSE,STOCK,DIGJAMLMTD,Digjam Limited,INE731U01028,,EQ,DIGJAMLMTD.NS,49.400001525878906,9260.4,FAIL,PRICE_TOO_LOW
NSE,STOCK,DISAQ,Disa India Limited,INE131C01011,,EQ,DISAQ.NS,11990.0,434.15,FAIL,VOLUME_TOO_LOW
NSE,STOCK,DISHTV,Dish TV India Limited,INE836F01026,,EQ,DISHTV.NS,2.569999933242798,893978.75,FAIL,PRICE_TOO_LOW
NSE,STOCK,DIVGIITTS,Divgi Torqtransfer Systems Limited,INE753U01022,,EQ,DIVGIITTS.NS,1235.199951171875,339621.9,PASS,PASS
NSE,STOCK,DIVISLAB,Divi's Laboratories Limited,INE361B01024,,EQ,DIVISLAB.NS,9100.0,429129.1,PASS,PASS
NSE,STOCK,DIXON,Dixon Technologies (India) Limited,INE935N01020,,EQ,DIXON.NS,14445.0,346283.8,PASS,PASS
NSE,STOCK,DJML,DJ Mediaprint & Logistics Limited,INE0B1K01014,,EQ,DJML.NS,70.70999908447266,433454.85,PASS,PASS
NSE,STOCK,DLF,DLF Limited,INE271C01023,,EQ,DLF.NS,681.6500244140625,2888817.05,PASS,PASS
NSE,STOCK,DLINKINDIA,D-Link (India) Limited,INE250K01012,,EQ,DLINKINDIA.NS,452.3500061035156,227824.65,PASS,PASS
NSE,STOCK,DMART,Avenue Supermarts Limited,INE192R01011,,EQ,DMART.NS,3770.0,439912.05,PASS,PASS
NSE,STOCK,DMCC,DMCC SPECIALITY CHEMICALS LIMITED,INE505A01010,,EQ,DMCC.NS,295.5,168060.0,PASS,PASS
NSE,STOCK,DNAMEDIA,Diligent Media Corporation Limited,INE016M01021,,EQ,DNAMEDIA.NS,2.630000114440918,51228.5,FAIL,PRICE_TOO_LOW
NSE,STOCK,DODLA,Dodla Dairy Limited,INE021O01019,,EQ,DODLA.NS,1069.9000244140625,34917.85,FAIL,VOLUME_TOO_LOW
NSE,STOCK,DOLATALGO,Dolat Algotech Limited,INE966A01022,,EQ,DOLATALGO.NS,70.05000305175781,222794.6,PASS,PASS
NSE,STOCK,DOLLAR,Dollar Industries Limited,INE325C01035,,EQ,DOLLAR.NS,265.0,131308.55,PASS,PASS
NSE,STOCK,DOLPHIN,Dolphin Offshore Enterprises (India) Limited,INE920A01037,,EQ,DOLPHIN.NS,674.0,154910.15,PASS,PASS
NSE,STOCK,DOMS,DOMS Industries Limited,INE321T01012,,EQ,DOMS.NS,2207.60009765625,33174.35,FAIL,VOLUME_TOO_LOW
NSE,STOCK,DONEAR,Donear Industries Limited,INE668D01028,,EQ,DONEAR.NS,88.55999755859375,22630.9,FAIL,VOLUME_TOO_LOW
NSE,STOCK,DPABHUSHAN,D. P. Abhushan Limited,INE266Y01019,,EQ,DPABHUSHAN.NS,1359.4000244140625,29768.3,FAIL,VOLUME_TOO_LOW
NSE,STOCK,DPSCLTD,DPSC Limited,INE360C01024,,BE,DPSCLTD.NS,7.269999980926514,95941.45,FAIL,PRICE_TOO_LOW
NSE,STOCK,DPWIRES,D P Wires Limited,INE864X01013,,BE,DPWIRES.NS,153.99000549316406,5826.5,FAIL,VOLUME_TOO_LOW
NSE,STOCK,DRAGARWQ,Dr Agarwals Eye Hospital Limited,INE934C01018,,EQ,DRAGARWQ.NS,5339.0,1152.1538461538462,FAIL,VOLUME_TOO_LOW
NSE,STOCK,DRCSYSTEMS,DRC Systems India Limited,INE03RS01027,,EQ,DRCSYSTEMS.NS,13.420000076293944,62932.65,FAIL,PRICE_TOO_LOW
NSE,STOCK,DREAMFOLKS,Dreamfolks Services Limited,INE0JS101016,,EQ,DREAMFOLKS.NS,66.33000183105469,48392.6,FAIL,VOLUME_TOO_LOW
NSE,STOCK,DREDGECORP,Dredging Corporation of India Limited,INE506A01018,,EQ,DREDGECORP.NS,1087.699951171875,194998.35,PASS,PASS
NSE,STOCK,DRREDDY,Dr. Reddy's Laboratories Limited,INE089A01031,,EQ,DRREDDY.NS,1155.0,1521109.3,PASS,PASS
NSE,STOCK,DSFCL,DCM Shriram Fine Chemicals Limited,INE0OFM01015,,BE,DSFCL.NS,25.75,32448.45,FAIL,PRICE_TOO_LOW
NSE,STOCK,DSKULKARNI,DS Kulkarni Developers Limited,INE891A01022,,BE,DSKULKARNI.NS,19.420000076293945,236.5,FAIL,PRICE_TOO_LOW
NSE,STOCK,DSSL,Dynacons Systems & Solutions Limited,INE417B01040,,EQ,DSSL.NS,1003.0,30079.55,FAIL,VOLUME_TOO_LOW
NSE,STOCK,DTIL,Dhunseri Tea & Industries Limited,INE341R01014,,BE,DTIL.NS,152.8699951171875,48730.0,FAIL,VOLUME_TOO_LOW
NSE,STOCK,DUCON,Ducon Infratechnologies Limited,INE741L01018,,EQ,DUCON.NS,1.9299999475479128,1464116.5,FAIL,PRICE_TOO_LOW
NSE,STOCK,DUCON-RE1,Ducon Infratech Ltd-RE,INE741L20034,,BE,DUCON-RE1.NS,0.3899999856948852,5721926.0,FAIL,PRICE_TOO_LOW
NSE,STOCK,DVL,Dhunseri Ventures Limited,INE477B01010,,EQ,DVL.NS,285.79998779296875,50994.6,FAIL,VOLUME_TOO_LOW
NSE,STOCK,DWARKESH,Dwarikesh Sugar Industries Limited,INE366A01041,,EQ,DWARKESH.NS,47.310001373291016,7240771.85,FAIL,PRICE_TOO_LOW
NSE,STOCK,DYCL,Dynamic Cables Limited,INE600Y01019,,EQ,DYCL.NS,487.8999938964844,1375827.65,PASS,PASS
NSE,STOCK,DYNAMATECH,Dynamatic Technologies Limited,INE221B01012,,EQ,DYNAMATECH.NS,11532.0,21208.25,FAIL,VOLUME_TOO_LOW
NSE,STOCK,DYNPRO,Dynemic Products Limited,INE256H01015,,EQ,DYNPRO.NS,237.80999755859372,20827.8,FAIL,VOLUME_TOO_LOW
NSE,STOCK,E2E,E2E Networks Limited,INE255Z01027,,BE,E2E.NS,601.5499877929688,877137.0,PASS,PASS
NSE,STOCK,EASEMYTRIP,Easy Trip Planners Limited,INE07O001026,,EQ,EASEMYTRIP.NS,6.0,18247707.7,FAIL,PRICE_TOO_LOW
NSE,STOCK,EASTSILK,Eastern Silk Industries Limited,INE962C01035,,BE,EASTSILK.NS,63.9900016784668,1658.85,FAIL,VOLUME_TOO_LOW
NSE,STOCK,EASTWEST,East West Freight Carriers Limited,INE595R01023,,EQ,EASTWEST.NS,2.3399999141693115,46050.153846153844,FAIL,PRICE_TOO_LOW
NSE,STOCK,EBGNG,GNG Electronics Limited,INE18JU01028,,EQ,EBGNG.NS,601.25,711913.2,PASS,PASS
NSE,STOCK,EBIX,EBIX Limited,INE432F01032,,BE,EBIX.NS,19.84000015258789,107304.69230769231,FAIL,PRICE_TOO_LOW
NSE,STOCK,ECLERX,eClerx Services Limited,INE738I01010,,EQ,ECLERX.NS,1905.699951171875,237859.2,PASS,PASS
NSE,STOCK,ECORECO,Eco Recycling Limited,INE316A01038,,EQ,ECORECO.NS,456.1000061035156,9825.538461538461,FAIL,VOLUME_TOO_LOW
NSE,STOCK,ECOSMOBLTY,Ecos (India) Mobility & Hospitality Limited,INE06HJ01020,,EQ,ECOSMOBLTY.NS,113.93000030517578,102263.4,PASS,PASS
NSE,STOCK,EDELWEISS,Edelweiss Financial Services Limited,INE532F01054,,EQ,EDELWEISS.NS,136.0800018310547,5970989.55,PASS,PASS
NSE,STOCK,EFCIL,EFC (I) Limited,INE886D01026,,EQ,EFCIL.NS,200.83999633789065,436021.15,PASS,PASS
NSE,STOCK,EICHERMOT,Eicher Motors Limited,INE066A01021,,EQ,EICHERMOT.NS,7630.5,418891.15,PASS,PASS
NSE,STOCK,EIDPARRY,EID Parry India Limited,INE126A01031,,EQ,EIDPARRY.NS,781.3499755859375,955590.45,PASS,PASS
NSE,STOCK,EIEL,Enviro Infra Engineers Limited,INE0LLY01014,,EQ,EIEL.NS,195.66000366210935,752297.7,PASS,PASS
NSE,STOCK,EIFFL,Euro India Fresh Foods Limited,INE546V01010,,BE,EIFFL.NS,278.6000061035156,9030.05,FAIL,VOLUME_TOO_LOW
NSE,STOCK,EIHAHOTELS,EIH Associated Hotels Limited,INE276C01014,,EQ,EIHAHOTELS.NS,303.8500061035156,18075.05,FAIL,VOLUME_TOO_LOW
NSE,STOCK,EIHOTEL,EIH Limited,INE230A01023,,EQ,EIHOTEL.NS,291.8999938964844,201873.05,PASS,PASS
NSE,STOCK,EIMCOELECO,Eimco Elecon (India) Limited,INE158B01016,,EQ,EIMCOELECO.NS,2280.39990234375,55736.3,FAIL,VOLUME_TOO_LOW
NSE,STOCK,EKC,Everest Kanto Cylinder Limited,INE184H01027,,EQ,EKC.NS,107.0,191167.05,PASS,PASS
NSE,STOCK,EKI,EKI Energy Services Limited,INE0CPR01018,,EQ,EKI.NS,74.05999755859375,12514.0,FAIL,VOLUME_TOO_LOW
NSE,STOCK,ELANTAS,Elantas Beck India Limited,INE280B01018,,EQ,ELANTAS.NS,12114.0,3038.3,FAIL,VOLUME_TOO_LOW
NSE,STOCK,ELCIDIN,EL CID Investments Limited,INE927X01018,,EQ,ELCIDIN.NS,107590.0,10.85,FAIL,VOLUME_TOO_LOW
NSE,STOCK,ELDEHSG,Eldeco Housing And Industries Limited,INE668G01021,,EQ,ELDEHSG.NS,790.4500122070312,3996.8,FAIL,VOLUME_TOO_LOW
NSE,STOCK,ELECON,Elecon Engineering Company Limited,INE205B01031,,EQ,ELECON.NS,433.75,703983.85,PASS,PASS
NSE,STOCK,ELECTCAST,Electrosteel Castings Limited,INE086A01029,,EQ,ELECTCAST.NS,83.8499984741211,2588382.95,PASS,PASS
NSE,STOCK,ELECTHERM,Electrotherm (India) Limited,INE822G01016,,EQ,ELECTHERM.NS,979.9000244140624,19695.7,FAIL,VOLUME_TOO_LOW
NSE,STOCK,ELGIEQUIP,Elgi Equipments Limited,INE285A01027,,EQ,ELGIEQUIP.NS,642.0999755859375,896141.5,PASS,PASS
NSE,STOCK,ELGIRUBCO,Elgi Rubber Company Limited,INE819L01012,,EQ,ELGIRUBCO.NS,59.08000183105469,53936.6,FAIL,VOLUME_TOO_LOW
NSE,STOCK,ELIN,Elin Electronics Limited,INE050401020,,EQ,ELIN.NS,95.26000213623048,272184.5,PASS,PASS
NSE,STOCK,ELITECON,Elitecon International Limited,INE669R01026,,EQ,ELITECON.NS,9.130000114440918,3355538.5384615385,FAIL,PRICE_TOO_LOW
NSE,STOCK,ELLEN,Ellenbarrie Industrial Gases Limited,INE236E01022,,EQ,ELLEN.NS,331.8500061035156,765709.8,PASS,PASS
NSE,STOCK,ELPROINTL,Elpro International Limited,INE579B01039,,EQ,ELPROINTL.NS,174.44000244140625,50612.05,FAIL,VOLUME_TOO_LOW
NSE,STOCK,EMAMILTD,Emami Limited,INE548C01032,,EQ,EMAMILTD.NS,368.2000122070313,962258.9,PASS,PASS
NSE,STOCK,EMAMIPAP,Emami Paper Mills Limited,INE830C01026,,BE,EMAMIPAP.NS,110.4000015258789,35589.4,FAIL,VOLUME_TOO_LOW
NSE,STOCK,EMAMIREAL,Emami Realty Limited,INE778K01012,,EQ,EMAMIREAL.NS,68.69999694824219,11959.85,FAIL,VOLUME_TOO_LOW
NSE,STOCK,EMBDL,Embassy Developments Limited,INE069I01010,,EQ,EMBDL.NS,57.52999877929688,3179542.45,PASS,PASS
NSE,STOCK,EMCURE,Emcure Pharmaceuticals Limited,INE168P01015,,EQ,EMCURE.NS,1927.5999755859373,133297.45,PASS,PASS
NSE,STOCK,EMIL,Electronics Mart India Limited,INE02YR01019,,EQ,EMIL.NS,173.74000549316406,10652783.0,PASS,PASS
NSE,STOCK,EMKAY,Emkay Global Financial Services Limited,INE296H01011,,EQ,EMKAY.NS,257.75,30372.7,FAIL,VOLUME_TOO_LOW
NSE,STOCK,EMMBI,Emmbi Industries Limited,INE753K01015,,BE,EMMBI.NS,90.16999816894533,9707.95,FAIL,VOLUME_TOO_LOW
NSE,STOCK,EMMVEE,Emmvee Photovoltaic Power Limited,INE1C6T01020,,EQ,EMMVEE.NS,325.20001220703125,1694280.85,PASS,PASS
NSE,STOCK,EMPIND,Empire Industries Limited,INE515H01014,,EQ,EMPIND.NS,1195.9000244140625,4256.076923076923,FAIL,VOLUME_TOO_LOW
NSE,STOCK,EMPOWER,Empower India Limited,INE507F01023,,EQ,EMPOWER.NS,1.8200000524520876,6060258.0,FAIL,PRICE_TOO_LOW
NSE,STOCK,EMSLIMITED,EMS Limited,INE0OV601013,,EQ,EMSLIMITED.NS,383.0499877929688,833289.3,PASS,PASS
NSE,STOCK,EMUDHRA,eMudhra Limited,INE01QM01018,,EQ,EMUDHRA.NS,519.8499755859375,149629.35,PASS,PASS
NSE,STOCK,ENDURANCE,Endurance Technologies Limited,INE913H01037,,EQ,ENDURANCE.NS,2754.699951171875,143440.05,PASS,PASS
NSE,STOCK,ENERGYDEV,Energy Development Company Limited,INE306C01019,,EQ,ENERGYDEV.NS,15.5,28888.0,FAIL,PRICE_TOO_LOW
NSE,STOCK,ENGINERSIN,Engineers India Limited,INE510A01028,,EQ,ENGINERSIN.NS,281.95001220703125,5969308.75,PASS,PASS
NSE,STOCK,ENIL,Entertainment Network (India) Limited,INE265F01028,,EQ,ENIL.NS,99.61000061035156,56312.75,FAIL,VOLUME_TOO_LOW
NSE,STOCK,ENKEIWHEL,Enkei Wheels (India) Limited,INE130L01014,,EQ,ENKEIWHEL.NS,380.7999877929688,4409.923076923077,FAIL,VOLUME_TOO_LOW
NSE,STOCK,ENRIN,Siemens Energy India Limited,INE1NPP01017,,EQ,ENRIN.NS,3115.699951171875,430183.0,PASS,PASS
NSE,STOCK,ENTERO,Entero Healthcare Solutions Limited,INE010601016,,EQ,ENTERO.NS,1848.0,497546.25,PASS,PASS
NSE,STOCK,EPACK,EPACK Durable Limited,INE0G5901015,,EQ,EPACK.NS,189.2700042724609,465035.75,PASS,PASS
NSE,STOCK,EPACKPEB,EPack Prefab Technologies Limited,INE0MLS01022,,EQ,EPACKPEB.NS,227.3000030517578,581179.5,PASS,PASS
NSE,STOCK,EPIGRAL,Epigral Limited,INE071N01016,,EQ,EPIGRAL.NS,1236.699951171875,78704.4,FAIL,VOLUME_TOO_LOW
NSE,STOCK,EPL,EPL Limited,INE255A01020,,EQ,EPL.NS,246.5500030517578,10482680.45,PASS,PASS
NSE,STOCK,EQUIPPP,Equippp Social Impact Technologies Limited,INE217G01035,,BE,EQUIPPP.NS,22.88999938964844,12756.1,FAIL,PRICE_TOO_LOW
NSE,STOCK,EQUITASBNK,Equitas Small Finance Bank Limited,INE063P01018,,EQ,EQUITASBNK.NS,73.04000091552734,1740264.55,PASS,PASS
NSE,STOCK,ERIS,Eris Lifesciences Limited,INE406M01024,,EQ,ERIS.NS,1303.5,83068.0,FAIL,VOLUME_TOO_LOW
NSE,STOCK,ESABINDIA,Esab India Limited,INE284A01012,,EQ,ESABINDIA.NS,6077.5,10293.85,FAIL,VOLUME_TOO_LOW
NSE,STOCK,ESAFSFB,ESAF Small Finance Bank Limited,INE818W01011,,BE,ESAFSFB.NS,41.40999984741211,847652.85,FAIL,PRICE_TOO_LOW
NSE,STOCK,ESCORTS,Escorts Kubota Limited,INE042A01014,,EQ,ESCORTS.NS,2978.199951171875,69000.95,FAIL,VOLUME_TOO_LOW
NSE,STOCK,ESDS,ESDS Software Solution Limited,INE0DRI01029,,EQ,ESDS.NS,908.4000244140624,15790052.0,PASS,PASS
NSE,STOCK,ESSARSHPNG,Essar Shipping Limited,INE122M01019,,EQ,ESSARSHPNG.NS,16.8700008392334,357761.35,FAIL,PRICE_TOO_LOW
NSE,STOCK,ESSENTIA,Integra Essentia Limited,INE418N01035,,EQ,ESSENTIA.NS,1.0499999523162842,6148322.75,FAIL,PRICE_TOO_LOW
NSE,STOCK,ESTER,Ester Industries Limited,INE778B01029,,EQ,ESTER.NS,94.02999877929688,320204.25,PASS,PASS
NSE,STOCK,ETERNAL,ETERNAL LIMITED,INE758T01015,,EQ,ETERNAL.NS,322.75,37551384.6,PASS,PASS
NSE,STOCK,ETHOSLTD,Ethos Limited,INE04TZ01018,,EQ,ETHOSLTD.NS,2793.10009765625,73440.0,FAIL,VOLUME_TOO_LOW
NSE,STOCK,EUREKAFORB,Eureka Forbes Limited,INE0KCE01017,,EQ,EUREKAFORB.NS,429.25,183269.2,PASS,PASS
NSE,STOCK,EUROBOND,Euro Panel Products Limited,INE505V01016,,EQ,EUROBOND.NS,151.10000610351562,8934.9,FAIL,VOLUME_TOO_LOW
NSE,STOCK,EUROPRATIK,Euro Pratik Sales Limited,INE198501012,,EQ,EUROPRATIK.NS,267.0,207280.65,PASS,PASS
NSE,STOCK,EUROTEXIND,Eurotex Industries and Exports Limited,INE022C01012,,BE,EUROTEXIND.NS,13.989999771118164,281.1,FAIL,PRICE_TOO_LOW
NSE,STOCK,EVEREADY,Eveready Industries India Limited,INE128A01029,,EQ,EVEREADY.NS,319.45001220703125,92890.2,FAIL,VOLUME_TOO_LOW
NSE,STOCK,EVERESTIND,Everest Industries Limited,INE295A01018,,BE,EVERESTIND.NS,425.25,6899.9,FAIL,VOLUME_TOO_LOW
NSE,STOCK,EXCELINDUS,Excel Industries Limited,INE369A01029,,EQ,EXCELINDUS.NS,1034.9000244140625,67691.7,FAIL,VOLUME_TOO_LOW
NSE,STOCK,EXCELSOFT,Excelsoft Technologies Limited,INE606N01019,,EQ,EXCELSOFT.NS,70.2300033569336,372557.85,PASS,PASS
NSE,STOCK,EXICOM,Exicom Tele-Systems Limited,INE777F01014,,EQ,EXICOM.NS,177.85000610351562,1662329.25,PASS,PASS
NSE,STOCK,EXIDEIND,Exide Industries Limited,INE302A01020,,EQ,EXIDEIND.NS,424.3500061035156,2511741.65,PASS,PASS
NSE,STOCK,EXPLEOSOL,Expleo Solutions Limited,INE201K01015,,EQ,EXPLEOSOL.NS,898.75,373577.15,PASS,PASS
NSE,STOCK,EXXARO,Exxaro Tiles Limited,INE0GFE01026,,EQ,EXXARO.NS,6.699999809265137,1120192.7,FAIL,PRICE_TOO_LOW
NSE,STOCK,FABTECH,Fabtech Technologies Limited,INE0HF201011,,EQ,FABTECH.NS,147.3300018310547,78998.05,FAIL,VOLUME_TOO_LOW
NSE,STOCK,FACT,Fertilizers and Chemicals Travancore Limited,INE188A01015,,EQ,FACT.NS,801.4000244140625,1942575.8,PASS,PASS
NSE,STOCK,FAIRCHEMOR,Fairchem Organics Limited,INE0DNW01011,,BE,FAIRCHEMOR.NS,661.0999755859375,6447.55,FAIL,VOLUME_TOO_LOW
NSE,STOCK,FAZE3Q,Faze Three Limited,INE963C01033,,EQ,FAZE3Q.NS,498.3999938964844,49922.1,FAIL,VOLUME_TOO_LOW
NSE,STOCK,FCL,Fineotex Chemical Limited,INE045J01034,,EQ,FCL.NS,51.5099983215332,14882900.7,PASS,PASS
NSE,STOCK,FCSSOFT,FCS Software Solutions Limited,INE512B01022,,EQ,FCSSOFT.NS,1.440000057220459,2448650.15,FAIL,PRICE_TOO_LOW
NSE,STOCK,FDC,FDC Limited,INE258B01022,,EQ,FDC.NS,341.6000061035156,151937.55,PASS,PASS
NSE,STOCK,FEDDERSHOL,Fedders Holding Limited,INE417D01020,,EQ,FEDDERSHOL.NS,47.27999877929688,569453.0,FAIL,PRICE_TOO_LOW
NSE,STOCK,FEDERALBNK,The Federal Bank  Limited,INE171A01029,,EQ,FEDERALBNK.NS,343.0,4799062.3,PASS,PASS
NSE,STOCK,FEDFINA,Fedbank Financial Services Limited,INE007N01010,,EQ,FEDFINA.NS,157.86000061035156,874066.9,PASS,PASS
NSE,STOCK,FEL,Future Enterprises Limited,INE623B01027,,BZ,FEL.NS,0.3899999856948852,183010.25,FAIL,PRICE_TOO_LOW
NSE,STOCK,FELDVR,Future Enterprises Limited,IN9623B01058,,BZ,FELDVR.NS,2.200000047683716,3302.4,FAIL,PRICE_TOO_LOW
NSE,STOCK,FERMENTA,Fermenta Biotech Limited,INE225B01021,,EQ,FERMENTA.NS,502.2999877929688,98307.30769230769,FAIL,VOLUME_TOO_LOW
NSE,STOCK,FIBERWEB,Fiberweb (India) Limited,INE296C01020,,EQ,FIBERWEB.NS,25.90999984741211,39167.3,FAIL,PRICE_TOO_LOW
NSE,STOCK,FIEMIND,Fiem Industries Limited,INE737H01014,,EQ,FIEMIND.NS,2085.800048828125,123435.45,PASS,PASS
NSE,STOCK,FILATEX,Filatex India Limited,INE816B01035,,EQ,FILATEX.NS,76.72000122070312,2973150.0,PASS,PASS
NSE,STOCK,FILATFASH,Filatex Fashions Limited,INE185E01021,,EQ,FILATFASH.NS,0.1800000071525573,26733554.5,FAIL,PRICE_TOO_LOW
NSE,STOCK,FINCABLES,Finolex Cables Limited,INE235A01022,,EQ,FINCABLES.NS,1272.9000244140625,2229625.5,PASS,PASS
NSE,STOCK,FINEORG,Fine Organic Industries Limited,INE686Y01026,,EQ,FINEORG.NS,5152.0,47694.2,FAIL,VOLUME_TOO_LOW
NSE,STOCK,FINKURVE,Finkurve Financial Services Limited,INE734I01027,,EQ,FINKURVE.NS,70.2300033569336,258629.25,PASS,PASS
NSE,STOCK,FINOPB,Fino Payments Bank Limited,INE02NC01014,,EQ,FINOPB.NS,139.3300018310547,346941.05,PASS,PASS
NSE,STOCK,FINPIPE,Finolex Industries Limited,INE183A01024,,EQ,FINPIPE.NS,158.89999389648438,533717.75,PASS,PASS
NSE,STOCK,FIRSTCRY,Brainbees Solutions Limited,INE02RE01045,,EQ,FIRSTCRY.NS,180.16000366210935,2078820.65,PASS,PASS
NSE,STOCK,FISCHER,Fischer Medical Ventures Limited,INE771F01041,,EQ,FISCHER.NS,37.02999877929688,1028240.65,FAIL,PRICE_TOO_LOW
NSE,STOCK,FIVESTAR,Five-Star Business Finance Limited,INE128S01021,,EQ,FIVESTAR.NS,523.0499877929688,536479.4,PASS,PASS
NSE,STOCK,FLAIR,Flair Writing Industries Limited,INE00Y201027,,EQ,FLAIR.NS,248.1100006103516,124554.25,PASS,PASS
NSE,STOCK,FLEXITUFF,Flexituff Ventures International Limited,INE060J01017,,BE,FLEXITUFF.NS,2.400000095367432,102759.5,FAIL,PRICE_TOO_LOW
NSE,STOCK,FLFL,Future Lifestyle Fashions Limited,INE452O01016,,BZ,FLFL.NS,1.2200000286102295,38362.0,FAIL,PRICE_TOO_LOW
NSE,STOCK,FLUOROCHEM,Gujarat Fluorochemicals Limited,INE09N301011,,EQ,FLUOROCHEM.NS,4554.0,260258.05,PASS,PASS
NSE,STOCK,FMGOETZE,Federal-Mogul Goetze (India) Limited.,INE529A01010,,EQ,FMGOETZE.NS,501.4500122070313,3699285.6,PASS,PASS
NSE,STOCK,FMNL,Future Market Networks Limited,INE360L01017,,EQ,FMNL.NS,9.619999885559082,38735.25,FAIL,PRICE_TOO_LOW
NSE,STOCK,FOCUS,Focus Lighting and Fixtures Limited,INE593W01028,,BE,FOCUS.NS,63.900001525878906,41097.0,FAIL,VOLUME_TOO_LOW
NSE,STOCK,FOODSIN,Foods & Inns Limited,INE976E01023,,EQ,FOODSIN.NS,56.060001373291016,129802.5,PASS,PASS
NSE,STOCK,FORCEMOT,FORCE MOTORS LTD,INE451A01017,,EQ,FORCEMOT.NS,17500.0,74950.4,FAIL,VOLUME_TOO_LOW
NSE,STOCK,FORTIS,Fortis Healthcare Limited,INE061F01013,,EQ,FORTIS.NS,917.5,1508488.8,PASS,PASS
NSE,STOCK,FOSECOIND,Foseco India Limited,INE519A01011,,EQ,FOSECOIND.NS,6372.5,18672.2,FAIL,VOLUME_TOO_LOW
NSE,STOCK,FRACTAL,Fractal Analytics Limited,INE212S01015,,EQ,FRACTAL.NS,817.4000244140625,334689.25,PASS,PASS
NSE,STOCK,FREDUN,Fredun Pharmaceuticals Limited,INE194R01017,,EQ,FREDUN.NS,1488.300048828125,17780.923076923078,FAIL,VOLUME_TOO_LOW
NSE,STOCK,FRONTSP,Frontier Springs Limited,INE572D01014,,EQ,FRONTSP.NS,1269.800048828125,16637.615384615383,FAIL,VOLUME_TOO_LOW
NSE,STOCK,FSL,Firstsource Solutions Limited,INE684F01012,,EQ,FSL.NS,264.3999938964844,1124556.0,PASS,PASS
NSE,STOCK,FUSION,Fusion Finance Limited,INE139R01012,,EQ,FUSION.NS,199.72999572753903,786026.65,PASS,PASS
NSE,STOCK,GABRIEL,Gabriel India Limited,INE524A01029,,EQ,GABRIEL.NS,1353.199951171875,298072.55,PASS,PASS
NSE,STOCK,GAEL,Gujarat Ambuja Exports Limited,INE036B01030,,EQ,GAEL.NS,167.80999755859375,1127258.85,PASS,PASS
NSE,STOCK,GAIL,GAIL (India) Limited,INE129A01019,,EQ,GAIL.NS,173.39999389648438,7245477.2,PASS,PASS
NSE,STOCK,GAJA,Gaja Alternative Asset Management Limited,INE18UN01038,,EQ,GAJA.NS,157.6199951171875,12993773.714285715,PASS,PASS
NSE,STOCK,GALAPREC,Gala Precision Engineering Limited,INE0RE001014,,EQ,GALAPREC.NS,1026.199951171875,55005.8,FAIL,VOLUME_TOO_LOW
NSE,STOCK,GALAXYSURF,Galaxy Surfactants Limited,INE600K01018,,EQ,GALAXYSURF.NS,2251.60009765625,100163.95,PASS,PASS
NSE,STOCK,GALLANTT,Gallantt Ispat Limited,INE297H01019,,EQ,GALLANTT.NS,572.6500244140625,53049.9,FAIL,VOLUME_TOO_LOW
NSE,STOCK,GANDHAR,Gandhar Oil Refinery (India) Limited,INE717W01049,,EQ,GANDHAR.NS,267.3999938964844,1145307.5,PASS,PASS
NSE,STOCK,GANDHITUBE,Gandhi Special Tubes Limited,INE524B01027,,EQ,GANDHITUBE.NS,902.5499877929688,13043.5,FAIL,VOLUME_TOO_LOW
NSE,STOCK,GANECOS,Ganesha Ecosphere Limited,INE845D01014,,EQ,GANECOS.NS,1015.4000244140624,71646.35,FAIL,VOLUME_TOO_LOW
NSE,STOCK,GANESHBE,Ganesh Benzoplast Limited,INE388A01029,,BE,GANESHBE.NS,121.18000030517578,142668.4,PASS,PASS
NSE,STOCK,GANESHCP,Ganesh Consumer Products Limited,INE652V01016,,EQ,GANESHCP.NS,168.82000732421875,163348.9,PASS,PASS
NSE,STOCK,GANESHHOU,GANESH HOUSING LIMITED,INE460C01014,,EQ,GANESHHOU.NS,765.5,39088.9,FAIL,VOLUME_TOO_LOW
NSE,STOCK,GANGAFORGE,Ganga Forging Limited,INE691Z01023,,EQ,GANGAFORGE.NS,1.6799999475479126,9841218.15,FAIL,PRICE_TOO_LOW
NSE,STOCK,GANGESSECU,Ganges Securities Limited,INE335W01016,,EQ,GANGESSECU.NS,119.9000015258789,3144.25,FAIL,VOLUME_TOO_LOW
NSE,STOCK,GARFIBRES,Garware Technical Fibres Limited,INE276A01018,,EQ,GARFIBRES.NS,800.5499877929688,54951.7,FAIL,VOLUME_TOO_LOW
NSE,STOCK,GARUDA,Garuda Construction and Engineering Limited,INE0JVO01026,,EQ,GARUDA.NS,178.8800048828125,1164428.65,PASS,PASS
NSE,STOCK,GATECH,GACM Technologies Limited,INE224E01028,,BE,GATECH.NS,0.9100000262260436,44132689.15,FAIL,PRICE_TOO_LOW
NSE,STOCK,GATECHDVR,GACM Technologies Limited,INE224E01036,,BE,GATECHDVR.NS,0.5,677373.0,FAIL,PRICE_TOO_LOW
NSE,STOCK,GATEWAY,Gateway Distriparks Limited,INE079J01017,,EQ,GATEWAY.NS,54.5,1174798.2,PASS,PASS
NSE,STOCK,GAUDIUMIVF,Gaudium IVF and Women Health Limited,INE0P8B01020,,BE,GAUDIUMIVF.NS,117.23999786376952,116797.45,PASS,PASS
NSE,STOCK,GAYAHWS,Gayatri Highways Limited,INE287Z01012,,EQ,GAYAHWS.NS,1.9600000381469729,274391.95,FAIL,PRICE_TOO_LOW
NSE,STOCK,GAYAPROJ,Gayatri Projects Limited,INE336H01023,,EQ,GAYAPROJ.NS,22.18000030517578,524162.0,FAIL,PRICE_TOO_LOW
NSE,STOCK,GCSL,Gretex Corporate Services Limited,INE199P01028,,EQ,GCSL.NS,595.1500244140625,706974.25,PASS,PASS
NSE,STOCK,GEECEE,GeeCee Ventures Limited,INE916G01016,,BE,GEECEE.NS,369.5,3948.8,FAIL,VOLUME_TOO_LOW
NSE,STOCK,GEEKAYWIRE,Geekay Wires Limited,INE669X01032,,EQ,GEEKAYWIRE.NS,29.38999938964844,256431.2,FAIL,PRICE_TOO_LOW
NSE,STOCK,GEMAROMA,Gem Aromatics Limited,INE06XZ01023,,EQ,GEMAROMA.NS,162.22000122070312,95954.65,FAIL,VOLUME_TOO_LOW
NSE,STOCK,GENCON,Generic Engineering Construction and Projects Limited,INE854S01022,,EQ,GENCON.NS,42.36000061035156,372916.75,FAIL,PRICE_TOO_LOW
NSE,STOCK,GENESYS,Genesys International Corporation Limited,INE727B01026,,EQ,GENESYS.NS,222.6300048828125,1833295.05,PASS,PASS
NSE,STOCK,GENSOL,Gensol Engineering Limited,INE06H201014,,BZ,GENSOL.NS,17.170000076293945,67986.85,FAIL,PRICE_TOO_LOW
NSE,STOCK,GENUSPAPER,Genus Paper & Boards Limited,INE949P01018,,EQ,GENUSPAPER.NS,12.4399995803833,107495.1,FAIL,PRICE_TOO_LOW
NSE,STOCK,GENUSPOWER,Genus Power Infrastructures Limited,INE955D01029,,EQ,GENUSPOWER.NS,339.70001220703125,3242842.4,PASS,PASS
NSE,STOCK,GEOJITFSL,Geojit Financial Services Limited,INE007B01023,,EQ,GEOJITFSL.NS,82.7699966430664,466192.1,PASS,PASS
NSE,STOCK,GESHIP,The Great Eastern Shipping Company Limited,INE017A01032,,EQ,GESHIP.NS,1369.699951171875,918896.4,PASS,PASS
NSE,STOCK,GFLLIMITED,GFL Limited,INE538A01037,,EQ,GFLLIMITED.NS,58.650001525878906,137808.25,PASS,PASS
NSE,STOCK,GHCL,GHCL Limited,INE539A01019,,EQ,GHCL.NS,437.5499877929688,135036.9,PASS,PASS
NSE,STOCK,GHCLTEXTIL,GHCL Textiles Limited,INE0PA801013,,EQ,GHCLTEXTIL.NS,136.72000122070312,829336.25,PASS,PASS
NSE,STOCK,GICHSGFIN,GIC Housing Finance Limited,INE289B01019,,EQ,GICHSGFIN.NS,140.4499969482422,110911.65,PASS,PASS
NSE,STOCK,GICL,Globe International Carriers Limited,INE947T01022,,EQ,GICL.NS,24.0,290100.7,FAIL,PRICE_TOO_LOW
NSE,STOCK,GICRE,General Insurance Corporation of India,INE481Y01014,,EQ,GICRE.NS,358.45001220703125,1129981.45,PASS,PASS
NSE,STOCK,GILLANDERS,Gillanders Arbuthnot & Company Limited,INE047B01011,,EQ,GILLANDERS.NS,104.7300033569336,12889.75,FAIL,VOLUME_TOO_LOW
NSE,STOCK,GILLETTE,Gillette India Limited,INE322A01010,,EQ,GILLETTE.NS,7341.0,13945.2,FAIL,VOLUME_TOO_LOW
NSE,STOCK,GINNIFILA,Ginni Filaments Limited,INE424C01010,,BE,GINNIFILA.NS,42.56999969482422,47806.55,FAIL,PRICE_TOO_LOW
NSE,STOCK,GIPCL,Gujarat Industries Power Company Limited,INE162A01010,,EQ,GIPCL.NS,208.0399932861328,1416103.25,PASS,PASS
NSE,STOCK,GKB,GKB Ophthalmics Limited,INE265D01015,,EQ,GKB.NS,65.80000305175781,266.1111111111111,FAIL,VOLUME_TOO_LOW
NSE,STOCK,GKENERGY,GK Energy Limited,INE1AG301022,,EQ,GKENERGY.NS,128.9600067138672,686565.1,PASS,PASS
NSE,STOCK,GKSL,Gujarat Kidney And Super Speciality Limited,INE0V0W01025,,EQ,GKSL.NS,171.50999450683594,973287.75,PASS,PASS
NSE,STOCK,GKWLIMITED,GKW Limited,INE528A01020,,EQ,GKWLIMITED.NS,1600.0,1834.4,FAIL,VOLUME_TOO_LOW
NSE,STOCK,GLAND,Gland Pharma Limited,INE068V01023,,EQ,GLAND.NS,2932.39990234375,969220.3,PASS,PASS
NSE,STOCK,GLAXO,GlaxoSmithKline Pharmaceuticals Limited,INE159A01016,,EQ,GLAXO.NS,2937.5,189326.3,PASS,PASS
NSE,STOCK,GLENMARK,Glenmark Pharmaceuticals Limited,INE935A01035,,EQ,GLENMARK.NS,2437.199951171875,522794.9,PASS,PASS
NSE,STOCK,GLFL,Gujarat Lease Financing Limited,INE540A01017,,EQ,GLFL.NS,5.659999847412109,5668.0,FAIL,PRICE_TOO_LOW
NSE,STOCK,GLOBAL,Global Education Limited,INE291W01037,,EQ,GLOBAL.NS,116.2699966430664,137512.7,PASS,PASS
NSE,STOCK,GLOBALE,Globale Tessile Limited,INE0URU01010,,EQ,GLOBALE.NS,11.380000114440918,3680.4,FAIL,PRICE_TOO_LOW
NSE,STOCK,GLOBALVECT,Global Vectra Helicorp Limited,INE792H01019,,EQ,GLOBALVECT.NS,142.64999389648438,7582.1,FAIL,VOLUME_TOO_LOW
NSE,STOCK,GLOBE,GLOBE ENTERPRISES (INDIA) LIMITED,INE581X01021,,EQ,GLOBE.NS,1.909999966621399,543197.05,FAIL,PRICE_TOO_LOW
NSE,STOCK,GLOBECIVIL,Globe Civil Projects Limited,INE0V3U01015,,EQ,GLOBECIVIL.NS,48.91999816894531,125289.75,FAIL,PRICE_TOO_LOW
NSE,STOCK,GLOBUSSPR,Globus Spirits Limited,INE615I01010,,EQ,GLOBUSSPR.NS,919.6500244140624,99889.35,FAIL,VOLUME_TOO_LOW
NSE,STOCK,GLOSTERLTD,Gloster Limited,INE350Z01018,,EQ,GLOSTERLTD.NS,590.75,1945.4,FAIL,VOLUME_TOO_LOW
NSE,STOCK,GLOTTIS,Glottis Limited,INE0TQE01026,,EQ,GLOTTIS.NS,62.310001373291016,41960.2,FAIL,VOLUME_TOO_LOW
NSE,STOCK,GMBREW,GM Breweries Limited,INE075D01018,,EQ,GMBREW.NS,910.5499877929688,23582.05,FAIL,VOLUME_TOO_LOW
NSE,STOCK,GMDCLTD,Gujarat Mineral Development Corporation Limited,INE131A01031,,EQ,GMDCLTD.NS,562.9500122070312,1013415.35,PASS,PASS
NSE,STOCK,GMMPFAUDLR,GMM Pfaudler Limited,INE541A01023,,EQ,GMMPFAUDLR.NS,1147.9000244140625,218219.65,PASS,PASS
NSE,STOCK,GMRAIRPORT,GMR AIRPORTS LIMITED,INE776C01039,,EQ,GMRAIRPORT.NS,97.4499969482422,13487501.85,PASS,PASS
NSE,STOCK,GMRP&UI,GMR Power and Urban Infra Limited,INE0CU601026,,EQ,GMRP&UI.NS,91.69000244140624,1510254.15,PASS,PASS
NSE,STOCK,GNA,GNA Axles Limited,INE934S01014,,EQ,GNA.NS,531.7999877929688,405019.7,PASS,PASS
NSE,STOCK,GNFC,Gujarat Narmada Valley Fertilizers and Chemicals Limited,INE113A01013,,EQ,GNFC.NS,596.7000122070312,633501.1,PASS,PASS
NSE,STOCK,GNRL,Gujarat Natural Resources Limited,INE207H01018,,EQ,GNRL.NS,96.72000122070312,61230.692307692305,FAIL,VOLUME_TOO_LOW
NSE,STOCK,GOACARBON,Goa Carbon Limited,INE426D01013,,EQ,GOACARBON.NS,375.25,9720.3,FAIL,VOLUME_TOO_LOW
NSE,STOCK,GOCLCORP,GOCL Corporation Limited,INE077F01035,,EQ,GOCLCORP.NS,427.4500122070313,368371.95,PASS,PASS
NSE,STOCK,GOCOLORS,Go Fashion (India) Limited,INE0BJS01011,,EQ,GOCOLORS.NS,322.54998779296875,170454.4,PASS,PASS
NSE,STOCK,GODAVARIB,Godavari Biorefineries Limited,INE497S01012,,EQ,GODAVARIB.NS,245.25,592643.65,PASS,PASS
NSE,STOCK,GODFRYPHLP,Godfrey Phillips India Limited,INE260B01028,,EQ,GODFRYPHLP.NS,2051.0,193531.8,PASS,PASS
NSE,STOCK,GODIGIT,Go Digit General Insurance Limited,INE03JT01014,,EQ,GODIGIT.NS,257.8500061035156,240360.8,PASS,PASS
NSE,STOCK,GODREJAGRO,Godrej Agrovet Limited,INE850D01014,,EQ,GODREJAGRO.NS,658.9500122070312,1053409.4,PASS,PASS
NSE,STOCK,GODREJCP,Godrej Consumer Products Limited,INE102D01028,,EQ,GODREJCP.NS,878.0,2911768.85,PASS,PASS
NSE,STOCK,GODREJIND,Godrej Industries Limited,INE233A01035,,EQ,GODREJIND.NS,1154.300048828125,143049.85,PASS,PASS
NSE,STOCK,GODREJPROP,Godrej Properties Limited,INE484J01027,,EQ,GODREJPROP.NS,2001.5,551690.35,PASS,PASS
NSE,STOCK,GOKEX,Gokaldas Exports Limited,INE887G01027,,EQ,GOKEX.NS,767.6500244140625,248258.55,PASS,PASS
NSE,STOCK,GOKUL,Gokul Refoils and Solvent Limited,INE020J01029,,EQ,GOKUL.NS,41.95000076293945,212532.4,FAIL,PRICE_TOO_LOW
NSE,STOCK,GOKULAGRO,Gokul Agro Resources Limited,INE314T01033,,EQ,GOKULAGRO.NS,231.1699981689453,767095.8,PASS,PASS
NSE,STOCK,GOLDENTOBC,Golden Tobacco Limited,INE973A01010,,BZ,GOLDENTOBC.NS,25.0,1762.4,FAIL,PRICE_TOO_LOW
NSE,STOCK,GOLDIAM,Goldiam International Limited,INE025B01025,,EQ,GOLDIAM.NS,345.29998779296875,814930.05,PASS,PASS
NSE,STOCK,GOLDTECH,AION-TECH SOLUTIONS LIMITED,INE805A01014,,BE,GOLDTECH.NS,47.09999847412109,18780.95,FAIL,PRICE_TOO_LOW
NSE,STOCK,GOODLUCK,Goodluck India Limited,INE127I01024,,EQ,GOODLUCK.NS,472.8999938964844,956906.0,PASS,PASS
NSE,STOCK,GOODYEAR,Goodyear India Limited,INE533A01012,,EQ,GOODYEAR.NS,741.5,6524.1,FAIL,VOLUME_TOO_LOW
NSE,STOCK,GOPAL,Gopal Snacks Limited,INE0L9R01028,,EQ,GOPAL.NS,265.3999938964844,229762.35,PASS,PASS
NSE,STOCK,GOYALALUM,Goyal Aluminiums Limited,INE705X01026,,EQ,GOYALALUM.NS,6.309999942779541,53581.65,FAIL,PRICE_TOO_LOW
NSE,STOCK,GPIL,Godawari Power And Ispat limited,INE177H01039,,EQ,GPIL.NS,239.8999938964844,1997882.0,PASS,PASS
NSE,STOCK,GPPL,Gujarat Pipavav Port Limited,INE517F01014,,EQ,GPPL.NS,161.6199951171875,2854402.65,PASS,PASS
NSE,STOCK,GPTHEALTH,GPT Healthcare Limited,INE486R01017,,EQ,GPTHEALTH.NS,158.1699981689453,95808.1,FAIL,VOLUME_TOO_LOW
NSE,STOCK,GPTINFRA,GPT Infraprojects Limited,INE390G01014,,EQ,GPTINFRA.NS,112.0999984741211,154464.1,PASS,PASS
NSE,STOCK,GRADIENTE,Gradiente Infotainment Limited,INE361K01017,,EQ,GRADIENTE.NS,2.7100000381469727,2169398.45,FAIL,PRICE_TOO_LOW
NSE,STOCK,GRANDOAK,Grand Oak Canyons Distillery Limited,INE926B01016,,EQ,GRANDOAK.NS,34.97999954223633,6429.692307692308,FAIL,PRICE_TOO_LOW
NSE,STOCK,GRANULES,Granules India Limited,INE101D01020,,EQ,GRANULES.NS,853.8499755859375,664269.3,PASS,PASS
NSE,STOCK,GRAPHITE,Graphite India Limited,INE371A01025,,EQ,GRAPHITE.NS,733.5999755859375,1060872.25,PASS,PASS
NSE,STOCK,GRASIM,Grasim Industries Limited,INE047A01021,,EQ,GRASIM.NS,3310.0,1289770.15,PASS,PASS
NSE,STOCK,GRAUWEIL,Grauer & Weil India Limited,INE266D01021,,EQ,GRAUWEIL.NS,70.58999633789062,328731.7,PASS,PASS
NSE,STOCK,GRAVISSHO,Graviss Hospitality Limited,INE214F01026,,EQ,GRAVISSHO.NS,29.600000381469727,2010.2307692307693,FAIL,PRICE_TOO_LOW
NSE,STOCK,GRAVITA,Gravita India Limited,INE024L01027,,EQ,GRAVITA.NS,1661.5999755859375,192459.9,PASS,PASS
NSE,STOCK,GREAVESCOT,Greaves Cotton Limited,INE224A01026,,EQ,GREAVESCOT.NS,195.55999755859372,970933.35,PASS,PASS
NSE,STOCK,GREENLAM,Greenlam Industries Limited,INE544R01021,,EQ,GREENLAM.NS,244.1699981689453,198011.95,PASS,PASS
NSE,STOCK,GREENPANEL,Greenpanel Industries Limited,INE08ZM01014,,EQ,GREENPANEL.NS,157.6199951171875,374358.8,PASS,PASS
NSE,STOCK,GREENPLY,Greenply Industries Limited,INE461C01038,,EQ,GREENPLY.NS,304.70001220703125,112000.8,PASS,PASS
NSE,STOCK,GREENPOWER,Orient Green Power Company Limited,INE999K01014,,EQ,GREENPOWER.NS,9.1899995803833,1844820.35,FAIL,PRICE_TOO_LOW
NSE,STOCK,GRINDWELL,Grindwell Norton Limited,INE536A01023,,EQ,GRINDWELL.NS,1974.4000244140625,25970.2,FAIL,VOLUME_TOO_LOW
NSE,STOCK,GRINFRA,G R Infraprojects Limited,INE201P01022,,EQ,GRINFRA.NS,871.0999755859375,51089.8,FAIL,VOLUME_TOO_LOW
NSE,STOCK,GRMOVER,GRM Overseas Limited,INE192H01020,,EQ,GRMOVER.NS,85.80999755859375,1321126.45,PASS,PASS
NSE,STOCK,GROBTEA,The Grob Tea Company Limited,INE646C01018,,EQ,GROBTEA.NS,980.0,418.3,FAIL,VOLUME_TOO_LOW
NSE,STOCK,GROWW,Billionbrains Garage Ventures Limited,INE0HOQ01053,,EQ,GROWW.NS,194.0,48181140.55,PASS,PASS
NSE,STOCK,GRPLTD,GRP Limited,INE137I01015,,EQ,GRPLTD.NS,1979.699951171875,1439.9,FAIL,VOLUME_TOO_LOW
NSE,STOCK,GRSE,Garden Reach Shipbuilders & Engineers Limited,INE382Z01011,,EQ,GRSE.NS,2509.800048828125,435918.9,PASS,PASS
NSE,STOCK,GRWRHITECH,Garware Hi-Tech Films Limited,INE291A01017,,EQ,GRWRHITECH.NS,7100.0,65032.05,FAIL,VOLUME_TOO_LOW
NSE,STOCK,GSFC,Gujarat State Fertilizers & Chemicals Limited,INE026A01025,,EQ,GSFC.NS,161.86000061035156,1029308.55,PASS,PASS
NSE,STOCK,GSLSU,Global Surfaces Limited,INE0JSX01015,,EQ,GSLSU.NS,27.020000457763672,166377.8,FAIL,PRICE_TOO_LOW
NSE,STOCK,GSPCROP,GSP Crop Science Limited,INE713R01022,,EQ,GSPCROP.NS,625.9000244140625,284553.9,PASS,PASS
NSE,STOCK,GSS,GSS Infotech Limited,INE871H01011,,EQ,GSS.NS,11.15999984741211,48703.3,FAIL,PRICE_TOO_LOW
NSE,STOCK,GTECJAINX,G-TEC JAINX EDUCATION LIMITED,INE586X01012,,BE,GTECJAINX.NS,28.850000381469727,9997.7,FAIL,PRICE_TOO_LOW
NSE,STOCK,GTL,GTL Limited,INE043A01012,,EQ,GTL.NS,7.199999809265137,272843.3,FAIL,PRICE_TOO_LOW
NSE,STOCK,GTLINFRA,GTL Infrastructure Limited,INE221H01019,,EQ,GTLINFRA.NS,1.159999966621399,30408638.9,FAIL,PRICE_TOO_LOW
NSE,STOCK,GTPL,GTPL Hathway Limited,INE869I01013,,EQ,GTPL.NS,57.93000030517578,130851.45,PASS,PASS
NSE,STOCK,GUFICBIO,Gufic Biosciences Limited,INE742B01025,,EQ,GUFICBIO.NS,444.8999938964844,143840.5,PASS,PASS
NSE,STOCK,GUJALKALI,Gujarat Alkalies and Chemicals Limited,INE186A01019,,EQ,GUJALKALI.NS,721.5999755859375,141304.4,PASS,PASS
NSE,STOCK,GUJAPOLLO,Gujarat Apollo Industries Limited,INE826C01016,,EQ,GUJAPOLLO.NS,355.95001220703125,9079.5,FAIL,VOLUME_TOO_LOW
NSE,STOCK,GUJENERGY,GUJARAT ENERGY LIMITED,INE844O01030,,EQ,GUJENERGY.NS,263.5899963378906,2467227.65,PASS,PASS
NSE,STOCK,GUJRAFFIA,Gujarat Raffia Industries Limited,INE610B01024,,EQ,GUJRAFFIA.NS,41.0,4180.6,FAIL,PRICE_TOO_LOW
NSE,STOCK,GUJTHEM,Gujarat Themis Biosyn Limited,INE942C01045,,EQ,GUJTHEM.NS,425.1000061035156,489156.25,PASS,PASS
NSE,STOCK,GULFOILLUB,Gulf Oil Lubricants India Limited,INE635Q01029,,EQ,GULFOILLUB.NS,1112.5,62447.15,FAIL,VOLUME_TOO_LOW
NSE,STOCK,GULFPETRO,GP Petroleums Limited,INE586G01017,,BE,GULFPETRO.NS,66.81999969482422,327876.95,PASS,PASS
NSE,STOCK,GULPOLY,Gulshan Polyols Limited,INE255D01024,,EQ,GULPOLY.NS,186.2700042724609,496659.0,PASS,PASS
NSE,STOCK,GVKPIL,GVK Power & Infrastructure Limited,INE251H01024,,BE,GVKPIL.NS,2.049999952316284,869316.8,FAIL,PRICE_TOO_LOW
NSE,STOCK,GVPIL,GE Power India Limited,INE878A01011,,EQ,GVPIL.NS,663.75,265531.7,PASS,PASS
NSE,STOCK,GVPTECH,GVP Infotech Limited,INE382T01030,,BE,GVPTECH.NS,8.25,191644.35,FAIL,PRICE_TOO_LOW
NSE,STOCK,GVT&D,GE Vernova T&D India Limited,INE200A01026,,EQ,GVT&D.NS,4362.0,926896.8,PASS,PASS
NSE,STOCK,GYFTR,Gyftr Limited,INE724A01017,,EQ,GYFTR.NS,180.22999572753903,105824.65,PASS,PASS
NSE,STOCK,HAL,Hindustan Aeronautics Limited,INE066F01020,,EQ,HAL.NS,4856.0,906691.45,PASS,PASS
NSE,STOCK,HALDER,Halder Venture Limited,INE115S01010,,EQ,HALDER.NS,284.8999938964844,28263.25,FAIL,VOLUME_TOO_LOW
NSE,STOCK,HALDYNGL,Haldyn Glass Limited,INE506D01020,,BE,HALDYNGL.NS,144.64999389648438,55566.07692307692,FAIL,VOLUME_TOO_LOW
NSE,STOCK,HALEOSLABS,HALEOS LABS LIMITED,INE320X01016,,EQ,HALEOSLABS.NS,1482.0999755859375,620.05,FAIL,VOLUME_TOO_LOW
NSE,STOCK,HAMPTON,Hampton Sky Realty Limited,INE299D01022,,EQ,HAMPTON.NS,8.100000381469727,22093.46153846154,FAIL,PRICE_TOO_LOW
NSE,STOCK,HAPPSTMNDS,Happiest Minds Technologies Limited,INE419U01012,,EQ,HAPPSTMNDS.NS,354.0,3234453.15,PASS,PASS
NSE,STOCK,HAPPYFORGE,Happy Forgings Limited,INE330T01021,,EQ,HAPPYFORGE.NS,2294.39990234375,131529.05,PASS,PASS
NSE,STOCK,HARDWYN,Hardwyn India Limited,INE626Z01029,,EQ,HARDWYN.NS,9.130000114440918,2516934.8,FAIL,PRICE_TOO_LOW
NSE,STOCK,HARIOMPIPE,Hariom Pipe Industries Limited,INE00EV01017,,EQ,HARIOMPIPE.NS,355.45001220703125,118895.15,PASS,PASS
NSE,STOCK,HARRMALAYA,Harrisons  Malayalam Limited,INE544A01019,,EQ,HARRMALAYA.NS,191.1999969482422,21331.2,FAIL,VOLUME_TOO_LOW
NSE,STOCK,HARSHA,Harsha Engineers International Limited,INE0JUS01029,,EQ,HARSHA.NS,451.0499877929688,236595.2,PASS,PASS
NSE,STOCK,HATHWAY,Hathway Cable & Datacom Limited,INE982F01036,,EQ,HATHWAY.NS,10.260000228881836,1495991.5,FAIL,PRICE_TOO_LOW
NSE,STOCK,HATSUN,Hatsun Agro Product Limited,INE473B01035,,EQ,HATSUN.NS,1168.800048828125,103002.25,PASS,PASS
NSE,STOCK,HAVELLS,Havells India Limited,INE176B01034,,EQ,HAVELLS.NS,1154.0,793735.9,PASS,PASS
NSE,STOCK,HAVISHA,Sri Havisha Hospitality and Infrastructure Limited,INE293B01029,,EQ,HAVISHA.NS,1.399999976158142,61590.0,FAIL,PRICE_TOO_LOW
NSE,STOCK,HAWKINCOOK,Hawkins Cookers Limited,INE979B01015,,EQ,HAWKINCOOK.NS,8297.0,1303.4,FAIL,VOLUME_TOO_LOW
NSE,STOCK,HAZOOR,Hazoor Multi Projects Limited,INE550F01049,,EQ,HAZOOR.NS,19.280000686645508,604404.7,FAIL,PRICE_TOO_LOW
NSE,STOCK,HBESD,HB Estate Developers Limited,INE640B01021,,EQ,HBESD.NS,75.0,867.6153846153846,FAIL,VOLUME_TOO_LOW
NSE,STOCK,HBLENGINE,HBL Engineering Limited,INE292B01021,,EQ,HBLENGINE.NS,695.75,1589842.9,PASS,PASS
NSE,STOCK,HBPOR,HB Portfolio Limited,INE638B01025,,EQ,HBPOR.NS,59.65999984741211,1220.0,FAIL,VOLUME_TOO_LOW
NSE,STOCK,HBSL,HB Stockholdings Limited,INE550B01022,,EQ,HBSL.NS,54.5,3306.1,FAIL,VOLUME_TOO_LOW
NSE,STOCK,HCC,Hindustan Construction Company Limited,INE549A01026,,EQ,HCC.NS,22.979999542236328,40367221.75,FAIL,PRICE_TOO_LOW
NSE,STOCK,HCG,Healthcare Global Enterprises Limited,INE075I01017,,EQ,HCG.NS,703.4500122070312,200294.05,PASS,PASS
NSE,STOCK,HCL-INSYS,HCL Infosystems Limited,INE236A01020,,EQ,HCL-INSYS.NS,10.140000343322754,231356.75,FAIL,PRICE_TOO_LOW
NSE,STOCK,HCLTECH,HCL Technologies Limited,INE860A01027,,EQ,HCLTECH.NS,1293.4000244140625,1867886.3,PASS,PASS
NSE,STOCK,HDBFS,HDB Financial Services Limited,INE756I01012,,EQ,HDBFS.NS,682.7000122070312,735566.15,PASS,PASS
NSE,STOCK,HDFCAMC,HDFC Asset Management Company Limited,INE127D01025,,EQ,HDFCAMC.NS,2458.300048828125,897272.05,PASS,PASS
NSE,STOCK,HDFCBANK,HDFC Bank Limited,INE040A01034,,EQ,HDFCBANK.NS,712.0999755859375,26744390.85,PASS,PASS
NSE,STOCK,HDFCLIFE,HDFC Life Insurance Company Limited,INE795G01014,,EQ,HDFCLIFE.NS,546.4000244140625,2634734.55,PASS,PASS
NSE,STOCK,HDIL,Housing Development and Infrastructure Limited,INE191I01012,,BZ,HDIL.NS,1.5099999904632568,188616.15,FAIL,PRICE_TOO_LOW
NSE,STOCK,HEADSUP,Heads UP Ventures Limited,INE759V01019,,EQ,HEADSUP.NS,6.690000057220459,11822.65,FAIL,PRICE_TOO_LOW
NSE,STOCK,HEALTHX,Health X Platform Limited,INE019J01013,,EQ,HEALTHX.NS,292.04998779296875,4434.8,FAIL,VOLUME_TOO_LOW
NSE,STOCK,HECPROJECT,HEC Infra Projects Limited,INE558R01013,,EQ,HECPROJECT.NS,121.33999633789062,16850.6,FAIL,VOLUME_TOO_LOW
NSE,STOCK,HEG,HEG Limited,INE545A01024,,EQ,HEG.NS,728.25,1772196.55,PASS,PASS
NSE,STOCK,HEIDELBERG,HeidelbergCement India Limited,INE578A01017,,EQ,HEIDELBERG.NS,158.19000244140625,113246.25,PASS,PASS
NSE,STOCK,HEMIPROP,Hemisphere Properties India Limited,INE0AJG01018,,EQ,HEMIPROP.NS,125.93000030517578,303383.15,PASS,PASS
NSE,STOCK,HERANBA,Heranba Industries Limited,INE694N01015,,EQ,HERANBA.NS,173.8300018310547,68466.7,FAIL,VOLUME_TOO_LOW
NSE,STOCK,HERITGFOOD,Heritage Foods Limited,INE978A01027,,EQ,HERITGFOOD.NS,382.3500061035156,542960.5,PASS,PASS
NSE,STOCK,HEROMOTOCO,Hero MotoCorp Limited,INE158A01026,,EQ,HEROMOTOCO.NS,5300.0,625051.7,PASS,PASS
NSE,STOCK,HESTERBIO,Hester Biosciences Limited,INE782E01017,,EQ,HESTERBIO.NS,2405.39990234375,8952.6,FAIL,VOLUME_TOO_LOW
NSE,STOCK,HEXAGON,Hexagon Nutrition Limited,INE0JUI01012,,BE,HEXAGON.NS,66.41999816894531,282861.95,PASS,PASS
NSE,STOCK,HEXATRADEX,Hexa Tradex Limited,INE750M01017,,EQ,HEXATRADEX.NS,158.0,1432.65,FAIL,VOLUME_TOO_LOW
NSE,STOCK,HEXT,Hexaware Technologies Limited,INE093A01041,,EQ,HEXT.NS,529.0999755859375,450351.6,PASS,PASS
NSE,STOCK,HFCL,HFCL Limited,INE548A01028,,BE,HFCL.NS,220.4199981689453,17528196.75,PASS,PASS
NSE,STOCK,HGINFRA,H.G. Infra Engineering Limited,INE926X01010,,EQ,HGINFRA.NS,479.8999938964844,314805.7,PASS,PASS
NSE,STOCK,HGM,HandsOn Global Management (HGM) Limited,INE596H01014,,EQ,HGM.NS,51.540000915527344,9241.8,FAIL,VOLUME_TOO_LOW
NSE,STOCK,HGS,Hinduja Global Solutions Limited,INE170I01016,,EQ,HGS.NS,393.0,20336.3,FAIL,VOLUME_TOO_LOW
NSE,STOCK,HIKAL,Hikal Limited,INE475B01022,,EQ,HIKAL.NS,222.3000030517578,1461854.05,PASS,PASS
NSE,STOCK,HILINFRA,Highway Infrastructure Limited,INE00RL01028,,EQ,HILINFRA.NS,44.68000030517578,75306.8,FAIL,PRICE_TOO_LOW
NSE,STOCK,HILTON,Hilton Metal Forging Limited,INE788H01017,,EQ,HILTON.NS,18.709999084472656,88076.55,FAIL,PRICE_TOO_LOW
NSE,STOCK,HIMATSEIDE,Himatsingka Seide Limited,INE049A01027,,EQ,HIMATSEIDE.NS,71.51000213623047,501891.45,PASS,PASS
NSE,STOCK,HINDADH,Hindustan Adhesives Limited,INE074C01013,,EQ,HINDADH.NS,370.8500061035156,25271.076923076922,FAIL,VOLUME_TOO_LOW
NSE,STOCK,HINDALCO,Hindalco Industries Limited,INE038A01020,,EQ,HINDALCO.NS,1010.0,4004628.2,PASS,PASS
NSE,STOCK,HINDALUMI,Hind Aluminium Industries Limited,INE227B01019,,EQ,HINDALUMI.NS,97.5,5236.7692307692305,FAIL,VOLUME_TOO_LOW
NSE,STOCK,HINDCOMPOS,Hindustan Composites Limited,INE310C01029,,EQ,HINDCOMPOS.NS,393.1000061035156,3665.65,FAIL,VOLUME_TOO_LOW
NSE,STOCK,HINDCON,Hindcon Chemicals Limited,INE642Y01029,,EQ,HINDCON.NS,24.280000686645508,36746.4,FAIL,PRICE_TOO_LOW
NSE,STOCK,HINDCOPPER,Hindustan Copper Limited,INE531E01026,,EQ,HINDCOPPER.NS,521.6500244140625,16878227.85,PASS,PASS
NSE,STOCK,HINDOILEXP,Hindustan Oil Exploration Company Limited,INE345A01011,,EQ,HINDOILEXP.NS,185.0,2472443.7,PASS,PASS
NSE,STOCK,HINDPETRO,Hindustan Petroleum Corporation Limited,INE094A01015,,EQ,HINDPETRO.NS,356.5,5294366.9,PASS,PASS
NSE,STOCK,HINDUNILVR,Hindustan Unilever Limited,INE030A01027,,EQ,HINDUNILVR.NS,1973.4000244140625,1203784.75,PASS,PASS
NSE,STOCK,HINDWAREAP,Hindware Home Innovation Limited,INE05AN01011,,EQ,HINDWAREAP.NS,182.6100006103516,216471.55,PASS,PASS
NSE,STOCK,HINDZINC,Hindustan Zinc Limited,INE267A01025,,EQ,HINDZINC.NS,587.9500122070312,6969352.65,PASS,PASS
NSE,STOCK,HIRECT,Hirect Limited,INE835D01023,,EQ,HIRECT.NS,1235.800048828125,85328.25,FAIL,VOLUME_TOO_LOW
NSE,STOCK,HISARMETAL,Hisar Metal Industries Limited,INE598C01011,,EQ,HISARMETAL.NS,162.80999755859375,2975.45,FAIL,VOLUME_TOO_LOW
NSE,STOCK,HITECH,Hi-Tech Pipes Limited,INE106T01025,,EQ,HITECH.NS,75.1500015258789,894392.2,PASS,PASS
NSE,STOCK,HITECHCORP,Hitech Corporation Limited,INE120D01012,,BE,HITECHCORP.NS,337.0,13487.65,FAIL,VOLUME_TOO_LOW
NSE,STOCK,HITECHGEAR,The Hi-Tech Gears Limited,INE127B01011,,BE,HITECHGEAR.NS,575.5499877929688,3210.55,FAIL,VOLUME_TOO_LOW
NSE,STOCK,HLEGLAS,HLE Glascoat Limited,INE461D01028,,EQ,HLEGLAS.NS,333.6499938964844,353617.45,PASS,PASS
NSE,STOCK,HLVLTD,HLV LIMITED,INE102A01024,,EQ,HLVLTD.NS,6.409999847412109,212367.4,FAIL,PRICE_TOO_LOW
NSE,STOCK,HMAAGRO,HMA Agro Industries Limited,INE0ECP01024,,EQ,HMAAGRO.NS,20.93000030517578,3479387.5,FAIL,PRICE_TOO_LOW
NSE,STOCK,HMT,HMT Limited,INE262A01018,,BZ,HMT.NS,69.06999969482422,20514.75,FAIL,VOLUME_TOO_LOW
NSE,STOCK,HMVL,Hindustan Media Ventures Limited,INE871K01015,,BE,HMVL.NS,86.48999786376953,15398.65,FAIL,VOLUME_TOO_LOW
NSE,STOCK,HNDFDS,Hindustan Foods Limited,INE254N01026,,EQ,HNDFDS.NS,626.9000244140625,110871.4,PASS,PASS
NSE,STOCK,HOMEFIRST,Home First Finance Company India Limited,INE481N01025,,EQ,HOMEFIRST.NS,1201.4000244140625,120807.05,PASS,PASS
NSE,STOCK,HONASA,Honasa Consumer Limited,INE0J5401028,,EQ,HONASA.NS,477.0499877929688,2155456.25,PASS,PASS
NSE,STOCK,HONAUT,Honeywell Automation India Limited,INE671A01010,,EQ,HONAUT.NS,35265.0,3056.65,FAIL,VOLUME_TOO_LOW
NSE,STOCK,HONDAPOWER,Honda India Power Products Limited,INE634A01018,,EQ,HONDAPOWER.NS,1986.4000244140625,3894.2,FAIL,VOLUME_TOO_LOW
NSE,STOCK,HORIZONIND,Horizon Industrial Parks Limited,INE685T01010,,EQ,HORIZONIND.NS,55.130001068115234,15917038.8,PASS,PASS
NSE,STOCK,HPAL,HP Adhesives Limited,INE0GSL01024,,EQ,HPAL.NS,35.400001525878906,144125.6,FAIL,PRICE_TOO_LOW
NSE,STOCK,HPIL,Hindprakash Industries Limited,INE05X901010,,EQ,HPIL.NS,122.01000213623048,3557.5,FAIL,VOLUME_TOO_LOW
NSE,STOCK,HPL,HPL Electric & Power Limited,INE495S01016,,EQ,HPL.NS,303.25,93384.45,FAIL,VOLUME_TOO_LOW
NSE,STOCK,HRYNSHP,Hariyana Ship Breakers Limited,INE400G01011,,EQ,HRYNSHP.NS,100.75,1392.076923076923,FAIL,VOLUME_TOO_LOW
NSE,STOCK,HSCL,Himadri Speciality Chemical Limited,INE019C01026,,EQ,HSCL.NS,671.0499877929688,8126699.15,PASS,PASS
NSE,STOCK,HTEL,Hy-Tech Engineers Limited,INE0LEG01024,,BE,HTEL.NS,73.6500015258789,4554923.5,PASS,PASS
NSE,STOCK,HTMEDIA,HT Media Limited,INE501G01024,,EQ,HTMEDIA.NS,26.1200008392334,120828.3,FAIL,PRICE_TOO_LOW
NSE,STOCK,HUBTOWN,Hubtown Limited,INE703H01016,,EQ,HUBTOWN.NS,192.1999969482422,647411.7,PASS,PASS
NSE,STOCK,HUDCO,Housing & Urban Development Corporation Limited,INE031A01017,,EQ,HUDCO.NS,180.5200042724609,1882546.35,PASS,PASS
NSE,STOCK,HUHTAMAKI,Huhtamaki India Limited,INE275B01026,,EQ,HUHTAMAKI.NS,255.0,153149.55,PASS,PASS
NSE,STOCK,HYBRIDFIN,Hybrid Financial Services Limited,INE965B01022,,BE,HYBRIDFIN.NS,16.600000381469727,7490.9,FAIL,PRICE_TOO_LOW
NSE,STOCK,HYUNDAI,Hyundai Motor India Limited,INE0V6F01027,,EQ,HYUNDAI.NS,2205.0,697466.5,PASS,PASS
NSE,STOCK,IBULLSLTD,Indiabulls Limited,INE126M01010,,EQ,IBULLSLTD.NS,25.84000015258789,10739176.7,FAIL,PRICE_TOO_LOW
NSE,STOCK,ICDSLTD,ICDS Limited,INE613B01010,,EQ,ICDSLTD.NS,64.95999908447266,13912.4,FAIL,VOLUME_TOO_LOW
NSE,STOCK,ICEMAKE,Ice Make Refrigeration Limited,INE520Y01019,,EQ,ICEMAKE.NS,739.25,32054.2,FAIL,VOLUME_TOO_LOW
NSE,STOCK,ICICIAMC,ICICI Prudential Asset Management Company Limited,INE346A01027,,EQ,ICICIAMC.NS,2970.89990234375,656648.55,PASS,PASS
NSE,STOCK,ICICIBANK,ICICI Bank Limited,INE090A01021,,EQ,ICICIBANK.NS,1423.199951171875,8773986.6,PASS,PASS
NSE,STOCK,ICICIGI,ICICI Lombard General Insurance Company Limited,INE765G01017,,EQ,ICICIGI.NS,1510.0,908921.8,PASS,PASS
NSE,STOCK,ICICIPRULI,ICICI Prudential Life Insurance Company Limited,INE726G01019,,EQ,ICICIPRULI.NS,494.5499877929688,1247955.05,PASS,PASS
NSE,STOCK,ICIL,Indo Count Industries Limited,INE483B01026,,EQ,ICIL.NS,437.3500061035156,2130799.9,PASS,PASS
NSE,STOCK,ICRA,ICRA Limited,INE725G01011,,EQ,ICRA.NS,4889.2998046875,39996.95,FAIL,VOLUME_TOO_LOW
NSE,STOCK,IDBI,IDBI Bank Limited,INE008A01015,,EQ,IDBI.NS,90.62999725341795,12240207.9,PASS,PASS
NSE,STOCK,IDEA,Vodafone Idea Limited,INE669E01016,,EQ,IDEA.NS,15.020000457763672,453710830.4,FAIL,PRICE_TOO_LOW
NSE,STOCK,IDEAFORGE,Ideaforge Technology Limited,INE349Y01013,,EQ,IDEAFORGE.NS,777.0499877929688,502902.6,PASS,PASS
NSE,STOCK,IDFCFIRSTB,IDFC First Bank Limited,INE092T01019,,EQ,IDFCFIRSTB.NS,86.70999908447266,13931522.65,PASS,PASS
NSE,STOCK,IEX,Indian Energy Exchange Limited,INE022Q01020,,EQ,IEX.NS,118.91000366210938,2729827.0,PASS,PASS
NSE,STOCK,IFBAGRO,IFB Agro Industries Limited,INE076C01018,,EQ,IFBAGRO.NS,889.0499877929688,5920.3,FAIL,VOLUME_TOO_LOW
NSE,STOCK,IFBIND,IFB Industries Limited,INE559A01017,,EQ,IFBIND.NS,1311.800048828125,42782.1,FAIL,VOLUME_TOO_LOW
NSE,STOCK,IFCI,IFCI Limited,INE039A01010,,EQ,IFCI.NS,101.37999725341795,83513020.05,PASS,PASS
NSE,STOCK,IFGLEXPOR,IFGL Refractories Limited,INE133Y01011,,EQ,IFGLEXPOR.NS,207.44000244140625,43194.3,FAIL,VOLUME_TOO_LOW
NSE,STOCK,IGARASHI,Igarashi Motors India Limited,INE188B01013,,EQ,IGARASHI.NS,416.25,100224.1,PASS,PASS
NSE,STOCK,IGCL,Indogulf Cropsciences Limited,INE05J901018,,EQ,IGCL.NS,73.2699966430664,105399.9,PASS,PASS
NSE,STOCK,IGIL,International Gemological Institute Limited,INE0Q9301021,,EQ,IGIL.NS,323.5,482128.15,PASS,PASS
NSE,STOCK,IGL,Indraprastha Gas Limited,INE203G01027,,EQ,IGL.NS,158.0399932861328,2637875.4,PASS,PASS
NSE,STOCK,IGPL,IG Petrochemicals Limited,INE204A01010,,EQ,IGPL.NS,548.8499755859375,118122.9,PASS,PASS
NSE,STOCK,IIFL,IIFL Finance Limited,INE530B01024,,EQ,IIFL.NS,643.4000244140625,2731141.4,PASS,PASS
NSE,STOCK,IIFLCAPS,IIFL Capital Services Limited,INE489L01022,,EQ,IIFLCAPS.NS,338.04998779296875,258724.2,PASS,PASS
NSE,STOCK,IITL,Industrial Investment Trust Limited,INE886A01014,,EQ,IITL.NS,151.9199981689453,111466.4,PASS,PASS
NSE,STOCK,IKIO,IKIO Technologies Limited,INE0LOJ01019,,EQ,IKIO.NS,208.30999755859372,559440.7,PASS,PASS
NSE,STOCK,IKS,Inventurus Knowledge Solutions Limited,INE115Q01022,,EQ,IKS.NS,1732.4000244140625,152966.0,PASS,PASS
NSE,STOCK,IL&FSENGG,IL&FS Engineering and Construction Company Limited,INE369I01014,,BZ,IL&FSENGG.NS,35.0,52767.6,FAIL,PRICE_TOO_LOW
NSE,STOCK,IL&FSTRANS,IL&FS Transportation Networks Limited,INE975G01012,,BZ,IL&FSTRANS.NS,2.109999895095825,50594.55,FAIL,PRICE_TOO_LOW
NSE,STOCK,IMAGICAA,Imagicaaworld Entertainment Limited,INE172N01012,,EQ,IMAGICAA.NS,55.380001068115234,3260473.2,PASS,PASS
NSE,STOCK,IMFA,Indian Metals & Ferro Alloys Limited,INE919H01018,,EQ,IMFA.NS,1281.699951171875,119792.65,PASS,PASS
NSE,STOCK,IMPAL,India Motor Parts and Accessories Limited,INE547E01014,,EQ,IMPAL.NS,1087.800048828125,1929.2,FAIL,VOLUME_TOO_LOW
NSE,STOCK,IMPEXFERRO,Impex Ferro Tech Limited,INE691G01015,,BZ,IMPEXFERRO.NS,4.630000114440918,39993.9,FAIL,PRICE_TOO_LOW
NSE,STOCK,INA,Insolation Energy Limited,INE0LGX01024,,EQ,INA.NS,89.02999877929688,653235.4,PASS,PASS
NSE,STOCK,INCREDIBLE,INCREDIBLE INDUSTRIES LIMITED,INE452L01012,,EQ,INCREDIBLE.NS,32.130001068115234,4297.35,FAIL,PRICE_TOO_LOW
NSE,STOCK,INDBANK,Indbank Merchant Banking Services Limited,INE841B01017,,EQ,INDBANK.NS,28.57999992370605,64243.95,FAIL,PRICE_TOO_LOW
NSE,STOCK,INDGN,Indegene Limited,INE065X01017,,EQ,INDGN.NS,600.1500244140625,791858.95,PASS,PASS
NSE,STOCK,INDHOTEL,The Indian Hotels Company Limited,INE053A01029,,EQ,INDHOTEL.NS,732.0,1530541.55,PASS,PASS
NSE,STOCK,INDIACEM,The India Cements Limited,INE383A01012,,EQ,INDIACEM.NS,358.79998779296875,135351.85,PASS,PASS
NSE,STOCK,INDIAGLYCO,India Glycols Limited,INE560A01023,,BE,INDIAGLYCO.NS,248.0,372491.1,PASS,PASS
NSE,STOCK,INDIAMART,Indiamart Intermesh Limited,INE933S01016,,EQ,INDIAMART.NS,1726.4000244140625,89169.9,FAIL,VOLUME_TOO_LOW
NSE,STOCK,INDIANB,Indian Bank,INE562A01011,,EQ,INDIANB.NS,879.7000122070312,1064959.65,PASS,PASS
NSE,STOCK,INDIANCARD,Indian Card Clothing Company Limited,INE061A01014,,EQ,INDIANCARD.NS,214.82000732421875,1886.4,FAIL,VOLUME_TOO_LOW
NSE,STOCK,INDIANHUME,Indian Hume Pipe Company Limited,INE323C01030,,EQ,INDIANHUME.NS,390.7000122070313,47324.2,FAIL,VOLUME_TOO_LOW
NSE,STOCK,INDIASHLTR,India Shelter Finance Corporation Limited,INE922K01024,,EQ,INDIASHLTR.NS,673.0999755859375,142812.7,PASS,PASS
NSE,STOCK,INDIGO,InterGlobe Aviation Limited,INE646L01027,,EQ,INDIGO.NS,4977.0,517583.75,PASS,PASS
NSE,STOCK,INDIGOPNTS,Indigo Paints Limited,INE09VQ01012,,EQ,INDIGOPNTS.NS,1185.800048828125,201481.7,PASS,PASS
NSE,STOCK,INDIQUBE,Indiqube Spaces Limited,INE06ST01018,,EQ,INDIQUBE.NS,193.08999633789065,97822.05,FAIL,VOLUME_TOO_LOW
NSE,STOCK,INDNIPPON,India Nippon Electricals Limited,INE092B01025,,EQ,INDNIPPON.NS,1109.4000244140625,25183.5,FAIL,VOLUME_TOO_LOW
NSE,STOCK,INDOAMIN,Indo Amines Limited,INE760F01028,,BE,INDOAMIN.NS,124.27999877929688,55621.7,FAIL,VOLUME_TOO_LOW
NSE,STOCK,INDOBORAX,Indo Borax & Chemicals Limited,INE803D01021,,EQ,INDOBORAX.NS,512.7999877929688,703285.3,PASS,PASS
NSE,STOCK,INDOCO,Indoco Remedies Limited,INE873D01024,,EQ,INDOCO.NS,272.5599975585937,1125514.9,PASS,PASS
NSE,STOCK,INDOFARM,Indo Farm Equipment Limited,INE622H01018,,EQ,INDOFARM.NS,134.5399932861328,124772.15,PASS,PASS
NSE,STOCK,INDOKEM,Indokem Limited,INE716F01012,,EQ,INDOKEM.NS,628.7000122070312,4215.692307692308,FAIL,VOLUME_TOO_LOW
NSE,STOCK,INDOMIM,INDO-MIM Limited,INE084101034,,EQ,INDOMIM.NS,971.5,2737734.35,PASS,PASS
NSE,STOCK,INDORAMA,Indo Rama Synthetics (India) Limited,INE156A01020,,EQ,INDORAMA.NS,68.87000274658203,572589.55,PASS,PASS
NSE,STOCK,INDOSTAR,IndoStar Capital Finance Limited,INE896L01010,,EQ,INDOSTAR.NS,255.8800048828125,182566.85,PASS,PASS
NSE,STOCK,INDOTECH,Indo Tech Transformers Limited,INE332H01014,,EQ,INDOTECH.NS,3610.699951171875,26171.65,FAIL,VOLUME_TOO_LOW
NSE,STOCK,INDOTHAI,Indo Thai Securities Limited,INE337M01021,,EQ,INDOTHAI.NS,35.75,2011988.35,FAIL,PRICE_TOO_LOW
NSE,STOCK,INDOUS,Indo Us Biotech Limited,INE250Z01010,,EQ,INDOUS.NS,78.81999969482422,15486.15,FAIL,VOLUME_TOO_LOW
NSE,STOCK,INDOWIND,Indowind Energy Limited,INE227G01018,,EQ,INDOWIND.NS,9.050000190734863,146378.45,FAIL,PRICE_TOO_LOW
NSE,STOCK,INDPRUD,Industrial & Prudential Investment Company Limited,INE620D01011,,EQ,INDPRUD.NS,6325.0,55.07692307692308,FAIL,VOLUME_TOO_LOW
NSE,STOCK,INDRAMEDCO,Indraprastha Medical Corporation Limited,INE681B01017,,EQ,INDRAMEDCO.NS,349.70001220703125,207767.3,PASS,PASS
NSE,STOCK,INDSWFTLAB,Ind-Swift Laboratories Limited,INE915B01019,,EQ,INDSWFTLAB.NS,355.95001220703125,2227898.55,PASS,PASS
NSE,STOCK,INDTERRAIN,Indian Terrain Fashions Limited,INE611L01021,,EQ,INDTERRAIN.NS,30.21999931335449,15113.3,FAIL,PRICE_TOO_LOW
NSE,STOCK,INDUSINDBK,IndusInd Bank Limited,INE095A01012,,EQ,INDUSINDBK.NS,1008.5,1195560.75,PASS,PASS
NSE,STOCK,INDUSTOWER,Indus Towers Limited,INE121J01017,,EQ,INDUSTOWER.NS,374.9500122070313,5210079.2,PASS,PASS
NSE,STOCK,INFOBEAN,InfoBeans Technologies Limited,INE344S01016,,EQ,INFOBEAN.NS,157.67999267578125,718144.6,PASS,PASS
NSE,STOCK,INFOMEDIA,Infomedia Press Limited,INE669A01022,,EQ,INFOMEDIA.NS,5.179999828338623,12713.85,FAIL,PRICE_TOO_LOW
NSE,STOCK,INFY,Infosys Limited,INE009A01021,,EQ,INFY.NS,1130.0,7950013.6,PASS,PASS
NSE,STOCK,INGERRAND,Ingersoll Rand (India) Limited,INE177A01018,,EQ,INGERRAND.NS,4846.39990234375,45945.9,FAIL,VOLUME_TOO_LOW
NSE,STOCK,INNOVACAP,Innova Captab Limited,INE0DUT01020,,EQ,INNOVACAP.NS,1125.4000244140625,113829.35,PASS,PASS
NSE,STOCK,INNOVANA,Innovana Thinklabs Limited,INE403Y01018,,EQ,INNOVANA.NS,308.5,7528.7,FAIL,VOLUME_TOO_LOW
NSE,STOCK,INNOVISION,Innovision Limited,INE0ADB01012,,EQ,INNOVISION.NS,255.6499938964844,35719.75,FAIL,VOLUME_TOO_LOW
NSE,STOCK,INOXGREEN,Inox Green Energy Services Limited,INE510W01014,,EQ,INOXGREEN.NS,175.10000610351562,1052175.7,PASS,PASS
NSE,STOCK,INOXINDIA,INOX India Limited,INE616N01034,,EQ,INOXINDIA.NS,2247.800048828125,448232.4,PASS,PASS
NSE,STOCK,INOXWIND,Inox Wind Limited,INE066P01011,,EQ,INOXWIND.NS,74.4000015258789,15250400.9,PASS,PASS
NSE,STOCK,INSECTICID,Insecticides (India) Limited,INE070I01018,,EQ,INSECTICID.NS,614.1500244140625,42336.3,FAIL,VOLUME_TOO_LOW
NSE,STOCK,INSPIRISYS,Inspirisys Solutions Limited,INE020G01017,,EQ,INSPIRISYS.NS,93.02999877929688,6744.75,FAIL,VOLUME_TOO_LOW
NSE,STOCK,INTELLECT,Intellect Design Arena Limited,INE306R01017,,EQ,INTELLECT.NS,686.6500244140625,299214.4,PASS,PASS
NSE,STOCK,INTENTECH,Intense Technologies Limited,INE781A01025,,EQ,INTENTECH.NS,79.54000091552734,24590.55,FAIL,VOLUME_TOO_LOW
NSE,STOCK,INTERARCH,Interarch Building Solutions Limited,INE00M901018,,EQ,INTERARCH.NS,1707.0,58877.5,FAIL,VOLUME_TOO_LOW
NSE,STOCK,INTLCONV,International Conveyors Limited,INE575C01027,,EQ,INTLCONV.NS,79.44000244140625,73693.4,FAIL,VOLUME_TOO_LOW
NSE,STOCK,INVENTURE,Inventure Growth & Securities Limited,INE878H01024,,EQ,INVENTURE.NS,0.9200000166893004,1289484.7,FAIL,PRICE_TOO_LOW
NSE,STOCK,INVPRECQ,Investment & Precision Castings Limited,INE155E01016,,BE,INVPRECQ.NS,1280.0,5532.7692307692305,FAIL,VOLUME_TOO_LOW
NSE,STOCK,IOB,Indian Overseas Bank,INE565A01014,,EQ,IOB.NS,33.22999954223633,2303881.25,FAIL,PRICE_TOO_LOW
NSE,STOCK,IOC,Indian Oil Corporation Limited,INE242A01010,,EQ,IOC.NS,137.60000610351562,7839309.95,PASS,PASS
NSE,STOCK,IOLCP,IOL Chemicals and Pharmaceuticals Limited,INE485C01029,,EQ,IOLCP.NS,199.9499969482422,5074319.55,PASS,PASS
NSE,STOCK,IONEXCHANG,ION Exchange (India) Limited,INE570A01022,,EQ,IONEXCHANG.NS,409.2000122070313,291313.2,PASS,PASS
NSE,STOCK,IPCALAB,IPCA Laboratories Limited,INE571A01038,,EQ,IPCALAB.NS,1956.0999755859373,723843.95,PASS,PASS
NSE,STOCK,IPL,India Pesticides Limited,INE0D6701023,,EQ,IPL.NS,137.5,90026.0,FAIL,VOLUME_TOO_LOW
NSE,STOCK,IPRINGLTD,IP Rings Limited,INE558A01019,,EQ,IPRINGLTD.NS,162.07000732421875,8807.055555555555,FAIL,VOLUME_TOO_LOW
NSE,STOCK,IRB,IRB Infrastructure Developers Limited,INE821I01022,,EQ,IRB.NS,19.649999618530277,12283261.1,FAIL,PRICE_TOO_LOW
NSE,STOCK,IRCON,Ircon International Limited,INE962Y01021,,EQ,IRCON.NS,118.69000244140624,1259820.0,PASS,PASS
NSE,STOCK,IRCTC,Indian Railway Catering And Tourism Corporation Limited,INE335Y01020,,EQ,IRCTC.NS,476.0499877929688,782634.65,PASS,PASS
NSE,STOCK,IREDA,Indian Renewable Energy Development Agency Limited,INE202E01016,,EQ,IREDA.NS,113.63999938964844,4127891.1,PASS,PASS
NSE,STOCK,IRFC,Indian Railway Finance Corporation Limited,INE053F01010,,EQ,IRFC.NS,83.4000015258789,6913939.0,PASS,PASS
NSE,STOCK,IRIS,IRIS RegTech Solutions Limited,INE864K01010,,EQ,IRIS.NS,265.9200134277344,35046.55,FAIL,VOLUME_TOO_LOW
NSE,STOCK,IRISDOREME,Iris Clothings Limited,INE01GN01025,,EQ,IRISDOREME.NS,59.97999954223633,1575625.25,PASS,PASS
NSE,STOCK,IRMENERGY,IRM Energy Limited,INE07U701015,,EQ,IRMENERGY.NS,281.3999938964844,100090.4,PASS,PASS
NSE,STOCK,ISFT,Intrasoft Technologies Limited,INE566K01011,,EQ,ISFT.NS,84.79000091552734,104693.25,PASS,PASS
NSE,STOCK,ISGEC,Isgec Heavy Engineering Limited,INE858B01029,,EQ,ISGEC.NS,771.0999755859375,92910.6,FAIL,VOLUME_TOO_LOW
NSE,STOCK,ISHANCH,Ishan Dyes and Chemicals Limited,INE561M01018,,EQ,ISHANCH.NS,44.290000915527344,103007.35,FAIL,PRICE_TOO_LOW
NSE,STOCK,ISTLTD,I S T Limited,INE684B01029,,EQ,ISTLTD.NS,659.5499877929688,771.4615384615385,FAIL,VOLUME_TOO_LOW
NSE,STOCK,ITC,ITC Limited,INE154A01025,,EQ,ITC.NS,264.1000061035156,14097168.8,PASS,PASS
NSE,STOCK,ITCHOTELS,ITC Hotels Limited,INE379A01028,,EQ,ITCHOTELS.NS,161.22999572753906,1323016.15,PASS,PASS
NSE,STOCK,ITDC,India Tourism Development Corporation Limited,INE353K01014,,EQ,ITDC.NS,643.3499755859375,271182.95,PASS,PASS
NSE,STOCK,ITI,ITI Limited,INE248A01017,,EQ,ITI.NS,268.45001220703125,306875.95,PASS,PASS
NSE,STOCK,ITL,ITL Industries Limited,INE478D01014,,EQ,ITL.NS,362.3999938964844,3440.6923076923076,FAIL,VOLUME_TOO_LOW
NSE,STOCK,IVALUE,Ivalue Infosolutions Limited,INE056801025,,EQ,IVALUE.NS,236.17999267578125,258858.5,PASS,PASS
NSE,STOCK,IVC,IL&FS Investment Managers Limited,INE050B01023,,EQ,IVC.NS,10.09000015258789,491448.0,FAIL,PRICE_TOO_LOW
NSE,STOCK,IVP,IVP Limited,INE043C01018,,BE,IVP.NS,206.25,21124.35,FAIL,VOLUME_TOO_LOW
NSE,STOCK,IWP,The Indian Wood Products Company Limited,INE586E01020,,EQ,IWP.NS,34.08000183105469,12847.0,FAIL,PRICE_TOO_LOW
NSE,STOCK,IXIGO,Le Travenues Technology Limited,INE0HV901016,,EQ,IXIGO.NS,162.14999389648438,1298564.2,PASS,PASS
NSE,STOCK,IZMO,IZMO Limited,INE848A01014,,EQ,IZMO.NS,902.4500122070312,143334.6,PASS,PASS
NSE,STOCK,J&KBANK,The Jammu & Kashmir Bank Limited,INE168A01041,,EQ,J&KBANK.NS,149.86000061035156,2134940.6,PASS,PASS
NSE,STOCK,JAGRAN,Jagran Prakashan Limited,INE199G01027,,EQ,JAGRAN.NS,61.22999954223633,183880.45,PASS,PASS
NSE,STOCK,JAGSNPHARM,Jagsonpal Pharmaceuticals Limited,INE048B01035,,EQ,JAGSNPHARM.NS,243.0200042724609,106722.05,PASS,PASS
NSE,STOCK,JAIBALAJI,Jai Balaji Industries Limited,INE091G01026,,EQ,JAIBALAJI.NS,69.7300033569336,1014032.8,PASS,PASS
NSE,STOCK,JAICORPLTD,Jai Corp Limited,INE070D01027,,EQ,JAICORPLTD.NS,99.5199966430664,385389.85,PASS,PASS
NSE,STOCK,JAINREC,Jain Resource Recycling Limited,INE0YD401026,,EQ,JAINREC.NS,277.95001220703125,1204590.25,PASS,PASS
NSE,STOCK,JAIPURKURT,Nandani Creation Limited,INE696V01013,,EQ,JAIPURKURT.NS,25.81999969482422,24653.8,FAIL,PRICE_TOO_LOW
NSE,STOCK,JAMNAAUTO,Jamna Auto Industries Limited,INE039C01032,,EQ,JAMNAAUTO.NS,122.04000091552734,2198193.95,PASS,PASS
NSE,STOCK,JARO,Jaro Institute of Technology Management and Research Limited,INE00YJ01010,,EQ,JARO.NS,445.6499938964844,123860.75,PASS,PASS
NSE,STOCK,JASH,Jash Engineering Limited,INE039O01029,,EQ,JASH.NS,464.1499938964844,102341.45,PASS,PASS
NSE,STOCK,JAYAGROGN,Jayant Agro Organics Limited,INE785A01026,,EQ,JAYAGROGN.NS,230.8300018310547,11915.0,FAIL,VOLUME_TOO_LOW
NSE,STOCK,JAYBARMARU,Jay Bharat Maruti Limited,INE571B01036,,EQ,JAYBARMARU.NS,121.80999755859376,403261.65,PASS,PASS
NSE,STOCK,JAYKAY,Jaykay Enterprises Limited,INE903A01025,,EQ,JAYKAY.NS,166.4600067138672,539124.1,PASS,PASS
NSE,STOCK,JAYKAY-RE1,Jaykay Enterprises Limited-RE,INE903A20025,,BE,JAYKAY-RE1.NS,,,FAIL,ERROR: No market data returned for JAYKAY-RE1.NS.
NSE,STOCK,JAYNECOIND,Jayaswal Neco Industries Limited,INE854B01010,,EQ,JAYNECOIND.NS,89.04000091552734,6846549.35,PASS,PASS
NSE,STOCK,JAYSREETEA,Jayshree Tea & Industries Limited,INE364A01020,,EQ,JAYSREETEA.NS,99.30999755859376,176345.5,PASS,PASS
NSE,STOCK,JBMA,JBM Auto Limited,INE927D01051,,EQ,JBMA.NS,629.0999755859375,904003.75,PASS,PASS
NSE,STOCK,JENBURPH,Jenburkt Pharmaceuticals Limited,INE354A01013,,EQ,JENBURPH.NS,1031.5,1222.1538461538462,FAIL,VOLUME_TOO_LOW
NSE,STOCK,JETFREIGHT,Jet Freight Logistics Limited,INE982V01025,,EQ,JETFREIGHT.NS,20.90999984741211,167169.9,FAIL,PRICE_TOO_LOW
NSE,STOCK,JGCHEM,J.G.Chemicals Limited,INE0MB501011,,EQ,JGCHEM.NS,598.1500244140625,1236456.05,PASS,PASS
NSE,STOCK,JHS,JHS Svendgaard Laboratories Limited,INE544H01014,,EQ,JHS.NS,7.860000133514404,124786.9,FAIL,PRICE_TOO_LOW
NSE,STOCK,JINDALPHOT,Jindal Photo Limited,INE796G01012,,EQ,JINDALPHOT.NS,1026.199951171875,2279.95,FAIL,VOLUME_TOO_LOW
NSE,STOCK,JINDALPOLY,Jindal Poly Films Limited,INE197D01010,,EQ,JINDALPOLY.NS,672.3499755859375,35581.0,FAIL,VOLUME_TOO_LOW
NSE,STOCK,JINDALSAW,Jindal Saw Limited,INE324A01032,,EQ,JINDALSAW.NS,305.29998779296875,3073340.2,PASS,PASS
NSE,STOCK,JINDALSTEL,JINDAL STEEL LIMITED,INE749A01030,,EQ,JINDALSTEL.NS,1165.0,786656.7,PASS,PASS
NSE,STOCK,JINDRILL,Jindal Drilling And Industries Limited,INE742C01031,,EQ,JINDRILL.NS,663.0499877929688,1330167.3,PASS,PASS
NSE,STOCK,JINDWORLD,Jindal Worldwide Limited,INE247D01039,,EQ,JINDWORLD.NS,57.5099983215332,24787569.2,PASS,PASS
NSE,STOCK,JIOFIN,Jio Financial Services Limited,INE758E01017,,EQ,JIOFIN.NS,239.5,12337849.95,PASS,PASS
NSE,STOCK,JISLDVREQS,Jain Irrigation Systems Limited,IN9175A01010,,EQ,JISLDVREQS.NS,21.93000030517578,81344.95,FAIL,PRICE_TOO_LOW
NSE,STOCK,JISLJALEQS,Jain Irrigation Systems Limited,INE175A01038,,EQ,JISLJALEQS.NS,28.15999984741211,3103330.8,FAIL,PRICE_TOO_LOW
NSE,STOCK,JITFINFRA,JITF Infralogistics Limited,INE863T01013,,EQ,JITFINFRA.NS,310.6499938964844,23602.45,FAIL,VOLUME_TOO_LOW
NSE,STOCK,JKCEMENT,JK Cement Limited,INE823G01014,,EQ,JKCEMENT.NS,5083.5,27527.2,FAIL,VOLUME_TOO_LOW
NSE,STOCK,JKIL,J.Kumar Infraprojects Limited,INE576I01022,,EQ,JKIL.NS,487.7000122070313,84359.95,FAIL,VOLUME_TOO_LOW
NSE,STOCK,JKIPL,Jinkushal Industries Limited,INE1FF001016,,EQ,JKIPL.NS,105.66000366210938,60002.55,FAIL,VOLUME_TOO_LOW
NSE,STOCK,JKLAKSHMI,JK Lakshmi Cement Limited,INE786A01032,,EQ,JKLAKSHMI.NS,515.7000122070312,155558.95,PASS,PASS
NSE,STOCK,JKPAPER,JK Paper Limited,INE789E01012,,EQ,JKPAPER.NS,410.1499938964844,409201.6,PASS,PASS
NSE,STOCK,JKTYRE,JK Tyre & Industries Limited,INE573A01042,,EQ,JKTYRE.NS,369.4500122070313,643674.3,PASS,PASS
NSE,STOCK,JLHL,Jupiter Life Line Hospitals Limited,INE682M01020,,EQ,JLHL.NS,290.29998779296875,187815.95,PASS,PASS
NSE,STOCK,JMA,Jullundur Motor Agency (Delhi) Limited,INE412C01023,,EQ,JMA.NS,92.23999786376952,24528.65,FAIL,VOLUME_TOO_LOW
NSE,STOCK,JMFINANCIL,JM Financial Limited,INE780C01023,,EQ,JMFINANCIL.NS,132.05999755859375,2726095.7,PASS,PASS
NSE,STOCK,JNKINDIA,JNK India Limited,INE0OAF01028,,EQ,JNKINDIA.NS,431.4500122070313,271559.55,PASS,PASS
NSE,STOCK,JNPR,Juniper Green Energy Limited,INE05C901015,,EQ,JNPR.NS,259.20001220703125,2844547.45,PASS,PASS
NSE,STOCK,JOCIL,Jocil Limited,INE839G01010,,BE,JOCIL.NS,152.88999938964844,2654.45,FAIL,VOLUME_TOO_LOW
NSE,STOCK,JPOLYINVST,Jindal Poly Investment and Finance Company Limited,INE147P01019,,EQ,JPOLYINVST.NS,1006.5,25647.6,FAIL,VOLUME_TOO_LOW
NSE,STOCK,JPPOWER,Jaiprakash Power Ventures Limited,INE351F01018,,EQ,JPPOWER.NS,16.139999389648438,29619922.9,FAIL,PRICE_TOO_LOW
NSE,STOCK,JSFB,Jana Small Finance Bank Limited,INE953L01027,,EQ,JSFB.NS,535.0999755859375,1032467.7,PASS,PASS
NSE,STOCK,JSL,Jindal Stainless Limited,INE220G01021,,EQ,JSL.NS,738.4000244140625,421242.9,PASS,PASS
NSE,STOCK,JSLL,Jeena Sikho Lifecare Limited,INE0J5801029,,EQ,JSLL.NS,501.4500122070313,665114.4,PASS,PASS
NSE,STOCK,JSWCEMENT,JSW Cement Limited,INE718I01012,,EQ,JSWCEMENT.NS,124.06999969482422,1132076.75,PASS,PASS
NSE,STOCK,JSWDULUX,JSW Dulux Limited,INE133A01011,,EQ,JSWDULUX.NS,3167.60009765625,18468.55,FAIL,VOLUME_TOO_LOW
NSE,STOCK,JSWENERGY,JSW Energy Limited,INE121E01018,,EQ,JSWENERGY.NS,539.8499755859375,2001300.65,PASS,PASS
NSE,STOCK,JSWHL,JSW Holdings Limited,INE824G01012,,EQ,JSWHL.NS,11590.0,4884.7,FAIL,VOLUME_TOO_LOW
NSE,STOCK,JSWINFRA,JSW Infrastructure Limited,INE880J01026,,EQ,JSWINFRA.NS,333.0,2414924.45,PASS,PASS
NSE,STOCK,JSWSTEEL,JSW Steel Limited,INE019A01038,,EQ,JSWSTEEL.NS,1325.0,1651124.05,PASS,PASS
NSE,STOCK,JTEKTINDIA,Jtekt India Limited,INE643A01035,,EQ,JTEKTINDIA.NS,121.2699966430664,225221.1,PASS,PASS
NSE,STOCK,JTLIND,JTL INDUSTRIES LIMITED,INE391J01032,,EQ,JTLIND.NS,91.66999816894533,3806319.3,PASS,PASS
NSE,STOCK,JUBLCPL,Jubilant Agri and Consumer Products Limited,INE03CC01015,,EQ,JUBLCPL.NS,2304.800048828125,37159.2,FAIL,VOLUME_TOO_LOW
NSE,STOCK,JUBLFOOD,Jubilant Foodworks Limited,INE797F01020,,EQ,JUBLFOOD.NS,482.8999938964844,2707406.35,PASS,PASS
NSE,STOCK,JUBLINGREA,Jubilant Ingrevia Limited,INE0BY001018,,EQ,JUBLINGREA.NS,680.2999877929688,293041.5,PASS,PASS
NSE,STOCK,JUBLPHARMA,Jubilant Pharmova Limited,INE700A01033,,EQ,JUBLPHARMA.NS,924.5,394264.15,PASS,PASS
NSE,STOCK,JUNIPER,Juniper Hotels Limited,INE696F01016,,EQ,JUNIPER.NS,217.69000244140625,357548.75,PASS,PASS
NSE,STOCK,JUSTDIAL,Just Dial Limited,INE599M01018,,EQ,JUSTDIAL.NS,697.3499755859375,278554.4,PASS,PASS
NSE,STOCK,JWL,Jupiter Wagons Limited,INE209L01016,,EQ,JWL.NS,243.2400054931641,715846.7,PASS,PASS
NSE,STOCK,JYOTHYLAB,Jyothy Labs Limited,INE668F01031,,EQ,JYOTHYLAB.NS,200.5,1592405.05,PASS,PASS
NSE,STOCK,JYOTICNC,Jyoti CNC Automation Limited,INE980O01024,,EQ,JYOTICNC.NS,1003.9000244140624,1424828.65,PASS,PASS
NSE,STOCK,JYOTIRES,Jyoti Resins & Adhesives Limited,INE577D01013,,EQ,JYOTIRES.NS,866.3499755859375,11766.615384615385,FAIL,VOLUME_TOO_LOW
NSE,STOCK,JYOTISTRUC,Jyoti Structures Limited,INE197A01024,,EQ,JYOTISTRUC.NS,9.800000190734863,4060345.9,FAIL,PRICE_TOO_LOW
NSE,STOCK,KABRAEXTRU,Kabra Extrusion Technik Limited,INE900B01029,,EQ,KABRAEXTRU.NS,579.1500244140625,390141.85,PASS,PASS
NSE,STOCK,KAJARIACER,Kajaria Ceramics Limited,INE217B01036,,EQ,KAJARIACER.NS,1260.5999755859375,246123.95,PASS,PASS
NSE,STOCK,KAKATCEM,Kakatiya Cement Sugar & Industries Limited,INE437B01014,,EQ,KAKATCEM.NS,110.66999816894533,3989.95,FAIL,VOLUME_TOO_LOW
NSE,STOCK,KALAMANDIR,Sai Silks (Kalamandir) Limited,INE438K01021,,EQ,KALAMANDIR.NS,86.48999786376953,344940.6,PASS,PASS
NSE,STOCK,KALPATARU,Kalpataru Limited,INE227J01012,,EQ,KALPATARU.NS,276.54998779296875,52096.8,FAIL,VOLUME_TOO_LOW
NSE,STOCK,KALYANI,Kalyani Commercials Limited,INE610E01010,,BE,KALYANI.NS,144.99000549316406,12.5,FAIL,VOLUME_TOO_LOW
NSE,STOCK,KALYANIFRG,Kalyani Forge Limited,INE314G01014,,BE,KALYANIFRG.NS,1125.25,24960.3,FAIL,VOLUME_TOO_LOW
NSE,STOCK,KALYANKJIL,Kalyan Jewellers India Limited,INE303R01014,,EQ,KALYANKJIL.NS,598.7999877929688,9641737.15,PASS,PASS
NSE,STOCK,KAMAHOLD,Kama Holdings Limited,INE411F01010,,EQ,KAMAHOLD.NS,2341.10009765625,4738.538461538462,FAIL,VOLUME_TOO_LOW
NSE,STOCK,KAMANWALA,Kamanwala Housing Construction Limited,INE344D01018,,EQ,KAMANWALA.NS,15.899999618530272,46960.61538461538,FAIL,PRICE_TOO_LOW
NSE,STOCK,KAMATHOTEL,Kamat Hotels (I) Limited,INE967C01018,,EQ,KAMATHOTEL.NS,217.66000366210935,128529.5,PASS,PASS
NSE,STOCK,KAMDHENU,Kamdhenu Limited,INE390H01020,,BE,KAMDHENU.NS,38.77000045776367,749355.15,FAIL,PRICE_TOO_LOW
NSE,STOCK,KAMOPAINTS,Kamdhenu Ventures Limited,INE0BTI01037,,EQ,KAMOPAINTS.NS,4.53000020980835,267157.95,FAIL,PRICE_TOO_LOW
NSE,STOCK,KANANIIND,Kanani Industries Limited,INE879E01037,,EQ,KANANIIND.NS,1.5099999904632568,153473.35,FAIL,PRICE_TOO_LOW
NSE,STOCK,KANCHI,Kanchi Karpooram Limited,INE081G01019,,EQ,KANCHI.NS,398.5499877929688,4222.615384615385,FAIL,VOLUME_TOO_LOW
NSE,STOCK,KANCOTEA,Kanco Tea & Industries Limited,INE398L01017,,EQ,KANCOTEA.NS,56.790000915527344,704.3076923076923,FAIL,VOLUME_TOO_LOW
NSE,STOCK,KANORICHEM,Kanoria Chemicals & Industries Limited,INE138C01024,,BE,KANORICHEM.NS,155.67999267578125,38335.1,FAIL,VOLUME_TOO_LOW
NSE,STOCK,KANPRPLA,Kanpur Plastipack Limited,INE694E01014,,EQ,KANPRPLA.NS,256.3999938964844,101114.75,PASS,PASS
NSE,STOCK,KANSAINER,Kansai Nerolac Paints Limited,INE531A01024,,EQ,KANSAINER.NS,195.1100006103516,209581.8,PASS,PASS
NSE,STOCK,KAPSTON,Kapston Services Limited,INE542Z01028,,EQ,KAPSTON.NS,581.3499755859375,96867.1,FAIL,VOLUME_TOO_LOW
NSE,STOCK,KARMAENG,Karma Energy Limited,INE725L01011,,EQ,KARMAENG.NS,37.70000076293945,5945.3,FAIL,PRICE_TOO_LOW
NSE,STOCK,KARURVYSYA,Karur Vysya Bank Limited,INE036D01028,,EQ,KARURVYSYA.NS,348.8500061035156,1622643.1,PASS,PASS
NSE,STOCK,KAUSHALYA,Kaushalya Infrastructure Development Corporation Limited,INE234I01028,,BE,KAUSHALYA.NS,864.0,221.85,FAIL,VOLUME_TOO_LOW
NSE,STOCK,KAVDEFENCE,Kavveri Defence & Wireless Technologies Limited,INE641C01019,,EQ,KAVDEFENCE.NS,67.13999938964844,192015.0,PASS,PASS
NSE,STOCK,KAYA,Kaya Limited,INE587G01015,,BE,KAYA.NS,328.70001220703125,59498.25,FAIL,VOLUME_TOO_LOW
NSE,STOCK,KAYNES,Kaynes Technology India Limited,INE918Z01012,,EQ,KAYNES.NS,3598.0,1341050.6,PASS,PASS
NSE,STOCK,KCP,KCP Limited,INE805C01028,,EQ,KCP.NS,168.1699981689453,281799.45,PASS,PASS
NSE,STOCK,KCPSUGIND,KCP Sugar and Industries Corporation Limited,INE790B01024,,BE,KCPSUGIND.NS,32.279998779296875,230432.9,FAIL,PRICE_TOO_LOW
NSE,STOCK,KDDL,KDDL Limited,INE291D01011,,EQ,KDDL.NS,3855.300048828125,54362.65,FAIL,VOLUME_TOO_LOW
NSE,STOCK,KDGREEN,KD Green Industries Limited,INE348N01042,,EQ,KDGREEN.NS,51.5,21136.0,FAIL,VOLUME_TOO_LOW
NSE,STOCK,KEC,KEC International Limited,INE389H01022,,EQ,KEC.NS,406.1499938964844,1099716.75,PASS,PASS
NSE,STOCK,KECL,Kirloskar Electric Company Limited,INE134B01017,,EQ,KECL.NS,125.1999969482422,268343.15,PASS,PASS
NSE,STOCK,KEEPLEARN,DSJ Keep Learning Limited,INE055C01020,,EQ,KEEPLEARN.NS,1.899999976158142,56419.5,FAIL,PRICE_TOO_LOW
NSE,STOCK,KEI,KEI Industries Limited,INE878B01027,,EQ,KEI.NS,4850.0,468840.6,PASS,PASS
NSE,STOCK,KELLTONTEC,Kellton Tech Solutions Limited,INE164B01030,,EQ,KELLTONTEC.NS,13.989999771118164,5292227.05,FAIL,PRICE_TOO_LOW
NSE,STOCK,KENNAMET,Kennametal India Limited,INE717A01029,,EQ,KENNAMET.NS,4532.2001953125,75903.75,FAIL,VOLUME_TOO_LOW
NSE,STOCK,KERNEX,Kernex Microsystems (India) Limited,INE202H01019,,EQ,KERNEX.NS,1817.0,594651.25,PASS,PASS
NSE,STOCK,KESORAMIND,Kesoram Industries Limited,INE087A01019,,BE,KESORAMIND.NS,11.050000190734863,264383.5,FAIL,PRICE_TOO_LOW
NSE,STOCK,KEYFINSERV,Keynote Financial Services Limited,INE681C01015,,EQ,KEYFINSERV.NS,248.6999969482422,1055.1,FAIL,VOLUME_TOO_LOW
NSE,STOCK,KFINTECH,Kfin Technologies Limited,INE138Y01010,,EQ,KFINTECH.NS,928.9000244140624,1024042.75,PASS,PASS
NSE,STOCK,KHADIM,Khadim India Limited,INE834I01025,,BE,KHADIM.NS,115.0,55801.15,FAIL,VOLUME_TOO_LOW
NSE,STOCK,KHAICHEM,Khaitan Chemicals & Fertilizers Limited,INE745B01028,,EQ,KHAICHEM.NS,54.86000061035156,325838.7,PASS,PASS
NSE,STOCK,KHAITANLTD,Khaitan (India) Limited,INE731C01018,,EQ,KHAITANLTD.NS,162.41000366210938,7368.3,FAIL,VOLUME_TOO_LOW
NSE,STOCK,KHANDSE,Khandwala Securities Limited,INE060B01014,,EQ,KHANDSE.NS,18.11000061035156,2124.65,FAIL,PRICE_TOO_LOW
NSE,STOCK,KICL,Kalyani Investment Company Limited,INE029L01018,,EQ,KICL.NS,5212.5,1304.4,FAIL,VOLUME_TOO_LOW
NSE,STOCK,KILITCH,Kilitch Drugs (India) Limited,INE729D01010,,BE,KILITCH.NS,172.52000427246094,35710.2,FAIL,VOLUME_TOO_LOW
NSE,STOCK,KIMS,Krishna Institute of Medical Sciences Limited,INE967H01025,,EQ,KIMS.NS,767.8499755859375,617846.7,PASS,PASS
NSE,STOCK,KINGFA,Kingfa Science & Technology (India) Limited,INE473D01015,,EQ,KINGFA.NS,5932.5,22414.55,FAIL,VOLUME_TOO_LOW
NSE,STOCK,KIOCL,KIOCL Limited,INE880L01014,,EQ,KIOCL.NS,380.5499877929688,107150.7,PASS,PASS
NSE,STOCK,KIRANVYPAR,Kiran Vyapar Limited,INE555P01013,,EQ,KIRANVYPAR.NS,207.97999572753903,5272.0,FAIL,VOLUME_TOO_LOW
NSE,STOCK,KIRIINDUS,Kiri Industries Limited,INE415I01015,,EQ,KIRIINDUS.NS,559.0999755859375,1703959.45,PASS,PASS
NSE,STOCK,KIRLFER,Kirloskar Ferrous Industries Limited,INE884B01025,,EQ,KIRLFER.NS,454.5499877929688,115349.05,PASS,PASS
NSE,STOCK,KIRLOSBROS,Kirloskar Brothers Limited,INE732A01036,,EQ,KIRLOSBROS.NS,1881.300048828125,43402.35,FAIL,VOLUME_TOO_LOW
NSE,STOCK,KIRLOSENG,Kirloskar Oil Engines Limited,INE146L01010,,EQ,KIRLOSENG.NS,2201.89990234375,456732.95,PASS,PASS
NSE,STOCK,KIRLOSIND,Kirloskar Industries Limited,INE250A01039,,EQ,KIRLOSIND.NS,3724.699951171875,7922.8,FAIL,VOLUME_TOO_LOW
NSE,STOCK,KIRLPNU,Kirloskar Pneumatic Company Limited,INE811A01038,,EQ,KIRLPNU.NS,759.7999877929688,185328.2,PASS,PASS
NSE,STOCK,KISSHT,OnEMI Technology Solutions Limited,INE12F801023,,EQ,KISSHT.NS,309.29998779296875,1203393.45,PASS,PASS
NSE,STOCK,KITEX,Kitex Garments Limited,INE602G01020,,EQ,KITEX.NS,128.85000610351562,661458.5,PASS,PASS
NSE,STOCK,KJMCFIN,KJMC Financial Services Limited,INE533C01018,,EQ,KJMCFIN.NS,66.45999908447266,4752.923076923077,FAIL,VOLUME_TOO_LOW
NSE,STOCK,KKCL,Kewal Kiran Clothing Limited,INE401H01017,,EQ,KKCL.NS,503.7999877929688,37180.9,FAIL,VOLUME_TOO_LOW
NSE,STOCK,KLBRENG-B,Kilburn Engineering Limited,INE338F01015,,EQ,KLBRENG-B.NS,453.25,606881.2307692308,PASS,PASS
NSE,STOCK,KMCSHIL,K M C Speciality Hospitals (India) Limited,INE879K01018,,EQ,KMCSHIL.NS,138.0,103259.61538461539,PASS,PASS
NSE,STOCK,KMEW,Knowledge Marine & Engineering Works Limited,INE0CJD01029,,EQ,KMEW.NS,3150.39990234375,121872.5,PASS,PASS
NSE,STOCK,KMSUGAR,K.M.Sugar Mills Limited,INE157H01023,,EQ,KMSUGAR.NS,32.0,606157.7,FAIL,PRICE_TOO_LOW
NSE,STOCK,KNACK,Knack Packaging Limited,INE17QZ01016,,EQ,KNACK.NS,188.3699951171875,1184187.6,PASS,PASS
NSE,STOCK,KNAGRI,KN Agri Resources Limited,INE0KNW01016,,EQ,KNAGRI.NS,206.22999572753903,26307.45,FAIL,VOLUME_TOO_LOW
NSE,STOCK,KNRCON,KNR Constructions Limited,INE634I01029,,EQ,KNRCON.NS,124.66000366210938,1739870.25,PASS,PASS
NSE,STOCK,KOHINOOR,Kohinoor Foods Limited,INE080B01012,,EQ,KOHINOOR.NS,33.52000045776367,415487.3,FAIL,PRICE_TOO_LOW
NSE,STOCK,KOKUYOCMLN,Kokuyo Camlin Limited,INE760A01029,,EQ,KOKUYOCMLN.NS,78.44000244140625,52005.55,FAIL,VOLUME_TOO_LOW
NSE,STOCK,KOLTEPATIL,Kolte - Patil Developers Limited,INE094I01018,,EQ,KOLTEPATIL.NS,449.5499877929688,808522.95,PASS,PASS
NSE,STOCK,KOPRAN,Kopran Limited,INE082A01010,,EQ,KOPRAN.NS,232.5399932861328,339368.5,PASS,PASS
NSE,STOCK,KOTAKBANK,Kotak Mahindra Bank Limited,INE237A01036,,EQ,KOTAKBANK.NS,421.1499938964844,11750107.5,PASS,PASS
NSE,STOCK,KOTARISUG,Kothari Sugars And Chemicals Limited,INE419A01022,,BE,KOTARISUG.NS,29.920000076293945,475935.65,FAIL,PRICE_TOO_LOW
NSE,STOCK,KOTHARIPET,Kothari Petrochemicals Limited,INE720A01015,,EQ,KOTHARIPET.NS,129.02000427246094,77396.4,FAIL,VOLUME_TOO_LOW
NSE,STOCK,KOTHARIPRO,Kothari Products Limited,INE823A01017,,EQ,KOTHARIPRO.NS,67.38999938964844,10509.65,FAIL,VOLUME_TOO_LOW
NSE,STOCK,KOTIC,Kothari Industrial Corporation Limited,INE972A01020,,EQ,KOTIC.NS,134.7899932861328,15363.76923076923,FAIL,VOLUME_TOO_LOW
NSE,STOCK,KOTYARK,Kotyark Industries Limited,INE0J0B01017,,BE,KOTYARK.NS,32.15999984741211,304755.05,FAIL,PRICE_TOO_LOW
NSE,STOCK,KOVAI,Kovai Medical Center & Hospital Limited,INE177F01017,,EQ,KOVAI.NS,6091.5,5989.3,FAIL,VOLUME_TOO_LOW
NSE,STOCK,KPEL,K.P. Energy Limited,INE127T01021,,EQ,KPEL.NS,247.32000732421875,470754.45,PASS,PASS
NSE,STOCK,KPIGREEN,KPI Green Energy Limited,INE542W01025,,EQ,KPIGREEN.NS,307.0,1724370.4,PASS,PASS
NSE,STOCK,KPIL,Kalpataru Projects International Limited,INE220B01022,,EQ,KPIL.NS,1417.699951171875,361761.85,PASS,PASS
NSE,STOCK,KPITTECH,KPIT Technologies Limited,INE04I401011,,EQ,KPITTECH.NS,575.4500122070312,1398293.6,PASS,PASS
NSE,STOCK,KPL,Kwality Pharmaceuticals Limited,INE552U01010,,EQ,KPL.NS,3351.699951171875,39270.307692307695,FAIL,VOLUME_TOO_LOW
NSE,STOCK,KPRMILL,K.P.R. Mill Limited,INE930H01031,,EQ,KPRMILL.NS,1175.4000244140625,314421.15,PASS,PASS
NSE,STOCK,KRBL,KRBL Limited,INE001B01026,,EQ,KRBL.NS,424.8999938964844,1138507.7,PASS,PASS
NSE,STOCK,KREBSBIO,Krebs Biochemicals and Industries Limited,INE268B01013,,EQ,KREBSBIO.NS,54.5,5220.15,FAIL,VOLUME_TOO_LOW
NSE,STOCK,KRIDHANINF,Kridhan Infra Limited,INE524L01026,,BE,KRIDHANINF.NS,2.009999990463257,51303.25,FAIL,PRICE_TOO_LOW
NSE,STOCK,KRISHANA,Krishana Phoschem Limited,INE506W01020,,EQ,KRISHANA.NS,186.3699951171875,750045.7,PASS,PASS
NSE,STOCK,KRISHIVAL,Krishival Foods Limited,INE0GGO01015,,EQ,KRISHIVAL.NS,413.5,39018.2,FAIL,VOLUME_TOO_LOW
NSE,STOCK,KRISHNADEF,Krishna Defence And Allied Industries Limited,INE0J5601015,,EQ,KRISHNADEF.NS,1008.7000122070312,108772.55,PASS,PASS
NSE,STOCK,KRITI,Kriti Industries (India) Limited,INE479D01038,,EQ,KRITI.NS,60.93999862670898,30010.8,FAIL,VOLUME_TOO_LOW
NSE,STOCK,KRITIKA,Kritika Wires Limited,INE00Z501029,,EQ,KRITIKA.NS,5.389999866485596,115598.7,FAIL,PRICE_TOO_LOW
NSE,STOCK,KRITINUT,Kriti Nutrients Limited,INE798K01010,,EQ,KRITINUT.NS,83.36000061035156,14366.15,FAIL,VOLUME_TOO_LOW
NSE,STOCK,KRN,KRN Heat Exchanger and Refrigeration Limited,INE0Q3J01015,,EQ,KRN.NS,1578.699951171875,284281.15,PASS,PASS
NSE,STOCK,KRONOX,Kronox Lab Sciences Limited,INE0ATZ01017,,BE,KRONOX.NS,184.69000244140625,1888319.3,PASS,PASS
NSE,STOCK,KROSS,Kross Limited,INE0O6601022,,EQ,KROSS.NS,211.33999633789065,388829.55,PASS,PASS
NSE,STOCK,KRSNAA,Krsnaa Diagnostics Limited,INE08LI01020,,EQ,KRSNAA.NS,550.9500122070312,77603.0,FAIL,VOLUME_TOO_LOW
NSE,STOCK,KRYSTAL,Krystal Integrated Services Limited,INE0QN801017,,EQ,KRYSTAL.NS,661.9500122070312,75260.05,FAIL,VOLUME_TOO_LOW
NSE,STOCK,KSB,Ksb Limited,INE999A01023,,EQ,KSB.NS,810.5999755859375,182991.65,PASS,PASS
NSE,STOCK,KSCL,Kaveri Seed Company Limited,INE455I01029,,EQ,KSCL.NS,744.0999755859375,169279.45,PASS,PASS
NSE,STOCK,KSE,KSE Limited,INE953E01022,,EQ,KSE.NS,180.2899932861328,28723.777777777777,FAIL,VOLUME_TOO_LOW
NSE,STOCK,KSHINTL,KSH International Limited,INE987S01020,,EQ,KSHINTL.NS,1087.800048828125,470898.95,PASS,PASS
NSE,STOCK,KSHITIJ-RE,Kshitij Polyline Ltd-RE,INE013820027,,BE,KSHITIJ-RE.NS,0.0799999982118606,4638413.0,FAIL,PRICE_TOO_LOW
NSE,STOCK,KSHITIJPOL,Kshitij Polyline Limited,INE013801027,,EQ,KSHITIJPOL.NS,3.299999952316284,1473400.95,FAIL,PRICE_TOO_LOW
NSE,STOCK,KSL,Kalyani Steels Limited,INE907A01026,,EQ,KSL.NS,950.2000122070312,94929.35,FAIL,VOLUME_TOO_LOW
NSE,STOCK,KSOLVES,Ksolves India Limited,INE0D6I01023,,EQ,KSOLVES.NS,271.5,30757.2,FAIL,VOLUME_TOO_LOW
NSE,STOCK,KSR,KSR Footwear Limited,INE1SPP01016,,EQ,KSR.NS,31.540000915527344,63303.95,FAIL,PRICE_TOO_LOW
NSE,STOCK,KTKBANK,The Karnataka Bank Limited,INE614B01018,,EQ,KTKBANK.NS,340.1000061035156,2849868.45,PASS,PASS
NSE,STOCK,KUANTUM,Kuantum Papers Limited,INE529I01021,,EQ,KUANTUM.NS,75.16000366210938,185876.05,PASS,PASS
NSE,STOCK,KUSUMGAR,Kusumgar Limited,INE0ISX01025,,EQ,KUSUMGAR.NS,571.2000122070312,478422.8,PASS,PASS
NSE,STOCK,KWIL,Kwality Wall's (India) Limited,INE2KCE01013,,EQ,KWIL.NS,42.119998931884766,43158597.3,FAIL,PRICE_TOO_LOW
NSE,STOCK,LADDERUP,Ladderup Finance Limited,INE519D01015,,EQ,LADDERUP.NS,51.70000076293945,192.46153846153845,FAIL,VOLUME_TOO_LOW
NSE,STOCK,LAGNAM,Lagnam Spintex Limited,INE548Z01017,,EQ,LAGNAM.NS,74.4000015258789,9011.65,FAIL,VOLUME_TOO_LOW
NSE,STOCK,LAHOTIOV,Lahoti Overseas Limited,INE515C01023,,EQ,LAHOTIOV.NS,45.08000183105469,14070.307692307691,FAIL,PRICE_TOO_LOW
NSE,STOCK,LAKPRE,Lakshmi Precision Screws Limited,INE651C01018,,BZ,LAKPRE.NS,4.78000020980835,1510.15,FAIL,PRICE_TOO_LOW
NSE,STOCK,LAKSHMIMIL,Lakshmi Mills Company Limited,INE938C01019,,EQ,LAKSHMIMIL.NS,7800.0,43.3,FAIL,VOLUME_TOO_LOW
NSE,STOCK,LAL,Lorenzini Apparels Limited,INE740X01023,,EQ,LAL.NS,9.0,54830.65,FAIL,PRICE_TOO_LOW
NSE,STOCK,LALITHAA,Lalithaa Jewellery Mart Limited,INE0K9O01026,,EQ,LALITHAA.NS,306.70001220703125,26732898.3,PASS,PASS
NSE,STOCK,LALPATHLAB,Dr. Lal Path Labs Ltd.,INE600L01024,,EQ,LALPATHLAB.NS,1925.199951171875,198664.8,PASS,PASS
NSE,STOCK,LAMBODHARA,Lambodhara Textiles Limited,INE112F01022,,EQ,LAMBODHARA.NS,137.47000122070312,91937.6,FAIL,VOLUME_TOO_LOW
NSE,STOCK,LANCER,Lancer Container Lines Limited,INE359U01028,,EQ,LANCER.NS,13.1899995803833,505024.72222222225,FAIL,PRICE_TOO_LOW
NSE,STOCK,LANCORHOL,Lancor Holdings Limited,INE572G01025,,EQ,LANCORHOL.NS,40.34999847412109,524229.55,FAIL,PRICE_TOO_LOW
NSE,STOCK,LANDMARK,Landmark Cars Limited,INE559R01029,,EQ,LANDMARK.NS,498.0,175696.8,PASS,PASS
NSE,STOCK,LANDSMILL,Landsmill Green Limited,INE688J01023,,EQ,LANDSMILL.NS,0.6299999952316284,2583335.1,FAIL,PRICE_TOO_LOW
NSE,STOCK,LAOPALA,La Opala RG Limited,INE059D01020,,EQ,LAOPALA.NS,173.89999389648438,206852.3,PASS,PASS
NSE,STOCK,LASA,Lasa Supergenerics Limited,INE670X01014,,EQ,LASA.NS,6.820000171661377,34883.75,FAIL,PRICE_TOO_LOW
NSE,STOCK,LASERPOWER,Laser Power & Infra Limited,INE17IR01028,,EQ,LASERPOWER.NS,295.6499938964844,1886948.45,PASS,PASS
NSE,STOCK,LATENTVIEW,Latent View Analytics Limited,INE0I7C01011,,EQ,LATENTVIEW.NS,267.25,524944.4,PASS,PASS
NSE,STOCK,LATTEYS,Latteys Industries Limited,INE262Z01023,,EQ,LATTEYS.NS,20.979999542236328,94492.9,FAIL,PRICE_TOO_LOW
NSE,STOCK,LAURUSLABS,Laurus Labs Limited,INE947Q01028,,EQ,LAURUSLABS.NS,1840.0,3480904.2,PASS,PASS
NSE,STOCK,LAXMICOT,Laxmi Cotspin Limited,INE801V01019,,EQ,LAXMICOT.NS,13.729999542236328,41657.95,FAIL,PRICE_TOO_LOW
NSE,STOCK,LAXMIDENTL,Laxmi Dental Limited,INE0WO601020,,EQ,LAXMIDENTL.NS,199.1999969482422,133137.15,PASS,PASS
NSE,STOCK,LAXMIINDIA,Laxmi India Finance Limited,INE06WU01026,,EQ,LAXMIINDIA.NS,132.60000610351562,264532.2,PASS,PASS
NSE,STOCK,LCCINFOTEC,LCC Infotech Limited,INE938A01021,,EQ,LCCINFOTEC.NS,3.849999904632568,102684.6,FAIL,PRICE_TOO_LOW
NSE,STOCK,LCL,Lohia Corp Limited,INE0QJW01029,,EQ,LCL.NS,581.5,774872.95,PASS,PASS
NSE,STOCK,LEAPIND,LEAP India Limited,INE00GO01025,,EQ,LEAPIND.NS,150.25999450683594,16782215.6875,PASS,PASS
NSE,STOCK,LEENEE,Lee & Nee Softwares Exports Limited,INE791B01014,,BE,LEENEE.NS,8.449999809265137,68669.21428571429,FAIL,PRICE_TOO_LOW
NSE,STOCK,LEMERITE,Le Merite Exports Limited,INE0G1L01025,,EQ,LEMERITE.NS,21.11000061035156,257581.75,FAIL,PRICE_TOO_LOW
NSE,STOCK,LEMONTREE,Lemon Tree Hotels Limited,INE970X01018,,EQ,LEMONTREE.NS,104.9499969482422,3096799.8,PASS,PASS
NSE,STOCK,LENSKART,Lenskart Solutions Limited,INE956O01016,,EQ,LENSKART.NS,672.4500122070312,14629269.6,PASS,PASS
NSE,STOCK,LEXUS,Lexus Granito (India) Limited,INE500X01013,,EQ,LEXUS.NS,13.539999961853027,32314.45,FAIL,PRICE_TOO_LOW
NSE,STOCK,LFIC,Lakshmi Finance & Industrial Corporation Limited,INE850E01012,,EQ,LFIC.NS,135.27999877929688,2550.0,FAIL,VOLUME_TOO_LOW
NSE,STOCK,LGBBROSLTD,LG Balakrishnan & Bros Limited,INE337A01034,,EQ,LGBBROSLTD.NS,1716.199951171875,27785.65,FAIL,VOLUME_TOO_LOW
NSE,STOCK,LGEINDIA,LG Electronics India Limited,INE324D01010,,EQ,LGEINDIA.NS,1640.699951171875,1083973.4,PASS,PASS
NSE,STOCK,LGHL,Laxmi Goldorna House Limited,INE258Y01016,,EQ,LGHL.NS,178.9499969482422,12640.7,FAIL,VOLUME_TOO_LOW
NSE,STOCK,LIBAS,Libas Consumer Products Limited,INE908V01012,,EQ,LIBAS.NS,10.479999542236328,35899.4,FAIL,PRICE_TOO_LOW
NSE,STOCK,LIBERTSHOE,Liberty Shoes Limited,INE557B01019,,EQ,LIBERTSHOE.NS,234.3000030517578,29466.45,FAIL,VOLUME_TOO_LOW
NSE,STOCK,LICHSGFIN,LIC Housing Finance Limited,INE115A01026,,EQ,LICHSGFIN.NS,562.0499877929688,3269044.95,PASS,PASS
NSE,STOCK,LICI,Life Insurance Corporation Of India,INE0J1Y01017,,EQ,LICI.NS,415.3500061035156,12738024.35,PASS,PASS
NSE,STOCK,LIKHITHA,Likhitha Infrastructure Limited,INE060901027,,EQ,LIKHITHA.NS,202.8999938964844,52906.35,FAIL,VOLUME_TOO_LOW
NSE,STOCK,LINC,Linc Limited,INE802B01027,,EQ,LINC.NS,94.69000244140624,22416.3,FAIL,VOLUME_TOO_LOW
NSE,STOCK,LINCOLN,Lincoln Pharmaceuticals Limited,INE405C01035,,EQ,LINCOLN.NS,620.7999877929688,86018.65,FAIL,VOLUME_TOO_LOW
NSE,STOCK,LINDEINDIA,Linde India Limited,INE473A01011,,EQ,LINDEINDIA.NS,6373.0,21761.2,FAIL,VOLUME_TOO_LOW
NSE,STOCK,LKPSEC,LKP Securities Limited,INE341H01023,,EQ,LKPSEC.NS,15.020000457763672,15730.384615384615,FAIL,PRICE_TOO_LOW
NSE,STOCK,LLOYDSENGG,LLOYDS ENGINEERING WORKS LIMITED,INE093R01011,,EQ,LLOYDSENGG.NS,84.20999908447266,7205638.5,PASS,PASS
NSE,STOCK,LLOYDSENT,Lloyds Enterprises Limited,INE080I01025,,EQ,LLOYDSENT.NS,71.97000122070312,3687434.2,PASS,PASS
NSE,STOCK,LLOYDSME,Lloyds Metals And Energy Limited,INE281B01032,,EQ,LLOYDSME.NS,1848.699951171875,500192.2,PASS,PASS
NSE,STOCK,LMW,LMW Limited,INE269B01029,,EQ,LMW.NS,18993.0,8463.55,FAIL,VOLUME_TOO_LOW
NSE,STOCK,LODHA,Lodha Developers Limited,INE670K01029,,EQ,LODHA.NS,1222.0,1293761.75,PASS,PASS
NSE,STOCK,LOKESHMACH,Lokesh Machines Limited,INE397H01017,,EQ,LOKESHMACH.NS,364.6000061035156,54157.45,FAIL,VOLUME_TOO_LOW
NSE,STOCK,LORDSCHLO,Lords Chloro Alkali Limited,INE846D01012,,EQ,LORDSCHLO.NS,141.5500030517578,13947.35,FAIL,VOLUME_TOO_LOW
NSE,STOCK,LOTUSCHO,Lotus Chocolate Company Limited,INE026D01011,,EQ,LOTUSCHO.NS,650.9500122070312,3585.230769230769,FAIL,VOLUME_TOO_LOW
NSE,STOCK,LOTUSDEV,Sri Lotus Developers and Realty Limited,INE0V9Q01010,,BE,LOTUSDEV.NS,184.63999938964844,1177232.5,PASS,PASS
NSE,STOCK,LOTUSEYE,Lotus Eye Hospital and Institute Limited,INE947I01017,,EQ,LOTUSEYE.NS,109.27999877929688,13655.15,FAIL,VOLUME_TOO_LOW
NSE,STOCK,LOVABLE,Lovable Lingerie Limited,INE597L01014,,EQ,LOVABLE.NS,71.37000274658203,10729.85,FAIL,VOLUME_TOO_LOW
NSE,STOCK,LOYALTEX,Loyal Textile Mills Limited,INE970D01010,,EQ,LOYALTEX.NS,211.82000732421875,1554.45,FAIL,VOLUME_TOO_LOW
NSE,STOCK,LPDC,Landmark Property Development Company Limited,INE197J01017,,EQ,LPDC.NS,6.690000057220459,157647.7,FAIL,PRICE_TOO_LOW
NSE,STOCK,LT,Larsen & Toubro Limited,INE018A01030,,EQ,LT.NS,3975.0,1282246.3,PASS,PASS
NSE,STOCK,LTF,L&T Finance Limited,INE498L01015,,EQ,LTF.NS,316.8999938964844,4674753.9,PASS,PASS
NSE,STOCK,LTFOODS,LT Foods Limited,INE818H01020,,EQ,LTFOODS.NS,442.5499877929688,2679864.2,PASS,PASS
NSE,STOCK,LTM,LTM Limited,INE214T01019,,EQ,LTM.NS,4554.0,367688.95,PASS,PASS
NSE,STOCK,LTTS,L&T Technology Services Limited,INE010V01017,,EQ,LTTS.NS,3493.300048828125,103477.65,PASS,PASS
NSE,STOCK,LUMAXIND,Lumax Industries Limited,INE162B01018,,EQ,LUMAXIND.NS,6181.5,24462.95,FAIL,VOLUME_TOO_LOW
NSE,STOCK,LUMAXTECH,Lumax Auto Technologies Limited,INE872H01027,,EQ,LUMAXTECH.NS,1985.4000244140625,494218.55,PASS,PASS
NSE,STOCK,LUMINO,Lumino Industries Limited,INE185Q01025,,EQ,LUMINO.NS,114.5,158692789.0,PASS,PASS
NSE,STOCK,LUPIN,Lupin Limited,INE326A01037,,EQ,LUPIN.NS,2110.0,926722.85,PASS,PASS
NSE,STOCK,LUXIND,Lux Industries Limited,INE150G01020,,EQ,LUXIND.NS,1171.699951171875,23606.55,FAIL,VOLUME_TOO_LOW
NSE,STOCK,LXCHEM,Laxmi Organic Industries Limited,INE576O01020,,EQ,LXCHEM.NS,175.5800018310547,665711.3,PASS,PASS
NSE,STOCK,LYKALABS,Lyka Labs Limited,INE933A01014,,BE,LYKALABS.NS,76.83000183105469,12061.45,FAIL,VOLUME_TOO_LOW
NSE,STOCK,M&M,Mahindra & Mahindra Limited,INE101A01026,,EQ,M&M.NS,3150.0,1881998.55,PASS,PASS
NSE,STOCK,M&MFIN,Mahindra & Mahindra Financial Services Limited,INE774D01024,,EQ,M&MFIN.NS,376.0499877929688,2083308.65,PASS,PASS
NSE,STOCK,MAANALU,Maan Aluminium Limited,INE215I01027,,EQ,MAANALU.NS,120.7699966430664,55470.55,FAIL,VOLUME_TOO_LOW
NSE,STOCK,MACPOWER,Macpower CNC Machines Limited,INE155Z01011,,EQ,MACPOWER.NS,1944.0999755859373,64709.65,FAIL,VOLUME_TOO_LOW
NSE,STOCK,MADHAV,Madhav Marbles and Granites Limited,INE925C01016,,EQ,MADHAV.NS,34.84000015258789,2477.8,FAIL,PRICE_TOO_LOW
NSE,STOCK,MADHAVIPL,Madhav Infra Projects Limited,INE631R01026,,EQ,MADHAVIPL.NS,7.920000076293945,181131.84615384616,FAIL,PRICE_TOO_LOW
NSE,STOCK,MADHUCON,Madhucon Projects Limited,INE378D01032,,BE,MADHUCON.NS,4.809999942779541,20325.3,FAIL,PRICE_TOO_LOW
NSE,STOCK,MADRASFERT,Madras Fertilizers Limited,INE414A01015,,EQ,MADRASFERT.NS,65.12999725341797,125087.65,PASS,PASS
NSE,STOCK,MAFATIND,Mafatlal Industries Limited,INE270B01035,,EQ,MAFATIND.NS,123.23999786376952,48701.35,FAIL,VOLUME_TOO_LOW
NSE,STOCK,MAGADSUGAR,Magadh Sugar & Energy Limited,INE347W01011,,EQ,MAGADSUGAR.NS,566.7000122070312,71553.95,FAIL,VOLUME_TOO_LOW
NSE,STOCK,MAGNUM,Magnum Ventures Limited,INE387I01016,,EQ,MAGNUM.NS,19.0,25027.5,FAIL,PRICE_TOO_LOW
NSE,STOCK,MAHABANK,Bank of Maharashtra,INE457A01014,,EQ,MAHABANK.NS,85.94999694824219,16381963.4,PASS,PASS
NSE,STOCK,MAHAPEXLTD,Maha Rashtra Apex Corporation Limited,INE843B01013,,EQ,MAHAPEXLTD.NS,54.720001220703125,45136.35,FAIL,VOLUME_TOO_LOW
NSE,STOCK,MAHASTEEL,Mahamaya Steel Industries Limited,INE451L01014,,BE,MAHASTEEL.NS,1258.199951171875,21892.25,FAIL,VOLUME_TOO_LOW
NSE,STOCK,MAHEPC,Mahindra EPC Irrigation Limited,INE215D01010,,EQ,MAHEPC.NS,103.25,18439.65,FAIL,VOLUME_TOO_LOW
NSE,STOCK,MAHESHWARI,Maheshwari Logistics Limited,INE263W01010,,BE,MAHESHWARI.NS,72.87999725341797,15986.2,FAIL,VOLUME_TOO_LOW
NSE,STOCK,MAHLIFE,Mahindra Lifespace Developers Limited,INE813A01018,,EQ,MAHLIFE.NS,363.1000061035156,108031.95,PASS,PASS
NSE,STOCK,MAHLOG,Mahindra Logistics Limited,INE766P01016,,EQ,MAHLOG.NS,400.2999877929688,162893.8,PASS,PASS
NSE,STOCK,MAHSCOOTER,Maharashtra Scooters Limited,INE288A01013,,EQ,MAHSCOOTER.NS,13639.0,3517.65,FAIL,VOLUME_TOO_LOW
NSE,STOCK,MAHSEAMLES,Maharashtra Seamless Limited,INE271B01025,,EQ,MAHSEAMLES.NS,688.0999755859375,343244.55,PASS,PASS
NSE,STOCK,MAITHANALL,Maithan Alloys Limited,INE683C01011,,EQ,MAITHANALL.NS,1090.550048828125,76431.9,FAIL,VOLUME_TOO_LOW
NSE,STOCK,MAJESAUT,Majestic Auto Limited,INE201B01022,,BE,MAJESAUT.NS,352.70001220703125,7308.25,FAIL,VOLUME_TOO_LOW
NSE,STOCK,MAKERSL,Makers Laboratories Limited,INE987A01010,,EQ,MAKERSL.NS,200.7700042724609,18583.46153846154,FAIL,VOLUME_TOO_LOW
NSE,STOCK,MALLCOM,Mallcom (India) Limited,INE389C01015,,EQ,MALLCOM.NS,998.7999877929688,4410.65,FAIL,VOLUME_TOO_LOW
NSE,STOCK,MALUPAPER,Malu Paper Mills Limited,INE383H01017,,EQ,MALUPAPER.NS,32.439998626708984,14673.4,FAIL,PRICE_TOO_LOW
NSE,STOCK,MAMATA,Mamata Machinery Limited,INE0TO701015,,EQ,MAMATA.NS,404.5499877929688,63924.8,FAIL,VOLUME_TOO_LOW
NSE,STOCK,MANAKALUCO,Manaksia Aluminium Company Limited,INE859Q01017,,EQ,MANAKALUCO.NS,37.68000030517578,205148.5,FAIL,PRICE_TOO_LOW
NSE,STOCK,MANAKCOAT,Manaksia Coated Metals & Industries Limited,INE830Q01018,,EQ,MANAKCOAT.NS,120.6500015258789,480867.85,PASS,PASS
NSE,STOCK,MANAKSIA,Manaksia Limited,INE015D01022,,EQ,MANAKSIA.NS,59.119998931884766,29328.4,FAIL,VOLUME_TOO_LOW
NSE,STOCK,MANAKSTEEL,Manaksia Steels Limited,INE824Q01011,,EQ,MANAKSTEEL.NS,111.91000366210938,215766.3,PASS,PASS
NSE,STOCK,MANALIPETC,Manali Petrochemicals Limited,INE201A01024,,EQ,MANALIPETC.NS,86.76000213623047,10665841.15,PASS,PASS
NSE,STOCK,MANAPPURAM,Manappuram Finance Limited,INE522D01027,,EQ,MANAPPURAM.NS,339.70001220703125,6394868.35,PASS,PASS
NSE,STOCK,MANBA,Manba Finance Limited,INE939X01013,,EQ,MANBA.NS,129.4499969482422,71297.15,FAIL,VOLUME_TOO_LOW
NSE,STOCK,MANCREDIT,Mangal Credit and Fincorp Limited,INE545L01039,,EQ,MANCREDIT.NS,231.3999938964844,203025.55,PASS,PASS
NSE,STOCK,MANGALAM,Mangalam Drugs And Organics Limited,INE584F01014,,EQ,MANGALAM.NS,30.299999237060547,53819.7,FAIL,PRICE_TOO_LOW
NSE,STOCK,MANGLMCEM,Mangalam Cement Limited,INE347A01017,,EQ,MANGLMCEM.NS,1098.199951171875,281839.8,PASS,PASS
NSE,STOCK,MANINDS,Man Industries (India) Limited,INE993A01026,,EQ,MANINDS.NS,793.4000244140625,1416643.9,PASS,PASS
NSE,STOCK,MANINFRA,Man Infraconstruction Limited,INE949H01023,,EQ,MANINFRA.NS,124.8000030517578,2820908.55,PASS,PASS
NSE,STOCK,MANIPALHOS,Manipal Health Enterprises Limited,INE459N01021,,EQ,MANIPALHOS.NS,725.2000122070312,2046744.9,PASS,PASS
NSE,STOCK,MANKIND,Mankind Pharma Limited,INE634S01028,,EQ,MANKIND.NS,2327.89990234375,340464.75,PASS,PASS
NSE,STOCK,MANOMAY,Manomay Tex India Limited,INE784W01015,,EQ,MANOMAY.NS,234.97000122070312,148619.5,PASS,PASS
NSE,STOCK,MANORAMA,Manorama Industries Limited,INE00VM01036,,EQ,MANORAMA.NS,1993.4000244140625,1054094.45,PASS,PASS
NSE,STOCK,MANORG,Mangalam Organics Limited,INE370D01013,,EQ,MANORG.NS,490.25,17348.8,FAIL,VOLUME_TOO_LOW
NSE,STOCK,MANUGRAPH,Manugraph India Limited,INE867A01022,,BE,MANUGRAPH.NS,14.600000381469728,11604.65,FAIL,PRICE_TOO_LOW
NSE,STOCK,MANYAVAR,Vedant Fashions Limited,INE825V01034,,EQ,MANYAVAR.NS,594.2000122070312,636364.55,PASS,PASS
NSE,STOCK,MAPMYINDIA,C.E. Info Systems Limited,INE0BV301023,,EQ,MAPMYINDIA.NS,972.2000122070312,209411.75,PASS,PASS
NSE,STOCK,MARALOVER,Maral Overseas Limited,INE882A01013,,EQ,MARALOVER.NS,61.83000183105469,30707.3,FAIL,VOLUME_TOO_LOW
NSE,STOCK,MARATHON,Marathon Nextgen Realty Limited,INE182D01020,,EQ,MARATHON.NS,434.9500122070313,465208.8,PASS,PASS
NSE,STOCK,MARICO,Marico Limited,INE196A01026,,EQ,MARICO.NS,815.1500244140625,1516260.0,PASS,PASS
NSE,STOCK,MARINE,Marine Electricals (India) Limited,INE01JE01028,,EQ,MARINE.NS,432.1499938964844,1204445.9,PASS,PASS
NSE,STOCK,MARKOLINES,Markolines Pavement Technologies Limited,INE0FW001016,,EQ,MARKOLINES.NS,171.33999633789062,196434.3,PASS,PASS
NSE,STOCK,MARKSANS,Marksans Pharma Limited,INE750C01026,,EQ,MARKSANS.NS,326.75,6376974.0,PASS,PASS
NSE,STOCK,MARSONS,Marsons Limited,INE415B01044,,EQ,MARSONS.NS,137.55999755859375,3564062.65,PASS,PASS
NSE,STOCK,MARUTI,Maruti Suzuki India Limited,INE585B01010,,EQ,MARUTI.NS,12694.0,321656.5,PASS,PASS
NSE,STOCK,MASFIN,MAS Financial Services Limited,INE348L01012,,EQ,MASFIN.NS,292.70001220703125,278211.35,PASS,PASS
NSE,STOCK,MASKINVEST,Mask Investments Limited,INE885F01015,,EQ,MASKINVEST.NS,143.5500030517578,76.35,FAIL,VOLUME_TOO_LOW
NSE,STOCK,MASTEK,Mastek Limited,INE759A01021,,EQ,MASTEK.NS,1772.9000244140625,431103.25,PASS,PASS
NSE,STOCK,MASTERTR,Master Trust Limited,INE677D01037,,EQ,MASTERTR.NS,81.02999877929688,361922.55,PASS,PASS
NSE,STOCK,MATRIMONY,Matrimony.Com Limited,INE866R01028,,EQ,MATRIMONY.NS,529.5999755859375,114050.3,PASS,PASS
NSE,STOCK,MAWANASUG,Mawana Sugars Limited,INE636A01039,,EQ,MAWANASUG.NS,145.42999267578125,739163.55,PASS,PASS
NSE,STOCK,MAXESTATES,Max Estates Limited,INE03EI01018,,EQ,MAXESTATES.NS,530.7000122070312,361198.85,PASS,PASS
NSE,STOCK,MAXHEALTH,Max Healthcare Institute Limited,INE027H01010,,EQ,MAXHEALTH.NS,984.7999877929688,1977495.7,PASS,PASS
NSE,STOCK,MAXIND,Max India Limited,INE0CG601016,,EQ,MAXIND.NS,152.88999938964844,101425.85,PASS,PASS
NSE,STOCK,MAYURUNIQ,Mayur Uniquoters Ltd,INE040D01038,,EQ,MAYURUNIQ.NS,728.7999877929688,97845.15,FAIL,VOLUME_TOO_LOW
NSE,STOCK,MAZDA,Mazda Limited,INE885E01042,,BE,MAZDA.NS,272.8500061035156,16781.1,FAIL,VOLUME_TOO_LOW
NSE,STOCK,MAZDOCK,Mazagon Dock Shipbuilders Limited,INE249Z01020,,EQ,MAZDOCK.NS,2475.0,763297.7,PASS,PASS
NSE,STOCK,MBAPL,Madhya Bharat Agro Products Limited,INE900L01028,,EQ,MBAPL.NS,162.0800018310547,784297.5,PASS,PASS
NSE,STOCK,MBECL,Mcnally Bharat Engineering Company Limited,INE748A01024,,BE,MBECL.NS,246.57000732421875,938.75,FAIL,VOLUME_TOO_LOW
NSE,STOCK,MBEL,M & B Engineering Limited,INE08N601015,,EQ,MBEL.NS,275.45001220703125,289831.15,PASS,PASS
NSE,STOCK,MBLINFRA,MBL Infrastructure Limited,INE912H01013,,EQ,MBLINFRA.NS,24.440000534057617,29866.6,FAIL,PRICE_TOO_LOW
NSE,STOCK,MCCHRLS-B,Mac Charles India Limited,INE435D01014,,EQ,MCCHRLS-B.NS,679.9500122070312,109.38461538461539,FAIL,VOLUME_TOO_LOW
NSE,STOCK,MCL,M TEK COPPER LIMITED,INE813V01022,,EQ,MCL.NS,58.5,60185.85,FAIL,VOLUME_TOO_LOW
NSE,STOCK,MCLEODRUSS,Mcleod Russel India Limited,INE942G01012,,EQ,MCLEODRUSS.NS,46.61000061035156,287935.5,FAIL,PRICE_TOO_LOW
NSE,STOCK,MCLOUD,Magellanic Cloud Limited,INE613C01026,,EQ,MCLOUD.NS,26.459999084472656,3565141.55,FAIL,PRICE_TOO_LOW
NSE,STOCK,MCX,Multi Commodity Exchange of India Limited,INE745G01043,,EQ,MCX.NS,3275.39990234375,2857688.75,PASS,PASS
NSE,STOCK,MEDANTA,Global Health Limited,INE474Q01031,,EQ,MEDANTA.NS,1469.800048828125,288894.2,PASS,PASS
NSE,STOCK,MEDIASSIST,Medi Assist Healthcare Services Limited,INE456Z01021,,EQ,MEDIASSIST.NS,343.95001220703125,232680.5,PASS,PASS
NSE,STOCK,MEDICAMEQ,Medicamen Biotech Limited,INE646B01010,,EQ,MEDICAMEQ.NS,259.3999938964844,38509.65,FAIL,VOLUME_TOO_LOW
NSE,STOCK,MEDICAPQ,Medi Caps Limited,INE442D01010,,EQ,MEDICAPQ.NS,25.07999992370605,2938.076923076923,FAIL,PRICE_TOO_LOW
NSE,STOCK,MEDICO,Medico Remedies Limited,INE630Y01024,,EQ,MEDICO.NS,39.5,362891.85,FAIL,PRICE_TOO_LOW
NSE,STOCK,MEDPLUS,Medplus Health Services Limited,INE804L01022,,EQ,MEDPLUS.NS,660.6500244140625,198572.3,PASS,PASS
NSE,STOCK,MEESHO,Meesho Limited,INE0VDM01015,,EQ,MEESHO.NS,209.0,14790917.55,PASS,PASS
NSE,STOCK,MEGASTAR,Megastar Foods Limited,INE00EM01016,,EQ,MEGASTAR.NS,304.1000061035156,3197.8,FAIL,VOLUME_TOO_LOW
NSE,STOCK,MEIL,Mangal Electrical Industries Limited,INE0PKD01011,,EQ,MEIL.NS,285.1000061035156,110146.85,PASS,PASS
NSE,STOCK,MENNPIS,Menon Pistons Limited,INE650G01029,,EQ,MENNPIS.NS,74.81999969482422,63793.07692307692,FAIL,VOLUME_TOO_LOW
NSE,STOCK,MENONBE,Menon Bearings Limited,INE071D01033,,BE,MENONBE.NS,308.54998779296875,85359.9,FAIL,VOLUME_TOO_LOW
NSE,STOCK,MEP,MEP Infrastructure Developers Limited,INE776I01010,,BZ,MEP.NS,0.7200000286102295,87230.65,FAIL,PRICE_TOO_LOW
NSE,STOCK,MERCANTILE,Mercantile Ventures Limited,INE689O01013,,EQ,MERCANTILE.NS,25.549999237060547,66706.5,FAIL,PRICE_TOO_LOW
NSE,STOCK,MERCURYEV,Mercury Ev-Tech Limited,INE763M01028,,EQ,MERCURYEV.NS,36.66999816894531,177766.65,FAIL,PRICE_TOO_LOW
NSE,STOCK,METROBRAND,Metro Brands Limited,INE317I01021,,EQ,METROBRAND.NS,915.6500244140624,47894.1,FAIL,VOLUME_TOO_LOW
NSE,STOCK,METROGLOBL,Metroglobal Limited,INE085D01033,,EQ,METROGLOBL.NS,137.0,9485.45,FAIL,VOLUME_TOO_LOW
NSE,STOCK,METROPOLIS,Metropolis Healthcare Limited,INE112L01020,,EQ,METROPOLIS.NS,591.9000244140625,271426.85,PASS,PASS
NSE,STOCK,MFML,Mahalaxmi Fabric Mills Limited,INE0US801024,,EQ,MFML.NS,18.36000061035156,3352.3,FAIL,PRICE_TOO_LOW
NSE,STOCK,MFSL,Max Financial Services Limited,INE180A01020,,EQ,MFSL.NS,1548.4000244140625,717667.5,PASS,PASS
NSE,STOCK,MGEL,Mangalam Global Enterprise Limited,INE0APB01032,,BE,MGEL.NS,14.399999618530272,83263.3,FAIL,PRICE_TOO_LOW
NSE,STOCK,MGL,Mahanagar Gas Limited,INE002S01010,,EQ,MGL.NS,1096.5999755859375,271497.25,PASS,PASS
NSE,STOCK,MHLXMIRU,Mahalaxmi Rubtech Limited,INE112D01035,,BE,MHLXMIRU.NS,174.88999938964844,23451.9,FAIL,VOLUME_TOO_LOW
NSE,STOCK,MHRIL,Mahindra Holidays & Resorts India Limited,INE998I01010,,EQ,MHRIL.NS,207.91000366210935,99408.6,FAIL,VOLUME_TOO_LOW
NSE,STOCK,MICEL,MIC Electronics Limited,INE287C01037,,BE,MICEL.NS,37.47999954223633,190831.9,FAIL,PRICE_TOO_LOW
NSE,STOCK,MIDHANI,Mishra Dhatu Nigam Limited,INE099Z01011,,EQ,MIDHANI.NS,418.7999877929688,1761176.25,PASS,PASS
NSE,STOCK,MIDWESTLTD,Midwest Limited,INE0XAD01024,,EQ,MIDWESTLTD.NS,1054.300048828125,25347.95,FAIL,VOLUME_TOO_LOW
NSE,STOCK,MIIL,Meghna Infracon Infrastructure Limited,INE898Q01015,,EQ,MIIL.NS,718.4000244140625,85626.38461538461,FAIL,VOLUME_TOO_LOW
NSE,STOCK,MILKYMIST,Milky Mist Dairy Food Limited,INE00IT01020,,EQ,MILKYMIST.NS,252.42999267578125,35250084.928571425,PASS,PASS
NSE,STOCK,MINALIND,Minal Industries Limited,INE097E01028,,BE,MINALIND.NS,5.099999904632568,177668.0,FAIL,PRICE_TOO_LOW
NSE,STOCK,MINDACORP,Minda Corporation Limited,INE842C01021,,EQ,MINDACORP.NS,706.5,796189.25,PASS,PASS
NSE,STOCK,MINDTECK,Mindteck (India) Limited,INE110B01017,,EQ,MINDTECK.NS,168.22000122070312,35493.6,FAIL,VOLUME_TOO_LOW
NSE,STOCK,MIRZAINT,Mirza International Limited,INE771A01026,,EQ,MIRZAINT.NS,30.989999771118164,128579.65,FAIL,PRICE_TOO_LOW
NSE,STOCK,MITCON,MITCON Consultancy & Engineering Services Limited,INE828O01033,,BE,MITCON.NS,78.0,3555.05,FAIL,VOLUME_TOO_LOW
NSE,STOCK,MITTAL,Mittal Life Style Limited,INE997Y01027,,EQ,MITTAL.NS,0.800000011920929,618487.55,FAIL,PRICE_TOO_LOW
NSE,STOCK,MKEXIM,M.K. Exim (India) Limited,INE227F01010,,EQ,MKEXIM.NS,60.18000030517578,20731.23076923077,FAIL,VOLUME_TOO_LOW
NSE,STOCK,MKPL,M K Proteins Limited,INE964W01021,,EQ,MKPL.NS,4.059999942779541,86088.35,FAIL,PRICE_TOO_LOW
NSE,STOCK,MLKFOOD,Milkfood Limited,INE588G01021,,EQ,MLKFOOD.NS,82.62000274658203,10998.23076923077,FAIL,VOLUME_TOO_LOW
NSE,STOCK,MMFL,MM Forgings Limited,INE227C01017,,EQ,MMFL.NS,641.7999877929688,237679.7,PASS,PASS
NSE,STOCK,MMP,MMP Industries Limited,INE511Y01018,,EQ,MMP.NS,395.9500122070313,123006.85,PASS,PASS
NSE,STOCK,MMTC,MMTC Limited,INE123F01029,,EQ,MMTC.NS,64.18000030517578,3792384.2,PASS,PASS
NSE,STOCK,MMWL,Media Matrix Worldwide Limited,INE200D01020,,EQ,MMWL.NS,14.06999969482422,64874.45,FAIL,PRICE_TOO_LOW
NSE,STOCK,MOBIKWIK,One Mobikwik Systems Limited,INE0HLU01028,,EQ,MOBIKWIK.NS,192.1199951171875,861772.4,PASS,PASS
NSE,STOCK,MODINATUR,Modi Naturals Limited,INE537F01012,,EQ,MODINATUR.NS,334.29998779296875,13209.95,FAIL,VOLUME_TOO_LOW
NSE,STOCK,MODIRUBBER,Modi Rubber Limited,INE832A01018,,EQ,MODIRUBBER.NS,131.8300018310547,7985.4,FAIL,VOLUME_TOO_LOW
NSE,STOCK,MODIS,Modis Navnirman Limited,INE0L0L01012,,EQ,MODIS.NS,379.1000061035156,95646.0,FAIL,VOLUME_TOO_LOW
NSE,STOCK,MODISONLTD,MODISON LIMITED,INE737D01021,,EQ,MODISONLTD.NS,494.6499938964844,255627.0,PASS,PASS
NSE,STOCK,MODTHREAD,Modern Threads (India) Limited,INE794W01014,,EQ,MODTHREAD.NS,53.38999938964844,35943.35,FAIL,VOLUME_TOO_LOW
NSE,STOCK,MOHITE,Mohite Industries Limited,INE154B01023,,EQ,MOHITE.NS,2.799999952316284,118096.61538461539,FAIL,PRICE_TOO_LOW
NSE,STOCK,MOHITIND,Mohit Industries Limited,INE954E01012,,EQ,MOHITIND.NS,23.71999931335449,22316.6,FAIL,PRICE_TOO_LOW
NSE,STOCK,MOIL,MOIL Limited,INE490G01020,,EQ,MOIL.NS,250.67999267578125,983644.85,PASS,PASS
NSE,STOCK,MOKSH,Moksh Ornaments Limited,INE514Y01020,,EQ,MOKSH.NS,10.06999969482422,152709.8,FAIL,PRICE_TOO_LOW
NSE,STOCK,MOL,Meghmani Organics Limited,INE0CT101020,,EQ,MOL.NS,66.66000366210938,2940902.65,PASS,PASS
NSE,STOCK,MOLBIO,Molbio Diagnostics Limited,INE869T01028,,EQ,MOLBIO.NS,1160.5,3590684.0,PASS,PASS
NSE,STOCK,MOLDTECH,Mold-Tek Technologies Limited,INE835B01035,,BE,MOLDTECH.NS,208.9600067138672,95831.7,FAIL,VOLUME_TOO_LOW
NSE,STOCK,MOLDTKPAC,Mold-Tek Packaging Limited,INE893J01029,,EQ,MOLDTKPAC.NS,699.5999755859375,82897.65,FAIL,VOLUME_TOO_LOW
NSE,STOCK,MONARCH,Monarch Networth Capital Limited,INE903D01011,,EQ,MONARCH.NS,381.2999877929688,162257.4,PASS,PASS
NSE,STOCK,MONEYBOXX,Moneyboxx Finance Limited,INE296Q01012,,EQ,MONEYBOXX.NS,58.79999923706055,18788.8,FAIL,VOLUME_TOO_LOW
NSE,STOCK,MONTECARLO,Monte Carlo Fashions Limited,INE950M01013,,EQ,MONTECARLO.NS,564.4500122070312,69079.4,FAIL,VOLUME_TOO_LOW
NSE,STOCK,MOREPENLAB,Morepen Laboratories Limited,INE083A01026,,EQ,MOREPENLAB.NS,113.73999786376952,26915451.9,PASS,PASS
NSE,STOCK,MOSCHIP,Moschip Technologies Limited,INE935B01025,,EQ,MOSCHIP.NS,212.22000122070312,2066885.3,PASS,PASS
NSE,STOCK,MOTHERSON,Samvardhana Motherson International Limited,INE775A01035,,EQ,MOTHERSON.NS,160.6999969482422,12678515.65,PASS,PASS
NSE,STOCK,MOTILALOFS,Motilal Oswal Financial Services Limited,INE338I01027,,EQ,MOTILALOFS.NS,1037.0,1250841.35,PASS,PASS
NSE,STOCK,MOTISONS,Motisons Jewellers Limited,INE0FRK01020,,EQ,MOTISONS.NS,15.369999885559082,68996315.15,FAIL,PRICE_TOO_LOW
NSE,STOCK,MOTOGENFIN,The Motor & General Finance Limited,INE861B01023,,BE,MOTOGENFIN.NS,27.96999931335449,6150.5,FAIL,PRICE_TOO_LOW
NSE,STOCK,MPDL,MPDL Limited,INE493H01014,,BE,MPDL.NS,33.22999954223633,7826.7692307692305,FAIL,PRICE_TOO_LOW
NSE,STOCK,MPHASIS,MphasiS Limited,INE356A01018,,EQ,MPHASIS.NS,2471.0,455668.55,PASS,PASS
NSE,STOCK,MPSLTD,MPS Limited,INE943D01017,,EQ,MPSLTD.NS,2620.60009765625,31530.3,FAIL,VOLUME_TOO_LOW
NSE,STOCK,MRF,MRF Limited,INE883A01011,,EQ,MRF.NS,129945.0,4621.35,FAIL,VOLUME_TOO_LOW
NSE,STOCK,MRPL,Mangalore Refinery and Petrochemicals Limited,INE103A01014,,EQ,MRPL.NS,174.8300018310547,12238627.65,PASS,PASS
NSE,STOCK,MSL,Mangalam Seeds Limited,INE829S01016,,EQ,MSL.NS,137.52999877929688,197.92307692307693,FAIL,VOLUME_TOO_LOW
NSE,STOCK,MSPL,MSP Steel & Power Limited,INE752G01015,,EQ,MSPL.NS,35.34000015258789,825078.8,FAIL,PRICE_TOO_LOW
NSE,STOCK,MSTCLTD,Mstc Limited,INE255X01014,,EQ,MSTCLTD.NS,744.25,436872.9,PASS,PASS
NSE,STOCK,MSUMI,Motherson Sumi Wiring India Limited,INE0FS801015,,EQ,MSUMI.NS,36.52000045776367,8896402.15,FAIL,PRICE_TOO_LOW
NSE,STOCK,MTARTECH,Mtar Technologies Limited,INE864I01014,,BE,MTARTECH.NS,7161.0,100989.7,PASS,PASS
NSE,STOCK,MTEDUCARE,MT Educare Limited,INE472M01018,,BE,MTEDUCARE.NS,1.690000057220459,43968.8,FAIL,PRICE_TOO_LOW
NSE,STOCK,MTNL,Mahanagar Telephone Nigam Limited,INE153A01019,,EQ,MTNL.NS,26.549999237060547,983716.8,FAIL,PRICE_TOO_LOW
NSE,STOCK,MUFIN,Mufin Green Finance Limited,INE08KJ01020,,EQ,MUFIN.NS,136.9199981689453,1051741.6,PASS,PASS
NSE,STOCK,MUFTI,Credo Brands Marketing Limited,INE220Q01020,,EQ,MUFTI.NS,72.87000274658203,128092.1,PASS,PASS
NSE,STOCK,MUKANDLTD,Mukand Limited,INE304A01026,,EQ,MUKANDLTD.NS,132.97000122070312,163760.65,PASS,PASS
NSE,STOCK,MUKESHB,Mukesh Babu Financial Services Limited,INE596B01017,,EQ,MUKESHB.NS,134.0,33946.153846153844,FAIL,VOLUME_TOO_LOW
NSE,STOCK,MUKKA,Mukka Proteins Limited,INE0CG401037,,EQ,MUKKA.NS,31.34000015258789,1343184.3,FAIL,PRICE_TOO_LOW
NSE,STOCK,MUKTAARTS,Mukta Arts Limited,INE374B01019,,BE,MUKTAARTS.NS,56.09999847412109,2860.7,FAIL,VOLUME_TOO_LOW
NSE,STOCK,MUNJALAU,Munjal Auto Industries Limited,INE672B01032,,EQ,MUNJALAU.NS,112.91999816894533,4440460.6,PASS,PASS
NSE,STOCK,MUNJALSHOW,Munjal Showa Limited,INE577A01027,,EQ,MUNJALSHOW.NS,129.27000427246094,58311.1,FAIL,VOLUME_TOO_LOW
NSE,STOCK,MURUDCERA,Murudeshwar Ceramics Limited,INE692B01014,,EQ,MURUDCERA.NS,29.96999931335449,16548.95,FAIL,PRICE_TOO_LOW
NSE,STOCK,MUTHOOTCAP,Muthoot Capital Services Limited,INE296G01013,,EQ,MUTHOOTCAP.NS,243.75,11584.55,FAIL,VOLUME_TOO_LOW
NSE,STOCK,MUTHOOTFIN,Muthoot Finance Limited,INE414G01012,,EQ,MUTHOOTFIN.NS,2926.5,997440.1,PASS,PASS
NSE,STOCK,MUTHOOTMF,Muthoot Microfin Limited,INE046W01019,,EQ,MUTHOOTMF.NS,206.88999938964844,625278.75,PASS,PASS
NSE,STOCK,MVELECTRO,MV Electrosystems Limited,INE0OWZ01020,,EQ,MVELECTRO.NS,729.7000122070312,4377448.0,PASS,PASS
NSE,STOCK,MVGJL,Manoj Vaibhav Gems N Jewellers Limited,INE0KNT01012,,EQ,MVGJL.NS,179.89999389648438,186132.5,PASS,PASS
NSE,STOCK,MWL,Mangalam Worldwide Limited,INE0JYY01029,,EQ,MWL.NS,39.08000183105469,541295.35,FAIL,PRICE_TOO_LOW
NSE,STOCK,MYSORPETRO,Mysore Petro Chemicals Limited,INE741A01011,,BE,MYSORPETRO.NS,124.88999938964844,78015.69230769231,FAIL,VOLUME_TOO_LOW
NSE,STOCK,NACLIND,NACL Industries Limited,INE295D01020,,EQ,NACLIND.NS,166.4499969482422,461861.9,PASS,PASS
NSE,STOCK,NAGREEKCAP,Nagreeka Capital & Infrastructure Limited,INE245I01016,,EQ,NAGREEKCAP.NS,22.8700008392334,5288.95,FAIL,PRICE_TOO_LOW
NSE,STOCK,NAGREEKEXP,Nagreeka Exports Limited,INE123B01028,,EQ,NAGREEKEXP.NS,21.299999237060547,134346.3,FAIL,PRICE_TOO_LOW
NSE,STOCK,NAHARCAP,Nahar Capital and Financial Services Limited,INE049I01012,,EQ,NAHARCAP.NS,259.5,3852.7,FAIL,VOLUME_TOO_LOW
NSE,STOCK,NAHARINDUS,Nahar Industrial Enterprises Limited,INE289A01011,,EQ,NAHARINDUS.NS,137.9600067138672,95064.3,FAIL,VOLUME_TOO_LOW
NSE,STOCK,NAHARPOLY,Nahar Poly Films Limited,INE308A01027,,EQ,NAHARPOLY.NS,248.38999938964844,14055.4,FAIL,VOLUME_TOO_LOW
NSE,STOCK,NAHARSPING,Nahar Spinning Mills Limited,INE290A01027,,EQ,NAHARSPING.NS,293.0,39391.15,FAIL,VOLUME_TOO_LOW
NSE,STOCK,NAM-INDIA,Nippon Life India Asset Management Limited,INE298J01013,,EQ,NAM-INDIA.NS,1159.9000244140625,1376135.25,PASS,PASS
NSE,STOCK,NARMADA,Narmada Agrobase Limited,INE117Z01029,,EQ,NARMADA.NS,13.619999885559082,797136.55,FAIL,PRICE_TOO_LOW
NSE,STOCK,NATCAPSUQ,Natural Capsules Limited,INE936B01015,,BE,NATCAPSUQ.NS,226.97999572753903,51623.0,FAIL,VOLUME_TOO_LOW
NSE,STOCK,NATCOPHARM,Natco Pharma Limited,INE987B01026,,EQ,NATCOPHARM.NS,828.6500244140625,512851.6,PASS,PASS
NSE,STOCK,NATHBIOGEN,Nath Bio-Genes (India) Limited,INE448G01010,,EQ,NATHBIOGEN.NS,153.07000732421875,14066.9,FAIL,VOLUME_TOO_LOW
NSE,STOCK,NATIONALUM,National Aluminium Company Limited,INE139A01034,,EQ,NATIONALUM.NS,374.0,7525429.5,PASS,PASS
NSE,STOCK,NATIONSTD,National Standard (India) Limited,INE166R01015,,EQ,NATIONSTD.NS,107.73999786376952,118277.71428571429,PASS,PASS
NSE,STOCK,NAUKRI,Info Edge (India) Limited,INE663F01032,,EQ,NAUKRI.NS,1330.0,1966278.25,PASS,PASS
NSE,STOCK,NAVA,NAVA LIMITED,INE725A01030,,EQ,NAVA.NS,557.2000122070312,337772.9,PASS,PASS
NSE,STOCK,NAVINFLUOR,Navin Fluorine International Limited,INE048G01026,,EQ,NAVINFLUOR.NS,8557.5,142471.35,PASS,PASS
NSE,STOCK,NAVKARCORP,Navkar Corporation Limited,INE278M01019,,EQ,NAVKARCORP.NS,97.44000244140624,219865.85,PASS,PASS
NSE,STOCK,NAVKARURB,Navkar Urbanstructure Limited,INE268H01044,,BE,NAVKARURB.NS,0.8899999856948853,374463.1,FAIL,PRICE_TOO_LOW
NSE,STOCK,NAVNETEDUL,Navneet Education Limited,INE060A01024,,EQ,NAVNETEDUL.NS,132.0800018310547,156854.3,PASS,PASS
NSE,STOCK,NAZARA,Nazara Technologies Limited,INE418L01047,,EQ,NAZARA.NS,368.6499938964844,1873436.95,PASS,PASS
NSE,STOCK,NBCC,NBCC (India) Limited,INE095N01031,,EQ,NBCC.NS,86.5,5614064.2,PASS,PASS
NSE,STOCK,NBIFIN,N. B. I. Industrial Finance Company Limited,INE365I01020,,EQ,NBIFIN.NS,1983.4000244140625,333.4,FAIL,VOLUME_TOO_LOW
NSE,STOCK,NCC,NCC Limited,INE868B01028,,EQ,NCC.NS,149.6999969482422,2781966.7,PASS,PASS
NSE,STOCK,NCLIND,NCL Industries Limited,INE732C01016,,EQ,NCLIND.NS,177.36000061035156,68909.0,FAIL,VOLUME_TOO_LOW
NSE,STOCK,NDGL,Naga Dhunseri Group Limited,INE756C01015,,EQ,NDGL.NS,2757.60009765625,416.5,FAIL,VOLUME_TOO_LOW
NSE,STOCK,NDL,Nandan Denim Limited,INE875G01048,,EQ,NDL.NS,2.8299999237060547,2487482.65,FAIL,PRICE_TOO_LOW
NSE,STOCK,NDLVENTURE,NDL Ventures Limited,INE353A01023,,EQ,NDLVENTURE.NS,123.01000213623048,34122.85,FAIL,VOLUME_TOO_LOW
NSE,STOCK,NDRAUTO,Ndr Auto Components Limited,INE07OG01012,,EQ,NDRAUTO.NS,724.2000122070312,31622.05,FAIL,VOLUME_TOO_LOW
NSE,STOCK,NDTV,New Delhi Television Limited,INE155G01029,,EQ,NDTV.NS,70.66000366210938,80973.4,FAIL,VOLUME_TOO_LOW
NSE,STOCK,NEAGI,Neelamalai Agro Industries Limited,INE605D01012,,EQ,NEAGI.NS,3370.10009765625,49.15384615384615,FAIL,VOLUME_TOO_LOW
NSE,STOCK,NECCLTD,North Eastern Carrying Corporation Limited,INE553C01016,,BE,NECCLTD.NS,18.51000022888184,135345.55,FAIL,PRICE_TOO_LOW
NSE,STOCK,NECLIFE,Nectar Lifesciences Limited,INE023H01027,,EQ,NECLIFE.NS,12.170000076293944,352172.6,FAIL,PRICE_TOO_LOW
NSE,STOCK,NELCAST,Nelcast Limited,INE189I01024,,EQ,NELCAST.NS,118.76000213623048,123605.25,PASS,PASS
NSE,STOCK,NELCO,NELCO Limited,INE045B01015,,EQ,NELCO.NS,911.25,495370.65,PASS,PASS
NSE,STOCK,NEOGEN,Neogen Chemicals Limited,INE136S01016,,EQ,NEOGEN.NS,2137.10009765625,217265.65,PASS,PASS
NSE,STOCK,NEPHROPLUS,Nephrocare Health Services Limited,INE428V01029,,EQ,NEPHROPLUS.NS,706.75,185453.35,PASS,PASS
NSE,STOCK,NESCO,Nesco Limited,INE317F01035,,EQ,NESCO.NS,1044.800048828125,35567.2,FAIL,VOLUME_TOO_LOW
NSE,STOCK,NESTLEIND,Nestle India Limited,INE239A01024,,EQ,NESTLEIND.NS,1416.0,1574951.3,PASS,PASS
NSE,STOCK,NETWEB,Netweb Technologies India Limited,INE0NT901020,,EQ,NETWEB.NS,5193.0,2067583.45,PASS,PASS
NSE,STOCK,NETWORK18,Network18 Media & Investments Limited,INE870H01013,,EQ,NETWORK18.NS,27.549999237060547,6871353.5,FAIL,PRICE_TOO_LOW
NSE,STOCK,NEUEON,Neueon Corporation Limited,INE333I01044,,BE,NEUEON.NS,10.9399995803833,50608.0,FAIL,PRICE_TOO_LOW
NSE,STOCK,NEULANDLAB,Neuland Laboratories Limited,INE794A01010,,EQ,NEULANDLAB.NS,22890.0,66997.2,FAIL,VOLUME_TOO_LOW
NSE,STOCK,NEWGEN,Newgen Software Technologies Limited,INE619B01017,,EQ,NEWGEN.NS,517.6500244140625,1300738.35,PASS,PASS
NSE,STOCK,NEXTMEDIA,Next Mediaworks Limited,INE747B01016,,EQ,NEXTMEDIA.NS,4.0,112419.0,FAIL,PRICE_TOO_LOW
NSE,STOCK,NFL,National Fertilizers Limited,INE870D01012,,EQ,NFL.NS,70.51000213623047,947805.3,PASS,PASS
NSE,STOCK,NGIL,Nakoda Group of Industries Limited,INE236Y01012,,EQ,NGIL.NS,40.2400016784668,45015.4,FAIL,PRICE_TOO_LOW
NSE,STOCK,NGLFINE,NGL Fine-Chem Limited,INE887E01022,,EQ,NGLFINE.NS,2940.800048828125,19744.95,FAIL,VOLUME_TOO_LOW
NSE,STOCK,NH,Narayana Hrudayalaya Ltd.,INE410P01011,,EQ,NH.NS,1882.199951171875,291692.55,PASS,PASS
NSE,STOCK,NHPC,NHPC Limited,INE848E01016,,EQ,NHPC.NS,76.25,8075070.65,PASS,PASS
NSE,STOCK,NIACL,The New India Assurance Company Limited,INE470Y01017,,EQ,NIACL.NS,229.91000366210935,7306488.9,PASS,PASS
NSE,STOCK,NIBE,NIBE Limited,INE149O01018,,EQ,NIBE.NS,1322.0,76259.65,FAIL,VOLUME_TOO_LOW
NSE,STOCK,NIBL,NRB Industrial Bearings Limited,INE047O01014,,EQ,NIBL.NS,30.76000022888184,14662.8,FAIL,PRICE_TOO_LOW
NSE,STOCK,NICCOPAR,Nicco Parks & Resorts Limited,INE653C01022,,EQ,NICCOPAR.NS,78.19999694824219,32952.0,FAIL,VOLUME_TOO_LOW
NSE,STOCK,NIITLTD,NIIT Limited,INE161A01038,,EQ,NIITLTD.NS,97.56999969482422,486776.65,PASS,PASS
NSE,STOCK,NIITMTS,NIIT Learning Systems Limited,INE342G01023,,EQ,NIITMTS.NS,222.91000366210935,112180.6,PASS,PASS
NSE,STOCK,NILAINFRA,Nila Infrastructures Limited,INE937C01029,,EQ,NILAINFRA.NS,6.699999809265137,178127.75,FAIL,PRICE_TOO_LOW
NSE,STOCK,NILASPACES,Nila Spaces Limited,INE00S901012,,EQ,NILASPACES.NS,12.279999732971191,1341725.4,FAIL,PRICE_TOO_LOW
NSE,STOCK,NILE,Nile Limited,INE445D01013,,EQ,NILE.NS,1470.5,3667.230769230769,FAIL,VOLUME_TOO_LOW
NSE,STOCK,NILKAMAL,Nilkamal Limited,INE310A01015,,EQ,NILKAMAL.NS,2111.10009765625,123484.05,PASS,PASS
NSE,STOCK,NIMBSPROJ,Nimbus Projects Limited,INE875B01015,,EQ,NIMBSPROJ.NS,151.92999267578125,77095.55,FAIL,VOLUME_TOO_LOW
NSE,STOCK,NINSYS,NINtec Systems Limited,INE395U01014,,EQ,NINSYS.NS,709.25,4187.3,FAIL,VOLUME_TOO_LOW
NSE,STOCK,NIPPOBATRY,Indo-National Limited,INE567A01028,,EQ,NIPPOBATRY.NS,324.0,1745.95,FAIL,VOLUME_TOO_LOW
NSE,STOCK,NIRAJ,Niraj Cement Structurals Limited,INE368I01016,,EQ,NIRAJ.NS,29.1299991607666,54045.3,FAIL,PRICE_TOO_LOW
NSE,STOCK,NIRAJISPAT,Niraj Ispat Industries Limited,INE326T01011,,BE,NIRAJISPAT.NS,408.2000122070313,343.9,FAIL,VOLUME_TOO_LOW
NSE,STOCK,NIRLON,Nirlon Limited,INE910A01012,,EQ,NIRLON.NS,621.5999755859375,12504.55,FAIL,VOLUME_TOO_LOW
NSE,STOCK,NITCO,Nitco Limited,INE858F01012,,EQ,NITCO.NS,96.27999877929688,1748466.5,PASS,PASS
NSE,STOCK,NITINSPIN,Nitin Spinners Limited,INE229H01012,,EQ,NITINSPIN.NS,640.25,357526.75,PASS,PASS
NSE,STOCK,NITIRAJ,Nitiraj Engineers Limited,INE439T01012,,EQ,NITIRAJ.NS,205.1300048828125,2634.9,FAIL,VOLUME_TOO_LOW
NSE,STOCK,NITTAGELA,Nitta Gelatin India Limited,INE265B01019,,EQ,NITTAGELA.NS,1639.0999755859375,4688.9,FAIL,VOLUME_TOO_LOW
NSE,STOCK,NIVABUPA,Niva Bupa Health Insurance Company Limited,INE995S01015,,EQ,NIVABUPA.NS,80.7300033569336,699850.05,PASS,PASS
NSE,STOCK,NKIND,NK Industries Limited,INE542C01019,,EQ,NKIND.NS,56.31999969482422,19795.95,FAIL,VOLUME_TOO_LOW
NSE,STOCK,NLCINDIA,NLC India Limited,INE589A01014,,EQ,NLCINDIA.NS,273.04998779296875,1829051.6,PASS,PASS
NSE,STOCK,NMDC,NMDC Limited,INE584A01023,,EQ,NMDC.NS,84.69999694824219,18559158.85,PASS,PASS
NSE,STOCK,NOCIL,NOCIL Limited,INE163A01018,,EQ,NOCIL.NS,171.8000030517578,443187.1,PASS,PASS
NSE,STOCK,NOIDATOLL,Noida Toll Bridge Company Limited,INE781B01015,,EQ,NOIDATOLL.NS,4.269999980926514,93158.3,FAIL,PRICE_TOO_LOW
NSE,STOCK,NORBTEAEXP,Norben Tea & Exports Limited,INE369C01017,,EQ,NORBTEAEXP.NS,68.55000305175781,1499.95,FAIL,VOLUME_TOO_LOW
NSE,STOCK,NORTHARC,Northern Arc Capital Limited,INE850M01015,,EQ,NORTHARC.NS,302.1499938964844,2566109.45,PASS,PASS
NSE,STOCK,NOVAAGRI,Nova Agritech Limited,INE02H701025,,BE,NOVAAGRI.NS,23.8700008392334,55609.0,FAIL,PRICE_TOO_LOW
NSE,STOCK,NOVARTIND,Novartis India Limited,INE234A01025,,EQ,NOVARTIND.NS,1614.0999755859375,13723.3,FAIL,VOLUME_TOO_LOW
NSE,STOCK,NPST,Network People Services Technologies Limited,INE0FFK01017,,EQ,NPST.NS,1718.4000244140625,61153.15,FAIL,VOLUME_TOO_LOW
NSE,STOCK,NRAIL,N R Agarwal Industries Limited,INE740D01017,,EQ,NRAIL.NS,584.0,16085.9,FAIL,VOLUME_TOO_LOW
NSE,STOCK,NRBBEARING,NRB Bearing Limited,INE349A01021,,EQ,NRBBEARING.NS,451.0499877929688,478844.25,PASS,PASS
NSE,STOCK,NRL,Nupur Recyclers Limited,INE0JM501013,,BE,NRL.NS,124.44000244140624,73037.05,FAIL,VOLUME_TOO_LOW
NSE,STOCK,NSIL,Nalwa Sons Investments Limited,INE023A01030,,EQ,NSIL.NS,5683.0,1945.4,FAIL,VOLUME_TOO_LOW
NSE,STOCK,NSLNISP,NMDC Steel Limited,INE0NNS01018,,EQ,NSLNISP.NS,45.400001525878906,13059790.05,FAIL,PRICE_TOO_LOW
NSE,STOCK,NTCIND,NTC Industries Limited,INE920C01017,,EQ,NTCIND.NS,132.9499969482422,2184.769230769231,FAIL,VOLUME_TOO_LOW
NSE,STOCK,NTPC,NTPC Limited,INE733E01010,,EQ,NTPC.NS,332.5,8595838.6,PASS,PASS
NSE,STOCK,NTPCGREEN,NTPC Green Energy Limited,INE0ONG01011,,EQ,NTPCGREEN.NS,89.36000061035156,1869465.15,PASS,PASS
NSE,STOCK,NUCLEUS,Nucleus Software Exports Limited,INE096B01018,,EQ,NUCLEUS.NS,740.0,32878.5,FAIL,VOLUME_TOO_LOW
NSE,STOCK,NURECA,Nureca Limited,INE0DSF01015,,BE,NURECA.NS,332.6000061035156,11341.75,FAIL,VOLUME_TOO_LOW
NSE,STOCK,NUVAMA,Nuvama Wealth Management Limited,INE531F01023,,EQ,NUVAMA.NS,1815.5999755859373,381327.0,PASS,PASS
NSE,STOCK,NUVOCO,Nuvoco Vistas Corporation Limited,INE118D01016,,EQ,NUVOCO.NS,352.1499938964844,354119.9,PASS,PASS
NSE,STOCK,NYKAA,FSN E-Commerce Ventures Limited,INE388Y01029,,EQ,NYKAA.NS,332.5,4641148.15,PASS,PASS
NSE,STOCK,OAL,Oriental Aromatics Limited,INE959C01023,,EQ,OAL.NS,502.2999877929688,128020.45,PASS,PASS
NSE,STOCK,OBCL,OBCL Limited,INE426Z01016,,EQ,OBCL.NS,54.9900016784668,23642.5,FAIL,VOLUME_TOO_LOW
NSE,STOCK,OBEROIRLTY,Oberoi Realty Limited,INE093I01010,,EQ,OBEROIRLTY.NS,1902.0,520459.55,PASS,PASS
NSE,STOCK,OCCLLTD,OCCL Limited,INE0PK601023,,BE,OCCLLTD.NS,164.32000732421875,56804.2,FAIL,VOLUME_TOO_LOW
NSE,STOCK,ODIGMA,Odigma Consultancy Solutions Limited,INE054301028,,EQ,ODIGMA.NS,23.46999931335449,14358.2,FAIL,PRICE_TOO_LOW
NSE,STOCK,ODYCORP,Odyssey Corporation Limited,INE839E01023,,EQ,ODYCORP.NS,6.929999828338623,60675.230769230766,FAIL,PRICE_TOO_LOW
NSE,STOCK,OFSS,Oracle Financial Services Software Limited,INE881D01027,,EQ,OFSS.NS,12058.0,216511.85,PASS,PASS
NSE,STOCK,OIL,Oil India Limited,INE274J01014,,EQ,OIL.NS,488.2999877929688,2912653.1,PASS,PASS
NSE,STOCK,OILCOUNTUB,Oil Country Tubular Limited,INE591A01010,,BE,OILCOUNTUB.NS,66.31999969482422,35697.15,FAIL,VOLUME_TOO_LOW
NSE,STOCK,OLAELEC,Ola Electric Mobility Limited,INE0LXG01040,,EQ,OLAELEC.NS,38.20000076293945,49014083.85,FAIL,PRICE_TOO_LOW
NSE,STOCK,OLECTRA,Olectra Greentech Limited,INE260D01016,,EQ,OLECTRA.NS,1229.0,419291.05,PASS,PASS
NSE,STOCK,OMAXAUTO,Omax Autos Limited,INE090B01011,,EQ,OMAXAUTO.NS,183.58999633789065,84382.5,FAIL,VOLUME_TOO_LOW
NSE,STOCK,OMAXE,Omaxe Limited,INE800H01010,,EQ,OMAXE.NS,136.3800048828125,9103296.7,PASS,PASS
NSE,STOCK,OMFREIGHT,Om Freight Forwarders Limited,INE1BZC01019,,BE,OMFREIGHT.NS,89.0,10591.8,FAIL,VOLUME_TOO_LOW
NSE,STOCK,OMINFRAL,OM INFRA LIMITED,INE239D01028,,EQ,OMINFRAL.NS,82.68000030517578,69445.2,FAIL,VOLUME_TOO_LOW
NSE,STOCK,OMNI,Omnitech Engineering Limited,INE0UH301010,,EQ,OMNI.NS,519.25,1494626.55,PASS,PASS
NSE,STOCK,OMPOWER,Om Power Transmission Limited,INE25E901019,,EQ,OMPOWER.NS,175.67999267578125,115488.1,PASS,PASS
NSE,STOCK,ONEGLOBAL,One Global Service Provider Limited,INE670O01013,,EQ,ONEGLOBAL.NS,527.1500244140625,22828.615384615383,FAIL,VOLUME_TOO_LOW
NSE,STOCK,ONELIFECAP,Onelife Capital Advisors Limited,INE912L01015,,BE,ONELIFECAP.NS,31.979999542236328,58921.05,FAIL,PRICE_TOO_LOW
NSE,STOCK,ONEPOINT,One Point One Solutions Limited,INE840Y01029,,EQ,ONEPOINT.NS,57.0099983215332,1015570.6,PASS,PASS
NSE,STOCK,ONESOURCE,Onesource Specialty Pharma Limited,INE013P01021,,EQ,ONESOURCE.NS,1575.699951171875,139064.0,PASS,PASS
NSE,STOCK,ONGC,Oil & Natural Gas Corporation Limited,INE213A01029,,EQ,ONGC.NS,234.6499938964844,11570474.0,PASS,PASS
NSE,STOCK,ONIDA,Onida Electronics Limited,INE831A01028,,EQ,ONIDA.NS,34.63999938964844,378149.3,FAIL,PRICE_TOO_LOW
NSE,STOCK,ONIXSOLAR,Onix Solar Energy Limited,INE173M01012,,EQ,ONIXSOLAR.NS,384.0,337188.3846153846,PASS,PASS
NSE,STOCK,ONMOBILE,OnMobile Global Limited,INE809I01019,,BE,ONMOBILE.NS,47.540000915527344,28752.7,FAIL,PRICE_TOO_LOW
NSE,STOCK,ONWARDTEC,Onward Technologies Limited,INE229A01017,,EQ,ONWARDTEC.NS,283.29998779296875,29192.35,FAIL,VOLUME_TOO_LOW
NSE,STOCK,OPTIEMUS,Optiemus Infracom Limited,INE350C01017,,EQ,OPTIEMUS.NS,564.8499755859375,259866.1,PASS,PASS
NSE,STOCK,OPTIFIN,Optimus Finance Limited,INE031G01022,,EQ,OPTIFIN.NS,14.979999542236328,95971.76923076923,FAIL,PRICE_TOO_LOW
NSE,STOCK,ORBTEXP,Orbit Exports Limited,INE231G01010,,BE,ORBTEXP.NS,238.0,14578.15,FAIL,VOLUME_TOO_LOW
NSE,STOCK,ORCHASP,Orchasp Limited,INE215B01022,,EQ,ORCHASP.NS,1.409999966621399,332333.8,FAIL,PRICE_TOO_LOW
NSE,STOCK,ORCHPHARMA,Orchid Pharma Limited,INE191A01027,,EQ,ORCHPHARMA.NS,954.6500244140624,92540.95,FAIL,VOLUME_TOO_LOW
NSE,STOCK,ORICONENT,Oricon Enterprises Limited,INE730A01022,,EQ,ORICONENT.NS,52.9900016784668,124147.5,PASS,PASS
NSE,STOCK,ORIENTALTL,Oriental Trimex Limited,INE998H01012,,EQ,ORIENTALTL.NS,5.019999980926514,70575.75,FAIL,PRICE_TOO_LOW
NSE,STOCK,ORIENTBELL,Orient Bell Limited,INE607D01018,,EQ,ORIENTBELL.NS,412.6499938964844,54842.75,FAIL,VOLUME_TOO_LOW
NSE,STOCK,ORIENTCEM,Orient Cement Limited,INE876N01018,,EQ,ORIENTCEM.NS,129.67999267578125,206668.0,PASS,PASS
NSE,STOCK,ORIENTCER,ORIENT CERATECH LIMITED,INE569C01020,,EQ,ORIENTCER.NS,43.93999862670898,115367.95,FAIL,PRICE_TOO_LOW
NSE,STOCK,ORIENTELEC,Orient Electric Limited,INE142Z01019,,EQ,ORIENTELEC.NS,178.14999389648438,355868.95,PASS,PASS
NSE,STOCK,ORIENTHOT,Oriental Hotels Limited,INE750A01020,,EQ,ORIENTHOT.NS,139.92999267578125,3869271.15,PASS,PASS
NSE,STOCK,ORIENTLTD,Orient Press Limited,INE609C01024,,BE,ORIENTLTD.NS,80.6500015258789,2723.65,FAIL,VOLUME_TOO_LOW
NSE,STOCK,ORIENTPPR,Orient Paper & Industries Limited,INE592A01026,,EQ,ORIENTPPR.NS,17.1299991607666,246282.45,FAIL,PRICE_TOO_LOW
NSE,STOCK,ORIENTTECH,Orient Technologies Limited,INE0PPK01015,,EQ,ORIENTTECH.NS,238.38999938964844,143784.8,PASS,PASS
NSE,STOCK,ORIRAIL,Oriental Rail Infrastructure Limited,INE457G01029,,EQ,ORIRAIL.NS,125.72000122070312,370010.3076923077,PASS,PASS
NSE,STOCK,ORISSAMINE,The Orissa Minerals Development Company Limited,INE725E01024,,EQ,ORISSAMINE.NS,4290.2998046875,49967.6,FAIL,VOLUME_TOO_LOW
NSE,STOCK,ORKLAINDIA,Orkla India Limited,INE16NZ01023,,EQ,ORKLAINDIA.NS,588.5,141707.4,PASS,PASS
NSE,STOCK,ORTINGLOBE,ORTIN GLOBAL LIMITED,INE749B01020,,EQ,ORTINGLOBE.NS,15.020000457763672,13760.5,FAIL,PRICE_TOO_LOW
NSE,STOCK,OSIAHYPER,Osia Hyper Retail Limited,INE06IR01021,,BE,OSIAHYPER.NS,2.4800000190734863,507620.45,FAIL,PRICE_TOO_LOW
NSE,STOCK,OSWALAGRO,Oswal Agro Mills Limited,INE142A01012,,EQ,OSWALAGRO.NS,36.880001068115234,48306.8,FAIL,PRICE_TOO_LOW
NSE,STOCK,OSWALGREEN,Oswal Greentech Limited,INE143A01010,,EQ,OSWALGREEN.NS,20.38999938964844,108657.75,FAIL,PRICE_TOO_LOW
NSE,STOCK,OSWALPUMPS,Oswal Pumps Limited,INE0BYP01024,,EQ,OSWALPUMPS.NS,279.54998779296875,627605.8,PASS,PASS
NSE,STOCK,OSWALSEEDS,ShreeOswal Seeds And Chemicals Limited,INE00IK01029,,EQ,OSWALSEEDS.NS,11.920000076293944,320395.5,FAIL,PRICE_TOO_LOW
NSE,STOCK,PACEDIGITK,Pace Digitek Limited,INE0S3G01027,,EQ,PACEDIGITK.NS,167.58999633789062,614739.85,PASS,PASS
NSE,STOCK,PACIFICI,Pacific Industries Limited,INE883C01025,,EQ,PACIFICI.NS,145.0,1433.7692307692307,FAIL,VOLUME_TOO_LOW
NSE,STOCK,PAGEIND,Page Industries Limited,INE761H01022,,EQ,PAGEIND.NS,35865.0,35749.25,FAIL,VOLUME_TOO_LOW
NSE,STOCK,PAISALO,Paisalo Digital Limited,INE420C01059,,EQ,PAISALO.NS,74.0999984741211,9546441.7,PASS,PASS
NSE,STOCK,PAKKA,PAKKA LIMITED,INE551D01018,,EQ,PAKKA.NS,73.63999938964844,324667.65,PASS,PASS
NSE,STOCK,PALASHSECU,Palash Securities Limited,INE471W01019,,EQ,PALASHSECU.NS,88.43000030517578,2733.5,FAIL,VOLUME_TOO_LOW
NSE,STOCK,PALREDTEC,Palred Technologies Limited,INE218G01033,,BE,PALREDTEC.NS,53.20000076293945,7079.95,FAIL,VOLUME_TOO_LOW
NSE,STOCK,PANACEABIO,Panacea Biotec Limited,INE922B01023,,EQ,PANACEABIO.NS,381.25,135120.95,PASS,PASS
NSE,STOCK,PANACHE,Panache Digilife Limited,INE895W01019,,BE,PANACHE.NS,525.0,12220.1,FAIL,VOLUME_TOO_LOW
NSE,STOCK,PANAMAPET,Panama Petrochem Limited,INE305C01029,,EQ,PANAMAPET.NS,484.5499877929688,1207979.4,PASS,PASS
NSE,STOCK,PANCHMAHQ,Panchmahal Steel Limited,INE798F01010,,EQ,PANCHMAHQ.NS,300.0,314.0769230769231,FAIL,VOLUME_TOO_LOW
NSE,STOCK,PANORAMA,Panorama Studios International Limited,INE258R01028,,EQ,PANORAMA.NS,47.40999984741211,374370.0714285714,FAIL,PRICE_TOO_LOW
NSE,STOCK,PANSARI,Pansari Developers Limited,INE697V01011,,EQ,PANSARI.NS,300.0,998.55,FAIL,VOLUME_TOO_LOW
NSE,STOCK,PAR,Par Drugs And Chemicals Limited,INE04LG01015,,BE,PAR.NS,164.9499969482422,169260.6,PASS,PASS
NSE,STOCK,PARACABLES,Paramount Communications Limited,INE074B01023,,EQ,PARACABLES.NS,65.51000213623047,2142204.85,PASS,PASS
NSE,STOCK,PARADEEP,Paradeep Phosphates Limited,INE088F01024,,EQ,PARADEEP.NS,157.0,6143788.7,PASS,PASS
NSE,STOCK,PARAGMILK,Parag Milk Foods Limited,INE883N01014,,EQ,PARAGMILK.NS,249.6000061035156,1306609.15,PASS,PASS
NSE,STOCK,PARAS,Paras Defence and Space Technologies Limited,INE045601023,,EQ,PARAS.NS,1411.5,1591348.6,PASS,PASS
NSE,STOCK,PARASPETRO,Paras Petrofils Limited,INE162C01024,,EQ,PARASPETRO.NS,2.130000114440918,199327.3,FAIL,PRICE_TOO_LOW
NSE,STOCK,PARKHOSPS,Park Medi World Limited,INE119201023,,EQ,PARKHOSPS.NS,286.70001220703125,585391.4,PASS,PASS
NSE,STOCK,PARKHOTELS,Apeejay Surrendra Park Hotels Limited,INE988S01028,,EQ,PARKHOTELS.NS,112.18000030517578,146213.2,PASS,PASS
NSE,STOCK,PARNAXLAB,Parnax Lab Limited,INE383L01019,,EQ,PARNAXLAB.NS,135.5399932861328,4287.076923076923,FAIL,VOLUME_TOO_LOW
NSE,STOCK,PARSVNATH,Parsvnath Developers Limited,INE561H01026,,BE,PARSVNATH.NS,1.5399999618530271,1476323.55,FAIL,PRICE_TOO_LOW
NSE,STOCK,PASHUPATI,Pashupati Cotspin Limited,INE124Y01028,,EQ,PASHUPATI.NS,83.0999984741211,49436.5,FAIL,VOLUME_TOO_LOW
NSE,STOCK,PASUPTAC,Pasupati Acrylon Limited,INE818B01023,,BE,PASUPTAC.NS,66.79000091552734,80793.95,FAIL,VOLUME_TOO_LOW
NSE,STOCK,PATANJALI,Patanjali Foods Limited,INE619A01035,,EQ,PATANJALI.NS,342.5,2999804.95,PASS,PASS
NSE,STOCK,PATELENG,Patel Engineering Limited,INE244B01030,,EQ,PATELENG.NS,27.11000061035156,3159205.8,FAIL,PRICE_TOO_LOW
NSE,STOCK,PATELRMART,Patel Retail Limited,INE0R8B01010,,EQ,PATELRMART.NS,220.5800018310547,108859.65,PASS,PASS
NSE,STOCK,PATINTLOG,Patel Integrated Logistics Limited,INE529D01014,,BE,PATINTLOG.NS,13.40999984741211,67542.15,FAIL,PRICE_TOO_LOW
NSE,STOCK,PAUSHAKLTD,Paushak Limited,INE111F01024,,EQ,PAUSHAKLTD.NS,785.5,63113.05,FAIL,VOLUME_TOO_LOW
NSE,STOCK,PAVNAIND,Pavna Industries Limited,INE07S101038,,EQ,PAVNAIND.NS,16.8700008392334,67615.45,FAIL,PRICE_TOO_LOW
NSE,STOCK,PAYTM,One 97 Communications Limited,INE982J01020,,EQ,PAYTM.NS,1659.5,4873502.1,PASS,PASS
NSE,STOCK,PBMPOLY,PBM Polytex Limited,INE501F01018,,EQ,PBMPOLY.NS,58.66999816894531,564.4615384615385,FAIL,VOLUME_TOO_LOW
NSE,STOCK,PCBL,PCBL Chemical Limited,INE602A01031,,EQ,PCBL.NS,317.0,973208.9,PASS,PASS
NSE,STOCK,PCJEWELLER,PC Jeweller Limited,INE785M01021,,EQ,PCJEWELLER.NS,11.859999656677246,291611226.1,FAIL,PRICE_TOO_LOW
NSE,STOCK,PDMJEPAPER,Pudumjee Paper Products Limited,INE865T01018,,EQ,PDMJEPAPER.NS,94.56999969482422,211270.1,PASS,PASS
NSE,STOCK,PDSL,PDS Limited,INE111Q01021,,EQ,PDSL.NS,353.8999938964844,141530.0,PASS,PASS
NSE,STOCK,PEARLPOLY,Pearl Polymers Limited,INE844A01013,,EQ,PEARLPOLY.NS,15.289999961853027,9996.4,FAIL,PRICE_TOO_LOW
NSE,STOCK,PENIND,Pennar Industries Limited,INE932A01024,,EQ,PENIND.NS,166.8800048828125,475489.0,PASS,PASS
NSE,STOCK,PENINLAND,Peninsula Land Limited,INE138A01028,,BE,PENINLAND.NS,16.059999465942383,95281.4,FAIL,PRICE_TOO_LOW
NSE,STOCK,PERMAGN,Permanent Magnets Limited,INE418E01018,,EQ,PERMAGN.NS,888.2000122070312,7699.928571428572,FAIL,VOLUME_TOO_LOW
NSE,STOCK,PERSISTENT,Persistent Systems Limited,INE262H01021,,EQ,PERSISTENT.NS,5643.0,472268.15,PASS,PASS
NSE,STOCK,PETRONET,Petronet LNG Limited,INE347G01014,,EQ,PETRONET.NS,288.1000061035156,2077424.95,PASS,PASS
NSE,STOCK,PFC,Power Finance Corporation Limited,INE134E01011,,EQ,PFC.NS,355.6000061035156,10441636.05,PASS,PASS
NSE,STOCK,PFIZER,Pfizer Limited,INE182A01018,,EQ,PFIZER.NS,4643.7001953125,53966.4,FAIL,VOLUME_TOO_LOW
NSE,STOCK,PFOCUS,Prime Focus Limited,INE367G01038,,EQ,PFOCUS.NS,307.0,983284.3,PASS,PASS
NSE,STOCK,PFS,PTC India Financial Services Limited,INE560K01014,,EQ,PFS.NS,26.940000534057617,427153.65,FAIL,PRICE_TOO_LOW
NSE,STOCK,PGEL,PG Electroplast Limited,INE457L01029,,EQ,PGEL.NS,553.9000244140625,1798061.1,PASS,PASS
NSE,STOCK,PGHH,Procter & Gamble Hygiene and Health Care Limited,INE179A01014,,EQ,PGHH.NS,7725.0,10860.35,FAIL,VOLUME_TOO_LOW
NSE,STOCK,PGHL,Procter & Gamble Health Limited,INE199A01012,,EQ,PGHL.NS,5757.5,12000.65,FAIL,VOLUME_TOO_LOW
NSE,STOCK,PGIL,Pearl Global Industries Limited,INE940H01022,,EQ,PGIL.NS,2278.300048828125,74747.35,FAIL,VOLUME_TOO_LOW
NSE,STOCK,PHOENIXLTD,The Phoenix Mills Limited,INE211B01039,,EQ,PHOENIXLTD.NS,1960.0,389229.85,PASS,PASS
NSE,STOCK,PHOENXINTL,Phoenix International Limited,INE245B01011,,EQ,PHOENXINTL.NS,29.479999542236328,4420.615384615385,FAIL,PRICE_TOO_LOW
NSE,STOCK,PICCADIL,Piccadily Agro Industries Limited,INE546C01010,,EQ,PICCADIL.NS,620.5,449031.25,PASS,PASS
NSE,STOCK,PIDILITIND,Pidilite Industries Limited,INE318A01026,,EQ,PIDILITIND.NS,1638.300048828125,823379.7,PASS,PASS
NSE,STOCK,PIGL,Power & Instrumentation (Gujarat) Limited,INE557Z01018,,EQ,PIGL.NS,98.77999877929688,59682.2,FAIL,VOLUME_TOO_LOW
NSE,STOCK,PIIND,PI Industries Limited,INE603J01030,,EQ,PIIND.NS,2419.89990234375,306037.5,PASS,PASS
NSE,STOCK,PILANIINVS,Pilani Investment and Industries Corporation Limited,INE417C01014,,EQ,PILANIINVS.NS,4354.5,2364.35,FAIL,VOLUME_TOO_LOW
NSE,STOCK,PILITA,PIL ITALICA LIFESTYLE LIMITED,INE600A01035,,EQ,PILITA.NS,7.949999809265137,79517.45,FAIL,PRICE_TOO_LOW
NSE,STOCK,PINELABS,Pine Labs Limited,INE15B701018,,EQ,PINELABS.NS,166.3699951171875,19990563.6,PASS,PASS
NSE,STOCK,PIONEEREMB,Pioneer Embroideries Limited,INE156C01018,,EQ,PIONEEREMB.NS,21.649999618530277,9238.95,FAIL,PRICE_TOO_LOW
NSE,STOCK,PIONRINV,Pioneer Investcorp Limited,INE746D01014,,BE,PIONRINV.NS,80.0,1202.2307692307693,FAIL,VOLUME_TOO_LOW
NSE,STOCK,PIRAMALFIN,Piramal Finance Limited,INE202B01038,,EQ,PIRAMALFIN.NS,2225.0,358165.05,PASS,PASS
NSE,STOCK,PITTIENG,Pitti Engineering Limited,INE450D01021,,EQ,PITTIENG.NS,1105.0999755859375,192327.95,PASS,PASS
NSE,STOCK,PIXTRANS,Pix Transmissions Limited,INE751B01018,,EQ,PIXTRANS.NS,1799.4000244140625,97581.75,FAIL,VOLUME_TOO_LOW
NSE,STOCK,PKTEA,The Peria Karamalai Tea & Produce Company Limited,INE431F01018,,EQ,PKTEA.NS,751.75,1330.1,FAIL,VOLUME_TOO_LOW
NSE,STOCK,PLASTIBLEN,Plastiblends India Limited,INE083C01022,,EQ,PLASTIBLEN.NS,188.3300018310547,41178.75,FAIL,VOLUME_TOO_LOW
NSE,STOCK,PLATIND,Platinum Industries Limited,INE0PT501018,,EQ,PLATIND.NS,234.4499969482422,82888.8,FAIL,VOLUME_TOO_LOW
NSE,STOCK,PLAZACABLE,Plaza Wires Limited,INE0INJ01017,,EQ,PLAZACABLE.NS,61.31999969482422,120977.5,PASS,PASS
NSE,STOCK,PML,Paul Merchants Limited,INE291E01019,,EQ,PML.NS,493.9500122070313,176.25,FAIL,VOLUME_TOO_LOW
NSE,STOCK,PNB,Punjab National Bank,INE160A01022,,EQ,PNB.NS,117.0,13673443.25,PASS,PASS
NSE,STOCK,PNBGILTS,PNB Gilts Limited,INE859A01011,,EQ,PNBGILTS.NS,78.62999725341797,249116.6,PASS,PASS
NSE,STOCK,PNBHOUSING,PNB Housing Finance Limited,INE572E01012,,EQ,PNBHOUSING.NS,1145.5,822907.0,PASS,PASS
NSE,STOCK,PNC,Pritish Nandy Communications Limited,INE392B01011,,EQ,PNC.NS,16.6200008392334,14371.25,FAIL,PRICE_TOO_LOW
NSE,STOCK,PNCINFRA,PNC Infratech Limited,INE195J01029,,EQ,PNCINFRA.NS,182.97000122070312,718109.4,PASS,PASS
NSE,STOCK,PNGJL,P N Gadgil Jewellers Limited,INE953R01016,,EQ,PNGJL.NS,609.0499877929688,479649.25,PASS,PASS
NSE,STOCK,PNGSREVA,PNGS Reva Diamond Jewellery Limited,INE1RDG01013,,EQ,PNGSREVA.NS,516.2999877929688,372426.7,PASS,PASS
NSE,STOCK,POCL,Pondy Oxides & Chemicals Limited,INE063E01061,,EQ,POCL.NS,477.7999877929688,359372.4,PASS,PASS
NSE,STOCK,PODDARMENT,Poddar Pigments Limited,INE371C01013,,EQ,PODDARMENT.NS,255.6000061035156,3430.75,FAIL,VOLUME_TOO_LOW
NSE,STOCK,POEL,POCL Enterprises Limited,INE035S01028,,EQ,POEL.NS,144.1999969482422,29785.53846153846,FAIL,VOLUME_TOO_LOW
NSE,STOCK,POKARNA,Pokarna Limited,INE637C01025,,EQ,POKARNA.NS,817.1500244140625,96951.7,FAIL,VOLUME_TOO_LOW
NSE,STOCK,POLICYBZR,PB Fintech Limited,INE417T01026,,EQ,POLICYBZR.NS,1870.0,1219462.55,PASS,PASS
NSE,STOCK,POLYCAB,Polycab India Limited,INE455K01017,,EQ,POLYCAB.NS,8300.0,362633.15,PASS,PASS
NSE,STOCK,POLYMED,Poly Medicure Limited,INE205C01021,,EQ,POLYMED.NS,1768.699951171875,257968.15,PASS,PASS
NSE,STOCK,POLYPLEX,Polyplex Corporation Limited,INE633B01018,,EQ,POLYPLEX.NS,1202.699951171875,132005.7,PASS,PASS
NSE,STOCK,POLYSPIN,Polyspin Exports Limited,INE914G01029,,EQ,POLYSPIN.NS,28.350000381469727,861.8461538461538,FAIL,PRICE_TOO_LOW
NSE,STOCK,PONNIERODE,Ponni Sugars (Erode) Limited,INE838E01017,,EQ,PONNIERODE.NS,398.6499938964844,107685.95,PASS,PASS
NSE,STOCK,POONAWALLA,Poonawalla Fincorp Limited,INE511C01022,,EQ,POONAWALLA.NS,468.4500122070313,1032603.05,PASS,PASS
NSE,STOCK,POWERGRID,Power Grid Corporation of India Limited,INE752E01010,,EQ,POWERGRID.NS,266.0,8237231.9,PASS,PASS
NSE,STOCK,POWERICA,Powerica Limited,INE921L01032,,EQ,POWERICA.NS,512.9500122070312,161161.0,PASS,PASS
NSE,STOCK,POWERINDIA,Hitachi Energy India Limited,INE07Y701011,,EQ,POWERINDIA.NS,31650.0,122280.35,PASS,PASS
NSE,STOCK,POWERMECH,Power Mech Projects Limited,INE211R01019,,EQ,POWERMECH.NS,2306.10009765625,65986.55,FAIL,VOLUME_TOO_LOW
NSE,STOCK,PPAP,PPAP Automotive Limited,INE095I01015,,BE,PPAP.NS,256.70001220703125,16554.1,FAIL,VOLUME_TOO_LOW
NSE,STOCK,PPL,Prakash Pipes Limited,INE050001010,,BE,PPL.NS,257.3999938964844,27014.65,FAIL,VOLUME_TOO_LOW
NSE,STOCK,PPLPHARMA,Piramal Pharma Limited,INE0DK501011,,EQ,PPLPHARMA.NS,214.22000122070312,4011175.45,PASS,PASS
NSE,STOCK,PRABHA,Prabha Energy Limited,INE0I0M01023,,EQ,PRABHA.NS,230.6000061035156,1335002.65,PASS,PASS
NSE,STOCK,PRADPME,Pradeep Metals Limited,INE770A01010,,BE,PRADPME.NS,497.4500122070313,6249.076923076923,FAIL,VOLUME_TOO_LOW
NSE,STOCK,PRAENG,Prajay Engineers Syndicate Limited,INE505C01016,,EQ,PRAENG.NS,25.75,107819.25,FAIL,PRICE_TOO_LOW
NSE,STOCK,PRAJIND,Praj Industries Limited,INE074A01025,,EQ,PRAJIND.NS,335.54998779296875,1206906.0,PASS,PASS
NSE,STOCK,PRAKASH,Prakash Industries Limited,INE603A01013,,EQ,PRAKASH.NS,123.66000366210938,606525.9,PASS,PASS
NSE,STOCK,PRAKASHSTL,Prakash Steelage Limited,INE696K01024,,EQ,PRAKASHSTL.NS,3.650000095367432,117695.45,FAIL,PRICE_TOO_LOW
NSE,STOCK,PRAVEG,Praveg Limited,INE722B01019,,EQ,PRAVEG.NS,260.3999938964844,92804.84615384616,FAIL,VOLUME_TOO_LOW
NSE,STOCK,PRAXIS,Praxis Home Retail Limited,INE546Y01022,,EQ,PRAXIS.NS,4.429999828338623,170920.7,FAIL,PRICE_TOO_LOW
NSE,STOCK,PRECAM,Precision Camshafts Limited,INE484I01029,,EQ,PRECAM.NS,122.0999984741211,109116.35,PASS,PASS
NSE,STOCK,PRECOT,Precot Limited,INE283A01014,,EQ,PRECOT.NS,699.9000244140625,9554.65,FAIL,VOLUME_TOO_LOW
NSE,STOCK,PRECWIRE,Precision Wires India Limited,INE372C01037,,EQ,PRECWIRE.NS,472.7999877929688,1466429.55,PASS,PASS
NSE,STOCK,PREMCO,Premco Global Limited,INE001E01012,,EQ,PREMCO.NS,385.5499877929688,562.3846153846154,FAIL,VOLUME_TOO_LOW
NSE,STOCK,PREMEXPLN,Premier Explosives Limited,INE863B01029,,EQ,PREMEXPLN.NS,666.3499755859375,268148.25,PASS,PASS
NSE,STOCK,PREMIER,Premier Limited,INE342A01018,,BE,PREMIER.NS,2.640000104904175,8702.8,FAIL,PRICE_TOO_LOW
NSE,STOCK,PREMIERENE,Premier Energies Limited,INE0BS701011,,EQ,PREMIERENE.NS,1008.0,1087437.0,PASS,PASS
NSE,STOCK,PREMIERPOL,Premier Polyfilm Limited,INE309M01020,,EQ,PREMIERPOL.NS,92.3499984741211,788763.25,PASS,PASS
NSE,STOCK,PRESTIGE,Prestige Estates Projects Limited,INE811K01011,,EQ,PRESTIGE.NS,1587.0,524931.3,PASS,PASS
NSE,STOCK,PRICOLLTD,Pricol Limited,INE726V01018,,EQ,PRICOLLTD.NS,768.4000244140625,459913.2,PASS,PASS
NSE,STOCK,PRIMESECU,Prime Securities Limited,INE032B01021,,EQ,PRIMESECU.NS,290.20001220703125,47170.1,FAIL,VOLUME_TOO_LOW
NSE,STOCK,PRIMO,Primo Chemicals Limited,INE607A01022,,EQ,PRIMO.NS,20.68000030517578,216244.7,FAIL,PRICE_TOO_LOW
NSE,STOCK,PRINCEPIPE,Prince Pipes And Fittings Limited,INE689W01016,,EQ,PRINCEPIPE.NS,283.0,212080.6,PASS,PASS
NSE,STOCK,PRIORITY,Priority Jewels Limited,INE15EH01014,,BE,PRIORITY.NS,241.5,1959092.0,PASS,PASS
NSE,STOCK,PRISMX,Prismx Global Ventures Limited,INE286N01028,,EQ,PRISMX.NS,0.5199999809265137,146864.84615384616,FAIL,PRICE_TOO_LOW
NSE,STOCK,PRITI,Priti International Limited,INE974Z01015,,BE,PRITI.NS,33.349998474121094,6406.1,FAIL,PRICE_TOO_LOW
NSE,STOCK,PRITIKAUTO,Pritika Auto Industries Limited,INE583R01029,,BE,PRITIKAUTO.NS,16.280000686645508,79523.25,FAIL,PRICE_TOO_LOW
NSE,STOCK,PRIVISCL,Privi Speciality Chemicals Limited,INE959A01019,,EQ,PRIVISCL.NS,3367.300048828125,57735.8,FAIL,VOLUME_TOO_LOW
NSE,STOCK,PROSTARM,Prostarm Info Systems Limited,INE0BX301013,,EQ,PROSTARM.NS,134.72999572753906,200985.2,PASS,PASS
NSE,STOCK,PROTEAN,Protean eGov Technologies Limited,INE004A01022,,EQ,PROTEAN.NS,496.2999877929688,205804.7,PASS,PASS
NSE,STOCK,PROZONER,Prozone Realty Limited,INE195N01013,,EQ,PROZONER.NS,49.7599983215332,262146.1,FAIL,PRICE_TOO_LOW
NSE,STOCK,PRSMJOHNSN,Prism Johnson Limited,INE010A01011,,EQ,PRSMJOHNSN.NS,111.30999755859376,5410998.65,PASS,PASS
NSE,STOCK,PRUDENT,Prudent Corporate Advisory Services Limited,INE00F201020,,EQ,PRUDENT.NS,3328.5,50745.6,FAIL,VOLUME_TOO_LOW
NSE,STOCK,PRUDMOULI,Prudential Sugar Corporation Limited,INE024D01016,,BE,PRUDMOULI.NS,16.489999771118164,21114.85,FAIL,PRICE_TOO_LOW
NSE,STOCK,PSB,Punjab & Sind Bank,INE608A01012,,EQ,PSB.NS,23.049999237060547,1133236.7,FAIL,PRICE_TOO_LOW
NSE,STOCK,PSPPROJECT,PSP Projects Limited,INE488V01015,,EQ,PSPPROJECT.NS,861.9500122070312,47759.75,FAIL,VOLUME_TOO_LOW
NSE,STOCK,PTC,PTC India Limited,INE877F01012,,EQ,PTC.NS,156.2899932861328,1976479.05,PASS,PASS
NSE,STOCK,PTCIL,PTC Industries Limited,INE596F01018,,EQ,PTCIL.NS,23820.0,55050.45,FAIL,VOLUME_TOO_LOW
NSE,STOCK,PTL,PTL Enterprises Limited,INE034D01049,,EQ,PTL.NS,38.7400016784668,38502.9,FAIL,PRICE_TOO_LOW
NSE,STOCK,PUNJABCHEM,Punjab Chemicals & Crop Protection Limited,INE277B01014,,EQ,PUNJABCHEM.NS,1097.0,10063.2,FAIL,VOLUME_TOO_LOW
NSE,STOCK,PURVA,Puravankara Limited,INE323I01011,,EQ,PURVA.NS,211.08999633789065,1391195.5,PASS,PASS
NSE,STOCK,PVP,PVP Ventures Limited,INE362A01016,,EQ,PVP.NS,67.94000244140625,3729196.4,PASS,PASS
NSE,STOCK,PVRINOX,PVR INOX Limited,INE191H01014,,EQ,PVRINOX.NS,1247.5,456146.65,PASS,PASS
NSE,STOCK,PVSL,Popular Vehicles and Services Limited,INE772T01024,,EQ,PVSL.NS,103.54000091552734,69150.9,FAIL,VOLUME_TOO_LOW
NSE,STOCK,PWL,Physicswallah Limited,INE0LP301011,,EQ,PWL.NS,126.41999816894533,18849417.8,PASS,PASS
NSE,STOCK,PYRAMID,Pyramid Technoplast Limited,INE0MIS01010,,EQ,PYRAMID.NS,154.8699951171875,79302.15,FAIL,VOLUME_TOO_LOW
NSE,STOCK,QMSMEDI,QMS Medical Allied Services Limited,INE0FMW01018,,BE,QMSMEDI.NS,159.07000732421875,46652.5,FAIL,VOLUME_TOO_LOW
NSE,STOCK,QPOWER,Quality Power Electrical Equipments Limited,INE0SII01026,,EQ,QPOWER.NS,1495.300048828125,319461.5,PASS,PASS
NSE,STOCK,QUADFUTURE,Quadrant Future Tek Limited,INE0LRY01011,,EQ,QUADFUTURE.NS,417.8999938964844,2203394.1,PASS,PASS
NSE,STOCK,QUESS,Quess Corp Limited,INE615P01015,,EQ,QUESS.NS,366.5499877929688,798094.05,PASS,PASS
NSE,STOCK,QUICKHEAL,Quick Heal Technologies Limited,INE306L01010,,BE,QUICKHEAL.NS,137.13999938964844,45432.45,FAIL,VOLUME_TOO_LOW
NSE,STOCK,QUINT,Quint Digital Limited,INE641R01017,,EQ,QUINT.NS,39.90999984741211,18528.615384615383,FAIL,PRICE_TOO_LOW
NSE,STOCK,RACE,Race Eco Chain Limited,INE084Q01012,,EQ,RACE.NS,100.94000244140624,13515.2,FAIL,VOLUME_TOO_LOW
NSE,STOCK,RACLGEAR,RACL Geartech Limited,INE704B01017,,EQ,RACLGEAR.NS,1558.800048828125,53707.55,FAIL,VOLUME_TOO_LOW
NSE,STOCK,RADAAN,Radaan Mediaworks India Limited,INE874F01027,,EQ,RADAAN.NS,2.890000104904175,25750.85,FAIL,PRICE_TOO_LOW
NSE,STOCK,RADHIKAJWE,Radhika Jeweltech Limited,INE583V01021,,EQ,RADHIKAJWE.NS,83.16000366210938,2289828.05,PASS,PASS
NSE,STOCK,RADIANTCMS,Radiant Cash Management Services Limited,INE855R01021,,EQ,RADIANTCMS.NS,39.869998931884766,297801.15,FAIL,PRICE_TOO_LOW
NSE,STOCK,RADICO,Radico Khaitan Limited,INE944F01028,,EQ,RADICO.NS,4559.0,287033.55,PASS,PASS
NSE,STOCK,RADIOCITY,Music Broadcast Limited,INE919I01024,,EQ,RADIOCITY.NS,6.239999771118164,71921.0,FAIL,PRICE_TOO_LOW
NSE,STOCK,RAILTEL,Railtel Corporation Of India Limited,INE0DD101019,,EQ,RAILTEL.NS,270.8999938964844,1120163.6,PASS,PASS
NSE,STOCK,RAIN,Rain Industries Limited,INE855B01025,,EQ,RAIN.NS,215.72000122070312,4568127.45,PASS,PASS
NSE,STOCK,RAINBOW,Rainbow Childrens Medicare Limited,INE961O01016,,EQ,RAINBOW.NS,1440.800048828125,89279.25,FAIL,VOLUME_TOO_LOW
NSE,STOCK,RAJESHEXPO,Rajesh Exports Limited,INE343B01030,,BZ,RAJESHEXPO.NS,83.45999908447266,112190.2,PASS,PASS
NSE,STOCK,RAJMET,Rajnandini Metal Limited,INE00KV01022,,EQ,RAJMET.NS,3.109999895095825,641509.2,FAIL,PRICE_TOO_LOW
NSE,STOCK,RAJOOENG,Rajoo Engineers Limited,INE535F01024,,BE,RAJOOENG.NS,49.13999938964844,142839.45,FAIL,PRICE_TOO_LOW
NSE,STOCK,RAJPALAYAM,Rajapalayam Mills Limited,INE296E01026,,EQ,RAJPALAYAM.NS,799.7000122070312,1663.5,FAIL,VOLUME_TOO_LOW
NSE,STOCK,RAJRATAN,Rajratan Global Wire Limited,INE451D01029,,EQ,RAJRATAN.NS,495.1000061035156,73103.2,FAIL,VOLUME_TOO_LOW
NSE,STOCK,RAJRILTD,Raj Rayon Industries Limited,INE533D01032,,BE,RAJRILTD.NS,22.31999969482422,22172.15,FAIL,PRICE_TOO_LOW
NSE,STOCK,RAJSREESUG,Rajshree Sugars & Chemicals Limited,INE562B01019,,EQ,RAJSREESUG.NS,36.43000030517578,150446.25,FAIL,PRICE_TOO_LOW
NSE,STOCK,RAJTV,Raj Television Network Limited,INE952H01027,,EQ,RAJTV.NS,8.069999694824219,43798.85,FAIL,PRICE_TOO_LOW
NSE,STOCK,RALLIS,Rallis India Limited,INE613A01020,,EQ,RALLIS.NS,208.82000732421875,788454.3,PASS,PASS
NSE,STOCK,RAMANEWS,Shree Rama Newsprint Limited,INE278B01020,,EQ,RAMANEWS.NS,32.349998474121094,23669.6,FAIL,PRICE_TOO_LOW
NSE,STOCK,RAMAPHO,Rama Phosphates Limited,INE809A01032,,EQ,RAMAPHO.NS,124.01000213623048,30635.2,FAIL,VOLUME_TOO_LOW
NSE,STOCK,RAMASTEEL,Rama Steel Tubes Limited,INE230R01035,,BE,RAMASTEEL.NS,4.090000152587891,1046394.15,FAIL,PRICE_TOO_LOW
NSE,STOCK,RAMBHAJO,Advit Jewels Limited,INE1SJO01012,,EQ,RAMBHAJO.NS,244.25999450683597,2661299.6,PASS,PASS
NSE,STOCK,RAMCOCEM,The Ramco Cements Limited,INE331A01037,,EQ,RAMCOCEM.NS,879.1500244140625,340238.15,PASS,PASS
NSE,STOCK,RAMCOIND,Ramco Industries Limited,INE614A01028,,EQ,RAMCOIND.NS,324.0,1378176.3,PASS,PASS
NSE,STOCK,RAMCOSYS,Ramco Systems Limited,INE246B01019,,EQ,RAMCOSYS.NS,611.2000122070312,159969.7,PASS,PASS
NSE,STOCK,RAMKY,Ramky Infrastructure Limited,INE874I01013,,EQ,RAMKY.NS,351.3500061035156,45997.3,FAIL,VOLUME_TOO_LOW
NSE,STOCK,RAMRAT,Ram Ratna Wires Limited,INE207E01023,,EQ,RAMRAT.NS,560.6500244140625,531009.4,PASS,PASS
NSE,STOCK,RANASUG,Rana Sugars Limited,INE625B01014,,EQ,RANASUG.NS,14.800000190734863,1058022.85,FAIL,PRICE_TOO_LOW
NSE,STOCK,RANEHOLDIN,Rane Holdings Limited,INE384A01010,,EQ,RANEHOLDIN.NS,1651.0999755859375,23794.7,FAIL,VOLUME_TOO_LOW
NSE,STOCK,RATEGAIN,Rategain Travel Technologies Limited,INE0CLI01024,,EQ,RATEGAIN.NS,851.1500244140625,460443.85,PASS,PASS
NSE,STOCK,RATNAMANI,Ratnamani Metals & Tubes Limited,INE703B01027,,EQ,RATNAMANI.NS,2727.0,157547.2,PASS,PASS
NSE,STOCK,RATNAVEER,Ratnaveer Precision Engineering Limited,INE05CZ01011,,EQ,RATNAVEER.NS,304.75,8024127.9,PASS,PASS
NSE,STOCK,RAYMOND,Raymond Limited,INE301A01014,,EQ,RAYMOND.NS,740.8499755859375,1481319.95,PASS,PASS
NSE,STOCK,RAYMONDLSL,Raymond Lifestyle Limited,INE02ID01020,,EQ,RAYMONDLSL.NS,647.8499755859375,175669.35,PASS,PASS
NSE,STOCK,RAYMONDREL,Raymond Realty Limited,INE1SY401010,,EQ,RAYMONDREL.NS,529.1500244140625,410073.5,PASS,PASS
NSE,STOCK,RBA,Restaurant Brands Asia Limited,INE07T201019,,EQ,RBA.NS,97.88999938964844,9366561.75,PASS,PASS
NSE,STOCK,RBLBANK,RBL Bank Limited,INE976G01028,,EQ,RBLBANK.NS,414.3500061035156,3121895.85,PASS,PASS
NSE,STOCK,RBZJEWEL,RBZ Jewellers Limited,INE0PEQ01016,,EQ,RBZJEWEL.NS,200.69000244140625,1865644.85,PASS,PASS
NSE,STOCK,RCF,Rashtriya Chemicals and Fertilizers Limited,INE027A01015,,EQ,RCF.NS,114.5199966430664,2026799.5,PASS,PASS
NSE,STOCK,RCOM,Reliance Communications Limited,INE330H01018,,BE,RCOM.NS,0.7900000214576721,2622674.7,FAIL,PRICE_TOO_LOW
NSE,STOCK,RECLTD,REC Limited,INE020B01018,,EQ,RECLTD.NS,318.70001220703125,6535371.05,PASS,PASS
NSE,STOCK,REDINGTON,Redington Limited,INE891D01026,,EQ,REDINGTON.NS,371.2999877929688,5256299.65,PASS,PASS
NSE,STOCK,REDTAPE,Redtape Limited,INE0LXT01019,,EQ,REDTAPE.NS,117.4800033569336,558284.8,PASS,PASS
NSE,STOCK,REFEX,Refex Industries Limited,INE056I01025,,EQ,REFEX.NS,282.54998779296875,298384.35,PASS,PASS
NSE,STOCK,REGAAL,Regaal Resources Limited,INE0MHO01029,,EQ,REGAAL.NS,89.16999816894531,464279.85,PASS,PASS
NSE,STOCK,REGENCERAM,Regency Ceramics Limited,INE277C01012,,EQ,REGENCERAM.NS,36.470001220703125,29837.25,FAIL,PRICE_TOO_LOW
NSE,STOCK,RELAXO,Relaxo Footwears Limited,INE131B01039,,EQ,RELAXO.NS,343.95001220703125,247368.2,PASS,PASS
NSE,STOCK,RELCHEMQ,Reliance Chemotex Industries Limited,INE750D01016,,EQ,RELCHEMQ.NS,116.7699966430664,5061.15,FAIL,VOLUME_TOO_LOW
NSE,STOCK,RELIABLE,Reliable Data Services Limited,INE375Y01018,,EQ,RELIABLE.NS,141.25999450683594,67172.9,FAIL,VOLUME_TOO_LOW
NSE,STOCK,RELIANCE,Reliance Industries Limited,INE002A01018,,EQ,RELIANCE.NS,1322.0,10498450.45,PASS,PASS
NSE,STOCK,RELIGARE,Religare Enterprises Limited,INE621H01010,,EQ,RELIGARE.NS,257.0799865722656,1424866.9,PASS,PASS
NSE,STOCK,RELINFRA,Reliance Infrastructure Limited,INE036A01016,,BE,RELINFRA.NS,55.90999984741211,362794.5,PASS,PASS
NSE,STOCK,RELTD,Ravindra Energy Limited,INE206N01018,,EQ,RELTD.NS,159.14999389648438,182031.3,PASS,PASS
NSE,STOCK,REMSONSIND,Remsons Industries Limited,INE474C01023,,EQ,REMSONSIND.NS,99.3499984741211,147503.95,PASS,PASS
NSE,STOCK,RENUKA,Shree Renuka Sugars Limited,INE087H01022,,EQ,RENUKA.NS,24.040000915527344,30443086.25,FAIL,PRICE_TOO_LOW
NSE,STOCK,REPCOHOME,Repco Home Finance Limited,INE612J01015,,EQ,REPCOHOME.NS,355.75,122179.85,PASS,PASS
NSE,STOCK,REPL,Rudrabhishek Enterprises Limited,INE364Z01019,,BE,REPL.NS,65.95999908447266,3812.45,FAIL,VOLUME_TOO_LOW
NSE,STOCK,REPRO,Repro India Limited,INE461B01014,,EQ,REPRO.NS,323.1499938964844,22560.8,FAIL,VOLUME_TOO_LOW
NSE,STOCK,RESPONIND,Responsive Industries Limited,INE688D01026,,EQ,RESPONIND.NS,154.89999389648438,2140553.35,PASS,PASS
NSE,STOCK,RETAIL,JHS Svendgaard Retail Ventures Limited,INE03DD01011,,EQ,RETAIL.NS,17.450000762939453,5513.3,FAIL,PRICE_TOO_LOW
NSE,STOCK,RGL,Renaissance Global Limited,INE722H01024,,EQ,RGL.NS,137.1199951171875,3666011.9,PASS,PASS
NSE,STOCK,RHETAN,Rhetan TMT Limited,INE0KKN01029,,EQ,RHETAN.NS,23.11000061035156,18255632.5,FAIL,PRICE_TOO_LOW
NSE,STOCK,RHFL,Reliance Home Finance Limited,INE217K01011,,BZ,RHFL.NS,1.7899999618530271,608248.95,FAIL,PRICE_TOO_LOW
NSE,STOCK,RHIM,RHI MAGNESITA INDIA LIMITED,INE743M01012,,EQ,RHIM.NS,371.3500061035156,680646.7,PASS,PASS
NSE,STOCK,RHL,Robust Hotels Limited,INE508K01013,,EQ,RHL.NS,167.60000610351562,2992.9,FAIL,VOLUME_TOO_LOW
NSE,STOCK,RICOAUTO,Rico Auto Industries Limited,INE209B01025,,EQ,RICOAUTO.NS,126.48999786376952,1822213.7,PASS,PASS
NSE,STOCK,RIIL,Reliance Industrial Infrastructure Limited,INE046A01015,,EQ,RIIL.NS,752.9500122070312,95940.35,FAIL,VOLUME_TOO_LOW
NSE,STOCK,RIR,RIR Power Electronics Limited,INE302D01024,,EQ,RIR.NS,169.86000061035156,300724.05,PASS,PASS
NSE,STOCK,RISHABH,Rishabh Instruments Limited,INE0N2P01017,,EQ,RISHABH.NS,734.9500122070312,460766.45,PASS,PASS
NSE,STOCK,RITCO,Ritco Logistics Limited,INE01EG01016,,EQ,RITCO.NS,301.0,113958.3,PASS,PASS
NSE,STOCK,RITES,RITES Limited,INE320J01015,,EQ,RITES.NS,213.77999877929688,387627.15,PASS,PASS
NSE,STOCK,RKDL,Ravi Kumar Distilleries Limited,INE722J01012,,EQ,RKDL.NS,18.31999969482422,12521.9,FAIL,PRICE_TOO_LOW
NSE,STOCK,RKEC,RKEC Projects Limited,INE786W01010,,EQ,RKEC.NS,21.63999938964844,44485.65,FAIL,PRICE_TOO_LOW
NSE,STOCK,RKFORGE,Ramkrishna Forgings Limited,INE399G01023,,EQ,RKFORGE.NS,700.8499755859375,978139.45,PASS,PASS
NSE,STOCK,RKSWAMY,R K Swamy Limited,INE0NQ801033,,EQ,RKSWAMY.NS,92.0,50943.15,FAIL,VOLUME_TOO_LOW
NSE,STOCK,RMC,RMC Switchgears Limited,INE655V01019,,EQ,RMC.NS,225.97000122070312,75998.45,FAIL,VOLUME_TOO_LOW
NSE,STOCK,RMDRIP,R M Drip and Sprinklers Systems Limited,INE219Y01026,,BE,RMDRIP.NS,21.0,714461.7,FAIL,PRICE_TOO_LOW
NSE,STOCK,RML,Rane (Madras) Limited,INE050H01012,,EQ,RML.NS,1295.9000244140625,135329.45,PASS,PASS
NSE,STOCK,RNBDENIMS,R&B Denims Limited,INE012Q01039,,EQ,RNBDENIMS.NS,10.8100004196167,350109.2,FAIL,PRICE_TOO_LOW
NSE,STOCK,ROHLTD,Royal Orchid Hotels Limited,INE283H01019,,EQ,ROHLTD.NS,298.5,25911.6,FAIL,VOLUME_TOO_LOW
NSE,STOCK,ROLEXRINGS,Rolex Rings Limited,INE645S01024,,EQ,ROLEXRINGS.NS,171.72000122070312,5587577.15,PASS,PASS
NSE,STOCK,ROLLT,Rollatainers Limited,INE927A01040,,BE,ROLLT.NS,4.170000076293945,762016.7,FAIL,PRICE_TOO_LOW
NSE,STOCK,ROML,Raj Oil Mills Limited,INE294G01026,,EQ,ROML.NS,42.34999847412109,3266.0,FAIL,PRICE_TOO_LOW
NSE,STOCK,ROSSARI,Rossari Biotech Limited,INE02A801020,,EQ,ROSSARI.NS,457.0,83228.4,FAIL,VOLUME_TOO_LOW
NSE,STOCK,ROSSELLIND,Rossell India Limited,INE847C01020,,EQ,ROSSELLIND.NS,57.66999816894531,192538.25,PASS,PASS
NSE,STOCK,ROSSTECH,Rossell Techsys Limited,INE0OJW01016,,EQ,ROSSTECH.NS,1116.300048828125,234776.8,PASS,PASS
NSE,STOCK,ROTO,Roto Pumps Limited,INE535D01037,,EQ,ROTO.NS,63.7599983215332,461097.55,PASS,PASS
NSE,STOCK,ROUTE,ROUTE MOBILE LIMITED,INE450U01017,,EQ,ROUTE.NS,503.6499938964844,194808.9,PASS,PASS
NSE,STOCK,RPEL,Raghav Productivity Enhancers Limited,INE912T01018,,EQ,RPEL.NS,1885.199951171875,119473.7,PASS,PASS
NSE,STOCK,RPGLIFE,RPG Life Sciences Limited,INE105J01010,,EQ,RPGLIFE.NS,2652.39990234375,13713.45,FAIL,VOLUME_TOO_LOW
NSE,STOCK,RPOWER,Reliance Power Limited,INE614G01033,,EQ,RPOWER.NS,22.07999992370605,17400356.0,FAIL,PRICE_TOO_LOW
NSE,STOCK,RPPINFRA,R.P.P. Infra Projects Limited,INE324L01013,,EQ,RPPINFRA.NS,55.040000915527344,332976.95,PASS,PASS
NSE,STOCK,RPPL,Rajshree Polypack Limited,INE760W01023,,BE,RPPL.NS,22.56999969482422,78457.75,FAIL,PRICE_TOO_LOW
NSE,STOCK,RPSGVENT,RPSG VENTURES LIMITED,INE425Y01011,,EQ,RPSGVENT.NS,833.2999877929688,29239.1,FAIL,VOLUME_TOO_LOW
NSE,STOCK,RPTECH,Rashi Peripherals Limited,INE0J1F01024,,EQ,RPTECH.NS,815.6500244140625,551010.85,PASS,PASS
NSE,STOCK,RRECL,RDB Real Estate Constructions Limited,INE0AK901016,,EQ,RRECL.NS,138.3699951171875,701.4615384615385,FAIL,VOLUME_TOO_LOW
NSE,STOCK,RRIL,RRIL Limited,INE951M01037,,EQ,RRIL.NS,16.709999084472656,31727.923076923078,FAIL,PRICE_TOO_LOW
NSE,STOCK,RRKABEL,R R Kabel Limited,INE777K01022,,EQ,RRKABEL.NS,2454.10009765625,558826.35,PASS,PASS
NSE,STOCK,RSDFIN,RSD Finance Limited,INE616F01022,,BE,RSDFIN.NS,100.11000061035156,2480.923076923077,FAIL,VOLUME_TOO_LOW
NSE,STOCK,RSL,Rajputana Stainless Limited,INE313L01016,,EQ,RSL.NS,181.55999755859372,814131.5,PASS,PASS
NSE,STOCK,RSSOFTWARE,R. S. Software (India) Limited,INE165B01029,,EQ,RSSOFTWARE.NS,29.90999984741211,41338.9,FAIL,PRICE_TOO_LOW
NSE,STOCK,RSWM,RSWM Limited,INE611A01016,,BE,RSWM.NS,217.27999877929688,43163.0,FAIL,VOLUME_TOO_LOW
NSE,STOCK,RSYSTEMS,R Systems International Limited,INE411H01032,,EQ,RSYSTEMS.NS,252.63999938964844,191230.95,PASS,PASS
NSE,STOCK,RTNINDIA,RattanIndia Enterprises Limited,INE834M01019,,EQ,RTNINDIA.NS,27.81999969482422,1639718.45,FAIL,PRICE_TOO_LOW
NSE,STOCK,RTNPOWER,RattanIndia Power Limited,INE399K01017,,EQ,RTNPOWER.NS,7.360000133514404,21358201.45,FAIL,PRICE_TOO_LOW
NSE,STOCK,RTSPOWR,RTS Power Corporation Limited,INE005C01017,,EQ,RTSPOWR.NS,90.4000015258789,2945.769230769231,FAIL,VOLUME_TOO_LOW
NSE,STOCK,RUBFILA,Rubfila International Limited,INE642C01025,,EQ,RUBFILA.NS,66.41999816894531,42746.45,FAIL,VOLUME_TOO_LOW
NSE,STOCK,RUBICON,Rubicon Research Limited,INE506V01022,,EQ,RUBICON.NS,1768.300048828125,486423.5,PASS,PASS
NSE,STOCK,RUBYMILLS,The Ruby Mills Limited,INE301D01026,,BE,RUBYMILLS.NS,428.2999877929688,9567.85,FAIL,VOLUME_TOO_LOW
NSE,STOCK,RUCHINFRA,Ruchi Infrastructure Limited,INE413B01023,,EQ,RUCHINFRA.NS,6.039999961853027,75987.3,FAIL,PRICE_TOO_LOW
NSE,STOCK,RUCHIRA,Ruchira Papers Limited,INE803H01014,,EQ,RUCHIRA.NS,105.12000274658205,35017.4,FAIL,VOLUME_TOO_LOW
NSE,STOCK,RUDRA,Rudra Global Infra Products Limited,INE027T01023,,EQ,RUDRA.NS,20.3799991607666,416096.9,FAIL,PRICE_TOO_LOW
NSE,STOCK,RUPA,Rupa & Company Limited,INE895B01021,,EQ,RUPA.NS,144.42999267578125,103958.5,PASS,PASS
NSE,STOCK,RUSHIL,Rushil Decor Limited,INE573K01025,,EQ,RUSHIL.NS,16.010000228881836,379860.85,FAIL,PRICE_TOO_LOW
NSE,STOCK,RUSTOMJEE,Keystone Realtors Limited,INE263M01029,,EQ,RUSTOMJEE.NS,381.75,40027.8,FAIL,VOLUME_TOO_LOW
NSE,STOCK,RVHL,Ravinder Heights Limited,INE09E501017,,EQ,RVHL.NS,39.09000015258789,12361.3,FAIL,PRICE_TOO_LOW
NSE,STOCK,RVNL,Rail Vikas Nigam Limited,INE415G01027,,EQ,RVNL.NS,212.4900054931641,4008284.5,PASS,PASS
NSE,STOCK,RVTH,Revathi Equipment India Limited,INE0DAB01012,,EQ,RVTH.NS,729.0499877929688,1066.05,FAIL,VOLUME_TOO_LOW
NSE,STOCK,S&SPOWER,S&S Power Switchgears Limited,INE902B01017,,EQ,S&SPOWER.NS,319.8500061035156,6525.25,FAIL,VOLUME_TOO_LOW
NSE,STOCK,SAATVIKGL,Saatvik Green Energy Limited,INE13B501022,,EQ,SAATVIKGL.NS,424.3999938964844,158250.5,PASS,PASS
NSE,STOCK,SAB,SAB Industries Limited,INE137M01017,,EQ,SAB.NS,175.0,62.72727272727273,FAIL,VOLUME_TOO_LOW
NSE,STOCK,SADBHAV,Sadbhav Engineering Limited,INE226H01026,,EQ,SADBHAV.NS,8.029999732971191,272756.45,FAIL,PRICE_TOO_LOW
NSE,STOCK,SADBHIN,Sadbhav Infrastructure Project Limited,INE764L01010,,BE,SADBHIN.NS,2.5299999713897705,151848.6,FAIL,PRICE_TOO_LOW
NSE,STOCK,SADHNANIQ,Sadhana Nitrochem Limited,INE888C01040,,BE,SADHNANIQ.NS,2.6700000762939453,1949852.5,FAIL,PRICE_TOO_LOW
NSE,STOCK,SAFARI,Safari Industries (India) Limited,INE429E01023,,EQ,SAFARI.NS,1509.5,23079.9,FAIL,VOLUME_TOO_LOW
NSE,STOCK,SAGARDEEP,Sagardeep Alloys Limited,INE976T01013,,EQ,SAGARDEEP.NS,23.76000022888184,11515.1,FAIL,PRICE_TOO_LOW
NSE,STOCK,SAGCEM,Sagar Cements Limited,INE229C01021,,EQ,SAGCEM.NS,154.3800048828125,39583.6,FAIL,VOLUME_TOO_LOW
NSE,STOCK,SAGILITY,SAGILITY LIMITED,INE0W2G01015,,EQ,SAGILITY.NS,46.81999969482422,24333627.95,FAIL,PRICE_TOO_LOW
NSE,STOCK,SAHLIBHFI,Shalibhadra Finance Limited,INE861D01011,,EQ,SAHLIBHFI.NS,89.12000274658203,139659.35,PASS,PASS
NSE,STOCK,SAHYADRI,Sahyadri Industries Limited,INE280H01015,,EQ,SAHYADRI.NS,359.3999938964844,39617.6,FAIL,VOLUME_TOO_LOW
NSE,STOCK,SAICAPI,Sai Capital Limited,INE531X01018,,EQ,SAICAPI.NS,157.0500030517578,539.6923076923077,FAIL,VOLUME_TOO_LOW
NSE,STOCK,SAIL,Steel Authority of India Limited,INE114A01011,,EQ,SAIL.NS,196.8000030517578,25976358.65,PASS,PASS
NSE,STOCK,SAILIFE,Sai Life Sciences Limited,INE570L01029,,EQ,SAILIFE.NS,1574.800048828125,804913.2,PASS,PASS
NSE,STOCK,SAIPARENT,Sai Parenterals Limited,INE0H9F01037,,EQ,SAIPARENT.NS,518.1500244140625,153229.25,PASS,PASS
NSE,STOCK,SAKAR,Sakar Healthcare Limited,INE732S01012,,EQ,SAKAR.NS,1006.9500122070312,175711.0,PASS,PASS
NSE,STOCK,SAKHTISUG,Sakthi Sugars Limited,INE623A01011,,EQ,SAKHTISUG.NS,20.350000381469727,540970.9,FAIL,PRICE_TOO_LOW
NSE,STOCK,SAKSOFT,Saksoft Limited,INE667G01023,,EQ,SAKSOFT.NS,153.69000244140625,368022.5,PASS,PASS
NSE,STOCK,SAKUMA,Sakuma Exports Limited,INE190H01024,,EQ,SAKUMA.NS,1.5800000429153442,1151134.45,FAIL,PRICE_TOO_LOW
NSE,STOCK,SALASAR,Salasar Techno Engineering Limited,INE170V01027,,EQ,SALASAR.NS,5.199999809265137,6905272.45,FAIL,PRICE_TOO_LOW
NSE,STOCK,SALONA,Salona Cotspin Limited,INE498E01010,,EQ,SALONA.NS,262.8999938964844,1203.3,FAIL,VOLUME_TOO_LOW
NSE,STOCK,SALSTEEL,S.A.L. Steel Limited,INE658G01014,,EQ,SALSTEEL.NS,82.04000091552734,865195.7,PASS,PASS
NSE,STOCK,SALZERELEC,Salzer Electronics Limited,INE457F01013,,EQ,SALZERELEC.NS,537.2999877929688,63235.3,FAIL,VOLUME_TOO_LOW
NSE,STOCK,SAMBANDAM,Sambandam Spinning Mills Limited,INE304D01012,,EQ,SAMBANDAM.NS,120.0,9486.0,FAIL,VOLUME_TOO_LOW
NSE,STOCK,SAMBHAAV,Sambhaav Media Limited,INE699B01027,,EQ,SAMBHAAV.NS,6.0,31535.1,FAIL,PRICE_TOO_LOW
NSE,STOCK,SAMBHV,Sambhv Steel Tubes Limited,INE12NJ01018,,EQ,SAMBHV.NS,129.63999938964844,1405559.15,PASS,PASS
NSE,STOCK,SAMHI,Samhi Hotels Limited,INE08U801020,,EQ,SAMHI.NS,152.58999633789062,692281.5,PASS,PASS
NSE,STOCK,SAMMAANCAP,Sammaan Capital Limited,INE148I01020,,EQ,SAMMAANCAP.NS,153.6999969482422,8605150.1,PASS,PASS
NSE,STOCK,SAMPANN,Sampann Utpadan India Limited,INE735M01018,,EQ,SAMPANN.NS,24.61000061035156,18171.0,FAIL,PRICE_TOO_LOW
NSE,STOCK,SANATHAN,Sanathan Textiles Limited,INE0JPD01013,,EQ,SANATHAN.NS,456.2000122070313,71344.7,FAIL,VOLUME_TOO_LOW
NSE,STOCK,SANDESH,The Sandesh Limited,INE583B01015,,EQ,SANDESH.NS,1050.9000244140625,7529.25,FAIL,VOLUME_TOO_LOW
NSE,STOCK,SANDHAR,Sandhar Technologies Limited,INE278H01035,,EQ,SANDHAR.NS,627.8499755859375,240215.95,PASS,PASS
NSE,STOCK,SANDUMA,Sandur Manganese & Iron Ores Limited,INE149K01016,,EQ,SANDUMA.NS,197.8300018310547,511454.65,PASS,PASS
NSE,STOCK,SANGAMIND,Sangam (India) Limited,INE495C01010,,EQ,SANGAMIND.NS,571.8499755859375,30347.85,FAIL,VOLUME_TOO_LOW
NSE,STOCK,SANGHVIMOV,Sanghvi Movers Limited,INE989A01032,,EQ,SANGHVIMOV.NS,439.2000122070313,429972.65,PASS,PASS
NSE,STOCK,SANGINITA,Sanginita Chemicals Limited,INE753W01010,,BE,SANGINITA.NS,58.34000015258789,580125.55,PASS,PASS
NSE,STOCK,SANOFI,Sanofi India Limited,INE058A01010,,EQ,SANOFI.NS,3190.800048828125,18666.3,FAIL,VOLUME_TOO_LOW
NSE,STOCK,SANOFICONR,Sanofi Consumer Healthcare India Limited,INE0UOS01011,,EQ,SANOFICONR.NS,4205.39990234375,3777.75,FAIL,VOLUME_TOO_LOW
NSE,STOCK,SANSERA,Sansera Engineering Limited,INE953O01021,,EQ,SANSERA.NS,3789.60009765625,232715.25,PASS,PASS
NSE,STOCK,SANSTAR,Sanstar Limited,INE08NE01025,,EQ,SANSTAR.NS,108.0,188689.9,PASS,PASS
NSE,STOCK,SANWARIA,Sanwaria Consumer Limited,INE890C01046,,BZ,SANWARIA.NS,0.1899999976158142,663821.15,FAIL,PRICE_TOO_LOW
NSE,STOCK,SAPPHIRE,Sapphire Foods India Limited,INE806T01020,,EQ,SAPPHIRE.NS,228.42999267578125,2009493.75,PASS,PASS
NSE,STOCK,SAPPL,Shree Ajit Pulp & Paper Limited,INE185C01017,,EQ,SAPPL.NS,280.6000061035156,1138.8461538461538,FAIL,VOLUME_TOO_LOW
NSE,STOCK,SARDAEN,Sarda Energy & Minerals Limited,INE385C01021,,EQ,SARDAEN.NS,508.5499877929688,1505841.9,PASS,PASS
NSE,STOCK,SAREGAMA,Saregama India Limited,INE979A01025,,EQ,SAREGAMA.NS,493.6499938964844,460898.5,PASS,PASS
NSE,STOCK,SARLAPOLY,Sarla Performance Fibers Limited,INE453D01025,,EQ,SARLAPOLY.NS,102.1500015258789,51164.35,FAIL,VOLUME_TOO_LOW
NSE,STOCK,SARVESHWAR,Sarveshwar Foods Limited,INE324X01026,,EQ,SARVESHWAR.NS,3.3499999046325684,1157683.9,FAIL,PRICE_TOO_LOW
NSE,STOCK,SASKEN,Sasken Technologies Limited,INE231F01020,,EQ,SASKEN.NS,1902.4000244140625,15645.35,FAIL,VOLUME_TOO_LOW
NSE,STOCK,SATIA,Satia Industries Limited,INE170E01023,,EQ,SATIA.NS,60.369998931884766,115535.95,PASS,PASS
NSE,STOCK,SATIN,Satin Creditcare Network Limited,INE836B01017,,EQ,SATIN.NS,219.3699951171875,267988.0,PASS,PASS
NSE,STOCK,SAURASHCEM,Saurashtra Cement Limited,INE626A01014,,EQ,SAURASHCEM.NS,57.61000061035156,98030.9,FAIL,VOLUME_TOO_LOW
NSE,STOCK,SAYAJIHOTL,Sayaji Hotels Limited,INE318C01014,,EQ,SAYAJIHOTL.NS,303.79998779296875,440.1,FAIL,VOLUME_TOO_LOW
NSE,STOCK,SAYAJIIND,Sayaji Industries Limited,INE327G01032,,EQ,SAYAJIIND.NS,119.88999938964844,1709.6923076923076,FAIL,VOLUME_TOO_LOW
NSE,STOCK,SBC,SBC Exports Limited,INE04AK01028,,EQ,SBC.NS,45.7599983215332,9926333.05,FAIL,PRICE_TOO_LOW
NSE,STOCK,SBCL,Shivalik Bimetal Controls Limited,INE386D01027,,EQ,SBCL.NS,1155.9000244140625,1226397.6,PASS,PASS
NSE,STOCK,SBFC,SBFC Finance Limited,INE423Y01016,,EQ,SBFC.NS,100.08000183105467,3254949.25,PASS,PASS
NSE,STOCK,SBGLP,Suratwwala Business Group Limited,INE05ST01028,,EQ,SBGLP.NS,24.68000030517578,22842.05,FAIL,PRICE_TOO_LOW
NSE,STOCK,SBICARD,SBI Cards and Payment Services Limited,INE018E01016,,EQ,SBICARD.NS,658.25,3408982.4,PASS,PASS
NSE,STOCK,SBIFUNDS,SBI Funds Management Limited,INE640G01020,,EQ,SBIFUNDS.NS,562.0999755859375,1876661.6,PASS,PASS
NSE,STOCK,SBILIFE,SBI Life Insurance Company Limited,INE123W01016,,EQ,SBILIFE.NS,1775.0,900972.05,PASS,PASS
NSE,STOCK,SBIN,State Bank of India,INE062A01020,,EQ,SBIN.NS,1016.0999755859376,8345061.2,PASS,PASS
NSE,STOCK,SCANSTL,Scan Steels Limited,INE099G01011,,BE,SCANSTL.NS,58.81999969482422,42440.07692307692,FAIL,VOLUME_TOO_LOW
NSE,STOCK,SCHAEFFLER,Schaeffler India Limited,INE513A01022,,EQ,SCHAEFFLER.NS,3950.60009765625,64093.75,FAIL,VOLUME_TOO_LOW
NSE,STOCK,SCHAND,S Chand And Company Limited,INE807K01035,,EQ,SCHAND.NS,136.72999572753906,40902.35,FAIL,VOLUME_TOO_LOW
NSE,STOCK,SCHNEIDER,Schneider Electric Infrastructure Limited,INE839M01018,,EQ,SCHNEIDER.NS,1191.0,520664.55,PASS,PASS
NSE,STOCK,SCI,Shipping Corporation Of India Limited,INE109A01011,,EQ,SCI.NS,295.3500061035156,2249545.2,PASS,PASS
NSE,STOCK,SCILAL,Shipping Corporation of India Land and Assets Limited,INE0PB301013,,EQ,SCILAL.NS,39.77000045776367,164344.65,FAIL,PRICE_TOO_LOW
NSE,STOCK,SCODATUBES,Scoda Tubes Limited,INE090501011,,EQ,SCODATUBES.NS,134.9499969482422,195708.3,PASS,PASS
NSE,STOCK,SCPL,Sheetal Cool Products Limited,INE501Y01019,,BE,SCPL.NS,641.9000244140625,69334.35,FAIL,VOLUME_TOO_LOW
NSE,STOCK,SDBL,Som Distilleries & Breweries Limited,INE480C01038,,EQ,SDBL.NS,74.0,665891.65,PASS,PASS
NSE,STOCK,SEAMECLTD,Seamec Limited,INE497B01018,,EQ,SEAMECLTD.NS,1786.5999755859375,153170.55,PASS,PASS
NSE,STOCK,SECMARK,SecMark Consultancy Limited,INE0BTM01013,,EQ,SECMARK.NS,148.4600067138672,11126.45,FAIL,VOLUME_TOO_LOW
NSE,STOCK,SECURKLOUD,SECUREKLOUD TECHNOLOGIES LIMITED,INE650K01021,,EQ,SECURKLOUD.NS,17.40999984741211,18238.05,FAIL,PRICE_TOO_LOW
NSE,STOCK,SEDEMAC,SEDEMAC Mechatronics Limited,INE00XB01019,,EQ,SEDEMAC.NS,2814.39990234375,192148.2,PASS,PASS
NSE,STOCK,SEIL,Shanti Educational Initiatives Limited,INE440T01028,,EQ,SEIL.NS,202.33999633789065,284527.8461538461,PASS,PASS
NSE,STOCK,SEJALLTD,Sejal Glass Limited,INE955I01044,,EQ,SEJALLTD.NS,672.4500122070312,6908.4,FAIL,VOLUME_TOO_LOW
NSE,STOCK,SEKURITIND,Saint Gobain Sekurit India Limited,INE068B01017,,EQ,SEKURITIND.NS,114.66999816894533,22597.0,FAIL,VOLUME_TOO_LOW
NSE,STOCK,SELMC,SEL Manufacturing Company Limited,INE105I01020,,EQ,SELMC.NS,27.170000076293945,5553.15,FAIL,PRICE_TOO_LOW
NSE,STOCK,SEMAC,Semac Construction Limited,INE617A01013,,EQ,SEMAC.NS,290.54998779296875,619.65,FAIL,VOLUME_TOO_LOW
NSE,STOCK,SENCO,Senco Gold Limited,INE602W01027,,EQ,SENCO.NS,358.6499938964844,1496843.55,PASS,PASS
NSE,STOCK,SENORES,Senores Pharmaceuticals Limited,INE0RB801010,,EQ,SENORES.NS,1430.4000244140625,241696.0,PASS,PASS
NSE,STOCK,SEPC,SEPC Limited,INE964H01014,,EQ,SEPC.NS,5.380000114440918,19521121.15,FAIL,PRICE_TOO_LOW
NSE,STOCK,SERVOTECH,Servotech Renewable Power System Limited,INE782X01033,,EQ,SERVOTECH.NS,80.25,309936.25,PASS,PASS
NSE,STOCK,SESHAPAPER,Seshasayee Paper and Boards Limited,INE630A01024,,EQ,SESHAPAPER.NS,234.50999450683597,29227.75,FAIL,VOLUME_TOO_LOW
NSE,STOCK,SETCO,Setco Automotive Limited,INE878E01021,,BE,SETCO.NS,17.360000610351562,62978.1,FAIL,PRICE_TOO_LOW
NSE,STOCK,SETL,Standard Engineering Technology Limited,INE0M4D01010,,EQ,SETL.NS,408.9500122070313,1334968.6,PASS,PASS
NSE,STOCK,SETUINFRA,Setubandhan Infrastructure Limited,INE023M01027,,BZ,SETUINFRA.NS,0.550000011920929,57830.35,FAIL,PRICE_TOO_LOW
NSE,STOCK,SEYAIND,Seya Industries Limited,INE573R01012,,BE,SEYAIND.NS,12.0600004196167,6052.9,FAIL,PRICE_TOO_LOW
NSE,STOCK,SFL,Sheela Foam Limited,INE916U01025,,EQ,SFL.NS,646.7999877929688,159445.15,PASS,PASS
NSE,STOCK,SGFIN,SG Finserve Limited,INE618R01015,,EQ,SGFIN.NS,676.7999877929688,228873.45,PASS,PASS
NSE,STOCK,SGIL,Synergy Green Industries Limited,INE00QT01015,,EQ,SGIL.NS,603.7999877929688,16107.8,FAIL,VOLUME_TOO_LOW
NSE,STOCK,SGL,STL Global Limited,INE353H01010,,EQ,SGL.NS,10.260000228881836,7302.35,FAIL,PRICE_TOO_LOW
NSE,STOCK,SGLRES,SGL Resources Limited,INE967B01028,,EQ,SGLRES.NS,2.390000104904175,43855.38461538462,FAIL,PRICE_TOO_LOW
NSE,STOCK,SGMART,SG Mart Limited,INE385F01024,,EQ,SGMART.NS,815.8499755859375,376250.5,PASS,PASS
NSE,STOCK,SGRL,Shree Ganesh Remedies Limited,INE414Y01015,,EQ,SGRL.NS,684.0999755859375,28918.0,FAIL,VOLUME_TOO_LOW
NSE,STOCK,SHADOWFAX,Shadowfax Technologies Limited,INE12UN01015,,EQ,SHADOWFAX.NS,259.54998779296875,4856811.1,PASS,PASS
NSE,STOCK,SHAH,Shah Metacorp Limited,INE482J01021,,EQ,SHAH.NS,3.490000009536743,12424427.75,FAIL,PRICE_TOO_LOW
NSE,STOCK,SHAHALLOYS,Shah Alloys Limited,INE640C01011,,BE,SHAHALLOYS.NS,106.83999633789062,227851.05,PASS,PASS
NSE,STOCK,SHAILY,Shaily Engineering Plastics Limited,INE151G01028,,EQ,SHAILY.NS,3267.10009765625,164269.65,PASS,PASS
NSE,STOCK,SHAKTIPUMP,Shakti Pumps (India) Limited,INE908D01010,,EQ,SHAKTIPUMP.NS,473.0,313558.5,PASS,PASS
NSE,STOCK,SHALBY,Shalby Limited,INE597J01018,,EQ,SHALBY.NS,152.63999938964844,64714.25,FAIL,VOLUME_TOO_LOW
NSE,STOCK,SHALPAINTS,Shalimar Paints Limited,INE849C01026,,BE,SHALPAINTS.NS,81.55000305175781,181637.3,PASS,PASS
NSE,STOCK,SHANKARA,Shankara Building Products Limited,INE274V01019,,EQ,SHANKARA.NS,147.08999633789062,95571.35,FAIL,VOLUME_TOO_LOW
NSE,STOCK,SHANKESH,Shankesh Jewellers Limited,INE1WFC01025,,EQ,SHANKESH.NS,98.91999816894533,17003014.666666668,PASS,PASS
NSE,STOCK,SHANTI,Shanti Overseas (India) Limited,INE933X01016,,EQ,SHANTI.NS,6.309999942779541,48372.3,FAIL,PRICE_TOO_LOW
NSE,STOCK,SHANTIGEAR,Shanthi Gears Limited,INE631A01022,,EQ,SHANTIGEAR.NS,621.75,999757.3,PASS,PASS
NSE,STOCK,SHANTIGOLD,Shanti Gold International Limited,INE06ZD01017,,EQ,SHANTIGOLD.NS,256.3399963378906,2858530.85,PASS,PASS
NSE,STOCK,SHARDACROP,Sharda Cropchem Limited,INE221J01015,,EQ,SHARDACROP.NS,768.3499755859375,156496.55,PASS,PASS
NSE,STOCK,SHARDAMOTR,Sharda Motor Industries Limited,INE597I01028,,EQ,SHARDAMOTR.NS,877.9000244140625,66994.05,FAIL,VOLUME_TOO_LOW
NSE,STOCK,SHARDUL,Shardul Securities Limited,INE037B01020,,BE,SHARDUL.NS,53.77000045776367,24432.6,FAIL,VOLUME_TOO_LOW
NSE,STOCK,SHAREINDIA,Share India Securities Limited,INE932X01026,,EQ,SHAREINDIA.NS,169.27000427246094,310558.4,PASS,PASS
NSE,STOCK,SHBAJRG,Shri Bajrang Alliance Limited,INE402H01015,,EQ,SHBAJRG.NS,160.8300018310547,2975.0,FAIL,VOLUME_TOO_LOW
NSE,STOCK,SHEKHAWATI,Shekhawati Industries Limited,INE268L01046,,BE,SHEKHAWATI.NS,15.25,110440.4,FAIL,PRICE_TOO_LOW
NSE,STOCK,SHEMAROO,Shemaroo Entertainment Limited,INE363M01019,,BE,SHEMAROO.NS,125.73999786376952,12100.8,FAIL,VOLUME_TOO_LOW
NSE,STOCK,SHERVANI,Shervani Industrial Syndicate Limited,INE011D01013,,EQ,SHERVANI.NS,315.04998779296875,596.4166666666666,FAIL,VOLUME_TOO_LOW
NSE,STOCK,SHILCTECH,Shilchar Technologies Limited,INE024F01011,,EQ,SHILCTECH.NS,4065.300048828125,36739.2,FAIL,VOLUME_TOO_LOW
NSE,STOCK,SHILGRAVQ,Shilp Gravures Limited,INE960A01017,,EQ,SHILGRAVQ.NS,150.4199981689453,4521.153846153846,FAIL,VOLUME_TOO_LOW
NSE,STOCK,SHILPAMED,Shilpa Medicare Limited,INE790G01031,,EQ,SHILPAMED.NS,964.1500244140624,1653981.15,PASS,PASS
NSE,STOCK,SHINDL,Sharat Industries Limited,INE220Z01013,,EQ,SHINDL.NS,159.35000610351562,205703.0,PASS,PASS
NSE,STOCK,SHIPROCKET,Shiprocket Limited,INE0FOO01011,,EQ,SHIPROCKET.NS,135.9199981689453,43329285.0,PASS,PASS
NSE,STOCK,SHIVAAGRO,Shiva Global Agro Industries Limited,INE960E01019,,EQ,SHIVAAGRO.NS,42.900001525878906,4535.2307692307695,FAIL,PRICE_TOO_LOW
NSE,STOCK,SHIVACEM,Shiva Cement Limited,INE555C01029,,EQ,SHIVACEM.NS,15.699999809265137,50989.692307692305,FAIL,PRICE_TOO_LOW
NSE,STOCK,SHIVALIK,Shivalik Rasayan Limited,INE788J01021,,BE,SHIVALIK.NS,327.3999938964844,35320.3,FAIL,VOLUME_TOO_LOW
NSE,STOCK,SHIVAMAUTO,Shivam Autotech Limited,INE637H01024,,EQ,SHIVAMAUTO.NS,17.799999237060547,39870.1,FAIL,PRICE_TOO_LOW
NSE,STOCK,SHIVAMILLS,Shiva Mills Limited,INE644Y01017,,EQ,SHIVAMILLS.NS,61.58000183105469,2789.35,FAIL,VOLUME_TOO_LOW
NSE,STOCK,SHIVATEX,Shiva Texyarn Limited,INE705C01020,,EQ,SHIVATEX.NS,182.22000122070312,9527.95,FAIL,VOLUME_TOO_LOW
NSE,STOCK,SHIVAUM,Shiv Aum Steels Limited,INE719F01016,,EQ,SHIVAUM.NS,450.0,29404.7,FAIL,VOLUME_TOO_LOW
NSE,STOCK,SHK,S H Kelkar and Company Limited,INE500L01026,,EQ,SHK.NS,150.13999938964844,405935.9,PASS,PASS
NSE,STOCK,SHOPERSTOP,Shoppers Stop Limited,INE498B01024,,EQ,SHOPERSTOP.NS,381.75,32584.75,FAIL,VOLUME_TOO_LOW
NSE,STOCK,SHRADDHA,Shraddha Prime Projects Limited,INE311M01018,,EQ,SHRADDHA.NS,152.77999877929688,8412.846153846154,FAIL,VOLUME_TOO_LOW
NSE,STOCK,SHRADHA,Shradha Realty Limited,INE715Y01031,,EQ,SHRADHA.NS,31.899999618530277,23006.25,FAIL,PRICE_TOO_LOW
NSE,STOCK,SHREDIGCEM,Shree Digvijay Cement Co.Ltd,INE232A01011,,EQ,SHREDIGCEM.NS,74.27999877929688,108175.55,PASS,PASS
NSE,STOCK,SHREECEM,SHREE CEMENT LIMITED,INE070A01015,,EQ,SHREECEM.NS,23855.0,27363.85,FAIL,VOLUME_TOO_LOW
NSE,STOCK,SHREEJISPG,Shreeji Shipping Global Limited,INE1B6101010,,EQ,SHREEJISPG.NS,680.1500244140625,1278907.7,PASS,PASS
NSE,STOCK,SHREEPUSHK,Shree Pushkar Chemicals & Fertilisers Limited,INE712K01011,,EQ,SHREEPUSHK.NS,477.4500122070313,103996.4,PASS,PASS
NSE,STOCK,SHREERAMA,Shree Rama Multi-Tech Limited,INE879A01019,,EQ,SHREERAMA.NS,44.52000045776367,164649.35,FAIL,PRICE_TOO_LOW
NSE,STOCK,SHRENIK,Shrenik Limited,INE632X01030,,BZ,SHRENIK.NS,0.2899999916553497,509003.0,FAIL,PRICE_TOO_LOW
NSE,STOCK,SHREYANIND,Shreyans Industries Limited,INE231C01019,,EQ,SHREYANIND.NS,129.3000030517578,7308.0,FAIL,VOLUME_TOO_LOW
NSE,STOCK,SHRIKRISH,Shri Krishna Devcon Limited,INE997I01012,,EQ,SHRIKRISH.NS,38.84999847412109,764.9090909090909,FAIL,PRICE_TOO_LOW
NSE,STOCK,SHRINGARMS,Shringar House of Mangalsutra Limited,INE1B3L01017,,EQ,SHRINGARMS.NS,217.91000366210935,484902.2,PASS,PASS
NSE,STOCK,SHRIPISTON,SPR Auto Technologies Limited,INE526E01018,,EQ,SHRIPISTON.NS,4551.2998046875,78716.3,FAIL,VOLUME_TOO_LOW
NSE,STOCK,SHRIRAMFIN,Shriram Finance Limited,INE721A01047,,EQ,SHRIRAMFIN.NS,1041.0,3697901.75,PASS,PASS
NSE,STOCK,SHRIRAMPPS,Shriram Properties Limited,INE217L01019,,EQ,SHRIRAMPPS.NS,75.68000030517578,580369.45,PASS,PASS
NSE,STOCK,SHRJAGP,Shri Jagdamba Polymers Limited,INE564J01026,,EQ,SHRJAGP.NS,621.2999877929688,1058.3076923076924,FAIL,VOLUME_TOO_LOW
NSE,STOCK,SHUKRAPHAR,Shukra Pharmaceuticals Limited,INE551C01044,,EQ,SHUKRAPHAR.NS,51.93000030517578,1840364.3333333333,PASS,PASS
NSE,STOCK,SHYAMCENT,Shyam Century Ferrous Limited,INE979R01011,,BE,SHYAMCENT.NS,4.960000038146973,56994.85,FAIL,PRICE_TOO_LOW
NSE,STOCK,SHYAMMETL,Shyam Metalics and Energy Limited,INE810G01011,,EQ,SHYAMMETL.NS,1065.300048828125,571276.85,PASS,PASS
NSE,STOCK,SHYAMTEL,Shyam Telecom Limited,INE635A01023,,EQ,SHYAMTEL.NS,11.420000076293944,14159.5,FAIL,PRICE_TOO_LOW
NSE,STOCK,SICAGEN,Sicagen India Limited,INE176J01011,,EQ,SICAGEN.NS,58.650001525878906,186930.6,PASS,PASS
NSE,STOCK,SICALLOG,Sical Logistics Limited,INE075B01020,,BE,SICALLOG.NS,107.33000183105467,49920.05,FAIL,VOLUME_TOO_LOW
NSE,STOCK,SIEL,Superior Industrial Enterprises Limited,INE843L01012,,EQ,SIEL.NS,30.88999938964844,4737.538461538462,FAIL,PRICE_TOO_LOW
NSE,STOCK,SIEMENS,Siemens Limited,INE003A01024,,EQ,SIEMENS.NS,3977.0,411353.6,PASS,PASS
NSE,STOCK,SIGACHI,Sigachi Industries Limited,INE0D0K01022,,EQ,SIGACHI.NS,34.7400016784668,4109529.95,FAIL,PRICE_TOO_LOW
NSE,STOCK,SIGIND,Signet Industries Limited,INE529F01035,,BE,SIGIND.NS,71.13999938964844,72180.75,FAIL,VOLUME_TOO_LOW
NSE,STOCK,SIGMA,Sigma Solve Limited,INE0A0S01028,,EQ,SIGMA.NS,47.41999816894531,173271.45,FAIL,PRICE_TOO_LOW
NSE,STOCK,SIGMAADV,SIGMA ADVANCED SYSTEMS LIMITED,INE933B01012,,BE,SIGMAADV.NS,754.7999877929688,324092.95,PASS,PASS
NSE,STOCK,SIGNATURE,Signatureglobal (India) Limited,INE903U01023,,EQ,SIGNATURE.NS,794.2000122070312,214988.65,PASS,PASS
NSE,STOCK,SIGNPOST,Signpost India Limited,INE0KGZ01021,,EQ,SIGNPOST.NS,244.25,55592.7,FAIL,VOLUME_TOO_LOW
NSE,STOCK,SIKA,Sika Interplant Systems Limited,INE438E01032,,EQ,SIKA.NS,974.75,23700.615384615383,FAIL,VOLUME_TOO_LOW
NSE,STOCK,SIKKO,Sikko Industries Limited,INE112X01025,,BE,SIKKO.NS,5.329999923706055,636779.25,FAIL,PRICE_TOO_LOW
NSE,STOCK,SIL,Standard Industries Limited,INE173A01025,,EQ,SIL.NS,19.59000015258789,228752.1,FAIL,PRICE_TOO_LOW
NSE,STOCK,SILGO,Silgo Retail Limited,INE01II01013,,EQ,SILGO.NS,71.16000366210938,196537.8,PASS,PASS
NSE,STOCK,SILINV,SIL Investments Limited,INE923A01015,,EQ,SILINV.NS,487.5,3366.85,FAIL,VOLUME_TOO_LOW
NSE,STOCK,SILLYMONKS,Silly Monks Entertainment Limited,INE203Y01012,,EQ,SILLYMONKS.NS,16.239999771118164,16059.7,FAIL,PRICE_TOO_LOW
NSE,STOCK,SILVERTUC,Silver Touch Technologies Limited,INE625X01026,,EQ,SILVERTUC.NS,169.72000122070312,477994.2,PASS,PASS
NSE,STOCK,SIMBHALS,Simbhaoli Sugars Limited,INE748T01016,,BZ,SIMBHALS.NS,7.949999809265137,24235.65,FAIL,PRICE_TOO_LOW
NSE,STOCK,SIMPLEXINF,Simplex Infrastructures Limited,INE059B01024,,EQ,SIMPLEXINF.NS,266.95001220703125,161853.75,PASS,PASS
NSE,STOCK,SIMPLXREA,Simplex Realty Limited,INE167H01014,,EQ,SIMPLXREA.NS,139.5,80.5,FAIL,VOLUME_TOO_LOW
NSE,STOCK,SINCLAIR,Sinclairs Hotels Limited,INE985A01022,,EQ,SINCLAIR.NS,83.8499984741211,32486.9,FAIL,VOLUME_TOO_LOW
NSE,STOCK,SINDHUTRAD,Sindhu Trade Links Limited,INE325D01025,,EQ,SINDHUTRAD.NS,25.280000686645508,2361344.3,FAIL,PRICE_TOO_LOW
NSE,STOCK,SINGERIND,Singer India Limited,INE638A01035,,EQ,SINGERIND.NS,76.9800033569336,322110.8,PASS,PASS
NSE,STOCK,SINTERCOM,Sintercom India Limited,INE129Z01016,,EQ,SINTERCOM.NS,79.61000061035156,6330.45,FAIL,VOLUME_TOO_LOW
NSE,STOCK,SIRCA,Sirca Paints India Limited,INE792Z01011,,EQ,SIRCA.NS,440.3999938964844,476770.55,PASS,PASS
NSE,STOCK,SIS,SIS LIMITED,INE285J01028,,EQ,SIS.NS,435.8500061035156,234818.05,PASS,PASS
NSE,STOCK,SITINET,Siti Networks Limited,INE965H01011,,BZ,SITINET.NS,0.2899999916553497,732304.35,FAIL,PRICE_TOO_LOW
NSE,STOCK,SIYSIL,Siyaram Silk Mills Limited,INE076B01028,,EQ,SIYSIL.NS,558.6500244140625,62187.5,FAIL,VOLUME_TOO_LOW
NSE,STOCK,SJS,S.J.S. Enterprises Limited,INE284S01014,,EQ,SJS.NS,2306.10009765625,167553.85,PASS,PASS
NSE,STOCK,SJVN,SJVN Limited,INE002L01015,,EQ,SJVN.NS,65.2300033569336,1440720.3,PASS,PASS
NSE,STOCK,SKFINDIA,SKF India Limited,INE640A01023,,EQ,SKFINDIA.NS,1540.5999755859375,135795.75,PASS,PASS
NSE,STOCK,SKFINDUS,SKF India (Industrial) Limited,INE2J8701016,,EQ,SKFINDUS.NS,3062.800048828125,63377.0,FAIL,VOLUME_TOO_LOW
NSE,STOCK,SKIPPER,Skipper Limited,INE439E01022,,EQ,SKIPPER.NS,591.0999755859375,1362393.45,PASS,PASS
NSE,STOCK,SKMEGGPROD,SKM Egg Products Export (India) Limited,INE411D01023,,EQ,SKMEGGPROD.NS,257.1000061035156,362433.1,PASS,PASS
NSE,STOCK,SKYGOLD,SKY GOLD AND DIAMONDS LIMITED,INE01IU01018,,EQ,SKYGOLD.NS,742.0,1435610.45,PASS,PASS
NSE,STOCK,SKYWAYS,Skyways Air Services Limited,INE0PX301025,,EQ,SKYWAYS.NS,122.72000122070312,23020552.0,PASS,PASS
NSE,STOCK,SMARTLINK,Smartlink Holdings Limited,INE178C01020,,BE,SMARTLINK.NS,212.72000122070312,5193.8,FAIL,VOLUME_TOO_LOW
NSE,STOCK,SMARTWORKS,Smartworks Coworking Spaces Limited,INE0NAZ01010,,EQ,SMARTWORKS.NS,531.4000244140625,122097.75,PASS,PASS
NSE,STOCK,SMCGLOBAL,SMC Global Securities Limited,INE103C01036,,EQ,SMCGLOBAL.NS,79.41999816894531,389660.55,PASS,PASS
NSE,STOCK,SMLMAH,SML Mahindra Limited,INE294B01019,,EQ,SMLMAH.NS,6298.5,134055.05,PASS,PASS
NSE,STOCK,SMLT,Sarthak Metals Limited,INE017W01010,,EQ,SMLT.NS,64.58999633789062,7952.45,FAIL,VOLUME_TOO_LOW
NSE,STOCK,SMSPHARMA,SMS Pharmaceuticals Limited,INE812G01025,,EQ,SMSPHARMA.NS,374.1499938964844,170512.95,PASS,PASS
NSE,STOCK,SNOWMAN,Snowman Logistics Limited,INE734N01019,,EQ,SNOWMAN.NS,36.40999984741211,137785.35,FAIL,PRICE_TOO_LOW
NSE,STOCK,SOBHA,Sobha Limited,INE671H01015,,EQ,SOBHA.NS,1259.0999755859375,90321.95,FAIL,VOLUME_TOO_LOW
NSE,STOCK,SOFTTECH,Softtech Engineers Limited,INE728Z01015,,EQ,SOFTTECH.NS,421.7999877929688,4835.55,FAIL,VOLUME_TOO_LOW
NSE,STOCK,SOLARA,Solara Active Pharma Sciences Limited,INE624Z01016,,EQ,SOLARA.NS,629.8499755859375,641940.0,PASS,PASS
NSE,STOCK,SOLARINDS,Solar Industries India Limited,INE343H01029,,EQ,SOLARINDS.NS,21500.0,176556.55,PASS,PASS
NSE,STOCK,SOLARWORLD,Solarworld Energy Solutions Limited,INE0TY101024,,EQ,SOLARWORLD.NS,149.32000732421875,326277.15,PASS,PASS
NSE,STOCK,SOLEX,Solex Energy Limited,INE880Y01017,,EQ,SOLEX.NS,728.9500122070312,46292.3,FAIL,VOLUME_TOO_LOW
NSE,STOCK,SOMANYCERA,Somany Ceramics Limited,INE355A01028,,EQ,SOMANYCERA.NS,569.5,332636.6,PASS,PASS
NSE,STOCK,SOMATEX,Soma Textiles & Industries Limited,INE314C01013,,EQ,SOMATEX.NS,92.75,13756.1,FAIL,VOLUME_TOO_LOW
NSE,STOCK,SOMICONVEY,Somi Conveyor Beltings Limited,INE323J01019,,EQ,SOMICONVEY.NS,92.20999908447266,63217.7,FAIL,VOLUME_TOO_LOW
NSE,STOCK,SONACOMS,Sona BLW Precision Forgings Limited,INE073K01018,,EQ,SONACOMS.NS,789.0,1811925.3,PASS,PASS
NSE,STOCK,SONAL,Sonal Mercantile Limited,INE321M01017,,EQ,SONAL.NS,88.98999786376953,107.15384615384616,FAIL,VOLUME_TOO_LOW
NSE,STOCK,SONAMLTD,SONAM LIMITED,INE00LM01029,,BE,SONAMLTD.NS,67.87000274658203,270362.05,PASS,PASS
NSE,STOCK,SONATSOFTW,Sonata Software Limited,INE269A01021,,EQ,SONATSOFTW.NS,285.25,936112.25,PASS,PASS
NSE,STOCK,SOTL,Savita Oil Technologies Limited,INE035D01020,,EQ,SOTL.NS,737.3499755859375,1167126.7,PASS,PASS
NSE,STOCK,SOUTHBANK,The South Indian Bank Limited,INE683A01023,,EQ,SOUTHBANK.NS,47.290000915527344,8378559.5,FAIL,PRICE_TOO_LOW
NSE,STOCK,SOUTHWEST,South West Pinnacle Exploration Limited,INE980Y01015,,EQ,SOUTHWEST.NS,213.1199951171875,284437.3,PASS,PASS
NSE,STOCK,SPAL,S. P. Apparels Limited,INE212I01016,,EQ,SPAL.NS,1062.800048828125,129407.5,PASS,PASS
NSE,STOCK,SPANDANA,Spandana Sphoorty Financial Limited,INE572J01011,,EQ,SPANDANA.NS,236.5200042724609,141715.3,PASS,PASS
NSE,STOCK,SPARC,Sun Pharma Advanced Research Company Limited,INE232I01014,,EQ,SPARC.NS,199.47000122070312,939683.9,PASS,PASS
NSE,STOCK,SPCENET,Spacenet Enterprises India Limited,INE970N01027,,EQ,SPCENET.NS,3.4100000858306885,942250.1,FAIL,PRICE_TOO_LOW
NSE,STOCK,SPECIALITY,Speciality Restaurants Limited,INE247M01014,,BE,SPECIALITY.NS,135.6699981689453,109947.0,PASS,PASS
NSE,STOCK,SPECTRUM,Spectrum Electrical Industries Limited,INE01EO01010,,BE,SPECTRUM.NS,2255.699951171875,7728.1,FAIL,VOLUME_TOO_LOW
NSE,STOCK,SPELS,SPEL Semiconductor Limited,INE252A01019,,EQ,SPELS.NS,148.61000061035156,49081.61538461538,FAIL,VOLUME_TOO_LOW
NSE,STOCK,SPENCERS,Spencer's Retail Limited,INE020801028,,EQ,SPENCERS.NS,28.56999969482422,52880.0,FAIL,PRICE_TOO_LOW
NSE,STOCK,SPIC,Southern Petrochemicals Industries Corporation  Limited,INE147A01011,,EQ,SPIC.NS,71.27999877929688,544575.05,PASS,PASS
NSE,STOCK,SPLIL,SPL Industries Limited,INE978G01016,,EQ,SPLIL.NS,30.96999931335449,11709.2,FAIL,PRICE_TOO_LOW
NSE,STOCK,SPLPETRO,Supreme Petrochem Limited,INE663A01033,,EQ,SPLPETRO.NS,771.0499877929688,229533.75,PASS,PASS
NSE,STOCK,SPMLINFRA,SPML Infra Limited,INE937A01023,,EQ,SPMLINFRA.NS,173.30999755859375,202067.3,PASS,PASS
NSE,STOCK,SPORTKING,Sportking India Limited,INE885H01029,,EQ,SPORTKING.NS,230.6000061035156,449057.85,PASS,PASS
NSE,STOCK,SRD,Shankar Lal Rampal Dye-Chem Limited,INE01NE01012,,EQ,SRD.NS,39.65999984741211,38744.45,FAIL,PRICE_TOO_LOW
NSE,STOCK,SREEL,Sreeleathers Limited,INE099F01013,,EQ,SREEL.NS,258.9599914550781,26266.1,FAIL,VOLUME_TOO_LOW
NSE,STOCK,SRF,SRF Limited,INE647A01010,,EQ,SRF.NS,2547.0,254390.4,PASS,PASS
NSE,STOCK,SRGHFL,SRG Housing Finance Limited,INE559N01010,,EQ,SRGHFL.NS,249.6999969482422,2927.3,FAIL,VOLUME_TOO_LOW
NSE,STOCK,SRHHYPOLTD,Sree Rayalaseema Hi-Strength Hypo Limited,INE917H01012,,EQ,SRHHYPOLTD.NS,508.8999938964844,13248.4,FAIL,VOLUME_TOO_LOW
NSE,STOCK,SRIKPRIND,Sri KPR Industries Limited,INE009C01019,,EQ,SRIKPRIND.NS,33.459999084472656,26939.615384615383,FAIL,PRICE_TOO_LOW
NSE,STOCK,SRM,SRM Contractors Limited,INE0R6Z01013,,EQ,SRM.NS,470.2999877929688,99883.4,FAIL,VOLUME_TOO_LOW
NSE,STOCK,SRTL,Shree Ram Twistex Limited,INE19GK01015,,EQ,SRTL.NS,36.720001220703125,43662.9,FAIL,PRICE_TOO_LOW
NSE,STOCK,SSDL,Saraswati Saree Depot Limited,INE0PQ101010,,EQ,SSDL.NS,55.91999816894531,86430.35,FAIL,VOLUME_TOO_LOW
NSE,STOCK,SSWL,Steel Strips Wheels Limited,INE802C01033,,EQ,SSWL.NS,360.7999877929688,2177852.75,PASS,PASS
NSE,STOCK,STALLION,Stallion India Fluorochemicals Limited,INE0RYC01010,,BE,STALLION.NS,206.67999267578125,518424.6,PASS,PASS
NSE,STOCK,STANLEY,Stanley Lifestyles Limited,INE01A001028,,EQ,STANLEY.NS,135.47999572753906,121879.95,PASS,PASS
NSE,STOCK,STAR,Strides Pharma Science Limited,INE939A01011,,EQ,STAR.NS,1059.5999755859375,462792.5,PASS,PASS
NSE,STOCK,STARCEMENT,Star Cement Limited,INE460H01021,,EQ,STARCEMENT.NS,184.47000122070312,371693.4,PASS,PASS
NSE,STOCK,STARHEALTH,Star Health and Allied Insurance Company Limited,INE575P01011,,EQ,STARHEALTH.NS,557.3499755859375,324206.9,PASS,PASS
NSE,STOCK,STARPAPER,Star Paper Mills Limited,INE733A01018,,EQ,STARPAPER.NS,154.47000122070312,9317.45,FAIL,VOLUME_TOO_LOW
NSE,STOCK,STARTECK,Starteck Finance Limited,INE992I01013,,EQ,STARTECK.NS,245.5500030517578,5885.5,FAIL,VOLUME_TOO_LOW
NSE,STOCK,STCINDIA,The State Trading Corporation of India Limited,INE655A01013,,EQ,STCINDIA.NS,115.27999877929688,42203.8,FAIL,VOLUME_TOO_LOW
NSE,STOCK,STEELCAS,Steelcast Limited,INE124E01038,,EQ,STEELCAS.NS,317.8500061035156,117765.85,PASS,PASS
NSE,STOCK,STEELCITY,Steel City Securities Limited,INE395H01011,,EQ,STEELCITY.NS,86.47000122070312,17010.7,FAIL,VOLUME_TOO_LOW
NSE,STOCK,STEELXIND,STEEL EXCHANGE INDIA LIMITED,INE503B01021,,EQ,STEELXIND.NS,11.34000015258789,2483727.85,FAIL,PRICE_TOO_LOW
NSE,STOCK,STEL,Stel Holdings Limited,INE577L01016,,EQ,STEL.NS,606.9500122070312,5407.3,FAIL,VOLUME_TOO_LOW
NSE,STOCK,STERTOOLS,Sterling Tools Limited,INE334A01023,,BE,STERTOOLS.NS,220.77999877929688,21052.15,FAIL,VOLUME_TOO_LOW
NSE,STOCK,STLNETWORK,STL Networks Limited,INE1VXE01018,,EQ,STLNETWORK.NS,28.8700008392334,1396727.25,FAIL,PRICE_TOO_LOW
NSE,STOCK,STLSTRINF,Steel Strips Infrastructures Limited,INE205F01016,,EQ,STLSTRINF.NS,19.489999771118164,1735.3076923076924,FAIL,PRICE_TOO_LOW
NSE,STOCK,STLTECH,Sterlite Technologies Limited,INE089C01029,,BE,STLTECH.NS,713.25,1553120.7,PASS,PASS
NSE,STOCK,STOVEKRAFT,Stove Kraft Limited,INE00IN01015,,EQ,STOVEKRAFT.NS,832.5499877929688,190278.85,PASS,PASS
NSE,STOCK,STUDDS,Studds Accessories Limited,INE00Q601028,,EQ,STUDDS.NS,424.2000122070313,57558.3,FAIL,VOLUME_TOO_LOW
NSE,STOCK,STYL,Seshaasai Technologies Limited,INE04VU01023,,EQ,STYL.NS,387.0499877929688,165149.8,PASS,PASS
NSE,STOCK,STYLAMIND,Stylam Industries Limited,INE239C01020,,EQ,STYLAMIND.NS,3240.89990234375,42860.35,FAIL,VOLUME_TOO_LOW
NSE,STOCK,STYLEBAAZA,Baazar Style Retail Limited,INE01FR01028,,EQ,STYLEBAAZA.NS,394.8500061035156,1836935.95,PASS,PASS
NSE,STOCK,STYRENIX,Styrenix Performance Materials Limited,INE189B01011,,EQ,STYRENIX.NS,2007.0,40409.15,FAIL,VOLUME_TOO_LOW
NSE,STOCK,SUBEXLTD,Subex Limited,INE754A01055,,EQ,SUBEXLTD.NS,17.690000534057617,7226871.85,FAIL,PRICE_TOO_LOW
NSE,STOCK,SUBROS,Subros Limited,INE287B01021,,EQ,SUBROS.NS,705.8499755859375,43800.8,FAIL,VOLUME_TOO_LOW
NSE,STOCK,SUDARCOLOR,Sudarshan Colorants India Limited,INE492A01029,,EQ,SUDARCOLOR.NS,383.4500122070313,9008.55,FAIL,VOLUME_TOO_LOW
NSE,STOCK,SUDARSCHEM,Sudarshan Chemical Industries Limited,INE659A01023,,EQ,SUDARSCHEM.NS,1222.800048828125,713463.45,PASS,PASS
NSE,STOCK,SUDEEPPHRM,Sudeep Pharma Limited,INE0QPI01025,,EQ,SUDEEPPHRM.NS,1329.300048828125,304998.1,PASS,PASS
NSE,STOCK,SUKHJITS,Sukhjit Starch & Chemicals Limited,INE450E01029,,EQ,SUKHJITS.NS,157.7100067138672,13336.55,FAIL,VOLUME_TOO_LOW
NSE,STOCK,SULA,Sula Vineyards Limited,INE142Q01026,,EQ,SULA.NS,149.0,274524.7,PASS,PASS
NSE,STOCK,SUMEDHA,Sumedha Fiscal Services Limited,INE886B01012,,EQ,SUMEDHA.NS,38.5099983215332,3217.3846153846152,FAIL,PRICE_TOO_LOW
NSE,STOCK,SUMEETINDS,Sumeet Industries Limited,INE235C01036,,EQ,SUMEETINDS.NS,11.5,8103420.55,FAIL,PRICE_TOO_LOW
NSE,STOCK,SUMICHEM,Sumitomo Chemical India Limited,INE258G01013,,EQ,SUMICHEM.NS,493.3999938964844,345986.3,PASS,PASS
NSE,STOCK,SUMIT,Sumit Woods Limited,INE748Z01013,,EQ,SUMIT.NS,51.56999969482422,39482.25,FAIL,VOLUME_TOO_LOW
NSE,STOCK,SUMMITSEC,Summit Securities Limited,INE519C01017,,EQ,SUMMITSEC.NS,1442.300048828125,3027.55,FAIL,VOLUME_TOO_LOW
NSE,STOCK,SUNCLAY,Sundaram Clayton Limited,INE0Q3R01026,,EQ,SUNCLAY.NS,1304.4000244140625,7138.0,FAIL,VOLUME_TOO_LOW
NSE,STOCK,SUNDARAM,Sundaram Multi Pap Limited,INE108E01023,,EQ,SUNDARAM.NS,1.2300000190734863,1016246.6,FAIL,PRICE_TOO_LOW
NSE,STOCK,SUNDARMFIN,Sundaram Finance Limited,INE660A01013,,EQ,SUNDARMFIN.NS,4578.0,44712.85,FAIL,VOLUME_TOO_LOW
NSE,STOCK,SUNDRMBRAK,Sundaram Brake Linings Limited,INE073D01013,,BE,SUNDRMBRAK.NS,740.0,2982.95,FAIL,VOLUME_TOO_LOW
NSE,STOCK,SUNDRMFAST,Sundram Fasteners Limited,INE387A01021,,EQ,SUNDRMFAST.NS,1199.0999755859375,210345.35,PASS,PASS
NSE,STOCK,SUNDROP,Sundrop Brands Limited,INE209A01019,,EQ,SUNDROP.NS,656.4000244140625,26865.5,FAIL,VOLUME_TOO_LOW
NSE,STOCK,SUNFLAG,Sunflag Iron And Steel Company Limited,INE947A01014,,EQ,SUNFLAG.NS,346.5,173977.4,PASS,PASS
NSE,STOCK,SUNLOC,Sunil Healthcare Limited,INE671C01016,,EQ,SUNLOC.NS,79.98999786376953,697.0,FAIL,VOLUME_TOO_LOW
NSE,STOCK,SUNPHARMA,Sun Pharmaceutical Industries Limited,INE044A01036,,EQ,SUNPHARMA.NS,1899.0,1540391.3,PASS,PASS
NSE,STOCK,SUNRAKSHAK,Sunrakshakk Industries India Limited,INE671K01027,,EQ,SUNRAKSHAK.NS,373.7999877929688,7466.846153846154,FAIL,VOLUME_TOO_LOW
NSE,STOCK,SUNSHIEL,Sunshield Chemicals Limited,INE199E01014,,EQ,SUNSHIEL.NS,1145.0999755859375,1752.7692307692307,FAIL,VOLUME_TOO_LOW
NSE,STOCK,SUNSHINE,Sunshine Pictures Limited,INE1B3O01011,,EQ,SUNSHINE.NS,441.4500122070313,5530247.0,PASS,PASS
NSE,STOCK,SUNTECK,Sunteck Realty Limited,INE805D01034,,EQ,SUNTECK.NS,297.75,155726.6,PASS,PASS
NSE,STOCK,SUNTV,Sun TV Network Limited,INE424H01027,,EQ,SUNTV.NS,465.8999938964844,496107.2,PASS,PASS
NSE,STOCK,SUPERHOUSE,Superhouse Limited,INE712B01010,,EQ,SUPERHOUSE.NS,168.74000549316406,7582.05,FAIL,VOLUME_TOO_LOW
NSE,STOCK,SUPERSPIN,Super Spinning Mills Limited,INE662A01027,,BE,SUPERSPIN.NS,6.829999923706055,19736.2,FAIL,PRICE_TOO_LOW
NSE,STOCK,SUPRAJIT,Suprajit Engineering Limited,INE399C01030,,EQ,SUPRAJIT.NS,489.7000122070313,123671.4,PASS,PASS
NSE,STOCK,SUPREME,Supreme Holdings & Hospitality (India) Limited,INE822E01011,,EQ,SUPREME.NS,36.209999084472656,24421.2,FAIL,PRICE_TOO_LOW
NSE,STOCK,SUPREMEENG,Supreme Engineering Limited,INE319Z01021,,BZ,SUPREMEENG.NS,2.9800000190734863,473708.6,FAIL,PRICE_TOO_LOW
NSE,STOCK,SUPREMEIND,Supreme Industries Limited,INE195A01028,,EQ,SUPREMEIND.NS,3475.0,202619.15,PASS,PASS
NSE,STOCK,SUPREMEINF,Supreme Infrastructure India Limited,INE550H01011,,EQ,SUPREMEINF.NS,83.48999786376953,58757.95,FAIL,VOLUME_TOO_LOW
NSE,STOCK,SUPRIYA,Supriya Lifescience Limited,INE07RO01027,,EQ,SUPRIYA.NS,852.8499755859375,375751.95,PASS,PASS
NSE,STOCK,SUPTANERY,Super Tannery Limited,INE460D01038,,BE,SUPTANERY.NS,13.9399995803833,597737.0769230769,FAIL,PRICE_TOO_LOW
NSE,STOCK,SURAJEST,Suraj Estate Developers Limited,INE843S01025,,EQ,SURAJEST.NS,177.8000030517578,152237.75,PASS,PASS
NSE,STOCK,SURAJLTD,Suraj Limited,INE713C01016,,EQ,SURAJLTD.NS,203.1699981689453,2348.85,FAIL,VOLUME_TOO_LOW
NSE,STOCK,SURAKSHA,Suraksha Diagnostic Limited,INE877V01027,,EQ,SURAKSHA.NS,339.6000061035156,387859.9,PASS,PASS
NSE,STOCK,SURANASOL,Surana Solar Limited,INE272L01022,,EQ,SURANASOL.NS,25.940000534057617,42647.9,FAIL,PRICE_TOO_LOW
NSE,STOCK,SURANAT&P,Surana Telecom and Power Limited,INE130B01031,,EQ,SURANAT&P.NS,16.209999084472656,83251.1,FAIL,PRICE_TOO_LOW
NSE,STOCK,SURYALA,Suryalata Spinning Mills Limited,INE132C01027,,EQ,SURYALA.NS,407.7000122070313,833.5384615384615,FAIL,VOLUME_TOO_LOW
NSE,STOCK,SURYALAXMI,Suryalakshmi Cotton Mills Limited,INE713B01026,,EQ,SURYALAXMI.NS,60.02999877929688,7425.45,FAIL,VOLUME_TOO_LOW
NSE,STOCK,SURYAROSNI,Surya Roshni Limited,INE335A01020,,EQ,SURYAROSNI.NS,216.4900054931641,760072.15,PASS,PASS
NSE,STOCK,SURYODAY,Suryoday Small Finance Bank Limited,INE428Q01011,,EQ,SURYODAY.NS,153.57000732421875,480851.75,PASS,PASS
NSE,STOCK,SUTLEJTEX,Sutlej Textiles and Industries Limited,INE645H01027,,BE,SUTLEJTEX.NS,38.959999084472656,29981.25,FAIL,PRICE_TOO_LOW
NSE,STOCK,SUVEN,Suven Life Sciences Limited,INE495B01038,,EQ,SUVEN.NS,378.0,945870.15,PASS,PASS
NSE,STOCK,SUVIDHAA,Suvidhaa Infoserve Limited,INE018401013,,EQ,SUVIDHAA.NS,2.059999942779541,122713.45,FAIL,PRICE_TOO_LOW
NSE,STOCK,SUYOG,Suyog Telematics Limited,INE442P01014,,EQ,SUYOG.NS,737.2999877929688,27679.05,FAIL,VOLUME_TOO_LOW
NSE,STOCK,SUZLON,Suzlon Energy Limited,INE040H01021,,EQ,SUZLON.NS,45.34999847412109,41723511.7,FAIL,PRICE_TOO_LOW
NSE,STOCK,SVGLOBAL,S V Global Mill Limited,INE159L01013,,EQ,SVGLOBAL.NS,163.6199951171875,22225.071428571428,FAIL,VOLUME_TOO_LOW
NSE,STOCK,SVLL,Shree Vasu Logistics Limited,INE00CE01017,,BE,SVLL.NS,806.0,2393.95,FAIL,VOLUME_TOO_LOW
NSE,STOCK,SVPGLOB,SVP GLOBAL TEXTILES LIMITED,INE308E01029,,EQ,SVPGLOB.NS,3.5899999141693115,34843.8,FAIL,PRICE_TOO_LOW
NSE,STOCK,SWANCORP,SWAN CORP LIMITED,INE665A01038,,EQ,SWANCORP.NS,284.1000061035156,864628.4,PASS,PASS
NSE,STOCK,SWANDEF,Swan Defence and Heavy Industries Limited,INE542F01020,,BE,SWANDEF.NS,2490.0,24726.75,FAIL,VOLUME_TOO_LOW
NSE,STOCK,SWARAJ,Swaraj Suiting Limited,INE0GMR01016,,BE,SWARAJ.NS,354.5,202705.3,PASS,PASS
NSE,STOCK,SWARAJENG,Swaraj Engines Limited,INE277A01016,,EQ,SWARAJENG.NS,3554.699951171875,5913.5,FAIL,VOLUME_TOO_LOW
NSE,STOCK,SWARNSAR,Swarnsarita Jewels India Limited,INE967A01012,,EQ,SWARNSAR.NS,35.47999954223633,4739.153846153846,FAIL,PRICE_TOO_LOW
NSE,STOCK,SWELECTES,Swelect Energy Systems Limited,INE409B01013,,EQ,SWELECTES.NS,576.9000244140625,35331.2,FAIL,VOLUME_TOO_LOW
NSE,STOCK,SWIGGY,Swiggy Limited,INE00H001014,,EQ,SWIGGY.NS,276.1000061035156,21936690.0,PASS,PASS
NSE,STOCK,SWISSMLTRY,Swiss Military Consumer Goods Limited,INE010C01025,,BE,SWISSMLTRY.NS,15.399999618530272,267248.53846153844,FAIL,PRICE_TOO_LOW
NSE,STOCK,SWSOLAR,Sterling and Wilson Renewable Energy Limited,INE00M201021,,EQ,SWSOLAR.NS,187.7899932861328,669237.4,PASS,PASS
NSE,STOCK,SYMBIOTEC,Symbiotec Pharmalab Limited,INE899I01028,,EQ,SYMBIOTEC.NS,1076.8499755859375,13340793.0,PASS,PASS
NSE,STOCK,SYMPHONY,Symphony Limited,INE225D01027,,EQ,SYMPHONY.NS,580.3499755859375,54024.45,FAIL,VOLUME_TOO_LOW
NSE,STOCK,SYNCOMF,Syncom Formulations (India) Limited,INE312C01025,,EQ,SYNCOMF.NS,20.57999992370605,15718504.05,FAIL,PRICE_TOO_LOW
NSE,STOCK,SYNGENE,Syngene International Limited,INE398R01022,,EQ,SYNGENE.NS,400.7999877929688,719943.1,PASS,PASS
NSE,STOCK,SYRMA,Syrma SGS Technology Limited,INE0DYJ01015,,EQ,SYRMA.NS,1452.800048828125,1061853.25,PASS,PASS
NSE,STOCK,SYSTMTXC,Systematix Corporate Services Limited,INE356B01024,,BE,SYSTMTXC.NS,57.369998931884766,11964.1,FAIL,VOLUME_TOO_LOW
NSE,STOCK,TAALTECH,Taal Tech Limited,INE524T01011,,EQ,TAALTECH.NS,4502.2001953125,4674.571428571428,FAIL,VOLUME_TOO_LOW
NSE,STOCK,TAINWALCHM,Tainwala Chemical and Plastic (I) Limited,INE123C01018,,EQ,TAINWALCHM.NS,207.6300048828125,7231.05,FAIL,VOLUME_TOO_LOW
NSE,STOCK,TAJGVK,Taj GVK Hotels & Resorts Limited,INE586B01026,,EQ,TAJGVK.NS,332.54998779296875,66602.85,FAIL,VOLUME_TOO_LOW
NSE,STOCK,TAKE,TAKE Limited,INE142I01023,,EQ,TAKE.NS,13.170000076293944,741805.15,FAIL,PRICE_TOO_LOW
NSE,STOCK,TALBROAUTO,Talbros Automotive Components Limited,INE187D01029,,EQ,TALBROAUTO.NS,412.1499938964844,190314.9,PASS,PASS
NSE,STOCK,TAMBOLIIN,Tamboli Industries Limited,INE864J01012,,BE,TAMBOLIIN.NS,250.0,15439.615384615385,FAIL,VOLUME_TOO_LOW
NSE,STOCK,TANAA,Taneja Aerospace & Aviation Limited,INE692C01020,,EQ,TANAA.NS,282.3500061035156,8956.538461538461,FAIL,VOLUME_TOO_LOW
NSE,STOCK,TANLA,Tanla Platforms Limited,INE483C01032,,EQ,TANLA.NS,514.7999877929688,610913.5,PASS,PASS
NSE,STOCK,TARACHAND,Tara Chand InfraLogistic Solutions Limited,INE555Z01020,,EQ,TARACHAND.NS,48.33000183105469,96092.05,FAIL,PRICE_TOO_LOW
NSE,STOCK,TARAPUR,Tarapur Transformers Limited,INE747K01017,,EQ,TARAPUR.NS,13.329999923706056,51220.1,FAIL,PRICE_TOO_LOW
NSE,STOCK,TARC,TARC Limited,INE0EK901012,,EQ,TARC.NS,126.98999786376952,609356.85,PASS,PASS
NSE,STOCK,TARIL,Transformers And Rectifiers (India) Limited,INE763I01026,,EQ,TARIL.NS,300.95001220703125,1894518.5,PASS,PASS
NSE,STOCK,TARMAT,Tarmat Limited,INE924H01018,,EQ,TARMAT.NS,64.48999786376953,138772.95,PASS,PASS
NSE,STOCK,TARSONS,Tarsons Products Limited,INE144Z01023,,EQ,TARSONS.NS,336.5,879885.6,PASS,PASS
NSE,STOCK,TASTYBITE,Tasty Bite Eatables Limited,INE488B01017,,EQ,TASTYBITE.NS,10052.0,18569.4,FAIL,VOLUME_TOO_LOW
NSE,STOCK,TATACAP,Tata Capital Limited,INE976I01016,,EQ,TATACAP.NS,375.0499877929688,1049438.7,PASS,PASS
NSE,STOCK,TATACHEM,Tata Chemicals Limited,INE092A01019,,EQ,TATACHEM.NS,625.0999755859375,601751.9,PASS,PASS
NSE,STOCK,TATACOMM,Tata Communications Limited,INE151A01013,,EQ,TATACOMM.NS,1756.0999755859375,265766.35,PASS,PASS
NSE,STOCK,TATACONSUM,TATA CONSUMER PRODUCTS LIMITED,INE192A01025,,EQ,TATACONSUM.NS,1010.0,1217775.55,PASS,PASS
NSE,STOCK,TATAELXSI,Tata Elxsi Limited,INE670A01012,,EQ,TATAELXSI.NS,3558.0,169637.2,PASS,PASS
NSE,STOCK,TATAINVEST,Tata Investment Corporation Limited,INE672A01026,,EQ,TATAINVEST.NS,637.9500122070312,378261.85,PASS,PASS
NSE,STOCK,TATAPOWER,Tata Power Company Limited,INE245A01021,,EQ,TATAPOWER.NS,368.0,5592059.75,PASS,PASS
NSE,STOCK,TATASTEEL,Tata Steel Limited,INE081A01020,,EQ,TATASTEEL.NS,188.7899932861328,27821449.8,PASS,PASS
NSE,STOCK,TATATECH,Tata Technologies Limited,INE142M01025,,EQ,TATATECH.NS,800.0,1351890.25,PASS,PASS
NSE,STOCK,TATVA,Tatva Chintan Pharma Chem Limited,INE0GK401011,,EQ,TATVA.NS,1596.199951171875,49443.9,FAIL,VOLUME_TOO_LOW
NSE,STOCK,TBOTEK,TBO Tek Limited,INE673O01025,,EQ,TBOTEK.NS,1688.9000244140625,169991.05,PASS,PASS
NSE,STOCK,TBZ,Tribhovandas Bhimji Zaveri Limited,INE760L01018,,EQ,TBZ.NS,480.8500061035156,4089697.7,PASS,PASS
NSE,STOCK,TCC,TCC Concept Limited,INE887D01024,,EQ,TCC.NS,44.09999847412109,1862026.55,FAIL,PRICE_TOO_LOW
NSE,STOCK,TCI,Transport Corporation of India Limited,INE688A01022,,EQ,TCI.NS,870.9000244140625,19906.1,FAIL,VOLUME_TOO_LOW
NSE,STOCK,TCIEXP,TCI Express Limited,INE586V01016,,EQ,TCIEXP.NS,541.2999877929688,42335.1,FAIL,VOLUME_TOO_LOW
NSE,STOCK,TCIFINANCE,TCI Finance Limited,INE911B01018,,BE,TCIFINANCE.NS,15.079999923706056,14085.55,FAIL,PRICE_TOO_LOW
NSE,STOCK,TCPLPACK,TCPL Packaging Limited,INE822C01015,,EQ,TCPLPACK.NS,3956.60009765625,42346.45,FAIL,VOLUME_TOO_LOW
NSE,STOCK,TCS,Tata Consultancy Services Limited,INE467B01029,,EQ,TCS.NS,2304.0,2565782.5,PASS,PASS
NSE,STOCK,TDPOWERSYS,TD Power Systems Limited,INE419M01035,,EQ,TDPOWERSYS.NS,740.0999755859375,3267852.45,PASS,PASS
NSE,STOCK,TEAMGTY,Team India Guaranty Limited,INE289C01025,,EQ,TEAMGTY.NS,243.67999267578125,6348.6,FAIL,VOLUME_TOO_LOW
NSE,STOCK,TEAMLEASE,Teamlease Services Limited,INE985S01024,,EQ,TEAMLEASE.NS,1250.0,16125.15,FAIL,VOLUME_TOO_LOW
NSE,STOCK,TECHM,Tech Mahindra Limited,INE669C01036,,EQ,TECHM.NS,1596.9000244140625,2194233.1,PASS,PASS
NSE,STOCK,TECHNOCRAF,Technocraft Ventures Limited,INE1D0W01018,,EQ,TECHNOCRAF.NS,373.2000122070313,3844917.6,PASS,PASS
NSE,STOCK,TECHNOE,Techno Electric & Engineering Company Limited,INE285K01026,,EQ,TECHNOE.NS,973.6500244140624,253448.3,PASS,PASS
NSE,STOCK,TECHNVISN,TechNVision Ventures Limited,INE314H01012,,EQ,TECHNVISN.NS,5136.5,412.6923076923077,FAIL,VOLUME_TOO_LOW
NSE,STOCK,TECILCHEM,TECIL Chemicals and Hydro Power Limited,INE014B01011,,EQ,TECILCHEM.NS,9.979999542236328,44983.5,FAIL,PRICE_TOO_LOW
NSE,STOCK,TEGA,Tega Industries Limited,INE011K01018,,EQ,TEGA.NS,1552.800048828125,225008.4,PASS,PASS
NSE,STOCK,TEJASNET,Tejas Networks Limited,INE010J01012,,EQ,TEJASNET.NS,614.1500244140625,5109129.85,PASS,PASS
NSE,STOCK,TEMBO,Tembo Global Industries Limited,INE869Y01028,,EQ,TEMBO.NS,58.470001220703125,2103637.8,PASS,PASS
NSE,STOCK,TEMPSENS,Tempsens Instruments (India) Limited,INE1KZI01025,,EQ,TEMPSENS.NS,554.7999877929688,15228841.5,PASS,PASS
NSE,STOCK,TENNIND,Tenneco Clean Air India Limited,INE19RI01016,,EQ,TENNIND.NS,515.7000122070312,4201971.75,PASS,PASS
NSE,STOCK,TERAI,Terai Tea Company Limited,INE390D01011,,EQ,TERAI.NS,124.3000030517578,244.69230769230768,FAIL,VOLUME_TOO_LOW
NSE,STOCK,TERASOFT,Tera Software Limited,INE482B01010,,EQ,TERASOFT.NS,281.29998779296875,31695.05,FAIL,VOLUME_TOO_LOW
NSE,STOCK,TEXINFRA,Texmaco Infrastructure & Holdings Limited,INE435C01024,,EQ,TEXINFRA.NS,116.6999969482422,124651.0,PASS,PASS
NSE,STOCK,TEXMOPIPES,Texmo Pipes and Products Limited,INE141K01013,,EQ,TEXMOPIPES.NS,45.4900016784668,50663.85,FAIL,PRICE_TOO_LOW
NSE,STOCK,TEXRAIL,Texmaco Rail & Engineering Limited,INE621L01012,,EQ,TEXRAIL.NS,115.98999786376952,1854388.25,PASS,PASS
NSE,STOCK,TFCILTD,Tourism Finance Corporation of India Limited,INE305A01023,,EQ,TFCILTD.NS,143.25999450683594,14589086.75,PASS,PASS
NSE,STOCK,TFL,Transwarranty Finance Limited,INE804H01012,,EQ,TFL.NS,12.5600004196167,12838.4,FAIL,PRICE_TOO_LOW
NSE,STOCK,TGBHOTELS,TGB Banquets And Hotels Limited,INE797H01018,,EQ,TGBHOTELS.NS,9.479999542236328,27127.85,FAIL,PRICE_TOO_LOW
NSE,STOCK,TGVSL,TGV Sraac Limited,INE284B01028,,EQ,TGVSL.NS,108.56999969482422,143711.6923076923,PASS,PASS
NSE,STOCK,THACKER,Thacker & Company Limited,INE077P01034,,BE,THACKER.NS,1002.0,30.153846153846153,FAIL,VOLUME_TOO_LOW
NSE,STOCK,THAKDEV,Thakkers Developers Limited,INE403F01017,,EQ,THAKDEV.NS,147.0,338.2307692307692,FAIL,VOLUME_TOO_LOW
NSE,STOCK,THANGAMAYL,Thangamayil Jewellery Limited,INE085J01014,,EQ,THANGAMAYL.NS,5332.0,104244.8,PASS,PASS
NSE,STOCK,THEINVEST,The Investment Trust Of India Limited,INE924D01017,,EQ,THEINVEST.NS,98.0999984741211,5013.0,FAIL,VOLUME_TOO_LOW
NSE,STOCK,THEJO,Thejo Engineering Limited,INE121N01019,,EQ,THEJO.NS,2091.0,9918.5,FAIL,VOLUME_TOO_LOW
NSE,STOCK,THELEELA,Leela Palaces Hotels & Resorts Limited,INE0AQ201015,,EQ,THELEELA.NS,566.0499877929688,633427.4,PASS,PASS
NSE,STOCK,THEMISMED,Themis Medicare Limited,INE083B01024,,EQ,THEMISMED.NS,124.87000274658205,271508.15,PASS,PASS
NSE,STOCK,THERMAX,Thermax Limited,INE152A01029,,EQ,THERMAX.NS,3733.89990234375,125822.15,PASS,PASS
NSE,STOCK,THOMASCOOK,Thomas Cook  (India)  Limited,INE332A01027,,EQ,THOMASCOOK.NS,111.6500015258789,2691542.85,PASS,PASS
NSE,STOCK,THOMASCOTT,Thomas Scott (India) Limited,INE480M01011,,EQ,THOMASCOTT.NS,260.95001220703125,139591.7,PASS,PASS
NSE,STOCK,THYROCARE,Thyrocare Technologies Limited,INE594H01019,,EQ,THYROCARE.NS,578.6500244140625,761199.85,PASS,PASS
NSE,STOCK,TI,Tilaknagar Industries Limited,INE133E01013,,EQ,TI.NS,535.0999755859375,1203315.05,PASS,PASS
NSE,STOCK,TICL,Twamev Construction and Infrastructure Limited,INE388G01026,,BE,TICL.NS,8.079999923706055,68047.9,FAIL,PRICE_TOO_LOW
NSE,STOCK,TIGERLOGS,Tiger Logistics (India) Limited,INE906O01029,,EQ,TIGERLOGS.NS,29.21999931335449,332442.3,FAIL,PRICE_TOO_LOW
NSE,STOCK,TIIL,Technocraft Industries (India) Limited,INE545H01011,,EQ,TIIL.NS,3194.60009765625,95260.6,FAIL,VOLUME_TOO_LOW
NSE,STOCK,TIINDIA,Tube Investments of India Limited,INE974X01010,,EQ,TIINDIA.NS,2735.39990234375,448210.65,PASS,PASS
NSE,STOCK,TIJARIA,Tijaria Polypipes Limited,INE440L01017,,BE,TIJARIA.NS,9.09000015258789,278107.85,FAIL,PRICE_TOO_LOW
NSE,STOCK,TIL,TIL Limited,INE806C01018,,BE,TIL.NS,245.0,211742.6,PASS,PASS
NSE,STOCK,TIMETECHNO,Time Technoplast Limited,INE508G01029,,EQ,TIMETECHNO.NS,189.3600006103516,3213181.85,PASS,PASS
NSE,STOCK,TIMEX,Timex Group India Limited,INE064A01026,,EQ,TIMEX.NS,669.8499755859375,358216.55,PASS,PASS
NSE,STOCK,TIMKEN,Timken India Limited,INE325A01013,,EQ,TIMKEN.NS,3125.300048828125,31697.85,FAIL,VOLUME_TOO_LOW
NSE,STOCK,TINNARUBR,Tinna Rubber and Infrastructure Limited,INE015C01016,,EQ,TINNARUBR.NS,1028.199951171875,48810.75,FAIL,VOLUME_TOO_LOW
NSE,STOCK,TIPSFILMS,Tips Films Limited,INE0LQS01015,,EQ,TIPSFILMS.NS,331.3500061035156,7788.4,FAIL,VOLUME_TOO_LOW
NSE,STOCK,TIPSMUSIC,Tips Music Limited,INE716B01029,,EQ,TIPSMUSIC.NS,652.0499877929688,186708.7,PASS,PASS
NSE,STOCK,TIRUMALCHM,Thirumalai Chemicals Limited,INE338A01024,,EQ,TIRUMALCHM.NS,157.19000244140625,641711.65,PASS,PASS
NSE,STOCK,TIRUPATIFL,Tirupati Forge Limited,INE319Y01024,,BE,TIRUPATIFL.NS,68.41999816894531,217178.2,PASS,PASS
NSE,STOCK,TITAGARH,TITAGARH RAIL SYSTEMS LIMITED,INE615H01020,,EQ,TITAGARH.NS,871.8499755859375,519302.05,PASS,PASS
NSE,STOCK,TITAN,Titan Company Limited,INE280A01028,,EQ,TITAN.NS,5027.0,806775.95,PASS,PASS
NSE,STOCK,TMB,Tamilnad Mercantile Bank Limited,INE668A01016,,EQ,TMB.NS,942.4500122070312,177593.35,PASS,PASS
NSE,STOCK,TMCV,Tata Motors Limited,INE1TAE01010,,EQ,TMCV.NS,458.2000122070313,8543333.9,PASS,PASS
NSE,STOCK,TMPV,Tata Motors Passenger Vehicles Limited,INE155A01022,,EQ,TMPV.NS,311.5,9606026.5,PASS,PASS
NSE,STOCK,TNPETRO,Tamilnadu PetroProducts Limited,INE148A01019,,EQ,TNPETRO.NS,137.80999755859375,2868556.5,PASS,PASS
NSE,STOCK,TNPL,Tamil Nadu Newsprint & Papers Limited,INE107A01015,,EQ,TNPL.NS,155.75,325499.55,PASS,PASS
NSE,STOCK,TNTELE,Tamilnadu Telecommunication Limited,INE141D01018,,EQ,TNTELE.NS,8.859999656677246,23164.35,FAIL,PRICE_TOO_LOW
NSE,STOCK,TOKYOPLAST,Tokyo Plast International Limited,INE932C01012,,EQ,TOKYOPLAST.NS,77.79000091552734,1327.65,FAIL,VOLUME_TOO_LOW
NSE,STOCK,TOLINS,Tolins Tyres Limited,INE0RWQ01014,,EQ,TOLINS.NS,91.94000244140624,43241.15,FAIL,VOLUME_TOO_LOW
NSE,STOCK,TORNTPHARM,Torrent Pharmaceuticals Limited,INE685A01028,,EQ,TORNTPHARM.NS,4905.5,320062.15,PASS,PASS
NSE,STOCK,TORNTPOWER,Torrent Power Limited,INE813H01021,,EQ,TORNTPOWER.NS,1299.0999755859375,433946.55,PASS,PASS
NSE,STOCK,TOTAL,Total Transport Systems Limited,INE336X01012,,EQ,TOTAL.NS,70.30999755859375,21014.35,FAIL,VOLUME_TOO_LOW
NSE,STOCK,TOUCHWOOD,Touchwood Entertainment Limited,INE486Y01013,,EQ,TOUCHWOOD.NS,59.20000076293945,2669.6,FAIL,VOLUME_TOO_LOW
NSE,STOCK,TOYAMSL,Toyam Sports Limited,INE457P01020,,EQ,TOYAMSL.NS,0.6100000143051147,364413.3846153846,FAIL,PRICE_TOO_LOW
NSE,STOCK,TPHQ,Teamo Productions HQ Limited,INE065J01024,,BE,TPHQ.NS,0.550000011920929,5455973.6,FAIL,PRICE_TOO_LOW
NSE,STOCK,TPLPLASTEH,TPL Plastech Limited,INE413G01022,,EQ,TPLPLASTEH.NS,72.52999877929688,151347.25,PASS,PASS
NSE,STOCK,TRACXN,Tracxn Technologies Limited,INE0HMF01019,,EQ,TRACXN.NS,29.940000534057617,127844.5,FAIL,PRICE_TOO_LOW
NSE,STOCK,TRANSCOR,Transcorp International Limited,INE330E01023,,EQ,TRANSCOR.NS,24.96999931335449,3572.6923076923076,FAIL,PRICE_TOO_LOW
NSE,STOCK,TRANSPEK,Transpek Industry Limited,INE687A01016,,BE,TRANSPEK.NS,1390.0,4818.0,FAIL,VOLUME_TOO_LOW
NSE,STOCK,TRANSRAILL,Transrail Lighting Limited,INE454P01035,,EQ,TRANSRAILL.NS,427.4500122070313,388665.1,PASS,PASS
NSE,STOCK,TRANSWORLD,TRANSWORLD SHIPPING LINES LIMITED,INE757B01015,,BE,TRANSWORLD.NS,169.0,11383.3,FAIL,VOLUME_TOO_LOW
NSE,STOCK,TRAVELFOOD,Travel Food Services Limited,INE103V01028,,EQ,TRAVELFOOD.NS,1278.4000244140625,146478.8,PASS,PASS
NSE,STOCK,TREEHOUSE,Tree House Education & Accessories Limited,INE040M01013,,EQ,TREEHOUSE.NS,6.21999979019165,21989.5,FAIL,PRICE_TOO_LOW
NSE,STOCK,TREJHARA,TREJHARA SOLUTIONS LIMITED,INE00CA01015,,EQ,TREJHARA.NS,152.00999450683594,22765.8,FAIL,VOLUME_TOO_LOW
NSE,STOCK,TREL,Transindia Real Estate Limited,INE0O3901029,,EQ,TREL.NS,26.940000534057617,152623.75,FAIL,PRICE_TOO_LOW
NSE,STOCK,TRENT,Trent Limited,INE849A01020,,EQ,TRENT.NS,2815.60009765625,779854.15,PASS,PASS
NSE,STOCK,TRF,TRF Limited,INE391D01019,,EQ,TRF.NS,231.58999633789065,9731.35,FAIL,VOLUME_TOO_LOW
NSE,STOCK,TRIDENT,Trident Limited,INE064C01022,,EQ,TRIDENT.NS,24.15999984741211,2553094.6,FAIL,PRICE_TOO_LOW
NSE,STOCK,TRIGYN,Trigyn Technologies Limited,INE948A01012,,EQ,TRIGYN.NS,59.59999847412109,56221.4,FAIL,VOLUME_TOO_LOW
NSE,STOCK,TRITONV,Triton Valves Limited,INE440G01017,,EQ,TRITONV.NS,1115.5,3561.6153846153848,FAIL,VOLUME_TOO_LOW
NSE,STOCK,TRITURBINE,Triveni Turbine Limited,INE152M01016,,EQ,TRITURBINE.NS,571.7000122070312,688940.6,PASS,PASS
NSE,STOCK,TRIVENI,Triveni Engineering & Industries Limited,INE256C01024,,EQ,TRIVENI.NS,280.5,1509279.8,PASS,PASS
NSE,STOCK,TRU,TruCap Finance Limited,INE615R01029,,EQ,TRU.NS,4.079999923706055,152904.6,FAIL,PRICE_TOO_LOW
NSE,STOCK,TRUALT,TruAlt Bioenergy Limited,INE0MWH01014,,EQ,TRUALT.NS,425.25,230134.95,PASS,PASS
NSE,STOCK,TSFINV,TSF INVESTMENTS LIMITED,INE202Z01029,,EQ,TSFINV.NS,406.0499877929688,49378.6,FAIL,VOLUME_TOO_LOW
NSE,STOCK,TTKHLTCARE,TTK Healthcare Limited,INE910C01018,,EQ,TTKHLTCARE.NS,1103.199951171875,31709.2,FAIL,VOLUME_TOO_LOW
NSE,STOCK,TTKPRESTIG,TTK Prestige Limited,INE690A01028,,EQ,TTKPRESTIG.NS,562.75,61440.9,FAIL,VOLUME_TOO_LOW
NSE,STOCK,TTL,T T Limited,INE592B01024,,EQ,TTL.NS,6.860000133514404,381729.85,FAIL,PRICE_TOO_LOW
NSE,STOCK,TTML,Tata Teleservices (Maharashtra) Limited,INE517B01013,,EQ,TTML.NS,37.7400016784668,4049651.75,FAIL,PRICE_TOO_LOW
NSE,STOCK,TURTLEMINT,Turtlemint Fintech Solutions Limited,INE0OC301013,,EQ,TURTLEMINT.NS,144.2899932861328,2802775.9,PASS,PASS
NSE,STOCK,TUTIALKA,Tuticorin Alkali Chemicals & Fertilizers Limited,INE400A01014,,EQ,TUTIALKA.NS,61.0,15226.307692307691,FAIL,VOLUME_TOO_LOW
NSE,STOCK,TVSELECT,TVS Electronics Limited,INE236G01019,,EQ,TVSELECT.NS,421.2999877929688,43217.35,FAIL,VOLUME_TOO_LOW
NSE,STOCK,TVSHLTD,TVS Holdings Limited,INE105A01035,,EQ,TVSHLTD.NS,13156.0,4299.8,FAIL,VOLUME_TOO_LOW
NSE,STOCK,TVSMOTOR,TVS Motor Company Limited,INE494B01023,,EQ,TVSMOTOR.NS,4133.10009765625,896187.5,PASS,PASS
NSE,STOCK,TVSSCS,TVS Supply Chain Solutions Limited,INE395N01027,,EQ,TVSSCS.NS,129.52999877929688,3266976.45,PASS,PASS
NSE,STOCK,TVSSRICHAK,TVS Srichakra Limited,INE421C01016,,EQ,TVSSRICHAK.NS,5249.0,94473.65,FAIL,VOLUME_TOO_LOW
NSE,STOCK,TVTODAY,TV Today Network Limited,INE038F01029,,EQ,TVTODAY.NS,110.9499969482422,34414.7,FAIL,VOLUME_TOO_LOW
NSE,STOCK,TVVISION,TV Vision Limited,INE871L01013,,BE,TVVISION.NS,3.400000095367432,43581.9,FAIL,PRICE_TOO_LOW
NSE,STOCK,UBL,United Breweries Limited,INE686F01025,,EQ,UBL.NS,1284.199951171875,82888.9,FAIL,VOLUME_TOO_LOW
NSE,STOCK,UCAL,UCAL LIMITED,INE139B01016,,BE,UCAL.NS,148.0800018310547,75225.85,FAIL,VOLUME_TOO_LOW
NSE,STOCK,UCOBANK,UCO Bank,INE691A01018,,EQ,UCOBANK.NS,24.63999938964844,3365269.0,FAIL,PRICE_TOO_LOW
NSE,STOCK,UDAYJEW,Uday Jewellery Industries Limited,INE551B01012,,EQ,UDAYJEW.NS,138.13999938964844,6356.7692307692305,FAIL,VOLUME_TOO_LOW
NSE,STOCK,UDS,Updater Services Limited,INE851I01011,,EQ,UDS.NS,239.02999877929688,463739.5,PASS,PASS
NSE,STOCK,UEL,Ujaas Energy Limited,INE899L01030,,EQ,UEL.NS,230.1000061035156,22635.25,FAIL,VOLUME_TOO_LOW
NSE,STOCK,UFBL,United Foodbrands Limited,INE382M01027,,BE,UFBL.NS,719.2000122070312,88660.9,FAIL,VOLUME_TOO_LOW
NSE,STOCK,UFLEX,UFLEX Limited,INE516A01017,,EQ,UFLEX.NS,686.7000122070312,878066.25,PASS,PASS
NSE,STOCK,UFO,UFO Moviez India Limited,INE527H01019,,EQ,UFO.NS,65.44000244140625,33422.9,FAIL,VOLUME_TOO_LOW
NSE,STOCK,UGARSUGAR,The Ugar Sugar Works Limited,INE071E01023,,EQ,UGARSUGAR.NS,53.34999847412109,1196986.5,PASS,PASS
NSE,STOCK,UGROCAP,Ugro Capital Limited,INE583D01011,,EQ,UGROCAP.NS,86.3499984741211,231452.1,PASS,PASS
NSE,STOCK,UJJIVANSFB,Ujjivan Small Finance Bank Limited,INE551W01018,,EQ,UJJIVANSFB.NS,64.43000030517578,14874638.85,PASS,PASS
NSE,STOCK,ULTRACEMCO,UltraTech Cement Limited,INE481G01011,,EQ,ULTRACEMCO.NS,11275.0,232239.3,PASS,PASS
NSE,STOCK,ULTRAMAR,Ultramarine & Pigments Limited,INE405A01021,,EQ,ULTRAMAR.NS,435.1499938964844,194829.15,PASS,PASS
NSE,STOCK,UMAEXPORTS,Uma Exports Limited,INE0GIU01018,,BE,UMAEXPORTS.NS,24.450000762939453,44102.1,FAIL,PRICE_TOO_LOW
NSE,STOCK,UMESLTD,Usha Martin Education & Solutions Limited,INE240C01028,,EQ,UMESLTD.NS,5.0,54785.6,FAIL,PRICE_TOO_LOW
NSE,STOCK,UMIYA-MRO,UMIYA BUILDCON LIMITED,INE398B01018,,EQ,UMIYA-MRO.NS,96.83999633789062,19689.95,FAIL,VOLUME_TOO_LOW
NSE,STOCK,UNICHEMLAB,Unichem Laboratories Limited,INE351A01035,,EQ,UNICHEMLAB.NS,547.9500122070312,353756.0,PASS,PASS
NSE,STOCK,UNIDT,United Drilling Tools Limited,INE961D01019,,BE,UNIDT.NS,221.9600067138672,6506.7,FAIL,VOLUME_TOO_LOW
NSE,STOCK,UNIECOM,Unicommerce Esolutions Limited,INE00U401027,,EQ,UNIECOM.NS,85.93000030517578,523463.45,PASS,PASS
NSE,STOCK,UNIENTER,Uniphos Enterprises Limited,INE037A01022,,EQ,UNIENTER.NS,93.19000244140624,4598.1,FAIL,VOLUME_TOO_LOW
NSE,STOCK,UNIINFO,Uniinfo Telecom Services Limited,INE481Z01011,,EQ,UNIINFO.NS,11.260000228881836,4014.25,FAIL,PRICE_TOO_LOW
NSE,STOCK,UNIMECH,Unimech Aerospace and Manufacturing Limited,INE0U3I01011,,EQ,UNIMECH.NS,1465.300048828125,214334.1,PASS,PASS
NSE,STOCK,UNIONBANK,Union Bank of India,INE692A01016,,EQ,UNIONBANK.NS,187.22000122070312,10193458.6,PASS,PASS
NSE,STOCK,UNIPARTS,Uniparts India Limited,INE244O01017,,EQ,UNIPARTS.NS,899.9000244140625,188854.05,PASS,PASS
NSE,STOCK,UNITDSPR,United Spirits Limited,INE854D01024,,EQ,UNITDSPR.NS,1488.9000244140625,582768.85,PASS,PASS
NSE,STOCK,UNITECH,Unitech Limited,INE694A01020,,EQ,UNITECH.NS,3.7100000381469727,4010295.85,FAIL,PRICE_TOO_LOW
NSE,STOCK,UNITEDPOLY,United Polyfab Gujarat Limited,INE368U01029,,EQ,UNITEDPOLY.NS,40.40999984741211,116223.9,FAIL,PRICE_TOO_LOW
NSE,STOCK,UNITEDTEA,The United Nilgiri Tea Estates Company Limited,INE458F01011,,EQ,UNITEDTEA.NS,447.0499877929688,2760.75,FAIL,VOLUME_TOO_LOW
NSE,STOCK,UNIVASTU,Univastu India Limited,INE562X01013,,BE,UNIVASTU.NS,168.39999389648438,170321.0,PASS,PASS
NSE,STOCK,UNIVCABLES,Universal Cables Limited,INE279A01012,,EQ,UNIVCABLES.NS,1626.800048828125,257257.05,PASS,PASS
NSE,STOCK,UNIVPHOTO,Universus Photo Imagings Limited,INE03V001013,,BE,UNIVPHOTO.NS,467.25,849.0,FAIL,VOLUME_TOO_LOW
NSE,STOCK,UNOMINDA,UNO Minda Limited,INE405E01023,,EQ,UNOMINDA.NS,1249.699951171875,733697.05,PASS,PASS
NSE,STOCK,UPHOT,U P Hotels Limited,INE726E01014,,EQ,UPHOT.NS,1387.0,37.53846153846154,FAIL,VOLUME_TOO_LOW
NSE,STOCK,UPL,UPL Limited,INE628A01036,,EQ,UPL.NS,585.3499755859375,1967681.0,PASS,PASS
NSE,STOCK,URAVIDEF,Uravi Defence and Technology Limited,INE568Z01015,,BE,URAVIDEF.NS,120.58999633789062,7804.45,FAIL,VOLUME_TOO_LOW
NSE,STOCK,URBANCO,Urban Company Limited,INE0CAZ01013,,EQ,URBANCO.NS,181.08999633789065,15586038.85,PASS,PASS
NSE,STOCK,URJA,Urja Global Limited,INE550C01020,,EQ,URJA.NS,9.149999618530272,570900.0,FAIL,PRICE_TOO_LOW
NSE,STOCK,USHAMART,Usha Martin Limited,INE228A01035,,EQ,USHAMART.NS,514.1500244140625,724684.55,PASS,PASS
NSE,STOCK,USK,Udayshivakumar Infra Limited,INE0N0Y01013,,EQ,USK.NS,20.61000061035156,18675.3,FAIL,PRICE_TOO_LOW
NSE,STOCK,UTIAMC,UTI Asset Management Company Limited,INE094J01016,,EQ,UTIAMC.NS,880.4000244140625,101491.3,PASS,PASS
NSE,STOCK,UTKARSHBNK,Utkarsh Small Finance Bank Limited,INE735W01017,,EQ,UTKARSHBNK.NS,14.890000343322754,5591696.7,FAIL,PRICE_TOO_LOW
NSE,STOCK,UTLSOLAR,Fujiyama Power Systems Limited,INE12UR01024,,EQ,UTLSOLAR.NS,429.75,492755.7,PASS,PASS
NSE,STOCK,UTTAMSUGAR,Uttam Sugar Mills Limited,INE786F01031,,EQ,UTTAMSUGAR.NS,281.20001220703125,596118.3,PASS,PASS
NSE,STOCK,UYFINCORP,U. Y. Fincorp Limited,INE152C01025,,BE,UYFINCORP.NS,19.93000030517578,388653.55,FAIL,PRICE_TOO_LOW
NSE,STOCK,V2RETAIL,V2 Retail Limited,INE945H01021,,EQ,V2RETAIL.NS,216.5,1143959.2,PASS,PASS
NSE,STOCK,VADILALIND,Vadilal Industries Limited,INE694D01016,,EQ,VADILALIND.NS,7615.0,40309.5,FAIL,VOLUME_TOO_LOW
NSE,STOCK,VADILENT,Vadilal Enterprises Limited,INE693D01018,,EQ,VADILENT.NS,10495.0,56.333333333333336,FAIL,VOLUME_TOO_LOW
NSE,STOCK,VAIBHAVGBL,Vaibhav Global Limited,INE884A01027,,EQ,VAIBHAVGBL.NS,218.7400054931641,271215.5,PASS,PASS
NSE,STOCK,VAISHALI,Vaishali Pharma Limited,INE972X01022,,EQ,VAISHALI.NS,8.359999656677246,138901.7,FAIL,PRICE_TOO_LOW
NSE,STOCK,VAKRANGEE,Vakrangee Limited,INE051B01021,,EQ,VAKRANGEE.NS,5.789999961853027,872329.35,FAIL,PRICE_TOO_LOW
NSE,STOCK,VALIANTLAB,Valiant Laboratories Limited,INE0JWS01017,,BE,VALIANTLAB.NS,100.93000030517578,216417.3,PASS,PASS
NSE,STOCK,VALIANTORG,Valiant Organics Limited,INE565V01010,,BE,VALIANTORG.NS,316.1499938964844,52548.95,FAIL,VOLUME_TOO_LOW
NSE,STOCK,VAML,Vedanta Aluminium Metal Limited,INE1CDF01017,,EQ,VAML.NS,437.75,7396903.75,PASS,PASS
NSE,STOCK,VARDHACRLC,Vardhman Acrylics Limited,INE116G01013,,BE,VARDHACRLC.NS,43.27000045776367,26101.35,FAIL,PRICE_TOO_LOW
NSE,STOCK,VARDMNPOLY,Vardhman Polytex Limited,INE835A01029,,EQ,VARDMNPOLY.NS,5.940000057220459,295424.75,FAIL,PRICE_TOO_LOW
NSE,STOCK,VARROC,Varroc Engineering Limited,INE665L01035,,EQ,VARROC.NS,826.3499755859375,426204.95,PASS,PASS
NSE,STOCK,VASCONEQ,Vascon Engineers Limited,INE893I01013,,EQ,VASCONEQ.NS,30.049999237060547,465643.75,FAIL,PRICE_TOO_LOW
NSE,STOCK,VASUPRADA,Shri Vasuprada Plantations Limited,INE574G01013,,EQ,VASUPRADA.NS,102.0,208.76923076923077,FAIL,VOLUME_TOO_LOW
NSE,STOCK,VASWANI,Vaswani Industries Limited,INE590L01019,,EQ,VASWANI.NS,46.52000045776367,33851.15,FAIL,PRICE_TOO_LOW
NSE,STOCK,VBL,Varun Beverages Limited,INE200M01039,,EQ,VBL.NS,407.6000061035156,6018416.15,PASS,PASS
NSE,STOCK,VCL,Vaxtex Cotfab Limited,INE098201036,,BE,VCL.NS,1.659999966621399,929641.85,FAIL,PRICE_TOO_LOW
NSE,STOCK,VEDAVAAG,VEDAVAAG Systems Limited,INE359B01010,,EQ,VEDAVAAG.NS,18.13999938964844,22145.23076923077,FAIL,PRICE_TOO_LOW
NSE,STOCK,VEDL,Vedanta Limited,INE205A01025,,EQ,VEDL.NS,272.1000061035156,12711047.5,PASS,PASS
NSE,STOCK,VEDPOWER,Vedanta Power Limited,INE694L01019,,EQ,VEDPOWER.NS,34.20000076293945,18945198.95,FAIL,PRICE_TOO_LOW
NSE,STOCK,VEEDOL,Veedol Corporation Limited,INE484C01030,,EQ,VEEDOL.NS,1462.800048828125,15397.6,FAIL,VOLUME_TOO_LOW
NSE,STOCK,VELJAN,Veljan Denison Limited,INE232E01013,,BE,VELJAN.NS,1848.4000244140625,508.38461538461536,FAIL,VOLUME_TOO_LOW
NSE,STOCK,VENKEYS,Venky's (India) Limited,INE398A01010,,EQ,VENKEYS.NS,1677.0999755859375,161777.7,PASS,PASS
NSE,STOCK,VENTIVE,Ventive Hospitality Limited,INE781S01027,,EQ,VENTIVE.NS,585.7000122070312,29042.2,FAIL,VOLUME_TOO_LOW
NSE,STOCK,VENUSPIPES,Venus Pipes & Tubes Limited,INE0JA001018,,EQ,VENUSPIPES.NS,1631.0,123445.7,PASS,PASS
NSE,STOCK,VENUSREM,Venus Remedies Limited,INE411B01019,,BE,VENUSREM.NS,1701.9000244140625,40527.65,FAIL,VOLUME_TOO_LOW
NSE,STOCK,VERANDA,Veranda Learning Solutions Limited,INE0IQ001011,,EQ,VERANDA.NS,242.2700042724609,950531.8,PASS,PASS
NSE,STOCK,VERTOZ,Vertoz Limited,INE188Y01031,,EQ,VERTOZ.NS,38.630001068115234,53914.6,FAIL,PRICE_TOO_LOW
NSE,STOCK,VESUVIUS,Vesuvius India Limited,INE386A01023,,EQ,VESUVIUS.NS,420.0,75382.5,FAIL,VOLUME_TOO_LOW
NSE,STOCK,VETO,Veto Switchgears And Cables Limited,INE918N01018,,BE,VETO.NS,127.97000122070312,30017.3,FAIL,VOLUME_TOO_LOW
NSE,STOCK,VGCL,Vibrant Global Capital Limited,INE761Q01015,,EQ,VGCL.NS,52.36000061035156,9819.23076923077,FAIL,VOLUME_TOO_LOW
NSE,STOCK,VGL,VARVEE GLOBAL LIMITED,INE273D01027,,EQ,VGL.NS,53.310001373291016,30683.9,FAIL,VOLUME_TOO_LOW
NSE,STOCK,VGUARD,V-Guard Industries Limited,INE951I01027,,EQ,VGUARD.NS,335.3999938964844,998396.05,PASS,PASS
NSE,STOCK,VHL,Vardhman Holdings Limited,INE701A01023,,EQ,VHL.NS,3607.10009765625,606.2,FAIL,VOLUME_TOO_LOW
NSE,STOCK,VHLTD,Viceroy Hotels Limited,INE048C01025,,BE,VHLTD.NS,116.38999938964844,57572.55,FAIL,VOLUME_TOO_LOW
NSE,STOCK,VHLTD-RE1,Viceroy Hotels Ltd-RE,INE048C20025,,BE,VHLTD-RE1.NS,0.4900000095367431,93359.0,FAIL,PRICE_TOO_LOW
NSE,STOCK,VIDHIING,Vidhi Specialty Food Ingredients Limited,INE632C01026,,EQ,VIDHIING.NS,342.79998779296875,45545.6,FAIL,VOLUME_TOO_LOW
NSE,STOCK,VIDYAWIRES,Vidya Wires Limited,INE14UN01029,,EQ,VIDYAWIRES.NS,89.44999694824219,1102067.0,PASS,PASS
NSE,STOCK,VIJAYA,Vijaya Diagnostic Centre Limited,INE043W01024,,EQ,VIJAYA.NS,1505.5,240418.0,PASS,PASS
NSE,STOCK,VIJIFIN,Viji Finance Limited,INE159N01027,,BE,VIJIFIN.NS,16.260000228881836,132947.55,FAIL,PRICE_TOO_LOW
NSE,STOCK,VIJSOLX,Vijay Solvex Limited,INE362D01010,,EQ,VIJSOLX.NS,684.4000244140625,259.2307692307692,FAIL,VOLUME_TOO_LOW
NSE,STOCK,VIKASECO,Vikas EcoTech Limited,INE806A01020,,EQ,VIKASECO.NS,1.0800000429153442,2226456.8,FAIL,PRICE_TOO_LOW
NSE,STOCK,VIKASLIFE,Vikas Lifecare Limited,INE161L01027,,EQ,VIKASLIFE.NS,1.2899999618530271,2633174.6,FAIL,PRICE_TOO_LOW
NSE,STOCK,VIKRAMSOLR,Vikram Solar Limited,INE078V01014,,EQ,VIKRAMSOLR.NS,168.4499969482422,6693669.15,PASS,PASS
NSE,STOCK,VIKRAN,Vikran Engineering Limited,INE01R501028,,EQ,VIKRAN.NS,60.77000045776367,1710971.25,PASS,PASS
NSE,STOCK,VIMTALABS,Vimta Labs Limited,INE579C01029,,EQ,VIMTALABS.NS,652.25,276314.05,PASS,PASS
NSE,STOCK,VINATIORGA,Vinati Organics Limited,INE410B01037,,EQ,VINATIORGA.NS,1313.699951171875,51736.3,FAIL,VOLUME_TOO_LOW
NSE,STOCK,VINCOFE,Vintage Coffee And Beverages Limited,INE498Q01014,,EQ,VINCOFE.NS,176.47999572753906,3502829.8,PASS,PASS
NSE,STOCK,VINDHYATEL,Vindhya Telelinks Limited,INE707A01012,,EQ,VINDHYATEL.NS,2732.699951171875,96406.45,FAIL,VOLUME_TOO_LOW
NSE,STOCK,VINEETLAB,Vineet Laboratories Limited,INE505Y01010,,EQ,VINEETLAB.NS,37.5,102355.35,FAIL,PRICE_TOO_LOW
NSE,STOCK,VINNY,Vinny Overseas Limited,INE01KI01027,,EQ,VINNY.NS,1.0299999713897705,286409.55,FAIL,PRICE_TOO_LOW
NSE,STOCK,VINYLINDIA,Vinyl Chemicals (India) Limited,INE250B01029,,EQ,VINYLINDIA.NS,227.94000244140625,6404.8,FAIL,VOLUME_TOO_LOW
NSE,STOCK,VIPCLOTHNG,VIP Clothing Limited,INE450G01024,,EQ,VIPCLOTHNG.NS,20.149999618530277,51861.45,FAIL,PRICE_TOO_LOW
NSE,STOCK,VIPIND,VIP Industries Limited,INE054A01027,,EQ,VIPIND.NS,310.3500061035156,377900.35,PASS,PASS
NSE,STOCK,VIPULLTD,Vipul Limited,INE946H01037,,BE,VIPULLTD.NS,14.260000228881836,171599.7,FAIL,PRICE_TOO_LOW
NSE,STOCK,VIRAT,Virat Industries Limited,INE467D01017,,EQ,VIRAT.NS,429.5,20152.153846153848,FAIL,VOLUME_TOO_LOW
NSE,STOCK,VIRINCHI,Virinchi Limited,INE539B01017,,EQ,VIRINCHI.NS,14.859999656677246,61771.1,FAIL,PRICE_TOO_LOW
NSE,STOCK,VIRTUALG,Virtual Global Education Limited,INE247C01023,,BE,VIRTUALG.NS,0.4799999892711639,974455.9166666666,FAIL,PRICE_TOO_LOW
NSE,STOCK,VISACHROME,VISA Chrome Limited,INE286H01012,,EQ,VISACHROME.NS,39.52999877929688,230940.15,FAIL,PRICE_TOO_LOW
NSE,STOCK,VISAKAIND,Visaka Industries Limited,INE392A01021,,EQ,VISAKAIND.NS,90.5,1249365.8,PASS,PASS
NSE,STOCK,VISHAL,Vishal Fabrics Limited,INE755Q01025,,EQ,VISHAL.NS,18.46999931335449,197884.38888888888,FAIL,PRICE_TOO_LOW
NSE,STOCK,VISHNU,Vishnu Chemicals Limited,INE270I01022,,EQ,VISHNU.NS,688.4500122070312,127496.9,PASS,PASS
NSE,STOCK,VISHWARAJ,Vishwaraj Sugar Industries Limited,INE430N01022,,EQ,VISHWARAJ.NS,5.900000095367432,1207392.95,FAIL,PRICE_TOO_LOW
NSE,STOCK,VISL,Vedanta Iron and Steel Limited,INE1CLE01013,,EQ,VISL.NS,35.38999938964844,34572955.6,FAIL,PRICE_TOO_LOW
NSE,STOCK,VITAL,Vital Chemtech Limited,INE0L4K01016,,EQ,VITAL.NS,54.4900016784668,11098.3,FAIL,VOLUME_TOO_LOW
NSE,STOCK,VIVIANA,Viviana Power Tech Limited,INE0MEG01014,,BE,VIVIANA.NS,766.4000244140625,17959.85,FAIL,VOLUME_TOO_LOW
NSE,STOCK,VIVIDHA,Visagar Polytex Limited,INE370E01029,,EQ,VIVIDHA.NS,0.5,264883.85,FAIL,PRICE_TOO_LOW
NSE,STOCK,VIVIMEDLAB,Vivimed Labs Limited,INE526G01021,,BE,VIVIMEDLAB.NS,6.539999961853027,104010.7,FAIL,PRICE_TOO_LOW
NSE,STOCK,VIVOBIOT,Vivo Bio Tech Limited,INE380K01017,,EQ,VIVOBIOT.NS,18.700000762939453,17719.923076923078,FAIL,PRICE_TOO_LOW
NSE,STOCK,VIYASH,Viyash Scientific Limited,INE807F01027,,EQ,VIYASH.NS,265.8500061035156,9901645.0,PASS,PASS
NSE,STOCK,VLEGOV,VL E-Governance & IT Solutions Limited,INE03HW01020,,BE,VLEGOV.NS,10.479999542236328,66236.25,FAIL,PRICE_TOO_LOW
NSE,STOCK,VLSFINANCE,VLS Finance Limited,INE709A01018,,EQ,VLSFINANCE.NS,246.57000732421875,15443.0,FAIL,VOLUME_TOO_LOW
NSE,STOCK,VMART,V-Mart Retail Limited,INE665J01013,,EQ,VMART.NS,839.0999755859375,113219.2,PASS,PASS
NSE,STOCK,VMM,Vishal Mega Mart Limited,INE01EA01019,,EQ,VMM.NS,106.13999938964844,17237882.9,PASS,PASS
NSE,STOCK,VMSTMT,VMS TMT Limited,INE0SJA01013,,EQ,VMSTMT.NS,45.52999877929688,104494.6,FAIL,PRICE_TOO_LOW
NSE,STOCK,VOEPL,Virtuoso Optoelectronics Limited,INE0I0T01010,,EQ,VOEPL.NS,545.9000244140625,233572.9,PASS,PASS
NSE,STOCK,VOGL,Vedanta Oil and Gas Limited,INE704J01044,,EQ,VOGL.NS,38.02000045776367,60889045.5,FAIL,PRICE_TOO_LOW
NSE,STOCK,VOITHPAPR,Voith Paper Fabrics India Limited,INE285C01015,,EQ,VOITHPAPR.NS,1480.199951171875,395.53846153846155,FAIL,VOLUME_TOO_LOW
NSE,STOCK,VOLTAMP,Voltamp Transformers Limited,INE540H01012,,EQ,VOLTAMP.NS,11182.0,38942.25,FAIL,VOLUME_TOO_LOW
NSE,STOCK,VOLTAS,Voltas Limited,INE226A01021,,EQ,VOLTAS.NS,1170.0,1079640.6,PASS,PASS
NSE,STOCK,VPRPL,Vishnu Prakash R Punglia Limited,INE0AE001013,,EQ,VPRPL.NS,36.27999877929688,1012064.05,FAIL,PRICE_TOO_LOW
NSE,STOCK,VRAJ,Vraj Iron and Steel Limited,INE0S2V01010,,EQ,VRAJ.NS,122.70999908447266,15772.6,FAIL,VOLUME_TOO_LOW
NSE,STOCK,VRLLOG,VRL Logistics Limited,INE366I01010,,EQ,VRLLOG.NS,297.8500061035156,276952.2,PASS,PASS
NSE,STOCK,VSSL,Vardhman Special Steels Limited,INE050M01012,,EQ,VSSL.NS,363.9500122070313,187574.75,PASS,PASS
NSE,STOCK,VSTIND,VST Industries Limited,INE710A01016,,EQ,VSTIND.NS,208.1499938964844,117501.9,PASS,PASS
NSE,STOCK,VSTL,Vibhor Steel Tubes Limited,INE0QTF01015,,EQ,VSTL.NS,115.1500015258789,13772.65,FAIL,VOLUME_TOO_LOW
NSE,STOCK,VSTTILLERS,V.S.T Tillers Tractors Limited,INE764D01017,,EQ,VSTTILLERS.NS,4187.60009765625,9652.05,FAIL,VOLUME_TOO_LOW
NSE,STOCK,VTL,Vardhman Textiles Limited,INE825A01020,,EQ,VTL.NS,588.6500244140625,1535139.85,PASS,PASS
NSE,STOCK,VTMLTD,VTM Limited,INE222F01029,,EQ,VTMLTD.NS,56.56999969482422,37499.833333333336,FAIL,VOLUME_TOO_LOW
NSE,STOCK,WAAREEENER,Waaree Energies Limited,INE377N01017,,EQ,WAAREEENER.NS,2635.0,455780.85,PASS,PASS
NSE,STOCK,WAAREEINDO,Indosolar Limited,INE866K01023,,EQ,WAAREEINDO.NS,272.0,81477.7,FAIL,VOLUME_TOO_LOW
NSE,STOCK,WAAREERTL,Waaree Renewable Technologies Limited,INE299N01021,,EQ,WAAREERTL.NS,858.9500122070312,97022.8,FAIL,VOLUME_TOO_LOW
NSE,STOCK,WABAG,VA Tech Wabag Limited,INE956G01038,,EQ,WABAG.NS,2005.300048828125,644083.4,PASS,PASS
NSE,STOCK,WAKEFIT,Wakefit Innovations Limited,INE0E7301029,,EQ,WAKEFIT.NS,149.63999938964844,1826168.85,PASS,PASS
NSE,STOCK,WALCHANNAG,Walchandnagar Industries Limited,INE711A01022,,EQ,WALCHANNAG.NS,206.1300048828125,602633.5,PASS,PASS
NSE,STOCK,WANBURY,Wanbury Limited,INE107F01022,,EQ,WANBURY.NS,243.3500061035156,404220.85,PASS,PASS
NSE,STOCK,WARDINMOBI,Wardwizard Innovations & Mobility Limited,INE945P01024,,EQ,WARDINMOBI.NS,5.699999809265137,321546.92307692306,FAIL,PRICE_TOO_LOW
NSE,STOCK,WATERBASE,Waterbase Limited,INE054C01015,,EQ,WATERBASE.NS,47.36000061035156,24036.166666666668,FAIL,PRICE_TOO_LOW
NSE,STOCK,WCIL,Western Carriers (India) Limited,INE0CJF01024,,EQ,WCIL.NS,83.95999908447266,62045.9,FAIL,VOLUME_TOO_LOW
NSE,STOCK,WEALTH,Wealth First Portfolio Managers Limited,INE658T01017,,EQ,WEALTH.NS,847.5,1906.9,FAIL,VOLUME_TOO_LOW
NSE,STOCK,WEBELSOLAR,Websol Energy System Limited,INE855C01023,,EQ,WEBELSOLAR.NS,74.52999877929688,2626490.3,PASS,PASS
NSE,STOCK,WEIZMANIND,Weizmann Limited,INE080A01014,,EQ,WEIZMANIND.NS,74.20999908447266,852.3,FAIL,VOLUME_TOO_LOW
NSE,STOCK,WEL,Wonder Electricals Limited,INE02WG01024,,EQ,WEL.NS,76.02999877929688,10047551.4,PASS,PASS
NSE,STOCK,WELCORP,Welspun Corp Limited,INE191B01025,,EQ,WELCORP.NS,2590.60009765625,2902390.5,PASS,PASS
NSE,STOCK,WELENT,Welspun Enterprises Limited,INE625G01013,,EQ,WELENT.NS,764.75,743539.7,PASS,PASS
NSE,STOCK,WELINV,Welspun Investments and Commercials Limited,INE389K01018,,BE,WELINV.NS,2187.0,7953.4,FAIL,VOLUME_TOO_LOW
NSE,STOCK,WELSPLSOL,Welspun Specialty Solutions Limited,INE731F01037,,EQ,WELSPLSOL.NS,59.54999923706055,1777052.2142857143,PASS,PASS
NSE,STOCK,WELSPUNLIV,Welspun Living Limited,INE192B01031,,EQ,WELSPUNLIV.NS,208.50999450683597,11062022.95,PASS,PASS
NSE,STOCK,WENDT,Wendt (India) Limited,INE274C01019,,EQ,WENDT.NS,8307.0,7743.85,FAIL,VOLUME_TOO_LOW
NSE,STOCK,WESTLIFE,WESTLIFE FOODWORLD LIMITED,INE274F01020,,EQ,WESTLIFE.NS,540.5499877929688,99888.05,FAIL,VOLUME_TOO_LOW
NSE,STOCK,WEWIN,WE WIN LIMITED,INE082W01014,,EQ,WEWIN.NS,42.52999877929688,1482.75,FAIL,PRICE_TOO_LOW
NSE,STOCK,WEWORK,WeWork India Management Limited,INE085001019,,EQ,WEWORK.NS,666.9500122070312,315538.15,PASS,PASS
NSE,STOCK,WHBRADY,WH Brady & Company Limited,INE855A01019,,EQ,WHBRADY.NS,497.8500061035156,91.92307692307692,FAIL,VOLUME_TOO_LOW
NSE,STOCK,WHEELS,Wheels India Limited,INE715A01015,,EQ,WHEELS.NS,1724.9000244140625,127691.25,PASS,PASS
NSE,STOCK,WHIRLPOOL,Whirlpool of India Limited,INE716A01013,,EQ,WHIRLPOOL.NS,815.9500122070312,498722.85,PASS,PASS
NSE,STOCK,WILLAMAGOR,Williamson Magor & Company Limited,INE210A01017,,EQ,WILLAMAGOR.NS,24.57999992370605,3855.7,FAIL,PRICE_TOO_LOW
NSE,STOCK,WINDLAS,Windlas Biotech Limited,INE0H5O01029,,EQ,WINDLAS.NS,1127.0999755859375,320832.7,PASS,PASS
NSE,STOCK,WINDMACHIN,Windsor Machines Limited,INE052A01021,,EQ,WINDMACHIN.NS,304.25,168925.55,PASS,PASS
NSE,STOCK,WIPL,The Western India Plywoods Limited,INE215F01023,,EQ,WIPL.NS,165.61000061035156,2052.3,FAIL,VOLUME_TOO_LOW
NSE,STOCK,WIPRO,Wipro Limited,INE075A01022,,EQ,WIPRO.NS,176.39999389648438,7943433.35,PASS,PASS
NSE,STOCK,WOCKPHARMA,Wockhardt Limited,INE049B01025,,EQ,WOCKPHARMA.NS,2088.699951171875,851241.15,PASS,PASS
NSE,STOCK,WONDERLA,Wonderla Holidays Limited,INE066O01014,,EQ,WONDERLA.NS,525.25,161218.75,PASS,PASS
NSE,STOCK,WORTHPERI,Worth Peripherals Limited,INE196Y01018,,EQ,WORTHPERI.NS,153.99000549316406,25615.8,FAIL,VOLUME_TOO_LOW
NSE,STOCK,WPIL,WPIL Limited,INE765D01022,,EQ,WPIL.NS,445.5,68313.69230769231,FAIL,VOLUME_TOO_LOW
NSE,STOCK,WSI,W S Industries (I) Limited,INE100D01014,,EQ,WSI.NS,59.43999862670898,63950.8,FAIL,VOLUME_TOO_LOW
NSE,STOCK,WSTCSTPAPR,West Coast Paper Mills Limited,INE976A01021,,EQ,WSTCSTPAPR.NS,656.9500122070312,385349.15,PASS,PASS
NSE,STOCK,XCHANGING,Xchanging Solutions Limited,INE692G01013,,EQ,XCHANGING.NS,60.9900016784668,81423.65,FAIL,VOLUME_TOO_LOW
NSE,STOCK,XELPMOC,Xelpmoc Design And Tech Limited,INE01P501012,,EQ,XELPMOC.NS,79.4000015258789,11672.35,FAIL,VOLUME_TOO_LOW
NSE,STOCK,XPROINDIA,Xpro India Limited,INE445C01015,,EQ,XPROINDIA.NS,1325.0999755859375,161342.3,PASS,PASS
NSE,STOCK,XTGLOBAL,Xtglobal Infotech Limited,INE547B01028,,EQ,XTGLOBAL.NS,31.57999992370605,114348.55,FAIL,PRICE_TOO_LOW
NSE,STOCK,XTRANET,Xtranet Technologies Limited,INE0NG701011,,EQ,XTRANET.NS,234.2400054931641,1745346.85,PASS,PASS
NSE,STOCK,YASHO,Yasho Industries Limited,INE616Z01012,,EQ,YASHO.NS,4051.199951171875,57649.95,FAIL,VOLUME_TOO_LOW
NSE,STOCK,YATHARTH,Yatharth Hospital & Trauma Care Services Limited,INE0JO301016,,EQ,YATHARTH.NS,991.0999755859376,536864.0,PASS,PASS
NSE,STOCK,YATRA,Yatra Online Limited,INE0JR601024,,EQ,YATRA.NS,113.08000183105467,2942214.95,PASS,PASS
NSE,STOCK,YESBANK,Yes Bank Limited,INE528G01035,,EQ,YESBANK.NS,22.5,50147034.25,FAIL,PRICE_TOO_LOW
NSE,STOCK,YOGI,Yogi Limited,INE290E01011,,EQ,YOGI.NS,161.89999389648438,932.3846153846154,FAIL,VOLUME_TOO_LOW
NSE,STOCK,YUKEN,Yuken India Limited,INE384C01016,,EQ,YUKEN.NS,1010.0499877929688,21390.65,FAIL,VOLUME_TOO_LOW
NSE,STOCK,ZAGGLE,Zaggle Prepaid Ocean Services Limited,INE07K301024,,EQ,ZAGGLE.NS,182.6300048828125,6186928.4,PASS,PASS
NSE,STOCK,ZEEL,Zee Entertainment Enterprises Limited,INE256A01028,,EQ,ZEEL.NS,91.61000061035156,34575384.85,PASS,PASS
NSE,STOCK,ZEELEARN,Zee Learn Limited,INE565L01011,,BE,ZEELEARN.NS,7.190000057220459,267626.7,FAIL,PRICE_TOO_LOW
NSE,STOCK,ZEEMEDIA,Zee Media Corporation Limited,INE966H01019,,EQ,ZEEMEDIA.NS,8.220000267028809,6818457.55,FAIL,PRICE_TOO_LOW
NSE,STOCK,ZENITHEXPO,Zenith Exports Limited,INE058B01018,,EQ,ZENITHEXPO.NS,204.1000061035156,1376.6,FAIL,VOLUME_TOO_LOW
NSE,STOCK,ZENITHSTL,Zenith Steel Pipes & Industries Limited,INE318D01020,,EQ,ZENITHSTL.NS,5.369999885559082,76444.35,FAIL,PRICE_TOO_LOW
NSE,STOCK,ZENSARTECH,Zensar Technologies Limited,INE520A01027,,EQ,ZENSARTECH.NS,461.5499877929688,671608.1,PASS,PASS
NSE,STOCK,ZENTEC,Zen Technologies Limited,INE251B01027,,EQ,ZENTEC.NS,1801.4000244140625,520905.15,PASS,PASS
NSE,STOCK,ZFCVINDIA,ZF Commercial Vehicle Control Systems India Limited,INE342J01019,,EQ,ZFCVINDIA.NS,2524.800048828125,97822.75,FAIL,VOLUME_TOO_LOW
NSE,STOCK,ZFSTEERING,ZF Steering Gear (India) Limited,INE116C01012,,EQ,ZFSTEERING.NS,667.75,4155.0,FAIL,VOLUME_TOO_LOW
NSE,STOCK,ZIMLAB,Zim Laboratories Limited,INE518E01015,,EQ,ZIMLAB.NS,128.02000427246094,100889.65,PASS,PASS
NSE,STOCK,ZODIAC,Zodiac Energy Limited,INE761Y01019,,EQ,ZODIAC.NS,240.1699981689453,21743.85,FAIL,VOLUME_TOO_LOW
NSE,STOCK,ZODIACLOTH,Zodiac Clothing Company Limited,INE206B01013,,EQ,ZODIACLOTH.NS,72.8499984741211,4000.45,FAIL,VOLUME_TOO_LOW
NSE,STOCK,ZOTA,Zota Health Care LImited,INE358U01012,,EQ,ZOTA.NS,1101.199951171875,104587.05,PASS,PASS
NSE,STOCK,ZSARACOM,Saraswati Commercial India Limited,INE967G01019,,EQ,ZSARACOM.NS,10227.0,70.46153846153847,FAIL,VOLUME_TOO_LOW
NSE,STOCK,ZUARI,Zuari Agro Chemicals Limited,INE840M01016,,EQ,ZUARI.NS,225.0399932861328,132481.25,PASS,PASS
NSE,STOCK,ZUARIIND,ZUARI INDUSTRIES LIMITED,INE217A01012,,EQ,ZUARIIND.NS,273.20001220703125,104040.25,PASS,PASS
NSE,STOCK,ZYDUSLIFE,Zydus Lifesciences Limited,INE010B01027,,EQ,ZYDUSLIFE.NS,1143.0,1776507.0,PASS,PASS
NSE,STOCK,ZYDUSWELL,Zydus Wellness Limited,INE768C01028,,EQ,ZYDUSWELL.NS,531.7000122070312,239330.25,PASS,PASS
BSE,STOCK,1STCUS,First Custodian Fund,,511122,X,1STCUS.BO,64.0,418.35,FAIL,VOLUME_TOO_LOW
BSE,STOCK,21STCENMGM,Twentyfirst Century Management Svcs,,526921,B,21STCENMGM.BO,38.43000030517578,1648.3,FAIL,PRICE_TOO_LOW
BSE,STOCK,360ONE,360 One WAM,,542772,A,360ONE.BO,1155.0,182191.35,PASS,PASS
BSE,STOCK,3BBLACKBIO,3B BlackBio DX,,532067,B,3BBLACKBIO.BO,1481.699951171875,3223.3,FAIL,VOLUME_TOO_LOW
BSE,STOCK,3BFILMS,3B Films,,544412,M,3BFILMS.BO,11.109999656677246,34950.0,FAIL,PRICE_TOO_LOW
BSE,STOCK,3CIT,3C IT Solutions & Telecoms,,544190,M,3CIT.BO,19.1299991607666,1500.0,FAIL,PRICE_TOO_LOW
BSE,STOCK,3IINFOLTD,3I Infotech,,532628,T,3IINFOLTD.BO,21.76000022888184,72109.7,FAIL,PRICE_TOO_LOW
BSE,STOCK,3MINDIA,3M India,,523395,A,3MINDIA.BO,32755.349609375,1098.3,FAIL,VOLUME_TOO_LOW
BSE,STOCK,3PLAND,3P Land Holdings,,516092,B,3PLAND.BO,33.70000076293945,239.55,FAIL,PRICE_TOO_LOW
BSE,STOCK,5PAISA,5Paisa Capital,,540776,B,5PAISA.BO,343.0,6161.9,FAIL,VOLUME_TOO_LOW
BSE,STOCK,63MOONS,63 Moons Technologies,,526881,A,63MOONS.BO,850.8499755859375,21423.4,FAIL,VOLUME_TOO_LOW
BSE,STOCK,7NR,7NR Retail,,540615,XT,7NR.BO,6.760000228881836,70783.7,FAIL,PRICE_TOO_LOW
BSE,STOCK,7SEASL,7Seas Entertainment,,540874,X,7SEASL.BO,96.9499969482422,31251.7,FAIL,VOLUME_TOO_LOW
BSE,STOCK,7TEC,Saven Technologies,,532404,X,7TEC.BO,34.56999969482422,9338.9,FAIL,PRICE_TOO_LOW
BSE,STOCK,A1L,A1,,542012,B,A1L.BO,5.070000171661377,3386928.35,FAIL,PRICE_TOO_LOW
BSE,STOCK,A2ZINFRA,A2Z Infra Engineering,,533292,B,A2ZINFRA.BO,15.84000015258789,57387.1,FAIL,PRICE_TOO_LOW
BSE,STOCK,AAATECH,AAA Technologies,,543671,B,AAATECH.BO,94.44000244140624,2146.55,FAIL,VOLUME_TOO_LOW
BSE,STOCK,AADHARHFC,Aadhar Housing Finance,,544176,A,AADHARHFC.BO,477.0499877929688,64652.7,FAIL,VOLUME_TOO_LOW
BSE,STOCK,AADIIND,Aadi Industries,,530027,X,AADIIND.BO,8.449999809265137,1842.55,FAIL,PRICE_TOO_LOW
BSE,STOCK,AAIL,Akar Auto Industries,,530621,XT,AAIL.BO,92.27999877929688,4313.05,FAIL,VOLUME_TOO_LOW
BSE,STOCK,AANCHALISP,Aanchal Ispat Limited,,538812,XT,AANCHALISP.BO,64.87999725341797,22728.15,FAIL,VOLUME_TOO_LOW
BSE,STOCK,AAPLUSTRAD,AA Plus Tradelink,,543319,M,AAPLUSTRAD.BO,1.2300000190734863,0.0,FAIL,PRICE_TOO_LOW
BSE,STOCK,AAREYDRUGS,Aarey Drugs & Pharmaceuticals,,524412,B,AAREYDRUGS.BO,94.83999633789062,10938.65,FAIL,VOLUME_TOO_LOW
BSE,STOCK,AARNAV,Aarnav Fashions,,539562,T,AARNAV.BO,33.29999923706055,5895.3,FAIL,PRICE_TOO_LOW
BSE,STOCK,AARTECH,Aartech Solonics,,542580,T,AARTECH.BO,49.790000915527344,33246.35,FAIL,PRICE_TOO_LOW
BSE,STOCK,AARTIDRUGS,Aarti Drugs,,524348,B,AARTIDRUGS.BO,426.5,11816.35,FAIL,VOLUME_TOO_LOW
BSE,STOCK,AARTIIND,Aarti Industries,,524208,A,524208.BO,493.5,50992.1,FAIL,VOLUME_TOO_LOW
BSE,STOCK,AARTIPHARM,Aarti Pharma Labs,,543748,A,AARTIPHARM.BO,865.9500122070312,97051.25,FAIL,VOLUME_TOO_LOW
BSE,STOCK,AARTISURF,Aarti Surfactants,,543210,T,AARTISURF.BO,544.0999755859375,5191.25,FAIL,VOLUME_TOO_LOW
BSE,STOCK,AASHKA,Aashka Hospitals,,543346,M,AASHKA.BO,84.8499984741211,2400.0,FAIL,VOLUME_TOO_LOW
BSE,STOCK,AASTAFIN,Aastamangalam Finance,,511764,X,AASTAFIN.BO,31.559999465942383,10825.95,FAIL,PRICE_TOO_LOW
BSE,STOCK,AASTHA,Aastha Spintex,,544808,B,AASTHA.BO,80.06999969482422,190819.05,PASS,PASS
BSE,STOCK,AAVAS,Aavas Financiers,,541988,A,AAVAS.BO,1298.25,42084.8,FAIL,VOLUME_TOO_LOW
BSE,STOCK,AAYUSH,Aayush Wellness,,539528,X,AAYUSH.BO,28.0,218331.75,FAIL,PRICE_TOO_LOW
BSE,STOCK,AAYUSHBULL,Aayush Art and Bullion,,540718,M,AAYUSHBULL.BO,1268.5,82825.0,FAIL,VOLUME_TOO_LOW
BSE,STOCK,ABAN,Aban Offshore,,523204,T,523204.BO,14.649999618530272,17978.7,FAIL,PRICE_TOO_LOW
BSE,STOCK,ABANSENT,Abans Enterprises,,512165,B,ABANSENT.BO,27.6299991607666,4281.55,FAIL,PRICE_TOO_LOW
BSE,STOCK,ABATEAS,Abate AS Industries,,531658,X,ABATEAS.BO,9.079999923706056,23767.7,FAIL,PRICE_TOO_LOW
BSE,STOCK,ABBOTINDIA,Abbott,,500488,A,500488.BO,28013.599609375,1993.75,FAIL,VOLUME_TOO_LOW
BSE,STOCK,ABCAPITAL,Aditya Birla Capital,,540691,A,ABCAPITAL.BO,399.1000061035156,220256.2,PASS,PASS
BSE,STOCK,ABCINDQ,ABC India,,520123,X,ABCINDQ.BO,63.47999954223633,902.8,FAIL,VOLUME_TOO_LOW
BSE,STOCK,ABCOTS,AB Cotspin,,544522,B,ABCOTS.BO,211.0500030517578,2279.7,FAIL,VOLUME_TOO_LOW
BSE,STOCK,ABDL,Allied Blenders & Distillers,,544203,A,ABDL.BO,609.1500244140625,42116.8,FAIL,VOLUME_TOO_LOW
BSE,STOCK,ABFRL,Aditya Birla Fashion & Retail,,535755,A,ABFRL.BO,50.43000030517578,341000.45,PASS,PASS
BSE,STOCK,ABHICAP,Abhinav Capital Services,,532057,X,ABHICAP.BO,105.5999984741211,2407.3,FAIL,VOLUME_TOO_LOW
BSE,STOCK,ABHIFIN,Abhishek Finlease,,538935,X,ABHIFIN.BO,66.5,510.75,FAIL,VOLUME_TOO_LOW
BSE,STOCK,ABHIINFRA,Abhishek Infraventures,,539544,X,ABHIINFRA.BO,8.039999961853027,355.9,FAIL,PRICE_TOO_LOW
BSE,STOCK,ABINFRA,AB Infrabuild,,544281,T,ABINFRA.BO,11.25,342971.3,FAIL,PRICE_TOO_LOW
BSE,STOCK,ABIRAFN,Abirami Financial,,511756,Z,ABIRAFN.BO,34.79999923706055,897.6,FAIL,PRICE_TOO_LOW
BSE,STOCK,ABLBL,Aditya Birla Lifestyle Brands,,544403,A,ABLBL.BO,83.51000213623047,52164.45,FAIL,VOLUME_TOO_LOW
BSE,STOCK,ABMKNO,ABM Knowledgeware,,531161,B,ABMKNO.BO,193.5,288.8,FAIL,VOLUME_TOO_LOW
BSE,STOCK,ABREL,Aditya Birla Real Estate,,500040,A,ABREL.BO,1376.0999755859375,18177.5,FAIL,VOLUME_TOO_LOW
BSE,STOCK,ABRFL,Abram Food,,544422,M,ABRFL.BO,37.90999984741211,3600.0,FAIL,PRICE_TOO_LOW
BSE,STOCK,ABRIL,Abril Paper Tech,,544500,M,ABRIL.BO,34.20000076293945,3600.0,FAIL,PRICE_TOO_LOW
BSE,STOCK,ABSLAMC,AB ISIL Broad Based CRISIL ETF,,543374,A,ABSLAMC.BO,1045.0999755859375,42734.65,FAIL,VOLUME_TOO_LOW
BSE,STOCK,ABVL,Arunjyothi Bio Ventures,,530881,X,ABVL.BO,4.730000019073486,178850.05,FAIL,PRICE_TOO_LOW
BSE,STOCK,ACCEDERE,Accedere,,531533,XT,ACCEDERE.BO,49.56999969482422,12902.8,FAIL,PRICE_TOO_LOW
BSE,STOCK,ACCEL,Accel,,517494,X,ACCEL.BO,12.199999809265137,10146.4,FAIL,PRICE_TOO_LOW
BSE,STOCK,ACCELERATE,AccelerateBS,,543938,M,ACCELERATE.BO,99.75,224.0,FAIL,VOLUME_TOO_LOW
BSE,STOCK,ACCELYA,Accelya Solutions,,532268,B,ACCELYA.BO,1130.5,405.05,FAIL,VOLUME_TOO_LOW
BSE,STOCK,ACCORDTS,Accord Transformer & Switchgear,,544710,M,ACCORDTS.BO,65.3499984741211,52500.0,FAIL,VOLUME_TOO_LOW
BSE,STOCK,ACCURACY,Accuracy Shipping,,544598,T,ACCURACY.BO,4.230000019073486,9003.75,FAIL,PRICE_TOO_LOW
BSE,STOCK,ACE,Action Construction Equipment,,532762,A,ACE.BO,1145.800048828125,31741.6,FAIL,VOLUME_TOO_LOW
BSE,STOCK,ACEALPHA,Ace Alpha Tech,,544431,M,ACEALPHA.BO,133.1999969482422,6800.0,FAIL,VOLUME_TOO_LOW
BSE,STOCK,ACEENGITEC,Ace Engitech,,530669,XT,ACEENGITEC.BO,90.7699966430664,280.8,FAIL,VOLUME_TOO_LOW
BSE,STOCK,ACEMEN,Ace Men Engg Works,,539661,X,ACEMEN.BO,116.0,21342.0,FAIL,VOLUME_TOO_LOW
BSE,STOCK,ACESOFT,Ace Software Exports,,531525,XT,ACESOFT.BO,199.8500061035156,63178.85,FAIL,VOLUME_TOO_LOW
BSE,STOCK,ACFSL,Amrapali Capital & Finance Services,,536737,MT,ACFSL.BO,57.36000061035156,1140.0,FAIL,VOLUME_TOO_LOW
BSE,STOCK,ACGL,Automobile Corporation of Goa,,505036,B,ACGL.BO,1777.6500244140625,1286.0,FAIL,VOLUME_TOO_LOW
BSE,STOCK,ACHYUT,Achyut Healthcare,,543499,T,ACHYUT.BO,6.900000095367432,92446.15,FAIL,PRICE_TOO_LOW
BSE,STOCK,ACI,Archean Chemical Industries,,543657,A,ACI.BO,494.5,97169.7,FAIL,VOLUME_TOO_LOW
BSE,STOCK,ACIIN,ACI Infocom,,517356,XT,ACIIN.BO,2.5999999046325684,1886354.7,FAIL,PRICE_TOO_LOW
BSE,STOCK,ACKNIT,Acknit Industries,,530043,X,ACKNIT.BO,327.1499938964844,1097.55,FAIL,VOLUME_TOO_LOW
BSE,STOCK,ACL,Andhra Cements,,532141,B,ACL.BO,43.209999084472656,2133.5,FAIL,PRICE_TOO_LOW
BSE,STOCK,ACLD,Aelea Commodities,,544213,M,ACLD.BO,159.0,30900.0,FAIL,VOLUME_TOO_LOW
BSE,STOCK,ACME,Acme Resources,,539391,Z,ACME.BO,29.18000030517578,1578.85,FAIL,PRICE_TOO_LOW
BSE,STOCK,ACMESOLAR,ACME Solar Holdings,,544283,A,ACMESOLAR.BO,401.1000061035156,143363.1,PASS,PASS
BSE,STOCK,ACML,Aditya Consumer Marketing,,540146,M,ACML.BO,31.51000022888184,1000.0,FAIL,PRICE_TOO_LOW
BSE,STOCK,ACROW,Acrow,,513149,X,ACROW.BO,799.0,58.2,FAIL,VOLUME_TOO_LOW
BSE,STOCK,ACSTECH,ACS Technologies,,530745,T,ACSTECH.BO,51.88999938964844,62563.85,FAIL,VOLUME_TOO_LOW
BSE,STOCK,ACTIVE,Active Clothing Co,,541144,B,ACTIVE.BO,112.9000015258789,7964.35,FAIL,VOLUME_TOO_LOW
BSE,STOCK,ACUTAAS,Acutaas Chemicals,,543349,A,ACUTAAS.BO,3199.449951171875,31030.0,FAIL,VOLUME_TOO_LOW
BSE,STOCK,ADANIENSOL,Adani Energy Solutions,,539254,A,ADANIENSOL.BO,1388.0,169706.0,PASS,PASS
BSE,STOCK,ADANIENT,Adani Enterprises,,512599,A,ADANIENT.BO,2886.0,72309.9,FAIL,VOLUME_TOO_LOW
BSE,STOCK,ADANIGREEN,Adani Green Energy,,541450,A,ADANIGREEN.BO,1284.949951171875,110705.1,PASS,PASS
BSE,STOCK,ADANIPORTS,Adani Ports & SEZ,,532921,A,ADANIPORTS.BO,1686.5999755859375,149348.55,PASS,PASS
BSE,STOCK,ADANIPOWER,Adani Power,,533096,A,ADANIPOWER.BO,209.8000030517578,1182660.3,PASS,PASS
BSE,STOCK,ADARSHPL,Adarsh Plant Protect,,526711,X,ADARSHPL.BO,26.57999992370605,7154.35,FAIL,PRICE_TOO_LOW
BSE,STOCK,ADCINDIA,ADC India Communications,,523411,XT,ADCINDIA.BO,2380.0,2024.5,FAIL,VOLUME_TOO_LOW
BSE,STOCK,ADCON,Adcon Capital Services,,539506,XT,ADCON.BO,0.4900000095367431,154077.9,FAIL,PRICE_TOO_LOW
BSE,STOCK,ADCOUNTY,Adcounty Media,,544435,M,ADCOUNTY.BO,82.47000122070312,41400.0,FAIL,VOLUME_TOO_LOW
BSE,STOCK,ADDIND,Addi Industries,,507852,B,ADDIND.BO,75.9000015258789,730.85,FAIL,VOLUME_TOO_LOW
BSE,STOCK,ADESHWAR,Adeshwar Meditex,,543309,M,ADESHWAR.BO,14.699999809265137,3300.0,FAIL,PRICE_TOO_LOW
BSE,STOCK,ADFFOODS,ADF Foods,,519183,B,ADFFOODS.BO,266.6000061035156,6333.5,FAIL,VOLUME_TOO_LOW
BSE,STOCK,ADHBHUTIN,Adhbhut Infrastructure,,539189,X,ADHBHUTIN.BO,13.729999542236328,754.8,FAIL,PRICE_TOO_LOW
BSE,STOCK,ADHHATA,Adhata Global,,531286,X,ADHHATA.BO,23.100000381469727,0.0,FAIL,PRICE_TOO_LOW
BSE,STOCK,ADINATH,Adinath Textiles,,514113,X,ADINATH.BO,22.950000762939453,1284.0,FAIL,PRICE_TOO_LOW
BSE,STOCK,ADISHAKTI,Adishakti Loha & Ispat,,543377,M,ADISHAKTI.BO,6.5,118000.0,FAIL,PRICE_TOO_LOW
BSE,STOCK,ADITYA,Aditya Ispat,,513513,X,ADITYA.BO,8.6899995803833,1029.95,FAIL,PRICE_TOO_LOW
BSE,STOCK,ADITYASP,Aditya Spinners,,521141,X,ADITYASP.BO,14.899999618530272,2717.8,FAIL,PRICE_TOO_LOW
BSE,STOCK,ADL,Archidply Decor,,543231,B,ADL.BO,77.37999725341797,1137.2,FAIL,VOLUME_TOO_LOW
BSE,STOCK,ADLINE,Adline Chem Lab,,524604,P,ADLINE.BO,12.119999885559082,330.0,FAIL,PRICE_TOO_LOW
BSE,STOCK,ADMACH,Admach Systems,,544669,MT,ADMACH.BO,402.0,5490.0,FAIL,VOLUME_TOO_LOW
BSE,STOCK,ADMANUM,Ad-Manum Finance,,511359,X,ADMANUM.BO,53.29999923706055,3200.1,FAIL,VOLUME_TOO_LOW
BSE,STOCK,ADON,Adon Agro Commodities,,544809,M,ADON.BO,82.0999984741211,90300.0,FAIL,VOLUME_TOO_LOW
BSE,STOCK,ADOR,Ador Welding,,517041,B,ADOR.BO,1716.050048828125,3752.25,FAIL,VOLUME_TOO_LOW
BSE,STOCK,ADROITINFO,Adroit Infotech,,532172,B,ADROITINFO.BO,10.300000190734863,6119.25,FAIL,PRICE_TOO_LOW
BSE,STOCK,ADSL,Allied Digital Services,,532875,B,ADSL.BO,104.5,7872.85,FAIL,VOLUME_TOO_LOW
BSE,STOCK,ADTECH,ADTECH,,544185,X,ADTECH.BO,50.869998931884766,1716.25,FAIL,VOLUME_TOO_LOW
BSE,STOCK,ADVAIT,Advait Energy Transitions,,543230,B,ADVAIT.BO,2208.550048828125,9966.8,FAIL,VOLUME_TOO_LOW
BSE,STOCK,ADVANCE,Advance Agrolife,,544562,B,ADVANCE.BO,118.25,14023.5,FAIL,VOLUME_TOO_LOW
BSE,STOCK,ADVANIHOTR,Advani Hotels & Resorts,,523269,B,ADVANIHOTR.BO,49.130001068115234,5959.9,FAIL,PRICE_TOO_LOW
BSE,STOCK,ADVENTHTL,Advent Hotels International,,544446,B,ADVENTHTL.BO,134.85000610351562,10225.0,FAIL,VOLUME_TOO_LOW
BSE,STOCK,ADVENZYMES,Advanced Enzyme Tech,,540025,B,ADVENZYMES.BO,295.6499938964844,15342.55,FAIL,VOLUME_TOO_LOW
BSE,STOCK,ADVIKCA,Advik Capital,,539773,B,ADVIKCA.BO,1.1299999952316284,207033.9,FAIL,PRICE_TOO_LOW
BSE,STOCK,ADVLIFE,Advance Lifestyles,,521048,X,ADVLIFE.BO,27.11000061035156,103.85,FAIL,PRICE_TOO_LOW
BSE,STOCK,ADVPETR-B,Advanced Petrochemicals,,506947,XT,ADVPETR-B.BO,356.79998779296875,100.95,FAIL,VOLUME_TOO_LOW
BSE,STOCK,AEGISLOG,Aegis Logistics,,500003,A,AEGISLOG.BO,1286.1500244140625,60753.2,FAIL,VOLUME_TOO_LOW
BSE,STOCK,AEGISVOPAK,Aegis Vopak Terminals,,544407,A,AEGISVOPAK.BO,286.79998779296875,65143.5,FAIL,VOLUME_TOO_LOW
BSE,STOCK,AEIM,Artificial Electronics Intelligent,,526443,X,AEIM.BO,83.83999633789062,54135.4,FAIL,VOLUME_TOO_LOW
BSE,STOCK,AEL,Amba Enterprises,,539196,X,AEL.BO,107.9000015258789,6060.4,FAIL,VOLUME_TOO_LOW
BSE,STOCK,AEONXDIGI,Aeonx Digital Technology,,524594,X,AEONXDIGI.BO,111.3000030517578,2457.35,FAIL,VOLUME_TOO_LOW
BSE,STOCK,AEPL,Artemis Electricals,,542670,B,AEPL.BO,16.8799991607666,23297.65,FAIL,PRICE_TOO_LOW
BSE,STOCK,AEQUS,Aequs,,544634,B,AEQUS.BO,247.3500061035156,255271.65,PASS,PASS
BSE,STOCK,AEROENTER,Aeroflex Enterprises,,511076,B,AEROENTER.BO,142.89999389648438,52616.7,FAIL,VOLUME_TOO_LOW
BSE,STOCK,AEROFLEX,Aeroflex Industries,,543972,B,AEROFLEX.BO,542.3499755859375,98650.05,FAIL,VOLUME_TOO_LOW
BSE,STOCK,AERONEU,Aeroflex Neu,,543743,B,AERONEU.BO,78.5999984741211,589.15,FAIL,VOLUME_TOO_LOW
BSE,STOCK,AEROPLANE,Amir Chand Jagdish Kumar (Exports),,544743,B,AEROPLANE.BO,188.1000061035156,37072.8,FAIL,VOLUME_TOO_LOW
BSE,STOCK,AERPACE,Aerpace Industries,,534733,XT,AERPACE.BO,40.77000045776367,537895.6,FAIL,PRICE_TOO_LOW
BSE,STOCK,AETHER,Aether Industries,,543534,A,AETHER.BO,1656.3499755859375,12370.95,FAIL,VOLUME_TOO_LOW
BSE,STOCK,AFCOM,Afcom Holdings,,544224,M,AFCOM.BO,1652.3499755859375,97386.0,FAIL,VOLUME_TOO_LOW
BSE,STOCK,AFCONS,Afcons Infrastructure,,544280,A,AFCONS.BO,295.0,91250.45,FAIL,VOLUME_TOO_LOW
BSE,STOCK,AFEL,AF Enterprises,,538351,Z,AFEL.BO,1.830000042915344,106781.7,FAIL,PRICE_TOO_LOW
BSE,STOCK,AFFLE,Affle 3i,,542752,A,AFFLE.BO,1520.25,35944.35,FAIL,VOLUME_TOO_LOW
BSE,STOCK,AFFORDABLE,Affordable Robotic & Automation,,541402,B,AFFORDABLE.BO,163.0,3288.5,FAIL,VOLUME_TOO_LOW
BSE,STOCK,AFIL,Akme Fintrade,,544200,B,AFIL.BO,9.300000190734863,94071.4,FAIL,PRICE_TOO_LOW
BSE,STOCK,AFLTD,Autofurnish,,544767,M,AFLTD.BO,56.75,15450.0,FAIL,VOLUME_TOO_LOW
BSE,STOCK,AFSL,Abans Financial Services,,543712,B,AFSL.BO,207.1000061035156,3594.75,FAIL,VOLUME_TOO_LOW
BSE,STOCK,AGARIND,Agarwal Industrial Corporation,,531921,B,AGARIND.BO,440.1499938964844,3674.35,FAIL,VOLUME_TOO_LOW
BSE,STOCK,AGARWAL,Agarwal Fortune,,530765,X,AGARWAL.BO,18.450000762939453,168.4,FAIL,PRICE_TOO_LOW
BSE,STOCK,AGARWALEYE,Dr. Agarwal's Health Care,,544350,A,AGARWALEYE.BO,512.5499877929688,88361.65,FAIL,VOLUME_TOO_LOW
BSE,STOCK,AGI,AGI Greenpac,,500187,B,AGI.BO,745.5,10790.8,FAIL,VOLUME_TOO_LOW
BSE,STOCK,AGIIL,AGI Infra,,539042,B,AGIIL.BO,278.75,27984.3,FAIL,VOLUME_TOO_LOW
BSE,STOCK,AGIOPAPER,Agio Paper & Industries,,516020,X,AGIOPAPER.BO,3.900000095367432,165.75,FAIL,PRICE_TOO_LOW
BSE,STOCK,AGL,Allcargo Global,,544602,B,AGL.BO,13.68000030517578,386093.55,FAIL,PRICE_TOO_LOW
BSE,STOCK,AGOL,Ashapuri Gold Ornament,,542579,B,AGOL.BO,3.950000047683716,342293.75,FAIL,PRICE_TOO_LOW
BSE,STOCK,AGRIBIO,Agribio Spirits,,539546,X,AGRIBIO.BO,329.6499938964844,15032.7,FAIL,VOLUME_TOO_LOW
BSE,STOCK,AGRITECH,Agri-Tech,,537292,B,AGRITECH.BO,102.0,265.3,FAIL,VOLUME_TOO_LOW
BSE,STOCK,AGSTRA,AGS Transact Technologies,,543451,Z,AGSTRA.BO,2.0,40461.8,FAIL,PRICE_TOO_LOW
BSE,STOCK,AHASOLAR,Ahasolar Technologies,,543941,M,AHASOLAR.BO,76.25,2120.0,FAIL,VOLUME_TOO_LOW
BSE,STOCK,AHCL,Anlon Healthcare,,544497,B,AHCL.BO,15.600000381469728,328002.15,FAIL,PRICE_TOO_LOW
BSE,STOCK,AHLEAST,Asian Hotels (East),,533227,B,AHLEAST.BO,136.0,472.9,FAIL,VOLUME_TOO_LOW
BSE,STOCK,AHLUCONT,Ahluwalia Contracts,,532811,A,AHLUCONT.BO,597.25,7468.9,FAIL,VOLUME_TOO_LOW
BSE,STOCK,AHLWEST,Asian Hotels (West),,533221,T,AHLWEST.BO,586.9500122070312,97.55,FAIL,VOLUME_TOO_LOW
BSE,STOCK,AHMDSTE,Ahmedabad Steelcraft,,522273,X,AHMDSTE.BO,165.10000610351562,3759.1,FAIL,VOLUME_TOO_LOW
BSE,STOCK,AICHAMP,AI Champdany Industries,,532806,XT,AICHAMP.BO,18.15999984741211,6170.1,FAIL,PRICE_TOO_LOW
BSE,STOCK,AIHL,Ambassador Intra Holdings,,542524,X,AIHL.BO,38.47999954223633,1367.4,FAIL,PRICE_TOO_LOW
BSE,STOCK,AIIL,Authum Inv & Infr,,539177,A,AIIL.BO,519.2999877929688,215767.0,PASS,PASS
BSE,STOCK,AIKPIPES,AIK Pipes and Polymers,,544072,M,AIKPIPES.BO,31.850000381469727,2680.0,FAIL,PRICE_TOO_LOW
BSE,STOCK,AIMCOPEST,Aimco Pesticides,,524288,X,AIMCOPEST.BO,46.880001068115234,2783.35,FAIL,PRICE_TOO_LOW
BSE,STOCK,AIML,Alliance Integrated Metaliks,,534064,XT,AIML.BO,2.4800000190734863,125063.1,FAIL,PRICE_TOO_LOW
BSE,STOCK,AIRAN,Airan,,543811,B,AIRAN.BO,14.800000190734863,6911.25,FAIL,PRICE_TOO_LOW
BSE,STOCK,AIRFLOA,Airfloa Rail Technology,,544516,M,AIRFLOA.BO,479.3500061035156,134375.0,PASS,PASS
BSE,STOCK,AJANTPHARM,Ajanta Pharma,,532331,A,532331.BO,3416.800048828125,8530.7,FAIL,VOLUME_TOO_LOW
BSE,STOCK,AJANTSOY,Ajanta Soya,,519216,X,AJANTSOY.BO,23.76000022888184,62860.75,FAIL,PRICE_TOO_LOW
BSE,STOCK,AJAXENGG,Ajax Engineering,,544356,B,AJAXENGG.BO,576.2999877929688,3422.65,FAIL,VOLUME_TOO_LOW
BSE,STOCK,AJCJEWEL,AJC Jewel Manufacturers,,544425,MT,AJCJEWEL.BO,201.8000030517578,17160.0,FAIL,VOLUME_TOO_LOW
BSE,STOCK,AJCON,Ajcon Global Services,,511692,X,AJCON.BO,6.690000057220459,4443.5,FAIL,PRICE_TOO_LOW
BSE,STOCK,AJMERA,Ajmera Realty & Infra,,513349,B,AJMERA.BO,115.5500030517578,24025.05,FAIL,VOLUME_TOO_LOW
BSE,STOCK,AJWAFUN,Ajwa Fun World & Resort,,526628,P,AJWAFUN.BO,36.59999847412109,20.0,FAIL,PRICE_TOO_LOW
BSE,STOCK,AKCAPIT,AK Capital Services,,530499,B,AKCAPIT.BO,1681.25,1106.1,FAIL,VOLUME_TOO_LOW
BSE,STOCK,AKI,AKI India,,542020,B,AKI.BO,6.619999885559082,65333.75,FAIL,PRICE_TOO_LOW
BSE,STOCK,AKSHAR,Akshar Spintex,,541303,B,AKSHAR.BO,0.4199999868869781,252646.2,FAIL,PRICE_TOO_LOW
BSE,STOCK,AKSHARCHEM,AksharChem,,524598,T,AKSHARCHEM.BO,427.7999877929688,2618.35,FAIL,VOLUME_TOO_LOW
BSE,STOCK,AKSHOPTFBR,Aksh Optifibre,,532351,T,AKSHOPTFBR.BO,7.110000133514404,140905.35,FAIL,PRICE_TOO_LOW
BSE,STOCK,AKUMS,Akums Drugs & Pharma,,544222,B,AKUMS.BO,781.4500122070312,22670.5,FAIL,VOLUME_TOO_LOW
BSE,STOCK,ALANKIT,Alankit,,531082,B,ALANKIT.BO,8.039999961853027,20468.25,FAIL,PRICE_TOO_LOW
BSE,STOCK,ALANSCOTT,Alan Scott Enterprises,,539115,XT,ALANSCOTT.BO,289.25,4359.65,FAIL,VOLUME_TOO_LOW
BSE,STOCK,ALBERTDAVD,Albert David,,524075,B,ALBERTDAVD.BO,867.5,2115.7,FAIL,VOLUME_TOO_LOW
BSE,STOCK,ALEXANDER,Alexander Stamps & Coin,,511463,X,ALEXANDER.BO,8.489999771118164,18372.1,FAIL,PRICE_TOO_LOW
BSE,STOCK,ALFAICA,Alfa ICA,,530973,X,ALFAICA.BO,89.0,122.85,FAIL,VOLUME_TOO_LOW
BSE,STOCK,ALFATRAN,Alfa Transformers,,517546,X,ALFATRAN.BO,33.9900016784668,16514.05,FAIL,PRICE_TOO_LOW
BSE,STOCK,ALFAVIO,Alfavision Overseas,,531156,XT,ALFAVIO.BO,12.93000030517578,32644.6,FAIL,PRICE_TOO_LOW
BSE,STOCK,ALFL,Abhinav Leasing & Finance,,538952,X,ALFL.BO,1.100000023841858,16691.25,FAIL,PRICE_TOO_LOW
BSE,STOCK,ALFREDHE,Alfred Herbert,,505216,B,ALFREDHE.BO,2811.0,134.45,FAIL,VOLUME_TOO_LOW
BSE,STOCK,ALGOQUANT,Algoquant Fintech,,505725,B,ALGOQUANT.BO,64.37999725341797,317510.35,PASS,PASS
BSE,STOCK,ALICON,Alicon Castalloy,,531147,B,ALICON.BO,682.0499877929688,8842.7,FAIL,VOLUME_TOO_LOW
BSE,STOCK,ALIVUS,Alivus Life Sciences,,543322,A,ALIVUS.BO,1418.550048828125,10318.55,FAIL,VOLUME_TOO_LOW
BSE,STOCK,ALKALI,Alkali Metals,,533029,T,ALKALI.BO,67.0,465.05,FAIL,VOLUME_TOO_LOW
BSE,STOCK,ALKEM,Alkem Laboratories,,539523,A,ALKEM.BO,5185.0,27337.55,FAIL,VOLUME_TOO_LOW
BSE,STOCK,ALKOSIGN,Alkosign,,543453,M,ALKOSIGN.BO,61.0,3037.5,FAIL,VOLUME_TOO_LOW
BSE,STOCK,ALKYLAMINE,Alkyl Amines Chemicals,,506767,A,506767.BO,1830.75,7223.25,FAIL,VOLUME_TOO_LOW
BSE,STOCK,ALLCARGO,Allcargo Logistics,,532749,B,ALLCARGO.BO,12.529999732971191,2404796.75,FAIL,PRICE_TOO_LOW
BSE,STOCK,ALLDIGI,Alldigi Tech,,532633,B,ALLDIGI.BO,805.7000122070312,652.0,FAIL,VOLUME_TOO_LOW
BSE,STOCK,ALLTIME,All Time Plastics,,544479,B,ALLTIME.BO,200.3999938964844,3642.75,FAIL,VOLUME_TOO_LOW
BSE,STOCK,ALMONDZ,Almondz Global Securities,,531400,B,ALMONDZ.BO,17.639999389648438,16140.9,FAIL,PRICE_TOO_LOW
BSE,STOCK,ALNATRD,Alna Trading & Exports,,506120,P,ALNATRD.BO,28.950000762939453,0.0,FAIL,PRICE_TOO_LOW
BSE,STOCK,ALOKINDS,Alok Industries,,521070,A,ALOKINDS.BO,7.539999961853027,1612046.6,FAIL,PRICE_TOO_LOW
BSE,STOCK,ALPA,Alpa Laboratories,,532878,B,ALPA.BO,63.880001068115234,2389.05,FAIL,VOLUME_TOO_LOW
BSE,STOCK,ALPHAGEO,Alphageo,,526397,T,ALPHAGEO.BO,315.3500061035156,7490.5,FAIL,VOLUME_TOO_LOW
BSE,STOCK,ALPHAIND,Alphalogic Industries,,543937,M,ALPHAIND.BO,139.10000610351562,180.0,FAIL,VOLUME_TOO_LOW
BSE,STOCK,ALPHALOGIC,Alphalogic Techsys,,542770,B,ALPHALOGIC.BO,39.95000076293945,4169.85,FAIL,PRICE_TOO_LOW
BSE,STOCK,ALPINEHOU,Alpine Housing Development,,526519,XT,ALPINEHOU.BO,118.9000015258789,978.15,FAIL,VOLUME_TOO_LOW
BSE,STOCK,ALPINETEX,Alpine Texworld,,544825,B,ALPINETEX.BO,57.150001525878906,55345.1,FAIL,VOLUME_TOO_LOW
BSE,STOCK,ALSL,Alacrity Securities,,535916,B,ALSL.BO,42.0,33647.15,FAIL,PRICE_TOO_LOW
BSE,STOCK,ALUFLUOR,Alufluoride,,524634,B,ALUFLUOR.BO,502.0499877929688,6719.15,FAIL,VOLUME_TOO_LOW
BSE,STOCK,AMAGI,Amagi Media Labs,,544679,B,AMAGI.BO,562.0499877929688,128407.0,PASS,PASS
BSE,STOCK,AMAL,AMAL,,506597,B,AMAL.BO,750.8499755859375,5517.1,FAIL,VOLUME_TOO_LOW
BSE,STOCK,AMANAYA,Amanaya Ventures,,543804,M,AMANAYA.BO,14.800000190734863,1200.0,FAIL,PRICE_TOO_LOW
BSE,STOCK,AMANTA,Amanta Healthcare,,544502,T,AMANTA.BO,191.0,10674.35,FAIL,VOLUME_TOO_LOW
BSE,STOCK,AMARJOTHI,Amarjothi Spinning Mills,,521097,B,AMARJOTHI.BO,156.0500030517578,1839.15,FAIL,VOLUME_TOO_LOW
BSE,STOCK,AMBALALSA,Ambalal Sarabhai Enterprises,,500009,T,AMBALALSA.BO,43.880001068115234,48447.45,FAIL,PRICE_TOO_LOW
BSE,STOCK,AMBARPIL,Ambar Protein Industries,,519471,XT,AMBARPIL.BO,239.9499969482422,918.8,FAIL,VOLUME_TOO_LOW
BSE,STOCK,AMBER,Amber Enterprises,,540902,A,AMBER.BO,7410.0,19716.65,FAIL,VOLUME_TOO_LOW
BSE,STOCK,AMBICAAGAR,Ambica Agarbathies,,532335,B,532335.BO,24.600000381469727,682.35,FAIL,PRICE_TOO_LOW
BSE,STOCK,AMBIKCO,Ambika Cotton Mill,,531978,B,AMBIKCO.BO,1635.3499755859375,1433.05,FAIL,VOLUME_TOO_LOW
BSE,STOCK,AMBIT,Ambitious Plastomac,,526439,X,AMBIT.BO,8.680000305175781,276.95,FAIL,PRICE_TOO_LOW
BSE,STOCK,AMBOAGRI,AMBO Agritec,,543678,M,AMBOAGRI.BO,10.5600004196167,15800.0,FAIL,PRICE_TOO_LOW
BSE,STOCK,AMBUJACEM,Ambuja Cements,,500425,A,500425.BO,438.7000122070313,145205.1,PASS,PASS
BSE,STOCK,AMCOIND,Amco India,,530133,X,AMCOIND.BO,63.5,968.85,FAIL,VOLUME_TOO_LOW
BSE,STOCK,AMDIND,Amd Industries,,532828,B,AMDIND.BO,58.75,8208.0,FAIL,VOLUME_TOO_LOW
BSE,STOCK,AMEENJI,Ameenji Rubber,,544555,MT,AMEENJI.BO,206.1000061035156,33060.0,FAIL,VOLUME_TOO_LOW
BSE,STOCK,AMERISE,Amerise Biosciences,,531681,XT,AMERISE.BO,0.8199999928474426,65544.4,FAIL,PRICE_TOO_LOW
BSE,STOCK,AMFORG,Amforge Industries,,513117,X,AMFORG.BO,5.690000057220459,7602.4,FAIL,PRICE_TOO_LOW
BSE,STOCK,AMIC,Amic Forging,,544037,M,AMIC.BO,2173.25,73365.0,FAIL,VOLUME_TOO_LOW
BSE,STOCK,AMINTAN,Amin Tannery,,541771,XT,AMINTAN.BO,2.3299999237060547,207674.05,FAIL,PRICE_TOO_LOW
BSE,STOCK,AMITSEC,Amit Securities,,531557,X,AMITSEC.BO,44.0,144.4,FAIL,PRICE_TOO_LOW
BSE,STOCK,AMJLAND,AMJ Land Holdings,,500343,B,AMJLAND.BO,39.900001525878906,954.65,FAIL,PRICE_TOO_LOW
BSE,STOCK,AMKAY,Amkay Products,,544169,M,AMKAY.BO,51.54999923706055,10100.0,FAIL,VOLUME_TOO_LOW
BSE,STOCK,AMNPLST,Amines & Plasticizers,,506248,B,AMNPLST.BO,179.0500030517578,1011.15,FAIL,VOLUME_TOO_LOW
BSE,STOCK,AMPL,Credent Global Finance,,539598,X,AMPL.BO,28.690000534057617,72908.65,FAIL,PRICE_TOO_LOW
BSE,STOCK,AMPVOLTS,AmpVolts,,535719,X,AMPVOLTS.BO,27.1200008392334,19610.95,FAIL,PRICE_TOO_LOW
BSE,STOCK,AMRAAGRI,Amraworld Agrico,,531991,X,AMRAAGRI.BO,0.5199999809265137,65303.05,FAIL,PRICE_TOO_LOW
BSE,STOCK,AMRAFIN,Amrapali Fincap,,539265,MT,AMRAFIN.BO,23.700000762939453,1260.0,FAIL,PRICE_TOO_LOW
BSE,STOCK,AMRAPLIN,Amrapali Industries,,526241,XT,AMRAPLIN.BO,32.52000045776367,8577.8,FAIL,PRICE_TOO_LOW
BSE,STOCK,AMRUTANJAN,Amrutanjan Health Care,,590006,B,AMRUTANJAN.BO,507.2000122070313,68582.9,FAIL,VOLUME_TOO_LOW
BSE,STOCK,AMS,Ams Polymers,,540066,XT,AMS.BO,53.97999954223633,262.25,FAIL,VOLUME_TOO_LOW
BSE,STOCK,AMTL,Advance Metering Tech,,534612,X,AMTL.BO,17.5,6624.15,FAIL,PRICE_TOO_LOW
BSE,STOCK,AMWILL,Amwill Health Care,,544353,M,AMWILL.BO,43.0,13440.0,FAIL,PRICE_TOO_LOW
BSE,STOCK,ANANDRATHI,Anand Rathi Wealth,,543415,A,ANANDRATHI.BO,2204.550048828125,9695.8,FAIL,VOLUME_TOO_LOW
BSE,STOCK,ANDHRAPAP,Andhra Paper,,502330,B,ANDHRAPAP.BO,63.369998931884766,70697.05,FAIL,VOLUME_TOO_LOW
BSE,STOCK,ANDHRAPET,Andhra Petrochemicals,,500012,X,ANDHRAPET.BO,42.70000076293945,97197.05,FAIL,PRICE_TOO_LOW
BSE,STOCK,ANDHRSUGAR,Andhra Sugars,,590062,B,ANDHRSUGAR.BO,101.29000091552734,136540.0,PASS,PASS
BSE,STOCK,ANDREWYU,Andrew Yule & Company,,526173,B,ANDREWYU.BO,28.01000022888184,87794.65,FAIL,PRICE_TOO_LOW
BSE,STOCK,ANG,ANG Lifesciences,,540694,T,ANG.BO,33.43000030517578,8895.0,FAIL,PRICE_TOO_LOW
BSE,STOCK,ANGEL,Angel Fibers,,541006,M,ANGEL.BO,10.5,2000.0,FAIL,PRICE_TOO_LOW
BSE,STOCK,ANGELONE,Angel One,,543235,A,ANGELONE.BO,285.95001220703125,413134.2,PASS,PASS
BSE,STOCK,ANIKINDS,Anik Industries,,519383,B,ANIKINDS.BO,46.38999938964844,1950.2,FAIL,PRICE_TOO_LOW
BSE,STOCK,ANIRIT,Anirit Ventures,,530705,XT,ANIRIT.BO,41.5,2131.5,FAIL,PRICE_TOO_LOW
BSE,STOCK,ANIRITPP,Anirit Ventures - PP,,890231,XT,ANIRITPP.BO,21.950000762939453,3728.15,FAIL,PRICE_TOO_LOW
BSE,STOCK,ANJANI,Anjani Synthetics,,531223,X,ANJANI.BO,27.200000762939453,7861.7,FAIL,PRICE_TOO_LOW
BSE,STOCK,ANJANIFIN,Anjani Finance,,531878,X,ANJANIFIN.BO,8.100000381469727,1336.8,FAIL,PRICE_TOO_LOW
BSE,STOCK,ANJANIFOODS,Anjani Foods,,511153,XT,ANJANIFOODS.BO,17.049999237060547,3777.6,FAIL,PRICE_TOO_LOW
BSE,STOCK,ANKIN,Anka India,,531673,X,ANKIN.BO,20.31999969482422,37274.5,FAIL,PRICE_TOO_LOW
BSE,STOCK,ANKITMETAL,Ankit Metal & Power,,532870,Z,ANKITMETAL.BO,1.7400000095367432,11831.2,FAIL,PRICE_TOO_LOW
BSE,STOCK,ANL,Accretion Nutraveda,,544694,M,ANL.BO,276.0,4150.0,FAIL,VOLUME_TOO_LOW
BSE,STOCK,ANMOL,Anmol,,542437,B,ANMOL.BO,10.010000228881836,6176.7,FAIL,PRICE_TOO_LOW
BSE,STOCK,ANNAINFRA,Anna Infrastructures,,530799,X,ANNAINFRA.BO,27.049999237060547,420.1,FAIL,PRICE_TOO_LOW
BSE,STOCK,ANSALAPI,Ansal Properties & Infrastructure,,500013,Z,500013.BO,3.549999952316284,18278.75,FAIL,PRICE_TOO_LOW
BSE,STOCK,ANSALBU,Ansal Buildwell,,523007,B,ANSALBU.BO,77.0,2597.85,FAIL,VOLUME_TOO_LOW
BSE,STOCK,ANSALHSG,Ansal Housing & Construction,,507828,X,ANSALHSG.BO,5.159999847412109,39414.35,FAIL,PRICE_TOO_LOW
BSE,STOCK,ANSINDUS,ANS Industries,,531406,XT,ANSINDUS.BO,30.1299991607666,757.05,FAIL,PRICE_TOO_LOW
BSE,STOCK,ANTARIKSH,Antariksh Industries,,501270,XT,ANTARIKSH.BO,16.010000228881836,1.05,FAIL,PRICE_TOO_LOW
BSE,STOCK,ANTELOPUS,Antelopus Selan Energy,,530075,B,ANTELOPUS.BO,1014.2999877929688,132369.45,PASS,PASS
BSE,STOCK,ANTHEM,Anthem Biosciences,,544449,A,ANTHEM.BO,949.5499877929688,113374.9,PASS,PASS
BSE,STOCK,ANUBHAV,Anubhav Plast,,544800,M,ANUBHAV.BO,48.0,26480.0,FAIL,PRICE_TOO_LOW
BSE,STOCK,ANUHPHR,Anuh Pharma,,506260,B,ANUHPHR.BO,79.58999633789062,7998.6,FAIL,VOLUME_TOO_LOW
BSE,STOCK,ANUP,The Anup Engineering,,542460,B,ANUP.BO,1802.5999755859373,2052.2,FAIL,VOLUME_TOO_LOW
BSE,STOCK,ANUPAM,Anupam Finserv,,530109,X,ANUPAM.BO,1.870000004768372,133129.7,FAIL,PRICE_TOO_LOW
BSE,STOCK,ANURAS,Anupam Rasayan,,543275,A,ANURAS.BO,1238.5999755859375,3887.25,FAIL,VOLUME_TOO_LOW
BSE,STOCK,ANUROOP,Anuroop Packaging,,542865,B,ANUROOP.BO,10.75,10588.6,FAIL,PRICE_TOO_LOW
BSE,STOCK,ANVRDHI,Annvrridhhi Ventures,,538539,X,ANVRDHI.BO,8.989999771118164,7560.75,FAIL,PRICE_TOO_LOW
BSE,STOCK,APARINDS,Apar Industries,,532259,A,APARINDS.BO,17701.75,12604.05,FAIL,VOLUME_TOO_LOW
BSE,STOCK,APCL,Anjani Portland Cement,,518091,B,APCL.BO,100.0999984741211,638.0,FAIL,VOLUME_TOO_LOW
BSE,STOCK,APCOTEXIND,Apcotex Industries,,523694,B,523694.BO,529.4500122070312,8540.2,FAIL,VOLUME_TOO_LOW
BSE,STOCK,APEX,Apex Frozen Foods,,540692,B,APEX.BO,376.6000061035156,39562.55,FAIL,VOLUME_TOO_LOW
BSE,STOCK,APIS,Apis,,506166,B,APIS.BO,54.0,7820.35,FAIL,VOLUME_TOO_LOW
BSE,STOCK,APL,Asston Pharmaceuticals,,544445,MT,APL.BO,105.6500015258789,73800.0,FAIL,VOLUME_TOO_LOW
BSE,STOCK,APLAB,Aplab,,517096,X,APLAB.BO,77.62000274658203,4604.4,FAIL,VOLUME_TOO_LOW
BSE,STOCK,APLABPP,Aplab - PP,,890217,X,APLABPP.BO,59.0,5744.65,FAIL,VOLUME_TOO_LOW
BSE,STOCK,APLAPOLLO,APL Apollo Tubes,,533758,A,APLAPOLLO.BO,2151.0,22081.95,FAIL,VOLUME_TOO_LOW
BSE,STOCK,APLLTD,Alembic Pharmaceuticals,,533573,A,APLLTD.BO,804.0999755859375,27602.6,FAIL,VOLUME_TOO_LOW
BSE,STOCK,APMIN,Apm Industries,,523537,X,APMIN.BO,59.83000183105469,13051.15,FAIL,VOLUME_TOO_LOW
BSE,STOCK,APOLLO,Apollo Micro Systems,,540879,A,APOLLO.BO,383.75,366610.05,PASS,PASS
BSE,STOCK,APOLLOFI,Apollo Finvest,,512437,X,APOLLOFI.BO,401.5499877929688,1455.1,FAIL,VOLUME_TOO_LOW
BSE,STOCK,APOLLOHOSP,Apollo Hospitals,,508869,A,APOLLOHOSP.BO,8784.0,39392.05,FAIL,VOLUME_TOO_LOW
BSE,STOCK,APOLLOIN,Apollo Ingredients,,503639,XT,APOLLOIN.BO,72.58000183105469,970.55,FAIL,VOLUME_TOO_LOW
BSE,STOCK,APOLLOPIPE,Apollo Pipes,,531761,B,APOLLOPIPE.BO,612.8499755859375,64005.0,FAIL,VOLUME_TOO_LOW
BSE,STOCK,APOORVA,Apoorva Leasing Finance,,539545,B,APOORVA.BO,25.31999969482422,92.6,FAIL,PRICE_TOO_LOW
BSE,STOCK,APPL,Aptus Pharma,,544529,MT,APPL.BO,314.20001220703125,14220.0,FAIL,VOLUME_TOO_LOW
BSE,STOCK,APTECHT,Aptech,,532475,T,APTECHT.BO,90.3499984741211,6729.4,FAIL,VOLUME_TOO_LOW
BSE,STOCK,APTPACK,APT Packaging,,506979,X,APTPACK.BO,70.98999786376953,2981.55,FAIL,VOLUME_TOO_LOW
BSE,STOCK,APTUS,Aptus Value Housing Finance,,543335,A,APTUS.BO,257.3999938964844,343050.55,PASS,PASS
BSE,STOCK,AQYLON,Aqylon Nexus,,530943,B,AQYLON.BO,21.540000915527344,267322.6,FAIL,PRICE_TOO_LOW
BSE,STOCK,ARAVALIS,Aravali Securities & Finance,,512344,X,ARAVALIS.BO,4.0,298.85,FAIL,PRICE_TOO_LOW
BSE,STOCK,ARCEEIN,Arcee Industries,,520121,XT,ARCEEIN.BO,13.300000190734863,13299.0,FAIL,PRICE_TOO_LOW
BSE,STOCK,ARCFIN,ARC Finance,,540135,X,ARCFIN.BO,0.4900000095367431,1867011.2,FAIL,PRICE_TOO_LOW
BSE,STOCK,ARCHIDPLY,Archidply,,532994,B,ARCHIDPLY.BO,106.9499969482422,6944.15,FAIL,VOLUME_TOO_LOW
BSE,STOCK,ARCHITORG,Archit Organosys,,524640,XT,ARCHITORG.BO,65.19999694824219,28204.25,FAIL,VOLUME_TOO_LOW
BSE,STOCK,ARCL,ARCL Organics Ltd,,543993,B,ARCL.BO,218.8500061035156,1088.95,FAIL,VOLUME_TOO_LOW
BSE,STOCK,ARE&M,Amara Raja Energy & Mobility,,500008,A,ARE&M.BO,860.75,99032.95,FAIL,VOLUME_TOO_LOW
BSE,STOCK,ARENTERP,Rajdarshan Industries,,526662,B,ARENTERP.BO,36.29999923706055,106.2,FAIL,PRICE_TOO_LOW
BSE,STOCK,AREXMIS,Arex Industries,,526851,X,AREXMIS.BO,120.5500030517578,92.15,FAIL,VOLUME_TOO_LOW
BSE,STOCK,ARFIN,Arfin,,539151,B,ARFIN.BO,89.04000091552734,16931.0,FAIL,VOLUME_TOO_LOW
BSE,STOCK,ARIES,Aries Agro,,532935,B,ARIES.BO,497.0499877929688,8749.6,FAIL,VOLUME_TOO_LOW
BSE,STOCK,ARIGATO,Arigato Universe,,530267,X,ARIGATO.BO,59.13999938964844,790.55,FAIL,VOLUME_TOO_LOW
BSE,STOCK,ARIHANT,Arihant Foundations & Housing,,531381,B,ARIHANT.BO,922.3499755859376,2638.35,FAIL,VOLUME_TOO_LOW
BSE,STOCK,ARIHANTCAP,Arihant Capital Markets,,511605,B,ARIHANTCAP.BO,78.63999938964844,8877.3,FAIL,VOLUME_TOO_LOW
BSE,STOCK,ARIHANTSUP,Arihant Superstructures,,506194,B,ARIHANTSUP.BO,236.5500030517578,485.9,FAIL,VOLUME_TOO_LOW
BSE,STOCK,ARIS,Arisinfra Solutions,,544419,B,ARIS.BO,129.10000610351562,127802.0,PASS,PASS
BSE,STOCK,ARISE,Arihants Securities,,531017,X,ARISE.BO,19.57999992370605,1341.4,FAIL,PRICE_TOO_LOW
BSE,STOCK,ARITAS,Aritas Vinyl,,544683,M,ARITAS.BO,13.25,11400.0,FAIL,PRICE_TOO_LOW
BSE,STOCK,ARKADE,Arkade Developers,,544261,B,ARKADE.BO,123.9499969482422,16152.3,FAIL,VOLUME_TOO_LOW
BSE,STOCK,ARL,Anand Rayons,,542721,B,ARL.BO,41.97999954223633,24721.25,FAIL,PRICE_TOO_LOW
BSE,STOCK,ARMAN,Arman Holdings,,538556,X,ARMAN.BO,116.8499984741211,14786.35,FAIL,VOLUME_TOO_LOW
BSE,STOCK,ARMANFIN,Arman Financial Services,,531179,B,ARMANFIN.BO,1998.949951171875,2210.7,FAIL,VOLUME_TOO_LOW
BSE,STOCK,ARNOLD,Arnold Holdings,,537069,X,ARNOLD.BO,13.899999618530272,6278.9,FAIL,PRICE_TOO_LOW
BSE,STOCK,AROGRANITE,Aro Granite Industries,,513729,B,AROGRANITE.BO,24.11000061035156,1011.0,FAIL,PRICE_TOO_LOW
BSE,STOCK,ARROWGREEN,Arrow Greentech,,516064,T,ARROWGREEN.BO,776.75,5773.55,FAIL,VOLUME_TOO_LOW
BSE,STOCK,ARROWHEAD,Arrowhead Seperation Engineering,,544025,M,ARROWHEAD.BO,76.0,480.0,FAIL,VOLUME_TOO_LOW
BSE,STOCK,ARSHIYA,Arshiya,,506074,Z,ARSHIYA.BO,0.7300000190734863,78394.3,FAIL,PRICE_TOO_LOW
BSE,STOCK,ARSSBL,Anand Rathi Share & Stock Brokers,,544530,B,ARSSBL.BO,515.1500244140625,12321.95,FAIL,VOLUME_TOO_LOW
BSE,STOCK,ARTEFACT,Artefact Projects,,531297,X,ARTEFACT.BO,55.0,5200.15,FAIL,VOLUME_TOO_LOW
BSE,STOCK,ARTEMISADR,Artemis ADR Marketplace,,543286,MT,ARTEMISADR.BO,101.5500030517578,0.0,FAIL,VOLUME_TOO_LOW
BSE,STOCK,ARTEMISMED,Artemis Medicare Services,,542919,B,542919.BO,319.79998779296875,26788.65,FAIL,VOLUME_TOO_LOW
BSE,STOCK,ARTSON,Artson,,522134,X,ARTSON.BO,161.14999389648438,10040.35,FAIL,VOLUME_TOO_LOW
BSE,STOCK,ARUNAHTEL,Aruna Hotels,,500016,X,ARUNAHTEL.BO,7.480000019073486,4518.95,FAIL,PRICE_TOO_LOW
BSE,STOCK,ARVAYA,Arvaya Healthcare,,524723,XT,ARVAYA.BO,125.0,760.85,FAIL,VOLUME_TOO_LOW
BSE,STOCK,ARVINDFASN,Arvind Fashions,,542484,A,ARVINDFASN.BO,453.5499877929688,12639.2,FAIL,VOLUME_TOO_LOW
BSE,STOCK,ARVSMART,Arvind SmartSpaces,,539301,B,ARVSMART.BO,637.0,29375.15,FAIL,VOLUME_TOO_LOW
BSE,STOCK,ARYACAPM,Aryaman Capital Markets,,538716,B,ARYACAPM.BO,420.0,895.05,FAIL,VOLUME_TOO_LOW
BSE,STOCK,ARYAMAN,Aryaman Financial Services,,530245,B,ARYAMAN.BO,615.0,208.05,FAIL,VOLUME_TOO_LOW
BSE,STOCK,ARYAN,Aryan Share & Stock Brokers,,542176,X,ARYAN.BO,18.40999984741211,576.05,FAIL,PRICE_TOO_LOW
BSE,STOCK,ASAHIINDIA,Asahi India Glass,,515030,A,ASAHIINDIA.BO,961.2999877929688,17129.5,FAIL,VOLUME_TOO_LOW
BSE,STOCK,ASAHISONG,Asahi Songwon Colors,,532853,T,ASAHISONG.BO,370.9500122070313,2138.95,FAIL,VOLUME_TOO_LOW
BSE,STOCK,ASALCBR,Associated Alcohols & Breweries,,507526,B,ASALCBR.BO,696.9000244140625,2266.9,FAIL,VOLUME_TOO_LOW
BSE,STOCK,ASARFI,Asarfi Hospital,,543943,M,ASARFI.BO,196.3999938964844,58150.0,FAIL,VOLUME_TOO_LOW
BSE,STOCK,ASCENSIVE,Ascensive Educare,,543443,MS,ASCENSIVE.BO,16.149999618530273,27500.0,FAIL,PRICE_TOO_LOW
BSE,STOCK,ASGARD,Asgard Alcobev,,512025,X,ASGARD.BO,33.459999084472656,33250.8,FAIL,PRICE_TOO_LOW
BSE,STOCK,ASHAI,Ashiana Agro Industries,,519174,XT,ASHAI.BO,11.399999618530272,135.35,FAIL,PRICE_TOO_LOW
BSE,STOCK,ASHAPURMIN,Ashapura Minechem,,527001,A,ASHAPURMIN.BO,548.4000244140625,82836.65,FAIL,VOLUME_TOO_LOW
BSE,STOCK,ASHCAP,Ashirwad Capital,,512247,X,ASHCAP.BO,2.680000066757202,37001.3,FAIL,PRICE_TOO_LOW
BSE,STOCK,ASHIANA,Ashiana Housing,,523716,B,ASHIANA.BO,367.7999877929688,2992.1,FAIL,VOLUME_TOO_LOW
BSE,STOCK,ASHIKAG,Ashika Global Securities,,543766,T,ASHIKAG.BO,424.1499938964844,4241.9,FAIL,VOLUME_TOO_LOW
BSE,STOCK,ASHIMASYN,Ashima,,514286,B,ASHIMASYN.BO,17.520000457763672,16955.35,FAIL,PRICE_TOO_LOW
BSE,STOCK,ASHISHPO,Ashish Polyplast,,530429,X,ASHISHPO.BO,26.56999969482422,2600.05,FAIL,PRICE_TOO_LOW
BSE,STOCK,ASHNI,Ashnisha Industries,,541702,XT,ASHNI.BO,2.759999990463257,2934078.9,FAIL,PRICE_TOO_LOW
BSE,STOCK,ASHNOOR,Ashnoor Textile Mills,,507872,X,ASHNOOR.BO,47.470001220703125,3238.15,FAIL,PRICE_TOO_LOW
BSE,STOCK,ASHOKA,Ashoka Buildcon,,533271,A,ASHOKA.BO,117.3000030517578,281940.8,PASS,PASS
BSE,STOCK,ASHOKAMET,Ashoka Metcast,,540923,B,ASHOKAMET.BO,13.829999923706056,2672.95,FAIL,PRICE_TOO_LOW
BSE,STOCK,ASHRAM,Ashram Online.Com,,526187,X,ASHRAM.BO,6.150000095367432,1609.75,FAIL,PRICE_TOO_LOW
BSE,STOCK,ASHSI,Ashirwad Steels & Industries,,526847,X,ASHSI.BO,23.59000015258789,1480.75,FAIL,PRICE_TOO_LOW
BSE,STOCK,ASIACAP,Asia Capital,,538777,XT,ASIACAP.BO,112.3000030517578,329.0,FAIL,VOLUME_TOO_LOW
BSE,STOCK,ASIAN,Asian Warehousing,,543927,X,ASIAN.BO,32.90999984741211,1748.8,FAIL,PRICE_TOO_LOW
BSE,STOCK,ASIANENE,Asian Energy Services,,530355,B,ASIANENE.BO,523.25,43350.2,FAIL,VOLUME_TOO_LOW
BSE,STOCK,ASIANHOTNR,Asian Hotels (North),,500023,B,500023.BO,293.8500061035156,1198.45,FAIL,VOLUME_TOO_LOW
BSE,STOCK,ASIANTILES,Asian Granito,,532888,B,ASIANTILES.BO,50.0,226538.5,PASS,PASS
BSE,STOCK,ASIANTNE,Asian Tea & Exports,,519532,B,ASIANTNE.BO,9.68000030517578,9968.35,FAIL,PRICE_TOO_LOW
BSE,STOCK,ASIAPAK,Asia Pack,,530899,X,ASIAPAK.BO,55.0,26.05,FAIL,VOLUME_TOO_LOW
BSE,STOCK,ASIIL,ASI Industries,,502015,X,ASIIL.BO,24.75,16957.4,FAIL,PRICE_TOO_LOW
BSE,STOCK,ASINPET,Asian Petroproducts & Exports,,524434,X,ASINPET.BO,11.199999809265137,17872.3,FAIL,PRICE_TOO_LOW
BSE,STOCK,ASITCFIN,Asit C Mehta Financial Services,,530723,X,ASITCFIN.BO,107.6999969482422,2271.9,FAIL,VOLUME_TOO_LOW
BSE,STOCK,ASKAUTOLTD,ASK Automotive,,544022,B,ASKAUTOLTD.BO,632.5499877929688,20228.65,FAIL,VOLUME_TOO_LOW
BSE,STOCK,ASMTEC,ASM Technologies,,526433,B,ASMTEC.BO,4991.2001953125,20634.3,FAIL,VOLUME_TOO_LOW
BSE,STOCK,ASPIRA,Aspira Pathlab,,540788,XT,ASPIRA.BO,93.0,780.4,FAIL,VOLUME_TOO_LOW
BSE,STOCK,ASRL,Add Shop e-Retail,,541865,X,ASRL.BO,5.940000057220459,21754.2,FAIL,PRICE_TOO_LOW
BSE,STOCK,ASSAMENT,Assam Entrade,,542911,B,ASSAMENT.BO,805.5,3.85,FAIL,VOLUME_TOO_LOW
BSE,STOCK,ASSOCER,Associated Ceramics,,531168,X,ASSOCER.BO,161.5,155.0,FAIL,VOLUME_TOO_LOW
BSE,STOCK,ASSOCIATED,Associated Coaters,,544183,M,ASSOCIATED.BO,111.0,150.0,FAIL,VOLUME_TOO_LOW
BSE,STOCK,ASTALLTD,Astal Laboratories,,512600,X,ASTALLTD.BO,79.44000244140625,20035.2,FAIL,VOLUME_TOO_LOW
BSE,STOCK,ASTAR,Asian Star,,531847,B,ASTAR.BO,580.0,34.9,FAIL,VOLUME_TOO_LOW
BSE,STOCK,ASTEC,Astec Lifesciences,,533138,B,ASTEC.BO,574.9000244140625,1969.9,FAIL,VOLUME_TOO_LOW
BSE,STOCK,ASTERDM,Aster DM Quality Care,,540975,A,ASTERDM.BO,786.9000244140625,599268.95,PASS,PASS
BSE,STOCK,ASTONEALAB,Astonea Labs,,544409,MT,ASTONEALAB.BO,270.0,1850.0,FAIL,VOLUME_TOO_LOW
BSE,STOCK,ASTRAL,Astral,,532830,A,ASTRAL.BO,1483.0999755859375,74199.6,FAIL,VOLUME_TOO_LOW
BSE,STOCK,ASTRAMICRO,Astra Microwave Products,,532493,A,532493.BO,1722.800048828125,41715.5,FAIL,VOLUME_TOO_LOW
BSE,STOCK,ASTRAZEN,AstraZeneca Pharma,,506820,A,ASTRAZEN.BO,6946.9501953125,638.3,FAIL,VOLUME_TOO_LOW
BSE,STOCK,ASTRON,Astron Paper & Board Mill,,540824,Z,ASTRON.BO,3.0899999141693115,7282.35,FAIL,PRICE_TOO_LOW
BSE,STOCK,ASTRONMULT,Astron Multigrain,,544628,M,ASTRONMULT.BO,18.600000381469727,29700.0,FAIL,PRICE_TOO_LOW
BSE,STOCK,ATALREAL,Atal Realtech,,543911,B,ATALREAL.BO,25.899999618530277,262273.9,FAIL,PRICE_TOO_LOW
BSE,STOCK,ATAM,Atam Valves,,543236,B,ATAM.BO,54.81999969482422,3656.85,FAIL,VOLUME_TOO_LOW
BSE,STOCK,ATENPAPERS,Aten Papers & Foam,,544417,M,ATENPAPERS.BO,20.0,2520.0,FAIL,PRICE_TOO_LOW
BSE,STOCK,ATGL,Adani Total Gas,,542066,A,ATGL.BO,611.9500122070312,118822.75,PASS,PASS
BSE,STOCK,ATHARVA,Atharva Polyplast,,544812,M,ATHARVA.BO,91.4800033569336,73300.0,FAIL,VOLUME_TOO_LOW
BSE,STOCK,ATHARVENT,Atharv Enterprises,,530187,XT,ATHARVENT.BO,4.0,24644.2,FAIL,PRICE_TOO_LOW
BSE,STOCK,ATHCON,Athena Constructions,,539099,M,ATHCON.BO,4.010000228881836,0.0,FAIL,PRICE_TOO_LOW
BSE,STOCK,ATHENAGLO,Athena Global Technologies,,517429,X,ATHENAGLO.BO,55.34999847412109,759.15,FAIL,VOLUME_TOO_LOW
BSE,STOCK,ATHERENERG,Ather Energy,,544397,A,ATHERENERG.BO,1636.0999755859375,380375.9,PASS,PASS
BSE,STOCK,ATIL,Apollo Techno Industries,,544671,M,ATIL.BO,98.5,7700.0,FAIL,VOLUME_TOO_LOW
BSE,STOCK,ATISHAY,Atishay,,538713,X,ATISHAY.BO,147.3000030517578,2872.9,FAIL,VOLUME_TOO_LOW
BSE,STOCK,ATL,Allcargo Terminals,,543954,B,ATL.BO,24.34000015258789,34739.2,FAIL,PRICE_TOO_LOW
BSE,STOCK,ATLANTAA,Atlantaa,,532759,B,ATLANTAA.BO,39.34999847412109,12510.7,FAIL,PRICE_TOO_LOW
BSE,STOCK,ATLANTAELE,Atlanta Electricals,,544527,B,ATLANTAELE.BO,1886.25,15344.55,FAIL,VOLUME_TOO_LOW
BSE,STOCK,ATLASCYCLE,Atlas Cycle (Haryana),,505029,B,505029.BO,99.18000030517578,665.05,FAIL,VOLUME_TOO_LOW
BSE,STOCK,ATLPP,Allcargo Terminals - PP,,890228,B,ATLPP.BO,9.0,3179.95,FAIL,PRICE_TOO_LOW
BSE,STOCK,ATUL,Atul,,500027,A,500027.BO,6145.14990234375,9787.2,FAIL,VOLUME_TOO_LOW
BSE,STOCK,ATVOENT,Atvo Enterprises,,532090,X,ATVOENT.BO,37.630001068115234,111920.9,FAIL,PRICE_TOO_LOW
BSE,STOCK,ATVPR,Atv Projects,,500028,X,ATVPR.BO,25.479999542236328,19511.45,FAIL,PRICE_TOO_LOW
BSE,STOCK,AUBANK,AU Small Finance Bank,,540611,A,AUBANK.BO,1071.1500244140625,57360.55,FAIL,VOLUME_TOO_LOW
BSE,STOCK,AUDROC,AUDROC,,530889,XT,AUDROC.BO,15.619999885559082,428.45,FAIL,PRICE_TOO_LOW
BSE,STOCK,AUREATE,Aureate Tradde,,544772,M,AUREATE.BO,38.5,33200.0,FAIL,PRICE_TOO_LOW
BSE,STOCK,AURIQUE,Aurique,,517230,XT,AURIQUE.BO,15.550000190734863,57.1,FAIL,PRICE_TOO_LOW
BSE,STOCK,AUROLAB,Auro Laboratories,,530233,X,AUROLAB.BO,255.0500030517578,5342.25,FAIL,VOLUME_TOO_LOW
BSE,STOCK,AUROPHARMA,Aurobindo Pharma,,524804,A,524804.BO,1534.050048828125,41684.9,FAIL,VOLUME_TOO_LOW
BSE,STOCK,AURUM,Aurum PropTech,,539289,B,AURUM.BO,224.3500061035156,7164.15,FAIL,VOLUME_TOO_LOW
BSE,STOCK,AURUS,Aurus Gem Corporation,,534532,B,AURUS.BO,4.739999771118164,3835.25,FAIL,PRICE_TOO_LOW
BSE,STOCK,AUSOMENT,AuSom Enterprise,,509009,B,AUSOMENT.BO,159.0,1052.0,FAIL,VOLUME_TOO_LOW
BSE,STOCK,AUSTENG,Austin Engineering Company,,522005,B,AUSTENG.BO,122.6500015258789,3921.05,FAIL,VOLUME_TOO_LOW
BSE,STOCK,AUSTERE,Austere Systems,,544505,M,AUSTERE.BO,41.09999847412109,10500.0,FAIL,PRICE_TOO_LOW
BSE,STOCK,AUTOAXLES,Automotive Axles,,505010,B,AUTOAXLES.BO,1714.699951171875,484.5,FAIL,VOLUME_TOO_LOW
BSE,STOCK,AUTOIND,Autoline Industries,,532797,B,AUTOIND.BO,92.9499969482422,28815.95,FAIL,VOLUME_TOO_LOW
BSE,STOCK,AUTOINT,Autoriders International,,512277,X,AUTOINT.BO,304.6499938964844,716.0,FAIL,VOLUME_TOO_LOW
BSE,STOCK,AUTOPINS,Auto Pins,,531994,X,AUTOPINS.BO,110.6999969482422,478.15,FAIL,VOLUME_TOO_LOW
BSE,STOCK,AVADHSUGAR,Avadh Sugar & Energy,,540649,B,AVADHSUGAR.BO,829.9500122070312,19686.85,FAIL,VOLUME_TOO_LOW
BSE,STOCK,AVAILFC,Available Finance,,531310,B,AVAILFC.BO,145.35000610351562,10179.1,FAIL,VOLUME_TOO_LOW
BSE,STOCK,AVALON,Avalon Technologies,,543896,A,AVALON.BO,2247.449951171875,30398.6,FAIL,VOLUME_TOO_LOW
BSE,STOCK,AVANCE,Avance Technologies,,512149,B,AVANCE.BO,0.8199999928474426,5755167.8,FAIL,PRICE_TOO_LOW
BSE,STOCK,AVANTEL,Avantel,,532406,A,AVANTEL.BO,156.5,79239.8,FAIL,VOLUME_TOO_LOW
BSE,STOCK,AVANTIFEED,Avanti Feeds,,512573,A,AVANTIFEED.BO,795.2999877929688,31916.15,FAIL,VOLUME_TOO_LOW
BSE,STOCK,AVAX,Avax Apparels and Ornaments,,544337,MT,AVAX.BO,36.790000915527344,6600.0,FAIL,PRICE_TOO_LOW
BSE,STOCK,AVEER,Aveer Foods,,543737,X,AVEER.BO,553.5,699.9,FAIL,VOLUME_TOO_LOW
BSE,STOCK,AVG,AVG Logistics,,543910,T,AVG.BO,172.0500030517578,6022.05,FAIL,VOLUME_TOO_LOW
BSE,STOCK,AVIVA,Aviva Industries,,512109,X,AVIVA.BO,60.900001525878906,0.5,FAIL,VOLUME_TOO_LOW
BSE,STOCK,AVL,Aditya Vision,,540205,A,AVL.BO,600.5499877929688,22782.5,FAIL,VOLUME_TOO_LOW
BSE,STOCK,AVONMORE,Avonmore Capital & Management Services,,511589,B,AVONMORE.BO,13.229999542236328,31369.25,FAIL,PRICE_TOO_LOW
BSE,STOCK,AVROIND,Avro,,543512,B,AVROIND.BO,9.5,278071.95,FAIL,PRICE_TOO_LOW
BSE,STOCK,AWFIS,Awfis Space Solutions,,544181,A,AWFIS.BO,256.3500061035156,20899.3,FAIL,VOLUME_TOO_LOW
BSE,STOCK,AWHCL,Antony Waste Handling Cell,,543254,B,AWHCL.BO,371.5499877929688,7834.45,FAIL,VOLUME_TOO_LOW
BSE,STOCK,AWL,AWL Agri Business,,543458,A,AWL.BO,190.75,334743.05,PASS,PASS
BSE,STOCK,AXELPOLY,Axel Polymers,,513642,X,AXELPOLY.BO,50.31999969482422,1798.5,FAIL,VOLUME_TOO_LOW
BSE,STOCK,AXISBANK,Axis Bank,,532215,A,AXISBANK.BO,1266.1500244140625,264507.8,PASS,PASS
BSE,STOCK,AXISCADES,Axiscades Engineering Technologies,,532395,B,AXISCADES.BO,1728.5,8836.25,FAIL,VOLUME_TOO_LOW
BSE,STOCK,AXISOL,Axis Solutions,,511144,XT,AXISOL.BO,545.9000244140625,11790.95,FAIL,VOLUME_TOO_LOW
BSE,STOCK,AXITA,Axita Cotton,,542285,B,AXITA.BO,8.020000457763672,239162.45,FAIL,PRICE_TOO_LOW
BSE,STOCK,AXTEL,Axtel Industries,,523850,B,AXTEL.BO,394.6499938964844,2952.6,FAIL,VOLUME_TOO_LOW
BSE,STOCK,AYE,Aye Finance,,544699,B,AYE.BO,181.3000030517578,1273355.5,PASS,PASS
BSE,STOCK,AYMSYNTEX,AYM Syntex,,508933,B,AYMSYNTEX.BO,318.3999938964844,22539.8,FAIL,VOLUME_TOO_LOW
BSE,STOCK,AZAD,Azad Engineering,,544061,A,AZAD.BO,2765.75,41928.95,FAIL,VOLUME_TOO_LOW
BSE,STOCK,AZADIND,Azad India Mobility,,504731,B,AZADIND.BO,89.94999694824219,16491.65,FAIL,VOLUME_TOO_LOW
BSE,STOCK,AZTEC,Aztec Fluids & Machinery,,544177,M,AZTEC.BO,95.62999725341795,9650.0,FAIL,VOLUME_TOO_LOW
BSE,STOCK,B2BSOFT,B2B Software Technologies,,531268,X,B2BSOFT.BO,22.920000076293945,15954.55,FAIL,PRICE_TOO_LOW
BSE,STOCK,BABA,Baba Arts,,532380,X,BABA.BO,14.0,27944.2,FAIL,PRICE_TOO_LOW
BSE,STOCK,BACPHAR,Bacil Pharma,,524516,X,BACPHAR.BO,14.579999923706056,125874.15,FAIL,PRICE_TOO_LOW
BSE,STOCK,BAFNAPH,Bafna Pharmaceuticals,,532989,T,BAFNAPH.BO,302.54998779296875,8275.0,FAIL,VOLUME_TOO_LOW
BSE,STOCK,BAGFILMS,BAG Films & Media,,532507,B,BAGFILMS.BO,4.349999904632568,21075.0,FAIL,PRICE_TOO_LOW
BSE,STOCK,BAIDFIN,Baid Finserv,,511724,B,BAIDFIN.BO,10.119999885559082,15370.45,FAIL,PRICE_TOO_LOW
BSE,STOCK,BAIKAKAJI,Bai Kakaji Polymers,,544670,MT,BAIKAKAJI.BO,313.0,62250.0,FAIL,VOLUME_TOO_LOW
BSE,STOCK,BAJAJ-AUTO,Bajaj Auto,,532977,A,BAJAJ-AUTO.BO,12015.0,15928.15,FAIL,VOLUME_TOO_LOW
BSE,STOCK,BAJAJCON,Bajaj Consumer Care,,533229,A,BAJAJCON.BO,508.3999938964844,37980.2,FAIL,VOLUME_TOO_LOW
BSE,STOCK,BAJAJELEC,Bajaj Electricals,,500031,A,500031.BO,330.8500061035156,30120.05,FAIL,VOLUME_TOO_LOW
BSE,STOCK,BAJAJFINSV,Bajaj Finserv,,532978,A,BAJAJFINSV.BO,1958.0,74820.0,FAIL,VOLUME_TOO_LOW
BSE,STOCK,BAJAJHCARE,Bajaj HealthCare,,539872,B,BAJAJHCARE.BO,326.95001220703125,6724.95,FAIL,VOLUME_TOO_LOW
BSE,STOCK,BAJAJHFL,Bajaj Housing Finance,,544252,A,BAJAJHFL.BO,82.91999816894531,307969.6,PASS,PASS
BSE,STOCK,BAJAJHLDNG,Bajaj Holdings & Investments,,500490,A,500490.BO,10392.2001953125,2729.85,FAIL,VOLUME_TOO_LOW
BSE,STOCK,BAJAJINDEF,Indef Manufacturing,,544364,B,BAJAJINDEF.BO,219.3500061035156,1685.45,FAIL,VOLUME_TOO_LOW
BSE,STOCK,BAJAJST,Bajaj Steel Industries,,507944,B,BAJAJST.BO,362.2999877929688,5041.7,FAIL,VOLUME_TOO_LOW
BSE,STOCK,BAJEL,Bajel Projects,,544042,B,BAJEL.BO,185.6999969482422,24727.25,FAIL,VOLUME_TOO_LOW
BSE,STOCK,BAJFINANCE,Bajaj Finance,,500034,A,500034.BO,1055.699951171875,751549.65,PASS,PASS
BSE,STOCK,BALAJEE,Shree Tirupati Balajee Agro,,544249,B,BALAJEE.BO,26.239999771118164,4795.55,FAIL,PRICE_TOO_LOW
BSE,STOCK,BALAJITELE,Balaji Telefilms,,532382,B,BALAJITELE.BO,91.23999786376952,26567.55,FAIL,VOLUME_TOO_LOW
BSE,STOCK,BALAMINES,Balaji Amines,,530999,B,BALAMINES.BO,2417.550048828125,13950.3,FAIL,VOLUME_TOO_LOW
BSE,STOCK,BALGOPAL,Balgopal Commercial,,539834,X,BALGOPAL.BO,197.8000030517578,808.05,FAIL,VOLUME_TOO_LOW
BSE,STOCK,BALKRISHNA,Balkrishna Paper Mills,,539251,B,BALKRISHNA.BO,17.709999084472656,2325.85,FAIL,PRICE_TOO_LOW
BSE,STOCK,BALKRISIND,Balkrishna Industries,,502355,A,502355.BO,2067.300048828125,17039.05,FAIL,VOLUME_TOO_LOW
BSE,STOCK,BALMLAWRIE,Balmer Lawrie & Co,,523319,B,BALMLAWRIE.BO,177.1999969482422,12297.05,FAIL,VOLUME_TOO_LOW
BSE,STOCK,BALPHARMA,Bal Pharma,,524824,B,BALPHARMA.BO,88.2300033569336,1386.9,FAIL,VOLUME_TOO_LOW
BSE,STOCK,BALTE,Balurghat Technologies,,520127,X,BALTE.BO,12.609999656677246,4488.0,FAIL,PRICE_TOO_LOW
BSE,STOCK,BALUFORGE,Balu Forge Industries,,531112,A,BALUFORGE.BO,570.0,158970.6,PASS,PASS
BSE,STOCK,BAMBINO,Bambino Agro Industries,,519295,X,BAMBINO.BO,220.5,1607.65,FAIL,VOLUME_TOO_LOW
BSE,STOCK,BAMPSL,Bampsl Securities,,531591,X,BAMPSL.BO,18.299999237060547,3590.8,FAIL,PRICE_TOO_LOW
BSE,STOCK,BANARBEADS,Banaras Beads,,526849,B,BANARBEADS.BO,114.0,648.8,FAIL,VOLUME_TOO_LOW
BSE,STOCK,BANARISUG,Bannari Amman Sugars,,500041,B,500041.BO,3461.0,17.5,FAIL,VOLUME_TOO_LOW
BSE,STOCK,BANASFN,Banas Finance,,509053,X,BANASFN.BO,7.300000190734863,24647.3,FAIL,PRICE_TOO_LOW
BSE,STOCK,BANCOINDIA,Banco Products,,500039,A,500039.BO,660.2999877929688,12154.5,FAIL,VOLUME_TOO_LOW
BSE,STOCK,BANDARAM,Bandaram Pharma Packtech,,524602,X,BANDARAM.BO,20.75,6651.65,FAIL,PRICE_TOO_LOW
BSE,STOCK,BANDHANBNK,Bandhan Bank,,541153,A,BANDHANBNK.BO,164.1999969482422,571528.05,PASS,PASS
BSE,STOCK,BANG,Bang Overseas,,532946,B,BANG.BO,33.58000183105469,77320.8,FAIL,PRICE_TOO_LOW
BSE,STOCK,BANKBARODA,Bank of Baroda,,532134,A,532134.BO,246.6499938964844,558743.9,PASS,PASS
BSE,STOCK,BANKINDIA,Bank of India,,532149,A,BANKINDIA.BO,145.0,219652.5,PASS,PASS
BSE,STOCK,BANSALWIRE,Bansal Wire Industries,,544209,B,BANSALWIRE.BO,318.6000061035156,6063.65,FAIL,VOLUME_TOO_LOW
BSE,STOCK,BANSWRAS,Banswara Syntex,,503722,B,BANSWRAS.BO,118.0999984741211,2468.35,FAIL,VOLUME_TOO_LOW
BSE,STOCK,BAPACK,B&A Packaging,,523186,X,BAPACK.BO,198.3999938964844,506.45,FAIL,VOLUME_TOO_LOW
BSE,STOCK,BARODARY,Baroda Rayon,,500270,X,BARODARY.BO,124.9499969482422,1674.6,FAIL,VOLUME_TOO_LOW
BSE,STOCK,BAROEXT,Baroda Extrusion,,513502,X,BAROEXT.BO,9.93000030517578,276451.35,FAIL,PRICE_TOO_LOW
BSE,STOCK,BASANTGL,Basant Agro Tech,,524687,X,BASANTGL.BO,11.43000030517578,43353.0,FAIL,PRICE_TOO_LOW
BSE,STOCK,BASML,Bannari Amman Spinning Mills,,532674,T,532674.BO,26.649999618530277,17531.15,FAIL,PRICE_TOO_LOW
BSE,STOCK,BATAINDIA,Bata,,500043,A,500043.BO,693.5,65999.9,FAIL,VOLUME_TOO_LOW
BSE,STOCK,BATLIBOI,Batliboi,,522004,B,BATLIBOI.BO,88.66000366210938,14280.25,FAIL,VOLUME_TOO_LOW
BSE,STOCK,BAYERCROP,Bayer Crop Science,,506285,A,BAYERCROP.BO,3955.5,1173.8,FAIL,VOLUME_TOO_LOW
BSE,STOCK,BAZELINTER,Bazel International,,539946,XT,BAZELINTER.BO,23.030000686645508,22609.8,FAIL,PRICE_TOO_LOW
BSE,STOCK,BBOX,Black Box,,500463,A,BBOX.BO,720.9500122070312,29922.9,FAIL,VOLUME_TOO_LOW
BSE,STOCK,BBTC,Bombay Burmah Trading,,501425,A,501425.BO,1498.4000244140625,2557.85,FAIL,VOLUME_TOO_LOW
BSE,STOCK,BBTCL,B&B Triplewall Containers,,543668,B,BBTCL.BO,227.1499938964844,2279.3,FAIL,VOLUME_TOO_LOW
BSE,STOCK,BCCFUBA,BCC Fuba,,517246,X,BCCFUBA.BO,218.0500030517578,49110.25,FAIL,VOLUME_TOO_LOW
BSE,STOCK,BCCL,Bhatia Colour Chem,,543497,M,BCCL.BO,31.0,35980.0,FAIL,PRICE_TOO_LOW
BSE,STOCK,BCG,Brightcom Group,,532368,B,BCG.BO,9.0,679728.3,FAIL,PRICE_TOO_LOW
BSE,STOCK,BCLIND,BCL Industries,,524332,B,BCLIND.BO,36.20000076293945,64424.2,FAIL,PRICE_TOO_LOW
BSE,STOCK,BCONCEPTS,Brand Concepts,,543442,B,BCONCEPTS.BO,165.35000610351562,1286.85,FAIL,VOLUME_TOO_LOW
BSE,STOCK,BCP,BC Power Controls,,537766,X,BCP.BO,1.7400000095367432,83763.15,FAIL,PRICE_TOO_LOW
BSE,STOCK,BCPL,BCPL Railway Infrastructure,,542057,B,BCPL.BO,68.0,2678.5,FAIL,VOLUME_TOO_LOW
BSE,STOCK,BDH,BDH Industries,,524828,X,BDH.BO,511.5,1746.2,FAIL,VOLUME_TOO_LOW
BSE,STOCK,BDI,BD Industries (Pune),,544468,M,BDI.BO,108.5,4920.0,FAIL,VOLUME_TOO_LOW
BSE,STOCK,BDL,Bharat Dynamics,,541143,A,BDL.BO,1256.5,152772.9,PASS,PASS
BSE,STOCK,BECTORFOOD,Mrs. Bectors Food,,543253,B,BECTORFOOD.BO,229.3999938964844,360783.75,PASS,PASS
BSE,STOCK,BEDMUTHA,Bedmutha Industries,,533270,B,BEDMUTHA.BO,110.4499969482422,608.5,FAIL,VOLUME_TOO_LOW
BSE,STOCK,BEEKAY,Beekay Steel Indus,,539018,B,BEEKAY.BO,420.6000061035156,1153.75,FAIL,VOLUME_TOO_LOW
BSE,STOCK,BEEYU,Beeyu Overseas,,532645,X,BEEYU.BO,3.0,4542.1,FAIL,PRICE_TOO_LOW
BSE,STOCK,BEEZAASAN,Beezaasan Explotech,,544369,MT,BEEZAASAN.BO,561.8499755859375,21080.0,FAIL,VOLUME_TOO_LOW
BSE,STOCK,BEFOUNDMOL,Befound Movement,,511585,XT,BEFOUNDMOL.BO,3.7100000381469727,676.95,FAIL,PRICE_TOO_LOW
BSE,STOCK,BELDING,Belding,,513307,X,BELDING.BO,1040.5,30613.35,FAIL,VOLUME_TOO_LOW
BSE,STOCK,BELLACASA,Bella Casa Fashion & Retail,,539399,B,BELLACASA.BO,240.8000030517578,1970.9,FAIL,VOLUME_TOO_LOW
BSE,STOCK,BELRISE,Belrise Industries,,544405,A,BELRISE.BO,238.0500030517578,370467.55,PASS,PASS
BSE,STOCK,BEMHY,Bemco Hydraulics,,522650,X,BEMHY.BO,109.0500030517578,12588.45,FAIL,VOLUME_TOO_LOW
BSE,STOCK,BENARA,Benara Bearings,,541178,MT,BENARA.BO,10.5,0.0,FAIL,PRICE_TOO_LOW
BSE,STOCK,BENARAS,Benares Hotels,,509438,B,BENARAS.BO,10200.0,117.2,FAIL,VOLUME_TOO_LOW
BSE,STOCK,BENCHMARK,Benchmark Computer Soluti,,544052,MT,BENCHMARK.BO,45.0,4800.0,FAIL,PRICE_TOO_LOW
BSE,STOCK,BENGALASM,Bengal & Assam,,533095,B,BENGALASM.BO,6424.85009765625,126.3,FAIL,VOLUME_TOO_LOW
BSE,STOCK,BENGALS,Bengal Steel Industries,,512404,P,512404.BO,0.050000000745058,0.0,FAIL,PRICE_TOO_LOW
BSE,STOCK,BENGALT,Bengal Tea & Fabrics,,532230,X,BENGALT.BO,142.39999389648438,373.2,FAIL,VOLUME_TOO_LOW
BSE,STOCK,BENTCOM,Bentley Commercial Enterp,,512195,P,BENTCOM.BO,4.050000190734863,0.0,FAIL,PRICE_TOO_LOW
BSE,STOCK,BERLDRG,Beryl Drugs,,524606,X,BERLDRG.BO,23.84000015258789,2276.55,FAIL,PRICE_TOO_LOW
BSE,STOCK,BERVINL,Bervin Investment & Leasing,,531340,X,BERVINL.BO,52.9900016784668,333.8,FAIL,VOLUME_TOO_LOW
BSE,STOCK,BERYLSE,Beryl Securities,,531582,X,BERYLSE.BO,29.739999771118164,676.15,FAIL,PRICE_TOO_LOW
BSE,STOCK,BESTAGRO,Best Agrolife,,539660,B,BESTAGRO.BO,20.36000061035156,140023.75,FAIL,PRICE_TOO_LOW
BSE,STOCK,BESTEAST,Best Eastern Hotels,,508664,XT,BESTEAST.BO,16.5,6177.85,FAIL,PRICE_TOO_LOW
BSE,STOCK,BETALA,Betala Global Securities,,531530,XT,BETALA.BO,6.179999828338623,0.0,FAIL,PRICE_TOO_LOW
BSE,STOCK,BETXIND,Betex,,512477,X,BETXIND.BO,508.0,253.45,FAIL,VOLUME_TOO_LOW
BSE,STOCK,BFINVEST,BF Investment,,533303,B,BFINVEST.BO,470.0499877929688,2342.4,FAIL,VOLUME_TOO_LOW
BSE,STOCK,BFLAFL,BFL Asset Finvest,,539662,X,BFLAFL.BO,6.559999942779541,5531.45,FAIL,PRICE_TOO_LOW
BSE,STOCK,BFUTILITIE,BF Utilities,,532430,B,BFUTILITIE.BO,543.2999877929688,19925.65,FAIL,VOLUME_TOO_LOW
BSE,STOCK,BGDL,Bharat Global Developers,,521238,B,BGDL.BO,144.39999389648438,132936.75,PASS,PASS
BSE,STOCK,BGIL,Bgil Films & Technologies,,511664,X,BGIL.BO,6.679999828338623,54737.6,FAIL,PRICE_TOO_LOW
BSE,STOCK,BGRENERGY,BGR Energy Systems,,532930,T,BGRENERGY.BO,237.0,5342.55,FAIL,VOLUME_TOO_LOW
BSE,STOCK,BGWTATO,Bhagwati Autocast,,504646,XT,BGWTATO.BO,640.5499877929688,1245.7,FAIL,VOLUME_TOO_LOW
BSE,STOCK,BHAGCHEM,Bhagiradha Chemicals & Industries,,531719,B,BHAGCHEM.BO,267.0,3509.85,FAIL,VOLUME_TOO_LOW
BSE,STOCK,BHAGERIA,Bhageria Industries,,530803,T,BHAGERIA.BO,288.6499938964844,10035.4,FAIL,VOLUME_TOO_LOW
BSE,STOCK,BHAGGAS,Bhagawati Gas,,500051,XT,BHAGGAS.BO,8.550000190734863,61261.4,FAIL,PRICE_TOO_LOW
BSE,STOCK,BHAGWOX,Bhagwati Oxygen,,509449,X,BHAGWOX.BO,35.5099983215332,482.95,FAIL,PRICE_TOO_LOW
BSE,STOCK,BHAGYANGR,Bhagyanagar,,512296,B,BHAGYANGR.BO,372.9500122070313,14141.75,FAIL,VOLUME_TOO_LOW
BSE,STOCK,BHANDARI,Bhandari Hosiery Exports,,512608,B,BHANDARI.BO,3.0,35086.85,FAIL,PRICE_TOO_LOW
BSE,STOCK,BHANDERI,Bhanderi Infracon,,538576,MT,BHANDERI.BO,131.0,9060.0,FAIL,VOLUME_TOO_LOW
BSE,STOCK,BHARAT,Bharat Bhushan Fin & Comm Brokers,,511501,X,BHARAT.BO,22.34000015258789,2550.75,FAIL,PRICE_TOO_LOW
BSE,STOCK,BHARATAGRI,Bharat Agri Fert & Realty,,531862,X,BHARATAGRI.BO,22.520000457763672,22667.3,FAIL,PRICE_TOO_LOW
BSE,STOCK,BHARATCOAL,Bharat Coking Coal,,544678,B,BHARATCOAL.BO,33.79999923706055,631631.1,FAIL,PRICE_TOO_LOW
BSE,STOCK,BHARATGEAR,Bharat Gears,,505688,T,BHARATGEAR.BO,104.6999969482422,2280.35,FAIL,VOLUME_TOO_LOW
BSE,STOCK,BHARATRAS,Bharat Rasayan,,590021,B,590021.BO,1336.0999755859375,929.45,FAIL,VOLUME_TOO_LOW
BSE,STOCK,BHARATROHAN,Bharatrohan Airborne Innovations,,544535,M,BHARATROHAN.BO,134.0,11320.0,FAIL,VOLUME_TOO_LOW
BSE,STOCK,BHARATSE,Bharat Seats,,523229,B,BHARATSE.BO,212.8999938964844,31250.5,FAIL,VOLUME_TOO_LOW
BSE,STOCK,BHARATWIRE,Bharat Wire Ropes,,539799,B,BHARATWIRE.BO,180.1499938964844,12914.2,FAIL,VOLUME_TOO_LOW
BSE,STOCK,BHARTIARTL,Bharti Airtel,,532454,A,BHARTIARTL.BO,1865.199951171875,474706.7,PASS,PASS
BSE,STOCK,BHARTIHEXA,Bharti Hexacom,,544162,A,BHARTIHEXA.BO,1505.0999755859375,19769.0,FAIL,VOLUME_TOO_LOW
BSE,STOCK,BHASKAGR,Bhaskar Agro Chemicals,,524534,X,BHASKAGR.BO,112.0,3174.65,FAIL,VOLUME_TOO_LOW
BSE,STOCK,BHATIA,Bhatia Comms & Retail,,540956,X,BHATIA.BO,31.90999984741211,197690.25,FAIL,PRICE_TOO_LOW
BSE,STOCK,BHAVIK,Bhavik Enterprises,,544551,M,BHAVIK.BO,144.0,16750.0,FAIL,VOLUME_TOO_LOW
BSE,STOCK,BHEL,Bharat Heavy Electricals,,500103,A,BHEL.BO,432.7999877929688,480754.95,PASS,PASS
BSE,STOCK,BHILSPIN,Bhilwara Spinners,,514272,X,BHILSPIN.BO,132.4499969482422,1782.9,FAIL,VOLUME_TOO_LOW
BSE,STOCK,BHUDEVI,Bhudevi Infra Projects,,526488,X,BHUDEVI.BO,99.0999984741211,49838.9,FAIL,VOLUME_TOO_LOW
BSE,STOCK,BI,Bilcare,,526853,T,BI.BO,91.26000213623048,55825.15,FAIL,VOLUME_TOO_LOW
BSE,STOCK,BIBCL,Bharat Immunologicals,,524663,B,BIBCL.BO,15.3100004196167,15884.7,FAIL,PRICE_TOO_LOW
BSE,STOCK,BIGBLOC,Bigbloc Construction,,540061,B,BIGBLOC.BO,40.95000076293945,7138.55,FAIL,PRICE_TOO_LOW
BSE,STOCK,BIHSPONG,Bihar Sponge Iron,,500058,X,BIHSPONG.BO,11.970000267028809,19570.05,FAIL,PRICE_TOO_LOW
BSE,STOCK,BIKAJI,Bikaji Foods International,,543653,A,BIKAJI.BO,586.75,66932.45,FAIL,VOLUME_TOO_LOW
BSE,STOCK,BIL,Bhartiya International,,526666,B,BIL.BO,918.0499877929688,738.25,FAIL,VOLUME_TOO_LOW
BSE,STOCK,BILLWIN,Billwin Industries,,543209,M,BILLWIN.BO,20.09000015258789,6450.0,FAIL,PRICE_TOO_LOW
BSE,STOCK,BILVYAPAR,Bil Vyapar,,500059,T,BILVYAPAR.BO,4.050000190734863,4015.85,FAIL,PRICE_TOO_LOW
BSE,STOCK,BIMETAL,Bimetal Bearings,,505681,B,BIMETAL.BO,612.0,441.8,FAIL,VOLUME_TOO_LOW
BSE,STOCK,BINDALEXPO,Bindal Exports,,540148,MT,BINDALEXPO.BO,27.799999237060547,0.0,FAIL,PRICE_TOO_LOW
BSE,STOCK,BINNYMILLS,Binny Mills,,535620,XT,BINNYMILLS.BO,226.1000061035156,28.3,FAIL,VOLUME_TOO_LOW
BSE,STOCK,BIOCON,Biocon,,532523,A,BIOCON.BO,402.0,170915.4,PASS,PASS
BSE,STOCK,BIOFILCHEM,Biofil Chemicals,,524396,B,BIOFILCHEM.BO,31.700000762939453,45190.3,FAIL,PRICE_TOO_LOW
BSE,STOCK,BIOGEN,Biogen Pharmachem,,531752,X,BIOGEN.BO,0.2800000011920929,4576687.5,FAIL,PRICE_TOO_LOW
BSE,STOCK,BIRLACABLE,Birla Cable,,500060,T,BIRLACABLE.BO,357.3500061035156,32758.4,FAIL,VOLUME_TOO_LOW
BSE,STOCK,BIRLACORPN,Birla Corporation,,500335,A,500335.BO,1017.0999755859376,7078.85,FAIL,VOLUME_TOO_LOW
BSE,STOCK,BIRLACOT,Birla Cotsyn,,533006,XT,BIRLACOT.BO,17.399999618530273,78585.75,FAIL,PRICE_TOO_LOW
BSE,STOCK,BIRLAMONEY,Aditya Birla Money,,532974,B,BIRLAMONEY.BO,127.5500030517578,2319.05,FAIL,VOLUME_TOO_LOW
BSE,STOCK,BIRLANU,Birlanu,,509675,B,BIRLANU.BO,1424.25,1240.0,FAIL,VOLUME_TOO_LOW
BSE,STOCK,BIRLAPREC,Birla Precision Technologies,,522105,B,BIRLAPREC.BO,52.11000061035156,74532.1,FAIL,VOLUME_TOO_LOW
BSE,STOCK,BITS,BITS,,526709,X,BITS.BO,7.039999961853027,58385.2,FAIL,PRICE_TOO_LOW
BSE,STOCK,BIZOTIC,Bizotic Commercial,,543926,M,BIZOTIC.BO,78.87999725341797,111300.0,PASS,PASS
BSE,STOCK,BKV,BKV Industries,,519500,X,BKV.BO,9.199999809265137,1339.5,FAIL,PRICE_TOO_LOW
BSE,STOCK,BLACKBUCK,Black Buck,,544288,A,BLACKBUCK.BO,582.5499877929688,44271.55,FAIL,VOLUME_TOO_LOW
BSE,STOCK,BLACKROSE,Black Rose Industries,,514183,T,BLACKROSE.BO,112.1999969482422,5593.1,FAIL,VOLUME_TOO_LOW
BSE,STOCK,BLAL,BEML Land Assets,,543898,B,BLAL.BO,162.0,863.05,FAIL,VOLUME_TOO_LOW
BSE,STOCK,BLBLIMITED,BLB,,532290,B,BLBLIMITED.BO,17.31999969482422,11701.45,FAIL,PRICE_TOO_LOW
BSE,STOCK,BLIL,Balmer Lawrie Investments,,532485,B,BLIL.BO,72.44000244140625,17041.45,FAIL,VOLUME_TOO_LOW
BSE,STOCK,BLISSGVS,Bliss GVS Pharma,,506197,T,BLISSGVS.BO,636.9000244140625,21871.65,FAIL,VOLUME_TOO_LOW
BSE,STOCK,BLOIN,Bloom Industries,,513422,X,BLOIN.BO,30.5,1362.15,FAIL,PRICE_TOO_LOW
BSE,STOCK,BLS,BLS International Services,,540073,A,540073.BO,235.6499938964844,138000.3,PASS,PASS
BSE,STOCK,BLSE,BLS E-Services,,544107,B,BLSE.BO,323.6000061035156,26743.4,FAIL,VOLUME_TOO_LOW
BSE,STOCK,BLUECHIPT,Blue Chip Tex Industries,,506981,X,506981.BO,110.0999984741211,414.55,FAIL,VOLUME_TOO_LOW
BSE,STOCK,BLUECLOUDS,Blue Cloud Softech Solutions,,539607,B,BLUECLOUDS.BO,19.8799991607666,2799754.6,FAIL,PRICE_TOO_LOW
BSE,STOCK,BLUECOAST,Blue Coast Hotels,,531495,T,531495.BO,26.149999618530277,131.9,FAIL,PRICE_TOO_LOW
BSE,STOCK,BLUEDART,Blue Dart Express,,526612,A,BLUEDART.BO,5028.75,790.0,FAIL,VOLUME_TOO_LOW
BSE,STOCK,BLUEJET,Blue Jet Healthcare,,544009,A,BLUEJET.BO,579.1500244140625,21963.25,FAIL,VOLUME_TOO_LOW
BSE,STOCK,BLUESTARCO,Blue Star,,500067,A,500067.BO,1687.550048828125,32907.85,FAIL,VOLUME_TOO_LOW
BSE,STOCK,BLUESTONE,BlueStone Jewellery & Lifestyle,,544484,A,BLUESTONE.BO,805.3499755859375,166778.85,PASS,PASS
BSE,STOCK,BLUSPRING,Bluspring Enterprises,,544414,B,BLUSPRING.BO,134.3000030517578,53074.05,FAIL,VOLUME_TOO_LOW
BSE,STOCK,BMAL,Bothra Metals & Alloys,,535279,M,BMAL.BO,6.5,4600.0,FAIL,PRICE_TOO_LOW
BSE,STOCK,BMBMUMG,Bmb Music & Magnetics,,531420,XT,BMBMUMG.BO,7.0,918.4,FAIL,PRICE_TOO_LOW
BSE,STOCK,BMW,BMW Industries,,542669,X,BMW.BO,50.52000045776367,203987.7,PASS,PASS
BSE,STOCK,BMWVENTLTD,BMW Ventures,,544543,B,BMWVENTLTD.BO,55.18000030517578,6614.75,FAIL,VOLUME_TOO_LOW
BSE,STOCK,BNAGROCHEM,BN Agrochem,,526125,B,BNAGROCHEM.BO,221.1000061035156,5615.25,FAIL,VOLUME_TOO_LOW
BSE,STOCK,BNALTD,B&A,,508136,T,BNALTD.BO,355.1000061035156,283.75,FAIL,VOLUME_TOO_LOW
BSE,STOCK,BNRSEC,BN Rathi Securities,,523019,X,BNRSEC.BO,18.010000228881836,43754.5,FAIL,PRICE_TOO_LOW
BSE,STOCK,BNRUDY,BNR Udyog,,530809,X,BNRUDY.BO,37.77999877929688,1067.75,FAIL,PRICE_TOO_LOW
BSE,STOCK,BODALCHEM,Bodal Chemicals,,524370,B,BODALCHEM.BO,150.64999389648438,267082.85,PASS,PASS
BSE,STOCK,BODHTREE,Bodhtree Consulting,,539122,X,BODHTREE.BO,13.640000343322754,20395.6,FAIL,PRICE_TOO_LOW
BSE,STOCK,BOMBCYC,Bombay Cycle & Motor Agency,,501430,X,BOMBCYC.BO,1603.75,28.85,FAIL,VOLUME_TOO_LOW
BSE,STOCK,BOMBWIR,Bombay Wire Ropes,,504648,X,BOMBWIR.BO,42.04999923706055,1039.8,FAIL,PRICE_TOO_LOW
BSE,STOCK,BOMDYEING,Bombay Dyeing,,500020,B,500020.BO,125.5,47747.8,FAIL,VOLUME_TOO_LOW
BSE,STOCK,BOMOXY-B1,Bombay Oxygen,,509470,X,BOMOXY-B1.BO,18500.0,17.25,FAIL,VOLUME_TOO_LOW
BSE,STOCK,BOMTALKIES,Bombay Talkies,,511246,X,BOMTALKIES.BO,2.970000028610229,75.55,FAIL,PRICE_TOO_LOW
BSE,STOCK,BONDADA,Bondada Engineering,,543971,M,BONDADA.BO,279.75,130070.0,PASS,PASS
BSE,STOCK,BONLON,Bonlon Industries,,543211,B,BONLON.BO,40.20000076293945,9982.05,FAIL,PRICE_TOO_LOW
BSE,STOCK,BORANA,Borana Weaves,,544404,B,BORANA.BO,301.75,2179.8,FAIL,VOLUME_TOO_LOW
BSE,STOCK,BOROLTD,Borosil,,543212,B,BOROLTD.BO,249.0500030517578,93650.25,FAIL,VOLUME_TOO_LOW
BSE,STOCK,BORORENEW,Borosil Renewables,,502219,A,BORORENEW.BO,496.8999938964844,23361.35,FAIL,VOLUME_TOO_LOW
BSE,STOCK,BOROSCI,BOROSCI,,544184,B,BOROSCI.BO,136.8000030517578,5321.9,FAIL,VOLUME_TOO_LOW
BSE,STOCK,BOSCH-HCIL,Bosch Home Comfort,,523398,B,BOSCH-HCIL.BO,1777.6500244140625,8726.85,FAIL,VOLUME_TOO_LOW
BSE,STOCK,BOSCHLTD,Bosch,,500530,A,500530.BO,40883.80078125,2151.1,FAIL,VOLUME_TOO_LOW
BSE,STOCK,BOSTON,Boston Commerce,,531458,X,BOSTON.BO,5.199999809265137,1898.8,FAIL,PRICE_TOO_LOW
BSE,STOCK,BPAGRI,Blue Pearl Agriventures,,514440,B,BPAGRI.BO,8.720000267028809,661629.25,FAIL,PRICE_TOO_LOW
BSE,STOCK,BPLPHARMA,Bharat Parenterals,,541096,B,BPLPHARMA.BO,1534.949951171875,2001.45,FAIL,VOLUME_TOO_LOW
BSE,STOCK,BRADYM,Brady & Morris Engineering,,505690,X,BRADYM.BO,680.1500244140625,210.55,FAIL,VOLUME_TOO_LOW
BSE,STOCK,BRAHMINFRA,Brahmaputra Infrastructure,,535693,B,BRAHMINFRA.BO,161.3000030517578,12608.55,FAIL,VOLUME_TOO_LOW
BSE,STOCK,BRAWN,Brawn Biotech,,530207,X,BRAWN.BO,22.600000381469727,750.45,FAIL,PRICE_TOO_LOW
BSE,STOCK,BRGIL,B.R.Goyal Infrastructure,,544335,MT,BRGIL.BO,186.0,42050.0,FAIL,VOLUME_TOO_LOW
BSE,STOCK,BRIDGESE,Bridge Securities,,530249,X,BRIDGESE.BO,10.31999969482422,755891.4,FAIL,PRICE_TOO_LOW
BSE,STOCK,BRIGADE,Brigade Enterprises,,532929,A,BRIGADE.BO,712.9500122070312,89407.3,FAIL,VOLUME_TOO_LOW
BSE,STOCK,BRIGHOTEL,Brigade Hotel Ventures,,544457,B,BRIGHOTEL.BO,59.18999862670898,17424.3,FAIL,VOLUME_TOO_LOW
BSE,STOCK,BRIGHT,Bright Outdoor Media,,543831,M,BRIGHT.BO,349.0,16725.0,FAIL,VOLUME_TOO_LOW
BSE,STOCK,BRIGHTBR,Bright Brothers,,526731,B,BRIGHTBR.BO,251.0500030517578,3313.65,FAIL,VOLUME_TOO_LOW
BSE,STOCK,BRIJLEAS,Brijlaxmi Leasing & Finance,,532113,X,BRIJLEAS.BO,8.390000343322754,3303.8,FAIL,PRICE_TOO_LOW
BSE,STOCK,BRIPORT,Brilliant Portfolios,,539434,X,BRIPORT.BO,10.260000228881836,0.0,FAIL,PRICE_TOO_LOW
BSE,STOCK,BRISK,Brisk Technovision,,544101,MT,BRISK.BO,68.01000213623047,1440.0,FAIL,VOLUME_TOO_LOW
BSE,STOCK,BRNL,Bharat Road Network,,540700,B,BRNL.BO,17.1200008392334,3328.95,FAIL,PRICE_TOO_LOW
BSE,STOCK,BROACH,Broach Lifecare Hospital,,544231,M,BROACH.BO,15.5,1800.0,FAIL,PRICE_TOO_LOW
BSE,STOCK,BROOKS,Brooks Laboratories,,533543,T,BROOKS.BO,64.22000122070312,3155.0,FAIL,VOLUME_TOO_LOW
BSE,STOCK,BRPL,Bansal Roofing Products,,538546,B,BRPL.BO,158.8000030517578,30293.55,FAIL,VOLUME_TOO_LOW
BSE,STOCK,BRRL,B Right Realestate,,543543,M,BRRL.BO,923.7999877929688,3370.0,FAIL,VOLUME_TOO_LOW
BSE,STOCK,BSELALGO,BSEL Algo,,532123,X,BSELALGO.BO,4.070000171661377,106457.75,FAIL,PRICE_TOO_LOW
BSE,STOCK,BSHSL,Bombay Super Hybrid Seeds,,544757,B,BSHSL.BO,88.68000030517578,1082.75,FAIL,VOLUME_TOO_LOW
BSE,STOCK,BSL,BSL,,514045,B,BSL.BO,123.5,530.5,FAIL,VOLUME_TOO_LOW
BSE,STOCK,BSOFT,Birlasoft,,532400,A,BSOFT.BO,293.3500061035156,107807.05,PASS,PASS
BSE,STOCK,BTML,Bodhi Tree Multimedia,,543767,B,BTML.BO,8.489999771118164,104350.6,FAIL,PRICE_TOO_LOW
BSE,STOCK,BTTL,Bhilwara Technical Textiles,,533108,T,BTTL.BO,43.5,733.4,FAIL,PRICE_TOO_LOW
BSE,STOCK,BUILDPRO,Shankara Buildpro,,544517,B,BUILDPRO.BO,1284.050048828125,10650.65,FAIL,VOLUME_TOO_LOW
BSE,STOCK,BURNPUR,Burnpur Cement,,532931,B,BURNPUR.BO,20.540000915527344,30685.0,FAIL,PRICE_TOO_LOW
BSE,STOCK,BUTTERFLY,Butterfly Gandhimathi Appliances,,517421,B,BUTTERFLY.BO,614.25,632.5,FAIL,VOLUME_TOO_LOW
BSE,STOCK,BVCL,Barak Valley Cements,,532916,B,BVCL.BO,42.77999877929688,42173.25,FAIL,PRICE_TOO_LOW
BSE,STOCK,BYKE,The Byke Hospitality,,531373,T,BYKE.BO,32.0,4226.45,FAIL,PRICE_TOO_LOW
BSE,STOCK,CALCOM,Calcom Vision,,517236,X,CALCOM.BO,69.56999969482422,5025.35,FAIL,VOLUME_TOO_LOW
BSE,STOCK,CALLISTA,CHPL Industries,,539335,XT,CALLISTA.BO,143.0,9619.15,FAIL,VOLUME_TOO_LOW
BSE,STOCK,CALSOFT,California Software,,532386,T,CALSOFT.BO,42.88999938964844,52573.3,FAIL,PRICE_TOO_LOW
BSE,STOCK,CAMEXLTD,Camex,,524440,X,CAMEXLTD.BO,41.04999923706055,8111.95,FAIL,PRICE_TOO_LOW
BSE,STOCK,CAMLINFINE,Camlin Fine Sciences,,532834,B,CAMLINFINE.BO,102.0999984741211,73676.4,FAIL,VOLUME_TOO_LOW
BSE,STOCK,CAMPUS,Campus Activewear,,543523,A,CAMPUS.BO,223.8999938964844,36591.3,FAIL,VOLUME_TOO_LOW
BSE,STOCK,CAMS,CAMS,,543232,A,CAMS.BO,749.0,186423.0,PASS,PASS
BSE,STOCK,CANBK,Canara Bank,,532483,A,CANBK.BO,126.1500015258789,502513.6,PASS,PASS
BSE,STOCK,CANDOUR,Candour Techtex,,522292,XT,CANDOUR.BO,63.9900016784668,19738.7,FAIL,VOLUME_TOO_LOW
BSE,STOCK,CANHLIFE,Canara HSBC Life Insurance Company,,544583,B,CANHLIFE.BO,154.25,154738.5,PASS,PASS
BSE,STOCK,CANTABIL,Cantabil Retail,,533267,B,CANTABIL.BO,237.6999969482422,25408.55,FAIL,VOLUME_TOO_LOW
BSE,STOCK,CAPACITE,Capacite Infraprojects,,540710,B,CAPACITE.BO,208.9499969482422,21717.55,FAIL,VOLUME_TOO_LOW
BSE,STOCK,CAPILLARY,Capillary Technologies,,544614,B,CAPILLARY.BO,481.3500061035156,228034.55,PASS,PASS
BSE,STOCK,CAPITALSFB,Capital Small Finance Bank,,544120,B,CAPITALSFB.BO,282.0,1169.3,FAIL,VOLUME_TOO_LOW
BSE,STOCK,CAPLIPOINT,Caplin Point Laboratories,,524742,A,CAPLIPOINT.BO,2842.800048828125,18454.9,FAIL,VOLUME_TOO_LOW
BSE,STOCK,CAPPIPES,Captain Pipes,,538817,B,CAPPIPES.BO,8.460000038146973,78581.15,FAIL,PRICE_TOO_LOW
BSE,STOCK,CAPRICORN,Capricorn Systems Global,,512169,XT,CAPRICORN.BO,26.850000381469727,258754.6,FAIL,PRICE_TOO_LOW
BSE,STOCK,CAPRIHANS,Caprihans,,509486,XT,CAPRIHANS.BO,107.3000030517578,24491.25,FAIL,VOLUME_TOO_LOW
BSE,STOCK,CAPRO,Caprolactam Chemicals,,507486,X,CAPRO.BO,47.93999862670898,600.45,FAIL,PRICE_TOO_LOW
BSE,STOCK,CAPTRUST,Capital Trust,,511505,T,CAPTRUST.BO,19.989999771118164,11899.75,FAIL,PRICE_TOO_LOW
BSE,STOCK,CARERATING,CARE Ratings,,534804,A,CARERATING.BO,1711.5999755859375,3061.15,FAIL,VOLUME_TOO_LOW
BSE,STOCK,CARGOSOL,Cargosol Logistics,,543621,MT,CARGOSOL.BO,24.61000061035156,200.0,FAIL,PRICE_TOO_LOW
BSE,STOCK,CARGOTRANS,Cargotrans Maritime,,543618,M,CARGOTRANS.BO,76.0,975.0,FAIL,VOLUME_TOO_LOW
BSE,STOCK,CARRARO,Carraro,,544320,B,CARRARO.BO,535.4500122070312,48673.4,FAIL,VOLUME_TOO_LOW
BSE,STOCK,CARTRADE,CarTrade Tech,,543333,A,CARTRADE.BO,2991.60009765625,21524.15,FAIL,VOLUME_TOO_LOW
BSE,STOCK,CARYSIL,CARYSIL,,524091,B,CARYSIL.BO,1157.5,5832.1,FAIL,VOLUME_TOO_LOW
BSE,STOCK,CASPIAN,Caspian Corporate Services,,534732,X,CASPIAN.BO,35.0,2379.55,FAIL,PRICE_TOO_LOW
BSE,STOCK,CASTROLIND,Castrol,,500870,A,CASTROLIND.BO,186.3999938964844,137168.15,PASS,PASS
BSE,STOCK,CATVISION,Catvision Products,,531158,X,CATVISION.BO,20.0,3454.3,FAIL,PRICE_TOO_LOW
BSE,STOCK,CBPL,Chandra Bhagat Pharma,,542934,M,CBPL.BO,47.880001068115234,1550.0,FAIL,PRICE_TOO_LOW
BSE,STOCK,CCAL,City Crops Agro,,544000,MT,CCAL.BO,40.7599983215332,8100.0,FAIL,PRICE_TOO_LOW
BSE,STOCK,CCAVENUE,AvenuesAI,,539807,A,CCAVENUE.BO,15.399999618530272,667285.6,FAIL,PRICE_TOO_LOW
BSE,STOCK,CCCL,Consolidated Construction,,532902,B,CCCL.BO,14.3100004196167,32678.85,FAIL,PRICE_TOO_LOW
BSE,STOCK,CCDL,Consecutive Commodities,,539091,XT,CCDL.BO,1.159999966621399,391961.85,FAIL,PRICE_TOO_LOW
BSE,STOCK,CCHHL,Country Club Hospitality,,526550,B,CCHHL.BO,12.5,2091.4,FAIL,PRICE_TOO_LOW
BSE,STOCK,CCL,CCL Products,,519600,A,519600.BO,1188.949951171875,14125.85,FAIL,VOLUME_TOO_LOW
BSE,STOCK,CCLINTER,CCL International,,531900,X,CCLINTER.BO,22.1299991607666,902.8,FAIL,PRICE_TOO_LOW
BSE,STOCK,CCME,CCME Global,,514336,X,CCME.BO,32.41999816894531,7427.8,FAIL,PRICE_TOO_LOW
BSE,STOCK,CEATLTD,CEAT,,500878,A,500878.BO,3550.10009765625,20857.65,FAIL,VOLUME_TOO_LOW
BSE,STOCK,CEEJAY,Ceejay Finance,,530789,X,CEEJAY.BO,162.14999389648438,399.75,FAIL,VOLUME_TOO_LOW
BSE,STOCK,CEENIK,Ceenik Exports,,531119,XT,CEENIK.BO,234.8999938964844,674.65,FAIL,VOLUME_TOO_LOW
BSE,STOCK,CEETAIN,Ceeta Industries,,514171,X,CEETAIN.BO,37.70000076293945,421.9,FAIL,PRICE_TOO_LOW
BSE,STOCK,CEIGALL,Ceigall India,,544223,B,CEIGALL.BO,348.45001220703125,77990.7,FAIL,VOLUME_TOO_LOW
BSE,STOCK,CEINSYS,Ceinsys Tech,,538734,B,CEINSYS.BO,678.6500244140625,14234.35,FAIL,VOLUME_TOO_LOW
BSE,STOCK,CELLA,Cella Space,,532701,Z,CELLA.BO,36.43999862670898,30649.95,FAIL,PRICE_TOO_LOW
BSE,STOCK,CELLO,Cello World,,544012,A,CELLO.BO,343.5,31120.05,FAIL,VOLUME_TOO_LOW
BSE,STOCK,CEMAINFRA,Cemantic Infra-Tech,,538596,X,CEMAINFRA.BO,5.03000020980835,1388.5,FAIL,PRICE_TOO_LOW
BSE,STOCK,CEMPRO,Cemindia Projects,,509496,A,CEMPRO.BO,1296.300048828125,36851.95,FAIL,VOLUME_TOO_LOW
BSE,STOCK,CENLUB,Cenlub Industries,,522251,X,CENLUB.BO,185.1000061035156,4175.7,FAIL,VOLUME_TOO_LOW
BSE,STOCK,CENTEXT,Century Extrusions,,500083,B,500083.BO,19.46999931335449,14288.3,FAIL,PRICE_TOO_LOW
BSE,STOCK,CENTRALBK,Central Bank of India,,532885,A,CENTRALBK.BO,30.780000686645508,436034.0,FAIL,PRICE_TOO_LOW
BSE,STOCK,CENTRUM,Centrum Capital,,501150,B,CENTRUM.BO,22.489999771118164,40236.35,FAIL,PRICE_TOO_LOW
BSE,STOCK,CENTUM,Centum Electronics,,517544,B,CENTUM.BO,3780.75,3666.05,FAIL,VOLUME_TOO_LOW
BSE,STOCK,CENTUPLE,Centuple Global,,531099,XT,CENTUPLE.BO,37.59000015258789,7566.95,FAIL,PRICE_TOO_LOW
BSE,STOCK,CENTURYPLY,Century Plyboards,,532548,A,CENTURYPLY.BO,748.4000244140625,20353.35,FAIL,VOLUME_TOO_LOW
BSE,STOCK,CERA,Cera Sanitaryware,,532443,A,CERA.BO,5672.2998046875,1861.4,FAIL,VOLUME_TOO_LOW
BSE,STOCK,CEREBRAINT,Cerebra Integrated Technologies,,532413,Z,CEREBRAINT.BO,2.5999999046325684,22337.75,FAIL,PRICE_TOO_LOW
BSE,STOCK,CEWATER,Concord Enviro Systems,,544315,B,CEWATER.BO,265.29998779296875,13374.0,FAIL,VOLUME_TOO_LOW
BSE,STOCK,CFEL,Confidence Futuristic Energetech,,539991,B,CFEL.BO,32.04999923706055,9372.2,FAIL,PRICE_TOO_LOW
BSE,STOCK,CFF,CFF Fluid Control,,543920,M,CFF.BO,994.5,28150.0,FAIL,VOLUME_TOO_LOW
BSE,STOCK,CGCL,Capri Global Capital,,531595,A,CGCL.BO,271.75,672433.9,PASS,PASS
BSE,STOCK,CGPOWER,CG Power & Industrial Solutions,,500093,A,CGPOWER.BO,891.0,120090.2,PASS,PASS
BSE,STOCK,CGVAK,CG-VAK Software & Exports,,531489,B,CGVAK.BO,152.4499969482422,2143.85,FAIL,VOLUME_TOO_LOW
BSE,STOCK,CHALET,Chalet Hotels,,542399,A,CHALET.BO,891.5499877929688,31624.25,FAIL,VOLUME_TOO_LOW
BSE,STOCK,CHALLANI,Challani Capital,,530747,X,CHALLANI.BO,17.989999771118164,361.85,FAIL,PRICE_TOO_LOW
BSE,STOCK,CHAMBLFERT,Chambal Fertilisers & Chemicals,,500085,A,500085.BO,454.25,34767.55,FAIL,VOLUME_TOO_LOW
BSE,STOCK,CHANDNIMACH,Chandni Machines,,542627,XT,CHANDNIMACH.BO,97.12000274658205,9305.45,FAIL,VOLUME_TOO_LOW
BSE,STOCK,CHANDRAP,Chandra Prabhu International,,530309,X,CHANDRAP.BO,10.699999809265137,14439.95,FAIL,PRICE_TOO_LOW
BSE,STOCK,CHANDRIMA,Chandrima Mercantiles,,540829,XT,CHANDRIMA.BO,16.34000015258789,4140774.65,FAIL,PRICE_TOO_LOW
BSE,STOCK,CHATHA,Chatha Foods,,544151,MT,CHATHA.BO,111.5,26100.0,FAIL,VOLUME_TOO_LOW
BSE,STOCK,CHCL,Cian Healthcare,,542678,MT,CHCL.BO,12.760000228881836,369.9,FAIL,PRICE_TOO_LOW
BSE,STOCK,CHDCHEM,CHD Chemicals,,539800,X,CHDCHEM.BO,5.010000228881836,3527.35,FAIL,PRICE_TOO_LOW
BSE,STOCK,CHEMBOND,Chembond Material Technologies,,530871,B,CHEMBOND.BO,172.75,497.05,FAIL,VOLUME_TOO_LOW
BSE,STOCK,CHEMBONDCH,Chembond Chemicals,,544450,T,CHEMBONDCH.BO,262.5,2464.0,FAIL,VOLUME_TOO_LOW
BSE,STOCK,CHEMCON,Chemcon Speciality Chemicals,,543233,T,CHEMCON.BO,202.3000030517578,1743.05,FAIL,VOLUME_TOO_LOW
BSE,STOCK,CHEMCRUX,Chemcrux Enterprises,,540395,B,CHEMCRUX.BO,82.04000091552734,4029.5,FAIL,VOLUME_TOO_LOW
BSE,STOCK,CHEMFAB,Chemfab Alkalis,,541269,B,CHEMFAB.BO,354.45001220703125,246.8,FAIL,VOLUME_TOO_LOW
BSE,STOCK,CHEMIESYNT,Chemiesynth Vapi,,539230,XT,CHEMIESYNT.BO,89.54000091552734,25.35,FAIL,VOLUME_TOO_LOW
BSE,STOCK,CHEMKART,Chemkart,,544442,M,CHEMKART.BO,181.0,3150.0,FAIL,VOLUME_TOO_LOW
BSE,STOCK,CHEMPLASTS,Chemplast Sanmar,,543336,B,CHEMPLASTS.BO,167.25,26218.95,FAIL,VOLUME_TOO_LOW
BSE,STOCK,CHEMTECH,Chemtech Industrial,,537326,X,CHEMTECH.BO,56.72999954223633,23548.35,FAIL,VOLUME_TOO_LOW
BSE,STOCK,CHENFERRO,Chennai Ferrous,,539011,X,CHENFERRO.BO,74.5999984741211,923.9,FAIL,VOLUME_TOO_LOW
BSE,STOCK,CHEVIOT,Cheviot,,526817,B,CHEVIOT.BO,1138.199951171875,132.75,FAIL,VOLUME_TOO_LOW
BSE,STOCK,CHIRAHARIT,Chiraharit,,544561,M,CHIRAHARIT.BO,10.3100004196167,43200.0,FAIL,PRICE_TOO_LOW
BSE,STOCK,CHLLTD,CHL,,532992,X,CHLLTD.BO,28.25,599.75,FAIL,PRICE_TOO_LOW
BSE,STOCK,CHLOGIST,Chartered Logistics,,531977,XT,CHLOGIST.BO,9.760000228881836,927843.3,FAIL,PRICE_TOO_LOW
BSE,STOCK,CHMBBRW,Chambal Breweries,,512301,XT,CHMBBRW.BO,33.75,10048.55,FAIL,PRICE_TOO_LOW
BSE,STOCK,CHOICEIN,Choice International,,531358,A,CHOICEIN.BO,767.4000244140625,15824.95,FAIL,VOLUME_TOO_LOW
BSE,STOCK,CHOKSI,Choksi Asia,,530427,X,CHOKSI.BO,252.3999938964844,5471.75,FAIL,VOLUME_TOO_LOW
BSE,STOCK,CHOKSILA,Choksi Laboratories,,526546,X,CHOKSILA.BO,166.39999389648438,22678.45,FAIL,VOLUME_TOO_LOW
BSE,STOCK,CHOLAFIN,Cholamandalam Investment,,511243,A,511243.BO,1858.0,154038.0,PASS,PASS
BSE,STOCK,CHOLAHLDNG,Cholamandalam Financial Holdings,,504973,A,CHOLAHLDNG.BO,1503.199951171875,59144.25,FAIL,VOLUME_TOO_LOW
BSE,STOCK,CHORDIA,Chordia Food Products,,519475,X,CHORDIA.BO,81.0199966430664,424.2,FAIL,VOLUME_TOO_LOW
BSE,STOCK,CHOTHANI,Chothani Foods,,540681,MT,CHOTHANI.BO,9.0,250.0,FAIL,PRICE_TOO_LOW
BSE,STOCK,CHOWGULSTM,Chowgule Steamships,,501833,X,CHOWGULSTM.BO,22.299999237060547,5439.85,FAIL,PRICE_TOO_LOW
BSE,STOCK,CHROME,Chrome Silicon,,513005,X,CHROME.BO,41.45000076293945,591.2,FAIL,PRICE_TOO_LOW
BSE,STOCK,CHRTEDCA,Chartered Capital & Inv,,511696,X,CHRTEDCA.BO,250.0,140.15,FAIL,VOLUME_TOO_LOW
BSE,STOCK,CHTR,Chatterbox Technologies,,544546,M,CHTR.BO,41.4900016784668,9960.0,FAIL,PRICE_TOO_LOW
BSE,STOCK,CIANAGRO,CIAN Agro Industries & Infrastructure,,519477,B,CIANAGRO.BO,1415.8499755859375,57131.05,FAIL,VOLUME_TOO_LOW
BSE,STOCK,CIEINDIA,CIE Automotive,,532756,A,CIEINDIA.BO,384.7000122070313,132802.0,PASS,PASS
BSE,STOCK,CIFL,Capital India Finance,,530879,B,CIFL.BO,20.190000534057617,17406.6,FAIL,PRICE_TOO_LOW
BSE,STOCK,CILSEC,CIL Securities,,530829,X,CILSEC.BO,38.59999847412109,965.2,FAIL,PRICE_TOO_LOW
BSE,STOCK,CINDHO,Cindrella Hotels,,526373,X,CINDHO.BO,51.79999923706055,76.5,FAIL,VOLUME_TOO_LOW
BSE,STOCK,CINDRELL,Cindrella Financial Services,,531283,X,CINDRELL.BO,10.0,66.2,FAIL,PRICE_TOO_LOW
BSE,STOCK,CINELINE,Cineline,,532807,B,CINELINE.BO,91.0,1166.2,FAIL,VOLUME_TOO_LOW
BSE,STOCK,CINEVISTA,Cinevista,,532324,B,CINEVISTA.BO,15.140000343322754,1194.4,FAIL,PRICE_TOO_LOW
BSE,STOCK,CITADEL,Citadel Realty & Developers,,502445,X,CITADEL.BO,38.33000183105469,3265.2,FAIL,PRICE_TOO_LOW
BSE,STOCK,CITICHEM,Citichem,,544324,M,CITICHEM.BO,14.0,4400.0,FAIL,PRICE_TOO_LOW
BSE,STOCK,CITIPOR,Citi Port Financial Services,,531235,X,CITIPOR.BO,48.0,98.35,FAIL,PRICE_TOO_LOW
BSE,STOCK,CITIZEN,Citizen Infoline,,538786,X,CITIZEN.BO,212.8500061035156,1967.35,FAIL,VOLUME_TOO_LOW
BSE,STOCK,CITYMAN,Cityman,,521210,X,CITYMAN.BO,14.0,38.9,FAIL,PRICE_TOO_LOW
BSE,STOCK,CITYONLINE,City Online Services,,538674,Z,CITYONLINE.BO,7.300000190734863,2943.35,FAIL,PRICE_TOO_LOW
BSE,STOCK,CITYSQUARE,Jay Ambe Supermarkets,,544514,MT,CITYSQUARE.BO,131.3000030517578,840.0,FAIL,VOLUME_TOO_LOW
BSE,STOCK,CJGEL,CJ Gelatine Products,,507515,X,CJGEL.BO,26.799999237060547,2463.8,FAIL,PRICE_TOO_LOW
BSE,STOCK,CLARA,Clara Industries,,543435,M,CLARA.BO,33.689998626708984,3112.5,FAIL,PRICE_TOO_LOW
BSE,STOCK,CLASELE,Classic Electricals,,512213,XT,512213.BO,2.7100000381469727,0.0,FAIL,PRICE_TOO_LOW
BSE,STOCK,CLEAN,Clean Science & Technology,,543318,A,CLEAN.BO,852.75,30432.8,FAIL,VOLUME_TOO_LOW
BSE,STOCK,CLEANMAX,Clean Max Enviro Energy Solutions,,544717,B,CLEANMAX.BO,1297.050048828125,20598.4,FAIL,VOLUME_TOO_LOW
BSE,STOCK,CLFL,Classic Leasing & Finance,,540481,X,CLFL.BO,60.0,191.7,FAIL,VOLUME_TOO_LOW
BSE,STOCK,CLIOINFO,Clio Infotech,,530839,XT,CLIOINFO.BO,13.989999771118164,9990.15,FAIL,PRICE_TOO_LOW
BSE,STOCK,CLN,CLN Energy,,544347,MT,CLN.BO,520.5,3310.0,FAIL,VOLUME_TOO_LOW
BSE,STOCK,CLSEL,Chaman Lal Setia Exports,,530307,B,CLSEL.BO,305.1499938964844,19136.8,FAIL,VOLUME_TOO_LOW
BSE,STOCK,CMBL,Corporate Merchant Bankers,,540199,X,CMBL.BO,45.9900016784668,225.8,FAIL,PRICE_TOO_LOW
BSE,STOCK,CMLL,Caliber Mining & Logistics,,544833,B,CMLL.BO,502.6499938964844,58623.15,FAIL,VOLUME_TOO_LOW
BSE,STOCK,CMMHOSP,Chennai Meenakshi Multispeciality,,523489,X,CMMHOSP.BO,38.880001068115234,1222.85,FAIL,PRICE_TOO_LOW
BSE,STOCK,CMPDI,Central Mine P & D Institute,,544739,B,CMPDI.BO,240.1000061035156,112646.8,PASS,PASS
BSE,STOCK,CMRGREEN,CMR Green Technologies,,544777,B,CMRGREEN.BO,230.8000030517578,69087.3,FAIL,VOLUME_TOO_LOW
BSE,STOCK,CMSINFO,CMS Info Systems,,543441,A,CMSINFO.BO,244.8000030517578,39483.65,FAIL,VOLUME_TOO_LOW
BSE,STOCK,CMXLTD,CMX Holdings,,532217,XT,CMXLTD.BO,23.0,10129.2,FAIL,PRICE_TOO_LOW
BSE,STOCK,CNCRD,Concord Control Systems,,543619,M,CNCRD.BO,2241.300048828125,7050.0,FAIL,VOLUME_TOO_LOW
BSE,STOCK,CNINFOTECH,CapitalNumbers Infotech,,544343,M,CNINFOTECH.BO,82.0,14080.0,FAIL,VOLUME_TOO_LOW
BSE,STOCK,CNL,Creative Newtech,,544631,B,CNL.BO,1244.5999755859375,3813.35,FAIL,VOLUME_TOO_LOW
BSE,STOCK,COALINDIA,Coal India,,533278,A,COALINDIA.BO,419.1499938964844,2511570.3,PASS,PASS
BSE,STOCK,COARO,Coastal Roadways,,520131,P,COARO.BO,24.040000915527344,45.0,FAIL,PRICE_TOO_LOW
BSE,STOCK,COASTCORP,Coastal Corporation,,501831,B,COASTCORP.BO,41.93999862670898,16132.4,FAIL,PRICE_TOO_LOW
BSE,STOCK,COCHINM,Cochin Minerals & Rutile,,513353,X,COCHINM.BO,320.6000061035156,16891.2,FAIL,VOLUME_TOO_LOW
BSE,STOCK,COCHINSHIP,Cochin Shipyard,,540678,A,COCHINSHIP.BO,1487.0,81709.85,FAIL,VOLUME_TOO_LOW
BSE,STOCK,COCHMAL,Cochin Malabar Estates,,508571,X,COCHMAL.BO,152.60000610351562,325.9,FAIL,VOLUME_TOO_LOW
BSE,STOCK,COCKERILL,John Cockerill,,500147,B,COCKERILL.BO,8095.2001953125,2027.95,FAIL,VOLUME_TOO_LOW
BSE,STOCK,COFFEEDAY,Coffee Day Enterprises,,539436,T,COFFEEDAY.BO,30.8700008392334,63732.2,FAIL,PRICE_TOO_LOW
BSE,STOCK,COFORGE,Coforge,,532541,A,COFORGE.BO,1963.699951171875,163490.85,PASS,PASS
BSE,STOCK,COHANCE,Cohance Lifesciences,,543064,A,COHANCE.BO,460.1499938964844,419359.2,PASS,PASS
BSE,STOCK,COLINZ,Colinz Laboratories,,531210,XT,COLINZ.BO,71.5,2130.5,FAIL,VOLUME_TOO_LOW
BSE,STOCK,COLORCHIPS,Colorchips New Media,,540023,X,COLORCHIPS.BO,10.93000030517578,8283.9,FAIL,PRICE_TOO_LOW
BSE,STOCK,COLPAL,Colgate Palmolive,,500830,A,500830.BO,2041.949951171875,10753.2,FAIL,VOLUME_TOO_LOW
BSE,STOCK,COMCL,Comfort Commotrade,,534691,X,COMCL.BO,14.34000015258789,3922.45,FAIL,PRICE_TOO_LOW
BSE,STOCK,COMFINCAP,Comfort Fincap,,535267,X,COMFINCAP.BO,7.78000020980835,28018.45,FAIL,PRICE_TOO_LOW
BSE,STOCK,COMFINTE,Comfort Intech,,531216,B,COMFINTE.BO,6.179999828338623,53139.3,FAIL,PRICE_TOO_LOW
BSE,STOCK,COMMAND,Command Polymers,,543843,MT,COMMAND.BO,21.0,400.0,FAIL,PRICE_TOO_LOW
BSE,STOCK,COMPEAU,Competent Automobiles,,531041,B,COMPEAU.BO,360.04998779296875,3423.75,FAIL,VOLUME_TOO_LOW
BSE,STOCK,COMPINFO,Compuage Infocom,,532456,Z,COMPINFO.BO,1.0700000524520874,12155.45,FAIL,PRICE_TOO_LOW
BSE,STOCK,COMPUPN,Computer Point,,507833,X,COMPUPN.BO,3.4800000190734863,106154.7,FAIL,PRICE_TOO_LOW
BSE,STOCK,COMPUSOFT,Compucom Software,,532339,B,COMPUSOFT.BO,13.0,5405.7,FAIL,PRICE_TOO_LOW
BSE,STOCK,COMRADE,Comrade Appliances,,543921,MT,COMRADE.BO,35.0,3050.0,FAIL,PRICE_TOO_LOW
BSE,STOCK,COMSYN,Commercial Syn Bags,,539986,B,COMSYN.BO,302.1000061035156,45562.45,FAIL,VOLUME_TOO_LOW
BSE,STOCK,CONART,Conart Engineers,,522231,X,CONART.BO,95.83000183105467,15888.25,FAIL,VOLUME_TOO_LOW
BSE,STOCK,CONCORD,Concord Drugs,,538965,X,CONCORD.BO,80.30999755859375,5684.4,FAIL,VOLUME_TOO_LOW
BSE,STOCK,CONCORDBIO,Concord Biotech,,543960,A,CONCORDBIO.BO,1448.449951171875,125645.55,PASS,PASS
BSE,STOCK,CONFIPET,Confidence Petroleum,,526829,B,CONFIPET.BO,84.30999755859375,232926.25,PASS,PASS
BSE,STOCK,CONSTRONIC,Constronics Infra,,523844,X,CONSTRONIC.BO,44.9900016784668,564.75,FAIL,PRICE_TOO_LOW
BSE,STOCK,CONTAINE,Containe Technologies,,543606,M,CONTAINE.BO,18.25,20791.55,FAIL,PRICE_TOO_LOW
BSE,STOCK,CONTAINER,Containerway Internationa,,540597,X,CONTAINER.BO,17.450000762939453,10304.95,FAIL,PRICE_TOO_LOW
BSE,STOCK,CONTCHM,Continental Chemicals,,506935,X,CONTCHM.BO,57.810001373291016,79.85,FAIL,VOLUME_TOO_LOW
BSE,STOCK,CONTICON,Continental Controls,,531460,XT,CONTICON.BO,15.699999809265137,4331.1,FAIL,PRICE_TOO_LOW
BSE,STOCK,CONTILI,Contil,,531067,X,CONTILI.BO,19.61000061035156,6004.55,FAIL,PRICE_TOO_LOW
BSE,STOCK,CONTPTR,Continental Petroleums,,523232,X,CONTPTR.BO,76.0999984741211,2154.5,FAIL,VOLUME_TOO_LOW
BSE,STOCK,CONTROLPR,Control Print,,522295,B,CONTROLPR.BO,599.75,1382.85,FAIL,VOLUME_TOO_LOW
BSE,STOCK,CORALAB,Coral Laboratories,,524506,XT,CORALAB.BO,585.0,1790.25,FAIL,VOLUME_TOO_LOW
BSE,STOCK,CORALFINAC,Coral India Finance,,531556,B,CORALFINAC.BO,32.95000076293945,101221.5,FAIL,PRICE_TOO_LOW
BSE,STOCK,CORDELIA,Waterways Leisure Tourism,,544802,B,CORDELIA.BO,101.75,258916.75,PASS,PASS
BSE,STOCK,CORDSCABLE,Cords Cable Industries,,532941,B,CORDSCABLE.BO,301.54998779296875,16700.6,FAIL,VOLUME_TOO_LOW
BSE,STOCK,CORNE,Coral Newsprints,,530755,X,CORNE.BO,8.899999618530273,79.7,FAIL,PRICE_TOO_LOW
BSE,STOCK,COROENGG,Coromandel Engineering Company,,533167,X,COROENGG.BO,56.540000915527344,7967.8,FAIL,VOLUME_TOO_LOW
BSE,STOCK,COROMANDEL,Coromandel International,,506395,A,COROMANDEL.BO,1930.699951171875,118314.5,PASS,PASS
BSE,STOCK,CORONA,Corona Remedies,,544644,B,CORONA.BO,2124.35009765625,2980.1,FAIL,VOLUME_TOO_LOW
BSE,STOCK,COSCO,Cosco,,530545,X,COSCO.BO,185.5,566.5,FAIL,VOLUME_TOO_LOW
BSE,STOCK,COSMICCRF,Cosmic CRF,,543928,MT,COSMICCRF.BO,1302.050048828125,5755.0,FAIL,VOLUME_TOO_LOW
BSE,STOCK,COSMOFE,Cosmo Ferrites,,523100,XT,COSMOFE.BO,198.3999938964844,4228.55,FAIL,VOLUME_TOO_LOW
BSE,STOCK,COSMOFIRST,Cosmo First,,508814,B,COSMOFIRST.BO,939.3499755859376,5470.2,FAIL,VOLUME_TOO_LOW
BSE,STOCK,COSPOWER,Cospower Engineering,,543172,MT,COSPOWER.BO,1960.0,393.75,FAIL,VOLUME_TOO_LOW
BSE,STOCK,COSYN,COSYN,,538922,X,COSYN.BO,22.71999931335449,2743.95,FAIL,PRICE_TOO_LOW
BSE,STOCK,COTFAB,United Cotfab,,544195,M,COTFAB.BO,13.5,8400.0,FAIL,PRICE_TOO_LOW
BSE,STOCK,COUNCODOS,Country Condos,,531624,T,COUNCODOS.BO,6.690000057220459,30143.3,FAIL,PRICE_TOO_LOW
BSE,STOCK,COVANCE,Covance Softsol,,544361,XT,COVANCE.BO,148.1999969482422,6761.3,FAIL,VOLUME_TOO_LOW
BSE,STOCK,CPCAP,CP Capital,,533260,B,CPCAP.BO,116.0999984741211,4791.05,FAIL,VOLUME_TOO_LOW
BSE,STOCK,CPEDU,Career Point Edutech,,544499,B,CPEDU.BO,191.8999938964844,601.6,FAIL,VOLUME_TOO_LOW
BSE,STOCK,CPL,Captain Polyplast,,536974,B,CPL.BO,62.09999847412109,9280.15,FAIL,VOLUME_TOO_LOW
BSE,STOCK,CPML,City Pulse Multiventures,,542727,M,CPML.BO,126.5500030517578,1450.0,FAIL,VOLUME_TOO_LOW
BSE,STOCK,CPPLUS,Aditya Infotech,,544466,A,CPPLUS.BO,3748.550048828125,29549.6,FAIL,VOLUME_TOO_LOW
BSE,STOCK,CRAFTSMAN,Craftsman Automation,,543276,A,CRAFTSMAN.BO,11244.5498046875,2254.9,FAIL,VOLUME_TOO_LOW
BSE,STOCK,CRAMC,Canara Robeco Asset Management Company,,544580,B,CRAMC.BO,251.0,19107.75,FAIL,VOLUME_TOO_LOW
BSE,STOCK,CRANEINFRA,Crane Infrastructure,,538770,X,CRANEINFRA.BO,11.6899995803833,2062.85,FAIL,PRICE_TOO_LOW
BSE,STOCK,CRANESSOFT,Cranes Software International,,512093,Z,CRANESSOFT.BO,5.269999980926514,107742.6,FAIL,PRICE_TOO_LOW
BSE,STOCK,CRANEX,Cranex,,522001,XT,CRANEX.BO,79.69999694824219,4427.45,FAIL,VOLUME_TOO_LOW
BSE,STOCK,CRAVATEX,Cravatex,,509472,B,CRAVATEX.BO,339.3500061035156,200.45,FAIL,VOLUME_TOO_LOW
BSE,STOCK,CRAZY,Crazy Snacks,,544807,M,CRAZY.BO,60.0,58650.0,FAIL,VOLUME_TOO_LOW
BSE,STOCK,CREATIVE,Creative Castings,,539527,X,CREATIVE.BO,660.5,295.75,FAIL,VOLUME_TOO_LOW
BSE,STOCK,CREATIVEYE,Creative Eye,,532392,B,CREATIVEYE.BO,6.320000171661377,1619.85,FAIL,PRICE_TOO_LOW
BSE,STOCK,CREDITACC,Credit Access Grameen,,541770,A,CREDITACC.BO,1437.449951171875,25123.1,FAIL,VOLUME_TOO_LOW
BSE,STOCK,CRESCENTIS,Crescentis Capital,,511571,X,CRESCENTIS.BO,99.5500030517578,2489.15,FAIL,VOLUME_TOO_LOW
BSE,STOCK,CREST,Crest Ventures,,511413,B,CREST.BO,369.5,162.2,FAIL,VOLUME_TOO_LOW
BSE,STOCK,CRIMSON,Crimson Metal Engineering,,526977,P,CRIMSON.BO,26.13999938964844,265.0,FAIL,PRICE_TOO_LOW
BSE,STOCK,CRIZAC,Crizac,,544439,B,CRIZAC.BO,162.25,20740.0,FAIL,VOLUME_TOO_LOW
BSE,STOCK,CROISSANCE,Croissance,,531909,XT,CROISSANCE.BO,1.1699999570846558,184421.7,FAIL,PRICE_TOO_LOW
BSE,STOCK,CROMPTON,Crompton Greaves,,539876,A,CROMPTON.BO,226.5500030517578,332990.15,PASS,PASS
BSE,STOCK,CROPSTER,Cropster Agro,,523105,T,CROPSTER.BO,3.059999942779541,10687745.85,FAIL,PRICE_TOO_LOW
BSE,STOCK,CRSL,Cressanda Railway Solutions,,512379,T,CRSL.BO,2.609999895095825,411364.05,FAIL,PRICE_TOO_LOW
BSE,STOCK,CRSTCHM,Crestchem,,526269,XT,CRSTCHM.BO,130.0,1277.15,FAIL,VOLUME_TOO_LOW
BSE,STOCK,CRYOGENIC,Cryogenic Ogs,,544440,MT,CRYOGENIC.BO,365.0,11287.5,FAIL,VOLUME_TOO_LOW
BSE,STOCK,CRYSTAL,Crystal Business System,,540821,X,CRYSTAL.BO,2.039999961853028,66894.95,FAIL,PRICE_TOO_LOW
BSE,STOCK,CSBBANK,CSB Bank,,542867,A,CSBBANK.BO,324.8999938964844,21377.0,FAIL,VOLUME_TOO_LOW
BSE,STOCK,CSL,Continental Securities,,538868,XT,CSL.BO,21.649999618530277,321884.1,FAIL,PRICE_TOO_LOW
BSE,STOCK,CSLFINANCE,CSL Finance,,530067,B,CSLFINANCE.BO,242.8999938964844,4881.95,FAIL,VOLUME_TOO_LOW
BSE,STOCK,CSM,CSM Technologies,,544806,B,CSM.BO,94.06999969482422,16941.6,FAIL,VOLUME_TOO_LOW
BSE,STOCK,CSURGSU,Centenial Surgical Suture,,531380,X,CSURGSU.BO,92.7300033569336,131.2,FAIL,VOLUME_TOO_LOW
BSE,STOCK,CTCL,Captain Technocast,,540652,MT,CTCL.BO,255.0,900.0,FAIL,VOLUME_TOO_LOW
BSE,STOCK,CTE,Cambridge Technology Enterprises,,532801,T,CTE.BO,41.61000061035156,4430.8,FAIL,PRICE_TOO_LOW
BSE,STOCK,CTL,Capital Trade Links,,538476,XT,CTL.BO,27.670000076293945,82497.25,FAIL,PRICE_TOO_LOW
BSE,STOCK,CTLLAB,Clinitech Laboratory,,544220,M,CTLLAB.BO,35.099998474121094,300.0,FAIL,PRICE_TOO_LOW
BSE,STOCK,CUB,City Union Bank,,532210,A,CUB.BO,234.6499938964844,140895.15,PASS,PASS
BSE,STOCK,CUBEXTUB,Cubex Tubings,,526027,B,CUBEXTUB.BO,76.5199966430664,4907.9,FAIL,VOLUME_TOO_LOW
BSE,STOCK,CUBIFIN,Cubical Financial Service,,511710,XT,CUBIFIN.BO,5.5,50324.9,FAIL,PRICE_TOO_LOW
BSE,STOCK,CUMMINSIND,Cummins,,500480,A,500480.BO,5452.60009765625,23666.1,FAIL,VOLUME_TOO_LOW
BSE,STOCK,CUPID,Cupid,,530843,A,CUPID.BO,279.70001220703125,3115844.7,PASS,PASS
BSE,STOCK,CUPIDALBV,Cupid Breweries And Distilleries,,512361,XT,CUPIDALBV.BO,25.670000076293945,74741.85,FAIL,PRICE_TOO_LOW
BSE,STOCK,CURAA,Cura Technologies,,532332,B,CURAA.BO,68.12999725341797,76.9,FAIL,VOLUME_TOO_LOW
BSE,STOCK,CWD,CWD,,543378,MS,CWD.BO,326.0,29500.0,FAIL,VOLUME_TOO_LOW
BSE,STOCK,CYBELEIND,Cybele Industries,,531472,X,CYBELEIND.BO,39.15999984741211,9394.0,FAIL,PRICE_TOO_LOW
BSE,STOCK,CYBERTECH,Cybertech Systems & Software,,532173,T,CYBERTECH.BO,132.5500030517578,1547.6,FAIL,VOLUME_TOO_LOW
BSE,STOCK,CYIENT,Cyient,,532175,A,CYIENT.BO,1110.5,290240.95,PASS,PASS
BSE,STOCK,CYIENTDLM,Cyient DLM,,543933,B,CYIENTDLM.BO,836.4000244140625,113408.4,PASS,PASS
BSE,STOCK,DACHEPALLI,Dachepalli Publishers,,544667,M,DACHEPALLI.BO,78.0,36540.0,FAIL,VOLUME_TOO_LOW
BSE,STOCK,DAICHI,Dai-ichi Karkaria,,526821,B,DAICHI.BO,365.8999938964844,1509.8,FAIL,VOLUME_TOO_LOW
BSE,STOCK,DAIKAFFI,Daikaffil Chemicals,,530825,XT,DAIKAFFI.BO,47.9900016784668,9601.15,FAIL,PRICE_TOO_LOW
BSE,STOCK,DAL,Dynamic Archistructures,,539681,X,DAL.BO,46.58000183105469,0.0,FAIL,PRICE_TOO_LOW
BSE,STOCK,DALBHARAT,Dalmia Bharat,,542216,A,DALBHARAT.BO,1770.5999755859375,5557.5,FAIL,VOLUME_TOO_LOW
BSE,STOCK,DALMIASUG,Dalmia Bharat Sugar & Industries,,500097,B,500097.BO,367.3500061035156,22657.5,FAIL,VOLUME_TOO_LOW
BSE,STOCK,DAMCAPITAL,DAM Capital Advisors,,544316,B,DAMCAPITAL.BO,145.35000610351562,23638.3,FAIL,VOLUME_TOO_LOW
BSE,STOCK,DAMODARIND,Damodar Industries,,521220,T,DAMODARIND.BO,28.299999237060547,323.7,FAIL,PRICE_TOO_LOW
BSE,STOCK,DANUBE,Danube Industries,,540361,XT,DANUBE.BO,5.46999979019165,147744.95,FAIL,PRICE_TOO_LOW
BSE,STOCK,DAPS,DAPS Advertising,,543651,M,DAPS.BO,24.489999771118164,1400.0,FAIL,PRICE_TOO_LOW
BSE,STOCK,DARJEELING,Darjeeling Industries,,539770,X,DARJEELING.BO,28.01000022888184,12862.5,FAIL,PRICE_TOO_LOW
BSE,STOCK,DARSHANORNA,Darshan Orna,,539884,X,DARSHANORNA.BO,2.1600000858306885,13870.45,FAIL,PRICE_TOO_LOW
BSE,STOCK,DATAMATICS,Datamatics Global Services,,532528,A,DATAMATICS.BO,775.7000122070312,3429.8,FAIL,VOLUME_TOO_LOW
BSE,STOCK,DATAPATTNS,Data Patterns,,543428,A,DATAPATTNS.BO,4584.4501953125,50647.45,FAIL,VOLUME_TOO_LOW
BSE,STOCK,DATIWARE,Datiware Maritime Infra,,519413,P,DATIWARE.BO,59.66999816894531,200.0,FAIL,VOLUME_TOO_LOW
BSE,STOCK,DAULAT,Daulat Securities,,530171,X,DAULAT.BO,29.399999618530277,1405.6,FAIL,PRICE_TOO_LOW
BSE,STOCK,DAVANGERE,Davangere Sugar Company,,543267,B,DAVANGERE.BO,2.049999952316284,1413853.8,FAIL,PRICE_TOO_LOW
BSE,STOCK,DBEIL,Deepak Builders & Engineers,,544276,T,DBEIL.BO,6.21999979019165,29941.75,FAIL,PRICE_TOO_LOW
BSE,STOCK,DBL,Dilip Buildcon,,540047,A,DBL.BO,398.3999938964844,16080.05,FAIL,VOLUME_TOO_LOW
BSE,STOCK,DBOL,Dhampur Bio Organics,,543593,B,DBOL.BO,130.0,25907.8,FAIL,VOLUME_TOO_LOW
BSE,STOCK,DBREALTY,Valor Estate,,533160,A,DBREALTY.BO,103.0999984741211,57673.65,FAIL,VOLUME_TOO_LOW
BSE,STOCK,DBSTOCKBRO,DB International Stock Brokers,,530393,T,DBSTOCKBRO.BO,29.06999969482422,4064.3,FAIL,PRICE_TOO_LOW
BSE,STOCK,DCAL,Dishman Carbogen Amcis,,540701,B,DCAL.BO,177.10000610351562,23777.1,FAIL,VOLUME_TOO_LOW
BSE,STOCK,DCBBANK,DCB Bank,,532772,A,DCBBANK.BO,222.4499969482422,217567.9,PASS,PASS
BSE,STOCK,DCI,DC Infotech & Communications,,543636,B,DCI.BO,357.6000061035156,7308.3,FAIL,VOLUME_TOO_LOW
BSE,STOCK,DCMFINSERV,DCM Financial Services,,511611,B,511611.BO,5.130000114440918,2092.95,FAIL,PRICE_TOO_LOW
BSE,STOCK,DCMNVL,DCM Nouvelle,,542729,B,DCMNVL.BO,180.6999969482422,7778.95,FAIL,VOLUME_TOO_LOW
BSE,STOCK,DCMSHRIRAM,DCM Shriram Consolidated,,523367,A,DCMSHRIRAM.BO,1020.0,11349.85,FAIL,VOLUME_TOO_LOW
BSE,STOCK,DCMSIL,DCM Shriram International,,544702,B,DCMSIL.BO,70.5999984741211,11728.45,FAIL,VOLUME_TOO_LOW
BSE,STOCK,DCMSRIND,DCM Shriram Industries,,523369,B,DCMSRIND.BO,46.52999877929688,38428.7,FAIL,PRICE_TOO_LOW
BSE,STOCK,DCXINDIA,DCX Systems,,543650,B,DCXINDIA.BO,169.60000610351562,42750.5,FAIL,VOLUME_TOO_LOW
BSE,STOCK,DDEVPLSTIK,Ddev Plastiks Industries,,543547,B,DDEVPLSTIK.BO,273.5,13689.75,FAIL,VOLUME_TOO_LOW
BSE,STOCK,DECCAN,Deccan Health Care,,542248,T,DECCAN.BO,12.5,13907.05,FAIL,PRICE_TOO_LOW
BSE,STOCK,DECIPHER,Decipher Labs,,524752,X,DECIPHER.BO,5.599999904632568,3518.1,FAIL,PRICE_TOO_LOW
BSE,STOCK,DECNGOLD,Deccan Gold Mines,,512068,B,DECNGOLD.BO,213.75,348291.25,PASS,PASS
BSE,STOCK,DECOMIC,Deco Mica,,531227,X,DECOMIC.BO,58.0099983215332,210.25,FAIL,VOLUME_TOO_LOW
BSE,STOCK,DECPO,Deccan Polypacks,,531989,X,DECPO.BO,22.0,89.25,FAIL,PRICE_TOO_LOW
BSE,STOCK,DEEDEV,DEE Development Engineers,,544198,B,DEEDEV.BO,646.4500122070312,22546.1,FAIL,VOLUME_TOO_LOW
BSE,STOCK,DEEP,Deep Polymers,,541778,B,DEEP.BO,36.09999847412109,9956.95,FAIL,PRICE_TOO_LOW
BSE,STOCK,DEEPAI,Deep Health AI,,539559,XT,DEEPAI.BO,1.809999942779541,341358.15,FAIL,PRICE_TOO_LOW
BSE,STOCK,DEEPAKCHEM,Deepak Chemtex,,544036,M,DEEPAKCHEM.BO,83.9000015258789,5880.0,FAIL,VOLUME_TOO_LOW
BSE,STOCK,DEEPAKNTR,Deepak Nitrite,,506401,A,DEEPAKNTR.BO,1727.25,92099.35,FAIL,VOLUME_TOO_LOW
BSE,STOCK,DEEPAKSP,Deepak Spinners,,514030,X,DEEPAKSP.BO,142.25,3563.75,FAIL,VOLUME_TOO_LOW
BSE,STOCK,DEEPINDS,Deep Industries,,543288,B,DEEPINDS.BO,745.3499755859375,26900.1,FAIL,VOLUME_TOO_LOW
BSE,STOCK,DEFRAIL,Defrail Technologies,,544677,M,DEFRAIL.BO,70.0,6080.0,FAIL,VOLUME_TOO_LOW
BSE,STOCK,DEL,Dhanashree Electronics,,542679,X,DEL.BO,131.0,332.25,FAIL,VOLUME_TOO_LOW
BSE,STOCK,DELHIVERY,Delhivery,,543529,A,DELHIVERY.BO,459.6000061035156,198498.95,PASS,PASS
BSE,STOCK,DELPHIFX,Delphi World Money,,533452,T,DELPHIFX.BO,6.059999942779541,20129.55,FAIL,PRICE_TOO_LOW
BSE,STOCK,DELTA,Delta Industrial Res,,539596,X,DELTA.BO,11.0,2042.5,FAIL,PRICE_TOO_LOW
BSE,STOCK,DELTACORP,Delta Corp,,532848,B,DELTACORP.BO,56.34000015258789,76258.25,FAIL,VOLUME_TOO_LOW
BSE,STOCK,DELTAMAGNT,Delta Manufacturing,,504286,B,DELTAMAGNT.BO,57.2599983215332,598.75,FAIL,VOLUME_TOO_LOW
BSE,STOCK,DEN,Den Networks,,533137,B,DEN.BO,27.63999938964844,24506.1,FAIL,PRICE_TOO_LOW
BSE,STOCK,DENISCHEM,Denis Chem Lab,,537536,X,DENISCHEM.BO,70.83999633789062,19387.55,FAIL,VOLUME_TOO_LOW
BSE,STOCK,DENORA,De Nora,,590031,B,DENORA.BO,834.6500244140625,440.15,FAIL,VOLUME_TOO_LOW
BSE,STOCK,DENTA,Denta Water and Infra Solutions,,544345,B,DENTA.BO,270.6000061035156,12282.05,FAIL,VOLUME_TOO_LOW
BSE,STOCK,DESCO,Desco Infratech,,544387,M,DESCO.BO,168.25,17300.0,FAIL,VOLUME_TOO_LOW
BSE,STOCK,DESHRAK,Desh Rakshak Aushdhalaya,,531521,P,DESHRAK.BO,26.899999618530277,50.0,FAIL,PRICE_TOO_LOW
BSE,STOCK,DEVINE,Devine Impex,,531585,X,DEVINE.BO,8.569999694824219,16.75,FAIL,PRICE_TOO_LOW
BSE,STOCK,DEVIT,Dev Information Technology,,543462,B,DEVIT.BO,24.549999237060547,3844.75,FAIL,PRICE_TOO_LOW
BSE,STOCK,DEVLAB,Dev Labtech Venture,,543848,M,DEVLAB.BO,17.690000534057617,4600.0,FAIL,PRICE_TOO_LOW
BSE,STOCK,DEVSON,Devson Catalyst,,544823,M,DEVSON.BO,282.45001220703125,89400.0,FAIL,VOLUME_TOO_LOW
BSE,STOCK,DEVX,Dev Accelerator,,544513,B,DEVX.BO,32.369998931884766,9076.25,FAIL,PRICE_TOO_LOW
BSE,STOCK,DEVYANI,Devyani International,,543330,A,DEVYANI.BO,138.10000610351562,439966.95,PASS,PASS
BSE,STOCK,DFL,Decillion Finance,,539190,X,DFL.BO,40.09999847412109,3756.85,FAIL,PRICE_TOO_LOW
BSE,STOCK,DFPL,Dindigul Farm Products,,544201,M,DFPL.BO,15.350000381469728,22300.0,FAIL,PRICE_TOO_LOW
BSE,STOCK,DGCONTENT,Digicontent,,542685,B,DGCONTENT.BO,24.479999542236328,4732.8,FAIL,PRICE_TOO_LOW
BSE,STOCK,DGL,Diksha Greens,,542155,MT,DGL.BO,0.9200000166893004,6000.0,FAIL,PRICE_TOO_LOW
BSE,STOCK,DHABRIYA,Dhabriya Polywood,,538715,T,DHABRIYA.BO,519.7999877929688,25336.75,FAIL,VOLUME_TOO_LOW
BSE,STOCK,DHAMPURE,Dhampure Speciality Sugars,,531923,X,DHAMPURE.BO,141.5500030517578,15098.55,FAIL,VOLUME_TOO_LOW
BSE,STOCK,DHAMPURSUG,Dhampur Sugar Mills,,500119,B,500119.BO,142.14999389648438,14769.65,FAIL,VOLUME_TOO_LOW
BSE,STOCK,DHANCOT,Dhanlaxmi Cotex,,512485,XT,DHANCOT.BO,145.0500030517578,27.5,FAIL,VOLUME_TOO_LOW
BSE,STOCK,DHANFAB,Dhanlaxmi Fabrics,,521151,X,DHANFAB.BO,52.20000076293945,22.3,FAIL,VOLUME_TOO_LOW
BSE,STOCK,DHANROTO,Dhanalaxmi Roto Spinners,,521216,X,DHANROTO.BO,74.75,3053.1,FAIL,VOLUME_TOO_LOW
BSE,STOCK,DHANSAFAL,Dhansafal Finserve,,512048,X,DHANSAFAL.BO,2.400000095367432,61550.85,FAIL,PRICE_TOO_LOW
BSE,STOCK,DHANUKA,Dhanuka Agritech,,507717,B,DHANUKA.BO,1006.75,877.2,FAIL,VOLUME_TOO_LOW
BSE,STOCK,DHARAN,Dharan Infra-EPC,,541161,Z,DHARAN.BO,0.1899999976158142,279208.1,FAIL,PRICE_TOO_LOW
BSE,STOCK,DHARFIN,Dharani Finance,,511451,XT,DHARFIN.BO,12.880000114440918,1441.25,FAIL,PRICE_TOO_LOW
BSE,STOCK,DHARMAJ,Dharmaj Crop Guard,,543687,B,DHARMAJ.BO,267.6000061035156,7989.4,FAIL,VOLUME_TOO_LOW
BSE,STOCK,DHARNI,Dharni Capital Services,,543753,M,DHARNI.BO,55.0,1950.0,FAIL,VOLUME_TOO_LOW
BSE,STOCK,DHATRE,Dhatre Udyog,,540080,B,DHATRE.BO,4.369999885559082,49592.05,FAIL,PRICE_TOO_LOW
BSE,STOCK,DHENUBUILD,Dhenu Buildcon Infra,,501945,Z,DHENUBUILD.BO,6.349999904632568,42560.8,FAIL,PRICE_TOO_LOW
BSE,STOCK,DHILLON,Dhillon Freight Carrier,,544556,M,DHILLON.BO,31.0,3280.0,FAIL,PRICE_TOO_LOW
BSE,STOCK,DHINDIA,D&H India,,517514,X,DHINDIA.BO,161.10000610351562,4371.4,FAIL,VOLUME_TOO_LOW
BSE,STOCK,DHOOTIN,Dhoot Industrial Finance,,526971,XT,DHOOTIN.BO,285.0,7720.25,FAIL,VOLUME_TOO_LOW
BSE,STOCK,DHPIND,DHP India,,531306,X,DHPIND.BO,512.2000122070312,1028.55,FAIL,VOLUME_TOO_LOW
BSE,STOCK,DHRUV,Dhruv Consultancy,,541302,B,DHRUV.BO,23.0,1014.8,FAIL,PRICE_TOO_LOW
BSE,STOCK,DHRUVCA,Dhruva Capital Services,,531237,X,DHRUVCA.BO,86.70999908447266,13284.05,FAIL,VOLUME_TOO_LOW
BSE,STOCK,DHUNINV,Dhunseri Investments,,533336,B,DHUNINV.BO,1025.0,356.75,FAIL,VOLUME_TOO_LOW
BSE,STOCK,DHVIJAFIN,F Mec International Financial Services,,539552,XT,539552.BO,11.239999771118164,98434.9,FAIL,PRICE_TOO_LOW
BSE,STOCK,DHYAANITR,Dhyaani Tradeventtures,,543516,MT,DHYAANITR.BO,7.050000190734863,104440.0,FAIL,PRICE_TOO_LOW
BSE,STOCK,DIACABS,Diamond Power Infrastructure,,522163,T,DIACABS.BO,322.3999938964844,79729.45,FAIL,VOLUME_TOO_LOW
BSE,STOCK,DIAMINESQ,Diamines & Chemicals,,500120,B,DIAMINESQ.BO,246.0,985.25,FAIL,VOLUME_TOO_LOW
BSE,STOCK,DIAMONDYD,Prataap Snacks,,540724,B,DIAMONDYD.BO,1159.25,1071.4,FAIL,VOLUME_TOO_LOW
BSE,STOCK,DIANATEA,Diana Tea Company,,530959,X,DIANATEA.BO,29.030000686645508,26057.5,FAIL,PRICE_TOO_LOW
BSE,STOCK,DICIND,DIC India,,500089,B,500089.BO,512.9000244140625,295.1,FAIL,VOLUME_TOO_LOW
BSE,STOCK,DIDL,Dalmia Industrial Development,,539900,X,DIDL.BO,9.170000076293944,2309.55,FAIL,PRICE_TOO_LOW
BSE,STOCK,DIFFNKG,Diffusion Engineers,,544264,B,DIFFNKG.BO,479.1000061035156,33189.45,FAIL,VOLUME_TOO_LOW
BSE,STOCK,DIGIDRIVE,Digidrive Distributors,,544079,B,DIGIDRIVE.BO,17.329999923706055,2283.7,FAIL,PRICE_TOO_LOW
BSE,STOCK,DIGILOGIC,Digilogic Systems,,544684,MT,DIGILOGIC.BO,173.25,54480.0,FAIL,VOLUME_TOO_LOW
BSE,STOCK,DIGISPICE,Digispice Technologies,,517214,B,DIGISPICE.BO,16.969999313354492,8969.2,FAIL,PRICE_TOO_LOW
BSE,STOCK,DIGITIDE,Digitide Solutions,,544413,B,DIGITIDE.BO,95.8000030517578,17859.55,FAIL,VOLUME_TOO_LOW
BSE,STOCK,DIGJAMLMTD,DIGJAM,,539979,B,DIGJAMLMTD.BO,50.75,1362.2,FAIL,VOLUME_TOO_LOW
BSE,STOCK,DIKSAT,Diksat Transworld,,540151,MT,DIKSAT.BO,125.0999984741211,0.0,FAIL,VOLUME_TOO_LOW
BSE,STOCK,DIKSHA,Diksha Polymers,,544798,MT,DIKSHA.BO,205.0,6600.0,FAIL,VOLUME_TOO_LOW
BSE,STOCK,DILIGENT,Diligent Industries,,531153,X,DILIGENT.BO,2.109999895095825,97765.05,FAIL,PRICE_TOO_LOW
BSE,STOCK,DISAQ,DISA,,500068,B,DISAQ.BO,11805.75,53.2,FAIL,VOLUME_TOO_LOW
BSE,STOCK,DISHTV,Dish TV,,532839,B,DISHTV.BO,2.619999885559082,177858.05,FAIL,PRICE_TOO_LOW
BSE,STOCK,DITCO,Decorous Investment & Trading Co,,539405,X,DITCO.BO,12.380000114440918,2028.95,FAIL,PRICE_TOO_LOW
BSE,STOCK,DIVGIITTS,Divgi Torqtransfer Systems,,543812,B,DIVGIITTS.BO,1239.5,14921.05,FAIL,VOLUME_TOO_LOW
BSE,STOCK,DIVISLAB,Divis Laboratories,,532488,A,DIVISLAB.BO,9245.0,34344.8,FAIL,VOLUME_TOO_LOW
BSE,STOCK,DIVSHKT,Divyashakti Granites,,526315,X,DIVSHKT.BO,59.7599983215332,5524.95,FAIL,VOLUME_TOO_LOW
BSE,STOCK,DIXON,Dixon Technologies,,540699,A,DIXON.BO,14454.0,29914.9,FAIL,VOLUME_TOO_LOW
BSE,STOCK,DJML,DJ Mediaprint & Logistics,,543193,B,DJML.BO,71.47000122070312,46224.15,FAIL,VOLUME_TOO_LOW
BSE,STOCK,DKUAL,Sai Swami Metals & Alloys,,544170,M,DKUAL.BO,7.949999809265137,14400.0,FAIL,PRICE_TOO_LOW
BSE,STOCK,DLCL,Dr Lalchandani Labs,,541299,M,DLCL.BO,8.039999961853027,48000.0,FAIL,PRICE_TOO_LOW
BSE,STOCK,DLF,DLF,,532868,A,DLF.BO,681.0,99464.5,FAIL,VOLUME_TOO_LOW
BSE,STOCK,DLINKINDIA,D-Link,,533146,B,DLINKINDIA.BO,451.9500122070313,11199.1,FAIL,VOLUME_TOO_LOW
BSE,STOCK,DLTNCBL,Delton Cables,,504240,X,DLTNCBL.BO,585.7000122070312,24691.3,FAIL,VOLUME_TOO_LOW
BSE,STOCK,DMART,Avenue Supermarts DMart,,540376,A,DMART.BO,3760.0,395628.3,PASS,PASS
BSE,STOCK,DMCC,DMCC Speciality Chemicals,,506405,B,DMCC.BO,295.8999938964844,9944.1,FAIL,VOLUME_TOO_LOW
BSE,STOCK,DML,Diggi Multitrade,,540811,M,DML.BO,13.68000030517578,11750.0,FAIL,PRICE_TOO_LOW
BSE,STOCK,DMR,DMR Engineering,,543410,M,DMR.BO,27.350000381469727,7702.5,FAIL,PRICE_TOO_LOW
BSE,STOCK,DNAMEDIA,Diligent Media Corporation,,540789,B,DNAMEDIA.BO,2.5999999046325684,12400.8,FAIL,PRICE_TOO_LOW
BSE,STOCK,DODLA,Dodla Dairy,,543306,A,DODLA.BO,1074.300048828125,9243.55,FAIL,VOLUME_TOO_LOW
BSE,STOCK,DOLATALGO,Dolat Algotech,,505526,B,DOLATALGO.BO,70.16000366210938,17773.55,FAIL,VOLUME_TOO_LOW
BSE,STOCK,DOLFIN,Dolfin Rubbers,,542013,B,DOLFIN.BO,170.35000610351562,6744.6,FAIL,VOLUME_TOO_LOW
BSE,STOCK,DOLLAR,Dollar Industries,,541403,B,DOLLAR.BO,265.54998779296875,7528.6,FAIL,VOLUME_TOO_LOW
BSE,STOCK,DOLPHIN,Dolphin Offshore,,522261,B,DOLPHIN.BO,620.9000244140625,10011.7,FAIL,VOLUME_TOO_LOW
BSE,STOCK,DOMS,DOMS Industries,,544045,A,DOMS.BO,2206.39990234375,8507.8,FAIL,VOLUME_TOO_LOW
BSE,STOCK,DPABHUSHAN,D P Abhushan,,544161,B,DPABHUSHAN.BO,1359.8499755859375,1959.8,FAIL,VOLUME_TOO_LOW
BSE,STOCK,DPL,Dipna Pharmachem,,543594,M,DPL.BO,5.800000190734863,92100.0,FAIL,PRICE_TOO_LOW
BSE,STOCK,DPWIRES,DP Wires,,543962,T,DPWIRES.BO,154.0,852.2,FAIL,VOLUME_TOO_LOW
BSE,STOCK,DRA,DRA Consultants,,540144,M,DRA.BO,18.0,6000.0,FAIL,PRICE_TOO_LOW
BSE,STOCK,DRAGARWQ,Dr. Agrawals Eye Hospital,,526783,B,DRAGARWQ.BO,5336.5498046875,355.15,FAIL,VOLUME_TOO_LOW
BSE,STOCK,DRCSYSTEMS,DRC Systems India,,543268,B,DRCSYSTEMS.BO,13.390000343322754,10672.6,FAIL,PRICE_TOO_LOW
BSE,STOCK,DREAMFOLKS,Dreamfolks Services,,543591,B,DREAMFOLKS.BO,66.41000366210938,7790.6,FAIL,VOLUME_TOO_LOW
BSE,STOCK,DREDGECORP,Dredging Corporation of India,,523618,B,DREDGECORP.BO,1076.050048828125,8931.7,FAIL,VOLUME_TOO_LOW
BSE,STOCK,DRL,Disha Resources,,531553,XT,DRL.BO,36.83000183105469,144614.25,FAIL,PRICE_TOO_LOW
BSE,STOCK,DRONACHRYA,Droneacharya Aerial Innovation,,543713,M,DRONACHRYA.BO,33.220001220703125,28200.0,FAIL,PRICE_TOO_LOW
BSE,STOCK,DSFCL,DCM Shriram Fine Chemicals,,544703,T,DSFCL.BO,25.729999542236328,9972.2,FAIL,PRICE_TOO_LOW
BSE,STOCK,DSINVEST,Dalal Street Investments,,501148,XT,DSINVEST.BO,357.79998779296875,74.55,FAIL,VOLUME_TOO_LOW
BSE,STOCK,DSKULKARNI,DS Kulkarni Developers,,523890,T,DSKULKARNI.BO,9.029999732971191,0.05,FAIL,PRICE_TOO_LOW
BSE,STOCK,DSSL,Dynacons Systems & Solutions,,532365,B,DSSL.BO,1004.4000244140624,2681.35,FAIL,VOLUME_TOO_LOW
BSE,STOCK,DTIL,Dhunseri Tea & Industries,,538902,T,DTIL.BO,148.0,4304.75,FAIL,VOLUME_TOO_LOW
BSE,STOCK,DUCON,Ducon Infratechnologies,,534674,B,DUCON.BO,1.9299999475479128,259406.9,FAIL,PRICE_TOO_LOW
BSE,STOCK,DUKEOFS,Duke Offshore,,531471,XT,DUKEOFS.BO,61.31999969482422,13097.25,FAIL,VOLUME_TOO_LOW
BSE,STOCK,DUNCANENG,Duncan Engineering,,504908,X,DUNCANENG.BO,359.1000061035156,1578.2,FAIL,VOLUME_TOO_LOW
BSE,STOCK,DUROPACK,Duro Pack,,526355,X,DUROPACK.BO,70.01000213623047,1046.75,FAIL,VOLUME_TOO_LOW
BSE,STOCK,DUROPLY,Duroply Industries,,516003,X,DUROPLY.BO,106.66999816894533,5146.05,FAIL,VOLUME_TOO_LOW
BSE,STOCK,DUTRON,Dutron Polymers,,517437,X,DUTRON.BO,100.5500030517578,210.85,FAIL,VOLUME_TOO_LOW
BSE,STOCK,DVL,Dhunseri Ventures,,523736,B,DVL.BO,286.6000061035156,3499.45,FAIL,VOLUME_TOO_LOW
BSE,STOCK,DWARKESH,Dwarikesh Sugar Industries,,532610,B,DWARKESH.BO,49.290000915527344,338138.85,FAIL,PRICE_TOO_LOW
BSE,STOCK,DYCL,Dynamic Cables,,540795,B,DYCL.BO,545.2000122070312,66075.4,FAIL,VOLUME_TOO_LOW
BSE,STOCK,DYNAMATECH,Dynamatic Technologies,,505242,A,DYNAMATECH.BO,11524.0498046875,928.25,FAIL,VOLUME_TOO_LOW
BSE,STOCK,DYNAMICP,Dynamic Portfolio,,530779,X,DYNAMICP.BO,14.25,256.55,FAIL,PRICE_TOO_LOW
BSE,STOCK,DYNAMIND,Dynamic Industries,,524818,X,DYNAMIND.BO,111.1999969482422,3183.15,FAIL,VOLUME_TOO_LOW
BSE,STOCK,DYNAVSN,Dynavision,,517238,X,DYNAVSN.BO,242.0,796.45,FAIL,VOLUME_TOO_LOW
BSE,STOCK,DYNPRO,Dynemic Products,,532707,B,DYNPRO.BO,238.75,1240.6,FAIL,VOLUME_TOO_LOW
BSE,STOCK,E2E,E2E Networks,,544783,T,E2E.BO,593.5499877929688,136259.2,PASS,PASS
BSE,STOCK,EARKART,Earkart,,544549,M,EARKART.BO,121.0,1100.0,FAIL,VOLUME_TOO_LOW
BSE,STOCK,EARTH,Earthstahl & Alloys,,543765,M,EARTH.BO,13.0,750.0,FAIL,PRICE_TOO_LOW
BSE,STOCK,EASEMYTRIP,Easy Trip Planners,,543272,B,EASEMYTRIP.BO,5.980000019073486,1703786.3,FAIL,PRICE_TOO_LOW
BSE,STOCK,EASTBUILD,East Buildtech,,507917,XT,EASTBUILD.BO,62.5,82.9,FAIL,VOLUME_TOO_LOW
BSE,STOCK,EASTINDIA,East India Drums & Barrels Mfg.,,523874,XT,EASTINDIA.BO,94.26000213623048,24610.55,FAIL,VOLUME_TOO_LOW
BSE,STOCK,EASTRED,Eastern Treads,,531346,X,EASTRED.BO,30.0,754.8,FAIL,PRICE_TOO_LOW
BSE,STOCK,EASTSILK,Eastern Silk Industries,,590022,T,EASTSILK.BO,61.86000061035156,190.15,FAIL,VOLUME_TOO_LOW
BSE,STOCK,EASTWEST,East West Holdings Freight Carriers,,540006,B,EASTWEST.BO,2.3299999237060547,38796.7,FAIL,PRICE_TOO_LOW
BSE,STOCK,EASUN,Easun Capital Markets,,542906,XT,EASUN.BO,48.25,161.25,FAIL,PRICE_TOO_LOW
BSE,STOCK,EASYFIN,Easy Fincorp,,511074,Z,511074.BO,990.0,0.0,FAIL,VOLUME_TOO_LOW
BSE,STOCK,EBGNG,GNG Electronics,,544455,B,EBGNG.BO,622.2000122070312,46119.25,FAIL,VOLUME_TOO_LOW
BSE,STOCK,EBIX,Artemis EBIX,,531035,T,EBIX.BO,20.18000030517578,133211.85,FAIL,PRICE_TOO_LOW
BSE,STOCK,ECLERX,eClerx Services,,532927,A,ECLERX.BO,1969.4000244140625,23041.6,FAIL,VOLUME_TOO_LOW
BSE,STOCK,ECOBOAR,Ecoboard Industries,,523732,X,ECOBOAR.BO,65.93000030517578,9501.4,FAIL,VOLUME_TOO_LOW
BSE,STOCK,ECOFINITY,Ecofinity Atomix,,539455,X,ECOFINITY.BO,70.94999694824219,15580.05,FAIL,VOLUME_TOO_LOW
BSE,STOCK,ECOHOTELS,ECO Hotels & Resorts,,514402,X,ECOHOTELS.BO,9.010000228881836,58393.8,FAIL,PRICE_TOO_LOW
BSE,STOCK,ECOPLAST,Ecoplast,,526703,X,ECOPLAST.BO,421.2000122070313,2272.7,FAIL,VOLUME_TOO_LOW
BSE,STOCK,ECORECO,Eco Recycling,,530643,B,ECORECO.BO,458.0,9727.35,FAIL,VOLUME_TOO_LOW
BSE,STOCK,ECOSMOBLTY,ECOS Mobility & Hospitality,,544239,B,ECOSMOBLTY.BO,114.0500030517578,9534.2,FAIL,VOLUME_TOO_LOW
BSE,STOCK,ECSTSTL,East Coast Steel,,520081,P,ECSTSTL.BO,19.75,15.0,FAIL,PRICE_TOO_LOW
BSE,STOCK,EDELWEISS,Edelweiss Financial Services,,532922,A,EDELWEISS.BO,134.75,499070.65,PASS,PASS
BSE,STOCK,EDVENSWA,Edvenswa Enterprises,,517170,X,EDVENSWA.BO,21.0,10866.25,FAIL,PRICE_TOO_LOW
BSE,STOCK,EENTER,E & E Enterprises,,501386,XT,EENTER.BO,24.489999771118164,0.0,FAIL,PRICE_TOO_LOW
BSE,STOCK,EFCIL,EFC,,512008,B,EFCIL.BO,200.3500061035156,78562.3,FAIL,VOLUME_TOO_LOW
BSE,STOCK,EFORU,Eforu Entertainment,,531190,XT,EFORU.BO,99.1999969482422,755.35,FAIL,VOLUME_TOO_LOW
BSE,STOCK,EICHERMOT,Eicher Motors,,505200,A,EICHERMOT.BO,7668.0,22849.85,FAIL,VOLUME_TOO_LOW
BSE,STOCK,EIEL,Enviro Infra Engineers,,544290,B,EIEL.BO,195.6499938964844,57407.85,FAIL,VOLUME_TOO_LOW
BSE,STOCK,EIGHTY,Eighty Jewellers,,543518,MT,EIGHTY.BO,35.16999816894531,2400.0,FAIL,PRICE_TOO_LOW
BSE,STOCK,EIHAHOTELS,EIH Associated Hotels,,523127,B,EIHAHOTELS.BO,304.45001220703125,2839.65,FAIL,VOLUME_TOO_LOW
BSE,STOCK,EIHOTEL,EIH Hotels,,500840,A,500840.BO,338.75,18677.3,FAIL,VOLUME_TOO_LOW
BSE,STOCK,EIKO,EIKO Lifesciences,,540204,X,EIKO.BO,46.52999877929688,13608.5,FAIL,PRICE_TOO_LOW
BSE,STOCK,EIMCOELECO,Eimco Elecon,,523708,B,EIMCOELECO.BO,2280.35009765625,3016.15,FAIL,VOLUME_TOO_LOW
BSE,STOCK,EKAMLEA,Ekam Leasing & Finance Co,,530581,XT,EKAMLEA.BO,5.5,3280.3,FAIL,PRICE_TOO_LOW
BSE,STOCK,EKANSH,Ekansh Concepts,,531364,X,EKANSH.BO,209.0,6188.1,FAIL,VOLUME_TOO_LOW
BSE,STOCK,EKENNIS,Ekennis Software Service,,543475,M,EKENNIS.BO,43.93000030517578,800.0,FAIL,PRICE_TOO_LOW
BSE,STOCK,EKI,EKI Energy Services,,543284,B,EKI.BO,74.0,10753.8,FAIL,VOLUME_TOO_LOW
BSE,STOCK,ELAND,E Land Apparel,,532820,X,ELAND.BO,11.81999969482422,4296.3,FAIL,PRICE_TOO_LOW
BSE,STOCK,ELANGO,Elango Industries,,513452,XT,ELANGO.BO,13.550000190734863,120.8,FAIL,PRICE_TOO_LOW
BSE,STOCK,ELANTAS,Elantas Beck,,500123,B,ELANTAS.BO,12163.400390625,755.6,FAIL,VOLUME_TOO_LOW
BSE,STOCK,ELCIDIN,ELCID Investments,,503681,B,ELCIDIN.BO,106500.0,3.75,FAIL,VOLUME_TOO_LOW
BSE,STOCK,ELDEHSG,Eldeco Housing & Industries,,523329,B,ELDEHSG.BO,800.0,294.2,FAIL,VOLUME_TOO_LOW
BSE,STOCK,ELECON,Elecon Engineering Company,,505700,A,ELECON.BO,436.1000061035156,43994.45,FAIL,VOLUME_TOO_LOW
BSE,STOCK,ELECTCAST,Electrosteel Castings,,500128,A,500128.BO,74.62999725341797,121956.75,PASS,PASS
BSE,STOCK,ELECTHERM,Electrotherm,,526608,B,ELECTHERM.BO,986.25,746.9,FAIL,VOLUME_TOO_LOW
BSE,STOCK,ELEFLOR,Elegant Floriculture & Ag,,526473,X,ELEFLOR.BO,4.880000114440918,50710.85,FAIL,PRICE_TOO_LOW
BSE,STOCK,ELEMARB,Elegant Marbles & Grani Industries,,526705,X,ELEMARB.BO,185.1000061035156,476.4,FAIL,VOLUME_TOO_LOW
BSE,STOCK,ELFIN,Elfin Agro,,544724,M,ELFIN.BO,99.0,19950.0,FAIL,VOLUME_TOO_LOW
BSE,STOCK,ELFORGE,EL Forge,,531144,X,ELFORGE.BO,18.190000534057617,15137.25,FAIL,PRICE_TOO_LOW
BSE,STOCK,ELGIEQUIP,Elgi Equipments,,522074,A,ELGIEQUIP.BO,630.5999755859375,75609.15,FAIL,VOLUME_TOO_LOW
BSE,STOCK,ELIN,Elin Electronics,,543725,B,ELIN.BO,95.3000030517578,13139.95,FAIL,VOLUME_TOO_LOW
BSE,STOCK,ELITECON,Elitecon International,,539533,B,ELITECON.BO,9.140000343322754,978282.9,FAIL,PRICE_TOO_LOW
BSE,STOCK,ELIXIR,Elixir Capital,,531278,X,ELIXIR.BO,101.9000015258789,3680.8,FAIL,VOLUME_TOO_LOW
BSE,STOCK,ELLEN,Ellenbarrie Industrial Gases,,544421,B,ELLEN.BO,330.8500061035156,48037.1,FAIL,VOLUME_TOO_LOW
BSE,STOCK,ELNET,Elnet Technologies,,517477,X,ELNET.BO,312.04998779296875,2604.75,FAIL,VOLUME_TOO_LOW
BSE,STOCK,ELPROINTL,Elpro International,,504000,B,ELPROINTL.BO,173.10000610351562,3359.7,FAIL,VOLUME_TOO_LOW
BSE,STOCK,EMAINDIA,EMA India,,522027,X,EMAINDIA.BO,700.0,1123.4,FAIL,VOLUME_TOO_LOW
BSE,STOCK,EMAMILTD,Emami,,531162,A,EMAMILTD.BO,368.5499877929688,212397.8,PASS,PASS
BSE,STOCK,EMAMIPAP,Emami Paper Mills,,533208,T,533208.BO,90.11000061035156,2044.0,FAIL,VOLUME_TOO_LOW
BSE,STOCK,EMAMIREAL,Emami Realty,,533218,B,EMAMIREAL.BO,68.94999694824219,1498.0,FAIL,VOLUME_TOO_LOW
BSE,STOCK,EMBDL,Embassy Developments,,532832,A,EMBDL.BO,58.52000045776367,217531.4,PASS,PASS
BSE,STOCK,EMCURE,Emcure Pharmaceuticals,,544210,A,EMCURE.BO,1858.0999755859373,54374.0,FAIL,VOLUME_TOO_LOW
BSE,STOCK,EMERALD,Emerald Finance,,538882,X,EMERALD.BO,54.20000076293945,47006.25,FAIL,VOLUME_TOO_LOW
BSE,STOCK,EMERALL,Emerald Leisures,,507265,XT,EMERALL.BO,303.29998779296875,6871.65,FAIL,VOLUME_TOO_LOW
BSE,STOCK,EMERGENT,Emergent Industrial Solutions,,506180,XT,EMERGENT.BO,414.0,68.0,FAIL,VOLUME_TOO_LOW
BSE,STOCK,EMIAC,Emiac Technologies,,544747,M,EMIAC.BO,97.4000015258789,11640.0,FAIL,VOLUME_TOO_LOW
BSE,STOCK,EMIL,Electronics Mart,,543626,B,EMIL.BO,176.10000610351562,531232.3,PASS,PASS
BSE,STOCK,EMKAY,Emkay Global Financial Services,,532737,B,532737.BO,249.6000061035156,2069.95,FAIL,VOLUME_TOO_LOW
BSE,STOCK,EMMBI,Emmbi Industries,,533161,T,EMMBI.BO,91.0,665.25,FAIL,VOLUME_TOO_LOW
BSE,STOCK,EMMESSA,Emmessar Biotech,,524768,X,EMMESSA.BO,24.299999237060547,1193.35,FAIL,PRICE_TOO_LOW
BSE,STOCK,EMMFORCE,Emmforce Autotech,,544166,MT,EMMFORCE.BO,183.0,13440.0,FAIL,VOLUME_TOO_LOW
BSE,STOCK,EMMVEE,Emmvee Photovoltaic Power,,544608,B,EMMVEE.BO,326.1499938964844,131331.8,PASS,PASS
BSE,STOCK,EMPIND,Empire Industries,,509525,B,EMPIND.BO,1198.699951171875,2607.65,FAIL,VOLUME_TOO_LOW
BSE,STOCK,EMPOWER,Empower,,504351,B,EMPOWER.BO,1.840000033378601,1146620.85,FAIL,PRICE_TOO_LOW
BSE,STOCK,EMROCK,Emrock Corporation,,531676,XT,EMROCK.BO,257.0,3371.4,FAIL,VOLUME_TOO_LOW
BSE,STOCK,EMSLIMITED,EMS,,543983,B,EMSLIMITED.BO,387.5499877929688,60407.45,FAIL,VOLUME_TOO_LOW
BSE,STOCK,EMUDHRA,eMudhra,,543533,B,EMUDHRA.BO,517.3499755859375,9960.2,FAIL,VOLUME_TOO_LOW
BSE,STOCK,ENBETRD,Enbee Trade & Finance,,512441,X,ENBETRD.BO,0.2899999916553497,8489881.85,FAIL,PRICE_TOO_LOW
BSE,STOCK,ENCODE,Encode Packaging,,530733,X,ENCODE.BO,12.470000267028809,293.2,FAIL,PRICE_TOO_LOW
BSE,STOCK,ENDURANCE,Endurance Technologies,,540153,A,ENDURANCE.BO,2752.75,45557.7,FAIL,VOLUME_TOO_LOW
BSE,STOCK,ENERGYDEV,Energy Development Company,,532219,B,ENERGYDEV.BO,15.520000457763672,4912.5,FAIL,PRICE_TOO_LOW
BSE,STOCK,ENGINERSIN,Engineers India,,532178,A,ENGINERSIN.BO,281.8999938964844,360596.15,PASS,PASS
BSE,STOCK,ENKEIWHEL,Enkei Wheels,,533477,B,ENKEIWHEL.BO,383.2999877929688,6023.6,FAIL,VOLUME_TOO_LOW
BSE,STOCK,ENRIN,Siemens Energy,,544390,A,ENRIN.BO,3153.300048828125,61762.95,FAIL,VOLUME_TOO_LOW
BSE,STOCK,ENTERO,Entero Healthcare Solutions,,544122,B,ENTERO.BO,1847.5999755859373,84139.9,FAIL,VOLUME_TOO_LOW
BSE,STOCK,ENTRINT,Enterprise International,,526574,X,ENTRINT.BO,21.299999237060547,494.35,FAIL,PRICE_TOO_LOW
BSE,STOCK,ENVAIREL,Envair Electrodyne,,500246,XT,ENVAIREL.BO,42.91999816894531,1351.9,FAIL,PRICE_TOO_LOW
BSE,STOCK,EPACK,Epack Durable,,544095,B,EPACK.BO,189.25,40685.0,FAIL,VOLUME_TOO_LOW
BSE,STOCK,EPACKPEB,EPack Prefab Technologies,,544540,B,EPACKPEB.BO,226.3500061035156,43801.6,FAIL,VOLUME_TOO_LOW
BSE,STOCK,EPBIO,EP Biocomposites,,543595,M,EPBIO.BO,94.98999786376952,850.0,FAIL,VOLUME_TOO_LOW
BSE,STOCK,EPIC,Epic Energy,,530407,X,EPIC.BO,32.900001525878906,9278.05,FAIL,PRICE_TOO_LOW
BSE,STOCK,EPIGRAL,Epigral,,543332,B,EPIGRAL.BO,1240.050048828125,4719.1,FAIL,VOLUME_TOO_LOW
BSE,STOCK,EPL,EPL,,500135,A,EPL.BO,246.8500061035156,724791.15,PASS,PASS
BSE,STOCK,EPSOMPRO,Epsom Properties,,531155,XT,EPSOMPRO.BO,8.199999809265137,93.85,FAIL,PRICE_TOO_LOW
BSE,STOCK,EPUJA,Epuja Spiritech,,532092,X,EPUJA.BO,1.0399999618530271,240845.95,FAIL,PRICE_TOO_LOW
BSE,STOCK,EQUILATERA,Equilateral Enterprises,,531262,X,EQUILATERA.BO,12.06999969482422,136.9,FAIL,PRICE_TOO_LOW
BSE,STOCK,EQUIPPP,Equippp Social Impact Technologies,,590057,T,EQUIPPP.BO,23.09000015258789,7287.75,FAIL,PRICE_TOO_LOW
BSE,STOCK,EQUITASBNK,Equitas Small Finance Bank,,543243,A,EQUITASBNK.BO,73.16999816894531,241809.0,PASS,PASS
BSE,STOCK,ERIS,Eris Lifesciences,,540596,A,ERIS.BO,1303.8499755859375,39552.45,FAIL,VOLUME_TOO_LOW
BSE,STOCK,ERPSOFT,Erp Soft Systems,,530909,X,ERPSOFT.BO,65.30000305175781,23.05,FAIL,VOLUME_TOO_LOW
BSE,STOCK,ESAFSFB,ESAF Small Finance Bank,,544020,T,ESAFSFB.BO,41.31999969482422,92084.25,FAIL,PRICE_TOO_LOW
BSE,STOCK,ESARIND,Esaar,,531502,X,ESARIND.BO,12.890000343322754,188559.3,FAIL,PRICE_TOO_LOW
BSE,STOCK,ESCORP,Escorp Asset Management,,540455,B,ESCORP.BO,115.0,1006.9,FAIL,VOLUME_TOO_LOW
BSE,STOCK,ESHAMEDIA,Esha Media Research,,531259,XT,ESHAMEDIA.BO,41.70000076293945,3778.75,FAIL,PRICE_TOO_LOW
BSE,STOCK,ESPIRE,Espire Hospitality,,532016,X,ESPIRE.BO,151.8000030517578,385.45,FAIL,VOLUME_TOO_LOW
BSE,STOCK,ESQRMON,Esquire Money Guarantees,,512439,XT,ESQRMON.BO,5.5,0.0,FAIL,PRICE_TOO_LOW
BSE,STOCK,ESSARSHPNG,Essar Shipping,,533704,B,ESSARSHPNG.BO,16.889999389648438,42712.95,FAIL,PRICE_TOO_LOW
BSE,STOCK,ESSENTIA,Integra Essentia,,535958,B,ESSENTIA.BO,1.059999942779541,1135143.35,FAIL,PRICE_TOO_LOW
BSE,STOCK,ESSEX,Essex Marine,,544475,M,ESSEX.BO,51.77999877929688,96400.0,FAIL,VOLUME_TOO_LOW
BSE,STOCK,ESTER,Ester Industries,,500136,B,500136.BO,88.4000015258789,3076.45,FAIL,VOLUME_TOO_LOW
BSE,STOCK,ETERNAL,Eternal,,543320,A,ETERNAL.BO,326.54998779296875,1744563.5,PASS,PASS
BSE,STOCK,ETHOSLTD,Ethos,,543532,A,ETHOSLTD.BO,2793.800048828125,7091.2,FAIL,VOLUME_TOO_LOW
BSE,STOCK,ETIL,Econo Trade,,538708,X,ETIL.BO,6.460000038146973,3171.9,FAIL,PRICE_TOO_LOW
BSE,STOCK,EUPHORIAIT,Euphoria Infotech (India),,544094,M,EUPHORIAIT.BO,30.0,960.0,FAIL,PRICE_TOO_LOW
BSE,STOCK,EUREKAFORB,Eureka Forbes,,543482,A,EUREKAFORB.BO,428.7000122070313,12609.2,FAIL,VOLUME_TOO_LOW
BSE,STOCK,EUREKAI,Eureka Industries,,521137,XT,EUREKAI.BO,6.460000038146973,137971.55,FAIL,PRICE_TOO_LOW
BSE,STOCK,EUROBOND,Euro Panel Products,,544461,B,EUROBOND.BO,150.0500030517578,571.45,FAIL,VOLUME_TOO_LOW
BSE,STOCK,EUROLED,Euro Leder Fashion,,526468,XT,EUROLED.BO,21.0,3615.85,FAIL,PRICE_TOO_LOW
BSE,STOCK,EUROPRATIK,Euro Pratik Sales,,544519,B,EUROPRATIK.BO,267.04998779296875,11500.95,FAIL,VOLUME_TOO_LOW
BSE,STOCK,EUROTEXIND,Eurotex Industries & Exports,,521014,T,EUROTEXIND.BO,13.390000343322754,112.85,FAIL,PRICE_TOO_LOW
BSE,STOCK,EVANS,Evans Electric,,542668,M,EVANS.BO,76.0,4250.0,FAIL,VOLUME_TOO_LOW
BSE,STOCK,EVEREADY,Eveready Industries,,531508,B,531508.BO,343.1499938964844,10962.8,FAIL,VOLUME_TOO_LOW
BSE,STOCK,EVERESTIND,Everest Industries,,508906,T,EVERESTIND.BO,424.8500061035156,667.45,FAIL,VOLUME_TOO_LOW
BSE,STOCK,EVERESTO,Everest Organics,,524790,X,EVERESTO.BO,271.8999938964844,1498.35,FAIL,VOLUME_TOO_LOW
BSE,STOCK,EVERFIN,Everlon Financials,,514358,X,EVERFIN.BO,105.9499969482422,458.2,FAIL,VOLUME_TOO_LOW
BSE,STOCK,EVEXIA,Evexia Lifecar,,524444,X,EVEXIA.BO,1.2799999713897705,14494112.0,FAIL,PRICE_TOO_LOW
BSE,STOCK,EVOQ,Evoq Remedies,,543500,MT,EVOQ.BO,1.6200000047683716,36800.0,FAIL,PRICE_TOO_LOW
BSE,STOCK,EXATO,Exato Technologies,,544626,MT,EXATO.BO,729.0,25050.0,FAIL,VOLUME_TOO_LOW
BSE,STOCK,EXCELINDUS,Excel Industries,,500650,B,500650.BO,899.0,422.95,FAIL,VOLUME_TOO_LOW
BSE,STOCK,EXCELSOFT,Excelsoft Technologies,,544617,B,EXCELSOFT.BO,70.5999984741211,29525.65,FAIL,VOLUME_TOO_LOW
BSE,STOCK,EXHICON,Exhicon Events Media Solutions,,543895,M,EXHICON.BO,473.5,22175.0,FAIL,VOLUME_TOO_LOW
BSE,STOCK,EXICOM,Exicom Tele-Systems,,544133,B,EXICOM.BO,166.3000030517578,112150.0,PASS,PASS
BSE,STOCK,EXPLEOSOL,Expleo Solutions,,533121,B,EXPLEOSOL.BO,898.75,19602.95,FAIL,VOLUME_TOO_LOW
BSE,STOCK,EXPLICITFIN,Explicit Finance,,530571,X,EXPLICITFIN.BO,7.349999904632568,186.55,FAIL,PRICE_TOO_LOW
BSE,STOCK,EXPOEAPL,Expo Engineering & Projects,,526614,XT,EXPOEAPL.BO,93.5,54969.2,FAIL,VOLUME_TOO_LOW
BSE,STOCK,EXXARO,Exxaro Tiles,,543327,B,EXXARO.BO,6.699999809265137,164213.05,FAIL,PRICE_TOO_LOW
BSE,STOCK,EY,Eyantra Ventures,,512099,XT,EY.BO,574.9500122070312,79.65,FAIL,VOLUME_TOO_LOW
BSE,STOCK,FAALCON,Faalcon Concepts,,544164,MT,FAALCON.BO,41.709999084472656,6800.0,FAIL,PRICE_TOO_LOW
BSE,STOCK,FABCLEAN,Fabtech Technologies,,544332,MT,FABCLEAN.BO,414.6000061035156,10960.0,FAIL,VOLUME_TOO_LOW
BSE,STOCK,FABINO,Fabino Enterprises,,543444,M,FABINO.BO,20.309999465942383,0.0,FAIL,PRICE_TOO_LOW
BSE,STOCK,FABTECH,Fabtech Technologies,,544558,B,FABTECH.BO,147.10000610351562,5498.55,FAIL,VOLUME_TOO_LOW
BSE,STOCK,FACORALL,Facor Alloys,,532656,XT,FACORALL.BO,2.900000095367432,97850.7,FAIL,PRICE_TOO_LOW
BSE,STOCK,FACT,Fertilisers & Chemical Travancore,,590024,B,FACT.BO,800.0499877929688,125446.5,PASS,PASS
BSE,STOCK,FAIRCHEMOR,Fairchem Organics,,543252,T,FAIRCHEMOR.BO,668.9000244140625,980.75,FAIL,VOLUME_TOO_LOW
BSE,STOCK,FAMILYCARE,Family Care Hospitals,,516110,X,FAMILYCARE.BO,2.049999952316284,264535.25,FAIL,PRICE_TOO_LOW
BSE,STOCK,FAZE3Q,Faze Three,,530079,B,FAZE3Q.BO,497.1499938964844,2910.05,FAIL,VOLUME_TOO_LOW
BSE,STOCK,FCL,Fineotex Chemical,,533333,B,FCL.BO,48.41999816894531,1164602.9,FAIL,PRICE_TOO_LOW
BSE,STOCK,FDC,FDC,,531599,B,FDC.BO,341.6000061035156,9275.7,FAIL,VOLUME_TOO_LOW
BSE,STOCK,FEDDERSHOL,Fedders Holding,,511628,B,FEDDERSHOL.BO,46.0,26422.05,FAIL,PRICE_TOO_LOW
BSE,STOCK,FEDERALBNK,Federal Bank,,500469,A,500469.BO,348.79998779296875,457833.7,PASS,PASS
BSE,STOCK,FEDFINA,Fedbank Financial Services,,544027,B,FEDFINA.BO,157.1999969482422,46092.2,FAIL,VOLUME_TOO_LOW
BSE,STOCK,FEL,Future Enterprises,,523574,Z,FEL.BO,0.4900000095367431,16471.7,FAIL,PRICE_TOO_LOW
BSE,STOCK,FELDVR,Future Enterprises DVR,,570002,Z,FELDVR.BO,2.200000047683716,2119.2,FAIL,PRICE_TOO_LOW
BSE,STOCK,FERMENTA,Fermenta Biotech,,506414,B,FERMENTA.BO,502.7999877929688,23685.85,FAIL,VOLUME_TOO_LOW
BSE,STOCK,FERVENTSYN,Fervent Synergies,,533896,X,FERVENTSYN.BO,15.0,3099.9,FAIL,PRICE_TOO_LOW
BSE,STOCK,FFPL,Foundry Fuel Products,,513579,Z,FFPL.BO,5.170000076293945,824.7,FAIL,PRICE_TOO_LOW
BSE,STOCK,FGP,FGP,,500142,X,FGP.BO,13.90999984741211,10017.1,FAIL,PRICE_TOO_LOW
BSE,STOCK,FIBERWEB,Fiberweb,,507910,B,FIBERWEB.BO,25.899999618530277,10904.3,FAIL,PRICE_TOO_LOW
BSE,STOCK,FIL,Fractal Industries,,544707,M,FIL.BO,206.8999938964844,4230.0,FAIL,VOLUME_TOO_LOW
BSE,STOCK,FILATEX,Filatex India,,526227,B,FILATEX.BO,76.73999786376953,146947.1,PASS,PASS
BSE,STOCK,FILATFASH,Filatex Fashions,,532022,B,FILATFASH.BO,0.1899999976158142,3472831.55,FAIL,PRICE_TOO_LOW
BSE,STOCK,FILME,Filmcity Media,,531486,X,FILME.BO,1.090000033378601,228601.6,FAIL,PRICE_TOO_LOW
BSE,STOCK,FILTRA,Filtra Consultants,,539098,M,FILTRA.BO,64.97000122070312,1300.0,FAIL,VOLUME_TOO_LOW
BSE,STOCK,FILTRON,FILTRON ENGINEERS LTD.,,531191,XT,FILTRON.BO,77.76000213623047,1088.45,FAIL,VOLUME_TOO_LOW
BSE,STOCK,FINELINE,Fine-Line Circuits,,517264,X,FINELINE.BO,66.0,3177.95,FAIL,VOLUME_TOO_LOW
BSE,STOCK,FINEORG,Fine Organic Industries,,541557,A,FINEORG.BO,5171.75,12892.55,FAIL,VOLUME_TOO_LOW
BSE,STOCK,FINKURVE,Finkurve Financial Services,,508954,B,FINKURVE.BO,70.5199966430664,14724.35,FAIL,VOLUME_TOO_LOW
BSE,STOCK,FINOPB,Fino Payments Bank,,543386,B,FINOPB.BO,140.0500030517578,29482.25,FAIL,VOLUME_TOO_LOW
BSE,STOCK,FIRSTCRY,Firstcry (Brainbees Solutions),,544226,A,FIRSTCRY.BO,179.25,236317.0,PASS,PASS
BSE,STOCK,FIRSTFIN,First Fintec,,532379,X,FIRSTFIN.BO,7.010000228881836,7980.2,FAIL,PRICE_TOO_LOW
BSE,STOCK,FISCHER,Fischer Medical Ventures,,524743,B,FISCHER.BO,37.2400016784668,45386.95,FAIL,PRICE_TOO_LOW
BSE,STOCK,FIVESTAR,Five Star Business Finance,,543663,A,FIVESTAR.BO,533.7999877929688,122625.25,PASS,PASS
BSE,STOCK,FLAIR,Flair Writing Industries,,544030,B,FLAIR.BO,248.0,19963.35,FAIL,VOLUME_TOO_LOW
BSE,STOCK,FLEXFO,Flex Foods,,523672,X,FLEXFO.BO,46.58000183105469,4885.7,FAIL,PRICE_TOO_LOW
BSE,STOCK,FLEXITUFF,Flexituff Ventures,,533638,T,FLEXITUFF.BO,2.470000028610229,11473.0,FAIL,PRICE_TOO_LOW
BSE,STOCK,FLFL,Future Lifestyle Fashions,,536507,Z,FLFL.BO,1.2300000190734863,14145.3,FAIL,PRICE_TOO_LOW
BSE,STOCK,FLOMIC,Flomic Global Logistics,,504380,X,FLOMIC.BO,44.09000015258789,1615.6,FAIL,PRICE_TOO_LOW
BSE,STOCK,FLORACORP,Flora Corporation,,540267,X,FLORACORP.BO,6.820000171661377,8547.65,FAIL,PRICE_TOO_LOW
BSE,STOCK,FLUIDOM,Fluidomat,,522017,X,FLUIDOM.BO,740.7999877929688,4397.5,FAIL,VOLUME_TOO_LOW
BSE,STOCK,FLUOROCHEM,Gujarat Fluorochemicals,,542812,A,FLUOROCHEM.BO,4691.60009765625,37480.35,FAIL,VOLUME_TOO_LOW
BSE,STOCK,FMGOETZE,Federal Mogul Goetze,,505744,B,FMGOETZE.BO,613.6500244140625,237892.5,PASS,PASS
BSE,STOCK,FMNL,Future Market Networks,,533296,B,FMNL.BO,9.649999618530272,7008.35,FAIL,PRICE_TOO_LOW
BSE,STOCK,FOCUS,Focus Business Solution,,543312,M,FOCUS.BO,205.0,746.55,FAIL,VOLUME_TOO_LOW
BSE,STOCK,FONE4,Fone4 Communications,,543521,M,543521.BO,4.510000228881836,2500.0,FAIL,PRICE_TOO_LOW
BSE,STOCK,FOODSIN,Foods & Inns,,507552,B,FOODSIN.BO,55.560001373291016,5686.4,FAIL,VOLUME_TOO_LOW
BSE,STOCK,FORBESCO,Forbes & Company,,502865,X,FORBESCO.BO,254.8000030517578,5041.35,FAIL,VOLUME_TOO_LOW
BSE,STOCK,FORCEMOT,Force Motors,,500033,A,FORCEMOT.BO,17525.0,6609.55,FAIL,VOLUME_TOO_LOW
BSE,STOCK,FORINTL,Fortune International,,530213,X,FORINTL.BO,78.0,813.95,FAIL,VOLUME_TOO_LOW
BSE,STOCK,FORTIS,Fortis Healthcare,,532843,A,FORTIS.BO,912.6500244140624,369382.1,PASS,PASS
BSE,STOCK,FORTISMLR,Fortis Malar Hospitals,,523696,X,FORTISMLR.BO,45.380001068115234,5628.9,FAIL,PRICE_TOO_LOW
BSE,STOCK,FOSECOC,Foseco Crucible,,523160,X,FOSECOC.BO,1828.8499755859373,5521.4,FAIL,VOLUME_TOO_LOW
BSE,STOCK,FOSECOIND,Foseco,,500150,B,500150.BO,5058.7998046875,147.0,FAIL,VOLUME_TOO_LOW
BSE,STOCK,FRACTAL,Fractal Analytics,,544700,B,FRACTAL.BO,816.8499755859375,16315.3,FAIL,VOLUME_TOO_LOW
BSE,STOCK,FRANKLIN,Franklin Leasing & Finance,,539839,M,FRANKLIN.BO,8.90999984741211,0.0,FAIL,PRICE_TOO_LOW
BSE,STOCK,FRANKLININD,Franklin Industries,,540190,X,FRANKLININD.BO,0.3100000023841858,1765108.95,FAIL,PRICE_TOO_LOW
BSE,STOCK,FRASER,Fraser & Company,,539032,X,FRASER.BO,8.399999618530273,23828.3,FAIL,PRICE_TOO_LOW
BSE,STOCK,FRATELLI,Fratelli Vineyards,,541741,X,FRATELLI.BO,122.9000015258789,49034.05,FAIL,VOLUME_TOO_LOW
BSE,STOCK,FREDUN,Fredun Pharmaceuticals,,539730,B,FREDUN.BO,1488.199951171875,22264.3,FAIL,VOLUME_TOO_LOW
BSE,STOCK,FRONTCAP,Frontier Capital,,508980,X,FRONTCAP.BO,10.670000076293944,16279.4,FAIL,PRICE_TOO_LOW
BSE,STOCK,FRONTCORP,Frontline Corporation,,532042,X,FRONTCORP.BO,33.900001525878906,132.35,FAIL,PRICE_TOO_LOW
BSE,STOCK,FRONTFN,Frontline Financial Services,,531685,XT,FRONTFN.BO,25.940000534057617,0.2,FAIL,PRICE_TOO_LOW
BSE,STOCK,FRONTSP,Frontier Springs,,522195,B,FRONTSP.BO,1269.449951171875,9675.05,FAIL,VOLUME_TOO_LOW
BSE,STOCK,FRUTION,Fruition Venture,,538568,XT,FRUTION.BO,32.75,395.9,FAIL,PRICE_TOO_LOW
BSE,STOCK,FSL,Firstsource Solutions,,532809,A,FSL.BO,264.1499938964844,109091.2,PASS,PASS
BSE,STOCK,FTL,FTL,,544173,M,FTL.BO,12.149999618530272,3000.0,FAIL,PRICE_TOO_LOW
BSE,STOCK,FUNDVISER,Fundviser Capital,,530197,X,FUNDVISER.BO,420.0,582.1,FAIL,VOLUME_TOO_LOW
BSE,STOCK,FUSION,Fusion Finance,,543652,B,FUSION.BO,199.1999969482422,40986.05,FAIL,VOLUME_TOO_LOW
BSE,STOCK,FUTSOL,Futuristic Solutions,,534063,X,FUTSOL.BO,40.470001220703125,174.15,FAIL,PRICE_TOO_LOW
BSE,STOCK,FUTURSEC,Futuristic Securities,,523113,X,FUTURSEC.BO,26.690000534057617,97.4,FAIL,PRICE_TOO_LOW
BSE,STOCK,FYNX,Fynx Capital,,507962,XT,FYNX.BO,6.300000190734863,46163.75,FAIL,PRICE_TOO_LOW
BSE,STOCK,GAEL,Gujarat Ambuja Exports,,524226,B,GAEL.BO,170.60000610351562,65694.35,FAIL,VOLUME_TOO_LOW
BSE,STOCK,GAGAN,Gagan Gases,,524624,X,GAGAN.BO,20.57999992370605,3597.85,FAIL,PRICE_TOO_LOW
BSE,STOCK,GAIL,GAIL,,532155,A,GAIL.BO,173.89999389648438,350347.3,PASS,PASS
BSE,STOCK,GAJANANSEC,Gajanan Securities Services,,538609,X,GAJANANSEC.BO,54.650001525878906,2198.75,FAIL,VOLUME_TOO_LOW
BSE,STOCK,GALACTICO,Galactico Corp services,,542802,B,GALACTICO.BO,2.3499999046325684,175607.25,FAIL,PRICE_TOO_LOW
BSE,STOCK,GALADA,Galada Power & Telecommunication,,504697,XT,GALADA.BO,20.81999969482422,48.7,FAIL,PRICE_TOO_LOW
BSE,STOCK,GALADAFIN,Galada Finance,,538881,X,GALADAFIN.BO,32.0,155.85,FAIL,PRICE_TOO_LOW
BSE,STOCK,GALAGEX,Galaxy Agrico Exports,,531911,XT,GALAGEX.BO,97.12000274658205,127842.1,PASS,PASS
BSE,STOCK,GALAPREC,Gala Precision Engineering,,544244,B,GALAPREC.BO,1027.4000244140625,10885.7,FAIL,VOLUME_TOO_LOW
BSE,STOCK,GALAXYSURF,Galaxy Surfactants,,540935,B,GALAXYSURF.BO,2252.050048828125,6620.3,FAIL,VOLUME_TOO_LOW
BSE,STOCK,GALLARD,Gallard Steel,,544616,M,GALLARD.BO,177.0,16200.0,FAIL,VOLUME_TOO_LOW
BSE,STOCK,GALLOPENT,Gallops Enterprise,,531902,XT,GALLOPENT.BO,38.38999938964844,746.0,FAIL,PRICE_TOO_LOW
BSE,STOCK,GALXBRG,Galaxy Bearings,,526073,XT,GALXBRG.BO,870.0,1209.2,FAIL,VOLUME_TOO_LOW
BSE,STOCK,GAMCO,Gamco,,540097,X,GAMCO.BO,49.040000915527344,38705.8,FAIL,PRICE_TOO_LOW
BSE,STOCK,GANDHAR,Gandhar Oil Refinery,,544029,B,GANDHAR.BO,267.54998779296875,74101.6,FAIL,VOLUME_TOO_LOW
BSE,STOCK,GANDHITUBE,Gandhi Special Tubes,,513108,B,GANDHITUBE.BO,900.5,1100.4,FAIL,VOLUME_TOO_LOW
BSE,STOCK,GANECOS,Ganesha Ecosphere,,514167,B,GANECOS.BO,1022.2000122070312,2607.4,FAIL,VOLUME_TOO_LOW
BSE,STOCK,GANESHBE,Ganesh Benzoplast,,500153,T,GANESHBE.BO,122.1999969482422,16257.75,FAIL,VOLUME_TOO_LOW
BSE,STOCK,GANESHCP,Ganesh Consumer Products,,544528,B,GANESHCP.BO,168.0,9379.15,FAIL,VOLUME_TOO_LOW
BSE,STOCK,GANESHHOU,Ganesh Housing,,526367,B,GANESHHOU.BO,760.9500122070312,2212.0,FAIL,VOLUME_TOO_LOW
BSE,STOCK,GANGAPA,Ganga Papers,,531813,XT,GANGAPA.BO,95.0,37.5,FAIL,VOLUME_TOO_LOW
BSE,STOCK,GANGAPHARM,Ganga Pharmaceuticals,,539680,M,GANGAPHARM.BO,12.0,0.0,FAIL,PRICE_TOO_LOW
BSE,STOCK,GANGESSECU,Ganges Securities,,540647,B,GANGESSECU.BO,116.9000015258789,247.6,FAIL,VOLUME_TOO_LOW
BSE,STOCK,GANHOLD,Ganesh Holdings,,504397,XT,GANHOLD.BO,97.5,902.95,FAIL,VOLUME_TOO_LOW
BSE,STOCK,GANONPRO,Ganon Products,,512443,X,GANONPRO.BO,7.590000152587891,68211.55,FAIL,PRICE_TOO_LOW
BSE,STOCK,GANVERSE,Ganesha Ecoverse,,539041,MT,GANVERSE.BO,26.0,16625.0,FAIL,PRICE_TOO_LOW
BSE,STOCK,GARBIFIN,Garbi Finvest,,539492,X,GARBIFIN.BO,8.729999542236328,3435.9,FAIL,PRICE_TOO_LOW
BSE,STOCK,GARFIBRES,Garware Technical Fibres,,509557,A,GARFIBRES.BO,800.4000244140625,12968.75,FAIL,VOLUME_TOO_LOW
BSE,STOCK,GARGFUR,Garg Furnace,,530615,X,GARGFUR.BO,168.0500030517578,18836.35,FAIL,VOLUME_TOO_LOW
BSE,STOCK,GARGI,PNGS Gargi Fashion Jewellery,,543709,M,GARGI.BO,549.7999877929688,14962.5,FAIL,VOLUME_TOO_LOW
BSE,STOCK,GARMNTMNTR,Garment Mantra Lifestyle,,539216,X,GARMNTMNTR.BO,1.1299999952316284,322831.15,FAIL,PRICE_TOO_LOW
BSE,STOCK,GARNET,Garnet Construction,,526727,X,GARNET.BO,54.7599983215332,8126.95,FAIL,VOLUME_TOO_LOW
BSE,STOCK,GARNETINT,Garnet International,,512493,X,GARNETINT.BO,51.25,4862.85,FAIL,VOLUME_TOO_LOW
BSE,STOCK,GARUDA,Garuda Construction & Engineering,,544271,B,GARUDA.BO,179.0,106282.25,PASS,PASS
BSE,STOCK,GARWAMAR,Garware Marine Industries,,509563,X,GARWAMAR.BO,19.38999938964844,5027.7,FAIL,PRICE_TOO_LOW
BSE,STOCK,GARWAOFFS,Garware Offshore Services,,501848,X,GARWAOFFS.BO,45.63999938964844,14554.15,FAIL,PRICE_TOO_LOW
BSE,STOCK,GARWSYN,Garware Synthetics,,514400,X,GARWSYN.BO,18.3799991607666,614.6,FAIL,PRICE_TOO_LOW
BSE,STOCK,GATECH,GACM Technologies,,531723,T,GATECH.BO,0.9800000190734864,12301751.0,FAIL,PRICE_TOO_LOW
BSE,STOCK,GATECHDVR,GACM Technologies DVR,,570005,T,GATECHDVR.BO,0.5099999904632568,187092.15,FAIL,PRICE_TOO_LOW
BSE,STOCK,GATEWAY,Gateway Distriparks,,543489,B,GATEWAY.BO,54.47999954223633,61875.5,FAIL,VOLUME_TOO_LOW
BSE,STOCK,GAUDIUMIVF,Gaudium IVF & Women Health,,544709,T,GAUDIUMIVF.BO,117.5500030517578,28093.75,FAIL,VOLUME_TOO_LOW
BSE,STOCK,GAYAHWS,Gayatri Highways,,541546,B,GAYAHWS.BO,1.9700000286102293,68694.5,FAIL,PRICE_TOO_LOW
BSE,STOCK,GAYAPROJ,Gayatri Projects,,532767,B,GAYAPROJ.BO,22.239999771118164,85778.25,FAIL,PRICE_TOO_LOW
BSE,STOCK,GAYATRI,Gayatri Sugars,,532183,X,GAYATRI.BO,8.170000076293945,136783.75,FAIL,PRICE_TOO_LOW
BSE,STOCK,GAYATRIBI,Gayatri Bioorganics,,524564,X,GAYATRIBI.BO,7.409999847412109,9250.7,FAIL,PRICE_TOO_LOW
BSE,STOCK,GBFL,Goenka Business & Finance,,538787,X,GBFL.BO,9.93000030517578,13733.25,FAIL,PRICE_TOO_LOW
BSE,STOCK,GBLINFRA,Global Infratech & Finance,,531463,XT,GBLINFRA.BO,88.83999633789062,78.6,FAIL,VOLUME_TOO_LOW
BSE,STOCK,GBLOGISTIC,GB Logistics Commerce,,544348,M,GBLOGISTIC.BO,23.989999771118164,8940.0,FAIL,PRICE_TOO_LOW
BSE,STOCK,GCMCAPI,GCM Capital Advisors,,538319,MT,GCMCAPI.BO,3.859999895095825,150.0,FAIL,PRICE_TOO_LOW
BSE,STOCK,GCMCOMM,GCM Commodity & Derivatives,,535917,M,GCMCOMM.BO,4.400000095367432,300.0,FAIL,PRICE_TOO_LOW
BSE,STOCK,GCMSECU,GCM Securities,,535431,B,GCMSECU.BO,0.6600000262260437,102445.3,FAIL,PRICE_TOO_LOW
BSE,STOCK,GCONNECT,Gconnect Logitech & Supply Chain,,544156,MT,GCONNECT.BO,13.210000038146973,8100.0,FAIL,PRICE_TOO_LOW
BSE,STOCK,GCSL,Gretex Corporate Services,,543324,B,GCSL.BO,586.4000244140625,8161.8,FAIL,VOLUME_TOO_LOW
BSE,STOCK,GDIL,Global Defence Industries,,512091,XT,512091.BO,12.1899995803833,0.0,FAIL,PRICE_TOO_LOW
BSE,STOCK,GDLLEAS,GDL Leasing & Finance,,530855,XT,GDLLEAS.BO,62.130001068115234,200.2,FAIL,VOLUME_TOO_LOW
BSE,STOCK,GEE,GEE,,504028,XT,GEE.BO,130.0,86454.45,FAIL,VOLUME_TOO_LOW
BSE,STOCK,GEECEE,GeeCee Ventures,,532764,T,GEECEE.BO,380.6499938964844,302.2,FAIL,VOLUME_TOO_LOW
BSE,STOCK,GEL,Gautam Exim,,540613,M,GEL.BO,25.790000915527344,8550.0,FAIL,PRICE_TOO_LOW
BSE,STOCK,GEMAROMA,Gem Aromatics,,544491,B,GEMAROMA.BO,161.0,7133.35,FAIL,VOLUME_TOO_LOW
BSE,STOCK,GEMENVIRO,GEM Enviro Management,,544199,M,GEMENVIRO.BO,36.0,8400.0,FAIL,PRICE_TOO_LOW
BSE,STOCK,GEMSI,Gemstone Investments,,531137,X,GEMSI.BO,1.350000023841858,128619.35,FAIL,PRICE_TOO_LOW
BSE,STOCK,GEMSPIN,Gem Spinners,,521133,P,GEMSPIN.BO,4.75,45.0,FAIL,PRICE_TOO_LOW
BSE,STOCK,GENCON,Generic Engineering Construction,,539407,B,GENCON.BO,42.900001525878906,8106.9,FAIL,PRICE_TOO_LOW
BSE,STOCK,GENNEX,Gennex Laboratories,,531739,X,GENNEX.BO,11.800000190734863,1320516.35,FAIL,PRICE_TOO_LOW
BSE,STOCK,GENPHARMA,Genpharmasec,,531592,X,GENPHARMA.BO,1.2400000095367432,1273937.2,FAIL,PRICE_TOO_LOW
BSE,STOCK,GENSOL,Gensol Engineering,,542851,Z,GENSOL.BO,17.030000686645508,30992.0,FAIL,PRICE_TOO_LOW
BSE,STOCK,GENUSPAPER,Genus Paper & Boards,,538961,B,GENUSPAPER.BO,12.399999618530272,10452.15,FAIL,PRICE_TOO_LOW
BSE,STOCK,GENUSPOWER,Genus Power Infrastructures,,530343,A,GENUSPOWER.BO,340.04998779296875,218974.15,PASS,PASS
BSE,STOCK,GENUSPRIME,Genus Prime Infra,,532425,X,GENUSPRIME.BO,46.88999938964844,19524.95,FAIL,PRICE_TOO_LOW
BSE,STOCK,GEOJITFSL,Geojit Financial Services,,532285,B,GEOJITFSL.BO,82.68000030517578,32328.9,FAIL,VOLUME_TOO_LOW
BSE,STOCK,GESHIP,Great Eastern Shipping Company,,500620,A,GESHIP.BO,1354.75,60008.95,FAIL,VOLUME_TOO_LOW
BSE,STOCK,GETALONG,Getalong Enterprise,,543372,MT,GETALONG.BO,5.5,27750.0,FAIL,PRICE_TOO_LOW
BSE,STOCK,GFLLIMITED,GFL,,500173,B,GFLLIMITED.BO,58.720001220703125,11719.45,FAIL,VOLUME_TOO_LOW
BSE,STOCK,GGAUTO,GG Automotive Gears,,531399,X,GGAUTO.BO,163.39999389648438,9373.65,FAIL,VOLUME_TOO_LOW
BSE,STOCK,GGDPROP,GG Dandekar Properties,,505250,X,GGDPROP.BO,73.7699966430664,669.35,FAIL,VOLUME_TOO_LOW
BSE,STOCK,GGL,Gautam Gems,,540936,X,GGL.BO,3.140000104904175,23893.5,FAIL,PRICE_TOO_LOW
BSE,STOCK,GGPL,Gala Global Products,,539228,Z,GGPL.BO,1.2999999523162842,55581.05,FAIL,PRICE_TOO_LOW
BSE,STOCK,GHCLTEXTIL,GHCL Textiles,,543918,B,GHCLTEXTIL.BO,138.10000610351562,64242.1,FAIL,VOLUME_TOO_LOW
BSE,STOCK,GHUSHINE,Ghushine Fintrrade Ocean,,539864,MT,GHUSHINE.BO,21.5,0.0,FAIL,PRICE_TOO_LOW
BSE,STOCK,GHVINFRA,GHV Infra Projects,,505504,XT,GHVINFRA.BO,288.20001220703125,20580.1,FAIL,VOLUME_TOO_LOW
BSE,STOCK,GIANLIFE,Gian Life Care,,542918,Z,GIANLIFE.BO,4.860000133514404,8288.95,FAIL,PRICE_TOO_LOW
BSE,STOCK,GICHSGFIN,GIC Housing Finance,,511676,B,GICHSGFIN.BO,141.8000030517578,8801.25,FAIL,VOLUME_TOO_LOW
BSE,STOCK,GICRE,GIC of India,,540755,A,GICRE.BO,356.0,53156.3,FAIL,VOLUME_TOO_LOW
BSE,STOCK,GILADAFINS,Gilada Finance & Investments,,538788,X,GILADAFINS.BO,12.25,6088.05,FAIL,PRICE_TOO_LOW
BSE,STOCK,GILLANDERS,Gillanders Arbuthnot,,532716,B,GILLANDERS.BO,103.4000015258789,584.65,FAIL,VOLUME_TOO_LOW
BSE,STOCK,GILLETTE,Gillette,,507815,A,GILLETTE.BO,7343.7001953125,3265.05,FAIL,VOLUME_TOO_LOW
BSE,STOCK,GINISILK,Gini Silk Mills,,531744,X,GINISILK.BO,62.0,1953.75,FAIL,VOLUME_TOO_LOW
BSE,STOCK,GINNIFILA,Ginni Filaments,,590025,T,GINNIFILA.BO,43.95000076293945,12491.05,FAIL,PRICE_TOO_LOW
BSE,STOCK,GIPCL,Gujarat Industries Power Company,,517300,B,GIPCL.BO,208.3999938964844,80871.15,FAIL,VOLUME_TOO_LOW
BSE,STOCK,GITARENEW,Gita Renewable Energy,,539013,X,GITARENEW.BO,66.70999908447266,914.45,FAIL,VOLUME_TOO_LOW
BSE,STOCK,GKB,GKB Ophthalmics,,533212,B,GKB.BO,63.040000915527344,2150.3,FAIL,VOLUME_TOO_LOW
BSE,STOCK,GKCONS,GK Consultants,,531758,X,GKCONS.BO,11.0,1653.35,FAIL,PRICE_TOO_LOW
BSE,STOCK,GKENERGY,GK Energy,,544525,B,GKENERGY.BO,129.89999389648438,59742.7,FAIL,VOLUME_TOO_LOW
BSE,STOCK,GKL,Guru Krupa Gems & Jewellery,,540545,X,GKL.BO,32.529998779296875,24566.85,FAIL,PRICE_TOO_LOW
BSE,STOCK,GKP,GKP Printing & Packaging,,542666,B,GKP.BO,7.139999866485596,18197.75,FAIL,PRICE_TOO_LOW
BSE,STOCK,GKSL,Gujarat Kidney and Super Speciality,,544666,B,GKSL.BO,171.75,79385.85,FAIL,VOLUME_TOO_LOW
BSE,STOCK,GLAAMUP,Glaam Up Jwel,,542477,MT,GLAAMUP.BO,22.0,0.0,FAIL,PRICE_TOO_LOW
BSE,STOCK,GLANCE,Glance Finance,,531199,X,GLANCE.BO,168.0,243.1,FAIL,VOLUME_TOO_LOW
BSE,STOCK,GLAND,Gland Pharma,,543245,A,GLAND.BO,2904.85009765625,89292.55,FAIL,VOLUME_TOO_LOW
BSE,STOCK,GLAXO,GlaxoSmithKline Pharmaceuticals,,500660,A,500660.BO,2455.050048828125,18798.2,FAIL,VOLUME_TOO_LOW
BSE,STOCK,GLCL,Globe Commercials,,540266,X,GLCL.BO,17.799999237060547,18768.05,FAIL,PRICE_TOO_LOW
BSE,STOCK,GLEN,Glen Industries,,544444,MT,GLEN.BO,120.0,60960.0,FAIL,VOLUME_TOO_LOW
BSE,STOCK,GLENMARK,Glenmark Pharmaceuticals,,532296,A,GLENMARK.BO,2458.800048828125,21383.05,FAIL,VOLUME_TOO_LOW
BSE,STOCK,GLFL,Gujarat Lease Financing,,500174,B,GLFL.BO,6.570000171661377,151.9,FAIL,PRICE_TOO_LOW
BSE,STOCK,GLHRL,Global Longlife Hospital & Research,,543520,M,GLHRL.BO,11.789999961853027,155750.0,FAIL,PRICE_TOO_LOW
BSE,STOCK,GLITTEKG,Glittek Granites,,513528,XT,GLITTEKG.BO,75.73999786376953,13458.35,FAIL,VOLUME_TOO_LOW
BSE,STOCK,GLOBALCA,Global Capital Markets,,530263,X,GLOBALCA.BO,0.4699999988079071,213123.85,FAIL,PRICE_TOO_LOW
BSE,STOCK,GLOBALE,Globale Tessile,,544234,B,GLOBALE.BO,11.289999961853027,1237.5,FAIL,PRICE_TOO_LOW
BSE,STOCK,GLOBALLOG,Global Ocean Logistics,,544665,M,GLOBALLOG.BO,110.0,6000.0,FAIL,VOLUME_TOO_LOW
BSE,STOCK,GLOBALVECT,Global Vectra Helicorp,,532773,B,532773.BO,153.5500030517578,665.05,FAIL,VOLUME_TOO_LOW
BSE,STOCK,GLOBE,Globe Enterprises,,208134,NS,GLOBE.BO,32.04999923706055,9372.2,FAIL,PRICE_TOO_LOW
BSE,STOCK,GLOBECIVIL,Globe Civil Projects,,544424,B,GLOBECIVIL.BO,48.84999847412109,7080.15,FAIL,PRICE_TOO_LOW
BSE,STOCK,GLOBTIER,Globtier Infotech,,544494,MT,GLOBTIER.BO,16.239999771118164,3200.0,FAIL,PRICE_TOO_LOW
BSE,STOCK,GLOBUSCON,Globus Constructors & Developers,,526025,X,GLOBUSCON.BO,12.350000381469728,3779.3,FAIL,PRICE_TOO_LOW
BSE,STOCK,GLOBUSSPR,Globus Spirits,,533104,B,GLOBUSSPR.BO,919.4000244140624,8211.95,FAIL,VOLUME_TOO_LOW
BSE,STOCK,GLOSTERLTD,Gloster,,542351,B,GLOSTERLTD.BO,586.0,285.95,FAIL,VOLUME_TOO_LOW
BSE,STOCK,GLOTTIS,Glottis,,544557,B,GLOTTIS.BO,62.0099983215332,5661.9,FAIL,VOLUME_TOO_LOW
BSE,STOCK,GLPL,Goldline Pharmaceutical,,544759,M,GLPL.BO,40.900001525878906,69000.0,FAIL,PRICE_TOO_LOW
BSE,STOCK,GMBREW,GM Breweries,,507488,B,GMBREW.BO,909.4000244140624,1950.8,FAIL,VOLUME_TOO_LOW
BSE,STOCK,GMDCLTD,Gujarat Mineral Development Corporation,,532181,A,GMDCLTD.BO,565.9000244140625,82061.55,FAIL,VOLUME_TOO_LOW
BSE,STOCK,GMMPFAUDLR,GMM Pfaudler,,505255,A,GMMPFAUDLR.BO,1072.800048828125,11883.55,FAIL,VOLUME_TOO_LOW
BSE,STOCK,GMPL,G M Polyplast,,543239,M,GMPL.BO,63.970001220703125,3815.0,FAIL,VOLUME_TOO_LOW
BSE,STOCK,GMRAIRPORT,GMR Airports,,532754,A,GMRAIRPORT.BO,96.61000061035156,1314528.45,PASS,PASS
BSE,STOCK,GMRP&UI,GMR Power & Urban Infra,,543490,A,GMRP&UI.BO,91.55999755859376,72125.55,FAIL,VOLUME_TOO_LOW
BSE,STOCK,GNA,GNA Axles,,540124,B,GNA.BO,531.6500244140625,36479.7,FAIL,VOLUME_TOO_LOW
BSE,STOCK,GNRL,Gujarat Natural Resources,,513536,B,GNRL.BO,96.5,33500.0,FAIL,VOLUME_TOO_LOW
BSE,STOCK,GOACARBON,Goa Carbon,,509567,B,GOACARBON.BO,376.75,802.0,FAIL,VOLUME_TOO_LOW
BSE,STOCK,GOBLIN,Goblin,,542850,M,GOBLIN.BO,11.4399995803833,9900.0,FAIL,PRICE_TOO_LOW
BSE,STOCK,GOCLCORP,GOCL Corporation,,506480,B,GOCLCORP.BO,423.3500061035156,32296.65,FAIL,VOLUME_TOO_LOW
BSE,STOCK,GOCOLORS,Go Colors,,543401,B,GOCOLORS.BO,322.1000061035156,7766.8,FAIL,VOLUME_TOO_LOW
BSE,STOCK,GODAVARI,Godavari Drugs,,530317,X,GODAVARI.BO,98.87000274658205,8285.45,FAIL,VOLUME_TOO_LOW
BSE,STOCK,GODAVARIB,Godavari Biorefineries,,544279,B,GODAVARIB.BO,245.1000061035156,25981.45,FAIL,VOLUME_TOO_LOW
BSE,STOCK,GODIGIT,Go Digit General Insurance,,544179,A,GODIGIT.BO,258.3999938964844,210670.65,PASS,PASS
BSE,STOCK,GODREJAGRO,Godrej Agrovet,,540743,A,GODREJAGRO.BO,658.75,59704.25,FAIL,VOLUME_TOO_LOW
BSE,STOCK,GODREJPROP,Godrej Properties,,533150,A,533150.BO,2099.550048828125,92338.0,FAIL,VOLUME_TOO_LOW
BSE,STOCK,GOEL,Goel Food Products,,543538,M,GOEL.BO,12.149999618530272,5600.0,FAIL,PRICE_TOO_LOW
BSE,STOCK,GOELCONS,Goel Construction Company,,544504,MT,GOELCONS.BO,400.0,6340.0,FAIL,VOLUME_TOO_LOW
BSE,STOCK,GOGIACAPGL,Gogia Capital Growth,,531600,X,GOGIACAPGL.BO,50.0,178.3,FAIL,VOLUME_TOO_LOW
BSE,STOCK,GOKAKTEX,Gokak Textiles,,532957,X,GOKAKTEX.BO,55.4900016784668,1468.95,FAIL,VOLUME_TOO_LOW
BSE,STOCK,GOKEX,Gokaldas Exports,,532630,A,532630.BO,829.0999755859375,42434.75,FAIL,VOLUME_TOO_LOW
BSE,STOCK,GOKUL,Gokul Refoils & Solvent,,532980,B,GOKUL.BO,41.900001525878906,31904.2,FAIL,PRICE_TOO_LOW
BSE,STOCK,GOKULAGRO,Gokul Agro Resources,,539725,B,GOKULAGRO.BO,235.25,36224.0,FAIL,VOLUME_TOO_LOW
BSE,STOCK,GOLCA,Golden Carpets,,531928,X,GOLCA.BO,10.550000190734863,83.2,FAIL,PRICE_TOO_LOW
BSE,STOCK,GOLDCOINHF,Gold Coin Health Foods,,538542,X,GOLDCOINHF.BO,29.09000015258789,1903.6,FAIL,PRICE_TOO_LOW
BSE,STOCK,GOLDENCREST,Golden Crest Education,,540062,X,GOLDENCREST.BO,324.79998779296875,1.9,FAIL,VOLUME_TOO_LOW
BSE,STOCK,GOLDENTOBC,Golden Tobacco,,500151,Z,500151.BO,25.06999969482422,932.65,FAIL,PRICE_TOO_LOW
BSE,STOCK,GOLDIAM,Goldiam International,,526729,A,GOLDIAM.BO,340.20001220703125,58016.5,FAIL,VOLUME_TOO_LOW
BSE,STOCK,GOLDLEG,Golden Legand Leasing & Finance,,509024,X,GOLDLEG.BO,7.960000038146973,13598.8,FAIL,PRICE_TOO_LOW
BSE,STOCK,GOLDTECH,Aion Tech Solutions,,531439,T,GOLDTECH.BO,47.02000045776367,3176.25,FAIL,PRICE_TOO_LOW
BSE,STOCK,GOLECHA,Golechha Global Finance,,531360,XT,GOLECHA.BO,26.459999084472656,1215.3,FAIL,PRICE_TOO_LOW
BSE,STOCK,GOLKUNDIA,Golkunda Diamonds & Jewellery,,523676,X,GOLKUNDIA.BO,306.3500061035156,13217.05,FAIL,VOLUME_TOO_LOW
BSE,STOCK,GOODLUCK,Goodluck India,,530655,B,GOODLUCK.BO,469.7999877929688,102849.15,PASS,PASS
BSE,STOCK,GOODRICKE,Goodricke Group,,500166,X,GOODRICKE.BO,220.3000030517578,23555.15,FAIL,VOLUME_TOO_LOW
BSE,STOCK,GOODYEAR,Goodyear,,500168,B,GOODYEAR.BO,739.6500244140625,1636.6,FAIL,VOLUME_TOO_LOW
BSE,STOCK,GOPAL,Gopal Snacks,,544140,B,GOPAL.BO,265.3999938964844,18564.25,FAIL,VOLUME_TOO_LOW
BSE,STOCK,GORANIN,Gorani Industries,,531608,X,GORANIN.BO,48.75,2861.4,FAIL,PRICE_TOO_LOW
BSE,STOCK,GOTHIPL,Gothi Plascon,,531111,P,GOTHIPL.BO,39.400001525878906,300.0,FAIL,PRICE_TOO_LOW
BSE,STOCK,GOURMET,Gourmet Gateway India,,506134,XT,GOURMET.BO,11.9399995803833,19703.55,FAIL,PRICE_TOO_LOW
BSE,STOCK,GOWRALE,Gowra Leasing & Finance,,530709,XT,GOWRALE.BO,89.19999694824219,2021.1,FAIL,VOLUME_TOO_LOW
BSE,STOCK,GOYALALUM,Goyal Aluminiums,,541152,B,GOYALALUM.BO,6.369999885559082,8443.35,FAIL,PRICE_TOO_LOW
BSE,STOCK,GOYALASS,Goyal Associates,,530663,X,GOYALASS.BO,1.0499999523162842,76075.3,FAIL,PRICE_TOO_LOW
BSE,STOCK,GPAPL,Gujarat Peanut And Agri Products,,544548,M,GPAPL.BO,77.54000091552734,10000.0,FAIL,VOLUME_TOO_LOW
BSE,STOCK,GPIL,Godawari Power & Ispat,,532734,A,GPIL.BO,239.75,131788.5,PASS,PASS
BSE,STOCK,GPPL,Gujarat Pipavav Port,,533248,A,GPPL.BO,165.35000610351562,176565.25,PASS,PASS
BSE,STOCK,GPSL,GPSL,,544108,M,GPSL.BO,63.18000030517578,6690.0,FAIL,VOLUME_TOO_LOW
BSE,STOCK,GPTHEALTH,GPT Healthcare,,544131,B,GPTHEALTH.BO,152.60000610351562,7307.15,FAIL,VOLUME_TOO_LOW
BSE,STOCK,GPTINFRA,GPT Infraprojects,,533761,B,GPTINFRA.BO,111.25,7115.75,FAIL,VOLUME_TOO_LOW
BSE,STOCK,GRAMEVA,Grameva,,539120,XT,GRAMEVA.BO,91.0,968.25,FAIL,VOLUME_TOO_LOW
BSE,STOCK,GRANDMA,GRANDMA,,504369,XT,GRANDMA.BO,0.6800000071525574,133146.2,FAIL,PRICE_TOO_LOW
BSE,STOCK,GRANDOAK,Grand Oak Canyons Distillery,,523862,B,GRANDOAK.BO,35.599998474121094,2147.0,FAIL,PRICE_TOO_LOW
BSE,STOCK,GRATEXI,Gratex Industries,,526751,X,GRATEXI.BO,22.43000030517578,25.4,FAIL,PRICE_TOO_LOW
BSE,STOCK,GRAUWEIL,Grauer & Weil,,505710,B,GRAUWEIL.BO,70.7699966430664,41524.1,FAIL,VOLUME_TOO_LOW
BSE,STOCK,GRAVISSHO,Graviss Hospitality,,509546,B,GRAVISSHO.BO,28.850000381469727,781.8,FAIL,PRICE_TOO_LOW
BSE,STOCK,GRAVITA,Gravita India,,533282,A,GRAVITA.BO,1681.4000244140625,14947.5,FAIL,VOLUME_TOO_LOW
BSE,STOCK,GRAVITY,Gravity,,532015,X,GRAVITY.BO,15.710000038146973,63000.8,FAIL,PRICE_TOO_LOW
BSE,STOCK,GREAVESCOT,Greaves Cotton,,501455,A,501455.BO,249.75,241426.25,PASS,PASS
BSE,STOCK,GREENCREST,Greencrest Financial Services,,531737,X,GREENCREST.BO,0.550000011920929,288008.25,FAIL,PRICE_TOO_LOW
BSE,STOCK,GREENLAM,Greenlam Industries,,538979,B,GREENLAM.BO,243.3500061035156,8435.45,FAIL,VOLUME_TOO_LOW
BSE,STOCK,GREENPANEL,Greenpanel Industries,,542857,B,GREENPANEL.BO,157.39999389648438,33625.1,FAIL,VOLUME_TOO_LOW
BSE,STOCK,GREENPLY,Greenply Industries,,526797,B,GREENPLY.BO,293.6499938964844,17800.9,FAIL,VOLUME_TOO_LOW
BSE,STOCK,GREENPOWER,Orient Green Power,,533263,B,GREENPOWER.BO,9.1899995803833,241946.55,FAIL,PRICE_TOO_LOW
BSE,STOCK,GRERENEW,GRE Renew Enertech,,544682,M,GRERENEW.BO,165.14999389648438,10440.0,FAIL,VOLUME_TOO_LOW
BSE,STOCK,GRINDWELL,Grindwell Norton,,506076,A,506076.BO,2088.75,8998.75,FAIL,VOLUME_TOO_LOW
BSE,STOCK,GRINFRA,GR Infraprojects,,543317,B,GRINFRA.BO,870.25,3688.85,FAIL,VOLUME_TOO_LOW
BSE,STOCK,GRMOVER,GRM Overseas,,531449,B,GRMOVER.BO,85.91999816894531,268837.85,PASS,PASS
BSE,STOCK,GROARC,Groarc Industries,,532315,X,GROARC.BO,5.71999979019165,5739.6,FAIL,PRICE_TOO_LOW
BSE,STOCK,GROVY,Grovy,,539522,XT,GROVY.BO,61.810001373291016,5996.7,FAIL,VOLUME_TOO_LOW
BSE,STOCK,GROWINGTON,Growington Ventures,,539222,B,GROWINGTON.BO,0.75,4691227.8,FAIL,PRICE_TOO_LOW
BSE,STOCK,GROWW,Groww,,544603,B,GROWW.BO,190.1999969482422,6619527.9,PASS,PASS
BSE,STOCK,GRPLTD,GRP,,509152,B,GRPLTD.BO,1965.25,715.0,FAIL,VOLUME_TOO_LOW
BSE,STOCK,GRSE,Garden Reach Shipbuilders,,542011,A,GRSE.BO,2509.89990234375,42002.95,FAIL,VOLUME_TOO_LOW
BSE,STOCK,GRWRHITECH,Garware Hi-Tech Films,,500655,A,GRWRHITECH.BO,7102.14990234375,2661.8,FAIL,VOLUME_TOO_LOW
BSE,STOCK,GSAILPP,GS Auto International - PP,,890238,X,GSAILPP.BO,12.899999618530272,51610.65,FAIL,PRICE_TOO_LOW
BSE,STOCK,GSAUTO,GS Auto International,,513059,X,GSAUTO.BO,21.989999771118164,59289.35,FAIL,PRICE_TOO_LOW
BSE,STOCK,GSBFIN,GSB Finance,,511543,XT,GSBFIN.BO,50.70000076293945,3430.45,FAIL,VOLUME_TOO_LOW
BSE,STOCK,GSLSEC,Gsl Securities,,530469,X,GSLSEC.BO,34.81999969482422,393.0,FAIL,PRICE_TOO_LOW
BSE,STOCK,GSLSU,Global Surfaces,,543829,B,GSLSU.BO,27.850000381469727,28428.2,FAIL,PRICE_TOO_LOW
BSE,STOCK,GSLTD,Galaxy Supermarket,,506186,X,GSLTD.BO,18.420000076293945,26211.2,FAIL,PRICE_TOO_LOW
BSE,STOCK,GSPCROP,GSP Crop Science,,544733,B,GSPCROP.BO,626.1500244140625,11011.7,FAIL,VOLUME_TOO_LOW
BSE,STOCK,GSS,GSS Infotech,,532951,B,GSS.BO,11.149999618530272,22269.2,FAIL,PRICE_TOO_LOW
BSE,STOCK,GSTL,GlobalSpace Technologies,,540654,X,GSTL.BO,35.529998779296875,100348.7,FAIL,PRICE_TOO_LOW
BSE,STOCK,GTIL,Gabion Technologies,,544675,MT,GTIL.BO,134.6999969482422,113200.0,PASS,PASS
BSE,STOCK,GTLINFRA,GTL Infrastructure,,532775,B,GTLINFRA.BO,1.159999966621399,3420789.65,FAIL,PRICE_TOO_LOW
BSE,STOCK,GTNINDS,GTN Industries,,500170,X,GTNINDS.BO,23.75,3771.45,FAIL,PRICE_TOO_LOW
BSE,STOCK,GTNTEX,GTN Textiles,,532744,X,GTNTEX.BO,8.630000114440918,2270.5,FAIL,PRICE_TOO_LOW
BSE,STOCK,GTPL,GTPL Hathway,,540602,B,GTPL.BO,58.52000045776367,11395.55,FAIL,VOLUME_TOO_LOW
BSE,STOCK,GTTDATA,GTT Data Solutions,,530457,X,GTTDATA.BO,42.56999969482422,24549.85,FAIL,PRICE_TOO_LOW
BSE,STOCK,GTV,GTV Engineering,,539479,X,GTV.BO,66.69999694824219,58757.25,FAIL,VOLUME_TOO_LOW
BSE,STOCK,GUFICBIO,Gufic BioSciences,,509079,B,GUFICBIO.BO,440.25,9738.1,FAIL,VOLUME_TOO_LOW
BSE,STOCK,GUJALKALI,Gujarat Alkalies & Chemicals,,530001,B,GUJALKALI.BO,722.7999877929688,9054.5,FAIL,VOLUME_TOO_LOW
BSE,STOCK,GUJAPOLLO,Gujarat Apollo Industries,,522217,B,GUJAPOLLO.BO,350.25,1162.35,FAIL,VOLUME_TOO_LOW
BSE,STOCK,GUJARATPOLY,Gujarat Poly Avx Electronics,,517288,XT,GUJARATPOLY.BO,66.30000305175781,1832.7,FAIL,VOLUME_TOO_LOW
BSE,STOCK,GUJCONT,Gujarat Containers,,513507,P,GUJCONT.BO,163.4499969482422,835.0,FAIL,VOLUME_TOO_LOW
BSE,STOCK,GUJCOTEX,Gujarat Cotex,,514386,X,GUJCOTEX.BO,2.700000047683716,1933208.75,FAIL,PRICE_TOO_LOW
BSE,STOCK,GUJCRAFT,Gujarat Craft Industries,,526965,X,GUJCRAFT.BO,97.4000015258789,1563.9,FAIL,VOLUME_TOO_LOW
BSE,STOCK,GUJCRED,Gujarat Credit,,511441,X,GUJCRED.BO,24.780000686645508,176.3,FAIL,PRICE_TOO_LOW
BSE,STOCK,GUJENERGY,Gujarat Energy,,539336,A,GUJENERGY.BO,264.04998779296875,279661.6,PASS,PASS
BSE,STOCK,GUJHOTE,Gujarat Hotels,,507960,X,GUJHOTE.BO,185.5,899.9,FAIL,VOLUME_TOO_LOW
BSE,STOCK,GUJHYSPIN,Gujarat Hy Spin,,540938,MT,GUJHYSPIN.BO,9.220000267028809,500.0,FAIL,PRICE_TOO_LOW
BSE,STOCK,GUJINJEC,Gujarat Inject Kerala,,524238,XT,GUJINJEC.BO,10.579999923706056,954192.5,FAIL,PRICE_TOO_LOW
BSE,STOCK,GUJINTRX,Gujarat Intrux,,517372,X,GUJINTRX.BO,448.0,1977.0,FAIL,VOLUME_TOO_LOW
BSE,STOCK,GUJINV,Gujarat Investa,,531341,X,GUJINV.BO,14.0,460.45,FAIL,PRICE_TOO_LOW
BSE,STOCK,GUJJUBHAI,Gujjubhai Industries,,532070,X,GUJJUBHAI.BO,99.9499969482422,106591.6,PASS,PASS
BSE,STOCK,GUJPETR,Gujarat Petrosynthese,,506858,X,GUJPETR.BO,52.11000061035156,1277.4,FAIL,VOLUME_TOO_LOW
BSE,STOCK,GUJRAFFIA,Gujarat Raffia Industries,,523836,B,523836.BO,39.5,568.15,FAIL,PRICE_TOO_LOW
BSE,STOCK,GUJSTATFIN,Gujarat State Financial Corp,,532160,B,GUJSTATFIN.BO,9.869999885559082,6991.55,FAIL,PRICE_TOO_LOW
BSE,STOCK,GUJTERC,Gujarat Terce Laboratories,,524314,X,GUJTERC.BO,40.0,4047.9,FAIL,PRICE_TOO_LOW
BSE,STOCK,GUJTHEM,Gujarat Themis Biosyn,,506879,B,GUJTHEM.BO,425.0,18728.3,FAIL,VOLUME_TOO_LOW
BSE,STOCK,GUJTLRM,Gujarat Toolroom,,513337,B,GUJTLRM.BO,0.4399999976158142,3099704.9,FAIL,PRICE_TOO_LOW
BSE,STOCK,GUJWIND,Gujarat Winding Systems,,541627,XT,GUJWIND.BO,9.130000114440918,30250.15,FAIL,PRICE_TOO_LOW
BSE,STOCK,GULFOILLUB,Gulf Oil Lubricants,,538567,B,GULFOILLUB.BO,1113.9000244140625,3927.9,FAIL,VOLUME_TOO_LOW
BSE,STOCK,GULFPETRO,GP Petroleums,,532543,T,GULFPETRO.BO,66.58000183105469,29745.95,FAIL,VOLUME_TOO_LOW
BSE,STOCK,GULPOLY,Gulshan Polyols,,532457,B,GULPOLY.BO,186.1000061035156,32058.05,FAIL,VOLUME_TOO_LOW
BSE,STOCK,GVBL,Genomic Valley Biotech,,539206,X,GVBL.BO,29.8799991607666,704.45,FAIL,PRICE_TOO_LOW
BSE,STOCK,GVFILM,GV Films,,523277,X,GVFILM.BO,0.4099999964237213,6160826.65,FAIL,PRICE_TOO_LOW
BSE,STOCK,GVKPIL,GVK Power & Infrastructure,,532708,T,GVKPIL.BO,2.0799999237060547,165714.55,FAIL,PRICE_TOO_LOW
BSE,STOCK,GVL,Greenhitech Ventures,,544163,M,GVL.BO,35.900001525878906,2700.0,FAIL,PRICE_TOO_LOW
BSE,STOCK,GVPIL,GE Power,,532309,B,GVPIL.BO,664.1500244140625,22114.7,FAIL,VOLUME_TOO_LOW
BSE,STOCK,GVT&D,GE Vernova T&D,,522275,A,GVT&D.BO,4355.0,56553.05,FAIL,VOLUME_TOO_LOW
BSE,STOCK,GYANDEV,Gyan Developers & Builders,,530141,XT,GYANDEV.BO,52.45000076293945,876.55,FAIL,VOLUME_TOO_LOW
BSE,STOCK,GYFTR,Gyftr,,507912,B,GYFTR.BO,179.9499969482422,41897.05,FAIL,VOLUME_TOO_LOW
BSE,STOCK,HAL,Hindustan Aeronautics,,541154,A,HAL.BO,4779.9501953125,63701.2,FAIL,VOLUME_TOO_LOW
BSE,STOCK,HALDER,Halder Venture,,539854,B,HALDER.BO,286.79998779296875,4380.75,FAIL,VOLUME_TOO_LOW
BSE,STOCK,HALDYNGL,Haldyn Glass,,515147,T,HALDYNGL.BO,145.35000610351562,8963.25,FAIL,VOLUME_TOO_LOW
BSE,STOCK,HALEOSLABS,Haleos,,540679,B,HALEOSLABS.BO,1486.0,35.5,FAIL,VOLUME_TOO_LOW
BSE,STOCK,HAMPS,Hamps Bio,,544312,M,HAMPS.BO,25.899999618530277,4000.0,FAIL,PRICE_TOO_LOW
BSE,STOCK,HAMPTON,Hampton Sky Reality,,526407,B,HAMPTON.BO,8.020000457763672,44119.3,FAIL,PRICE_TOO_LOW
BSE,STOCK,HANMAN,Hanman Fit,,538731,M,HANMAN.BO,3.7699999809265137,14910.0,FAIL,PRICE_TOO_LOW
BSE,STOCK,HANNAH,Hannah Joseph Hospital,,544687,MT,HANNAH.BO,118.0,12000.0,FAIL,VOLUME_TOO_LOW
BSE,STOCK,HANSUGAR,Shree Hanuman Sugar & Industries,,537709,XT,HANSUGAR.BO,4.28000020980835,34990.0,FAIL,PRICE_TOO_LOW
BSE,STOCK,HAPPSTMNDS,Happiest Minds Technologies,,543227,A,HAPPSTMNDS.BO,353.95001220703125,192259.5,PASS,PASS
BSE,STOCK,HAPPYFORGE,Happy Forgings,,544057,B,HAPPYFORGE.BO,2290.050048828125,7736.2,FAIL,VOLUME_TOO_LOW
BSE,STOCK,HARCR,Harig Crankshafts,,500178,XT,HARCR.BO,28.309999465942383,258.2,FAIL,PRICE_TOO_LOW
BSE,STOCK,HARDCAS,Hardcastle & Waud Mfg,,509597,X,HARDCAS.BO,814.7000122070312,481.15,FAIL,VOLUME_TOO_LOW
BSE,STOCK,HARDWYN,Hardwyn India,,541276,B,HARDWYN.BO,9.130000114440918,185897.65,FAIL,PRICE_TOO_LOW
BSE,STOCK,HARIAAPL,Haria Apparels,,538081,X,HARIAAPL.BO,5.0,9408.5,FAIL,PRICE_TOO_LOW
BSE,STOCK,HARIAEXPO,Haria Exports,,512604,XT,HARIAEXPO.BO,9.329999923706056,8137.7,FAIL,PRICE_TOO_LOW
BSE,STOCK,HARIKANTA,Harikanta Overseas,,544769,M,HARIKANTA.BO,63.0,3660.0,FAIL,VOLUME_TOO_LOW
BSE,STOCK,HARIOMPIPE,Hariom Pipe Industries,,543517,B,HARIOMPIPE.BO,356.04998779296875,10479.15,FAIL,VOLUME_TOO_LOW
BSE,STOCK,HARISH,Harish Textile Engineers,,542682,X,HARISH.BO,63.65999984741211,4034.9,FAIL,VOLUME_TOO_LOW
BSE,STOCK,HARLETH,Haryana Leather Chemicals,,524080,X,HARLETH.BO,59.880001068115234,1347.0,FAIL,VOLUME_TOO_LOW
BSE,STOCK,HARRMALAYA,Harrisons Malayalam,,500467,B,500467.BO,219.0500030517578,2206.1,FAIL,VOLUME_TOO_LOW
BSE,STOCK,HARSHA,Harsha Engineers,,543600,B,HARSHA.BO,450.8500061035156,14820.65,FAIL,VOLUME_TOO_LOW
BSE,STOCK,HARSHDEEP,Harshdeep Hortico,,544105,M,HARSHDEEP.BO,85.19000244140625,8325.0,FAIL,VOLUME_TOO_LOW
BSE,STOCK,HARSHILAGR,Harshil Agrotech,,505336,XT,HARSHILAGR.BO,0.2800000011920929,2808519.55,FAIL,PRICE_TOO_LOW
BSE,STOCK,HARYNACAP,Haryana Capfin,,532855,X,HARYNACAP.BO,144.9499969482422,845.95,FAIL,VOLUME_TOO_LOW
BSE,STOCK,HASTIFIN,Hasti Finance,,531387,XT,HASTIFIN.BO,8.0,3351.75,FAIL,PRICE_TOO_LOW
BSE,STOCK,HATHWAY,Hathway Cable & Datacom,,533162,B,HATHWAY.BO,10.279999732971191,138418.3,FAIL,PRICE_TOO_LOW
BSE,STOCK,HATHWAYB,Hathway Bhawani Cabletel & Datacom,,509073,X,HATHWAYB.BO,11.399999618530272,957.95,FAIL,PRICE_TOO_LOW
BSE,STOCK,HATSUN,Hatsun Agro Product,,531531,A,HATSUN.BO,1162.800048828125,11174.6,FAIL,VOLUME_TOO_LOW
BSE,STOCK,HAVISHA,Sri Havisha Hospital,,531322,B,HAVISHA.BO,1.350000023841858,19179.4,FAIL,PRICE_TOO_LOW
BSE,STOCK,HAWAENG,Hawa Engineers,,539176,X,HAWAENG.BO,78.98999786376953,774.65,FAIL,VOLUME_TOO_LOW
BSE,STOCK,HAWKINCOOK,Hawkins Cookers,,508486,B,HAWKINCOOK.BO,8324.25,166.0,FAIL,VOLUME_TOO_LOW
BSE,STOCK,HAZOOR,Hazoor Multi Projects,,532467,B,HAZOOR.BO,19.280000686645508,314906.3,FAIL,PRICE_TOO_LOW
BSE,STOCK,HBEL,Humming Bird Education,,542592,M,HBEL.BO,25.75,4187.5,FAIL,PRICE_TOO_LOW
BSE,STOCK,HBESD,HB Estate Developers,,532334,B,HBESD.BO,75.0,180.8,FAIL,VOLUME_TOO_LOW
BSE,STOCK,HBGHOTELS,HBG Hotels,,537839,X,HBGHOTELS.BO,77.98999786376953,23133.35,FAIL,VOLUME_TOO_LOW
BSE,STOCK,HBLEAS,HB Leasing & Finance Co.,,508956,X,HBLEAS.BO,10.199999809265137,1875.7,FAIL,PRICE_TOO_LOW
BSE,STOCK,HBLENGINE,HBL Engineering,,517271,A,HBLENGINE.BO,665.7999877929688,90117.45,FAIL,VOLUME_TOO_LOW
BSE,STOCK,HBPOR,HB Portfolio,,532333,B,HBPOR.BO,61.400001525878906,1594.75,FAIL,VOLUME_TOO_LOW
BSE,STOCK,HBSL,HB Stockholdings,,532216,B,HBSL.BO,53.0,628.15,FAIL,VOLUME_TOO_LOW
BSE,STOCK,HCG,Healthcare Global Enterprises,,539787,A,HCG.BO,702.5,69372.65,FAIL,VOLUME_TOO_LOW
BSE,STOCK,HCKKVENTURE,HCKK Ventures,,539224,XT,HCKKVENTURE.BO,37.88999938964844,489.95,FAIL,PRICE_TOO_LOW
BSE,STOCK,HCL-INSYS,HCL Infosystems,,500179,B,500179.BO,11.850000381469728,38108.75,FAIL,PRICE_TOO_LOW
BSE,STOCK,HCLTD,Hind Commerce,,538652,X,HCLTD.BO,3.809999942779541,0.0,FAIL,PRICE_TOO_LOW
BSE,STOCK,HCLTECH,HCL Technologies,,532281,A,HCLTECH.BO,1310.25,110014.4,PASS,PASS
BSE,STOCK,HDBFS,HDB Financial Services,,544429,A,HDBFS.BO,692.9000244140625,53478.2,FAIL,VOLUME_TOO_LOW
BSE,STOCK,HDFCAMC,HDFC AMC,,541729,A,HDFCAMC.BO,2503.550048828125,96465.65,FAIL,VOLUME_TOO_LOW
BSE,STOCK,HDFCLIFE,HDFC Life Insurance,,540777,A,HDFCLIFE.BO,532.0,193618.1,PASS,PASS
BSE,STOCK,HDIL,Housing Development and Infra,,532873,Z,HDIL.BO,1.5199999809265137,79541.85,FAIL,PRICE_TOO_LOW
BSE,STOCK,HEADSUP,Heads UP Ventures,,540210,B,HEADSUP.BO,6.349999904632568,4048.6,FAIL,PRICE_TOO_LOW
BSE,STOCK,HEALTHX,Health X Platform,,533259,B,HEALTHX.BO,291.70001220703125,342.95,FAIL,VOLUME_TOO_LOW
BSE,STOCK,HEALTHYLIFE,Healthy Life Agritec,,543546,MT,HEALTHYLIFE.BO,7.099999904632568,112200.0,FAIL,PRICE_TOO_LOW
BSE,STOCK,HEERAISP,Heera Ispat,,526967,X,HEERAISP.BO,6.699999809265137,1128.55,FAIL,PRICE_TOO_LOW
BSE,STOCK,HEG,HEG,,509631,A,HEG.BO,708.0999755859375,108878.0,PASS,PASS
BSE,STOCK,HEIDELBERG,Heidelberg Cement,,500292,B,500292.BO,157.8000030517578,6785.45,FAIL,VOLUME_TOO_LOW
BSE,STOCK,HELLOJI,Helloji Holidays,,544630,M,HELLOJI.BO,125.0500030517578,4500.0,FAIL,VOLUME_TOO_LOW
BSE,STOCK,HELPAGE,Helpage Finlease,,539174,X,HELPAGE.BO,21.0,627.75,FAIL,PRICE_TOO_LOW
BSE,STOCK,HEMANG,Hemang Resources,,531178,X,HEMANG.BO,9.5,7077.8,FAIL,PRICE_TOO_LOW
BSE,STOCK,HEMIPROP,Hemisphere Properties,,543242,B,HEMIPROP.BO,125.9000015258789,21264.0,FAIL,VOLUME_TOO_LOW
BSE,STOCK,HERANBA,Heranba Industries,,543266,B,HERANBA.BO,176.0,5056.1,FAIL,VOLUME_TOO_LOW
BSE,STOCK,HERCULES,Hercules Investments,,505720,X,HERCULES.BO,122.5,6700.55,FAIL,VOLUME_TOO_LOW
BSE,STOCK,HEROMOTOCO,Hero Motocorp,,500182,A,500182.BO,4911.25,28047.15,FAIL,VOLUME_TOO_LOW
BSE,STOCK,HESTERBIO,Hester Biosciences,,524669,B,HESTERBIO.BO,2192.85009765625,307.3,FAIL,VOLUME_TOO_LOW
BSE,STOCK,HEXAGON,Hexagon Nutrition,,544785,T,HEXAGON.BO,65.62000274658203,44608.95,FAIL,VOLUME_TOO_LOW
BSE,STOCK,HEXATRADEX,Hexa Tradex,,534328,B,HEXATRADEX.BO,162.9499969482422,79.2,FAIL,VOLUME_TOO_LOW
BSE,STOCK,HEXT,Hexaware Technologies,,544362,A,HEXT.BO,528.0499877929688,186254.4,PASS,PASS
BSE,STOCK,HFIL,Himalaya Food International,,526899,X,HFIL.BO,8.279999732971191,50149.2,FAIL,PRICE_TOO_LOW
BSE,STOCK,HGINFRA,HG Infra Engineering,,541019,B,HGINFRA.BO,480.5,21524.7,FAIL,VOLUME_TOO_LOW
BSE,STOCK,HGM,HandsOn Global Management (HGM),,532761,B,HGM.BO,52.220001220703125,866.35,FAIL,VOLUME_TOO_LOW
BSE,STOCK,HGS,Hinduja Global Solutions,,532859,B,HGS.BO,393.1499938964844,1445.0,FAIL,VOLUME_TOO_LOW
BSE,STOCK,HIGHENE,High Energy Batteries,,504176,X,HIGHENE.BO,590.75,8027.9,FAIL,VOLUME_TOO_LOW
BSE,STOCK,HIGHNESS,Highness Microelectronics,,544741,MT,HIGHNESS.BO,175.0500030517578,11820.0,FAIL,VOLUME_TOO_LOW
BSE,STOCK,HIKLASS,Hi-Klass Trading and Investment,,542332,XT,HIKLASS.BO,91.0999984741211,24555.75,FAIL,VOLUME_TOO_LOW
BSE,STOCK,HILIKS,Hiliks Technologies,,539697,XT,HILIKS.BO,66.06999969482422,7118.3,FAIL,VOLUME_TOO_LOW
BSE,STOCK,HILINFRA,Highway Infrastructure,,544477,B,HILINFRA.BO,44.540000915527344,8889.3,FAIL,PRICE_TOO_LOW
BSE,STOCK,HILLTONE,Hilltone Software and Gas,,544308,X,HILLTONE.BO,39.4900016784668,34070.7,FAIL,PRICE_TOO_LOW
BSE,STOCK,HILTON,Hilton Metal Forging,,532847,B,HILTON.BO,18.71999931335449,10224.45,FAIL,PRICE_TOO_LOW
BSE,STOCK,HIMTEK,Him Teknoforge,,505712,XT,HIMTEK.BO,277.95001220703125,35050.9,FAIL,VOLUME_TOO_LOW
BSE,STOCK,HINDADH,Hindustan Adhesives,,514428,B,HINDADH.BO,373.3999938964844,6213.3,FAIL,VOLUME_TOO_LOW
BSE,STOCK,HINDALUMI,Hind Aluminium Industries,,531979,B,HINDALUMI.BO,98.72000122070312,2681.75,FAIL,VOLUME_TOO_LOW
BSE,STOCK,HINDAPL,Hindustan Appliances,,531918,X,HINDAPL.BO,94.5,107.15,FAIL,VOLUME_TOO_LOW
BSE,STOCK,HINDBIO,Hindustan Bio Sciences,,532041,XT,HINDBIO.BO,7.349999904632568,18283.55,FAIL,PRICE_TOO_LOW
BSE,STOCK,HINDCOMPOS,Hindustan Composites,,509635,B,509635.BO,435.2000122070313,1520.7,FAIL,VOLUME_TOO_LOW
BSE,STOCK,HINDCOPPER,Hindustan Copper,,513599,A,HINDCOPPER.BO,517.9500122070312,1261866.75,PASS,PASS
BSE,STOCK,HINDHARD,Hindustan Hardy,,505893,X,HINDHARD.BO,683.3499755859375,524.5,FAIL,VOLUME_TOO_LOW
BSE,STOCK,HINDMILL,Hindoostan Mills,,509895,X,HINDMILL.BO,141.5500030517578,867.55,FAIL,VOLUME_TOO_LOW
BSE,STOCK,HINDMOTORS,Hindustan Motors,,500500,X,500500.BO,16.170000076293945,196089.7,FAIL,PRICE_TOO_LOW
BSE,STOCK,HINDPETRO,Hindustan Petroleum,,500104,A,500104.BO,400.2999877929688,373646.0,PASS,PASS
BSE,STOCK,HINDTIN,Hindustan Tin Works,,530315,X,HINDTIN.BO,118.8000030517578,16255.1,FAIL,VOLUME_TOO_LOW
BSE,STOCK,HINDUNILVR,Hindustan Unilever,,500696,A,500696.BO,2144.10009765625,136285.45,PASS,PASS
BSE,STOCK,HINDUST,Hindustan Agrigenetics,,519574,X,HINDUST.BO,38.77999877929688,2354.05,FAIL,PRICE_TOO_LOW
BSE,STOCK,HINDWAREAP,Hindware Home Innovation,,542905,B,HINDWAREAP.BO,185.1499938964844,10475.5,FAIL,VOLUME_TOO_LOW
BSE,STOCK,HIPOLIN,Hipolin,,530853,XT,HIPOLIN.BO,76.95999908447266,16130.0,FAIL,VOLUME_TOO_LOW
BSE,STOCK,HIRAUTO,Hira Automobiles,,531743,P,HIRAUTO.BO,193.0,5.0,FAIL,VOLUME_TOO_LOW
BSE,STOCK,HIRECT,Hirect,,504036,B,504036.BO,1243.050048828125,18468.65,FAIL,VOLUME_TOO_LOW
BSE,STOCK,HISARMETAL,Hisar Metal Industries,,590018,B,HISARMETAL.BO,164.89999389648438,266.6,FAIL,VOLUME_TOO_LOW
BSE,STOCK,HISARSP,Hisar Spinning Mills,,521068,P,HISARSP.BO,43.31999969482422,70.0,FAIL,PRICE_TOO_LOW
BSE,STOCK,HITECHCORP,Hitech Corporation,,526217,T,HITECHCORP.BO,338.0,312.6,FAIL,VOLUME_TOO_LOW
BSE,STOCK,HITECHGEAR,Hi-Tech Gears,,522073,T,522073.BO,620.0,185.0,FAIL,VOLUME_TOO_LOW
BSE,STOCK,HITKITGLO,Hit Kit Global Solutions,,532359,X,HITKITGLO.BO,2.440000057220459,105040.9,FAIL,PRICE_TOO_LOW
BSE,STOCK,HITTCO,Hittco Tools,,531661,XT,HITTCO.BO,17.25,19146.0,FAIL,PRICE_TOO_LOW
BSE,STOCK,HLEGLAS,HLE Glascoat,,522215,B,HLEGLAS.BO,319.8500061035156,30178.45,FAIL,VOLUME_TOO_LOW
BSE,STOCK,HLVLTD,HLV,,500193,B,HLVLTD.BO,6.369999885559082,45151.65,FAIL,PRICE_TOO_LOW
BSE,STOCK,HMAAGRO,HMA Agro Industries,,543929,B,HMAAGRO.BO,20.76000022888184,184601.8,FAIL,PRICE_TOO_LOW
BSE,STOCK,HMEML,H.M. Electro Mech,,544349,M,HMEML.BO,54.0,10560.0,FAIL,VOLUME_TOO_LOW
BSE,STOCK,HMVL,Hindustan Media Ventures,,533217,T,HMVL.BO,86.6500015258789,1559.1,FAIL,VOLUME_TOO_LOW
BSE,STOCK,HNDFDS,Hindustan Foods,,519126,B,HNDFDS.BO,626.9000244140625,9740.15,FAIL,VOLUME_TOO_LOW
BSE,STOCK,HOCL,Hindustan Organic Chemicals,,500449,T,HOCL.BO,37.0,31328.9,FAIL,PRICE_TOO_LOW
BSE,STOCK,HOM,HOMRE,,523387,XT,HOM.BO,2.009999990463257,166764.15,FAIL,PRICE_TOO_LOW
BSE,STOCK,HOMEFIRST,Home First Finance Company,,543259,A,HOMEFIRST.BO,1200.25,4790.2,FAIL,VOLUME_TOO_LOW
BSE,STOCK,HONASA,Mamaearth,,544014,A,HONASA.BO,477.4500122070313,141005.45,PASS,PASS
BSE,STOCK,HONAUT,Honeywell Automation,,517174,A,HONAUT.BO,35248.6015625,1067.15,FAIL,VOLUME_TOO_LOW
BSE,STOCK,HONDAPOWER,Honda India Power Products,,522064,B,HONDAPOWER.BO,1998.300048828125,329.8,FAIL,VOLUME_TOO_LOW
BSE,STOCK,HORIZON,Horizon Reclaim,,544794,M,HORIZON.BO,117.9000015258789,54720.0,FAIL,VOLUME_TOO_LOW
BSE,STOCK,HOTLSILV,HS India,,532145,X,HOTLSILV.BO,10.869999885559082,1072.0,FAIL,PRICE_TOO_LOW
BSE,STOCK,HOWARHO,Howard Hotels,,526761,X,HOWARHO.BO,19.5,995.55,FAIL,PRICE_TOO_LOW
BSE,STOCK,HPAL,HP Adhesives,,543433,B,HPAL.BO,35.40999984741211,13167.45,FAIL,PRICE_TOO_LOW
BSE,STOCK,HPBL,HCP Plastene Bulkpack,,526717,X,HPBL.BO,305.20001220703125,16567.35,FAIL,VOLUME_TOO_LOW
BSE,STOCK,HPCOTTON,HP Cotton Textile Mills,,502873,X,HPCOTTON.BO,96.6500015258789,1410.0,FAIL,VOLUME_TOO_LOW
BSE,STOCK,HPIL,Hindprakash Industries,,543645,B,HPIL.BO,127.9000015258789,92.0,FAIL,VOLUME_TOO_LOW
BSE,STOCK,HPL,HPL Electric & Power,,540136,B,HPL.BO,302.75,8389.0,FAIL,VOLUME_TOO_LOW
BSE,STOCK,HRS,HRS Aluglaze,,544656,M,HRS.BO,253.0,1680.0,FAIL,VOLUME_TOO_LOW
BSE,STOCK,HRYNSHP,Hariyana Ship Breakers,,526931,B,HRYNSHP.BO,100.25,929.1,FAIL,VOLUME_TOO_LOW
BSE,STOCK,HSCL,Himadri Speciality Chemical,,500184,A,HSCL.BO,661.7000122070312,363440.3,PASS,PASS
BSE,STOCK,HSIL,Hemant Surgical Industries,,543916,M,HSIL.BO,368.6499938964844,19380.0,FAIL,VOLUME_TOO_LOW
BSE,STOCK,HUBTOWN,Hubtown,,532799,A,HUBTOWN.BO,192.25,30966.25,FAIL,VOLUME_TOO_LOW
BSE,STOCK,HUDCO,HUDCO,,540530,A,HUDCO.BO,180.8000030517578,334533.7,PASS,PASS
BSE,STOCK,HUHTAMAKI,Huhtamaki PPL,,509820,B,HUHTAMAKI.BO,258.29998779296875,9913.2,FAIL,VOLUME_TOO_LOW
BSE,STOCK,HYBRIDFIN,Hybrid Financial Services,,500262,T,HYBRIDFIN.BO,17.0,957.95,FAIL,PRICE_TOO_LOW
BSE,STOCK,HYPERSOFT,Hypersoft Technologies,,539724,XT,HYPERSOFT.BO,203.3999938964844,23882.7,FAIL,VOLUME_TOO_LOW
BSE,STOCK,HYUNDAI,Hyundai Motor India,,544274,A,HYUNDAI.BO,2150.0,123173.6,PASS,PASS
BSE,STOCK,IBINFO,IB Infotech Enterprises,,519463,X,IBINFO.BO,35.279998779296875,3659.65,FAIL,PRICE_TOO_LOW
BSE,STOCK,IBULLSLTD,Indiabulls,,533520,B,IBULLSLTD.BO,25.84000015258789,1157206.25,FAIL,PRICE_TOO_LOW
BSE,STOCK,ICDSLTD,ICDS,,511194,B,ICDSLTD.BO,63.70000076293945,671.5,FAIL,VOLUME_TOO_LOW
BSE,STOCK,ICICIAMC,ICICI Prudential Asset Management,,544658,A,ICICIAMC.BO,2975.050048828125,578166.75,PASS,PASS
BSE,STOCK,ICICIGI,ICICI Lombard General Insurance,,540716,A,ICICIGI.BO,1514.0,175388.55,PASS,PASS
BSE,STOCK,ICICIPRULI,ICICI Prudential Life Insurance,,540133,A,ICICIPRULI.BO,494.8999938964844,625262.35,PASS,PASS
BSE,STOCK,ICIL,Indo Count Industries,,521016,A,521016.BO,389.0,87317.55,FAIL,VOLUME_TOO_LOW
BSE,STOCK,ICL,Indo Cotspin,,538838,X,ICL.BO,32.810001373291016,731.75,FAIL,PRICE_TOO_LOW
BSE,STOCK,ICODEX,Icodex Publishing Solutions,,544483,M,ICODEX.BO,35.0,6180.0,FAIL,PRICE_TOO_LOW
BSE,STOCK,ICON,Icon Facilitators,,544426,M,ICON.BO,67.0,6180.0,FAIL,VOLUME_TOO_LOW
BSE,STOCK,ICONIKSPEV,Iconik Sports And Events,,511260,X,ICONIKSPEV.BO,37.130001068115234,26830.9,FAIL,PRICE_TOO_LOW
BSE,STOCK,ICRA,ICRA,,532835,B,ICRA.BO,4882.5,1047.1,FAIL,VOLUME_TOO_LOW
BSE,STOCK,ICSL,Integrated Capital Services,,539149,X,ICSL.BO,3.3299999237060547,17004.1,FAIL,PRICE_TOO_LOW
BSE,STOCK,IDEA,Vodafone Idea,,532822,A,IDEA.BO,14.479999542236328,24038297.45,FAIL,PRICE_TOO_LOW
BSE,STOCK,IDEAFORGE,Ideaforge Technology,,543932,B,IDEAFORGE.BO,776.7999877929688,57220.0,FAIL,VOLUME_TOO_LOW
BSE,STOCK,IDENTIXWEB,Identixweb,,544388,M,IDENTIXWEB.BO,74.0,5100.0,FAIL,VOLUME_TOO_LOW
BSE,STOCK,IDFCFIRSTB,IDFC First Bank,,539437,A,IDFCFIRSTB.BO,87.11000061035156,1263332.8,PASS,PASS
BSE,STOCK,IDREAM,IDream Film Infrastructure Company,,504375,P,IDREAM.BO,610.0,75.0,FAIL,VOLUME_TOO_LOW
BSE,STOCK,IECEDU,IECEDU,,531840,X,IECEDU.BO,30.36000061035156,12157.7,FAIL,PRICE_TOO_LOW
BSE,STOCK,IEX,Indian Energy Exchange,,540750,A,540750.BO,122.75,399347.25,PASS,PASS
BSE,STOCK,IFBAGRO,IFB Agro Industries,,507438,B,IFBAGRO.BO,893.7999877929688,556.0,FAIL,VOLUME_TOO_LOW
BSE,STOCK,IFGLEXPOR,IFGL Refractories,,540774,B,IFGLEXPOR.BO,210.4499969482422,3367.95,FAIL,VOLUME_TOO_LOW
BSE,STOCK,IFINSEC,India Finsec,,535667,X,IFINSEC.BO,237.0,759.2,FAIL,VOLUME_TOO_LOW
BSE,STOCK,IFINSER,Interactive Financial,,539692,X,IFINSER.BO,12.989999771118164,20780.95,FAIL,PRICE_TOO_LOW
BSE,STOCK,IFL,IFL Enterprises,,540377,B,IFL.BO,0.3400000035762787,2633870.3,FAIL,PRICE_TOO_LOW
BSE,STOCK,IGARASHI,Igarashi Motors,,517380,B,IGARASHI.BO,416.6000061035156,7365.75,FAIL,VOLUME_TOO_LOW
BSE,STOCK,IGCIL,IGC Industries,,539449,X,IGCIL.BO,1.9800000190734863,55323.15,FAIL,PRICE_TOO_LOW
BSE,STOCK,IGCL,Indogulf Cropsciences,,544432,B,IGCL.BO,72.80000305175781,3863.15,FAIL,VOLUME_TOO_LOW
BSE,STOCK,IGIL,International Gemological Institute,,544311,A,IGIL.BO,325.45001220703125,132891.55,PASS,PASS
BSE,STOCK,IGLFXPL-B,Indo Gulf Industries,,506945,P,IGLFXPL-B.BO,2.9800000190734863,27.5,FAIL,PRICE_TOO_LOW
BSE,STOCK,IGPL,IG Petrochemicals,,500199,B,500199.BO,425.4500122070313,957.6,FAIL,VOLUME_TOO_LOW
BSE,STOCK,IIFL,IIFL Finance,,532636,A,IIFL.BO,644.2000122070312,147177.35,PASS,PASS
BSE,STOCK,IIFLCAPS,IIFL Capital Services,,542773,A,IIFLCAPS.BO,338.0,25123.0,FAIL,VOLUME_TOO_LOW
BSE,STOCK,IIRM,IIRM,,526530,XT,IIRM.BO,132.25,12785.7,FAIL,VOLUME_TOO_LOW
BSE,STOCK,IISL,Ishaan Infrastructure & Shelters,,540134,XT,IISL.BO,12.279999732971191,3351.0,FAIL,PRICE_TOO_LOW
BSE,STOCK,IITLPROJ,IITL Projects,,531968,XT,IITLPROJ.BO,50.65999984741211,408.3,FAIL,VOLUME_TOO_LOW
BSE,STOCK,IKIO,IKIO Technologies,,543923,B,IKIO.BO,208.1000061035156,31212.65,FAIL,VOLUME_TOO_LOW
BSE,STOCK,IKOMA,Ikoma Technologies,,531997,XT,IKOMA.BO,61.38999938964844,68726.8,FAIL,VOLUME_TOO_LOW
BSE,STOCK,IKS,Inventurus Knowledge Solutions,,544309,A,IKS.BO,1733.949951171875,32916.9,FAIL,VOLUME_TOO_LOW
BSE,STOCK,IL&FSENGG,IL&FS Engg & Const Company,,532907,Z,IL&FSENGG.BO,35.34000015258789,8876.1,FAIL,PRICE_TOO_LOW
BSE,STOCK,IL&FSTRANS,IL&FS Transportation Networks,,533177,Z,IL&FSTRANS.BO,2.140000104904175,16207.9,FAIL,PRICE_TOO_LOW
BSE,STOCK,IMAGICAA,Imagicaaworld Entertainment,,539056,B,IMAGICAA.BO,54.59000015258789,190252.95,PASS,PASS
BSE,STOCK,IMEC,IMEC Services,,513295,X,IMEC.BO,104.0,915.75,FAIL,VOLUME_TOO_LOW
BSE,STOCK,IMFA,Indian Metals & Ferro Alloys,,533047,A,IMFA.BO,1280.9000244140625,7464.65,FAIL,VOLUME_TOO_LOW
BSE,STOCK,IMPAL,India Motor Parts & Accessories,,590065,B,IMPAL.BO,1115.0,108.9,FAIL,VOLUME_TOO_LOW
BSE,STOCK,IMPERA,Impera Worldwide,,514177,X,514177.BO,64.88999938964844,37.25,FAIL,VOLUME_TOO_LOW
BSE,STOCK,IMPEXFERRO,Impex Ferro Tech,,532614,Z,532614.BO,2.4200000762939453,6089.35,FAIL,PRICE_TOO_LOW
BSE,STOCK,INA,Insolation Energy,,543620,B,INA.BO,89.02999877929688,108208.15,PASS,PASS
BSE,STOCK,INANI,Inani Marbles & Industries,,531129,X,INANI.BO,8.90999984741211,2606.55,FAIL,PRICE_TOO_LOW
BSE,STOCK,INCAP,Incap,,517370,X,INCAP.BO,85.0,525.95,FAIL,VOLUME_TOO_LOW
BSE,STOCK,INCON,Incon Engineers,,531594,XT,INCON.BO,27.309999465942383,2520.35,FAIL,PRICE_TOO_LOW
BSE,STOCK,INCREDIBLE,Incredible Industries,,538365,B,INCREDIBLE.BO,32.650001525878906,501.0,FAIL,PRICE_TOO_LOW
BSE,STOCK,INDAG,Indag Rubber,,509162,X,INDAG.BO,126.9499969482422,12017.5,FAIL,VOLUME_TOO_LOW
BSE,STOCK,INDAGIV,Ind-Agiv Commerce,,517077,XT,INDAGIV.BO,38.86000061035156,155.4,FAIL,PRICE_TOO_LOW
BSE,STOCK,INDBANK,Indbank Merchant Banking,,511473,B,INDBANK.BO,28.76000022888184,4125.6,FAIL,PRICE_TOO_LOW
BSE,STOCK,INDBNK,Ind Bank Housing,,523465,B,INDBNK.BO,49.27000045776367,725.4,FAIL,PRICE_TOO_LOW
BSE,STOCK,INDCEMCAP,India Cements Capital,,511355,XT,INDCEMCAP.BO,28.280000686645508,58523.95,FAIL,PRICE_TOO_LOW
BSE,STOCK,INDCTST,Inducto Steel,,532001,X,INDCTST.BO,62.90999984741211,1618.65,FAIL,VOLUME_TOO_LOW
BSE,STOCK,INDERGR,Indergiri Finance,,531505,XT,INDERGR.BO,24.229999542236328,167.45,FAIL,PRICE_TOO_LOW
BSE,STOCK,INDGELA,India Gelatine & Chemicals,,531253,X,INDGELA.BO,364.8999938964844,2510.0,FAIL,VOLUME_TOO_LOW
BSE,STOCK,INDGN,Indegene,,544172,A,INDGN.BO,600.1500244140625,60974.8,FAIL,VOLUME_TOO_LOW
BSE,STOCK,INDHOTEL,Indian Hotels Company,,500850,A,500850.BO,728.0,235978.95,PASS,PASS
BSE,STOCK,INDIACEM,India Cements,,530005,A,INDIACEM.BO,358.54998779296875,27445.05,FAIL,VOLUME_TOO_LOW
BSE,STOCK,INDIAGLYCO,India Glycols,,500201,T,500201.BO,1161.1500244140625,9378.55,FAIL,VOLUME_TOO_LOW
BSE,STOCK,INDIAHOME,India Home Loans,,530979,X,INDIAHOME.BO,31.8799991607666,3933.0,FAIL,PRICE_TOO_LOW
BSE,STOCK,INDIAHOMES,India Homes,,513361,X,INDIAHOMES.BO,27.809999465942383,654227.9,FAIL,PRICE_TOO_LOW
BSE,STOCK,INDIAMART,IndiaMART InterMesh,,542726,A,INDIAMART.BO,1729.4000244140625,6868.75,FAIL,VOLUME_TOO_LOW
BSE,STOCK,INDIANACRY,Indian Acrylics,,514165,X,INDIANACRY.BO,6.059999942779541,60167.85,FAIL,PRICE_TOO_LOW
BSE,STOCK,INDIANB,Indian Bank,,532814,A,INDIANB.BO,886.5999755859375,85332.7,FAIL,VOLUME_TOO_LOW
BSE,STOCK,INDIANCARD,Indian Card Clothing Company,,509692,B,INDIANCARD.BO,207.3500061035156,227.6,FAIL,VOLUME_TOO_LOW
BSE,STOCK,INDIANHUME,Indian Hume Pipe,,504741,B,INDIANHUME.BO,392.3999938964844,3678.2,FAIL,VOLUME_TOO_LOW
BSE,STOCK,INDIANVSH,Indianivesh,,501700,X,INDIANVSH.BO,6.650000095367432,5688.2,FAIL,PRICE_TOO_LOW
BSE,STOCK,INDIASHLTR,India Shelter Finance,,544044,A,INDIASHLTR.BO,670.5,7684.9,FAIL,VOLUME_TOO_LOW
BSE,STOCK,INDIGO,Interglobe Aviation,,539448,A,INDIGO.BO,4952.7998046875,59842.15,FAIL,VOLUME_TOO_LOW
BSE,STOCK,INDIGOPNTS,Indigo Paints,,543258,A,INDIGOPNTS.BO,1183.550048828125,29208.7,FAIL,VOLUME_TOO_LOW
BSE,STOCK,INDINFO,Indian Infotech & Software,,509051,X,INDINFO.BO,0.5400000214576721,1844731.05,FAIL,PRICE_TOO_LOW
BSE,STOCK,INDIQUBE,Indiqube Spaces,,544454,B,INDIQUBE.BO,191.3500061035156,36400.05,FAIL,VOLUME_TOO_LOW
BSE,STOCK,INDLEASE,India Lease Development,,500202,X,INDLEASE.BO,7.789999961853027,499.75,FAIL,PRICE_TOO_LOW
BSE,STOCK,INDNIPPON,India Nippon Electricals,,532240,B,532240.BO,1215.300048828125,8485.05,FAIL,VOLUME_TOO_LOW
BSE,STOCK,INDOAMIN,Indo Amines,,524648,T,INDOAMIN.BO,126.3000030517578,5753.8,FAIL,VOLUME_TOO_LOW
BSE,STOCK,INDOBELL,Indobell Insulations,,544334,MT,INDOBELL.BO,83.12000274658203,19912.5,FAIL,VOLUME_TOO_LOW
BSE,STOCK,INDOBORAX,Indo Borax & Chemicals,,524342,B,INDOBORAX.BO,512.8499755859375,38667.2,FAIL,VOLUME_TOO_LOW
BSE,STOCK,INDOCITY,Indo-City Infotech,,532100,X,INDOCITY.BO,13.130000114440918,5635.95,FAIL,PRICE_TOO_LOW
BSE,STOCK,INDOCRED,Indo Credit Capital,,526887,XT,INDOCRED.BO,8.449999809265137,206.0,FAIL,PRICE_TOO_LOW
BSE,STOCK,INDOEURO,Indo Euro Indchem,,524458,X,INDOEURO.BO,8.239999771118164,2509.4,FAIL,PRICE_TOO_LOW
BSE,STOCK,INDOFARM,Indo Farm Equipment,,544328,B,INDOFARM.BO,134.6999969482422,12558.25,FAIL,VOLUME_TOO_LOW
BSE,STOCK,INDOKEM,Indokem,,504092,B,INDOKEM.BO,629.0,6705.35,FAIL,VOLUME_TOO_LOW
BSE,STOCK,INDONG,Indong Tea Company,,543769,MT,INDONG.BO,7.25,14200.0,FAIL,PRICE_TOO_LOW
BSE,STOCK,INDORAMA,Indo Rama Synthetics,,500207,B,500207.BO,50.060001373291016,14934.1,FAIL,VOLUME_TOO_LOW
BSE,STOCK,INDOSMC,INDO SMC,,544681,M,INDOSMC.BO,486.0,57400.0,FAIL,VOLUME_TOO_LOW
BSE,STOCK,INDOSTAR,IndoStar Capital Finance,,541336,B,INDOSTAR.BO,254.8500061035156,4948.25,FAIL,VOLUME_TOO_LOW
BSE,STOCK,INDOTECH,Indo Tech Transformers,,532717,B,INDOTECH.BO,3615.949951171875,2464.75,FAIL,VOLUME_TOO_LOW
BSE,STOCK,INDOTHAI,Indo Thai Securities,,533676,B,533676.BO,219.5500030517578,42178.05,FAIL,VOLUME_TOO_LOW
BSE,STOCK,INDOUS,Indo Us Bio-Tech,,541304,B,INDOUS.BO,81.12999725341797,1076.4,FAIL,VOLUME_TOO_LOW
BSE,STOCK,INDOWIND,Indowind Energy,,532894,B,INDOWIND.BO,8.880000114440918,37121.65,FAIL,PRICE_TOO_LOW
BSE,STOCK,INDPRUD,Industrial & Prudential Investment,,501298,B,INDPRUD.BO,6270.0,22.2,FAIL,VOLUME_TOO_LOW
BSE,STOCK,INDRAMEDCO,Indraprastha Medical Corporation,,532150,A,INDRAMEDCO.BO,355.8999938964844,32741.0,FAIL,VOLUME_TOO_LOW
BSE,STOCK,INDRANIB,Indrayani Biotech,,526445,X,INDRANIB.BO,8.779999732971191,51960.75,FAIL,PRICE_TOO_LOW
BSE,STOCK,INDRENEW,IND Renewable Energy,,536709,Z,INDRENEW.BO,15.0,42939.2,FAIL,PRICE_TOO_LOW
BSE,STOCK,INDSILHYD,Indsil Hydro Power & Manganese,,522165,X,INDSILHYD.BO,41.0,12359.85,FAIL,PRICE_TOO_LOW
BSE,STOCK,INDSUCR,Indian Sucrose,,500319,X,INDSUCR.BO,81.58000183105469,17498.5,FAIL,VOLUME_TOO_LOW
BSE,STOCK,INDSWFTLAB,Ind Swift Laboratories,,532305,B,INDSWFTLAB.BO,372.2999877929688,106094.85,PASS,PASS
BSE,STOCK,INDTERRAIN,Indian Terrain,,533329,B,INDTERRAIN.BO,30.170000076293945,1778.1,FAIL,PRICE_TOO_LOW
BSE,STOCK,INDTONER,Indian Toners & Developers,,523586,X,INDTONER.BO,45.0099983215332,12204.8,FAIL,PRICE_TOO_LOW
BSE,STOCK,INDUSFINL,Indus Finance,,531841,XT,INDUSFINL.BO,253.3000030517578,6676.0,FAIL,VOLUME_TOO_LOW
BSE,STOCK,INDUSINDBK,Indusind Bank,,532187,A,INDUSINDBK.BO,1001.0,100366.35,PASS,PASS
BSE,STOCK,INDUSTOWER,Indus Towers,,534816,A,INDUSTOWER.BO,375.5,166875.9,PASS,PASS
BSE,STOCK,INDXTRA,IEL,,524614,X,INDXTRA.BO,5.639999866485596,25740.85,FAIL,PRICE_TOO_LOW
BSE,STOCK,INFINITY,Infinity Infoway,,544567,M,INFINITY.BO,529.2000122070312,7120.0,FAIL,VOLUME_TOO_LOW
BSE,STOCK,INFLAME,Inflame Appliances,,541083,M,INFLAME.BO,229.0500030517578,9262.5,FAIL,VOLUME_TOO_LOW
BSE,STOCK,INFOBEAN,InfoBeans Technologies,,543644,B,INFOBEAN.BO,157.6999969482422,37415.7,FAIL,VOLUME_TOO_LOW
BSE,STOCK,INFOMEDIA,Infomedia Press,,509069,B,INFOMEDIA.BO,5.25,2418.2,FAIL,PRICE_TOO_LOW
BSE,STOCK,INFONATIVE,Infonative Solutions,,544393,MT,INFONATIVE.BO,34.16999816894531,4000.0,FAIL,PRICE_TOO_LOW
BSE,STOCK,INFORTEC,Informed Technologies,,504810,X,INFORTEC.BO,80.1500015258789,396.45,FAIL,VOLUME_TOO_LOW
BSE,STOCK,INFRONICS,Infronics Systems,,537985,X,INFRONICS.BO,18.3700008392334,2426.5,FAIL,PRICE_TOO_LOW
BSE,STOCK,INFY,Infosys,,500209,A,500209.BO,1096.949951171875,947593.65,PASS,PASS
BSE,STOCK,INGERRAND,Ingersoll Rand,,500210,B,500210.BO,4567.85009765625,1377.0,FAIL,VOLUME_TOO_LOW
BSE,STOCK,INLANPR,Inland Printers,,530787,XT,INLANPR.BO,79.5,380.75,FAIL,VOLUME_TOO_LOW
BSE,STOCK,INLCM,Indian Link Chain Manufactures,,504746,X,INLCM.BO,323.1499938964844,1281.0,FAIL,VOLUME_TOO_LOW
BSE,STOCK,INNOKAIZ,Innokaiz,,543905,MT,INNOKAIZ.BO,12.0,240.0,FAIL,PRICE_TOO_LOW
BSE,STOCK,INNOVACAP,Innova Captab,,544067,B,INNOVACAP.BO,1124.199951171875,7810.6,FAIL,VOLUME_TOO_LOW
BSE,STOCK,INNOVANA,Innovana Thinklabs,,544302,B,INNOVANA.BO,321.25,485.55,FAIL,VOLUME_TOO_LOW
BSE,STOCK,INNOVATIVE,Innovative Ideals,,541983,M,INNOVATIVE.BO,21.65999984741211,250.0,FAIL,PRICE_TOO_LOW
BSE,STOCK,INNOVATORS,Innovators Facade Systems,,541353,M,INNOVATORS.BO,113.9499969482422,12160.0,FAIL,VOLUME_TOO_LOW
BSE,STOCK,INNOVISION,Innovision,,544732,B,INNOVISION.BO,255.5500030517578,4357.2,FAIL,VOLUME_TOO_LOW
BSE,STOCK,INNOVTEC,Innovative Tech Pack,,523840,X,INNOVTEC.BO,15.010000228881836,4009.5,FAIL,PRICE_TOO_LOW
BSE,STOCK,INOXGREEN,Inox Green Energy Services,,543667,A,INOXGREEN.BO,169.6999969482422,31108.3,FAIL,VOLUME_TOO_LOW
BSE,STOCK,INOXINDIA,INOX India,,544046,A,INOXINDIA.BO,2180.14990234375,27063.3,FAIL,VOLUME_TOO_LOW
BSE,STOCK,INOXWIND,Inox Wind,,539083,A,INOXWIND.BO,73.94999694824219,947484.05,PASS,PASS
BSE,STOCK,INSECTICID,Insecticides,,532851,B,INSECTICID.BO,614.9000244140625,1633.95,FAIL,VOLUME_TOO_LOW
BSE,STOCK,INSPIRISYS,Inspirisys Solutions,,532774,B,INSPIRISYS.BO,93.1500015258789,1147.65,FAIL,VOLUME_TOO_LOW
BSE,STOCK,INTCAPL,Integra Capital,,531314,X,INTCAPL.BO,13.710000038146973,10.15,FAIL,PRICE_TOO_LOW
BSE,STOCK,INTECCAP,Intec Capital,,526871,XT,INTECCAP.BO,14.9399995803833,2146.1,FAIL,PRICE_TOO_LOW
BSE,STOCK,INTEGHIT,Integrated Hi-Tech,,532303,X,INTEGHIT.BO,3.5,1354.9,FAIL,PRICE_TOO_LOW
BSE,STOCK,INTEGRAEN,Integra Engineering,,505358,XT,INTEGRAEN.BO,166.64999389648438,11715.7,FAIL,VOLUME_TOO_LOW
BSE,STOCK,INTELLECT,Intellect Design Arena,,538835,A,INTELLECT.BO,678.8499755859375,16930.8,FAIL,VOLUME_TOO_LOW
BSE,STOCK,INTENTECH,Intense Technologies,,532326,B,INTENTECH.BO,79.30000305175781,1959.1,FAIL,VOLUME_TOO_LOW
BSE,STOCK,INTERARCH,Interarch Building Solutions,,544232,B,INTERARCH.BO,1699.9000244140625,5909.95,FAIL,VOLUME_TOO_LOW
BSE,STOCK,INTETHR,INTEGRATED THERMOPLASTICS,,530921,P,INTETHR.BO,8.390000343322754,485.0,FAIL,PRICE_TOO_LOW
BSE,STOCK,INTLCOMBQ,International Combustion,,505737,X,INTLCOMBQ.BO,500.7000122070313,1196.5,FAIL,VOLUME_TOO_LOW
BSE,STOCK,INTLCONV,International Conveyors,,509709,B,INTLCONV.BO,79.61000061035156,10078.9,FAIL,VOLUME_TOO_LOW
BSE,STOCK,INTRGLB,Inter Globe Finance,,511391,X,INTRGLB.BO,62.9900016784668,1089.3,FAIL,VOLUME_TOO_LOW
BSE,STOCK,INTSTOIL,Inter State Oil Carrier,,530259,X,INTSTOIL.BO,61.810001373291016,18655.5,FAIL,VOLUME_TOO_LOW
BSE,STOCK,INVENTURE,Inventure Growth & Securities,,533506,B,INVENTURE.BO,0.9200000166893004,373108.25,FAIL,PRICE_TOO_LOW
BSE,STOCK,INVIGO,Invigorated Business Consulting,,511716,X,INVIGO.BO,7.900000095367432,5812.25,FAIL,PRICE_TOO_LOW
BSE,STOCK,INVPRECQ,Investment & Precision Casting,,504786,T,INVPRECQ.BO,1290.0,1117.95,FAIL,VOLUME_TOO_LOW
BSE,STOCK,IOB,Indian Overseas Bank,,532388,A,IOB.BO,33.209999084472656,237624.9,FAIL,PRICE_TOO_LOW
BSE,STOCK,IOC,Indian Oil Corporation,,530965,A,IOC.BO,136.60000610351562,771971.7,PASS,PASS
BSE,STOCK,IOLCP,IOL Chemicals & Pharmaceuticals,,524164,B,IOLCP.BO,196.0,308476.55,PASS,PASS
BSE,STOCK,IONEXCHANG,Ion Exchange,,500214,A,IONEXCHANG.BO,382.6499938964844,19000.45,FAIL,VOLUME_TOO_LOW
BSE,STOCK,IPCALAB,IPCA Laboratories,,524494,A,IPCALAB.BO,1955.199951171875,65733.4,FAIL,VOLUME_TOO_LOW
BSE,STOCK,IPL,India Pesticides,,543311,B,IPL.BO,137.85000610351562,11641.65,FAIL,VOLUME_TOO_LOW
BSE,STOCK,IPRINGLTD,IP Rings,,523638,B,IPRINGLTD.BO,162.0,2632.0,FAIL,VOLUME_TOO_LOW
BSE,STOCK,IRB,IRB Infrastructure Developers,,532947,A,IRB.BO,19.670000076293945,900101.95,FAIL,PRICE_TOO_LOW
BSE,STOCK,IRCON,Ircon International,,541956,A,IRCON.BO,118.6500015258789,143555.3,PASS,PASS
BSE,STOCK,IRCTC,IRCTC,,542830,A,IRCTC.BO,474.3999938964844,89750.05,FAIL,VOLUME_TOO_LOW
BSE,STOCK,IREDA,IREDA,,544026,A,IREDA.BO,113.5,520726.5,PASS,PASS
BSE,STOCK,IRIS,IRIS RegTech Solutions,,540735,B,IRIS.BO,253.8500061035156,1764.3,FAIL,VOLUME_TOO_LOW
BSE,STOCK,IRMENERGY,IRM Energy,,544004,B,IRMENERGY.BO,284.6000061035156,11939.4,FAIL,VOLUME_TOO_LOW
BSE,STOCK,IRONWOOD,Ironwood Education,,508918,X,IRONWOOD.BO,49.04999923706055,16781.45,FAIL,PRICE_TOO_LOW
BSE,STOCK,ISERA,iSERA Lifesciences,,534920,XT,ISERA.BO,143.89999389648438,1027.65,FAIL,VOLUME_TOO_LOW
BSE,STOCK,ISFL,ISF,,526859,X,ISFL.BO,0.800000011920929,50394.5,FAIL,PRICE_TOO_LOW
BSE,STOCK,ISFT,Intrasoft Technologies,,533181,B,ISFT.BO,85.02999877929688,2019.9,FAIL,VOLUME_TOO_LOW
BSE,STOCK,ISGEC,Isgec Heavy Engineering,,533033,B,ISGEC.BO,769.5499877929688,5755.7,FAIL,VOLUME_TOO_LOW
BSE,STOCK,ISHANCH,Ishan Dyes & Chemicals,,531109,B,ISHANCH.BO,45.34000015258789,36212.35,FAIL,PRICE_TOO_LOW
BSE,STOCK,ISHITADR,Ishita Drugs & Indus,,524400,X,ISHITADR.BO,70.87999725341797,2988.1,FAIL,VOLUME_TOO_LOW
BSE,STOCK,ISHWATR,Ishwarshakti Holdings,,506161,XT,ISHWATR.BO,4.78000020980835,0.0,FAIL,PRICE_TOO_LOW
BSE,STOCK,ISLCONSUL,ISL Consulting,,511609,X,ISLCONSUL.BO,12.199999809265137,2569.85,FAIL,PRICE_TOO_LOW
BSE,STOCK,ISTLTD,IST,,508807,B,ISTLTD.BO,656.9000244140625,434.2,FAIL,VOLUME_TOO_LOW
BSE,STOCK,ISTRNETWK,iStreet Network,,524622,X,ISTRNETWK.BO,51.38999938964844,57917.25,FAIL,VOLUME_TOO_LOW
BSE,STOCK,ITCHOTELS,ITC Hotels,,544325,A,ITCHOTELS.BO,160.14999389648438,212488.7,PASS,PASS
BSE,STOCK,ITCONS,ITCONS E-Solutions,,543806,M,ITCONS.BO,291.95001220703125,50470.0,FAIL,VOLUME_TOO_LOW
BSE,STOCK,ITDC,India Tourism Development Corporation,,532189,B,ITDC.BO,642.5,17990.85,FAIL,VOLUME_TOO_LOW
BSE,STOCK,ITHL,International Travel House,,500213,X,ITHL.BO,289.79998779296875,2011.1,FAIL,VOLUME_TOO_LOW
BSE,STOCK,ITI,ITI,,523610,B,ITI.BO,268.1000061035156,19927.25,FAIL,VOLUME_TOO_LOW
BSE,STOCK,ITL,ITL Industries,,522183,B,ITL.BO,364.0,3952.9,FAIL,VOLUME_TOO_LOW
BSE,STOCK,IVALUE,Ivalue Infosolutions,,544523,B,IVALUE.BO,236.3000030517578,25798.75,FAIL,VOLUME_TOO_LOW
BSE,STOCK,IVC,IL&FS Investment Managers,,511208,B,511208.BO,8.350000381469727,27266.35,FAIL,PRICE_TOO_LOW
BSE,STOCK,IVP,IVP,,507580,T,IVP.BO,207.0,2740.0,FAIL,VOLUME_TOO_LOW
BSE,STOCK,IWP,Indian Wood Products,,540954,B,IWP.BO,34.2599983215332,3107.75,FAIL,PRICE_TOO_LOW
BSE,STOCK,IXIGO,Le Travenues Technology (IXIGO),,544192,A,IXIGO.BO,162.1999969482422,628184.5,PASS,PASS
BSE,STOCK,IZMO,IZMO,,532341,B,IZMO.BO,920.2999877929688,13846.15,FAIL,VOLUME_TOO_LOW
BSE,STOCK,J&KBANK,Jammu & Kashmir Bank,,532209,A,532209.BO,183.3999938964844,338336.2,PASS,PASS
BSE,STOCK,JACKSON,Jackson Investments,,538422,X,JACKSON.BO,0.3799999952316284,260664.35,FAIL,PRICE_TOO_LOW
BSE,STOCK,JAFINANCE,JA Finance,,543860,X,JAFINANCE.BO,125.4000015258789,1107.85,FAIL,VOLUME_TOO_LOW
BSE,STOCK,JAGAJITIND,Jagatjit Industries,,507155,X,JAGAJITIND.BO,161.6999969482422,45036.7,FAIL,VOLUME_TOO_LOW
BSE,STOCK,JAGANLAM,Jagan Lamps,,530711,X,JAGANLAM.BO,60.75,9360.45,FAIL,VOLUME_TOO_LOW
BSE,STOCK,JAGJANANI,Jagjanani Textiles,,532825,XT,JAGJANANI.BO,5.980000019073486,9771.15,FAIL,PRICE_TOO_LOW
BSE,STOCK,JAGRAN,Jagran Prakashan,,532705,B,JAGRAN.BO,61.25,17015.15,FAIL,VOLUME_TOO_LOW
BSE,STOCK,JAGSNPHARM,Jagsonpal Pharmaceuticals,,507789,B,JAGSNPHARM.BO,242.6000061035156,8536.05,FAIL,VOLUME_TOO_LOW
BSE,STOCK,JAGSONSER,Jagsonpal Services,,530601,X,JAGSONSER.BO,53.5,172.45,FAIL,VOLUME_TOO_LOW
BSE,STOCK,JAIBALAJI,Jai Balaji Industries,,532976,A,JAIBALAJI.BO,70.93000030517578,48350.8,FAIL,VOLUME_TOO_LOW
BSE,STOCK,JAICORPLTD,Jai Corp,,512237,B,JAICORPLTD.BO,98.95999908447266,28300.6,FAIL,VOLUME_TOO_LOW
BSE,STOCK,JAIHIND,Jaihind Industries,,514312,X,JAIHIND.BO,40.43999862670898,55218.15,FAIL,PRICE_TOO_LOW
BSE,STOCK,JAIMATAG,Jai Mata Glass,,523467,XT,JAIMATAG.BO,2.940000057220459,174044.7,FAIL,PRICE_TOO_LOW
BSE,STOCK,JAINCO,Jainco Projects,,526865,X,JAINCO.BO,4.5,1559.3,FAIL,PRICE_TOO_LOW
BSE,STOCK,JAINEX,Jainex Aamcol,,505212,X,JAINEX.BO,153.4499969482422,2154.35,FAIL,VOLUME_TOO_LOW
BSE,STOCK,JAINMARMO,Jain Marmo Industries,,539119,X,JAINMARMO.BO,22.0,0.0,FAIL,PRICE_TOO_LOW
BSE,STOCK,JAINREC,Jain Resource Recycling,,544537,B,JAINREC.BO,280.20001220703125,119955.7,PASS,PASS
BSE,STOCK,JAIPAN,Jaipan Industries,,505840,XT,JAIPAN.BO,40.0,8279.45,FAIL,PRICE_TOO_LOW
BSE,STOCK,JAMESWARREN,James Warren Tea,,538564,X,JAMESWARREN.BO,254.0500030517578,1604.85,FAIL,VOLUME_TOO_LOW
BSE,STOCK,JAMNAAUTO,Jamna Auto Industries,,520051,A,JAMNAAUTO.BO,122.0500030517578,121397.35,PASS,PASS
BSE,STOCK,JAMSHRI,Jamshri Realty,,502901,X,JAMSHRI.BO,75.5,745.45,FAIL,VOLUME_TOO_LOW
BSE,STOCK,JARO,Jaro Inst of Tech Mgmt & Research,,544534,B,JARO.BO,453.9500122070313,13233.9,FAIL,VOLUME_TOO_LOW
BSE,STOCK,JASCH,Jasch Industries,,500220,XT,JASCH.BO,294.75,3471.0,FAIL,VOLUME_TOO_LOW
BSE,STOCK,JASH,Jash Engineering,,544402,B,JASH.BO,465.1499938964844,7142.35,FAIL,VOLUME_TOO_LOW
BSE,STOCK,JATTAINDUS,Jattashankar Industries,,514318,X,JATTAINDUS.BO,545.3499755859375,271.65,FAIL,VOLUME_TOO_LOW
BSE,STOCK,JAUSPOL,Jauss Polymers,,526001,X,JAUSPOL.BO,21.61000061035156,3675.55,FAIL,PRICE_TOO_LOW
BSE,STOCK,JAYAGROGN,Jayant Agro Organics,,524330,B,JAYAGROGN.BO,231.6999969482422,778.55,FAIL,VOLUME_TOO_LOW
BSE,STOCK,JAYANT,Jayant Infratech,,543544,MT,JAYANT.BO,74.4000015258789,6412.5,FAIL,VOLUME_TOO_LOW
BSE,STOCK,JAYATMA,Jayatma Enterprises,,539005,X,JAYATMA.BO,27.1299991607666,15.65,FAIL,PRICE_TOO_LOW
BSE,STOCK,JAYBARMARU,Jay Bharat Maruti,,520066,B,520066.BO,170.64999389648438,76434.15,FAIL,VOLUME_TOO_LOW
BSE,STOCK,JAYBHCR,Jayabharat Credit,,501311,X,JAYBHCR.BO,13.5,303.3,FAIL,PRICE_TOO_LOW
BSE,STOCK,JAYCH,Jayshree Chemicals,,506520,X,JAYCH.BO,5.760000228881836,15555.95,FAIL,PRICE_TOO_LOW
BSE,STOCK,JAYIND,Jayatma Industries,,531323,X,JAYIND.BO,12.640000343322754,158.95,FAIL,PRICE_TOO_LOW
BSE,STOCK,JAYKAILASH,Jay Kailash Namkeen,,544160,MT,JAYKAILASH.BO,68.91000366210938,98960.0,FAIL,VOLUME_TOO_LOW
BSE,STOCK,JAYKAY,Jaykay Enterprises,,500306,B,JAYKAY.BO,166.5,51395.4,FAIL,VOLUME_TOO_LOW
BSE,STOCK,JAYNECOIND,Jayaswal Neco Industries,,522285,A,JAYNECOIND.BO,98.55999755859376,230176.05,PASS,PASS
BSE,STOCK,JAYSREETEA,Jay Shree Tea & Industries,,509715,B,JAYSREETEA.BO,99.9000015258789,108033.65,PASS,PASS
BSE,STOCK,JAYSYNTH,Jaysynth Orgochem,,524592,X,JAYSYNTH.BO,17.670000076293945,75877.7,FAIL,PRICE_TOO_LOW
BSE,STOCK,JAYUSH,Jay Ushin,,513252,X,JAYUSH.BO,831.0,91.9,FAIL,VOLUME_TOO_LOW
BSE,STOCK,JDCABLES,JD Cables,,544524,M,JDCABLES.BO,213.3500061035156,37280.0,FAIL,VOLUME_TOO_LOW
BSE,STOCK,JENBURPH,Jenburkt Pharmaceuticals,,524731,B,JENBURPH.BO,1040.050048828125,1226.4,FAIL,VOLUME_TOO_LOW
BSE,STOCK,JETFREIGHT,Jet Freight Logistics,,543420,B,JETFREIGHT.BO,21.239999771118164,10303.3,FAIL,PRICE_TOO_LOW
BSE,STOCK,JETKINGQ,Jetking Infotrain,,517063,X,JETKINGQ.BO,129.0500030517578,18801.7,FAIL,VOLUME_TOO_LOW
BSE,STOCK,JETSOLAR,Jet Solar,,538794,M,JETSOLAR.BO,6.900000095367432,800.0,FAIL,PRICE_TOO_LOW
BSE,STOCK,JFL,Jhandewalas Foods,,540850,M,JFL.BO,16.75,17250.0,FAIL,PRICE_TOO_LOW
BSE,STOCK,JGCHEM,JG Chemicals,,544138,B,JGCHEM.BO,610.5,71467.7,FAIL,VOLUME_TOO_LOW
BSE,STOCK,JGTL,Jasch Gauging Technologies,,544112,X,JGTL.BO,531.3499755859375,1600.95,FAIL,VOLUME_TOO_LOW
BSE,STOCK,JHACC,Jhaveri Credits & Capital,,531550,X,JHACC.BO,173.89999389648438,1110.4,FAIL,VOLUME_TOO_LOW
BSE,STOCK,JIGAR,Jigar Cables,,540651,M,JIGAR.BO,55.0,700.0,FAIL,VOLUME_TOO_LOW
BSE,STOCK,JINDALPHOT,Jindal Photo,,532624,B,532624.BO,1114.8499755859375,3712.5,FAIL,VOLUME_TOO_LOW
BSE,STOCK,JINDALPOLY,Jindal Poly Films,,500227,B,500227.BO,660.8499755859375,3208.9,FAIL,VOLUME_TOO_LOW
BSE,STOCK,JINDALSAW,Jindal SAW,,500378,A,500378.BO,269.25,203275.6,PASS,PASS
BSE,STOCK,JINDALSTEL,Jindal Steel,,532286,A,JINDALSTEL.BO,1137.5,99482.55,FAIL,VOLUME_TOO_LOW
BSE,STOCK,JINDCAP,Jindal Capital,,530405,X,JINDCAP.BO,33.97999954223633,4802.5,FAIL,PRICE_TOO_LOW
BSE,STOCK,JINDHOT,Jindal Hotels,,507981,X,JINDHOT.BO,65.02999877929688,2472.7,FAIL,VOLUME_TOO_LOW
BSE,STOCK,JINDRILL,Jindal Drilling & Industries,,511034,B,511034.BO,589.5,131062.35,PASS,PASS
BSE,STOCK,JINDWORLD,Jindal Worldwide,,531543,B,JINDWORLD.BO,47.54999923706055,597676.1,FAIL,PRICE_TOO_LOW
BSE,STOCK,JIOFIN,Jio Financial Services,,543940,A,JIOFIN.BO,237.6999969482422,915737.2,PASS,PASS
BSE,STOCK,JISLDVREQS,Jain Irrigation Systems DVR,,570004,B,JISLDVREQS.BO,21.059999465942383,19289.7,FAIL,PRICE_TOO_LOW
BSE,STOCK,JISLJALEQS,Jain Irrigation Systems,,500219,A,500219.BO,30.540000915527344,245566.75,FAIL,PRICE_TOO_LOW
BSE,STOCK,JITFINFRA,JITF Infralogistics,,540311,B,JITFINFRA.BO,313.5,1781.55,FAIL,VOLUME_TOO_LOW
BSE,STOCK,JIVIAL,Jivial Industries,,544805,M,JIVIAL.BO,80.0,9090.0,FAIL,VOLUME_TOO_LOW
BSE,STOCK,JJFINCOR,JJ Finance Corporation,,523062,XT,JJFINCOR.BO,46.0,45.95,FAIL,PRICE_TOO_LOW
BSE,STOCK,JKAGRI,JK Agri Genetics,,536493,X,JKAGRI.BO,293.8500061035156,560.1,FAIL,VOLUME_TOO_LOW
BSE,STOCK,JKCEMENT,JK Cement,,532644,A,JKCEMENT.BO,5038.10009765625,10663.0,FAIL,VOLUME_TOO_LOW
BSE,STOCK,JKIL,J Kumar Infraprojects,,532940,B,JKIL.BO,488.25,4030.25,FAIL,VOLUME_TOO_LOW
BSE,STOCK,JKIPL,Jinkushal Industries,,544547,B,JKIPL.BO,106.25,3098.5,FAIL,VOLUME_TOO_LOW
BSE,STOCK,JKPAPER,JK Paper,,532162,A,JKPAPER.BO,410.2999877929688,27998.95,FAIL,VOLUME_TOO_LOW
BSE,STOCK,JKTYRE,JK Tyre & Industries,,530007,A,530007.BO,403.2999877929688,89470.65,FAIL,VOLUME_TOO_LOW
BSE,STOCK,JLHL,Jupiter Life Line Hospital,,543980,A,JLHL.BO,289.8999938964844,71693.8,FAIL,VOLUME_TOO_LOW
BSE,STOCK,JLL,Jindal Leasefin,,539947,XT,JLL.BO,74.12999725341797,2750.0,FAIL,VOLUME_TOO_LOW
BSE,STOCK,JMDVL,JMD Ventures,,511092,XT,JMDVL.BO,7.239999771118164,15370.95,FAIL,PRICE_TOO_LOW
BSE,STOCK,JMFINANCIL,JM Financial,,523405,A,523405.BO,124.25,213129.45,PASS,PASS
BSE,STOCK,JMJFIN,JMJ Fintech,,538834,X,JMJFIN.BO,9.520000457763672,30152.65,FAIL,PRICE_TOO_LOW
BSE,STOCK,JNKINDIA,JNK India,,544167,B,JNKINDIA.BO,431.25,19406.55,FAIL,VOLUME_TOO_LOW
BSE,STOCK,JOHNPHARMA,Johnson Pharmacare,,532154,X,JOHNPHARMA.BO,0.4699999988079071,618694.85,FAIL,PRICE_TOO_LOW
BSE,STOCK,JOINDRE,Joindre Capital Services,,531861,X,JOINDRE.BO,48.97999954223633,1863.3,FAIL,PRICE_TOO_LOW
BSE,STOCK,JOINTECAED,Jointeca Education Solutions,,534659,MT,JOINTECAED.BO,5.699999809265137,0.0,FAIL,PRICE_TOO_LOW
BSE,STOCK,JOJO,JOJO,,531910,XT,JOJO.BO,191.6999969482422,88184.35,FAIL,VOLUME_TOO_LOW
BSE,STOCK,JOLYPLS,Jolly Plastic Industries,,507968,XT,JOLYPLS.BO,45.5,360.0,FAIL,PRICE_TOO_LOW
BSE,STOCK,JONJUA,Jonjua Overseas,,542446,M,JONJUA.BO,3.6619350910186768,226355.65,FAIL,PRICE_TOO_LOW
BSE,STOCK,JOSTS,Josts Engineering Company,,505750,X,JOSTS.BO,222.8500061035156,8690.15,FAIL,VOLUME_TOO_LOW
BSE,STOCK,JPOLYINVST,Jindal Poly Inv. & Fin.,,536773,B,JPOLYINVST.BO,1007.9000244140624,10418.0,FAIL,VOLUME_TOO_LOW
BSE,STOCK,JPPOWER,Jaiprakash Power Ventures,,532627,A,JPPOWER.BO,16.149999618530273,2843119.65,FAIL,PRICE_TOO_LOW
BSE,STOCK,JPTRLES,Jupiter Industries & Leasing,,507987,P,JPTRLES.BO,3.990000009536743,0.0,FAIL,PRICE_TOO_LOW
BSE,STOCK,JSFB,Jana Small Finance Bank,,544118,A,JSFB.BO,534.7000122070312,85950.45,FAIL,VOLUME_TOO_LOW
BSE,STOCK,JSHL,JLA Infraville Shoppers,,538765,MT,JSHL.BO,2.119999885559082,8500.0,FAIL,PRICE_TOO_LOW
BSE,STOCK,JSL,Jindal Stainless,,532508,A,JSL.BO,737.7999877929688,20628.8,FAIL,VOLUME_TOO_LOW
BSE,STOCK,JSLINDL,JSL Industries,,504080,X,JSLINDL.BO,850.0,55.15,FAIL,VOLUME_TOO_LOW
BSE,STOCK,JSLL,Jeena Sikho Lifecare,,544476,A,JSLL.BO,501.8500061035156,41406.75,FAIL,VOLUME_TOO_LOW
BSE,STOCK,JSTL,Jeevan Scientific Technology,,538837,X,JSTL.BO,75.04000091552734,19297.65,FAIL,VOLUME_TOO_LOW
BSE,STOCK,JSWCEMENT,JSW Cement,,544480,A,JSWCEMENT.BO,123.3499984741211,123254.45,PASS,PASS
BSE,STOCK,JSWDULUX,JSW Dulux,,500710,A,500710.BO,3040.300048828125,6499.7,FAIL,VOLUME_TOO_LOW
BSE,STOCK,JSWENERGY,JSW Energy,,533148,A,JSWENERGY.BO,536.0,999914.9,PASS,PASS
BSE,STOCK,JSWHL,JSW Holdings,,532642,A,JSWHL.BO,11523.0498046875,8495.95,FAIL,VOLUME_TOO_LOW
BSE,STOCK,JSWINFRA,JSW Infrastructure,,543994,A,JSWINFRA.BO,333.1499938964844,264406.0,PASS,PASS
BSE,STOCK,JSWSTEEL,JSW Steel,,500228,A,JSWSTEEL.BO,1309.0,113178.0,PASS,PASS
BSE,STOCK,JTEKTINDIA,Jtekt,,520057,B,JTEKTINDIA.BO,121.75,13471.3,FAIL,VOLUME_TOO_LOW
BSE,STOCK,JTLDEFENCE,JTL Defence,,537254,XT,JTLDEFENCE.BO,752.4000244140625,5702.5,FAIL,VOLUME_TOO_LOW
BSE,STOCK,JTLIND,JTL Industries,,534600,B,JTLIND.BO,89.69999694824219,236014.3,PASS,PASS
BSE,STOCK,JUBLCPL,Jubilant Agri & Consumer Products,,544355,B,JUBLCPL.BO,2312.300048828125,1295.25,FAIL,VOLUME_TOO_LOW
BSE,STOCK,JUBLFOOD,Jubilant FoodWorks,,533155,A,JUBLFOOD.BO,482.5499877929688,153082.4,PASS,PASS
BSE,STOCK,JUBLINGREA,Jubilant Ingrevia,,543271,A,JUBLINGREA.BO,690.0,36764.65,FAIL,VOLUME_TOO_LOW
BSE,STOCK,JUBLPHARMA,Jubilant Pharmova,,530019,A,JUBLPHARMA.BO,906.3499755859376,22689.0,FAIL,VOLUME_TOO_LOW
BSE,STOCK,JUJHARLOGI,Jujhar Logistics,,534796,XT,JUJHARLOGI.BO,235.1000061035156,3286.45,FAIL,VOLUME_TOO_LOW
BSE,STOCK,JULIEN,Julien Agro Infratech,,536073,X,JULIEN.BO,1.1699999570846558,251570.35,FAIL,PRICE_TOO_LOW
BSE,STOCK,JUMBO,Jumbo Bag,,516078,XT,JUMBO.BO,89.88999938964844,6309.8,FAIL,VOLUME_TOO_LOW
BSE,STOCK,JUNGLECAMP,Jungle Camps,,544304,M,JUNGLECAMP.BO,43.95000076293945,7360.0,FAIL,PRICE_TOO_LOW
BSE,STOCK,JUNIPER,Juniper Hotels,,544129,B,JUNIPER.BO,217.3999938964844,28316.95,FAIL,VOLUME_TOO_LOW
BSE,STOCK,JUPITERIN,Jupiter Infomedia,,534623,X,JUPITERIN.BO,35.7400016784668,33154.7,FAIL,PRICE_TOO_LOW
BSE,STOCK,JUSTDIAL,Just Dial,,535648,A,JUSTDIAL.BO,695.8499755859375,18779.25,FAIL,VOLUME_TOO_LOW
BSE,STOCK,JUSTO,Justo Realfintech,,544542,M,JUSTO.BO,108.0,12900.0,FAIL,VOLUME_TOO_LOW
BSE,STOCK,JWL,Jupiter Wagons,,533272,A,JWL.BO,241.0,78343.65,FAIL,VOLUME_TOO_LOW
BSE,STOCK,JYOTHYLAB,Jyothy Laboratories,,532926,A,JYOTHYLAB.BO,200.5500030517578,326234.25,PASS,PASS
BSE,STOCK,JYOTI,Jyoti,,504076,X,JYOTI.BO,65.55999755859375,49014.55,FAIL,VOLUME_TOO_LOW
BSE,STOCK,JYOTICNC,Jyoti CNC Automation,,544081,A,JYOTICNC.BO,1026.550048828125,124447.6,PASS,PASS
BSE,STOCK,JYOTIRES,Jyoti Resins & Adhesives,,514448,B,JYOTIRES.BO,869.8499755859375,13927.55,FAIL,VOLUME_TOO_LOW
BSE,STOCK,JYOTISTRUC,Jyoti Structures,,513250,B,513250.BO,11.199999809265137,306870.45,FAIL,PRICE_TOO_LOW
BSE,STOCK,KAARYAFSL,Kaarya Facilities & Services,,540756,M,KAARYAFSL.BO,10.899999618530272,12300.0,FAIL,PRICE_TOO_LOW
BSE,STOCK,KABRADG,Kabra Drugs,,524322,X,KABRADG.BO,19.34000015258789,106874.7,FAIL,PRICE_TOO_LOW
BSE,STOCK,KABRAEXTRU,Kabra Extrusiontechnik,,524109,B,KABRAEXTRU.BO,565.7000122070312,25410.0,FAIL,VOLUME_TOO_LOW
BSE,STOCK,KABSON,Kabsons Industries,,524675,X,KABSON.BO,20.770000457763672,5859.6,FAIL,PRICE_TOO_LOW
BSE,STOCK,KACHCHH,Kachchh Minerals,,531778,X,KACHCHH.BO,28.34000015258789,3905.05,FAIL,PRICE_TOO_LOW
BSE,STOCK,KACL,Kaiser Corporation,,531780,X,KACL.BO,6.019999980926514,285427.45,FAIL,PRICE_TOO_LOW
BSE,STOCK,KAHAN,Kahan Packaging,,543979,MT,KAHAN.BO,14.510000228881836,35840.0,FAIL,PRICE_TOO_LOW
BSE,STOCK,KAIRA,Kaira Can,,504840,X,KAIRA.BO,1547.6500244140625,43.75,FAIL,VOLUME_TOO_LOW
BSE,STOCK,KAIZENAGRO,Kaizen Agro Infrabuild,,538833,XT,KAIZENAGRO.BO,10.020000457763672,15256.2,FAIL,PRICE_TOO_LOW
BSE,STOCK,KAJARIACER,Kajaria Ceramics,,500233,A,500233.BO,1240.0,44729.85,FAIL,VOLUME_TOO_LOW
BSE,STOCK,KAJARIR,KIC Metaliks,,513693,XT,KAJARIR.BO,31.6200008392334,6805.4,FAIL,PRICE_TOO_LOW
BSE,STOCK,KAKA,Kaka Industries,,543939,M,KAKA.BO,225.8999938964844,27400.0,FAIL,VOLUME_TOO_LOW
BSE,STOCK,KAKATCEM,Kakatiya Cement Sugar & Industries,,500234,B,500234.BO,120.6999969482422,89.65,FAIL,VOLUME_TOO_LOW
BSE,STOCK,KAKTEX,Kakatiya Textiles,,521054,X,KAKTEX.BO,7.900000095367432,274.6,FAIL,PRICE_TOO_LOW
BSE,STOCK,KALAMANDIR,Sai Silks (Kalamandir),,543989,B,KALAMANDIR.BO,85.95999908447266,21793.2,FAIL,VOLUME_TOO_LOW
BSE,STOCK,KALIND,Kalind,,526935,X,KALIND.BO,4.809999942779541,7510549.9,FAIL,PRICE_TOO_LOW
BSE,STOCK,KALLAM,Kallam Textiles,,530201,XT,KALLAM.BO,2.180000066757202,33517.65,FAIL,PRICE_TOO_LOW
BSE,STOCK,KALPACOMME,Kalpa Commercial,,539014,X,KALPACOMME.BO,8.0,4666.35,FAIL,PRICE_TOO_LOW
BSE,STOCK,KALPATARU,Kalpataru,,544423,B,KALPATARU.BO,277.20001220703125,2404.95,FAIL,VOLUME_TOO_LOW
BSE,STOCK,KALYANCAP,Kalyan Capitals,,538778,X,KALYANCAP.BO,6.619999885559082,12417.75,FAIL,PRICE_TOO_LOW
BSE,STOCK,KALYANI,Kalyani Cast Tech,,544023,M,KALYANI.BO,992.0,16337.5,FAIL,VOLUME_TOO_LOW
BSE,STOCK,KALYANIFRG,Kalyani Forge,,513509,T,KALYANIFRG.BO,1129.6500244140625,3275.7,FAIL,VOLUME_TOO_LOW
BSE,STOCK,KALYANKJIL,Kalyan Jewellers,,543278,A,KALYANKJIL.BO,585.5,652114.8,PASS,PASS
BSE,STOCK,KAMADGIRI,Kamadgiri Fashion,,514322,X,KAMADGIRI.BO,110.6999969482422,1011.35,FAIL,VOLUME_TOO_LOW
BSE,STOCK,KAMAHOLD,Kama Holdings,,532468,B,KAMAHOLD.BO,2344.14990234375,862.7,FAIL,VOLUME_TOO_LOW
BSE,STOCK,KAMANWALA,Kamanwala Housing Construction,,511131,B,KAMANWALA.BO,16.149999618530273,7259.7,FAIL,PRICE_TOO_LOW
BSE,STOCK,KAMATHOTEL,Kamat Hotels,,526668,B,KAMATHOTEL.BO,217.9499969482422,10596.75,FAIL,VOLUME_TOO_LOW
BSE,STOCK,KAMATS,Vikram Kamats Hospitality,,539659,B,KAMATS.BO,35.79999923706055,10452.0,FAIL,PRICE_TOO_LOW
BSE,STOCK,KAMDHENU,Kamdhenu,,532741,T,KAMDHENU.BO,39.06999969482422,47386.35,FAIL,PRICE_TOO_LOW
BSE,STOCK,KAMOPAINTS,Kamdhenu Ventures,,543747,B,KAMOPAINTS.BO,4.5,68081.6,FAIL,PRICE_TOO_LOW
BSE,STOCK,KANANIIND,Kanani Industries,,506184,B,KANANIIND.BO,1.5099999904632568,25363.75,FAIL,PRICE_TOO_LOW
BSE,STOCK,KANCHI,Kanchi Karpooram,,538896,B,KANCHI.BO,400.6000061035156,827.3,FAIL,VOLUME_TOO_LOW
BSE,STOCK,KANCOTEA,KanCo Tea & Industries,,541005,B,KANCOTEA.BO,54.25,741.2,FAIL,VOLUME_TOO_LOW
BSE,STOCK,KANELIND,Kanel Industries,,500236,XT,KANELIND.BO,85.6500015258789,7603.75,FAIL,VOLUME_TOO_LOW
BSE,STOCK,KANISHK,Kanishk Aluminium,,544693,M,KANISHK.BO,23.84000015258789,5120.0,FAIL,PRICE_TOO_LOW
BSE,STOCK,KANORICHEM,Kanoria Chemicals & Industries,,506525,T,KANORICHEM.BO,156.0,7009.5,FAIL,VOLUME_TOO_LOW
BSE,STOCK,KANPRPLA,Kanpur Plastipack,,507779,B,KANPRPLA.BO,256.29998779296875,7730.3,FAIL,VOLUME_TOO_LOW
BSE,STOCK,KANSAINER,Kansai Nerolac Paints,,500165,A,500165.BO,201.3000030517578,15027.05,FAIL,VOLUME_TOO_LOW
BSE,STOCK,KANSHST,Kanishk Steel Industries,,513456,X,KANSHST.BO,45.77999877929688,9989.45,FAIL,PRICE_TOO_LOW
BSE,STOCK,KANUNGO,Kanungo Financiers,,540515,XT,KANUNGO.BO,14.25,8075.2,FAIL,PRICE_TOO_LOW
BSE,STOCK,KAPILRAJ,Kapil Raj Finance,,539679,X,KAPILRAJ.BO,1.690000057220459,2685203.3,FAIL,PRICE_TOO_LOW
BSE,STOCK,KARANWO,Karan Woo-Sin,,526115,X,KARANWO.BO,8.739999771118164,727.55,FAIL,PRICE_TOO_LOW
BSE,STOCK,KARBON,Karbonsteel Engineering,,544511,M,KARBON.BO,107.0,7320.0,FAIL,VOLUME_TOO_LOW
BSE,STOCK,KARMAENG,Karma Energy,,533451,B,KARMAENG.BO,36.16999816894531,542.45,FAIL,PRICE_TOO_LOW
BSE,STOCK,KARNAVATI,Karnavati Finance,,538928,X,KARNAVATI.BO,1.399999976158142,31084.55,FAIL,PRICE_TOO_LOW
BSE,STOCK,KARNAWATI,Karnawati Innovation,,531671,X,KARNAWATI.BO,1.2599999904632568,98908.05,FAIL,PRICE_TOO_LOW
BSE,STOCK,KARTKIN,Kartik Investments Trust,,501151,XT,KARTKIN.BO,8500.0,24.85,FAIL,VOLUME_TOO_LOW
BSE,STOCK,KARURVYSYA,Karur Vysya Bank,,590003,B,590003.BO,309.6499938964844,193273.2,PASS,PASS
BSE,STOCK,KASTURI,Kasturi Metal Composite,,544688,M,KASTURI.BO,51.97999954223633,16500.0,FAIL,VOLUME_TOO_LOW
BSE,STOCK,KATIPATANG,Kati Patang Lifestyle,,531126,X,KATIPATANG.BO,13.6899995803833,48293.35,FAIL,PRICE_TOO_LOW
BSE,STOCK,KATRSPG,Katare Spinning Mills,,502933,X,KATRSPG.BO,98.1500015258789,118.65,FAIL,VOLUME_TOO_LOW
BSE,STOCK,KAUSHALYA,Kaushalya Infrastructure,,532925,T,KAUSHALYA.BO,920.0,51.8,FAIL,VOLUME_TOO_LOW
BSE,STOCK,KAVDEFENCE,Kavveri Defence & Wireless Technologies,,590041,B,KAVDEFENCE.BO,56.16999816894531,14126.1,FAIL,VOLUME_TOO_LOW
BSE,STOCK,KAYA,Kaya,,539276,T,KAYA.BO,326.75,2570.9,FAIL,VOLUME_TOO_LOW
BSE,STOCK,KAYCEEI,Kaycee Industries,,504084,X,KAYCEEI.BO,800.3499755859375,809.95,FAIL,VOLUME_TOO_LOW
BSE,STOCK,KAYNES,Kaynes Technology India,,543664,A,KAYNES.BO,3487.300048828125,92705.55,FAIL,VOLUME_TOO_LOW
BSE,STOCK,KAYPOWR,Kay Power & Paper,,530255,X,KAYPOWR.BO,10.09000015258789,26145.05,FAIL,PRICE_TOO_LOW
BSE,STOCK,KBSINDIA,KBS India,,530357,X,KBSINDIA.BO,1.3200000524520874,73467.9,FAIL,PRICE_TOO_LOW
BSE,STOCK,KCDGROUP,KCD Industries India,,540696,X,KCDGROUP.BO,4.239999771118164,60943.0,FAIL,PRICE_TOO_LOW
BSE,STOCK,KCLINFRA,KCL Infra Projects,,531784,X,KCLINFRA.BO,1.0499999523162842,231248.8,FAIL,PRICE_TOO_LOW
BSE,STOCK,KCP,KCP,,590066,B,KCP.BO,168.6999969482422,18755.85,FAIL,VOLUME_TOO_LOW
BSE,STOCK,KCPSUGIND,KCP Sugar & Industries,,533192,T,KCPSUGIND.BO,32.20000076293945,23895.8,FAIL,PRICE_TOO_LOW
BSE,STOCK,KCSL,Karnimata Cold Storage,,537784,M,KCSL.BO,9.1899995803833,600.0,FAIL,PRICE_TOO_LOW
BSE,STOCK,KDDL,KDDL,,532054,B,KDDL.BO,3845.25,21325.75,FAIL,VOLUME_TOO_LOW
BSE,STOCK,KDGREEN,KD Green Industries,,512595,B,512595.BO,52.70000076293945,44636.8,FAIL,VOLUME_TOO_LOW
BSE,STOCK,KDML,Khemani Distributors,,539788,MT,KDML.BO,113.6500015258789,180.0,FAIL,VOLUME_TOO_LOW
BSE,STOCK,KEC,KEC International,,532714,A,KEC.BO,406.1499938964844,143596.3,PASS,PASS
BSE,STOCK,KECL,Kirloskar Electric Co,,533193,B,KECL.BO,124.75,19520.7,FAIL,VOLUME_TOO_LOW
BSE,STOCK,KEEPLEARN,DSJ Keep Learning,,526677,B,KEEPLEARN.BO,1.919999957084656,12492.55,FAIL,PRICE_TOO_LOW
BSE,STOCK,KEERTHI,Keerthi Industries,,518011,X,KEERTHI.BO,39.0,1016.8,FAIL,PRICE_TOO_LOW
BSE,STOCK,KEI,KEI Industries,,517569,A,517569.BO,4898.5498046875,43664.3,FAIL,VOLUME_TOO_LOW
BSE,STOCK,KEIL,Kanoria Energy & Infrastructure,,539620,X,KEIL.BO,18.530000686645508,6574.3,FAIL,PRICE_TOO_LOW
BSE,STOCK,KEL,Kotia Enterprises,,539599,X,KEL.BO,25.61000061035156,15.9,FAIL,PRICE_TOO_LOW
BSE,STOCK,KELENRG,Keltech Energies,,506528,XT,KELENRG.BO,12796.2998046875,1680.65,FAIL,VOLUME_TOO_LOW
BSE,STOCK,KELLTONTEC,Kellton Tech Solutions,,519602,B,KELLTONTEC.BO,13.979999542236328,293468.55,FAIL,PRICE_TOO_LOW
BSE,STOCK,KEMISTAR,Kemistar Corporation,,531163,X,KEMISTAR.BO,53.38999938964844,3010.75,FAIL,VOLUME_TOO_LOW
BSE,STOCK,KEMP,Kemp & Company,,506530,X,KEMP.BO,1000.0,6.3,FAIL,VOLUME_TOO_LOW
BSE,STOCK,KENFIN,Ken Financial Services,,530547,XT,KENFIN.BO,14.0,1087.05,FAIL,PRICE_TOO_LOW
BSE,STOCK,KENNAMET,Kennametal,,505890,B,KENNAMET.BO,4534.2998046875,8553.2,FAIL,VOLUME_TOO_LOW
BSE,STOCK,KENRIK,Kenrik Industries,,544398,M,KENRIK.BO,10.260000228881836,8100.0,FAIL,PRICE_TOO_LOW
BSE,STOCK,KENVI,Kenvi Jewels,,540953,B,KENVI.BO,1.8899999856948853,71127.95,FAIL,PRICE_TOO_LOW
BSE,STOCK,KERALAYUR,Kerala Ayurveda,,530163,X,KERALAYUR.BO,172.89999389648438,47133.75,FAIL,VOLUME_TOO_LOW
BSE,STOCK,KESAR,Kesar,,543542,M,KESAR.BO,1140.0,111025.0,PASS,PASS
BSE,STOCK,KESARENT,Kesar Enterprises,,507180,XT,KESARENT.BO,10.0,121127.1,FAIL,PRICE_TOO_LOW
BSE,STOCK,KESARPE,Kesar Petro Products,,524174,X,KESARPE.BO,14.0,121253.05,FAIL,PRICE_TOO_LOW
BSE,STOCK,KETOMOTORS,Keto Motors Limited,,537392,XT,KETOMOTORS.BO,312.04998779296875,11592.7,FAIL,VOLUME_TOO_LOW
BSE,STOCK,KEYCORP,Key Corp,,507948,X,KEYCORP.BO,73.19999694824219,1563.35,FAIL,VOLUME_TOO_LOW
BSE,STOCK,KEYFINSERV,Keynote Financial Services,,512597,B,KEYFINSERV.BO,248.1499938964844,133.4,FAIL,VOLUME_TOO_LOW
BSE,STOCK,KFBL,Kothari Fermentation & Biochem,,507474,X,KFBL.BO,43.20000076293945,5953.35,FAIL,PRICE_TOO_LOW
BSE,STOCK,KFINTECH,KFin Technologies,,543720,A,KFINTECH.BO,929.6500244140624,82200.35,FAIL,VOLUME_TOO_LOW
BSE,STOCK,KGDENIM,KG Denim,,500239,X,KGDENIM.BO,14.3100004196167,4007.5,FAIL,PRICE_TOO_LOW
BSE,STOCK,KGES,Kuberan Global,,543289,TS,KGES.BO,33.0,150.0,FAIL,PRICE_TOO_LOW
BSE,STOCK,KGPETRO,KG Petrochem,,531609,X,KGPETRO.BO,160.35000610351562,18.7,FAIL,VOLUME_TOO_LOW
BSE,STOCK,KGVL,Khyati Global Ventures,,544270,M,KGVL.BO,43.09999847412109,540.0,FAIL,PRICE_TOO_LOW
BSE,STOCK,KHADIM,Khadim,,540775,T,KHADIM.BO,114.1999969482422,19503.95,FAIL,VOLUME_TOO_LOW
BSE,STOCK,KHAICHEM,Khaitan Chemicals & Fertilizers,,507794,B,KHAICHEM.BO,54.81999969482422,28318.35,FAIL,VOLUME_TOO_LOW
BSE,STOCK,KHAITANLTD,Khaitan,,590068,B,KHAITANLTD.BO,162.60000610351562,722.25,FAIL,VOLUME_TOO_LOW
BSE,STOCK,KHANDSE,Khandwala Securities,,531892,B,531892.BO,17.549999237060547,921.45,FAIL,PRICE_TOO_LOW
BSE,STOCK,KHAZANCHI,Khazanchi Jewellers,,543953,M,KHAZANCHI.BO,754.0,31237.5,FAIL,VOLUME_TOO_LOW
BSE,STOCK,KHOOBSURAT,Khoobsurat,,535730,X,KHOOBSURAT.BO,0.4900000095367431,734914.95,FAIL,PRICE_TOO_LOW
BSE,STOCK,KHYATI,Khyati Multimedia Entertainment,,531692,XT,KHYATI.BO,2.900000095367432,4804.3,FAIL,PRICE_TOO_LOW
BSE,STOCK,KIAASA,Kiaasa Retail,,544711,M,KIAASA.BO,29.549999237060547,13250.0,FAIL,PRICE_TOO_LOW
BSE,STOCK,KICL,Kalyani Investment Company,,533302,B,KICL.BO,5200.0,69.8,FAIL,VOLUME_TOO_LOW
BSE,STOCK,KIDUJA,Kiduja India,,507946,X,KIDUJA.BO,19.82999992370605,4737.95,FAIL,PRICE_TOO_LOW
BSE,STOCK,KIFS,KIFS Financial Services,,535566,X,KIFS.BO,109.6500015258789,304.0,FAIL,VOLUME_TOO_LOW
BSE,STOCK,KILITCH,Kilitch Drugs,,524500,T,KILITCH.BO,171.5500030517578,3103.25,FAIL,VOLUME_TOO_LOW
BSE,STOCK,KIMIABL,Kimia Biosciences,,530313,X,KIMIABL.BO,28.5,5717.7,FAIL,PRICE_TOO_LOW
BSE,STOCK,KIMS,Krishna Institute of Medical Sciences,,543308,A,KIMS.BO,767.4000244140625,111423.6,PASS,PASS
BSE,STOCK,KINETICENG,Kinetic Engineering,,500240,XT,KINETICENG.BO,225.1000061035156,22392.55,FAIL,VOLUME_TOO_LOW
BSE,STOCK,KINETRU,Kinetic Trust,,531274,XT,KINETRU.BO,58.709999084472656,2136.0,FAIL,VOLUME_TOO_LOW
BSE,STOCK,KINGFA,Kingfa Science & Technology,,524019,B,KINGFA.BO,5884.0,811.6,FAIL,VOLUME_TOO_LOW
BSE,STOCK,KINGSINFR,Kings Infra Ventures,,530215,X,KINGSINFR.BO,85.16000366210938,31588.2,FAIL,VOLUME_TOO_LOW
BSE,STOCK,KIOCL,KIOCL,,540680,B,KIOCL.BO,380.1499938964844,10510.15,FAIL,VOLUME_TOO_LOW
BSE,STOCK,KIRANSY-B,Kiran Syntex,,530443,X,KIRANSY-B.BO,14.5,182.3,FAIL,PRICE_TOO_LOW
BSE,STOCK,KIRANVYPAR,Kiran Vyapar,,537750,B,KIRANVYPAR.BO,206.25,540.25,FAIL,VOLUME_TOO_LOW
BSE,STOCK,KIRIINDUS,Kiri Industries,,532967,A,KIRIINDUS.BO,579.0499877929688,96732.75,FAIL,VOLUME_TOO_LOW
BSE,STOCK,KIRLFER,Kirloskar Ferrous Industries,,500245,B,KIRLFER.BO,453.6499938964844,42041.2,FAIL,VOLUME_TOO_LOW
BSE,STOCK,KIRLOSBROS,Kirloskar Brothers,,500241,A,500241.BO,1866.550048828125,27751.65,FAIL,VOLUME_TOO_LOW
BSE,STOCK,KIRLOSENG,Kirloskar Oil Engines,,533293,A,KIRLOSENG.BO,2267.39990234375,33153.45,FAIL,VOLUME_TOO_LOW
BSE,STOCK,KIRLOSIND,Kirloskar Industries,,500243,B,500243.BO,3820.64990234375,3088.2,FAIL,VOLUME_TOO_LOW
BSE,STOCK,KIRLPNU,Kirloskar Pneumatic Company,,505283,A,KIRLPNU.BO,758.5999755859375,11229.5,FAIL,VOLUME_TOO_LOW
BSE,STOCK,KISAAN,Kisaan Parivar Industries,,519230,X,KISAAN.BO,13.470000267028809,10399.3,FAIL,PRICE_TOO_LOW
BSE,STOCK,KISAN,Kisan Mouldings,,530145,XT,KISAN.BO,25.0,81369.0,FAIL,PRICE_TOO_LOW
BSE,STOCK,KISSHT,OnEMI Technology Solutions,,544754,B,KISSHT.BO,305.5,110003.7,PASS,PASS
BSE,STOCK,KITEX,Kitex Garments,,521248,A,KITEX.BO,123.5500030517578,50254.8,FAIL,VOLUME_TOO_LOW
BSE,STOCK,KIZI,Kizi Apparels,,544221,MT,KIZI.BO,16.100000381469727,5100.0,FAIL,PRICE_TOO_LOW
BSE,STOCK,KJMCCORP,KJMC Corporate Advisors,,532304,X,KJMCCORP.BO,62.0,3109.75,FAIL,VOLUME_TOO_LOW
BSE,STOCK,KJMCFIN,KJMC Financial Services,,530235,B,KJMCFIN.BO,65.0,4118.1,FAIL,VOLUME_TOO_LOW
BSE,STOCK,KKALPANAIND,Kkalpana Industries,,526409,X,KKALPANAIND.BO,6.880000114440918,23956.0,FAIL,PRICE_TOO_LOW
BSE,STOCK,KKCL,Kewal Kiran Clothing,,532732,B,KKCL.BO,502.9500122070313,3743.5,FAIL,VOLUME_TOO_LOW
BSE,STOCK,KKSHL,KK Shah Hospitals,,544013,M,KKSHL.BO,42.0,4050.0,FAIL,PRICE_TOO_LOW
BSE,STOCK,KKSILK,K K Silk Mills,,544624,MT,KKSILK.BO,9.800000190734863,8250.0,FAIL,PRICE_TOO_LOW
BSE,STOCK,KLBRENG-B,Kilburn Engineering,,522101,B,KLBRENG-B.BO,453.4500122070313,43219.9,FAIL,VOLUME_TOO_LOW
BSE,STOCK,KLRFM,Kovilpatti Lakshmi Roller,,507598,X,KLRFM.BO,89.5,3269.35,FAIL,VOLUME_TOO_LOW
BSE,STOCK,KMCSHIL,KMC Speciality Hospitals,,524520,B,KMCSHIL.BO,137.85000610351562,148342.95,PASS,PASS
BSE,STOCK,KMEW,Knowledge Marine & Engineering Works,,543273,B,KMEW.BO,3151.449951171875,15394.4,FAIL,VOLUME_TOO_LOW
BSE,STOCK,KMFBLDR,KMF Builders & Developers,,531578,X,KMFBLDR.BO,7.579999923706055,479.85,FAIL,PRICE_TOO_LOW
BSE,STOCK,KMGMILK,KMG Milk Food,,519415,P,KMGMILK.BO,48.36000061035156,0.0,FAIL,PRICE_TOO_LOW
BSE,STOCK,KMSMEDI,KMS Medisurgi,,540468,MT,KMSMEDI.BO,132.8000030517578,0.0,FAIL,VOLUME_TOO_LOW
BSE,STOCK,KMSUGAR,KM Sugar Mills,,532673,B,KMSUGAR.BO,31.6299991607666,53688.45,FAIL,PRICE_TOO_LOW
BSE,STOCK,KNACK,Knack Packaging,,544814,B,KNACK.BO,188.6000061035156,109744.0,PASS,PASS
BSE,STOCK,KNRCON,KNR Constructions,,532942,A,KNRCON.BO,119.1999969482422,233114.9,PASS,PASS
BSE,STOCK,KOBO,Kobo Biotech,,531541,Z,KOBO.BO,5.190000057220459,23946.1,FAIL,PRICE_TOO_LOW
BSE,STOCK,KOHINOOR,Kohinoor Foods,,512559,B,KOHINOOR.BO,33.4900016784668,51128.25,FAIL,PRICE_TOO_LOW
BSE,STOCK,KOKUYOCMLN,Kokuyo Camlin,,523207,B,KOKUYOCMLN.BO,79.44999694824219,4262.2,FAIL,VOLUME_TOO_LOW
BSE,STOCK,KOLTEPATIL,Kolte Patil Developers,,532924,B,KOLTEPATIL.BO,449.2000122070313,39461.6,FAIL,VOLUME_TOO_LOW
BSE,STOCK,KONNDOR,Konndor Industries,,532397,XT,KONNDOR.BO,14.1899995803833,1042.55,FAIL,PRICE_TOO_LOW
BSE,STOCK,KOPRAN,Kopran,,524280,B,KOPRAN.BO,232.0500030517578,25379.75,FAIL,VOLUME_TOO_LOW
BSE,STOCK,KORE,Jay Jalaram Technologies,,209084,NS,KORE.BO,28.0,1355.7,FAIL,PRICE_TOO_LOW
BSE,STOCK,KOTHARIPRO,Kothari Products,,530299,B,KOTHARIPRO.BO,68.2699966430664,885.3,FAIL,VOLUME_TOO_LOW
BSE,STOCK,KOTIC,Kothari Industrial Corporation,,509732,B,KOTIC.BO,137.35000610351562,2831.7,FAIL,VOLUME_TOO_LOW
BSE,STOCK,KOTYARK,Kotyark Industries,,544726,T,KOTYARK.BO,32.150001525878906,73490.25,FAIL,PRICE_TOO_LOW
BSE,STOCK,KOURA,Koura Fine Diamond Jewelry,,544139,MT,KOURA.BO,50.04999923706055,11300.0,FAIL,VOLUME_TOO_LOW
BSE,STOCK,KOVAI,Kovai Medical Center Hospital,,523323,B,KOVAI.BO,6095.7001953125,1270.2,FAIL,VOLUME_TOO_LOW
BSE,STOCK,KPEL,KP Energy,,539686,B,KPEL.BO,241.3500061035156,47785.85,FAIL,VOLUME_TOO_LOW
BSE,STOCK,KPGEL,KP Green Engineering,,544150,M,KPGEL.BO,295.29998779296875,160975.0,PASS,PASS
BSE,STOCK,KPIGREEN,KPI Green Energy,,542323,A,KPIGREEN.BO,303.5,170698.95,PASS,PASS
BSE,STOCK,KPIL,Kalpataru Projects International,,522287,A,KPIL.BO,1417.5,131237.35,PASS,PASS
BSE,STOCK,KPITTECH,KPIT Technologies,,542651,A,KPITTECH.BO,583.5,215625.4,PASS,PASS
BSE,STOCK,KPL,Kwality Pharmaceuticals,,539997,B,KPL.BO,3342.949951171875,11107.75,FAIL,VOLUME_TOO_LOW
BSE,STOCK,KPRMILL,KPR Mill,,532889,A,KPRMILL.BO,1176.800048828125,36516.45,FAIL,VOLUME_TOO_LOW
BSE,STOCK,KPT,KPT Industries,,505299,X,KPT.BO,476.5,4652.1,FAIL,VOLUME_TOO_LOW
BSE,STOCK,KRANTI,Kranti Industries,,542459,B,KRANTI.BO,48.540000915527344,4315.15,FAIL,PRICE_TOO_LOW
BSE,STOCK,KRATIKAL,Kratikal Tech,,544811,M,KRATIKAL.BO,165.60000610351562,24350.0,FAIL,VOLUME_TOO_LOW
BSE,STOCK,KRBL,KRBL,,530813,A,KRBL.BO,424.4500122070313,51506.8,FAIL,VOLUME_TOO_LOW
BSE,STOCK,KREBSBIO,Krebs Biochemicals & Industries,,524518,B,KREBSBIO.BO,53.18000030517578,683.35,FAIL,VOLUME_TOO_LOW
BSE,STOCK,KREONFIN,Kreon Finnancial Services,,530139,XT,KREONFIN.BO,86.87999725341797,7107.3,FAIL,VOLUME_TOO_LOW
BSE,STOCK,KRETTOSYS,Kretto Syscon,,531328,X,KRETTOSYS.BO,0.449999988079071,1463255.5,FAIL,PRICE_TOO_LOW
BSE,STOCK,KRIDHANINF,Kridhan Infra,,533482,T,KRIDHANINF.BO,2.0,12410.5,FAIL,PRICE_TOO_LOW
BSE,STOCK,KRIFILIND,Krishna Filament Industries,,500248,X,KRIFILIND.BO,5.309999942779541,525.15,FAIL,PRICE_TOO_LOW
BSE,STOCK,KRISHIVAL,Krishival Foods,,544416,B,KRISHIVAL.BO,414.0,3653.7,FAIL,VOLUME_TOO_LOW
BSE,STOCK,KRISHNA,Krishna Ventures,,504392,XT,KRISHNA.BO,51.0,9900.85,FAIL,VOLUME_TOO_LOW
BSE,STOCK,KRISHNACAP,Krishna Capital & Securities,,539384,XT,KRISHNACAP.BO,48.25,2627.7,FAIL,PRICE_TOO_LOW
BSE,STOCK,KRITI,Kriti Industries India,,526423,B,KRITI.BO,60.09000015258789,2616.5,FAIL,VOLUME_TOO_LOW
BSE,STOCK,KRITINUT,Kriti Nutrients,,533210,B,KRITINUT.BO,82.5999984741211,3139.95,FAIL,VOLUME_TOO_LOW
BSE,STOCK,KRN,KRN Heat Exchanger and Refrigeration,,544263,A,KRN.BO,1505.6500244140625,33801.4,FAIL,VOLUME_TOO_LOW
BSE,STOCK,KRONOX,Kronox Lab Sciences,,544187,T,KRONOX.BO,183.1999969482422,142289.95,PASS,PASS
BSE,STOCK,KROSS,Kross,,544253,B,KROSS.BO,211.6000061035156,29793.45,FAIL,VOLUME_TOO_LOW
BSE,STOCK,KRRAIL,K&R Rail Engineering,,514360,X,KRRAIL.BO,22.65999984741211,50652.5,FAIL,PRICE_TOO_LOW
BSE,STOCK,KRSNAA,Krsnaa Diagnostics,,543328,B,KRSNAA.BO,547.9000244140625,7120.3,FAIL,VOLUME_TOO_LOW
BSE,STOCK,KRUPALU,Krupalu Metals,,544509,M,KRUPALU.BO,30.5,2800.0,FAIL,PRICE_TOO_LOW
BSE,STOCK,KRYPTONQ,Krypton Industries,,523550,X,KRYPTONQ.BO,34.29999923706055,5994.4,FAIL,PRICE_TOO_LOW
BSE,STOCK,KRYSTAL,Krystal Integrated Services,,544149,B,KRYSTAL.BO,660.7999877929688,2144.75,FAIL,VOLUME_TOO_LOW
BSE,STOCK,KSB,KSB,,500249,A,KSB.BO,809.2000122070312,21718.55,FAIL,VOLUME_TOO_LOW
BSE,STOCK,KSCL,Kaveri Seed Company,,532899,B,KSCL.BO,746.0,5636.8,FAIL,VOLUME_TOO_LOW
BSE,STOCK,KSE,KSE,,519421,B,KSE.BO,180.5500030517578,20612.3,FAIL,VOLUME_TOO_LOW
BSE,STOCK,KSHINTL,KSH International,,544664,B,KSHINTL.BO,1023.5499877929688,46471.6,FAIL,VOLUME_TOO_LOW
BSE,STOCK,KSL,Kalyani Steels,,500235,B,500235.BO,925.1500244140624,5090.55,FAIL,VOLUME_TOO_LOW
BSE,STOCK,KSOLVES,Ksolves,,543599,B,KSOLVES.BO,271.3999938964844,2762.4,FAIL,VOLUME_TOO_LOW
BSE,STOCK,KSR,KSR Footwear,,544615,B,KSR.BO,31.059999465942383,3758.3,FAIL,PRICE_TOO_LOW
BSE,STOCK,KSSMART,KS Smart Technologies,,516038,X,KSSMART.BO,110.3499984741211,15941.4,FAIL,VOLUME_TOO_LOW
BSE,STOCK,KTIL,Kesar Terminals & Infrastructure,,533289,X,KTIL.BO,61.88999938964844,3347.85,FAIL,VOLUME_TOO_LOW
BSE,STOCK,KTKBANK,Karnataka Bank,,532652,A,KTKBANK.BO,340.04998779296875,134495.8,PASS,PASS
BSE,STOCK,KUANTUM,Kuantum Papers,,532937,B,KUANTUM.BO,75.97000122070312,10790.9,FAIL,VOLUME_TOO_LOW
BSE,STOCK,KUBERJI,Kuber Udyog,,539408,XT,KUBERJI.BO,48.209999084472656,52616.25,FAIL,PRICE_TOO_LOW
BSE,STOCK,KUMPFIN,Kumbhat Financial Services,,526869,X,KUMPFIN.BO,17.969999313354492,262.85,FAIL,PRICE_TOO_LOW
BSE,STOCK,KUNSTOFF,Kunststoffe Industries,,523594,X,KUNSTOFF.BO,21.0,1539.75,FAIL,PRICE_TOO_LOW
BSE,STOCK,KUSHIND,Kush Industries,,514240,X,KUSHIND.BO,6.199999809265137,7523.7,FAIL,PRICE_TOO_LOW
BSE,STOCK,KUSUMGAR,Kusumgar,,544821,B,KUSUMGAR.BO,581.0499877929688,51157.9,FAIL,VOLUME_TOO_LOW
BSE,STOCK,KUWERIN,Kuwer Industries,,530421,X,KUWERIN.BO,10.359999656677246,3736.15,FAIL,PRICE_TOO_LOW
BSE,STOCK,KVFORGE,Krishnaveer Forge,,513369,XT,KVFORGE.BO,136.9499969482422,1270.9,FAIL,VOLUME_TOO_LOW
BSE,STOCK,KVSCASTING,KVS Castings,,544554,MT,KVSCASTING.BO,86.16999816894531,164400.0,PASS,PASS
BSE,STOCK,KVTOYS,K V Toys,,544641,M,KVTOYS.BO,267.5,6120.0,FAIL,VOLUME_TOO_LOW
BSE,STOCK,KWIL,Kwality Walls,,544622,B,KWIL.BO,42.369998931884766,2130115.8,FAIL,PRICE_TOO_LOW
BSE,STOCK,KZLFIN,KZ Leasing & Finance,,511728,X,KZLFIN.BO,19.549999237060547,113.05,FAIL,PRICE_TOO_LOW
BSE,STOCK,LABELKRAFT,Labelkraft Technologies,,543830,M,LABELKRAFT.BO,65.0,600.0,FAIL,VOLUME_TOO_LOW
BSE,STOCK,LACTOSE,Lactose,,524202,X,LACTOSE.BO,101.1999969482422,14822.3,FAIL,VOLUME_TOO_LOW
BSE,STOCK,LADDERUP,Ladderup Finance,,530577,B,LADDERUP.BO,53.0,686.8,FAIL,VOLUME_TOO_LOW
BSE,STOCK,LADDU,Laddu Gopal Online Services,,537707,X,LADDU.BO,0.4099999964237213,416866.45,FAIL,PRICE_TOO_LOW
BSE,STOCK,LAFFANSQ,Laffans Petrochemicals,,524522,X,LAFFANSQ.BO,26.07999992370605,2401.6,FAIL,PRICE_TOO_LOW
BSE,STOCK,LAHL,Ladam Affordable Housing,,540026,X,LAHL.BO,6.78000020980835,1739.25,FAIL,PRICE_TOO_LOW
BSE,STOCK,LAHOTIOV,Lahoti Overseas,,531842,B,LAHOTIOV.BO,45.0099983215332,3313.3,FAIL,PRICE_TOO_LOW
BSE,STOCK,LAKESHORE,Mahaan Foods,,519612,X,LAKESHORE.BO,64.5,2097.8,FAIL,VOLUME_TOO_LOW
BSE,STOCK,LAKHOTIA,Lakhotia Polyesters,,535387,X,LAKHOTIA.BO,58.0,561.95,FAIL,VOLUME_TOO_LOW
BSE,STOCK,LAKPRE,Lakshmi Precision Screws,,506079,Z,LAKPRE.BO,5.139999866485596,284.5,FAIL,PRICE_TOO_LOW
BSE,STOCK,LAKSELEC,Lakshmi Electrical Control Systems,,504258,X,LAKSELEC.BO,803.2000122070312,2552.95,FAIL,VOLUME_TOO_LOW
BSE,STOCK,LAKSHMIEW,Lakshmi Engineering & Warehousing,,505302,X,LAKSHMIEW.BO,2151.199951171875,51.2,FAIL,VOLUME_TOO_LOW
BSE,STOCK,LAKSHMIMIL,Lakshmi Mills,,502958,B,LAKSHMIMIL.BO,7730.0,54.0,FAIL,VOLUME_TOO_LOW
BSE,STOCK,LAL,Lorenzini Apparels,,540952,B,LAL.BO,9.0,12332.1,FAIL,PRICE_TOO_LOW
BSE,STOCK,LALPATHLAB,Dr. Lal Path Labs,,539524,A,LALPATHLAB.BO,1921.9000244140625,10286.5,FAIL,VOLUME_TOO_LOW
BSE,STOCK,LAMBODHARA,Lambodhara Textiles,,590075,B,LAMBODHARA.BO,137.64999389648438,6040.45,FAIL,VOLUME_TOO_LOW
BSE,STOCK,LANCER,Lancer Container Lines,,539841,B,LANCER.BO,13.170000076293944,258409.55,FAIL,PRICE_TOO_LOW
BSE,STOCK,LANCORHOL,Lancor Holdings,,509048,B,LANCORHOL.BO,34.709999084472656,42983.1,FAIL,PRICE_TOO_LOW
BSE,STOCK,LANDMARC,Landmarc Leisure Corporation,,532275,X,LANDMARC.BO,2.0299999713897705,621671.55,FAIL,PRICE_TOO_LOW
BSE,STOCK,LANDMARK,Landmark Cars,,543714,B,LANDMARK.BO,498.8500061035156,12818.9,FAIL,VOLUME_TOO_LOW
BSE,STOCK,LANDSMILL,Landsmill Green,,533090,B,LANDSMILL.BO,0.6700000166893005,585740.2,FAIL,PRICE_TOO_LOW
BSE,STOCK,LAOPALA,La Opala RG,,526947,B,LAOPALA.BO,171.75,24695.95,FAIL,VOLUME_TOO_LOW
BSE,STOCK,LASA,Lasa Supergenerics,,540702,B,LASA.BO,6.900000095367432,6200.9,FAIL,PRICE_TOO_LOW
BSE,STOCK,LASERPOWER,Laser Power & Infra,,544822,B,LASERPOWER.BO,300.95001220703125,152125.05,PASS,PASS
BSE,STOCK,LASTMILE,Last Mile Enterprises,,526961,X,LASTMILE.BO,5.070000171661377,321996.55,FAIL,PRICE_TOO_LOW
BSE,STOCK,LATENTVIEW,Latent View Analytics,,543398,A,LATENTVIEW.BO,266.0,26229.7,FAIL,VOLUME_TOO_LOW
BSE,STOCK,LATIMMETAL,La Tim Metal & Industries,,505693,X,LATIMMETAL.BO,10.130000114440918,119660.15,FAIL,PRICE_TOO_LOW
BSE,STOCK,LAURUSLABS,Laurus Labs,,540222,A,LAURUSLABS.BO,1872.1500244140625,61927.25,FAIL,VOLUME_TOO_LOW
BSE,STOCK,LAXMIDENTL,Laxmi Dental,,544339,B,LAXMIDENTL.BO,198.8000030517578,8749.55,FAIL,VOLUME_TOO_LOW
BSE,STOCK,LAXMIINDIA,Laxmi India Finance,,544465,B,LAXMIINDIA.BO,127.9499969482422,31154.0,FAIL,VOLUME_TOO_LOW
BSE,STOCK,LAXMIPATI,Laxmipati Engineering,,537669,MT,LAXMIPATI.BO,444.3999938964844,250.0,FAIL,VOLUME_TOO_LOW
BSE,STOCK,LCCINFOTEC,LCC Infotech,,532019,B,532019.BO,4.639999866485596,20635.9,FAIL,PRICE_TOO_LOW
BSE,STOCK,LEADFIN,Lead Financial Services,,531288,X,LEADFIN.BO,17.0,716.65,FAIL,PRICE_TOO_LOW
BSE,STOCK,LEENEE,Lee & Nee Softwares Exports,,517415,T,LEENEE.BO,8.470000267028809,30517.55,FAIL,PRICE_TOO_LOW
BSE,STOCK,LEHAR,Lehar Footwears,,532829,X,LEHAR.BO,217.6499938964844,20486.1,FAIL,VOLUME_TOO_LOW
BSE,STOCK,LELAVOIR,Le Lavoir,,539814,X,LELAVOIR.BO,97.13999938964844,20464.85,FAIL,VOLUME_TOO_LOW
BSE,STOCK,LEMONTREE,Lemon Tree Hotels,,541233,A,LEMONTREE.BO,104.9499969482422,452740.35,PASS,PASS
BSE,STOCK,LENSKART,Lenskart Solutions,,544600,B,LENSKART.BO,671.6500244140625,3371126.1,PASS,PASS
BSE,STOCK,LERTHAI,Lerthai Finance,,502250,XT,LERTHAI.BO,502.0,10.3,FAIL,VOLUME_TOO_LOW
BSE,STOCK,LESHAIND,Lesha Industries,,533602,X,LESHAIND.BO,0.75,120889.85,FAIL,PRICE_TOO_LOW
BSE,STOCK,LESL,Leapfrog Engineering Services,,544797,M,LESL.BO,21.549999237060547,125100.0,FAIL,PRICE_TOO_LOW
BSE,STOCK,LEX,Lex Nimble Solutions,,541196,MT,LEX.BO,85.0,0.0,FAIL,VOLUME_TOO_LOW
BSE,STOCK,LEXGLOBAL,Lexora Global,,512345,XT,LEXGLOBAL.BO,148.9499969482422,312.55,FAIL,VOLUME_TOO_LOW
BSE,STOCK,LEXORAA,Lexoraa Industries,,531944,X,LEXORAA.BO,17.950000762939453,1767.55,FAIL,PRICE_TOO_LOW
BSE,STOCK,LGBBROSLTD,LG Balakrishnan & Bros,,500250,A,500250.BO,1546.0,898.45,FAIL,VOLUME_TOO_LOW
BSE,STOCK,LGBFORGE,LGB Forge,,533007,XT,LGBFORGE.BO,6.420000076293945,160765.75,FAIL,PRICE_TOO_LOW
BSE,STOCK,LGEINDIA,LG Electronics,,544576,B,LGEINDIA.BO,1659.699951171875,112970.15,PASS,PASS
BSE,STOCK,LGLL,Landmark Global Learning,,544341,M,LGLL.BO,11.649999618530272,13760.0,FAIL,PRICE_TOO_LOW
BSE,STOCK,LGT,LGT Global Hospitality,,544489,M,LGT.BO,36.880001068115234,8280.0,FAIL,PRICE_TOO_LOW
BSE,STOCK,LIBERTSHOE,Liberty Shoes,,526596,B,LIBERTSHOE.BO,234.3999938964844,2180.1,FAIL,VOLUME_TOO_LOW
BSE,STOCK,LIBORD,Libord Securities,,531027,X,LIBORD.BO,21.32999992370605,418.25,FAIL,PRICE_TOO_LOW
BSE,STOCK,LIBORDFIN,Libord Finance,,511593,X,LIBORDFIN.BO,15.59000015258789,515.7,FAIL,PRICE_TOO_LOW
BSE,STOCK,LIKHAMI,Likhami Consulting,,539927,X,LIKHAMI.BO,298.8999938964844,0.3,FAIL,VOLUME_TOO_LOW
BSE,STOCK,LIKHITHA,Likhitha Infrastructure,,543240,B,LIKHITHA.BO,204.1499938964844,6035.25,FAIL,VOLUME_TOO_LOW
BSE,STOCK,LIMECHM,Lime Chemicals,,507759,X,LIMECHM.BO,14.949999809265137,917.7,FAIL,PRICE_TOO_LOW
BSE,STOCK,LINC,Linc,,531241,B,LINC.BO,94.30999755859376,2801.0,FAIL,VOLUME_TOO_LOW
BSE,STOCK,LINCOLN,Lincoln Pharmaceuticals,,531633,B,LINCOLN.BO,622.9000244140625,5189.25,FAIL,VOLUME_TOO_LOW
BSE,STOCK,LINDEINDIA,Linde,,523457,A,LINDEINDIA.BO,6369.39990234375,1119.2,FAIL,VOLUME_TOO_LOW
BSE,STOCK,LINKPH,Link Pharma Chem,,524748,X,LINKPH.BO,27.600000381469727,665.65,FAIL,PRICE_TOO_LOW
BSE,STOCK,LIOTECH,Liotech Industries,,544796,M,LIOTECH.BO,91.5,4820.0,FAIL,VOLUME_TOO_LOW
BSE,STOCK,LIPPISYS,Lippi Systems,,526604,XT,LIPPISYS.BO,200.1999969482422,12420.35,FAIL,VOLUME_TOO_LOW
BSE,STOCK,LKMEHTA,LK Mehta Polymers,,544366,M,LKMEHTA.BO,38.25,0.0,FAIL,PRICE_TOO_LOW
BSE,STOCK,LKPSEC,LKP Securities,,540192,B,LKPSEC.BO,15.25,9837.95,FAIL,PRICE_TOO_LOW
BSE,STOCK,LLFICL,Leading Leasing Finance,,540360,T,LLFICL.BO,1.2100000381469729,1061008.05,FAIL,PRICE_TOO_LOW
BSE,STOCK,LLOYDSENGG,Lloyds Engineering Works,,539992,A,LLOYDSENGG.BO,84.87999725341797,673312.55,PASS,PASS
BSE,STOCK,LLOYDSENT,Lloyds Enterprises,,512463,A,LLOYDSENT.BO,71.94999694824219,244078.0,PASS,PASS
BSE,STOCK,LLOYDSME,Lloyds Metals & Energy,,512455,A,LLOYDSME.BO,1849.75,36376.8,FAIL,VOLUME_TOO_LOW
BSE,STOCK,LMW,LMW,,500252,A,LMW.BO,18945.349609375,451.0,FAIL,VOLUME_TOO_LOW
BSE,STOCK,LODHA,Lodha Developers,,543287,A,LODHA.BO,1220.5999755859375,53145.75,FAIL,VOLUME_TOO_LOW
BSE,STOCK,LOGICA,Logica Infoway,,543746,M,LOGICA.BO,165.85000610351562,17880.0,FAIL,VOLUME_TOO_LOW
BSE,STOCK,LOGICIEL,Logiciel Solutions,,544625,M,LOGICIEL.BO,31.07999992370605,2730.0,FAIL,PRICE_TOO_LOW
BSE,STOCK,LOKESHMACH,Lokesh Machines,,532740,B,532740.BO,329.54998779296875,4349.85,FAIL,VOLUME_TOO_LOW
BSE,STOCK,LONGSPUR,Longspur International Ventures,,504340,X,LONGSPUR.BO,8.470000267028809,13823.05,FAIL,PRICE_TOO_LOW
BSE,STOCK,LOOKS,Looks Health Services,,534422,XT,LOOKS.BO,10.460000038146973,8739.6,FAIL,PRICE_TOO_LOW
BSE,STOCK,LORDSCHLO,Lords Chloro Alkali,,500284,B,LORDSCHLO.BO,141.60000610351562,2213.1,FAIL,VOLUME_TOO_LOW
BSE,STOCK,LORDSHOTL,Lords Ishwar Hotels,,530065,X,LORDSHOTL.BO,16.139999389648438,3565.8,FAIL,PRICE_TOO_LOW
BSE,STOCK,LORDSMARK,Lords Mark Industries,,501261,XT,LORDSMARK.BO,85.16000366210938,478669.65,PASS,PASS
BSE,STOCK,LOTUSCHO,Lotus Chocolate,,523475,B,LOTUSCHO.BO,650.5499877929688,2988.1,FAIL,VOLUME_TOO_LOW
BSE,STOCK,LOTUSDEV,Sri Lotus Developers & Realty,,544469,T,LOTUSDEV.BO,184.1000061035156,44664.55,FAIL,VOLUME_TOO_LOW
BSE,STOCK,LOTUSEYE,Lotus Eye Hospital,,532998,B,LOTUSEYE.BO,110.6500015258789,1447.05,FAIL,VOLUME_TOO_LOW
BSE,STOCK,LOVABLE,Lovable Lingerie,,533343,B,LOVABLE.BO,72.0,1316.15,FAIL,VOLUME_TOO_LOW
BSE,STOCK,LOYAL,Loyal Equipments,,539227,X,LOYAL.BO,147.8000030517578,5949.55,FAIL,VOLUME_TOO_LOW
BSE,STOCK,LOYALTEX,Loyal Textile Mills,,514036,B,LOYALTEX.BO,211.1000061035156,252.25,FAIL,VOLUME_TOO_LOW
BSE,STOCK,LPDC,Landmark Property Development,,533012,B,LPDC.BO,6.730000019073486,28690.35,FAIL,PRICE_TOO_LOW
BSE,STOCK,LT,Larsen & Toubro,,500510,A,500510.BO,3815.0,175607.05,PASS,PASS
BSE,STOCK,LTELEVATOR,L. T. Elevator,,544518,MT,LTELEVATOR.BO,309.45001220703125,55880.0,FAIL,VOLUME_TOO_LOW
BSE,STOCK,LTF,L&T Finance,,533519,A,LTF.BO,315.0,352797.65,PASS,PASS
BSE,STOCK,LTFOODS,LT Foods,,532783,A,LTFOODS.BO,442.6499938964844,176414.2,PASS,PASS
BSE,STOCK,LTM,LTM,,540005,A,LTM.BO,4516.0,28208.6,FAIL,VOLUME_TOO_LOW
BSE,STOCK,LTTS,L&T Technology Services,,540115,A,LTTS.BO,3498.5,6192.75,FAIL,VOLUME_TOO_LOW
BSE,STOCK,LUDLOWJUT,Ludlow Jute & Specialities,,526179,X,LUDLOWJUT.BO,323.3500061035156,1911.15,FAIL,VOLUME_TOO_LOW
BSE,STOCK,LUMAXIND,Lumax Industries,,517206,B,LUMAXIND.BO,6383.9501953125,1229.55,FAIL,VOLUME_TOO_LOW
BSE,STOCK,LUPIN,Lupin,,500257,A,500257.BO,2442.10009765625,54817.05,FAIL,VOLUME_TOO_LOW
BSE,STOCK,LUXIND,Lux Industries,,539542,B,LUXIND.BO,1173.050048828125,1427.25,FAIL,VOLUME_TOO_LOW
BSE,STOCK,LUXURY,Luxury Time,,544635,M,LUXURY.BO,61.900001525878906,8560.0,FAIL,VOLUME_TOO_LOW
BSE,STOCK,LWSKNIT,LWS Knitwear,,531402,X,LWSKNIT.BO,18.440000534057617,36141.7,FAIL,PRICE_TOO_LOW
BSE,STOCK,LXCHEM,Laxmi Organic Industries,,543277,B,LXCHEM.BO,175.5500030517578,51458.75,FAIL,VOLUME_TOO_LOW
BSE,STOCK,LYKALABS,Lyka Labs,,500259,T,500259.BO,69.0999984741211,2758.0,FAIL,VOLUME_TOO_LOW
BSE,STOCK,LYKISLTD,Lykis,,530689,X,LYKISLTD.BO,51.75,32872.95,FAIL,VOLUME_TOO_LOW
BSE,STOCK,LYONSCO,Lyons Corporate Market,,531441,X,LYONSCO.BO,21.200000762939453,51.2,FAIL,PRICE_TOO_LOW
BSE,STOCK,M&M,Mahindra & Mahindra,,500520,A,500520.BO,3178.64990234375,218990.7,PASS,PASS
BSE,STOCK,M&MFIN,M&M Financial Services,,532720,A,532720.BO,324.20001220703125,467688.4,PASS,PASS
BSE,STOCK,MAANALU,Maan Aluminium,,532906,B,MAANALU.BO,121.75,5074.05,FAIL,VOLUME_TOO_LOW
BSE,STOCK,MACH,Mac Hotels,,541973,M,MACH.BO,53.09999847412109,3450.0,FAIL,VOLUME_TOO_LOW
BSE,STOCK,MACHLTD,Mach Travel Solutions,,544248,M,MACHLTD.BO,165.0,19530.0,FAIL,VOLUME_TOO_LOW
BSE,STOCK,MACIND,Machhar Industries,,543934,X,MACIND.BO,373.7000122070313,90.05,FAIL,VOLUME_TOO_LOW
BSE,STOCK,MACPLASQ,Machino Plastics,,523248,X,MACPLASQ.BO,263.45001220703125,1184.05,FAIL,VOLUME_TOO_LOW
BSE,STOCK,MADALA,Madala Holdings,,532344,X,MADALA.BO,181.5500030517578,725.0,FAIL,VOLUME_TOO_LOW
BSE,STOCK,MADHAV,Madhav Marble & Granites,,515093,B,MADHAV.BO,34.150001525878906,338.65,FAIL,PRICE_TOO_LOW
BSE,STOCK,MADHAVIPL,Madhav Infra Projects,,539894,B,MADHAVIPL.BO,7.909999847412109,50508.5,FAIL,PRICE_TOO_LOW
BSE,STOCK,MADHUCON,Madhucon Projects,,531497,T,531497.BO,5.690000057220459,5604.95,FAIL,PRICE_TOO_LOW
BSE,STOCK,MADHUDIN,Madhusudan Industries,,515059,X,MADHUDIN.BO,36.72999954223633,2786.05,FAIL,PRICE_TOO_LOW
BSE,STOCK,MADHURIND,Madhur Industries,,519279,XT,MADHURIND.BO,5.010000228881836,482.7,FAIL,PRICE_TOO_LOW
BSE,STOCK,MADRASFERT,Madras Fertilizers,,590134,B,MADRASFERT.BO,65.43000030517578,7116.75,FAIL,VOLUME_TOO_LOW
BSE,STOCK,MAFATIND,Mafatlal Industries,,500264,B,MAFATIND.BO,122.5500030517578,10653.0,FAIL,VOLUME_TOO_LOW
BSE,STOCK,MAFIA,Mafia Trends,,543613,M,MAFIA.BO,5.150000095367432,23400.0,FAIL,PRICE_TOO_LOW
BSE,STOCK,MAGADSUGAR,Magadh Sugar & Energy,,540650,B,MAGADSUGAR.BO,566.7999877929688,3571.15,FAIL,VOLUME_TOO_LOW
BSE,STOCK,MAGANTR,Magnanimous Trade & Finance,,512377,XT,512377.BO,0.2349999994039535,0.0,FAIL,PRICE_TOO_LOW
BSE,STOCK,MAGENTA,Magenta Lifecare,,544188,M,MAGENTA.BO,8.180000305175781,5200.0,FAIL,PRICE_TOO_LOW
BSE,STOCK,MAGNAELQ,Magna Electro Castings,,517449,X,MAGNAELQ.BO,1396.5999755859375,4269.65,FAIL,VOLUME_TOO_LOW
BSE,STOCK,MAGNUM,Magnum Ventures,,532896,B,MAGNUM.BO,18.770000457763672,733.0,FAIL,PRICE_TOO_LOW
BSE,STOCK,MAGNUS,Magnus Steel & Infra,,517320,XT,MAGNUS.BO,22.989999771118164,48300.3,FAIL,PRICE_TOO_LOW
BSE,STOCK,MAHABANK,Bank of Maharashtra,,532525,A,MAHABANK.BO,86.33000183105469,1121156.05,PASS,PASS
BSE,STOCK,MAHACORP,Maharashtra Corporation,,505523,X,MAHACORP.BO,0.3000000119209289,647639.4,FAIL,PRICE_TOO_LOW
BSE,STOCK,MAHALIFE,Mahamaya Lifesciences,,544611,M,MAHALIFE.BO,176.0,65820.0,FAIL,VOLUME_TOO_LOW
BSE,STOCK,MAHALXSE,Mahalaxmi Seamless,,513460,Z,MAHALXSE.BO,10.0,68.5,FAIL,PRICE_TOO_LOW
BSE,STOCK,MAHAPEXLTD,Maha Rashtra Apex Corporation,,523384,B,MAHAPEXLTD.BO,55.77000045776367,3765.8,FAIL,VOLUME_TOO_LOW
BSE,STOCK,MAHASTEEL,Mahamaya Steel Industries,,513554,T,MAHASTEEL.BO,1261.699951171875,819.1,FAIL,VOLUME_TOO_LOW
BSE,STOCK,MAHAVEER,Mahaveer Infoway,,539383,Z,MAHAVEER.BO,10.449999809265137,572.2,FAIL,PRICE_TOO_LOW
BSE,STOCK,MAHEPC,Mahindra EPC Irrigation,,523754,B,MAHEPC.BO,103.0999984741211,2589.6,FAIL,VOLUME_TOO_LOW
BSE,STOCK,MAHESH,Mahesh Developers,,542677,X,MAHESH.BO,17.90999984741211,1876.6,FAIL,PRICE_TOO_LOW
BSE,STOCK,MAHIP,Mahip Industries,,542503,MT,MAHIP.BO,18.0,10800.0,FAIL,PRICE_TOO_LOW
BSE,STOCK,MAHLIFE,Mahindra Lifespaces Developers,,532313,A,MAHLIFE.BO,363.2000122070313,5765.35,FAIL,VOLUME_TOO_LOW
BSE,STOCK,MAHLOG,Mahindra Logistic,,540768,B,MAHLOG.BO,399.25,36502.8,FAIL,VOLUME_TOO_LOW
BSE,STOCK,MAHSCOOTER,Maharashtra Scooters,,500266,A,500266.BO,12977.5498046875,191.6,FAIL,VOLUME_TOO_LOW
BSE,STOCK,MAIDEN,Maiden Forgings,,543874,M,MAIDEN.BO,107.6500015258789,23200.0,FAIL,VOLUME_TOO_LOW
BSE,STOCK,MAINFRA,Maruti Infrastructure,,531540,X,MAINFRA.BO,10.859999656677246,24270.2,FAIL,PRICE_TOO_LOW
BSE,STOCK,MAITHANALL,Maithan Alloys,,590078,B,MAITHANALL.BO,1038.4000244140625,3541.8,FAIL,VOLUME_TOO_LOW
BSE,STOCK,MAITRI,Maitri Enterprises,,513430,XT,MAITRI.BO,37.75,56.2,FAIL,PRICE_TOO_LOW
BSE,STOCK,MAJESAUT,Majestic Auto,,500267,T,MAJESAUT.BO,352.1499938964844,1963.2,FAIL,VOLUME_TOO_LOW
BSE,STOCK,MAKERSL,Makers Laboratories,,506919,B,MAKERSL.BO,199.6000061035156,9216.3,FAIL,VOLUME_TOO_LOW
BSE,STOCK,MAL,Meyer Apparel,,531613,XT,MAL.BO,2.5199999809265137,11129.9,FAIL,PRICE_TOO_LOW
BSE,STOCK,MALLCOM,Mallcom,,539400,B,MALLCOM.BO,1001.9500122070312,236.15,FAIL,VOLUME_TOO_LOW
BSE,STOCK,MALPANI,Malpani Pipes & Fittings,,544351,M,MALPANI.BO,61.0,2960.0,FAIL,VOLUME_TOO_LOW
BSE,STOCK,MAMATA,Mamata Machinery,,544318,B,MAMATA.BO,402.2999877929688,3940.25,FAIL,VOLUME_TOO_LOW
BSE,STOCK,MANAKALUCO,Manaksia Aluminium Company,,539045,B,MANAKALUCO.BO,37.34999847412109,27960.6,FAIL,PRICE_TOO_LOW
BSE,STOCK,MANAKCOAT,Manaksia Coated Metals & Ind,,539046,B,MANAKCOAT.BO,120.0500030517578,18174.75,FAIL,VOLUME_TOO_LOW
BSE,STOCK,MANAKSIA,Manaksia,,532932,B,MANAKSIA.BO,59.15999984741211,2404.55,FAIL,VOLUME_TOO_LOW
BSE,STOCK,MANAKSTEEL,Manaksia Steels,,539044,B,MANAKSTEEL.BO,111.8000030517578,17816.05,FAIL,VOLUME_TOO_LOW
BSE,STOCK,MANALIPETC,Manali Petrochemicals,,500268,B,500268.BO,61.900001525878906,21098.3,FAIL,VOLUME_TOO_LOW
BSE,STOCK,MANAPPURAM,Manappuram Finance,,531213,A,MANAPPURAM.BO,336.29998779296875,240585.45,PASS,PASS
BSE,STOCK,MANAS,Manas Properties,,540402,MT,540402.BO,388.5,0.0,FAIL,VOLUME_TOO_LOW
BSE,STOCK,MANBA,Manba Finance,,544262,B,MANBA.BO,129.39999389648438,9477.65,FAIL,VOLUME_TOO_LOW
BSE,STOCK,MANCREDIT,Mangal Credit & Fincorp,,505850,B,MANCREDIT.BO,228.8999938964844,7735.45,FAIL,VOLUME_TOO_LOW
BSE,STOCK,MANGALCOMP,Mangal Compusolution,,544287,M,MANGALCOMP.BO,43.5,2250.0,FAIL,PRICE_TOO_LOW
BSE,STOCK,MANGIND,Mangalam Industrial Finance,,537800,X,MANGIND.BO,0.6100000143051147,3380782.35,FAIL,PRICE_TOO_LOW
BSE,STOCK,MANGLAM,Manglam Global Corporations,,503626,X,MANGLAM.BO,16.229999542236328,0.0,FAIL,PRICE_TOO_LOW
BSE,STOCK,MANGLMCEM,Mangalam Cement,,502157,B,502157.BO,987.75,6097.05,FAIL,VOLUME_TOO_LOW
BSE,STOCK,MANINDS,Man Industries,,513269,B,MANINDS.BO,792.9000244140625,69201.45,FAIL,VOLUME_TOO_LOW
BSE,STOCK,MANINFRA,Man Infraconstruction,,533169,B,533169.BO,101.3499984741211,149107.55,PASS,PASS
BSE,STOCK,MANIVENI,M R Maniveni Foods,,544768,M,MANIVENI.BO,28.0,24400.0,FAIL,PRICE_TOO_LOW
BSE,STOCK,MANKIND,Mankind Pharma,,543904,A,MANKIND.BO,2345.0,49500.15,FAIL,VOLUME_TOO_LOW
BSE,STOCK,MANOJJEWEL,Manoj Jewellers,,544400,M,MANOJJEWEL.BO,26.100000381469727,50009.1,FAIL,PRICE_TOO_LOW
BSE,STOCK,MANOMAY,Manomay Tex,,540396,B,MANOMAY.BO,227.0,19233.2,FAIL,VOLUME_TOO_LOW
BSE,STOCK,MANORAMA,Manorama Industries,,541974,A,MANORAMA.BO,1965.3499755859373,70469.8,FAIL,VOLUME_TOO_LOW
BSE,STOCK,MANORG,Mangalam Organics,,514418,B,MANORG.BO,490.0,954.25,FAIL,VOLUME_TOO_LOW
BSE,STOCK,MANRAJH,Manraj Housing Finance,,530537,X,MANRAJH.BO,34.0,376.25,FAIL,PRICE_TOO_LOW
BSE,STOCK,MANSIFIN,Mansi Finance,,511758,X,MANSIFIN.BO,60.0099983215332,123.15,FAIL,VOLUME_TOO_LOW
BSE,STOCK,MANTRA,Mantra Capital,,511577,X,MANTRA.BO,16.25,5886.8,FAIL,PRICE_TOO_LOW
BSE,STOCK,MANUGRAPH,Manugraph,,505324,T,505324.BO,15.279999732971191,800.75,FAIL,PRICE_TOO_LOW
BSE,STOCK,MANYAVAR,Vedant Fashions,,543463,A,MANYAVAR.BO,569.4500122070312,117700.05,PASS,PASS
BSE,STOCK,MAPMYINDIA,CE Info Systems,,543425,A,MAPMYINDIA.BO,968.5999755859376,16405.4,FAIL,VOLUME_TOO_LOW
BSE,STOCK,MAPROIN,Mapro Industries,,509762,XT,MAPROIN.BO,50.83000183105469,12171.95,FAIL,VOLUME_TOO_LOW
BSE,STOCK,MARALOVER,Maral Overseas,,521018,B,MARALOVER.BO,55.70000076293945,3707.4,FAIL,VOLUME_TOO_LOW
BSE,STOCK,MARATHON,Marathon NextGen Realty,,503101,B,MARATHON.BO,437.5,77625.2,FAIL,VOLUME_TOO_LOW
BSE,STOCK,MARBLE,Marble City,,531281,X,MARBLE.BO,106.0500030517578,43292.15,FAIL,VOLUME_TOO_LOW
BSE,STOCK,MARBU,Martin Burn,,523566,X,MARBU.BO,46.900001525878906,1975.1,FAIL,PRICE_TOO_LOW
BSE,STOCK,MARCLOIRE,Marc Loire Fashions,,544437,M,MARCLOIRE.BO,42.9900016784668,1620.0,FAIL,PRICE_TOO_LOW
BSE,STOCK,MARGOFIN,Margo Finance,,500206,X,MARGOFIN.BO,64.91000366210938,1667.2,FAIL,VOLUME_TOO_LOW
BSE,STOCK,MARIS,Maris Spinners,,531503,X,MARIS.BO,43.220001220703125,23962.55,FAIL,PRICE_TOO_LOW
BSE,STOCK,MARKOLINES,Markolines Pavement Technologies,,543364,B,MARKOLINES.BO,171.60000610351562,24154.55,FAIL,VOLUME_TOO_LOW
BSE,STOCK,MARSONS,Marsons,,517467,B,MARSONS.BO,126.25,142255.8,PASS,PASS
BSE,STOCK,MARUTI,Maruti Suzuki,,532500,A,MARUTI.BO,12705.0,27994.6,FAIL,VOLUME_TOO_LOW
BSE,STOCK,MASFIN,MAS Financial Services,,540749,B,MASFIN.BO,292.45001220703125,9534.0,FAIL,VOLUME_TOO_LOW
BSE,STOCK,MASTEK,Mastek,,523704,A,MASTEK.BO,1790.8499755859375,17066.05,FAIL,VOLUME_TOO_LOW
BSE,STOCK,MASTERTR,Master Trust,,511768,B,MASTERTR.BO,80.37999725341797,11054.15,FAIL,VOLUME_TOO_LOW
BSE,STOCK,MATRIMONY,Matrimony.com,,540704,B,MATRIMONY.BO,512.3499755859375,3456.2,FAIL,VOLUME_TOO_LOW
BSE,STOCK,MAWANASUG,Mawana Sugars,,523371,B,MAWANASUG.BO,146.1999969482422,49072.4,FAIL,VOLUME_TOO_LOW
BSE,STOCK,MAXESTATES,Max Estates,,544008,B,MAXESTATES.BO,529.5499877929688,15746.8,FAIL,VOLUME_TOO_LOW
BSE,STOCK,MAXGROW,Maxgrow,,521167,XT,MAXGROW.BO,171.14999389648438,18296.7,FAIL,VOLUME_TOO_LOW
BSE,STOCK,MAXHEALTH,Max Healthcare Institute,,543220,A,MAXHEALTH.BO,994.2000122070312,450707.6,PASS,PASS
BSE,STOCK,MAXHEIGHTS,Max Heights Infrastructure,,534338,X,MAXHEIGHTS.BO,10.899999618530272,8436.55,FAIL,PRICE_TOO_LOW
BSE,STOCK,MAXIMUS,Maximus International,,540401,X,MAXIMUS.BO,14.75,50107.75,FAIL,PRICE_TOO_LOW
BSE,STOCK,MAXIND,Max India,,543223,B,MAXIND.BO,152.39999389648438,7108.5,FAIL,VOLUME_TOO_LOW
BSE,STOCK,MAYUR,Mayur Leather Products,,531680,XT,MAYUR.BO,33.36000061035156,20709.85,FAIL,PRICE_TOO_LOW
BSE,STOCK,MAYURFL,Mayur Floorings,,531221,XT,MAYURFL.BO,18.18000030517578,507.3,FAIL,PRICE_TOO_LOW
BSE,STOCK,MAYURUNIQ,Mayur Uniquoters,,522249,B,MAYURUNIQ.BO,727.9000244140625,4508.05,FAIL,VOLUME_TOO_LOW
BSE,STOCK,MAZDA,Mazda,,523792,T,MAZDA.BO,275.04998779296875,3037.7,FAIL,VOLUME_TOO_LOW
BSE,STOCK,MAZDOCK,Mazagon Dock Shipbuilders,,543237,A,MAZDOCK.BO,2473.0,70152.85,FAIL,VOLUME_TOO_LOW
BSE,STOCK,MBECL,McNally Bharat Engineering Comp,,532629,T,MBECL.BO,246.50999450683597,202.95,FAIL,VOLUME_TOO_LOW
BSE,STOCK,MBEL,M & B Engineering,,544470,B,MBEL.BO,275.0,16889.8,FAIL,VOLUME_TOO_LOW
BSE,STOCK,MBLINFRA,MBL Infrastructures,,533152,B,MBLINFRA.BO,24.32999992370605,3165.85,FAIL,PRICE_TOO_LOW
BSE,STOCK,MCCHRLS-B,Mac Charles,,507836,B,MCCHRLS-B.BO,674.9000244140625,67.6,FAIL,VOLUME_TOO_LOW
BSE,STOCK,MCFL,Mayank Cattle Food,,544106,MT,MCFL.BO,113.0500030517578,16200.0,FAIL,VOLUME_TOO_LOW
BSE,STOCK,MCLEODRUSS,McLeod Russel,,532654,B,532654.BO,55.86000061035156,30837.55,FAIL,VOLUME_TOO_LOW
BSE,STOCK,MCLOUD,Magellanic Cloud,,538891,B,MCLOUD.BO,26.46999931335449,223634.8,FAIL,PRICE_TOO_LOW
BSE,STOCK,MCLTD,Munoth Communication,,511401,X,MCLTD.BO,6.309999942779541,227.7,FAIL,PRICE_TOO_LOW
BSE,STOCK,MCPL,Manoj Ceramic,,544073,M,MCPL.BO,87.20999908447266,4800.0,FAIL,VOLUME_TOO_LOW
BSE,STOCK,MCX,MCX,,534091,A,MCX.BO,3185.0,223959.95,PASS,PASS
BSE,STOCK,MDRC,Modern Diagnostic & Research Centre,,544673,M,MDRC.BO,48.11000061035156,21440.0,FAIL,PRICE_TOO_LOW
BSE,STOCK,MDRNSTL,Modern Steels,,513303,X,MDRNSTL.BO,13.600000381469728,2768.3,FAIL,PRICE_TOO_LOW
BSE,STOCK,MEAPL,Modern Engineering & Projects,,539762,X,MEAPL.BO,26.32999992370605,33658.9,FAIL,PRICE_TOO_LOW
BSE,STOCK,MEDANTA,Global Health,,543654,A,MEDANTA.BO,1418.8499755859375,58846.3,FAIL,VOLUME_TOO_LOW
BSE,STOCK,MEDIAONE,Mediaone Global Entertainment,,503685,Z,MEDIAONE.BO,14.770000457763672,814.55,FAIL,PRICE_TOO_LOW
BSE,STOCK,MEDIASSIST,Medi Assist Healthcare,,544088,A,MEDIASSIST.BO,343.6000061035156,6297.7,FAIL,VOLUME_TOO_LOW
BSE,STOCK,MEDICAMEQ,Medicamen Biotech,,531146,B,MEDICAMEQ.BO,260.3500061035156,2691.75,FAIL,VOLUME_TOO_LOW
BSE,STOCK,MEDICAPQ,Medi Caps,,523144,B,MEDICAPQ.BO,24.530000686645508,1742.95,FAIL,PRICE_TOO_LOW
BSE,STOCK,MEDICO,Medico Remedies,,540937,B,MEDICO.BO,39.58000183105469,13047.45,FAIL,PRICE_TOO_LOW
BSE,STOCK,MEDPLUS,Medplus Health Services,,543427,A,MEDPLUS.BO,662.7000122070312,65521.85,FAIL,VOLUME_TOO_LOW
BSE,STOCK,MEERA,Meera Industries,,540519,B,MEERA.BO,32.47999954223633,13485.8,FAIL,PRICE_TOO_LOW
BSE,STOCK,MEESHO,Meesho,,544632,B,MEESHO.BO,209.6000061035156,1911345.95,PASS,PASS
BSE,STOCK,MEFCOMCAP,Mefcom Capital Markets,,531176,X,MEFCOMCAP.BO,11.880000114440918,56068.55,FAIL,PRICE_TOO_LOW
BSE,STOCK,MEGACOR,Mega Corporation,,531417,X,MEGACOR.BO,2.6600000858306885,30463.95,FAIL,PRICE_TOO_LOW
BSE,STOCK,MEGAMONT,Megamont,,523888,X,MEGAMONT.BO,179.0500030517578,360.85,FAIL,VOLUME_TOO_LOW
BSE,STOCK,MEGASTAR,Megastar Foods,,541352,B,MEGASTAR.BO,304.0,169.2,FAIL,VOLUME_TOO_LOW
BSE,STOCK,MEGRISOFT,Megri Soft,,539012,X,MEGRISOFT.BO,77.87000274658203,400.85,FAIL,VOLUME_TOO_LOW
BSE,STOCK,MEHAI,Mehai Technology,,540730,X,MEHAI.BO,1.2400000095367432,1077377.95,FAIL,PRICE_TOO_LOW
BSE,STOCK,MEHIF,Mehta Integrated Finance,,511377,X,MEHIF.BO,29.0,64.8,FAIL,PRICE_TOO_LOW
BSE,STOCK,MEHSECU,Mehta Securities,,511738,X,MEHSECU.BO,21.030000686645508,20.0,FAIL,PRICE_TOO_LOW
BSE,STOCK,MEHUL,Mehul Colours,,544472,M,MEHUL.BO,58.0,1520.0,FAIL,VOLUME_TOO_LOW
BSE,STOCK,MEIL,Mangal Electrical Industries,,544492,B,MEIL.BO,283.70001220703125,15149.45,FAIL,VOLUME_TOO_LOW
BSE,STOCK,MENAMANI,Mena Mani Industries,,531127,XT,MENAMANI.BO,15.390000343322754,455521.3,FAIL,PRICE_TOO_LOW
BSE,STOCK,MENNPIS,Menon Pistons,,531727,B,MENNPIS.BO,74.61000061035156,11134.9,FAIL,VOLUME_TOO_LOW
BSE,STOCK,MEP,MEP Infrastructure Developers,,539126,Z,MEP.BO,0.7300000190734863,59439.3,FAIL,PRICE_TOO_LOW
BSE,STOCK,MERCANTILE,Mercantile Ventures,,538942,B,MERCANTILE.BO,25.57999992370605,32863.6,FAIL,PRICE_TOO_LOW
BSE,STOCK,MERCTRD,Mercury Trade Links,,512415,X,MERCTRD.BO,4.210000038146973,46043.45,FAIL,PRICE_TOO_LOW
BSE,STOCK,MERCURYEV,Mercury EV-Tech,,531357,B,MERCURYEV.BO,37.13999938964844,58809.6,FAIL,PRICE_TOO_LOW
BSE,STOCK,MERCURYLAB,Mercury Laboratories,,538964,X,MERCURYLAB.BO,751.0,77.0,FAIL,VOLUME_TOO_LOW
BSE,STOCK,META,String Metaverse,,534535,T,META.BO,9.34000015258789,2422526.5,FAIL,PRICE_TOO_LOW
BSE,STOCK,METAINFO,Meta Infotech,,544441,MT,METAINFO.BO,87.0199966430664,16040.0,FAIL,VOLUME_TOO_LOW
BSE,STOCK,METALCO,Metal Coatings,,531810,X,METALCO.BO,52.90999984741211,1056.9,FAIL,VOLUME_TOO_LOW
BSE,STOCK,METHODHUB,Methodhub Software,,544637,M,METHODHUB.BO,67.70999908447266,31590.0,FAIL,VOLUME_TOO_LOW
BSE,STOCK,METROBRAND,Metro Brands,,543426,A,METROBRAND.BO,916.1500244140624,21660.8,FAIL,VOLUME_TOO_LOW
BSE,STOCK,METROGLOBL,Metroglobal,,500159,B,METROGLOBL.BO,136.0,1648.8,FAIL,VOLUME_TOO_LOW
BSE,STOCK,METROPOLIS,Metropolis Healthcare,,542650,A,METROPOLIS.BO,592.25,46768.0,FAIL,VOLUME_TOO_LOW
BSE,STOCK,METSL,Maestros Electronics,,538401,X,METSL.BO,153.60000610351562,10279.55,FAIL,VOLUME_TOO_LOW
BSE,STOCK,MFLINDIA,MFL India,,526622,X,MFLINDIA.BO,0.3799999952316284,548427.55,FAIL,PRICE_TOO_LOW
BSE,STOCK,MFML,Mahalaxmi Fabric Mills,,544233,B,MFML.BO,18.059999465942383,319.55,FAIL,PRICE_TOO_LOW
BSE,STOCK,MFSINTRCRP,MFS Intercorp,,513721,X,MFSINTRCRP.BO,12.34000015258789,1039.0,FAIL,PRICE_TOO_LOW
BSE,STOCK,MFSL,Max Financial Services,,500271,A,MFSL.BO,1526.0,85721.95,FAIL,VOLUME_TOO_LOW
BSE,STOCK,MGEL,Mangalam Global Enterprise,,544273,T,MGEL.BO,14.479999542236328,12542.55,FAIL,PRICE_TOO_LOW
BSE,STOCK,MGIL,Maruti Global Industries,,531319,X,MGIL.BO,35.61000061035156,25427.75,FAIL,PRICE_TOO_LOW
BSE,STOCK,MGL,Mahanagar Gas,,539957,A,MGL.BO,1066.25,63393.7,FAIL,VOLUME_TOO_LOW
BSE,STOCK,MHEL,Mewar Hi-Tech Engineering,,540150,MT,MHEL.BO,60.79999923706055,300.0,FAIL,VOLUME_TOO_LOW
BSE,STOCK,MHLXMIRU,Mahalaxmi Rubtech,,514450,T,MHLXMIRU.BO,169.10000610351562,3026.25,FAIL,VOLUME_TOO_LOW
BSE,STOCK,MHRIL,Mahindra Holidays,,533088,B,MHRIL.BO,207.8500061035156,6821.7,FAIL,VOLUME_TOO_LOW
BSE,STOCK,MHSGRMS,Mahasagar Travels,,526795,ZP,MHSGRMS.BO,6.289999961853027,35.0,FAIL,PRICE_TOO_LOW
BSE,STOCK,MICEL,MIC Electronics,,532850,T,MICEL.BO,37.31999969482422,52484.05,FAIL,PRICE_TOO_LOW
BSE,STOCK,MIDEASTP,Mid East Portfolio Management,,526251,XT,MIDEASTP.BO,35.5,10385.85,FAIL,PRICE_TOO_LOW
BSE,STOCK,MIDHANI,Mishra Dhatu Nigam,,541195,A,MIDHANI.BO,416.3999938964844,112625.65,PASS,PASS
BSE,STOCK,MIDINDIA,Mid India Industries,,500277,X,MIDINDIA.BO,5.599999904632568,3999.25,FAIL,PRICE_TOO_LOW
BSE,STOCK,MIDWESTLTD,Midwest,,544587,B,MIDWESTLTD.BO,1057.25,1483.75,FAIL,VOLUME_TOO_LOW
BSE,STOCK,MIHIKA,Mihika Industries,,538895,X,MIHIKA.BO,10.81999969482422,11695.15,FAIL,PRICE_TOO_LOW
BSE,STOCK,MIIL,Meghna Infracon Infrastructure,,538668,B,MIIL.BO,720.0499877929688,35874.2,FAIL,VOLUME_TOO_LOW
BSE,STOCK,MIL,Medico Intercontinental,,539938,X,MIL.BO,25.68000030517578,1970.6,FAIL,PRICE_TOO_LOW
BSE,STOCK,MILEFUR,Milestone Furniture,,541337,MT,MILEFUR.BO,23.959999084472656,31650.0,FAIL,PRICE_TOO_LOW
BSE,STOCK,MILESTONE,Milestone Global,,531338,X,MILESTONE.BO,18.13999938964844,101.7,FAIL,PRICE_TOO_LOW
BSE,STOCK,MILLENNIUM,Millennium Online Solutions,,511187,X,MILLENNIUM.BO,1.7000000476837158,693.5,FAIL,PRICE_TOO_LOW
BSE,STOCK,MILLWORKS,Millworks Technologies,,544826,M,MILLWORKS.BO,985.0999755859376,169180.0,PASS,PASS
BSE,STOCK,MINALIND,Minal Industries,,522235,T,MINALIND.BO,5.099999904632568,45452.9,FAIL,PRICE_TOO_LOW
BSE,STOCK,MINAXI,Minaxi Textiles,,531456,X,MINAXI.BO,1.350000023841858,12467.55,FAIL,PRICE_TOO_LOW
BSE,STOCK,MINDACORP,Minda Corporation,,538962,A,MINDACORP.BO,705.7000122070312,46572.35,FAIL,VOLUME_TOO_LOW
BSE,STOCK,MINDTECK,Mindteck,,517344,B,MINDTECK.BO,168.8000030517578,2870.45,FAIL,VOLUME_TOO_LOW
BSE,STOCK,MINID,Mini Diamonds,,523373,X,MINID.BO,4.53000020980835,246711.4,FAIL,PRICE_TOO_LOW
BSE,STOCK,MIRZAINT,Mirza International,,526642,B,MIRZAINT.BO,30.979999542236328,12360.9,FAIL,PRICE_TOO_LOW
BSE,STOCK,MISHDESIGN,Mish Designs,,544015,M,MISHDESIGN.BO,37.150001525878906,1875.0,FAIL,PRICE_TOO_LOW
BSE,STOCK,MISHKA,Mishka Exim,,539220,X,MISHKA.BO,42.79999923706055,1579.1,FAIL,PRICE_TOO_LOW
BSE,STOCK,MISHTANN,Mishtann Foods,,539594,X,MISHTANN.BO,3.309999942779541,1018139.8,FAIL,PRICE_TOO_LOW
BSE,STOCK,MISQUITA,Misquita Engineering,,542801,M,MISQUITA.BO,55.34000015258789,2250.0,FAIL,VOLUME_TOO_LOW
BSE,STOCK,MITSHI,Mitshi,,523782,X,MITSHI.BO,14.279999732971191,39608.95,FAIL,PRICE_TOO_LOW
BSE,STOCK,MITSU,Mitsu Chem Plast,,540078,X,MITSU.BO,179.39999389648438,45109.3,FAIL,VOLUME_TOO_LOW
BSE,STOCK,MITTALSTL,Mittal Sections,,544575,M,MITTALSTL.BO,27.690000534057617,4400.0,FAIL,PRICE_TOO_LOW
BSE,STOCK,MIVENMACH,Miven Machine Tools,,522036,X,MIVENMACH.BO,59.0,483.45,FAIL,VOLUME_TOO_LOW
BSE,STOCK,MIZVEN,Mizzen Ventures,,531537,XT,MIZVEN.BO,39.209999084472656,48108.35,FAIL,PRICE_TOO_LOW
BSE,STOCK,MKEXIM,MK Exim,,538890,B,MKEXIM.BO,61.0,18858.2,FAIL,VOLUME_TOO_LOW
BSE,STOCK,MKPL,MK Proteins,,543919,B,MKPL.BO,4.079999923706055,17256.7,FAIL,PRICE_TOO_LOW
BSE,STOCK,MKPMOB,MKP Mobility,,521244,X,MKPMOB.BO,154.9499969482422,224.7,FAIL,VOLUME_TOO_LOW
BSE,STOCK,MKTCREAT,Market Creators,,526891,X,MKTCREAT.BO,15.220000267028809,202.95,FAIL,PRICE_TOO_LOW
BSE,STOCK,MKVENTURES,MK Ventures Capital,,514238,X,MKVENTURES.BO,983.75,968.9,FAIL,VOLUME_TOO_LOW
BSE,STOCK,MLINDLTD,M Lakhamsi Industries,,512153,XT,MLINDLTD.BO,11.06999969482422,0.0,FAIL,PRICE_TOO_LOW
BSE,STOCK,MLKFOOD,Milkfood,,507621,B,MLKFOOD.BO,83.0,17021.1,FAIL,VOLUME_TOO_LOW
BSE,STOCK,MMFL,MM Forgings,,522241,B,MMFL.BO,642.2999877929688,10456.5,FAIL,VOLUME_TOO_LOW
BSE,STOCK,MMLF,Money Masters Leasing & Finance,,535910,B,MMLF.BO,0.6499999761581421,34803.1,FAIL,PRICE_TOO_LOW
BSE,STOCK,MMRUBBR-B,MM Rubber Company,,509196,X,MMRUBBR-B.BO,58.0,5347.2,FAIL,VOLUME_TOO_LOW
BSE,STOCK,MMTC,MMTC,,513377,B,MMTC.BO,62.27999877929688,200753.0,PASS,PASS
BSE,STOCK,MMWL,Media Matrix Worldwide,,512267,B,MMWL.BO,14.489999771118164,26506.1,FAIL,PRICE_TOO_LOW
BSE,STOCK,MNFL,Mother Nutri Foods,,544623,M,MNFL.BO,160.0,1920.0,FAIL,VOLUME_TOO_LOW
BSE,STOCK,MNIL,Mega Nirman & Industries,,539767,X,MNIL.BO,30.290000915527344,10562.85,FAIL,PRICE_TOO_LOW
BSE,STOCK,MNPLFIN,Manipal Finance,,507938,P,MNPLFIN.BO,16.809999465942383,55.0,FAIL,PRICE_TOO_LOW
BSE,STOCK,MOBAVENUE,Mobavenue AI Tech,,539682,X,MOBAVENUE.BO,302.1000061035156,56557.5,FAIL,VOLUME_TOO_LOW
BSE,STOCK,MOBIKWIK,One Mobikwik Systems,,544305,B,MOBIKWIK.BO,190.3000030517578,55284.1,FAIL,VOLUME_TOO_LOW
BSE,STOCK,MODAIRY,Modern Dairies,,519287,X,MODAIRY.BO,35.369998931884766,39573.3,FAIL,PRICE_TOO_LOW
BSE,STOCK,MODINATUR,Modi Naturals,,519003,B,MODINATUR.BO,337.29998779296875,1401.2,FAIL,VOLUME_TOO_LOW
BSE,STOCK,MODINSU,Modern Insulators,,515008,XT,MODINSU.BO,430.1000061035156,63880.85,FAIL,VOLUME_TOO_LOW
BSE,STOCK,MODIPON,Modipon,,503776,X,MODIPON.BO,43.04999923706055,239.75,FAIL,PRICE_TOO_LOW
BSE,STOCK,MODIRUBBER,Modi Rubber,,500890,B,500890.BO,126.5,89.9,FAIL,VOLUME_TOO_LOW
BSE,STOCK,MODIS,Modi's Navnirman,,543539,B,MODIS.BO,378.8999938964844,4462.25,FAIL,VOLUME_TOO_LOW
BSE,STOCK,MODISONLTD,Modison,,506261,B,MODISONLTD.BO,494.2999877929688,54808.8,FAIL,VOLUME_TOO_LOW
BSE,STOCK,MODMA,Modern Malleables,,517336,P,MODMA.BO,44.150001525878906,1100.0,FAIL,PRICE_TOO_LOW
BSE,STOCK,MODRNSH,Modern Shares & Stockbrokers,,509760,X,MODRNSH.BO,35.2599983215332,1078.05,FAIL,PRICE_TOO_LOW
BSE,STOCK,MODTHREAD,Modern Threads,,500282,B,MODTHREAD.BO,57.9900016784668,1720.65,FAIL,VOLUME_TOO_LOW
BSE,STOCK,MODULEX,Modulex Construction,,504273,Z,MODULEX.BO,15.760000228881836,19612.0,FAIL,PRICE_TOO_LOW
BSE,STOCK,MODWOOL,Modella Woollens,,503772,X,MODWOOL.BO,71.0,20.5,FAIL,VOLUME_TOO_LOW
BSE,STOCK,MOHITE,Mohite Industries,,532140,B,MOHITE.BO,2.8299999237060547,52962.6,FAIL,PRICE_TOO_LOW
BSE,STOCK,MOHITIND,Mohit Industries,,531453,B,MOHITIND.BO,24.450000762939453,2955.05,FAIL,PRICE_TOO_LOW
BSE,STOCK,MOHITPPR,Mohit Paper Mills,,530169,X,MOHITPPR.BO,26.739999771118164,861.9,FAIL,PRICE_TOO_LOW
BSE,STOCK,MOIL,MOIL,,533286,A,MOIL.BO,250.8999938964844,56868.25,FAIL,VOLUME_TOO_LOW
BSE,STOCK,MOL,Meghmani Organics,,543331,B,MOL.BO,67.41999816894531,187061.35,PASS,PASS
BSE,STOCK,MOLDTECH,Mold-Tek Technologies,,526263,T,MOLDTECH.BO,210.3500061035156,12427.3,FAIL,VOLUME_TOO_LOW
BSE,STOCK,MOLDTKPAC,Mold-Tek Packaging,,533080,B,MOLDTKPAC.BO,700.0999755859375,4993.1,FAIL,VOLUME_TOO_LOW
BSE,STOCK,MONARCH,Monarch Networth Capital,,511551,B,MONARCH.BO,383.3500061035156,6636.45,FAIL,VOLUME_TOO_LOW
BSE,STOCK,MONEYBOXX,Moneyboxx Finance,,538446,B,MONEYBOXX.BO,57.2400016784668,6055.4,FAIL,VOLUME_TOO_LOW
BSE,STOCK,MONGIPA,Moongipa Capital Finance,,530167,XT,MONGIPA.BO,19.0,27486.1,FAIL,PRICE_TOO_LOW
BSE,STOCK,MONIKA,Monika Alcobev,,544451,M,MONIKA.BO,162.0,33500.0,FAIL,VOLUME_TOO_LOW
BSE,STOCK,MONIND,Monind,,532078,X,MONIND.BO,19.950000762939453,107.45,FAIL,PRICE_TOO_LOW
BSE,STOCK,MONOT,Monotype,,505343,X,MONOT.BO,0.3000000119209289,1211499.15,FAIL,PRICE_TOO_LOW
BSE,STOCK,MONTECARLO,Monte Carlo Fashions,,538836,B,MONTECARLO.BO,564.5999755859375,4938.4,FAIL,VOLUME_TOO_LOW
BSE,STOCK,MORARKFI,Morarka Finance,,511549,X,MORARKFI.BO,67.75,1050.4,FAIL,VOLUME_TOO_LOW
BSE,STOCK,MORGAN,Morgan Ventures,,526237,X,MORGAN.BO,45.79999923706055,1887.0,FAIL,PRICE_TOO_LOW
BSE,STOCK,MOSCHIP,Moschip Technologies,,532407,A,MOSCHIP.BO,213.5,178142.2,PASS,PASS
BSE,STOCK,MOTHERSON,Samvardhana Motherson International,,517334,A,MOTHERSON.BO,162.4499969482422,914003.05,PASS,PASS
BSE,STOCK,MOTILALOFS,Motilal Oswal Financial Services,,532892,A,MOTILALOFS.BO,1016.0,86202.3,FAIL,VOLUME_TOO_LOW
BSE,STOCK,MOTISONS,Motisons Jewellers,,544053,B,MOTISONS.BO,15.399999618530272,2382836.6,FAIL,PRICE_TOO_LOW
BSE,STOCK,MOTOGENFIN,Motor & General Finance,,501343,T,501343.BO,27.450000762939453,1265.45,FAIL,PRICE_TOO_LOW
BSE,STOCK,MOUNT,Mount Housing & Infrastructure,,542864,XT,542864.BO,31.46999931335449,0.0,FAIL,PRICE_TOO_LOW
BSE,STOCK,MPAGI,MP Agro Industries,,506543,XT,MPAGI.BO,9.270000457763672,692.6,FAIL,PRICE_TOO_LOW
BSE,STOCK,MPDL,MPDL,,532723,T,MPDL.BO,35.5,1477.4,FAIL,PRICE_TOO_LOW
BSE,STOCK,MPFSL,MPF Systems,,532470,XT,MPFSL.BO,5.760000228881836,2.35,FAIL,PRICE_TOO_LOW
BSE,STOCK,MPHASIS,Mphasis,,526299,A,MPHASIS.BO,2457.050048828125,53499.75,FAIL,VOLUME_TOO_LOW
BSE,STOCK,MPILCORPL,MPIL Corporation,,500450,XT,MPILCORPL.BO,479.1000061035156,14.4,FAIL,VOLUME_TOO_LOW
BSE,STOCK,MPKSTEELS,M P K Steels,,544553,M,MPKSTEELS.BO,98.0,14080.0,FAIL,VOLUME_TOO_LOW
BSE,STOCK,MPL,MPL Plastics,,526143,X,MPL.BO,7.099999904632568,11327.7,FAIL,PRICE_TOO_LOW
BSE,STOCK,MPSLTD,MPS,,532440,B,MPSLTD.BO,2628.050048828125,2131.1,FAIL,VOLUME_TOO_LOW
BSE,STOCK,MRCAGRO,MRC Agrotech,,540809,B,MRCAGRO.BO,26.709999084472656,94156.9,FAIL,PRICE_TOO_LOW
BSE,STOCK,MRP,MRP Agro,,543262,M,MRP.BO,88.0,10650.0,FAIL,VOLUME_TOO_LOW
BSE,STOCK,MRTX,Merritronix,,544773,M,MRTX.BO,315.6499938964844,143750.0,PASS,PASS
BSE,STOCK,MRUTR,Mrugesh Trading,,512065,XT,MRUTR.BO,110.75,40593.95,FAIL,VOLUME_TOO_LOW
BSE,STOCK,MSAFE,Msafe Equipments,,544695,MT,MSAFE.BO,250.6499938964844,47200.0,FAIL,VOLUME_TOO_LOW
BSE,STOCK,MSCTC,MSCTC,,513544,XT,MSCTC.BO,51.0,8629.6,FAIL,VOLUME_TOO_LOW
BSE,STOCK,MSECL,Monarch Surveyors & Engg. Consultants,,544453,M,MSECL.BO,263.0,13590.0,FAIL,VOLUME_TOO_LOW
BSE,STOCK,MSL,Mangalam Seeds,,539275,B,MSL.BO,136.0,586.25,FAIL,VOLUME_TOO_LOW
BSE,STOCK,MSLGLOBAL,MSL Global,,511000,X,MSLGLOBAL.BO,17.40999984741211,36638.2,FAIL,PRICE_TOO_LOW
BSE,STOCK,MSPL,MSP Steel & Power,,532650,B,532650.BO,36.4900016784668,59308.8,FAIL,PRICE_TOO_LOW
BSE,STOCK,MSTCLTD,MSTC,,542597,B,MSTCLTD.BO,744.2999877929688,20975.85,FAIL,VOLUME_TOO_LOW
BSE,STOCK,MSUMI,Motherson Sumi Wiring,,543498,A,MSUMI.BO,37.0099983215332,1340745.9,FAIL,PRICE_TOO_LOW
BSE,STOCK,MTARTECH,MTAR Technologies,,543270,T,MTARTECH.BO,6808.9501953125,7345.25,FAIL,VOLUME_TOO_LOW
BSE,STOCK,MTEDUCARE,MT Educare,,534312,T,MTEDUCARE.BO,1.7699999809265137,2792.2,FAIL,PRICE_TOO_LOW
BSE,STOCK,MTL,Mehul Telecom,,544751,M,MTL.BO,107.0,18300.0,FAIL,VOLUME_TOO_LOW
BSE,STOCK,MTPL,Marg Techno Projects,,540254,XT,MTPL.BO,9.380000114440918,269586.3,FAIL,PRICE_TOO_LOW
BSE,STOCK,MUDRA,Mudra Financial Services,,539819,X,MUDRA.BO,4.730000019073486,0.0,FAIL,PRICE_TOO_LOW
BSE,STOCK,MUFIN,Mufin Green Finance,,542774,B,MUFIN.BO,137.10000610351562,45567.25,FAIL,VOLUME_TOO_LOW
BSE,STOCK,MUFTI,Credo Brands Marketing (Mufti),,544058,B,MUFTI.BO,73.18000030517578,11382.4,FAIL,VOLUME_TOO_LOW
BSE,STOCK,MUKATPIP,Mukat Pipes,,523832,XT,MUKATPIP.BO,15.989999771118164,1971.6,FAIL,PRICE_TOO_LOW
BSE,STOCK,MUKESHB,Mukesh Babu Financial Services,,530341,B,MUKESHB.BO,134.0,2078.5,FAIL,VOLUME_TOO_LOW
BSE,STOCK,MUKKA,Mukka Proteins,,544135,B,MUKKA.BO,28.65999984741211,95909.0,FAIL,PRICE_TOO_LOW
BSE,STOCK,MUKTA,Mukta Agriculture,,535204,X,MUKTA.BO,3.539999961853028,14162.85,FAIL,PRICE_TOO_LOW
BSE,STOCK,MUKTAARTS,Mukta Arts,,532357,T,MUKTAARTS.BO,56.54999923706055,180.6,FAIL,VOLUME_TOO_LOW
BSE,STOCK,MUL,Mauria Udyog,,539219,X,MUL.BO,7.610000133514404,42299.1,FAIL,PRICE_TOO_LOW
BSE,STOCK,MULLER,Muller & Phipps,,501477,X,MULLER.BO,213.6499938964844,61.25,FAIL,VOLUME_TOO_LOW
BSE,STOCK,MULTIBASE,Multibase,,526169,X,MULTIBASE.BO,178.3000030517578,8779.4,FAIL,VOLUME_TOO_LOW
BSE,STOCK,MUNCAPM,Munoth Capital Markets,,511200,XT,MUNCAPM.BO,99.75,0.65,FAIL,VOLUME_TOO_LOW
BSE,STOCK,MUNJALSHOW,Munjal Showa,,520043,B,520043.BO,135.5500030517578,3106.2,FAIL,VOLUME_TOO_LOW
BSE,STOCK,MUNOTHFI,Munoth Financial Services,,531821,XT,MUNOTHFI.BO,56.619998931884766,145.3,FAIL,VOLUME_TOO_LOW
BSE,STOCK,MURUDCERA,Murudeshwar Ceramics,,515037,B,MURUDCERA.BO,30.11000061035156,2170.5,FAIL,PRICE_TOO_LOW
BSE,STOCK,MUTHOOTCAP,Muthoot Capital Services,,511766,B,MUTHOOTCAP.BO,245.0,1267.0,FAIL,VOLUME_TOO_LOW
BSE,STOCK,MUTHOOTFIN,Muthoot Finance,,533398,A,MUTHOOTFIN.BO,2935.0,76820.65,FAIL,VOLUME_TOO_LOW
BSE,STOCK,MUTHOOTMF,Muthoot Microfin,,544055,B,MUTHOOTMF.BO,207.0500030517578,34134.8,FAIL,VOLUME_TOO_LOW
BSE,STOCK,MVGJL,Manoj Vaibhav Gems,,543995,B,MVGJL.BO,169.60000610351562,8349.75,FAIL,VOLUME_TOO_LOW
BSE,STOCK,MWL,Mangalam Worldwide,,544764,B,MWL.BO,38.970001220703125,22626.9,FAIL,PRICE_TOO_LOW
BSE,STOCK,MYMONEY,My Money Securities,,538862,X,MYMONEY.BO,35.0,1129.3,FAIL,PRICE_TOO_LOW
BSE,STOCK,MYSORPETRO,Mysore Petro Chemicals,,506734,T,MYSORPETRO.BO,123.8499984741211,13531.85,FAIL,VOLUME_TOO_LOW
BSE,STOCK,MYSTICELE,Mystic Electronics,,535205,X,MYSTICELE.BO,3.5799999237060547,14432.75,FAIL,PRICE_TOO_LOW
BSE,STOCK,NACDAC,NACDAC Infrastructure,,544313,M,NACDAC.BO,24.38999938964844,5200.0,FAIL,PRICE_TOO_LOW
BSE,STOCK,NACLIND,NACL Industries,,524709,B,NACLIND.BO,166.60000610351562,34470.2,FAIL,VOLUME_TOO_LOW
BSE,STOCK,NAGPI,Nagpur Power & Industries,,532362,X,NAGPI.BO,200.5,10385.45,FAIL,VOLUME_TOO_LOW
BSE,STOCK,NAGREEKCAP,Nagreeka Capital & Infrastructure,,532895,B,NAGREEKCAP.BO,22.459999084472656,429.05,FAIL,PRICE_TOO_LOW
BSE,STOCK,NAGREEKEXP,Nagreeka Exports,,521109,B,NAGREEKEXP.BO,21.46999931335449,90611.75,FAIL,PRICE_TOO_LOW
BSE,STOCK,NAGTECH,Nagarjuna Agri Tech,,531832,X,NAGTECH.BO,41.400001525878906,3300.5,FAIL,PRICE_TOO_LOW
BSE,STOCK,NAHARCAP,Nahar Capital & Financial Services,,532952,B,NAHARCAP.BO,263.0,629.95,FAIL,VOLUME_TOO_LOW
BSE,STOCK,NAHARINDUS,Nahar Industrial Enterprises,,519136,B,NAHARINDUS.BO,137.0,5634.5,FAIL,VOLUME_TOO_LOW
BSE,STOCK,NAHARPOLY,Nahar Poly Films,,523391,B,NAHARPOLY.BO,245.0,855.5,FAIL,VOLUME_TOO_LOW
BSE,STOCK,NAHARSPING,Nahar Spinning Mills,,500296,B,500296.BO,286.5,669.55,FAIL,VOLUME_TOO_LOW
BSE,STOCK,NAKSH,Naksh Precious Metals,,539402,Z,NAKSH.BO,4.099999904632568,7477.25,FAIL,PRICE_TOO_LOW
BSE,STOCK,NAM,Nam Securities,,538395,XT,NAM.BO,79.75,91.1,FAIL,VOLUME_TOO_LOW
BSE,STOCK,NAM-INDIA,Nippon Life India AMC,,540767,A,NAM-INDIA.BO,1163.0,81745.95,FAIL,VOLUME_TOO_LOW
BSE,STOCK,NANTA,Nanta Tech,,544668,M,NANTA.BO,309.1000061035156,17070.0,FAIL,VOLUME_TOO_LOW
BSE,STOCK,NAPEROL,Naperol Investments,,500298,X,NAPEROL.BO,681.0999755859375,1569.6,FAIL,VOLUME_TOO_LOW
BSE,STOCK,NAPL,Naturite Agro Products,,538926,X,NAPL.BO,197.1000061035156,7776.75,FAIL,VOLUME_TOO_LOW
BSE,STOCK,NAPSGLOBAL,NAPS Global,,544373,M,NAPSGLOBAL.BO,60.0,7600.0,FAIL,VOLUME_TOO_LOW
BSE,STOCK,NARMADA,Narmada Agrobase,,543643,B,NARMADA.BO,13.6899995803833,55026.75,FAIL,PRICE_TOO_LOW
BSE,STOCK,NARMADESH,Narmadesh Brass Industries,,544680,M,NARMADESH.BO,317.29998779296875,1584.0,FAIL,VOLUME_TOO_LOW
BSE,STOCK,NARMP,Narmada Macplast Drip Irrigation,,517431,X,NARMP.BO,23.65999984741211,139966.95,FAIL,PRICE_TOO_LOW
BSE,STOCK,NARPROP,Narendra Properties,,531416,X,NARPROP.BO,38.790000915527344,415.45,FAIL,PRICE_TOO_LOW
BSE,STOCK,NATCAPSUQ,Natural Capsules,,524654,T,NATCAPSUQ.BO,226.0500030517578,10203.2,FAIL,VOLUME_TOO_LOW
BSE,STOCK,NATCOPHARM,Natco Pharma,,524816,A,524816.BO,945.75,55993.4,FAIL,VOLUME_TOO_LOW
BSE,STOCK,NATFIT,National Fittings,,531289,X,NATFIT.BO,223.5,43578.95,FAIL,VOLUME_TOO_LOW
BSE,STOCK,NATGENI,National General Industries,,531651,X,NATGENI.BO,58.0,149.95,FAIL,VOLUME_TOO_LOW
BSE,STOCK,NATHBIOGEN,Nath Bio-Genes,,537291,B,NATHBIOGEN.BO,153.9499969482422,1021.7,FAIL,VOLUME_TOO_LOW
BSE,STOCK,NATHIND,Nath Industries,,502587,X,NATHIND.BO,49.0,4839.65,FAIL,PRICE_TOO_LOW
BSE,STOCK,NATHUEC,Natura Hue Chem,,531834,XT,NATHUEC.BO,38.7400016784668,2048.1,FAIL,PRICE_TOO_LOW
BSE,STOCK,NATIONALUM,NALCO,,532234,A,NATIONALUM.BO,373.5,380788.25,PASS,PASS
BSE,STOCK,NATIONSTD,National Standard,,504882,B,NATIONSTD.BO,104.5,16268.3,FAIL,VOLUME_TOO_LOW
BSE,STOCK,NATPLAS,National Plastic Industries,,526616,X,NATPLAS.BO,40.0,3074.55,FAIL,PRICE_TOO_LOW
BSE,STOCK,NATPLASTI,National Plastic Technologies,,531287,X,NATPLASTI.BO,223.0,1018.2,FAIL,VOLUME_TOO_LOW
BSE,STOCK,NATPLY,National Plywood,,516062,Z,NATPLY.BO,2.5999999046325684,2003.7,FAIL,PRICE_TOO_LOW
BSE,STOCK,NATRAJPR,Natraj Proteins,,530119,X,NATRAJPR.BO,40.630001068115234,2630.3,FAIL,PRICE_TOO_LOW
BSE,STOCK,NATURAL,Natural Biocon,,543207,X,NATURAL.BO,3.5199999809265137,140680.45,FAIL,PRICE_TOO_LOW
BSE,STOCK,NAUKRI,Info Edge,,532777,A,NAUKRI.BO,1331.199951171875,92542.75,FAIL,VOLUME_TOO_LOW
BSE,STOCK,NAVA,Nava,,513023,A,NAVA.BO,557.0999755859375,19355.6,FAIL,VOLUME_TOO_LOW
BSE,STOCK,NAVIGANT,Navigant Corporate Advisors,,539521,MT,NAVIGANT.BO,76.75,0.0,FAIL,VOLUME_TOO_LOW
BSE,STOCK,NAVINFLUOR,Navin Fluorine International,,532504,A,NAVINFLUOR.BO,8697.2001953125,8776.8,FAIL,VOLUME_TOO_LOW
BSE,STOCK,NAVKARCORP,Navkar Corporation,,539332,B,NAVKARCORP.BO,97.27999877929688,20834.4,FAIL,VOLUME_TOO_LOW
BSE,STOCK,NAVKARURB,Navkar Urbanstructure,,531494,T,NAVKARURB.BO,0.8999999761581421,70895.25,FAIL,PRICE_TOO_LOW
BSE,STOCK,NAVNETEDUL,Navneet Education,,508989,B,NAVNETEDUL.BO,131.9499969482422,4536.85,FAIL,VOLUME_TOO_LOW
BSE,STOCK,NAZARA,Nazara Technologies,,543280,A,NAZARA.BO,366.25,68754.35,FAIL,VOLUME_TOO_LOW
BSE,STOCK,NBCC,NBCC,,534309,A,NBCC.BO,86.55000305175781,393843.05,PASS,PASS
BSE,STOCK,NBFOOT,NB Footwear,,523242,P,NBFOOT.BO,2.970000028610229,23595.0,FAIL,PRICE_TOO_LOW
BSE,STOCK,NBL,Naapbooks,,543351,TS,NBL.BO,141.10000610351562,5460.0,FAIL,VOLUME_TOO_LOW
BSE,STOCK,NCC,NCC,,500294,A,500294.BO,139.64999389648438,177441.35,PASS,PASS
BSE,STOCK,NCCBLUE,NCC Blue Water Products,,519506,P,NCCBLUE.BO,22.56999969482422,355.0,FAIL,PRICE_TOO_LOW
BSE,STOCK,NCLRESE,NCL Research & Financial Services,,530557,XT,NCLRESE.BO,0.699999988079071,2284946.25,FAIL,PRICE_TOO_LOW
BSE,STOCK,NCML,Nilachal Carbo Metalicks,,544510,M,NCML.BO,115.16999816894533,30800.0,FAIL,VOLUME_TOO_LOW
BSE,STOCK,NDASEC,NDA Securities,,511535,X,NDASEC.BO,26.26000022888184,723.2,FAIL,PRICE_TOO_LOW
BSE,STOCK,NDL,Nandan Denim,,532641,B,NDL.BO,2.8299999237060547,521518.6,FAIL,PRICE_TOO_LOW
BSE,STOCK,NDLVENTURE,NDL Ventures,,500189,B,NDLVENTURE.BO,122.3000030517578,677.35,FAIL,VOLUME_TOO_LOW
BSE,STOCK,NDRAUTO,NDR Auto Components,,543214,B,NDRAUTO.BO,725.0999755859375,2391.65,FAIL,VOLUME_TOO_LOW
BSE,STOCK,NDTV,New Delhi Television (NDTV),,532529,B,NDTV.BO,70.63999938964844,11248.15,FAIL,VOLUME_TOO_LOW
BSE,STOCK,NEAGI,Neelamalai Agro Industries,,508670,B,NEAGI.BO,3370.0,41.75,FAIL,VOLUME_TOO_LOW
BSE,STOCK,NECCLTD,North Eastern Carrying Corp.,,534615,T,NECCLTD.BO,17.65999984741211,8246.7,FAIL,PRICE_TOO_LOW
BSE,STOCK,NEELKAN,Neelkanth Rockminerals,,531049,Z,NEELKAN.BO,57.33000183105469,2171.4,FAIL,VOLUME_TOO_LOW
BSE,STOCK,NEELKANTH,Neelkanth,,512565,X,NEELKANTH.BO,34.13999938964844,472.95,FAIL,PRICE_TOO_LOW
BSE,STOCK,NEERAJ,Neeraj Paper Marketing,,539409,X,NEERAJ.BO,19.0,118.4,FAIL,PRICE_TOO_LOW
BSE,STOCK,NEETUYOSHI,Neetu Yoshi,,544434,MT,NEETUYOSHI.BO,177.5,74040.0,FAIL,VOLUME_TOO_LOW
BSE,STOCK,NEIL,Neil Industries,,539016,X,NEIL.BO,6.699999809265137,4945.25,FAIL,PRICE_TOO_LOW
BSE,STOCK,NELCAST,Nelcast,,532864,B,NELCAST.BO,118.5500030517578,8104.2,FAIL,VOLUME_TOO_LOW
BSE,STOCK,NELCO,NELCO,,504112,B,NELCO.BO,933.5999755859376,30493.1,FAIL,VOLUME_TOO_LOW
BSE,STOCK,NEOGEN,Neogen Chemicals,,542665,B,NEOGEN.BO,2139.14990234375,9480.2,FAIL,VOLUME_TOO_LOW
BSE,STOCK,NEOINFRA,Neo Infracon,,514332,X,NEOINFRA.BO,40.0099983215332,4322.45,FAIL,PRICE_TOO_LOW
BSE,STOCK,NEPHROPLUS,Nephrocare Health Services,,544647,B,NEPHROPLUS.BO,706.8499755859375,12658.9,FAIL,VOLUME_TOO_LOW
BSE,STOCK,NEPLOG,Neptune Logitek,,544663,MT,NEPLOG.BO,36.0,7800.0,FAIL,PRICE_TOO_LOW
BSE,STOCK,NESCO,Nesco,,505355,A,NESCO.BO,1045.449951171875,3426.25,FAIL,VOLUME_TOO_LOW
BSE,STOCK,NESTLEIND,Nestle,,500790,A,500790.BO,1427.9000244140625,74800.9,FAIL,VOLUME_TOO_LOW
BSE,STOCK,NETLINK,Netlink Solutions,,509040,X,NETLINK.BO,163.10000610351562,618.0,FAIL,VOLUME_TOO_LOW
BSE,STOCK,NETPIX,Net Pix Shorts Digital Media,,543247,TS,NETPIX.BO,33.599998474121094,0.0,FAIL,PRICE_TOO_LOW
BSE,STOCK,NETTLINX,Nettlinx,,511658,X,NETTLINX.BO,11.470000267028809,36945.1,FAIL,PRICE_TOO_LOW
BSE,STOCK,NETWEB,Netweb Technologies,,543945,A,NETWEB.BO,5272.64990234375,207221.9,PASS,PASS
BSE,STOCK,NETWORK18,Network18 Media & Investments,,532798,A,NETWORK18.BO,27.59000015258789,288294.5,FAIL,PRICE_TOO_LOW
BSE,STOCK,NEUEON,Neueon Corporation,,532887,T,NEUEON.BO,11.020000457763672,15785.2,FAIL,PRICE_TOO_LOW
BSE,STOCK,NEULANDLAB,Neuland Laboratories,,524558,A,NEULANDLAB.BO,22920.599609375,2485.7,FAIL,VOLUME_TOO_LOW
BSE,STOCK,NEWGEN,Newgen Software Technologies,,540900,A,NEWGEN.BO,517.6500244140625,92129.1,FAIL,VOLUME_TOO_LOW
BSE,STOCK,NEWINFRA,Newtime Infrastructure,,531959,X,NEWINFRA.BO,1.940000057220459,86894.75,FAIL,PRICE_TOO_LOW
BSE,STOCK,NEWLIGHT,New Light Industries,,540243,XT,NEWLIGHT.BO,1.440000057220459,496885.55,FAIL,PRICE_TOO_LOW
BSE,STOCK,NEWMKTAVE,New Markets Avenue,,508867,XT,NEWMKTAVE.BO,67.05000305175781,1.0,FAIL,VOLUME_TOO_LOW
BSE,STOCK,NEWTRAC,Markobenz Ventures,,514060,XT,NEWTRAC.BO,4.070000171661377,70182.65,FAIL,PRICE_TOO_LOW
BSE,STOCK,NEXOME,Nexome Capital Markets,,508905,XT,NEXOME.BO,104.9499969482422,2105.7,FAIL,VOLUME_TOO_LOW
BSE,STOCK,NEXTMEDIA,Next Mediaworks,,532416,B,NEXTMEDIA.BO,4.019999980926514,19485.0,FAIL,PRICE_TOO_LOW
BSE,STOCK,NEXUSSURGL,Nexus Surgical & Medicare,,538874,X,NEXUSSURGL.BO,28.030000686645508,8947.0,FAIL,PRICE_TOO_LOW
BSE,STOCK,NEXXUS,Nexxus Petro Industries,,544265,M,NEXXUS.BO,77.9000015258789,420.0,FAIL,VOLUME_TOO_LOW
BSE,STOCK,NFL,National Fertilizers,,523630,B,NFL.BO,70.12000274658203,68165.95,FAIL,VOLUME_TOO_LOW
BSE,STOCK,NGIL,Nakoda Group of Industries,,541418,B,NGIL.BO,39.0,2006.3,FAIL,PRICE_TOO_LOW
BSE,STOCK,NGIND,NG Industries,,530897,X,NGIND.BO,115.0,1249.05,FAIL,VOLUME_TOO_LOW
BSE,STOCK,NGLFINE,NGL Fine Chem,,524774,B,NGLFINE.BO,2939.0,1453.55,FAIL,VOLUME_TOO_LOW
BSE,STOCK,NH,Narayana Hrudayalaya,,539551,A,539551.BO,2027.5999755859373,21576.75,FAIL,VOLUME_TOO_LOW
BSE,STOCK,NHCFOODS,NHC Foods,,517554,XT,NHCFOODS.BO,2.7100000381469727,15731436.55,FAIL,PRICE_TOO_LOW
BSE,STOCK,NHL,Naturewings Holidays,,544245,M,NHL.BO,68.0,880.0,FAIL,VOLUME_TOO_LOW
BSE,STOCK,NHPC,NHPC,,533098,A,NHPC.BO,76.19999694824219,453633.8,PASS,PASS
BSE,STOCK,NIACL,The New India Assurance Company,,540769,A,NIACL.BO,195.5,275810.55,PASS,PASS
BSE,STOCK,NIBE,NIBE,,535136,B,NIBE.BO,1321.949951171875,7135.15,FAIL,VOLUME_TOO_LOW
BSE,STOCK,NIBL,NRB Industrial Bearings,,535458,B,NIBL.BO,32.0,2286.0,FAIL,PRICE_TOO_LOW
BSE,STOCK,NICCOPAR,Nicco Parks & Resorts,,526721,B,NICCOPAR.BO,77.98999786376953,2370.75,FAIL,VOLUME_TOO_LOW
BSE,STOCK,NIDHGRN,Nidhi Granites,,512103,XT,NIDHGRN.BO,278.6000061035156,746.1,FAIL,VOLUME_TOO_LOW
BSE,STOCK,NIHARINF,Nihar Info Global,,531083,X,NIHARINF.BO,6.960000038146973,7487.9,FAIL,PRICE_TOO_LOW
BSE,STOCK,NIITLTD,NIIT,,500304,B,500304.BO,97.3499984741211,128873.4,PASS,PASS
BSE,STOCK,NIITMTS,NIIT Learning Systems,,543952,B,NIITMTS.BO,222.8000030517578,7775.4,FAIL,VOLUME_TOO_LOW
BSE,STOCK,NIKHILAD,Nikhil Adhesive,,526159,X,NIKHILAD.BO,80.16999816894531,18141.15,FAIL,VOLUME_TOO_LOW
BSE,STOCK,NIKKIGL,Nikki Global Finance,,531272,X,NIKKIGL.BO,20.3700008392334,857.95,FAIL,PRICE_TOO_LOW
BSE,STOCK,NIKSTECH,NIKS Technology,,543282,TS,NIKSTECH.BO,304.5,15.0,FAIL,VOLUME_TOO_LOW
BSE,STOCK,NILACHAL,Nilachal Refractories,,502294,X,NILACHAL.BO,35.0,502.95,FAIL,PRICE_TOO_LOW
BSE,STOCK,NILAINFRA,Nila Infrastructures,,530377,B,NILAINFRA.BO,6.739999771118164,26640.55,FAIL,PRICE_TOO_LOW
BSE,STOCK,NILASPACES,Nila Spaces,,542231,B,NILASPACES.BO,12.3100004196167,134851.6,FAIL,PRICE_TOO_LOW
BSE,STOCK,NILE,Nile,,530129,B,NILE.BO,1464.199951171875,1067.65,FAIL,VOLUME_TOO_LOW
BSE,STOCK,NILKAMAL,Nilkamal,,523385,B,NILKAMAL.BO,2114.25,9927.0,FAIL,VOLUME_TOO_LOW
BSE,STOCK,NIMBSPROJ,Nimbus Projects,,511714,B,NIMBSPROJ.BO,153.5,5086.35,FAIL,VOLUME_TOO_LOW
BSE,STOCK,NINSYS,NINtec Systems,,539843,B,NINSYS.BO,714.4000244140625,775.6,FAIL,VOLUME_TOO_LOW
BSE,STOCK,NIPPOBATRY,Indo National,,504058,B,NIPPOBATRY.BO,327.29998779296875,319.3,FAIL,VOLUME_TOO_LOW
BSE,STOCK,NIRAJ,Niraj Cement Structurals,,532986,B,NIRAJ.BO,28.709999084472656,8589.9,FAIL,PRICE_TOO_LOW
BSE,STOCK,NIRAVCOM,Nirav Commercial,,512425,X,NIRAVCOM.BO,725.0,5.55,FAIL,VOLUME_TOO_LOW
BSE,STOCK,NIRLON,Nirlon,,500307,B,NIRLON.BO,621.4500122070312,873.45,FAIL,VOLUME_TOO_LOW
BSE,STOCK,NIRMITEE,Nirmitee Robotics,,543194,MS,NIRMITEE.BO,108.6999969482422,4140.0,FAIL,VOLUME_TOO_LOW
BSE,STOCK,NISMGMT,NIS Management,,544495,M,NISMGMT.BO,45.5,6420.0,FAIL,PRICE_TOO_LOW
BSE,STOCK,NISUS,Nisus Finance,,544296,M,NISUS.BO,169.1999969482422,26140.0,FAIL,VOLUME_TOO_LOW
BSE,STOCK,NITCO,Nitco,,532722,B,NITCO.BO,96.51000213623048,73168.8,FAIL,VOLUME_TOO_LOW
BSE,STOCK,NITINCAST,Nitin Castings,,508875,X,NITINCAST.BO,375.1499938964844,1522.2,FAIL,VOLUME_TOO_LOW
BSE,STOCK,NITTAGELA,Nitta Gelatin,,506532,B,NITTAGELA.BO,1613.25,786.85,FAIL,VOLUME_TOO_LOW
BSE,STOCK,NIVABUPA,Niva Bupa Health Insurance Company,,544286,A,NIVABUPA.BO,80.83000183105469,61272.0,FAIL,VOLUME_TOO_LOW
BSE,STOCK,NIVAKA,Nivaka Fashions,,542206,XT,NIVAKA.BO,0.7599999904632568,75423.8,FAIL,PRICE_TOO_LOW
BSE,STOCK,NIYOGIN,Niyogin Fintech,,538772,X,NIYOGIN.BO,50.59000015258789,167062.75,PASS,PASS
BSE,STOCK,NKIND,NK Industries,,519494,B,NKIND.BO,56.4900016784668,1630.2,FAIL,VOLUME_TOO_LOW
BSE,STOCK,NLCINDIA,NLC India,,513683,A,NLCINDIA.BO,274.5,142040.45,PASS,PASS
BSE,STOCK,NLFL,Nalin Lease Finance,,531212,X,NLFL.BO,39.4900016784668,1007.1,FAIL,PRICE_TOO_LOW
BSE,STOCK,NMDC,NMDC,,526371,A,NMDC.BO,84.4000015258789,1227599.95,PASS,PASS
BSE,STOCK,NMSGLOBAL,NMS Resources Global,,522289,X,NMSGLOBAL.BO,40.790000915527344,8578.2,FAIL,PRICE_TOO_LOW
BSE,STOCK,NOBPOL,Noble Polymers,,539200,XT,NOBPOL.BO,12.170000076293944,36432.2,FAIL,PRICE_TOO_LOW
BSE,STOCK,NOIDATOLL,Noida Toll Bridge,,532481,B,NOIDATOLL.BO,4.239999771118164,18179.3,FAIL,PRICE_TOO_LOW
BSE,STOCK,NOL,National Oxygen,,507813,X,NOL.BO,57.15999984741211,2029.7,FAIL,VOLUME_TOO_LOW
BSE,STOCK,NORBTEAEXP,Norben Tea & Exports,,519528,B,NORBTEAEXP.BO,72.0,153.45,FAIL,VOLUME_TOO_LOW
BSE,STOCK,NORRIS,Norris Medicines,,524414,X,NORRIS.BO,14.289999961853027,447.25,FAIL,PRICE_TOO_LOW
BSE,STOCK,NORTHARC,Northern Arc Capital,,544260,A,NORTHARC.BO,304.70001220703125,724186.95,PASS,PASS
BSE,STOCK,NORTHLINK,Northlink Fiscal & Capital Services,,539110,Z,NORTHLINK.BO,38.58000183105469,222.65,FAIL,PRICE_TOO_LOW
BSE,STOCK,NOUVEAU,Nouveau Global Ventures,,531465,XT,NOUVEAU.BO,0.3600000143051147,175450.65,FAIL,PRICE_TOO_LOW
BSE,STOCK,NOVAAGRI,Nova Agritech,,544100,T,NOVAAGRI.BO,23.51000022888184,8728.6,FAIL,PRICE_TOO_LOW
BSE,STOCK,NOVARTIND,Novartis,,500672,B,NOVARTIND.BO,1614.949951171875,1930.85,FAIL,VOLUME_TOO_LOW
BSE,STOCK,NOVATEOR,Novateor Research Laboratories,,542771,M,NOVATEOR.BO,32.0,150.0,FAIL,PRICE_TOO_LOW
BSE,STOCK,NOVELIX,Trimurthi,,536565,XT,NOVELIX.BO,79.5,4551.0,FAIL,VOLUME_TOO_LOW
BSE,STOCK,NOVIS,Nova Iron & Steel,,513566,X,NOVIS.BO,11.199999809265137,1957.0,FAIL,PRICE_TOO_LOW
BSE,STOCK,NOVUS,Novus Loyalty,,544735,M,NOVUS.BO,201.5500030517578,89900.0,FAIL,VOLUME_TOO_LOW
BSE,STOCK,NOVYRA,Novyra Pharmachem,,519353,ZP,519353.BO,10.670000076293944,35.0,FAIL,PRICE_TOO_LOW
BSE,STOCK,NPFL,Neopolitan Pizza & Foods,,544269,M,NPFL.BO,6.300000190734863,6900.0,FAIL,PRICE_TOO_LOW
BSE,STOCK,NPL,NPL,,544205,XT,NPL.BO,626.25,2144.55,FAIL,VOLUME_TOO_LOW
BSE,STOCK,NPRFIN,NPR Finance,,530127,X,NPRFIN.BO,20.0,422.05,FAIL,PRICE_TOO_LOW
BSE,STOCK,NPST,Network People Services Tech,,544396,B,NPST.BO,1722.1500244140625,3203.75,FAIL,VOLUME_TOO_LOW
BSE,STOCK,NRAIL,N R Agarwal Industries,,516082,B,NRAIL.BO,498.2000122070313,690.75,FAIL,VOLUME_TOO_LOW
BSE,STOCK,NRBBEARING,NRB Bearings,,530367,B,530367.BO,408.6000061035156,34558.3,FAIL,VOLUME_TOO_LOW
BSE,STOCK,NSBBPO,NSB BPO Solutions,,544571,M,NSBBPO.BO,64.0999984741211,3250.0,FAIL,VOLUME_TOO_LOW
BSE,STOCK,NSDL,National Securities Depository (NSDL),,544467,A,NSDL.BO,811.75,414595.15,PASS,PASS
BSE,STOCK,NSIL,Nalwa Sons Investments,,532256,B,NSIL.BO,5690.0,120.2,FAIL,VOLUME_TOO_LOW
BSE,STOCK,NSL,Northern Spirits,,542628,B,NSL.BO,137.5,17927.35,FAIL,VOLUME_TOO_LOW
BSE,STOCK,NSLNISP,NMDC Steel,,543768,A,NSLNISP.BO,45.43999862670898,904911.9,FAIL,PRICE_TOO_LOW
BSE,STOCK,NTCIND,NTC Industries,,526723,B,NTCIND.BO,134.60000610351562,2504.3,FAIL,VOLUME_TOO_LOW
BSE,STOCK,NTPC,NTPC,,532555,A,NTPC.BO,329.95001220703125,738866.35,PASS,PASS
BSE,STOCK,NTPCGREEN,NTPC Green Energy,,544289,A,NTPCGREEN.BO,88.70999908447266,158323.85,PASS,PASS
BSE,STOCK,NUCLEUS,Nucleus Software,,531209,B,NUCLEUS.BO,740.0,1898.8,FAIL,VOLUME_TOO_LOW
BSE,STOCK,NUKLEUS,Nukleus Office solutions,,544370,M,NUKLEUS.BO,195.0,1500.0,FAIL,VOLUME_TOO_LOW
BSE,STOCK,NURECA,Nureca,,543264,T,NURECA.BO,334.0,1261.3,FAIL,VOLUME_TOO_LOW
BSE,STOCK,NUTECGLOB,Nutech Global,,531304,X,NUTECGLOB.BO,25.34000015258789,107.45,FAIL,PRICE_TOO_LOW
BSE,STOCK,NUTRICIRCLE,Nutricircle,,530219,X,NUTRICIRCLE.BO,265.29998779296875,71.35,FAIL,VOLUME_TOO_LOW
BSE,STOCK,NUVAMA,Nuvama Wealth Management,,543988,A,NUVAMA.BO,1838.699951171875,24381.2,FAIL,VOLUME_TOO_LOW
BSE,STOCK,NUVOCO,Nuvoco Vistas Corporation,,543334,A,NUVOCO.BO,337.95001220703125,39725.6,FAIL,VOLUME_TOO_LOW
BSE,STOCK,NVENTURES,Nanavati Ventures,,543522,M,NVENTURES.BO,82.30000305175781,3300.0,FAIL,VOLUME_TOO_LOW
BSE,STOCK,NWIL,Nurture Well Industries,,531889,X,NWIL.BO,21.25,353999.7,FAIL,PRICE_TOO_LOW
BSE,STOCK,NYKAA,Nykaa,,543384,A,NYKAA.BO,331.1000061035156,211921.65,PASS,PASS
BSE,STOCK,NYSSACORP,Nyssa Corporation,,504378,X,NYSSACORP.BO,2.180000066757202,22863.25,FAIL,PRICE_TOO_LOW
BSE,STOCK,OAL,Oriental Aromatics,,500078,B,OAL.BO,501.3500061035156,5387.35,FAIL,VOLUME_TOO_LOW
BSE,STOCK,OASISEC,Oasis Securities,,512489,XT,OASISEC.BO,14.90999984741211,71633.55,FAIL,PRICE_TOO_LOW
BSE,STOCK,OBCL,OBCL,,541206,B,OBCL.BO,56.0,2806.2,FAIL,VOLUME_TOO_LOW
BSE,STOCK,OBEROIRLTY,Oberoi Realty,,533273,A,OBEROIRLTY.BO,1904.5999755859373,123558.05,PASS,PASS
BSE,STOCK,OCEANIC,Oceanic Foods,,540405,X,OCEANIC.BO,55.59999847412109,2979.3,FAIL,VOLUME_TOO_LOW
BSE,STOCK,OCTAL,Octal Credit Capital,,538894,X,OCTAL.BO,18.86000061035156,152.0,FAIL,PRICE_TOO_LOW
BSE,STOCK,OCTAVE,Perfect-Octave Media Projects,,521062,X,OCTAVE.BO,3.4800000190734863,6033.45,FAIL,PRICE_TOO_LOW
BSE,STOCK,OCTAVIUSPL,Octavius Plantations,,542938,X,OCTAVIUSPL.BO,48.5,408.15,FAIL,PRICE_TOO_LOW
BSE,STOCK,OCTAWARE,Octaware Technologies,,540416,M,OCTAWARE.BO,59.369998931884766,480.0,FAIL,VOLUME_TOO_LOW
BSE,STOCK,ODYCORP,Odyssey Corporation,,531996,B,ODYCORP.BO,6.75,33988.8,FAIL,PRICE_TOO_LOW
BSE,STOCK,ODYSSEY,Odyssey Technologies,,530175,X,ODYSSEY.BO,37.459999084472656,7117.7,FAIL,PRICE_TOO_LOW
BSE,STOCK,OFSS,Oracle Financial Services Software,,532466,A,OFSS.BO,12050.0,8857.55,FAIL,VOLUME_TOO_LOW
BSE,STOCK,OIL,Oil India,,533106,A,533106.BO,435.7000122070313,222737.85,PASS,PASS
BSE,STOCK,OILCOUNTUB,Oil Country Tubular,,500313,T,500313.BO,53.0099983215332,3081.55,FAIL,VOLUME_TOO_LOW
BSE,STOCK,OIVL,Onesource Industries & Ventures,,530805,X,OIVL.BO,5.369999885559082,219269.45,FAIL,PRICE_TOO_LOW
BSE,STOCK,OKPLA,Ok Play,,526415,XT,OKPLA.BO,3.0299999713897705,327051.75,FAIL,PRICE_TOO_LOW
BSE,STOCK,OLAELEC,Ola Electric Mobility,,544225,A,OLAELEC.BO,37.4900016784668,3915827.1,FAIL,PRICE_TOO_LOW
BSE,STOCK,OLATECH,Olatech Solutions,,543578,M,OLATECH.BO,71.6500015258789,6058.75,FAIL,VOLUME_TOO_LOW
BSE,STOCK,OLECTRA,Olectra Greentech,,532439,A,OLECTRA.BO,1243.25,27477.05,FAIL,VOLUME_TOO_LOW
BSE,STOCK,OLPCL,Olympic Cards,,534190,X,OLPCL.BO,3.0,5464.85,FAIL,PRICE_TOO_LOW
BSE,STOCK,OLYMPTX,Olympia Industries,,521105,X,OLYMPTX.BO,25.26000022888184,5643.4,FAIL,PRICE_TOO_LOW
BSE,STOCK,OLYOI,Olympic Oil Industries,,507609,X,OLYOI.BO,24.21999931335449,27.0,FAIL,PRICE_TOO_LOW
BSE,STOCK,OMAXAUTO,Omax Autos,,520021,B,OMAXAUTO.BO,183.75,8212.95,FAIL,VOLUME_TOO_LOW
BSE,STOCK,OMAXE,Omaxe,,532880,B,OMAXE.BO,127.5,389078.1,PASS,PASS
BSE,STOCK,OMEAG,Omega Ag-Seeds (Punjab),,519479,X,OMEAG.BO,8.260000228881836,837.75,FAIL,PRICE_TOO_LOW
BSE,STOCK,OMEGAIN,Omega Interactive Technologies,,511644,X,OMEGAIN.BO,31.46999931335449,573054.6,FAIL,PRICE_TOO_LOW
BSE,STOCK,OMFREIGHT,Om Freight Forwarders,,544564,T,OMFREIGHT.BO,90.0,1005.2,FAIL,VOLUME_TOO_LOW
BSE,STOCK,OMINFRAL,Om Infra,,531092,B,OMINFRAL.BO,82.83000183105469,6791.85,FAIL,VOLUME_TOO_LOW
BSE,STOCK,OMKARPH,Omkar Pharmachem,,532167,X,OMKARPH.BO,9.739999771118164,787.75,FAIL,PRICE_TOO_LOW
BSE,STOCK,OML,Om Metallogic,,544559,MT,OML.BO,31.280000686645508,4720.0,FAIL,PRICE_TOO_LOW
BSE,STOCK,OMNI,Omnitech Engineering,,544720,B,OMNI.BO,518.4500122070312,137280.75,PASS,PASS
BSE,STOCK,OMNIAX,Omni Axs Software,,532340,X,OMNIAX.BO,3.400000095367432,15607.05,FAIL,PRICE_TOO_LOW
BSE,STOCK,OMNIPOTENT,Omnipotent Industries,,543400,M,OMNIPOTENT.BO,2.509999990463257,22300.0,FAIL,PRICE_TOO_LOW
BSE,STOCK,OMNITEX,Omnitex Industries India,,514324,X,OMNITEX.BO,745.0,637.55,FAIL,VOLUME_TOO_LOW
BSE,STOCK,OMPOWER,Om Power Transmission,,544750,B,OMPOWER.BO,171.60000610351562,15964.15,FAIL,VOLUME_TOO_LOW
BSE,STOCK,ONEGLOBAL,One Global Service Provider,,514330,B,ONEGLOBAL.BO,526.9000244140625,18616.55,FAIL,VOLUME_TOO_LOW
BSE,STOCK,ONELIFECAP,Onelife Capital Advisors,,533632,T,ONELIFECAP.BO,32.130001068115234,3625.6,FAIL,PRICE_TOO_LOW
BSE,STOCK,ONEPOINT,One Point One Solutions,,544748,B,ONEPOINT.BO,54.47999954223633,50643.9,FAIL,VOLUME_TOO_LOW
BSE,STOCK,ONESOURCE,Onesource Specialty Pharma,,544292,A,ONESOURCE.BO,1573.699951171875,15561.55,FAIL,VOLUME_TOO_LOW
BSE,STOCK,ONIDA,Onida Electronics,,500279,B,500279.BO,39.2599983215332,47588.65,FAIL,PRICE_TOO_LOW
BSE,STOCK,ONIXSOLAR,Onix Solar Energy,,513119,B,ONIXSOLAR.BO,383.4500122070313,100292.95,PASS,PASS
BSE,STOCK,ONMOBILE,OnMobile Global,,532944,T,ONMOBILE.BO,47.619998931884766,3964.95,FAIL,PRICE_TOO_LOW
BSE,STOCK,ONTIC,Ontic Finserve,,540386,XT,ONTIC.BO,1.7300000190734863,256743.2,FAIL,PRICE_TOO_LOW
BSE,STOCK,ONWARDTEC,Onward Technologies,,517536,B,ONWARDTEC.BO,283.45001220703125,3454.6,FAIL,VOLUME_TOO_LOW
BSE,STOCK,OONE,ObjectOne Information Systems,,535657,X,OONE.BO,8.1899995803833,2588.9,FAIL,PRICE_TOO_LOW
BSE,STOCK,OPCHAINS,OP Chains,,539116,MT,OPCHAINS.BO,29.5,250.0,FAIL,PRICE_TOO_LOW
BSE,STOCK,OPTIEMUS,Optiemus Infracom,,530135,B,OPTIEMUS.BO,566.5,11714.9,FAIL,VOLUME_TOO_LOW
BSE,STOCK,OPTIFIN,Optimus Finance,,531254,B,OPTIFIN.BO,14.989999771118164,89666.05,FAIL,PRICE_TOO_LOW
BSE,STOCK,ORBTEXP,Orbit Exports,,512626,T,ORBTEXP.BO,235.1000061035156,2014.25,FAIL,VOLUME_TOO_LOW
BSE,STOCK,ORCHASP,Orchasp,,532271,B,ORCHASP.BO,1.409999966621399,101560.25,FAIL,PRICE_TOO_LOW
BSE,STOCK,ORCHPHARMA,Orchid Pharma,,524372,B,ORCHPHARMA.BO,934.7000122070312,6157.65,FAIL,VOLUME_TOO_LOW
BSE,STOCK,ORGANICREC,Organic Recycling Systems,,543997,M,ORGANICREC.BO,158.0,79020.0,FAIL,VOLUME_TOO_LOW
BSE,STOCK,ORGCOAT,Organic Coatings,,531157,X,ORGCOAT.BO,14.510000228881836,6402.5,FAIL,PRICE_TOO_LOW
BSE,STOCK,ORIBEVER,Orient Beverages,,507690,X,ORIBEVER.BO,172.5500030517578,1805.6,FAIL,VOLUME_TOO_LOW
BSE,STOCK,ORICONENT,Oricon Enterprises,,513121,B,ORICONENT.BO,52.77000045776367,3719.0,FAIL,VOLUME_TOO_LOW
BSE,STOCK,ORIENTALTL,Oriental Trimex,,532817,B,ORIENTALTL.BO,5.0,19702.7,FAIL,PRICE_TOO_LOW
BSE,STOCK,ORIENTBELL,Orient Bell,,530365,B,ORIENTBELL.BO,412.5,5876.4,FAIL,VOLUME_TOO_LOW
BSE,STOCK,ORIENTCEM,Orient Cement,,535754,B,ORIENTCEM.BO,128.4499969482422,8853.6,FAIL,VOLUME_TOO_LOW
BSE,STOCK,ORIENTCER,Orient Ceratech,,504879,B,ORIENTCER.BO,44.220001220703125,12092.95,FAIL,PRICE_TOO_LOW
BSE,STOCK,ORIENTELEC,Orient Electric,,541301,B,ORIENTELEC.BO,178.3000030517578,19648.2,FAIL,VOLUME_TOO_LOW
BSE,STOCK,ORIENTLTD,Orient Press,,526325,T,ORIENTLTD.BO,86.37999725341797,328.8,FAIL,VOLUME_TOO_LOW
BSE,STOCK,ORIENTPPR,Orient Paper & Industries,,502420,B,502420.BO,16.8799991607666,24512.25,FAIL,PRICE_TOO_LOW
BSE,STOCK,ORIENTTECH,Orient Technologies,,544235,B,ORIENTTECH.BO,238.8500061035156,12889.45,FAIL,VOLUME_TOO_LOW
BSE,STOCK,ORIENTTR,Orient Tradelink,,531512,X,ORIENTTR.BO,4.090000152587891,157661.6,FAIL,PRICE_TOO_LOW
BSE,STOCK,ORIRAIL,Oriental Rail Infrastructure,,531859,B,ORIRAIL.BO,126.0,66013.4,FAIL,VOLUME_TOO_LOW
BSE,STOCK,ORISSAMINE,Orissa Minerals Development Comp,,590086,B,590086.BO,3701.89990234375,411.85,FAIL,VOLUME_TOO_LOW
BSE,STOCK,ORKLAINDIA,Orkla,,544595,B,ORKLAINDIA.BO,588.1500244140625,14778.15,FAIL,VOLUME_TOO_LOW
BSE,STOCK,OROSMITHS,Orosil Smiths,,531626,XT,OROSMITHS.BO,6.489999771118164,60390.15,FAIL,PRICE_TOO_LOW
BSE,STOCK,ORTINGLOBE,Ortin Global,,539287,B,ORTINGLOBE.BO,15.1899995803833,1375.05,FAIL,PRICE_TOO_LOW
BSE,STOCK,OSIAJEE,Osiajee Texfab,,540198,X,OSIAJEE.BO,246.8999938964844,23459.9,FAIL,VOLUME_TOO_LOW
BSE,STOCK,OSWALAGRO,Oswal Agro Mills,,500317,B,OSWALAGRO.BO,37.13999938964844,4084.4,FAIL,PRICE_TOO_LOW
BSE,STOCK,OSWALGREEN,Oswal Greentech,,539290,B,OSWALGREEN.BO,20.030000686645508,17893.95,FAIL,PRICE_TOO_LOW
BSE,STOCK,OSWALPUMPS,Oswal Pumps,,544418,B,OSWALPUMPS.BO,279.75,47571.4,FAIL,VOLUME_TOO_LOW
BSE,STOCK,OVAL,Oval Projects Engineering,,544498,M,OVAL.BO,49.18999862670898,8320.0,FAIL,PRICE_TOO_LOW
BSE,STOCK,OVOBELE,Ovobel Foods,,530741,XT,OVOBELE.BO,271.20001220703125,19022.45,FAIL,VOLUME_TOO_LOW
BSE,STOCK,OXFORDIN,Oxford Industries,,514414,XT,OXFORDIN.BO,18.149999618530277,11306.55,FAIL,PRICE_TOO_LOW
BSE,STOCK,OXYGENTAPH,Oxygenta Pharmaceutical,,524636,XT,OXYGENTAPH.BO,55.93000030517578,15165.7,FAIL,VOLUME_TOO_LOW
BSE,STOCK,PACE,Pace E-Commerce Ventures,,543637,M,PACE.BO,16.90999984741211,48060.0,FAIL,PRICE_TOO_LOW
BSE,STOCK,PACEDIGITK,Pace Digitek,,544550,B,PACEDIGITK.BO,166.0,46667.6,FAIL,VOLUME_TOO_LOW
BSE,STOCK,PACIFICI,Pacific Industries,,523483,B,PACIFICI.BO,144.85000610351562,1158.7,FAIL,VOLUME_TOO_LOW
BSE,STOCK,PADALPO,Padmanabh Alloys & Polymers,,531779,X,PADALPO.BO,17.75,1233.6,FAIL,PRICE_TOO_LOW
BSE,STOCK,PADAMCO,Padam Cotton Yarns,,531395,XT,PADAMCO.BO,1.0199999809265137,969889.1,FAIL,PRICE_TOO_LOW
BSE,STOCK,PADMAIND,Padmanabh Industries,,526905,X,PADMAIND.BO,8.170000076293945,1138.3,FAIL,PRICE_TOO_LOW
BSE,STOCK,PADMALAYAT,Padmalaya Telefilms,,532350,Z,PADMALAYAT.BO,4.179999828338623,11275.4,FAIL,PRICE_TOO_LOW
BSE,STOCK,PAGEIND,Page Industries,,532827,A,PAGEIND.BO,35912.6484375,1634.6,FAIL,VOLUME_TOO_LOW
BSE,STOCK,PAISALO,Paisalo Digital,,532900,A,PAISALO.BO,70.37999725341797,387871.35,PASS,PASS
BSE,STOCK,PAJSON,Pajson Agro,,544657,M,PAJSON.BO,220.3000030517578,13710.0,FAIL,VOLUME_TOO_LOW
BSE,STOCK,PAKKA,Pakka,,516030,B,PAKKA.BO,73.70999908447266,25912.05,FAIL,VOLUME_TOO_LOW
BSE,STOCK,PALASHSECU,Palash Securities,,540648,B,PALASHSECU.BO,89.48999786376953,573.15,FAIL,VOLUME_TOO_LOW
BSE,STOCK,PALCO,Palco Metals,,539121,X,PALCO.BO,157.14999389648438,2651.4,FAIL,VOLUME_TOO_LOW
BSE,STOCK,PALMJEWELS,Palm Jewels,,541444,X,PALMJEWELS.BO,15.039999961853027,2349.75,FAIL,PRICE_TOO_LOW
BSE,STOCK,PALREDTEC,Palred Technologies,,532521,T,PALREDTEC.BO,51.400001525878906,228.3,FAIL,VOLUME_TOO_LOW
BSE,STOCK,PANABYTE,Panabyte Technologies,,538742,X,PANABYTE.BO,17.399999618530273,15797.0,FAIL,PRICE_TOO_LOW
BSE,STOCK,PANACEABIO,Panacea Biotec,,531349,B,PANACEABIO.BO,389.3500061035156,9053.6,FAIL,VOLUME_TOO_LOW
BSE,STOCK,PANAENERG,Panasonic Energy,,504093,X,PANAENERG.BO,262.54998779296875,3120.5,FAIL,VOLUME_TOO_LOW
BSE,STOCK,PANAFIC,Panafic Industrials,,538860,XT,PANAFIC.BO,2.440000057220459,554505.05,FAIL,PRICE_TOO_LOW
BSE,STOCK,PANAMAPET,Panama Petrochem,,524820,B,PANAMAPET.BO,484.6499938964844,70041.95,FAIL,VOLUME_TOO_LOW
BSE,STOCK,PANCARBON,Panasonic Carbon,,508941,X,PANCARBON.BO,429.0499877929688,2298.25,FAIL,VOLUME_TOO_LOW
BSE,STOCK,PANCHMAHQ,Panchmahal Steels,,513511,B,PANCHMAHQ.BO,309.75,1139.05,FAIL,VOLUME_TOO_LOW
BSE,STOCK,PANCHSHEEL,Panchsheel Organics,,531726,X,PANCHSHEEL.BO,110.25,11689.0,FAIL,VOLUME_TOO_LOW
BSE,STOCK,PANCM,Panyam Cements & Mineral Industries,,500322,XT,PANCM.BO,110.1999969482422,381.6,FAIL,VOLUME_TOO_LOW
BSE,STOCK,PANELEC,Pan Electroncis,,517397,X,PANELEC.BO,27.780000686645508,1050.8,FAIL,PRICE_TOO_LOW
BSE,STOCK,PANHR,PAN HR Solutions,,544698,M,PANHR.BO,50.0,6000.0,FAIL,VOLUME_TOO_LOW
BSE,STOCK,PANIDPR,Panther Industrial Products,,524055,X,PANIDPR.BO,91.80999755859376,162.65,FAIL,VOLUME_TOO_LOW
BSE,STOCK,PANINDIAC,PAN India Corporation,,511525,X,PANINDIAC.BO,1.409999966621399,53004.75,FAIL,PRICE_TOO_LOW
BSE,STOCK,PANJON,Panjon,,526345,X,PANJON.BO,22.84000015258789,15045.5,FAIL,PRICE_TOO_LOW
BSE,STOCK,PANKAJPO,Pankaj Polymers,,531280,XT,PANKAJPO.BO,154.75,17128.9,FAIL,VOLUME_TOO_LOW
BSE,STOCK,PANORAMA,Panorama Studios International,,539469,B,PANORAMA.BO,45.65999984741211,203565.2,FAIL,PRICE_TOO_LOW
BSE,STOCK,PANTH,Panth Infinity,,539143,X,PANTH.BO,9.84000015258789,26768.6,FAIL,PRICE_TOO_LOW
BSE,STOCK,PAOS,Paos Industries,,530291,X,PAOS.BO,40.9900016784668,1027.65,FAIL,PRICE_TOO_LOW
BSE,STOCK,PARACABLES,Paramount Communications,,530555,B,530555.BO,64.30999755859375,196623.35,PASS,PASS
BSE,STOCK,PARADEEP,Paradeep Phosphates,,543530,A,PARADEEP.BO,153.39999389648438,480277.25,PASS,PASS
BSE,STOCK,PARAGMILK,Parag Milk Foods,,539889,A,PARAGMILK.BO,254.1499938964844,74616.5,FAIL,VOLUME_TOO_LOW
BSE,STOCK,PARAGONF,Paragon Finance,,531255,X,PARAGONF.BO,50.720001220703125,1189.15,FAIL,VOLUME_TOO_LOW
BSE,STOCK,PARAS,Paras Defence Space Tech,,543367,A,PARAS.BO,1411.800048828125,108888.4,PASS,PASS
BSE,STOCK,PARASPETRO,Paras Petrofils,,521246,B,521246.BO,2.009999990463257,48093.6,FAIL,PRICE_TOO_LOW
BSE,STOCK,PARKERAC,Parker Agrochem Exports,,524628,X,PARKERAC.BO,20.32999992370605,2596.05,FAIL,PRICE_TOO_LOW
BSE,STOCK,PARKHOSPS,Park Medi World,,544645,B,PARKHOSPS.BO,286.79998779296875,39332.0,FAIL,VOLUME_TOO_LOW
BSE,STOCK,PARKHOTELS,Apeejay Surrendra Park Hotels,,544111,B,PARKHOTELS.BO,113.0500030517578,11750.75,FAIL,VOLUME_TOO_LOW
BSE,STOCK,PARLEIND,Parle Industries,,532911,XT,PARLEIND.BO,5.820000171661377,167269.2,FAIL,PRICE_TOO_LOW
BSE,STOCK,PARMCOS-B,Paramount Cosmetics,,507970,X,PARMCOS-B.BO,39.4900016784668,813.25,FAIL,PRICE_TOO_LOW
BSE,STOCK,PARMESHWAR,Parmeshwar Metal,,544330,M,PARMESHWAR.BO,299.6499938964844,42900.0,FAIL,VOLUME_TOO_LOW
BSE,STOCK,PARMSILK,Parmeshwari Silk Mills,,540467,XT,PARMSILK.BO,314.79998779296875,422.65,FAIL,VOLUME_TOO_LOW
BSE,STOCK,PARNAXLAB,Parnax Lab,,506128,B,PARNAXLAB.BO,134.35000610351562,3251.7,FAIL,VOLUME_TOO_LOW
BSE,STOCK,PARSHVA,Parshva Enterprises,,542694,B,PARSHVA.BO,185.1499938964844,16.15,FAIL,VOLUME_TOO_LOW
BSE,STOCK,PARSHWANA,Parshwanath Housing Finance,,511176,X,PARSHWANA.BO,89.0,304.7,FAIL,VOLUME_TOO_LOW
BSE,STOCK,PARVATI,Parvati Sweetners & Power,,541347,XT,PARVATI.BO,7.300000190734863,79476.2,FAIL,PRICE_TOO_LOW
BSE,STOCK,PASARI,Pasari Spinning Mills,,521080,X,PASARI.BO,5.809999942779541,3380.95,FAIL,PRICE_TOO_LOW
BSE,STOCK,PASHUPATI,Pashupati Cotspin,,544448,B,PASHUPATI.BO,83.08999633789062,6492.6,FAIL,VOLUME_TOO_LOW
BSE,STOCK,PASUPTAC,Pasupati Acrylons,,500456,T,PASUPTAC.BO,66.94000244140625,11178.0,FAIL,VOLUME_TOO_LOW
BSE,STOCK,PASUSPG,Pasupati Spinning & Weaving Mills,,503092,X,PASUSPG.BO,33.25,343.05,FAIL,PRICE_TOO_LOW
BSE,STOCK,PATANJALI,Patanjali Foods,,500368,A,PATANJALI.BO,342.8999938964844,213334.1,PASS,PASS
BSE,STOCK,PATELCHEM,Patel Chem Specialities,,544460,MT,PATELCHEM.BO,108.4000015258789,51280.0,FAIL,VOLUME_TOO_LOW
BSE,STOCK,PATELENG,Patel Engineering,,531120,A,PATELENG.BO,27.1200008392334,254053.7,FAIL,PRICE_TOO_LOW
BSE,STOCK,PATELSAI,Patels Airtemp,,517417,X,PATELSAI.BO,274.3500061035156,12079.0,FAIL,VOLUME_TOO_LOW
BSE,STOCK,PATIDAR,Patidar Buildcon,,524031,X,PATIDAR.BO,4.980000019073486,300.55,FAIL,PRICE_TOO_LOW
BSE,STOCK,PATINTLOG,Patel Integrated Logistic,,526381,T,PATINTLOG.BO,13.699999809265137,5606.9,FAIL,PRICE_TOO_LOW
BSE,STOCK,PATRON,Patron Exim,,543798,M,PATRON.BO,1.9700000286102293,12000.0,FAIL,PRICE_TOO_LOW
BSE,STOCK,PATSPINLTD,Patspin,,514326,X,PATSPINLTD.BO,6.349999904632568,3058.9,FAIL,PRICE_TOO_LOW
BSE,STOCK,PAUSHAKLTD,Paushak,,532742,B,PAUSHAKLTD.BO,804.4500122070312,6203.25,FAIL,VOLUME_TOO_LOW
BSE,STOCK,PAVNAIND,Pavna Industries,,543915,B,PAVNAIND.BO,16.899999618530273,4789.6,FAIL,PRICE_TOO_LOW
BSE,STOCK,PAYTM,One 97 Communications,,543396,A,PAYTM.BO,1625.0,265126.25,PASS,PASS
BSE,STOCK,PBAINFRA,PBA infrastructure,,532676,XT,PBAINFRA.BO,10.5,2187.75,FAIL,PRICE_TOO_LOW
BSE,STOCK,PBMPOLY,PBM Polytex,,514087,B,PBMPOLY.BO,59.34999847412109,829.2,FAIL,VOLUME_TOO_LOW
BSE,STOCK,PCBL,PCBL Chemical,,506590,A,PCBL.BO,314.29998779296875,72740.55,FAIL,VOLUME_TOO_LOW
BSE,STOCK,PCCOSMA,Pee Cee Cosma Sope,,524136,X,PCCOSMA.BO,464.7000122070313,3303.85,FAIL,VOLUME_TOO_LOW
BSE,STOCK,PCJEWELLER,PC Jeweller,,534809,A,PCJEWELLER.BO,10.539999961853027,14021191.15,FAIL,PRICE_TOO_LOW
BSE,STOCK,PCL,Prospect Consumer Products,,543814,M,PCL.BO,36.93999862670898,6950.0,FAIL,PRICE_TOO_LOW
BSE,STOCK,PCS,PCS Technology,,517119,X,PCS.BO,19.1299991607666,3830.9,FAIL,PRICE_TOO_LOW
BSE,STOCK,PDMJEPAPER,Pudumjee Paper Products,,539785,B,PDMJEPAPER.BO,94.76000213623048,15960.6,FAIL,VOLUME_TOO_LOW
BSE,STOCK,PDSL,PDS,,538730,B,PDSL.BO,354.29998779296875,4170.2,FAIL,VOLUME_TOO_LOW
BSE,STOCK,PEARLPOLY,Pearl Polymers,,523260,B,PEARLPOLY.BO,15.010000228881836,902.55,FAIL,PRICE_TOO_LOW
BSE,STOCK,PECOS,Pecos Hotels & Pubs,,539273,M,PECOS.BO,252.0,0.0,FAIL,VOLUME_TOO_LOW
BSE,STOCK,PEETISEC,Peeti Securities,,531352,X,PEETISEC.BO,20.0,152.3,FAIL,PRICE_TOO_LOW
BSE,STOCK,PEIL,Premier Energy & Infrastructure,,533100,X,PEIL.BO,7.800000190734863,14618.15,FAIL,PRICE_TOO_LOW
BSE,STOCK,PENIND,Pennar Industries,,513228,A,PENIND.BO,166.8000030517578,28706.9,FAIL,VOLUME_TOO_LOW
BSE,STOCK,PENINLAND,Peninsula Land,,503031,T,PENINLAND.BO,16.100000381469727,17206.15,FAIL,PRICE_TOO_LOW
BSE,STOCK,PERFEPA,Perfectpac,,526435,X,PERFEPA.BO,77.4000015258789,526.55,FAIL,VOLUME_TOO_LOW
BSE,STOCK,PERMAGN,Permanent Magnets,,504132,B,PERMAGN.BO,881.4500122070312,3430.8,FAIL,VOLUME_TOO_LOW
BSE,STOCK,PERSISTENT,Persistent Systems,,533179,A,533179.BO,5185.14990234375,71390.85,FAIL,VOLUME_TOO_LOW
BSE,STOCK,PERVASIVE,Pervasive Commodities,,517172,XT,PERVASIVE.BO,8.550000190734863,296.05,FAIL,PRICE_TOO_LOW
BSE,STOCK,PESB,Pune e-Stock Broking,,544141,M,PESB.BO,245.0,17400.0,FAIL,VOLUME_TOO_LOW
BSE,STOCK,PETPLST,Pet Plastics,,524046,XT,PETPLST.BO,123.5,0.0,FAIL,VOLUME_TOO_LOW
BSE,STOCK,PETRONET,Petronet LNG,,532522,A,PETRONET.BO,290.79998779296875,430352.7,PASS,PASS
BSE,STOCK,PFC,Power Finance Corporation,,532810,A,PFC.BO,345.8999938964844,1520693.5,PASS,PASS
BSE,STOCK,PFL,Popular Foundations,,544259,M,PFL.BO,29.299999237060547,6300.0,FAIL,PRICE_TOO_LOW
BSE,STOCK,PFLINFOTC,Pfl Infotech Ltd.,,531769,X,PFLINFOTC.BO,4.199999809265137,4750.8,FAIL,PRICE_TOO_LOW
BSE,STOCK,PFS,PTC India Financial Services,,533344,B,PFS.BO,27.06999969482422,28559.3,FAIL,PRICE_TOO_LOW
BSE,STOCK,PGCRL,Pearl Green Clubs & Resorts,,543540,M,PGCRL.BO,114.5,1980.0,FAIL,VOLUME_TOO_LOW
BSE,STOCK,PGEL,PG Electroplast,,533581,A,PGEL.BO,555.0,112120.55,PASS,PASS
BSE,STOCK,PGFOILQ,PG Foils,,526747,X,PGFOILQ.BO,223.1499938964844,36646.7,FAIL,VOLUME_TOO_LOW
BSE,STOCK,PGHH,P&G Hygiene and Health Care,,500459,A,500459.BO,8714.900390625,31845.55,FAIL,VOLUME_TOO_LOW
BSE,STOCK,PGHL,Procter & Gamble Health,,500126,A,PGHL.BO,5762.2001953125,637.65,FAIL,VOLUME_TOO_LOW
BSE,STOCK,PGIL,Pearl Global Industries,,532808,A,PGIL.BO,2328.85009765625,39459.15,FAIL,VOLUME_TOO_LOW
BSE,STOCK,PHARMAID,Pharmaids Pharmaceuticals,,524572,X,PHARMAID.BO,31.979999542236328,5364.2,FAIL,PRICE_TOO_LOW
BSE,STOCK,PHCAP,PH Capital,,500143,XT,PHCAP.BO,1104.449951171875,5818.4,FAIL,VOLUME_TOO_LOW
BSE,STOCK,PHOENIXLTD,Phoenix Mills,,503100,A,PHOENIXLTD.BO,1960.0,14999.55,FAIL,VOLUME_TOO_LOW
BSE,STOCK,PHOENXINTL,Phoenix International,,526481,B,PHOENXINTL.BO,29.280000686645508,4058.6,FAIL,PRICE_TOO_LOW
BSE,STOCK,PHOSPHATE,Phosphate Company,,542123,X,PHOSPHATE.BO,133.0,210.6,FAIL,VOLUME_TOO_LOW
BSE,STOCK,PHOTOQUP,Photoquip,,526588,X,PHOTOQUP.BO,13.300000190734863,579.2,FAIL,PRICE_TOO_LOW
BSE,STOCK,PHRMASI,Phaarmasia,,523620,X,PHRMASI.BO,85.80000305175781,1035.85,FAIL,VOLUME_TOO_LOW
BSE,STOCK,PHYTO,Phyto Chem,,524808,X,PHYTO.BO,20.0,1759.65,FAIL,PRICE_TOO_LOW
BSE,STOCK,PICCADIL,Piccadily Agro Industries,,530305,B,PICCADIL.BO,619.7000122070312,40518.4,FAIL,VOLUME_TOO_LOW
BSE,STOCK,PICCASUG,Piccadily Sugar & Allied,,507498,X,PICCASUG.BO,37.540000915527344,13923.3,FAIL,PRICE_TOO_LOW
BSE,STOCK,PICTUREHS,Picturehouse Media,,532355,X,PICTUREHS.BO,8.199999809265137,10410.35,FAIL,PRICE_TOO_LOW
BSE,STOCK,PIGL,Power & Instrumentation,,543912,B,PIGL.BO,99.25,5550.85,FAIL,VOLUME_TOO_LOW
BSE,STOCK,PIIND,PI Industries,,523642,A,PIIND.BO,2390.0,36080.3,FAIL,VOLUME_TOO_LOW
BSE,STOCK,PILANIINVS,Pilani Investment & Industries,,539883,B,539883.BO,4366.0,84.2,FAIL,VOLUME_TOO_LOW
BSE,STOCK,PILITA,Pil Italica Lifestyle,,500327,B,PILITA.BO,8.039999961853027,8543.2,FAIL,PRICE_TOO_LOW
BSE,STOCK,PINELABS,Pine Labs,,544606,B,PINELABS.BO,156.5,1549473.2,PASS,PASS
BSE,STOCK,PIONEEREMB,Pioneer Embroideries,,514300,B,PIONEEREMB.BO,21.299999237060547,4913.25,FAIL,PRICE_TOO_LOW
BSE,STOCK,PIONRINV,Pioneer Investcorp,,507864,T,PIONRINV.BO,83.98999786376953,859.05,FAIL,VOLUME_TOO_LOW
BSE,STOCK,PIOTEX,Piotex Industries,,544178,M,PIOTEX.BO,31.0,1080.0,FAIL,PRICE_TOO_LOW
BSE,STOCK,PIRAMALFIN,Piramal Finance,,544597,B,PIRAMALFIN.BO,2233.64990234375,39469.7,FAIL,VOLUME_TOO_LOW
BSE,STOCK,PITTIENG,Pitti Engineering,,513519,B,PITTIENG.BO,1105.0999755859375,11710.9,FAIL,VOLUME_TOO_LOW
BSE,STOCK,PIXTRANS,Pix Transmissions,,500333,B,PIXTRANS.BO,1791.949951171875,4187.2,FAIL,VOLUME_TOO_LOW
BSE,STOCK,PJL,Patdiam Jewellery,,539401,M,PJL.BO,325.0,225.0,FAIL,VOLUME_TOO_LOW
BSE,STOCK,PLASTIBLEN,Plastiblends,,523648,B,523648.BO,199.0500030517578,25448.4,FAIL,VOLUME_TOO_LOW
BSE,STOCK,PLATIND,Platinum Industries,,544134,B,PLATIND.BO,235.0500030517578,4699.6,FAIL,VOLUME_TOO_LOW
BSE,STOCK,PLAZACABLE,Plaza Wires,,544003,B,PLAZACABLE.BO,62.209999084472656,29814.6,FAIL,VOLUME_TOO_LOW
BSE,STOCK,PMCFIN,PMC Fincorp,,534060,X,PMCFIN.BO,1.6699999570846558,422558.9,FAIL,PRICE_TOO_LOW
BSE,STOCK,PML,Paul Merchants,,539113,B,PML.BO,478.0,80.65,FAIL,VOLUME_TOO_LOW
BSE,STOCK,PNBGILTS,PNB Gilts,,532366,B,PNBGILTS.BO,78.5999984741211,15552.75,FAIL,VOLUME_TOO_LOW
BSE,STOCK,PNBHOUSING,PNB Housing Finance,,540173,A,PNBHOUSING.BO,1143.0,99271.1,FAIL,VOLUME_TOO_LOW
BSE,STOCK,PNC,Pritish Nandy Communications,,532387,B,PNC.BO,16.770000457763672,2273.5,FAIL,PRICE_TOO_LOW
BSE,STOCK,PNCINFRA,PNC Infratech,,539150,A,PNCINFRA.BO,182.9499969482422,112373.95,PASS,PASS
BSE,STOCK,PNGJL,PN Gadgil Jewellers,,544256,B,PNGJL.BO,591.7999877929688,23074.4,FAIL,VOLUME_TOO_LOW
BSE,STOCK,PNGSREVA,PNGS Reva Diamond Jewellery,,544718,B,PNGSREVA.BO,516.0,25447.75,FAIL,VOLUME_TOO_LOW
BSE,STOCK,PNTKYOR,Pentokey Organy,,524210,X,PNTKYOR.BO,32.61000061035156,1167.95,FAIL,PRICE_TOO_LOW
BSE,STOCK,POBS,PlatinumOne Business Services,,543352,M,POBS.BO,191.8999938964844,150.0,FAIL,VOLUME_TOO_LOW
BSE,STOCK,POCL,Pondy Oxides & Chemical,,532626,A,POCL.BO,476.6000061035156,33440.0,FAIL,VOLUME_TOO_LOW
BSE,STOCK,PODDARMENT,Poddar Pigments,,524570,B,PODDARMENT.BO,253.0500030517578,270.25,FAIL,VOLUME_TOO_LOW
BSE,STOCK,POEL,POCL Enterprises,,539195,B,POEL.BO,144.85000610351562,26269.7,FAIL,VOLUME_TOO_LOW
BSE,STOCK,POKARNA,Pokarna,,532486,B,POKARNA.BO,832.3499755859375,5546.9,FAIL,VOLUME_TOO_LOW
BSE,STOCK,POLICYBZR,PB FinTech,,543390,A,POLICYBZR.BO,1845.199951171875,145362.45,PASS,PASS
BSE,STOCK,POLSON,Polson,,507645,X,POLSON.BO,11484.900390625,13.15,FAIL,VOLUME_TOO_LOW
BSE,STOCK,POLYCAB,Polycab,,542652,A,POLYCAB.BO,8825.0,16722.45,FAIL,VOLUME_TOO_LOW
BSE,STOCK,POLYCHEM,Polychem,,506605,X,POLYCHEM.BO,1921.5999755859373,82.9,FAIL,VOLUME_TOO_LOW
BSE,STOCK,POLYCHMP,Polymechplast Machines,,526043,X,POLYCHMP.BO,46.16999816894531,1362.6,FAIL,PRICE_TOO_LOW
BSE,STOCK,POLYCON,Polycon International,,531397,XT,POLYCON.BO,24.5,458.05,FAIL,PRICE_TOO_LOW
BSE,STOCK,POLYLINK,Polylink Polymers,,531454,X,POLYLINK.BO,22.530000686645508,8678.45,FAIL,PRICE_TOO_LOW
BSE,STOCK,POLYMAC,Polymac Thermoformers,,537573,M,POLYMAC.BO,10.15999984741211,480.0,FAIL,PRICE_TOO_LOW
BSE,STOCK,POLYMED,Poly Medicure,,531768,A,POLYMED.BO,1768.949951171875,18433.85,FAIL,VOLUME_TOO_LOW
BSE,STOCK,POLYPLEX,Polyplex Corporation,,524051,B,POLYPLEX.BO,1204.5,6310.2,FAIL,VOLUME_TOO_LOW
BSE,STOCK,POLYSPIN,Polyspin Exports,,539354,B,POLYSPIN.BO,29.93000030517578,2665.6,FAIL,PRICE_TOO_LOW
BSE,STOCK,PONNIERODE,Ponni Sugars Erode,,532460,B,532460.BO,325.29998779296875,890.4,FAIL,VOLUME_TOO_LOW
BSE,STOCK,POOJA,Poojawestern Metaliks,,540727,B,POOJA.BO,17.110000610351562,13254.45,FAIL,PRICE_TOO_LOW
BSE,STOCK,POOJAENT,Vashu Bhagnani Industries,,532011,X,POOJAENT.BO,64.0,16187.4,FAIL,VOLUME_TOO_LOW
BSE,STOCK,POONADAL,Poona Dal & Oil Industries,,519359,X,POONADAL.BO,61.25,550.9,FAIL,VOLUME_TOO_LOW
BSE,STOCK,POONAWALLA,Poonawalla Fincorp,,524000,A,POONAWALLA.BO,465.8500061035156,172071.0,PASS,PASS
BSE,STOCK,POPULARES,Popular Estate Management,,531870,X,POPULARES.BO,14.5600004196167,163.0,FAIL,PRICE_TOO_LOW
BSE,STOCK,PORWAL,Porwal Auto Components,,532933,X,PORWAL.BO,52.310001373291016,10930.15,FAIL,VOLUME_TOO_LOW
BSE,STOCK,POWERGRID,Power Grid Corporation of India,,532898,A,POWERGRID.BO,265.0,464718.15,PASS,PASS
BSE,STOCK,POWERICA,Powerica,,544744,B,POWERICA.BO,511.9500122070313,15261.45,FAIL,VOLUME_TOO_LOW
BSE,STOCK,POWERINDIA,Hitachi Energy,,543187,A,POWERINDIA.BO,32030.05078125,10571.05,FAIL,VOLUME_TOO_LOW
BSE,STOCK,POWERMECH,Power Mech Projects,,539302,A,POWERMECH.BO,2403.10009765625,3491.7,FAIL,VOLUME_TOO_LOW
BSE,STOCK,PPAP,PPAP Automotive,,532934,T,PPAP.BO,260.70001220703125,2356.15,FAIL,VOLUME_TOO_LOW
BSE,STOCK,PPARIVAH,Paradeep Parivahan,,544383,MT,PPARIVAH.BO,287.0,23340.0,FAIL,VOLUME_TOO_LOW
BSE,STOCK,PPL,Prakash Pipes,,542684,T,PPL.BO,257.04998779296875,2249.55,FAIL,VOLUME_TOO_LOW
BSE,STOCK,PPLPHARMA,Piramal Pharma,,543635,A,PPLPHARMA.BO,214.4499969482422,420553.2,PASS,PASS
BSE,STOCK,PQIF,Polo Queen Industrial And Fintech,,540717,X,PQIF.BO,8.359999656677246,74540.35,FAIL,PRICE_TOO_LOW
BSE,STOCK,PRABHA,Prabha Energy,,544379,B,PRABHA.BO,221.6999969482422,32843.05,FAIL,VOLUME_TOO_LOW
BSE,STOCK,PRABHHANS,Prabhhans Industries,,530361,XT,PRABHHANS.BO,36.09999847412109,2513.6,FAIL,PRICE_TOO_LOW
BSE,STOCK,PRADPME,Pradeep Metals,,513532,T,PRADPME.BO,496.9500122070313,1848.3,FAIL,VOLUME_TOO_LOW
BSE,STOCK,PRAENG,Prajay Engineers Syndicate,,531746,B,PRAENG.BO,25.530000686645508,8878.55,FAIL,PRICE_TOO_LOW
BSE,STOCK,PRAGBOS,Prag Bosimi Synthetics,,500192,X,PRAGBOS.BO,2.059999942779541,14281.85,FAIL,PRICE_TOO_LOW
BSE,STOCK,PRAKASH,Prakash Industries,,506022,B,PRAKASH.BO,123.4499969482422,45272.9,FAIL,VOLUME_TOO_LOW
BSE,STOCK,PRAKASHSTL,Prakash Steelage,,533239,B,PRAKASHSTL.BO,3.660000085830689,38259.4,FAIL,PRICE_TOO_LOW
BSE,STOCK,PRARUH,Praruh Technologies,,544538,MT,PRARUH.BO,121.0500030517578,53500.0,FAIL,VOLUME_TOO_LOW
BSE,STOCK,PRATIK,Pratik Panels,,526490,X,PRATIK.BO,4.53000020980835,230416.8,FAIL,PRICE_TOO_LOW
BSE,STOCK,PRAVEG,Praveg,,531637,B,PRAVEG.BO,262.1000061035156,27670.3,FAIL,VOLUME_TOO_LOW
BSE,STOCK,PRAXIS,Praxis Home Retail,,540901,B,PRAXIS.BO,4.46999979019165,26049.15,FAIL,PRICE_TOO_LOW
BSE,STOCK,PRECAM,Precision Camshafts,,539636,B,PRECAM.BO,122.4499969482422,9611.15,FAIL,VOLUME_TOO_LOW
BSE,STOCK,PRECISIO,Precision Electronics,,517258,XT,PRECISIO.BO,173.89999389648438,1531.05,FAIL,VOLUME_TOO_LOW
BSE,STOCK,PREMCAP,Premier Capital Services,,511016,XT,PREMCAP.BO,4.610000133514404,1966.0,FAIL,PRICE_TOO_LOW
BSE,STOCK,PREMCO,Premco Global,,530331,B,PREMCO.BO,385.75,162.9,FAIL,VOLUME_TOO_LOW
BSE,STOCK,PREMEXPLN,Premier Explosives,,526247,A,PREMEXPLN.BO,666.5,10983.05,FAIL,VOLUME_TOO_LOW
BSE,STOCK,PREMIERENE,Premier Energies,,544238,A,PREMIERENE.BO,1002.0,171007.6,PASS,PASS
BSE,STOCK,PREMIERPOL,Premier Polyfilm,,514354,B,514354.BO,73.97000122070312,33859.45,FAIL,VOLUME_TOO_LOW
BSE,STOCK,PREMSYN,Premier Synthetics,,509835,X,PREMSYN.BO,15.6899995803833,516.0,FAIL,PRICE_TOO_LOW
BSE,STOCK,PRERINFRA,Prerna Infrabuild,,531802,X,PRERINFRA.BO,23.899999618530277,7488.45,FAIL,PRICE_TOO_LOW
BSE,STOCK,PRESTIGE,Prestige Estates Projects,,533274,A,PRESTIGE.BO,1625.0,56655.25,FAIL,VOLUME_TOO_LOW
BSE,STOCK,PREVEST,Prevest Denpro,,543363,M,PREVEST.BO,389.7000122070313,21530.0,FAIL,VOLUME_TOO_LOW
BSE,STOCK,PRICOLLTD,Pricol,,540293,A,PRICOLLTD.BO,767.9000244140625,63053.9,FAIL,VOLUME_TOO_LOW
BSE,STOCK,PRIMAGR,Prima Agro,,519262,X,PRIMAGR.BO,15.5,511.75,FAIL,PRICE_TOO_LOW
BSE,STOCK,PRIMAIN,Prima Industries,,531246,X,PRIMAIN.BO,17.34000015258789,874.6,FAIL,PRICE_TOO_LOW
BSE,STOCK,PRIMAPLA,Prima Plastics,,530589,XT,PRIMAPLA.BO,134.8000030517578,15002.75,FAIL,VOLUME_TOO_LOW
BSE,STOCK,PRIMECAPM,PRIMECAPM,,535514,XT,PRIMECAPM.BO,5.769999980926514,296.9,FAIL,PRICE_TOO_LOW
BSE,STOCK,PRIMEFRESH,Prime Fresh,,540404,B,PRIMEFRESH.BO,177.6999969482422,8720.85,FAIL,VOLUME_TOO_LOW
BSE,STOCK,PRIMEPRO,Prime Property Development Corp,,530695,XT,PRIMEPRO.BO,25.190000534057617,2736.6,FAIL,PRICE_TOO_LOW
BSE,STOCK,PRIMESECU,Prime Securities,,500337,B,500337.BO,279.3999938964844,507.6,FAIL,VOLUME_TOO_LOW
BSE,STOCK,PRIMEURB,Prime Urban Development,,521149,X,PRIMEURB.BO,8.470000267028809,3531.25,FAIL,PRICE_TOO_LOW
BSE,STOCK,PRIMIND,Prime Industries,,519299,X,PRIMIND.BO,39.4900016784668,2976.15,FAIL,PRICE_TOO_LOW
BSE,STOCK,PRIMO,Primo Chemicals,,506852,B,PRIMO.BO,21.049999237060547,26931.9,FAIL,PRICE_TOO_LOW
BSE,STOCK,PRINCEPIPE,Prince Pipes & Fittings,,542907,B,PRINCEPIPE.BO,289.54998779296875,12459.4,FAIL,VOLUME_TOO_LOW
BSE,STOCK,PRISMFN,Prism Finance,,531735,P,PRISMFN.BO,27.0,0.0,FAIL,PRICE_TOO_LOW
BSE,STOCK,PRISMMEDI,Prism Medico & Pharmacy,,512217,X,PRISMMEDI.BO,29.700000762939453,7521.05,FAIL,PRICE_TOO_LOW
BSE,STOCK,PRISMX,Prismx Global Ventures,,501314,B,PRISMX.BO,0.5299999713897705,125743.4,FAIL,PRICE_TOO_LOW
BSE,STOCK,PRITHVIEXCH,Prithvi Exchange,,531688,X,PRITHVIEXCH.BO,101.0,2091.65,FAIL,VOLUME_TOO_LOW
BSE,STOCK,PRITIKAUTO,Pritika Auto Industries,,539359,T,PRITIKAUTO.BO,16.670000076293945,13379.85,FAIL,PRICE_TOO_LOW
BSE,STOCK,PRIVISCL,Privi Speciality Chemicals,,530117,A,PRIVISCL.BO,3375.050048828125,2936.0,FAIL,VOLUME_TOO_LOW
BSE,STOCK,PRIYALT,Priya,,524580,X,PRIYALT.BO,21.350000381469727,165.35,FAIL,PRICE_TOO_LOW
BSE,STOCK,PROCLB,Pro CLB Global,,540703,X,PROCLB.BO,28.63999938964844,18682.7,FAIL,PRICE_TOO_LOW
BSE,STOCK,PRODOCS,Prodocs Solutions,,544643,M,PRODOCS.BO,157.0,1600.0,FAIL,VOLUME_TOO_LOW
BSE,STOCK,PROFINC,Pro Fin Capital Services,,511557,Z,PROFINC.BO,2.490000009536743,1001204.6,FAIL,PRICE_TOO_LOW
BSE,STOCK,PROMACT,Promact Plastics,,526494,X,PROMACT.BO,10.300000190734863,1710.35,FAIL,PRICE_TOO_LOW
BSE,STOCK,PROMAX,Promax Power,,543375,M,PROMAX.BO,12.479999542236328,2500.0,FAIL,PRICE_TOO_LOW
BSE,STOCK,PROSTARM,Prostarm Info Systems,,544410,B,PROSTARM.BO,130.1999969482422,16259.55,FAIL,VOLUME_TOO_LOW
BSE,STOCK,PROTEAN,Protean e-Gov Technologies,,544021,A,PROTEAN.BO,495.25,15609.85,FAIL,VOLUME_TOO_LOW
BSE,STOCK,PROZONER,Prozone Realty,,534675,B,PROZONER.BO,46.0,13183.1,FAIL,PRICE_TOO_LOW
BSE,STOCK,PRSMJOHNSN,Prism Johnson,,500338,B,PRSMJOHNSN.BO,111.5,225310.0,PASS,PASS
BSE,STOCK,PRSNTIN,Prashant,,519014,X,PRSNTIN.BO,15.140000343322754,52.65,FAIL,PRICE_TOO_LOW
BSE,STOCK,PRUDENT,Prudent Corporate Advisory Services,,543527,A,PRUDENT.BO,3332.699951171875,16934.6,FAIL,VOLUME_TOO_LOW
BSE,STOCK,PRUDMOULI,Prudential Sugar Corporation,,500342,T,500342.BO,13.890000343322754,1804.85,FAIL,PRICE_TOO_LOW
BSE,STOCK,PSB,Punjab & Sind Bank,,533295,B,PSB.BO,23.049999237060547,81157.45,FAIL,PRICE_TOO_LOW
BSE,STOCK,PSITINFRA,PS IT Infrastructure & Services,,505502,XT,PSITINFRA.BO,1.8600000143051147,48688.85,FAIL,PRICE_TOO_LOW
BSE,STOCK,PSPL,PDP Shipping & Projects,,544378,M,PSPL.BO,51.09999847412109,150.0,FAIL,VOLUME_TOO_LOW
BSE,STOCK,PSPPROJECT,PSP Projects,,540544,B,PSPPROJECT.BO,861.9500122070312,2263.6,FAIL,VOLUME_TOO_LOW
BSE,STOCK,PTC,PTC India,,532524,A,PTC.BO,155.3000030517578,154687.6,PASS,PASS
BSE,STOCK,PTCIL,PTC Industries,,539006,A,PTCIL.BO,23846.349609375,3257.05,FAIL,VOLUME_TOO_LOW
BSE,STOCK,PTL,PTL Enterprises,,509220,B,PTL.BO,37.900001525878906,4286.4,FAIL,PRICE_TOO_LOW
BSE,STOCK,PULSRIN,Pulsar International,,512591,X,PULSRIN.BO,0.449999988079071,4413580.35,FAIL,PRICE_TOO_LOW
BSE,STOCK,PUNJABCHEM,Punjab Chemicals & Crop Protection,,506618,B,PUNJABCHEM.BO,1090.0,532.95,FAIL,VOLUME_TOO_LOW
BSE,STOCK,PUNJCOMMU,Punjab Communications,,500346,B,PUNJCOMMU.BO,61.75,5013.55,FAIL,VOLUME_TOO_LOW
BSE,STOCK,PURETROP,Puretrop Fruits,,530077,X,PURETROP.BO,168.10000610351562,6375.5,FAIL,VOLUME_TOO_LOW
BSE,STOCK,PURITY,Purity Flex Pack,,523315,X,PURITY.BO,0.8899999856948853,18.1,FAIL,PRICE_TOO_LOW
BSE,STOCK,PUROHITCON,Purohit Construction,,538993,XT,PUROHITCON.BO,12.529999732971191,60.5,FAIL,PRICE_TOO_LOW
BSE,STOCK,PURPLE,Purple Agrotech Industries,,540159,X,PURPLE.BO,4.800000190734863,479.45,FAIL,PRICE_TOO_LOW
BSE,STOCK,PURPLEFIN,Purple Finance,,544191,X,PURPLEFIN.BO,70.7699966430664,37694.25,FAIL,VOLUME_TOO_LOW
BSE,STOCK,PURPLEWAVE,Purple Wave Infocom,,544627,MT,PURPLEWAVE.BO,430.3500061035156,25050.0,FAIL,VOLUME_TOO_LOW
BSE,STOCK,PURSHOTTAM,Purshottam Investofin,,538647,X,PURSHOTTAM.BO,34.599998474121094,54551.2,FAIL,PRICE_TOO_LOW
BSE,STOCK,PURVA,Puravankara,,532891,B,PURVA.BO,210.8000030517578,59958.0,FAIL,VOLUME_TOO_LOW
BSE,STOCK,PVP,PVP Ventures,,517556,B,PVP.BO,64.80000305175781,322871.1,PASS,PASS
BSE,STOCK,PVRINOX,PVR Inox,,532689,A,PVRINOX.BO,1246.800048828125,58192.8,FAIL,VOLUME_TOO_LOW
BSE,STOCK,PVSL,Popular Vehicles & Services,,544144,B,PVSL.BO,102.5,16421.9,FAIL,VOLUME_TOO_LOW
BSE,STOCK,PVVINFRA,PVV Infra,,536659,X,PVVINFRA.BO,2.880000114440918,1492225.05,FAIL,PRICE_TOO_LOW
BSE,STOCK,PWASML,Prakash Woollen & Synthetic Mills,,531437,X,PWASML.BO,22.479999542236328,2967.55,FAIL,PRICE_TOO_LOW
BSE,STOCK,PWL,Physicswallah,,544609,B,PWL.BO,120.5500030517578,698634.95,PASS,PASS
BSE,STOCK,PYRAMID,Pyramid Technoplast,,543969,B,PYRAMID.BO,153.39999389648438,2753.95,FAIL,VOLUME_TOO_LOW
BSE,STOCK,PYXISFIN,Pyxis Finvest,,534109,MT,534109.BO,9.760000228881836,0.0,FAIL,PRICE_TOO_LOW
BSE,STOCK,QGO,QGO Finance,,538646,X,QGO.BO,42.43999862670898,2317.8,FAIL,PRICE_TOO_LOW
BSE,STOCK,QLL,Qualitek Labs,,544091,M,QLL.BO,435.5,6240.0,FAIL,VOLUME_TOO_LOW
BSE,STOCK,QPOWER,Quality Power Electrical Equipments,,544367,B,QPOWER.BO,1423.9000244140625,23241.2,FAIL,VOLUME_TOO_LOW
BSE,STOCK,QRIL,Quality RO Industries,,543460,M,QRIL.BO,29.0,925.0,FAIL,PRICE_TOO_LOW
BSE,STOCK,QUADFUTURE,Quadrant Future Tek,,544336,B,QUADFUTURE.BO,426.1499938964844,171800.45,PASS,PASS
BSE,STOCK,QUANTDIA,Quantum Digital Vision,,530281,XT,QUANTDIA.BO,38.29999923706055,2573.05,FAIL,PRICE_TOO_LOW
BSE,STOCK,QUESS,Quess Corp,,539978,B,QUESS.BO,366.5,44455.25,FAIL,VOLUME_TOO_LOW
BSE,STOCK,QUESTCAP,Quest Capital Markets,,500069,X,QUESTCAP.BO,255.8999938964844,301.6,FAIL,VOLUME_TOO_LOW
BSE,STOCK,QUESTFLOW,Meson Valves,,543982,M,QUESTFLOW.BO,150.3000030517578,14600.0,FAIL,VOLUME_TOO_LOW
BSE,STOCK,QUICKHEAL,Quick Heal Technologies,,539678,T,QUICKHEAL.BO,137.39999389648438,5745.2,FAIL,VOLUME_TOO_LOW
BSE,STOCK,QUINT,Quint Digital Media,,539515,B,QUINT.BO,41.16999816894531,3925.15,FAIL,PRICE_TOO_LOW
BSE,STOCK,RAAJMEDI,Raaj Medisafe,,524502,XT,RAAJMEDI.BO,101.5,4427.15,FAIL,VOLUME_TOO_LOW
BSE,STOCK,RAAMA,Raama Finance,,538540,XT,RAAMA.BO,16.329999923706055,101708.75,FAIL,PRICE_TOO_LOW
BSE,STOCK,RACE,Race Eco Chain,,537785,B,RACE.BO,102.9000015258789,2091.95,FAIL,VOLUME_TOO_LOW
BSE,STOCK,RACHIT,Rachit Prints,,544503,M,RACHIT.BO,188.0,2300.0,FAIL,VOLUME_TOO_LOW
BSE,STOCK,RACLGEAR,RACL Geartech,,520073,B,RACLGEAR.BO,1558.449951171875,3870.7,FAIL,VOLUME_TOO_LOW
BSE,STOCK,RACONTEUR,Raconteur Global Resources,,541703,M,RACONTEUR.BO,9.239999771118164,7040.0,FAIL,PRICE_TOO_LOW
BSE,STOCK,RADAAN,Radaan Mediaworks,,590070,B,RADAAN.BO,3.0299999713897705,4968.35,FAIL,PRICE_TOO_LOW
BSE,STOCK,RADHEDE,Radhe Developers,,531273,X,RADHEDE.BO,1.399999976158142,115857.65,FAIL,PRICE_TOO_LOW
BSE,STOCK,RADHIKAJWE,Radhika Jeweltech,,540125,B,RADHIKAJWE.BO,71.38999938964844,78905.1,FAIL,VOLUME_TOO_LOW
BSE,STOCK,RADIANTCMS,Radiant Cash Management Services,,543732,B,RADIANTCMS.BO,39.83000183105469,27534.5,FAIL,PRICE_TOO_LOW
BSE,STOCK,RADIOCITY,Music Broadcast,,540366,B,RADIOCITY.BO,6.300000190734863,6349.0,FAIL,PRICE_TOO_LOW
BSE,STOCK,RADIXIND,Radix Industries,,531412,X,RADIXIND.BO,154.0,138.2,FAIL,VOLUME_TOO_LOW
BSE,STOCK,RAFL,Raghuvansh Agrofarms,,538921,M,RAFL.BO,34.04999923706055,0.0,FAIL,PRICE_TOO_LOW
BSE,STOCK,RAGHUNAT,Raghunath International,,526813,X,RAGHUNAT.BO,9.890000343322754,1087.5,FAIL,PRICE_TOO_LOW
BSE,STOCK,RAGHUSYN,Raghuvir Synthetics,,514316,X,RAGHUSYN.BO,90.91000366210938,1796.35,FAIL,VOLUME_TOO_LOW
BSE,STOCK,RAGHUTOB,Raghunath Tobacco,,531552,X,RAGHUTOB.BO,12.970000267028809,2044.15,FAIL,PRICE_TOO_LOW
BSE,STOCK,RAILTEL,Railtel Corporation of India,,543265,A,RAILTEL.BO,271.0,71164.8,FAIL,VOLUME_TOO_LOW
BSE,STOCK,RAIN,Rain Industries,,500339,A,RAIN.BO,211.9499969482422,279370.15,PASS,PASS
BSE,STOCK,RAINBOW,Rainbow Childrens Medicare,,543524,A,RAINBOW.BO,1442.050048828125,9107.7,FAIL,VOLUME_TOO_LOW
BSE,STOCK,RAINBOWF,Rainbow Foundations,,531694,X,RAINBOWF.BO,34.939998626708984,7189.45,FAIL,PRICE_TOO_LOW
BSE,STOCK,RAJABAH,Raja Bahadur International,,503127,X,RAJABAH.BO,4926.25,25.05,FAIL,VOLUME_TOO_LOW
BSE,STOCK,RAJESH,Rajesh Power Services,,544291,M,RAJESH.BO,768.7000122070312,25965.0,FAIL,VOLUME_TOO_LOW
BSE,STOCK,RAJESHEXPO,Rajesh Exports,,531500,Z,RAJESHEXPO.BO,83.38999938964844,16379.45,FAIL,VOLUME_TOO_LOW
BSE,STOCK,RAJINFRA,Rajeswari Infrastructure,,526823,Z,RAJINFRA.BO,4.349999904632568,831.45,FAIL,PRICE_TOO_LOW
BSE,STOCK,RAJKOTINV,Rajkot Investment Trust,,539495,X,RAJKOTINV.BO,43.0,48.6,FAIL,PRICE_TOO_LOW
BSE,STOCK,RAJKSYN,Rajkamal Synthetics,,514028,X,RAJKSYN.BO,21.459999084472656,2314.3,FAIL,PRICE_TOO_LOW
BSE,STOCK,RAJNISH,Rajnish Wellness,,541601,B,RAJNISH.BO,0.4000000059604645,3070436.25,FAIL,PRICE_TOO_LOW
BSE,STOCK,RAJOOENG,Rajoo Engineers,,522257,T,RAJOOENG.BO,48.970001220703125,27783.25,FAIL,PRICE_TOO_LOW
BSE,STOCK,RAJPACK,Raj Packaging Industries,,530111,X,RAJPACK.BO,29.950000762939453,2971.8,FAIL,PRICE_TOO_LOW
BSE,STOCK,RAJPALAYAM,Rajapalayam Mills,,532503,B,RAJPALAYAM.BO,795.2000122070312,588.65,FAIL,VOLUME_TOO_LOW
BSE,STOCK,RAJPUTANA,Rajputana Investment & Finance,,539090,X,RAJPUTANA.BO,30.0,1535.0,FAIL,PRICE_TOO_LOW
BSE,STOCK,RAJRATAN,Rajratan Global Wire,,517522,B,RAJRATAN.BO,495.8999938964844,5073.4,FAIL,VOLUME_TOO_LOW
BSE,STOCK,RAJRILTD,Raj Rayon Industries,,530699,T,RAJRILTD.BO,22.18000030517578,6893.75,FAIL,PRICE_TOO_LOW
BSE,STOCK,RAJSEC,Rajasthan Securities,,526873,X,RAJSEC.BO,56.9900016784668,82961.35,FAIL,VOLUME_TOO_LOW
BSE,STOCK,RAJSPTR,Rajasthan Petro Synthetics,,506975,P,RAJSPTR.BO,11.0,310.0,FAIL,PRICE_TOO_LOW
BSE,STOCK,RAJSREESUG,Rajshree Sugars & Chemicals,,500354,B,500354.BO,32.029998779296875,3043.75,FAIL,PRICE_TOO_LOW
BSE,STOCK,RAJTUBE,Rajasthan Tube Manufacturing,,530253,XT,RAJTUBE.BO,10.1899995803833,38048.85,FAIL,PRICE_TOO_LOW
BSE,STOCK,RAJTV,Raj TV Network,,532826,B,RAJTV.BO,8.539999961853027,3781.0,FAIL,PRICE_TOO_LOW
BSE,STOCK,RAJVI,Rajvi Logitrade,,511185,X,RAJVI.BO,23.38999938964844,26.0,FAIL,PRICE_TOO_LOW
BSE,STOCK,RAL,Resourceful Automobile,,544236,M,RAL.BO,41.0,420.0,FAIL,PRICE_TOO_LOW
BSE,STOCK,RALEGRA,Ravileela Granites,,526095,XT,RALEGRA.BO,53.79999923706055,543.95,FAIL,VOLUME_TOO_LOW
BSE,STOCK,RAMANEWS,Shree Rama Newsprint & Papers,,500356,B,500356.BO,28.799999237060547,1829.2,FAIL,PRICE_TOO_LOW
BSE,STOCK,RAMAPHO,Rama Phosphates,,524037,B,RAMAPHO.BO,124.0,2448.15,FAIL,VOLUME_TOO_LOW
BSE,STOCK,RAMAPPR-B,Rama Paper Mills,,500357,Z,RAMAPPR-B.BO,15.600000381469728,1148.0,FAIL,PRICE_TOO_LOW
BSE,STOCK,RAMASTEEL,Rama Steel Tubes,,539309,T,RAMASTEEL.BO,4.079999923706055,2194197.4,FAIL,PRICE_TOO_LOW
BSE,STOCK,RAMAVISION,Rama Vision,,523289,X,RAMAVISION.BO,171.9499969482422,6277.3,FAIL,VOLUME_TOO_LOW
BSE,STOCK,RAMBHAJO,Advit Jewels,,544803,B,RAMBHAJO.BO,244.8000030517578,182116.25,PASS,PASS
BSE,STOCK,RAMCOCEM,Ramco Cements,,500260,A,RAMCOCEM.BO,879.3499755859375,52921.6,FAIL,VOLUME_TOO_LOW
BSE,STOCK,RAMCOIND,Ramco Industries,,532369,B,RAMCOIND.BO,323.54998779296875,62411.05,FAIL,VOLUME_TOO_LOW
BSE,STOCK,RAMCOSYS,Ramco Systems,,532370,B,RAMCOSYS.BO,586.3499755859375,11193.6,FAIL,VOLUME_TOO_LOW
BSE,STOCK,RAMGOPOLY,Ramgopal Polytex,,514223,XT,RAMGOPOLY.BO,31.36000061035156,22538.35,FAIL,PRICE_TOO_LOW
BSE,STOCK,RAMINFO,Raminfo,,530951,X,RAMINFO.BO,43.08000183105469,7059.45,FAIL,PRICE_TOO_LOW
BSE,STOCK,RAMKY,Ramky Infrastructure,,533262,B,RAMKY.BO,352.29998779296875,2833.0,FAIL,VOLUME_TOO_LOW
BSE,STOCK,RAMRAT,Ram Ratna Wires,,522281,B,RAMRAT.BO,561.7000122070312,27800.2,FAIL,VOLUME_TOO_LOW
BSE,STOCK,RAMSONS,Ramsons Projects,,530925,X,RAMSONS.BO,83.0,573.85,FAIL,VOLUME_TOO_LOW
BSE,STOCK,RANASUG,Rana Sugars,,507490,B,RANASUG.BO,15.15999984741211,106926.15,FAIL,PRICE_TOO_LOW
BSE,STOCK,RANDER,Rander Corporation,,531228,XT,RANDER.BO,13.600000381469728,3850.65,FAIL,PRICE_TOO_LOW
BSE,STOCK,RANEHOLDIN,Rane Holdings,,505800,B,RANEHOLDIN.BO,1631.3499755859375,1943.25,FAIL,VOLUME_TOO_LOW
BSE,STOCK,RANJEET,Ranjeet Mechatronics,,541945,M,RANJEET.BO,6.75,3200.0,FAIL,PRICE_TOO_LOW
BSE,STOCK,RANJITSE,Ranjit Securities,,531572,XT,RANJITSE.BO,60.29999923706055,108.45,FAIL,VOLUME_TOO_LOW
BSE,STOCK,RAP,Rap Corp,,531583,X,RAP.BO,33.08000183105469,2895.35,FAIL,PRICE_TOO_LOW
BSE,STOCK,RAPICUT,Rapicut Carbides,,500360,XT,RAPICUT.BO,354.6499938964844,11563.6,FAIL,VOLUME_TOO_LOW
BSE,STOCK,RAPID,Rapid Multimodal Logistics,,544237,M,RAPID.BO,133.60000610351562,1080.0,FAIL,VOLUME_TOO_LOW
BSE,STOCK,RAPIDIN,Rapid Investments,,501351,X,RAPIDIN.BO,92.0,33.05,FAIL,VOLUME_TOO_LOW
BSE,STOCK,RASANDIK,Rasandik Engineering Industries,,522207,X,RASANDIK.BO,56.09999847412109,2790.25,FAIL,VOLUME_TOO_LOW
BSE,STOCK,RASIELEC,Rasi Electrodes,,531233,X,RASIELEC.BO,12.229999542236328,15229.6,FAIL,PRICE_TOO_LOW
BSE,STOCK,RASRESOR,Ras Resorts & Apart Hotels,,507966,X,RASRESOR.BO,56.4900016784668,311.1,FAIL,VOLUME_TOO_LOW
BSE,STOCK,RATEGAIN,RateGain Travel,,543417,A,RATEGAIN.BO,870.5999755859375,25654.45,FAIL,VOLUME_TOO_LOW
BSE,STOCK,RATHIBAR,Rathi Bars,,532918,X,RATHIBAR.BO,16.420000076293945,14108.95,FAIL,PRICE_TOO_LOW
BSE,STOCK,RATHIST,Rathi Steel & Power,,504903,XT,RATHIST.BO,22.71999931335449,69305.8,FAIL,PRICE_TOO_LOW
BSE,STOCK,RATNABHUMI,Ratnabhumi Developers,,540796,B,RATNABHUMI.BO,174.0,0.8,FAIL,VOLUME_TOO_LOW
BSE,STOCK,RATNAMANI,Ratnamani Metals & Tubes,,520111,A,RATNAMANI.BO,2666.75,9039.15,FAIL,VOLUME_TOO_LOW
BSE,STOCK,RATNAVEER,Ratnaveer Precision Engineering,,543978,B,RATNAVEER.BO,287.1000061035156,326730.8,PASS,PASS
BSE,STOCK,RAVALSUGAR,The Ravalgaon Sugar Farm,,507300,X,RAVALSUGAR.BO,950.0,95.65,FAIL,VOLUME_TOO_LOW
BSE,STOCK,RAVEL,Ravelcare,,544629,M,RAVEL.BO,108.0,10100.0,FAIL,VOLUME_TOO_LOW
BSE,STOCK,RAWEDGE,Raw Edge Industrial Solutions,,541634,B,RAWEDGE.BO,15.270000457763672,3087.05,FAIL,PRICE_TOO_LOW
BSE,STOCK,RAYALEMA,Royale Manor Hotels & Industries,,526640,X,RAYALEMA.BO,28.549999237060547,1527.65,FAIL,PRICE_TOO_LOW
BSE,STOCK,RAYMONDLSL,Raymond Lifestyle,,544240,A,RAYMONDLSL.BO,649.2999877929688,9059.55,FAIL,VOLUME_TOO_LOW
BSE,STOCK,RAYMONDREL,Raymond Realty,,544420,B,RAYMONDREL.BO,536.4000244140625,23259.75,FAIL,VOLUME_TOO_LOW
BSE,STOCK,RBA,Restaurant Brand Asia (Burger King),,543248,A,RBA.BO,97.88999938964844,485373.25,PASS,PASS
BSE,STOCK,RBLBANK,RBL Bank,,540065,A,RBLBANK.BO,408.0,138706.0,PASS,PASS
BSE,STOCK,RBZJEWEL,RBZ Jewellers,,544060,B,RBZJEWEL.BO,192.6499938964844,57122.6,FAIL,VOLUME_TOO_LOW
BSE,STOCK,RCAN,Rajeshwari Cans,,543285,M,RCAN.BO,15.8100004196167,4960.0,FAIL,PRICE_TOO_LOW
BSE,STOCK,RCCL,Rajasthan Cylinders Containers,,538707,X,RCCL.BO,29.989999771118164,788.2,FAIL,PRICE_TOO_LOW
BSE,STOCK,RCF,Rashtriya Chemicals & Fertilizers,,524230,A,RCF.BO,114.5,113959.4,PASS,PASS
BSE,STOCK,RCL,Radhagobind Commercial,,539673,Z,RCL.BO,1.870000004768372,2139.85,FAIL,PRICE_TOO_LOW
BSE,STOCK,RCOM,Reliance Communications,,532712,T,RCOM.BO,0.7900000214576721,520053.85,FAIL,PRICE_TOO_LOW
BSE,STOCK,RDBIPL,RDB Infrastructure & Power,,533285,B,RDBIPL.BO,15.050000190734863,117412.3,FAIL,PRICE_TOO_LOW
BSE,STOCK,RDBRL,RDB Rasayans,,533608,X,RDBRL.BO,167.39999389648438,11898.1,FAIL,VOLUME_TOO_LOW
BSE,STOCK,RDEL,Riddhi Display Equipments,,544640,M,RDEL.BO,29.899999618530277,1980.0,FAIL,PRICE_TOO_LOW
BSE,STOCK,RDGAIL,Rukmani Devi Garg Agro Impex,,544552,M,RDGAIL.BO,140.0,8340.0,FAIL,VOLUME_TOO_LOW
BSE,STOCK,REALECO,Real Eco Energy,,530053,X,REALECO.BO,4.559999942779541,93430.55,FAIL,PRICE_TOO_LOW
BSE,STOCK,RECLTD,REC,,532955,A,RECLTD.BO,313.70001220703125,460144.25,PASS,PASS
BSE,STOCK,RECODE,Recode Studios,,544755,MT,RECODE.BO,320.04998779296875,53600.0,FAIL,VOLUME_TOO_LOW
BSE,STOCK,REDINGTON,Redington,,532805,A,REDINGTON.BO,372.3999938964844,459613.0,PASS,PASS
BSE,STOCK,REDTAPE,Redtape,,543957,B,REDTAPE.BO,117.5,37923.85,FAIL,VOLUME_TOO_LOW
BSE,STOCK,REETECH,Reetech International,,543617,M,REETECH.BO,15.0,600.0,FAIL,PRICE_TOO_LOW
BSE,STOCK,REFEX,Refex Industries,,532884,A,REFEX.BO,279.04998779296875,18655.05,FAIL,VOLUME_TOO_LOW
BSE,STOCK,REGAAL,Regaal Resources,,544485,B,REGAAL.BO,89.26000213623047,37160.45,FAIL,VOLUME_TOO_LOW
BSE,STOCK,REGAL,Regal Entertainment Consultants,,531033,X,REGAL.BO,17.0,2606.55,FAIL,PRICE_TOO_LOW
BSE,STOCK,REGANTO,Reganto Enterprises,,517393,Z,REGANTO.BO,4.949999809265137,281816.2,FAIL,PRICE_TOO_LOW
BSE,STOCK,REGENCERAM,Regency Ceramics,,515018,B,REGENCERAM.BO,36.9900016784668,4469.75,FAIL,PRICE_TOO_LOW
BSE,STOCK,REGENCY,Regency Fincorp,,540175,XT,REGENCY.BO,47.02999877929688,60921.6,FAIL,PRICE_TOO_LOW
BSE,STOCK,REGENTRP,Regent Enterprises,,512624,X,REGENTRP.BO,5.440000057220459,35899.3,FAIL,PRICE_TOO_LOW
BSE,STOCK,REGIS,Regis Industries,,543208,X,REGIS.BO,2.069999933242798,100851.2,FAIL,PRICE_TOO_LOW
BSE,STOCK,RELAXO,Relaxo Footwears,,530517,A,RELAXO.BO,343.95001220703125,32650.6,FAIL,VOLUME_TOO_LOW
BSE,STOCK,RELCHEMQ,Reliance Chemotex,,503162,B,RELCHEMQ.BO,115.25,820.05,FAIL,VOLUME_TOO_LOW
BSE,STOCK,RELIABLE,Reliable Data Services,,544207,B,RELIABLE.BO,141.6999969482422,4009.35,FAIL,VOLUME_TOO_LOW
BSE,STOCK,RELIABVEN,Reliable Ventures,,532124,XT,RELIABVEN.BO,26.0,3512.85,FAIL,PRICE_TOO_LOW
BSE,STOCK,RELIANCE,Reliance Industries,,500325,A,500325.BO,1326.5,913820.15,PASS,PASS
BSE,STOCK,RELICAB,Relicab Cable Manufacturing,,539760,B,RELICAB.BO,36.33000183105469,5154.7,FAIL,PRICE_TOO_LOW
BSE,STOCK,RELICTEC,Relic Technologies,,511712,X,RELICTEC.BO,68.05000305175781,682.25,FAIL,VOLUME_TOO_LOW
BSE,STOCK,RELIGARE,Religare Enterprises,,532915,A,RELIGARE.BO,251.8500061035156,308691.6,PASS,PASS
BSE,STOCK,RELTD,Ravindra Energy,,504341,B,RELTD.BO,158.8000030517578,11629.65,FAIL,VOLUME_TOO_LOW
BSE,STOCK,REMAGNET,Midwest Energy,,526570,B,REMAGNET.BO,3857.5,5956.6,FAIL,VOLUME_TOO_LOW
BSE,STOCK,REMIEDEL,Remi Edelstahl Tubulars,,513043,X,REMIEDEL.BO,238.9499969482422,7143.35,FAIL,VOLUME_TOO_LOW
BSE,STOCK,REMSONSIND,Remsons Industries,,530919,B,REMSONSIND.BO,95.19000244140624,13070.0,FAIL,VOLUME_TOO_LOW
BSE,STOCK,REPCOHOME,Repco Home Finance,,535322,B,REPCOHOME.BO,355.3999938964844,5868.5,FAIL,VOLUME_TOO_LOW
BSE,STOCK,REPONO,Repono,,544463,MT,REPONO.BO,82.5,20400.0,FAIL,VOLUME_TOO_LOW
BSE,STOCK,RESGEN,ResGen,,543805,M,RESGEN.BO,43.5,19425.0,FAIL,PRICE_TOO_LOW
BSE,STOCK,RESONANCE,Resonance Specialties,,524218,XT,RESONANCE.BO,157.10000610351562,29084.85,FAIL,VOLUME_TOO_LOW
BSE,STOCK,RESPONIND,Responsive Industries,,505509,B,RESPONIND.BO,152.1999969482422,7147.7,FAIL,VOLUME_TOO_LOW
BSE,STOCK,RESPONSINF,Response Informatics,,538273,X,RESPONSINF.BO,21.690000534057617,3122.65,FAIL,PRICE_TOO_LOW
BSE,STOCK,RESTILE,Restile Ceramics,,515085,X,RESTILE.BO,7.510000228881836,13949.4,FAIL,PRICE_TOO_LOW
BSE,STOCK,RETAGGIO,Retaggio Industries,,544391,M,RETAGGIO.BO,46.630001068115234,5100.0,FAIL,PRICE_TOO_LOW
BSE,STOCK,RETINA,Retina Paints,,543902,M,RETINA.BO,38.0,27500.0,FAIL,PRICE_TOO_LOW
BSE,STOCK,REXNORD,Rexnord Electronics & Controls,,531888,XT,REXNORD.BO,83.0,1706.5,FAIL,VOLUME_TOO_LOW
BSE,STOCK,REXSEAL,Rex Sealing & Packing Industries,,543744,M,REXSEAL.BO,105.0,125.0,FAIL,VOLUME_TOO_LOW
BSE,STOCK,RFIL,Rajnandini Fashion,,544771,M,RFIL.BO,32.0,10600.0,FAIL,PRICE_TOO_LOW
BSE,STOCK,RFL,Ruparel Food Products,,511740,X,RFL.BO,100.3000030517578,147.4,FAIL,VOLUME_TOO_LOW
BSE,STOCK,RFLL,Rita Finance & Leasing,,543256,X,RFLL.BO,10.989999771118164,13046.2,FAIL,PRICE_TOO_LOW
BSE,STOCK,RFSL,Richfield Financial Services,,539435,X,RFSL.BO,20.43000030517578,3831.45,FAIL,PRICE_TOO_LOW
BSE,STOCK,RGF,RGF Capital Markets,,539669,XT,RGF.BO,1.5700000524520874,972865.3,FAIL,PRICE_TOO_LOW
BSE,STOCK,RGIL,Rotographics,,539922,XT,RGIL.BO,56.77000045776367,91235.7,FAIL,VOLUME_TOO_LOW
BSE,STOCK,RGL,Renaissance Jewellery,,532923,B,RGL.BO,137.5,114199.1,PASS,PASS
BSE,STOCK,RGRL,Retro Green Revolution,,519191,Z,RGRL.BO,1.2000000476837158,43956.3,FAIL,PRICE_TOO_LOW
BSE,STOCK,RHETAN,Rhetan TMT,,543590,B,RHETAN.BO,23.13999938964844,811904.7,FAIL,PRICE_TOO_LOW
BSE,STOCK,RHFL,Reliance Home Finance,,540709,Z,RHFL.BO,1.7899999618530271,176705.3,FAIL,PRICE_TOO_LOW
BSE,STOCK,RHIM,RHI Magnesita,,534076,A,RHIM.BO,369.5499877929688,30899.3,FAIL,VOLUME_TOO_LOW
BSE,STOCK,RHL,Robust Hotels,,543901,B,RHL.BO,169.39999389648438,90.0,FAIL,VOLUME_TOO_LOW
BSE,STOCK,RIBATEX,Riba Textiles,,531952,XT,RIBATEX.BO,65.70999908447266,6074.35,FAIL,VOLUME_TOO_LOW
BSE,STOCK,RICHUNV,Rich Universe Network,,530271,X,RICHUNV.BO,8.260000228881836,1566.55,FAIL,PRICE_TOO_LOW
BSE,STOCK,RICOAUTO,Rico Auto Industries,,520008,B,520008.BO,127.75,107747.2,PASS,PASS
BSE,STOCK,RIDDHI,Riddhi Siddhi Gluco Biols,,524480,XT,RIDDHI.BO,750.0,1176.0,FAIL,VOLUME_TOO_LOW
BSE,STOCK,RIDDHICORP,Riddhi Corporate Services,,540590,X,RIDDHICORP.BO,57.040000915527344,805.95,FAIL,VOLUME_TOO_LOW
BSE,STOCK,RIIL,Reliance Industrial Infrastructure,,523445,B,RIIL.BO,752.7000122070312,4551.3,FAIL,VOLUME_TOO_LOW
BSE,STOCK,RIKHAV,Rikhav Securities,,544340,M,RIKHAV.BO,45.40999984741211,8880.0,FAIL,PRICE_TOO_LOW
BSE,STOCK,RIR,RIR Power Electronics,,517035,B,RIR.BO,157.5,80434.65,FAIL,VOLUME_TOO_LOW
BSE,STOCK,RISAINTL,Risa International,,530251,X,RISAINTL.BO,0.4399999976158142,54914.55,FAIL,PRICE_TOO_LOW
BSE,STOCK,RISHABH,Rishabh Instruments,,543977,B,RISHABH.BO,734.7000122070312,33088.3,FAIL,VOLUME_TOO_LOW
BSE,STOCK,RISHDIGA,Rishabh Digha Steel & Allied Products,,531539,X,RISHDIGA.BO,35.9900016784668,56.85,FAIL,PRICE_TOO_LOW
BSE,STOCK,RISHILASE,Rishi Laser,,526861,X,RISHILASE.BO,130.89999389648438,6926.0,FAIL,VOLUME_TOO_LOW
BSE,STOCK,RISHIROOP,Rishiroop,,526492,X,RISHIROOP.BO,107.9000015258789,8523.55,FAIL,VOLUME_TOO_LOW
BSE,STOCK,RISHITECH,Rishi Techtex,,523021,X,RISHITECH.BO,38.97999954223633,2148.2,FAIL,PRICE_TOO_LOW
BSE,STOCK,RITCO,Ritco Logistics,,542383,B,RITCO.BO,302.29998779296875,5438.05,FAIL,VOLUME_TOO_LOW
BSE,STOCK,RITES,RITES,,541556,A,RITES.BO,213.5,39488.95,FAIL,VOLUME_TOO_LOW
BSE,STOCK,RITESHIN,Ritesh International,,519097,XT,RITESHIN.BO,76.95999908447266,3747.45,FAIL,VOLUME_TOO_LOW
BSE,STOCK,RITHWIKFMS,Rithwik Facility Management Services,,540843,MT,RITHWIKFMS.BO,156.0,0.0,FAIL,VOLUME_TOO_LOW
BSE,STOCK,RIYAASAT,Riyaasat Lifestyle,,544804,M,RIYAASAT.BO,70.3499984741211,5280.0,FAIL,VOLUME_TOO_LOW
BSE,STOCK,RJSHAH,RJ Shah & Company,,509845,P,RJSHAH.BO,490.0,5.0,FAIL,VOLUME_TOO_LOW
BSE,STOCK,RKDAGRRTL,RKD Agri & Retail,,511169,X,RKDAGRRTL.BO,4.800000190734863,563.45,FAIL,PRICE_TOO_LOW
BSE,STOCK,RKDL,Ravi Kumar Distilleries,,533294,B,RKDL.BO,18.15999984741211,1558.55,FAIL,PRICE_TOO_LOW
BSE,STOCK,RKSWAMY,RK Swamy,,544136,B,RKSWAMY.BO,92.62999725341795,6491.35,FAIL,VOLUME_TOO_LOW
BSE,STOCK,RLF,RLF,,512618,X,RLF.BO,9.399999618530272,1432.7,FAIL,PRICE_TOO_LOW
BSE,STOCK,RMC,RMC Switchgears,,540358,B,RMC.BO,225.75,15506.9,FAIL,VOLUME_TOO_LOW
BSE,STOCK,RMDRIP,RM Drip & Sprinklers System,,544456,T,RMDRIP.BO,20.84000015258789,42135.85,FAIL,PRICE_TOO_LOW
BSE,STOCK,RML,Rane Madras,,532661,B,532661.BO,1180.3499755859375,4468.65,FAIL,VOLUME_TOO_LOW
BSE,STOCK,RNBDENIMS,R&B Denims,,538119,B,RNBDENIMS.BO,10.81999969482422,124322.35,FAIL,PRICE_TOO_LOW
BSE,STOCK,RNITAI,Rnit Ai Solutions,,517286,X,RNITAI.BO,95.77999877929688,186336.55,PASS,PASS
BSE,STOCK,ROBU,Macfos,,543787,M,ROBU.BO,1089.75,7326.0,FAIL,VOLUME_TOO_LOW
BSE,STOCK,RODIUM,Rodium Realty,,531822,X,RODIUM.BO,149.25,516.4,FAIL,VOLUME_TOO_LOW
BSE,STOCK,ROJL,RO Jewels,,543171,B,ROJL.BO,1.5499999523162842,24728.8,FAIL,PRICE_TOO_LOW
BSE,STOCK,ROLCOEN,Rolcon Engineering Company,,505807,P,ROLCOEN.BO,499.7999877929688,140.0,FAIL,VOLUME_TOO_LOW
BSE,STOCK,ROLEXRINGS,Rolex Rings,,543325,B,ROLEXRINGS.BO,174.85000610351562,359149.25,PASS,PASS
BSE,STOCK,ROLLT,Rollatainers,,502448,T,ROLLT.BO,4.119999885559082,111730.65,FAIL,PRICE_TOO_LOW
BSE,STOCK,ROML,Raj Oil Mills,,533093,B,ROML.BO,42.310001373291016,606.1,FAIL,PRICE_TOO_LOW
BSE,STOCK,RONI,Roni Households,,542145,M,RONI.BO,24.799999237060547,19710.0,FAIL,PRICE_TOO_LOW
BSE,STOCK,ROOPAIND,Roopa Industries,,530991,X,ROOPAIND.BO,49.75,777.6,FAIL,PRICE_TOO_LOW
BSE,STOCK,ROOPSHRI,Roopshri Resorts,,542599,MT,ROOPSHRI.BO,68.19999694824219,0.0,FAIL,VOLUME_TOO_LOW
BSE,STOCK,ROSELABS,Roselabs Finance,,531324,X,ROSELABS.BO,23.0,526.9,FAIL,PRICE_TOO_LOW
BSE,STOCK,ROSEMER,Rose Merc,,512115,X,ROSEMER.BO,59.630001068115234,3049.7,FAIL,VOLUME_TOO_LOW
BSE,STOCK,ROSSARI,Rossari Biotech,,543213,B,ROSSARI.BO,456.9500122070313,4787.5,FAIL,VOLUME_TOO_LOW
BSE,STOCK,ROSSELLIND,Rossell,,533168,B,ROSSELLIND.BO,57.630001068115234,21361.25,FAIL,VOLUME_TOO_LOW
BSE,STOCK,ROSSTECH,Rossell Techsys,,544294,B,ROSSTECH.BO,1115.25,24203.5,FAIL,VOLUME_TOO_LOW
BSE,STOCK,ROTO,Roto Pumps,,517500,B,ROTO.BO,63.77000045776367,31964.9,FAIL,VOLUME_TOO_LOW
BSE,STOCK,ROUTE,Route Mobile,,543228,B,ROUTE.BO,503.6000061035156,12932.8,FAIL,VOLUME_TOO_LOW
BSE,STOCK,ROYAL,Royal Sense,,544143,M,ROYAL.BO,102.3499984741211,2800.0,FAIL,VOLUME_TOO_LOW
BSE,STOCK,ROYALCU,Royal Cushion Vinyl Products,,526193,X,ROYALCU.BO,11.75,13041.0,FAIL,PRICE_TOO_LOW
BSE,STOCK,ROYALIND,Royal India Corp,,512047,X,ROYALIND.BO,5.960000038146973,108587.5,FAIL,PRICE_TOO_LOW
BSE,STOCK,RPEL,Raghav Productivity Enhancers,,539837,B,RPEL.BO,1883.5,7988.55,FAIL,VOLUME_TOO_LOW
BSE,STOCK,RPGLIFE,RPG Life Sciences,,532983,B,RPGLIFE.BO,2661.10009765625,730.3,FAIL,VOLUME_TOO_LOW
BSE,STOCK,RPOWER,Reliance Power,,532939,A,RPOWER.BO,22.040000915527344,2224045.55,FAIL,PRICE_TOO_LOW
BSE,STOCK,RPPINFRA,RPP Infra Projects,,533284,B,RPPINFRA.BO,55.61000061035156,6432.85,FAIL,VOLUME_TOO_LOW
BSE,STOCK,RPSGVENT,RPSG Ventures,,542333,B,RPSGVENT.BO,837.0999755859375,848.85,FAIL,VOLUME_TOO_LOW
BSE,STOCK,RPTECH,Rashi Peripherals,,544119,B,RPTECH.BO,814.75,33791.85,FAIL,VOLUME_TOO_LOW
BSE,STOCK,RRECL,RDB Real Estate Construct,,544346,B,RRECL.BO,133.0,4092.1,FAIL,VOLUME_TOO_LOW
BSE,STOCK,RRETAIL,Rajnish Retail,,530525,XT,RRETAIL.BO,2.1600000858306885,124119.35,FAIL,PRICE_TOO_LOW
BSE,STOCK,RRFIN,RR Financial Consultants,,511626,XT,RRFIN.BO,63.900001525878906,2100.05,FAIL,VOLUME_TOO_LOW
BSE,STOCK,RRIL,RRIL,,531307,B,RRIL.BO,16.579999923706055,6911.65,FAIL,PRICE_TOO_LOW
BSE,STOCK,RRKABEL,RR Kabel,,543981,A,RRKABEL.BO,2618.800048828125,25615.6,FAIL,VOLUME_TOO_LOW
BSE,STOCK,RRMETAL,RR Metalmakers,,531667,XT,RRMETAL.BO,50.150001525878906,1811.6,FAIL,VOLUME_TOO_LOW
BSE,STOCK,RSCINT,RSC International,,530179,XT,RSCINT.BO,78.36000061035156,8898.7,FAIL,VOLUME_TOO_LOW
BSE,STOCK,RSDFIN,RSD Finance,,539875,T,RSDFIN.BO,99.5,723.85,FAIL,VOLUME_TOO_LOW
BSE,STOCK,RSL,Rajputana Stainless,,544731,B,RSL.BO,181.6499938964844,69188.65,FAIL,VOLUME_TOO_LOW
BSE,STOCK,RSSOFTWARE,RS Software,,517447,B,517447.BO,33.20000076293945,4492.85,FAIL,PRICE_TOO_LOW
BSE,STOCK,RSTL,Riddhi Steel & Tube,,540082,MT,RSTL.BO,206.1999969482422,22.5,FAIL,VOLUME_TOO_LOW
BSE,STOCK,RSWM,RSWM,,500350,T,500350.BO,210.8500061035156,3177.15,FAIL,VOLUME_TOO_LOW
BSE,STOCK,RTFL,Real Touch Finance,,538611,Z,RTFL.BO,42.869998931884766,144.8,FAIL,PRICE_TOO_LOW
BSE,STOCK,RTNINDIA,Rattan India Enterprises,,534597,B,RTNINDIA.BO,27.479999542236328,94984.25,FAIL,PRICE_TOO_LOW
BSE,STOCK,RTNPOWER,RattanIndia Power,,533122,A,RTNPOWER.BO,7.25,1498650.45,FAIL,PRICE_TOO_LOW
BSE,STOCK,RTSPOWR,RTS Power Corporation,,531215,B,RTSPOWR.BO,92.3000030517578,2690.2,FAIL,VOLUME_TOO_LOW
BSE,STOCK,RUBFILA,Rubfila International,,500367,B,RUBFILA.BO,67.44999694824219,5171.45,FAIL,VOLUME_TOO_LOW
BSE,STOCK,RUBICON,Rubicon Research,,544578,B,RUBICON.BO,1774.1500244140625,711883.0,PASS,PASS
BSE,STOCK,RUBYMILLS,Ruby Mills,,503169,T,503169.BO,413.3999938964844,2991.7,FAIL,VOLUME_TOO_LOW
BSE,STOCK,RUCHINFRA,Ruchi Infrastructure,,509020,B,509020.BO,5.900000095367432,6037.25,FAIL,PRICE_TOO_LOW
BSE,STOCK,RUDRA,Rudra Global Infra Products,,539226,B,RUDRA.BO,20.399999618530277,64394.25,FAIL,PRICE_TOO_LOW
BSE,STOCK,RUDRAECO,Rudra Ecovation,,514010,XT,RUDRAECO.BO,23.489999771118164,172627.45,FAIL,PRICE_TOO_LOW
BSE,STOCK,RUDRAGAS,Rudra Gas Enterprise,,544121,M,RUDRAGAS.BO,75.0,6250.0,FAIL,VOLUME_TOO_LOW
BSE,STOCK,RUNGTAIR,Rungta Irrigation,,530449,X,RUNGTAIR.BO,48.75,582.25,FAIL,PRICE_TOO_LOW
BSE,STOCK,RUPA,Rupa & Company,,533552,B,RUPA.BO,144.0,7656.6,FAIL,VOLUME_TOO_LOW
BSE,STOCK,RUSHIL,Rushil Decor,,533470,B,RUSHIL.BO,16.1200008392334,33196.35,FAIL,PRICE_TOO_LOW
BSE,STOCK,RUSTOMJEE,Keystone Realtors,,543669,B,RUSTOMJEE.BO,378.3999938964844,3485.35,FAIL,VOLUME_TOO_LOW
BSE,STOCK,RVHL,Ravinder Heights,,543251,B,RVHL.BO,40.650001525878906,1161.05,FAIL,PRICE_TOO_LOW
BSE,STOCK,RVNL,Rail Vikas Nigam,,542649,A,RVNL.BO,209.5,334899.35,PASS,PASS
BSE,STOCK,RVTH,Revathi Equipment,,544246,B,RVTH.BO,701.25,132.4,FAIL,VOLUME_TOO_LOW
BSE,STOCK,S&SPOWER,S&S Power Switchgears,,517273,B,S&SPOWER.BO,318.29998779296875,388.35,FAIL,VOLUME_TOO_LOW
BSE,STOCK,SAATVIKGL,Saatvik Green Energy,,544526,B,SAATVIKGL.BO,421.25,11352.65,FAIL,VOLUME_TOO_LOW
BSE,STOCK,SAB,SAB Industries,,539112,B,SAB.BO,195.0,22.15,FAIL,VOLUME_TOO_LOW
BSE,STOCK,SABOOSOD,Saboo Sodium Chloro,,530461,X,SABOOSOD.BO,12.369999885559082,12936.7,FAIL,PRICE_TOO_LOW
BSE,STOCK,SACHEMT,Sacheta Metals,,531869,X,SACHEMT.BO,3.640000104904175,80778.9,FAIL,PRICE_TOO_LOW
BSE,STOCK,SADBHIN,Sadbhav Infrastructure Projects,,539346,T,SADBHIN.BO,2.5999999046325684,37312.65,FAIL,PRICE_TOO_LOW
BSE,STOCK,SADHNANIQ,Sadhana Nitrochem,,506642,T,SADHNANIQ.BO,2.650000095367432,922511.7,FAIL,PRICE_TOO_LOW
BSE,STOCK,SAFARI,Safari Industries,,523025,A,SAFARI.BO,1508.9000244140625,15391.9,FAIL,VOLUME_TOO_LOW
BSE,STOCK,SAFE,Sodhani Academy of Fintec,,544257,M,SAFE.BO,134.60000610351562,4350.0,FAIL,VOLUME_TOO_LOW
BSE,STOCK,SAFECURE,Safecure Services,,544596,M,SAFECURE.BO,20.809999465942383,3300.0,FAIL,PRICE_TOO_LOW
BSE,STOCK,SAFFRON,Saffron Industries,,531436,X,SAFFRON.BO,26.07999992370605,1440.8,FAIL,PRICE_TOO_LOW
BSE,STOCK,SAGARSOFT,Sagarsoft,,540143,X,SAGARSOFT.BO,93.1999969482422,2154.3,FAIL,VOLUME_TOO_LOW
BSE,STOCK,SAGCEM,Sagar Cements,,502090,B,502090.BO,179.8000030517578,3090.1,FAIL,VOLUME_TOO_LOW
BSE,STOCK,SAGILITY,Sagility,,544282,A,SAGILITY.BO,46.75,1467862.4,FAIL,PRICE_TOO_LOW
BSE,STOCK,SAHARAHOUS,Sahara Housing Fina Corporation,,511533,X,SAHARAHOUS.BO,39.40999984741211,1091.6,FAIL,PRICE_TOO_LOW
BSE,STOCK,SAHLIBHFI,Shalibhadra Finance,,511754,B,SAHLIBHFI.BO,88.86000061035156,6604.6,FAIL,VOLUME_TOO_LOW
BSE,STOCK,SAHYADRI,Sahyadri Industries,,532841,B,SAHYADRI.BO,354.3999938964844,4534.05,FAIL,VOLUME_TOO_LOW
BSE,STOCK,SAICAPI,Sai Capital,,531931,B,SAICAPI.BO,161.0,294.45,FAIL,VOLUME_TOO_LOW
BSE,STOCK,SAICOM,Saianand Commercial,,512097,X,SAICOM.BO,0.209999993443489,249293.5,FAIL,PRICE_TOO_LOW
BSE,STOCK,SAILANI,Sailani Tours N Travels,,543541,M,SAILANI.BO,11.0,720.0,FAIL,PRICE_TOO_LOW
BSE,STOCK,SAILIFE,Sai Life Sciences,,544306,A,SAILIFE.BO,1573.9000244140625,38557.15,FAIL,VOLUME_TOO_LOW
BSE,STOCK,SAINIK,Sainik Finance & Industries,,530265,X,SAINIK.BO,36.470001220703125,2159.95,FAIL,PRICE_TOO_LOW
BSE,STOCK,SAIPARENT,Sai Parenteral's,,544742,B,SAIPARENT.BO,518.0999755859375,15809.55,FAIL,VOLUME_TOO_LOW
BSE,STOCK,SAKHTISUG,Sakthi Sugars,,507315,B,SAKHTISUG.BO,20.420000076293945,44945.8,FAIL,PRICE_TOO_LOW
BSE,STOCK,SAKTHIFIN,Sakthi Finance,,511066,X,SAKTHIFIN.BO,27.420000076293945,4388.4,FAIL,PRICE_TOO_LOW
BSE,STOCK,SAKUMA,Sakuma Exports,,532713,B,532713.BO,1.7300000190734863,119138.8,FAIL,PRICE_TOO_LOW
BSE,STOCK,SALASAR,Salasar Techno Engineering,,540642,B,SALASAR.BO,5.110000133514404,557751.55,FAIL,PRICE_TOO_LOW
BSE,STOCK,SALAUTO,SAL Automotive,,539353,X,SALAUTO.BO,205.6999969482422,978.65,FAIL,VOLUME_TOO_LOW
BSE,STOCK,SALEM,Salem Erode Investments,,540181,X,SALEM.BO,27.709999084472656,4016.85,FAIL,PRICE_TOO_LOW
BSE,STOCK,SALGUTI,Salguti Industries,,526554,X,SALGUTI.BO,26.600000381469727,136.4,FAIL,PRICE_TOO_LOW
BSE,STOCK,SALONA,Salona Cotspin,,590056,B,SALONA.BO,266.6000061035156,72.0,FAIL,VOLUME_TOO_LOW
BSE,STOCK,SALORAINTL,Salora International,,500370,X,SALORAINTL.BO,26.63999938964844,1476.15,FAIL,PRICE_TOO_LOW
BSE,STOCK,SALSAIN,Shree Salasar Investment,,503635,XT,SALSAIN.BO,390.0,396.15,FAIL,VOLUME_TOO_LOW
BSE,STOCK,SALSTEEL,SAL Steel,,532604,B,SALSTEEL.BO,81.98999786376953,127698.4,PASS,PASS
BSE,STOCK,SALZERELEC,Salzer Electronics,,517059,B,SALZERELEC.BO,537.25,3514.85,FAIL,VOLUME_TOO_LOW
BSE,STOCK,SAMBANDAM,Sambandam Spinning Mills,,521240,B,SAMBANDAM.BO,116.1500015258789,1463.15,FAIL,VOLUME_TOO_LOW
BSE,STOCK,SAMBHAAV,Sambhaav Media,,511630,B,SAMBHAAV.BO,6.099999904632568,6407.3,FAIL,PRICE_TOO_LOW
BSE,STOCK,SAMBHV,Sambhv Steel Tubes,,544430,B,SAMBHV.BO,129.6999969482422,76463.05,FAIL,VOLUME_TOO_LOW
BSE,STOCK,SAMHI,Samhi Hotels,,543984,A,SAMHI.BO,152.6999969482422,204501.05,PASS,PASS
BSE,STOCK,SAMINDUS,Sam Industries,,532005,X,SAMINDUS.BO,41.70000076293945,571.5,FAIL,PRICE_TOO_LOW
BSE,STOCK,SAMKRG,Samkrg Pistons & Rings,,520075,X,SAMKRG.BO,116.0999984741211,2483.3,FAIL,VOLUME_TOO_LOW
BSE,STOCK,SAMMAANCAP,Sammaan Capital,,535789,A,SAMMAANCAP.BO,153.75,786481.95,PASS,PASS
BSE,STOCK,SAMOR,Samor Reality,,543376,B,SAMOR.BO,90.0,30.4,FAIL,VOLUME_TOO_LOW
BSE,STOCK,SAMPANN,Sampann Utpadan,,534598,B,SAMPANN.BO,25.100000381469727,2033.25,FAIL,PRICE_TOO_LOW
BSE,STOCK,SAMPAT,Sampat Aluminium,,544520,MT,SAMPAT.BO,38.25,5160.0,FAIL,PRICE_TOO_LOW
BSE,STOCK,SAMPRE,Sampre Nutritions,,530617,X,SAMPRE.BO,6.320000171661377,246562.05,FAIL,PRICE_TOO_LOW
BSE,STOCK,SAMRATFORG,Samrat Forgings,,543229,X,SAMRATFORG.BO,242.0,68.25,FAIL,VOLUME_TOO_LOW
BSE,STOCK,SAMRATPH,Samrat Pharmachem,,530125,X,SAMRATPH.BO,236.8500061035156,1114.15,FAIL,VOLUME_TOO_LOW
BSE,STOCK,SAMSRITA,Samsrita Labs,,539267,X,SAMSRITA.BO,12.380000114440918,13859.65,FAIL,PRICE_TOO_LOW
BSE,STOCK,SAMTELIN,Samtel,,500371,XT,SAMTELIN.BO,38.18999862670898,10777.05,FAIL,PRICE_TOO_LOW
BSE,STOCK,SAMTEX,Samtex Fashions,,521206,X,SAMTEX.BO,1.340000033378601,18963.05,FAIL,PRICE_TOO_LOW
BSE,STOCK,SAMYAKINT,Samyak International,,530025,X,SAMYAKINT.BO,17.56999969482422,2675.0,FAIL,PRICE_TOO_LOW
BSE,STOCK,SANATHAN,Sanathan Textiles,,544314,B,SANATHAN.BO,430.7999877929688,11986.5,FAIL,VOLUME_TOO_LOW
BSE,STOCK,SANBLUE,Sanblue Corporation,,521222,X,SANBLUE.BO,28.270000457763672,49.15,FAIL,PRICE_TOO_LOW
BSE,STOCK,SANCF,Sanchay Finvest,,511563,Z,SANCF.BO,51.84000015258789,7.7,FAIL,VOLUME_TOO_LOW
BSE,STOCK,SANCODE,Sancode Technologies,,543897,MT,SANCODE.BO,601.7000122070312,2250.0,FAIL,VOLUME_TOO_LOW
BSE,STOCK,SANCTRN,Sanco Trans,,523116,X,SANCTRN.BO,694.9500122070312,22.3,FAIL,VOLUME_TOO_LOW
BSE,STOCK,SANDESH,Sandesh,,526725,B,SANDESH.BO,1050.0,672.35,FAIL,VOLUME_TOO_LOW
BSE,STOCK,SANDHAR,Sandhar Technologies,,541163,B,SANDHAR.BO,628.3499755859375,13785.7,FAIL,VOLUME_TOO_LOW
BSE,STOCK,SANDUMA,Sandur Manganese & Iron Ores,,504918,A,SANDUMA.BO,197.8000030517578,47383.5,FAIL,VOLUME_TOO_LOW
BSE,STOCK,SANDUPHQ,Sandu Pharmaceuticals,,524703,X,SANDUPHQ.BO,39.119998931884766,4643.05,FAIL,PRICE_TOO_LOW
BSE,STOCK,SANGAMFIN,Sangam Finserv,,538714,X,SANGAMFIN.BO,39.970001220703125,2963.65,FAIL,PRICE_TOO_LOW
BSE,STOCK,SANGAMIND,Sangam,,514234,B,SANGAMIND.BO,573.1500244140625,2887.3,FAIL,VOLUME_TOO_LOW
BSE,STOCK,SANGHVIMOV,Sanghvi Movers,,530073,B,SANGHVIMOV.BO,452.8999938964844,38358.5,FAIL,VOLUME_TOO_LOW
BSE,STOCK,SANINFRA,Sanmit Infra,,532435,XT,SANINFRA.BO,50.09000015258789,2931.7,FAIL,VOLUME_TOO_LOW
BSE,STOCK,SANJIVIN,Sanjivani Paranteral,,531569,X,SANJIVIN.BO,190.4499969482422,17603.55,FAIL,VOLUME_TOO_LOW
BSE,STOCK,SANOFI,Sanofi,,500674,A,SANOFI.BO,3199.25,1989.4,FAIL,VOLUME_TOO_LOW
BSE,STOCK,SANOFICONR,Sanofi Consumer Healthcare,,544250,B,SANOFICONR.BO,4214.10009765625,740.15,FAIL,VOLUME_TOO_LOW
BSE,STOCK,SANPA,Sangal Papers,,516096,X,SANPA.BO,190.0,406.85,FAIL,VOLUME_TOO_LOW
BSE,STOCK,SANSERA,Sansera Engineering,,543358,A,SANSERA.BO,3787.10009765625,23857.0,FAIL,VOLUME_TOO_LOW
BSE,STOCK,SANSTAR,Sanstar,,544217,B,SANSTAR.BO,108.1500015258789,40103.05,FAIL,VOLUME_TOO_LOW
BSE,STOCK,SANTETX,Sanrhea Technical Textiles,,514280,X,SANTETX.BO,154.64999389648438,1680.1,FAIL,VOLUME_TOO_LOW
BSE,STOCK,SAPL,SAR Auto Products,,538992,XT,SAPL.BO,4122.0,620.35,FAIL,VOLUME_TOO_LOW
BSE,STOCK,SAPPHIRE,Sapphire Foods,,543397,A,SAPPHIRE.BO,228.6999969482422,374323.95,PASS,PASS
BSE,STOCK,SAPPL,Shree Ajit Pulp & Paper,,538795,B,SAPPL.BO,288.8999938964844,339.6,FAIL,VOLUME_TOO_LOW
BSE,STOCK,SARDAEN,Sarda Energy & Minerals,,504614,A,SARDAEN.BO,506.9500122070313,87434.3,FAIL,VOLUME_TOO_LOW
BSE,STOCK,SARLAPOLY,Sarla Performance Fibers,,526885,B,526885.BO,99.83999633789062,5582.05,FAIL,VOLUME_TOO_LOW
BSE,STOCK,SARTHAKGL,Sarthak Global,,530993,XT,SARTHAKGL.BO,37.310001373291016,448.3,FAIL,PRICE_TOO_LOW
BSE,STOCK,SARTHAKIND,Sarthak Industries,,531930,X,SARTHAKIND.BO,26.479999542236328,414.45,FAIL,PRICE_TOO_LOW
BSE,STOCK,SARUPINDUS,Sarup Industries,,514412,X,SARUPINDUS.BO,115.0999984741211,245.2,FAIL,VOLUME_TOO_LOW
BSE,STOCK,SARVESHWAR,Sarveshwar Foods,,543688,B,SARVESHWAR.BO,3.3399999141693115,214008.0,FAIL,PRICE_TOO_LOW
BSE,STOCK,SARVOTTAM,Survottam Finvest,,539124,X,SARVOTTAM.BO,16.989999771118164,1350.55,FAIL,PRICE_TOO_LOW
BSE,STOCK,SASKEN,Sasken Technologies,,532663,B,SASKEN.BO,1907.0,863.55,FAIL,VOLUME_TOO_LOW
BSE,STOCK,SATCH,Satchmo Holdings,,533202,X,SATCH.BO,3.75,108219.0,FAIL,PRICE_TOO_LOW
BSE,STOCK,SATIA,Satia Industries,,539201,B,SATIA.BO,60.93999862670898,9755.9,FAIL,VOLUME_TOO_LOW
BSE,STOCK,SATIN,Satin Creditcare,,539404,B,539404.BO,254.8999938964844,38751.4,FAIL,VOLUME_TOO_LOW
BSE,STOCK,SATTRIX,Sattrix Information Security,,544189,M,SATTRIX.BO,335.0,5350.0,FAIL,VOLUME_TOO_LOW
BSE,STOCK,SAUMYA,Saumya Consultants,,539218,X,SAUMYA.BO,120.9499969482422,104.65,FAIL,VOLUME_TOO_LOW
BSE,STOCK,SAURASHCEM,Saurashtra Cement,,502175,B,SAURASHCEM.BO,56.63999938964844,10929.9,FAIL,VOLUME_TOO_LOW
BSE,STOCK,SAVERA,Savera Industries,,512634,X,SAVERA.BO,160.35000610351562,3313.05,FAIL,VOLUME_TOO_LOW
BSE,STOCK,SAWACA,Sawaca Enterprises,,531893,X,SAWACA.BO,0.2800000011920929,960312.05,FAIL,PRICE_TOO_LOW
BSE,STOCK,SAYAJIHOTL,Sayaji Hotels,,523710,B,SAYAJIHOTL.BO,311.8999938964844,679.7,FAIL,VOLUME_TOO_LOW
BSE,STOCK,SAYAJIIND,Sayaji Industries,,540728,B,SAYAJIIND.BO,115.3499984741211,3245.2,FAIL,VOLUME_TOO_LOW
BSE,STOCK,SBC,SBC Exports,,542725,B,SBC.BO,43.310001373291016,663543.5,FAIL,PRICE_TOO_LOW
BSE,STOCK,SBCL,Shivalik Bimetal Controls,,513097,B,SBCL.BO,1155.4000244140625,78820.0,FAIL,VOLUME_TOO_LOW
BSE,STOCK,SBECSUG,SBEC Sugar,,532102,XT,SBECSUG.BO,61.83000183105469,5490.75,FAIL,VOLUME_TOO_LOW
BSE,STOCK,SBECSYS,SBEC Systems,,517360,X,SBECSYS.BO,20.170000076293945,2333.0,FAIL,PRICE_TOO_LOW
BSE,STOCK,SBFC,SBFC Finance,,543959,A,SBFC.BO,99.87999725341795,770571.35,PASS,PASS
BSE,STOCK,SBFL,Shree Bhavya Fabrics,,521131,X,SBFL.BO,22.71999931335449,914.5,FAIL,PRICE_TOO_LOW
BSE,STOCK,SBGLP,Suratwwala Business Group,,543218,B,SBGLP.BO,25.0,2391.85,FAIL,PRICE_TOO_LOW
BSE,STOCK,SBICARD,SBI Cards,,543066,A,SBICARD.BO,657.0,182591.1,PASS,PASS
BSE,STOCK,SBIFUNDS,SBI Funds Management,,544829,A,SBIFUNDS.BO,563.9000244140625,217026.8,PASS,PASS
BSE,STOCK,SBILIFE,SBI Life Insurance,,540719,A,SBILIFE.BO,1724.0,83006.0,FAIL,VOLUME_TOO_LOW
BSE,STOCK,SBIN,State Bank of India,,500112,A,500112.BO,1044.0999755859375,688223.5,PASS,PASS
BSE,STOCK,SBL,Shivamshree Businesses Li,,538520,XT,SBL.BO,1.899999976158142,23726.65,FAIL,PRICE_TOO_LOW
BSE,STOCK,SBLI,SBL Infratech,,543366,M,SBLI.BO,47.0,5280.0,FAIL,PRICE_TOO_LOW
BSE,STOCK,SBRANDS,Sanghvi Brands,,540782,M,SBRANDS.BO,12.699999809265137,1050.0,FAIL,PRICE_TOO_LOW
BSE,STOCK,SBVCL,Shri Balaji Valve Components,,544074,MT,SBVCL.BO,131.9499969482422,9360.0,FAIL,VOLUME_TOO_LOW
BSE,STOCK,SCAGRO,SC Agrotech,,526081,XT,SCAGRO.BO,26.850000381469727,2841.45,FAIL,PRICE_TOO_LOW
BSE,STOCK,SCANPRO,Scan Projects,,531797,X,SCANPRO.BO,119.4499969482422,907.7,FAIL,VOLUME_TOO_LOW
BSE,STOCK,SCANSTL,Scan Steels,,511672,T,SCANSTL.BO,58.959999084472656,16362.15,FAIL,VOLUME_TOO_LOW
BSE,STOCK,SCARNOSE,Scarnose International,,543537,M,SCARNOSE.BO,35.81999969482422,1900.0,FAIL,PRICE_TOO_LOW
BSE,STOCK,SCC,Scintilla Commercial & Credit,,538857,X,SCC.BO,9.979999542236328,558.2,FAIL,PRICE_TOO_LOW
BSE,STOCK,SCDL,Safety Controls & Devices,,544746,M,SCDL.BO,63.5,57440.0,FAIL,VOLUME_TOO_LOW
BSE,STOCK,SCHAEFFLER,Schaeffler India,,505790,A,SCHAEFFLER.BO,3950.10009765625,29159.9,FAIL,VOLUME_TOO_LOW
BSE,STOCK,SCHAND,S Chand & Company,,540497,B,SCHAND.BO,134.64999389648438,3037.7,FAIL,VOLUME_TOO_LOW
BSE,STOCK,SCHNEIDER,Schneider Electric Infra,,534139,A,SCHNEIDER.BO,1189.9000244140625,55308.6,FAIL,VOLUME_TOO_LOW
BSE,STOCK,SCI,Shipping Corporation of India,,523598,A,SCI.BO,295.20001220703125,207197.75,PASS,PASS
BSE,STOCK,SCILAL,SCI Land & Assets,,544142,B,SCILAL.BO,39.97999954223633,13636.65,FAIL,PRICE_TOO_LOW
BSE,STOCK,SCODATUBES,Scoda Tubes,,544411,B,SCODATUBES.BO,134.6999969482422,9616.65,FAIL,VOLUME_TOO_LOW
BSE,STOCK,SCOOBEEDAY,Scoobee Day Garments,,531234,X,SCOOBEEDAY.BO,63.04999923706055,477.65,FAIL,VOLUME_TOO_LOW
BSE,STOCK,SCPL,Sheetal Cool Products,,540757,T,SCPL.BO,663.5,8570.85,FAIL,VOLUME_TOO_LOW
BSE,STOCK,SCTL,Suncare Traders,,539526,X,SCTL.BO,0.4399999976158142,527693.65,FAIL,PRICE_TOO_LOW
BSE,STOCK,SDBL,Som Distilleries & Breweries,,507514,B,SDBL.BO,72.33000183105469,62990.65,FAIL,VOLUME_TOO_LOW
BSE,STOCK,SDC,SDC Techmedia,,535647,MT,SDC.BO,18.049999237060547,0.0,FAIL,PRICE_TOO_LOW
BSE,STOCK,SDL,Span Divergent,,524727,X,SDL.BO,29.46999931335449,437.2,FAIL,PRICE_TOO_LOW
BSE,STOCK,SEALMATIC,Sealmatic,,543782,M,SEALMATIC.BO,373.75,5265.0,FAIL,VOLUME_TOO_LOW
BSE,STOCK,SEAMECLTD,Seamec,,526807,B,SEAMECLTD.BO,1786.1500244140625,5903.55,FAIL,VOLUME_TOO_LOW
BSE,STOCK,SEASONST,Seasons Textiles,,514264,X,SEASONST.BO,18.57999992370605,1169.4,FAIL,PRICE_TOO_LOW
BSE,STOCK,SEATV,Sea TV Network,,533268,X,SEATV.BO,3.150000095367432,708.1,FAIL,PRICE_TOO_LOW
BSE,STOCK,SECMARK,Secmark Consultancy,,543234,B,SECMARK.BO,149.0500030517578,579.35,FAIL,VOLUME_TOO_LOW
BSE,STOCK,SECURKLOUD,SecureKloud Technologies,,512161,B,SECURKLOUD.BO,17.829999923706055,2359.2,FAIL,PRICE_TOO_LOW
BSE,STOCK,SEDEMAC,SEDEMAC Mechatronics,,544723,B,SEDEMAC.BO,2905.25,18523.95,FAIL,VOLUME_TOO_LOW
BSE,STOCK,SEEMAX,Seemax Resources,,544813,M,SEEMAX.BO,51.150001525878906,7950.0,FAIL,VOLUME_TOO_LOW
BSE,STOCK,SEIL,Shanti Educational Initiatives,,539921,B,SEIL.BO,202.0,27739.7,FAIL,VOLUME_TOO_LOW
BSE,STOCK,SEJALLTD,Sejal Glass,,532993,B,SEJALLTD.BO,665.0999755859375,1077.35,FAIL,VOLUME_TOO_LOW
BSE,STOCK,SEKURITIND,Saint Gobain Sekurit,,515043,B,SEKURITIND.BO,114.9000015258789,22533.8,FAIL,VOLUME_TOO_LOW
BSE,STOCK,SEL,Sanathnagar Enterprises,,509423,X,SEL.BO,35.0,166.2,FAIL,PRICE_TOO_LOW
BSE,STOCK,SELECTRIC,Schneider Electric Presid,,544786,B,SELECTRIC.BO,1969.300048828125,12444.0,FAIL,VOLUME_TOO_LOW
BSE,STOCK,SELMC,SEL Manufacturing,,532886,B,SELMC.BO,28.0,1150.15,FAIL,PRICE_TOO_LOW
BSE,STOCK,SEMAC,Semac Construction,,505368,B,SEMAC.BO,281.70001220703125,174.05,FAIL,VOLUME_TOO_LOW
BSE,STOCK,SEML,Sunrise Efficient Marketing,,543515,MT,SEML.BO,37.77000045776367,15037.5,FAIL,PRICE_TOO_LOW
BSE,STOCK,SENCO,Senco Gold,,543936,A,SENCO.BO,348.6499938964844,104018.45,PASS,PASS
BSE,STOCK,SENORES,Senores Pharmaceuticals,,544319,A,SENORES.BO,1432.449951171875,15177.55,FAIL,VOLUME_TOO_LOW
BSE,STOCK,SEPC,SEPC,,532945,B,SEPC.BO,5.380000114440918,1324148.1,FAIL,PRICE_TOO_LOW
BSE,STOCK,SERA,Sera Investments & Finance,,512399,X,SERA.BO,57.43999862670898,179494.15,PASS,PASS
BSE,STOCK,SESHAPAPER,Seshasayee Paper & Boards,,502450,B,502450.BO,222.6000061035156,2521.45,FAIL,VOLUME_TOO_LOW
BSE,STOCK,SETCO,Setco Automotive,,505075,T,SETCO.BO,17.899999618530273,14707.35,FAIL,PRICE_TOO_LOW
BSE,STOCK,SETL,Standard Engineering Technology,,544333,B,SETL.BO,392.7999877929688,162399.6,PASS,PASS
BSE,STOCK,SETUINFRA,Setubandhan Infrastructure,,533605,Z,SETUINFRA.BO,0.550000011920929,19132.45,FAIL,PRICE_TOO_LOW
BSE,STOCK,SEVL,Supertech Ev,,544428,M,SEVL.BO,35.0099983215332,7620.0,FAIL,PRICE_TOO_LOW
BSE,STOCK,SEYAIND,Seya Industries,,524324,T,SEYAIND.BO,12.029999732971191,2182.95,FAIL,PRICE_TOO_LOW
BSE,STOCK,SFL,Sheela Foam,,540203,A,SFL.BO,643.1500244140625,11760.2,FAIL,VOLUME_TOO_LOW
BSE,STOCK,SFPIL,Square Four Projects,,526532,X,SFPIL.BO,8.739999771118164,992.5,FAIL,PRICE_TOO_LOW
BSE,STOCK,SFSL,Shashwat Furnishing Solutions,,543519,M,SFSL.BO,76.33999633789062,975.0,FAIL,VOLUME_TOO_LOW
BSE,STOCK,SFTL,Springform Technology,,501479,P,SFTL.BO,11.020000457763672,0.0,FAIL,PRICE_TOO_LOW
BSE,STOCK,SGFIN,SG Finserv,,539199,B,SGFIN.BO,676.9500122070312,17387.4,FAIL,VOLUME_TOO_LOW
BSE,STOCK,SGFRL,Suyog Gurbaxani Funicular Ropeways,,543391,M,SGFRL.BO,93.01000213623048,9300.0,FAIL,VOLUME_TOO_LOW
BSE,STOCK,SGIL,Synergy Green Industries,,541929,B,SGIL.BO,611.7999877929688,783.45,FAIL,VOLUME_TOO_LOW
BSE,STOCK,SGL,STL Global,,532730,B,532730.BO,10.170000076293944,4208.8,FAIL,PRICE_TOO_LOW
BSE,STOCK,SGLRES,SGL Resources,,526544,B,SGLRES.BO,2.450000047683716,49085.15,FAIL,PRICE_TOO_LOW
BSE,STOCK,SGMART,SG Mart,,512329,B,SGMART.BO,814.5,21788.45,FAIL,VOLUME_TOO_LOW
BSE,STOCK,SGNTE,SGN Telecoms,,531812,X,SGNTE.BO,0.6000000238418579,46089.15,FAIL,PRICE_TOO_LOW
BSE,STOCK,SGRL,Shree Ganesh Remedies,,540737,B,SGRL.BO,686.5,18412.7,FAIL,VOLUME_TOO_LOW
BSE,STOCK,SHADOWFAX,Shadowfax Technologies,,544685,B,SHADOWFAX.BO,259.8500061035156,968030.7,PASS,PASS
BSE,STOCK,SHAH,Shah Metacorp,,533275,B,SHAH.BO,3.5,1038036.0,FAIL,PRICE_TOO_LOW
BSE,STOCK,SHAHALLOYS,Shah Alloys,,513436,T,SHAHALLOYS.BO,107.0999984741211,15695.65,FAIL,VOLUME_TOO_LOW
BSE,STOCK,SHAHCON,Shah Construction,,509870,X,509870.BO,60.7400016784668,0.0,FAIL,VOLUME_TOO_LOW
BSE,STOCK,SHAHFOOD,Shah Foods,,519031,XT,SHAHFOOD.BO,422.9500122070313,935.6,FAIL,VOLUME_TOO_LOW
BSE,STOCK,SHAHISHIP,Shahi Shipping Limited,,526508,X,SHAHISHIP.BO,12.0600004196167,5748.9,FAIL,PRICE_TOO_LOW
BSE,STOCK,SHAHLON,Shahlon Silk Industries,,542862,X,SHAHLON.BO,23.799999237060547,22035.95,FAIL,PRICE_TOO_LOW
BSE,STOCK,SHAILY,Shaily Engineering Plastics,,501423,A,SHAILY.BO,3275.949951171875,14100.15,FAIL,VOLUME_TOO_LOW
BSE,STOCK,SHAKTIPR,Shakti Press,,526841,X,SHAKTIPR.BO,11.369999885559082,238970.2,FAIL,PRICE_TOO_LOW
BSE,STOCK,SHAKTIPUMP,Shakti Pumps,,531431,A,SHAKTIPUMP.BO,472.3500061035156,26272.3,FAIL,VOLUME_TOO_LOW
BSE,STOCK,SHALBY,Shalby,,540797,B,SHALBY.BO,152.85000610351562,3782.6,FAIL,VOLUME_TOO_LOW
BSE,STOCK,SHALIWIR,Shalimar Wires Industries,,532455,X,SHALIWIR.BO,18.350000381469727,5177.1,FAIL,PRICE_TOO_LOW
BSE,STOCK,SHALPAINTS,Shalimar Paints,,509874,T,SHALPAINTS.BO,82.06999969482422,61859.6,FAIL,VOLUME_TOO_LOW
BSE,STOCK,SHALPRO,Shalimar Productions,,512499,XT,SHALPRO.BO,0.2599999904632568,1471526.4,FAIL,PRICE_TOO_LOW
BSE,STOCK,SHANGAR,Shangar Decor,,540259,X,SHANGAR.BO,0.25,1264959.5,FAIL,PRICE_TOO_LOW
BSE,STOCK,SHANKARA,Shankara Building Products,,540425,B,SHANKARA.BO,147.14999389648438,31188.6,FAIL,VOLUME_TOO_LOW
BSE,STOCK,SHANMUGA,Shanmuga Hospital,,544365,M,SHANMUGA.BO,43.0,7200.0,FAIL,PRICE_TOO_LOW
BSE,STOCK,SHANTIDENM,Shanti Spintex,,544059,M,SHANTIDENM.BO,37.650001525878906,21600.0,FAIL,PRICE_TOO_LOW
BSE,STOCK,SHANTIGEAR,Shanthi Gears,,522034,B,SHANTIGEAR.BO,584.0999755859375,59568.65,FAIL,VOLUME_TOO_LOW
BSE,STOCK,SHANTIGOLD,Shanti Gold International,,544459,B,SHANTIGOLD.BO,245.1499938964844,176388.65,PASS,PASS
BSE,STOCK,SHANTIGURU,Shanti Guru Industries,,534708,M,SHANTIGURU.BO,9.0,6750.0,FAIL,PRICE_TOO_LOW
BSE,STOCK,SHAQUAK,Shantanu Sheorey Aqua,,531925,X,SHAQUAK.BO,1.190000057220459,8481.45,FAIL,PRICE_TOO_LOW
BSE,STOCK,SHARDACROP,Sharda Cropchem,,538666,A,SHARDACROP.BO,772.7000122070312,8891.35,FAIL,VOLUME_TOO_LOW
BSE,STOCK,SHARDAMOTR,Sharda Motor,,535602,B,SHARDAMOTR.BO,877.75,5991.9,FAIL,VOLUME_TOO_LOW
BSE,STOCK,SHARDUL,Shardul Securities,,512393,T,SHARDUL.BO,53.70000076293945,5139.85,FAIL,VOLUME_TOO_LOW
BSE,STOCK,SHAREINDIA,Share India Securities,,540725,B,SHAREINDIA.BO,169.35000610351562,17730.1,FAIL,VOLUME_TOO_LOW
BSE,STOCK,SHARIKA,Sharika Enterprises,,540786,T,SHARIKA.BO,17.739999771118164,52639.5,FAIL,PRICE_TOO_LOW
BSE,STOCK,SHARMEH,SHARMEH,,524548,X,SHARMEH.BO,95.5,277.55,FAIL,VOLUME_TOO_LOW
BSE,STOCK,SHARPINV,Sharp Investments,,538212,X,SHARPINV.BO,0.4600000083446502,633162.35,FAIL,PRICE_TOO_LOW
BSE,STOCK,SHARPLINE,Sharpline Broadcast,,543341,X,SHARPLINE.BO,9.850000381469728,3214.1,FAIL,PRICE_TOO_LOW
BSE,STOCK,SHARVAYA,Sharvaya Metals,,544506,MT,SHARVAYA.BO,143.85000610351562,15780.0,FAIL,VOLUME_TOO_LOW
BSE,STOCK,SHASHANK,Shashank Traders,,540221,X,SHASHANK.BO,34.04999923706055,0.0,FAIL,PRICE_TOO_LOW
BSE,STOCK,SHASHIJIT,Shashijit Infraprojects,,540147,X,SHASHIJIT.BO,2.9100000858306885,28611.8,FAIL,PRICE_TOO_LOW
BSE,STOCK,SHAWGELTIN,Narmada Gelatines,,526739,X,SHAWGELTIN.BO,457.5,8591.7,FAIL,VOLUME_TOO_LOW
BSE,STOCK,SHAYONAENG,Shayona Engineering,,544686,M,SHAYONAENG.BO,139.0,6350.0,FAIL,VOLUME_TOO_LOW
BSE,STOCK,SHBAJRG,Shri Bajrang Alliance,,526981,B,SHBAJRG.BO,160.25,1014.65,FAIL,VOLUME_TOO_LOW
BSE,STOCK,SHEKHAWATI,Shekhawati Industries,,533301,T,SHEKHAWATI.BO,15.119999885559082,19959.15,FAIL,PRICE_TOO_LOW
BSE,STOCK,SHELTER,Shelter Pharma,,543963,M,SHELTER.BO,31.3700008392334,26700.0,FAIL,PRICE_TOO_LOW
BSE,STOCK,SHEMAROO,Shemaroo Entertainment,,538685,T,SHEMAROO.BO,125.0,1719.1,FAIL,VOLUME_TOO_LOW
BSE,STOCK,SHENTRA,Shentracon Chemicals,,530757,XT,SHENTRA.BO,132.0,128.75,FAIL,VOLUME_TOO_LOW
BSE,STOCK,SHERVANI,Shervani Industrial Syndicate,,526117,B,SHERVANI.BO,320.0,206.0,FAIL,VOLUME_TOO_LOW
BSE,STOCK,SHESHAINDS,Sheshadri Industries,,539111,X,SHESHAINDS.BO,18.690000534057617,212.1,FAIL,PRICE_TOO_LOW
BSE,STOCK,SHETR,Shetron,,526137,X,SHETR.BO,105.4000015258789,16344.0,FAIL,VOLUME_TOO_LOW
BSE,STOCK,SHGANEL,Shree Ganesh Elastoplast,,530797,X,SHGANEL.BO,17.0,15.2,FAIL,PRICE_TOO_LOW
BSE,STOCK,SHHARICH,Shree Hari Chemicals Export,,524336,XT,SHHARICH.BO,235.8999938964844,12134.45,FAIL,VOLUME_TOO_LOW
BSE,STOCK,SHIKHARLETR,Shikhar Leasing & Trading,,507952,XT,SHIKHARLETR.BO,0.7875000238418579,0.0,FAIL,PRICE_TOO_LOW
BSE,STOCK,SHILCTECH,Shilchar Technologies,,531201,B,SHILCTECH.BO,4055.550048828125,4215.75,FAIL,VOLUME_TOO_LOW
BSE,STOCK,SHILGRAVQ,Shilp Gravures,,513709,B,SHILGRAVQ.BO,149.10000610351562,3274.25,FAIL,VOLUME_TOO_LOW
BSE,STOCK,SHILINDORE,Sayaji Hotels (Indore),,544080,X,SHILINDORE.BO,1210.6500244140625,2371.35,FAIL,VOLUME_TOO_LOW
BSE,STOCK,SHILPAMED,Shilpa Medicare,,530549,A,SHILPAMED.BO,955.8499755859376,94382.4,FAIL,VOLUME_TOO_LOW
BSE,STOCK,SHINDL,Sharat Industries,,519397,B,SHINDL.BO,159.5,37922.05,FAIL,VOLUME_TOO_LOW
BSE,STOCK,SHINEFASH,Shine Fashions,,543244,M,SHINEFASH.BO,26.0,4200.0,FAIL,PRICE_TOO_LOW
BSE,STOCK,SHIPWAVES,Shipwaves Online,,544646,M,SHIPWAVES.BO,3.4600000381469727,264000.0,FAIL,PRICE_TOO_LOW
BSE,STOCK,SHISHIND,Shish Industries,,540693,X,SHISHIND.BO,12.68000030517578,1300900.25,FAIL,PRICE_TOO_LOW
BSE,STOCK,SHIVA,Shivansh Finserve,,539593,XT,SHIVA.BO,15.0,13192.95,FAIL,PRICE_TOO_LOW
BSE,STOCK,SHIVAAGRO,Shiva Global Agro Industries,,530433,B,SHIVAAGRO.BO,41.0,1714.05,FAIL,PRICE_TOO_LOW
BSE,STOCK,SHIVACEM,Shiva Cement,,532323,B,SHIVACEM.BO,15.8100004196167,41776.2,FAIL,PRICE_TOO_LOW
BSE,STOCK,SHIVAEXPO,Shiva Granito Export,,540072,MT,SHIVAEXPO.BO,9.6899995803833,4500.0,FAIL,PRICE_TOO_LOW
BSE,STOCK,SHIVAGR,Shivagrico Implements,,522237,X,SHIVAGR.BO,25.899999618530277,289.45,FAIL,PRICE_TOO_LOW
BSE,STOCK,SHIVALIK,Shivalik Rasayan,,539148,T,SHIVALIK.BO,313.54998779296875,4716.95,FAIL,VOLUME_TOO_LOW
BSE,STOCK,SHIVAM,Shivam Chemicals,,544165,M,SHIVAM.BO,109.1999969482422,14700.0,FAIL,VOLUME_TOO_LOW
BSE,STOCK,SHIVAMAUTO,Shivam Autotech,,532776,B,532776.BO,18.049999237060547,22221.7,FAIL,PRICE_TOO_LOW
BSE,STOCK,SHIVAMILLS,Shiva Mills,,540961,B,SHIVAMILLS.BO,65.4000015258789,260.0,FAIL,VOLUME_TOO_LOW
BSE,STOCK,SHIVATEX,Shiva Texyarn,,511108,B,SHIVATEX.BO,183.0,337.95,FAIL,VOLUME_TOO_LOW
BSE,STOCK,SHIVTEXCHEM,Shiv Texchem,,544272,M,SHIVTEXCHEM.BO,110.0,6940.0,FAIL,VOLUME_TOO_LOW
BSE,STOCK,SHK,SH Kelkar & Company,,539450,B,SHK.BO,150.4499969482422,27171.45,FAIL,VOLUME_TOO_LOW
BSE,STOCK,SHKALYN,Shri Kalyan Holdings,,532083,XT,SHKALYN.BO,3.2799999713897705,0.0,FAIL,PRICE_TOO_LOW
BSE,STOCK,SHKARTP,Shree Karthik Papers,,516106,X,SHKARTP.BO,7.300000190734863,4137.1,FAIL,PRICE_TOO_LOW
BSE,STOCK,SHLOKKA,Shlokka Dyes,,544582,M,SHLOKKA.BO,25.299999237060547,32220.0,FAIL,PRICE_TOO_LOW
BSE,STOCK,SHOORA,Shoora Designs,,543970,M,SHOORA.BO,68.5999984741211,1425.0,FAIL,VOLUME_TOO_LOW
BSE,STOCK,SHOPERSTOP,Shoppers Stop,,532638,B,SHOPERSTOP.BO,391.0,2278.85,FAIL,VOLUME_TOO_LOW
BSE,STOCK,SHPLPUNE,Sayaji Hotels (Pune),,544090,X,SHPLPUNE.BO,819.6500244140625,7788.4,FAIL,VOLUME_TOO_LOW
BSE,STOCK,SHRAAITECH,Shradha AI Technologies,,543976,X,SHRAAITECH.BO,23.700000762939453,22013.2,FAIL,PRICE_TOO_LOW
BSE,STOCK,SHRADDHA,Shraddha Prime Projects,,531771,B,SHRADDHA.BO,153.39999389648438,4716.7,FAIL,VOLUME_TOO_LOW
BSE,STOCK,SHRAJOI,Shri Rajivlochan Oil Extration,,530295,X,SHRAJOI.BO,24.200000762939453,61.1,FAIL,PRICE_TOO_LOW
BSE,STOCK,SHRAJSYNQ,Shree Rajasthan Syntex,,503837,X,SHRAJSYNQ.BO,9.050000190734863,2552.35,FAIL,PRICE_TOO_LOW
BSE,STOCK,SHRDAIS,Sharda Ispat,,513548,X,SHRDAIS.BO,147.25,403.85,FAIL,VOLUME_TOO_LOW
BSE,STOCK,SHREDIGCEM,Shree Digvijay Cement Company,,502180,B,SHREDIGCEM.BO,74.9800033569336,9301.95,FAIL,VOLUME_TOO_LOW
BSE,STOCK,SHREE,Shree Marutinandan Tubes,,544083,M,SHREE.BO,45.9900016784668,5925.0,FAIL,PRICE_TOO_LOW
BSE,STOCK,SHREEGANES,Shree Ganesh Bio-Tech,,539470,X,SHREEGANES.BO,0.4799999892711639,673315.15,FAIL,PRICE_TOO_LOW
BSE,STOCK,SHREEJISPG,Shreeji Shipping Global,,544490,B,SHREEJISPG.BO,664.75,129059.1,PASS,PASS
BSE,STOCK,SHREENATH,Shreenath Paper Products,,544372,M,SHREENATH.BO,12.75,4650.0,FAIL,PRICE_TOO_LOW
BSE,STOCK,SHREEPAC,Shree Pacetronix,,527005,X,SHREEPAC.BO,136.0,3310.4,FAIL,VOLUME_TOO_LOW
BSE,STOCK,SHREEPUSHK,Shree Pushkar Chemicals,,539334,B,SHREEPUSHK.BO,476.75,7313.25,FAIL,VOLUME_TOO_LOW
BSE,STOCK,SHREERAMA,Shree Rama Multi-Tech,,532310,B,SHREERAMA.BO,44.31999969482422,21384.8,FAIL,PRICE_TOO_LOW
BSE,STOCK,SHREEREF,Shree Refrigerations,,544458,M,SHREEREF.BO,413.0499877929688,334250.0,PASS,PASS
BSE,STOCK,SHREESEC,Shree Securities,,538975,Z,SHREESEC.BO,0.1899999976158142,1046896.55,FAIL,PRICE_TOO_LOW
BSE,STOCK,SHREESHAY,Shreeshay Engineers,,541112,M,SHREESHAY.BO,26.0,10700.0,FAIL,PRICE_TOO_LOW
BSE,STOCK,SHREMETAL,Shree Metalloys,,531962,X,SHREMETAL.BO,37.400001525878906,1631.2,FAIL,PRICE_TOO_LOW
BSE,STOCK,SHREYANIND,Shreyans Industries,,516016,B,516016.BO,135.35000610351562,330.05,FAIL,VOLUME_TOO_LOW
BSE,STOCK,SHREYASI,Shreyas Intermediates,,526335,X,SHREYASI.BO,6.789999961853027,7967.4,FAIL,PRICE_TOO_LOW
BSE,STOCK,SHRICON,Shricon Industries,,508961,XT,SHRICON.BO,199.8000030517578,173.0,FAIL,VOLUME_TOO_LOW
BSE,STOCK,SHRIDINE,Shri Dinesh Mills,,503804,XT,SHRIDINE.BO,372.0499877929688,1712.35,FAIL,VOLUME_TOO_LOW
BSE,STOCK,SHRIGANG,Shri Gang Industries,,523309,X,SHRIGANG.BO,59.68999862670898,25434.55,FAIL,VOLUME_TOO_LOW
BSE,STOCK,SHRIKRISH,Shri Krishna Devcon,,531080,B,SHRIKRISH.BO,40.88999938964844,168.85,FAIL,PRICE_TOO_LOW
BSE,STOCK,SHRINGARMS,Shringar House of Mangalsutra,,544512,B,SHRINGARMS.BO,217.3000030517578,15662.15,FAIL,VOLUME_TOO_LOW
BSE,STOCK,SHRINIWAS,Shri Niwas Leasing and Finance,,538897,XT,SHRINIWAS.BO,18.040000915527344,8186.4,FAIL,PRICE_TOO_LOW
BSE,STOCK,SHRIPISTON,SPR Auto Technologies,,544344,A,SHRIPISTON.BO,4545.0498046875,13966.55,FAIL,VOLUME_TOO_LOW
BSE,STOCK,SHRIRAMFIN,Shriram Finance,,511218,A,SHRIRAMFIN.BO,1049.0,195816.3,PASS,PASS
BSE,STOCK,SHRIRAMPPS,Shriram Properties,,543419,B,SHRIRAMPPS.BO,76.16999816894531,46112.25,FAIL,VOLUME_TOO_LOW
BSE,STOCK,SHRISTI,Shristi Infrastructure,,511411,X,SHRISTI.BO,29.8700008392334,869.9,FAIL,PRICE_TOO_LOW
BSE,STOCK,SHRJAGP,Shri Jagdamba Polymers,,512453,B,SHRJAGP.BO,620.5,2344.35,FAIL,VOLUME_TOO_LOW
BSE,STOCK,SHRMFGC,Shree Manufacturing,,503863,X,SHRMFGC.BO,9.93000030517578,51.45,FAIL,PRICE_TOO_LOW
BSE,STOCK,SHRYDUS,Shrydus Industries,,511493,XT,SHRYDUS.BO,4.019999980926514,17132.9,FAIL,PRICE_TOO_LOW
BSE,STOCK,SHTL,Shining Tools,,544607,M,SHTL.BO,114.0,11640.0,FAIL,VOLUME_TOO_LOW
BSE,STOCK,SHUBHAM,Shubham Polyspin,,542019,X,SHUBHAM.BO,41.65999984741211,12507.3,FAIL,PRICE_TOO_LOW
BSE,STOCK,SHUKJEW,Shukra Jewellery,,523790,P,SHUKJEW.BO,8.850000381469727,185.0,FAIL,PRICE_TOO_LOW
BSE,STOCK,SHUKRAPHAR,Shukra Pharmaceuticals,,524632,B,SHUKRAPHAR.BO,52.0,893170.6,PASS,PASS
BSE,STOCK,SHVFL,Shreevatsaa Finance & Leasing,,532007,X,SHVFL.BO,24.049999237060547,6.4,FAIL,PRICE_TOO_LOW
BSE,STOCK,SHVSUIT,Shiva Suitings,,521003,P,SHVSUIT.BO,49.470001220703125,25.0,FAIL,PRICE_TOO_LOW
BSE,STOCK,SHYAM,Ventura Guaranty,,512060,P,SHYAM.BO,13.25,0.0,FAIL,PRICE_TOO_LOW
BSE,STOCK,SHYAMACOMP,Shyama Computronics and Services,,531219,P,SHYAMACOMP.BO,3.400000095367432,210.0,FAIL,PRICE_TOO_LOW
BSE,STOCK,SHYAMCENT,Shyam Century Ferrous,,539252,T,SHYAMCENT.BO,5.010000228881836,8908.05,FAIL,PRICE_TOO_LOW
BSE,STOCK,SHYAMMETL,Shyam Metalics & Energy,,543299,A,SHYAMMETL.BO,1081.75,108709.65,PASS,PASS
BSE,STOCK,SHYAMTEL,Shyam Telecom,,517411,B,SHYAMTEL.BO,11.600000381469728,2040.9,FAIL,PRICE_TOO_LOW
BSE,STOCK,SHYMINV,Shyamkamal Investments,,505515,X,SHYMINV.BO,12.619999885559082,8934.9,FAIL,PRICE_TOO_LOW
BSE,STOCK,SIBARAUT,Sibar Auto Parts,,520141,X,SIBARAUT.BO,7.739999771118164,2927.4,FAIL,PRICE_TOO_LOW
BSE,STOCK,SICAGEN,Sicagen,,533014,B,SICAGEN.BO,58.5,33575.25,FAIL,VOLUME_TOO_LOW
BSE,STOCK,SICAPIT,SI Capital & Financial Services,,530907,XT,SICAPIT.BO,14.880000114440918,6841.3,FAIL,PRICE_TOO_LOW
BSE,STOCK,SICL,Suvidha Infraestate Corporation,,531640,P,SICL.BO,11.899999618530272,20.0,FAIL,PRICE_TOO_LOW
BSE,STOCK,SIDDHA,Siddha Ventures,,530439,X,SIDDHA.BO,4.460000038146973,2440.25,FAIL,PRICE_TOO_LOW
BSE,STOCK,SIDDHEGA,Siddheswari Garments,,526877,XT,SIDDHEGA.BO,18.649999618530277,183.5,FAIL,PRICE_TOO_LOW
BSE,STOCK,SIEL,Superior Industrial Enterprises,,519234,B,SIEL.BO,33.529998779296875,1869.45,FAIL,PRICE_TOO_LOW
BSE,STOCK,SIEMENS,Siemens,,500550,A,SIEMENS.BO,4021.300048828125,18441.95,FAIL,VOLUME_TOO_LOW
BSE,STOCK,SIGACHI,Sigachi Industries,,543389,B,SIGACHI.BO,32.54999923706055,371637.1,FAIL,PRICE_TOO_LOW
BSE,STOCK,SIGIND,Signet Industries,,512131,T,SIGIND.BO,71.9800033569336,8275.45,FAIL,VOLUME_TOO_LOW
BSE,STOCK,SIGMA,Sigma Solve,,543917,B,SIGMA.BO,47.27000045776367,23303.1,FAIL,PRICE_TOO_LOW
BSE,STOCK,SIGMAADV,Sigma Advanced Systems,,532408,T,SIGMAADV.BO,752.7999877929688,55621.65,FAIL,VOLUME_TOO_LOW
BSE,STOCK,SIGNATURE,Signatureglobal,,543990,A,SIGNATURE.BO,793.7000122070312,16103.75,FAIL,VOLUME_TOO_LOW
BSE,STOCK,SIGNGCL,Signature Green Corporation,,507663,X,SIGNGCL.BO,4.989999771118164,0.0,FAIL,PRICE_TOO_LOW
BSE,STOCK,SIGNPOST,Signpost India,,544117,B,SIGNPOST.BO,245.3500061035156,4353.3,FAIL,VOLUME_TOO_LOW
BSE,STOCK,SIHORA,Sihora Industries,,544585,M,SIHORA.BO,62.9900016784668,1600.0,FAIL,VOLUME_TOO_LOW
BSE,STOCK,SIIL,Sabrimala Industries,,540132,XT,SIIL.BO,15.479999542236328,46613.8,FAIL,PRICE_TOO_LOW
BSE,STOCK,SIKA,Sika Interplant Systems,,523606,B,SIKA.BO,976.75,5670.7,FAIL,VOLUME_TOO_LOW
BSE,STOCK,SIL,Standard Industries,,530017,B,SIL.BO,19.57999992370605,42751.7,FAIL,PRICE_TOO_LOW
BSE,STOCK,SILINV,SIL Investments,,521194,B,SILINV.BO,476.7999877929688,230.7,FAIL,VOLUME_TOO_LOW
BSE,STOCK,SILL,Sampark India Logistics,,544810,M,SILL.BO,92.0,15280.0,FAIL,VOLUME_TOO_LOW
BSE,STOCK,SILVERO,Silveroak Commercial,,512197,Z,SILVERO.BO,5.75,1164.2,FAIL,PRICE_TOO_LOW
BSE,STOCK,SILVERPRL,Silver Pearl Hospitality,,543536,M,SILVERPRL.BO,4.53000020980835,6000.0,FAIL,PRICE_TOO_LOW
BSE,STOCK,SILVERTUC,Silver Touch Technologies,,543525,B,SILVERTUC.BO,169.75,106469.3,PASS,PASS
BSE,STOCK,SILVOAK,Silver Oak India,,531635,X,SILVOAK.BO,69.98999786376953,580.0,FAIL,VOLUME_TOO_LOW
BSE,STOCK,SIMANDHAR,Simandhar Impex,,544662,X,SIMANDHAR.BO,153.9499969482422,1975.6,FAIL,VOLUME_TOO_LOW
BSE,STOCK,SIMBHALS,Simbhaoli Sugars,,539742,Z,SIMBHALS.BO,8.880000114440918,7193.15,FAIL,PRICE_TOO_LOW
BSE,STOCK,SIMMOND,Simmonds Marshall,,507998,X,SIMMOND.BO,239.8500061035156,18332.1,FAIL,VOLUME_TOO_LOW
BSE,STOCK,SIMPLEXCAS,Simplex Casting,,513472,X,SIMPLEXCAS.BO,102.1500015258789,372905.35,PASS,PASS
BSE,STOCK,SIMPLEXINF,Simplex Infrastructures,,523838,B,523838.BO,256.6000061035156,3302.6,FAIL,VOLUME_TOO_LOW
BSE,STOCK,SIMPLXPAP,Simplex Papers,,533019,X,SIMPLXPAP.BO,1399.9000244140625,1.75,FAIL,VOLUME_TOO_LOW
BSE,STOCK,SIMPLXREA,Simplex Realty,,503229,B,SIMPLXREA.BO,140.4499969482422,34.1,FAIL,VOLUME_TOO_LOW
BSE,STOCK,SIMRAN,Simran Farms,,519566,X,SIMRAN.BO,175.5500030517578,12494.05,FAIL,VOLUME_TOO_LOW
BSE,STOCK,SINCLAIR,Sinclairs Hotels,,523023,B,SINCLAIR.BO,83.5,3491.5,FAIL,VOLUME_TOO_LOW
BSE,STOCK,SINDHUTRAD,Sindhu Trade Links,,532029,B,532029.BO,24.84000015258789,157800.5,FAIL,PRICE_TOO_LOW
BSE,STOCK,SINGERIND,Singer,,505729,B,505729.BO,76.6500015258789,51605.8,FAIL,VOLUME_TOO_LOW
BSE,STOCK,SINNAR,Sinnar Bidi Udyog,,509887,XT,SINNAR.BO,704.0,17.0,FAIL,VOLUME_TOO_LOW
BSE,STOCK,SIPL,Shelter Infra Projects,,526839,X,SIPL.BO,13.0,581.65,FAIL,PRICE_TOO_LOW
BSE,STOCK,SIRCA,Sirca Paints,,543686,B,SIRCA.BO,440.5,14863.8,FAIL,VOLUME_TOO_LOW
BSE,STOCK,SIROHIA,Sirohia & Sons,,538667,M,SIROHIA.BO,6.519999980926514,500.0,FAIL,PRICE_TOO_LOW
BSE,STOCK,SIS,SIS,,540673,B,SIS.BO,435.75,23257.2,FAIL,VOLUME_TOO_LOW
BSE,STOCK,SISL,Shantidoot Infra Services,,543598,MT,SISL.BO,590.0,0.0,FAIL,VOLUME_TOO_LOW
BSE,STOCK,SITAENT,Sita Enterprises,,512589,X,SITAENT.BO,132.14999389648438,255.6,FAIL,VOLUME_TOO_LOW
BSE,STOCK,SITINET,Siti Networks,,532795,Z,SITINET.BO,0.4900000095367431,17104.65,FAIL,PRICE_TOO_LOW
BSE,STOCK,SIYARAM,Siyaram Recycling Industr,,544047,M,SIYARAM.BO,35.27000045776367,40875.0,FAIL,PRICE_TOO_LOW
BSE,STOCK,SIYSIL,Siyaram Silk Mills,,503811,B,SIYSIL.BO,559.25,33326.55,FAIL,VOLUME_TOO_LOW
BSE,STOCK,SIZEMASTER,Sizemasters Technology,,513496,X,SIZEMASTER.BO,305.0,830.2,FAIL,VOLUME_TOO_LOW
BSE,STOCK,SJS,SJS Enterprises,,543387,A,SJS.BO,2410.89990234375,6505.9,FAIL,VOLUME_TOO_LOW
BSE,STOCK,SJVN,SJVN,,533206,A,SJVN.BO,65.0,181459.9,PASS,PASS
BSE,STOCK,SKCIL,Shri Keshav Cement & Infra,,530977,X,SKCIL.BO,97.5,26232.4,FAIL,VOLUME_TOO_LOW
BSE,STOCK,SKFINDIA,SKF India,,500472,A,500472.BO,1474.4000244140625,9258.3,FAIL,VOLUME_TOO_LOW
BSE,STOCK,SKFINDUS,SKF India Industrial,,544572,B,SKFINDUS.BO,3058.75,11937.35,FAIL,VOLUME_TOO_LOW
BSE,STOCK,SKIEL,SK International Export,,542728,MT,SKIEL.BO,19.700000762939453,2100.0,FAIL,PRICE_TOO_LOW
BSE,STOCK,SKIFL,Shree Krishna Infrastructure,,542146,M,SKIFL.BO,9.970000267028809,3562.5,FAIL,PRICE_TOO_LOW
BSE,STOCK,SKIPPER,Skipper,,538562,B,SKIPPER.BO,546.75,36433.9,FAIL,VOLUME_TOO_LOW
BSE,STOCK,SKL,Super Fine Knitters,,540269,MT,SKL.BO,11.399999618530272,4000.0,FAIL,PRICE_TOO_LOW
BSE,STOCK,SKM,SK Minerals & Additives,,544584,MT,SKM.BO,465.0,17100.0,FAIL,VOLUME_TOO_LOW
BSE,STOCK,SKMEGGPROD,SKM Egg Products Export,,532143,B,SKMEGGPROD.BO,262.5,35990.15,FAIL,VOLUME_TOO_LOW
BSE,STOCK,SKPMIL,Shree Krishna Paper Mills,,500388,XT,SKPMIL.BO,95.0,151.4,FAIL,VOLUME_TOO_LOW
BSE,STOCK,SKPSEC,SKP Securities,,531169,X,SKPSEC.BO,102.3499984741211,1709.4,FAIL,VOLUME_TOO_LOW
BSE,STOCK,SKRABUL,Shukra Bullions,,531506,X,SKRABUL.BO,23.15999984741211,404.9,FAIL,PRICE_TOO_LOW
BSE,STOCK,SKYBIOTECH,Skybiotech Healthcare,,512036,X,SKYBIOTECH.BO,124.0,116.15,FAIL,VOLUME_TOO_LOW
BSE,STOCK,SKYGOLD,Sky Gold And Diamonds,,541967,A,SKYGOLD.BO,742.9000244140625,89575.4,FAIL,VOLUME_TOO_LOW
BSE,STOCK,SKYIND,Sky Industries,,526479,X,SKYIND.BO,92.3000030517578,3145.05,FAIL,VOLUME_TOO_LOW
BSE,STOCK,SKYLMILAR,Skyline Millars,,505650,X,SKYLMILAR.BO,13.399999618530272,5439.85,FAIL,PRICE_TOO_LOW
BSE,STOCK,SLSTLQ,Sri Lakshmi Saraswathi Textiles,,521161,X,SLSTLQ.BO,31.15999984741211,126.85,FAIL,PRICE_TOO_LOW
BSE,STOCK,SMARITIME,Sahara Maritime,,544056,M,SMARITIME.BO,22.21999931335449,400.0,FAIL,PRICE_TOO_LOW
BSE,STOCK,SMARTFIN,Smart Finsec,,539494,X,SMARTFIN.BO,8.199999809265137,11511.85,FAIL,PRICE_TOO_LOW
BSE,STOCK,SMARTLINK,Smartlink Holdings,,532419,T,SMARTLINK.BO,217.6999969482422,746.9,FAIL,VOLUME_TOO_LOW
BSE,STOCK,SMARTWORKS,Smartworks Coworking Spaces,,544447,B,SMARTWORKS.BO,532.8499755859375,22093.15,FAIL,VOLUME_TOO_LOW
BSE,STOCK,SMAUTO,SM Auto Stamping,,543065,M,SMAUTO.BO,29.5,11300.0,FAIL,PRICE_TOO_LOW
BSE,STOCK,SMCGLOBAL,SMC Global Securities,,543263,B,SMCGLOBAL.BO,79.08999633789062,13853.35,FAIL,VOLUME_TOO_LOW
BSE,STOCK,SMEL,Sungold Media & Entertainment,,541799,MT,SMEL.BO,20.100000381469727,3750.0,FAIL,PRICE_TOO_LOW
BSE,STOCK,SMFIL,Smiths & Founders,,513418,XT,SMFIL.BO,11.399999618530272,54736.65,FAIL,PRICE_TOO_LOW
BSE,STOCK,SMGOLD,SM Gold,,542034,B,SMGOLD.BO,11.15999984741211,8620.8,FAIL,PRICE_TOO_LOW
BSE,STOCK,SMLMAH,SML Mahindra,,505192,A,SMLMAH.BO,5736.5,5390.3,FAIL,VOLUME_TOO_LOW
BSE,STOCK,SMLT,Sarthak Metals,,540393,B,SMLT.BO,65.5999984741211,845.95,FAIL,VOLUME_TOO_LOW
BSE,STOCK,SMR,SMR Jewels,,544774,M,SMR.BO,90.0,8150.0,FAIL,VOLUME_TOO_LOW
BSE,STOCK,SMRUTHIORG,Smruthi Organics,,540686,X,SMRUTHIORG.BO,149.39999389648438,12051.7,FAIL,VOLUME_TOO_LOW
BSE,STOCK,SMSPHARMA,SMS Pharmaceuticals,,532815,B,SMSPHARMA.BO,374.25,6400.3,FAIL,VOLUME_TOO_LOW
BSE,STOCK,SMTEL,SMT Engineering,,538563,X,SMTEL.BO,367.0,1140.55,FAIL,VOLUME_TOO_LOW
BSE,STOCK,SNIM,Svarnim Trade Udyog,,539911,X,SNIM.BO,11.449999809265137,37.55,FAIL,PRICE_TOO_LOW
BSE,STOCK,SNL,SNL Bearings,,505827,X,SNL.BO,387.0,2048.1,FAIL,VOLUME_TOO_LOW
BSE,STOCK,SNOWMAN,Snowman Logistics,,538635,B,SNOWMAN.BO,36.20000076293945,14330.3,FAIL,PRICE_TOO_LOW
BSE,STOCK,SOBHA,Sobha,,532784,A,SOBHA.BO,1254.699951171875,5883.8,FAIL,VOLUME_TOO_LOW
BSE,STOCK,SOBME,Sobhagya Mercantile,,512014,X,SOBME.BO,1437.0999755859375,1113.75,FAIL,VOLUME_TOO_LOW
BSE,STOCK,SODHACAP,Sodhani Capital,,544560,M,SODHACAP.BO,68.5,7600.0,FAIL,VOLUME_TOO_LOW
BSE,STOCK,SOFCOM,SOFCOM Systems,,538923,XT,SOFCOM.BO,17.8799991607666,71521.5,FAIL,PRICE_TOO_LOW
BSE,STOCK,SOFTRAKV,Softrak Venture Investments,,531529,XT,SOFTRAKV.BO,1.4600000381469729,22118.9,FAIL,PRICE_TOO_LOW
BSE,STOCK,SOFTTECH,SoftTech Engineers,,543470,B,SOFTTECH.BO,414.3500061035156,129.95,FAIL,VOLUME_TOO_LOW
BSE,STOCK,SOLARA,Solara Active Pharma Sciences,,541540,B,SOLARA.BO,630.0499877929688,29573.3,FAIL,VOLUME_TOO_LOW
BSE,STOCK,SOLARINDS,Solar Industries,,532725,A,SOLARINDS.BO,21410.69921875,11985.7,FAIL,VOLUME_TOO_LOW
BSE,STOCK,SOLARIUM,Solarium Green Energy,,544354,M,SOLARIUM.BO,154.0,11910.0,FAIL,VOLUME_TOO_LOW
BSE,STOCK,SOLARWORLD,Solarworld Energy Solutions,,544532,B,SOLARWORLD.BO,150.0,50892.75,FAIL,VOLUME_TOO_LOW
BSE,STOCK,SOLIDSTON,Solid Stone Company,,513699,X,SOLIDSTON.BO,26.989999771118164,534.1,FAIL,PRICE_TOO_LOW
BSE,STOCK,SOLIMAC,Solitaire Machine Tools,,522152,X,SOLIMAC.BO,86.8499984741211,4483.6,FAIL,VOLUME_TOO_LOW
BSE,STOCK,SOLVEX,Solvex Edibles,,544539,MT,SOLVEX.BO,20.950000762939453,17600.0,FAIL,PRICE_TOO_LOW
BSE,STOCK,SOMANYCERA,Somany Ceramics,,531548,B,SOMANYCERA.BO,569.25,19080.5,FAIL,VOLUME_TOO_LOW
BSE,STOCK,SOMATEX,Soma Textiles & Industries,,521034,B,SOMATEX.BO,93.0,4064.8,FAIL,VOLUME_TOO_LOW
BSE,STOCK,SOMICONVEY,Somi Conveyor Beltings,,533001,B,SOMICONVEY.BO,92.33999633789062,8581.3,FAIL,VOLUME_TOO_LOW
BSE,STOCK,SONACOMS,Sona BLW Precision Forgings,,543300,A,SONACOMS.BO,800.0,183664.75,PASS,PASS
BSE,STOCK,SONAL,Sonal Mercantile,,538943,B,SONAL.BO,83.0,673.35,FAIL,VOLUME_TOO_LOW
BSE,STOCK,SONALAD,Sonal Adhesives,,526901,X,SONALAD.BO,40.79999923706055,1171.95,FAIL,PRICE_TOO_LOW
BSE,STOCK,SONALIS,Sonalis Consumer Products,,543924,M,SONALIS.BO,43.20000076293945,5700.0,FAIL,PRICE_TOO_LOW
BSE,STOCK,SONATSOFTW,Sonata Software,,532221,A,SONATSOFTW.BO,284.1499938964844,67883.75,FAIL,VOLUME_TOO_LOW
BSE,STOCK,SOTEFIN,Sotefin Bharat,,544832,M,SOTEFIN.BO,241.8999938964844,69240.0,FAIL,VOLUME_TOO_LOW
BSE,STOCK,SOTL,Savita Oil Technologies,,524667,B,SOTL.BO,737.9000244140625,68337.1,FAIL,VOLUME_TOO_LOW
BSE,STOCK,SOURCEIND,Source Industries,,521036,XT,SOURCEIND.BO,48.11000061035156,361.45,FAIL,PRICE_TOO_LOW
BSE,STOCK,SOURCENTRL,Source Natural Foods,,531398,X,SOURCENTRL.BO,107.0500030517578,4239.4,FAIL,VOLUME_TOO_LOW
BSE,STOCK,SOUTHBANK,South Indian Bank,,532218,A,SOUTHBANK.BO,47.68999862670898,618771.75,FAIL,PRICE_TOO_LOW
BSE,STOCK,SOUTHERNIN,Southern Infoconsultants,,540174,X,SOUTHERNIN.BO,20.21999931335449,845.45,FAIL,PRICE_TOO_LOW
BSE,STOCK,SOUTHMG,Southern Magnesium & Chemicals,,513498,X,SOUTHMG.BO,79.41000366210938,957.2,FAIL,VOLUME_TOO_LOW
BSE,STOCK,SOUTHWEST,South West Pinnacle,,543986,B,SOUTHWEST.BO,212.1499938964844,20635.45,FAIL,VOLUME_TOO_LOW
BSE,STOCK,SOUTLAT,Southern Latex,,514454,XT,SOUTLAT.BO,33.33000183105469,1617.7,FAIL,PRICE_TOO_LOW
BSE,STOCK,SOVERDIA,Sovereign Diamonds,,523826,X,SOVERDIA.BO,27.059999465942383,3826.6,FAIL,PRICE_TOO_LOW
BSE,STOCK,SPACAPS,SPA Capital Services,,542376,XT,SPACAPS.BO,200.4499969482422,0.75,FAIL,VOLUME_TOO_LOW
BSE,STOCK,SPACEINCUBA,Space Incubatrics Technologies,,541890,XT,SPACEINCUBA.BO,0.1800000071525573,146770.75,FAIL,PRICE_TOO_LOW
BSE,STOCK,SPAL,SP Apparels,,540048,B,SPAL.BO,1062.5,6793.1,FAIL,VOLUME_TOO_LOW
BSE,STOCK,SPANDANA,Spandana Sphoorty Financial,,542759,B,SPANDANA.BO,237.1000061035156,11539.9,FAIL,VOLUME_TOO_LOW
BSE,STOCK,SPAR,Sparc Electrex,,531370,X,SPAR.BO,4.550000190734863,36287.1,FAIL,PRICE_TOO_LOW
BSE,STOCK,SPARC,Sun Pharma Advanced Research Co,,532872,B,SPARC.BO,202.5,71337.35,FAIL,VOLUME_TOO_LOW
BSE,STOCK,SPARKLEGR,Sparkle Gold Rock,,530037,X,SPARKLEGR.BO,63.77000045776367,6667.35,FAIL,VOLUME_TOO_LOW
BSE,STOCK,SPCAPIT,SP Capital Financing,,530289,X,SPCAPIT.BO,52.02999877929688,627.75,FAIL,VOLUME_TOO_LOW
BSE,STOCK,SPECFOOD,Spectrum Foods,,531982,X,SPECFOOD.BO,16.790000915527344,15114.15,FAIL,PRICE_TOO_LOW
BSE,STOCK,SPECIALITY,Speciality Restaurants,,534425,T,SPECIALITY.BO,139.39999389648438,6778.85,FAIL,VOLUME_TOO_LOW
BSE,STOCK,SPECTRA,Spectra Industries,,513687,Z,SPECTRA.BO,4.139999866485596,496.3,FAIL,PRICE_TOO_LOW
BSE,STOCK,SPECTRUM,Spectrum Electrical Industries,,544386,T,SPECTRUM.BO,2247.550048828125,733.4,FAIL,VOLUME_TOO_LOW
BSE,STOCK,SPELS,SPEL Semiconductor,,517166,B,SPELS.BO,148.0500030517578,26035.1,FAIL,VOLUME_TOO_LOW
BSE,STOCK,SPENCERS,Spencer's Retail,,542337,B,SPENCERS.BO,29.31999969482422,4218.6,FAIL,PRICE_TOO_LOW
BSE,STOCK,SPENTA,Spenta International,,526161,XT,SPENTA.BO,131.14999389648438,593.35,FAIL,VOLUME_TOO_LOW
BSE,STOCK,SPIC,Southern Petrochemical Industries,,590030,B,590030.BO,66.2300033569336,19840.8,FAIL,VOLUME_TOO_LOW
BSE,STOCK,SPICEISLIN,Spice Islands Industries,,526827,XT,SPICEISLIN.BO,99.1500015258789,55833.55,FAIL,VOLUME_TOO_LOW
BSE,STOCK,SPICEJET,Spicejet,,500285,B,SPICEJET.BO,9.65999984741211,5364645.65,FAIL,PRICE_TOO_LOW
BSE,STOCK,SPICELOUNG,Spice Lounge Food Works,,539895,B,SPICELOUNG.BO,24.600000381469727,452305.05,FAIL,PRICE_TOO_LOW
BSE,STOCK,SPINAROO,Spinaroo Commercial,,544392,M,SPINAROO.BO,47.45000076293945,11800.0,FAIL,PRICE_TOO_LOW
BSE,STOCK,SPITZE,Maruti Interior Products,,543464,M,SPITZE.BO,31.700000762939453,73300.0,FAIL,PRICE_TOO_LOW
BSE,STOCK,SPL,Swashthik Plascon,,544035,M,SPL.BO,22.239999771118164,24160.0,FAIL,PRICE_TOO_LOW
BSE,STOCK,SPLPETRO,Supreme Petrochem,,500405,A,SPLPETRO.BO,725.9000244140625,7736.6,FAIL,VOLUME_TOO_LOW
BSE,STOCK,SPML,Speciality Medicines,,544738,M,SPML.BO,145.0,9100.0,FAIL,VOLUME_TOO_LOW
BSE,STOCK,SPMLINFRA,SPML Infra,,500402,B,500402.BO,205.8000030517578,35022.7,FAIL,VOLUME_TOO_LOW
BSE,STOCK,SPORTKING,Sportking,,539221,B,SPORTKING.BO,231.1499938964844,33054.2,FAIL,VOLUME_TOO_LOW
BSE,STOCK,SPRAYKING,Sprayking,,540079,B,SPRAYKING.BO,1.2699999809265137,170030.25,FAIL,PRICE_TOO_LOW
BSE,STOCK,SPRIGHT,Spright Agro,,531205,X,SPRIGHT.BO,0.3799999952316284,5318451.25,FAIL,PRICE_TOO_LOW
BSE,STOCK,SPSL,Shree Precoated Steels,,533110,X,SPSL.BO,16.399999618530273,985.85,FAIL,PRICE_TOO_LOW
BSE,STOCK,SPTRSHI,Saptarishi Agro Industries,,519238,X,SPTRSHI.BO,22.0,2956.8,FAIL,PRICE_TOO_LOW
BSE,STOCK,SPVGLOBAL,SPV Global Trading,,512221,XT,SPVGLOBAL.BO,14.449999809265137,0.0,FAIL,PRICE_TOO_LOW
BSE,STOCK,SRAMSET,Shriram Asset Management Company,,531359,X,SRAMSET.BO,274.1000061035156,3771.9,FAIL,VOLUME_TOO_LOW
BSE,STOCK,SRD,Shankar Lal Rampal Dye Chem,,542232,B,SRD.BO,39.150001525878906,6246.9,FAIL,PRICE_TOO_LOW
BSE,STOCK,SRECR,Sreechem Resins,,514248,P,SRECR.BO,24.0,260.0,FAIL,PRICE_TOO_LOW
BSE,STOCK,SREEL,Sreeleathers,,535601,B,SREEL.BO,257.79998779296875,1477.9,FAIL,VOLUME_TOO_LOW
BSE,STOCK,SRESTHA,Srestha Finvest,,539217,X,SRESTHA.BO,0.25,3482465.8,FAIL,PRICE_TOO_LOW
BSE,STOCK,SRF,SRF,,503806,A,SRF.BO,2605.0,24189.05,FAIL,VOLUME_TOO_LOW
BSE,STOCK,SRGFFL,SRG Fingrow Finance,,536710,M,SRGFFL.BO,31.049999237060547,2100.0,FAIL,PRICE_TOO_LOW
BSE,STOCK,SRGHFL,SRG Housing Finance,,534680,B,SRGHFL.BO,241.3000030517578,72.2,FAIL,VOLUME_TOO_LOW
BSE,STOCK,SRHHYPOLTD,Sree Rayalaseema Hi-Strength Hypo,,532842,B,SRHHYPOLTD.BO,510.9500122070313,1288.55,FAIL,VOLUME_TOO_LOW
BSE,STOCK,SRICC,Sri Chakra Cement Limited,,518053,X,SRICC.BO,36.11000061035156,955.15,FAIL,PRICE_TOO_LOW
BSE,STOCK,SRIGEE,Srigee DLM,,544399,M,SRIGEE.BO,90.0,9360.0,FAIL,VOLUME_TOO_LOW
BSE,STOCK,SRIKPRIND,Sri KPR Industries,,514442,B,SRIKPRIND.BO,32.040000915527344,3190.2,FAIL,PRICE_TOO_LOW
BSE,STOCK,SRINACHA,Sri Nachammai Cotton Mills,,521234,X,SRINACHA.BO,25.600000381469727,364.95,FAIL,PRICE_TOO_LOW
BSE,STOCK,SRM,SRM Contractors,,544158,B,SRM.BO,469.7999877929688,8165.05,FAIL,VOLUME_TOO_LOW
BSE,STOCK,SRMCL,Sri Ramakrishna Mills,,521178,X,SRMCL.BO,56.060001373291016,4004.0,FAIL,VOLUME_TOO_LOW
BSE,STOCK,SRMENERGY,SRM Energy,,523222,X,SRMENERGY.BO,27.040000915527344,10801.45,FAIL,PRICE_TOO_LOW
BSE,STOCK,SRSOLTD,Silicon Rental Solutions,,543615,M,SRSOLTD.BO,77.5,4760.0,FAIL,VOLUME_TOO_LOW
BSE,STOCK,SRTL,Shree Ram Twistex,,544716,B,SRTL.BO,36.45000076293945,6894.3,FAIL,PRICE_TOO_LOW
BSE,STOCK,SRUSTEELS,SRU Steels,,540914,XT,SRUSTEELS.BO,1.440000057220459,66841.6,FAIL,PRICE_TOO_LOW
BSE,STOCK,SSDL,Saraswati Saree Depot,,544230,B,SSDL.BO,55.630001068115234,9504.9,FAIL,VOLUME_TOO_LOW
BSE,STOCK,SSL,Share Samadhan,,544251,MT,SSL.BO,47.70000076293945,27600.0,FAIL,PRICE_TOO_LOW
BSE,STOCK,SSMD,SSMD Agrotech,,544621,M,SSMD.BO,58.0,1800.0,FAIL,VOLUME_TOO_LOW
BSE,STOCK,SSPDL,SSPDL,,530821,X,SSPDL.BO,13.960000038146973,5931.55,FAIL,PRICE_TOO_LOW
BSE,STOCK,SSPNFIN,SSPN Finance,,539026,M,SSPNFIN.BO,6.679999828338623,6400.0,FAIL,PRICE_TOO_LOW
BSE,STOCK,SSTL,Safa Systems & Technologies,,543461,M,SSTL.BO,20.8700008392334,13500.0,FAIL,PRICE_TOO_LOW
BSE,STOCK,SSWL,Steel Strips Wheels,,513262,B,SSWL.BO,360.8999938964844,111436.5,PASS,PASS
BSE,STOCK,SSWRL,Shree Steel Wire Ropes,,513488,XT,SSWRL.BO,24.420000076293945,2343.55,FAIL,PRICE_TOO_LOW
BSE,STOCK,STAL,Storage Technologies & Automation,,544171,MT,STAL.BO,34.0,9720.0,FAIL,PRICE_TOO_LOW
BSE,STOCK,STALLION,Stallion India Fluorochemicals,,544342,T,STALLION.BO,207.6000061035156,66057.1,FAIL,VOLUME_TOO_LOW
BSE,STOCK,STANBIK,Stanbik Agro,,544659,M,STANBIK.BO,24.0,2800.0,FAIL,PRICE_TOO_LOW
BSE,STOCK,STANCAP,Standard Capital Markets,,511700,X,STANCAP.BO,0.3000000119209289,15083102.95,FAIL,PRICE_TOO_LOW
BSE,STOCK,STANLEY,Stanley Lifestyles,,544202,B,STANLEY.BO,136.89999389648438,12116.2,FAIL,VOLUME_TOO_LOW
BSE,STOCK,STANPACK,Stanpacks,,530931,X,STANPACK.BO,13.0,1037.7,FAIL,PRICE_TOO_LOW
BSE,STOCK,STANROS,Stanrose Mafatlal Investments & Finance,,506105,X,STANROS.BO,71.94999694824219,77.45,FAIL,VOLUME_TOO_LOW
BSE,STOCK,STAR,Strides Pharma Science,,532531,A,STAR.BO,1053.3499755859375,32350.55,FAIL,VOLUME_TOO_LOW
BSE,STOCK,STARCEMENT,Star Cement,,540575,B,STARCEMENT.BO,184.3999938964844,20486.85,FAIL,VOLUME_TOO_LOW
BSE,STOCK,STARDELTA,Star Delta Transformers,,539255,X,STARDELTA.BO,470.0499877929688,3965.8,FAIL,VOLUME_TOO_LOW
BSE,STOCK,STARHEALTH,Star Health Insurance,,543412,A,STARHEALTH.BO,558.9000244140625,20035.45,FAIL,VOLUME_TOO_LOW
BSE,STOCK,STARHFL,Star Housing Finance,,539017,X,STARHFL.BO,4.909999847412109,120850.6,FAIL,PRICE_TOO_LOW
BSE,STOCK,STARIMAGIN,Star Imaging And Path Lab,,544482,M,STARIMAGIN.BO,87.77999877929688,25200.0,FAIL,VOLUME_TOO_LOW
BSE,STOCK,STARLENT,Starlineps Enterprises,,540492,B,STARLENT.BO,8.529999732971191,729134.75,FAIL,PRICE_TOO_LOW
BSE,STOCK,STARLOG,Starlog Enterprises,,520155,X,STARLOG.BO,37.63999938964844,2274.7,FAIL,PRICE_TOO_LOW
BSE,STOCK,STARPAPER,Star Paper Mills,,516022,B,STARPAPER.BO,153.64999389648438,649.45,FAIL,VOLUME_TOO_LOW
BSE,STOCK,STARSOURCE,Star Source Multi Trade,,506365,X,STARSOURCE.BO,80.37000274658203,598.75,FAIL,VOLUME_TOO_LOW
BSE,STOCK,STARTECK,Starteck Finance,,512381,B,STARTECK.BO,248.75,2378.05,FAIL,VOLUME_TOO_LOW
BSE,STOCK,STCINDIA,State Trading Corporation of India,,512531,B,STCINDIA.BO,114.5,2802.9,FAIL,VOLUME_TOO_LOW
BSE,STOCK,STCORP,S&T Corporation,,514197,X,STCORP.BO,4.550000190734863,16064.6,FAIL,PRICE_TOO_LOW
BSE,STOCK,STDBAT,Standard Batteries,,504180,X,STDBAT.BO,42.70000076293945,1601.1,FAIL,PRICE_TOO_LOW
BSE,STOCK,STDSFAC,Standard Surfactants,,526231,XT,STDSFAC.BO,97.25,11154.4,FAIL,VOLUME_TOO_LOW
BSE,STOCK,STEELCAS,Steelcast,,513517,B,STEELCAS.BO,318.3999938964844,5843.8,FAIL,VOLUME_TOO_LOW
BSE,STOCK,STEELCO,Steelco Gujarat,,500399,XT,STEELCO.BO,263.6499938964844,24212.2,FAIL,VOLUME_TOO_LOW
BSE,STOCK,STEELXIND,Steel Exchange India,,534748,B,STEELXIND.BO,11.329999923706056,158823.85,FAIL,PRICE_TOO_LOW
BSE,STOCK,STEL,STEL Holdings,,533316,B,STEL.BO,605.0999755859375,424.55,FAIL,VOLUME_TOO_LOW
BSE,STOCK,STELLANT,Stellant Securities,,526071,XT,STELLANT.BO,1040.0,11855.7,FAIL,VOLUME_TOO_LOW
BSE,STOCK,STELLAR,Stellar Capital Services,,536738,M,STELLAR.BO,6.0,600.0,FAIL,PRICE_TOO_LOW
BSE,STOCK,STEP2COR,Step Two Corp,,531509,XT,STEP2COR.BO,30.0,2191.15,FAIL,PRICE_TOO_LOW
BSE,STOCK,STERPOW,Sterling Powergensys,,513575,X,STERPOW.BO,28.270000457763672,6487.15,FAIL,PRICE_TOO_LOW
BSE,STOCK,STERTOOLS,Sterling Tools,,530759,T,530759.BO,248.8000030517578,22260.65,FAIL,VOLUME_TOO_LOW
BSE,STOCK,STHINPA,South India Paper Mills,,516108,X,STHINPA.BO,117.4000015258789,37608.8,FAIL,VOLUME_TOO_LOW
BSE,STOCK,STL,Shreeji Translogistics,,540738,B,STL.BO,8.199999809265137,53146.2,FAIL,PRICE_TOO_LOW
BSE,STOCK,STLNETWORK,STL Networks,,544395,B,STLNETWORK.BO,27.46999931335449,169906.4,FAIL,PRICE_TOO_LOW
BSE,STOCK,STLSTRINF,Steel Strips Infrastructures,,513173,B,STLSTRINF.BO,19.549999237060547,1736.45,FAIL,PRICE_TOO_LOW
BSE,STOCK,STLTECH,Sterlite Technologies,,532374,T,STLTECH.BO,714.4500122070312,107831.25,PASS,PASS
BSE,STOCK,STML,Steelman Telecom,,543622,M,STML.BO,68.0,4380.0,FAIL,VOLUME_TOO_LOW
BSE,STOCK,STOVACQ,Stovec Industries,,504959,X,STOVACQ.BO,1664.949951171875,187.8,FAIL,VOLUME_TOO_LOW
BSE,STOCK,STOVEKRAFT,Stove Kraft,,543260,B,STOVEKRAFT.BO,840.25,8744.5,FAIL,VOLUME_TOO_LOW
BSE,STOCK,STRATMONT,Stratmont Industries,,530495,X,STRATMONT.BO,53.2599983215332,8039.9,FAIL,VOLUME_TOO_LOW
BSE,STOCK,STRGRENWO,Sterling Green Woods,,526500,X,STRGRENWO.BO,21.799999237060547,27.4,FAIL,PRICE_TOO_LOW
BSE,STOCK,STUDDS,Studds Accessories,,544599,B,STUDDS.BO,427.7999877929688,4058.9,FAIL,VOLUME_TOO_LOW
BSE,STOCK,STYL,Seshaasai Technologies,,544533,B,STYL.BO,387.1499938964844,11304.2,FAIL,VOLUME_TOO_LOW
BSE,STOCK,STYLAMIND,Stylam Industries,,526951,B,STYLAMIND.BO,3237.64990234375,2789.35,FAIL,VOLUME_TOO_LOW
BSE,STOCK,STYLEBAAZA,Baazar Style Retail,,544243,B,STYLEBAAZA.BO,395.5499877929688,368908.4,PASS,PASS
BSE,STOCK,STYRENIX,Styrenix Performance Materials,,506222,B,STYRENIX.BO,2009.050048828125,7177.4,FAIL,VOLUME_TOO_LOW
BSE,STOCK,SUBAM,Subam Papers,,544267,M,SUBAM.BO,207.0,8760.0,FAIL,VOLUME_TOO_LOW
BSE,STOCK,SUBEXLTD,Subex,,532348,B,SUBEXLTD.BO,17.65999984741211,806287.0,FAIL,PRICE_TOO_LOW
BSE,STOCK,SUBROS,Subros,,517168,B,SUBROS.BO,705.7999877929688,3393.75,FAIL,VOLUME_TOO_LOW
BSE,STOCK,SUBSM,Subhash Silk Mills,,530231,X,SUBSM.BO,63.18000030517578,3.25,FAIL,VOLUME_TOO_LOW
BSE,STOCK,SUCROSA,Super Crop Safe,,530883,XT,SUCROSA.BO,14.1899995803833,73499.85,FAIL,PRICE_TOO_LOW
BSE,STOCK,SUDAI,Sudal Industries,,506003,X,SUDAI.BO,46.540000915527344,9449.85,FAIL,PRICE_TOO_LOW
BSE,STOCK,SUDARCOLOR,Sudarshan Colorants,,506390,B,SUDARCOLOR.BO,387.2000122070313,1065.85,FAIL,VOLUME_TOO_LOW
BSE,STOCK,SUDARSCHEM,Sudarshan Chemical Industries,,506655,A,506655.BO,1039.199951171875,35538.1,FAIL,VOLUME_TOO_LOW
BSE,STOCK,SUDARSHAN,Sudarshan Pharma Industries,,543828,M,SUDARSHAN.BO,39.02000045776367,898800.0,FAIL,PRICE_TOO_LOW
BSE,STOCK,SUDEEPPHRM,Sudeep Pharma,,544619,B,SUDEEPPHRM.BO,1295.3499755859375,18354.95,FAIL,VOLUME_TOO_LOW
BSE,STOCK,SUDTIND-B,Suditi Industries,,521113,X,SUDTIND-B.BO,65.55000305175781,13861.9,FAIL,VOLUME_TOO_LOW
BSE,STOCK,SUGALDAM,Sugal & Damani Share Brokers,,511654,X,SUGALDAM.BO,64.68000030517578,1474.25,FAIL,VOLUME_TOO_LOW
BSE,STOCK,SUGSLLOYD,Sugs Lloyd,,544501,M,SUGSLLOYD.BO,220.1000061035156,73050.0,FAIL,VOLUME_TOO_LOW
BSE,STOCK,SUJALA,Sujala Trading & Holding,,539117,X,SUJALA.BO,13.380000114440918,42816.65,FAIL,PRICE_TOO_LOW
BSE,STOCK,SUKHJITS,Sukhjit Starch & Chemicals,,524542,B,SUKHJITS.BO,157.35000610351562,601.5,FAIL,VOLUME_TOO_LOW
BSE,STOCK,SULA,Sula Vineyards,,543711,B,SULA.BO,147.5,29384.0,FAIL,VOLUME_TOO_LOW
BSE,STOCK,SULABEN,Sulabh Engineers & Services,,508969,X,SULABEN.BO,2.450000047683716,29147.0,FAIL,PRICE_TOO_LOW
BSE,STOCK,SUMEDHA,Sumedha Fiscal Services,,530419,B,SUMEDHA.BO,39.0,5406.8,FAIL,PRICE_TOO_LOW
BSE,STOCK,SUMEETINDS,Sumeet Industries,,514211,B,SUMEETINDS.BO,11.4399995803833,680570.4,FAIL,PRICE_TOO_LOW
BSE,STOCK,SUMERUIND,Sumeru Industries,,530445,X,SUMERUIND.BO,1.4800000190734863,7821.95,FAIL,PRICE_TOO_LOW
BSE,STOCK,SUMICHEM,Sumitomo Chemical,,542920,A,SUMICHEM.BO,498.7000122070313,28369.95,FAIL,VOLUME_TOO_LOW
BSE,STOCK,SUMMITSEC,Summit Securities,,533306,B,SUMMITSEC.BO,1432.4000244140625,278.75,FAIL,VOLUME_TOO_LOW
BSE,STOCK,SUNCITYSY,Suncity Synthetics,,530795,X,SUNCITYSY.BO,10.020000457763672,790.75,FAIL,PRICE_TOO_LOW
BSE,STOCK,SUNCLAY,Sundaram Clayton,,544066,B,SUNCLAY.BO,1297.8499755859375,311.5,FAIL,VOLUME_TOO_LOW
BSE,STOCK,SUNDARAM,Sundaram Multi Pap,,533166,B,SUNDARAM.BO,1.25,190006.0,FAIL,PRICE_TOO_LOW
BSE,STOCK,SUNDARMFIN,Sundaram Finance,,590071,B,SUNDARMFIN.BO,4576.4501953125,7837.8,FAIL,VOLUME_TOO_LOW
BSE,STOCK,SUNDRMBRAK,Sundaram Brake Linings,,590072,T,SUNDRMBRAK.BO,750.0,162.75,FAIL,VOLUME_TOO_LOW
BSE,STOCK,SUNDROP,Sundrop Brands,,500215,B,SUNDROP.BO,662.3499755859375,1429.0,FAIL,VOLUME_TOO_LOW
BSE,STOCK,SUNFLAG,Sunflag Iron & Steel Company,,500404,B,500404.BO,344.8999938964844,10764.75,FAIL,VOLUME_TOO_LOW
BSE,STOCK,SUNGOLD,Sungold Capital,,531433,X,SUNGOLD.BO,2.900000095367432,3273.7,FAIL,PRICE_TOO_LOW
BSE,STOCK,SUNILAGR,Sunil Agro Foods,,530953,X,SUNILAGR.BO,81.5,144.45,FAIL,VOLUME_TOO_LOW
BSE,STOCK,SUNILTX,Sunil Industries,,521232,P,SUNILTX.BO,70.30000305175781,170.0,FAIL,VOLUME_TOO_LOW
BSE,STOCK,SUNITATOOL,Sunita Tools Limited,,544001,MT,SUNITATOOL.BO,1021.5499877929688,9393.75,FAIL,VOLUME_TOO_LOW
BSE,STOCK,SUNLOC,Sunil Healthcare,,537253,B,SUNLOC.BO,78.19000244140625,1141.7,FAIL,VOLUME_TOO_LOW
BSE,STOCK,SUNRAJDI,Sunraj Diamond Exports,,523425,XT,SUNRAJDI.BO,12.670000076293944,12.7,FAIL,PRICE_TOO_LOW
BSE,STOCK,SUNRAKSHAK,Sunrakshakk Industries,,539300,B,SUNRAKSHAK.BO,372.2000122070313,9006.05,FAIL,VOLUME_TOO_LOW
BSE,STOCK,SUNRETAIL,Sun Retail,,542025,M,SUNRETAIL.BO,0.3100000023841858,223200.0,FAIL,PRICE_TOO_LOW
BSE,STOCK,SUNRINV,Sunrise Industrial Trader,,501110,XT,SUNRINV.BO,7.5,0.0,FAIL,PRICE_TOO_LOW
BSE,STOCK,SUNSHIEL,Sunshield Chemicals,,530845,B,SUNSHIEL.BO,1140.0,3223.2,FAIL,VOLUME_TOO_LOW
BSE,STOCK,SUNSKY,Sunsky Logistics,,544566,M,SUNSKY.BO,30.65999984741211,17100.0,FAIL,PRICE_TOO_LOW
BSE,STOCK,SUNTECK,Sunteck Realty,,512179,B,SUNTECK.BO,297.1000061035156,8558.05,FAIL,VOLUME_TOO_LOW
BSE,STOCK,SUPER,Super Sales,,512527,XT,SUPER.BO,1240.25,1116.5,FAIL,VOLUME_TOO_LOW
BSE,STOCK,SUPERBAK,Super Bakers,,530735,X,SUPERBAK.BO,37.47999954223633,147.55,FAIL,PRICE_TOO_LOW
BSE,STOCK,SUPERHOUSE,Superhouse,,523283,B,SUPERHOUSE.BO,166.10000610351562,441.6,FAIL,VOLUME_TOO_LOW
BSE,STOCK,SUPERIOR,Superior Finlease,,539835,X,SUPERIOR.BO,1.5,7707.25,FAIL,PRICE_TOO_LOW
BSE,STOCK,SUPERIRON,Super Iron Foundry,,544381,M,SUPERIRON.BO,38.959999084472656,2700.0,FAIL,PRICE_TOO_LOW
BSE,STOCK,SUPERSHAKT,Supershakti Metaliks,,541701,M,SUPERSHAKT.BO,299.8999938964844,60.0,FAIL,VOLUME_TOO_LOW
BSE,STOCK,SUPERSPIN,Super Spinning Mills,,521180,T,521180.BO,4.909999847412109,5281.9,FAIL,PRICE_TOO_LOW
BSE,STOCK,SUPERTEX,Supertex Industries,,526133,X,SUPERTEX.BO,5.360000133514404,6448.4,FAIL,PRICE_TOO_LOW
BSE,STOCK,SUPHA,Supha Pharmachem,,539561,Z,SUPHA.BO,0.2800000011920929,1253528.85,FAIL,PRICE_TOO_LOW
BSE,STOCK,SUPRAJIT,Suprajit Engineering,,532509,A,532509.BO,489.9500122070313,20622.7,FAIL,VOLUME_TOO_LOW
BSE,STOCK,SUPRAPFSL,Supra Pacific Financial Services,,540168,X,SUPRAPFSL.BO,33.959999084472656,38438.75,FAIL,PRICE_TOO_LOW
BSE,STOCK,SUPRATRE,Supra Trends,,511539,X,SUPRATRE.BO,14.5,143.9,FAIL,PRICE_TOO_LOW
BSE,STOCK,SUPREME,Supreme Holdings & Hospitality,,530677,B,SUPREME.BO,37.0,2891.65,FAIL,PRICE_TOO_LOW
BSE,STOCK,SUPREMEIND,Supreme Industries,,509930,A,SUPREMEIND.BO,3509.0,17563.4,FAIL,VOLUME_TOO_LOW
BSE,STOCK,SUPREMEINF,Supreme Infrastructure,,532904,B,SUPREMEINF.BO,84.36000061035156,3421.1,FAIL,VOLUME_TOO_LOW
BSE,STOCK,SUPRIYA,Supriya Lifescience,,543434,B,SUPRIYA.BO,842.5999755859375,21547.35,FAIL,VOLUME_TOO_LOW
BSE,STOCK,SUPTANERY,Super Tannery,,523842,T,SUPTANERY.BO,14.149999618530272,416938.65,FAIL,PRICE_TOO_LOW
BSE,STOCK,SURAJ,Suraj Products,,518075,Z,SURAJ.BO,257.1499938964844,5538.55,FAIL,VOLUME_TOO_LOW
BSE,STOCK,SURAJEST,Suraj Estate Developers,,544054,B,SURAJEST.BO,178.3000030517578,4071.8,FAIL,VOLUME_TOO_LOW
BSE,STOCK,SURAJINDPP,Suraj Industries - PP,,890226,X,SURAJINDPP.BO,21.0,57034.1,FAIL,PRICE_TOO_LOW
BSE,STOCK,SURAJLTD,Suraj,,531638,B,SURAJLTD.BO,203.0500030517578,262.25,FAIL,VOLUME_TOO_LOW
BSE,STOCK,SURAKSHA,Suraksha Diagnostic,,544293,B,SURAKSHA.BO,338.45001220703125,17883.0,FAIL,VOLUME_TOO_LOW
BSE,STOCK,SURANASOL,Surana Solar,,533298,B,533298.BO,26.149999618530277,6364.25,FAIL,PRICE_TOO_LOW
BSE,STOCK,SURANAT&P,Surana Telecom & Power,,517530,B,SURANAT&P.BO,16.239999771118164,9633.95,FAIL,PRICE_TOO_LOW
BSE,STOCK,SURATRAML,Surat Trade & Mercantile,,530185,X,SURATRAML.BO,4.650000095367432,53312.25,FAIL,PRICE_TOO_LOW
BSE,STOCK,SURBHIN,Surbhi Industries,,514260,XT,SURBHIN.BO,91.44000244140624,2422.6,FAIL,VOLUME_TOO_LOW
BSE,STOCK,SURFI,Suryo Foods & Industries,,519604,X,SURFI.BO,17.520000457763672,1390.65,FAIL,PRICE_TOO_LOW
BSE,STOCK,SURJIND,Suraj Industries,,526211,X,SURJIND.BO,61.79999923706055,23815.5,FAIL,VOLUME_TOO_LOW
BSE,STOCK,SURYAAMBA,Suryaamba Spinning Mills,,533101,X,SURYAAMBA.BO,120.0,293.2,FAIL,VOLUME_TOO_LOW
BSE,STOCK,SURYALA,Suryalata Spinning Mills,,514138,B,SURYALA.BO,411.0,292.05,FAIL,VOLUME_TOO_LOW
BSE,STOCK,SURYALAXMI,Suryalakshmi Cotton Mills,,521200,B,SURYALAXMI.BO,60.13999938964844,1076.6,FAIL,VOLUME_TOO_LOW
BSE,STOCK,SURYODAY,Suryoday Small Finance Bank,,543279,B,SURYODAY.BO,153.35000610351562,23794.0,FAIL,VOLUME_TOO_LOW
BSE,STOCK,SUSAN,Susan Electricals,,544793,MT,SUSAN.BO,332.5,230600.0,PASS,PASS
BSE,STOCK,SUVIDHAA,Suvidhaa Infoserve,,543281,B,SUVIDHAA.BO,2.0999999046325684,26080.05,FAIL,PRICE_TOO_LOW
BSE,STOCK,SUYOG,Suyog Telematics,,537259,B,SUYOG.BO,744.3499755859375,1181.8,FAIL,VOLUME_TOO_LOW
BSE,STOCK,SUZLON,Suzlon Energy,,532667,A,SUZLON.BO,46.0,3056098.45,FAIL,PRICE_TOO_LOW
BSE,STOCK,SVAMSOF,Svam Software,,523722,X,SVAMSOF.BO,5.090000152587891,14486.6,FAIL,PRICE_TOO_LOW
BSE,STOCK,SVARTCORP,Swasti Vinayaka Art & Heritage Corp,,512257,X,SVARTCORP.BO,3.4200000762939453,74195.75,FAIL,PRICE_TOO_LOW
BSE,STOCK,SVCIND,SVC Industries,,524488,X,SVCIND.BO,3.009999990463257,69157.6,FAIL,PRICE_TOO_LOW
BSE,STOCK,SVGLOBAL,SV Global Mill,,535621,B,SVGLOBAL.BO,144.9499969482422,1162.05,FAIL,VOLUME_TOO_LOW
BSE,STOCK,SVJ,SVJ Enterprises,,543799,M,SVJ.BO,199.1499938964844,1087.5,FAIL,VOLUME_TOO_LOW
BSE,STOCK,SVPGLOB,SVP Global Ventures,,505590,B,SVPGLOB.BO,3.640000104904175,7195.6,FAIL,PRICE_TOO_LOW
BSE,STOCK,SVRL,Shri Venkatesh Refineries,,543373,T,SVRL.BO,512.4500122070312,13668.2,FAIL,VOLUME_TOO_LOW
BSE,STOCK,SVS,SVS Ventures,,543745,M,SVS.BO,5.659999847412109,12300.0,FAIL,PRICE_TOO_LOW
BSE,STOCK,SW1,SW Investments,,503659,XT,SW1.BO,167.9499969482422,1026.3,FAIL,VOLUME_TOO_LOW
BSE,STOCK,SWADEIN,Swadeshi Industries,,506863,X,SWADEIN.BO,74.69999694824219,4149.05,FAIL,VOLUME_TOO_LOW
BSE,STOCK,SWADHATURE,Swadha Nature Limited,,531039,X,SWADHATURE.BO,6.820000171661377,541.7,FAIL,PRICE_TOO_LOW
BSE,STOCK,SWADPOL,Swadeshi Polytex,,503816,X,SWADPOL.BO,36.09000015258789,3511.35,FAIL,PRICE_TOO_LOW
BSE,STOCK,SWAGTAM,Swagtam Trading & Services,,539406,X,SWAGTAM.BO,70.0,28.45,FAIL,VOLUME_TOO_LOW
BSE,STOCK,SWANAGRO,New Swan Multi Tech,,544082,M,SWANAGRO.BO,41.04999923706055,3800.0,FAIL,PRICE_TOO_LOW
BSE,STOCK,SWANCORP,Swan Corp,,503310,A,SWANCORP.BO,284.70001220703125,36184.55,FAIL,VOLUME_TOO_LOW
BSE,STOCK,SWANDEF,Swan Defence & Heavy Industries,,533107,T,SWANDEF.BO,2544.550048828125,1382.45,FAIL,VOLUME_TOO_LOW
BSE,STOCK,SWARNSAR,Swarnsarita Gems,,526365,B,SWARNSAR.BO,34.11000061035156,6934.05,FAIL,PRICE_TOO_LOW
BSE,STOCK,SWASTH,Swasth Foodtech,,544368,M,SWASTH.BO,17.0,2160.0,FAIL,PRICE_TOO_LOW
BSE,STOCK,SWASTIKA,Swastika Investmart,,530585,XT,SWASTIKA.BO,163.0,38447.45,FAIL,VOLUME_TOO_LOW
BSE,STOCK,SWASTIKAAL,Swastika Castal,,544452,MT,SWASTIKAAL.BO,134.4499969482422,20100.0,FAIL,VOLUME_TOO_LOW
BSE,STOCK,SWASTIVI,Swasti Vinayaka Synthetics,,510245,X,SWASTIVI.BO,3.359999895095825,45987.6,FAIL,PRICE_TOO_LOW
BSE,STOCK,SWATIPRO,Swati Projects,,543914,XT,SWATIPRO.BO,41.70000076293945,118504.6,FAIL,PRICE_TOO_LOW
BSE,STOCK,SWELECTES,SWELECT Energy Systems,,532051,B,SWELECTES.BO,578.8499755859375,1882.6,FAIL,VOLUME_TOO_LOW
BSE,STOCK,SWIGGY,Swiggy,,544285,A,SWIGGY.BO,270.25,1337931.85,PASS,PASS
BSE,STOCK,SWISSMLTRY,Swiss Military Consumer Goods,,523558,T,SWISSMLTRY.BO,15.5,91058.25,FAIL,PRICE_TOO_LOW
BSE,STOCK,SWITCHTE,Switching Technologies Gunther,,517201,XT,SWITCHTE.BO,116.0,2719.0,FAIL,VOLUME_TOO_LOW
BSE,STOCK,SWOJAS,Swojas Foods,,530217,X,SWOJAS.BO,7.630000114440918,18360.65,FAIL,PRICE_TOO_LOW
BSE,STOCK,SWORDEDGE,Sword-Edge Commercials,,512359,XT,SWORDEDGE.BO,0.5699999928474426,37786.3,FAIL,PRICE_TOO_LOW
BSE,STOCK,SWRNASE,Swarna Securities,,531003,X,SWRNASE.BO,90.0,45.15,FAIL,VOLUME_TOO_LOW
BSE,STOCK,SWSOLAR,Sterling & Wilson Renewable Energy,,542760,B,SWSOLAR.BO,187.8999938964844,46755.9,FAIL,VOLUME_TOO_LOW
BSE,STOCK,SYLPH,Sylph Industries,,511447,X,SYLPH.BO,0.2199999988079071,12872891.55,FAIL,PRICE_TOO_LOW
BSE,STOCK,SYMBIOX,Symbiox Investment & Trading,,539278,X,SYMBIOX.BO,2.0,15468.2,FAIL,PRICE_TOO_LOW
BSE,STOCK,SYMPHONY,Symphony,,517385,B,517385.BO,699.4500122070312,8539.6,FAIL,VOLUME_TOO_LOW
BSE,STOCK,SYNCOMF,Syncom Formulations,,524470,B,SYNCOMF.BO,21.299999237060547,1246410.5,FAIL,PRICE_TOO_LOW
BSE,STOCK,SYNGENE,Syngene International,,539268,A,SYNGENE.BO,400.5499877929688,161238.3,PASS,PASS
BSE,STOCK,SYRMA,Syrma SGS,,543573,A,SYRMA.BO,1452.4000244140625,76068.1,FAIL,VOLUME_TOO_LOW
BSE,STOCK,SYSCHEM,Syschem,,531173,X,SYSCHEM.BO,30.68000030517578,42307.55,FAIL,PRICE_TOO_LOW
BSE,STOCK,SYSTEMATIC,Systematic Industries,,544541,M,SYSTEMATIC.BO,258.8500061035156,52680.0,FAIL,VOLUME_TOO_LOW
BSE,STOCK,SYSTMTXC,Systematix Corporate Services,,526506,T,SYSTMTXC.BO,59.0,1268.15,FAIL,VOLUME_TOO_LOW
BSE,STOCK,SYTIXSE,Systematix Securities,,531432,XT,SYTIXSE.BO,13.0,3.5,FAIL,PRICE_TOO_LOW
BSE,STOCK,TAALTECH,TaaL Tech,,539956,B,TAALTECH.BO,4506.39990234375,458.55,FAIL,VOLUME_TOO_LOW
BSE,STOCK,TAHMARENT,Tahmar Enterprises,,516032,XT,TAHMARENT.BO,3.3499999046325684,45872.3,FAIL,PRICE_TOO_LOW
BSE,STOCK,TAIIND,TAI Industries,,519483,X,TAIIND.BO,23.299999237060547,990.5,FAIL,PRICE_TOO_LOW
BSE,STOCK,TAINWALCHM,Tainwala Chemicals & Plastics,,507785,B,TAINWALCHM.BO,207.8500061035156,481.25,FAIL,VOLUME_TOO_LOW
BSE,STOCK,TAKE,TAKE,,532890,B,TAKE.BO,13.279999732971191,34447.85,FAIL,PRICE_TOO_LOW
BSE,STOCK,TAKYON,Takyon Networks,,544471,M,TAKYON.BO,18.1299991607666,12700.0,FAIL,PRICE_TOO_LOW
BSE,STOCK,TALBROAUTO,Talbros Automotive Components,,505160,B,TALBROAUTO.BO,413.2000122070313,8616.2,FAIL,VOLUME_TOO_LOW
BSE,STOCK,TALBROSENG,Talbros Engineering,,538987,X,TALBROSENG.BO,639.9000244140625,2671.75,FAIL,VOLUME_TOO_LOW
BSE,STOCK,TAMBOLIIN,Tamboli Industries,,533170,T,TAMBOLIIN.BO,260.0,1089.15,FAIL,VOLUME_TOO_LOW
BSE,STOCK,TANAA,Taneja Aerospace & Aviation,,522229,B,TANAA.BO,282.20001220703125,8472.75,FAIL,VOLUME_TOO_LOW
BSE,STOCK,TANDHANIN,Tandhan Industries,,512062,XT,TANDHANIN.BO,166.6999969482422,11186.15,FAIL,VOLUME_TOO_LOW
BSE,STOCK,TANFACIND,TANFAC Industries,,506854,B,TANFACIND.BO,3056.300048828125,21099.9,FAIL,VOLUME_TOO_LOW
BSE,STOCK,TANLA,Tanla Platforms,,532790,A,TANLA.BO,515.0999755859375,41136.7,FAIL,VOLUME_TOO_LOW
BSE,STOCK,TANVI,Tanvi Foods,,540332,M,TANVI.BO,49.0,550.0,FAIL,PRICE_TOO_LOW
BSE,STOCK,TAPARIA,Taparia Tools,,505685,XT,TAPARIA.BO,12.140000343322754,15.3,FAIL,PRICE_TOO_LOW
BSE,STOCK,TARAI,Tarai Foods,,519285,Z,TARAI.BO,4.769999980926514,519.75,FAIL,PRICE_TOO_LOW
BSE,STOCK,TARAPUR,Tarapur Transformers,,533203,B,TARAPUR.BO,13.0,9705.95,FAIL,PRICE_TOO_LOW
BSE,STOCK,TARC,TARC,,543249,B,TARC.BO,124.1999969482422,34838.4,FAIL,VOLUME_TOO_LOW
BSE,STOCK,TARIL,Transformers & Rectifiers,,532928,A,TARIL.BO,300.8500061035156,153311.15,PASS,PASS
BSE,STOCK,TARINI,Tarini International,,538496,M,TARINI.BO,7.519999980926514,6750.0,FAIL,PRICE_TOO_LOW
BSE,STOCK,TARMAT,Tarmat,,532869,B,TARMAT.BO,64.13999938964844,11101.0,FAIL,VOLUME_TOO_LOW
BSE,STOCK,TARSONS,Tarsons Products,,543399,B,TARSONS.BO,337.1499938964844,36263.0,FAIL,VOLUME_TOO_LOW
BSE,STOCK,TASTYBITE,Tasty Bite Eatables,,519091,B,TASTYBITE.BO,10096.150390625,1156.65,FAIL,VOLUME_TOO_LOW
BSE,STOCK,TATACAP,Tata Capital,,544574,A,TATACAP.BO,371.7000122070313,126514.05,PASS,PASS
BSE,STOCK,TATACONSUM,Tata Consumer Products,,500800,A,TATACONSUM.BO,1021.5999755859376,77805.3,FAIL,VOLUME_TOO_LOW
BSE,STOCK,TATASTEEL,Tata Steel,,500470,A,500470.BO,185.8999938964844,2051222.0,PASS,PASS
BSE,STOCK,TATATECH,Tata Technologies,,544028,A,TATATECH.BO,804.5999755859375,193139.4,PASS,PASS
BSE,STOCK,TATIAGLOB,Tatia Global Vennture,,521228,X,TATIAGLOB.BO,2.200000047683716,58590.25,FAIL,PRICE_TOO_LOW
BSE,STOCK,TATVA,Tatva Chintan Pharma,,543321,B,TATVA.BO,1599.0,3494.95,FAIL,VOLUME_TOO_LOW
BSE,STOCK,TAVEXIA,Sattva Sukun Lifecare,,539519,XT,TAVEXIA.BO,1.0199999809265137,1445558.95,FAIL,PRICE_TOO_LOW
BSE,STOCK,TBOTEK,TBO Tek,,544174,A,TBOTEK.BO,1732.6500244140625,46258.1,FAIL,VOLUME_TOO_LOW
BSE,STOCK,TBZ,Tribhovandas Bhimji Zaveri,,534369,B,TBZ.BO,429.5499877929688,240364.9,PASS,PASS
BSE,STOCK,TCFCFINQ,TCFC Finance,,532284,X,TCFCFINQ.BO,26.420000076293945,2791.7,FAIL,PRICE_TOO_LOW
BSE,STOCK,TCIEXP,TCI Express,,540212,B,TCIEXP.BO,542.9000244140625,1899.1,FAIL,VOLUME_TOO_LOW
BSE,STOCK,TCIFINANCE,TCI Finance,,501242,T,501242.BO,15.84000015258789,8861.2,FAIL,PRICE_TOO_LOW
BSE,STOCK,TCIIND,TCI Industries,,532262,X,TCIIND.BO,1190.0,257.1,FAIL,VOLUME_TOO_LOW
BSE,STOCK,TCMLMTD,TCM,,524156,X,TCMLMTD.BO,43.7400016784668,6230.4,FAIL,PRICE_TOO_LOW
BSE,STOCK,TCPLPACK,TCPL Packaging,,523301,B,TCPLPACK.BO,3949.85009765625,2004.3,FAIL,VOLUME_TOO_LOW
BSE,STOCK,TCS,Tata Consultancy Services,,532540,A,TCS.BO,2312.0,177074.4,PASS,PASS
BSE,STOCK,TDPOWERSYS,TD Power Systems,,533553,A,TDPOWERSYS.BO,722.9000244140625,410875.0,PASS,PASS
BSE,STOCK,TDSL,Tasty Dairy Specialities,,540955,Z,TDSL.BO,5.079999923706055,7408.55,FAIL,PRICE_TOO_LOW
BSE,STOCK,TEAM24,Team24 Consumer Products,,500458,X,500458.BO,28.0,1355.7,FAIL,PRICE_TOO_LOW
BSE,STOCK,TEAMGTY,Team India Guaranty,,511559,B,TEAMGTY.BO,248.6999969482422,278.1,FAIL,VOLUME_TOO_LOW
BSE,STOCK,TEAMLEASE,Teamlease Services,,539658,B,TEAMLEASE.BO,1249.1500244140625,881.8,FAIL,VOLUME_TOO_LOW
BSE,STOCK,TECHCON,Technojet Consultants,,509917,XT,TECHCON.BO,94.8000030517578,0.0,FAIL,VOLUME_TOO_LOW
BSE,STOCK,TECHKGREEN,Techknowgreen Solutions,,543991,M,TECHKGREEN.BO,135.0,2120.0,FAIL,VOLUME_TOO_LOW
BSE,STOCK,TECHNICHEM,Technichem Organics,,544327,M,TECHNICHEM.BO,40.900001525878906,5000.0,FAIL,PRICE_TOO_LOW
BSE,STOCK,TECHNOE,Techno Electric & Engineering,,542141,A,TECHNOE.BO,975.4500122070312,25227.05,FAIL,VOLUME_TOO_LOW
BSE,STOCK,TECHNOPACK,Technopack Polymers,,543656,M,TECHNOPACK.BO,11.270000457763672,8200.0,FAIL,PRICE_TOO_LOW
BSE,STOCK,TECHNVISN,TechNVision Ventures,,501421,B,TECHNVISN.BO,5100.0,150.35,FAIL,VOLUME_TOO_LOW
BSE,STOCK,TECILCHEM,Tecil Chemicals & Hydro Power,,506680,B,TECILCHEM.BO,10.489999771118164,10657.75,FAIL,PRICE_TOO_LOW
BSE,STOCK,TEEAI,Teesta Agro Industries,,524204,X,TEEAI.BO,114.0,342.95,FAIL,VOLUME_TOO_LOW
BSE,STOCK,TEGA,Tega Industries,,543413,A,TEGA.BO,1552.6500244140625,8909.5,FAIL,VOLUME_TOO_LOW
BSE,STOCK,TEJASNET,Tejas Networks,,540595,A,TEJASNET.BO,567.7000122070312,257884.45,PASS,PASS
BSE,STOCK,TEJASSVI,Tejassvi Aaharam,,531628,XT,TEJASSVI.BO,65.94000244140625,29257.65,FAIL,VOLUME_TOO_LOW
BSE,STOCK,TEJNAKSH,Tejnaksh Healthcare,,539428,X,TEJNAKSH.BO,13.739999771118164,7230.85,FAIL,PRICE_TOO_LOW
BSE,STOCK,TELECANOR,TeleCanor Global,,530595,XT,TELECANOR.BO,20.8799991607666,22726.65,FAIL,PRICE_TOO_LOW
BSE,STOCK,TELGE,Telge Projects,,544544,MT,TELGE.BO,200.0,12900.0,FAIL,VOLUME_TOO_LOW
BSE,STOCK,TELOGICA,Telogica,,532975,XT,TELOGICA.BO,8.369999885559082,20571.1,FAIL,PRICE_TOO_LOW
BSE,STOCK,TENNIND,Tenneco Clean Air,,544612,B,TENNIND.BO,515.9000244140625,1784292.0,PASS,PASS
BSE,STOCK,TERAI,Terai Tea Company,,530533,B,TERAI.BO,134.0,239.85,FAIL,VOLUME_TOO_LOW
BSE,STOCK,TERASOFT,Tera Software,,533982,B,TERASOFT.BO,283.20001220703125,2965.5,FAIL,VOLUME_TOO_LOW
BSE,STOCK,TEXELIN,Texel Industries,,526638,X,TEXELIN.BO,61.7599983215332,16670.75,FAIL,VOLUME_TOO_LOW
BSE,STOCK,TEXINFRA,Texmaco Infrastructure & Holdings,,505400,B,TEXINFRA.BO,117.5,2916.0,FAIL,VOLUME_TOO_LOW
BSE,STOCK,TEXMOPIPES,Texmo Pipes & Products,,533164,B,TEXMOPIPES.BO,45.54999923706055,5549.4,FAIL,PRICE_TOO_LOW
BSE,STOCK,TEXRAIL,Texmaco Rail & Engineering,,533326,A,TEXRAIL.BO,113.75,119938.95,PASS,PASS
BSE,STOCK,TFCILTD,Tourism Finance Corporation of India,,526650,A,TFCILTD.BO,146.60000610351562,706398.9,PASS,PASS
BSE,STOCK,TFL,Transwarranty Finance,,532812,B,TFL.BO,11.770000457763672,1772.15,FAIL,PRICE_TOO_LOW
BSE,STOCK,TFSL,Typhoon Financial Services,,539468,X,TFSL.BO,27.350000381469727,732.05,FAIL,PRICE_TOO_LOW
BSE,STOCK,TGBHOTELS,TGB Banquets & Hotels,,532845,B,TGBHOTELS.BO,9.850000381469728,12183.0,FAIL,PRICE_TOO_LOW
BSE,STOCK,TGIF,TGIF Agribusiness,,544175,M,TGIF.BO,105.3000030517578,2520.0,FAIL,VOLUME_TOO_LOW
BSE,STOCK,TGVSL,TGV Sraac,,507753,B,TGVSL.BO,108.75,143634.85,PASS,PASS
BSE,STOCK,THACKER,Thacker,,509945,T,THACKER.BO,1112.4000244140625,6.6,FAIL,VOLUME_TOO_LOW
BSE,STOCK,THAKDEV,Thakkers Developers,,526654,B,THAKDEV.BO,140.0,119.3,FAIL,VOLUME_TOO_LOW
BSE,STOCK,THAKKERS,Thakkers Group,,507530,X,THAKKERS.BO,29.549999237060547,0.1,FAIL,PRICE_TOO_LOW
BSE,STOCK,THAKRAL,Thakral Services,,509015,X,THAKRAL.BO,15.619999885559082,1090.2,FAIL,PRICE_TOO_LOW
BSE,STOCK,THANGAMAYL,Thangamayil Jewellery,,533158,A,THANGAMAYL.BO,5285.0,7346.2,FAIL,VOLUME_TOO_LOW
BSE,STOCK,THEINVEST,Investment Trust of India,,530023,B,THEINVEST.BO,98.47000122070312,879.35,FAIL,VOLUME_TOO_LOW
BSE,STOCK,THELEELA,Leela Palaces Hotels & Resorts,,544408,A,THELEELA.BO,565.7000122070312,167520.05,PASS,PASS
BSE,STOCK,THEMISMED,Themis Medicare,,530199,B,THEMISMED.BO,124.5500030517578,16772.4,FAIL,VOLUME_TOO_LOW
BSE,STOCK,THINKINK,Thinkink Picturez,,539310,X,THINKINK.BO,0.1899999976158142,874248.75,FAIL,PRICE_TOO_LOW
BSE,STOCK,THOMASCOTT,Thomas Scott,,533941,B,THOMASCOTT.BO,261.04998779296875,6920.95,FAIL,VOLUME_TOO_LOW
BSE,STOCK,THREEMPAPE,Three M Paper Boards,,544214,M,THREEMPAPE.BO,23.799999237060547,4600.0,FAIL,PRICE_TOO_LOW
BSE,STOCK,THRIVE,Thrive Future Habitats,,523120,XT,THRIVE.BO,92.0,7949.95,FAIL,VOLUME_TOO_LOW
BSE,STOCK,THYROCARE,Thyrocare Technologies,,539871,A,THYROCARE.BO,577.5,197075.8,PASS,PASS
BSE,STOCK,TI,Tilaknagar Industries,,507205,A,TI.BO,543.4500122070312,101761.6,PASS,PASS
BSE,STOCK,TICL,Twamev Construction & Infrastructure,,532738,T,TICL.BO,8.15999984741211,10433.1,FAIL,PRICE_TOO_LOW
BSE,STOCK,TIERRA,Tierra Agrotech,,543531,X,TIERRA.BO,57.060001373291016,68688.9,FAIL,VOLUME_TOO_LOW
BSE,STOCK,TIGERLOGS,Tiger Logistics,,536264,B,TIGERLOGS.BO,29.700000762939453,47268.75,FAIL,PRICE_TOO_LOW
BSE,STOCK,TIGLOB,T & I Global,,522294,X,TIGLOB.BO,170.8000030517578,503.9,FAIL,VOLUME_TOO_LOW
BSE,STOCK,TIHIL,Trans India House Impex,,523752,XT,TIHIL.BO,2.9100000858306885,96017.85,FAIL,PRICE_TOO_LOW
BSE,STOCK,TIIL,Technocraft Industries,,532804,B,TIIL.BO,3270.800048828125,3981.5,FAIL,VOLUME_TOO_LOW
BSE,STOCK,TIINDIA,Tube Investment,,540762,A,TIINDIA.BO,2714.35009765625,44185.7,FAIL,VOLUME_TOO_LOW
BSE,STOCK,TIJARIA,Tijaria Polypipes,,533629,T,TIJARIA.BO,9.09000015258789,29912.25,FAIL,PRICE_TOO_LOW
BSE,STOCK,TIL,TIL,,505196,T,TIL.BO,246.6000061035156,12909.8,FAIL,VOLUME_TOO_LOW
BSE,STOCK,TILAK,Tilak Ventures,,503663,X,TILAK.BO,1.2899999618530271,997124.8,FAIL,PRICE_TOO_LOW
BSE,STOCK,TIMESGREEN,Times Green Energy,,543310,MT,TIMESGREEN.BO,81.0,13600.0,FAIL,VOLUME_TOO_LOW
BSE,STOCK,TIMETECHNO,Time Technoplast,,532856,A,TIMETECHNO.BO,189.5500030517578,143865.5,PASS,PASS
BSE,STOCK,TIMEX,Timex Group,,500414,B,TIMEX.BO,649.9000244140625,54166.3,FAIL,VOLUME_TOO_LOW
BSE,STOCK,TIMKEN,Timken,,522113,A,TIMKEN.BO,3119.800048828125,8611.75,FAIL,VOLUME_TOO_LOW
BSE,STOCK,TINNARUBR,Tinna Rubber & Infrastructure,,530475,B,TINNARUBR.BO,1037.949951171875,4291.15,FAIL,VOLUME_TOO_LOW
BSE,STOCK,TIPSFILMS,Tips Films,,543614,B,TIPSFILMS.BO,329.8999938964844,606.75,FAIL,VOLUME_TOO_LOW
BSE,STOCK,TIPSMUSIC,Tips Music,,532375,A,TIPSMUSIC.BO,652.7999877929688,8151.05,FAIL,VOLUME_TOO_LOW
BSE,STOCK,TIRSARJ,Tirupati Sarjan,,531814,X,TIRSARJ.BO,8.15999984741211,8294.45,FAIL,PRICE_TOO_LOW
BSE,STOCK,TIRTPLS,Tirth Plastic,,526675,X,TIRTPLS.BO,25.700000762939453,3142.2,FAIL,PRICE_TOO_LOW
BSE,STOCK,TIRUFOAM,Tirupati Foam,,540904,XT,TIRUFOAM.BO,117.9000015258789,229.15,FAIL,VOLUME_TOO_LOW
BSE,STOCK,TIRUMALCHM,Thirumalai Chemicals,,500412,B,500412.BO,164.75,46816.7,FAIL,VOLUME_TOO_LOW
BSE,STOCK,TIRUPATIIN,Tirupati Innovar,,539040,X,TIRUPATIIN.BO,6.130000114440918,75220.2,FAIL,PRICE_TOO_LOW
BSE,STOCK,TIRUSTA,Tirupati Starch & Chemicals,,524582,X,TIRUSTA.BO,140.0,353.35,FAIL,VOLUME_TOO_LOW
BSE,STOCK,TITAANIUM,Titaanium Ten Enterprise,,539985,MT,TITAANIUM.BO,18.549999237060547,2800.0,FAIL,PRICE_TOO_LOW
BSE,STOCK,TITAGARH,Titagarh Rail Systems,,532966,A,TITAGARH.BO,845.0499877929688,40410.65,FAIL,VOLUME_TOO_LOW
BSE,STOCK,TITANBIO,Titan Biotech,,524717,XT,TITANBIO.BO,435.2000122070313,25383.2,FAIL,VOLUME_TOO_LOW
BSE,STOCK,TITANIN,Titan Intech,,521005,X,TITANIN.BO,0.9800000190734864,3696346.35,FAIL,PRICE_TOO_LOW
BSE,STOCK,TITANSEC,Titan Securities,,530045,X,TITANSEC.BO,42.0099983215332,25210.65,FAIL,PRICE_TOO_LOW
BSE,STOCK,TLL,Trident Lifeline,,543616,M,TLL.BO,272.70001220703125,32250.0,FAIL,VOLUME_TOO_LOW
BSE,STOCK,TMB,Tamilnad Mercantile Bank,,543596,A,TMB.BO,943.8499755859376,10006.1,FAIL,VOLUME_TOO_LOW
BSE,STOCK,TMCV,Tata Motors,,544569,B,TMCV.BO,460.7999877929688,573506.4,PASS,PASS
BSE,STOCK,TMPV,Tata Motors Passenger Vehicles,,500570,A,TMPV.BO,311.29998779296875,585215.3,PASS,PASS
BSE,STOCK,TNPL,Tamil Nadu Newsprint & Papers,,531426,B,TNPL.BO,154.4499969482422,14052.2,FAIL,VOLUME_TOO_LOW
BSE,STOCK,TNTELE,Tamilnadu Telecommunications,,523419,B,TNTELE.BO,8.869999885559082,3923.1,FAIL,PRICE_TOO_LOW
BSE,STOCK,TOKYOFIN,Tokyo Finance,,531644,X,TOKYOFIN.BO,17.719999313354492,597.45,FAIL,PRICE_TOO_LOW
BSE,STOCK,TOKYOPLAST,Tokyo Plast International,,500418,B,500418.BO,80.61000061035156,304.65,FAIL,VOLUME_TOO_LOW
BSE,STOCK,TOLINS,Tolins Tyres,,544254,B,TOLINS.BO,91.83000183105467,4293.1,FAIL,VOLUME_TOO_LOW
BSE,STOCK,TORNTPHARM,Torrent Pharmaceuticals,,500420,A,500420.BO,4766.60009765625,16748.75,FAIL,VOLUME_TOO_LOW
BSE,STOCK,TORNTPOWER,Torrent Power,,532779,A,532779.BO,1389.6500244140625,23884.55,FAIL,VOLUME_TOO_LOW
BSE,STOCK,TOTEM,Forbes Precision Tools & Machine Parts,,544186,X,TOTEM.BO,141.64999389648438,44328.95,FAIL,VOLUME_TOO_LOW
BSE,STOCK,TOYAMSL,Toyam Sports,,538607,B,TOYAMSL.BO,0.6100000143051147,302522.95,FAIL,PRICE_TOO_LOW
BSE,STOCK,TPHQ,Teamo Productions HQ,,533048,T,TPHQ.BO,0.5699999928474426,1884443.45,FAIL,PRICE_TOO_LOW
BSE,STOCK,TPINDIA,TPINDIA,,500421,XT,TPINDIA.BO,19.729999542236328,269901.6,FAIL,PRICE_TOO_LOW
BSE,STOCK,TPLPLASTEH,TPL Plastech,,526582,B,TPLPLASTEH.BO,72.37999725341797,8659.75,FAIL,VOLUME_TOO_LOW
BSE,STOCK,TPROJECT,Thirani Projects,,538464,X,TPROJECT.BO,3.849999904632568,11748.75,FAIL,PRICE_TOO_LOW
BSE,STOCK,TRABI,Transgene Biotek,,526139,X,TRABI.BO,2.7699999809265137,27092.2,FAIL,PRICE_TOO_LOW
BSE,STOCK,TRACXN,Tracxn Technologies,,543638,B,TRACXN.BO,30.0,11140.75,FAIL,PRICE_TOO_LOW
BSE,STOCK,TRADEUNO,Game Changers Texfab,,544594,M,TRADEUNO.BO,109.0,16260.0,FAIL,VOLUME_TOO_LOW
BSE,STOCK,TRADEWELL,Tradewell Holdings,,531203,X,TRADEWELL.BO,47.27999877929688,413.6,FAIL,PRICE_TOO_LOW
BSE,STOCK,TRADWIN,Trade Wings,,509953,XT,TRADWIN.BO,522.9500122070312,93.85,FAIL,VOLUME_TOO_LOW
BSE,STOCK,TRANSCHEM,Transchem,,500422,XT,TRANSCHEM.BO,359.3500061035156,4386.3,FAIL,VOLUME_TOO_LOW
BSE,STOCK,TRANSCOR,Transcorp International,,532410,B,TRANSCOR.BO,24.979999542236328,5565.5,FAIL,PRICE_TOO_LOW
BSE,STOCK,TRANSFD,Transglobe Foods,,519367,X,TRANSFD.BO,410.0,89.1,FAIL,VOLUME_TOO_LOW
BSE,STOCK,TRANSFRE,Trans Freight Containers,,513063,X,TRANSFRE.BO,19.5,1004.25,FAIL,PRICE_TOO_LOW
BSE,STOCK,TRANSPACT,Transpact Enterprises,,542765,MS,TRANSPACT.BO,86.0,675.0,FAIL,VOLUME_TOO_LOW
BSE,STOCK,TRANSPEK,Transpek Industry,,506687,T,TRANSPEK.BO,1368.1500244140625,398.1,FAIL,VOLUME_TOO_LOW
BSE,STOCK,TRANSRAILL,Transrail Lighting,,544317,A,TRANSRAILL.BO,427.3500061035156,32351.95,FAIL,VOLUME_TOO_LOW
BSE,STOCK,TRANSVOY,Transvoy Logistics,,543754,MT,TRANSVOY.BO,96.98999786376952,1880.0,FAIL,VOLUME_TOO_LOW
BSE,STOCK,TRANSWORLD,Transworld Shipping Lines,,520151,T,TRANSWORLD.BO,169.0,4409.1,FAIL,VOLUME_TOO_LOW
BSE,STOCK,TRANWAY21,Tranway21 Technologies,,542923,TS,TRANWAY21.BO,5.340000152587891,0.0,FAIL,PRICE_TOO_LOW
BSE,STOCK,TRAVELFOOD,Travel Food Services,,544443,B,TRAVELFOOD.BO,1280.75,26840.3,FAIL,VOLUME_TOO_LOW
BSE,STOCK,TRAVELS,Travels & Rentals,,544242,M,TRAVELS.BO,8.3100004196167,15900.0,FAIL,PRICE_TOO_LOW
BSE,STOCK,TREEHOUSE,Tree House Education,,533540,B,TREEHOUSE.BO,6.389999866485596,5715.95,FAIL,PRICE_TOO_LOW
BSE,STOCK,TREJHARA,Trejhara Solutions,,542233,B,TREJHARA.BO,144.85000610351562,3465.2,FAIL,VOLUME_TOO_LOW
BSE,STOCK,TREL,Transindia Real Estate,,543955,B,TREL.BO,26.809999465942383,11745.4,FAIL,PRICE_TOO_LOW
BSE,STOCK,TRESCON,Trescon,,532159,X,TRESCON.BO,7.650000095367432,42913.9,FAIL,PRICE_TOO_LOW
BSE,STOCK,TRF,TRF,,505854,B,TRF.BO,228.8999938964844,2946.8,FAIL,VOLUME_TOO_LOW
BSE,STOCK,TRICOMFRU,Tricom Fruit Products,,531716,XT,TRICOMFRU.BO,1.2300000190734863,12725.25,FAIL,PRICE_TOO_LOW
BSE,STOCK,TRIDENT,Trident,,521064,A,TRIDENT.BO,23.96999931335449,370014.85,FAIL,PRICE_TOO_LOW
BSE,STOCK,TRIGYN,Trigyn Technologies,,517562,B,TRIGYN.BO,58.7599983215332,5372.5,FAIL,VOLUME_TOO_LOW
BSE,STOCK,TRILIANCE,Triliance Polymers,,509046,X,TRILIANCE.BO,46.09999847412109,80.65,FAIL,PRICE_TOO_LOW
BSE,STOCK,TRINITYLEA,Trinity League,,531846,X,TRINITYLEA.BO,8.5,291.65,FAIL,PRICE_TOO_LOW
BSE,STOCK,TRIOMERC,Trio Mercantile & Trading,,534755,XT,TRIOMERC.BO,2.150000095367432,256017.5,FAIL,PRICE_TOO_LOW
BSE,STOCK,TRISHAKT,Trishakti Electronics,,531279,XT,TRISHAKT.BO,246.9499969482422,51948.45,FAIL,VOLUME_TOO_LOW
BSE,STOCK,TRITONV,Triton Valves,,505978,B,TRITONV.BO,1121.949951171875,4697.2,FAIL,VOLUME_TOO_LOW
BSE,STOCK,TRITURBINE,Triveni Turbines,,533655,A,TRITURBINE.BO,572.0499877929688,173879.65,PASS,PASS
BSE,STOCK,TRIUMPIN,Triumph International Finance,,532131,X,TRIUMPIN.BO,16.5,2686.15,FAIL,PRICE_TOO_LOW
BSE,STOCK,TRIVENI,Triveni Engineering & Industries,,532356,A,532356.BO,471.3500061035156,32353.7,FAIL,VOLUME_TOO_LOW
BSE,STOCK,TRIVENIENT,Triveni Enterprises,,538569,X,TRIVENIENT.BO,1.0,16402.5,FAIL,PRICE_TOO_LOW
BSE,STOCK,TRIVENIGQ,Triveni Glass,,502281,XT,TRIVENIGQ.BO,6.75,4947.0,FAIL,PRICE_TOO_LOW
BSE,STOCK,TRL,Taylormade Renewables,,541228,T,TRL.BO,62.72999954223633,20561.05,FAIL,VOLUME_TOO_LOW
BSE,STOCK,TRU,TruCap Finance,,540268,B,TRU.BO,4.079999923706055,41153.5,FAIL,PRICE_TOO_LOW
BSE,STOCK,TRUALT,Trualt Bioenergy,,544545,B,TRUALT.BO,426.5499877929688,10871.8,FAIL,VOLUME_TOO_LOW
BSE,STOCK,TRUECOLORS,True Colors,,544531,M,TRUECOLORS.BO,150.6999969482422,19500.0,FAIL,VOLUME_TOO_LOW
BSE,STOCK,TRUEGREEN,True Green Bio Energy,,533407,XT,TRUEGREEN.BO,223.6999969482422,29246.0,FAIL,VOLUME_TOO_LOW
BSE,STOCK,TRUSTEDGE,Trustedge Capital,,532056,X,TRUSTEDGE.BO,133.89999389648438,2239.45,FAIL,VOLUME_TOO_LOW
BSE,STOCK,TRUSTWAVE,Trustwave Securities,,508963,XT,TRUSTWAVE.BO,126.77999877929688,3.4,FAIL,VOLUME_TOO_LOW
BSE,STOCK,TSPIRITUAL,T Spiritual World,,532444,X,TSPIRITUAL.BO,1.8799999952316284,25969.95,FAIL,PRICE_TOO_LOW
BSE,STOCK,TTC,Toss The Coin,,544303,M,TTC.BO,163.0500030517578,2310.0,FAIL,VOLUME_TOO_LOW
BSE,STOCK,TTFL,Trident Texofab,,540726,X,TTFL.BO,22.690000534057617,31880.6,FAIL,PRICE_TOO_LOW
BSE,STOCK,TTGIL,Tomorrow Technologies Global Innovation,,512018,X,TTGIL.BO,7.389999866485596,51701.6,FAIL,PRICE_TOO_LOW
BSE,STOCK,TTIENT,TTI Enterprise,,538597,X,TTIENT.BO,7.090000152587891,11738.7,FAIL,PRICE_TOO_LOW
BSE,STOCK,TTKHLTCARE,TTK Healthcare,,507747,B,TTKHLTCARE.BO,1104.300048828125,2066.6,FAIL,VOLUME_TOO_LOW
BSE,STOCK,TTKPRESTIG,TTK Prestige,,517506,B,TTKPRESTIG.BO,581.2000122070312,3064.15,FAIL,VOLUME_TOO_LOW
BSE,STOCK,TTL,TTL,,514142,B,TTL.BO,6.900000095367432,23407.65,FAIL,PRICE_TOO_LOW
BSE,STOCK,TTML,Tata Teleservices Maharashtra,,532371,A,TTML.BO,37.9900016784668,357580.65,FAIL,PRICE_TOO_LOW
BSE,STOCK,TULASEEBIOE,Tulasee Bio-Ethanol,,524514,ZP,TULASEEBIOE.BO,27.21999931335449,410.0,FAIL,PRICE_TOO_LOW
BSE,STOCK,TULSYAN,Tulsyan NEC,,513629,X,TULSYAN.BO,26.26000022888184,2913.75,FAIL,PRICE_TOO_LOW
BSE,STOCK,TUNITEX,Tuni Textile Mills,,531411,X,TUNITEX.BO,0.9800000190734864,159428.25,FAIL,PRICE_TOO_LOW
BSE,STOCK,TURTLEMINT,Turtlemint Fintech Solutions,,544799,B,TURTLEMINT.BO,144.14999389648438,183025.35,PASS,PASS
BSE,STOCK,TUSALDAH,High Street Filatex,,531301,X,TUSALDAH.BO,120.0,13.05,FAIL,VOLUME_TOO_LOW
BSE,STOCK,TUTIALKA,Tuticorin Alkali Chemicals,,506808,B,TUTIALKA.BO,61.5,10102.45,FAIL,VOLUME_TOO_LOW
BSE,STOCK,TVOLCON,Tivoli Construction,,511096,XT,TVOLCON.BO,12.0,0.0,FAIL,PRICE_TOO_LOW
BSE,STOCK,TVSELECT,TVS Electronics,,532513,B,TVSELECT.BO,421.0499877929688,4016.85,FAIL,VOLUME_TOO_LOW
BSE,STOCK,TVSHLTD,TVS Holdings,,520056,A,TVSHLTD.BO,13145.0,212.3,FAIL,VOLUME_TOO_LOW
BSE,STOCK,TVSMOTOR,TVS Motors,,532343,A,TVSMOTOR.BO,4200.0,51573.05,FAIL,VOLUME_TOO_LOW
BSE,STOCK,TVSSCS,TVS Supply Chain Solutions,,543965,B,TVSSCS.BO,129.8000030517578,141012.0,PASS,PASS
BSE,STOCK,TVSSRICHAK,TVS Srichakra,,509243,B,TVSSRICHAK.BO,5248.0498046875,4506.75,FAIL,VOLUME_TOO_LOW
BSE,STOCK,TVTODAY,TV Today Network,,532515,B,TVTODAY.BO,111.8000030517578,1956.6,FAIL,VOLUME_TOO_LOW
BSE,STOCK,TVVISION,TV Vision,,540083,T,TVVISION.BO,3.400000095367432,9663.35,FAIL,PRICE_TOO_LOW
BSE,STOCK,TWIROST,Twin Roses Trades & Agencies,,512117,XT,TWIROST.BO,3.670000076293945,0.0,FAIL,PRICE_TOO_LOW
BSE,STOCK,TYCHE,Tyche Industries,,532384,X,TYCHE.BO,107.0500030517578,9344.85,FAIL,VOLUME_TOO_LOW
BSE,STOCK,TYROON,Tyroon Tea Company,,526945,X,TYROON.BO,86.44000244140625,370.95,FAIL,VOLUME_TOO_LOW
BSE,STOCK,UBL,United Breweries,,532478,A,UBL.BO,1283.8499755859375,16897.3,FAIL,VOLUME_TOO_LOW
BSE,STOCK,UCAL,UCAL,,500464,T,UCAL.BO,149.89999389648438,7107.85,FAIL,VOLUME_TOO_LOW
BSE,STOCK,UCIL,Unifinz Capital,,541358,XT,UCIL.BO,108.0,9410.75,FAIL,VOLUME_TOO_LOW
BSE,STOCK,UCOBANK,UCO Bank,,532505,A,UCOBANK.BO,24.649999618530277,304107.6,FAIL,PRICE_TOO_LOW
BSE,STOCK,UDAYJEW,Uday Jewellery Industries,,539518,B,UDAYJEW.BO,138.64999389648438,5222.25,FAIL,VOLUME_TOO_LOW
BSE,STOCK,UDS,Updater Services,,543996,B,UDS.BO,236.6000061035156,22391.6,FAIL,VOLUME_TOO_LOW
BSE,STOCK,UEL,Ujaas Energy,,533644,B,UEL.BO,236.1000061035156,13813.25,FAIL,VOLUME_TOO_LOW
BSE,STOCK,UFBL,United Foodbrands,,543283,T,UFBL.BO,715.9500122070312,5090.75,FAIL,VOLUME_TOO_LOW
BSE,STOCK,UFO,UFO Moviez,,539141,B,UFO.BO,65.31999969482422,2101.0,FAIL,VOLUME_TOO_LOW
BSE,STOCK,UGARSUGAR,Ugar Sugar Works,,530363,B,UGARSUGAR.BO,58.52000045776367,94961.0,FAIL,VOLUME_TOO_LOW
BSE,STOCK,UGROCAP,UGRO Capital,,511742,B,UGROCAP.BO,85.1500015258789,43881.25,FAIL,VOLUME_TOO_LOW
BSE,STOCK,UHMVL,UHM Vacation,,544779,M,UHMVL.BO,33.59000015258789,15800.0,FAIL,PRICE_TOO_LOW
BSE,STOCK,UHZAVERI,UH Zaveri,,541338,B,UHZAVERI.BO,9.0,18877.5,FAIL,PRICE_TOO_LOW
BSE,STOCK,UJJIVANSFB,Ujjivan Small Finance Bank,,542904,A,UJJIVANSFB.BO,62.97999954223633,1265972.45,PASS,PASS
BSE,STOCK,ULTRACAB,Ultracab,,538706,X,ULTRACAB.BO,6.840000152587891,115731.7,FAIL,PRICE_TOO_LOW
BSE,STOCK,ULTRACEMCO,UltraTech Cement,,532538,A,ULTRACEMCO.BO,11223.4501953125,142673.65,PASS,PASS
BSE,STOCK,ULTRAMAR,Ultramarine & Pigments,,506685,B,ULTRAMAR.BO,434.8999938964844,23994.85,FAIL,VOLUME_TOO_LOW
BSE,STOCK,UMAEXPORTS,Uma Exports,,543513,T,UMAEXPORTS.BO,24.93000030517578,6919.4,FAIL,PRICE_TOO_LOW
BSE,STOCK,UMESLTD,Usha Martin Education & Solutions,,532398,B,UMESLTD.BO,4.880000114440918,9325.4,FAIL,PRICE_TOO_LOW
BSE,STOCK,UMIYA,Umiya Tubes,,539798,X,UMIYA.BO,24.38999938964844,15226.55,FAIL,PRICE_TOO_LOW
BSE,STOCK,UMIYA-MRO,Umiya Buildcon,,532376,B,UMIYA-MRO.BO,96.93000030517578,2010.45,FAIL,VOLUME_TOO_LOW
BSE,STOCK,UML,Umiya Mobile,,544464,M,UML.BO,61.38999938964844,26800.0,FAIL,VOLUME_TOO_LOW
BSE,STOCK,UNIABEXAL,Uni Abex Alloy Products,,504605,XT,UNIABEXAL.BO,4902.39990234375,1162.7,FAIL,VOLUME_TOO_LOW
BSE,STOCK,UNIAUTO,Universal Autofoundry,,539314,B,UNIAUTO.BO,52.02000045776367,7085.3,FAIL,VOLUME_TOO_LOW
BSE,STOCK,UNICHEMLAB,Unichem Laboratories,,506690,B,UNICHEMLAB.BO,547.5,14522.7,FAIL,VOLUME_TOO_LOW
BSE,STOCK,UNICK,Unick Fix-A- Form & Printers,,541503,X,UNICK.BO,43.33000183105469,173.1,FAIL,PRICE_TOO_LOW
BSE,STOCK,UNIDT,United Drilling Tools,,522014,T,UNIDT.BO,226.3500061035156,861.25,FAIL,VOLUME_TOO_LOW
BSE,STOCK,UNIECOM,Unicommerce eSolutions,,544227,B,UNIECOM.BO,85.80000305175781,48061.6,FAIL,VOLUME_TOO_LOW
BSE,STOCK,UNIFIED,Unified Data Tech Solutions,,544406,M,UNIFIED.BO,368.1499938964844,22120.0,FAIL,VOLUME_TOO_LOW
BSE,STOCK,UNIMECH,Unimech Aerospace and Manufacturing,,544322,B,UNIMECH.BO,1464.800048828125,15130.7,FAIL,VOLUME_TOO_LOW
BSE,STOCK,UNIOFFICE,Universal Office Automation,,523519,X,UNIOFFICE.BO,6.909999847412109,4316.1,FAIL,PRICE_TOO_LOW
BSE,STOCK,UNIONBANK,Union Bank of India,,532477,A,UNIONBANK.BO,188.5,571751.2,PASS,PASS
BSE,STOCK,UNIPARTS,Uniparts,,543689,B,UNIPARTS.BO,904.0,26345.0,FAIL,VOLUME_TOO_LOW
BSE,STOCK,UNIQUEO,Unique Organics,,530997,X,UNIQUEO.BO,90.9000015258789,3005.55,FAIL,VOLUME_TOO_LOW
BSE,STOCK,UNIROYAL,Uniroyal Industries,,521226,X,UNIROYAL.BO,25.299999237060547,3775.65,FAIL,PRICE_TOO_LOW
BSE,STOCK,UNISEM,Unisem Agritech,,544648,M,UNISEM.BO,48.900001525878906,1700.0,FAIL,PRICE_TOO_LOW
BSE,STOCK,UNISHIRE,Unishire Urban Infra,,537582,M,UNISHIRE.BO,1.149999976158142,22500.0,FAIL,PRICE_TOO_LOW
BSE,STOCK,UNISON,Unison Metals,,538610,XT,UNISON.BO,0.8100000023841858,1045438.8,FAIL,PRICE_TOO_LOW
BSE,STOCK,UNITDCR,United Credit,,531091,X,UNITDCR.BO,22.59000015258789,1510.6,FAIL,PRICE_TOO_LOW
BSE,STOCK,UNITDSPR,United Spirits,,532432,A,UNITDSPR.BO,1483.75,48197.85,FAIL,VOLUME_TOO_LOW
BSE,STOCK,UNITEDINT,United Interactive,,502893,X,UNITEDINT.BO,68.0,518.1,FAIL,VOLUME_TOO_LOW
BSE,STOCK,UNITEDPOLY,United Polyfab,,544756,B,UNITEDPOLY.BO,40.56999969482422,19617.45,FAIL,PRICE_TOO_LOW
BSE,STOCK,UNITINT,Unitech International,,531867,Z,UNITINT.BO,3.119999885559082,4919.25,FAIL,PRICE_TOO_LOW
BSE,STOCK,UNIVARTS,Universal Arts,,532378,X,UNIVARTS.BO,5.699999809265137,2228.2,FAIL,PRICE_TOO_LOW
BSE,STOCK,UNIVCABLES,Universal Cables,,504212,B,UNIVCABLES.BO,1626.9000244140625,15926.35,FAIL,VOLUME_TOO_LOW
BSE,STOCK,UNIVPHOTO,Universus Photo Imagings,,542933,T,UNIVPHOTO.BO,470.0,89.0,FAIL,VOLUME_TOO_LOW
BSE,STOCK,UNIVSTAR,Universal Starch Chem,,524408,XT,UNIVSTAR.BO,192.0500030517578,799.25,FAIL,VOLUME_TOO_LOW
BSE,STOCK,UNJHAFOR,Unjha Formulations,,531762,XT,UNJHAFOR.BO,29.190000534057617,7082.0,FAIL,PRICE_TOO_LOW
BSE,STOCK,UNOMINDA,UNO Minda,,532539,A,UNOMINDA.BO,1243.199951171875,101604.55,PASS,PASS
BSE,STOCK,UNRYLMA,Uniroyal Marine Exports,,526113,XT,UNRYLMA.BO,17.100000381469727,225.7,FAIL,PRICE_TOO_LOW
BSE,STOCK,UNTTEMI,United Leasing & Industries,,507808,P,UNTTEMI.BO,32.5,10.0,FAIL,PRICE_TOO_LOW
BSE,STOCK,UPHOT,UP Hotels,,509960,B,UPHOT.BO,1420.0,28.8,FAIL,VOLUME_TOO_LOW
BSE,STOCK,UPL,UPL,,512070,A,UPL.BO,580.0499877929688,85118.2,FAIL,VOLUME_TOO_LOW
BSE,STOCK,UPSURGE,Upsurge Investment & Finance,,531390,X,UPSURGE.BO,67.29000091552734,22888.5,FAIL,VOLUME_TOO_LOW
BSE,STOCK,URAVIDEF,Uravi Defence and Technology,,543930,T,URAVIDEF.BO,123.0,1290.5,FAIL,VOLUME_TOO_LOW
BSE,STOCK,URBANCO,Urban Company,,544515,A,URBANCO.BO,177.64999389648438,1850691.05,PASS,PASS
BSE,STOCK,URJA,Urja Global,,526987,B,URJA.BO,9.149999618530272,109560.45,FAIL,PRICE_TOO_LOW
BSE,STOCK,URSUGAR,UR Sugar Industries,,539097,T,URSUGAR.BO,3.450000047683716,291979.25,FAIL,PRICE_TOO_LOW
BSE,STOCK,USGTECH,USG Tech Solutions,,532402,XT,USGTECH.BO,8.579999923706055,6537.15,FAIL,PRICE_TOO_LOW
BSE,STOCK,USHAKIRA,Ushakiran Finance,,511507,X,USHAKIRA.BO,31.15999984741211,132.2,FAIL,PRICE_TOO_LOW
BSE,STOCK,USHAMART,Usha Martin,,517146,A,USHAMART.BO,515.7000122070312,27637.7,FAIL,VOLUME_TOO_LOW
BSE,STOCK,UTIAMC,UTI AMC,,543238,A,UTIAMC.BO,880.4500122070312,32966.2,FAIL,VOLUME_TOO_LOW
BSE,STOCK,UTIQUE,Utique Enterprises,,500014,X,UTIQUE.BO,3.900000095367432,11843.75,FAIL,PRICE_TOO_LOW
BSE,STOCK,UTKARSHBNK,Utkarsh Small Finance Bank,,543942,B,UTKARSHBNK.BO,14.880000114440918,315417.05,FAIL,PRICE_TOO_LOW
BSE,STOCK,UTLINDS,UTL Industries,,500426,X,UTLINDS.BO,1.4700000286102295,16810.7,FAIL,PRICE_TOO_LOW
BSE,STOCK,UTLSOLAR,Fujiyama Power Systems,,544613,B,UTLSOLAR.BO,428.9500122070313,42311.3,FAIL,VOLUME_TOO_LOW
BSE,STOCK,UTTAMSUGAR,Uttam Sugar Mills,,532729,B,UTTAMSUGAR.BO,299.3500061035156,27197.8,FAIL,VOLUME_TOO_LOW
BSE,STOCK,UVDRHOR,United Van Der Horst,,522091,X,UVDRHOR.BO,36.29999923706055,4667.1,FAIL,PRICE_TOO_LOW
BSE,STOCK,UVS,UVS Hospitality And Services,,531652,X,UVS.BO,81.12999725341797,39907.85,FAIL,VOLUME_TOO_LOW
BSE,STOCK,UYFINCORP,UY Fincorp,,530579,T,UYFINCORP.BO,19.93000030517578,35090.3,FAIL,PRICE_TOO_LOW
BSE,STOCK,V2RETAIL,V2 Retail,,532867,B,V2RETAIL.BO,218.5500030517578,63977.55,FAIL,VOLUME_TOO_LOW
BSE,STOCK,VAARAD,Vaarad Ventures,,532320,X,VAARAD.BO,9.210000038146973,1042.95,FAIL,PRICE_TOO_LOW
BSE,STOCK,VADILALIND,Vadilal Industries,,519156,B,VADILALIND.BO,7624.25,1850.95,FAIL,VOLUME_TOO_LOW
BSE,STOCK,VADILENT,Vadilal Enterprises,,519152,B,VADILENT.BO,10450.0,123.65,FAIL,VOLUME_TOO_LOW
BSE,STOCK,VAHH,Vahh Chemicals,,544778,M,VAHH.BO,53.0,7600.0,FAIL,VOLUME_TOO_LOW
BSE,STOCK,VAIBHAVGBL,Vaibhav Global,,532156,B,VAIBHAVGBL.BO,214.8999938964844,16780.0,FAIL,VOLUME_TOO_LOW
BSE,STOCK,VAKRANGEE,Vakrangee,,511431,B,VAKRANGEE.BO,5.789999961853027,100543.2,FAIL,PRICE_TOO_LOW
BSE,STOCK,VALENCIA,Valencia Nutrition,,542910,MS,VALENCIA.BO,57.0,8925.0,FAIL,VOLUME_TOO_LOW
BSE,STOCK,VALIANT,Valiant Communications,,526775,X,VALIANT.BO,1253.199951171875,20460.25,FAIL,VOLUME_TOO_LOW
BSE,STOCK,VALIANTLAB,Valiant Laboratories,,543998,T,VALIANTLAB.BO,102.16999816894533,56697.95,FAIL,VOLUME_TOO_LOW
BSE,STOCK,VALIANTORG,Valiant Organics,,540145,T,VALIANTORG.BO,319.75,8361.8,FAIL,VOLUME_TOO_LOW
BSE,STOCK,VALINDIA,Valencia,,544433,M,VALINDIA.BO,18.299999237060547,6720.0,FAIL,PRICE_TOO_LOW
BSE,STOCK,VALLABHSQ,Vallabh Steels,,513397,XT,VALLABHSQ.BO,10.100000381469728,139.3,FAIL,PRICE_TOO_LOW
BSE,STOCK,VALPLAST,Valplast Technologies,,544565,M,VALPLAST.BO,35.11000061035156,15500.0,FAIL,PRICE_TOO_LOW
BSE,STOCK,VALSONQ,Valson Industries,,530459,XT,VALSONQ.BO,44.0,11754.5,FAIL,PRICE_TOO_LOW
BSE,STOCK,VAMA,Vama Industries,,512175,X,VAMA.BO,3.569999933242798,51333.0,FAIL,PRICE_TOO_LOW
BSE,STOCK,VAML,Vedanta Aluminium Metal,,544780,B,VAML.BO,435.6499938964844,437953.9,PASS,PASS
BSE,STOCK,VAMSHIRU,Vamshi Rubber,,530369,X,VAMSHIRU.BO,40.0,872.0,FAIL,PRICE_TOO_LOW
BSE,STOCK,VANDAN,Vandan Foods,,544436,M,VANDAN.BO,24.3799991607666,3780.0,FAIL,PRICE_TOO_LOW
BSE,STOCK,VANDU,Leo Dryfruits & Spices Trading,,544329,M,VANDU.BO,61.20000076293945,79800.0,FAIL,VOLUME_TOO_LOW
BSE,STOCK,VANICOM,Vani Commercials,,538918,X,VANICOM.BO,7.510000228881836,4379.2,FAIL,PRICE_TOO_LOW
BSE,STOCK,VANTABIO,Vanta Bioscience,,540729,MT,VANTABIO.BO,19.63999938964844,225.0,FAIL,PRICE_TOO_LOW
BSE,STOCK,VAPIENTER,Vapi Enterprise,,502589,XT,VAPIENTER.BO,125.0500030517578,1028.4,FAIL,VOLUME_TOO_LOW
BSE,STOCK,VARDMNPOLY,Vardhman Polytex,,514175,B,VARDMNPOLY.BO,6.0,38881.6,FAIL,PRICE_TOO_LOW
BSE,STOCK,VARIMAN,Variman Global Enterprise,,540570,X,VARIMAN.BO,5.139999866485596,557095.65,FAIL,PRICE_TOO_LOW
BSE,STOCK,VARROC,Varroc Engineering,,541578,A,VARROC.BO,839.25,65986.9,FAIL,VOLUME_TOO_LOW
BSE,STOCK,VARUNME,Varun Mercantile,,512511,XT,512511.BO,1.0800000429153442,0.0,FAIL,PRICE_TOO_LOW
BSE,STOCK,VARYAA,Varyaa Creations,,544168,M,VARYAA.BO,29.489999771118164,1600.0,FAIL,PRICE_TOO_LOW
BSE,STOCK,VASCONEQ,Vascon Engineers,,533156,B,VASCONEQ.BO,30.020000457763672,45597.95,FAIL,PRICE_TOO_LOW
BSE,STOCK,VASHISHTHA,Vashishtha Luxury Fashion,,544508,M,VASHISHTHA.BO,63.9900016784668,3360.0,FAIL,VOLUME_TOO_LOW
BSE,STOCK,VASINFRA,Vas Infrastructure,,531574,XT,VASINFRA.BO,7.980000019073486,3027.1,FAIL,PRICE_TOO_LOW
BSE,STOCK,VASUPRADA,Shri Vasuprada Plantations,,538092,B,VASUPRADA.BO,106.9499969482422,166.45,FAIL,VOLUME_TOO_LOW
BSE,STOCK,VASWANI,Vaswani Industries,,533576,B,VASWANI.BO,47.2400016784668,8919.3,FAIL,PRICE_TOO_LOW
BSE,STOCK,VBDESAI,VB Desai Financial Services,,511110,X,VBDESAI.BO,17.959999084472656,532.5,FAIL,PRICE_TOO_LOW
BSE,STOCK,VBIND,VB Industries,,539123,X,VBIND.BO,8.390000343322754,13509.05,FAIL,PRICE_TOO_LOW
BSE,STOCK,VBL,Varun Beverages,,540180,A,VBL.BO,409.0,341632.65,PASS,PASS
BSE,STOCK,VCU,VCU Data Management,,536672,X,VCU.BO,7.230000019073486,16646.85,FAIL,PRICE_TOO_LOW
BSE,STOCK,VEDANTASSET,Vedant Asset,,543623,MT,VEDANTASSET.BO,68.7699966430664,7050.0,FAIL,VOLUME_TOO_LOW
BSE,STOCK,VEDAVAAG,Vedavaag Systems,,533056,B,VEDAVAAG.BO,18.100000381469727,13463.4,FAIL,PRICE_TOO_LOW
BSE,STOCK,VEDL,Vedanta,,500295,A,VEDL.BO,269.6499938964844,865822.0,PASS,PASS
BSE,STOCK,VEDPOWER,Vedanta Power,,544781,B,VEDPOWER.BO,34.279998779296875,2339189.7,FAIL,PRICE_TOO_LOW
BSE,STOCK,VEEDOL,Veedol Corporation,,590005,B,VEEDOL.BO,1461.800048828125,1386.1,FAIL,VOLUME_TOO_LOW
BSE,STOCK,VEEFIN,Veefin Solutions,,543931,M,VEEFIN.BO,231.0500030517578,66900.0,FAIL,VOLUME_TOO_LOW
BSE,STOCK,VEERENRGY,Veer Energy & Infrastructure,,503657,X,VEERENRGY.BO,13.1899995803833,18028.6,FAIL,PRICE_TOO_LOW
BSE,STOCK,VEERHEALTH,Veerhealth Care,,511523,XT,VEERHEALTH.BO,49.66999816894531,135776.35,FAIL,PRICE_TOO_LOW
BSE,STOCK,VEERKRUPA,Veerkrupa Jewellers,,543545,M,VEERKRUPA.BO,0.5,123580.0,FAIL,PRICE_TOO_LOW
BSE,STOCK,VEGA,Vega Jewellers,,512026,XT,VEGA.BO,61.95000076293945,1526.45,FAIL,VOLUME_TOO_LOW
BSE,STOCK,VEL,Vaxfab Enterprises,,542803,X,VEL.BO,65.37000274658203,26578.9,FAIL,VOLUME_TOO_LOW
BSE,STOCK,VELHO,Velan Hotels,,526755,XT,VELHO.BO,5.900000095367432,10309.2,FAIL,PRICE_TOO_LOW
BSE,STOCK,VELJAN,Veljan Denison,,505232,T,VELJAN.BO,1853.9000244140625,154.3,FAIL,VOLUME_TOO_LOW
BSE,STOCK,VELLORA,Pratiksha Chemicals,,531257,X,VELLORA.BO,12.720000267028809,55297.7,FAIL,PRICE_TOO_LOW
BSE,STOCK,VENKEYS,Venkys,,523261,B,VENKEYS.BO,1676.75,9138.55,FAIL,VOLUME_TOO_LOW
BSE,STOCK,VENLONENT,Venlon Enterprises,,524038,X,VENLONENT.BO,4.460000038146973,3591.5,FAIL,PRICE_TOO_LOW
BSE,STOCK,VENMAX,Venmax Drugs & Pharmaceuticals,,531015,X,VENMAX.BO,14.119999885559082,6674.1,FAIL,PRICE_TOO_LOW
BSE,STOCK,VENTIVE,Ventive Hospitality,,544321,B,VENTIVE.BO,586.9500122070312,2865.8,FAIL,VOLUME_TOO_LOW
BSE,STOCK,VENTURA,Ventura Textiles,,516098,X,VENTURA.BO,8.239999771118164,4304.3,FAIL,PRICE_TOO_LOW
BSE,STOCK,VENUSPIPES,Venus Pipes & Tubes,,543528,B,VENUSPIPES.BO,1596.800048828125,5110.85,FAIL,VOLUME_TOO_LOW
BSE,STOCK,VENUSREM,Venus Remedies,,526953,T,VENUSREM.BO,1709.9000244140625,3288.0,FAIL,VOLUME_TOO_LOW
BSE,STOCK,VERANDA,Veranda Learning Solutions,,543514,B,VERANDA.BO,242.1000061035156,38067.0,FAIL,VOLUME_TOO_LOW
BSE,STOCK,VERITAS,Veritas,,512229,XT,VERITAS.BO,164.89999389648438,4930.5,FAIL,VOLUME_TOO_LOW
BSE,STOCK,VERTEX,Vertex Securities,,531950,XT,VERTEX.BO,3.200000047683716,14015.15,FAIL,PRICE_TOO_LOW
BSE,STOCK,VERTEXPP,Vertex Securities - PP,,890234,XT,VERTEXPP.BO,1.5499999523162842,113593.35,FAIL,PRICE_TOO_LOW
BSE,STOCK,VESUVIUS,Vesuvius,,520113,A,VESUVIUS.BO,419.3500061035156,4026.3,FAIL,VOLUME_TOO_LOW
BSE,STOCK,VETO,Veto Switchgear Cable,,539331,T,VETO.BO,128.0500030517578,2984.15,FAIL,VOLUME_TOO_LOW
BSE,STOCK,VGCL,Vibrant Global Capital,,538732,B,VGCL.BO,52.97999954223633,16979.95,FAIL,VOLUME_TOO_LOW
BSE,STOCK,VGIL,Veer Global Infraconstruction,,543241,B,VGIL.BO,137.5,7536.2,FAIL,VOLUME_TOO_LOW
BSE,STOCK,VGL,Varvee Global,,514274,B,VGL.BO,55.060001373291016,2911.9,FAIL,VOLUME_TOO_LOW
BSE,STOCK,VGUARD,V-Guard Industries,,532953,A,VGUARD.BO,338.6000061035156,90219.75,FAIL,VOLUME_TOO_LOW
BSE,STOCK,VHL,Vardhman Holdings,,500439,B,500439.BO,3455.10009765625,20.05,FAIL,VOLUME_TOO_LOW
BSE,STOCK,VHLTD,Viceroy Hotels,,523796,T,VHLTD.BO,116.5,20831.15,FAIL,VOLUME_TOO_LOW
BSE,STOCK,VICTMILL,Victoria Mills,,503349,XT,VICTMILL.BO,9191.0,419.6,FAIL,VOLUME_TOO_LOW
BSE,STOCK,VIDHIING,Vidhi Specialty Food Ingredients,,531717,B,VIDHIING.BO,345.6000061035156,7361.6,FAIL,VOLUME_TOO_LOW
BSE,STOCK,VIDYAWIRES,Vidya Wires,,544633,B,VIDYAWIRES.BO,89.5,119503.8,PASS,PASS
BSE,STOCK,VIJAYA,Vijaya Diagnostic Centre,,543350,A,VIJAYA.BO,1505.949951171875,33120.75,FAIL,VOLUME_TOO_LOW
BSE,STOCK,VIJIFIN,Viji Finance,,537820,T,VIJIFIN.BO,16.3799991607666,228489.45,FAIL,PRICE_TOO_LOW
BSE,STOCK,VIJSOLX,Vijay Solvex,,531069,B,VIJSOLX.BO,681.0,243.65,FAIL,VOLUME_TOO_LOW
BSE,STOCK,VIKALPS,Vikalp Securities,,531334,X,VIKALPS.BO,19.239999771118164,765.85,FAIL,PRICE_TOO_LOW
BSE,STOCK,VIKASECO,Vikas Ecotech,,530961,B,VIKASECO.BO,1.0800000429153442,541372.75,FAIL,PRICE_TOO_LOW
BSE,STOCK,VIKASLIFE,Vikas Lifecare,,542655,B,VIKASLIFE.BO,1.309999942779541,559563.4,FAIL,PRICE_TOO_LOW
BSE,STOCK,VIKASPROP,Vikas Proppant & Granite,,531518,Z,VIKASPROP.BO,0.2599999904632568,231805.85,FAIL,PRICE_TOO_LOW
BSE,STOCK,VIKASWSP,Vikas WSP,,519307,Z,VIKASWSP.BO,0.9200000166893004,98811.65,FAIL,PRICE_TOO_LOW
BSE,STOCK,VIKRAMAR,Vikram Aroma,,544371,X,VIKRAMAR.BO,80.19999694824219,2351.7,FAIL,VOLUME_TOO_LOW
BSE,STOCK,VIKRAMSOLR,Vikram Solar,,544488,A,VIKRAMSOLR.BO,171.35000610351562,438929.45,PASS,PASS
BSE,STOCK,VIKRAMTH,Vikram Thermo,,530477,XT,VIKRAMTH.BO,302.29998779296875,23131.2,FAIL,VOLUME_TOO_LOW
BSE,STOCK,VIKRAN,Vikran Engineering,,544496,B,VIKRAN.BO,57.68999862670898,162429.5,PASS,PASS
BSE,STOCK,VIMTALABS,Vimta Labs,,524394,B,VIMTALABS.BO,653.7000122070312,15272.45,FAIL,VOLUME_TOO_LOW
BSE,STOCK,VINATIORGA,Vinati Organics,,524200,A,VINATIORGA.BO,1315.449951171875,3000.0,FAIL,VOLUME_TOO_LOW
BSE,STOCK,VINAYAKPOL,Vinayak Polycon International,,534639,X,VINAYAKPOL.BO,21.299999237060547,226.15,FAIL,PRICE_TOO_LOW
BSE,STOCK,VINCOFE,Vintage Coffee & Beverages,,538920,B,VINCOFE.BO,175.85000610351562,213070.2,PASS,PASS
BSE,STOCK,VINDHYATEL,Vindhya Telelinks,,517015,B,517015.BO,1807.25,2879.4,FAIL,VOLUME_TOO_LOW
BSE,STOCK,VINEETLAB,Vineet Laboratories,,543298,B,VINEETLAB.BO,38.0,34326.9,FAIL,PRICE_TOO_LOW
BSE,STOCK,VINNY,Vinny Overseas,,543670,B,VINNY.BO,1.0399999618530271,77231.1,FAIL,PRICE_TOO_LOW
BSE,STOCK,VINRKLB,Rekvina Laboratories,,526075,XT,VINRKLB.BO,52.77999877929688,2481.4,FAIL,VOLUME_TOO_LOW
BSE,STOCK,VINTAGES,Vintage Securities,,531051,X,VINTAGES.BO,15.140000343322754,71.45,FAIL,PRICE_TOO_LOW
BSE,STOCK,VINYLINDIA,Vinyl Chemicals,,524129,B,VINYLINDIA.BO,229.75,664.35,FAIL,VOLUME_TOO_LOW
BSE,STOCK,VINYOFL,Vinyoflex,,530401,X,VINYOFL.BO,52.5,783.1,FAIL,VOLUME_TOO_LOW
BSE,STOCK,VIPCLOTHNG,VIP Clothing,,532613,B,VIPCLOTHNG.BO,20.01000022888184,5248.6,FAIL,PRICE_TOO_LOW
BSE,STOCK,VIPPYSP,Vippy Spinpro,,514302,X,VIPPYSP.BO,180.10000610351562,1231.0,FAIL,VOLUME_TOO_LOW
BSE,STOCK,VIPULLTD,Vipul,,511726,T,VIPULLTD.BO,14.850000381469728,61053.1,FAIL,PRICE_TOO_LOW
BSE,STOCK,VIPULORG,Vipul Organics,,530627,X,VIPULORG.BO,269.1499938964844,13447.8,FAIL,VOLUME_TOO_LOW
BSE,STOCK,VIRAT,Virat Industries,,530521,B,VIRAT.BO,427.8500061035156,6425.55,FAIL,VOLUME_TOO_LOW
BSE,STOCK,VIRATCRA,Virat Crane Industries,,519457,X,VIRATCRA.BO,32.63999938964844,2986.15,FAIL,PRICE_TOO_LOW
BSE,STOCK,VIRGOGLOB,Virgo Global,,532354,XT,VIRGOGLOB.BO,3.25,52056.6,FAIL,PRICE_TOO_LOW
BSE,STOCK,VIRINCHI,Virinchi,,532372,B,VIRINCHI.BO,14.949999809265137,10424.3,FAIL,PRICE_TOO_LOW
BSE,STOCK,VIRTUALG,Virtual Global Education,,534741,T,VIRTUALG.BO,0.4799999892711639,445871.55,FAIL,PRICE_TOO_LOW
BSE,STOCK,VIRYA,Virya Resources,,512479,XT,VIRYA.BO,847.9000244140625,22.75,FAIL,VOLUME_TOO_LOW
BSE,STOCK,VISACHROME,VISA Chrome,,532721,B,VISACHROME.BO,38.540000915527344,548045.3,FAIL,PRICE_TOO_LOW
BSE,STOCK,VISAGAR,Visagar Financial Services,,531025,X,VISAGAR.BO,0.3000000119209289,798717.75,FAIL,PRICE_TOO_LOW
BSE,STOCK,VISAKAIND,Visaka Industries,,509055,B,VISAKAIND.BO,90.37999725341795,65186.3,FAIL,VOLUME_TOO_LOW
BSE,STOCK,VISHAL,Vishal Fabrics,,538598,B,VISHAL.BO,18.520000457763672,156443.1,FAIL,PRICE_TOO_LOW
BSE,STOCK,VISHALBL,Vishal Bearings,,539398,B,VISHALBL.BO,51.31999969482422,1524.9,FAIL,VOLUME_TOO_LOW
BSE,STOCK,VISHNU,Vishnu Chemicals,,516072,B,VISHNU.BO,689.3499755859375,6781.15,FAIL,VOLUME_TOO_LOW
BSE,STOCK,VISHWARAJ,Vishwaraj Sugar Industries,,542852,B,VISHWARAJ.BO,5.949999809265137,160264.4,FAIL,PRICE_TOO_LOW
BSE,STOCK,VISIONCINE,Vision Cinemas,,526441,X,VISIONCINE.BO,1.2000000476837158,29193.85,FAIL,PRICE_TOO_LOW
BSE,STOCK,VISIONCO,Vision Corp,,531668,XT,VISIONCO.BO,3.289999961853028,13835.85,FAIL,PRICE_TOO_LOW
BSE,STOCK,VISL,Vedanta Iron & Steel,,544784,B,VISL.BO,36.09999847412109,4533705.7,FAIL,PRICE_TOO_LOW
BSE,STOCK,VISTAPH,Vista Pharmaceuticals,,524711,X,VISTAPH.BO,6.239999771118164,19123.7,FAIL,PRICE_TOO_LOW
BSE,STOCK,VISTARAMAR,Vistar Amar,,538565,X,VISTARAMAR.BO,215.6000061035156,9352.95,FAIL,VOLUME_TOO_LOW
BSE,STOCK,VISVEN,Vishvprabha Ventures,,512064,X,VISVEN.BO,40.0,1933.1,FAIL,PRICE_TOO_LOW
BSE,STOCK,VIVAA,Vivaa Tradecom,,544002,MT,VIVAA.BO,130.0,2600.0,FAIL,VOLUME_TOO_LOW
BSE,STOCK,VIVANTA,Vivanta Industries,,541735,X,VIVANTA.BO,1.850000023841858,191263.65,FAIL,PRICE_TOO_LOW
BSE,STOCK,VIVANZA,Vivanza Biosciences,,530057,X,VIVANZA.BO,1.7400000095367432,33433.6,FAIL,PRICE_TOO_LOW
BSE,STOCK,VIVIDHA,Visagar Polytex,,506146,B,VIVIDHA.BO,0.5099999904632568,76083.85,FAIL,PRICE_TOO_LOW
BSE,STOCK,VIVIDIND,Vivid Global Industries,,524576,X,VIVIDIND.BO,20.96999931335449,1893.15,FAIL,PRICE_TOO_LOW
BSE,STOCK,VIVIDM,Vivid Mercantile,,542046,B,VIVIDM.BO,5.559999942779541,299336.5,FAIL,PRICE_TOO_LOW
BSE,STOCK,VIVIMEDLAB,Vivimed Labs,,532660,T,532660.BO,5.230000019073486,15356.85,FAIL,PRICE_TOO_LOW
BSE,STOCK,VIVOBIOT,Vivo Bio Tech,,511509,B,VIVOBIOT.BO,18.790000915527344,14178.8,FAIL,PRICE_TOO_LOW
BSE,STOCK,VIYASH,Viyash Scientific,,512529,A,VIYASH.BO,260.54998779296875,796391.2,PASS,PASS
BSE,STOCK,VJLAXMIE,Veejay Lakshmi Engineering Works,,522267,X,VJLAXMIE.BO,41.61000061035156,402.4,FAIL,PRICE_TOO_LOW
BSE,STOCK,VJTFEDU,VJTF Eduservices,,509026,X,VJTFEDU.BO,67.66000366210938,155.45,FAIL,VOLUME_TOO_LOW
BSE,STOCK,VKAL,Vantage Knowledge Academy,,539761,X,VKAL.BO,0.800000011920929,406893.45,FAIL,PRICE_TOO_LOW
BSE,STOCK,VLEGOV,VL E-Governance & IT Solutions,,543958,T,VLEGOV.BO,10.770000457763672,19770.35,FAIL,PRICE_TOO_LOW
BSE,STOCK,VLL,Virat Leasing,,539167,X,VLL.BO,61.0,23.35,FAIL,VOLUME_TOO_LOW
BSE,STOCK,VLSFINANCE,VLS Finance,,511333,B,VLSFINANCE.BO,247.1999969482422,1457.6,FAIL,VOLUME_TOO_LOW
BSE,STOCK,VMART,V Mart Retail,,534976,A,VMART.BO,839.4000244140625,5856.7,FAIL,VOLUME_TOO_LOW
BSE,STOCK,VMM,Vishal Mega Mart,,544307,A,VMM.BO,106.6999969482422,1894650.55,PASS,PASS
BSE,STOCK,VMS,VMS Industries,,533427,X,VMS.BO,19.280000686645508,39131.7,FAIL,PRICE_TOO_LOW
BSE,STOCK,VMSTMT,VMS TMT,,544521,B,VMSTMT.BO,45.4900016784668,6060.95,FAIL,PRICE_TOO_LOW
BSE,STOCK,VOEPL,Virtuoso Optoelectronics,,543597,B,VOEPL.BO,546.0499877929688,19065.15,FAIL,VOLUME_TOO_LOW
BSE,STOCK,VOGL,Vedanta Oil & Gas,,544782,B,VOGL.BO,37.54999923706055,4932329.25,FAIL,PRICE_TOO_LOW
BSE,STOCK,VOITHPAPR,Voith Paper Fabrics,,522122,B,VOITHPAPR.BO,1480.949951171875,298.8,FAIL,VOLUME_TOO_LOW
BSE,STOCK,VOLKAI,Kairosoft AI Solutions,,506122,XT,VOLKAI.BO,167.10000610351562,15362.95,FAIL,VOLUME_TOO_LOW
BSE,STOCK,VOLLF,Voltaire Leasing & Finance,,509038,XT,VOLLF.BO,17.700000762939453,1940.15,FAIL,PRICE_TOO_LOW
BSE,STOCK,VOLTAMP,Voltamp Transformers,,532757,A,VOLTAMP.BO,11166.7001953125,4309.5,FAIL,VOLUME_TOO_LOW
BSE,STOCK,VPAL,Vegorama Punjabi Angithi,,544765,MT,VPAL.BO,212.5,20800.0,FAIL,VOLUME_TOO_LOW
BSE,STOCK,VPL,Vrundavan Plantation,,544011,M,VPL.BO,34.0,1680.0,FAIL,PRICE_TOO_LOW
BSE,STOCK,VPRPL,Vishnu Prakash R Punglia,,543974,B,VPRPL.BO,36.04999923706055,123627.35,FAIL,PRICE_TOO_LOW
BSE,STOCK,VRFILMS,V R Films & Studios,,542654,B,VRFILMS.BO,12.5,1311.3,FAIL,PRICE_TOO_LOW
BSE,STOCK,VRL,Vasundhara Rasayans,,538634,XT,VRL.BO,158.0,1447.0,FAIL,VOLUME_TOO_LOW
BSE,STOCK,VRLLOG,VRL Logistics,,539118,B,VRLLOG.BO,297.54998779296875,15781.4,FAIL,VOLUME_TOO_LOW
BSE,STOCK,VRUDDHI,VRUDDHI,,544157,M,VRUDDHI.BO,195.9499969482422,800.0,FAIL,VOLUME_TOO_LOW
BSE,STOCK,VSDCONF,VSD Confin,,531696,XT,VSDCONF.BO,19.0,0.0,FAIL,PRICE_TOO_LOW
BSE,STOCK,VSFPROJ,VSF Projects,,519331,X,VSFPROJ.BO,31.809999465942383,1119.15,FAIL,PRICE_TOO_LOW
BSE,STOCK,VSL,Viram Suvarn,,540252,B,VSL.BO,10.3100004196167,356113.65,FAIL,PRICE_TOO_LOW
BSE,STOCK,VSSL,Vardhman Special Steels,,534392,B,VSSL.BO,363.6000061035156,15199.85,FAIL,VOLUME_TOO_LOW
BSE,STOCK,VSTIND,VST Industries,,509966,B,VSTIND.BO,208.0,12271.35,FAIL,VOLUME_TOO_LOW
BSE,STOCK,VSTL,Vibhor Steel Tubes,,544124,B,VSTL.BO,113.8000030517578,1160.35,FAIL,VOLUME_TOO_LOW
BSE,STOCK,VSTTILLERS,VST Tillers Tractors,,531266,B,VSTTILLERS.BO,4174.85009765625,645.4,FAIL,VOLUME_TOO_LOW
BSE,STOCK,VTL,Vardhman Textiles,,502986,A,VTL.BO,588.2999877929688,91509.95,FAIL,VOLUME_TOO_LOW
BSE,STOCK,VTMLTD,VTM,,532893,B,VTMLTD.BO,56.540000915527344,55968.15,FAIL,VOLUME_TOO_LOW
BSE,STOCK,VVIPIL,VVIP Infratech,,544219,M,VVIPIL.BO,141.64999389648438,20160.0,FAIL,VOLUME_TOO_LOW
BSE,STOCK,VXLINSTR,VXL Instruments,,517399,XT,VXLINSTR.BO,3.049999952316284,4656.45,FAIL,PRICE_TOO_LOW
BSE,STOCK,WAA,Waa Solar,,541445,M,WAA.BO,45.66999816894531,6840.0,FAIL,PRICE_TOO_LOW
BSE,STOCK,WAAREE,Waaree Technologies,,539337,M,WAAREE.BO,210.0,7507.5,FAIL,VOLUME_TOO_LOW
BSE,STOCK,WAAREEENER,Waaree Energies,,544277,A,WAAREEENER.BO,2580.0,43922.7,FAIL,VOLUME_TOO_LOW
BSE,STOCK,WAAREEINDO,Indosolar,,533257,B,WAAREEINDO.BO,275.6000061035156,9103.45,FAIL,VOLUME_TOO_LOW
BSE,STOCK,WAAREERTL,Waaree Renewable Technologies,,534618,A,WAAREERTL.BO,848.2999877929688,13471.75,FAIL,VOLUME_TOO_LOW
BSE,STOCK,WABAG,VA Tech Wabag,,533269,A,WABAG.BO,2011.449951171875,31900.45,FAIL,VOLUME_TOO_LOW
BSE,STOCK,WAGEND,Wagend Infra Venture,,503675,X,WAGEND.BO,1.1799999475479126,43876.8,FAIL,PRICE_TOO_LOW
BSE,STOCK,WAKEFIT,Wakefit Innovations,,544642,B,WAKEFIT.BO,149.4499969482422,157629.5,PASS,PASS
BSE,STOCK,WALCHANNAG,Walchandnagar Industries,,507410,B,WALCHANNAG.BO,206.3000030517578,49385.6,FAIL,VOLUME_TOO_LOW
BSE,STOCK,WALCHPF,Walchand Peoplefirst,,501370,X,WALCHPF.BO,137.85000610351562,352.6,FAIL,VOLUME_TOO_LOW
BSE,STOCK,WALLFORT,Wallfort Financial Services,,532053,X,WALLFORT.BO,82.08999633789062,1418.1,FAIL,VOLUME_TOO_LOW
BSE,STOCK,WANBURY,Wanbury,,524212,B,WANBURY.BO,244.0,35273.3,FAIL,VOLUME_TOO_LOW
BSE,STOCK,WARDHEALTH,Wardwizard Healthcare,,512063,P,WARDHEALTH.BO,45.34000015258789,0.0,FAIL,PRICE_TOO_LOW
BSE,STOCK,WARDINMOBI,Wardwizard Innovations & Mobility,,538970,B,WARDINMOBI.BO,5.710000038146973,264082.3,FAIL,PRICE_TOO_LOW
BSE,STOCK,WARDWIZFBL,Wardwizard Foods & Beverages,,539132,X,WARDWIZFBL.BO,9.869999885559082,290284.15,FAIL,PRICE_TOO_LOW
BSE,STOCK,WARRENTEA,Warren Tea,,508494,X,WARRENTEA.BO,46.09999847412109,2044.25,FAIL,PRICE_TOO_LOW
BSE,STOCK,WATERBASE,Waterbase,,523660,B,WATERBASE.BO,47.560001373291016,16291.3,FAIL,PRICE_TOO_LOW
BSE,STOCK,WCIL,Western Carriers,,544258,B,WCIL.BO,83.5199966430664,3192.75,FAIL,VOLUME_TOO_LOW
BSE,STOCK,WEALTH,Wealth First Portfolio Managers,,544536,B,WEALTH.BO,849.6500244140625,102.45,FAIL,VOLUME_TOO_LOW
BSE,STOCK,WEBELSOLAR,Websol Energy System,,517498,A,WEBELSOLAR.BO,77.33000183105469,350996.1,PASS,PASS
BSE,STOCK,WEIZMANIND,Weizmann,,523011,B,523011.BO,79.98999786376953,494.05,FAIL,VOLUME_TOO_LOW
BSE,STOCK,WELCORP,Welspun Corp,,532144,A,WELCORP.BO,2646.14990234375,166005.05,PASS,PASS
BSE,STOCK,WELCURE,Welcure Drugs & Pharmaceuticals,,524661,X,WELCURE.BO,0.2300000041723251,6604100.2,FAIL,PRICE_TOO_LOW
BSE,STOCK,WELENT,Welspun Enterprises,,532553,A,WELENT.BO,765.3499755859375,34242.95,FAIL,VOLUME_TOO_LOW
BSE,STOCK,WELINV,Welspun Investments & Commercials,,533252,T,WELINV.BO,2145.0,727.5,FAIL,VOLUME_TOO_LOW
BSE,STOCK,WELSPLSOL,Welspun Specialty Solution,,500365,B,WELSPLSOL.BO,56.22999954223633,135094.35,PASS,PASS
BSE,STOCK,WELSPUNLIV,Welspun Living,,514162,A,WELSPUNLIV.BO,200.6499938964844,590651.2,PASS,PASS
BSE,STOCK,WENDT,Wendt,,505412,B,WENDT.BO,8293.75,401.55,FAIL,VOLUME_TOO_LOW
BSE,STOCK,WEPSOLN,WEP Solutions,,532373,X,WEPSOLN.BO,36.86000061035156,85489.35,FAIL,PRICE_TOO_LOW
BSE,STOCK,WESTLEIRES,West Leisure Resorts,,538382,X,WESTLEIRES.BO,72.44999694824219,42.5,FAIL,VOLUME_TOO_LOW
BSE,STOCK,WESTLIFE,Westlife Foodworld,,505533,A,WESTLIFE.BO,542.2000122070312,14135.8,FAIL,VOLUME_TOO_LOW
BSE,STOCK,WEWIN,We Win,,543535,B,WEWIN.BO,43.0,368.95,FAIL,PRICE_TOO_LOW
BSE,STOCK,WEWORK,WeWork India Management,,544570,B,WEWORK.BO,654.0,193961.25,PASS,PASS
BSE,STOCK,WHBRADY,WH Brady & Company,,501391,B,WHBRADY.BO,493.7000122070313,95.15,FAIL,VOLUME_TOO_LOW
BSE,STOCK,WHEELS,Wheels,,590073,B,WHEELS.BO,1657.199951171875,6052.7,FAIL,VOLUME_TOO_LOW
BSE,STOCK,WHITEORG,White Organic Agro,,513713,X,WHITEORG.BO,3.400000095367432,29716.45,FAIL,PRICE_TOO_LOW
BSE,STOCK,WILLAMAGOR,Williamson Magor,,519224,B,WILLAMAGOR.BO,23.350000381469727,749.65,FAIL,PRICE_TOO_LOW
BSE,STOCK,WILLIMFI,Williamson Financial Services,,519214,X,WILLIMFI.BO,4.0,3195.3,FAIL,PRICE_TOO_LOW
BSE,STOCK,WINDLAS,Windlas Biotech,,543329,B,WINDLAS.BO,1128.800048828125,10247.35,FAIL,VOLUME_TOO_LOW
BSE,STOCK,WINDMACHIN,Windsor Machines,,522029,B,WINDMACHIN.BO,312.04998779296875,32420.85,FAIL,VOLUME_TOO_LOW
BSE,STOCK,WINSOMBR,Winsome Breweries,,526471,X,WINSOMBR.BO,19.96999931335449,5024.7,FAIL,PRICE_TOO_LOW
BSE,STOCK,WINSOMTX,Winsome Textile Industries,,514470,X,WINSOMTX.BO,82.73999786376953,11065.4,FAIL,VOLUME_TOO_LOW
BSE,STOCK,WIPRO,Wipro,,507685,A,WIPRO.BO,176.60000610351562,439995.65,PASS,PASS
BSE,STOCK,WIREFABR,Wires & Fabriks,,507817,X,WIREFABR.BO,165.0,164.4,FAIL,VOLUME_TOO_LOW
BSE,STOCK,WITS,Wherrelz IT Solutions,,543436,TS,WITS.BO,141.35000610351562,160.0,FAIL,VOLUME_TOO_LOW
BSE,STOCK,WMINIMT,Western Ministil,,504998,P,WMINIMT.BO,0.6000000238418579,5.0,FAIL,PRICE_TOO_LOW
BSE,STOCK,WOCKPHARMA,Wockhardt,,532300,A,WOCKPHARMA.BO,1951.050048828125,86739.4,FAIL,VOLUME_TOO_LOW
BSE,STOCK,WOMENNET,Women Networks,,531396,X,WOMENNET.BO,8.399999618530273,1227.05,FAIL,PRICE_TOO_LOW
BSE,STOCK,WONDERLA,Wonderla Holidays,,538268,B,WONDERLA.BO,525.7999877929688,37038.3,FAIL,VOLUME_TOO_LOW
BSE,STOCK,WORKMATES,Workmates Core2Cloud Solution,,544610,M,WORKMATES.BO,333.29998779296875,13500.0,FAIL,VOLUME_TOO_LOW
BSE,STOCK,WORTH,Worth Investment & Trading,,538451,X,WORTH.BO,3.490000009536743,2107093.0,FAIL,PRICE_TOO_LOW
BSE,STOCK,WORTHPERI,Worth Peripherals,,544577,B,WORTHPERI.BO,154.75,926.95,FAIL,VOLUME_TOO_LOW
BSE,STOCK,WOSAL,Western Overseas Study Abroad,,544636,M,WOSAL.BO,19.18000030517578,6800.0,FAIL,PRICE_TOO_LOW
BSE,STOCK,WPIL,WPIL,,505872,B,WPIL.BO,446.0,6247.35,FAIL,VOLUME_TOO_LOW
BSE,STOCK,WSFX,WSFX Global Pay,,511147,X,WSFX.BO,66.0,2629.05,FAIL,VOLUME_TOO_LOW
BSE,STOCK,WSI,WS Industries,,504220,B,WSI.BO,59.33000183105469,7900.1,FAIL,VOLUME_TOO_LOW
BSE,STOCK,WSTCSTPAPR,West Coast Paper Mills,,500444,B,500444.BO,518.0499877929688,9352.4,FAIL,VOLUME_TOO_LOW
BSE,STOCK,WWALUM,Worldwide Aluminium,,526525,X,WWALUM.BO,18.010000228881836,610.15,FAIL,PRICE_TOO_LOW
BSE,STOCK,XCHANGING,Xchanging Solutions,,532616,B,XCHANGING.BO,60.77000045776367,7688.2,FAIL,VOLUME_TOO_LOW
BSE,STOCK,XELPMOC,Xelpmoc Design & Tech,,542367,B,XELPMOC.BO,79.33999633789062,1249.4,FAIL,VOLUME_TOO_LOW
BSE,STOCK,XPROINDIA,Xpro,,590013,B,XPROINDIA.BO,1278.949951171875,11705.0,FAIL,VOLUME_TOO_LOW
BSE,STOCK,XTGLOBAL,Xtglobal Infotech,,531225,B,XTGLOBAL.BO,31.540000915527344,6259.1,FAIL,PRICE_TOO_LOW
BSE,STOCK,YAANENT,Yaan Enterprises,,538521,X,YAANENT.BO,129.0,1144.85,FAIL,VOLUME_TOO_LOW
BSE,STOCK,YAASHVI,Yaashvi Jewellers,,544770,M,YAASHVI.BO,77.44999694824219,59120.0,FAIL,VOLUME_TOO_LOW
BSE,STOCK,YAJUR,Yajur Fibres,,544676,MT,YAJUR.BO,41.20000076293945,34640.0,FAIL,PRICE_TOO_LOW
BSE,STOCK,YAMNINV,Yamini Investments Company,,511012,XT,YAMNINV.BO,0.6200000047683716,379501.75,FAIL,PRICE_TOO_LOW
BSE,STOCK,YARNSYN,Yarn Syndicate,,514378,X,YARNSYN.BO,13.270000457763672,9118.8,FAIL,PRICE_TOO_LOW
BSE,STOCK,YASHCHEM,Yash Chemex,,539939,X,YASHCHEM.BO,49.91999816894531,3065.45,FAIL,PRICE_TOO_LOW
BSE,STOCK,YASHHTEJ,Yashhtej Industries,,544708,M,YASHHTEJ.BO,54.150001525878906,12600.0,FAIL,VOLUME_TOO_LOW
BSE,STOCK,YASHHV,Yash Highvoltage,,544310,M,YASHHV.BO,970.0,63562.5,FAIL,VOLUME_TOO_LOW
BSE,STOCK,YASHINNO,Yash Innoventures,,523650,X,YASHINNO.BO,40.95000076293945,49673.7,FAIL,PRICE_TOO_LOW
BSE,STOCK,YASHMGM,Yash Management & Satellite,,511601,X,YASHMGM.BO,9.039999961853027,1888.85,FAIL,PRICE_TOO_LOW
BSE,STOCK,YASHO,Yasho Industries,,541167,B,YASHO.BO,4041.75,3088.5,FAIL,VOLUME_TOO_LOW
BSE,STOCK,YASHRAJC,Yashraj Containeurs,,530063,XT,YASHRAJC.BO,4.420000076293945,2943.95,FAIL,PRICE_TOO_LOW
BSE,STOCK,YATHARTH,Yatharth Hospital,,543950,A,YATHARTH.BO,962.75,24979.7,FAIL,VOLUME_TOO_LOW
BSE,STOCK,YATRA,Yatra Online,,543992,B,YATRA.BO,113.4000015258789,210454.0,PASS,PASS
BSE,STOCK,YESBANK,Yes Bank,,532648,A,YESBANK.BO,22.420000076293945,2949943.15,FAIL,PRICE_TOO_LOW
BSE,STOCK,YOGI,Yogi,,511702,B,YOGI.BO,156.10000610351562,2238.2,FAIL,VOLUME_TOO_LOW
BSE,STOCK,YOGISUNG,Yogi Sung-Won,,522209,X,YOGISUNG.BO,6.400000095367432,11842.9,FAIL,PRICE_TOO_LOW
BSE,STOCK,YORKEXP,York Exports,,530675,X,YORKEXP.BO,53.75,257.8,FAIL,VOLUME_TOO_LOW
BSE,STOCK,YSL,The Yamuna Syndicate,,540980,X,YSL.BO,27600.0,17.7,FAIL,VOLUME_TOO_LOW
BSE,STOCK,YUG,Yug Decor,,540550,MT,YUG.BO,24.0,3622.5,FAIL,PRICE_TOO_LOW
BSE,STOCK,YUKEN,Yuken,,522108,B,YUKEN.BO,1011.4500122070312,1653.85,FAIL,VOLUME_TOO_LOW
BSE,STOCK,YUNIKM,Yunik Managing Advisors,,533149,X,YUNIKM.BO,6.360000133514404,7495.9,FAIL,PRICE_TOO_LOW
BSE,STOCK,YURANUS,Yuranus Infrastructure,,536846,XT,YURANUS.BO,62.470001220703125,768.8,FAIL,VOLUME_TOO_LOW
BSE,STOCK,YUVRAAJHPL,Yuvraaj Hygiene Products,,531663,X,YUVRAAJHPL.BO,9.279999732971191,178342.3,FAIL,PRICE_TOO_LOW
BSE,STOCK,ZAGGLE,Zaggle Prepaid Ocean Services,,543985,A,ZAGGLE.BO,182.8000030517578,459189.35,PASS,PASS
BSE,STOCK,ZAPPFRESH,DSM Fresh Foods,,544568,M,ZAPPFRESH.BO,66.58999633789062,51780.0,FAIL,VOLUME_TOO_LOW
BSE,STOCK,ZBINTXPP,Binayak Tex Processors,,523054,XT,ZBINTXPP.BO,1936.0,0.5,FAIL,VOLUME_TOO_LOW
BSE,STOCK,ZDHJERK,Dhanvantri Jeevan Rekha,,531043,X,ZDHJERK.BO,26.649999618530277,871.85,FAIL,PRICE_TOO_LOW
BSE,STOCK,ZEAL,Zeal Aqua,,539963,X,ZEAL.BO,11.09000015258789,74257.2,FAIL,PRICE_TOO_LOW
BSE,STOCK,ZEEL,Zee Entertainment,,505537,A,ZEEL.BO,91.5999984741211,1780518.85,PASS,PASS
BSE,STOCK,ZEELEARN,Zee Learn,,533287,T,ZEELEARN.BO,7.300000190734863,66024.0,FAIL,PRICE_TOO_LOW
BSE,STOCK,ZEEMEDIA,Zee Media Corporation,,532794,B,ZEEMEDIA.BO,8.130000114440918,664486.5,FAIL,PRICE_TOO_LOW
BSE,STOCK,ZELIO,Zelio E-Mobility,,544563,MT,ZELIO.BO,869.2000122070312,19375.0,FAIL,VOLUME_TOO_LOW
BSE,STOCK,ZENIFIB,Zenith Fibres,,514266,X,ZENIFIB.BO,53.93000030517578,2023.8,FAIL,VOLUME_TOO_LOW
BSE,STOCK,ZENITHEXPO,Zenith Exports,,512553,B,512553.BO,200.0,20.5,FAIL,VOLUME_TOO_LOW
BSE,STOCK,ZENITHHE,Zenith Health Care,,530665,X,ZENITHHE.BO,3.25,30294.35,FAIL,PRICE_TOO_LOW
BSE,STOCK,ZENITHSTL,Zenith Steel Pipes & Industries,,531845,B,ZENITHSTL.BO,5.420000076293945,19200.55,FAIL,PRICE_TOO_LOW
BSE,STOCK,ZENLABS,Zenlabs Ethica,,530697,X,ZENLABS.BO,29.0,1530.15,FAIL,PRICE_TOO_LOW
BSE,STOCK,ZENOTECH,Zenotech Laboratories,,532039,X,ZENOTECH.BO,45.59000015258789,10023.05,FAIL,PRICE_TOO_LOW
BSE,STOCK,ZENSARTECH,Zensar Technologies,,504067,A,504067.BO,518.3499755859375,589297.1,PASS,PASS
BSE,STOCK,ZENTEC,Zen Technologies,,533339,A,ZENTEC.BO,1810.949951171875,42145.15,FAIL,VOLUME_TOO_LOW
BSE,STOCK,ZFCVINDIA,ZF Commercial,,533023,A,ZFCVINDIA.BO,2525.550048828125,21095.05,FAIL,VOLUME_TOO_LOW
BSE,STOCK,ZFSTEERING,ZF Steering Gear,,505163,B,ZFSTEERING.BO,665.0999755859375,6555.3,FAIL,VOLUME_TOO_LOW
BSE,STOCK,ZGAEKWAR,Gaekwar Mills,,502850,X,ZGAEKWAR.BO,15.029999732971191,0.0,FAIL,PRICE_TOO_LOW
BSE,STOCK,ZGOLDINV,Gold Rock Investments,,501111,XT,ZGOLDINV.BO,11.56999969482422,0.0,FAIL,PRICE_TOO_LOW
BSE,STOCK,ZHEMHOLD,Pushpsons Industries,,505520,XT,ZHEMHOLD.BO,106.4000015258789,0.0,FAIL,VOLUME_TOO_LOW
BSE,STOCK,ZHINUDYP,Hindustan Udyog,,513039,XT,513039.BO,3.309999942779541,0.0,FAIL,PRICE_TOO_LOW
BSE,STOCK,ZIMLAB,Zim Laboratories,,541400,B,ZIMLAB.BO,127.9499969482422,7675.4,FAIL,VOLUME_TOO_LOW
BSE,STOCK,ZINEMA,Zinema Media & Entertainment,,538579,MT,ZINEMA.BO,17.0,5200.0,FAIL,PRICE_TOO_LOW
BSE,STOCK,ZJEETMAC,Jeet Machine Tools,,513012,XT,ZJEETMAC.BO,0.6800000071525574,0.0,FAIL,PRICE_TOO_LOW
BSE,STOCK,ZKOVALIN,Kovalam Investment & Trading,,505585,X,ZKOVALIN.BO,14.130000114440918,0.0,FAIL,PRICE_TOO_LOW
BSE,STOCK,ZMILGFIN,Milgrey Finance & Investments,,511018,X,ZMILGFIN.BO,45.209999084472656,152946.75,FAIL,PRICE_TOO_LOW
BSE,STOCK,ZMULTIPU,Multipurpose Trading Agency,,504356,X,ZMULTIPU.BO,7.75,497.85,FAIL,PRICE_TOO_LOW
BSE,STOCK,ZODIACLOTH,Zodiac Clothing,,521163,B,521163.BO,77.12999725341797,1949.9,FAIL,VOLUME_TOO_LOW
BSE,STOCK,ZODIACVEN,Zodiac Ventures,,503641,X,ZODIACVEN.BO,1.5199999809265137,223237.45,FAIL,PRICE_TOO_LOW
BSE,STOCK,ZODJRDMKJ,Zodiac Jrd Mkj,,512587,X,ZODJRDMKJ.BO,37.22999954223633,16466.5,FAIL,PRICE_TOO_LOW
BSE,STOCK,ZPRBHSTE,Prabhu Steel Industries,,506042,XT,506042.BO,119.5,0.0,FAIL,VOLUME_TOO_LOW
BSE,STOCK,ZR2,Gujchem Distilleries,,506640,X,ZR2.BO,112.5,146.4,FAIL,VOLUME_TOO_LOW
BSE,STOCK,ZSARACOM,Saraswati Commercial,,512020,B,ZSARACOM.BO,10024.25,32.25,FAIL,VOLUME_TOO_LOW
BSE,STOCK,ZSARVAMA,Sarvamangal Mercantile,,506190,XT,506190.BO,52.5,0.0,FAIL,VOLUME_TOO_LOW
BSE,STOCK,ZSATYASL,Satyam Silk Mills,,503893,XT,ZSATYASL.BO,3.4800000190734863,0.0,FAIL,PRICE_TOO_LOW
BSE,STOCK,ZSOUTGAS,Southern Gas,,509910,P,ZSOUTGAS.BO,25.0,0.0,FAIL,PRICE_TOO_LOW
BSE,STOCK,ZSVARAJT,Svaraj Trading & Agencies,,503624,X,ZSVARAJT.BO,7.579999923706055,1615.95,FAIL,PRICE_TOO_LOW
BSE,STOCK,ZSVTRADI,SV Trading & Agencies,,503622,XT,503622.BO,7.710000038146973,0.0,FAIL,PRICE_TOO_LOW
BSE,STOCK,ZUARI,Zuari Agro Chemicals,,534742,B,ZUARI.BO,224.3000030517578,8519.05,FAIL,VOLUME_TOO_LOW
BSE,STOCK,ZUARIIND,Zuari Industries,,500780,B,ZUARIIND.BO,274.25,9041.2,FAIL,VOLUME_TOO_LOW
BSE,STOCK,ZWELCAST,Welcast Steels,,504988,X,ZWELCAST.BO,629.0,148.6,FAIL,VOLUME_TOO_LOW
BSE,STOCK,ZYDUSLIFE,Zydus Life Science,,532321,A,ZYDUSLIFE.BO,1135.0,126265.0,PASS,PASS
BSE,STOCK,ZYDUSWELL,Zydus Wellness,,531335,A,ZYDUSWELL.BO,538.5,18754.5,FAIL,VOLUME_TOO_LOW
NSE,INDEX,NIFTY 50,NIFTY 50,,,,^NSEI,,,INDEX,INDEX_RETAINED
NSE,INDEX,NIFTY BANK,NIFTY Bank,,,,^NSEBANK,,,INDEX,INDEX_RETAINED
NSE,INDEX,NIFTY NEXT 50,NIFTY Next 50,,,,^NSMIDCP,,,INDEX,INDEX_RETAINED
NSE,INDEX,NIFTY 100,NIFTY 100,,,,^CNX100,,,INDEX,INDEX_RETAINED
NSE,INDEX,NIFTY 200,NIFTY 200,,,,^CNX200,,,INDEX,INDEX_RETAINED
NSE,INDEX,NIFTY 500,NIFTY 500,,,,^CRSLDX,,,INDEX,INDEX_RETAINED
NSE,INDEX,NIFTY MIDCAP 150,NIFTY Midcap 150,,,,^NSEMDCP50,,,INDEX,INDEX_RETAINED
NSE,INDEX,NIFTY INDIA VIX,India VIX,,,,^INDIAVIX,,,INDEX,INDEX_RETAINED
BSE,INDEX,SENSEX,BSE SENSEX,,,,^BSESN,,,INDEX,INDEX_RETAINED
BSE,INDEX,BSE 100,BSE 100,,,,BSE-100.BO,,,INDEX,INDEX_RETAINED
BSE,INDEX,BSE 200,BSE 200,,,,BSE-200.BO,,,INDEX,INDEX_RETAINED
BSE,INDEX,BSE 500,BSE 500,,,,BSE-500.BO,,,INDEX,INDEX_RETAINED
