exchange,instrument_type,symbol,name,isin,security_id,series,data_symbol
NSE,STOCK,20MICRONS,20 Microns Limited,INE144J01027,,EQ,20MICRONS.NS
NSE,STOCK,21STCENMGM,21st Century Management Services Limited,INE253B01015,,EQ,21STCENMGM.NS
NSE,STOCK,360ONE,360 ONE WAM LIMITED,INE466L01038,,EQ,360ONE.NS
NSE,STOCK,3BBLACKBIO,3B Blackbio Dx Limited,INE994E01018,,EQ,3BBLACKBIO.NS
NSE,STOCK,3IINFOLTD,3i Infotech Limited,INE748C01038,,BE,3IINFOLTD.NS
NSE,STOCK,3MINDIA,3M India Limited,INE470A01017,,EQ,3MINDIA.NS
NSE,STOCK,3PLAND,3P Land Holdings Limited,INE105C01023,,EQ,3PLAND.NS
NSE,STOCK,5PAISA,5Paisa Capital Limited,INE618L01018,,EQ,5PAISA.NS
NSE,STOCK,63MOONS,63 moons technologies limited,INE111B01023,,EQ,63MOONS.NS
NSE,STOCK,A2ZINFRA,A2Z Infra Engineering Limited,INE619I01012,,EQ,A2ZINFRA.NS
NSE,STOCK,AAATECH,AAA Technologies Limited,INE0D0U01013,,EQ,AAATECH.NS
NSE,STOCK,AADHARHFC,Aadhar Housing Finance Limited,INE883F01010,,EQ,AADHARHFC.NS
NSE,STOCK,AAKASH,Aakash Exploration Services Limited,INE087Z01024,,EQ,AAKASH.NS
NSE,STOCK,AAREYDRUGS,Aarey Drugs & Pharmaceuticals Limited,INE198H01019,,EQ,AAREYDRUGS.NS
NSE,STOCK,AARNAV,Aarnav Fashions Limited,INE750R01016,,BE,AARNAV.NS
NSE,STOCK,AARON,Aaron Industries Limited,INE721Z01010,,EQ,AARON.NS
NSE,STOCK,AARTECH,Aartech Solonics Limited,INE01C001026,,BE,AARTECH.NS
NSE,STOCK,AARTIDRUGS,Aarti Drugs Limited,INE767A01016,,EQ,AARTIDRUGS.NS
NSE,STOCK,AARTIIND,Aarti Industries Limited,INE769A01020,,EQ,AARTIIND.NS
NSE,STOCK,AARTIPHARM,Aarti Pharmalabs Limited,INE0LRU01027,,EQ,AARTIPHARM.NS
NSE,STOCK,AARTISURF,Aarti Surfactants Limited,INE09EO01013,,BE,AARTISURF.NS
NSE,STOCK,AARVI,Aarvi Encon Limited,INE754X01016,,EQ,AARVI.NS
NSE,STOCK,AASTHA,Aastha Spintex Limited,INE2FMX01012,,EQ,AASTHA.NS
NSE,STOCK,AAVAS,Aavas Financiers Limited,INE216P01012,,EQ,AAVAS.NS
NSE,STOCK,ABAN,Aban Offshore Limited,INE421A01028,,BE,ABAN.NS
NSE,STOCK,ABANSENT,Abans Enterprises Limited,INE365O01028,,EQ,ABANSENT.NS
NSE,STOCK,ABB,ABB India Limited,INE117A01022,,EQ,ABB.NS
NSE,STOCK,ABBOTINDIA,Abbott India Limited,INE358A01014,,EQ,ABBOTINDIA.NS
NSE,STOCK,ABCAPITAL,Aditya Birla Capital Limited,INE674K01013,,EQ,ABCAPITAL.NS
NSE,STOCK,ABCOTS,A B Cotspin India Limited,INE08PH01015,,EQ,ABCOTS.NS
NSE,STOCK,ABDL,Allied Blenders and Distillers Limited,INE552Z01027,,EQ,ABDL.NS
NSE,STOCK,ABFRL,Aditya Birla Fashion and Retail Limited,INE647O01011,,EQ,ABFRL.NS
NSE,STOCK,ABINFRA,A B Infrabuild Limited,INE00YB01025,,BE,ABINFRA.NS
NSE,STOCK,ABLBL,Aditya Birla Lifestyle Brands Limited,INE14LE01019,,EQ,ABLBL.NS
NSE,STOCK,ABMINTLLTD,ABM International Limited,INE251C01025,,BE,ABMINTLLTD.NS
NSE,STOCK,ABMKNO,ABM Knowledgeware Limited,INE850B01026,,EQ,ABMKNO.NS
NSE,STOCK,ABREL,Aditya Birla Real Estate Limited,INE055A01016,,EQ,ABREL.NS
NSE,STOCK,ABSLAMC,Aditya Birla Sun Life AMC Limited,INE404A01024,,EQ,ABSLAMC.NS
NSE,STOCK,ACC,ACC Limited,INE012A01025,,EQ,ACC.NS
NSE,STOCK,ACCELYA,Accelya Solutions India Limited,INE793A01012,,EQ,ACCELYA.NS
NSE,STOCK,ACCURACY,Accuracy Shipping Limited,INE648Z01023,,BE,ACCURACY.NS
NSE,STOCK,ACE,Action Construction Equipment Limited,INE731H01025,,EQ,ACE.NS
NSE,STOCK,ACEINTEG,Ace Integrated Solutions Limited,INE543V01017,,EQ,ACEINTEG.NS
NSE,STOCK,ACGL,Automobile Corporation of Goa Limited,INE451C01013,,EQ,ACGL.NS
NSE,STOCK,ACI,Archean Chemical Industries Limited,INE128X01021,,EQ,ACI.NS
NSE,STOCK,ACL,Andhra Cements Limited,INE666E01020,,EQ,ACL.NS
NSE,STOCK,ACMESOLAR,Acme Solar Holdings Limited,INE622W01025,,EQ,ACMESOLAR.NS
NSE,STOCK,ACSTECH,ACS Technologies Limited,INE366C01021,,BE,ACSTECH.NS
NSE,STOCK,ACUTAAS,Acutaas Chemicals Limited,INE00FF01025,,EQ,ACUTAAS.NS
NSE,STOCK,ADANIENSOL,Adani Energy Solutions Limited,INE931S01010,,EQ,ADANIENSOL.NS
NSE,STOCK,ADANIENT,Adani Enterprises Limited,INE423A01024,,EQ,ADANIENT.NS
NSE,STOCK,ADANIGREEN,Adani Green Energy Limited,INE364U01010,,EQ,ADANIGREEN.NS
NSE,STOCK,ADANIPORTS,Adani Ports and Special Economic Zone Limited,INE742F01042,,EQ,ADANIPORTS.NS
NSE,STOCK,ADANIPOWER,Adani Power Limited,INE814H01029,,EQ,ADANIPOWER.NS
NSE,STOCK,ADDIND,Addi Industries Limited,INE757C01021,,EQ,ADDIND.NS
NSE,STOCK,ADFFOODS,ADF Foods Limited,INE982B01027,,EQ,ADFFOODS.NS
NSE,STOCK,ADL,Archidply Decor Limited,INE0CHO01012,,EQ,ADL.NS
NSE,STOCK,ADOR,Ador Welding Limited,INE045A01017,,EQ,ADOR.NS
NSE,STOCK,ADROITINFO,Adroit Infotech Limited,INE737B01033,,EQ,ADROITINFO.NS
NSE,STOCK,ADSL,Allied Digital Services Limited,INE102I01027,,EQ,ADSL.NS
NSE,STOCK,ADVAIT,Advait Energy Transitions Limited,INE0ALI01010,,EQ,ADVAIT.NS
NSE,STOCK,ADVANCE,Advance Agrolife Limited,INE1B0W01010,,EQ,ADVANCE.NS
NSE,STOCK,ADVANIHOTR,Advani Hotels & Resorts (India) Limited,INE199C01026,,EQ,ADVANIHOTR.NS
NSE,STOCK,ADVENTHTL,Advent Hotels International Limited,INE28GN01010,,EQ,ADVENTHTL.NS
NSE,STOCK,ADVENZYMES,Advanced Enzyme Technologies Limited,INE837H01020,,EQ,ADVENZYMES.NS
NSE,STOCK,ADVIKCA,Advik Capital Limited,INE178T01024,,EQ,ADVIKCA.NS
NSE,STOCK,AEGISLOG,Aegis Logistics Limited,INE208C01025,,EQ,AEGISLOG.NS
NSE,STOCK,AEGISVOPAK,Aegis Vopak Terminals Limited,INE0INX01018,,EQ,AEGISVOPAK.NS
NSE,STOCK,AEPL,Artemis Electricals and Projects Limited,INE757T01025,,EQ,AEPL.NS
NSE,STOCK,AEQUS,Aequs Limited,INE947N01017,,EQ,AEQUS.NS
NSE,STOCK,AEROENTER,Aeroflex Enterprises Limited,INE065D01027,,EQ,AEROENTER.NS
NSE,STOCK,AEROFLEX,Aeroflex Industries Limited,INE024001021,,EQ,AEROFLEX.NS
NSE,STOCK,AERONEU,Aeroflex Neu Limited,INE035801013,,EQ,AERONEU.NS
NSE,STOCK,AEROPLANE,Amir Chand Jagdish Kumar (Exports) Limited,INE05TO01019,,EQ,AEROPLANE.NS
NSE,STOCK,AETHER,Aether Industries Limited,INE0BWX01014,,EQ,AETHER.NS
NSE,STOCK,AFCONS,Afcons Infrastructure Limited,INE101I01011,,EQ,AFCONS.NS
NSE,STOCK,AFFLE,Affle 3i Limited,INE00WC01027,,EQ,AFFLE.NS
NSE,STOCK,AFFORDABLE,Affordable Robotic & Automation Limited,INE692Z01013,,EQ,AFFORDABLE.NS
NSE,STOCK,AFIL,Akme Fintrade (India) Limited,INE916Y01027,,EQ,AFIL.NS
NSE,STOCK,AFSL,Abans Financial Services Limited,INE00ZE01026,,EQ,AFSL.NS
NSE,STOCK,AGARIND,Agarwal Industrial Corporation Limited,INE204E01012,,EQ,AGARIND.NS
NSE,STOCK,AGARWALEYE,Dr. Agarwal's Health Care Limited,INE943P01029,,EQ,AGARWALEYE.NS
NSE,STOCK,AGI,AGI Greenpac Limited,INE415A01038,,EQ,AGI.NS
NSE,STOCK,AGIIL,Agi Infra Limited,INE976R01033,,EQ,AGIIL.NS
NSE,STOCK,AGL,Allcargo Global Limited,INE1YPB01014,,EQ,AGL.NS
NSE,STOCK,AGRITECH,Agri-Tech (India) Limited,INE449G01018,,EQ,AGRITECH.NS
NSE,STOCK,AGROPHOS,Agro Phos India Limited,INE740V01019,,EQ,AGROPHOS.NS
NSE,STOCK,AGSTRA,AGS Transact Technologies Limited,INE583L01014,,BZ,AGSTRA.NS
NSE,STOCK,AHCL,Anlon Healthcare Limited,INE0Y8W01025,,EQ,AHCL.NS
NSE,STOCK,AHLADA,Ahlada Engineers Limited,INE00PV01013,,EQ,AHLADA.NS
NSE,STOCK,AHLEAST,Asian Hotels (East) Limited,INE926K01017,,EQ,AHLEAST.NS
NSE,STOCK,AHLUCONT,Ahluwalia Contracts (India) Limited,INE758C01029,,EQ,AHLUCONT.NS
NSE,STOCK,AHLWEST,Asian Hotels (West) Limited,INE915K01010,,BE,AHLWEST.NS
NSE,STOCK,AIAENG,AIA Engineering Limited,INE212H01026,,EQ,AIAENG.NS
NSE,STOCK,AIIL,Authum Investment & Infrastructure Limited,INE206F01022,,EQ,AIIL.NS
NSE,STOCK,AIRAN,Airan Limited,INE645W01026,,EQ,AIRAN.NS
NSE,STOCK,AIROLAM,Airo Lam limited,INE801L01010,,EQ,AIROLAM.NS
NSE,STOCK,AJANTPHARM,Ajanta Pharma Limited,INE031B01049,,EQ,AJANTPHARM.NS
NSE,STOCK,AJAXENGG,Ajax Engineering Limited,INE274Y01021,,EQ,AJAXENGG.NS
NSE,STOCK,AJMERA,Ajmera Realty & Infra India Limited,INE298G01035,,EQ,AJMERA.NS
NSE,STOCK,AJOONI,Ajooni Biotech Limited,INE820Y01021,,EQ,AJOONI.NS
NSE,STOCK,AKASH,Akash Infra-Projects Limited,INE737W01013,,EQ,AKASH.NS
NSE,STOCK,AKCAPIT,AK Capital Services Limited,INE701G01012,,EQ,AKCAPIT.NS
NSE,STOCK,AKG,Akg Exim Limited,INE00Y801016,,EQ,AKG.NS
NSE,STOCK,AKI,AKI India Limited,INE642Z01026,,EQ,AKI.NS
NSE,STOCK,AKSHAR,Akshar Spintex Limited,INE256Z01025,,EQ,AKSHAR.NS
NSE,STOCK,AKSHARCHEM,AksharChem India Limited,INE542B01011,,BE,AKSHARCHEM.NS
NSE,STOCK,AKSHOPTFBR,Aksh Optifibre Limited,INE523B01011,,BE,AKSHOPTFBR.NS
NSE,STOCK,AKUMS,Akums Drugs and Pharmaceuticals Limited,INE09XN01023,,EQ,AKUMS.NS
NSE,STOCK,ALANKIT,Alankit Limited,INE914E01040,,EQ,ALANKIT.NS
NSE,STOCK,ALBERTDAVD,Albert David Limited,INE155C01010,,EQ,ALBERTDAVD.NS
NSE,STOCK,ALEMBICLTD,Alembic Limited,INE426A01027,,EQ,ALEMBICLTD.NS
NSE,STOCK,ALFREDHE,Alfred Herbert India Limited,INE782D01027,,EQ,ALFREDHE.NS
NSE,STOCK,ALGOQUANT,Algoquant Fintech Limited,INE598D01035,,EQ,ALGOQUANT.NS
NSE,STOCK,ALICON,Alicon Castalloy Limited,INE062D01024,,EQ,ALICON.NS
NSE,STOCK,ALIVUS,Alivus Life Sciences Limited,INE03Q201024,,EQ,ALIVUS.NS
NSE,STOCK,ALKALI,Alkali Metals Limited,INE773I01017,,BE,ALKALI.NS
NSE,STOCK,ALKEM,Alkem Laboratories Limited,INE540L01014,,EQ,ALKEM.NS
NSE,STOCK,ALKYLAMINE,Alkyl Amines Chemicals Limited,INE150B01039,,EQ,ALKYLAMINE.NS
NSE,STOCK,ALLCARGO,Allcargo Logistics Limited,INE418H01029,,EQ,ALLCARGO.NS
NSE,STOCK,ALLDIGI,Alldigi Tech Limited,INE835G01018,,EQ,ALLDIGI.NS
NSE,STOCK,ALLTIME,All Time Plastics Limited,INE0GV601021,,EQ,ALLTIME.NS
NSE,STOCK,ALMONDZ,Almondz Global Securities Limited,INE326B01035,,EQ,ALMONDZ.NS
NSE,STOCK,ALOKINDS,Alok Industries Limited,INE270A01029,,EQ,ALOKINDS.NS
NSE,STOCK,ALPA,Alpa Laboratories Limited,INE385I01010,,EQ,ALPA.NS
NSE,STOCK,ALPHAGEO,Alphageo (India) Limited,INE137C01018,,BE,ALPHAGEO.NS
NSE,STOCK,ALPINETEX,Alpine Texworld Limited,INE1JCQ01037,,EQ,ALPINETEX.NS
NSE,STOCK,ALUFLUOR,Alufluoride Limited,INE058F01019,,EQ,ALUFLUOR.NS
NSE,STOCK,AMAGI,Amagi Media Labs Limited,INE121R01077,,EQ,AMAGI.NS
NSE,STOCK,AMAL,Amal Limited,INE841D01013,,EQ,AMAL.NS
NSE,STOCK,AMANTA,Amanta Healthcare Limited,INE084K01015,,BE,AMANTA.NS
NSE,STOCK,AMARJOTHI,Amarjothi Spinning Mills Limited,INE484D01012,,EQ,AMARJOTHI.NS
NSE,STOCK,AMBALALSA,Ambalal Sarabhai Enterprises Limited,INE432A01017,,BE,AMBALALSA.NS
NSE,STOCK,AMBER,Amber Enterprises India Limited,INE371P01015,,EQ,AMBER.NS
NSE,STOCK,AMBICAAGAR,Ambica Agarbathies & Aroma industries Limited,INE792B01012,,EQ,AMBICAAGAR.NS
NSE,STOCK,AMBIKCO,Ambika Cotton Mills Limited,INE540G01014,,EQ,AMBIKCO.NS
NSE,STOCK,AMBUJACEM,Ambuja Cements Limited,INE079A01024,,EQ,AMBUJACEM.NS
NSE,STOCK,AMDIND,AMD Industries Limited,INE005I01014,,EQ,AMDIND.NS
NSE,STOCK,AMJLAND,Amj Land Holdings Limited,INE606A01024,,EQ,AMJLAND.NS
NSE,STOCK,AMNPLST,Amines & Plasticizers Limited,INE275D01022,,EQ,AMNPLST.NS
NSE,STOCK,AMRUTANJAN,Amrutanjan Health Care Limited,INE098F01031,,EQ,AMRUTANJAN.NS
NSE,STOCK,ANANDRATHI,Anand Rathi Wealth Limited,INE463V01026,,EQ,ANANDRATHI.NS
NSE,STOCK,ANANTRAJ,Anant Raj Limited,INE242C01024,,EQ,ANANTRAJ.NS
NSE,STOCK,ANDHRAPAP,ANDHRA PAPER LIMITED,INE435A01051,,EQ,ANDHRAPAP.NS
NSE,STOCK,ANDHRSUGAR,The Andhra Sugars Limited,INE715B01021,,EQ,ANDHRSUGAR.NS
NSE,STOCK,ANDREWYU,Andrew Yule & Company Limited,INE449C01025,,EQ,ANDREWYU.NS
NSE,STOCK,ANGELONE,Angel One Limited,INE732I01021,,EQ,ANGELONE.NS
NSE,STOCK,ANIKINDS,Anik Industries Limited,INE087B01017,,EQ,ANIKINDS.NS
NSE,STOCK,ANKITMETAL,Ankit Metal & Power Limited,INE106I01010,,BZ,ANKITMETAL.NS
NSE,STOCK,ANMOL,Anmol India Limited,INE02AR01019,,EQ,ANMOL.NS
NSE,STOCK,ANNAPURNA,Annapurna Swadisht Limited,INE0MGM01017,,EQ,ANNAPURNA.NS
NSE,STOCK,ANNU,Annu Projects Limited,INE103001017,,BE,ANNU.NS
NSE,STOCK,ANSALAPI,Ansal Properties & Infrastructure Limited,INE436A01026,,BZ,ANSALAPI.NS
NSE,STOCK,ANSALBU,Ansal Buildwell Limited,INE030C01015,,EQ,ANSALBU.NS
NSE,STOCK,ANTELOPUS,Antelopus Selan Energy Limited,INE818A01017,,EQ,ANTELOPUS.NS
NSE,STOCK,ANTGRAPHIC,Antarctica Limited,INE414B01021,,EQ,ANTGRAPHIC.NS
NSE,STOCK,ANTHEM,Anthem Biosciences Limited,INE0CZ201020,,EQ,ANTHEM.NS
NSE,STOCK,ANUHPHR,Anuh Pharma Limited,INE489G01022,,EQ,ANUHPHR.NS
NSE,STOCK,ANUP,The Anup Engineering Limited,INE294Z01018,,EQ,ANUP.NS
NSE,STOCK,ANURAS,Anupam Rasayan India Limited,INE930P01018,,EQ,ANURAS.NS
NSE,STOCK,APARINDS,Apar Industries Limited,INE372A01015,,EQ,APARINDS.NS
NSE,STOCK,APCL,Anjani Portland Cement Limited,INE071F01012,,EQ,APCL.NS
NSE,STOCK,APCOTEXIND,Apcotex Industries Limited,INE116A01032,,EQ,APCOTEXIND.NS
NSE,STOCK,APEX,Apex Frozen Foods Limited,INE346W01013,,EQ,APEX.NS
NSE,STOCK,APLAPOLLO,APL Apollo Tubes Limited,INE702C01027,,EQ,APLAPOLLO.NS
NSE,STOCK,APLLTD,Alembic Pharmaceuticals Limited,INE901L01018,,EQ,APLLTD.NS
NSE,STOCK,APOLLO,Apollo Micro Systems Limited,INE713T01028,,EQ,APOLLO.NS
NSE,STOCK,APOLLOHOSP,Apollo Hospitals Enterprise Limited,INE437A01024,,EQ,APOLLOHOSP.NS
NSE,STOCK,APOLLOPIPE,Apollo Pipes Limited,INE126J01016,,EQ,APOLLOPIPE.NS
NSE,STOCK,APOLLOTYRE,Apollo Tyres Limited,INE438A01022,,EQ,APOLLOTYRE.NS
NSE,STOCK,APOLSINHOT,Apollo Sindoori Hotels Limited,INE451F01024,,EQ,APOLSINHOT.NS
NSE,STOCK,APOORVA,Apoorva Leasing Finance and Investment Company Limited,INE217S01014,,EQ,APOORVA.NS
NSE,STOCK,APTECHT,Aptech Limited,INE266F01018,,BE,APTECHT.NS
NSE,STOCK,APTUS,Aptus Value Housing Finance India Limited,INE852O01025,,EQ,APTUS.NS
NSE,STOCK,AQYLON,Aqylon Nexus Limited,INE416A01051,,EQ,AQYLON.NS
NSE,STOCK,ARCHIDPLY,Archidply Industries Limited,INE877I01016,,EQ,ARCHIDPLY.NS
NSE,STOCK,ARCHIES,Archies Limited,INE731A01020,,EQ,ARCHIES.NS
NSE,STOCK,ARCL,ARCL Organics Limited,INE372M01010,,EQ,ARCL.NS
NSE,STOCK,ARDEE,Ardee Industries Limited,INE0XNF01022,,EQ,ARDEE.NS
NSE,STOCK,ARE&M,Amara Raja Energy & Mobility Limited,INE885A01032,,EQ,ARE&M.NS
NSE,STOCK,ARENTERP,Rajdarshan Industries Limited,INE610C01014,,EQ,ARENTERP.NS
NSE,STOCK,ARFIN,Arfin India Limited,INE784R01023,,EQ,ARFIN.NS
NSE,STOCK,ARIES,Aries Agro Limited,INE298I01015,,EQ,ARIES.NS
NSE,STOCK,ARIHANT,Arihant Foundations & Housing Limited,INE413D01011,,EQ,ARIHANT.NS
NSE,STOCK,ARIHANTCAP,Arihant Capital Markets Limited,INE420B01036,,EQ,ARIHANTCAP.NS
NSE,STOCK,ARIHANTSUP,Arihant Superstructures Limited,INE643K01018,,EQ,ARIHANTSUP.NS
NSE,STOCK,ARIS,Arisinfra Solutions Limited,INE0H9P01028,,EQ,ARIS.NS
NSE,STOCK,ARKADE,Arkade Developers Limited,INE0QRL01017,,EQ,ARKADE.NS
NSE,STOCK,ARMANFIN,Arman Financial Services Limited,INE109C01017,,EQ,ARMANFIN.NS
NSE,STOCK,AROGRANITE,Aro Granite Industries Limited,INE210C01013,,EQ,AROGRANITE.NS
NSE,STOCK,ARROWGREEN,Arrow Greentech Limited,INE570D01018,,BE,ARROWGREEN.NS
NSE,STOCK,ARSHIYA,Arshiya Limited,INE968D01022,,BZ,ARSHIYA.NS
NSE,STOCK,ARSSBL,Anand Rathi Share and Stock Brokers Limited,INE549H01021,,EQ,ARSSBL.NS
NSE,STOCK,ARTEMISMED,Artemis Medicare Services Limited,INE025R01021,,EQ,ARTEMISMED.NS
NSE,STOCK,ARTNIRMAN,Art Nirman Limited,INE738V01013,,EQ,ARTNIRMAN.NS
NSE,STOCK,ARVEE,Arvee Laboratories (India) Limited,INE006Z01016,,EQ,ARVEE.NS
NSE,STOCK,ARVIND,Arvind Limited,INE034A01011,,EQ,ARVIND.NS
NSE,STOCK,ARVINDFASN,Arvind Fashions Limited,INE955V01021,,EQ,ARVINDFASN.NS
NSE,STOCK,ARVSMART,Arvind SmartSpaces Limited,INE034S01021,,EQ,ARVSMART.NS
NSE,STOCK,ARYAMAN,Aryaman Financial Services Limited,INE032E01017,,EQ,ARYAMAN.NS
NSE,STOCK,ASAHIINDIA,Asahi India Glass Limited,INE439A01020,,EQ,ASAHIINDIA.NS
NSE,STOCK,ASAHISONG,Asahi Songwon Colors Limited,INE228I01012,,BE,ASAHISONG.NS
NSE,STOCK,ASAL,Automotive Stampings and Assemblies Limited,INE900C01027,,EQ,ASAL.NS
NSE,STOCK,ASALCBR,Associated Alcohols & Breweries Ltd.,INE073G01016,,EQ,ASALCBR.NS
NSE,STOCK,ASHAPURMIN,Ashapura Minechem Limited,INE348A01023,,EQ,ASHAPURMIN.NS
NSE,STOCK,ASHIANA,Ashiana Housing Limited,INE365D01021,,EQ,ASHIANA.NS
NSE,STOCK,ASHIKAG,Ashika Global Securities Limited,INE094B01013,,BE,ASHIKAG.NS
NSE,STOCK,ASHIMASYN,Ashima Limited,INE440A01010,,EQ,ASHIMASYN.NS
NSE,STOCK,ASHOKA,Ashoka Buildcon Limited,INE442H01029,,EQ,ASHOKA.NS
NSE,STOCK,ASHOKAMET,Ashoka Metcast Limited,INE760Y01011,,EQ,ASHOKAMET.NS
NSE,STOCK,ASHOKLEY,Ashok Leyland Limited,INE208A01029,,EQ,ASHOKLEY.NS
NSE,STOCK,ASIANENE,Asian Energy Services Limited,INE276G01015,,EQ,ASIANENE.NS
NSE,STOCK,ASIANHOTNR,Asian Hotels (North) Limited,INE363A01022,,EQ,ASIANHOTNR.NS
NSE,STOCK,ASIANPAINT,Asian Paints Limited,INE021A01026,,EQ,ASIANPAINT.NS
NSE,STOCK,ASIANTILES,Asian Granito India Limited,INE022I01019,,EQ,ASIANTILES.NS
NSE,STOCK,ASIANTNE,Asian Tea & Exports Limited,INE822B01017,,EQ,ASIANTNE.NS
NSE,STOCK,ASKAUTOLTD,ASK Automotive Limited,INE491J01022,,EQ,ASKAUTOLTD.NS
NSE,STOCK,ASMS,Avio Smart Market Stack Limited,INE855F01042,,BE,ASMS.NS
NSE,STOCK,ASPINWALL,Aspinwall and Company Limited,INE991I01015,,EQ,ASPINWALL.NS
NSE,STOCK,ASSAMENT,Assam Entrade Limited,INE165G01010,,EQ,ASSAMENT.NS
NSE,STOCK,ASTAR,Asian Star Company Limited,INE194D01017,,EQ,ASTAR.NS
NSE,STOCK,ASTEC,Astec LifeSciences Limited,INE563J01010,,EQ,ASTEC.NS
NSE,STOCK,ASTERDM,Aster DM Quality Care Limited,INE914M01019,,EQ,ASTERDM.NS
NSE,STOCK,ASTRAL,Astral Limited,INE006I01046,,EQ,ASTRAL.NS
NSE,STOCK,ASTRAMICRO,Astra Microwave Products Limited,INE386C01029,,EQ,ASTRAMICRO.NS
NSE,STOCK,ASTRAZEN,AstraZeneca Pharma India Limited,INE203A01020,,EQ,ASTRAZEN.NS
NSE,STOCK,ASTRON,Astron Paper & Board Mill Limited,INE646X01014,,BZ,ASTRON.NS
NSE,STOCK,ATALREAL,Atal Realtech Limited,INE0ALR01029,,EQ,ATALREAL.NS
NSE,STOCK,ATAM,Atam Valves Limited,INE09KD01013,,EQ,ATAM.NS
NSE,STOCK,ATGL,Adani Total Gas Limited,INE399L01023,,EQ,ATGL.NS
NSE,STOCK,ATHERENERG,Ather Energy Limited,INE0LEZ01016,,EQ,ATHERENERG.NS
NSE,STOCK,ATL,Allcargo Terminals Limited,INE0NN701020,,EQ,ATL.NS
NSE,STOCK,ATLANTAA,ATLANTAA LIMITED,INE285H01022,,EQ,ATLANTAA.NS
NSE,STOCK,ATLANTAELE,Atlanta Electricals Limited,INE0Z4F01028,,EQ,ATLANTAELE.NS
NSE,STOCK,ATLASCYCLE,Atlas Cycles (Haryana) Limited,INE446A01025,,EQ,ATLASCYCLE.NS
NSE,STOCK,ATUL,Atul Limited,INE100A01010,,EQ,ATUL.NS
NSE,STOCK,ATULAUTO,Atul Auto Limited,INE951D01028,,EQ,ATULAUTO.NS
NSE,STOCK,AUBANK,AU Small Finance Bank Limited,INE949L01017,,EQ,AUBANK.NS
NSE,STOCK,AUGMONT,Augmont Enterprises Limited,INE16W401027,,EQ,AUGMONT.NS
NSE,STOCK,AURIONPRO,Aurionpro Solutions Limited,INE132H01018,,EQ,AURIONPRO.NS
NSE,STOCK,AUROPHARMA,Aurobindo Pharma Limited,INE406A01037,,EQ,AUROPHARMA.NS
NSE,STOCK,AURUM,Aurum PropTech Limited,INE898S01029,,EQ,AURUM.NS
NSE,STOCK,AURUS,AURUS GEM CORPORATION LIMITED,INE142K01011,,EQ,AURUS.NS
NSE,STOCK,AUSOMENT,Ausom Enterprise Limited,INE218C01016,,EQ,AUSOMENT.NS
NSE,STOCK,AUSTENG,Austin Engineering Company  Limited,INE759F01012,,EQ,AUSTENG.NS
NSE,STOCK,AUTOAXLES,Automotive Axles Limited,INE449A01011,,EQ,AUTOAXLES.NS
NSE,STOCK,AUTOIND,Autoline Industries Limited,INE718H01014,,EQ,AUTOIND.NS
NSE,STOCK,AVADHSUGAR,Avadh Sugar & Energy Limited,INE349W01017,,EQ,AVADHSUGAR.NS
NSE,STOCK,AVALON,Avalon Technologies Limited,INE0LCL01028,,EQ,AVALON.NS
NSE,STOCK,AVANCE,Avance Technologies Limited,INE758A01072,,EQ,AVANCE.NS
NSE,STOCK,AVANTEL,Avantel Limited,INE005B01027,,EQ,AVANTEL.NS
NSE,STOCK,AVANTIFEED,Avanti Feeds Limited,INE871C01038,,EQ,AVANTIFEED.NS
NSE,STOCK,AVG,AVG Logistics Limited,INE680Z01018,,BE,AVG.NS
NSE,STOCK,AVL,Aditya Vision Limited,INE679V01027,,EQ,AVL.NS
NSE,STOCK,AVONMORE,Avonmore Capital & Management Services Limited,INE323B01024,,EQ,AVONMORE.NS
NSE,STOCK,AVROIND,AVRO INDIA LIMITED,INE652Z01025,,EQ,AVROIND.NS
NSE,STOCK,AVTNPL,AVT Natural Products Limited,INE488D01021,,EQ,AVTNPL.NS
NSE,STOCK,AWFIS,Awfis Space Solutions Limited,INE108V01019,,EQ,AWFIS.NS
NSE,STOCK,AWHCL,Antony Waste Handling Cell Limited,INE01BK01022,,EQ,AWHCL.NS
NSE,STOCK,AWL,AWL Agri Business Limited,INE699H01024,,EQ,AWL.NS
NSE,STOCK,AXISBANK,Axis Bank Limited,INE238A01034,,EQ,AXISBANK.NS
NSE,STOCK,AXISCADES,AXISCADES Technologies Limited,INE555B01013,,EQ,AXISCADES.NS
NSE,STOCK,AXITA,Axita Cotton Limited,INE02EZ01022,,EQ,AXITA.NS
NSE,STOCK,AXTEL,Axtel Industries Limited,INE767C01012,,EQ,AXTEL.NS
NSE,STOCK,AYE,Aye Finance Limited,INE501X01029,,EQ,AYE.NS
NSE,STOCK,AYMSYNTEX,AYM Syntex Limited,INE193B01039,,EQ,AYMSYNTEX.NS
NSE,STOCK,AZAD,Azad Engineering Limited,INE02IJ01035,,EQ,AZAD.NS
NSE,STOCK,AZADIND,Azad India Mobility Limited,INE566M01017,,EQ,AZADIND.NS
NSE,STOCK,BAFNAPH,Bafna Pharmaceuticals Limited,INE878I01022,,BE,BAFNAPH.NS
NSE,STOCK,BAGFILMS,B.A.G Films and Media Limited,INE116D01028,,EQ,BAGFILMS.NS
NSE,STOCK,BAIDFIN,Baid Finserv Limited,INE020D01022,,EQ,BAIDFIN.NS
NSE,STOCK,BAJAJ-AUTO,Bajaj Auto Limited,INE917I01010,,EQ,BAJAJ-AUTO.NS
NSE,STOCK,BAJAJCON,Bajaj Consumer Care Limited,INE933K01021,,EQ,BAJAJCON.NS
NSE,STOCK,BAJAJELEC,Bajaj Electricals Limited,INE193E01025,,EQ,BAJAJELEC.NS
NSE,STOCK,BAJAJFINSV,Bajaj Finserv Limited,INE918I01026,,EQ,BAJAJFINSV.NS
NSE,STOCK,BAJAJHCARE,Bajaj Healthcare Limited,INE411U01027,,EQ,BAJAJHCARE.NS
NSE,STOCK,BAJAJHFL,Bajaj Housing Finance Limited,INE377Y01014,,EQ,BAJAJHFL.NS
NSE,STOCK,BAJAJHIND,Bajaj Hindusthan Sugar Limited,INE306A01021,,EQ,BAJAJHIND.NS
NSE,STOCK,BAJAJHLDNG,Bajaj Holdings & Investment Limited,INE118A01012,,EQ,BAJAJHLDNG.NS
NSE,STOCK,BAJAJINDEF,Indef Manufacturing Limited,INE0O9T01021,,EQ,BAJAJINDEF.NS
NSE,STOCK,BAJAJST,Bajaj Steel Industries Limited,INE704G01024,,EQ,BAJAJST.NS
NSE,STOCK,BAJEL,Bajel Projects Limited,INE0KQN01018,,EQ,BAJEL.NS
NSE,STOCK,BAJFINANCE,Bajaj Finance Limited,INE296A01032,,EQ,BAJFINANCE.NS
NSE,STOCK,BALAJEE,Shree Tirupati Balajee Agro Trading Company Limited,INE0S2G01011,,EQ,BALAJEE.NS
NSE,STOCK,BALAJITELE,Balaji Telefilms Limited,INE794B01026,,EQ,BALAJITELE.NS
NSE,STOCK,BALAMINES,Balaji Amines Limited,INE050E01027,,EQ,BALAMINES.NS
NSE,STOCK,BALAXI,BALAXI PHARMACEUTICALS LIMITED,INE618N01022,,EQ,BALAXI.NS
NSE,STOCK,BALKRISHNA,Balkrishna Paper Mills Limited,INE875R01011,,EQ,BALKRISHNA.NS
NSE,STOCK,BALKRISIND,Balkrishna Industries Limited,INE787D01026,,EQ,BALKRISIND.NS
NSE,STOCK,BALMLAWRIE,Balmer Lawrie & Company Limited,INE164A01016,,EQ,BALMLAWRIE.NS
NSE,STOCK,BALPHARMA,Bal Pharma Limited,INE083D01012,,EQ,BALPHARMA.NS
NSE,STOCK,BALRAMCHIN,Balrampur Chini Mills Limited,INE119A01028,,EQ,BALRAMCHIN.NS
NSE,STOCK,BALUFORGE,Balu Forge Industries Limited,INE011E01029,,EQ,BALUFORGE.NS
NSE,STOCK,BANARBEADS,Banaras Beads Limited,INE655B01011,,EQ,BANARBEADS.NS
NSE,STOCK,BANARISUG,Bannari Amman Sugars Limited,INE459A01010,,EQ,BANARISUG.NS
NSE,STOCK,BANCOINDIA,Banco Products (I) Limited,INE213C01025,,EQ,BANCOINDIA.NS
NSE,STOCK,BANDHANBNK,Bandhan Bank Limited,INE545U01014,,EQ,BANDHANBNK.NS
NSE,STOCK,BANG,Bang Overseas Limited,INE863I01016,,EQ,BANG.NS
NSE,STOCK,BANKA,Banka BioLoo Limited,INE862Y01015,,EQ,BANKA.NS
NSE,STOCK,BANKBARODA,Bank of Baroda,INE028A01039,,EQ,BANKBARODA.NS
NSE,STOCK,BANKINDIA,Bank of India,INE084A01016,,EQ,BANKINDIA.NS
NSE,STOCK,BANSALWIRE,Bansal Wire Industries Limited,INE0B9K01025,,EQ,BANSALWIRE.NS
NSE,STOCK,BANSWRAS,Banswara Syntex Limited,INE629D01020,,EQ,BANSWRAS.NS
NSE,STOCK,BASF,BASF India Limited,INE373A01013,,EQ,BASF.NS
NSE,STOCK,BASML,Bannari Amman Spinning Mills Limited,INE186H01022,,BE,BASML.NS
NSE,STOCK,BATAINDIA,Bata India Limited,INE176A01028,,EQ,BATAINDIA.NS
NSE,STOCK,BATLIBOI,Batliboi Limited,INE177C01022,,EQ,BATLIBOI.NS
NSE,STOCK,BAYERCROP,Bayer Cropscience Limited,INE462A01022,,EQ,BAYERCROP.NS
NSE,STOCK,BBL,Bharat Bijlee Limited,INE464A01036,,EQ,BBL.NS
NSE,STOCK,BBOX,Black Box Limited,INE676A01027,,EQ,BBOX.NS
NSE,STOCK,BBTC,The Bombay Burmah Trading Corporation Limited,INE050A01025,,EQ,BBTC.NS
NSE,STOCK,BBTCL,B&B Triplewall Containers Limited,INE01EE01011,,EQ,BBTCL.NS
NSE,STOCK,BCG,Brightcom Group Limited,INE425B01027,,EQ,BCG.NS
NSE,STOCK,BCLIND,Bcl Industries Limited,INE412G01024,,EQ,BCLIND.NS
NSE,STOCK,BCONCEPTS,Brand Concepts Limited,INE977Y01011,,EQ,BCONCEPTS.NS
NSE,STOCK,BCPL,BCPL Railway Infrastructure Limited,INE00SW01015,,EQ,BCPL.NS
NSE,STOCK,BDL,Bharat Dynamics Limited,INE171Z01026,,EQ,BDL.NS
NSE,STOCK,BEARDSELL,Beardsell Limited,INE520H01022,,EQ,BEARDSELL.NS
NSE,STOCK,BECTORFOOD,Mrs. Bectors Food Specialities Limited,INE495P01020,,EQ,BECTORFOOD.NS
NSE,STOCK,BEDMUTHA,Bedmutha Industries Limited,INE844K01012,,EQ,BEDMUTHA.NS
NSE,STOCK,BEEKAY,Beekay Steel Industries Limited,INE213D01015,,EQ,BEEKAY.NS
NSE,STOCK,BEL,Bharat Electronics Limited,INE263A01024,,EQ,BEL.NS
NSE,STOCK,BELLACASA,Bella Casa Fashion & Retail Limited,INE344T01014,,EQ,BELLACASA.NS
NSE,STOCK,BELRISE,Belrise Industries Limited,INE894V01022,,EQ,BELRISE.NS
NSE,STOCK,BEML,BEML Limited,INE258A01024,,EQ,BEML.NS
NSE,STOCK,BENARAS,Benares Hotels Limited,INE664D01019,,EQ,BENARAS.NS
NSE,STOCK,BENGALASM,Bengal & Assam Company Limited,INE083K01017,,EQ,BENGALASM.NS
NSE,STOCK,BEPL,Bhansali Engineering Polymers Limited,INE922A01025,,EQ,BEPL.NS
NSE,STOCK,BERGEPAINT,Berger Paints (I) Limited,INE463A01038,,EQ,BERGEPAINT.NS
NSE,STOCK,BESTAGRO,Best Agrolife Limited,INE052T01021,,EQ,BESTAGRO.NS
NSE,STOCK,BETA,Beta Drugs Limited,INE351Y01019,,EQ,BETA.NS
NSE,STOCK,BFINVEST,BF Investment Limited,INE878K01010,,EQ,BFINVEST.NS
NSE,STOCK,BFUTILITIE,BF Utilities Limited,INE243D01012,,EQ,BFUTILITIE.NS
NSE,STOCK,BGRENERGY,BGR Energy Systems Limited,INE661I01014,,BE,BGRENERGY.NS
NSE,STOCK,BHAGCHEM,Bhagiradha Chemicals & Industries Limited,INE414D01027,,EQ,BHAGCHEM.NS
NSE,STOCK,BHAGERIA,Bhageria Industries Limited,INE354C01027,,BE,BHAGERIA.NS
NSE,STOCK,BHAGYANGR,Bhagyanagar India Limited,INE458B01036,,EQ,BHAGYANGR.NS
NSE,STOCK,BHANDARI,Bhandari Hosiery Exports Limited,INE474E01029,,EQ,BHANDARI.NS
NSE,STOCK,BHARATCOAL,Bharat Coking Coal Limited,INE05XR01022,,EQ,BHARATCOAL.NS
NSE,STOCK,BHARATFORG,Bharat Forge Limited,INE465A01025,,EQ,BHARATFORG.NS
NSE,STOCK,BHARATGEAR,Bharat Gears Limited,INE561C01019,,BE,BHARATGEAR.NS
NSE,STOCK,BHARATRAS,Bharat Rasayan Limited,INE838B01021,,EQ,BHARATRAS.NS
NSE,STOCK,BHARATSE,Bharat Seats Limited,INE415D01024,,EQ,BHARATSE.NS
NSE,STOCK,BHARATWIRE,Bharat Wire Ropes Limited,INE316L01019,,EQ,BHARATWIRE.NS
NSE,STOCK,BHARTIARTL,Bharti Airtel Limited,INE397D01024,,EQ,BHARTIARTL.NS
NSE,STOCK,BHARTIHEXA,Bharti Hexacom Limited,INE343G01021,,EQ,BHARTIHEXA.NS
NSE,STOCK,BHEL,Bharat Heavy Electricals Limited,INE257A01026,,EQ,BHEL.NS
NSE,STOCK,BI,Bilcare Limited,INE986A01012,,BE,BI.NS
NSE,STOCK,BIGBLOC,Bigbloc Construction Limited,INE412U01025,,EQ,BIGBLOC.NS
NSE,STOCK,BIKAJI,Bikaji Foods International Limited,INE00E101023,,EQ,BIKAJI.NS
NSE,STOCK,BIL,Bhartiya International Limited,INE828A01016,,EQ,BIL.NS
NSE,STOCK,BILVYAPAR,BIL VYAPAR LIMITED,INE071A01013,,BE,BILVYAPAR.NS
NSE,STOCK,BIMETAL,Bimetal Bearings Limited,INE469A01019,,EQ,BIMETAL.NS
NSE,STOCK,BIOCON,Biocon Limited,INE376G01013,,EQ,BIOCON.NS
NSE,STOCK,BIOFILCHEM,Biofil Chemicals & Pharmaceuticals Limited,INE829A01014,,EQ,BIOFILCHEM.NS
NSE,STOCK,BIRLACABLE,Birla Cable Limited,INE800A01015,,BE,BIRLACABLE.NS
NSE,STOCK,BIRLACORPN,Birla Corporation Limited,INE340A01012,,EQ,BIRLACORPN.NS
NSE,STOCK,BIRLAMONEY,Aditya Birla Money Limited,INE865C01022,,EQ,BIRLAMONEY.NS
NSE,STOCK,BIRLANU,BirlaNu Limited,INE557A01011,,EQ,BIRLANU.NS
NSE,STOCK,BIRLAPREC,Birla Precision Technologies Limited,INE372E01025,,EQ,BIRLAPREC.NS
NSE,STOCK,BLACKBUCK,BLACKBUCK LIMITED,INE0UIZ01018,,EQ,BLACKBUCK.NS
NSE,STOCK,BLACKROSE,Black Rose Inds. Limited,INE761G01016,,BE,BLACKROSE.NS
NSE,STOCK,BLAL,BEML Land Assets Limited,INE0N7W01012,,EQ,BLAL.NS
NSE,STOCK,BLBLIMITED,BLB Limited,INE791A01024,,EQ,BLBLIMITED.NS
NSE,STOCK,BLEL,Behari Lal Engineering Limited,INE1EEM01017,,EQ,BLEL.NS
NSE,STOCK,BLIL,Balmer Lawrie Investments Limited,INE525F01025,,EQ,BLIL.NS
NSE,STOCK,BLISSGVS,Bliss GVS Pharma Limited,INE416D01022,,BE,BLISSGVS.NS
NSE,STOCK,BLKASHYAP,B. L. Kashyap and Sons Limited,INE350H01032,,EQ,BLKASHYAP.NS
NSE,STOCK,BLS,BLS International Services Limited,INE153T01027,,EQ,BLS.NS
NSE,STOCK,BLSE,BLS E-Services Limited,INE0NLT01010,,EQ,BLSE.NS
NSE,STOCK,BLUECLOUDS,Blue Cloud Softech Solutions Limited,INE373T01047,,EQ,BLUECLOUDS.NS
NSE,STOCK,BLUECOAST,Blue Coast Hotels Limited,INE472B01011,,BE,BLUECOAST.NS
NSE,STOCK,BLUEDART,Blue Dart Express Limited,INE233B01017,,EQ,BLUEDART.NS
NSE,STOCK,BLUEJET,Blue Jet Healthcare Limited,INE0KBH01020,,EQ,BLUEJET.NS
NSE,STOCK,BLUESTARCO,Blue Star Limited,INE472A01039,,EQ,BLUESTARCO.NS
NSE,STOCK,BLUESTONE,BlueStone Jewellery and Lifestyle Limited,INE304W01038,,EQ,BLUESTONE.NS
NSE,STOCK,BLUSPRING,Bluspring Enterprises Limited,INE0U4101014,,EQ,BLUSPRING.NS
NSE,STOCK,BMWVENTLTD,BMW Ventures Limited,INE965W01036,,EQ,BMWVENTLTD.NS
NSE,STOCK,BNAGROCHEM,BN Agrochem Limited,INE00HZ01011,,EQ,BNAGROCHEM.NS
NSE,STOCK,BNALTD,B & A Limited,INE489D01011,,BE,BNALTD.NS
NSE,STOCK,BODALCHEM,Bodal Chemicals Limited,INE338D01028,,EQ,BODALCHEM.NS
NSE,STOCK,BOHRAIND,Bohra Industries Limited,INE802W01023,,EQ,BOHRAIND.NS
NSE,STOCK,BOMDYEING,Bombay Dyeing & Mfg Company Limited,INE032A01023,,EQ,BOMDYEING.NS
NSE,STOCK,BONLON,Bonlon Industries Limited,INE0B9A01018,,EQ,BONLON.NS
NSE,STOCK,BORANA,Borana Weaves Limited,INE16SF01016,,EQ,BORANA.NS
NSE,STOCK,BOROLTD,Borosil Limited,INE02PY01013,,EQ,BOROLTD.NS
NSE,STOCK,BORORENEW,BOROSIL RENEWABLES LIMITED,INE666D01022,,EQ,BORORENEW.NS
NSE,STOCK,BOROSCI,Borosil Scientific Limited,INE02L001032,,EQ,BOROSCI.NS
NSE,STOCK,BOSCH-HCIL,BOSCH HOME COMFORT INDIA LIMITED,INE782A01015,,EQ,BOSCH-HCIL.NS
NSE,STOCK,BOSCHLTD,Bosch Limited,INE323A01026,,EQ,BOSCHLTD.NS
NSE,STOCK,BPCL,Bharat Petroleum Corporation Limited,INE029A01011,,EQ,BPCL.NS
NSE,STOCK,BPL,BPL Limited,INE110A01019,,EQ,BPL.NS
NSE,STOCK,BPLPHARMA,Bharat Parenterals Limited,INE365Y01019,,EQ,BPLPHARMA.NS
NSE,STOCK,BRAHMINFRA,Brahmaputra Infrastructure Limited,INE320I01017,,EQ,BRAHMINFRA.NS
NSE,STOCK,BRIGADE,Brigade Enterprises Limited,INE791I01019,,EQ,BRIGADE.NS
NSE,STOCK,BRIGHOTEL,Brigade Hotel Ventures Limited,INE03NU01014,,EQ,BRIGHOTEL.NS
NSE,STOCK,BRIGHTBR,Bright Brothers Limited,INE630D01010,,EQ,BRIGHTBR.NS
NSE,STOCK,BRITANNIA,Britannia Industries Limited,INE216A01030,,EQ,BRITANNIA.NS
NSE,STOCK,BRNL,Bharat Road Network Limited,INE727S01012,,EQ,BRNL.NS
NSE,STOCK,BROOKS,Brooks Laboratories Limited,INE650L01011,,BE,BROOKS.NS
NSE,STOCK,BSE,BSE Limited,INE118H01025,,EQ,BSE.NS
NSE,STOCK,BSHSL,Bombay Super Hybrid Seeds Limited,INE032Z01020,,EQ,BSHSL.NS
NSE,STOCK,BSL,BSL Limited,INE594B01012,,EQ,BSL.NS
NSE,STOCK,BSOFT,BIRLASOFT LIMITED,INE836A01035,,EQ,BSOFT.NS
NSE,STOCK,BTML,Bodhi Tree Multimedia Limited,INE0EEJ01023,,EQ,BTML.NS
NSE,STOCK,BTTL,Bhilwara Technical Textiles Limited,INE274K01012,,BE,BTTL.NS
NSE,STOCK,BUILDPRO,Shankara Buildpro Limited,INE24OJ01011,,EQ,BUILDPRO.NS
NSE,STOCK,BURNPUR,Burnpur Cement Limited,INE817H01022,,EQ,BURNPUR.NS
NSE,STOCK,BUTTERFLY,Butterfly Gandhimathi Appliances Limited,INE295F01017,,EQ,BUTTERFLY.NS
NSE,STOCK,BVCL,Barak Valley Cements Limited,INE139I01011,,EQ,BVCL.NS
NSE,STOCK,BYKE,The Byke Hospitality Ltd,INE319B01014,,BE,BYKE.NS
NSE,STOCK,CALSOFT,California Software Company Limited,INE526B01014,,BE,CALSOFT.NS
NSE,STOCK,CAMLINFINE,Camlin Fine Sciences Limited,INE052I01032,,EQ,CAMLINFINE.NS
NSE,STOCK,CAMPUS,Campus Activewear Limited,INE278Y01022,,EQ,CAMPUS.NS
NSE,STOCK,CAMS,Computer Age Management Services Limited,INE596I01020,,EQ,CAMS.NS
NSE,STOCK,CANBK,Canara Bank,INE476A01022,,EQ,CANBK.NS
NSE,STOCK,CANFINHOME,Can Fin Homes Limited,INE477A01020,,EQ,CANFINHOME.NS
NSE,STOCK,CANHLIFE,Canara HSBC Life Insurance Company Limited,INE01TY01017,,EQ,CANHLIFE.NS
NSE,STOCK,CANTABIL,Cantabil Retail India Limited,INE068L01024,,EQ,CANTABIL.NS
NSE,STOCK,CAPACITE,Capacit'e Infraprojects Limited,INE264T01014,,EQ,CAPACITE.NS
NSE,STOCK,CAPILLARY,Capillary Technologies India Limited,INE0ILV01024,,EQ,CAPILLARY.NS
NSE,STOCK,CAPITALSFB,Capital Small Finance Bank Limited,INE646H01017,,EQ,CAPITALSFB.NS
NSE,STOCK,CAPLIPOINT,Caplin Point Laboratories Limited,INE475E01026,,EQ,CAPLIPOINT.NS
NSE,STOCK,CAPTRUST,Capital Trust Limited,INE707C01018,,BE,CAPTRUST.NS
NSE,STOCK,CARBORUNIV,Carborundum Universal Limited,INE120A01034,,EQ,CARBORUNIV.NS
NSE,STOCK,CARERATING,CARE Ratings Limited,INE752H01013,,EQ,CARERATING.NS
NSE,STOCK,CARRARO,Carraro India Limited,INE0V7W01012,,EQ,CARRARO.NS
NSE,STOCK,CARTRADE,Cartrade Tech Limited,INE290S01011,,EQ,CARTRADE.NS
NSE,STOCK,CARYSIL,CARYSIL LIMITED,INE482D01024,,EQ,CARYSIL.NS
NSE,STOCK,CASTROLIND,Castrol India Limited,INE172A01027,,EQ,CASTROLIND.NS
NSE,STOCK,CCAVENUE,AvenuesAI Limited,INE483S01020,,EQ,CCAVENUE.NS
NSE,STOCK,CCCL,Consolidated Construction Consortium Limited,INE429I01024,,EQ,CCCL.NS
NSE,STOCK,CCHHL,Country Club Hospitality & Holidays Limited,INE652F01027,,EQ,CCHHL.NS
NSE,STOCK,CCL,CCL Products (India) Limited,INE421D01022,,EQ,CCL.NS
NSE,STOCK,CDSL,Central Depository Services (India) Limited,INE736A01011,,EQ,CDSL.NS
NSE,STOCK,CEATLTD,CEAT Limited,INE482A01020,,EQ,CEATLTD.NS
NSE,STOCK,CEIGALL,Ceigall India Limited,INE0AG901020,,EQ,CEIGALL.NS
NSE,STOCK,CEINSYS,Ceinsys Tech Limited,INE016Q01014,,EQ,CEINSYS.NS
NSE,STOCK,CELEBRITY,Celebrity Fashions Limited,INE185H01016,,EQ,CELEBRITY.NS
NSE,STOCK,CELLO,Cello World Limited,INE0LMW01024,,EQ,CELLO.NS
NSE,STOCK,CEMPRO,Cemindia Projects Limited,INE686A01026,,EQ,CEMPRO.NS
NSE,STOCK,CENTENKA,Century Enka Limited,INE485A01015,,EQ,CENTENKA.NS
NSE,STOCK,CENTEXT,Century Extrusions Limited,INE281A01026,,EQ,CENTEXT.NS
NSE,STOCK,CENTRALBK,Central Bank of India,INE483A01010,,EQ,CENTRALBK.NS
NSE,STOCK,CENTRUM,Centrum Capital Limited,INE660C01027,,EQ,CENTRUM.NS
NSE,STOCK,CENTUM,Centum Electronics Limited,INE320B01020,,EQ,CENTUM.NS
NSE,STOCK,CENTURYPLY,Century Plyboards (India) Limited,INE348B01021,,EQ,CENTURYPLY.NS
NSE,STOCK,CERA,Cera Sanitaryware Limited,INE739E01017,,EQ,CERA.NS
NSE,STOCK,CEREBRAINT,Cerebra Integrated Technologies Limited,INE345B01019,,BZ,CEREBRAINT.NS
NSE,STOCK,CESC,CESC Limited,INE486A01021,,EQ,CESC.NS
NSE,STOCK,CEWATER,Concord Enviro Systems Limited,INE037Z01029,,EQ,CEWATER.NS
NSE,STOCK,CFEL,Confidence Futuristic Energetech Limited,INE700F01024,,EQ,CFEL.NS
NSE,STOCK,CGCL,Capri Global Capital Limited,INE180C01042,,EQ,CGCL.NS
NSE,STOCK,CGPOWER,CG Power and Industrial Solutions Limited,INE067A01029,,EQ,CGPOWER.NS
NSE,STOCK,CGVAK,CG Vak Software & Exports Limited,INE084D01010,,EQ,CGVAK.NS
NSE,STOCK,CHALET,Chalet Hotels Limited,INE427F01016,,EQ,CHALET.NS
NSE,STOCK,CHAMBLFERT,Chambal Fertilizers & Chemicals Limited,INE085A01013,,EQ,CHAMBLFERT.NS
NSE,STOCK,CHEMBOND,Chembond Material Technologies Limited,INE995D01025,,EQ,CHEMBOND.NS
NSE,STOCK,CHEMBONDCH,Chembond Chemicals Limited,INE0TGX01019,,BE,CHEMBONDCH.NS
NSE,STOCK,CHEMCON,Chemcon Speciality Chemicals Limited,INE03YM01018,,BE,CHEMCON.NS
NSE,STOCK,CHEMCRUX,Chemcrux Enterprises Limited,INE298W01016,,EQ,CHEMCRUX.NS
NSE,STOCK,CHEMFAB,Chemfab Alkalis Limited,INE783X01023,,EQ,CHEMFAB.NS
NSE,STOCK,CHEMPLASTS,Chemplast Sanmar Limited,INE488A01050,,EQ,CHEMPLASTS.NS
NSE,STOCK,CHENNPETRO,Chennai Petroleum Corporation Limited,INE178A01016,,EQ,CHENNPETRO.NS
NSE,STOCK,CHEVIOT,Cheviot Company Limited,INE974B01016,,EQ,CHEVIOT.NS
NSE,STOCK,CHOICEIN,Choice International Limited,INE102B01014,,EQ,CHOICEIN.NS
NSE,STOCK,CHOLAFIN,Cholamandalam Investment and Finance Company Limited,INE121A01024,,EQ,CHOLAFIN.NS
NSE,STOCK,CHOLAHLDNG,Cholamandalam Financial Holdings Limited,INE149A01033,,EQ,CHOLAHLDNG.NS
NSE,STOCK,CIEINDIA,CIE Automotive India Limited,INE536H01010,,EQ,CIEINDIA.NS
NSE,STOCK,CIFL,Capital India Finance Limited,INE345H01024,,EQ,CIFL.NS
NSE,STOCK,CINELINE,Cineline India Limited,INE704H01022,,EQ,CINELINE.NS
NSE,STOCK,CINEVISTA,Cinevista Limited,INE039B01026,,EQ,CINEVISTA.NS
NSE,STOCK,CIPLA,Cipla Limited,INE059A01026,,EQ,CIPLA.NS
NSE,STOCK,CLEAN,Clean Science and Technology Limited,INE227W01023,,EQ,CLEAN.NS
NSE,STOCK,CLEANMAX,Clean Max Enviro Energy Solutions Limited,INE647U01026,,EQ,CLEANMAX.NS
NSE,STOCK,CLEDUCATE,CL Educate Limited,INE201M01029,,BE,CLEDUCATE.NS
NSE,STOCK,CLSEL,Chaman Lal Setia Exports Limited,INE419D01026,,EQ,CLSEL.NS
NSE,STOCK,CMLL,Caliber Mining and Logistics Limited,INE11XY01018,,EQ,CMLL.NS
NSE,STOCK,CMPDI,Central Mine Planning & Design Institute Limited,INE05HV01027,,EQ,CMPDI.NS
NSE,STOCK,CMRGREEN,CMR Green Technologies Limited,INE00WV01027,,EQ,CMRGREEN.NS
NSE,STOCK,CMSINFO,CMS Info Systems Limited,INE925R01014,,EQ,CMSINFO.NS
NSE,STOCK,CNL,Creative Newtech Limited,INE985W01018,,EQ,CNL.NS
NSE,STOCK,COALINDIA,Coal India Limited,INE522F01014,,EQ,COALINDIA.NS
NSE,STOCK,COASTCORP,Coastal Corporation Limited,INE377E01024,,EQ,COASTCORP.NS
NSE,STOCK,COCHINSHIP,Cochin Shipyard Limited,INE704P01025,,EQ,COCHINSHIP.NS
NSE,STOCK,COCKERILL,John Cockerill India Limited,INE515A01019,,EQ,COCKERILL.NS
NSE,STOCK,COFFEEDAY,Coffee Day Enterprises Limited,INE335K01011,,BE,COFFEEDAY.NS
NSE,STOCK,COFORGE,Coforge Limited,INE591G01025,,EQ,COFORGE.NS
NSE,STOCK,COHANCE,Cohance Lifesciences Limited,INE03QK01018,,EQ,COHANCE.NS
NSE,STOCK,COLPAL,Colgate Palmolive (India) Limited,INE259A01022,,EQ,COLPAL.NS
NSE,STOCK,COMFINTE,Comfort Intech Limited,INE819A01049,,EQ,COMFINTE.NS
NSE,STOCK,COMPEAU,Competent Automobiles Company Limited,INE823B01015,,EQ,COMPEAU.NS
NSE,STOCK,COMPINFO,Compuage Infocom Limited,INE070C01037,,BZ,COMPINFO.NS
NSE,STOCK,COMPUSOFT,Compucom Software Limited,INE453B01029,,EQ,COMPUSOFT.NS
NSE,STOCK,COMSYN,Commercial Syn Bags Limited,INE073V01015,,EQ,COMSYN.NS
NSE,STOCK,CONCOR,Container Corporation of India Limited,INE111A01025,,EQ,CONCOR.NS
NSE,STOCK,CONCORDBIO,Concord Biotech Limited,INE338H01029,,EQ,CONCORDBIO.NS
NSE,STOCK,CONFIPET,Confidence Petroleum India Limited,INE552D01024,,EQ,CONFIPET.NS
NSE,STOCK,CONSOFINVT,Consolidated Finvest & Holdings Limited,INE025A01027,,BE,CONSOFINVT.NS
NSE,STOCK,CONTROLPR,Control Print Limited,INE663B01015,,EQ,CONTROLPR.NS
NSE,STOCK,CORALFINAC,Coral India Finance & Housing Limited,INE558D01021,,EQ,CORALFINAC.NS
NSE,STOCK,CORDELIA,Waterways Leisure Tourism Limited,INE0LZF01039,,EQ,CORDELIA.NS
NSE,STOCK,CORDSCABLE,Cords Cable Industries Limited,INE792I01017,,EQ,CORDSCABLE.NS
NSE,STOCK,COROMANDEL,Coromandel International Limited,INE169A01031,,EQ,COROMANDEL.NS
NSE,STOCK,CORONA,CORONA Remedies Limited,INE02ZQ01018,,EQ,CORONA.NS
NSE,STOCK,COSMOFIRST,COSMO FIRST LIMITED,INE757A01017,,EQ,COSMOFIRST.NS
NSE,STOCK,COUNCODOS,Country Condo's Limited,INE695B01025,,BE,COUNCODOS.NS
NSE,STOCK,CPCAP,CP Capital Limited,INE521J01018,,EQ,CPCAP.NS
NSE,STOCK,CPEDU,Career Point Edutech Limited,INE0P6P01016,,EQ,CPEDU.NS
NSE,STOCK,CPL,Captain Polyplast Limited,INE536P01021,,EQ,CPL.NS
NSE,STOCK,CPPLUS,Aditya Infotech Limited,INE819V01029,,EQ,CPPLUS.NS
NSE,STOCK,CRAFTSMAN,Craftsman Automation Limited,INE00LO01017,,EQ,CRAFTSMAN.NS
NSE,STOCK,CRAMC,Canara Robeco Asset Management Company Limited,INE218I01013,,EQ,CRAMC.NS
NSE,STOCK,CRAVATEX,Cravatex Limited,INE145E01017,,EQ,CRAVATEX.NS
NSE,STOCK,CREATIVEYE,Creative Eye Limited,INE230B01021,,EQ,CREATIVEYE.NS
NSE,STOCK,CREDITACC,CREDITACCESS GRAMEEN LIMITED,INE741K01010,,EQ,CREDITACC.NS
NSE,STOCK,CREST,Crest Ventures Limited,INE559D01011,,EQ,CREST.NS
NSE,STOCK,CRISIL,Crisil Limited,INE007A01025,,EQ,CRISIL.NS
NSE,STOCK,CRIZAC,Crizac Limited,INE0S4R01014,,EQ,CRIZAC.NS
NSE,STOCK,CROMPTON,Crompton Greaves Consumer Electricals Limited,INE299U01018,,EQ,CROMPTON.NS
NSE,STOCK,CROWN,Crown Lifters Limited,INE491V01019,,EQ,CROWN.NS
NSE,STOCK,CRSL,Cressanda Railway Solutions Limited,INE716D01033,,BE,CRSL.NS
NSE,STOCK,CSBBANK,CSB Bank Limited,INE679A01013,,EQ,CSBBANK.NS
NSE,STOCK,CSLFINANCE,CSL Finance Limited,INE718F01018,,EQ,CSLFINANCE.NS
NSE,STOCK,CSM,CSM Technologies Limited,INE0ZK601013,,EQ,CSM.NS
NSE,STOCK,CTE,Cambridge Technology Enterprises Limited,INE627H01017,,BE,CTE.NS
NSE,STOCK,CUB,City Union Bank Limited,INE491A01021,,EQ,CUB.NS
NSE,STOCK,CUBEXTUB,Cubex Tubings Limited,INE144D01012,,EQ,CUBEXTUB.NS
NSE,STOCK,CUMMINSIND,Cummins India Limited,INE298A01020,,EQ,CUMMINSIND.NS
NSE,STOCK,CUPID,Cupid Limited,INE509F01029,,EQ,CUPID.NS
NSE,STOCK,CURAA,Cura Technologies Limited,INE117B01020,,EQ,CURAA.NS
NSE,STOCK,CYBERMEDIA,Cyber Media (India) Limited,INE278G01037,,EQ,CYBERMEDIA.NS
NSE,STOCK,CYBERTECH,Cybertech Systems And Software Limited,INE214A01019,,BE,CYBERTECH.NS
NSE,STOCK,CYIENT,Cyient Limited,INE136B01020,,EQ,CYIENT.NS
NSE,STOCK,CYIENTDLM,Cyient DLM Limited,INE055S01018,,EQ,CYIENTDLM.NS
NSE,STOCK,DABUR,Dabur India Limited,INE016A01026,,EQ,DABUR.NS
NSE,STOCK,DAICHI,Dai-Ichi Karkaria Limited,INE928C01010,,EQ,DAICHI.NS
NSE,STOCK,DALBHARAT,Dalmia Bharat Limited,INE00R701025,,EQ,DALBHARAT.NS
NSE,STOCK,DALMIASUG,Dalmia Bharat Sugar and Industries Limited,INE495A01022,,EQ,DALMIASUG.NS
NSE,STOCK,DAMCAPITAL,Dam Capital Advisors Limited,INE284H01025,,EQ,DAMCAPITAL.NS
NSE,STOCK,DAMODARIND,Damodar Industries Limited,INE497D01022,,BE,DAMODARIND.NS
NSE,STOCK,DANGEE,Dangee Dums Limited,INE688Y01022,,EQ,DANGEE.NS
NSE,STOCK,DATAMATICS,Datamatics Global Services Limited,INE365B01017,,EQ,DATAMATICS.NS
NSE,STOCK,DATAPATTNS,Data Patterns (India) Limited,INE0IX101010,,EQ,DATAPATTNS.NS
NSE,STOCK,DAVANGERE,Davangere Sugar Company Limited,INE179G01029,,EQ,DAVANGERE.NS
NSE,STOCK,DBCORP,D.B.Corp Limited,INE950I01011,,EQ,DBCORP.NS
NSE,STOCK,DBEIL,Deepak Builders & Engineers India Limited,INE0OPA01027,,BE,DBEIL.NS
NSE,STOCK,DBL,Dilip Buildcon Limited,INE917M01012,,EQ,DBL.NS
NSE,STOCK,DBOL,Dhampur Bio Organics Limited,INE0I3401014,,EQ,DBOL.NS
NSE,STOCK,DBREALTY,Valor Estate Limited,INE879I01012,,EQ,DBREALTY.NS
NSE,STOCK,DBSTOCKBRO,DB (International) Stock Brokers Limited,INE921B01025,,BE,DBSTOCKBRO.NS
NSE,STOCK,DCAL,Dishman Carbogen Amcis Limited,INE385W01011,,EQ,DCAL.NS
NSE,STOCK,DCBBANK,DCB Bank Limited,INE503A01015,,EQ,DCBBANK.NS
NSE,STOCK,DCI,Dc Infotech And Communication Limited,INE0A1101019,,EQ,DCI.NS
NSE,STOCK,DCM,DCM  Limited,INE498A01018,,BE,DCM.NS
NSE,STOCK,DCMFINSERV,DCM Financial Services Limited,INE891B01012,,EQ,DCMFINSERV.NS
NSE,STOCK,DCMNVL,DCM Nouvelle Limited,INE08KP01019,,EQ,DCMNVL.NS
NSE,STOCK,DCMSHRIRAM,DCM Shriram Limited,INE499A01024,,EQ,DCMSHRIRAM.NS
NSE,STOCK,DCMSIL,DCM Shriram International Limited,INE0OU201013,,EQ,DCMSIL.NS
NSE,STOCK,DCMSRIND,DCM Shriram Industries Limited,INE843D01027,,EQ,DCMSRIND.NS
NSE,STOCK,DCW,DCW Limited,INE500A01029,,EQ,DCW.NS
NSE,STOCK,DCXINDIA,DCX Systems Limited,INE0KL801015,,EQ,DCXINDIA.NS
NSE,STOCK,DDEVPLSTIK,Ddev Plastiks Industries Limited,INE0HR601026,,EQ,DDEVPLSTIK.NS
NSE,STOCK,DECCANCE,Deccan Cements Limited,INE583C01021,,EQ,DECCANCE.NS
NSE,STOCK,DECNGOLD,Deccan Gold Mines Limited,INE945F01025,,EQ,DECNGOLD.NS
NSE,STOCK,DEEDEV,DEE Development Engineers Limited,INE841L01016,,EQ,DEEDEV.NS
NSE,STOCK,DEEP,Deep Polymers Limited,INE00IY01012,,EQ,DEEP.NS
NSE,STOCK,DEEPAKFERT,Deepak Fertilizers and Petrochemicals Corporation Limited,INE501A01019,,EQ,DEEPAKFERT.NS
NSE,STOCK,DEEPAKNTR,Deepak Nitrite Limited,INE288B01029,,EQ,DEEPAKNTR.NS
NSE,STOCK,DEEPINDS,Deep Industries Limited,INE0FHS01024,,EQ,DEEPINDS.NS
NSE,STOCK,DELHIVERY,Delhivery Limited,INE148O01028,,EQ,DELHIVERY.NS
NSE,STOCK,DELPHIFX,DELPHI WORLD MONEY LIMITED,INE726L01027,,BE,DELPHIFX.NS
NSE,STOCK,DELTACORP,Delta Corp Limited,INE124G01033,,EQ,DELTACORP.NS
NSE,STOCK,DELTAMAGNT,Delta Manufacturing Limited,INE393A01011,,EQ,DELTAMAGNT.NS
NSE,STOCK,DEN,Den Networks Limited,INE947J01015,,EQ,DEN.NS
NSE,STOCK,DENORA,De Nora India Limited,INE244A01016,,EQ,DENORA.NS
NSE,STOCK,DENTA,Denta Water and Infra Solutions Limited,INE0R4L01018,,EQ,DENTA.NS
NSE,STOCK,DEVIT,Dev Information Technology Limited,INE060X01034,,EQ,DEVIT.NS
NSE,STOCK,DEVX,Dev Accelerator Limited,INE0VOV01021,,EQ,DEVX.NS
NSE,STOCK,DEVYANI,Devyani International Limited,INE872J01023,,EQ,DEVYANI.NS
NSE,STOCK,DGCONTENT,Digicontent Limited,INE03JI01017,,EQ,DGCONTENT.NS
NSE,STOCK,DHABRIYA,Dhabriya Polywood Limited,INE260R01016,,BE,DHABRIYA.NS
NSE,STOCK,DHAMPURSUG,Dhampur Sugar Mills Limited,INE041A01016,,EQ,DHAMPURSUG.NS
NSE,STOCK,DHANBANK,Dhanlaxmi Bank Limited,INE680A01011,,EQ,DHANBANK.NS
NSE,STOCK,DHANUKA,Dhanuka Agritech Limited,INE435G01025,,EQ,DHANUKA.NS
NSE,STOCK,DHARAN,DHARAN INFRA-EPC LIMITED,INE278R01034,,BZ,DHARAN.NS
NSE,STOCK,DHARMAJ,Dharmaj Crop Guard Limited,INE00OQ01016,,EQ,DHARMAJ.NS
NSE,STOCK,DHATRE,Dhatre Udyog Limited,INE715T01031,,EQ,DHATRE.NS
NSE,STOCK,DHOOTTRANS,Dhoot Transmission Limited,INE01NH01023,,EQ,DHOOTTRANS.NS
NSE,STOCK,DHRUV,Dhruv Consultancy Services Limited,INE506Z01015,,EQ,DHRUV.NS
NSE,STOCK,DHUNINV,Dhunseri Investments Limited,INE320L01011,,EQ,DHUNINV.NS
NSE,STOCK,DIACABS,Diamond Power Infrastructure Limited,INE989C01038,,BE,DIACABS.NS
NSE,STOCK,DIAMINESQ,Diamines & Chemicals Limited,INE591D01014,,EQ,DIAMINESQ.NS
NSE,STOCK,DIAMONDYD,Prataap Snacks Limited,INE393P01035,,EQ,DIAMONDYD.NS
NSE,STOCK,DICIND,DIC India Limited,INE303A01010,,EQ,DICIND.NS
NSE,STOCK,DIFFNKG,Diffusion Engineers Limited,INE184O01015,,EQ,DIFFNKG.NS
NSE,STOCK,DIGIDRIVE,Digidrive Distributors Limited,INE0PSC01024,,EQ,DIGIDRIVE.NS
NSE,STOCK,DIGISPICE,DiGiSPICE Technologies Limited,INE927C01020,,EQ,DIGISPICE.NS
NSE,STOCK,DIGITIDE,Digitide Solutions Limited,INE0U4701011,,EQ,DIGITIDE.NS
NSE,STOCK,DIGJAMLMTD,Digjam Limited,INE731U01028,,EQ,DIGJAMLMTD.NS
NSE,STOCK,DISAQ,Disa India Limited,INE131C01011,,EQ,DISAQ.NS
NSE,STOCK,DISHTV,Dish TV India Limited,INE836F01026,,EQ,DISHTV.NS
NSE,STOCK,DIVGIITTS,Divgi Torqtransfer Systems Limited,INE753U01022,,EQ,DIVGIITTS.NS
NSE,STOCK,DIVISLAB,Divi's Laboratories Limited,INE361B01024,,EQ,DIVISLAB.NS
NSE,STOCK,DIXON,Dixon Technologies (India) Limited,INE935N01020,,EQ,DIXON.NS
NSE,STOCK,DJML,DJ Mediaprint & Logistics Limited,INE0B1K01014,,EQ,DJML.NS
NSE,STOCK,DLF,DLF Limited,INE271C01023,,EQ,DLF.NS
NSE,STOCK,DLINKINDIA,D-Link (India) Limited,INE250K01012,,EQ,DLINKINDIA.NS
NSE,STOCK,DMART,Avenue Supermarts Limited,INE192R01011,,EQ,DMART.NS
NSE,STOCK,DMCC,DMCC SPECIALITY CHEMICALS LIMITED,INE505A01010,,EQ,DMCC.NS
NSE,STOCK,DNAMEDIA,Diligent Media Corporation Limited,INE016M01021,,EQ,DNAMEDIA.NS
NSE,STOCK,DODLA,Dodla Dairy Limited,INE021O01019,,EQ,DODLA.NS
NSE,STOCK,DOLATALGO,Dolat Algotech Limited,INE966A01022,,EQ,DOLATALGO.NS
NSE,STOCK,DOLLAR,Dollar Industries Limited,INE325C01035,,EQ,DOLLAR.NS
NSE,STOCK,DOLPHIN,Dolphin Offshore Enterprises (India) Limited,INE920A01037,,EQ,DOLPHIN.NS
NSE,STOCK,DOMS,DOMS Industries Limited,INE321T01012,,EQ,DOMS.NS
NSE,STOCK,DONEAR,Donear Industries Limited,INE668D01028,,EQ,DONEAR.NS
NSE,STOCK,DPABHUSHAN,D. P. Abhushan Limited,INE266Y01019,,EQ,DPABHUSHAN.NS
NSE,STOCK,DPSCLTD,DPSC Limited,INE360C01024,,BE,DPSCLTD.NS
NSE,STOCK,DPWIRES,D P Wires Limited,INE864X01013,,BE,DPWIRES.NS
NSE,STOCK,DRAGARWQ,Dr Agarwals Eye Hospital Limited,INE934C01018,,EQ,DRAGARWQ.NS
NSE,STOCK,DRCSYSTEMS,DRC Systems India Limited,INE03RS01027,,EQ,DRCSYSTEMS.NS
NSE,STOCK,DREAMFOLKS,Dreamfolks Services Limited,INE0JS101016,,EQ,DREAMFOLKS.NS
NSE,STOCK,DREDGECORP,Dredging Corporation of India Limited,INE506A01018,,EQ,DREDGECORP.NS
NSE,STOCK,DRREDDY,Dr. Reddy's Laboratories Limited,INE089A01031,,EQ,DRREDDY.NS
NSE,STOCK,DSFCL,DCM Shriram Fine Chemicals Limited,INE0OFM01015,,BE,DSFCL.NS
NSE,STOCK,DSKULKARNI,DS Kulkarni Developers Limited,INE891A01022,,BE,DSKULKARNI.NS
NSE,STOCK,DSSL,Dynacons Systems & Solutions Limited,INE417B01040,,EQ,DSSL.NS
NSE,STOCK,DTIL,Dhunseri Tea & Industries Limited,INE341R01014,,BE,DTIL.NS
NSE,STOCK,DUCON,Ducon Infratechnologies Limited,INE741L01018,,EQ,DUCON.NS
NSE,STOCK,DUCON-RE1,Ducon Infratech Ltd-RE,INE741L20034,,BE,DUCON-RE1.NS
NSE,STOCK,DVL,Dhunseri Ventures Limited,INE477B01010,,EQ,DVL.NS
NSE,STOCK,DWARKESH,Dwarikesh Sugar Industries Limited,INE366A01041,,EQ,DWARKESH.NS
NSE,STOCK,DYCL,Dynamic Cables Limited,INE600Y01019,,EQ,DYCL.NS
NSE,STOCK,DYNAMATECH,Dynamatic Technologies Limited,INE221B01012,,EQ,DYNAMATECH.NS
NSE,STOCK,DYNPRO,Dynemic Products Limited,INE256H01015,,EQ,DYNPRO.NS
NSE,STOCK,E2E,E2E Networks Limited,INE255Z01027,,BE,E2E.NS
NSE,STOCK,EASEMYTRIP,Easy Trip Planners Limited,INE07O001026,,EQ,EASEMYTRIP.NS
NSE,STOCK,EASTSILK,Eastern Silk Industries Limited,INE962C01035,,BE,EASTSILK.NS
NSE,STOCK,EASTWEST,East West Freight Carriers Limited,INE595R01023,,EQ,EASTWEST.NS
NSE,STOCK,EBGNG,GNG Electronics Limited,INE18JU01028,,EQ,EBGNG.NS
NSE,STOCK,EBIX,EBIX Limited,INE432F01032,,BE,EBIX.NS
NSE,STOCK,ECLERX,eClerx Services Limited,INE738I01010,,EQ,ECLERX.NS
NSE,STOCK,ECORECO,Eco Recycling Limited,INE316A01038,,EQ,ECORECO.NS
NSE,STOCK,ECOSMOBLTY,Ecos (India) Mobility & Hospitality Limited,INE06HJ01020,,EQ,ECOSMOBLTY.NS
NSE,STOCK,EDELWEISS,Edelweiss Financial Services Limited,INE532F01054,,EQ,EDELWEISS.NS
NSE,STOCK,EFCIL,EFC (I) Limited,INE886D01026,,EQ,EFCIL.NS
NSE,STOCK,EICHERMOT,Eicher Motors Limited,INE066A01021,,EQ,EICHERMOT.NS
NSE,STOCK,EIDPARRY,EID Parry India Limited,INE126A01031,,EQ,EIDPARRY.NS
NSE,STOCK,EIEL,Enviro Infra Engineers Limited,INE0LLY01014,,EQ,EIEL.NS
NSE,STOCK,EIFFL,Euro India Fresh Foods Limited,INE546V01010,,BE,EIFFL.NS
NSE,STOCK,EIHAHOTELS,EIH Associated Hotels Limited,INE276C01014,,EQ,EIHAHOTELS.NS
NSE,STOCK,EIHOTEL,EIH Limited,INE230A01023,,EQ,EIHOTEL.NS
NSE,STOCK,EIMCOELECO,Eimco Elecon (India) Limited,INE158B01016,,EQ,EIMCOELECO.NS
NSE,STOCK,EKC,Everest Kanto Cylinder Limited,INE184H01027,,EQ,EKC.NS
NSE,STOCK,EKI,EKI Energy Services Limited,INE0CPR01018,,EQ,EKI.NS
NSE,STOCK,ELANTAS,Elantas Beck India Limited,INE280B01018,,EQ,ELANTAS.NS
NSE,STOCK,ELCIDIN,EL CID Investments Limited,INE927X01018,,EQ,ELCIDIN.NS
NSE,STOCK,ELDEHSG,Eldeco Housing And Industries Limited,INE668G01021,,EQ,ELDEHSG.NS
NSE,STOCK,ELECON,Elecon Engineering Company Limited,INE205B01031,,EQ,ELECON.NS
NSE,STOCK,ELECTCAST,Electrosteel Castings Limited,INE086A01029,,EQ,ELECTCAST.NS
NSE,STOCK,ELECTHERM,Electrotherm (India) Limited,INE822G01016,,EQ,ELECTHERM.NS
NSE,STOCK,ELGIEQUIP,Elgi Equipments Limited,INE285A01027,,EQ,ELGIEQUIP.NS
NSE,STOCK,ELGIRUBCO,Elgi Rubber Company Limited,INE819L01012,,EQ,ELGIRUBCO.NS
NSE,STOCK,ELIN,Elin Electronics Limited,INE050401020,,EQ,ELIN.NS
NSE,STOCK,ELITECON,Elitecon International Limited,INE669R01026,,EQ,ELITECON.NS
NSE,STOCK,ELLEN,Ellenbarrie Industrial Gases Limited,INE236E01022,,EQ,ELLEN.NS
NSE,STOCK,ELPROINTL,Elpro International Limited,INE579B01039,,EQ,ELPROINTL.NS
NSE,STOCK,EMAMILTD,Emami Limited,INE548C01032,,EQ,EMAMILTD.NS
NSE,STOCK,EMAMIPAP,Emami Paper Mills Limited,INE830C01026,,BE,EMAMIPAP.NS
NSE,STOCK,EMAMIREAL,Emami Realty Limited,INE778K01012,,EQ,EMAMIREAL.NS
NSE,STOCK,EMBDL,Embassy Developments Limited,INE069I01010,,EQ,EMBDL.NS
NSE,STOCK,EMCURE,Emcure Pharmaceuticals Limited,INE168P01015,,EQ,EMCURE.NS
NSE,STOCK,EMIL,Electronics Mart India Limited,INE02YR01019,,EQ,EMIL.NS
NSE,STOCK,EMKAY,Emkay Global Financial Services Limited,INE296H01011,,EQ,EMKAY.NS
NSE,STOCK,EMMBI,Emmbi Industries Limited,INE753K01015,,BE,EMMBI.NS
NSE,STOCK,EMMVEE,Emmvee Photovoltaic Power Limited,INE1C6T01020,,EQ,EMMVEE.NS
NSE,STOCK,EMPIND,Empire Industries Limited,INE515H01014,,EQ,EMPIND.NS
NSE,STOCK,EMPOWER,Empower India Limited,INE507F01023,,EQ,EMPOWER.NS
NSE,STOCK,EMSLIMITED,EMS Limited,INE0OV601013,,EQ,EMSLIMITED.NS
NSE,STOCK,EMUDHRA,eMudhra Limited,INE01QM01018,,EQ,EMUDHRA.NS
NSE,STOCK,ENDURANCE,Endurance Technologies Limited,INE913H01037,,EQ,ENDURANCE.NS
NSE,STOCK,ENERGYDEV,Energy Development Company Limited,INE306C01019,,EQ,ENERGYDEV.NS
NSE,STOCK,ENGINERSIN,Engineers India Limited,INE510A01028,,EQ,ENGINERSIN.NS
NSE,STOCK,ENIL,Entertainment Network (India) Limited,INE265F01028,,EQ,ENIL.NS
NSE,STOCK,ENKEIWHEL,Enkei Wheels (India) Limited,INE130L01014,,EQ,ENKEIWHEL.NS
NSE,STOCK,ENRIN,Siemens Energy India Limited,INE1NPP01017,,EQ,ENRIN.NS
NSE,STOCK,ENTERO,Entero Healthcare Solutions Limited,INE010601016,,EQ,ENTERO.NS
NSE,STOCK,EPACK,EPACK Durable Limited,INE0G5901015,,EQ,EPACK.NS
NSE,STOCK,EPACKPEB,EPack Prefab Technologies Limited,INE0MLS01022,,EQ,EPACKPEB.NS
NSE,STOCK,EPIGRAL,Epigral Limited,INE071N01016,,EQ,EPIGRAL.NS
NSE,STOCK,EPL,EPL Limited,INE255A01020,,EQ,EPL.NS
NSE,STOCK,EQUIPPP,Equippp Social Impact Technologies Limited,INE217G01035,,BE,EQUIPPP.NS
NSE,STOCK,EQUITASBNK,Equitas Small Finance Bank Limited,INE063P01018,,EQ,EQUITASBNK.NS
NSE,STOCK,ERIS,Eris Lifesciences Limited,INE406M01024,,EQ,ERIS.NS
NSE,STOCK,ESABINDIA,Esab India Limited,INE284A01012,,EQ,ESABINDIA.NS
NSE,STOCK,ESAFSFB,ESAF Small Finance Bank Limited,INE818W01011,,BE,ESAFSFB.NS
NSE,STOCK,ESCORTS,Escorts Kubota Limited,INE042A01014,,EQ,ESCORTS.NS
NSE,STOCK,ESDS,ESDS Software Solution Limited,INE0DRI01029,,EQ,ESDS.NS
NSE,STOCK,ESSARSHPNG,Essar Shipping Limited,INE122M01019,,EQ,ESSARSHPNG.NS
NSE,STOCK,ESSENTIA,Integra Essentia Limited,INE418N01035,,EQ,ESSENTIA.NS
NSE,STOCK,ESTER,Ester Industries Limited,INE778B01029,,EQ,ESTER.NS
NSE,STOCK,ETERNAL,ETERNAL LIMITED,INE758T01015,,EQ,ETERNAL.NS
NSE,STOCK,ETHOSLTD,Ethos Limited,INE04TZ01018,,EQ,ETHOSLTD.NS
NSE,STOCK,EUREKAFORB,Eureka Forbes Limited,INE0KCE01017,,EQ,EUREKAFORB.NS
NSE,STOCK,EUROBOND,Euro Panel Products Limited,INE505V01016,,EQ,EUROBOND.NS
NSE,STOCK,EUROPRATIK,Euro Pratik Sales Limited,INE198501012,,EQ,EUROPRATIK.NS
NSE,STOCK,EUROTEXIND,Eurotex Industries and Exports Limited,INE022C01012,,BE,EUROTEXIND.NS
NSE,STOCK,EVEREADY,Eveready Industries India Limited,INE128A01029,,EQ,EVEREADY.NS
NSE,STOCK,EVERESTIND,Everest Industries Limited,INE295A01018,,BE,EVERESTIND.NS
NSE,STOCK,EXCELINDUS,Excel Industries Limited,INE369A01029,,EQ,EXCELINDUS.NS
NSE,STOCK,EXCELSOFT,Excelsoft Technologies Limited,INE606N01019,,EQ,EXCELSOFT.NS
NSE,STOCK,EXICOM,Exicom Tele-Systems Limited,INE777F01014,,EQ,EXICOM.NS
NSE,STOCK,EXIDEIND,Exide Industries Limited,INE302A01020,,EQ,EXIDEIND.NS
NSE,STOCK,EXPLEOSOL,Expleo Solutions Limited,INE201K01015,,EQ,EXPLEOSOL.NS
NSE,STOCK,EXXARO,Exxaro Tiles Limited,INE0GFE01026,,EQ,EXXARO.NS
NSE,STOCK,FABTECH,Fabtech Technologies Limited,INE0HF201011,,EQ,FABTECH.NS
NSE,STOCK,FACT,Fertilizers and Chemicals Travancore Limited,INE188A01015,,EQ,FACT.NS
NSE,STOCK,FAIRCHEMOR,Fairchem Organics Limited,INE0DNW01011,,BE,FAIRCHEMOR.NS
NSE,STOCK,FAZE3Q,Faze Three Limited,INE963C01033,,EQ,FAZE3Q.NS
NSE,STOCK,FCL,Fineotex Chemical Limited,INE045J01034,,EQ,FCL.NS
NSE,STOCK,FCSSOFT,FCS Software Solutions Limited,INE512B01022,,EQ,FCSSOFT.NS
NSE,STOCK,FDC,FDC Limited,INE258B01022,,EQ,FDC.NS
NSE,STOCK,FEDDERSHOL,Fedders Holding Limited,INE417D01020,,EQ,FEDDERSHOL.NS
NSE,STOCK,FEDERALBNK,The Federal Bank  Limited,INE171A01029,,EQ,FEDERALBNK.NS
NSE,STOCK,FEDFINA,Fedbank Financial Services Limited,INE007N01010,,EQ,FEDFINA.NS
NSE,STOCK,FEL,Future Enterprises Limited,INE623B01027,,BZ,FEL.NS
NSE,STOCK,FELDVR,Future Enterprises Limited,IN9623B01058,,BZ,FELDVR.NS
NSE,STOCK,FERMENTA,Fermenta Biotech Limited,INE225B01021,,EQ,FERMENTA.NS
NSE,STOCK,FIBERWEB,Fiberweb (India) Limited,INE296C01020,,EQ,FIBERWEB.NS
NSE,STOCK,FIEMIND,Fiem Industries Limited,INE737H01014,,EQ,FIEMIND.NS
NSE,STOCK,FILATEX,Filatex India Limited,INE816B01035,,EQ,FILATEX.NS
NSE,STOCK,FILATFASH,Filatex Fashions Limited,INE185E01021,,EQ,FILATFASH.NS
NSE,STOCK,FINCABLES,Finolex Cables Limited,INE235A01022,,EQ,FINCABLES.NS
NSE,STOCK,FINEORG,Fine Organic Industries Limited,INE686Y01026,,EQ,FINEORG.NS
NSE,STOCK,FINKURVE,Finkurve Financial Services Limited,INE734I01027,,EQ,FINKURVE.NS
NSE,STOCK,FINOPB,Fino Payments Bank Limited,INE02NC01014,,EQ,FINOPB.NS
NSE,STOCK,FINPIPE,Finolex Industries Limited,INE183A01024,,EQ,FINPIPE.NS
NSE,STOCK,FIRSTCRY,Brainbees Solutions Limited,INE02RE01045,,EQ,FIRSTCRY.NS
NSE,STOCK,FISCHER,Fischer Medical Ventures Limited,INE771F01041,,EQ,FISCHER.NS
NSE,STOCK,FIVESTAR,Five-Star Business Finance Limited,INE128S01021,,EQ,FIVESTAR.NS
NSE,STOCK,FLAIR,Flair Writing Industries Limited,INE00Y201027,,EQ,FLAIR.NS
NSE,STOCK,FLEXITUFF,Flexituff Ventures International Limited,INE060J01017,,BE,FLEXITUFF.NS
NSE,STOCK,FLFL,Future Lifestyle Fashions Limited,INE452O01016,,BZ,FLFL.NS
NSE,STOCK,FLUOROCHEM,Gujarat Fluorochemicals Limited,INE09N301011,,EQ,FLUOROCHEM.NS
NSE,STOCK,FMGOETZE,Federal-Mogul Goetze (India) Limited.,INE529A01010,,EQ,FMGOETZE.NS
NSE,STOCK,FMNL,Future Market Networks Limited,INE360L01017,,EQ,FMNL.NS
NSE,STOCK,FOCUS,Focus Lighting and Fixtures Limited,INE593W01028,,BE,FOCUS.NS
NSE,STOCK,FOODSIN,Foods & Inns Limited,INE976E01023,,EQ,FOODSIN.NS
NSE,STOCK,FORCEMOT,FORCE MOTORS LTD,INE451A01017,,EQ,FORCEMOT.NS
NSE,STOCK,FORTIS,Fortis Healthcare Limited,INE061F01013,,EQ,FORTIS.NS
NSE,STOCK,FOSECOIND,Foseco India Limited,INE519A01011,,EQ,FOSECOIND.NS
NSE,STOCK,FRACTAL,Fractal Analytics Limited,INE212S01015,,EQ,FRACTAL.NS
NSE,STOCK,FREDUN,Fredun Pharmaceuticals Limited,INE194R01017,,EQ,FREDUN.NS
NSE,STOCK,FRONTSP,Frontier Springs Limited,INE572D01014,,EQ,FRONTSP.NS
NSE,STOCK,FSL,Firstsource Solutions Limited,INE684F01012,,EQ,FSL.NS
NSE,STOCK,FUSION,Fusion Finance Limited,INE139R01012,,EQ,FUSION.NS
NSE,STOCK,GABRIEL,Gabriel India Limited,INE524A01029,,EQ,GABRIEL.NS
NSE,STOCK,GAEL,Gujarat Ambuja Exports Limited,INE036B01030,,EQ,GAEL.NS
NSE,STOCK,GAIL,GAIL (India) Limited,INE129A01019,,EQ,GAIL.NS
NSE,STOCK,GAJA,Gaja Alternative Asset Management Limited,INE18UN01038,,EQ,GAJA.NS
NSE,STOCK,GALAPREC,Gala Precision Engineering Limited,INE0RE001014,,EQ,GALAPREC.NS
NSE,STOCK,GALAXYSURF,Galaxy Surfactants Limited,INE600K01018,,EQ,GALAXYSURF.NS
NSE,STOCK,GALLANTT,Gallantt Ispat Limited,INE297H01019,,EQ,GALLANTT.NS
NSE,STOCK,GANDHAR,Gandhar Oil Refinery (India) Limited,INE717W01049,,EQ,GANDHAR.NS
NSE,STOCK,GANDHITUBE,Gandhi Special Tubes Limited,INE524B01027,,EQ,GANDHITUBE.NS
NSE,STOCK,GANECOS,Ganesha Ecosphere Limited,INE845D01014,,EQ,GANECOS.NS
NSE,STOCK,GANESHBE,Ganesh Benzoplast Limited,INE388A01029,,BE,GANESHBE.NS
NSE,STOCK,GANESHCP,Ganesh Consumer Products Limited,INE652V01016,,EQ,GANESHCP.NS
NSE,STOCK,GANESHHOU,GANESH HOUSING LIMITED,INE460C01014,,EQ,GANESHHOU.NS
NSE,STOCK,GANGAFORGE,Ganga Forging Limited,INE691Z01023,,EQ,GANGAFORGE.NS
NSE,STOCK,GANGESSECU,Ganges Securities Limited,INE335W01016,,EQ,GANGESSECU.NS
NSE,STOCK,GARFIBRES,Garware Technical Fibres Limited,INE276A01018,,EQ,GARFIBRES.NS
NSE,STOCK,GARUDA,Garuda Construction and Engineering Limited,INE0JVO01026,,EQ,GARUDA.NS
NSE,STOCK,GATECH,GACM Technologies Limited,INE224E01028,,BE,GATECH.NS
NSE,STOCK,GATECHDVR,GACM Technologies Limited,INE224E01036,,BE,GATECHDVR.NS
NSE,STOCK,GATEWAY,Gateway Distriparks Limited,INE079J01017,,EQ,GATEWAY.NS
NSE,STOCK,GAUDIUMIVF,Gaudium IVF and Women Health Limited,INE0P8B01020,,BE,GAUDIUMIVF.NS
NSE,STOCK,GAYAHWS,Gayatri Highways Limited,INE287Z01012,,EQ,GAYAHWS.NS
NSE,STOCK,GAYAPROJ,Gayatri Projects Limited,INE336H01023,,EQ,GAYAPROJ.NS
NSE,STOCK,GCSL,Gretex Corporate Services Limited,INE199P01028,,EQ,GCSL.NS
NSE,STOCK,GEECEE,GeeCee Ventures Limited,INE916G01016,,BE,GEECEE.NS
NSE,STOCK,GEEKAYWIRE,Geekay Wires Limited,INE669X01032,,EQ,GEEKAYWIRE.NS
NSE,STOCK,GEMAROMA,Gem Aromatics Limited,INE06XZ01023,,EQ,GEMAROMA.NS
NSE,STOCK,GENCON,Generic Engineering Construction and Projects Limited,INE854S01022,,EQ,GENCON.NS
NSE,STOCK,GENESYS,Genesys International Corporation Limited,INE727B01026,,EQ,GENESYS.NS
NSE,STOCK,GENSOL,Gensol Engineering Limited,INE06H201014,,BZ,GENSOL.NS
NSE,STOCK,GENUSPAPER,Genus Paper & Boards Limited,INE949P01018,,EQ,GENUSPAPER.NS
NSE,STOCK,GENUSPOWER,Genus Power Infrastructures Limited,INE955D01029,,EQ,GENUSPOWER.NS
NSE,STOCK,GEOJITFSL,Geojit Financial Services Limited,INE007B01023,,EQ,GEOJITFSL.NS
NSE,STOCK,GESHIP,The Great Eastern Shipping Company Limited,INE017A01032,,EQ,GESHIP.NS
NSE,STOCK,GFLLIMITED,GFL Limited,INE538A01037,,EQ,GFLLIMITED.NS
NSE,STOCK,GHCL,GHCL Limited,INE539A01019,,EQ,GHCL.NS
NSE,STOCK,GHCLTEXTIL,GHCL Textiles Limited,INE0PA801013,,EQ,GHCLTEXTIL.NS
NSE,STOCK,GICHSGFIN,GIC Housing Finance Limited,INE289B01019,,EQ,GICHSGFIN.NS
NSE,STOCK,GICL,Globe International Carriers Limited,INE947T01022,,EQ,GICL.NS
NSE,STOCK,GICRE,General Insurance Corporation of India,INE481Y01014,,EQ,GICRE.NS
NSE,STOCK,GILLANDERS,Gillanders Arbuthnot & Company Limited,INE047B01011,,EQ,GILLANDERS.NS
NSE,STOCK,GILLETTE,Gillette India Limited,INE322A01010,,EQ,GILLETTE.NS
NSE,STOCK,GINNIFILA,Ginni Filaments Limited,INE424C01010,,BE,GINNIFILA.NS
NSE,STOCK,GIPCL,Gujarat Industries Power Company Limited,INE162A01010,,EQ,GIPCL.NS
NSE,STOCK,GKB,GKB Ophthalmics Limited,INE265D01015,,EQ,GKB.NS
NSE,STOCK,GKENERGY,GK Energy Limited,INE1AG301022,,EQ,GKENERGY.NS
NSE,STOCK,GKSL,Gujarat Kidney And Super Speciality Limited,INE0V0W01025,,EQ,GKSL.NS
NSE,STOCK,GKWLIMITED,GKW Limited,INE528A01020,,EQ,GKWLIMITED.NS
NSE,STOCK,GLAND,Gland Pharma Limited,INE068V01023,,EQ,GLAND.NS
NSE,STOCK,GLAXO,GlaxoSmithKline Pharmaceuticals Limited,INE159A01016,,EQ,GLAXO.NS
NSE,STOCK,GLENMARK,Glenmark Pharmaceuticals Limited,INE935A01035,,EQ,GLENMARK.NS
NSE,STOCK,GLFL,Gujarat Lease Financing Limited,INE540A01017,,EQ,GLFL.NS
NSE,STOCK,GLOBAL,Global Education Limited,INE291W01037,,EQ,GLOBAL.NS
NSE,STOCK,GLOBALE,Globale Tessile Limited,INE0URU01010,,EQ,GLOBALE.NS
NSE,STOCK,GLOBALVECT,Global Vectra Helicorp Limited,INE792H01019,,EQ,GLOBALVECT.NS
NSE,STOCK,GLOBE,GLOBE ENTERPRISES (INDIA) LIMITED,INE581X01021,,EQ,GLOBE.NS
NSE,STOCK,GLOBECIVIL,Globe Civil Projects Limited,INE0V3U01015,,EQ,GLOBECIVIL.NS
NSE,STOCK,GLOBUSSPR,Globus Spirits Limited,INE615I01010,,EQ,GLOBUSSPR.NS
NSE,STOCK,GLOSTERLTD,Gloster Limited,INE350Z01018,,EQ,GLOSTERLTD.NS
NSE,STOCK,GLOTTIS,Glottis Limited,INE0TQE01026,,EQ,GLOTTIS.NS
NSE,STOCK,GMBREW,GM Breweries Limited,INE075D01018,,EQ,GMBREW.NS
NSE,STOCK,GMDCLTD,Gujarat Mineral Development Corporation Limited,INE131A01031,,EQ,GMDCLTD.NS
NSE,STOCK,GMMPFAUDLR,GMM Pfaudler Limited,INE541A01023,,EQ,GMMPFAUDLR.NS
NSE,STOCK,GMRAIRPORT,GMR AIRPORTS LIMITED,INE776C01039,,EQ,GMRAIRPORT.NS
NSE,STOCK,GMRP&UI,GMR Power and Urban Infra Limited,INE0CU601026,,EQ,GMRP&UI.NS
NSE,STOCK,GNA,GNA Axles Limited,INE934S01014,,EQ,GNA.NS
NSE,STOCK,GNFC,Gujarat Narmada Valley Fertilizers and Chemicals Limited,INE113A01013,,EQ,GNFC.NS
NSE,STOCK,GNRL,Gujarat Natural Resources Limited,INE207H01018,,EQ,GNRL.NS
NSE,STOCK,GOACARBON,Goa Carbon Limited,INE426D01013,,EQ,GOACARBON.NS
NSE,STOCK,GOCLCORP,GOCL Corporation Limited,INE077F01035,,EQ,GOCLCORP.NS
NSE,STOCK,GOCOLORS,Go Fashion (India) Limited,INE0BJS01011,,EQ,GOCOLORS.NS
NSE,STOCK,GODAVARIB,Godavari Biorefineries Limited,INE497S01012,,EQ,GODAVARIB.NS
NSE,STOCK,GODFRYPHLP,Godfrey Phillips India Limited,INE260B01028,,EQ,GODFRYPHLP.NS
NSE,STOCK,GODIGIT,Go Digit General Insurance Limited,INE03JT01014,,EQ,GODIGIT.NS
NSE,STOCK,GODREJAGRO,Godrej Agrovet Limited,INE850D01014,,EQ,GODREJAGRO.NS
NSE,STOCK,GODREJCP,Godrej Consumer Products Limited,INE102D01028,,EQ,GODREJCP.NS
NSE,STOCK,GODREJIND,Godrej Industries Limited,INE233A01035,,EQ,GODREJIND.NS
NSE,STOCK,GODREJPROP,Godrej Properties Limited,INE484J01027,,EQ,GODREJPROP.NS
NSE,STOCK,GOKEX,Gokaldas Exports Limited,INE887G01027,,EQ,GOKEX.NS
NSE,STOCK,GOKUL,Gokul Refoils and Solvent Limited,INE020J01029,,EQ,GOKUL.NS
NSE,STOCK,GOKULAGRO,Gokul Agro Resources Limited,INE314T01033,,EQ,GOKULAGRO.NS
NSE,STOCK,GOLDENTOBC,Golden Tobacco Limited,INE973A01010,,BZ,GOLDENTOBC.NS
NSE,STOCK,GOLDIAM,Goldiam International Limited,INE025B01025,,EQ,GOLDIAM.NS
NSE,STOCK,GOLDTECH,AION-TECH SOLUTIONS LIMITED,INE805A01014,,BE,GOLDTECH.NS
NSE,STOCK,GOODLUCK,Goodluck India Limited,INE127I01024,,EQ,GOODLUCK.NS
NSE,STOCK,GOODYEAR,Goodyear India Limited,INE533A01012,,EQ,GOODYEAR.NS
NSE,STOCK,GOPAL,Gopal Snacks Limited,INE0L9R01028,,EQ,GOPAL.NS
NSE,STOCK,GOYALALUM,Goyal Aluminiums Limited,INE705X01026,,EQ,GOYALALUM.NS
NSE,STOCK,GPIL,Godawari Power And Ispat limited,INE177H01039,,EQ,GPIL.NS
NSE,STOCK,GPPL,Gujarat Pipavav Port Limited,INE517F01014,,EQ,GPPL.NS
NSE,STOCK,GPTHEALTH,GPT Healthcare Limited,INE486R01017,,EQ,GPTHEALTH.NS
NSE,STOCK,GPTINFRA,GPT Infraprojects Limited,INE390G01014,,EQ,GPTINFRA.NS
NSE,STOCK,GRADIENTE,Gradiente Infotainment Limited,INE361K01017,,EQ,GRADIENTE.NS
NSE,STOCK,GRANDOAK,Grand Oak Canyons Distillery Limited,INE926B01016,,EQ,GRANDOAK.NS
NSE,STOCK,GRANULES,Granules India Limited,INE101D01020,,EQ,GRANULES.NS
NSE,STOCK,GRAPHITE,Graphite India Limited,INE371A01025,,EQ,GRAPHITE.NS
NSE,STOCK,GRASIM,Grasim Industries Limited,INE047A01021,,EQ,GRASIM.NS
NSE,STOCK,GRAUWEIL,Grauer & Weil India Limited,INE266D01021,,EQ,GRAUWEIL.NS
NSE,STOCK,GRAVISSHO,Graviss Hospitality Limited,INE214F01026,,EQ,GRAVISSHO.NS
NSE,STOCK,GRAVITA,Gravita India Limited,INE024L01027,,EQ,GRAVITA.NS
NSE,STOCK,GREAVESCOT,Greaves Cotton Limited,INE224A01026,,EQ,GREAVESCOT.NS
NSE,STOCK,GREENLAM,Greenlam Industries Limited,INE544R01021,,EQ,GREENLAM.NS
NSE,STOCK,GREENPANEL,Greenpanel Industries Limited,INE08ZM01014,,EQ,GREENPANEL.NS
NSE,STOCK,GREENPLY,Greenply Industries Limited,INE461C01038,,EQ,GREENPLY.NS
NSE,STOCK,GREENPOWER,Orient Green Power Company Limited,INE999K01014,,EQ,GREENPOWER.NS
NSE,STOCK,GRINDWELL,Grindwell Norton Limited,INE536A01023,,EQ,GRINDWELL.NS
NSE,STOCK,GRINFRA,G R Infraprojects Limited,INE201P01022,,EQ,GRINFRA.NS
NSE,STOCK,GRMOVER,GRM Overseas Limited,INE192H01020,,EQ,GRMOVER.NS
NSE,STOCK,GROBTEA,The Grob Tea Company Limited,INE646C01018,,EQ,GROBTEA.NS
NSE,STOCK,GROWW,Billionbrains Garage Ventures Limited,INE0HOQ01053,,EQ,GROWW.NS
NSE,STOCK,GRPLTD,GRP Limited,INE137I01015,,EQ,GRPLTD.NS
NSE,STOCK,GRSE,Garden Reach Shipbuilders & Engineers Limited,INE382Z01011,,EQ,GRSE.NS
NSE,STOCK,GRWRHITECH,Garware Hi-Tech Films Limited,INE291A01017,,EQ,GRWRHITECH.NS
NSE,STOCK,GSFC,Gujarat State Fertilizers & Chemicals Limited,INE026A01025,,EQ,GSFC.NS
NSE,STOCK,GSLSU,Global Surfaces Limited,INE0JSX01015,,EQ,GSLSU.NS
NSE,STOCK,GSPCROP,GSP Crop Science Limited,INE713R01022,,EQ,GSPCROP.NS
NSE,STOCK,GSS,GSS Infotech Limited,INE871H01011,,EQ,GSS.NS
NSE,STOCK,GTECJAINX,G-TEC JAINX EDUCATION LIMITED,INE586X01012,,BE,GTECJAINX.NS
NSE,STOCK,GTL,GTL Limited,INE043A01012,,EQ,GTL.NS
NSE,STOCK,GTLINFRA,GTL Infrastructure Limited,INE221H01019,,EQ,GTLINFRA.NS
NSE,STOCK,GTPL,GTPL Hathway Limited,INE869I01013,,EQ,GTPL.NS
NSE,STOCK,GUFICBIO,Gufic Biosciences Limited,INE742B01025,,EQ,GUFICBIO.NS
NSE,STOCK,GUJALKALI,Gujarat Alkalies and Chemicals Limited,INE186A01019,,EQ,GUJALKALI.NS
NSE,STOCK,GUJAPOLLO,Gujarat Apollo Industries Limited,INE826C01016,,EQ,GUJAPOLLO.NS
NSE,STOCK,GUJENERGY,GUJARAT ENERGY LIMITED,INE844O01030,,EQ,GUJENERGY.NS
NSE,STOCK,GUJRAFFIA,Gujarat Raffia Industries Limited,INE610B01024,,EQ,GUJRAFFIA.NS
NSE,STOCK,GUJTHEM,Gujarat Themis Biosyn Limited,INE942C01045,,EQ,GUJTHEM.NS
NSE,STOCK,GULFOILLUB,Gulf Oil Lubricants India Limited,INE635Q01029,,EQ,GULFOILLUB.NS
NSE,STOCK,GULFPETRO,GP Petroleums Limited,INE586G01017,,BE,GULFPETRO.NS
NSE,STOCK,GULPOLY,Gulshan Polyols Limited,INE255D01024,,EQ,GULPOLY.NS
NSE,STOCK,GVKPIL,GVK Power & Infrastructure Limited,INE251H01024,,BE,GVKPIL.NS
NSE,STOCK,GVPIL,GE Power India Limited,INE878A01011,,EQ,GVPIL.NS
NSE,STOCK,GVPTECH,GVP Infotech Limited,INE382T01030,,BE,GVPTECH.NS
NSE,STOCK,GVT&D,GE Vernova T&D India Limited,INE200A01026,,EQ,GVT&D.NS
NSE,STOCK,GYFTR,Gyftr Limited,INE724A01017,,EQ,GYFTR.NS
NSE,STOCK,HAL,Hindustan Aeronautics Limited,INE066F01020,,EQ,HAL.NS
NSE,STOCK,HALDER,Halder Venture Limited,INE115S01010,,EQ,HALDER.NS
NSE,STOCK,HALDYNGL,Haldyn Glass Limited,INE506D01020,,BE,HALDYNGL.NS
NSE,STOCK,HALEOSLABS,HALEOS LABS LIMITED,INE320X01016,,EQ,HALEOSLABS.NS
NSE,STOCK,HAMPTON,Hampton Sky Realty Limited,INE299D01022,,EQ,HAMPTON.NS
NSE,STOCK,HAPPSTMNDS,Happiest Minds Technologies Limited,INE419U01012,,EQ,HAPPSTMNDS.NS
NSE,STOCK,HAPPYFORGE,Happy Forgings Limited,INE330T01021,,EQ,HAPPYFORGE.NS
NSE,STOCK,HARDWYN,Hardwyn India Limited,INE626Z01029,,EQ,HARDWYN.NS
NSE,STOCK,HARIOMPIPE,Hariom Pipe Industries Limited,INE00EV01017,,EQ,HARIOMPIPE.NS
NSE,STOCK,HARRMALAYA,Harrisons  Malayalam Limited,INE544A01019,,EQ,HARRMALAYA.NS
NSE,STOCK,HARSHA,Harsha Engineers International Limited,INE0JUS01029,,EQ,HARSHA.NS
NSE,STOCK,HATHWAY,Hathway Cable & Datacom Limited,INE982F01036,,EQ,HATHWAY.NS
NSE,STOCK,HATSUN,Hatsun Agro Product Limited,INE473B01035,,EQ,HATSUN.NS
NSE,STOCK,HAVELLS,Havells India Limited,INE176B01034,,EQ,HAVELLS.NS
NSE,STOCK,HAVISHA,Sri Havisha Hospitality and Infrastructure Limited,INE293B01029,,EQ,HAVISHA.NS
NSE,STOCK,HAWKINCOOK,Hawkins Cookers Limited,INE979B01015,,EQ,HAWKINCOOK.NS
NSE,STOCK,HAZOOR,Hazoor Multi Projects Limited,INE550F01049,,EQ,HAZOOR.NS
NSE,STOCK,HBESD,HB Estate Developers Limited,INE640B01021,,EQ,HBESD.NS
NSE,STOCK,HBLENGINE,HBL Engineering Limited,INE292B01021,,EQ,HBLENGINE.NS
NSE,STOCK,HBPOR,HB Portfolio Limited,INE638B01025,,EQ,HBPOR.NS
NSE,STOCK,HBSL,HB Stockholdings Limited,INE550B01022,,EQ,HBSL.NS
NSE,STOCK,HCC,Hindustan Construction Company Limited,INE549A01026,,EQ,HCC.NS
NSE,STOCK,HCG,Healthcare Global Enterprises Limited,INE075I01017,,EQ,HCG.NS
NSE,STOCK,HCL-INSYS,HCL Infosystems Limited,INE236A01020,,EQ,HCL-INSYS.NS
NSE,STOCK,HCLTECH,HCL Technologies Limited,INE860A01027,,EQ,HCLTECH.NS
NSE,STOCK,HDBFS,HDB Financial Services Limited,INE756I01012,,EQ,HDBFS.NS
NSE,STOCK,HDFCAMC,HDFC Asset Management Company Limited,INE127D01025,,EQ,HDFCAMC.NS
NSE,STOCK,HDFCBANK,HDFC Bank Limited,INE040A01034,,EQ,HDFCBANK.NS
NSE,STOCK,HDFCLIFE,HDFC Life Insurance Company Limited,INE795G01014,,EQ,HDFCLIFE.NS
NSE,STOCK,HDIL,Housing Development and Infrastructure Limited,INE191I01012,,BZ,HDIL.NS
NSE,STOCK,HEADSUP,Heads UP Ventures Limited,INE759V01019,,EQ,HEADSUP.NS
NSE,STOCK,HEALTHX,Health X Platform Limited,INE019J01013,,EQ,HEALTHX.NS
NSE,STOCK,HECPROJECT,HEC Infra Projects Limited,INE558R01013,,EQ,HECPROJECT.NS
NSE,STOCK,HEG,HEG Limited,INE545A01024,,EQ,HEG.NS
NSE,STOCK,HEIDELBERG,HeidelbergCement India Limited,INE578A01017,,EQ,HEIDELBERG.NS
NSE,STOCK,HEMIPROP,Hemisphere Properties India Limited,INE0AJG01018,,EQ,HEMIPROP.NS
NSE,STOCK,HERANBA,Heranba Industries Limited,INE694N01015,,EQ,HERANBA.NS
NSE,STOCK,HERITGFOOD,Heritage Foods Limited,INE978A01027,,EQ,HERITGFOOD.NS
NSE,STOCK,HEROMOTOCO,Hero MotoCorp Limited,INE158A01026,,EQ,HEROMOTOCO.NS
NSE,STOCK,HESTERBIO,Hester Biosciences Limited,INE782E01017,,EQ,HESTERBIO.NS
NSE,STOCK,HEXAGON,Hexagon Nutrition Limited,INE0JUI01012,,BE,HEXAGON.NS
NSE,STOCK,HEXATRADEX,Hexa Tradex Limited,INE750M01017,,EQ,HEXATRADEX.NS
NSE,STOCK,HEXT,Hexaware Technologies Limited,INE093A01041,,EQ,HEXT.NS
NSE,STOCK,HFCL,HFCL Limited,INE548A01028,,BE,HFCL.NS
NSE,STOCK,HGINFRA,H.G. Infra Engineering Limited,INE926X01010,,EQ,HGINFRA.NS
NSE,STOCK,HGM,HandsOn Global Management (HGM) Limited,INE596H01014,,EQ,HGM.NS
NSE,STOCK,HGS,Hinduja Global Solutions Limited,INE170I01016,,EQ,HGS.NS
NSE,STOCK,HIKAL,Hikal Limited,INE475B01022,,EQ,HIKAL.NS
NSE,STOCK,HILINFRA,Highway Infrastructure Limited,INE00RL01028,,EQ,HILINFRA.NS
NSE,STOCK,HILTON,Hilton Metal Forging Limited,INE788H01017,,EQ,HILTON.NS
NSE,STOCK,HIMATSEIDE,Himatsingka Seide Limited,INE049A01027,,EQ,HIMATSEIDE.NS
NSE,STOCK,HINDADH,Hindustan Adhesives Limited,INE074C01013,,EQ,HINDADH.NS
NSE,STOCK,HINDALCO,Hindalco Industries Limited,INE038A01020,,EQ,HINDALCO.NS
NSE,STOCK,HINDALUMI,Hind Aluminium Industries Limited,INE227B01019,,EQ,HINDALUMI.NS
NSE,STOCK,HINDCOMPOS,Hindustan Composites Limited,INE310C01029,,EQ,HINDCOMPOS.NS
NSE,STOCK,HINDCON,Hindcon Chemicals Limited,INE642Y01029,,EQ,HINDCON.NS
NSE,STOCK,HINDCOPPER,Hindustan Copper Limited,INE531E01026,,EQ,HINDCOPPER.NS
NSE,STOCK,HINDOILEXP,Hindustan Oil Exploration Company Limited,INE345A01011,,EQ,HINDOILEXP.NS
NSE,STOCK,HINDPETRO,Hindustan Petroleum Corporation Limited,INE094A01015,,EQ,HINDPETRO.NS
NSE,STOCK,HINDUNILVR,Hindustan Unilever Limited,INE030A01027,,EQ,HINDUNILVR.NS
NSE,STOCK,HINDWAREAP,Hindware Home Innovation Limited,INE05AN01011,,EQ,HINDWAREAP.NS
NSE,STOCK,HINDZINC,Hindustan Zinc Limited,INE267A01025,,EQ,HINDZINC.NS
NSE,STOCK,HIRECT,Hirect Limited,INE835D01023,,EQ,HIRECT.NS
NSE,STOCK,HISARMETAL,Hisar Metal Industries Limited,INE598C01011,,EQ,HISARMETAL.NS
NSE,STOCK,HITECH,Hi-Tech Pipes Limited,INE106T01025,,EQ,HITECH.NS
NSE,STOCK,HITECHCORP,Hitech Corporation Limited,INE120D01012,,BE,HITECHCORP.NS
NSE,STOCK,HITECHGEAR,The Hi-Tech Gears Limited,INE127B01011,,BE,HITECHGEAR.NS
NSE,STOCK,HLEGLAS,HLE Glascoat Limited,INE461D01028,,EQ,HLEGLAS.NS
NSE,STOCK,HLVLTD,HLV LIMITED,INE102A01024,,EQ,HLVLTD.NS
NSE,STOCK,HMAAGRO,HMA Agro Industries Limited,INE0ECP01024,,EQ,HMAAGRO.NS
NSE,STOCK,HMT,HMT Limited,INE262A01018,,BZ,HMT.NS
NSE,STOCK,HMVL,Hindustan Media Ventures Limited,INE871K01015,,BE,HMVL.NS
NSE,STOCK,HNDFDS,Hindustan Foods Limited,INE254N01026,,EQ,HNDFDS.NS
NSE,STOCK,HOMEFIRST,Home First Finance Company India Limited,INE481N01025,,EQ,HOMEFIRST.NS
NSE,STOCK,HONASA,Honasa Consumer Limited,INE0J5401028,,EQ,HONASA.NS
NSE,STOCK,HONAUT,Honeywell Automation India Limited,INE671A01010,,EQ,HONAUT.NS
NSE,STOCK,HONDAPOWER,Honda India Power Products Limited,INE634A01018,,EQ,HONDAPOWER.NS
NSE,STOCK,HORIZONIND,Horizon Industrial Parks Limited,INE685T01010,,EQ,HORIZONIND.NS
NSE,STOCK,HPAL,HP Adhesives Limited,INE0GSL01024,,EQ,HPAL.NS
NSE,STOCK,HPIL,Hindprakash Industries Limited,INE05X901010,,EQ,HPIL.NS
NSE,STOCK,HPL,HPL Electric & Power Limited,INE495S01016,,EQ,HPL.NS
NSE,STOCK,HRYNSHP,Hariyana Ship Breakers Limited,INE400G01011,,EQ,HRYNSHP.NS
NSE,STOCK,HSCL,Himadri Speciality Chemical Limited,INE019C01026,,EQ,HSCL.NS
NSE,STOCK,HTEL,Hy-Tech Engineers Limited,INE0LEG01024,,BE,HTEL.NS
NSE,STOCK,HTMEDIA,HT Media Limited,INE501G01024,,EQ,HTMEDIA.NS
NSE,STOCK,HUBTOWN,Hubtown Limited,INE703H01016,,EQ,HUBTOWN.NS
NSE,STOCK,HUDCO,Housing & Urban Development Corporation Limited,INE031A01017,,EQ,HUDCO.NS
NSE,STOCK,HUHTAMAKI,Huhtamaki India Limited,INE275B01026,,EQ,HUHTAMAKI.NS
NSE,STOCK,HYBRIDFIN,Hybrid Financial Services Limited,INE965B01022,,BE,HYBRIDFIN.NS
NSE,STOCK,HYUNDAI,Hyundai Motor India Limited,INE0V6F01027,,EQ,HYUNDAI.NS
NSE,STOCK,IBULLSLTD,Indiabulls Limited,INE126M01010,,EQ,IBULLSLTD.NS
NSE,STOCK,ICDSLTD,ICDS Limited,INE613B01010,,EQ,ICDSLTD.NS
NSE,STOCK,ICEMAKE,Ice Make Refrigeration Limited,INE520Y01019,,EQ,ICEMAKE.NS
NSE,STOCK,ICICIAMC,ICICI Prudential Asset Management Company Limited,INE346A01027,,EQ,ICICIAMC.NS
NSE,STOCK,ICICIBANK,ICICI Bank Limited,INE090A01021,,EQ,ICICIBANK.NS
NSE,STOCK,ICICIGI,ICICI Lombard General Insurance Company Limited,INE765G01017,,EQ,ICICIGI.NS
NSE,STOCK,ICICIPRULI,ICICI Prudential Life Insurance Company Limited,INE726G01019,,EQ,ICICIPRULI.NS
NSE,STOCK,ICIL,Indo Count Industries Limited,INE483B01026,,EQ,ICIL.NS
NSE,STOCK,ICRA,ICRA Limited,INE725G01011,,EQ,ICRA.NS
NSE,STOCK,IDBI,IDBI Bank Limited,INE008A01015,,EQ,IDBI.NS
NSE,STOCK,IDEA,Vodafone Idea Limited,INE669E01016,,EQ,IDEA.NS
NSE,STOCK,IDEAFORGE,Ideaforge Technology Limited,INE349Y01013,,EQ,IDEAFORGE.NS
NSE,STOCK,IDFCFIRSTB,IDFC First Bank Limited,INE092T01019,,EQ,IDFCFIRSTB.NS
NSE,STOCK,IEX,Indian Energy Exchange Limited,INE022Q01020,,EQ,IEX.NS
NSE,STOCK,IFBAGRO,IFB Agro Industries Limited,INE076C01018,,EQ,IFBAGRO.NS
NSE,STOCK,IFBIND,IFB Industries Limited,INE559A01017,,EQ,IFBIND.NS
NSE,STOCK,IFCI,IFCI Limited,INE039A01010,,EQ,IFCI.NS
NSE,STOCK,IFGLEXPOR,IFGL Refractories Limited,INE133Y01011,,EQ,IFGLEXPOR.NS
NSE,STOCK,IGARASHI,Igarashi Motors India Limited,INE188B01013,,EQ,IGARASHI.NS
NSE,STOCK,IGCL,Indogulf Cropsciences Limited,INE05J901018,,EQ,IGCL.NS
NSE,STOCK,IGIL,International Gemological Institute Limited,INE0Q9301021,,EQ,IGIL.NS
NSE,STOCK,IGL,Indraprastha Gas Limited,INE203G01027,,EQ,IGL.NS
NSE,STOCK,IGPL,IG Petrochemicals Limited,INE204A01010,,EQ,IGPL.NS
NSE,STOCK,IIFL,IIFL Finance Limited,INE530B01024,,EQ,IIFL.NS
NSE,STOCK,IIFLCAPS,IIFL Capital Services Limited,INE489L01022,,EQ,IIFLCAPS.NS
NSE,STOCK,IITL,Industrial Investment Trust Limited,INE886A01014,,EQ,IITL.NS
NSE,STOCK,IKIO,IKIO Technologies Limited,INE0LOJ01019,,EQ,IKIO.NS
NSE,STOCK,IKS,Inventurus Knowledge Solutions Limited,INE115Q01022,,EQ,IKS.NS
NSE,STOCK,IL&FSENGG,IL&FS Engineering and Construction Company Limited,INE369I01014,,BZ,IL&FSENGG.NS
NSE,STOCK,IL&FSTRANS,IL&FS Transportation Networks Limited,INE975G01012,,BZ,IL&FSTRANS.NS
NSE,STOCK,IMAGICAA,Imagicaaworld Entertainment Limited,INE172N01012,,EQ,IMAGICAA.NS
NSE,STOCK,IMFA,Indian Metals & Ferro Alloys Limited,INE919H01018,,EQ,IMFA.NS
NSE,STOCK,IMPAL,India Motor Parts and Accessories Limited,INE547E01014,,EQ,IMPAL.NS
NSE,STOCK,IMPEXFERRO,Impex Ferro Tech Limited,INE691G01015,,BZ,IMPEXFERRO.NS
NSE,STOCK,INA,Insolation Energy Limited,INE0LGX01024,,EQ,INA.NS
NSE,STOCK,INCREDIBLE,INCREDIBLE INDUSTRIES LIMITED,INE452L01012,,EQ,INCREDIBLE.NS
NSE,STOCK,INDBANK,Indbank Merchant Banking Services Limited,INE841B01017,,EQ,INDBANK.NS
NSE,STOCK,INDGN,Indegene Limited,INE065X01017,,EQ,INDGN.NS
NSE,STOCK,INDHOTEL,The Indian Hotels Company Limited,INE053A01029,,EQ,INDHOTEL.NS
NSE,STOCK,INDIACEM,The India Cements Limited,INE383A01012,,EQ,INDIACEM.NS
NSE,STOCK,INDIAGLYCO,India Glycols Limited,INE560A01023,,BE,INDIAGLYCO.NS
NSE,STOCK,INDIAMART,Indiamart Intermesh Limited,INE933S01016,,EQ,INDIAMART.NS
NSE,STOCK,INDIANB,Indian Bank,INE562A01011,,EQ,INDIANB.NS
NSE,STOCK,INDIANCARD,Indian Card Clothing Company Limited,INE061A01014,,EQ,INDIANCARD.NS
NSE,STOCK,INDIANHUME,Indian Hume Pipe Company Limited,INE323C01030,,EQ,INDIANHUME.NS
NSE,STOCK,INDIASHLTR,India Shelter Finance Corporation Limited,INE922K01024,,EQ,INDIASHLTR.NS
NSE,STOCK,INDIGO,InterGlobe Aviation Limited,INE646L01027,,EQ,INDIGO.NS
NSE,STOCK,INDIGOPNTS,Indigo Paints Limited,INE09VQ01012,,EQ,INDIGOPNTS.NS
NSE,STOCK,INDIQUBE,Indiqube Spaces Limited,INE06ST01018,,EQ,INDIQUBE.NS
NSE,STOCK,INDNIPPON,India Nippon Electricals Limited,INE092B01025,,EQ,INDNIPPON.NS
NSE,STOCK,INDOAMIN,Indo Amines Limited,INE760F01028,,BE,INDOAMIN.NS
NSE,STOCK,INDOBORAX,Indo Borax & Chemicals Limited,INE803D01021,,EQ,INDOBORAX.NS
NSE,STOCK,INDOCO,Indoco Remedies Limited,INE873D01024,,EQ,INDOCO.NS
NSE,STOCK,INDOFARM,Indo Farm Equipment Limited,INE622H01018,,EQ,INDOFARM.NS
NSE,STOCK,INDOKEM,Indokem Limited,INE716F01012,,EQ,INDOKEM.NS
NSE,STOCK,INDOMIM,INDO-MIM Limited,INE084101034,,EQ,INDOMIM.NS
NSE,STOCK,INDORAMA,Indo Rama Synthetics (India) Limited,INE156A01020,,EQ,INDORAMA.NS
NSE,STOCK,INDOSTAR,IndoStar Capital Finance Limited,INE896L01010,,EQ,INDOSTAR.NS
NSE,STOCK,INDOTECH,Indo Tech Transformers Limited,INE332H01014,,EQ,INDOTECH.NS
NSE,STOCK,INDOTHAI,Indo Thai Securities Limited,INE337M01021,,EQ,INDOTHAI.NS
NSE,STOCK,INDOUS,Indo Us Biotech Limited,INE250Z01010,,EQ,INDOUS.NS
NSE,STOCK,INDOWIND,Indowind Energy Limited,INE227G01018,,EQ,INDOWIND.NS
NSE,STOCK,INDPRUD,Industrial & Prudential Investment Company Limited,INE620D01011,,EQ,INDPRUD.NS
NSE,STOCK,INDRAMEDCO,Indraprastha Medical Corporation Limited,INE681B01017,,EQ,INDRAMEDCO.NS
NSE,STOCK,INDSWFTLAB,Ind-Swift Laboratories Limited,INE915B01019,,EQ,INDSWFTLAB.NS
NSE,STOCK,INDTERRAIN,Indian Terrain Fashions Limited,INE611L01021,,EQ,INDTERRAIN.NS
NSE,STOCK,INDUSINDBK,IndusInd Bank Limited,INE095A01012,,EQ,INDUSINDBK.NS
NSE,STOCK,INDUSTOWER,Indus Towers Limited,INE121J01017,,EQ,INDUSTOWER.NS
NSE,STOCK,INFOBEAN,InfoBeans Technologies Limited,INE344S01016,,EQ,INFOBEAN.NS
NSE,STOCK,INFOMEDIA,Infomedia Press Limited,INE669A01022,,EQ,INFOMEDIA.NS
NSE,STOCK,INFY,Infosys Limited,INE009A01021,,EQ,INFY.NS
NSE,STOCK,INGERRAND,Ingersoll Rand (India) Limited,INE177A01018,,EQ,INGERRAND.NS
NSE,STOCK,INNOVACAP,Innova Captab Limited,INE0DUT01020,,EQ,INNOVACAP.NS
NSE,STOCK,INNOVANA,Innovana Thinklabs Limited,INE403Y01018,,EQ,INNOVANA.NS
NSE,STOCK,INNOVISION,Innovision Limited,INE0ADB01012,,EQ,INNOVISION.NS
NSE,STOCK,INOXGREEN,Inox Green Energy Services Limited,INE510W01014,,EQ,INOXGREEN.NS
NSE,STOCK,INOXINDIA,INOX India Limited,INE616N01034,,EQ,INOXINDIA.NS
NSE,STOCK,INOXWIND,Inox Wind Limited,INE066P01011,,EQ,INOXWIND.NS
NSE,STOCK,INSECTICID,Insecticides (India) Limited,INE070I01018,,EQ,INSECTICID.NS
NSE,STOCK,INSPIRISYS,Inspirisys Solutions Limited,INE020G01017,,EQ,INSPIRISYS.NS
NSE,STOCK,INTELLECT,Intellect Design Arena Limited,INE306R01017,,EQ,INTELLECT.NS
NSE,STOCK,INTENTECH,Intense Technologies Limited,INE781A01025,,EQ,INTENTECH.NS
NSE,STOCK,INTERARCH,Interarch Building Solutions Limited,INE00M901018,,EQ,INTERARCH.NS
NSE,STOCK,INTLCONV,International Conveyors Limited,INE575C01027,,EQ,INTLCONV.NS
NSE,STOCK,INVENTURE,Inventure Growth & Securities Limited,INE878H01024,,EQ,INVENTURE.NS
NSE,STOCK,INVPRECQ,Investment & Precision Castings Limited,INE155E01016,,BE,INVPRECQ.NS
NSE,STOCK,IOB,Indian Overseas Bank,INE565A01014,,EQ,IOB.NS
NSE,STOCK,IOC,Indian Oil Corporation Limited,INE242A01010,,EQ,IOC.NS
NSE,STOCK,IOLCP,IOL Chemicals and Pharmaceuticals Limited,INE485C01029,,EQ,IOLCP.NS
NSE,STOCK,IONEXCHANG,ION Exchange (India) Limited,INE570A01022,,EQ,IONEXCHANG.NS
NSE,STOCK,IPCALAB,IPCA Laboratories Limited,INE571A01038,,EQ,IPCALAB.NS
NSE,STOCK,IPL,India Pesticides Limited,INE0D6701023,,EQ,IPL.NS
NSE,STOCK,IPRINGLTD,IP Rings Limited,INE558A01019,,EQ,IPRINGLTD.NS
NSE,STOCK,IRB,IRB Infrastructure Developers Limited,INE821I01022,,EQ,IRB.NS
NSE,STOCK,IRCON,Ircon International Limited,INE962Y01021,,EQ,IRCON.NS
NSE,STOCK,IRCTC,Indian Railway Catering And Tourism Corporation Limited,INE335Y01020,,EQ,IRCTC.NS
NSE,STOCK,IREDA,Indian Renewable Energy Development Agency Limited,INE202E01016,,EQ,IREDA.NS
NSE,STOCK,IRFC,Indian Railway Finance Corporation Limited,INE053F01010,,EQ,IRFC.NS
NSE,STOCK,IRIS,IRIS RegTech Solutions Limited,INE864K01010,,EQ,IRIS.NS
NSE,STOCK,IRISDOREME,Iris Clothings Limited,INE01GN01025,,EQ,IRISDOREME.NS
NSE,STOCK,IRMENERGY,IRM Energy Limited,INE07U701015,,EQ,IRMENERGY.NS
NSE,STOCK,ISFT,Intrasoft Technologies Limited,INE566K01011,,EQ,ISFT.NS
NSE,STOCK,ISGEC,Isgec Heavy Engineering Limited,INE858B01029,,EQ,ISGEC.NS
NSE,STOCK,ISHANCH,Ishan Dyes and Chemicals Limited,INE561M01018,,EQ,ISHANCH.NS
NSE,STOCK,ISTLTD,I S T Limited,INE684B01029,,EQ,ISTLTD.NS
NSE,STOCK,ITC,ITC Limited,INE154A01025,,EQ,ITC.NS
NSE,STOCK,ITCHOTELS,ITC Hotels Limited,INE379A01028,,EQ,ITCHOTELS.NS
NSE,STOCK,ITDC,India Tourism Development Corporation Limited,INE353K01014,,EQ,ITDC.NS
NSE,STOCK,ITI,ITI Limited,INE248A01017,,EQ,ITI.NS
NSE,STOCK,ITL,ITL Industries Limited,INE478D01014,,EQ,ITL.NS
NSE,STOCK,IVALUE,Ivalue Infosolutions Limited,INE056801025,,EQ,IVALUE.NS
NSE,STOCK,IVC,IL&FS Investment Managers Limited,INE050B01023,,EQ,IVC.NS
NSE,STOCK,IVP,IVP Limited,INE043C01018,,BE,IVP.NS
NSE,STOCK,IWP,The Indian Wood Products Company Limited,INE586E01020,,EQ,IWP.NS
NSE,STOCK,IXIGO,Le Travenues Technology Limited,INE0HV901016,,EQ,IXIGO.NS
NSE,STOCK,IZMO,IZMO Limited,INE848A01014,,EQ,IZMO.NS
NSE,STOCK,J&KBANK,The Jammu & Kashmir Bank Limited,INE168A01041,,EQ,J&KBANK.NS
NSE,STOCK,JAGRAN,Jagran Prakashan Limited,INE199G01027,,EQ,JAGRAN.NS
NSE,STOCK,JAGSNPHARM,Jagsonpal Pharmaceuticals Limited,INE048B01035,,EQ,JAGSNPHARM.NS
NSE,STOCK,JAIBALAJI,Jai Balaji Industries Limited,INE091G01026,,EQ,JAIBALAJI.NS
NSE,STOCK,JAICORPLTD,Jai Corp Limited,INE070D01027,,EQ,JAICORPLTD.NS
NSE,STOCK,JAINREC,Jain Resource Recycling Limited,INE0YD401026,,EQ,JAINREC.NS
NSE,STOCK,JAIPURKURT,Nandani Creation Limited,INE696V01013,,EQ,JAIPURKURT.NS
NSE,STOCK,JAMNAAUTO,Jamna Auto Industries Limited,INE039C01032,,EQ,JAMNAAUTO.NS
NSE,STOCK,JARO,Jaro Institute of Technology Management and Research Limited,INE00YJ01010,,EQ,JARO.NS
NSE,STOCK,JASH,Jash Engineering Limited,INE039O01029,,EQ,JASH.NS
NSE,STOCK,JAYAGROGN,Jayant Agro Organics Limited,INE785A01026,,EQ,JAYAGROGN.NS
NSE,STOCK,JAYBARMARU,Jay Bharat Maruti Limited,INE571B01036,,EQ,JAYBARMARU.NS
NSE,STOCK,JAYKAY,Jaykay Enterprises Limited,INE903A01025,,EQ,JAYKAY.NS
NSE,STOCK,JAYKAY-RE1,Jaykay Enterprises Limited-RE,INE903A20025,,BE,JAYKAY-RE1.NS
NSE,STOCK,JAYNECOIND,Jayaswal Neco Industries Limited,INE854B01010,,EQ,JAYNECOIND.NS
NSE,STOCK,JAYSREETEA,Jayshree Tea & Industries Limited,INE364A01020,,EQ,JAYSREETEA.NS
NSE,STOCK,JBMA,JBM Auto Limited,INE927D01051,,EQ,JBMA.NS
NSE,STOCK,JENBURPH,Jenburkt Pharmaceuticals Limited,INE354A01013,,EQ,JENBURPH.NS
NSE,STOCK,JETFREIGHT,Jet Freight Logistics Limited,INE982V01025,,EQ,JETFREIGHT.NS
NSE,STOCK,JGCHEM,J.G.Chemicals Limited,INE0MB501011,,EQ,JGCHEM.NS
NSE,STOCK,JHS,JHS Svendgaard Laboratories Limited,INE544H01014,,EQ,JHS.NS
NSE,STOCK,JINDALPHOT,Jindal Photo Limited,INE796G01012,,EQ,JINDALPHOT.NS
NSE,STOCK,JINDALPOLY,Jindal Poly Films Limited,INE197D01010,,EQ,JINDALPOLY.NS
NSE,STOCK,JINDALSAW,Jindal Saw Limited,INE324A01032,,EQ,JINDALSAW.NS
NSE,STOCK,JINDALSTEL,JINDAL STEEL LIMITED,INE749A01030,,EQ,JINDALSTEL.NS
NSE,STOCK,JINDRILL,Jindal Drilling And Industries Limited,INE742C01031,,EQ,JINDRILL.NS
NSE,STOCK,JINDWORLD,Jindal Worldwide Limited,INE247D01039,,EQ,JINDWORLD.NS
NSE,STOCK,JIOFIN,Jio Financial Services Limited,INE758E01017,,EQ,JIOFIN.NS
NSE,STOCK,JISLDVREQS,Jain Irrigation Systems Limited,IN9175A01010,,EQ,JISLDVREQS.NS
NSE,STOCK,JISLJALEQS,Jain Irrigation Systems Limited,INE175A01038,,EQ,JISLJALEQS.NS
NSE,STOCK,JITFINFRA,JITF Infralogistics Limited,INE863T01013,,EQ,JITFINFRA.NS
NSE,STOCK,JKCEMENT,JK Cement Limited,INE823G01014,,EQ,JKCEMENT.NS
NSE,STOCK,JKIL,J.Kumar Infraprojects Limited,INE576I01022,,EQ,JKIL.NS
NSE,STOCK,JKIPL,Jinkushal Industries Limited,INE1FF001016,,EQ,JKIPL.NS
NSE,STOCK,JKLAKSHMI,JK Lakshmi Cement Limited,INE786A01032,,EQ,JKLAKSHMI.NS
NSE,STOCK,JKPAPER,JK Paper Limited,INE789E01012,,EQ,JKPAPER.NS
NSE,STOCK,JKTYRE,JK Tyre & Industries Limited,INE573A01042,,EQ,JKTYRE.NS
NSE,STOCK,JLHL,Jupiter Life Line Hospitals Limited,INE682M01020,,EQ,JLHL.NS
NSE,STOCK,JMA,Jullundur Motor Agency (Delhi) Limited,INE412C01023,,EQ,JMA.NS
NSE,STOCK,JMFINANCIL,JM Financial Limited,INE780C01023,,EQ,JMFINANCIL.NS
NSE,STOCK,JNKINDIA,JNK India Limited,INE0OAF01028,,EQ,JNKINDIA.NS
NSE,STOCK,JNPR,Juniper Green Energy Limited,INE05C901015,,EQ,JNPR.NS
NSE,STOCK,JOCIL,Jocil Limited,INE839G01010,,BE,JOCIL.NS
NSE,STOCK,JPOLYINVST,Jindal Poly Investment and Finance Company Limited,INE147P01019,,EQ,JPOLYINVST.NS
NSE,STOCK,JPPOWER,Jaiprakash Power Ventures Limited,INE351F01018,,EQ,JPPOWER.NS
NSE,STOCK,JSFB,Jana Small Finance Bank Limited,INE953L01027,,EQ,JSFB.NS
NSE,STOCK,JSL,Jindal Stainless Limited,INE220G01021,,EQ,JSL.NS
NSE,STOCK,JSLL,Jeena Sikho Lifecare Limited,INE0J5801029,,EQ,JSLL.NS
NSE,STOCK,JSWCEMENT,JSW Cement Limited,INE718I01012,,EQ,JSWCEMENT.NS
NSE,STOCK,JSWDULUX,JSW Dulux Limited,INE133A01011,,EQ,JSWDULUX.NS
NSE,STOCK,JSWENERGY,JSW Energy Limited,INE121E01018,,EQ,JSWENERGY.NS
NSE,STOCK,JSWHL,JSW Holdings Limited,INE824G01012,,EQ,JSWHL.NS
NSE,STOCK,JSWINFRA,JSW Infrastructure Limited,INE880J01026,,EQ,JSWINFRA.NS
NSE,STOCK,JSWSTEEL,JSW Steel Limited,INE019A01038,,EQ,JSWSTEEL.NS
NSE,STOCK,JTEKTINDIA,Jtekt India Limited,INE643A01035,,EQ,JTEKTINDIA.NS
NSE,STOCK,JTLIND,JTL INDUSTRIES LIMITED,INE391J01032,,EQ,JTLIND.NS
NSE,STOCK,JUBLCPL,Jubilant Agri and Consumer Products Limited,INE03CC01015,,EQ,JUBLCPL.NS
NSE,STOCK,JUBLFOOD,Jubilant Foodworks Limited,INE797F01020,,EQ,JUBLFOOD.NS
NSE,STOCK,JUBLINGREA,Jubilant Ingrevia Limited,INE0BY001018,,EQ,JUBLINGREA.NS
NSE,STOCK,JUBLPHARMA,Jubilant Pharmova Limited,INE700A01033,,EQ,JUBLPHARMA.NS
NSE,STOCK,JUNIPER,Juniper Hotels Limited,INE696F01016,,EQ,JUNIPER.NS
NSE,STOCK,JUSTDIAL,Just Dial Limited,INE599M01018,,EQ,JUSTDIAL.NS
NSE,STOCK,JWL,Jupiter Wagons Limited,INE209L01016,,EQ,JWL.NS
NSE,STOCK,JYOTHYLAB,Jyothy Labs Limited,INE668F01031,,EQ,JYOTHYLAB.NS
NSE,STOCK,JYOTICNC,Jyoti CNC Automation Limited,INE980O01024,,EQ,JYOTICNC.NS
NSE,STOCK,JYOTIRES,Jyoti Resins & Adhesives Limited,INE577D01013,,EQ,JYOTIRES.NS
NSE,STOCK,JYOTISTRUC,Jyoti Structures Limited,INE197A01024,,EQ,JYOTISTRUC.NS
NSE,STOCK,KABRAEXTRU,Kabra Extrusion Technik Limited,INE900B01029,,EQ,KABRAEXTRU.NS
NSE,STOCK,KAJARIACER,Kajaria Ceramics Limited,INE217B01036,,EQ,KAJARIACER.NS
NSE,STOCK,KAKATCEM,Kakatiya Cement Sugar & Industries Limited,INE437B01014,,EQ,KAKATCEM.NS
NSE,STOCK,KALAMANDIR,Sai Silks (Kalamandir) Limited,INE438K01021,,EQ,KALAMANDIR.NS
NSE,STOCK,KALPATARU,Kalpataru Limited,INE227J01012,,EQ,KALPATARU.NS
NSE,STOCK,KALYANI,Kalyani Commercials Limited,INE610E01010,,BE,KALYANI.NS
NSE,STOCK,KALYANIFRG,Kalyani Forge Limited,INE314G01014,,BE,KALYANIFRG.NS
NSE,STOCK,KALYANKJIL,Kalyan Jewellers India Limited,INE303R01014,,EQ,KALYANKJIL.NS
NSE,STOCK,KAMAHOLD,Kama Holdings Limited,INE411F01010,,EQ,KAMAHOLD.NS
NSE,STOCK,KAMANWALA,Kamanwala Housing Construction Limited,INE344D01018,,EQ,KAMANWALA.NS
NSE,STOCK,KAMATHOTEL,Kamat Hotels (I) Limited,INE967C01018,,EQ,KAMATHOTEL.NS
NSE,STOCK,KAMDHENU,Kamdhenu Limited,INE390H01020,,BE,KAMDHENU.NS
NSE,STOCK,KAMOPAINTS,Kamdhenu Ventures Limited,INE0BTI01037,,EQ,KAMOPAINTS.NS
NSE,STOCK,KANANIIND,Kanani Industries Limited,INE879E01037,,EQ,KANANIIND.NS
NSE,STOCK,KANCHI,Kanchi Karpooram Limited,INE081G01019,,EQ,KANCHI.NS
NSE,STOCK,KANCOTEA,Kanco Tea & Industries Limited,INE398L01017,,EQ,KANCOTEA.NS
NSE,STOCK,KANORICHEM,Kanoria Chemicals & Industries Limited,INE138C01024,,BE,KANORICHEM.NS
NSE,STOCK,KANPRPLA,Kanpur Plastipack Limited,INE694E01014,,EQ,KANPRPLA.NS
NSE,STOCK,KANSAINER,Kansai Nerolac Paints Limited,INE531A01024,,EQ,KANSAINER.NS
NSE,STOCK,KAPSTON,Kapston Services Limited,INE542Z01028,,EQ,KAPSTON.NS
NSE,STOCK,KARMAENG,Karma Energy Limited,INE725L01011,,EQ,KARMAENG.NS
NSE,STOCK,KARURVYSYA,Karur Vysya Bank Limited,INE036D01028,,EQ,KARURVYSYA.NS
NSE,STOCK,KAUSHALYA,Kaushalya Infrastructure Development Corporation Limited,INE234I01028,,BE,KAUSHALYA.NS
NSE,STOCK,KAVDEFENCE,Kavveri Defence & Wireless Technologies Limited,INE641C01019,,EQ,KAVDEFENCE.NS
NSE,STOCK,KAYA,Kaya Limited,INE587G01015,,BE,KAYA.NS
NSE,STOCK,KAYNES,Kaynes Technology India Limited,INE918Z01012,,EQ,KAYNES.NS
NSE,STOCK,KCP,KCP Limited,INE805C01028,,EQ,KCP.NS
NSE,STOCK,KCPSUGIND,KCP Sugar and Industries Corporation Limited,INE790B01024,,BE,KCPSUGIND.NS
NSE,STOCK,KDDL,KDDL Limited,INE291D01011,,EQ,KDDL.NS
NSE,STOCK,KDGREEN,KD Green Industries Limited,INE348N01042,,EQ,KDGREEN.NS
NSE,STOCK,KEC,KEC International Limited,INE389H01022,,EQ,KEC.NS
NSE,STOCK,KECL,Kirloskar Electric Company Limited,INE134B01017,,EQ,KECL.NS
NSE,STOCK,KEEPLEARN,DSJ Keep Learning Limited,INE055C01020,,EQ,KEEPLEARN.NS
NSE,STOCK,KEI,KEI Industries Limited,INE878B01027,,EQ,KEI.NS
NSE,STOCK,KELLTONTEC,Kellton Tech Solutions Limited,INE164B01030,,EQ,KELLTONTEC.NS
NSE,STOCK,KENNAMET,Kennametal India Limited,INE717A01029,,EQ,KENNAMET.NS
NSE,STOCK,KERNEX,Kernex Microsystems (India) Limited,INE202H01019,,EQ,KERNEX.NS
NSE,STOCK,KESORAMIND,Kesoram Industries Limited,INE087A01019,,BE,KESORAMIND.NS
NSE,STOCK,KEYFINSERV,Keynote Financial Services Limited,INE681C01015,,EQ,KEYFINSERV.NS
NSE,STOCK,KFINTECH,Kfin Technologies Limited,INE138Y01010,,EQ,KFINTECH.NS
NSE,STOCK,KHADIM,Khadim India Limited,INE834I01025,,BE,KHADIM.NS
NSE,STOCK,KHAICHEM,Khaitan Chemicals & Fertilizers Limited,INE745B01028,,EQ,KHAICHEM.NS
NSE,STOCK,KHAITANLTD,Khaitan (India) Limited,INE731C01018,,EQ,KHAITANLTD.NS
NSE,STOCK,KHANDSE,Khandwala Securities Limited,INE060B01014,,EQ,KHANDSE.NS
NSE,STOCK,KICL,Kalyani Investment Company Limited,INE029L01018,,EQ,KICL.NS
NSE,STOCK,KILITCH,Kilitch Drugs (India) Limited,INE729D01010,,BE,KILITCH.NS
NSE,STOCK,KIMS,Krishna Institute of Medical Sciences Limited,INE967H01025,,EQ,KIMS.NS
NSE,STOCK,KINGFA,Kingfa Science & Technology (India) Limited,INE473D01015,,EQ,KINGFA.NS
NSE,STOCK,KIOCL,KIOCL Limited,INE880L01014,,EQ,KIOCL.NS
NSE,STOCK,KIRANVYPAR,Kiran Vyapar Limited,INE555P01013,,EQ,KIRANVYPAR.NS
NSE,STOCK,KIRIINDUS,Kiri Industries Limited,INE415I01015,,EQ,KIRIINDUS.NS
NSE,STOCK,KIRLFER,Kirloskar Ferrous Industries Limited,INE884B01025,,EQ,KIRLFER.NS
NSE,STOCK,KIRLOSBROS,Kirloskar Brothers Limited,INE732A01036,,EQ,KIRLOSBROS.NS
NSE,STOCK,KIRLOSENG,Kirloskar Oil Engines Limited,INE146L01010,,EQ,KIRLOSENG.NS
NSE,STOCK,KIRLOSIND,Kirloskar Industries Limited,INE250A01039,,EQ,KIRLOSIND.NS
NSE,STOCK,KIRLPNU,Kirloskar Pneumatic Company Limited,INE811A01038,,EQ,KIRLPNU.NS
NSE,STOCK,KISSHT,OnEMI Technology Solutions Limited,INE12F801023,,EQ,KISSHT.NS
NSE,STOCK,KITEX,Kitex Garments Limited,INE602G01020,,EQ,KITEX.NS
NSE,STOCK,KJMCFIN,KJMC Financial Services Limited,INE533C01018,,EQ,KJMCFIN.NS
NSE,STOCK,KKCL,Kewal Kiran Clothing Limited,INE401H01017,,EQ,KKCL.NS
NSE,STOCK,KLBRENG-B,Kilburn Engineering Limited,INE338F01015,,EQ,KLBRENG-B.NS
NSE,STOCK,KMCSHIL,K M C Speciality Hospitals (India) Limited,INE879K01018,,EQ,KMCSHIL.NS
NSE,STOCK,KMEW,Knowledge Marine & Engineering Works Limited,INE0CJD01029,,EQ,KMEW.NS
NSE,STOCK,KMSUGAR,K.M.Sugar Mills Limited,INE157H01023,,EQ,KMSUGAR.NS
NSE,STOCK,KNACK,Knack Packaging Limited,INE17QZ01016,,EQ,KNACK.NS
NSE,STOCK,KNAGRI,KN Agri Resources Limited,INE0KNW01016,,EQ,KNAGRI.NS
NSE,STOCK,KNRCON,KNR Constructions Limited,INE634I01029,,EQ,KNRCON.NS
NSE,STOCK,KOHINOOR,Kohinoor Foods Limited,INE080B01012,,EQ,KOHINOOR.NS
NSE,STOCK,KOKUYOCMLN,Kokuyo Camlin Limited,INE760A01029,,EQ,KOKUYOCMLN.NS
NSE,STOCK,KOLTEPATIL,Kolte - Patil Developers Limited,INE094I01018,,EQ,KOLTEPATIL.NS
NSE,STOCK,KOPRAN,Kopran Limited,INE082A01010,,EQ,KOPRAN.NS
NSE,STOCK,KOTAKBANK,Kotak Mahindra Bank Limited,INE237A01036,,EQ,KOTAKBANK.NS
NSE,STOCK,KOTARISUG,Kothari Sugars And Chemicals Limited,INE419A01022,,BE,KOTARISUG.NS
NSE,STOCK,KOTHARIPET,Kothari Petrochemicals Limited,INE720A01015,,EQ,KOTHARIPET.NS
NSE,STOCK,KOTHARIPRO,Kothari Products Limited,INE823A01017,,EQ,KOTHARIPRO.NS
NSE,STOCK,KOTIC,Kothari Industrial Corporation Limited,INE972A01020,,EQ,KOTIC.NS
NSE,STOCK,KOTYARK,Kotyark Industries Limited,INE0J0B01017,,BE,KOTYARK.NS
NSE,STOCK,KOVAI,Kovai Medical Center & Hospital Limited,INE177F01017,,EQ,KOVAI.NS
NSE,STOCK,KPEL,K.P. Energy Limited,INE127T01021,,EQ,KPEL.NS
NSE,STOCK,KPIGREEN,KPI Green Energy Limited,INE542W01025,,EQ,KPIGREEN.NS
NSE,STOCK,KPIL,Kalpataru Projects International Limited,INE220B01022,,EQ,KPIL.NS
NSE,STOCK,KPITTECH,KPIT Technologies Limited,INE04I401011,,EQ,KPITTECH.NS
NSE,STOCK,KPL,Kwality Pharmaceuticals Limited,INE552U01010,,EQ,KPL.NS
NSE,STOCK,KPRMILL,K.P.R. Mill Limited,INE930H01031,,EQ,KPRMILL.NS
NSE,STOCK,KRBL,KRBL Limited,INE001B01026,,EQ,KRBL.NS
NSE,STOCK,KREBSBIO,Krebs Biochemicals and Industries Limited,INE268B01013,,EQ,KREBSBIO.NS
NSE,STOCK,KRIDHANINF,Kridhan Infra Limited,INE524L01026,,BE,KRIDHANINF.NS
NSE,STOCK,KRISHANA,Krishana Phoschem Limited,INE506W01020,,EQ,KRISHANA.NS
NSE,STOCK,KRISHIVAL,Krishival Foods Limited,INE0GGO01015,,EQ,KRISHIVAL.NS
NSE,STOCK,KRISHNADEF,Krishna Defence And Allied Industries Limited,INE0J5601015,,EQ,KRISHNADEF.NS
NSE,STOCK,KRITI,Kriti Industries (India) Limited,INE479D01038,,EQ,KRITI.NS
NSE,STOCK,KRITIKA,Kritika Wires Limited,INE00Z501029,,EQ,KRITIKA.NS
NSE,STOCK,KRITINUT,Kriti Nutrients Limited,INE798K01010,,EQ,KRITINUT.NS
NSE,STOCK,KRN,KRN Heat Exchanger and Refrigeration Limited,INE0Q3J01015,,EQ,KRN.NS
NSE,STOCK,KRONOX,Kronox Lab Sciences Limited,INE0ATZ01017,,BE,KRONOX.NS
NSE,STOCK,KROSS,Kross Limited,INE0O6601022,,EQ,KROSS.NS
NSE,STOCK,KRSNAA,Krsnaa Diagnostics Limited,INE08LI01020,,EQ,KRSNAA.NS
NSE,STOCK,KRYSTAL,Krystal Integrated Services Limited,INE0QN801017,,EQ,KRYSTAL.NS
NSE,STOCK,KSB,Ksb Limited,INE999A01023,,EQ,KSB.NS
NSE,STOCK,KSCL,Kaveri Seed Company Limited,INE455I01029,,EQ,KSCL.NS
NSE,STOCK,KSE,KSE Limited,INE953E01022,,EQ,KSE.NS
NSE,STOCK,KSHINTL,KSH International Limited,INE987S01020,,EQ,KSHINTL.NS
NSE,STOCK,KSHITIJ-RE,Kshitij Polyline Ltd-RE,INE013820027,,BE,KSHITIJ-RE.NS
NSE,STOCK,KSHITIJPOL,Kshitij Polyline Limited,INE013801027,,EQ,KSHITIJPOL.NS
NSE,STOCK,KSL,Kalyani Steels Limited,INE907A01026,,EQ,KSL.NS
NSE,STOCK,KSOLVES,Ksolves India Limited,INE0D6I01023,,EQ,KSOLVES.NS
NSE,STOCK,KSR,KSR Footwear Limited,INE1SPP01016,,EQ,KSR.NS
NSE,STOCK,KTKBANK,The Karnataka Bank Limited,INE614B01018,,EQ,KTKBANK.NS
NSE,STOCK,KUANTUM,Kuantum Papers Limited,INE529I01021,,EQ,KUANTUM.NS
NSE,STOCK,KUSUMGAR,Kusumgar Limited,INE0ISX01025,,EQ,KUSUMGAR.NS
NSE,STOCK,KWIL,Kwality Wall's (India) Limited,INE2KCE01013,,EQ,KWIL.NS
NSE,STOCK,LADDERUP,Ladderup Finance Limited,INE519D01015,,EQ,LADDERUP.NS
NSE,STOCK,LAGNAM,Lagnam Spintex Limited,INE548Z01017,,EQ,LAGNAM.NS
NSE,STOCK,LAHOTIOV,Lahoti Overseas Limited,INE515C01023,,EQ,LAHOTIOV.NS
NSE,STOCK,LAKPRE,Lakshmi Precision Screws Limited,INE651C01018,,BZ,LAKPRE.NS
NSE,STOCK,LAKSHMIMIL,Lakshmi Mills Company Limited,INE938C01019,,EQ,LAKSHMIMIL.NS
NSE,STOCK,LAL,Lorenzini Apparels Limited,INE740X01023,,EQ,LAL.NS
NSE,STOCK,LALITHAA,Lalithaa Jewellery Mart Limited,INE0K9O01026,,EQ,LALITHAA.NS
NSE,STOCK,LALPATHLAB,Dr. Lal Path Labs Ltd.,INE600L01024,,EQ,LALPATHLAB.NS
NSE,STOCK,LAMBODHARA,Lambodhara Textiles Limited,INE112F01022,,EQ,LAMBODHARA.NS
NSE,STOCK,LANCER,Lancer Container Lines Limited,INE359U01028,,EQ,LANCER.NS
NSE,STOCK,LANCORHOL,Lancor Holdings Limited,INE572G01025,,EQ,LANCORHOL.NS
NSE,STOCK,LANDMARK,Landmark Cars Limited,INE559R01029,,EQ,LANDMARK.NS
NSE,STOCK,LANDSMILL,Landsmill Green Limited,INE688J01023,,EQ,LANDSMILL.NS
NSE,STOCK,LAOPALA,La Opala RG Limited,INE059D01020,,EQ,LAOPALA.NS
NSE,STOCK,LASA,Lasa Supergenerics Limited,INE670X01014,,EQ,LASA.NS
NSE,STOCK,LASERPOWER,Laser Power & Infra Limited,INE17IR01028,,EQ,LASERPOWER.NS
NSE,STOCK,LATENTVIEW,Latent View Analytics Limited,INE0I7C01011,,EQ,LATENTVIEW.NS
NSE,STOCK,LATTEYS,Latteys Industries Limited,INE262Z01023,,EQ,LATTEYS.NS
NSE,STOCK,LAURUSLABS,Laurus Labs Limited,INE947Q01028,,EQ,LAURUSLABS.NS
NSE,STOCK,LAXMICOT,Laxmi Cotspin Limited,INE801V01019,,EQ,LAXMICOT.NS
NSE,STOCK,LAXMIDENTL,Laxmi Dental Limited,INE0WO601020,,EQ,LAXMIDENTL.NS
NSE,STOCK,LAXMIINDIA,Laxmi India Finance Limited,INE06WU01026,,EQ,LAXMIINDIA.NS
NSE,STOCK,LCCINFOTEC,LCC Infotech Limited,INE938A01021,,EQ,LCCINFOTEC.NS
NSE,STOCK,LCL,Lohia Corp Limited,INE0QJW01029,,EQ,LCL.NS
NSE,STOCK,LEAPIND,LEAP India Limited,INE00GO01025,,EQ,LEAPIND.NS
NSE,STOCK,LEENEE,Lee & Nee Softwares Exports Limited,INE791B01014,,BE,LEENEE.NS
NSE,STOCK,LEMERITE,Le Merite Exports Limited,INE0G1L01025,,EQ,LEMERITE.NS
NSE,STOCK,LEMONTREE,Lemon Tree Hotels Limited,INE970X01018,,EQ,LEMONTREE.NS
NSE,STOCK,LENSKART,Lenskart Solutions Limited,INE956O01016,,EQ,LENSKART.NS
NSE,STOCK,LEXUS,Lexus Granito (India) Limited,INE500X01013,,EQ,LEXUS.NS
NSE,STOCK,LFIC,Lakshmi Finance & Industrial Corporation Limited,INE850E01012,,EQ,LFIC.NS
NSE,STOCK,LGBBROSLTD,LG Balakrishnan & Bros Limited,INE337A01034,,EQ,LGBBROSLTD.NS
NSE,STOCK,LGEINDIA,LG Electronics India Limited,INE324D01010,,EQ,LGEINDIA.NS
NSE,STOCK,LGHL,Laxmi Goldorna House Limited,INE258Y01016,,EQ,LGHL.NS
NSE,STOCK,LIBAS,Libas Consumer Products Limited,INE908V01012,,EQ,LIBAS.NS
NSE,STOCK,LIBERTSHOE,Liberty Shoes Limited,INE557B01019,,EQ,LIBERTSHOE.NS
NSE,STOCK,LICHSGFIN,LIC Housing Finance Limited,INE115A01026,,EQ,LICHSGFIN.NS
NSE,STOCK,LICI,Life Insurance Corporation Of India,INE0J1Y01017,,EQ,LICI.NS
NSE,STOCK,LIKHITHA,Likhitha Infrastructure Limited,INE060901027,,EQ,LIKHITHA.NS
NSE,STOCK,LINC,Linc Limited,INE802B01027,,EQ,LINC.NS
NSE,STOCK,LINCOLN,Lincoln Pharmaceuticals Limited,INE405C01035,,EQ,LINCOLN.NS
NSE,STOCK,LINDEINDIA,Linde India Limited,INE473A01011,,EQ,LINDEINDIA.NS
NSE,STOCK,LKPSEC,LKP Securities Limited,INE341H01023,,EQ,LKPSEC.NS
NSE,STOCK,LLOYDSENGG,LLOYDS ENGINEERING WORKS LIMITED,INE093R01011,,EQ,LLOYDSENGG.NS
NSE,STOCK,LLOYDSENT,Lloyds Enterprises Limited,INE080I01025,,EQ,LLOYDSENT.NS
NSE,STOCK,LLOYDSME,Lloyds Metals And Energy Limited,INE281B01032,,EQ,LLOYDSME.NS
NSE,STOCK,LMW,LMW Limited,INE269B01029,,EQ,LMW.NS
NSE,STOCK,LODHA,Lodha Developers Limited,INE670K01029,,EQ,LODHA.NS
NSE,STOCK,LOKESHMACH,Lokesh Machines Limited,INE397H01017,,EQ,LOKESHMACH.NS
NSE,STOCK,LORDSCHLO,Lords Chloro Alkali Limited,INE846D01012,,EQ,LORDSCHLO.NS
NSE,STOCK,LOTUSCHO,Lotus Chocolate Company Limited,INE026D01011,,EQ,LOTUSCHO.NS
NSE,STOCK,LOTUSDEV,Sri Lotus Developers and Realty Limited,INE0V9Q01010,,BE,LOTUSDEV.NS
NSE,STOCK,LOTUSEYE,Lotus Eye Hospital and Institute Limited,INE947I01017,,EQ,LOTUSEYE.NS
NSE,STOCK,LOVABLE,Lovable Lingerie Limited,INE597L01014,,EQ,LOVABLE.NS
NSE,STOCK,LOYALTEX,Loyal Textile Mills Limited,INE970D01010,,EQ,LOYALTEX.NS
NSE,STOCK,LPDC,Landmark Property Development Company Limited,INE197J01017,,EQ,LPDC.NS
NSE,STOCK,LT,Larsen & Toubro Limited,INE018A01030,,EQ,LT.NS
NSE,STOCK,LTF,L&T Finance Limited,INE498L01015,,EQ,LTF.NS
NSE,STOCK,LTFOODS,LT Foods Limited,INE818H01020,,EQ,LTFOODS.NS
NSE,STOCK,LTM,LTM Limited,INE214T01019,,EQ,LTM.NS
NSE,STOCK,LTTS,L&T Technology Services Limited,INE010V01017,,EQ,LTTS.NS
NSE,STOCK,LUMAXIND,Lumax Industries Limited,INE162B01018,,EQ,LUMAXIND.NS
NSE,STOCK,LUMAXTECH,Lumax Auto Technologies Limited,INE872H01027,,EQ,LUMAXTECH.NS
NSE,STOCK,LUMINO,Lumino Industries Limited,INE185Q01025,,EQ,LUMINO.NS
NSE,STOCK,LUPIN,Lupin Limited,INE326A01037,,EQ,LUPIN.NS
NSE,STOCK,LUXIND,Lux Industries Limited,INE150G01020,,EQ,LUXIND.NS
NSE,STOCK,LXCHEM,Laxmi Organic Industries Limited,INE576O01020,,EQ,LXCHEM.NS
NSE,STOCK,LYKALABS,Lyka Labs Limited,INE933A01014,,BE,LYKALABS.NS
NSE,STOCK,M&M,Mahindra & Mahindra Limited,INE101A01026,,EQ,M&M.NS
NSE,STOCK,M&MFIN,Mahindra & Mahindra Financial Services Limited,INE774D01024,,EQ,M&MFIN.NS
NSE,STOCK,MAANALU,Maan Aluminium Limited,INE215I01027,,EQ,MAANALU.NS
NSE,STOCK,MACPOWER,Macpower CNC Machines Limited,INE155Z01011,,EQ,MACPOWER.NS
NSE,STOCK,MADHAV,Madhav Marbles and Granites Limited,INE925C01016,,EQ,MADHAV.NS
NSE,STOCK,MADHAVIPL,Madhav Infra Projects Limited,INE631R01026,,EQ,MADHAVIPL.NS
NSE,STOCK,MADHUCON,Madhucon Projects Limited,INE378D01032,,BE,MADHUCON.NS
NSE,STOCK,MADRASFERT,Madras Fertilizers Limited,INE414A01015,,EQ,MADRASFERT.NS
NSE,STOCK,MAFATIND,Mafatlal Industries Limited,INE270B01035,,EQ,MAFATIND.NS
NSE,STOCK,MAGADSUGAR,Magadh Sugar & Energy Limited,INE347W01011,,EQ,MAGADSUGAR.NS
NSE,STOCK,MAGNUM,Magnum Ventures Limited,INE387I01016,,EQ,MAGNUM.NS
NSE,STOCK,MAHABANK,Bank of Maharashtra,INE457A01014,,EQ,MAHABANK.NS
NSE,STOCK,MAHAPEXLTD,Maha Rashtra Apex Corporation Limited,INE843B01013,,EQ,MAHAPEXLTD.NS
NSE,STOCK,MAHASTEEL,Mahamaya Steel Industries Limited,INE451L01014,,BE,MAHASTEEL.NS
NSE,STOCK,MAHEPC,Mahindra EPC Irrigation Limited,INE215D01010,,EQ,MAHEPC.NS
NSE,STOCK,MAHESHWARI,Maheshwari Logistics Limited,INE263W01010,,BE,MAHESHWARI.NS
NSE,STOCK,MAHLIFE,Mahindra Lifespace Developers Limited,INE813A01018,,EQ,MAHLIFE.NS
NSE,STOCK,MAHLOG,Mahindra Logistics Limited,INE766P01016,,EQ,MAHLOG.NS
NSE,STOCK,MAHSCOOTER,Maharashtra Scooters Limited,INE288A01013,,EQ,MAHSCOOTER.NS
NSE,STOCK,MAHSEAMLES,Maharashtra Seamless Limited,INE271B01025,,EQ,MAHSEAMLES.NS
NSE,STOCK,MAITHANALL,Maithan Alloys Limited,INE683C01011,,EQ,MAITHANALL.NS
NSE,STOCK,MAJESAUT,Majestic Auto Limited,INE201B01022,,BE,MAJESAUT.NS
NSE,STOCK,MAKERSL,Makers Laboratories Limited,INE987A01010,,EQ,MAKERSL.NS
NSE,STOCK,MALLCOM,Mallcom (India) Limited,INE389C01015,,EQ,MALLCOM.NS
NSE,STOCK,MALUPAPER,Malu Paper Mills Limited,INE383H01017,,EQ,MALUPAPER.NS
NSE,STOCK,MAMATA,Mamata Machinery Limited,INE0TO701015,,EQ,MAMATA.NS
NSE,STOCK,MANAKALUCO,Manaksia Aluminium Company Limited,INE859Q01017,,EQ,MANAKALUCO.NS
NSE,STOCK,MANAKCOAT,Manaksia Coated Metals & Industries Limited,INE830Q01018,,EQ,MANAKCOAT.NS
NSE,STOCK,MANAKSIA,Manaksia Limited,INE015D01022,,EQ,MANAKSIA.NS
NSE,STOCK,MANAKSTEEL,Manaksia Steels Limited,INE824Q01011,,EQ,MANAKSTEEL.NS
NSE,STOCK,MANALIPETC,Manali Petrochemicals Limited,INE201A01024,,EQ,MANALIPETC.NS
NSE,STOCK,MANAPPURAM,Manappuram Finance Limited,INE522D01027,,EQ,MANAPPURAM.NS
NSE,STOCK,MANBA,Manba Finance Limited,INE939X01013,,EQ,MANBA.NS
NSE,STOCK,MANCREDIT,Mangal Credit and Fincorp Limited,INE545L01039,,EQ,MANCREDIT.NS
NSE,STOCK,MANGALAM,Mangalam Drugs And Organics Limited,INE584F01014,,EQ,MANGALAM.NS
NSE,STOCK,MANGLMCEM,Mangalam Cement Limited,INE347A01017,,EQ,MANGLMCEM.NS
NSE,STOCK,MANINDS,Man Industries (India) Limited,INE993A01026,,EQ,MANINDS.NS
NSE,STOCK,MANINFRA,Man Infraconstruction Limited,INE949H01023,,EQ,MANINFRA.NS
NSE,STOCK,MANIPALHOS,Manipal Health Enterprises Limited,INE459N01021,,EQ,MANIPALHOS.NS
NSE,STOCK,MANKIND,Mankind Pharma Limited,INE634S01028,,EQ,MANKIND.NS
NSE,STOCK,MANOMAY,Manomay Tex India Limited,INE784W01015,,EQ,MANOMAY.NS
NSE,STOCK,MANORAMA,Manorama Industries Limited,INE00VM01036,,EQ,MANORAMA.NS
NSE,STOCK,MANORG,Mangalam Organics Limited,INE370D01013,,EQ,MANORG.NS
NSE,STOCK,MANUGRAPH,Manugraph India Limited,INE867A01022,,BE,MANUGRAPH.NS
NSE,STOCK,MANYAVAR,Vedant Fashions Limited,INE825V01034,,EQ,MANYAVAR.NS
NSE,STOCK,MAPMYINDIA,C.E. Info Systems Limited,INE0BV301023,,EQ,MAPMYINDIA.NS
NSE,STOCK,MARALOVER,Maral Overseas Limited,INE882A01013,,EQ,MARALOVER.NS
NSE,STOCK,MARATHON,Marathon Nextgen Realty Limited,INE182D01020,,EQ,MARATHON.NS
NSE,STOCK,MARICO,Marico Limited,INE196A01026,,EQ,MARICO.NS
NSE,STOCK,MARINE,Marine Electricals (India) Limited,INE01JE01028,,EQ,MARINE.NS
NSE,STOCK,MARKOLINES,Markolines Pavement Technologies Limited,INE0FW001016,,EQ,MARKOLINES.NS
NSE,STOCK,MARKSANS,Marksans Pharma Limited,INE750C01026,,EQ,MARKSANS.NS
NSE,STOCK,MARSONS,Marsons Limited,INE415B01044,,EQ,MARSONS.NS
NSE,STOCK,MARUTI,Maruti Suzuki India Limited,INE585B01010,,EQ,MARUTI.NS
NSE,STOCK,MASFIN,MAS Financial Services Limited,INE348L01012,,EQ,MASFIN.NS
NSE,STOCK,MASKINVEST,Mask Investments Limited,INE885F01015,,EQ,MASKINVEST.NS
NSE,STOCK,MASTEK,Mastek Limited,INE759A01021,,EQ,MASTEK.NS
NSE,STOCK,MASTERTR,Master Trust Limited,INE677D01037,,EQ,MASTERTR.NS
NSE,STOCK,MATRIMONY,Matrimony.Com Limited,INE866R01028,,EQ,MATRIMONY.NS
NSE,STOCK,MAWANASUG,Mawana Sugars Limited,INE636A01039,,EQ,MAWANASUG.NS
NSE,STOCK,MAXESTATES,Max Estates Limited,INE03EI01018,,EQ,MAXESTATES.NS
NSE,STOCK,MAXHEALTH,Max Healthcare Institute Limited,INE027H01010,,EQ,MAXHEALTH.NS
NSE,STOCK,MAXIND,Max India Limited,INE0CG601016,,EQ,MAXIND.NS
NSE,STOCK,MAYURUNIQ,Mayur Uniquoters Ltd,INE040D01038,,EQ,MAYURUNIQ.NS
NSE,STOCK,MAZDA,Mazda Limited,INE885E01042,,BE,MAZDA.NS
NSE,STOCK,MAZDOCK,Mazagon Dock Shipbuilders Limited,INE249Z01020,,EQ,MAZDOCK.NS
NSE,STOCK,MBAPL,Madhya Bharat Agro Products Limited,INE900L01028,,EQ,MBAPL.NS
NSE,STOCK,MBECL,Mcnally Bharat Engineering Company Limited,INE748A01024,,BE,MBECL.NS
NSE,STOCK,MBEL,M & B Engineering Limited,INE08N601015,,EQ,MBEL.NS
NSE,STOCK,MBLINFRA,MBL Infrastructure Limited,INE912H01013,,EQ,MBLINFRA.NS
NSE,STOCK,MCCHRLS-B,Mac Charles India Limited,INE435D01014,,EQ,MCCHRLS-B.NS
NSE,STOCK,MCL,M TEK COPPER LIMITED,INE813V01022,,EQ,MCL.NS
NSE,STOCK,MCLEODRUSS,Mcleod Russel India Limited,INE942G01012,,EQ,MCLEODRUSS.NS
NSE,STOCK,MCLOUD,Magellanic Cloud Limited,INE613C01026,,EQ,MCLOUD.NS
NSE,STOCK,MCX,Multi Commodity Exchange of India Limited,INE745G01043,,EQ,MCX.NS
NSE,STOCK,MEDANTA,Global Health Limited,INE474Q01031,,EQ,MEDANTA.NS
NSE,STOCK,MEDIASSIST,Medi Assist Healthcare Services Limited,INE456Z01021,,EQ,MEDIASSIST.NS
NSE,STOCK,MEDICAMEQ,Medicamen Biotech Limited,INE646B01010,,EQ,MEDICAMEQ.NS
NSE,STOCK,MEDICAPQ,Medi Caps Limited,INE442D01010,,EQ,MEDICAPQ.NS
NSE,STOCK,MEDICO,Medico Remedies Limited,INE630Y01024,,EQ,MEDICO.NS
NSE,STOCK,MEDPLUS,Medplus Health Services Limited,INE804L01022,,EQ,MEDPLUS.NS
NSE,STOCK,MEESHO,Meesho Limited,INE0VDM01015,,EQ,MEESHO.NS
NSE,STOCK,MEGASTAR,Megastar Foods Limited,INE00EM01016,,EQ,MEGASTAR.NS
NSE,STOCK,MEIL,Mangal Electrical Industries Limited,INE0PKD01011,,EQ,MEIL.NS
NSE,STOCK,MENNPIS,Menon Pistons Limited,INE650G01029,,EQ,MENNPIS.NS
NSE,STOCK,MENONBE,Menon Bearings Limited,INE071D01033,,BE,MENONBE.NS
NSE,STOCK,MEP,MEP Infrastructure Developers Limited,INE776I01010,,BZ,MEP.NS
NSE,STOCK,MERCANTILE,Mercantile Ventures Limited,INE689O01013,,EQ,MERCANTILE.NS
NSE,STOCK,MERCURYEV,Mercury Ev-Tech Limited,INE763M01028,,EQ,MERCURYEV.NS
NSE,STOCK,METROBRAND,Metro Brands Limited,INE317I01021,,EQ,METROBRAND.NS
NSE,STOCK,METROGLOBL,Metroglobal Limited,INE085D01033,,EQ,METROGLOBL.NS
NSE,STOCK,METROPOLIS,Metropolis Healthcare Limited,INE112L01020,,EQ,METROPOLIS.NS
NSE,STOCK,MFML,Mahalaxmi Fabric Mills Limited,INE0US801024,,EQ,MFML.NS
NSE,STOCK,MFSL,Max Financial Services Limited,INE180A01020,,EQ,MFSL.NS
NSE,STOCK,MGEL,Mangalam Global Enterprise Limited,INE0APB01032,,BE,MGEL.NS
NSE,STOCK,MGL,Mahanagar Gas Limited,INE002S01010,,EQ,MGL.NS
NSE,STOCK,MHLXMIRU,Mahalaxmi Rubtech Limited,INE112D01035,,BE,MHLXMIRU.NS
NSE,STOCK,MHRIL,Mahindra Holidays & Resorts India Limited,INE998I01010,,EQ,MHRIL.NS
NSE,STOCK,MICEL,MIC Electronics Limited,INE287C01037,,BE,MICEL.NS
NSE,STOCK,MIDHANI,Mishra Dhatu Nigam Limited,INE099Z01011,,EQ,MIDHANI.NS
NSE,STOCK,MIDWESTLTD,Midwest Limited,INE0XAD01024,,EQ,MIDWESTLTD.NS
NSE,STOCK,MIIL,Meghna Infracon Infrastructure Limited,INE898Q01015,,EQ,MIIL.NS
NSE,STOCK,MILKYMIST,Milky Mist Dairy Food Limited,INE00IT01020,,EQ,MILKYMIST.NS
NSE,STOCK,MINALIND,Minal Industries Limited,INE097E01028,,BE,MINALIND.NS
NSE,STOCK,MINDACORP,Minda Corporation Limited,INE842C01021,,EQ,MINDACORP.NS
NSE,STOCK,MINDTECK,Mindteck (India) Limited,INE110B01017,,EQ,MINDTECK.NS
NSE,STOCK,MIRZAINT,Mirza International Limited,INE771A01026,,EQ,MIRZAINT.NS
NSE,STOCK,MITCON,MITCON Consultancy & Engineering Services Limited,INE828O01033,,BE,MITCON.NS
NSE,STOCK,MITTAL,Mittal Life Style Limited,INE997Y01027,,EQ,MITTAL.NS
NSE,STOCK,MKEXIM,M.K. Exim (India) Limited,INE227F01010,,EQ,MKEXIM.NS
NSE,STOCK,MKPL,M K Proteins Limited,INE964W01021,,EQ,MKPL.NS
NSE,STOCK,MLKFOOD,Milkfood Limited,INE588G01021,,EQ,MLKFOOD.NS
NSE,STOCK,MMFL,MM Forgings Limited,INE227C01017,,EQ,MMFL.NS
NSE,STOCK,MMP,MMP Industries Limited,INE511Y01018,,EQ,MMP.NS
NSE,STOCK,MMTC,MMTC Limited,INE123F01029,,EQ,MMTC.NS
NSE,STOCK,MMWL,Media Matrix Worldwide Limited,INE200D01020,,EQ,MMWL.NS
NSE,STOCK,MOBIKWIK,One Mobikwik Systems Limited,INE0HLU01028,,EQ,MOBIKWIK.NS
NSE,STOCK,MODINATUR,Modi Naturals Limited,INE537F01012,,EQ,MODINATUR.NS
NSE,STOCK,MODIRUBBER,Modi Rubber Limited,INE832A01018,,EQ,MODIRUBBER.NS
NSE,STOCK,MODIS,Modis Navnirman Limited,INE0L0L01012,,EQ,MODIS.NS
NSE,STOCK,MODISONLTD,MODISON LIMITED,INE737D01021,,EQ,MODISONLTD.NS
NSE,STOCK,MODTHREAD,Modern Threads (India) Limited,INE794W01014,,EQ,MODTHREAD.NS
NSE,STOCK,MOHITE,Mohite Industries Limited,INE154B01023,,EQ,MOHITE.NS
NSE,STOCK,MOHITIND,Mohit Industries Limited,INE954E01012,,EQ,MOHITIND.NS
NSE,STOCK,MOIL,MOIL Limited,INE490G01020,,EQ,MOIL.NS
NSE,STOCK,MOKSH,Moksh Ornaments Limited,INE514Y01020,,EQ,MOKSH.NS
NSE,STOCK,MOL,Meghmani Organics Limited,INE0CT101020,,EQ,MOL.NS
NSE,STOCK,MOLBIO,Molbio Diagnostics Limited,INE869T01028,,EQ,MOLBIO.NS
NSE,STOCK,MOLDTECH,Mold-Tek Technologies Limited,INE835B01035,,BE,MOLDTECH.NS
NSE,STOCK,MOLDTKPAC,Mold-Tek Packaging Limited,INE893J01029,,EQ,MOLDTKPAC.NS
NSE,STOCK,MONARCH,Monarch Networth Capital Limited,INE903D01011,,EQ,MONARCH.NS
NSE,STOCK,MONEYBOXX,Moneyboxx Finance Limited,INE296Q01012,,EQ,MONEYBOXX.NS
NSE,STOCK,MONTECARLO,Monte Carlo Fashions Limited,INE950M01013,,EQ,MONTECARLO.NS
NSE,STOCK,MOREPENLAB,Morepen Laboratories Limited,INE083A01026,,EQ,MOREPENLAB.NS
NSE,STOCK,MOSCHIP,Moschip Technologies Limited,INE935B01025,,EQ,MOSCHIP.NS
NSE,STOCK,MOTHERSON,Samvardhana Motherson International Limited,INE775A01035,,EQ,MOTHERSON.NS
NSE,STOCK,MOTILALOFS,Motilal Oswal Financial Services Limited,INE338I01027,,EQ,MOTILALOFS.NS
NSE,STOCK,MOTISONS,Motisons Jewellers Limited,INE0FRK01020,,EQ,MOTISONS.NS
NSE,STOCK,MOTOGENFIN,The Motor & General Finance Limited,INE861B01023,,BE,MOTOGENFIN.NS
NSE,STOCK,MPDL,MPDL Limited,INE493H01014,,BE,MPDL.NS
NSE,STOCK,MPHASIS,MphasiS Limited,INE356A01018,,EQ,MPHASIS.NS
NSE,STOCK,MPSLTD,MPS Limited,INE943D01017,,EQ,MPSLTD.NS
NSE,STOCK,MRF,MRF Limited,INE883A01011,,EQ,MRF.NS
NSE,STOCK,MRPL,Mangalore Refinery and Petrochemicals Limited,INE103A01014,,EQ,MRPL.NS
NSE,STOCK,MSL,Mangalam Seeds Limited,INE829S01016,,EQ,MSL.NS
NSE,STOCK,MSPL,MSP Steel & Power Limited,INE752G01015,,EQ,MSPL.NS
NSE,STOCK,MSTCLTD,Mstc Limited,INE255X01014,,EQ,MSTCLTD.NS
NSE,STOCK,MSUMI,Motherson Sumi Wiring India Limited,INE0FS801015,,EQ,MSUMI.NS
NSE,STOCK,MTARTECH,Mtar Technologies Limited,INE864I01014,,BE,MTARTECH.NS
NSE,STOCK,MTEDUCARE,MT Educare Limited,INE472M01018,,BE,MTEDUCARE.NS
NSE,STOCK,MTNL,Mahanagar Telephone Nigam Limited,INE153A01019,,EQ,MTNL.NS
NSE,STOCK,MUFIN,Mufin Green Finance Limited,INE08KJ01020,,EQ,MUFIN.NS
NSE,STOCK,MUFTI,Credo Brands Marketing Limited,INE220Q01020,,EQ,MUFTI.NS
NSE,STOCK,MUKANDLTD,Mukand Limited,INE304A01026,,EQ,MUKANDLTD.NS
NSE,STOCK,MUKESHB,Mukesh Babu Financial Services Limited,INE596B01017,,EQ,MUKESHB.NS
NSE,STOCK,MUKKA,Mukka Proteins Limited,INE0CG401037,,EQ,MUKKA.NS
NSE,STOCK,MUKTAARTS,Mukta Arts Limited,INE374B01019,,BE,MUKTAARTS.NS
NSE,STOCK,MUNJALAU,Munjal Auto Industries Limited,INE672B01032,,EQ,MUNJALAU.NS
NSE,STOCK,MUNJALSHOW,Munjal Showa Limited,INE577A01027,,EQ,MUNJALSHOW.NS
NSE,STOCK,MURUDCERA,Murudeshwar Ceramics Limited,INE692B01014,,EQ,MURUDCERA.NS
NSE,STOCK,MUTHOOTCAP,Muthoot Capital Services Limited,INE296G01013,,EQ,MUTHOOTCAP.NS
NSE,STOCK,MUTHOOTFIN,Muthoot Finance Limited,INE414G01012,,EQ,MUTHOOTFIN.NS
NSE,STOCK,MUTHOOTMF,Muthoot Microfin Limited,INE046W01019,,EQ,MUTHOOTMF.NS
NSE,STOCK,MVELECTRO,MV Electrosystems Limited,INE0OWZ01020,,EQ,MVELECTRO.NS
NSE,STOCK,MVGJL,Manoj Vaibhav Gems N Jewellers Limited,INE0KNT01012,,EQ,MVGJL.NS
NSE,STOCK,MWL,Mangalam Worldwide Limited,INE0JYY01029,,EQ,MWL.NS
NSE,STOCK,MYSORPETRO,Mysore Petro Chemicals Limited,INE741A01011,,BE,MYSORPETRO.NS
NSE,STOCK,NACLIND,NACL Industries Limited,INE295D01020,,EQ,NACLIND.NS
NSE,STOCK,NAGREEKCAP,Nagreeka Capital & Infrastructure Limited,INE245I01016,,EQ,NAGREEKCAP.NS
NSE,STOCK,NAGREEKEXP,Nagreeka Exports Limited,INE123B01028,,EQ,NAGREEKEXP.NS
NSE,STOCK,NAHARCAP,Nahar Capital and Financial Services Limited,INE049I01012,,EQ,NAHARCAP.NS
NSE,STOCK,NAHARINDUS,Nahar Industrial Enterprises Limited,INE289A01011,,EQ,NAHARINDUS.NS
NSE,STOCK,NAHARPOLY,Nahar Poly Films Limited,INE308A01027,,EQ,NAHARPOLY.NS
NSE,STOCK,NAHARSPING,Nahar Spinning Mills Limited,INE290A01027,,EQ,NAHARSPING.NS
NSE,STOCK,NAM-INDIA,Nippon Life India Asset Management Limited,INE298J01013,,EQ,NAM-INDIA.NS
NSE,STOCK,NARMADA,Narmada Agrobase Limited,INE117Z01029,,EQ,NARMADA.NS
NSE,STOCK,NATCAPSUQ,Natural Capsules Limited,INE936B01015,,BE,NATCAPSUQ.NS
NSE,STOCK,NATCOPHARM,Natco Pharma Limited,INE987B01026,,EQ,NATCOPHARM.NS
NSE,STOCK,NATHBIOGEN,Nath Bio-Genes (India) Limited,INE448G01010,,EQ,NATHBIOGEN.NS
NSE,STOCK,NATIONALUM,National Aluminium Company Limited,INE139A01034,,EQ,NATIONALUM.NS
NSE,STOCK,NATIONSTD,National Standard (India) Limited,INE166R01015,,EQ,NATIONSTD.NS
NSE,STOCK,NAUKRI,Info Edge (India) Limited,INE663F01032,,EQ,NAUKRI.NS
NSE,STOCK,NAVA,NAVA LIMITED,INE725A01030,,EQ,NAVA.NS
NSE,STOCK,NAVINFLUOR,Navin Fluorine International Limited,INE048G01026,,EQ,NAVINFLUOR.NS
NSE,STOCK,NAVKARCORP,Navkar Corporation Limited,INE278M01019,,EQ,NAVKARCORP.NS
NSE,STOCK,NAVKARURB,Navkar Urbanstructure Limited,INE268H01044,,BE,NAVKARURB.NS
NSE,STOCK,NAVNETEDUL,Navneet Education Limited,INE060A01024,,EQ,NAVNETEDUL.NS
NSE,STOCK,NAZARA,Nazara Technologies Limited,INE418L01047,,EQ,NAZARA.NS
NSE,STOCK,NBCC,NBCC (India) Limited,INE095N01031,,EQ,NBCC.NS
NSE,STOCK,NBIFIN,N. B. I. Industrial Finance Company Limited,INE365I01020,,EQ,NBIFIN.NS
NSE,STOCK,NCC,NCC Limited,INE868B01028,,EQ,NCC.NS
NSE,STOCK,NCLIND,NCL Industries Limited,INE732C01016,,EQ,NCLIND.NS
NSE,STOCK,NDGL,Naga Dhunseri Group Limited,INE756C01015,,EQ,NDGL.NS
NSE,STOCK,NDL,Nandan Denim Limited,INE875G01048,,EQ,NDL.NS
NSE,STOCK,NDLVENTURE,NDL Ventures Limited,INE353A01023,,EQ,NDLVENTURE.NS
NSE,STOCK,NDRAUTO,Ndr Auto Components Limited,INE07OG01012,,EQ,NDRAUTO.NS
NSE,STOCK,NDTV,New Delhi Television Limited,INE155G01029,,EQ,NDTV.NS
NSE,STOCK,NEAGI,Neelamalai Agro Industries Limited,INE605D01012,,EQ,NEAGI.NS
NSE,STOCK,NECCLTD,North Eastern Carrying Corporation Limited,INE553C01016,,BE,NECCLTD.NS
NSE,STOCK,NECLIFE,Nectar Lifesciences Limited,INE023H01027,,EQ,NECLIFE.NS
NSE,STOCK,NELCAST,Nelcast Limited,INE189I01024,,EQ,NELCAST.NS
NSE,STOCK,NELCO,NELCO Limited,INE045B01015,,EQ,NELCO.NS
NSE,STOCK,NEOGEN,Neogen Chemicals Limited,INE136S01016,,EQ,NEOGEN.NS
NSE,STOCK,NEPHROPLUS,Nephrocare Health Services Limited,INE428V01029,,EQ,NEPHROPLUS.NS
NSE,STOCK,NESCO,Nesco Limited,INE317F01035,,EQ,NESCO.NS
NSE,STOCK,NESTLEIND,Nestle India Limited,INE239A01024,,EQ,NESTLEIND.NS
NSE,STOCK,NETWEB,Netweb Technologies India Limited,INE0NT901020,,EQ,NETWEB.NS
NSE,STOCK,NETWORK18,Network18 Media & Investments Limited,INE870H01013,,EQ,NETWORK18.NS
NSE,STOCK,NEUEON,Neueon Corporation Limited,INE333I01044,,BE,NEUEON.NS
NSE,STOCK,NEULANDLAB,Neuland Laboratories Limited,INE794A01010,,EQ,NEULANDLAB.NS
NSE,STOCK,NEWGEN,Newgen Software Technologies Limited,INE619B01017,,EQ,NEWGEN.NS
NSE,STOCK,NEXTMEDIA,Next Mediaworks Limited,INE747B01016,,EQ,NEXTMEDIA.NS
NSE,STOCK,NFL,National Fertilizers Limited,INE870D01012,,EQ,NFL.NS
NSE,STOCK,NGIL,Nakoda Group of Industries Limited,INE236Y01012,,EQ,NGIL.NS
NSE,STOCK,NGLFINE,NGL Fine-Chem Limited,INE887E01022,,EQ,NGLFINE.NS
NSE,STOCK,NH,Narayana Hrudayalaya Ltd.,INE410P01011,,EQ,NH.NS
NSE,STOCK,NHPC,NHPC Limited,INE848E01016,,EQ,NHPC.NS
NSE,STOCK,NIACL,The New India Assurance Company Limited,INE470Y01017,,EQ,NIACL.NS
NSE,STOCK,NIBE,NIBE Limited,INE149O01018,,EQ,NIBE.NS
NSE,STOCK,NIBL,NRB Industrial Bearings Limited,INE047O01014,,EQ,NIBL.NS
NSE,STOCK,NICCOPAR,Nicco Parks & Resorts Limited,INE653C01022,,EQ,NICCOPAR.NS
NSE,STOCK,NIITLTD,NIIT Limited,INE161A01038,,EQ,NIITLTD.NS
NSE,STOCK,NIITMTS,NIIT Learning Systems Limited,INE342G01023,,EQ,NIITMTS.NS
NSE,STOCK,NILAINFRA,Nila Infrastructures Limited,INE937C01029,,EQ,NILAINFRA.NS
NSE,STOCK,NILASPACES,Nila Spaces Limited,INE00S901012,,EQ,NILASPACES.NS
NSE,STOCK,NILE,Nile Limited,INE445D01013,,EQ,NILE.NS
NSE,STOCK,NILKAMAL,Nilkamal Limited,INE310A01015,,EQ,NILKAMAL.NS
NSE,STOCK,NIMBSPROJ,Nimbus Projects Limited,INE875B01015,,EQ,NIMBSPROJ.NS
NSE,STOCK,NINSYS,NINtec Systems Limited,INE395U01014,,EQ,NINSYS.NS
NSE,STOCK,NIPPOBATRY,Indo-National Limited,INE567A01028,,EQ,NIPPOBATRY.NS
NSE,STOCK,NIRAJ,Niraj Cement Structurals Limited,INE368I01016,,EQ,NIRAJ.NS
NSE,STOCK,NIRAJISPAT,Niraj Ispat Industries Limited,INE326T01011,,BE,NIRAJISPAT.NS
NSE,STOCK,NIRLON,Nirlon Limited,INE910A01012,,EQ,NIRLON.NS
NSE,STOCK,NITCO,Nitco Limited,INE858F01012,,EQ,NITCO.NS
NSE,STOCK,NITINSPIN,Nitin Spinners Limited,INE229H01012,,EQ,NITINSPIN.NS
NSE,STOCK,NITIRAJ,Nitiraj Engineers Limited,INE439T01012,,EQ,NITIRAJ.NS
NSE,STOCK,NITTAGELA,Nitta Gelatin India Limited,INE265B01019,,EQ,NITTAGELA.NS
NSE,STOCK,NIVABUPA,Niva Bupa Health Insurance Company Limited,INE995S01015,,EQ,NIVABUPA.NS
NSE,STOCK,NKIND,NK Industries Limited,INE542C01019,,EQ,NKIND.NS
NSE,STOCK,NLCINDIA,NLC India Limited,INE589A01014,,EQ,NLCINDIA.NS
NSE,STOCK,NMDC,NMDC Limited,INE584A01023,,EQ,NMDC.NS
NSE,STOCK,NOCIL,NOCIL Limited,INE163A01018,,EQ,NOCIL.NS
NSE,STOCK,NOIDATOLL,Noida Toll Bridge Company Limited,INE781B01015,,EQ,NOIDATOLL.NS
NSE,STOCK,NORBTEAEXP,Norben Tea & Exports Limited,INE369C01017,,EQ,NORBTEAEXP.NS
NSE,STOCK,NORTHARC,Northern Arc Capital Limited,INE850M01015,,EQ,NORTHARC.NS
NSE,STOCK,NOVAAGRI,Nova Agritech Limited,INE02H701025,,BE,NOVAAGRI.NS
NSE,STOCK,NOVARTIND,Novartis India Limited,INE234A01025,,EQ,NOVARTIND.NS
NSE,STOCK,NPST,Network People Services Technologies Limited,INE0FFK01017,,EQ,NPST.NS
NSE,STOCK,NRAIL,N R Agarwal Industries Limited,INE740D01017,,EQ,NRAIL.NS
NSE,STOCK,NRBBEARING,NRB Bearing Limited,INE349A01021,,EQ,NRBBEARING.NS
NSE,STOCK,NRL,Nupur Recyclers Limited,INE0JM501013,,BE,NRL.NS
NSE,STOCK,NSIL,Nalwa Sons Investments Limited,INE023A01030,,EQ,NSIL.NS
NSE,STOCK,NSLNISP,NMDC Steel Limited,INE0NNS01018,,EQ,NSLNISP.NS
NSE,STOCK,NTCIND,NTC Industries Limited,INE920C01017,,EQ,NTCIND.NS
NSE,STOCK,NTPC,NTPC Limited,INE733E01010,,EQ,NTPC.NS
NSE,STOCK,NTPCGREEN,NTPC Green Energy Limited,INE0ONG01011,,EQ,NTPCGREEN.NS
NSE,STOCK,NUCLEUS,Nucleus Software Exports Limited,INE096B01018,,EQ,NUCLEUS.NS
NSE,STOCK,NURECA,Nureca Limited,INE0DSF01015,,BE,NURECA.NS
NSE,STOCK,NUVAMA,Nuvama Wealth Management Limited,INE531F01023,,EQ,NUVAMA.NS
NSE,STOCK,NUVOCO,Nuvoco Vistas Corporation Limited,INE118D01016,,EQ,NUVOCO.NS
NSE,STOCK,NYKAA,FSN E-Commerce Ventures Limited,INE388Y01029,,EQ,NYKAA.NS
NSE,STOCK,OAL,Oriental Aromatics Limited,INE959C01023,,EQ,OAL.NS
NSE,STOCK,OBCL,OBCL Limited,INE426Z01016,,EQ,OBCL.NS
NSE,STOCK,OBEROIRLTY,Oberoi Realty Limited,INE093I01010,,EQ,OBEROIRLTY.NS
NSE,STOCK,OCCLLTD,OCCL Limited,INE0PK601023,,BE,OCCLLTD.NS
NSE,STOCK,ODIGMA,Odigma Consultancy Solutions Limited,INE054301028,,EQ,ODIGMA.NS
NSE,STOCK,ODYCORP,Odyssey Corporation Limited,INE839E01023,,EQ,ODYCORP.NS
NSE,STOCK,OFSS,Oracle Financial Services Software Limited,INE881D01027,,EQ,OFSS.NS
NSE,STOCK,OIL,Oil India Limited,INE274J01014,,EQ,OIL.NS
NSE,STOCK,OILCOUNTUB,Oil Country Tubular Limited,INE591A01010,,BE,OILCOUNTUB.NS
NSE,STOCK,OLAELEC,Ola Electric Mobility Limited,INE0LXG01040,,EQ,OLAELEC.NS
NSE,STOCK,OLECTRA,Olectra Greentech Limited,INE260D01016,,EQ,OLECTRA.NS
NSE,STOCK,OMAXAUTO,Omax Autos Limited,INE090B01011,,EQ,OMAXAUTO.NS
NSE,STOCK,OMAXE,Omaxe Limited,INE800H01010,,EQ,OMAXE.NS
NSE,STOCK,OMFREIGHT,Om Freight Forwarders Limited,INE1BZC01019,,BE,OMFREIGHT.NS
NSE,STOCK,OMINFRAL,OM INFRA LIMITED,INE239D01028,,EQ,OMINFRAL.NS
NSE,STOCK,OMNI,Omnitech Engineering Limited,INE0UH301010,,EQ,OMNI.NS
NSE,STOCK,OMPOWER,Om Power Transmission Limited,INE25E901019,,EQ,OMPOWER.NS
NSE,STOCK,ONEGLOBAL,One Global Service Provider Limited,INE670O01013,,EQ,ONEGLOBAL.NS
NSE,STOCK,ONELIFECAP,Onelife Capital Advisors Limited,INE912L01015,,BE,ONELIFECAP.NS
NSE,STOCK,ONEPOINT,One Point One Solutions Limited,INE840Y01029,,EQ,ONEPOINT.NS
NSE,STOCK,ONESOURCE,Onesource Specialty Pharma Limited,INE013P01021,,EQ,ONESOURCE.NS
NSE,STOCK,ONGC,Oil & Natural Gas Corporation Limited,INE213A01029,,EQ,ONGC.NS
NSE,STOCK,ONIDA,Onida Electronics Limited,INE831A01028,,EQ,ONIDA.NS
NSE,STOCK,ONIXSOLAR,Onix Solar Energy Limited,INE173M01012,,EQ,ONIXSOLAR.NS
NSE,STOCK,ONMOBILE,OnMobile Global Limited,INE809I01019,,BE,ONMOBILE.NS
NSE,STOCK,ONWARDTEC,Onward Technologies Limited,INE229A01017,,EQ,ONWARDTEC.NS
NSE,STOCK,OPTIEMUS,Optiemus Infracom Limited,INE350C01017,,EQ,OPTIEMUS.NS
NSE,STOCK,OPTIFIN,Optimus Finance Limited,INE031G01022,,EQ,OPTIFIN.NS
NSE,STOCK,ORBTEXP,Orbit Exports Limited,INE231G01010,,BE,ORBTEXP.NS
NSE,STOCK,ORCHASP,Orchasp Limited,INE215B01022,,EQ,ORCHASP.NS
NSE,STOCK,ORCHPHARMA,Orchid Pharma Limited,INE191A01027,,EQ,ORCHPHARMA.NS
NSE,STOCK,ORICONENT,Oricon Enterprises Limited,INE730A01022,,EQ,ORICONENT.NS
NSE,STOCK,ORIENTALTL,Oriental Trimex Limited,INE998H01012,,EQ,ORIENTALTL.NS
NSE,STOCK,ORIENTBELL,Orient Bell Limited,INE607D01018,,EQ,ORIENTBELL.NS
NSE,STOCK,ORIENTCEM,Orient Cement Limited,INE876N01018,,EQ,ORIENTCEM.NS
NSE,STOCK,ORIENTCER,ORIENT CERATECH LIMITED,INE569C01020,,EQ,ORIENTCER.NS
NSE,STOCK,ORIENTELEC,Orient Electric Limited,INE142Z01019,,EQ,ORIENTELEC.NS
NSE,STOCK,ORIENTHOT,Oriental Hotels Limited,INE750A01020,,EQ,ORIENTHOT.NS
NSE,STOCK,ORIENTLTD,Orient Press Limited,INE609C01024,,BE,ORIENTLTD.NS
NSE,STOCK,ORIENTPPR,Orient Paper & Industries Limited,INE592A01026,,EQ,ORIENTPPR.NS
NSE,STOCK,ORIENTTECH,Orient Technologies Limited,INE0PPK01015,,EQ,ORIENTTECH.NS
NSE,STOCK,ORIRAIL,Oriental Rail Infrastructure Limited,INE457G01029,,EQ,ORIRAIL.NS
NSE,STOCK,ORISSAMINE,The Orissa Minerals Development Company Limited,INE725E01024,,EQ,ORISSAMINE.NS
NSE,STOCK,ORKLAINDIA,Orkla India Limited,INE16NZ01023,,EQ,ORKLAINDIA.NS
NSE,STOCK,ORTINGLOBE,ORTIN GLOBAL LIMITED,INE749B01020,,EQ,ORTINGLOBE.NS
NSE,STOCK,OSIAHYPER,Osia Hyper Retail Limited,INE06IR01021,,BE,OSIAHYPER.NS
NSE,STOCK,OSWALAGRO,Oswal Agro Mills Limited,INE142A01012,,EQ,OSWALAGRO.NS
NSE,STOCK,OSWALGREEN,Oswal Greentech Limited,INE143A01010,,EQ,OSWALGREEN.NS
NSE,STOCK,OSWALPUMPS,Oswal Pumps Limited,INE0BYP01024,,EQ,OSWALPUMPS.NS
NSE,STOCK,OSWALSEEDS,ShreeOswal Seeds And Chemicals Limited,INE00IK01029,,EQ,OSWALSEEDS.NS
NSE,STOCK,PACEDIGITK,Pace Digitek Limited,INE0S3G01027,,EQ,PACEDIGITK.NS
NSE,STOCK,PACIFICI,Pacific Industries Limited,INE883C01025,,EQ,PACIFICI.NS
NSE,STOCK,PAGEIND,Page Industries Limited,INE761H01022,,EQ,PAGEIND.NS
NSE,STOCK,PAISALO,Paisalo Digital Limited,INE420C01059,,EQ,PAISALO.NS
NSE,STOCK,PAKKA,PAKKA LIMITED,INE551D01018,,EQ,PAKKA.NS
NSE,STOCK,PALASHSECU,Palash Securities Limited,INE471W01019,,EQ,PALASHSECU.NS
NSE,STOCK,PALREDTEC,Palred Technologies Limited,INE218G01033,,BE,PALREDTEC.NS
NSE,STOCK,PANACEABIO,Panacea Biotec Limited,INE922B01023,,EQ,PANACEABIO.NS
NSE,STOCK,PANACHE,Panache Digilife Limited,INE895W01019,,BE,PANACHE.NS
NSE,STOCK,PANAMAPET,Panama Petrochem Limited,INE305C01029,,EQ,PANAMAPET.NS
NSE,STOCK,PANCHMAHQ,Panchmahal Steel Limited,INE798F01010,,EQ,PANCHMAHQ.NS
NSE,STOCK,PANORAMA,Panorama Studios International Limited,INE258R01028,,EQ,PANORAMA.NS
NSE,STOCK,PANSARI,Pansari Developers Limited,INE697V01011,,EQ,PANSARI.NS
NSE,STOCK,PAR,Par Drugs And Chemicals Limited,INE04LG01015,,BE,PAR.NS
NSE,STOCK,PARACABLES,Paramount Communications Limited,INE074B01023,,EQ,PARACABLES.NS
NSE,STOCK,PARADEEP,Paradeep Phosphates Limited,INE088F01024,,EQ,PARADEEP.NS
NSE,STOCK,PARAGMILK,Parag Milk Foods Limited,INE883N01014,,EQ,PARAGMILK.NS
NSE,STOCK,PARAS,Paras Defence and Space Technologies Limited,INE045601023,,EQ,PARAS.NS
NSE,STOCK,PARASPETRO,Paras Petrofils Limited,INE162C01024,,EQ,PARASPETRO.NS
NSE,STOCK,PARKHOSPS,Park Medi World Limited,INE119201023,,EQ,PARKHOSPS.NS
NSE,STOCK,PARKHOTELS,Apeejay Surrendra Park Hotels Limited,INE988S01028,,EQ,PARKHOTELS.NS
NSE,STOCK,PARNAXLAB,Parnax Lab Limited,INE383L01019,,EQ,PARNAXLAB.NS
NSE,STOCK,PARSVNATH,Parsvnath Developers Limited,INE561H01026,,BE,PARSVNATH.NS
NSE,STOCK,PASHUPATI,Pashupati Cotspin Limited,INE124Y01028,,EQ,PASHUPATI.NS
NSE,STOCK,PASUPTAC,Pasupati Acrylon Limited,INE818B01023,,BE,PASUPTAC.NS
NSE,STOCK,PATANJALI,Patanjali Foods Limited,INE619A01035,,EQ,PATANJALI.NS
NSE,STOCK,PATELENG,Patel Engineering Limited,INE244B01030,,EQ,PATELENG.NS
NSE,STOCK,PATELRMART,Patel Retail Limited,INE0R8B01010,,EQ,PATELRMART.NS
NSE,STOCK,PATINTLOG,Patel Integrated Logistics Limited,INE529D01014,,BE,PATINTLOG.NS
NSE,STOCK,PAUSHAKLTD,Paushak Limited,INE111F01024,,EQ,PAUSHAKLTD.NS
NSE,STOCK,PAVNAIND,Pavna Industries Limited,INE07S101038,,EQ,PAVNAIND.NS
NSE,STOCK,PAYTM,One 97 Communications Limited,INE982J01020,,EQ,PAYTM.NS
NSE,STOCK,PBMPOLY,PBM Polytex Limited,INE501F01018,,EQ,PBMPOLY.NS
NSE,STOCK,PCBL,PCBL Chemical Limited,INE602A01031,,EQ,PCBL.NS
NSE,STOCK,PCJEWELLER,PC Jeweller Limited,INE785M01021,,EQ,PCJEWELLER.NS
NSE,STOCK,PDMJEPAPER,Pudumjee Paper Products Limited,INE865T01018,,EQ,PDMJEPAPER.NS
NSE,STOCK,PDSL,PDS Limited,INE111Q01021,,EQ,PDSL.NS
NSE,STOCK,PEARLPOLY,Pearl Polymers Limited,INE844A01013,,EQ,PEARLPOLY.NS
NSE,STOCK,PENIND,Pennar Industries Limited,INE932A01024,,EQ,PENIND.NS
NSE,STOCK,PENINLAND,Peninsula Land Limited,INE138A01028,,BE,PENINLAND.NS
NSE,STOCK,PERMAGN,Permanent Magnets Limited,INE418E01018,,EQ,PERMAGN.NS
NSE,STOCK,PERSISTENT,Persistent Systems Limited,INE262H01021,,EQ,PERSISTENT.NS
NSE,STOCK,PETRONET,Petronet LNG Limited,INE347G01014,,EQ,PETRONET.NS
NSE,STOCK,PFC,Power Finance Corporation Limited,INE134E01011,,EQ,PFC.NS
NSE,STOCK,PFIZER,Pfizer Limited,INE182A01018,,EQ,PFIZER.NS
NSE,STOCK,PFOCUS,Prime Focus Limited,INE367G01038,,EQ,PFOCUS.NS
NSE,STOCK,PFS,PTC India Financial Services Limited,INE560K01014,,EQ,PFS.NS
NSE,STOCK,PGEL,PG Electroplast Limited,INE457L01029,,EQ,PGEL.NS
NSE,STOCK,PGHH,Procter & Gamble Hygiene and Health Care Limited,INE179A01014,,EQ,PGHH.NS
NSE,STOCK,PGHL,Procter & Gamble Health Limited,INE199A01012,,EQ,PGHL.NS
NSE,STOCK,PGIL,Pearl Global Industries Limited,INE940H01022,,EQ,PGIL.NS
NSE,STOCK,PHOENIXLTD,The Phoenix Mills Limited,INE211B01039,,EQ,PHOENIXLTD.NS
NSE,STOCK,PHOENXINTL,Phoenix International Limited,INE245B01011,,EQ,PHOENXINTL.NS
NSE,STOCK,PICCADIL,Piccadily Agro Industries Limited,INE546C01010,,EQ,PICCADIL.NS
NSE,STOCK,PIDILITIND,Pidilite Industries Limited,INE318A01026,,EQ,PIDILITIND.NS
NSE,STOCK,PIGL,Power & Instrumentation (Gujarat) Limited,INE557Z01018,,EQ,PIGL.NS
NSE,STOCK,PIIND,PI Industries Limited,INE603J01030,,EQ,PIIND.NS
NSE,STOCK,PILANIINVS,Pilani Investment and Industries Corporation Limited,INE417C01014,,EQ,PILANIINVS.NS
NSE,STOCK,PILITA,PIL ITALICA LIFESTYLE LIMITED,INE600A01035,,EQ,PILITA.NS
NSE,STOCK,PINELABS,Pine Labs Limited,INE15B701018,,EQ,PINELABS.NS
NSE,STOCK,PIONEEREMB,Pioneer Embroideries Limited,INE156C01018,,EQ,PIONEEREMB.NS
NSE,STOCK,PIONRINV,Pioneer Investcorp Limited,INE746D01014,,BE,PIONRINV.NS
NSE,STOCK,PIRAMALFIN,Piramal Finance Limited,INE202B01038,,EQ,PIRAMALFIN.NS
NSE,STOCK,PITTIENG,Pitti Engineering Limited,INE450D01021,,EQ,PITTIENG.NS
NSE,STOCK,PIXTRANS,Pix Transmissions Limited,INE751B01018,,EQ,PIXTRANS.NS
NSE,STOCK,PKTEA,The Peria Karamalai Tea & Produce Company Limited,INE431F01018,,EQ,PKTEA.NS
NSE,STOCK,PLASTIBLEN,Plastiblends India Limited,INE083C01022,,EQ,PLASTIBLEN.NS
NSE,STOCK,PLATIND,Platinum Industries Limited,INE0PT501018,,EQ,PLATIND.NS
NSE,STOCK,PLAZACABLE,Plaza Wires Limited,INE0INJ01017,,EQ,PLAZACABLE.NS
NSE,STOCK,PML,Paul Merchants Limited,INE291E01019,,EQ,PML.NS
NSE,STOCK,PNB,Punjab National Bank,INE160A01022,,EQ,PNB.NS
NSE,STOCK,PNBGILTS,PNB Gilts Limited,INE859A01011,,EQ,PNBGILTS.NS
NSE,STOCK,PNBHOUSING,PNB Housing Finance Limited,INE572E01012,,EQ,PNBHOUSING.NS
NSE,STOCK,PNC,Pritish Nandy Communications Limited,INE392B01011,,EQ,PNC.NS
NSE,STOCK,PNCINFRA,PNC Infratech Limited,INE195J01029,,EQ,PNCINFRA.NS
NSE,STOCK,PNGJL,P N Gadgil Jewellers Limited,INE953R01016,,EQ,PNGJL.NS
NSE,STOCK,PNGSREVA,PNGS Reva Diamond Jewellery Limited,INE1RDG01013,,EQ,PNGSREVA.NS
NSE,STOCK,POCL,Pondy Oxides & Chemicals Limited,INE063E01061,,EQ,POCL.NS
NSE,STOCK,PODDARMENT,Poddar Pigments Limited,INE371C01013,,EQ,PODDARMENT.NS
NSE,STOCK,POEL,POCL Enterprises Limited,INE035S01028,,EQ,POEL.NS
NSE,STOCK,POKARNA,Pokarna Limited,INE637C01025,,EQ,POKARNA.NS
NSE,STOCK,POLICYBZR,PB Fintech Limited,INE417T01026,,EQ,POLICYBZR.NS
NSE,STOCK,POLYCAB,Polycab India Limited,INE455K01017,,EQ,POLYCAB.NS
NSE,STOCK,POLYMED,Poly Medicure Limited,INE205C01021,,EQ,POLYMED.NS
NSE,STOCK,POLYPLEX,Polyplex Corporation Limited,INE633B01018,,EQ,POLYPLEX.NS
NSE,STOCK,POLYSPIN,Polyspin Exports Limited,INE914G01029,,EQ,POLYSPIN.NS
NSE,STOCK,PONNIERODE,Ponni Sugars (Erode) Limited,INE838E01017,,EQ,PONNIERODE.NS
NSE,STOCK,POONAWALLA,Poonawalla Fincorp Limited,INE511C01022,,EQ,POONAWALLA.NS
NSE,STOCK,POWERGRID,Power Grid Corporation of India Limited,INE752E01010,,EQ,POWERGRID.NS
NSE,STOCK,POWERICA,Powerica Limited,INE921L01032,,EQ,POWERICA.NS
NSE,STOCK,POWERINDIA,Hitachi Energy India Limited,INE07Y701011,,EQ,POWERINDIA.NS
NSE,STOCK,POWERMECH,Power Mech Projects Limited,INE211R01019,,EQ,POWERMECH.NS
NSE,STOCK,PPAP,PPAP Automotive Limited,INE095I01015,,BE,PPAP.NS
NSE,STOCK,PPL,Prakash Pipes Limited,INE050001010,,BE,PPL.NS
NSE,STOCK,PPLPHARMA,Piramal Pharma Limited,INE0DK501011,,EQ,PPLPHARMA.NS
NSE,STOCK,PRABHA,Prabha Energy Limited,INE0I0M01023,,EQ,PRABHA.NS
NSE,STOCK,PRADPME,Pradeep Metals Limited,INE770A01010,,BE,PRADPME.NS
NSE,STOCK,PRAENG,Prajay Engineers Syndicate Limited,INE505C01016,,EQ,PRAENG.NS
NSE,STOCK,PRAJIND,Praj Industries Limited,INE074A01025,,EQ,PRAJIND.NS
NSE,STOCK,PRAKASH,Prakash Industries Limited,INE603A01013,,EQ,PRAKASH.NS
NSE,STOCK,PRAKASHSTL,Prakash Steelage Limited,INE696K01024,,EQ,PRAKASHSTL.NS
NSE,STOCK,PRAVEG,Praveg Limited,INE722B01019,,EQ,PRAVEG.NS
NSE,STOCK,PRAXIS,Praxis Home Retail Limited,INE546Y01022,,EQ,PRAXIS.NS
NSE,STOCK,PRECAM,Precision Camshafts Limited,INE484I01029,,EQ,PRECAM.NS
NSE,STOCK,PRECOT,Precot Limited,INE283A01014,,EQ,PRECOT.NS
NSE,STOCK,PRECWIRE,Precision Wires India Limited,INE372C01037,,EQ,PRECWIRE.NS
NSE,STOCK,PREMCO,Premco Global Limited,INE001E01012,,EQ,PREMCO.NS
NSE,STOCK,PREMEXPLN,Premier Explosives Limited,INE863B01029,,EQ,PREMEXPLN.NS
NSE,STOCK,PREMIER,Premier Limited,INE342A01018,,BE,PREMIER.NS
NSE,STOCK,PREMIERENE,Premier Energies Limited,INE0BS701011,,EQ,PREMIERENE.NS
NSE,STOCK,PREMIERPOL,Premier Polyfilm Limited,INE309M01020,,EQ,PREMIERPOL.NS
NSE,STOCK,PRESTIGE,Prestige Estates Projects Limited,INE811K01011,,EQ,PRESTIGE.NS
NSE,STOCK,PRICOLLTD,Pricol Limited,INE726V01018,,EQ,PRICOLLTD.NS
NSE,STOCK,PRIMESECU,Prime Securities Limited,INE032B01021,,EQ,PRIMESECU.NS
NSE,STOCK,PRIMO,Primo Chemicals Limited,INE607A01022,,EQ,PRIMO.NS
NSE,STOCK,PRINCEPIPE,Prince Pipes And Fittings Limited,INE689W01016,,EQ,PRINCEPIPE.NS
NSE,STOCK,PRIORITY,Priority Jewels Limited,INE15EH01014,,BE,PRIORITY.NS
NSE,STOCK,PRISMX,Prismx Global Ventures Limited,INE286N01028,,EQ,PRISMX.NS
NSE,STOCK,PRITI,Priti International Limited,INE974Z01015,,BE,PRITI.NS
NSE,STOCK,PRITIKAUTO,Pritika Auto Industries Limited,INE583R01029,,BE,PRITIKAUTO.NS
NSE,STOCK,PRIVISCL,Privi Speciality Chemicals Limited,INE959A01019,,EQ,PRIVISCL.NS
NSE,STOCK,PROSTARM,Prostarm Info Systems Limited,INE0BX301013,,EQ,PROSTARM.NS
NSE,STOCK,PROTEAN,Protean eGov Technologies Limited,INE004A01022,,EQ,PROTEAN.NS
NSE,STOCK,PROZONER,Prozone Realty Limited,INE195N01013,,EQ,PROZONER.NS
NSE,STOCK,PRSMJOHNSN,Prism Johnson Limited,INE010A01011,,EQ,PRSMJOHNSN.NS
NSE,STOCK,PRUDENT,Prudent Corporate Advisory Services Limited,INE00F201020,,EQ,PRUDENT.NS
NSE,STOCK,PRUDMOULI,Prudential Sugar Corporation Limited,INE024D01016,,BE,PRUDMOULI.NS
NSE,STOCK,PSB,Punjab & Sind Bank,INE608A01012,,EQ,PSB.NS
NSE,STOCK,PSPPROJECT,PSP Projects Limited,INE488V01015,,EQ,PSPPROJECT.NS
NSE,STOCK,PTC,PTC India Limited,INE877F01012,,EQ,PTC.NS
NSE,STOCK,PTCIL,PTC Industries Limited,INE596F01018,,EQ,PTCIL.NS
NSE,STOCK,PTL,PTL Enterprises Limited,INE034D01049,,EQ,PTL.NS
NSE,STOCK,PUNJABCHEM,Punjab Chemicals & Crop Protection Limited,INE277B01014,,EQ,PUNJABCHEM.NS
NSE,STOCK,PURVA,Puravankara Limited,INE323I01011,,EQ,PURVA.NS
NSE,STOCK,PVP,PVP Ventures Limited,INE362A01016,,EQ,PVP.NS
NSE,STOCK,PVRINOX,PVR INOX Limited,INE191H01014,,EQ,PVRINOX.NS
NSE,STOCK,PVSL,Popular Vehicles and Services Limited,INE772T01024,,EQ,PVSL.NS
NSE,STOCK,PWL,Physicswallah Limited,INE0LP301011,,EQ,PWL.NS
NSE,STOCK,PYRAMID,Pyramid Technoplast Limited,INE0MIS01010,,EQ,PYRAMID.NS
NSE,STOCK,QMSMEDI,QMS Medical Allied Services Limited,INE0FMW01018,,BE,QMSMEDI.NS
NSE,STOCK,QPOWER,Quality Power Electrical Equipments Limited,INE0SII01026,,EQ,QPOWER.NS
NSE,STOCK,QUADFUTURE,Quadrant Future Tek Limited,INE0LRY01011,,EQ,QUADFUTURE.NS
NSE,STOCK,QUESS,Quess Corp Limited,INE615P01015,,EQ,QUESS.NS
NSE,STOCK,QUICKHEAL,Quick Heal Technologies Limited,INE306L01010,,BE,QUICKHEAL.NS
NSE,STOCK,QUINT,Quint Digital Limited,INE641R01017,,EQ,QUINT.NS
NSE,STOCK,RACE,Race Eco Chain Limited,INE084Q01012,,EQ,RACE.NS
NSE,STOCK,RACLGEAR,RACL Geartech Limited,INE704B01017,,EQ,RACLGEAR.NS
NSE,STOCK,RADAAN,Radaan Mediaworks India Limited,INE874F01027,,EQ,RADAAN.NS
NSE,STOCK,RADHIKAJWE,Radhika Jeweltech Limited,INE583V01021,,EQ,RADHIKAJWE.NS
NSE,STOCK,RADIANTCMS,Radiant Cash Management Services Limited,INE855R01021,,EQ,RADIANTCMS.NS
NSE,STOCK,RADICO,Radico Khaitan Limited,INE944F01028,,EQ,RADICO.NS
NSE,STOCK,RADIOCITY,Music Broadcast Limited,INE919I01024,,EQ,RADIOCITY.NS
NSE,STOCK,RAILTEL,Railtel Corporation Of India Limited,INE0DD101019,,EQ,RAILTEL.NS
NSE,STOCK,RAIN,Rain Industries Limited,INE855B01025,,EQ,RAIN.NS
NSE,STOCK,RAINBOW,Rainbow Childrens Medicare Limited,INE961O01016,,EQ,RAINBOW.NS
NSE,STOCK,RAJESHEXPO,Rajesh Exports Limited,INE343B01030,,BZ,RAJESHEXPO.NS
NSE,STOCK,RAJMET,Rajnandini Metal Limited,INE00KV01022,,EQ,RAJMET.NS
NSE,STOCK,RAJOOENG,Rajoo Engineers Limited,INE535F01024,,BE,RAJOOENG.NS
NSE,STOCK,RAJPALAYAM,Rajapalayam Mills Limited,INE296E01026,,EQ,RAJPALAYAM.NS
NSE,STOCK,RAJRATAN,Rajratan Global Wire Limited,INE451D01029,,EQ,RAJRATAN.NS
NSE,STOCK,RAJRILTD,Raj Rayon Industries Limited,INE533D01032,,BE,RAJRILTD.NS
NSE,STOCK,RAJSREESUG,Rajshree Sugars & Chemicals Limited,INE562B01019,,EQ,RAJSREESUG.NS
NSE,STOCK,RAJTV,Raj Television Network Limited,INE952H01027,,EQ,RAJTV.NS
NSE,STOCK,RALLIS,Rallis India Limited,INE613A01020,,EQ,RALLIS.NS
NSE,STOCK,RAMANEWS,Shree Rama Newsprint Limited,INE278B01020,,EQ,RAMANEWS.NS
NSE,STOCK,RAMAPHO,Rama Phosphates Limited,INE809A01032,,EQ,RAMAPHO.NS
NSE,STOCK,RAMASTEEL,Rama Steel Tubes Limited,INE230R01035,,BE,RAMASTEEL.NS
NSE,STOCK,RAMBHAJO,Advit Jewels Limited,INE1SJO01012,,EQ,RAMBHAJO.NS
NSE,STOCK,RAMCOCEM,The Ramco Cements Limited,INE331A01037,,EQ,RAMCOCEM.NS
NSE,STOCK,RAMCOIND,Ramco Industries Limited,INE614A01028,,EQ,RAMCOIND.NS
NSE,STOCK,RAMCOSYS,Ramco Systems Limited,INE246B01019,,EQ,RAMCOSYS.NS
NSE,STOCK,RAMKY,Ramky Infrastructure Limited,INE874I01013,,EQ,RAMKY.NS
NSE,STOCK,RAMRAT,Ram Ratna Wires Limited,INE207E01023,,EQ,RAMRAT.NS
NSE,STOCK,RANASUG,Rana Sugars Limited,INE625B01014,,EQ,RANASUG.NS
NSE,STOCK,RANEHOLDIN,Rane Holdings Limited,INE384A01010,,EQ,RANEHOLDIN.NS
NSE,STOCK,RATEGAIN,Rategain Travel Technologies Limited,INE0CLI01024,,EQ,RATEGAIN.NS
NSE,STOCK,RATNAMANI,Ratnamani Metals & Tubes Limited,INE703B01027,,EQ,RATNAMANI.NS
NSE,STOCK,RATNAVEER,Ratnaveer Precision Engineering Limited,INE05CZ01011,,EQ,RATNAVEER.NS
NSE,STOCK,RAYMOND,Raymond Limited,INE301A01014,,EQ,RAYMOND.NS
NSE,STOCK,RAYMONDLSL,Raymond Lifestyle Limited,INE02ID01020,,EQ,RAYMONDLSL.NS
NSE,STOCK,RAYMONDREL,Raymond Realty Limited,INE1SY401010,,EQ,RAYMONDREL.NS
NSE,STOCK,RBA,Restaurant Brands Asia Limited,INE07T201019,,EQ,RBA.NS
NSE,STOCK,RBLBANK,RBL Bank Limited,INE976G01028,,EQ,RBLBANK.NS
NSE,STOCK,RBZJEWEL,RBZ Jewellers Limited,INE0PEQ01016,,EQ,RBZJEWEL.NS
NSE,STOCK,RCF,Rashtriya Chemicals and Fertilizers Limited,INE027A01015,,EQ,RCF.NS
NSE,STOCK,RCOM,Reliance Communications Limited,INE330H01018,,BE,RCOM.NS
NSE,STOCK,RECLTD,REC Limited,INE020B01018,,EQ,RECLTD.NS
NSE,STOCK,REDINGTON,Redington Limited,INE891D01026,,EQ,REDINGTON.NS
NSE,STOCK,REDTAPE,Redtape Limited,INE0LXT01019,,EQ,REDTAPE.NS
NSE,STOCK,REFEX,Refex Industries Limited,INE056I01025,,EQ,REFEX.NS
NSE,STOCK,REGAAL,Regaal Resources Limited,INE0MHO01029,,EQ,REGAAL.NS
NSE,STOCK,REGENCERAM,Regency Ceramics Limited,INE277C01012,,EQ,REGENCERAM.NS
NSE,STOCK,RELAXO,Relaxo Footwears Limited,INE131B01039,,EQ,RELAXO.NS
NSE,STOCK,RELCHEMQ,Reliance Chemotex Industries Limited,INE750D01016,,EQ,RELCHEMQ.NS
NSE,STOCK,RELIABLE,Reliable Data Services Limited,INE375Y01018,,EQ,RELIABLE.NS
NSE,STOCK,RELIANCE,Reliance Industries Limited,INE002A01018,,EQ,RELIANCE.NS
NSE,STOCK,RELIGARE,Religare Enterprises Limited,INE621H01010,,EQ,RELIGARE.NS
NSE,STOCK,RELINFRA,Reliance Infrastructure Limited,INE036A01016,,BE,RELINFRA.NS
NSE,STOCK,RELTD,Ravindra Energy Limited,INE206N01018,,EQ,RELTD.NS
NSE,STOCK,REMSONSIND,Remsons Industries Limited,INE474C01023,,EQ,REMSONSIND.NS
NSE,STOCK,RENUKA,Shree Renuka Sugars Limited,INE087H01022,,EQ,RENUKA.NS
NSE,STOCK,REPCOHOME,Repco Home Finance Limited,INE612J01015,,EQ,REPCOHOME.NS
NSE,STOCK,REPL,Rudrabhishek Enterprises Limited,INE364Z01019,,BE,REPL.NS
NSE,STOCK,REPRO,Repro India Limited,INE461B01014,,EQ,REPRO.NS
NSE,STOCK,RESPONIND,Responsive Industries Limited,INE688D01026,,EQ,RESPONIND.NS
NSE,STOCK,RETAIL,JHS Svendgaard Retail Ventures Limited,INE03DD01011,,EQ,RETAIL.NS
NSE,STOCK,RGL,Renaissance Global Limited,INE722H01024,,EQ,RGL.NS
NSE,STOCK,RHETAN,Rhetan TMT Limited,INE0KKN01029,,EQ,RHETAN.NS
NSE,STOCK,RHFL,Reliance Home Finance Limited,INE217K01011,,BZ,RHFL.NS
NSE,STOCK,RHIM,RHI MAGNESITA INDIA LIMITED,INE743M01012,,EQ,RHIM.NS
NSE,STOCK,RHL,Robust Hotels Limited,INE508K01013,,EQ,RHL.NS
NSE,STOCK,RICOAUTO,Rico Auto Industries Limited,INE209B01025,,EQ,RICOAUTO.NS
NSE,STOCK,RIIL,Reliance Industrial Infrastructure Limited,INE046A01015,,EQ,RIIL.NS
NSE,STOCK,RIR,RIR Power Electronics Limited,INE302D01024,,EQ,RIR.NS
NSE,STOCK,RISHABH,Rishabh Instruments Limited,INE0N2P01017,,EQ,RISHABH.NS
NSE,STOCK,RITCO,Ritco Logistics Limited,INE01EG01016,,EQ,RITCO.NS
NSE,STOCK,RITES,RITES Limited,INE320J01015,,EQ,RITES.NS
NSE,STOCK,RKDL,Ravi Kumar Distilleries Limited,INE722J01012,,EQ,RKDL.NS
NSE,STOCK,RKEC,RKEC Projects Limited,INE786W01010,,EQ,RKEC.NS
NSE,STOCK,RKFORGE,Ramkrishna Forgings Limited,INE399G01023,,EQ,RKFORGE.NS
NSE,STOCK,RKSWAMY,R K Swamy Limited,INE0NQ801033,,EQ,RKSWAMY.NS
NSE,STOCK,RMC,RMC Switchgears Limited,INE655V01019,,EQ,RMC.NS
NSE,STOCK,RMDRIP,R M Drip and Sprinklers Systems Limited,INE219Y01026,,BE,RMDRIP.NS
NSE,STOCK,RML,Rane (Madras) Limited,INE050H01012,,EQ,RML.NS
NSE,STOCK,RNBDENIMS,R&B Denims Limited,INE012Q01039,,EQ,RNBDENIMS.NS
NSE,STOCK,ROHLTD,Royal Orchid Hotels Limited,INE283H01019,,EQ,ROHLTD.NS
NSE,STOCK,ROLEXRINGS,Rolex Rings Limited,INE645S01024,,EQ,ROLEXRINGS.NS
NSE,STOCK,ROLLT,Rollatainers Limited,INE927A01040,,BE,ROLLT.NS
NSE,STOCK,ROML,Raj Oil Mills Limited,INE294G01026,,EQ,ROML.NS
NSE,STOCK,ROSSARI,Rossari Biotech Limited,INE02A801020,,EQ,ROSSARI.NS
NSE,STOCK,ROSSELLIND,Rossell India Limited,INE847C01020,,EQ,ROSSELLIND.NS
NSE,STOCK,ROSSTECH,Rossell Techsys Limited,INE0OJW01016,,EQ,ROSSTECH.NS
NSE,STOCK,ROTO,Roto Pumps Limited,INE535D01037,,EQ,ROTO.NS
NSE,STOCK,ROUTE,ROUTE MOBILE LIMITED,INE450U01017,,EQ,ROUTE.NS
NSE,STOCK,RPEL,Raghav Productivity Enhancers Limited,INE912T01018,,EQ,RPEL.NS
NSE,STOCK,RPGLIFE,RPG Life Sciences Limited,INE105J01010,,EQ,RPGLIFE.NS
NSE,STOCK,RPOWER,Reliance Power Limited,INE614G01033,,EQ,RPOWER.NS
NSE,STOCK,RPPINFRA,R.P.P. Infra Projects Limited,INE324L01013,,EQ,RPPINFRA.NS
NSE,STOCK,RPPL,Rajshree Polypack Limited,INE760W01023,,BE,RPPL.NS
NSE,STOCK,RPSGVENT,RPSG VENTURES LIMITED,INE425Y01011,,EQ,RPSGVENT.NS
NSE,STOCK,RPTECH,Rashi Peripherals Limited,INE0J1F01024,,EQ,RPTECH.NS
NSE,STOCK,RRECL,RDB Real Estate Constructions Limited,INE0AK901016,,EQ,RRECL.NS
NSE,STOCK,RRIL,RRIL Limited,INE951M01037,,EQ,RRIL.NS
NSE,STOCK,RRKABEL,R R Kabel Limited,INE777K01022,,EQ,RRKABEL.NS
NSE,STOCK,RSDFIN,RSD Finance Limited,INE616F01022,,BE,RSDFIN.NS
NSE,STOCK,RSL,Rajputana Stainless Limited,INE313L01016,,EQ,RSL.NS
NSE,STOCK,RSSOFTWARE,R. S. Software (India) Limited,INE165B01029,,EQ,RSSOFTWARE.NS
NSE,STOCK,RSWM,RSWM Limited,INE611A01016,,BE,RSWM.NS
NSE,STOCK,RSYSTEMS,R Systems International Limited,INE411H01032,,EQ,RSYSTEMS.NS
NSE,STOCK,RTNINDIA,RattanIndia Enterprises Limited,INE834M01019,,EQ,RTNINDIA.NS
NSE,STOCK,RTNPOWER,RattanIndia Power Limited,INE399K01017,,EQ,RTNPOWER.NS
NSE,STOCK,RTSPOWR,RTS Power Corporation Limited,INE005C01017,,EQ,RTSPOWR.NS
NSE,STOCK,RUBFILA,Rubfila International Limited,INE642C01025,,EQ,RUBFILA.NS
NSE,STOCK,RUBICON,Rubicon Research Limited,INE506V01022,,EQ,RUBICON.NS
NSE,STOCK,RUBYMILLS,The Ruby Mills Limited,INE301D01026,,BE,RUBYMILLS.NS
NSE,STOCK,RUCHINFRA,Ruchi Infrastructure Limited,INE413B01023,,EQ,RUCHINFRA.NS
NSE,STOCK,RUCHIRA,Ruchira Papers Limited,INE803H01014,,EQ,RUCHIRA.NS
NSE,STOCK,RUDRA,Rudra Global Infra Products Limited,INE027T01023,,EQ,RUDRA.NS
NSE,STOCK,RUPA,Rupa & Company Limited,INE895B01021,,EQ,RUPA.NS
NSE,STOCK,RUSHIL,Rushil Decor Limited,INE573K01025,,EQ,RUSHIL.NS
NSE,STOCK,RUSTOMJEE,Keystone Realtors Limited,INE263M01029,,EQ,RUSTOMJEE.NS
NSE,STOCK,RVHL,Ravinder Heights Limited,INE09E501017,,EQ,RVHL.NS
NSE,STOCK,RVNL,Rail Vikas Nigam Limited,INE415G01027,,EQ,RVNL.NS
NSE,STOCK,RVTH,Revathi Equipment India Limited,INE0DAB01012,,EQ,RVTH.NS
NSE,STOCK,S&SPOWER,S&S Power Switchgears Limited,INE902B01017,,EQ,S&SPOWER.NS
NSE,STOCK,SAATVIKGL,Saatvik Green Energy Limited,INE13B501022,,EQ,SAATVIKGL.NS
NSE,STOCK,SAB,SAB Industries Limited,INE137M01017,,EQ,SAB.NS
NSE,STOCK,SADBHAV,Sadbhav Engineering Limited,INE226H01026,,EQ,SADBHAV.NS
NSE,STOCK,SADBHIN,Sadbhav Infrastructure Project Limited,INE764L01010,,BE,SADBHIN.NS
NSE,STOCK,SADHNANIQ,Sadhana Nitrochem Limited,INE888C01040,,BE,SADHNANIQ.NS
NSE,STOCK,SAFARI,Safari Industries (India) Limited,INE429E01023,,EQ,SAFARI.NS
NSE,STOCK,SAGARDEEP,Sagardeep Alloys Limited,INE976T01013,,EQ,SAGARDEEP.NS
NSE,STOCK,SAGCEM,Sagar Cements Limited,INE229C01021,,EQ,SAGCEM.NS
NSE,STOCK,SAGILITY,SAGILITY LIMITED,INE0W2G01015,,EQ,SAGILITY.NS
NSE,STOCK,SAHLIBHFI,Shalibhadra Finance Limited,INE861D01011,,EQ,SAHLIBHFI.NS
NSE,STOCK,SAHYADRI,Sahyadri Industries Limited,INE280H01015,,EQ,SAHYADRI.NS
NSE,STOCK,SAICAPI,Sai Capital Limited,INE531X01018,,EQ,SAICAPI.NS
NSE,STOCK,SAIL,Steel Authority of India Limited,INE114A01011,,EQ,SAIL.NS
NSE,STOCK,SAILIFE,Sai Life Sciences Limited,INE570L01029,,EQ,SAILIFE.NS
NSE,STOCK,SAIPARENT,Sai Parenterals Limited,INE0H9F01037,,EQ,SAIPARENT.NS
NSE,STOCK,SAKAR,Sakar Healthcare Limited,INE732S01012,,EQ,SAKAR.NS
NSE,STOCK,SAKHTISUG,Sakthi Sugars Limited,INE623A01011,,EQ,SAKHTISUG.NS
NSE,STOCK,SAKSOFT,Saksoft Limited,INE667G01023,,EQ,SAKSOFT.NS
NSE,STOCK,SAKUMA,Sakuma Exports Limited,INE190H01024,,EQ,SAKUMA.NS
NSE,STOCK,SALASAR,Salasar Techno Engineering Limited,INE170V01027,,EQ,SALASAR.NS
NSE,STOCK,SALONA,Salona Cotspin Limited,INE498E01010,,EQ,SALONA.NS
NSE,STOCK,SALSTEEL,S.A.L. Steel Limited,INE658G01014,,EQ,SALSTEEL.NS
NSE,STOCK,SALZERELEC,Salzer Electronics Limited,INE457F01013,,EQ,SALZERELEC.NS
NSE,STOCK,SAMBANDAM,Sambandam Spinning Mills Limited,INE304D01012,,EQ,SAMBANDAM.NS
NSE,STOCK,SAMBHAAV,Sambhaav Media Limited,INE699B01027,,EQ,SAMBHAAV.NS
NSE,STOCK,SAMBHV,Sambhv Steel Tubes Limited,INE12NJ01018,,EQ,SAMBHV.NS
NSE,STOCK,SAMHI,Samhi Hotels Limited,INE08U801020,,EQ,SAMHI.NS
NSE,STOCK,SAMMAANCAP,Sammaan Capital Limited,INE148I01020,,EQ,SAMMAANCAP.NS
NSE,STOCK,SAMPANN,Sampann Utpadan India Limited,INE735M01018,,EQ,SAMPANN.NS
NSE,STOCK,SANATHAN,Sanathan Textiles Limited,INE0JPD01013,,EQ,SANATHAN.NS
NSE,STOCK,SANDESH,The Sandesh Limited,INE583B01015,,EQ,SANDESH.NS
NSE,STOCK,SANDHAR,Sandhar Technologies Limited,INE278H01035,,EQ,SANDHAR.NS
NSE,STOCK,SANDUMA,Sandur Manganese & Iron Ores Limited,INE149K01016,,EQ,SANDUMA.NS
NSE,STOCK,SANGAMIND,Sangam (India) Limited,INE495C01010,,EQ,SANGAMIND.NS
NSE,STOCK,SANGHVIMOV,Sanghvi Movers Limited,INE989A01032,,EQ,SANGHVIMOV.NS
NSE,STOCK,SANGINITA,Sanginita Chemicals Limited,INE753W01010,,BE,SANGINITA.NS
NSE,STOCK,SANOFI,Sanofi India Limited,INE058A01010,,EQ,SANOFI.NS
NSE,STOCK,SANOFICONR,Sanofi Consumer Healthcare India Limited,INE0UOS01011,,EQ,SANOFICONR.NS
NSE,STOCK,SANSERA,Sansera Engineering Limited,INE953O01021,,EQ,SANSERA.NS
NSE,STOCK,SANSTAR,Sanstar Limited,INE08NE01025,,EQ,SANSTAR.NS
NSE,STOCK,SANWARIA,Sanwaria Consumer Limited,INE890C01046,,BZ,SANWARIA.NS
NSE,STOCK,SAPPHIRE,Sapphire Foods India Limited,INE806T01020,,EQ,SAPPHIRE.NS
NSE,STOCK,SAPPL,Shree Ajit Pulp & Paper Limited,INE185C01017,,EQ,SAPPL.NS
NSE,STOCK,SARDAEN,Sarda Energy & Minerals Limited,INE385C01021,,EQ,SARDAEN.NS
NSE,STOCK,SAREGAMA,Saregama India Limited,INE979A01025,,EQ,SAREGAMA.NS
NSE,STOCK,SARLAPOLY,Sarla Performance Fibers Limited,INE453D01025,,EQ,SARLAPOLY.NS
NSE,STOCK,SARVESHWAR,Sarveshwar Foods Limited,INE324X01026,,EQ,SARVESHWAR.NS
NSE,STOCK,SASKEN,Sasken Technologies Limited,INE231F01020,,EQ,SASKEN.NS
NSE,STOCK,SATIA,Satia Industries Limited,INE170E01023,,EQ,SATIA.NS
NSE,STOCK,SATIN,Satin Creditcare Network Limited,INE836B01017,,EQ,SATIN.NS
NSE,STOCK,SAURASHCEM,Saurashtra Cement Limited,INE626A01014,,EQ,SAURASHCEM.NS
NSE,STOCK,SAYAJIHOTL,Sayaji Hotels Limited,INE318C01014,,EQ,SAYAJIHOTL.NS
NSE,STOCK,SAYAJIIND,Sayaji Industries Limited,INE327G01032,,EQ,SAYAJIIND.NS
NSE,STOCK,SBC,SBC Exports Limited,INE04AK01028,,EQ,SBC.NS
NSE,STOCK,SBCL,Shivalik Bimetal Controls Limited,INE386D01027,,EQ,SBCL.NS
NSE,STOCK,SBFC,SBFC Finance Limited,INE423Y01016,,EQ,SBFC.NS
NSE,STOCK,SBGLP,Suratwwala Business Group Limited,INE05ST01028,,EQ,SBGLP.NS
NSE,STOCK,SBICARD,SBI Cards and Payment Services Limited,INE018E01016,,EQ,SBICARD.NS
NSE,STOCK,SBIFUNDS,SBI Funds Management Limited,INE640G01020,,EQ,SBIFUNDS.NS
NSE,STOCK,SBILIFE,SBI Life Insurance Company Limited,INE123W01016,,EQ,SBILIFE.NS
NSE,STOCK,SBIN,State Bank of India,INE062A01020,,EQ,SBIN.NS
NSE,STOCK,SCANSTL,Scan Steels Limited,INE099G01011,,BE,SCANSTL.NS
NSE,STOCK,SCHAEFFLER,Schaeffler India Limited,INE513A01022,,EQ,SCHAEFFLER.NS
NSE,STOCK,SCHAND,S Chand And Company Limited,INE807K01035,,EQ,SCHAND.NS
NSE,STOCK,SCHNEIDER,Schneider Electric Infrastructure Limited,INE839M01018,,EQ,SCHNEIDER.NS
NSE,STOCK,SCI,Shipping Corporation Of India Limited,INE109A01011,,EQ,SCI.NS
NSE,STOCK,SCILAL,Shipping Corporation of India Land and Assets Limited,INE0PB301013,,EQ,SCILAL.NS
NSE,STOCK,SCODATUBES,Scoda Tubes Limited,INE090501011,,EQ,SCODATUBES.NS
NSE,STOCK,SCPL,Sheetal Cool Products Limited,INE501Y01019,,BE,SCPL.NS
NSE,STOCK,SDBL,Som Distilleries & Breweries Limited,INE480C01038,,EQ,SDBL.NS
NSE,STOCK,SEAMECLTD,Seamec Limited,INE497B01018,,EQ,SEAMECLTD.NS
NSE,STOCK,SECMARK,SecMark Consultancy Limited,INE0BTM01013,,EQ,SECMARK.NS
NSE,STOCK,SECURKLOUD,SECUREKLOUD TECHNOLOGIES LIMITED,INE650K01021,,EQ,SECURKLOUD.NS
NSE,STOCK,SEDEMAC,SEDEMAC Mechatronics Limited,INE00XB01019,,EQ,SEDEMAC.NS
NSE,STOCK,SEIL,Shanti Educational Initiatives Limited,INE440T01028,,EQ,SEIL.NS
NSE,STOCK,SEJALLTD,Sejal Glass Limited,INE955I01044,,EQ,SEJALLTD.NS
NSE,STOCK,SEKURITIND,Saint Gobain Sekurit India Limited,INE068B01017,,EQ,SEKURITIND.NS
NSE,STOCK,SELMC,SEL Manufacturing Company Limited,INE105I01020,,EQ,SELMC.NS
NSE,STOCK,SEMAC,Semac Construction Limited,INE617A01013,,EQ,SEMAC.NS
NSE,STOCK,SENCO,Senco Gold Limited,INE602W01027,,EQ,SENCO.NS
NSE,STOCK,SENORES,Senores Pharmaceuticals Limited,INE0RB801010,,EQ,SENORES.NS
NSE,STOCK,SEPC,SEPC Limited,INE964H01014,,EQ,SEPC.NS
NSE,STOCK,SERVOTECH,Servotech Renewable Power System Limited,INE782X01033,,EQ,SERVOTECH.NS
NSE,STOCK,SESHAPAPER,Seshasayee Paper and Boards Limited,INE630A01024,,EQ,SESHAPAPER.NS
NSE,STOCK,SETCO,Setco Automotive Limited,INE878E01021,,BE,SETCO.NS
NSE,STOCK,SETL,Standard Engineering Technology Limited,INE0M4D01010,,EQ,SETL.NS
NSE,STOCK,SETUINFRA,Setubandhan Infrastructure Limited,INE023M01027,,BZ,SETUINFRA.NS
NSE,STOCK,SEYAIND,Seya Industries Limited,INE573R01012,,BE,SEYAIND.NS
NSE,STOCK,SFL,Sheela Foam Limited,INE916U01025,,EQ,SFL.NS
NSE,STOCK,SGFIN,SG Finserve Limited,INE618R01015,,EQ,SGFIN.NS
NSE,STOCK,SGIL,Synergy Green Industries Limited,INE00QT01015,,EQ,SGIL.NS
NSE,STOCK,SGL,STL Global Limited,INE353H01010,,EQ,SGL.NS
NSE,STOCK,SGLRES,SGL Resources Limited,INE967B01028,,EQ,SGLRES.NS
NSE,STOCK,SGMART,SG Mart Limited,INE385F01024,,EQ,SGMART.NS
NSE,STOCK,SGRL,Shree Ganesh Remedies Limited,INE414Y01015,,EQ,SGRL.NS
NSE,STOCK,SHADOWFAX,Shadowfax Technologies Limited,INE12UN01015,,EQ,SHADOWFAX.NS
NSE,STOCK,SHAH,Shah Metacorp Limited,INE482J01021,,EQ,SHAH.NS
NSE,STOCK,SHAHALLOYS,Shah Alloys Limited,INE640C01011,,BE,SHAHALLOYS.NS
NSE,STOCK,SHAILY,Shaily Engineering Plastics Limited,INE151G01028,,EQ,SHAILY.NS
NSE,STOCK,SHAKTIPUMP,Shakti Pumps (India) Limited,INE908D01010,,EQ,SHAKTIPUMP.NS
NSE,STOCK,SHALBY,Shalby Limited,INE597J01018,,EQ,SHALBY.NS
NSE,STOCK,SHALPAINTS,Shalimar Paints Limited,INE849C01026,,BE,SHALPAINTS.NS
NSE,STOCK,SHANKARA,Shankara Building Products Limited,INE274V01019,,EQ,SHANKARA.NS
NSE,STOCK,SHANKESH,Shankesh Jewellers Limited,INE1WFC01025,,EQ,SHANKESH.NS
NSE,STOCK,SHANTI,Shanti Overseas (India) Limited,INE933X01016,,EQ,SHANTI.NS
NSE,STOCK,SHANTIGEAR,Shanthi Gears Limited,INE631A01022,,EQ,SHANTIGEAR.NS
NSE,STOCK,SHANTIGOLD,Shanti Gold International Limited,INE06ZD01017,,EQ,SHANTIGOLD.NS
NSE,STOCK,SHARDACROP,Sharda Cropchem Limited,INE221J01015,,EQ,SHARDACROP.NS
NSE,STOCK,SHARDAMOTR,Sharda Motor Industries Limited,INE597I01028,,EQ,SHARDAMOTR.NS
NSE,STOCK,SHARDUL,Shardul Securities Limited,INE037B01020,,BE,SHARDUL.NS
NSE,STOCK,SHAREINDIA,Share India Securities Limited,INE932X01026,,EQ,SHAREINDIA.NS
NSE,STOCK,SHBAJRG,Shri Bajrang Alliance Limited,INE402H01015,,EQ,SHBAJRG.NS
NSE,STOCK,SHEKHAWATI,Shekhawati Industries Limited,INE268L01046,,BE,SHEKHAWATI.NS
NSE,STOCK,SHEMAROO,Shemaroo Entertainment Limited,INE363M01019,,BE,SHEMAROO.NS
NSE,STOCK,SHERVANI,Shervani Industrial Syndicate Limited,INE011D01013,,EQ,SHERVANI.NS
NSE,STOCK,SHILCTECH,Shilchar Technologies Limited,INE024F01011,,EQ,SHILCTECH.NS
NSE,STOCK,SHILGRAVQ,Shilp Gravures Limited,INE960A01017,,EQ,SHILGRAVQ.NS
NSE,STOCK,SHILPAMED,Shilpa Medicare Limited,INE790G01031,,EQ,SHILPAMED.NS
NSE,STOCK,SHINDL,Sharat Industries Limited,INE220Z01013,,EQ,SHINDL.NS
NSE,STOCK,SHIPROCKET,Shiprocket Limited,INE0FOO01011,,EQ,SHIPROCKET.NS
NSE,STOCK,SHIVAAGRO,Shiva Global Agro Industries Limited,INE960E01019,,EQ,SHIVAAGRO.NS
NSE,STOCK,SHIVACEM,Shiva Cement Limited,INE555C01029,,EQ,SHIVACEM.NS
NSE,STOCK,SHIVALIK,Shivalik Rasayan Limited,INE788J01021,,BE,SHIVALIK.NS
NSE,STOCK,SHIVAMAUTO,Shivam Autotech Limited,INE637H01024,,EQ,SHIVAMAUTO.NS
NSE,STOCK,SHIVAMILLS,Shiva Mills Limited,INE644Y01017,,EQ,SHIVAMILLS.NS
NSE,STOCK,SHIVATEX,Shiva Texyarn Limited,INE705C01020,,EQ,SHIVATEX.NS
NSE,STOCK,SHIVAUM,Shiv Aum Steels Limited,INE719F01016,,EQ,SHIVAUM.NS
NSE,STOCK,SHK,S H Kelkar and Company Limited,INE500L01026,,EQ,SHK.NS
NSE,STOCK,SHOPERSTOP,Shoppers Stop Limited,INE498B01024,,EQ,SHOPERSTOP.NS
NSE,STOCK,SHRADDHA,Shraddha Prime Projects Limited,INE311M01018,,EQ,SHRADDHA.NS
NSE,STOCK,SHRADHA,Shradha Realty Limited,INE715Y01031,,EQ,SHRADHA.NS
NSE,STOCK,SHREDIGCEM,Shree Digvijay Cement Co.Ltd,INE232A01011,,EQ,SHREDIGCEM.NS
NSE,STOCK,SHREECEM,SHREE CEMENT LIMITED,INE070A01015,,EQ,SHREECEM.NS
NSE,STOCK,SHREEJISPG,Shreeji Shipping Global Limited,INE1B6101010,,EQ,SHREEJISPG.NS
NSE,STOCK,SHREEPUSHK,Shree Pushkar Chemicals & Fertilisers Limited,INE712K01011,,EQ,SHREEPUSHK.NS
NSE,STOCK,SHREERAMA,Shree Rama Multi-Tech Limited,INE879A01019,,EQ,SHREERAMA.NS
NSE,STOCK,SHRENIK,Shrenik Limited,INE632X01030,,BZ,SHRENIK.NS
NSE,STOCK,SHREYANIND,Shreyans Industries Limited,INE231C01019,,EQ,SHREYANIND.NS
NSE,STOCK,SHRIKRISH,Shri Krishna Devcon Limited,INE997I01012,,EQ,SHRIKRISH.NS
NSE,STOCK,SHRINGARMS,Shringar House of Mangalsutra Limited,INE1B3L01017,,EQ,SHRINGARMS.NS
NSE,STOCK,SHRIPISTON,SPR Auto Technologies Limited,INE526E01018,,EQ,SHRIPISTON.NS
NSE,STOCK,SHRIRAMFIN,Shriram Finance Limited,INE721A01047,,EQ,SHRIRAMFIN.NS
NSE,STOCK,SHRIRAMPPS,Shriram Properties Limited,INE217L01019,,EQ,SHRIRAMPPS.NS
NSE,STOCK,SHRJAGP,Shri Jagdamba Polymers Limited,INE564J01026,,EQ,SHRJAGP.NS
NSE,STOCK,SHUKRAPHAR,Shukra Pharmaceuticals Limited,INE551C01044,,EQ,SHUKRAPHAR.NS
NSE,STOCK,SHYAMCENT,Shyam Century Ferrous Limited,INE979R01011,,BE,SHYAMCENT.NS
NSE,STOCK,SHYAMMETL,Shyam Metalics and Energy Limited,INE810G01011,,EQ,SHYAMMETL.NS
NSE,STOCK,SHYAMTEL,Shyam Telecom Limited,INE635A01023,,EQ,SHYAMTEL.NS
NSE,STOCK,SICAGEN,Sicagen India Limited,INE176J01011,,EQ,SICAGEN.NS
NSE,STOCK,SICALLOG,Sical Logistics Limited,INE075B01020,,BE,SICALLOG.NS
NSE,STOCK,SIEL,Superior Industrial Enterprises Limited,INE843L01012,,EQ,SIEL.NS
NSE,STOCK,SIEMENS,Siemens Limited,INE003A01024,,EQ,SIEMENS.NS
NSE,STOCK,SIGACHI,Sigachi Industries Limited,INE0D0K01022,,EQ,SIGACHI.NS
NSE,STOCK,SIGIND,Signet Industries Limited,INE529F01035,,BE,SIGIND.NS
NSE,STOCK,SIGMA,Sigma Solve Limited,INE0A0S01028,,EQ,SIGMA.NS
NSE,STOCK,SIGMAADV,SIGMA ADVANCED SYSTEMS LIMITED,INE933B01012,,BE,SIGMAADV.NS
NSE,STOCK,SIGNATURE,Signatureglobal (India) Limited,INE903U01023,,EQ,SIGNATURE.NS
NSE,STOCK,SIGNPOST,Signpost India Limited,INE0KGZ01021,,EQ,SIGNPOST.NS
NSE,STOCK,SIKA,Sika Interplant Systems Limited,INE438E01032,,EQ,SIKA.NS
NSE,STOCK,SIKKO,Sikko Industries Limited,INE112X01025,,BE,SIKKO.NS
NSE,STOCK,SIL,Standard Industries Limited,INE173A01025,,EQ,SIL.NS
NSE,STOCK,SILGO,Silgo Retail Limited,INE01II01013,,EQ,SILGO.NS
NSE,STOCK,SILINV,SIL Investments Limited,INE923A01015,,EQ,SILINV.NS
NSE,STOCK,SILLYMONKS,Silly Monks Entertainment Limited,INE203Y01012,,EQ,SILLYMONKS.NS
NSE,STOCK,SILVERTUC,Silver Touch Technologies Limited,INE625X01026,,EQ,SILVERTUC.NS
NSE,STOCK,SIMBHALS,Simbhaoli Sugars Limited,INE748T01016,,BZ,SIMBHALS.NS
NSE,STOCK,SIMPLEXINF,Simplex Infrastructures Limited,INE059B01024,,EQ,SIMPLEXINF.NS
NSE,STOCK,SIMPLXREA,Simplex Realty Limited,INE167H01014,,EQ,SIMPLXREA.NS
NSE,STOCK,SINCLAIR,Sinclairs Hotels Limited,INE985A01022,,EQ,SINCLAIR.NS
NSE,STOCK,SINDHUTRAD,Sindhu Trade Links Limited,INE325D01025,,EQ,SINDHUTRAD.NS
NSE,STOCK,SINGERIND,Singer India Limited,INE638A01035,,EQ,SINGERIND.NS
NSE,STOCK,SINTERCOM,Sintercom India Limited,INE129Z01016,,EQ,SINTERCOM.NS
NSE,STOCK,SIRCA,Sirca Paints India Limited,INE792Z01011,,EQ,SIRCA.NS
NSE,STOCK,SIS,SIS LIMITED,INE285J01028,,EQ,SIS.NS
NSE,STOCK,SITINET,Siti Networks Limited,INE965H01011,,BZ,SITINET.NS
NSE,STOCK,SIYSIL,Siyaram Silk Mills Limited,INE076B01028,,EQ,SIYSIL.NS
NSE,STOCK,SJS,S.J.S. Enterprises Limited,INE284S01014,,EQ,SJS.NS
NSE,STOCK,SJVN,SJVN Limited,INE002L01015,,EQ,SJVN.NS
NSE,STOCK,SKFINDIA,SKF India Limited,INE640A01023,,EQ,SKFINDIA.NS
NSE,STOCK,SKFINDUS,SKF India (Industrial) Limited,INE2J8701016,,EQ,SKFINDUS.NS
NSE,STOCK,SKIPPER,Skipper Limited,INE439E01022,,EQ,SKIPPER.NS
NSE,STOCK,SKMEGGPROD,SKM Egg Products Export (India) Limited,INE411D01023,,EQ,SKMEGGPROD.NS
NSE,STOCK,SKYGOLD,SKY GOLD AND DIAMONDS LIMITED,INE01IU01018,,EQ,SKYGOLD.NS
NSE,STOCK,SKYWAYS,Skyways Air Services Limited,INE0PX301025,,EQ,SKYWAYS.NS
NSE,STOCK,SMARTLINK,Smartlink Holdings Limited,INE178C01020,,BE,SMARTLINK.NS
NSE,STOCK,SMARTWORKS,Smartworks Coworking Spaces Limited,INE0NAZ01010,,EQ,SMARTWORKS.NS
NSE,STOCK,SMCGLOBAL,SMC Global Securities Limited,INE103C01036,,EQ,SMCGLOBAL.NS
NSE,STOCK,SMLMAH,SML Mahindra Limited,INE294B01019,,EQ,SMLMAH.NS
NSE,STOCK,SMLT,Sarthak Metals Limited,INE017W01010,,EQ,SMLT.NS
NSE,STOCK,SMSPHARMA,SMS Pharmaceuticals Limited,INE812G01025,,EQ,SMSPHARMA.NS
NSE,STOCK,SNOWMAN,Snowman Logistics Limited,INE734N01019,,EQ,SNOWMAN.NS
NSE,STOCK,SOBHA,Sobha Limited,INE671H01015,,EQ,SOBHA.NS
NSE,STOCK,SOFTTECH,Softtech Engineers Limited,INE728Z01015,,EQ,SOFTTECH.NS
NSE,STOCK,SOLARA,Solara Active Pharma Sciences Limited,INE624Z01016,,EQ,SOLARA.NS
NSE,STOCK,SOLARINDS,Solar Industries India Limited,INE343H01029,,EQ,SOLARINDS.NS
NSE,STOCK,SOLARWORLD,Solarworld Energy Solutions Limited,INE0TY101024,,EQ,SOLARWORLD.NS
NSE,STOCK,SOLEX,Solex Energy Limited,INE880Y01017,,EQ,SOLEX.NS
NSE,STOCK,SOMANYCERA,Somany Ceramics Limited,INE355A01028,,EQ,SOMANYCERA.NS
NSE,STOCK,SOMATEX,Soma Textiles & Industries Limited,INE314C01013,,EQ,SOMATEX.NS
NSE,STOCK,SOMICONVEY,Somi Conveyor Beltings Limited,INE323J01019,,EQ,SOMICONVEY.NS
NSE,STOCK,SONACOMS,Sona BLW Precision Forgings Limited,INE073K01018,,EQ,SONACOMS.NS
NSE,STOCK,SONAL,Sonal Mercantile Limited,INE321M01017,,EQ,SONAL.NS
NSE,STOCK,SONAMLTD,SONAM LIMITED,INE00LM01029,,BE,SONAMLTD.NS
NSE,STOCK,SONATSOFTW,Sonata Software Limited,INE269A01021,,EQ,SONATSOFTW.NS
NSE,STOCK,SOTL,Savita Oil Technologies Limited,INE035D01020,,EQ,SOTL.NS
NSE,STOCK,SOUTHBANK,The South Indian Bank Limited,INE683A01023,,EQ,SOUTHBANK.NS
NSE,STOCK,SOUTHWEST,South West Pinnacle Exploration Limited,INE980Y01015,,EQ,SOUTHWEST.NS
NSE,STOCK,SPAL,S. P. Apparels Limited,INE212I01016,,EQ,SPAL.NS
NSE,STOCK,SPANDANA,Spandana Sphoorty Financial Limited,INE572J01011,,EQ,SPANDANA.NS
NSE,STOCK,SPARC,Sun Pharma Advanced Research Company Limited,INE232I01014,,EQ,SPARC.NS
NSE,STOCK,SPCENET,Spacenet Enterprises India Limited,INE970N01027,,EQ,SPCENET.NS
NSE,STOCK,SPECIALITY,Speciality Restaurants Limited,INE247M01014,,BE,SPECIALITY.NS
NSE,STOCK,SPECTRUM,Spectrum Electrical Industries Limited,INE01EO01010,,BE,SPECTRUM.NS
NSE,STOCK,SPELS,SPEL Semiconductor Limited,INE252A01019,,EQ,SPELS.NS
NSE,STOCK,SPENCERS,Spencer's Retail Limited,INE020801028,,EQ,SPENCERS.NS
NSE,STOCK,SPIC,Southern Petrochemicals Industries Corporation  Limited,INE147A01011,,EQ,SPIC.NS
NSE,STOCK,SPLIL,SPL Industries Limited,INE978G01016,,EQ,SPLIL.NS
NSE,STOCK,SPLPETRO,Supreme Petrochem Limited,INE663A01033,,EQ,SPLPETRO.NS
NSE,STOCK,SPMLINFRA,SPML Infra Limited,INE937A01023,,EQ,SPMLINFRA.NS
NSE,STOCK,SPORTKING,Sportking India Limited,INE885H01029,,EQ,SPORTKING.NS
NSE,STOCK,SRD,Shankar Lal Rampal Dye-Chem Limited,INE01NE01012,,EQ,SRD.NS
NSE,STOCK,SREEL,Sreeleathers Limited,INE099F01013,,EQ,SREEL.NS
NSE,STOCK,SRF,SRF Limited,INE647A01010,,EQ,SRF.NS
NSE,STOCK,SRGHFL,SRG Housing Finance Limited,INE559N01010,,EQ,SRGHFL.NS
NSE,STOCK,SRHHYPOLTD,Sree Rayalaseema Hi-Strength Hypo Limited,INE917H01012,,EQ,SRHHYPOLTD.NS
NSE,STOCK,SRIKPRIND,Sri KPR Industries Limited,INE009C01019,,EQ,SRIKPRIND.NS
NSE,STOCK,SRM,SRM Contractors Limited,INE0R6Z01013,,EQ,SRM.NS
NSE,STOCK,SRTL,Shree Ram Twistex Limited,INE19GK01015,,EQ,SRTL.NS
NSE,STOCK,SSDL,Saraswati Saree Depot Limited,INE0PQ101010,,EQ,SSDL.NS
NSE,STOCK,SSWL,Steel Strips Wheels Limited,INE802C01033,,EQ,SSWL.NS
NSE,STOCK,STALLION,Stallion India Fluorochemicals Limited,INE0RYC01010,,BE,STALLION.NS
NSE,STOCK,STANLEY,Stanley Lifestyles Limited,INE01A001028,,EQ,STANLEY.NS
NSE,STOCK,STAR,Strides Pharma Science Limited,INE939A01011,,EQ,STAR.NS
NSE,STOCK,STARCEMENT,Star Cement Limited,INE460H01021,,EQ,STARCEMENT.NS
NSE,STOCK,STARHEALTH,Star Health and Allied Insurance Company Limited,INE575P01011,,EQ,STARHEALTH.NS
NSE,STOCK,STARPAPER,Star Paper Mills Limited,INE733A01018,,EQ,STARPAPER.NS
NSE,STOCK,STARTECK,Starteck Finance Limited,INE992I01013,,EQ,STARTECK.NS
NSE,STOCK,STCINDIA,The State Trading Corporation of India Limited,INE655A01013,,EQ,STCINDIA.NS
NSE,STOCK,STEELCAS,Steelcast Limited,INE124E01038,,EQ,STEELCAS.NS
NSE,STOCK,STEELCITY,Steel City Securities Limited,INE395H01011,,EQ,STEELCITY.NS
NSE,STOCK,STEELXIND,STEEL EXCHANGE INDIA LIMITED,INE503B01021,,EQ,STEELXIND.NS
NSE,STOCK,STEL,Stel Holdings Limited,INE577L01016,,EQ,STEL.NS
NSE,STOCK,STERTOOLS,Sterling Tools Limited,INE334A01023,,BE,STERTOOLS.NS
NSE,STOCK,STLNETWORK,STL Networks Limited,INE1VXE01018,,EQ,STLNETWORK.NS
NSE,STOCK,STLSTRINF,Steel Strips Infrastructures Limited,INE205F01016,,EQ,STLSTRINF.NS
NSE,STOCK,STLTECH,Sterlite Technologies Limited,INE089C01029,,BE,STLTECH.NS
NSE,STOCK,STOVEKRAFT,Stove Kraft Limited,INE00IN01015,,EQ,STOVEKRAFT.NS
NSE,STOCK,STUDDS,Studds Accessories Limited,INE00Q601028,,EQ,STUDDS.NS
NSE,STOCK,STYL,Seshaasai Technologies Limited,INE04VU01023,,EQ,STYL.NS
NSE,STOCK,STYLAMIND,Stylam Industries Limited,INE239C01020,,EQ,STYLAMIND.NS
NSE,STOCK,STYLEBAAZA,Baazar Style Retail Limited,INE01FR01028,,EQ,STYLEBAAZA.NS
NSE,STOCK,STYRENIX,Styrenix Performance Materials Limited,INE189B01011,,EQ,STYRENIX.NS
NSE,STOCK,SUBEXLTD,Subex Limited,INE754A01055,,EQ,SUBEXLTD.NS
NSE,STOCK,SUBROS,Subros Limited,INE287B01021,,EQ,SUBROS.NS
NSE,STOCK,SUDARCOLOR,Sudarshan Colorants India Limited,INE492A01029,,EQ,SUDARCOLOR.NS
NSE,STOCK,SUDARSCHEM,Sudarshan Chemical Industries Limited,INE659A01023,,EQ,SUDARSCHEM.NS
NSE,STOCK,SUDEEPPHRM,Sudeep Pharma Limited,INE0QPI01025,,EQ,SUDEEPPHRM.NS
NSE,STOCK,SUKHJITS,Sukhjit Starch & Chemicals Limited,INE450E01029,,EQ,SUKHJITS.NS
NSE,STOCK,SULA,Sula Vineyards Limited,INE142Q01026,,EQ,SULA.NS
NSE,STOCK,SUMEDHA,Sumedha Fiscal Services Limited,INE886B01012,,EQ,SUMEDHA.NS
NSE,STOCK,SUMEETINDS,Sumeet Industries Limited,INE235C01036,,EQ,SUMEETINDS.NS
NSE,STOCK,SUMICHEM,Sumitomo Chemical India Limited,INE258G01013,,EQ,SUMICHEM.NS
NSE,STOCK,SUMIT,Sumit Woods Limited,INE748Z01013,,EQ,SUMIT.NS
NSE,STOCK,SUMMITSEC,Summit Securities Limited,INE519C01017,,EQ,SUMMITSEC.NS
NSE,STOCK,SUNCLAY,Sundaram Clayton Limited,INE0Q3R01026,,EQ,SUNCLAY.NS
NSE,STOCK,SUNDARAM,Sundaram Multi Pap Limited,INE108E01023,,EQ,SUNDARAM.NS
NSE,STOCK,SUNDARMFIN,Sundaram Finance Limited,INE660A01013,,EQ,SUNDARMFIN.NS
NSE,STOCK,SUNDRMBRAK,Sundaram Brake Linings Limited,INE073D01013,,BE,SUNDRMBRAK.NS
NSE,STOCK,SUNDRMFAST,Sundram Fasteners Limited,INE387A01021,,EQ,SUNDRMFAST.NS
NSE,STOCK,SUNDROP,Sundrop Brands Limited,INE209A01019,,EQ,SUNDROP.NS
NSE,STOCK,SUNFLAG,Sunflag Iron And Steel Company Limited,INE947A01014,,EQ,SUNFLAG.NS
NSE,STOCK,SUNLOC,Sunil Healthcare Limited,INE671C01016,,EQ,SUNLOC.NS
NSE,STOCK,SUNPHARMA,Sun Pharmaceutical Industries Limited,INE044A01036,,EQ,SUNPHARMA.NS
NSE,STOCK,SUNRAKSHAK,Sunrakshakk Industries India Limited,INE671K01027,,EQ,SUNRAKSHAK.NS
NSE,STOCK,SUNSHIEL,Sunshield Chemicals Limited,INE199E01014,,EQ,SUNSHIEL.NS
NSE,STOCK,SUNSHINE,Sunshine Pictures Limited,INE1B3O01011,,EQ,SUNSHINE.NS
NSE,STOCK,SUNTECK,Sunteck Realty Limited,INE805D01034,,EQ,SUNTECK.NS
NSE,STOCK,SUNTV,Sun TV Network Limited,INE424H01027,,EQ,SUNTV.NS
NSE,STOCK,SUPERHOUSE,Superhouse Limited,INE712B01010,,EQ,SUPERHOUSE.NS
NSE,STOCK,SUPERSPIN,Super Spinning Mills Limited,INE662A01027,,BE,SUPERSPIN.NS
NSE,STOCK,SUPRAJIT,Suprajit Engineering Limited,INE399C01030,,EQ,SUPRAJIT.NS
NSE,STOCK,SUPREME,Supreme Holdings & Hospitality (India) Limited,INE822E01011,,EQ,SUPREME.NS
NSE,STOCK,SUPREMEENG,Supreme Engineering Limited,INE319Z01021,,BZ,SUPREMEENG.NS
NSE,STOCK,SUPREMEIND,Supreme Industries Limited,INE195A01028,,EQ,SUPREMEIND.NS
NSE,STOCK,SUPREMEINF,Supreme Infrastructure India Limited,INE550H01011,,EQ,SUPREMEINF.NS
NSE,STOCK,SUPRIYA,Supriya Lifescience Limited,INE07RO01027,,EQ,SUPRIYA.NS
NSE,STOCK,SUPTANERY,Super Tannery Limited,INE460D01038,,BE,SUPTANERY.NS
NSE,STOCK,SURAJEST,Suraj Estate Developers Limited,INE843S01025,,EQ,SURAJEST.NS
NSE,STOCK,SURAJLTD,Suraj Limited,INE713C01016,,EQ,SURAJLTD.NS
NSE,STOCK,SURAKSHA,Suraksha Diagnostic Limited,INE877V01027,,EQ,SURAKSHA.NS
NSE,STOCK,SURANASOL,Surana Solar Limited,INE272L01022,,EQ,SURANASOL.NS
NSE,STOCK,SURANAT&P,Surana Telecom and Power Limited,INE130B01031,,EQ,SURANAT&P.NS
NSE,STOCK,SURYALA,Suryalata Spinning Mills Limited,INE132C01027,,EQ,SURYALA.NS
NSE,STOCK,SURYALAXMI,Suryalakshmi Cotton Mills Limited,INE713B01026,,EQ,SURYALAXMI.NS
NSE,STOCK,SURYAROSNI,Surya Roshni Limited,INE335A01020,,EQ,SURYAROSNI.NS
NSE,STOCK,SURYODAY,Suryoday Small Finance Bank Limited,INE428Q01011,,EQ,SURYODAY.NS
NSE,STOCK,SUTLEJTEX,Sutlej Textiles and Industries Limited,INE645H01027,,BE,SUTLEJTEX.NS
NSE,STOCK,SUVEN,Suven Life Sciences Limited,INE495B01038,,EQ,SUVEN.NS
NSE,STOCK,SUVIDHAA,Suvidhaa Infoserve Limited,INE018401013,,EQ,SUVIDHAA.NS
NSE,STOCK,SUYOG,Suyog Telematics Limited,INE442P01014,,EQ,SUYOG.NS
NSE,STOCK,SUZLON,Suzlon Energy Limited,INE040H01021,,EQ,SUZLON.NS
NSE,STOCK,SVGLOBAL,S V Global Mill Limited,INE159L01013,,EQ,SVGLOBAL.NS
NSE,STOCK,SVLL,Shree Vasu Logistics Limited,INE00CE01017,,BE,SVLL.NS
NSE,STOCK,SVPGLOB,SVP GLOBAL TEXTILES LIMITED,INE308E01029,,EQ,SVPGLOB.NS
NSE,STOCK,SWANCORP,SWAN CORP LIMITED,INE665A01038,,EQ,SWANCORP.NS
NSE,STOCK,SWANDEF,Swan Defence and Heavy Industries Limited,INE542F01020,,BE,SWANDEF.NS
NSE,STOCK,SWARAJ,Swaraj Suiting Limited,INE0GMR01016,,BE,SWARAJ.NS
NSE,STOCK,SWARAJENG,Swaraj Engines Limited,INE277A01016,,EQ,SWARAJENG.NS
NSE,STOCK,SWARNSAR,Swarnsarita Jewels India Limited,INE967A01012,,EQ,SWARNSAR.NS
NSE,STOCK,SWELECTES,Swelect Energy Systems Limited,INE409B01013,,EQ,SWELECTES.NS
NSE,STOCK,SWIGGY,Swiggy Limited,INE00H001014,,EQ,SWIGGY.NS
NSE,STOCK,SWISSMLTRY,Swiss Military Consumer Goods Limited,INE010C01025,,BE,SWISSMLTRY.NS
NSE,STOCK,SWSOLAR,Sterling and Wilson Renewable Energy Limited,INE00M201021,,EQ,SWSOLAR.NS
NSE,STOCK,SYMBIOTEC,Symbiotec Pharmalab Limited,INE899I01028,,EQ,SYMBIOTEC.NS
NSE,STOCK,SYMPHONY,Symphony Limited,INE225D01027,,EQ,SYMPHONY.NS
NSE,STOCK,SYNCOMF,Syncom Formulations (India) Limited,INE312C01025,,EQ,SYNCOMF.NS
NSE,STOCK,SYNGENE,Syngene International Limited,INE398R01022,,EQ,SYNGENE.NS
NSE,STOCK,SYRMA,Syrma SGS Technology Limited,INE0DYJ01015,,EQ,SYRMA.NS
NSE,STOCK,SYSTMTXC,Systematix Corporate Services Limited,INE356B01024,,BE,SYSTMTXC.NS
NSE,STOCK,TAALTECH,Taal Tech Limited,INE524T01011,,EQ,TAALTECH.NS
NSE,STOCK,TAINWALCHM,Tainwala Chemical and Plastic (I) Limited,INE123C01018,,EQ,TAINWALCHM.NS
NSE,STOCK,TAJGVK,Taj GVK Hotels & Resorts Limited,INE586B01026,,EQ,TAJGVK.NS
NSE,STOCK,TAKE,TAKE Limited,INE142I01023,,EQ,TAKE.NS
NSE,STOCK,TALBROAUTO,Talbros Automotive Components Limited,INE187D01029,,EQ,TALBROAUTO.NS
NSE,STOCK,TAMBOLIIN,Tamboli Industries Limited,INE864J01012,,BE,TAMBOLIIN.NS
NSE,STOCK,TANAA,Taneja Aerospace & Aviation Limited,INE692C01020,,EQ,TANAA.NS
NSE,STOCK,TANLA,Tanla Platforms Limited,INE483C01032,,EQ,TANLA.NS
NSE,STOCK,TARACHAND,Tara Chand InfraLogistic Solutions Limited,INE555Z01020,,EQ,TARACHAND.NS
NSE,STOCK,TARAPUR,Tarapur Transformers Limited,INE747K01017,,EQ,TARAPUR.NS
NSE,STOCK,TARC,TARC Limited,INE0EK901012,,EQ,TARC.NS
NSE,STOCK,TARIL,Transformers And Rectifiers (India) Limited,INE763I01026,,EQ,TARIL.NS
NSE,STOCK,TARMAT,Tarmat Limited,INE924H01018,,EQ,TARMAT.NS
NSE,STOCK,TARSONS,Tarsons Products Limited,INE144Z01023,,EQ,TARSONS.NS
NSE,STOCK,TASTYBITE,Tasty Bite Eatables Limited,INE488B01017,,EQ,TASTYBITE.NS
NSE,STOCK,TATACAP,Tata Capital Limited,INE976I01016,,EQ,TATACAP.NS
NSE,STOCK,TATACHEM,Tata Chemicals Limited,INE092A01019,,EQ,TATACHEM.NS
NSE,STOCK,TATACOMM,Tata Communications Limited,INE151A01013,,EQ,TATACOMM.NS
NSE,STOCK,TATACONSUM,TATA CONSUMER PRODUCTS LIMITED,INE192A01025,,EQ,TATACONSUM.NS
NSE,STOCK,TATAELXSI,Tata Elxsi Limited,INE670A01012,,EQ,TATAELXSI.NS
NSE,STOCK,TATAINVEST,Tata Investment Corporation Limited,INE672A01026,,EQ,TATAINVEST.NS
NSE,STOCK,TATAPOWER,Tata Power Company Limited,INE245A01021,,EQ,TATAPOWER.NS
NSE,STOCK,TATASTEEL,Tata Steel Limited,INE081A01020,,EQ,TATASTEEL.NS
NSE,STOCK,TATATECH,Tata Technologies Limited,INE142M01025,,EQ,TATATECH.NS
NSE,STOCK,TATVA,Tatva Chintan Pharma Chem Limited,INE0GK401011,,EQ,TATVA.NS
NSE,STOCK,TBOTEK,TBO Tek Limited,INE673O01025,,EQ,TBOTEK.NS
NSE,STOCK,TBZ,Tribhovandas Bhimji Zaveri Limited,INE760L01018,,EQ,TBZ.NS
NSE,STOCK,TCC,TCC Concept Limited,INE887D01024,,EQ,TCC.NS
NSE,STOCK,TCI,Transport Corporation of India Limited,INE688A01022,,EQ,TCI.NS
NSE,STOCK,TCIEXP,TCI Express Limited,INE586V01016,,EQ,TCIEXP.NS
NSE,STOCK,TCIFINANCE,TCI Finance Limited,INE911B01018,,BE,TCIFINANCE.NS
NSE,STOCK,TCPLPACK,TCPL Packaging Limited,INE822C01015,,EQ,TCPLPACK.NS
NSE,STOCK,TCS,Tata Consultancy Services Limited,INE467B01029,,EQ,TCS.NS
NSE,STOCK,TDPOWERSYS,TD Power Systems Limited,INE419M01035,,EQ,TDPOWERSYS.NS
NSE,STOCK,TEAMGTY,Team India Guaranty Limited,INE289C01025,,EQ,TEAMGTY.NS
NSE,STOCK,TEAMLEASE,Teamlease Services Limited,INE985S01024,,EQ,TEAMLEASE.NS
NSE,STOCK,TECHM,Tech Mahindra Limited,INE669C01036,,EQ,TECHM.NS
NSE,STOCK,TECHNOCRAF,Technocraft Ventures Limited,INE1D0W01018,,EQ,TECHNOCRAF.NS
NSE,STOCK,TECHNOE,Techno Electric & Engineering Company Limited,INE285K01026,,EQ,TECHNOE.NS
NSE,STOCK,TECHNVISN,TechNVision Ventures Limited,INE314H01012,,EQ,TECHNVISN.NS
NSE,STOCK,TECILCHEM,TECIL Chemicals and Hydro Power Limited,INE014B01011,,EQ,TECILCHEM.NS
NSE,STOCK,TEGA,Tega Industries Limited,INE011K01018,,EQ,TEGA.NS
NSE,STOCK,TEJASNET,Tejas Networks Limited,INE010J01012,,EQ,TEJASNET.NS
NSE,STOCK,TEMBO,Tembo Global Industries Limited,INE869Y01028,,EQ,TEMBO.NS
NSE,STOCK,TEMPSENS,Tempsens Instruments (India) Limited,INE1KZI01025,,EQ,TEMPSENS.NS
NSE,STOCK,TENNIND,Tenneco Clean Air India Limited,INE19RI01016,,EQ,TENNIND.NS
NSE,STOCK,TERAI,Terai Tea Company Limited,INE390D01011,,EQ,TERAI.NS
NSE,STOCK,TERASOFT,Tera Software Limited,INE482B01010,,EQ,TERASOFT.NS
NSE,STOCK,TEXINFRA,Texmaco Infrastructure & Holdings Limited,INE435C01024,,EQ,TEXINFRA.NS
NSE,STOCK,TEXMOPIPES,Texmo Pipes and Products Limited,INE141K01013,,EQ,TEXMOPIPES.NS
NSE,STOCK,TEXRAIL,Texmaco Rail & Engineering Limited,INE621L01012,,EQ,TEXRAIL.NS
NSE,STOCK,TFCILTD,Tourism Finance Corporation of India Limited,INE305A01023,,EQ,TFCILTD.NS
NSE,STOCK,TFL,Transwarranty Finance Limited,INE804H01012,,EQ,TFL.NS
NSE,STOCK,TGBHOTELS,TGB Banquets And Hotels Limited,INE797H01018,,EQ,TGBHOTELS.NS
NSE,STOCK,TGVSL,TGV Sraac Limited,INE284B01028,,EQ,TGVSL.NS
NSE,STOCK,THACKER,Thacker & Company Limited,INE077P01034,,BE,THACKER.NS
NSE,STOCK,THAKDEV,Thakkers Developers Limited,INE403F01017,,EQ,THAKDEV.NS
NSE,STOCK,THANGAMAYL,Thangamayil Jewellery Limited,INE085J01014,,EQ,THANGAMAYL.NS
NSE,STOCK,THEINVEST,The Investment Trust Of India Limited,INE924D01017,,EQ,THEINVEST.NS
NSE,STOCK,THEJO,Thejo Engineering Limited,INE121N01019,,EQ,THEJO.NS
NSE,STOCK,THELEELA,Leela Palaces Hotels & Resorts Limited,INE0AQ201015,,EQ,THELEELA.NS
NSE,STOCK,THEMISMED,Themis Medicare Limited,INE083B01024,,EQ,THEMISMED.NS
NSE,STOCK,THERMAX,Thermax Limited,INE152A01029,,EQ,THERMAX.NS
NSE,STOCK,THOMASCOOK,Thomas Cook  (India)  Limited,INE332A01027,,EQ,THOMASCOOK.NS
NSE,STOCK,THOMASCOTT,Thomas Scott (India) Limited,INE480M01011,,EQ,THOMASCOTT.NS
NSE,STOCK,THYROCARE,Thyrocare Technologies Limited,INE594H01019,,EQ,THYROCARE.NS
NSE,STOCK,TI,Tilaknagar Industries Limited,INE133E01013,,EQ,TI.NS
NSE,STOCK,TICL,Twamev Construction and Infrastructure Limited,INE388G01026,,BE,TICL.NS
NSE,STOCK,TIGERLOGS,Tiger Logistics (India) Limited,INE906O01029,,EQ,TIGERLOGS.NS
NSE,STOCK,TIIL,Technocraft Industries (India) Limited,INE545H01011,,EQ,TIIL.NS
NSE,STOCK,TIINDIA,Tube Investments of India Limited,INE974X01010,,EQ,TIINDIA.NS
NSE,STOCK,TIJARIA,Tijaria Polypipes Limited,INE440L01017,,BE,TIJARIA.NS
NSE,STOCK,TIL,TIL Limited,INE806C01018,,BE,TIL.NS
NSE,STOCK,TIMETECHNO,Time Technoplast Limited,INE508G01029,,EQ,TIMETECHNO.NS
NSE,STOCK,TIMEX,Timex Group India Limited,INE064A01026,,EQ,TIMEX.NS
NSE,STOCK,TIMKEN,Timken India Limited,INE325A01013,,EQ,TIMKEN.NS
NSE,STOCK,TINNARUBR,Tinna Rubber and Infrastructure Limited,INE015C01016,,EQ,TINNARUBR.NS
NSE,STOCK,TIPSFILMS,Tips Films Limited,INE0LQS01015,,EQ,TIPSFILMS.NS
NSE,STOCK,TIPSMUSIC,Tips Music Limited,INE716B01029,,EQ,TIPSMUSIC.NS
NSE,STOCK,TIRUMALCHM,Thirumalai Chemicals Limited,INE338A01024,,EQ,TIRUMALCHM.NS
NSE,STOCK,TIRUPATIFL,Tirupati Forge Limited,INE319Y01024,,BE,TIRUPATIFL.NS
NSE,STOCK,TITAGARH,TITAGARH RAIL SYSTEMS LIMITED,INE615H01020,,EQ,TITAGARH.NS
NSE,STOCK,TITAN,Titan Company Limited,INE280A01028,,EQ,TITAN.NS
NSE,STOCK,TMB,Tamilnad Mercantile Bank Limited,INE668A01016,,EQ,TMB.NS
NSE,STOCK,TMCV,Tata Motors Limited,INE1TAE01010,,EQ,TMCV.NS
NSE,STOCK,TMPV,Tata Motors Passenger Vehicles Limited,INE155A01022,,EQ,TMPV.NS
NSE,STOCK,TNPETRO,Tamilnadu PetroProducts Limited,INE148A01019,,EQ,TNPETRO.NS
NSE,STOCK,TNPL,Tamil Nadu Newsprint & Papers Limited,INE107A01015,,EQ,TNPL.NS
NSE,STOCK,TNTELE,Tamilnadu Telecommunication Limited,INE141D01018,,EQ,TNTELE.NS
NSE,STOCK,TOKYOPLAST,Tokyo Plast International Limited,INE932C01012,,EQ,TOKYOPLAST.NS
NSE,STOCK,TOLINS,Tolins Tyres Limited,INE0RWQ01014,,EQ,TOLINS.NS
NSE,STOCK,TORNTPHARM,Torrent Pharmaceuticals Limited,INE685A01028,,EQ,TORNTPHARM.NS
NSE,STOCK,TORNTPOWER,Torrent Power Limited,INE813H01021,,EQ,TORNTPOWER.NS
NSE,STOCK,TOTAL,Total Transport Systems Limited,INE336X01012,,EQ,TOTAL.NS
NSE,STOCK,TOUCHWOOD,Touchwood Entertainment Limited,INE486Y01013,,EQ,TOUCHWOOD.NS
NSE,STOCK,TOYAMSL,Toyam Sports Limited,INE457P01020,,EQ,TOYAMSL.NS
NSE,STOCK,TPHQ,Teamo Productions HQ Limited,INE065J01024,,BE,TPHQ.NS
NSE,STOCK,TPLPLASTEH,TPL Plastech Limited,INE413G01022,,EQ,TPLPLASTEH.NS
NSE,STOCK,TRACXN,Tracxn Technologies Limited,INE0HMF01019,,EQ,TRACXN.NS
NSE,STOCK,TRANSCOR,Transcorp International Limited,INE330E01023,,EQ,TRANSCOR.NS
NSE,STOCK,TRANSPEK,Transpek Industry Limited,INE687A01016,,BE,TRANSPEK.NS
NSE,STOCK,TRANSRAILL,Transrail Lighting Limited,INE454P01035,,EQ,TRANSRAILL.NS
NSE,STOCK,TRANSWORLD,TRANSWORLD SHIPPING LINES LIMITED,INE757B01015,,BE,TRANSWORLD.NS
NSE,STOCK,TRAVELFOOD,Travel Food Services Limited,INE103V01028,,EQ,TRAVELFOOD.NS
NSE,STOCK,TREEHOUSE,Tree House Education & Accessories Limited,INE040M01013,,EQ,TREEHOUSE.NS
NSE,STOCK,TREJHARA,TREJHARA SOLUTIONS LIMITED,INE00CA01015,,EQ,TREJHARA.NS
NSE,STOCK,TREL,Transindia Real Estate Limited,INE0O3901029,,EQ,TREL.NS
NSE,STOCK,TRENT,Trent Limited,INE849A01020,,EQ,TRENT.NS
NSE,STOCK,TRF,TRF Limited,INE391D01019,,EQ,TRF.NS
NSE,STOCK,TRIDENT,Trident Limited,INE064C01022,,EQ,TRIDENT.NS
NSE,STOCK,TRIGYN,Trigyn Technologies Limited,INE948A01012,,EQ,TRIGYN.NS
NSE,STOCK,TRITONV,Triton Valves Limited,INE440G01017,,EQ,TRITONV.NS
NSE,STOCK,TRITURBINE,Triveni Turbine Limited,INE152M01016,,EQ,TRITURBINE.NS
NSE,STOCK,TRIVENI,Triveni Engineering & Industries Limited,INE256C01024,,EQ,TRIVENI.NS
NSE,STOCK,TRU,TruCap Finance Limited,INE615R01029,,EQ,TRU.NS
NSE,STOCK,TRUALT,TruAlt Bioenergy Limited,INE0MWH01014,,EQ,TRUALT.NS
NSE,STOCK,TSFINV,TSF INVESTMENTS LIMITED,INE202Z01029,,EQ,TSFINV.NS
NSE,STOCK,TTKHLTCARE,TTK Healthcare Limited,INE910C01018,,EQ,TTKHLTCARE.NS
NSE,STOCK,TTKPRESTIG,TTK Prestige Limited,INE690A01028,,EQ,TTKPRESTIG.NS
NSE,STOCK,TTL,T T Limited,INE592B01024,,EQ,TTL.NS
NSE,STOCK,TTML,Tata Teleservices (Maharashtra) Limited,INE517B01013,,EQ,TTML.NS
NSE,STOCK,TURTLEMINT,Turtlemint Fintech Solutions Limited,INE0OC301013,,EQ,TURTLEMINT.NS
NSE,STOCK,TUTIALKA,Tuticorin Alkali Chemicals & Fertilizers Limited,INE400A01014,,EQ,TUTIALKA.NS
NSE,STOCK,TVSELECT,TVS Electronics Limited,INE236G01019,,EQ,TVSELECT.NS
NSE,STOCK,TVSHLTD,TVS Holdings Limited,INE105A01035,,EQ,TVSHLTD.NS
NSE,STOCK,TVSMOTOR,TVS Motor Company Limited,INE494B01023,,EQ,TVSMOTOR.NS
NSE,STOCK,TVSSCS,TVS Supply Chain Solutions Limited,INE395N01027,,EQ,TVSSCS.NS
NSE,STOCK,TVSSRICHAK,TVS Srichakra Limited,INE421C01016,,EQ,TVSSRICHAK.NS
NSE,STOCK,TVTODAY,TV Today Network Limited,INE038F01029,,EQ,TVTODAY.NS
NSE,STOCK,TVVISION,TV Vision Limited,INE871L01013,,BE,TVVISION.NS
NSE,STOCK,UBL,United Breweries Limited,INE686F01025,,EQ,UBL.NS
NSE,STOCK,UCAL,UCAL LIMITED,INE139B01016,,BE,UCAL.NS
NSE,STOCK,UCOBANK,UCO Bank,INE691A01018,,EQ,UCOBANK.NS
NSE,STOCK,UDAYJEW,Uday Jewellery Industries Limited,INE551B01012,,EQ,UDAYJEW.NS
NSE,STOCK,UDS,Updater Services Limited,INE851I01011,,EQ,UDS.NS
NSE,STOCK,UEL,Ujaas Energy Limited,INE899L01030,,EQ,UEL.NS
NSE,STOCK,UFBL,United Foodbrands Limited,INE382M01027,,BE,UFBL.NS
NSE,STOCK,UFLEX,UFLEX Limited,INE516A01017,,EQ,UFLEX.NS
NSE,STOCK,UFO,UFO Moviez India Limited,INE527H01019,,EQ,UFO.NS
NSE,STOCK,UGARSUGAR,The Ugar Sugar Works Limited,INE071E01023,,EQ,UGARSUGAR.NS
NSE,STOCK,UGROCAP,Ugro Capital Limited,INE583D01011,,EQ,UGROCAP.NS
NSE,STOCK,UJJIVANSFB,Ujjivan Small Finance Bank Limited,INE551W01018,,EQ,UJJIVANSFB.NS
NSE,STOCK,ULTRACEMCO,UltraTech Cement Limited,INE481G01011,,EQ,ULTRACEMCO.NS
NSE,STOCK,ULTRAMAR,Ultramarine & Pigments Limited,INE405A01021,,EQ,ULTRAMAR.NS
NSE,STOCK,UMAEXPORTS,Uma Exports Limited,INE0GIU01018,,BE,UMAEXPORTS.NS
NSE,STOCK,UMESLTD,Usha Martin Education & Solutions Limited,INE240C01028,,EQ,UMESLTD.NS
NSE,STOCK,UMIYA-MRO,UMIYA BUILDCON LIMITED,INE398B01018,,EQ,UMIYA-MRO.NS
NSE,STOCK,UNICHEMLAB,Unichem Laboratories Limited,INE351A01035,,EQ,UNICHEMLAB.NS
NSE,STOCK,UNIDT,United Drilling Tools Limited,INE961D01019,,BE,UNIDT.NS
NSE,STOCK,UNIECOM,Unicommerce Esolutions Limited,INE00U401027,,EQ,UNIECOM.NS
NSE,STOCK,UNIENTER,Uniphos Enterprises Limited,INE037A01022,,EQ,UNIENTER.NS
NSE,STOCK,UNIINFO,Uniinfo Telecom Services Limited,INE481Z01011,,EQ,UNIINFO.NS
NSE,STOCK,UNIMECH,Unimech Aerospace and Manufacturing Limited,INE0U3I01011,,EQ,UNIMECH.NS
NSE,STOCK,UNIONBANK,Union Bank of India,INE692A01016,,EQ,UNIONBANK.NS
NSE,STOCK,UNIPARTS,Uniparts India Limited,INE244O01017,,EQ,UNIPARTS.NS
NSE,STOCK,UNITDSPR,United Spirits Limited,INE854D01024,,EQ,UNITDSPR.NS
NSE,STOCK,UNITECH,Unitech Limited,INE694A01020,,EQ,UNITECH.NS
NSE,STOCK,UNITEDPOLY,United Polyfab Gujarat Limited,INE368U01029,,EQ,UNITEDPOLY.NS
NSE,STOCK,UNITEDTEA,The United Nilgiri Tea Estates Company Limited,INE458F01011,,EQ,UNITEDTEA.NS
NSE,STOCK,UNIVASTU,Univastu India Limited,INE562X01013,,BE,UNIVASTU.NS
NSE,STOCK,UNIVCABLES,Universal Cables Limited,INE279A01012,,EQ,UNIVCABLES.NS
NSE,STOCK,UNIVPHOTO,Universus Photo Imagings Limited,INE03V001013,,BE,UNIVPHOTO.NS
NSE,STOCK,UNOMINDA,UNO Minda Limited,INE405E01023,,EQ,UNOMINDA.NS
NSE,STOCK,UPHOT,U P Hotels Limited,INE726E01014,,EQ,UPHOT.NS
NSE,STOCK,UPL,UPL Limited,INE628A01036,,EQ,UPL.NS
NSE,STOCK,URAVIDEF,Uravi Defence and Technology Limited,INE568Z01015,,BE,URAVIDEF.NS
NSE,STOCK,URBANCO,Urban Company Limited,INE0CAZ01013,,EQ,URBANCO.NS
NSE,STOCK,URJA,Urja Global Limited,INE550C01020,,EQ,URJA.NS
NSE,STOCK,USHAMART,Usha Martin Limited,INE228A01035,,EQ,USHAMART.NS
NSE,STOCK,USK,Udayshivakumar Infra Limited,INE0N0Y01013,,EQ,USK.NS
NSE,STOCK,UTIAMC,UTI Asset Management Company Limited,INE094J01016,,EQ,UTIAMC.NS
NSE,STOCK,UTKARSHBNK,Utkarsh Small Finance Bank Limited,INE735W01017,,EQ,UTKARSHBNK.NS
NSE,STOCK,UTLSOLAR,Fujiyama Power Systems Limited,INE12UR01024,,EQ,UTLSOLAR.NS
NSE,STOCK,UTTAMSUGAR,Uttam Sugar Mills Limited,INE786F01031,,EQ,UTTAMSUGAR.NS
NSE,STOCK,UYFINCORP,U. Y. Fincorp Limited,INE152C01025,,BE,UYFINCORP.NS
NSE,STOCK,V2RETAIL,V2 Retail Limited,INE945H01021,,EQ,V2RETAIL.NS
NSE,STOCK,VADILALIND,Vadilal Industries Limited,INE694D01016,,EQ,VADILALIND.NS
NSE,STOCK,VADILENT,Vadilal Enterprises Limited,INE693D01018,,EQ,VADILENT.NS
NSE,STOCK,VAIBHAVGBL,Vaibhav Global Limited,INE884A01027,,EQ,VAIBHAVGBL.NS
NSE,STOCK,VAISHALI,Vaishali Pharma Limited,INE972X01022,,EQ,VAISHALI.NS
NSE,STOCK,VAKRANGEE,Vakrangee Limited,INE051B01021,,EQ,VAKRANGEE.NS
NSE,STOCK,VALIANTLAB,Valiant Laboratories Limited,INE0JWS01017,,BE,VALIANTLAB.NS
NSE,STOCK,VALIANTORG,Valiant Organics Limited,INE565V01010,,BE,VALIANTORG.NS
NSE,STOCK,VAML,Vedanta Aluminium Metal Limited,INE1CDF01017,,EQ,VAML.NS
NSE,STOCK,VARDHACRLC,Vardhman Acrylics Limited,INE116G01013,,BE,VARDHACRLC.NS
NSE,STOCK,VARDMNPOLY,Vardhman Polytex Limited,INE835A01029,,EQ,VARDMNPOLY.NS
NSE,STOCK,VARROC,Varroc Engineering Limited,INE665L01035,,EQ,VARROC.NS
NSE,STOCK,VASCONEQ,Vascon Engineers Limited,INE893I01013,,EQ,VASCONEQ.NS
NSE,STOCK,VASUPRADA,Shri Vasuprada Plantations Limited,INE574G01013,,EQ,VASUPRADA.NS
NSE,STOCK,VASWANI,Vaswani Industries Limited,INE590L01019,,EQ,VASWANI.NS
NSE,STOCK,VBL,Varun Beverages Limited,INE200M01039,,EQ,VBL.NS
NSE,STOCK,VCL,Vaxtex Cotfab Limited,INE098201036,,BE,VCL.NS
NSE,STOCK,VEDAVAAG,VEDAVAAG Systems Limited,INE359B01010,,EQ,VEDAVAAG.NS
NSE,STOCK,VEDL,Vedanta Limited,INE205A01025,,EQ,VEDL.NS
NSE,STOCK,VEDPOWER,Vedanta Power Limited,INE694L01019,,EQ,VEDPOWER.NS
NSE,STOCK,VEEDOL,Veedol Corporation Limited,INE484C01030,,EQ,VEEDOL.NS
NSE,STOCK,VELJAN,Veljan Denison Limited,INE232E01013,,BE,VELJAN.NS
NSE,STOCK,VENKEYS,Venky's (India) Limited,INE398A01010,,EQ,VENKEYS.NS
NSE,STOCK,VENTIVE,Ventive Hospitality Limited,INE781S01027,,EQ,VENTIVE.NS
NSE,STOCK,VENUSPIPES,Venus Pipes & Tubes Limited,INE0JA001018,,EQ,VENUSPIPES.NS
NSE,STOCK,VENUSREM,Venus Remedies Limited,INE411B01019,,BE,VENUSREM.NS
NSE,STOCK,VERANDA,Veranda Learning Solutions Limited,INE0IQ001011,,EQ,VERANDA.NS
NSE,STOCK,VERTOZ,Vertoz Limited,INE188Y01031,,EQ,VERTOZ.NS
NSE,STOCK,VESUVIUS,Vesuvius India Limited,INE386A01023,,EQ,VESUVIUS.NS
NSE,STOCK,VETO,Veto Switchgears And Cables Limited,INE918N01018,,BE,VETO.NS
NSE,STOCK,VGCL,Vibrant Global Capital Limited,INE761Q01015,,EQ,VGCL.NS
NSE,STOCK,VGL,VARVEE GLOBAL LIMITED,INE273D01027,,EQ,VGL.NS
NSE,STOCK,VGUARD,V-Guard Industries Limited,INE951I01027,,EQ,VGUARD.NS
NSE,STOCK,VHL,Vardhman Holdings Limited,INE701A01023,,EQ,VHL.NS
NSE,STOCK,VHLTD,Viceroy Hotels Limited,INE048C01025,,BE,VHLTD.NS
NSE,STOCK,VHLTD-RE1,Viceroy Hotels Ltd-RE,INE048C20025,,BE,VHLTD-RE1.NS
NSE,STOCK,VIDHIING,Vidhi Specialty Food Ingredients Limited,INE632C01026,,EQ,VIDHIING.NS
NSE,STOCK,VIDYAWIRES,Vidya Wires Limited,INE14UN01029,,EQ,VIDYAWIRES.NS
NSE,STOCK,VIJAYA,Vijaya Diagnostic Centre Limited,INE043W01024,,EQ,VIJAYA.NS
NSE,STOCK,VIJIFIN,Viji Finance Limited,INE159N01027,,BE,VIJIFIN.NS
NSE,STOCK,VIJSOLX,Vijay Solvex Limited,INE362D01010,,EQ,VIJSOLX.NS
NSE,STOCK,VIKASECO,Vikas EcoTech Limited,INE806A01020,,EQ,VIKASECO.NS
NSE,STOCK,VIKASLIFE,Vikas Lifecare Limited,INE161L01027,,EQ,VIKASLIFE.NS
NSE,STOCK,VIKRAMSOLR,Vikram Solar Limited,INE078V01014,,EQ,VIKRAMSOLR.NS
NSE,STOCK,VIKRAN,Vikran Engineering Limited,INE01R501028,,EQ,VIKRAN.NS
NSE,STOCK,VIMTALABS,Vimta Labs Limited,INE579C01029,,EQ,VIMTALABS.NS
NSE,STOCK,VINATIORGA,Vinati Organics Limited,INE410B01037,,EQ,VINATIORGA.NS
NSE,STOCK,VINCOFE,Vintage Coffee And Beverages Limited,INE498Q01014,,EQ,VINCOFE.NS
NSE,STOCK,VINDHYATEL,Vindhya Telelinks Limited,INE707A01012,,EQ,VINDHYATEL.NS
NSE,STOCK,VINEETLAB,Vineet Laboratories Limited,INE505Y01010,,EQ,VINEETLAB.NS
NSE,STOCK,VINNY,Vinny Overseas Limited,INE01KI01027,,EQ,VINNY.NS
NSE,STOCK,VINYLINDIA,Vinyl Chemicals (India) Limited,INE250B01029,,EQ,VINYLINDIA.NS
NSE,STOCK,VIPCLOTHNG,VIP Clothing Limited,INE450G01024,,EQ,VIPCLOTHNG.NS
NSE,STOCK,VIPIND,VIP Industries Limited,INE054A01027,,EQ,VIPIND.NS
NSE,STOCK,VIPULLTD,Vipul Limited,INE946H01037,,BE,VIPULLTD.NS
NSE,STOCK,VIRAT,Virat Industries Limited,INE467D01017,,EQ,VIRAT.NS
NSE,STOCK,VIRINCHI,Virinchi Limited,INE539B01017,,EQ,VIRINCHI.NS
NSE,STOCK,VIRTUALG,Virtual Global Education Limited,INE247C01023,,BE,VIRTUALG.NS
NSE,STOCK,VISACHROME,VISA Chrome Limited,INE286H01012,,EQ,VISACHROME.NS
NSE,STOCK,VISAKAIND,Visaka Industries Limited,INE392A01021,,EQ,VISAKAIND.NS
NSE,STOCK,VISHAL,Vishal Fabrics Limited,INE755Q01025,,EQ,VISHAL.NS
NSE,STOCK,VISHNU,Vishnu Chemicals Limited,INE270I01022,,EQ,VISHNU.NS
NSE,STOCK,VISHWARAJ,Vishwaraj Sugar Industries Limited,INE430N01022,,EQ,VISHWARAJ.NS
NSE,STOCK,VISL,Vedanta Iron and Steel Limited,INE1CLE01013,,EQ,VISL.NS
NSE,STOCK,VITAL,Vital Chemtech Limited,INE0L4K01016,,EQ,VITAL.NS
NSE,STOCK,VIVIANA,Viviana Power Tech Limited,INE0MEG01014,,BE,VIVIANA.NS
NSE,STOCK,VIVIDHA,Visagar Polytex Limited,INE370E01029,,EQ,VIVIDHA.NS
NSE,STOCK,VIVIMEDLAB,Vivimed Labs Limited,INE526G01021,,BE,VIVIMEDLAB.NS
NSE,STOCK,VIVOBIOT,Vivo Bio Tech Limited,INE380K01017,,EQ,VIVOBIOT.NS
NSE,STOCK,VIYASH,Viyash Scientific Limited,INE807F01027,,EQ,VIYASH.NS
NSE,STOCK,VLEGOV,VL E-Governance & IT Solutions Limited,INE03HW01020,,BE,VLEGOV.NS
NSE,STOCK,VLSFINANCE,VLS Finance Limited,INE709A01018,,EQ,VLSFINANCE.NS
NSE,STOCK,VMART,V-Mart Retail Limited,INE665J01013,,EQ,VMART.NS
NSE,STOCK,VMM,Vishal Mega Mart Limited,INE01EA01019,,EQ,VMM.NS
NSE,STOCK,VMSTMT,VMS TMT Limited,INE0SJA01013,,EQ,VMSTMT.NS
NSE,STOCK,VOEPL,Virtuoso Optoelectronics Limited,INE0I0T01010,,EQ,VOEPL.NS
NSE,STOCK,VOGL,Vedanta Oil and Gas Limited,INE704J01044,,EQ,VOGL.NS
NSE,STOCK,VOITHPAPR,Voith Paper Fabrics India Limited,INE285C01015,,EQ,VOITHPAPR.NS
NSE,STOCK,VOLTAMP,Voltamp Transformers Limited,INE540H01012,,EQ,VOLTAMP.NS
NSE,STOCK,VOLTAS,Voltas Limited,INE226A01021,,EQ,VOLTAS.NS
NSE,STOCK,VPRPL,Vishnu Prakash R Punglia Limited,INE0AE001013,,EQ,VPRPL.NS
NSE,STOCK,VRAJ,Vraj Iron and Steel Limited,INE0S2V01010,,EQ,VRAJ.NS
NSE,STOCK,VRLLOG,VRL Logistics Limited,INE366I01010,,EQ,VRLLOG.NS
NSE,STOCK,VSSL,Vardhman Special Steels Limited,INE050M01012,,EQ,VSSL.NS
NSE,STOCK,VSTIND,VST Industries Limited,INE710A01016,,EQ,VSTIND.NS
NSE,STOCK,VSTL,Vibhor Steel Tubes Limited,INE0QTF01015,,EQ,VSTL.NS
NSE,STOCK,VSTTILLERS,V.S.T Tillers Tractors Limited,INE764D01017,,EQ,VSTTILLERS.NS
NSE,STOCK,VTL,Vardhman Textiles Limited,INE825A01020,,EQ,VTL.NS
NSE,STOCK,VTMLTD,VTM Limited,INE222F01029,,EQ,VTMLTD.NS
NSE,STOCK,WAAREEENER,Waaree Energies Limited,INE377N01017,,EQ,WAAREEENER.NS
NSE,STOCK,WAAREEINDO,Indosolar Limited,INE866K01023,,EQ,WAAREEINDO.NS
NSE,STOCK,WAAREERTL,Waaree Renewable Technologies Limited,INE299N01021,,EQ,WAAREERTL.NS
NSE,STOCK,WABAG,VA Tech Wabag Limited,INE956G01038,,EQ,WABAG.NS
NSE,STOCK,WAKEFIT,Wakefit Innovations Limited,INE0E7301029,,EQ,WAKEFIT.NS
NSE,STOCK,WALCHANNAG,Walchandnagar Industries Limited,INE711A01022,,EQ,WALCHANNAG.NS
NSE,STOCK,WANBURY,Wanbury Limited,INE107F01022,,EQ,WANBURY.NS
NSE,STOCK,WARDINMOBI,Wardwizard Innovations & Mobility Limited,INE945P01024,,EQ,WARDINMOBI.NS
NSE,STOCK,WATERBASE,Waterbase Limited,INE054C01015,,EQ,WATERBASE.NS
NSE,STOCK,WCIL,Western Carriers (India) Limited,INE0CJF01024,,EQ,WCIL.NS
NSE,STOCK,WEALTH,Wealth First Portfolio Managers Limited,INE658T01017,,EQ,WEALTH.NS
NSE,STOCK,WEBELSOLAR,Websol Energy System Limited,INE855C01023,,EQ,WEBELSOLAR.NS
NSE,STOCK,WEIZMANIND,Weizmann Limited,INE080A01014,,EQ,WEIZMANIND.NS
NSE,STOCK,WEL,Wonder Electricals Limited,INE02WG01024,,EQ,WEL.NS
NSE,STOCK,WELCORP,Welspun Corp Limited,INE191B01025,,EQ,WELCORP.NS
NSE,STOCK,WELENT,Welspun Enterprises Limited,INE625G01013,,EQ,WELENT.NS
NSE,STOCK,WELINV,Welspun Investments and Commercials Limited,INE389K01018,,BE,WELINV.NS
NSE,STOCK,WELSPLSOL,Welspun Specialty Solutions Limited,INE731F01037,,EQ,WELSPLSOL.NS
NSE,STOCK,WELSPUNLIV,Welspun Living Limited,INE192B01031,,EQ,WELSPUNLIV.NS
NSE,STOCK,WENDT,Wendt (India) Limited,INE274C01019,,EQ,WENDT.NS
NSE,STOCK,WESTLIFE,WESTLIFE FOODWORLD LIMITED,INE274F01020,,EQ,WESTLIFE.NS
NSE,STOCK,WEWIN,WE WIN LIMITED,INE082W01014,,EQ,WEWIN.NS
NSE,STOCK,WEWORK,WeWork India Management Limited,INE085001019,,EQ,WEWORK.NS
NSE,STOCK,WHBRADY,WH Brady & Company Limited,INE855A01019,,EQ,WHBRADY.NS
NSE,STOCK,WHEELS,Wheels India Limited,INE715A01015,,EQ,WHEELS.NS
NSE,STOCK,WHIRLPOOL,Whirlpool of India Limited,INE716A01013,,EQ,WHIRLPOOL.NS
NSE,STOCK,WILLAMAGOR,Williamson Magor & Company Limited,INE210A01017,,EQ,WILLAMAGOR.NS
NSE,STOCK,WINDLAS,Windlas Biotech Limited,INE0H5O01029,,EQ,WINDLAS.NS
NSE,STOCK,WINDMACHIN,Windsor Machines Limited,INE052A01021,,EQ,WINDMACHIN.NS
NSE,STOCK,WIPL,The Western India Plywoods Limited,INE215F01023,,EQ,WIPL.NS
NSE,STOCK,WIPRO,Wipro Limited,INE075A01022,,EQ,WIPRO.NS
NSE,STOCK,WOCKPHARMA,Wockhardt Limited,INE049B01025,,EQ,WOCKPHARMA.NS
NSE,STOCK,WONDERLA,Wonderla Holidays Limited,INE066O01014,,EQ,WONDERLA.NS
NSE,STOCK,WORTHPERI,Worth Peripherals Limited,INE196Y01018,,EQ,WORTHPERI.NS
NSE,STOCK,WPIL,WPIL Limited,INE765D01022,,EQ,WPIL.NS
NSE,STOCK,WSI,W S Industries (I) Limited,INE100D01014,,EQ,WSI.NS
NSE,STOCK,WSTCSTPAPR,West Coast Paper Mills Limited,INE976A01021,,EQ,WSTCSTPAPR.NS
NSE,STOCK,XCHANGING,Xchanging Solutions Limited,INE692G01013,,EQ,XCHANGING.NS
NSE,STOCK,XELPMOC,Xelpmoc Design And Tech Limited,INE01P501012,,EQ,XELPMOC.NS
NSE,STOCK,XPROINDIA,Xpro India Limited,INE445C01015,,EQ,XPROINDIA.NS
NSE,STOCK,XTGLOBAL,Xtglobal Infotech Limited,INE547B01028,,EQ,XTGLOBAL.NS
NSE,STOCK,XTRANET,Xtranet Technologies Limited,INE0NG701011,,EQ,XTRANET.NS
NSE,STOCK,YASHO,Yasho Industries Limited,INE616Z01012,,EQ,YASHO.NS
NSE,STOCK,YATHARTH,Yatharth Hospital & Trauma Care Services Limited,INE0JO301016,,EQ,YATHARTH.NS
NSE,STOCK,YATRA,Yatra Online Limited,INE0JR601024,,EQ,YATRA.NS
NSE,STOCK,YESBANK,Yes Bank Limited,INE528G01035,,EQ,YESBANK.NS
NSE,STOCK,YOGI,Yogi Limited,INE290E01011,,EQ,YOGI.NS
NSE,STOCK,YUKEN,Yuken India Limited,INE384C01016,,EQ,YUKEN.NS
NSE,STOCK,ZAGGLE,Zaggle Prepaid Ocean Services Limited,INE07K301024,,EQ,ZAGGLE.NS
NSE,STOCK,ZEEL,Zee Entertainment Enterprises Limited,INE256A01028,,EQ,ZEEL.NS
NSE,STOCK,ZEELEARN,Zee Learn Limited,INE565L01011,,BE,ZEELEARN.NS
NSE,STOCK,ZEEMEDIA,Zee Media Corporation Limited,INE966H01019,,EQ,ZEEMEDIA.NS
NSE,STOCK,ZENITHEXPO,Zenith Exports Limited,INE058B01018,,EQ,ZENITHEXPO.NS
NSE,STOCK,ZENITHSTL,Zenith Steel Pipes & Industries Limited,INE318D01020,,EQ,ZENITHSTL.NS
NSE,STOCK,ZENSARTECH,Zensar Technologies Limited,INE520A01027,,EQ,ZENSARTECH.NS
NSE,STOCK,ZENTEC,Zen Technologies Limited,INE251B01027,,EQ,ZENTEC.NS
NSE,STOCK,ZFCVINDIA,ZF Commercial Vehicle Control Systems India Limited,INE342J01019,,EQ,ZFCVINDIA.NS
NSE,STOCK,ZFSTEERING,ZF Steering Gear (India) Limited,INE116C01012,,EQ,ZFSTEERING.NS
NSE,STOCK,ZIMLAB,Zim Laboratories Limited,INE518E01015,,EQ,ZIMLAB.NS
NSE,STOCK,ZODIAC,Zodiac Energy Limited,INE761Y01019,,EQ,ZODIAC.NS
NSE,STOCK,ZODIACLOTH,Zodiac Clothing Company Limited,INE206B01013,,EQ,ZODIACLOTH.NS
NSE,STOCK,ZOTA,Zota Health Care LImited,INE358U01012,,EQ,ZOTA.NS
NSE,STOCK,ZSARACOM,Saraswati Commercial India Limited,INE967G01019,,EQ,ZSARACOM.NS
NSE,STOCK,ZUARI,Zuari Agro Chemicals Limited,INE840M01016,,EQ,ZUARI.NS
NSE,STOCK,ZUARIIND,ZUARI INDUSTRIES LIMITED,INE217A01012,,EQ,ZUARIIND.NS
NSE,STOCK,ZYDUSLIFE,Zydus Lifesciences Limited,INE010B01027,,EQ,ZYDUSLIFE.NS
NSE,STOCK,ZYDUSWELL,Zydus Wellness Limited,INE768C01028,,EQ,ZYDUSWELL.NS
BSE,STOCK,1STCUS,First Custodian Fund,,511122,X,1STCUS.BO
BSE,STOCK,21STCENMGM,Twentyfirst Century Management Svcs,,526921,B,21STCENMGM.BO
BSE,STOCK,360ONE,360 One WAM,,542772,A,360ONE.BO
BSE,STOCK,3BBLACKBIO,3B BlackBio DX,,532067,B,3BBLACKBIO.BO
BSE,STOCK,3BFILMS,3B Films,,544412,M,3BFILMS.BO
BSE,STOCK,3CIT,3C IT Solutions & Telecoms,,544190,M,3CIT.BO
BSE,STOCK,3IINFOLTD,3I Infotech,,532628,T,3IINFOLTD.BO
BSE,STOCK,3MINDIA,3M India,,523395,A,3MINDIA.BO
BSE,STOCK,3PLAND,3P Land Holdings,,516092,B,3PLAND.BO
BSE,STOCK,5PAISA,5Paisa Capital,,540776,B,5PAISA.BO
BSE,STOCK,63MOONS,63 Moons Technologies,,526881,A,63MOONS.BO
BSE,STOCK,7NR,7NR Retail,,540615,XT,7NR.BO
BSE,STOCK,7SEASL,7Seas Entertainment,,540874,X,7SEASL.BO
BSE,STOCK,7TEC,Saven Technologies,,532404,X,7TEC.BO
BSE,STOCK,A1L,A1,,542012,B,A1L.BO
BSE,STOCK,A2ZINFRA,A2Z Infra Engineering,,533292,B,A2ZINFRA.BO
BSE,STOCK,AAATECH,AAA Technologies,,543671,B,AAATECH.BO
BSE,STOCK,AADHARHFC,Aadhar Housing Finance,,544176,A,AADHARHFC.BO
BSE,STOCK,AADIIND,Aadi Industries,,530027,X,AADIIND.BO
BSE,STOCK,AAIL,Akar Auto Industries,,530621,XT,AAIL.BO
BSE,STOCK,AANCHALISP,Aanchal Ispat Limited,,538812,XT,AANCHALISP.BO
BSE,STOCK,AAPLUSTRAD,AA Plus Tradelink,,543319,M,AAPLUSTRAD.BO
BSE,STOCK,AAREYDRUGS,Aarey Drugs & Pharmaceuticals,,524412,B,AAREYDRUGS.BO
BSE,STOCK,AARNAV,Aarnav Fashions,,539562,T,AARNAV.BO
BSE,STOCK,AARTECH,Aartech Solonics,,542580,T,AARTECH.BO
BSE,STOCK,AARTIDRUGS,Aarti Drugs,,524348,B,AARTIDRUGS.BO
BSE,STOCK,AARTIIND,Aarti Industries,,524208,A,524208.BO
BSE,STOCK,AARTIPHARM,Aarti Pharma Labs,,543748,A,AARTIPHARM.BO
BSE,STOCK,AARTISURF,Aarti Surfactants,,543210,T,AARTISURF.BO
BSE,STOCK,AASHKA,Aashka Hospitals,,543346,M,AASHKA.BO
BSE,STOCK,AASTAFIN,Aastamangalam Finance,,511764,X,AASTAFIN.BO
BSE,STOCK,AASTHA,Aastha Spintex,,544808,B,AASTHA.BO
BSE,STOCK,AAVAS,Aavas Financiers,,541988,A,AAVAS.BO
BSE,STOCK,AAYUSH,Aayush Wellness,,539528,X,AAYUSH.BO
BSE,STOCK,AAYUSHBULL,Aayush Art and Bullion,,540718,M,AAYUSHBULL.BO
BSE,STOCK,ABAN,Aban Offshore,,523204,T,523204.BO
BSE,STOCK,ABANSENT,Abans Enterprises,,512165,B,ABANSENT.BO
BSE,STOCK,ABATEAS,Abate AS Industries,,531658,X,ABATEAS.BO
BSE,STOCK,ABBOTINDIA,Abbott,,500488,A,500488.BO
BSE,STOCK,ABCAPITAL,Aditya Birla Capital,,540691,A,ABCAPITAL.BO
BSE,STOCK,ABCINDQ,ABC India,,520123,X,ABCINDQ.BO
BSE,STOCK,ABCOTS,AB Cotspin,,544522,B,ABCOTS.BO
BSE,STOCK,ABDL,Allied Blenders & Distillers,,544203,A,ABDL.BO
BSE,STOCK,ABFRL,Aditya Birla Fashion & Retail,,535755,A,ABFRL.BO
BSE,STOCK,ABHICAP,Abhinav Capital Services,,532057,X,ABHICAP.BO
BSE,STOCK,ABHIFIN,Abhishek Finlease,,538935,X,ABHIFIN.BO
BSE,STOCK,ABHIINFRA,Abhishek Infraventures,,539544,X,ABHIINFRA.BO
BSE,STOCK,ABINFRA,AB Infrabuild,,544281,T,ABINFRA.BO
BSE,STOCK,ABIRAFN,Abirami Financial,,511756,Z,ABIRAFN.BO
BSE,STOCK,ABLBL,Aditya Birla Lifestyle Brands,,544403,A,ABLBL.BO
BSE,STOCK,ABMKNO,ABM Knowledgeware,,531161,B,ABMKNO.BO
BSE,STOCK,ABREL,Aditya Birla Real Estate,,500040,A,ABREL.BO
BSE,STOCK,ABRFL,Abram Food,,544422,M,ABRFL.BO
BSE,STOCK,ABRIL,Abril Paper Tech,,544500,M,ABRIL.BO
BSE,STOCK,ABSLAMC,AB ISIL Broad Based CRISIL ETF,,543374,A,ABSLAMC.BO
BSE,STOCK,ABVL,Arunjyothi Bio Ventures,,530881,X,ABVL.BO
BSE,STOCK,ACCEDERE,Accedere,,531533,XT,ACCEDERE.BO
BSE,STOCK,ACCEL,Accel,,517494,X,ACCEL.BO
BSE,STOCK,ACCELERATE,AccelerateBS,,543938,M,ACCELERATE.BO
BSE,STOCK,ACCELYA,Accelya Solutions,,532268,B,ACCELYA.BO
BSE,STOCK,ACCORDTS,Accord Transformer & Switchgear,,544710,M,ACCORDTS.BO
BSE,STOCK,ACCURACY,Accuracy Shipping,,544598,T,ACCURACY.BO
BSE,STOCK,ACE,Action Construction Equipment,,532762,A,ACE.BO
BSE,STOCK,ACEALPHA,Ace Alpha Tech,,544431,M,ACEALPHA.BO
BSE,STOCK,ACEENGITEC,Ace Engitech,,530669,XT,ACEENGITEC.BO
BSE,STOCK,ACEMEN,Ace Men Engg Works,,539661,X,ACEMEN.BO
BSE,STOCK,ACESOFT,Ace Software Exports,,531525,XT,ACESOFT.BO
BSE,STOCK,ACFSL,Amrapali Capital & Finance Services,,536737,MT,ACFSL.BO
BSE,STOCK,ACGL,Automobile Corporation of Goa,,505036,B,ACGL.BO
BSE,STOCK,ACHYUT,Achyut Healthcare,,543499,T,ACHYUT.BO
BSE,STOCK,ACI,Archean Chemical Industries,,543657,A,ACI.BO
BSE,STOCK,ACIIN,ACI Infocom,,517356,XT,ACIIN.BO
BSE,STOCK,ACKNIT,Acknit Industries,,530043,X,ACKNIT.BO
BSE,STOCK,ACL,Andhra Cements,,532141,B,ACL.BO
BSE,STOCK,ACLD,Aelea Commodities,,544213,M,ACLD.BO
BSE,STOCK,ACME,Acme Resources,,539391,Z,ACME.BO
BSE,STOCK,ACMESOLAR,ACME Solar Holdings,,544283,A,ACMESOLAR.BO
BSE,STOCK,ACML,Aditya Consumer Marketing,,540146,M,ACML.BO
BSE,STOCK,ACROW,Acrow,,513149,X,ACROW.BO
BSE,STOCK,ACSTECH,ACS Technologies,,530745,T,ACSTECH.BO
BSE,STOCK,ACTIVE,Active Clothing Co,,541144,B,ACTIVE.BO
BSE,STOCK,ACUTAAS,Acutaas Chemicals,,543349,A,ACUTAAS.BO
BSE,STOCK,ADANIENSOL,Adani Energy Solutions,,539254,A,ADANIENSOL.BO
BSE,STOCK,ADANIENT,Adani Enterprises,,512599,A,ADANIENT.BO
BSE,STOCK,ADANIGREEN,Adani Green Energy,,541450,A,ADANIGREEN.BO
BSE,STOCK,ADANIPORTS,Adani Ports & SEZ,,532921,A,ADANIPORTS.BO
BSE,STOCK,ADANIPOWER,Adani Power,,533096,A,ADANIPOWER.BO
BSE,STOCK,ADARSHPL,Adarsh Plant Protect,,526711,X,ADARSHPL.BO
BSE,STOCK,ADCINDIA,ADC India Communications,,523411,XT,ADCINDIA.BO
BSE,STOCK,ADCON,Adcon Capital Services,,539506,XT,ADCON.BO
BSE,STOCK,ADCOUNTY,Adcounty Media,,544435,M,ADCOUNTY.BO
BSE,STOCK,ADDIND,Addi Industries,,507852,B,ADDIND.BO
BSE,STOCK,ADESHWAR,Adeshwar Meditex,,543309,M,ADESHWAR.BO
BSE,STOCK,ADFFOODS,ADF Foods,,519183,B,ADFFOODS.BO
BSE,STOCK,ADHBHUTIN,Adhbhut Infrastructure,,539189,X,ADHBHUTIN.BO
BSE,STOCK,ADHHATA,Adhata Global,,531286,X,ADHHATA.BO
BSE,STOCK,ADINATH,Adinath Textiles,,514113,X,ADINATH.BO
BSE,STOCK,ADISHAKTI,Adishakti Loha & Ispat,,543377,M,ADISHAKTI.BO
BSE,STOCK,ADITYA,Aditya Ispat,,513513,X,ADITYA.BO
BSE,STOCK,ADITYASP,Aditya Spinners,,521141,X,ADITYASP.BO
BSE,STOCK,ADL,Archidply Decor,,543231,B,ADL.BO
BSE,STOCK,ADLINE,Adline Chem Lab,,524604,P,ADLINE.BO
BSE,STOCK,ADMACH,Admach Systems,,544669,MT,ADMACH.BO
BSE,STOCK,ADMANUM,Ad-Manum Finance,,511359,X,ADMANUM.BO
BSE,STOCK,ADON,Adon Agro Commodities,,544809,M,ADON.BO
BSE,STOCK,ADOR,Ador Welding,,517041,B,ADOR.BO
BSE,STOCK,ADROITINFO,Adroit Infotech,,532172,B,ADROITINFO.BO
BSE,STOCK,ADSL,Allied Digital Services,,532875,B,ADSL.BO
BSE,STOCK,ADTECH,ADTECH,,544185,X,ADTECH.BO
BSE,STOCK,ADVAIT,Advait Energy Transitions,,543230,B,ADVAIT.BO
BSE,STOCK,ADVANCE,Advance Agrolife,,544562,B,ADVANCE.BO
BSE,STOCK,ADVANIHOTR,Advani Hotels & Resorts,,523269,B,ADVANIHOTR.BO
BSE,STOCK,ADVENTHTL,Advent Hotels International,,544446,B,ADVENTHTL.BO
BSE,STOCK,ADVENZYMES,Advanced Enzyme Tech,,540025,B,ADVENZYMES.BO
BSE,STOCK,ADVIKCA,Advik Capital,,539773,B,ADVIKCA.BO
BSE,STOCK,ADVLIFE,Advance Lifestyles,,521048,X,ADVLIFE.BO
BSE,STOCK,ADVPETR-B,Advanced Petrochemicals,,506947,XT,ADVPETR-B.BO
BSE,STOCK,AEGISLOG,Aegis Logistics,,500003,A,AEGISLOG.BO
BSE,STOCK,AEGISVOPAK,Aegis Vopak Terminals,,544407,A,AEGISVOPAK.BO
BSE,STOCK,AEIM,Artificial Electronics Intelligent,,526443,X,AEIM.BO
BSE,STOCK,AEL,Amba Enterprises,,539196,X,AEL.BO
BSE,STOCK,AEONXDIGI,Aeonx Digital Technology,,524594,X,AEONXDIGI.BO
BSE,STOCK,AEPL,Artemis Electricals,,542670,B,AEPL.BO
BSE,STOCK,AEQUS,Aequs,,544634,B,AEQUS.BO
BSE,STOCK,AEROENTER,Aeroflex Enterprises,,511076,B,AEROENTER.BO
BSE,STOCK,AEROFLEX,Aeroflex Industries,,543972,B,AEROFLEX.BO
BSE,STOCK,AERONEU,Aeroflex Neu,,543743,B,AERONEU.BO
BSE,STOCK,AEROPLANE,Amir Chand Jagdish Kumar (Exports),,544743,B,AEROPLANE.BO
BSE,STOCK,AERPACE,Aerpace Industries,,534733,XT,AERPACE.BO
BSE,STOCK,AETHER,Aether Industries,,543534,A,AETHER.BO
BSE,STOCK,AFCOM,Afcom Holdings,,544224,M,AFCOM.BO
BSE,STOCK,AFCONS,Afcons Infrastructure,,544280,A,AFCONS.BO
BSE,STOCK,AFEL,AF Enterprises,,538351,Z,AFEL.BO
BSE,STOCK,AFFLE,Affle 3i,,542752,A,AFFLE.BO
BSE,STOCK,AFFORDABLE,Affordable Robotic & Automation,,541402,B,AFFORDABLE.BO
BSE,STOCK,AFIL,Akme Fintrade,,544200,B,AFIL.BO
BSE,STOCK,AFLTD,Autofurnish,,544767,M,AFLTD.BO
BSE,STOCK,AFSL,Abans Financial Services,,543712,B,AFSL.BO
BSE,STOCK,AGARIND,Agarwal Industrial Corporation,,531921,B,AGARIND.BO
BSE,STOCK,AGARWAL,Agarwal Fortune,,530765,X,AGARWAL.BO
BSE,STOCK,AGARWALEYE,Dr. Agarwal's Health Care,,544350,A,AGARWALEYE.BO
BSE,STOCK,AGI,AGI Greenpac,,500187,B,AGI.BO
BSE,STOCK,AGIIL,AGI Infra,,539042,B,AGIIL.BO
BSE,STOCK,AGIOPAPER,Agio Paper & Industries,,516020,X,AGIOPAPER.BO
BSE,STOCK,AGL,Allcargo Global,,544602,B,AGL.BO
BSE,STOCK,AGOL,Ashapuri Gold Ornament,,542579,B,AGOL.BO
BSE,STOCK,AGRIBIO,Agribio Spirits,,539546,X,AGRIBIO.BO
BSE,STOCK,AGRITECH,Agri-Tech,,537292,B,AGRITECH.BO
BSE,STOCK,AGSTRA,AGS Transact Technologies,,543451,Z,AGSTRA.BO
BSE,STOCK,AHASOLAR,Ahasolar Technologies,,543941,M,AHASOLAR.BO
BSE,STOCK,AHCL,Anlon Healthcare,,544497,B,AHCL.BO
BSE,STOCK,AHLEAST,Asian Hotels (East),,533227,B,AHLEAST.BO
BSE,STOCK,AHLUCONT,Ahluwalia Contracts,,532811,A,AHLUCONT.BO
BSE,STOCK,AHLWEST,Asian Hotels (West),,533221,T,AHLWEST.BO
BSE,STOCK,AHMDSTE,Ahmedabad Steelcraft,,522273,X,AHMDSTE.BO
BSE,STOCK,AICHAMP,AI Champdany Industries,,532806,XT,AICHAMP.BO
BSE,STOCK,AIHL,Ambassador Intra Holdings,,542524,X,AIHL.BO
BSE,STOCK,AIIL,Authum Inv & Infr,,539177,A,AIIL.BO
BSE,STOCK,AIKPIPES,AIK Pipes and Polymers,,544072,M,AIKPIPES.BO
BSE,STOCK,AIMCOPEST,Aimco Pesticides,,524288,X,AIMCOPEST.BO
BSE,STOCK,AIML,Alliance Integrated Metaliks,,534064,XT,AIML.BO
BSE,STOCK,AIRAN,Airan,,543811,B,AIRAN.BO
BSE,STOCK,AIRFLOA,Airfloa Rail Technology,,544516,M,AIRFLOA.BO
BSE,STOCK,AJANTPHARM,Ajanta Pharma,,532331,A,532331.BO
BSE,STOCK,AJANTSOY,Ajanta Soya,,519216,X,AJANTSOY.BO
BSE,STOCK,AJAXENGG,Ajax Engineering,,544356,B,AJAXENGG.BO
BSE,STOCK,AJCJEWEL,AJC Jewel Manufacturers,,544425,MT,AJCJEWEL.BO
BSE,STOCK,AJCON,Ajcon Global Services,,511692,X,AJCON.BO
BSE,STOCK,AJMERA,Ajmera Realty & Infra,,513349,B,AJMERA.BO
BSE,STOCK,AJWAFUN,Ajwa Fun World & Resort,,526628,P,AJWAFUN.BO
BSE,STOCK,AKCAPIT,AK Capital Services,,530499,B,AKCAPIT.BO
BSE,STOCK,AKI,AKI India,,542020,B,AKI.BO
BSE,STOCK,AKSHAR,Akshar Spintex,,541303,B,AKSHAR.BO
BSE,STOCK,AKSHARCHEM,AksharChem,,524598,T,AKSHARCHEM.BO
BSE,STOCK,AKSHOPTFBR,Aksh Optifibre,,532351,T,AKSHOPTFBR.BO
BSE,STOCK,AKUMS,Akums Drugs & Pharma,,544222,B,AKUMS.BO
BSE,STOCK,ALANKIT,Alankit,,531082,B,ALANKIT.BO
BSE,STOCK,ALANSCOTT,Alan Scott Enterprises,,539115,XT,ALANSCOTT.BO
BSE,STOCK,ALBERTDAVD,Albert David,,524075,B,ALBERTDAVD.BO
BSE,STOCK,ALEXANDER,Alexander Stamps & Coin,,511463,X,ALEXANDER.BO
BSE,STOCK,ALFAICA,Alfa ICA,,530973,X,ALFAICA.BO
BSE,STOCK,ALFATRAN,Alfa Transformers,,517546,X,ALFATRAN.BO
BSE,STOCK,ALFAVIO,Alfavision Overseas,,531156,XT,ALFAVIO.BO
BSE,STOCK,ALFL,Abhinav Leasing & Finance,,538952,X,ALFL.BO
BSE,STOCK,ALFREDHE,Alfred Herbert,,505216,B,ALFREDHE.BO
BSE,STOCK,ALGOQUANT,Algoquant Fintech,,505725,B,ALGOQUANT.BO
BSE,STOCK,ALICON,Alicon Castalloy,,531147,B,ALICON.BO
BSE,STOCK,ALIVUS,Alivus Life Sciences,,543322,A,ALIVUS.BO
BSE,STOCK,ALKALI,Alkali Metals,,533029,T,ALKALI.BO
BSE,STOCK,ALKEM,Alkem Laboratories,,539523,A,ALKEM.BO
BSE,STOCK,ALKOSIGN,Alkosign,,543453,M,ALKOSIGN.BO
BSE,STOCK,ALKYLAMINE,Alkyl Amines Chemicals,,506767,A,506767.BO
BSE,STOCK,ALLCARGO,Allcargo Logistics,,532749,B,ALLCARGO.BO
BSE,STOCK,ALLDIGI,Alldigi Tech,,532633,B,ALLDIGI.BO
BSE,STOCK,ALLTIME,All Time Plastics,,544479,B,ALLTIME.BO
BSE,STOCK,ALMONDZ,Almondz Global Securities,,531400,B,ALMONDZ.BO
BSE,STOCK,ALNATRD,Alna Trading & Exports,,506120,P,ALNATRD.BO
BSE,STOCK,ALOKINDS,Alok Industries,,521070,A,ALOKINDS.BO
BSE,STOCK,ALPA,Alpa Laboratories,,532878,B,ALPA.BO
BSE,STOCK,ALPHAGEO,Alphageo,,526397,T,ALPHAGEO.BO
BSE,STOCK,ALPHAIND,Alphalogic Industries,,543937,M,ALPHAIND.BO
BSE,STOCK,ALPHALOGIC,Alphalogic Techsys,,542770,B,ALPHALOGIC.BO
BSE,STOCK,ALPINEHOU,Alpine Housing Development,,526519,XT,ALPINEHOU.BO
BSE,STOCK,ALPINETEX,Alpine Texworld,,544825,B,ALPINETEX.BO
BSE,STOCK,ALSL,Alacrity Securities,,535916,B,ALSL.BO
BSE,STOCK,ALUFLUOR,Alufluoride,,524634,B,ALUFLUOR.BO
BSE,STOCK,AMAGI,Amagi Media Labs,,544679,B,AMAGI.BO
BSE,STOCK,AMAL,AMAL,,506597,B,AMAL.BO
BSE,STOCK,AMANAYA,Amanaya Ventures,,543804,M,AMANAYA.BO
BSE,STOCK,AMANTA,Amanta Healthcare,,544502,T,AMANTA.BO
BSE,STOCK,AMARJOTHI,Amarjothi Spinning Mills,,521097,B,AMARJOTHI.BO
BSE,STOCK,AMBALALSA,Ambalal Sarabhai Enterprises,,500009,T,AMBALALSA.BO
BSE,STOCK,AMBARPIL,Ambar Protein Industries,,519471,XT,AMBARPIL.BO
BSE,STOCK,AMBER,Amber Enterprises,,540902,A,AMBER.BO
BSE,STOCK,AMBICAAGAR,Ambica Agarbathies,,532335,B,532335.BO
BSE,STOCK,AMBIKCO,Ambika Cotton Mill,,531978,B,AMBIKCO.BO
BSE,STOCK,AMBIT,Ambitious Plastomac,,526439,X,AMBIT.BO
BSE,STOCK,AMBOAGRI,AMBO Agritec,,543678,M,AMBOAGRI.BO
BSE,STOCK,AMBUJACEM,Ambuja Cements,,500425,A,500425.BO
BSE,STOCK,AMCOIND,Amco India,,530133,X,AMCOIND.BO
BSE,STOCK,AMDIND,Amd Industries,,532828,B,AMDIND.BO
BSE,STOCK,AMEENJI,Ameenji Rubber,,544555,MT,AMEENJI.BO
BSE,STOCK,AMERISE,Amerise Biosciences,,531681,XT,AMERISE.BO
BSE,STOCK,AMFORG,Amforge Industries,,513117,X,AMFORG.BO
BSE,STOCK,AMIC,Amic Forging,,544037,M,AMIC.BO
BSE,STOCK,AMINTAN,Amin Tannery,,541771,XT,AMINTAN.BO
BSE,STOCK,AMITSEC,Amit Securities,,531557,X,AMITSEC.BO
BSE,STOCK,AMJLAND,AMJ Land Holdings,,500343,B,AMJLAND.BO
BSE,STOCK,AMKAY,Amkay Products,,544169,M,AMKAY.BO
BSE,STOCK,AMNPLST,Amines & Plasticizers,,506248,B,AMNPLST.BO
BSE,STOCK,AMPL,Credent Global Finance,,539598,X,AMPL.BO
BSE,STOCK,AMPVOLTS,AmpVolts,,535719,X,AMPVOLTS.BO
BSE,STOCK,AMRAAGRI,Amraworld Agrico,,531991,X,AMRAAGRI.BO
BSE,STOCK,AMRAFIN,Amrapali Fincap,,539265,MT,AMRAFIN.BO
BSE,STOCK,AMRAPLIN,Amrapali Industries,,526241,XT,AMRAPLIN.BO
BSE,STOCK,AMRUTANJAN,Amrutanjan Health Care,,590006,B,AMRUTANJAN.BO
BSE,STOCK,AMS,Ams Polymers,,540066,XT,AMS.BO
BSE,STOCK,AMTL,Advance Metering Tech,,534612,X,AMTL.BO
BSE,STOCK,AMWILL,Amwill Health Care,,544353,M,AMWILL.BO
BSE,STOCK,ANANDRATHI,Anand Rathi Wealth,,543415,A,ANANDRATHI.BO
BSE,STOCK,ANDHRAPAP,Andhra Paper,,502330,B,ANDHRAPAP.BO
BSE,STOCK,ANDHRAPET,Andhra Petrochemicals,,500012,X,ANDHRAPET.BO
BSE,STOCK,ANDHRSUGAR,Andhra Sugars,,590062,B,ANDHRSUGAR.BO
BSE,STOCK,ANDREWYU,Andrew Yule & Company,,526173,B,ANDREWYU.BO
BSE,STOCK,ANG,ANG Lifesciences,,540694,T,ANG.BO
BSE,STOCK,ANGEL,Angel Fibers,,541006,M,ANGEL.BO
BSE,STOCK,ANGELONE,Angel One,,543235,A,ANGELONE.BO
BSE,STOCK,ANIKINDS,Anik Industries,,519383,B,ANIKINDS.BO
BSE,STOCK,ANIRIT,Anirit Ventures,,530705,XT,ANIRIT.BO
BSE,STOCK,ANIRITPP,Anirit Ventures - PP,,890231,XT,ANIRITPP.BO
BSE,STOCK,ANJANI,Anjani Synthetics,,531223,X,ANJANI.BO
BSE,STOCK,ANJANIFIN,Anjani Finance,,531878,X,ANJANIFIN.BO
BSE,STOCK,ANJANIFOODS,Anjani Foods,,511153,XT,ANJANIFOODS.BO
BSE,STOCK,ANKIN,Anka India,,531673,X,ANKIN.BO
BSE,STOCK,ANKITMETAL,Ankit Metal & Power,,532870,Z,ANKITMETAL.BO
BSE,STOCK,ANL,Accretion Nutraveda,,544694,M,ANL.BO
BSE,STOCK,ANMOL,Anmol,,542437,B,ANMOL.BO
BSE,STOCK,ANNAINFRA,Anna Infrastructures,,530799,X,ANNAINFRA.BO
BSE,STOCK,ANSALAPI,Ansal Properties & Infrastructure,,500013,Z,500013.BO
BSE,STOCK,ANSALBU,Ansal Buildwell,,523007,B,ANSALBU.BO
BSE,STOCK,ANSALHSG,Ansal Housing & Construction,,507828,X,ANSALHSG.BO
BSE,STOCK,ANSINDUS,ANS Industries,,531406,XT,ANSINDUS.BO
BSE,STOCK,ANTARIKSH,Antariksh Industries,,501270,XT,ANTARIKSH.BO
BSE,STOCK,ANTELOPUS,Antelopus Selan Energy,,530075,B,ANTELOPUS.BO
BSE,STOCK,ANTHEM,Anthem Biosciences,,544449,A,ANTHEM.BO
BSE,STOCK,ANUBHAV,Anubhav Plast,,544800,M,ANUBHAV.BO
BSE,STOCK,ANUHPHR,Anuh Pharma,,506260,B,ANUHPHR.BO
BSE,STOCK,ANUP,The Anup Engineering,,542460,B,ANUP.BO
BSE,STOCK,ANUPAM,Anupam Finserv,,530109,X,ANUPAM.BO
BSE,STOCK,ANURAS,Anupam Rasayan,,543275,A,ANURAS.BO
BSE,STOCK,ANUROOP,Anuroop Packaging,,542865,B,ANUROOP.BO
BSE,STOCK,ANVRDHI,Annvrridhhi Ventures,,538539,X,ANVRDHI.BO
BSE,STOCK,APARINDS,Apar Industries,,532259,A,APARINDS.BO
BSE,STOCK,APCL,Anjani Portland Cement,,518091,B,APCL.BO
BSE,STOCK,APCOTEXIND,Apcotex Industries,,523694,B,523694.BO
BSE,STOCK,APEX,Apex Frozen Foods,,540692,B,APEX.BO
BSE,STOCK,APIS,Apis,,506166,B,APIS.BO
BSE,STOCK,APL,Asston Pharmaceuticals,,544445,MT,APL.BO
BSE,STOCK,APLAB,Aplab,,517096,X,APLAB.BO
BSE,STOCK,APLABPP,Aplab - PP,,890217,X,APLABPP.BO
BSE,STOCK,APLAPOLLO,APL Apollo Tubes,,533758,A,APLAPOLLO.BO
BSE,STOCK,APLLTD,Alembic Pharmaceuticals,,533573,A,APLLTD.BO
BSE,STOCK,APMIN,Apm Industries,,523537,X,APMIN.BO
BSE,STOCK,APOLLO,Apollo Micro Systems,,540879,A,APOLLO.BO
BSE,STOCK,APOLLOFI,Apollo Finvest,,512437,X,APOLLOFI.BO
BSE,STOCK,APOLLOHOSP,Apollo Hospitals,,508869,A,APOLLOHOSP.BO
BSE,STOCK,APOLLOIN,Apollo Ingredients,,503639,XT,APOLLOIN.BO
BSE,STOCK,APOLLOPIPE,Apollo Pipes,,531761,B,APOLLOPIPE.BO
BSE,STOCK,APOORVA,Apoorva Leasing Finance,,539545,B,APOORVA.BO
BSE,STOCK,APPL,Aptus Pharma,,544529,MT,APPL.BO
BSE,STOCK,APTECHT,Aptech,,532475,T,APTECHT.BO
BSE,STOCK,APTPACK,APT Packaging,,506979,X,APTPACK.BO
BSE,STOCK,APTUS,Aptus Value Housing Finance,,543335,A,APTUS.BO
BSE,STOCK,AQYLON,Aqylon Nexus,,530943,B,AQYLON.BO
BSE,STOCK,ARAVALIS,Aravali Securities & Finance,,512344,X,ARAVALIS.BO
BSE,STOCK,ARCEEIN,Arcee Industries,,520121,XT,ARCEEIN.BO
BSE,STOCK,ARCFIN,ARC Finance,,540135,X,ARCFIN.BO
BSE,STOCK,ARCHIDPLY,Archidply,,532994,B,ARCHIDPLY.BO
BSE,STOCK,ARCHITORG,Archit Organosys,,524640,XT,ARCHITORG.BO
BSE,STOCK,ARCL,ARCL Organics Ltd,,543993,B,ARCL.BO
BSE,STOCK,ARE&M,Amara Raja Energy & Mobility,,500008,A,ARE&M.BO
BSE,STOCK,ARENTERP,Rajdarshan Industries,,526662,B,ARENTERP.BO
BSE,STOCK,AREXMIS,Arex Industries,,526851,X,AREXMIS.BO
BSE,STOCK,ARFIN,Arfin,,539151,B,ARFIN.BO
BSE,STOCK,ARIES,Aries Agro,,532935,B,ARIES.BO
BSE,STOCK,ARIGATO,Arigato Universe,,530267,X,ARIGATO.BO
BSE,STOCK,ARIHANT,Arihant Foundations & Housing,,531381,B,ARIHANT.BO
BSE,STOCK,ARIHANTCAP,Arihant Capital Markets,,511605,B,ARIHANTCAP.BO
BSE,STOCK,ARIHANTSUP,Arihant Superstructures,,506194,B,ARIHANTSUP.BO
BSE,STOCK,ARIS,Arisinfra Solutions,,544419,B,ARIS.BO
BSE,STOCK,ARISE,Arihants Securities,,531017,X,ARISE.BO
BSE,STOCK,ARITAS,Aritas Vinyl,,544683,M,ARITAS.BO
BSE,STOCK,ARKADE,Arkade Developers,,544261,B,ARKADE.BO
BSE,STOCK,ARL,Anand Rayons,,542721,B,ARL.BO
BSE,STOCK,ARMAN,Arman Holdings,,538556,X,ARMAN.BO
BSE,STOCK,ARMANFIN,Arman Financial Services,,531179,B,ARMANFIN.BO
BSE,STOCK,ARNOLD,Arnold Holdings,,537069,X,ARNOLD.BO
BSE,STOCK,AROGRANITE,Aro Granite Industries,,513729,B,AROGRANITE.BO
BSE,STOCK,ARROWGREEN,Arrow Greentech,,516064,T,ARROWGREEN.BO
BSE,STOCK,ARROWHEAD,Arrowhead Seperation Engineering,,544025,M,ARROWHEAD.BO
BSE,STOCK,ARSHIYA,Arshiya,,506074,Z,ARSHIYA.BO
BSE,STOCK,ARSSBL,Anand Rathi Share & Stock Brokers,,544530,B,ARSSBL.BO
BSE,STOCK,ARTEFACT,Artefact Projects,,531297,X,ARTEFACT.BO
BSE,STOCK,ARTEMISADR,Artemis ADR Marketplace,,543286,MT,ARTEMISADR.BO
BSE,STOCK,ARTEMISMED,Artemis Medicare Services,,542919,B,542919.BO
BSE,STOCK,ARTSON,Artson,,522134,X,ARTSON.BO
BSE,STOCK,ARUNAHTEL,Aruna Hotels,,500016,X,ARUNAHTEL.BO
BSE,STOCK,ARVAYA,Arvaya Healthcare,,524723,XT,ARVAYA.BO
BSE,STOCK,ARVINDFASN,Arvind Fashions,,542484,A,ARVINDFASN.BO
BSE,STOCK,ARVSMART,Arvind SmartSpaces,,539301,B,ARVSMART.BO
BSE,STOCK,ARYACAPM,Aryaman Capital Markets,,538716,B,ARYACAPM.BO
BSE,STOCK,ARYAMAN,Aryaman Financial Services,,530245,B,ARYAMAN.BO
BSE,STOCK,ARYAN,Aryan Share & Stock Brokers,,542176,X,ARYAN.BO
BSE,STOCK,ASAHIINDIA,Asahi India Glass,,515030,A,ASAHIINDIA.BO
BSE,STOCK,ASAHISONG,Asahi Songwon Colors,,532853,T,ASAHISONG.BO
BSE,STOCK,ASALCBR,Associated Alcohols & Breweries,,507526,B,ASALCBR.BO
BSE,STOCK,ASARFI,Asarfi Hospital,,543943,M,ASARFI.BO
BSE,STOCK,ASCENSIVE,Ascensive Educare,,543443,MS,ASCENSIVE.BO
BSE,STOCK,ASGARD,Asgard Alcobev,,512025,X,ASGARD.BO
BSE,STOCK,ASHAI,Ashiana Agro Industries,,519174,XT,ASHAI.BO
BSE,STOCK,ASHAPURMIN,Ashapura Minechem,,527001,A,ASHAPURMIN.BO
BSE,STOCK,ASHCAP,Ashirwad Capital,,512247,X,ASHCAP.BO
BSE,STOCK,ASHIANA,Ashiana Housing,,523716,B,ASHIANA.BO
BSE,STOCK,ASHIKAG,Ashika Global Securities,,543766,T,ASHIKAG.BO
BSE,STOCK,ASHIMASYN,Ashima,,514286,B,ASHIMASYN.BO
BSE,STOCK,ASHISHPO,Ashish Polyplast,,530429,X,ASHISHPO.BO
BSE,STOCK,ASHNI,Ashnisha Industries,,541702,XT,ASHNI.BO
BSE,STOCK,ASHNOOR,Ashnoor Textile Mills,,507872,X,ASHNOOR.BO
BSE,STOCK,ASHOKA,Ashoka Buildcon,,533271,A,ASHOKA.BO
BSE,STOCK,ASHOKAMET,Ashoka Metcast,,540923,B,ASHOKAMET.BO
BSE,STOCK,ASHRAM,Ashram Online.Com,,526187,X,ASHRAM.BO
BSE,STOCK,ASHSI,Ashirwad Steels & Industries,,526847,X,ASHSI.BO
BSE,STOCK,ASIACAP,Asia Capital,,538777,XT,ASIACAP.BO
BSE,STOCK,ASIAN,Asian Warehousing,,543927,X,ASIAN.BO
BSE,STOCK,ASIANENE,Asian Energy Services,,530355,B,ASIANENE.BO
BSE,STOCK,ASIANHOTNR,Asian Hotels (North),,500023,B,500023.BO
BSE,STOCK,ASIANTILES,Asian Granito,,532888,B,ASIANTILES.BO
BSE,STOCK,ASIANTNE,Asian Tea & Exports,,519532,B,ASIANTNE.BO
BSE,STOCK,ASIAPAK,Asia Pack,,530899,X,ASIAPAK.BO
BSE,STOCK,ASIIL,ASI Industries,,502015,X,ASIIL.BO
BSE,STOCK,ASINPET,Asian Petroproducts & Exports,,524434,X,ASINPET.BO
BSE,STOCK,ASITCFIN,Asit C Mehta Financial Services,,530723,X,ASITCFIN.BO
BSE,STOCK,ASKAUTOLTD,ASK Automotive,,544022,B,ASKAUTOLTD.BO
BSE,STOCK,ASMTEC,ASM Technologies,,526433,B,ASMTEC.BO
BSE,STOCK,ASPIRA,Aspira Pathlab,,540788,XT,ASPIRA.BO
BSE,STOCK,ASRL,Add Shop e-Retail,,541865,X,ASRL.BO
BSE,STOCK,ASSAMENT,Assam Entrade,,542911,B,ASSAMENT.BO
BSE,STOCK,ASSOCER,Associated Ceramics,,531168,X,ASSOCER.BO
BSE,STOCK,ASSOCIATED,Associated Coaters,,544183,M,ASSOCIATED.BO
BSE,STOCK,ASTALLTD,Astal Laboratories,,512600,X,ASTALLTD.BO
BSE,STOCK,ASTAR,Asian Star,,531847,B,ASTAR.BO
BSE,STOCK,ASTEC,Astec Lifesciences,,533138,B,ASTEC.BO
BSE,STOCK,ASTERDM,Aster DM Quality Care,,540975,A,ASTERDM.BO
BSE,STOCK,ASTONEALAB,Astonea Labs,,544409,MT,ASTONEALAB.BO
BSE,STOCK,ASTRAL,Astral,,532830,A,ASTRAL.BO
BSE,STOCK,ASTRAMICRO,Astra Microwave Products,,532493,A,532493.BO
BSE,STOCK,ASTRAZEN,AstraZeneca Pharma,,506820,A,ASTRAZEN.BO
BSE,STOCK,ASTRON,Astron Paper & Board Mill,,540824,Z,ASTRON.BO
BSE,STOCK,ASTRONMULT,Astron Multigrain,,544628,M,ASTRONMULT.BO
BSE,STOCK,ATALREAL,Atal Realtech,,543911,B,ATALREAL.BO
BSE,STOCK,ATAM,Atam Valves,,543236,B,ATAM.BO
BSE,STOCK,ATENPAPERS,Aten Papers & Foam,,544417,M,ATENPAPERS.BO
BSE,STOCK,ATGL,Adani Total Gas,,542066,A,ATGL.BO
BSE,STOCK,ATHARVA,Atharva Polyplast,,544812,M,ATHARVA.BO
BSE,STOCK,ATHARVENT,Atharv Enterprises,,530187,XT,ATHARVENT.BO
BSE,STOCK,ATHCON,Athena Constructions,,539099,M,ATHCON.BO
BSE,STOCK,ATHENAGLO,Athena Global Technologies,,517429,X,ATHENAGLO.BO
BSE,STOCK,ATHERENERG,Ather Energy,,544397,A,ATHERENERG.BO
BSE,STOCK,ATIL,Apollo Techno Industries,,544671,M,ATIL.BO
BSE,STOCK,ATISHAY,Atishay,,538713,X,ATISHAY.BO
BSE,STOCK,ATL,Allcargo Terminals,,543954,B,ATL.BO
BSE,STOCK,ATLANTAA,Atlantaa,,532759,B,ATLANTAA.BO
BSE,STOCK,ATLANTAELE,Atlanta Electricals,,544527,B,ATLANTAELE.BO
BSE,STOCK,ATLASCYCLE,Atlas Cycle (Haryana),,505029,B,505029.BO
BSE,STOCK,ATLPP,Allcargo Terminals - PP,,890228,B,ATLPP.BO
BSE,STOCK,ATUL,Atul,,500027,A,500027.BO
BSE,STOCK,ATVOENT,Atvo Enterprises,,532090,X,ATVOENT.BO
BSE,STOCK,ATVPR,Atv Projects,,500028,X,ATVPR.BO
BSE,STOCK,AUBANK,AU Small Finance Bank,,540611,A,AUBANK.BO
BSE,STOCK,AUDROC,AUDROC,,530889,XT,AUDROC.BO
BSE,STOCK,AUREATE,Aureate Tradde,,544772,M,AUREATE.BO
BSE,STOCK,AURIQUE,Aurique,,517230,XT,AURIQUE.BO
BSE,STOCK,AUROLAB,Auro Laboratories,,530233,X,AUROLAB.BO
BSE,STOCK,AUROPHARMA,Aurobindo Pharma,,524804,A,524804.BO
BSE,STOCK,AURUM,Aurum PropTech,,539289,B,AURUM.BO
BSE,STOCK,AURUS,Aurus Gem Corporation,,534532,B,AURUS.BO
BSE,STOCK,AUSOMENT,AuSom Enterprise,,509009,B,AUSOMENT.BO
BSE,STOCK,AUSTENG,Austin Engineering Company,,522005,B,AUSTENG.BO
BSE,STOCK,AUSTERE,Austere Systems,,544505,M,AUSTERE.BO
BSE,STOCK,AUTOAXLES,Automotive Axles,,505010,B,AUTOAXLES.BO
BSE,STOCK,AUTOIND,Autoline Industries,,532797,B,AUTOIND.BO
BSE,STOCK,AUTOINT,Autoriders International,,512277,X,AUTOINT.BO
BSE,STOCK,AUTOPINS,Auto Pins,,531994,X,AUTOPINS.BO
BSE,STOCK,AVADHSUGAR,Avadh Sugar & Energy,,540649,B,AVADHSUGAR.BO
BSE,STOCK,AVAILFC,Available Finance,,531310,B,AVAILFC.BO
BSE,STOCK,AVALON,Avalon Technologies,,543896,A,AVALON.BO
BSE,STOCK,AVANCE,Avance Technologies,,512149,B,AVANCE.BO
BSE,STOCK,AVANTEL,Avantel,,532406,A,AVANTEL.BO
BSE,STOCK,AVANTIFEED,Avanti Feeds,,512573,A,AVANTIFEED.BO
BSE,STOCK,AVAX,Avax Apparels and Ornaments,,544337,MT,AVAX.BO
BSE,STOCK,AVEER,Aveer Foods,,543737,X,AVEER.BO
BSE,STOCK,AVG,AVG Logistics,,543910,T,AVG.BO
BSE,STOCK,AVIVA,Aviva Industries,,512109,X,AVIVA.BO
BSE,STOCK,AVL,Aditya Vision,,540205,A,AVL.BO
BSE,STOCK,AVONMORE,Avonmore Capital & Management Services,,511589,B,AVONMORE.BO
BSE,STOCK,AVROIND,Avro,,543512,B,AVROIND.BO
BSE,STOCK,AWFIS,Awfis Space Solutions,,544181,A,AWFIS.BO
BSE,STOCK,AWHCL,Antony Waste Handling Cell,,543254,B,AWHCL.BO
BSE,STOCK,AWL,AWL Agri Business,,543458,A,AWL.BO
BSE,STOCK,AXELPOLY,Axel Polymers,,513642,X,AXELPOLY.BO
BSE,STOCK,AXISBANK,Axis Bank,,532215,A,AXISBANK.BO
BSE,STOCK,AXISCADES,Axiscades Engineering Technologies,,532395,B,AXISCADES.BO
BSE,STOCK,AXISOL,Axis Solutions,,511144,XT,AXISOL.BO
BSE,STOCK,AXITA,Axita Cotton,,542285,B,AXITA.BO
BSE,STOCK,AXTEL,Axtel Industries,,523850,B,AXTEL.BO
BSE,STOCK,AYE,Aye Finance,,544699,B,AYE.BO
BSE,STOCK,AYMSYNTEX,AYM Syntex,,508933,B,AYMSYNTEX.BO
BSE,STOCK,AZAD,Azad Engineering,,544061,A,AZAD.BO
BSE,STOCK,AZADIND,Azad India Mobility,,504731,B,AZADIND.BO
BSE,STOCK,AZTEC,Aztec Fluids & Machinery,,544177,M,AZTEC.BO
BSE,STOCK,B2BSOFT,B2B Software Technologies,,531268,X,B2BSOFT.BO
BSE,STOCK,BABA,Baba Arts,,532380,X,BABA.BO
BSE,STOCK,BACPHAR,Bacil Pharma,,524516,X,BACPHAR.BO
BSE,STOCK,BAFNAPH,Bafna Pharmaceuticals,,532989,T,BAFNAPH.BO
BSE,STOCK,BAGFILMS,BAG Films & Media,,532507,B,BAGFILMS.BO
BSE,STOCK,BAIDFIN,Baid Finserv,,511724,B,BAIDFIN.BO
BSE,STOCK,BAIKAKAJI,Bai Kakaji Polymers,,544670,MT,BAIKAKAJI.BO
BSE,STOCK,BAJAJ-AUTO,Bajaj Auto,,532977,A,BAJAJ-AUTO.BO
BSE,STOCK,BAJAJCON,Bajaj Consumer Care,,533229,A,BAJAJCON.BO
BSE,STOCK,BAJAJELEC,Bajaj Electricals,,500031,A,500031.BO
BSE,STOCK,BAJAJFINSV,Bajaj Finserv,,532978,A,BAJAJFINSV.BO
BSE,STOCK,BAJAJHCARE,Bajaj HealthCare,,539872,B,BAJAJHCARE.BO
BSE,STOCK,BAJAJHFL,Bajaj Housing Finance,,544252,A,BAJAJHFL.BO
BSE,STOCK,BAJAJHLDNG,Bajaj Holdings & Investments,,500490,A,500490.BO
BSE,STOCK,BAJAJINDEF,Indef Manufacturing,,544364,B,BAJAJINDEF.BO
BSE,STOCK,BAJAJST,Bajaj Steel Industries,,507944,B,BAJAJST.BO
BSE,STOCK,BAJEL,Bajel Projects,,544042,B,BAJEL.BO
BSE,STOCK,BAJFINANCE,Bajaj Finance,,500034,A,500034.BO
BSE,STOCK,BALAJEE,Shree Tirupati Balajee Agro,,544249,B,BALAJEE.BO
BSE,STOCK,BALAJITELE,Balaji Telefilms,,532382,B,BALAJITELE.BO
BSE,STOCK,BALAMINES,Balaji Amines,,530999,B,BALAMINES.BO
BSE,STOCK,BALGOPAL,Balgopal Commercial,,539834,X,BALGOPAL.BO
BSE,STOCK,BALKRISHNA,Balkrishna Paper Mills,,539251,B,BALKRISHNA.BO
BSE,STOCK,BALKRISIND,Balkrishna Industries,,502355,A,502355.BO
BSE,STOCK,BALMLAWRIE,Balmer Lawrie & Co,,523319,B,BALMLAWRIE.BO
BSE,STOCK,BALPHARMA,Bal Pharma,,524824,B,BALPHARMA.BO
BSE,STOCK,BALTE,Balurghat Technologies,,520127,X,BALTE.BO
BSE,STOCK,BALUFORGE,Balu Forge Industries,,531112,A,BALUFORGE.BO
BSE,STOCK,BAMBINO,Bambino Agro Industries,,519295,X,BAMBINO.BO
BSE,STOCK,BAMPSL,Bampsl Securities,,531591,X,BAMPSL.BO
BSE,STOCK,BANARBEADS,Banaras Beads,,526849,B,BANARBEADS.BO
BSE,STOCK,BANARISUG,Bannari Amman Sugars,,500041,B,500041.BO
BSE,STOCK,BANASFN,Banas Finance,,509053,X,BANASFN.BO
BSE,STOCK,BANCOINDIA,Banco Products,,500039,A,500039.BO
BSE,STOCK,BANDARAM,Bandaram Pharma Packtech,,524602,X,BANDARAM.BO
BSE,STOCK,BANDHANBNK,Bandhan Bank,,541153,A,BANDHANBNK.BO
BSE,STOCK,BANG,Bang Overseas,,532946,B,BANG.BO
BSE,STOCK,BANKBARODA,Bank of Baroda,,532134,A,532134.BO
BSE,STOCK,BANKINDIA,Bank of India,,532149,A,BANKINDIA.BO
BSE,STOCK,BANSALWIRE,Bansal Wire Industries,,544209,B,BANSALWIRE.BO
BSE,STOCK,BANSWRAS,Banswara Syntex,,503722,B,BANSWRAS.BO
BSE,STOCK,BAPACK,B&A Packaging,,523186,X,BAPACK.BO
BSE,STOCK,BARODARY,Baroda Rayon,,500270,X,BARODARY.BO
BSE,STOCK,BAROEXT,Baroda Extrusion,,513502,X,BAROEXT.BO
BSE,STOCK,BASANTGL,Basant Agro Tech,,524687,X,BASANTGL.BO
BSE,STOCK,BASML,Bannari Amman Spinning Mills,,532674,T,532674.BO
BSE,STOCK,BATAINDIA,Bata,,500043,A,500043.BO
BSE,STOCK,BATLIBOI,Batliboi,,522004,B,BATLIBOI.BO
BSE,STOCK,BAYERCROP,Bayer Crop Science,,506285,A,BAYERCROP.BO
BSE,STOCK,BAZELINTER,Bazel International,,539946,XT,BAZELINTER.BO
BSE,STOCK,BBOX,Black Box,,500463,A,BBOX.BO
BSE,STOCK,BBTC,Bombay Burmah Trading,,501425,A,501425.BO
BSE,STOCK,BBTCL,B&B Triplewall Containers,,543668,B,BBTCL.BO
BSE,STOCK,BCCFUBA,BCC Fuba,,517246,X,BCCFUBA.BO
BSE,STOCK,BCCL,Bhatia Colour Chem,,543497,M,BCCL.BO
BSE,STOCK,BCG,Brightcom Group,,532368,B,BCG.BO
BSE,STOCK,BCLIND,BCL Industries,,524332,B,BCLIND.BO
BSE,STOCK,BCONCEPTS,Brand Concepts,,543442,B,BCONCEPTS.BO
BSE,STOCK,BCP,BC Power Controls,,537766,X,BCP.BO
BSE,STOCK,BCPL,BCPL Railway Infrastructure,,542057,B,BCPL.BO
BSE,STOCK,BDH,BDH Industries,,524828,X,BDH.BO
BSE,STOCK,BDI,BD Industries (Pune),,544468,M,BDI.BO
BSE,STOCK,BDL,Bharat Dynamics,,541143,A,BDL.BO
BSE,STOCK,BECTORFOOD,Mrs. Bectors Food,,543253,B,BECTORFOOD.BO
BSE,STOCK,BEDMUTHA,Bedmutha Industries,,533270,B,BEDMUTHA.BO
BSE,STOCK,BEEKAY,Beekay Steel Indus,,539018,B,BEEKAY.BO
BSE,STOCK,BEEYU,Beeyu Overseas,,532645,X,BEEYU.BO
BSE,STOCK,BEEZAASAN,Beezaasan Explotech,,544369,MT,BEEZAASAN.BO
BSE,STOCK,BEFOUNDMOL,Befound Movement,,511585,XT,BEFOUNDMOL.BO
BSE,STOCK,BELDING,Belding,,513307,X,BELDING.BO
BSE,STOCK,BELLACASA,Bella Casa Fashion & Retail,,539399,B,BELLACASA.BO
BSE,STOCK,BELRISE,Belrise Industries,,544405,A,BELRISE.BO
BSE,STOCK,BEMHY,Bemco Hydraulics,,522650,X,BEMHY.BO
BSE,STOCK,BENARA,Benara Bearings,,541178,MT,BENARA.BO
BSE,STOCK,BENARAS,Benares Hotels,,509438,B,BENARAS.BO
BSE,STOCK,BENCHMARK,Benchmark Computer Soluti,,544052,MT,BENCHMARK.BO
BSE,STOCK,BENGALASM,Bengal & Assam,,533095,B,BENGALASM.BO
BSE,STOCK,BENGALS,Bengal Steel Industries,,512404,P,512404.BO
BSE,STOCK,BENGALT,Bengal Tea & Fabrics,,532230,X,BENGALT.BO
BSE,STOCK,BENTCOM,Bentley Commercial Enterp,,512195,P,BENTCOM.BO
BSE,STOCK,BERLDRG,Beryl Drugs,,524606,X,BERLDRG.BO
BSE,STOCK,BERVINL,Bervin Investment & Leasing,,531340,X,BERVINL.BO
BSE,STOCK,BERYLSE,Beryl Securities,,531582,X,BERYLSE.BO
BSE,STOCK,BESTAGRO,Best Agrolife,,539660,B,BESTAGRO.BO
BSE,STOCK,BESTEAST,Best Eastern Hotels,,508664,XT,BESTEAST.BO
BSE,STOCK,BETALA,Betala Global Securities,,531530,XT,BETALA.BO
BSE,STOCK,BETXIND,Betex,,512477,X,BETXIND.BO
BSE,STOCK,BFINVEST,BF Investment,,533303,B,BFINVEST.BO
BSE,STOCK,BFLAFL,BFL Asset Finvest,,539662,X,BFLAFL.BO
BSE,STOCK,BFUTILITIE,BF Utilities,,532430,B,BFUTILITIE.BO
BSE,STOCK,BGDL,Bharat Global Developers,,521238,B,BGDL.BO
BSE,STOCK,BGIL,Bgil Films & Technologies,,511664,X,BGIL.BO
BSE,STOCK,BGRENERGY,BGR Energy Systems,,532930,T,BGRENERGY.BO
BSE,STOCK,BGWTATO,Bhagwati Autocast,,504646,XT,BGWTATO.BO
BSE,STOCK,BHAGCHEM,Bhagiradha Chemicals & Industries,,531719,B,BHAGCHEM.BO
BSE,STOCK,BHAGERIA,Bhageria Industries,,530803,T,BHAGERIA.BO
BSE,STOCK,BHAGGAS,Bhagawati Gas,,500051,XT,BHAGGAS.BO
BSE,STOCK,BHAGWOX,Bhagwati Oxygen,,509449,X,BHAGWOX.BO
BSE,STOCK,BHAGYANGR,Bhagyanagar,,512296,B,BHAGYANGR.BO
BSE,STOCK,BHANDARI,Bhandari Hosiery Exports,,512608,B,BHANDARI.BO
BSE,STOCK,BHANDERI,Bhanderi Infracon,,538576,MT,BHANDERI.BO
BSE,STOCK,BHARAT,Bharat Bhushan Fin & Comm Brokers,,511501,X,BHARAT.BO
BSE,STOCK,BHARATAGRI,Bharat Agri Fert & Realty,,531862,X,BHARATAGRI.BO
BSE,STOCK,BHARATCOAL,Bharat Coking Coal,,544678,B,BHARATCOAL.BO
BSE,STOCK,BHARATGEAR,Bharat Gears,,505688,T,BHARATGEAR.BO
BSE,STOCK,BHARATRAS,Bharat Rasayan,,590021,B,590021.BO
BSE,STOCK,BHARATROHAN,Bharatrohan Airborne Innovations,,544535,M,BHARATROHAN.BO
BSE,STOCK,BHARATSE,Bharat Seats,,523229,B,BHARATSE.BO
BSE,STOCK,BHARATWIRE,Bharat Wire Ropes,,539799,B,BHARATWIRE.BO
BSE,STOCK,BHARTIARTL,Bharti Airtel,,532454,A,BHARTIARTL.BO
BSE,STOCK,BHARTIHEXA,Bharti Hexacom,,544162,A,BHARTIHEXA.BO
BSE,STOCK,BHASKAGR,Bhaskar Agro Chemicals,,524534,X,BHASKAGR.BO
BSE,STOCK,BHATIA,Bhatia Comms & Retail,,540956,X,BHATIA.BO
BSE,STOCK,BHAVIK,Bhavik Enterprises,,544551,M,BHAVIK.BO
BSE,STOCK,BHEL,Bharat Heavy Electricals,,500103,A,BHEL.BO
BSE,STOCK,BHILSPIN,Bhilwara Spinners,,514272,X,BHILSPIN.BO
BSE,STOCK,BHUDEVI,Bhudevi Infra Projects,,526488,X,BHUDEVI.BO
BSE,STOCK,BI,Bilcare,,526853,T,BI.BO
BSE,STOCK,BIBCL,Bharat Immunologicals,,524663,B,BIBCL.BO
BSE,STOCK,BIGBLOC,Bigbloc Construction,,540061,B,BIGBLOC.BO
BSE,STOCK,BIHSPONG,Bihar Sponge Iron,,500058,X,BIHSPONG.BO
BSE,STOCK,BIKAJI,Bikaji Foods International,,543653,A,BIKAJI.BO
BSE,STOCK,BIL,Bhartiya International,,526666,B,BIL.BO
BSE,STOCK,BILLWIN,Billwin Industries,,543209,M,BILLWIN.BO
BSE,STOCK,BILVYAPAR,Bil Vyapar,,500059,T,BILVYAPAR.BO
BSE,STOCK,BIMETAL,Bimetal Bearings,,505681,B,BIMETAL.BO
BSE,STOCK,BINDALEXPO,Bindal Exports,,540148,MT,BINDALEXPO.BO
BSE,STOCK,BINNYMILLS,Binny Mills,,535620,XT,BINNYMILLS.BO
BSE,STOCK,BIOCON,Biocon,,532523,A,BIOCON.BO
BSE,STOCK,BIOFILCHEM,Biofil Chemicals,,524396,B,BIOFILCHEM.BO
BSE,STOCK,BIOGEN,Biogen Pharmachem,,531752,X,BIOGEN.BO
BSE,STOCK,BIRLACABLE,Birla Cable,,500060,T,BIRLACABLE.BO
BSE,STOCK,BIRLACORPN,Birla Corporation,,500335,A,500335.BO
BSE,STOCK,BIRLACOT,Birla Cotsyn,,533006,XT,BIRLACOT.BO
BSE,STOCK,BIRLAMONEY,Aditya Birla Money,,532974,B,BIRLAMONEY.BO
BSE,STOCK,BIRLANU,Birlanu,,509675,B,BIRLANU.BO
BSE,STOCK,BIRLAPREC,Birla Precision Technologies,,522105,B,BIRLAPREC.BO
BSE,STOCK,BITS,BITS,,526709,X,BITS.BO
BSE,STOCK,BIZOTIC,Bizotic Commercial,,543926,M,BIZOTIC.BO
BSE,STOCK,BKV,BKV Industries,,519500,X,BKV.BO
BSE,STOCK,BLACKBUCK,Black Buck,,544288,A,BLACKBUCK.BO
BSE,STOCK,BLACKROSE,Black Rose Industries,,514183,T,BLACKROSE.BO
BSE,STOCK,BLAL,BEML Land Assets,,543898,B,BLAL.BO
BSE,STOCK,BLBLIMITED,BLB,,532290,B,BLBLIMITED.BO
BSE,STOCK,BLIL,Balmer Lawrie Investments,,532485,B,BLIL.BO
BSE,STOCK,BLISSGVS,Bliss GVS Pharma,,506197,T,BLISSGVS.BO
BSE,STOCK,BLOIN,Bloom Industries,,513422,X,BLOIN.BO
BSE,STOCK,BLS,BLS International Services,,540073,A,540073.BO
BSE,STOCK,BLSE,BLS E-Services,,544107,B,BLSE.BO
BSE,STOCK,BLUECHIPT,Blue Chip Tex Industries,,506981,X,506981.BO
BSE,STOCK,BLUECLOUDS,Blue Cloud Softech Solutions,,539607,B,BLUECLOUDS.BO
BSE,STOCK,BLUECOAST,Blue Coast Hotels,,531495,T,531495.BO
BSE,STOCK,BLUEDART,Blue Dart Express,,526612,A,BLUEDART.BO
BSE,STOCK,BLUEJET,Blue Jet Healthcare,,544009,A,BLUEJET.BO
BSE,STOCK,BLUESTARCO,Blue Star,,500067,A,500067.BO
BSE,STOCK,BLUESTONE,BlueStone Jewellery & Lifestyle,,544484,A,BLUESTONE.BO
BSE,STOCK,BLUSPRING,Bluspring Enterprises,,544414,B,BLUSPRING.BO
BSE,STOCK,BMAL,Bothra Metals & Alloys,,535279,M,BMAL.BO
BSE,STOCK,BMBMUMG,Bmb Music & Magnetics,,531420,XT,BMBMUMG.BO
BSE,STOCK,BMW,BMW Industries,,542669,X,BMW.BO
BSE,STOCK,BMWVENTLTD,BMW Ventures,,544543,B,BMWVENTLTD.BO
BSE,STOCK,BNAGROCHEM,BN Agrochem,,526125,B,BNAGROCHEM.BO
BSE,STOCK,BNALTD,B&A,,508136,T,BNALTD.BO
BSE,STOCK,BNRSEC,BN Rathi Securities,,523019,X,BNRSEC.BO
BSE,STOCK,BNRUDY,BNR Udyog,,530809,X,BNRUDY.BO
BSE,STOCK,BODALCHEM,Bodal Chemicals,,524370,B,BODALCHEM.BO
BSE,STOCK,BODHTREE,Bodhtree Consulting,,539122,X,BODHTREE.BO
BSE,STOCK,BOMBCYC,Bombay Cycle & Motor Agency,,501430,X,BOMBCYC.BO
BSE,STOCK,BOMBWIR,Bombay Wire Ropes,,504648,X,BOMBWIR.BO
BSE,STOCK,BOMDYEING,Bombay Dyeing,,500020,B,500020.BO
BSE,STOCK,BOMOXY-B1,Bombay Oxygen,,509470,X,BOMOXY-B1.BO
BSE,STOCK,BOMTALKIES,Bombay Talkies,,511246,X,BOMTALKIES.BO
BSE,STOCK,BONDADA,Bondada Engineering,,543971,M,BONDADA.BO
BSE,STOCK,BONLON,Bonlon Industries,,543211,B,BONLON.BO
BSE,STOCK,BORANA,Borana Weaves,,544404,B,BORANA.BO
BSE,STOCK,BOROLTD,Borosil,,543212,B,BOROLTD.BO
BSE,STOCK,BORORENEW,Borosil Renewables,,502219,A,BORORENEW.BO
BSE,STOCK,BOROSCI,BOROSCI,,544184,B,BOROSCI.BO
BSE,STOCK,BOSCH-HCIL,Bosch Home Comfort,,523398,B,BOSCH-HCIL.BO
BSE,STOCK,BOSCHLTD,Bosch,,500530,A,500530.BO
BSE,STOCK,BOSTON,Boston Commerce,,531458,X,BOSTON.BO
BSE,STOCK,BPAGRI,Blue Pearl Agriventures,,514440,B,BPAGRI.BO
BSE,STOCK,BPLPHARMA,Bharat Parenterals,,541096,B,BPLPHARMA.BO
BSE,STOCK,BRADYM,Brady & Morris Engineering,,505690,X,BRADYM.BO
BSE,STOCK,BRAHMINFRA,Brahmaputra Infrastructure,,535693,B,BRAHMINFRA.BO
BSE,STOCK,BRAWN,Brawn Biotech,,530207,X,BRAWN.BO
BSE,STOCK,BRGIL,B.R.Goyal Infrastructure,,544335,MT,BRGIL.BO
BSE,STOCK,BRIDGESE,Bridge Securities,,530249,X,BRIDGESE.BO
BSE,STOCK,BRIGADE,Brigade Enterprises,,532929,A,BRIGADE.BO
BSE,STOCK,BRIGHOTEL,Brigade Hotel Ventures,,544457,B,BRIGHOTEL.BO
BSE,STOCK,BRIGHT,Bright Outdoor Media,,543831,M,BRIGHT.BO
BSE,STOCK,BRIGHTBR,Bright Brothers,,526731,B,BRIGHTBR.BO
BSE,STOCK,BRIJLEAS,Brijlaxmi Leasing & Finance,,532113,X,BRIJLEAS.BO
BSE,STOCK,BRIPORT,Brilliant Portfolios,,539434,X,BRIPORT.BO
BSE,STOCK,BRISK,Brisk Technovision,,544101,MT,BRISK.BO
BSE,STOCK,BRNL,Bharat Road Network,,540700,B,BRNL.BO
BSE,STOCK,BROACH,Broach Lifecare Hospital,,544231,M,BROACH.BO
BSE,STOCK,BROOKS,Brooks Laboratories,,533543,T,BROOKS.BO
BSE,STOCK,BRPL,Bansal Roofing Products,,538546,B,BRPL.BO
BSE,STOCK,BRRL,B Right Realestate,,543543,M,BRRL.BO
BSE,STOCK,BSELALGO,BSEL Algo,,532123,X,BSELALGO.BO
BSE,STOCK,BSHSL,Bombay Super Hybrid Seeds,,544757,B,BSHSL.BO
BSE,STOCK,BSL,BSL,,514045,B,BSL.BO
BSE,STOCK,BSOFT,Birlasoft,,532400,A,BSOFT.BO
BSE,STOCK,BTML,Bodhi Tree Multimedia,,543767,B,BTML.BO
BSE,STOCK,BTTL,Bhilwara Technical Textiles,,533108,T,BTTL.BO
BSE,STOCK,BUILDPRO,Shankara Buildpro,,544517,B,BUILDPRO.BO
BSE,STOCK,BURNPUR,Burnpur Cement,,532931,B,BURNPUR.BO
BSE,STOCK,BUTTERFLY,Butterfly Gandhimathi Appliances,,517421,B,BUTTERFLY.BO
BSE,STOCK,BVCL,Barak Valley Cements,,532916,B,BVCL.BO
BSE,STOCK,BYKE,The Byke Hospitality,,531373,T,BYKE.BO
BSE,STOCK,CALCOM,Calcom Vision,,517236,X,CALCOM.BO
BSE,STOCK,CALLISTA,CHPL Industries,,539335,XT,CALLISTA.BO
BSE,STOCK,CALSOFT,California Software,,532386,T,CALSOFT.BO
BSE,STOCK,CAMEXLTD,Camex,,524440,X,CAMEXLTD.BO
BSE,STOCK,CAMLINFINE,Camlin Fine Sciences,,532834,B,CAMLINFINE.BO
BSE,STOCK,CAMPUS,Campus Activewear,,543523,A,CAMPUS.BO
BSE,STOCK,CAMS,CAMS,,543232,A,CAMS.BO
BSE,STOCK,CANBK,Canara Bank,,532483,A,CANBK.BO
BSE,STOCK,CANDOUR,Candour Techtex,,522292,XT,CANDOUR.BO
BSE,STOCK,CANHLIFE,Canara HSBC Life Insurance Company,,544583,B,CANHLIFE.BO
BSE,STOCK,CANTABIL,Cantabil Retail,,533267,B,CANTABIL.BO
BSE,STOCK,CAPACITE,Capacite Infraprojects,,540710,B,CAPACITE.BO
BSE,STOCK,CAPILLARY,Capillary Technologies,,544614,B,CAPILLARY.BO
BSE,STOCK,CAPITALSFB,Capital Small Finance Bank,,544120,B,CAPITALSFB.BO
BSE,STOCK,CAPLIPOINT,Caplin Point Laboratories,,524742,A,CAPLIPOINT.BO
BSE,STOCK,CAPPIPES,Captain Pipes,,538817,B,CAPPIPES.BO
BSE,STOCK,CAPRICORN,Capricorn Systems Global,,512169,XT,CAPRICORN.BO
BSE,STOCK,CAPRIHANS,Caprihans,,509486,XT,CAPRIHANS.BO
BSE,STOCK,CAPRO,Caprolactam Chemicals,,507486,X,CAPRO.BO
BSE,STOCK,CAPTRUST,Capital Trust,,511505,T,CAPTRUST.BO
BSE,STOCK,CARERATING,CARE Ratings,,534804,A,CARERATING.BO
BSE,STOCK,CARGOSOL,Cargosol Logistics,,543621,MT,CARGOSOL.BO
BSE,STOCK,CARGOTRANS,Cargotrans Maritime,,543618,M,CARGOTRANS.BO
BSE,STOCK,CARRARO,Carraro,,544320,B,CARRARO.BO
BSE,STOCK,CARTRADE,CarTrade Tech,,543333,A,CARTRADE.BO
BSE,STOCK,CARYSIL,CARYSIL,,524091,B,CARYSIL.BO
BSE,STOCK,CASPIAN,Caspian Corporate Services,,534732,X,CASPIAN.BO
BSE,STOCK,CASTROLIND,Castrol,,500870,A,CASTROLIND.BO
BSE,STOCK,CATVISION,Catvision Products,,531158,X,CATVISION.BO
BSE,STOCK,CBPL,Chandra Bhagat Pharma,,542934,M,CBPL.BO
BSE,STOCK,CCAL,City Crops Agro,,544000,MT,CCAL.BO
BSE,STOCK,CCAVENUE,AvenuesAI,,539807,A,CCAVENUE.BO
BSE,STOCK,CCCL,Consolidated Construction,,532902,B,CCCL.BO
BSE,STOCK,CCDL,Consecutive Commodities,,539091,XT,CCDL.BO
BSE,STOCK,CCHHL,Country Club Hospitality,,526550,B,CCHHL.BO
BSE,STOCK,CCL,CCL Products,,519600,A,519600.BO
BSE,STOCK,CCLINTER,CCL International,,531900,X,CCLINTER.BO
BSE,STOCK,CCME,CCME Global,,514336,X,CCME.BO
BSE,STOCK,CEATLTD,CEAT,,500878,A,500878.BO
BSE,STOCK,CEEJAY,Ceejay Finance,,530789,X,CEEJAY.BO
BSE,STOCK,CEENIK,Ceenik Exports,,531119,XT,CEENIK.BO
BSE,STOCK,CEETAIN,Ceeta Industries,,514171,X,CEETAIN.BO
BSE,STOCK,CEIGALL,Ceigall India,,544223,B,CEIGALL.BO
BSE,STOCK,CEINSYS,Ceinsys Tech,,538734,B,CEINSYS.BO
BSE,STOCK,CELLA,Cella Space,,532701,Z,CELLA.BO
BSE,STOCK,CELLO,Cello World,,544012,A,CELLO.BO
BSE,STOCK,CEMAINFRA,Cemantic Infra-Tech,,538596,X,CEMAINFRA.BO
BSE,STOCK,CEMPRO,Cemindia Projects,,509496,A,CEMPRO.BO
BSE,STOCK,CENLUB,Cenlub Industries,,522251,X,CENLUB.BO
BSE,STOCK,CENTEXT,Century Extrusions,,500083,B,500083.BO
BSE,STOCK,CENTRALBK,Central Bank of India,,532885,A,CENTRALBK.BO
BSE,STOCK,CENTRUM,Centrum Capital,,501150,B,CENTRUM.BO
BSE,STOCK,CENTUM,Centum Electronics,,517544,B,CENTUM.BO
BSE,STOCK,CENTUPLE,Centuple Global,,531099,XT,CENTUPLE.BO
BSE,STOCK,CENTURYPLY,Century Plyboards,,532548,A,CENTURYPLY.BO
BSE,STOCK,CERA,Cera Sanitaryware,,532443,A,CERA.BO
BSE,STOCK,CEREBRAINT,Cerebra Integrated Technologies,,532413,Z,CEREBRAINT.BO
BSE,STOCK,CEWATER,Concord Enviro Systems,,544315,B,CEWATER.BO
BSE,STOCK,CFEL,Confidence Futuristic Energetech,,539991,B,CFEL.BO
BSE,STOCK,CFF,CFF Fluid Control,,543920,M,CFF.BO
BSE,STOCK,CGCL,Capri Global Capital,,531595,A,CGCL.BO
BSE,STOCK,CGPOWER,CG Power & Industrial Solutions,,500093,A,CGPOWER.BO
BSE,STOCK,CGVAK,CG-VAK Software & Exports,,531489,B,CGVAK.BO
BSE,STOCK,CHALET,Chalet Hotels,,542399,A,CHALET.BO
BSE,STOCK,CHALLANI,Challani Capital,,530747,X,CHALLANI.BO
BSE,STOCK,CHAMBLFERT,Chambal Fertilisers & Chemicals,,500085,A,500085.BO
BSE,STOCK,CHANDNIMACH,Chandni Machines,,542627,XT,CHANDNIMACH.BO
BSE,STOCK,CHANDRAP,Chandra Prabhu International,,530309,X,CHANDRAP.BO
BSE,STOCK,CHANDRIMA,Chandrima Mercantiles,,540829,XT,CHANDRIMA.BO
BSE,STOCK,CHATHA,Chatha Foods,,544151,MT,CHATHA.BO
BSE,STOCK,CHCL,Cian Healthcare,,542678,MT,CHCL.BO
BSE,STOCK,CHDCHEM,CHD Chemicals,,539800,X,CHDCHEM.BO
BSE,STOCK,CHEMBOND,Chembond Material Technologies,,530871,B,CHEMBOND.BO
BSE,STOCK,CHEMBONDCH,Chembond Chemicals,,544450,T,CHEMBONDCH.BO
BSE,STOCK,CHEMCON,Chemcon Speciality Chemicals,,543233,T,CHEMCON.BO
BSE,STOCK,CHEMCRUX,Chemcrux Enterprises,,540395,B,CHEMCRUX.BO
BSE,STOCK,CHEMFAB,Chemfab Alkalis,,541269,B,CHEMFAB.BO
BSE,STOCK,CHEMIESYNT,Chemiesynth Vapi,,539230,XT,CHEMIESYNT.BO
BSE,STOCK,CHEMKART,Chemkart,,544442,M,CHEMKART.BO
BSE,STOCK,CHEMPLASTS,Chemplast Sanmar,,543336,B,CHEMPLASTS.BO
BSE,STOCK,CHEMTECH,Chemtech Industrial,,537326,X,CHEMTECH.BO
BSE,STOCK,CHENFERRO,Chennai Ferrous,,539011,X,CHENFERRO.BO
BSE,STOCK,CHEVIOT,Cheviot,,526817,B,CHEVIOT.BO
BSE,STOCK,CHIRAHARIT,Chiraharit,,544561,M,CHIRAHARIT.BO
BSE,STOCK,CHLLTD,CHL,,532992,X,CHLLTD.BO
BSE,STOCK,CHLOGIST,Chartered Logistics,,531977,XT,CHLOGIST.BO
BSE,STOCK,CHMBBRW,Chambal Breweries,,512301,XT,CHMBBRW.BO
BSE,STOCK,CHOICEIN,Choice International,,531358,A,CHOICEIN.BO
BSE,STOCK,CHOKSI,Choksi Asia,,530427,X,CHOKSI.BO
BSE,STOCK,CHOKSILA,Choksi Laboratories,,526546,X,CHOKSILA.BO
BSE,STOCK,CHOLAFIN,Cholamandalam Investment,,511243,A,511243.BO
BSE,STOCK,CHOLAHLDNG,Cholamandalam Financial Holdings,,504973,A,CHOLAHLDNG.BO
BSE,STOCK,CHORDIA,Chordia Food Products,,519475,X,CHORDIA.BO
BSE,STOCK,CHOTHANI,Chothani Foods,,540681,MT,CHOTHANI.BO
BSE,STOCK,CHOWGULSTM,Chowgule Steamships,,501833,X,CHOWGULSTM.BO
BSE,STOCK,CHROME,Chrome Silicon,,513005,X,CHROME.BO
BSE,STOCK,CHRTEDCA,Chartered Capital & Inv,,511696,X,CHRTEDCA.BO
BSE,STOCK,CHTR,Chatterbox Technologies,,544546,M,CHTR.BO
BSE,STOCK,CIANAGRO,CIAN Agro Industries & Infrastructure,,519477,B,CIANAGRO.BO
BSE,STOCK,CIEINDIA,CIE Automotive,,532756,A,CIEINDIA.BO
BSE,STOCK,CIFL,Capital India Finance,,530879,B,CIFL.BO
BSE,STOCK,CILSEC,CIL Securities,,530829,X,CILSEC.BO
BSE,STOCK,CINDHO,Cindrella Hotels,,526373,X,CINDHO.BO
BSE,STOCK,CINDRELL,Cindrella Financial Services,,531283,X,CINDRELL.BO
BSE,STOCK,CINELINE,Cineline,,532807,B,CINELINE.BO
BSE,STOCK,CINEVISTA,Cinevista,,532324,B,CINEVISTA.BO
BSE,STOCK,CITADEL,Citadel Realty & Developers,,502445,X,CITADEL.BO
BSE,STOCK,CITICHEM,Citichem,,544324,M,CITICHEM.BO
BSE,STOCK,CITIPOR,Citi Port Financial Services,,531235,X,CITIPOR.BO
BSE,STOCK,CITIZEN,Citizen Infoline,,538786,X,CITIZEN.BO
BSE,STOCK,CITYMAN,Cityman,,521210,X,CITYMAN.BO
BSE,STOCK,CITYONLINE,City Online Services,,538674,Z,CITYONLINE.BO
BSE,STOCK,CITYSQUARE,Jay Ambe Supermarkets,,544514,MT,CITYSQUARE.BO
BSE,STOCK,CJGEL,CJ Gelatine Products,,507515,X,CJGEL.BO
BSE,STOCK,CLARA,Clara Industries,,543435,M,CLARA.BO
BSE,STOCK,CLASELE,Classic Electricals,,512213,XT,512213.BO
BSE,STOCK,CLEAN,Clean Science & Technology,,543318,A,CLEAN.BO
BSE,STOCK,CLEANMAX,Clean Max Enviro Energy Solutions,,544717,B,CLEANMAX.BO
BSE,STOCK,CLFL,Classic Leasing & Finance,,540481,X,CLFL.BO
BSE,STOCK,CLIOINFO,Clio Infotech,,530839,XT,CLIOINFO.BO
BSE,STOCK,CLN,CLN Energy,,544347,MT,CLN.BO
BSE,STOCK,CLSEL,Chaman Lal Setia Exports,,530307,B,CLSEL.BO
BSE,STOCK,CMBL,Corporate Merchant Bankers,,540199,X,CMBL.BO
BSE,STOCK,CMLL,Caliber Mining & Logistics,,544833,B,CMLL.BO
BSE,STOCK,CMMHOSP,Chennai Meenakshi Multispeciality,,523489,X,CMMHOSP.BO
BSE,STOCK,CMPDI,Central Mine P & D Institute,,544739,B,CMPDI.BO
BSE,STOCK,CMRGREEN,CMR Green Technologies,,544777,B,CMRGREEN.BO
BSE,STOCK,CMSINFO,CMS Info Systems,,543441,A,CMSINFO.BO
BSE,STOCK,CMXLTD,CMX Holdings,,532217,XT,CMXLTD.BO
BSE,STOCK,CNCRD,Concord Control Systems,,543619,M,CNCRD.BO
BSE,STOCK,CNINFOTECH,CapitalNumbers Infotech,,544343,M,CNINFOTECH.BO
BSE,STOCK,CNL,Creative Newtech,,544631,B,CNL.BO
BSE,STOCK,COALINDIA,Coal India,,533278,A,COALINDIA.BO
BSE,STOCK,COARO,Coastal Roadways,,520131,P,COARO.BO
BSE,STOCK,COASTCORP,Coastal Corporation,,501831,B,COASTCORP.BO
BSE,STOCK,COCHINM,Cochin Minerals & Rutile,,513353,X,COCHINM.BO
BSE,STOCK,COCHINSHIP,Cochin Shipyard,,540678,A,COCHINSHIP.BO
BSE,STOCK,COCHMAL,Cochin Malabar Estates,,508571,X,COCHMAL.BO
BSE,STOCK,COCKERILL,John Cockerill,,500147,B,COCKERILL.BO
BSE,STOCK,COFFEEDAY,Coffee Day Enterprises,,539436,T,COFFEEDAY.BO
BSE,STOCK,COFORGE,Coforge,,532541,A,COFORGE.BO
BSE,STOCK,COHANCE,Cohance Lifesciences,,543064,A,COHANCE.BO
BSE,STOCK,COLINZ,Colinz Laboratories,,531210,XT,COLINZ.BO
BSE,STOCK,COLORCHIPS,Colorchips New Media,,540023,X,COLORCHIPS.BO
BSE,STOCK,COLPAL,Colgate Palmolive,,500830,A,500830.BO
BSE,STOCK,COMCL,Comfort Commotrade,,534691,X,COMCL.BO
BSE,STOCK,COMFINCAP,Comfort Fincap,,535267,X,COMFINCAP.BO
BSE,STOCK,COMFINTE,Comfort Intech,,531216,B,COMFINTE.BO
BSE,STOCK,COMMAND,Command Polymers,,543843,MT,COMMAND.BO
BSE,STOCK,COMPEAU,Competent Automobiles,,531041,B,COMPEAU.BO
BSE,STOCK,COMPINFO,Compuage Infocom,,532456,Z,COMPINFO.BO
BSE,STOCK,COMPUPN,Computer Point,,507833,X,COMPUPN.BO
BSE,STOCK,COMPUSOFT,Compucom Software,,532339,B,COMPUSOFT.BO
BSE,STOCK,COMRADE,Comrade Appliances,,543921,MT,COMRADE.BO
BSE,STOCK,COMSYN,Commercial Syn Bags,,539986,B,COMSYN.BO
BSE,STOCK,CONART,Conart Engineers,,522231,X,CONART.BO
BSE,STOCK,CONCORD,Concord Drugs,,538965,X,CONCORD.BO
BSE,STOCK,CONCORDBIO,Concord Biotech,,543960,A,CONCORDBIO.BO
BSE,STOCK,CONFIPET,Confidence Petroleum,,526829,B,CONFIPET.BO
BSE,STOCK,CONSTRONIC,Constronics Infra,,523844,X,CONSTRONIC.BO
BSE,STOCK,CONTAINE,Containe Technologies,,543606,M,CONTAINE.BO
BSE,STOCK,CONTAINER,Containerway Internationa,,540597,X,CONTAINER.BO
BSE,STOCK,CONTCHM,Continental Chemicals,,506935,X,CONTCHM.BO
BSE,STOCK,CONTICON,Continental Controls,,531460,XT,CONTICON.BO
BSE,STOCK,CONTILI,Contil,,531067,X,CONTILI.BO
BSE,STOCK,CONTPTR,Continental Petroleums,,523232,X,CONTPTR.BO
BSE,STOCK,CONTROLPR,Control Print,,522295,B,CONTROLPR.BO
BSE,STOCK,CORALAB,Coral Laboratories,,524506,XT,CORALAB.BO
BSE,STOCK,CORALFINAC,Coral India Finance,,531556,B,CORALFINAC.BO
BSE,STOCK,CORDELIA,Waterways Leisure Tourism,,544802,B,CORDELIA.BO
BSE,STOCK,CORDSCABLE,Cords Cable Industries,,532941,B,CORDSCABLE.BO
BSE,STOCK,CORNE,Coral Newsprints,,530755,X,CORNE.BO
BSE,STOCK,COROENGG,Coromandel Engineering Company,,533167,X,COROENGG.BO
BSE,STOCK,COROMANDEL,Coromandel International,,506395,A,COROMANDEL.BO
BSE,STOCK,CORONA,Corona Remedies,,544644,B,CORONA.BO
BSE,STOCK,COSCO,Cosco,,530545,X,COSCO.BO
BSE,STOCK,COSMICCRF,Cosmic CRF,,543928,MT,COSMICCRF.BO
BSE,STOCK,COSMOFE,Cosmo Ferrites,,523100,XT,COSMOFE.BO
BSE,STOCK,COSMOFIRST,Cosmo First,,508814,B,COSMOFIRST.BO
BSE,STOCK,COSPOWER,Cospower Engineering,,543172,MT,COSPOWER.BO
BSE,STOCK,COSYN,COSYN,,538922,X,COSYN.BO
BSE,STOCK,COTFAB,United Cotfab,,544195,M,COTFAB.BO
BSE,STOCK,COUNCODOS,Country Condos,,531624,T,COUNCODOS.BO
BSE,STOCK,COVANCE,Covance Softsol,,544361,XT,COVANCE.BO
BSE,STOCK,CPCAP,CP Capital,,533260,B,CPCAP.BO
BSE,STOCK,CPEDU,Career Point Edutech,,544499,B,CPEDU.BO
BSE,STOCK,CPL,Captain Polyplast,,536974,B,CPL.BO
BSE,STOCK,CPML,City Pulse Multiventures,,542727,M,CPML.BO
BSE,STOCK,CPPLUS,Aditya Infotech,,544466,A,CPPLUS.BO
BSE,STOCK,CRAFTSMAN,Craftsman Automation,,543276,A,CRAFTSMAN.BO
BSE,STOCK,CRAMC,Canara Robeco Asset Management Company,,544580,B,CRAMC.BO
BSE,STOCK,CRANEINFRA,Crane Infrastructure,,538770,X,CRANEINFRA.BO
BSE,STOCK,CRANESSOFT,Cranes Software International,,512093,Z,CRANESSOFT.BO
BSE,STOCK,CRANEX,Cranex,,522001,XT,CRANEX.BO
BSE,STOCK,CRAVATEX,Cravatex,,509472,B,CRAVATEX.BO
BSE,STOCK,CRAZY,Crazy Snacks,,544807,M,CRAZY.BO
BSE,STOCK,CREATIVE,Creative Castings,,539527,X,CREATIVE.BO
BSE,STOCK,CREATIVEYE,Creative Eye,,532392,B,CREATIVEYE.BO
BSE,STOCK,CREDITACC,Credit Access Grameen,,541770,A,CREDITACC.BO
BSE,STOCK,CRESCENTIS,Crescentis Capital,,511571,X,CRESCENTIS.BO
BSE,STOCK,CREST,Crest Ventures,,511413,B,CREST.BO
BSE,STOCK,CRIMSON,Crimson Metal Engineering,,526977,P,CRIMSON.BO
BSE,STOCK,CRIZAC,Crizac,,544439,B,CRIZAC.BO
BSE,STOCK,CROISSANCE,Croissance,,531909,XT,CROISSANCE.BO
BSE,STOCK,CROMPTON,Crompton Greaves,,539876,A,CROMPTON.BO
BSE,STOCK,CROPSTER,Cropster Agro,,523105,T,CROPSTER.BO
BSE,STOCK,CRSL,Cressanda Railway Solutions,,512379,T,CRSL.BO
BSE,STOCK,CRSTCHM,Crestchem,,526269,XT,CRSTCHM.BO
BSE,STOCK,CRYOGENIC,Cryogenic Ogs,,544440,MT,CRYOGENIC.BO
BSE,STOCK,CRYSTAL,Crystal Business System,,540821,X,CRYSTAL.BO
BSE,STOCK,CSBBANK,CSB Bank,,542867,A,CSBBANK.BO
BSE,STOCK,CSL,Continental Securities,,538868,XT,CSL.BO
BSE,STOCK,CSLFINANCE,CSL Finance,,530067,B,CSLFINANCE.BO
BSE,STOCK,CSM,CSM Technologies,,544806,B,CSM.BO
BSE,STOCK,CSURGSU,Centenial Surgical Suture,,531380,X,CSURGSU.BO
BSE,STOCK,CTCL,Captain Technocast,,540652,MT,CTCL.BO
BSE,STOCK,CTE,Cambridge Technology Enterprises,,532801,T,CTE.BO
BSE,STOCK,CTL,Capital Trade Links,,538476,XT,CTL.BO
BSE,STOCK,CTLLAB,Clinitech Laboratory,,544220,M,CTLLAB.BO
BSE,STOCK,CUB,City Union Bank,,532210,A,CUB.BO
BSE,STOCK,CUBEXTUB,Cubex Tubings,,526027,B,CUBEXTUB.BO
BSE,STOCK,CUBIFIN,Cubical Financial Service,,511710,XT,CUBIFIN.BO
BSE,STOCK,CUMMINSIND,Cummins,,500480,A,500480.BO
BSE,STOCK,CUPID,Cupid,,530843,A,CUPID.BO
BSE,STOCK,CUPIDALBV,Cupid Breweries And Distilleries,,512361,XT,CUPIDALBV.BO
BSE,STOCK,CURAA,Cura Technologies,,532332,B,CURAA.BO
BSE,STOCK,CWD,CWD,,543378,MS,CWD.BO
BSE,STOCK,CYBELEIND,Cybele Industries,,531472,X,CYBELEIND.BO
BSE,STOCK,CYBERTECH,Cybertech Systems & Software,,532173,T,CYBERTECH.BO
BSE,STOCK,CYIENT,Cyient,,532175,A,CYIENT.BO
BSE,STOCK,CYIENTDLM,Cyient DLM,,543933,B,CYIENTDLM.BO
BSE,STOCK,DACHEPALLI,Dachepalli Publishers,,544667,M,DACHEPALLI.BO
BSE,STOCK,DAICHI,Dai-ichi Karkaria,,526821,B,DAICHI.BO
BSE,STOCK,DAIKAFFI,Daikaffil Chemicals,,530825,XT,DAIKAFFI.BO
BSE,STOCK,DAL,Dynamic Archistructures,,539681,X,DAL.BO
BSE,STOCK,DALBHARAT,Dalmia Bharat,,542216,A,DALBHARAT.BO
BSE,STOCK,DALMIASUG,Dalmia Bharat Sugar & Industries,,500097,B,500097.BO
BSE,STOCK,DAMCAPITAL,DAM Capital Advisors,,544316,B,DAMCAPITAL.BO
BSE,STOCK,DAMODARIND,Damodar Industries,,521220,T,DAMODARIND.BO
BSE,STOCK,DANUBE,Danube Industries,,540361,XT,DANUBE.BO
BSE,STOCK,DAPS,DAPS Advertising,,543651,M,DAPS.BO
BSE,STOCK,DARJEELING,Darjeeling Industries,,539770,X,DARJEELING.BO
BSE,STOCK,DARSHANORNA,Darshan Orna,,539884,X,DARSHANORNA.BO
BSE,STOCK,DATAMATICS,Datamatics Global Services,,532528,A,DATAMATICS.BO
BSE,STOCK,DATAPATTNS,Data Patterns,,543428,A,DATAPATTNS.BO
BSE,STOCK,DATIWARE,Datiware Maritime Infra,,519413,P,DATIWARE.BO
BSE,STOCK,DAULAT,Daulat Securities,,530171,X,DAULAT.BO
BSE,STOCK,DAVANGERE,Davangere Sugar Company,,543267,B,DAVANGERE.BO
BSE,STOCK,DBEIL,Deepak Builders & Engineers,,544276,T,DBEIL.BO
BSE,STOCK,DBL,Dilip Buildcon,,540047,A,DBL.BO
BSE,STOCK,DBOL,Dhampur Bio Organics,,543593,B,DBOL.BO
BSE,STOCK,DBREALTY,Valor Estate,,533160,A,DBREALTY.BO
BSE,STOCK,DBSTOCKBRO,DB International Stock Brokers,,530393,T,DBSTOCKBRO.BO
BSE,STOCK,DCAL,Dishman Carbogen Amcis,,540701,B,DCAL.BO
BSE,STOCK,DCBBANK,DCB Bank,,532772,A,DCBBANK.BO
BSE,STOCK,DCI,DC Infotech & Communications,,543636,B,DCI.BO
BSE,STOCK,DCMFINSERV,DCM Financial Services,,511611,B,511611.BO
BSE,STOCK,DCMNVL,DCM Nouvelle,,542729,B,DCMNVL.BO
BSE,STOCK,DCMSHRIRAM,DCM Shriram Consolidated,,523367,A,DCMSHRIRAM.BO
BSE,STOCK,DCMSIL,DCM Shriram International,,544702,B,DCMSIL.BO
BSE,STOCK,DCMSRIND,DCM Shriram Industries,,523369,B,DCMSRIND.BO
BSE,STOCK,DCXINDIA,DCX Systems,,543650,B,DCXINDIA.BO
BSE,STOCK,DDEVPLSTIK,Ddev Plastiks Industries,,543547,B,DDEVPLSTIK.BO
BSE,STOCK,DECCAN,Deccan Health Care,,542248,T,DECCAN.BO
BSE,STOCK,DECIPHER,Decipher Labs,,524752,X,DECIPHER.BO
BSE,STOCK,DECNGOLD,Deccan Gold Mines,,512068,B,DECNGOLD.BO
BSE,STOCK,DECOMIC,Deco Mica,,531227,X,DECOMIC.BO
BSE,STOCK,DECPO,Deccan Polypacks,,531989,X,DECPO.BO
BSE,STOCK,DEEDEV,DEE Development Engineers,,544198,B,DEEDEV.BO
BSE,STOCK,DEEP,Deep Polymers,,541778,B,DEEP.BO
BSE,STOCK,DEEPAI,Deep Health AI,,539559,XT,DEEPAI.BO
BSE,STOCK,DEEPAKCHEM,Deepak Chemtex,,544036,M,DEEPAKCHEM.BO
BSE,STOCK,DEEPAKNTR,Deepak Nitrite,,506401,A,DEEPAKNTR.BO
BSE,STOCK,DEEPAKSP,Deepak Spinners,,514030,X,DEEPAKSP.BO
BSE,STOCK,DEEPINDS,Deep Industries,,543288,B,DEEPINDS.BO
BSE,STOCK,DEFRAIL,Defrail Technologies,,544677,M,DEFRAIL.BO
BSE,STOCK,DEL,Dhanashree Electronics,,542679,X,DEL.BO
BSE,STOCK,DELHIVERY,Delhivery,,543529,A,DELHIVERY.BO
BSE,STOCK,DELPHIFX,Delphi World Money,,533452,T,DELPHIFX.BO
BSE,STOCK,DELTA,Delta Industrial Res,,539596,X,DELTA.BO
BSE,STOCK,DELTACORP,Delta Corp,,532848,B,DELTACORP.BO
BSE,STOCK,DELTAMAGNT,Delta Manufacturing,,504286,B,DELTAMAGNT.BO
BSE,STOCK,DEN,Den Networks,,533137,B,DEN.BO
BSE,STOCK,DENISCHEM,Denis Chem Lab,,537536,X,DENISCHEM.BO
BSE,STOCK,DENORA,De Nora,,590031,B,DENORA.BO
BSE,STOCK,DENTA,Denta Water and Infra Solutions,,544345,B,DENTA.BO
BSE,STOCK,DESCO,Desco Infratech,,544387,M,DESCO.BO
BSE,STOCK,DESHRAK,Desh Rakshak Aushdhalaya,,531521,P,DESHRAK.BO
BSE,STOCK,DEVINE,Devine Impex,,531585,X,DEVINE.BO
BSE,STOCK,DEVIT,Dev Information Technology,,543462,B,DEVIT.BO
BSE,STOCK,DEVLAB,Dev Labtech Venture,,543848,M,DEVLAB.BO
BSE,STOCK,DEVSON,Devson Catalyst,,544823,M,DEVSON.BO
BSE,STOCK,DEVX,Dev Accelerator,,544513,B,DEVX.BO
BSE,STOCK,DEVYANI,Devyani International,,543330,A,DEVYANI.BO
BSE,STOCK,DFL,Decillion Finance,,539190,X,DFL.BO
BSE,STOCK,DFPL,Dindigul Farm Products,,544201,M,DFPL.BO
BSE,STOCK,DGCONTENT,Digicontent,,542685,B,DGCONTENT.BO
BSE,STOCK,DGL,Diksha Greens,,542155,MT,DGL.BO
BSE,STOCK,DHABRIYA,Dhabriya Polywood,,538715,T,DHABRIYA.BO
BSE,STOCK,DHAMPURE,Dhampure Speciality Sugars,,531923,X,DHAMPURE.BO
BSE,STOCK,DHAMPURSUG,Dhampur Sugar Mills,,500119,B,500119.BO
BSE,STOCK,DHANCOT,Dhanlaxmi Cotex,,512485,XT,DHANCOT.BO
BSE,STOCK,DHANFAB,Dhanlaxmi Fabrics,,521151,X,DHANFAB.BO
BSE,STOCK,DHANROTO,Dhanalaxmi Roto Spinners,,521216,X,DHANROTO.BO
BSE,STOCK,DHANSAFAL,Dhansafal Finserve,,512048,X,DHANSAFAL.BO
BSE,STOCK,DHANUKA,Dhanuka Agritech,,507717,B,DHANUKA.BO
BSE,STOCK,DHARAN,Dharan Infra-EPC,,541161,Z,DHARAN.BO
BSE,STOCK,DHARFIN,Dharani Finance,,511451,XT,DHARFIN.BO
BSE,STOCK,DHARMAJ,Dharmaj Crop Guard,,543687,B,DHARMAJ.BO
BSE,STOCK,DHARNI,Dharni Capital Services,,543753,M,DHARNI.BO
BSE,STOCK,DHATRE,Dhatre Udyog,,540080,B,DHATRE.BO
BSE,STOCK,DHENUBUILD,Dhenu Buildcon Infra,,501945,Z,DHENUBUILD.BO
BSE,STOCK,DHILLON,Dhillon Freight Carrier,,544556,M,DHILLON.BO
BSE,STOCK,DHINDIA,D&H India,,517514,X,DHINDIA.BO
BSE,STOCK,DHOOTIN,Dhoot Industrial Finance,,526971,XT,DHOOTIN.BO
BSE,STOCK,DHPIND,DHP India,,531306,X,DHPIND.BO
BSE,STOCK,DHRUV,Dhruv Consultancy,,541302,B,DHRUV.BO
BSE,STOCK,DHRUVCA,Dhruva Capital Services,,531237,X,DHRUVCA.BO
BSE,STOCK,DHUNINV,Dhunseri Investments,,533336,B,DHUNINV.BO
BSE,STOCK,DHVIJAFIN,F Mec International Financial Services,,539552,XT,539552.BO
BSE,STOCK,DHYAANITR,Dhyaani Tradeventtures,,543516,MT,DHYAANITR.BO
BSE,STOCK,DIACABS,Diamond Power Infrastructure,,522163,T,DIACABS.BO
BSE,STOCK,DIAMINESQ,Diamines & Chemicals,,500120,B,DIAMINESQ.BO
BSE,STOCK,DIAMONDYD,Prataap Snacks,,540724,B,DIAMONDYD.BO
BSE,STOCK,DIANATEA,Diana Tea Company,,530959,X,DIANATEA.BO
BSE,STOCK,DICIND,DIC India,,500089,B,500089.BO
BSE,STOCK,DIDL,Dalmia Industrial Development,,539900,X,DIDL.BO
BSE,STOCK,DIFFNKG,Diffusion Engineers,,544264,B,DIFFNKG.BO
BSE,STOCK,DIGIDRIVE,Digidrive Distributors,,544079,B,DIGIDRIVE.BO
BSE,STOCK,DIGILOGIC,Digilogic Systems,,544684,MT,DIGILOGIC.BO
BSE,STOCK,DIGISPICE,Digispice Technologies,,517214,B,DIGISPICE.BO
BSE,STOCK,DIGITIDE,Digitide Solutions,,544413,B,DIGITIDE.BO
BSE,STOCK,DIGJAMLMTD,DIGJAM,,539979,B,DIGJAMLMTD.BO
BSE,STOCK,DIKSAT,Diksat Transworld,,540151,MT,DIKSAT.BO
BSE,STOCK,DIKSHA,Diksha Polymers,,544798,MT,DIKSHA.BO
BSE,STOCK,DILIGENT,Diligent Industries,,531153,X,DILIGENT.BO
BSE,STOCK,DISAQ,DISA,,500068,B,DISAQ.BO
BSE,STOCK,DISHTV,Dish TV,,532839,B,DISHTV.BO
BSE,STOCK,DITCO,Decorous Investment & Trading Co,,539405,X,DITCO.BO
BSE,STOCK,DIVGIITTS,Divgi Torqtransfer Systems,,543812,B,DIVGIITTS.BO
BSE,STOCK,DIVISLAB,Divis Laboratories,,532488,A,DIVISLAB.BO
BSE,STOCK,DIVSHKT,Divyashakti Granites,,526315,X,DIVSHKT.BO
BSE,STOCK,DIXON,Dixon Technologies,,540699,A,DIXON.BO
BSE,STOCK,DJML,DJ Mediaprint & Logistics,,543193,B,DJML.BO
BSE,STOCK,DKUAL,Sai Swami Metals & Alloys,,544170,M,DKUAL.BO
BSE,STOCK,DLCL,Dr Lalchandani Labs,,541299,M,DLCL.BO
BSE,STOCK,DLF,DLF,,532868,A,DLF.BO
BSE,STOCK,DLINKINDIA,D-Link,,533146,B,DLINKINDIA.BO
BSE,STOCK,DLTNCBL,Delton Cables,,504240,X,DLTNCBL.BO
BSE,STOCK,DMART,Avenue Supermarts DMart,,540376,A,DMART.BO
BSE,STOCK,DMCC,DMCC Speciality Chemicals,,506405,B,DMCC.BO
BSE,STOCK,DML,Diggi Multitrade,,540811,M,DML.BO
BSE,STOCK,DMR,DMR Engineering,,543410,M,DMR.BO
BSE,STOCK,DNAMEDIA,Diligent Media Corporation,,540789,B,DNAMEDIA.BO
BSE,STOCK,DODLA,Dodla Dairy,,543306,A,DODLA.BO
BSE,STOCK,DOLATALGO,Dolat Algotech,,505526,B,DOLATALGO.BO
BSE,STOCK,DOLFIN,Dolfin Rubbers,,542013,B,DOLFIN.BO
BSE,STOCK,DOLLAR,Dollar Industries,,541403,B,DOLLAR.BO
BSE,STOCK,DOLPHIN,Dolphin Offshore,,522261,B,DOLPHIN.BO
BSE,STOCK,DOMS,DOMS Industries,,544045,A,DOMS.BO
BSE,STOCK,DPABHUSHAN,D P Abhushan,,544161,B,DPABHUSHAN.BO
BSE,STOCK,DPL,Dipna Pharmachem,,543594,M,DPL.BO
BSE,STOCK,DPWIRES,DP Wires,,543962,T,DPWIRES.BO
BSE,STOCK,DRA,DRA Consultants,,540144,M,DRA.BO
BSE,STOCK,DRAGARWQ,Dr. Agrawals Eye Hospital,,526783,B,DRAGARWQ.BO
BSE,STOCK,DRCSYSTEMS,DRC Systems India,,543268,B,DRCSYSTEMS.BO
BSE,STOCK,DREAMFOLKS,Dreamfolks Services,,543591,B,DREAMFOLKS.BO
BSE,STOCK,DREDGECORP,Dredging Corporation of India,,523618,B,DREDGECORP.BO
BSE,STOCK,DRL,Disha Resources,,531553,XT,DRL.BO
BSE,STOCK,DRONACHRYA,Droneacharya Aerial Innovation,,543713,M,DRONACHRYA.BO
BSE,STOCK,DSFCL,DCM Shriram Fine Chemicals,,544703,T,DSFCL.BO
BSE,STOCK,DSINVEST,Dalal Street Investments,,501148,XT,DSINVEST.BO
BSE,STOCK,DSKULKARNI,DS Kulkarni Developers,,523890,T,DSKULKARNI.BO
BSE,STOCK,DSSL,Dynacons Systems & Solutions,,532365,B,DSSL.BO
BSE,STOCK,DTIL,Dhunseri Tea & Industries,,538902,T,DTIL.BO
BSE,STOCK,DUCON,Ducon Infratechnologies,,534674,B,DUCON.BO
BSE,STOCK,DUKEOFS,Duke Offshore,,531471,XT,DUKEOFS.BO
BSE,STOCK,DUNCANENG,Duncan Engineering,,504908,X,DUNCANENG.BO
BSE,STOCK,DUROPACK,Duro Pack,,526355,X,DUROPACK.BO
BSE,STOCK,DUROPLY,Duroply Industries,,516003,X,DUROPLY.BO
BSE,STOCK,DUTRON,Dutron Polymers,,517437,X,DUTRON.BO
BSE,STOCK,DVL,Dhunseri Ventures,,523736,B,DVL.BO
BSE,STOCK,DWARKESH,Dwarikesh Sugar Industries,,532610,B,DWARKESH.BO
BSE,STOCK,DYCL,Dynamic Cables,,540795,B,DYCL.BO
BSE,STOCK,DYNAMATECH,Dynamatic Technologies,,505242,A,DYNAMATECH.BO
BSE,STOCK,DYNAMICP,Dynamic Portfolio,,530779,X,DYNAMICP.BO
BSE,STOCK,DYNAMIND,Dynamic Industries,,524818,X,DYNAMIND.BO
BSE,STOCK,DYNAVSN,Dynavision,,517238,X,DYNAVSN.BO
BSE,STOCK,DYNPRO,Dynemic Products,,532707,B,DYNPRO.BO
BSE,STOCK,E2E,E2E Networks,,544783,T,E2E.BO
BSE,STOCK,EARKART,Earkart,,544549,M,EARKART.BO
BSE,STOCK,EARTH,Earthstahl & Alloys,,543765,M,EARTH.BO
BSE,STOCK,EASEMYTRIP,Easy Trip Planners,,543272,B,EASEMYTRIP.BO
BSE,STOCK,EASTBUILD,East Buildtech,,507917,XT,EASTBUILD.BO
BSE,STOCK,EASTINDIA,East India Drums & Barrels Mfg.,,523874,XT,EASTINDIA.BO
BSE,STOCK,EASTRED,Eastern Treads,,531346,X,EASTRED.BO
BSE,STOCK,EASTSILK,Eastern Silk Industries,,590022,T,EASTSILK.BO
BSE,STOCK,EASTWEST,East West Holdings Freight Carriers,,540006,B,EASTWEST.BO
BSE,STOCK,EASUN,Easun Capital Markets,,542906,XT,EASUN.BO
BSE,STOCK,EASYFIN,Easy Fincorp,,511074,Z,511074.BO
BSE,STOCK,EBGNG,GNG Electronics,,544455,B,EBGNG.BO
BSE,STOCK,EBIX,Artemis EBIX,,531035,T,EBIX.BO
BSE,STOCK,ECLERX,eClerx Services,,532927,A,ECLERX.BO
BSE,STOCK,ECOBOAR,Ecoboard Industries,,523732,X,ECOBOAR.BO
BSE,STOCK,ECOFINITY,Ecofinity Atomix,,539455,X,ECOFINITY.BO
BSE,STOCK,ECOHOTELS,ECO Hotels & Resorts,,514402,X,ECOHOTELS.BO
BSE,STOCK,ECOPLAST,Ecoplast,,526703,X,ECOPLAST.BO
BSE,STOCK,ECORECO,Eco Recycling,,530643,B,ECORECO.BO
BSE,STOCK,ECOSMOBLTY,ECOS Mobility & Hospitality,,544239,B,ECOSMOBLTY.BO
BSE,STOCK,ECSTSTL,East Coast Steel,,520081,P,ECSTSTL.BO
BSE,STOCK,EDELWEISS,Edelweiss Financial Services,,532922,A,EDELWEISS.BO
BSE,STOCK,EDVENSWA,Edvenswa Enterprises,,517170,X,EDVENSWA.BO
BSE,STOCK,EENTER,E & E Enterprises,,501386,XT,EENTER.BO
BSE,STOCK,EFCIL,EFC,,512008,B,EFCIL.BO
BSE,STOCK,EFORU,Eforu Entertainment,,531190,XT,EFORU.BO
BSE,STOCK,EICHERMOT,Eicher Motors,,505200,A,EICHERMOT.BO
BSE,STOCK,EIEL,Enviro Infra Engineers,,544290,B,EIEL.BO
BSE,STOCK,EIGHTY,Eighty Jewellers,,543518,MT,EIGHTY.BO
BSE,STOCK,EIHAHOTELS,EIH Associated Hotels,,523127,B,EIHAHOTELS.BO
BSE,STOCK,EIHOTEL,EIH Hotels,,500840,A,500840.BO
BSE,STOCK,EIKO,EIKO Lifesciences,,540204,X,EIKO.BO
BSE,STOCK,EIMCOELECO,Eimco Elecon,,523708,B,EIMCOELECO.BO
BSE,STOCK,EKAMLEA,Ekam Leasing & Finance Co,,530581,XT,EKAMLEA.BO
BSE,STOCK,EKANSH,Ekansh Concepts,,531364,X,EKANSH.BO
BSE,STOCK,EKENNIS,Ekennis Software Service,,543475,M,EKENNIS.BO
BSE,STOCK,EKI,EKI Energy Services,,543284,B,EKI.BO
BSE,STOCK,ELAND,E Land Apparel,,532820,X,ELAND.BO
BSE,STOCK,ELANGO,Elango Industries,,513452,XT,ELANGO.BO
BSE,STOCK,ELANTAS,Elantas Beck,,500123,B,ELANTAS.BO
BSE,STOCK,ELCIDIN,ELCID Investments,,503681,B,ELCIDIN.BO
BSE,STOCK,ELDEHSG,Eldeco Housing & Industries,,523329,B,ELDEHSG.BO
BSE,STOCK,ELECON,Elecon Engineering Company,,505700,A,ELECON.BO
BSE,STOCK,ELECTCAST,Electrosteel Castings,,500128,A,500128.BO
BSE,STOCK,ELECTHERM,Electrotherm,,526608,B,ELECTHERM.BO
BSE,STOCK,ELEFLOR,Elegant Floriculture & Ag,,526473,X,ELEFLOR.BO
BSE,STOCK,ELEMARB,Elegant Marbles & Grani Industries,,526705,X,ELEMARB.BO
BSE,STOCK,ELFIN,Elfin Agro,,544724,M,ELFIN.BO
BSE,STOCK,ELFORGE,EL Forge,,531144,X,ELFORGE.BO
BSE,STOCK,ELGIEQUIP,Elgi Equipments,,522074,A,ELGIEQUIP.BO
BSE,STOCK,ELIN,Elin Electronics,,543725,B,ELIN.BO
BSE,STOCK,ELITECON,Elitecon International,,539533,B,ELITECON.BO
BSE,STOCK,ELIXIR,Elixir Capital,,531278,X,ELIXIR.BO
BSE,STOCK,ELLEN,Ellenbarrie Industrial Gases,,544421,B,ELLEN.BO
BSE,STOCK,ELNET,Elnet Technologies,,517477,X,ELNET.BO
BSE,STOCK,ELPROINTL,Elpro International,,504000,B,ELPROINTL.BO
BSE,STOCK,EMAINDIA,EMA India,,522027,X,EMAINDIA.BO
BSE,STOCK,EMAMILTD,Emami,,531162,A,EMAMILTD.BO
BSE,STOCK,EMAMIPAP,Emami Paper Mills,,533208,T,533208.BO
BSE,STOCK,EMAMIREAL,Emami Realty,,533218,B,EMAMIREAL.BO
BSE,STOCK,EMBDL,Embassy Developments,,532832,A,EMBDL.BO
BSE,STOCK,EMCURE,Emcure Pharmaceuticals,,544210,A,EMCURE.BO
BSE,STOCK,EMERALD,Emerald Finance,,538882,X,EMERALD.BO
BSE,STOCK,EMERALL,Emerald Leisures,,507265,XT,EMERALL.BO
BSE,STOCK,EMERGENT,Emergent Industrial Solutions,,506180,XT,EMERGENT.BO
BSE,STOCK,EMIAC,Emiac Technologies,,544747,M,EMIAC.BO
BSE,STOCK,EMIL,Electronics Mart,,543626,B,EMIL.BO
BSE,STOCK,EMKAY,Emkay Global Financial Services,,532737,B,532737.BO
BSE,STOCK,EMMBI,Emmbi Industries,,533161,T,EMMBI.BO
BSE,STOCK,EMMESSA,Emmessar Biotech,,524768,X,EMMESSA.BO
BSE,STOCK,EMMFORCE,Emmforce Autotech,,544166,MT,EMMFORCE.BO
BSE,STOCK,EMMVEE,Emmvee Photovoltaic Power,,544608,B,EMMVEE.BO
BSE,STOCK,EMPIND,Empire Industries,,509525,B,EMPIND.BO
BSE,STOCK,EMPOWER,Empower,,504351,B,EMPOWER.BO
BSE,STOCK,EMROCK,Emrock Corporation,,531676,XT,EMROCK.BO
BSE,STOCK,EMSLIMITED,EMS,,543983,B,EMSLIMITED.BO
BSE,STOCK,EMUDHRA,eMudhra,,543533,B,EMUDHRA.BO
BSE,STOCK,ENBETRD,Enbee Trade & Finance,,512441,X,ENBETRD.BO
BSE,STOCK,ENCODE,Encode Packaging,,530733,X,ENCODE.BO
BSE,STOCK,ENDURANCE,Endurance Technologies,,540153,A,ENDURANCE.BO
BSE,STOCK,ENERGYDEV,Energy Development Company,,532219,B,ENERGYDEV.BO
BSE,STOCK,ENGINERSIN,Engineers India,,532178,A,ENGINERSIN.BO
BSE,STOCK,ENKEIWHEL,Enkei Wheels,,533477,B,ENKEIWHEL.BO
BSE,STOCK,ENRIN,Siemens Energy,,544390,A,ENRIN.BO
BSE,STOCK,ENTERO,Entero Healthcare Solutions,,544122,B,ENTERO.BO
BSE,STOCK,ENTRINT,Enterprise International,,526574,X,ENTRINT.BO
BSE,STOCK,ENVAIREL,Envair Electrodyne,,500246,XT,ENVAIREL.BO
BSE,STOCK,EPACK,Epack Durable,,544095,B,EPACK.BO
BSE,STOCK,EPACKPEB,EPack Prefab Technologies,,544540,B,EPACKPEB.BO
BSE,STOCK,EPBIO,EP Biocomposites,,543595,M,EPBIO.BO
BSE,STOCK,EPIC,Epic Energy,,530407,X,EPIC.BO
BSE,STOCK,EPIGRAL,Epigral,,543332,B,EPIGRAL.BO
BSE,STOCK,EPL,EPL,,500135,A,EPL.BO
BSE,STOCK,EPSOMPRO,Epsom Properties,,531155,XT,EPSOMPRO.BO
BSE,STOCK,EPUJA,Epuja Spiritech,,532092,X,EPUJA.BO
BSE,STOCK,EQUILATERA,Equilateral Enterprises,,531262,X,EQUILATERA.BO
BSE,STOCK,EQUIPPP,Equippp Social Impact Technologies,,590057,T,EQUIPPP.BO
BSE,STOCK,EQUITASBNK,Equitas Small Finance Bank,,543243,A,EQUITASBNK.BO
BSE,STOCK,ERIS,Eris Lifesciences,,540596,A,ERIS.BO
BSE,STOCK,ERPSOFT,Erp Soft Systems,,530909,X,ERPSOFT.BO
BSE,STOCK,ESAFSFB,ESAF Small Finance Bank,,544020,T,ESAFSFB.BO
BSE,STOCK,ESARIND,Esaar,,531502,X,ESARIND.BO
BSE,STOCK,ESCORP,Escorp Asset Management,,540455,B,ESCORP.BO
BSE,STOCK,ESHAMEDIA,Esha Media Research,,531259,XT,ESHAMEDIA.BO
BSE,STOCK,ESPIRE,Espire Hospitality,,532016,X,ESPIRE.BO
BSE,STOCK,ESQRMON,Esquire Money Guarantees,,512439,XT,ESQRMON.BO
BSE,STOCK,ESSARSHPNG,Essar Shipping,,533704,B,ESSARSHPNG.BO
BSE,STOCK,ESSENTIA,Integra Essentia,,535958,B,ESSENTIA.BO
BSE,STOCK,ESSEX,Essex Marine,,544475,M,ESSEX.BO
BSE,STOCK,ESTER,Ester Industries,,500136,B,500136.BO
BSE,STOCK,ETERNAL,Eternal,,543320,A,ETERNAL.BO
BSE,STOCK,ETHOSLTD,Ethos,,543532,A,ETHOSLTD.BO
BSE,STOCK,ETIL,Econo Trade,,538708,X,ETIL.BO
BSE,STOCK,EUPHORIAIT,Euphoria Infotech (India),,544094,M,EUPHORIAIT.BO
BSE,STOCK,EUREKAFORB,Eureka Forbes,,543482,A,EUREKAFORB.BO
BSE,STOCK,EUREKAI,Eureka Industries,,521137,XT,EUREKAI.BO
BSE,STOCK,EUROBOND,Euro Panel Products,,544461,B,EUROBOND.BO
BSE,STOCK,EUROLED,Euro Leder Fashion,,526468,XT,EUROLED.BO
BSE,STOCK,EUROPRATIK,Euro Pratik Sales,,544519,B,EUROPRATIK.BO
BSE,STOCK,EUROTEXIND,Eurotex Industries & Exports,,521014,T,EUROTEXIND.BO
BSE,STOCK,EVANS,Evans Electric,,542668,M,EVANS.BO
BSE,STOCK,EVEREADY,Eveready Industries,,531508,B,531508.BO
BSE,STOCK,EVERESTIND,Everest Industries,,508906,T,EVERESTIND.BO
BSE,STOCK,EVERESTO,Everest Organics,,524790,X,EVERESTO.BO
BSE,STOCK,EVERFIN,Everlon Financials,,514358,X,EVERFIN.BO
BSE,STOCK,EVEXIA,Evexia Lifecar,,524444,X,EVEXIA.BO
BSE,STOCK,EVOQ,Evoq Remedies,,543500,MT,EVOQ.BO
BSE,STOCK,EXATO,Exato Technologies,,544626,MT,EXATO.BO
BSE,STOCK,EXCELINDUS,Excel Industries,,500650,B,500650.BO
BSE,STOCK,EXCELSOFT,Excelsoft Technologies,,544617,B,EXCELSOFT.BO
BSE,STOCK,EXHICON,Exhicon Events Media Solutions,,543895,M,EXHICON.BO
BSE,STOCK,EXICOM,Exicom Tele-Systems,,544133,B,EXICOM.BO
BSE,STOCK,EXPLEOSOL,Expleo Solutions,,533121,B,EXPLEOSOL.BO
BSE,STOCK,EXPLICITFIN,Explicit Finance,,530571,X,EXPLICITFIN.BO
BSE,STOCK,EXPOEAPL,Expo Engineering & Projects,,526614,XT,EXPOEAPL.BO
BSE,STOCK,EXXARO,Exxaro Tiles,,543327,B,EXXARO.BO
BSE,STOCK,EY,Eyantra Ventures,,512099,XT,EY.BO
BSE,STOCK,FAALCON,Faalcon Concepts,,544164,MT,FAALCON.BO
BSE,STOCK,FABCLEAN,Fabtech Technologies,,544332,MT,FABCLEAN.BO
BSE,STOCK,FABINO,Fabino Enterprises,,543444,M,FABINO.BO
BSE,STOCK,FABTECH,Fabtech Technologies,,544558,B,FABTECH.BO
BSE,STOCK,FACORALL,Facor Alloys,,532656,XT,FACORALL.BO
BSE,STOCK,FACT,Fertilisers & Chemical Travancore,,590024,B,FACT.BO
BSE,STOCK,FAIRCHEMOR,Fairchem Organics,,543252,T,FAIRCHEMOR.BO
BSE,STOCK,FAMILYCARE,Family Care Hospitals,,516110,X,FAMILYCARE.BO
BSE,STOCK,FAZE3Q,Faze Three,,530079,B,FAZE3Q.BO
BSE,STOCK,FCL,Fineotex Chemical,,533333,B,FCL.BO
BSE,STOCK,FDC,FDC,,531599,B,FDC.BO
BSE,STOCK,FEDDERSHOL,Fedders Holding,,511628,B,FEDDERSHOL.BO
BSE,STOCK,FEDERALBNK,Federal Bank,,500469,A,500469.BO
BSE,STOCK,FEDFINA,Fedbank Financial Services,,544027,B,FEDFINA.BO
BSE,STOCK,FEL,Future Enterprises,,523574,Z,FEL.BO
BSE,STOCK,FELDVR,Future Enterprises DVR,,570002,Z,FELDVR.BO
BSE,STOCK,FERMENTA,Fermenta Biotech,,506414,B,FERMENTA.BO
BSE,STOCK,FERVENTSYN,Fervent Synergies,,533896,X,FERVENTSYN.BO
BSE,STOCK,FFPL,Foundry Fuel Products,,513579,Z,FFPL.BO
BSE,STOCK,FGP,FGP,,500142,X,FGP.BO
BSE,STOCK,FIBERWEB,Fiberweb,,507910,B,FIBERWEB.BO
BSE,STOCK,FIL,Fractal Industries,,544707,M,FIL.BO
BSE,STOCK,FILATEX,Filatex India,,526227,B,FILATEX.BO
BSE,STOCK,FILATFASH,Filatex Fashions,,532022,B,FILATFASH.BO
BSE,STOCK,FILME,Filmcity Media,,531486,X,FILME.BO
BSE,STOCK,FILTRA,Filtra Consultants,,539098,M,FILTRA.BO
BSE,STOCK,FILTRON,FILTRON ENGINEERS LTD.,,531191,XT,FILTRON.BO
BSE,STOCK,FINELINE,Fine-Line Circuits,,517264,X,FINELINE.BO
BSE,STOCK,FINEORG,Fine Organic Industries,,541557,A,FINEORG.BO
BSE,STOCK,FINKURVE,Finkurve Financial Services,,508954,B,FINKURVE.BO
BSE,STOCK,FINOPB,Fino Payments Bank,,543386,B,FINOPB.BO
BSE,STOCK,FIRSTCRY,Firstcry (Brainbees Solutions),,544226,A,FIRSTCRY.BO
BSE,STOCK,FIRSTFIN,First Fintec,,532379,X,FIRSTFIN.BO
BSE,STOCK,FISCHER,Fischer Medical Ventures,,524743,B,FISCHER.BO
BSE,STOCK,FIVESTAR,Five Star Business Finance,,543663,A,FIVESTAR.BO
BSE,STOCK,FLAIR,Flair Writing Industries,,544030,B,FLAIR.BO
BSE,STOCK,FLEXFO,Flex Foods,,523672,X,FLEXFO.BO
BSE,STOCK,FLEXITUFF,Flexituff Ventures,,533638,T,FLEXITUFF.BO
BSE,STOCK,FLFL,Future Lifestyle Fashions,,536507,Z,FLFL.BO
BSE,STOCK,FLOMIC,Flomic Global Logistics,,504380,X,FLOMIC.BO
BSE,STOCK,FLORACORP,Flora Corporation,,540267,X,FLORACORP.BO
BSE,STOCK,FLUIDOM,Fluidomat,,522017,X,FLUIDOM.BO
BSE,STOCK,FLUOROCHEM,Gujarat Fluorochemicals,,542812,A,FLUOROCHEM.BO
BSE,STOCK,FMGOETZE,Federal Mogul Goetze,,505744,B,FMGOETZE.BO
BSE,STOCK,FMNL,Future Market Networks,,533296,B,FMNL.BO
BSE,STOCK,FOCUS,Focus Business Solution,,543312,M,FOCUS.BO
BSE,STOCK,FONE4,Fone4 Communications,,543521,M,543521.BO
BSE,STOCK,FOODSIN,Foods & Inns,,507552,B,FOODSIN.BO
BSE,STOCK,FORBESCO,Forbes & Company,,502865,X,FORBESCO.BO
BSE,STOCK,FORCEMOT,Force Motors,,500033,A,FORCEMOT.BO
BSE,STOCK,FORINTL,Fortune International,,530213,X,FORINTL.BO
BSE,STOCK,FORTIS,Fortis Healthcare,,532843,A,FORTIS.BO
BSE,STOCK,FORTISMLR,Fortis Malar Hospitals,,523696,X,FORTISMLR.BO
BSE,STOCK,FOSECOC,Foseco Crucible,,523160,X,FOSECOC.BO
BSE,STOCK,FOSECOIND,Foseco,,500150,B,500150.BO
BSE,STOCK,FRACTAL,Fractal Analytics,,544700,B,FRACTAL.BO
BSE,STOCK,FRANKLIN,Franklin Leasing & Finance,,539839,M,FRANKLIN.BO
BSE,STOCK,FRANKLININD,Franklin Industries,,540190,X,FRANKLININD.BO
BSE,STOCK,FRASER,Fraser & Company,,539032,X,FRASER.BO
BSE,STOCK,FRATELLI,Fratelli Vineyards,,541741,X,FRATELLI.BO
BSE,STOCK,FREDUN,Fredun Pharmaceuticals,,539730,B,FREDUN.BO
BSE,STOCK,FRONTCAP,Frontier Capital,,508980,X,FRONTCAP.BO
BSE,STOCK,FRONTCORP,Frontline Corporation,,532042,X,FRONTCORP.BO
BSE,STOCK,FRONTFN,Frontline Financial Services,,531685,XT,FRONTFN.BO
BSE,STOCK,FRONTSP,Frontier Springs,,522195,B,FRONTSP.BO
BSE,STOCK,FRUTION,Fruition Venture,,538568,XT,FRUTION.BO
BSE,STOCK,FSL,Firstsource Solutions,,532809,A,FSL.BO
BSE,STOCK,FTL,FTL,,544173,M,FTL.BO
BSE,STOCK,FUNDVISER,Fundviser Capital,,530197,X,FUNDVISER.BO
BSE,STOCK,FUSION,Fusion Finance,,543652,B,FUSION.BO
BSE,STOCK,FUTSOL,Futuristic Solutions,,534063,X,FUTSOL.BO
BSE,STOCK,FUTURSEC,Futuristic Securities,,523113,X,FUTURSEC.BO
BSE,STOCK,FYNX,Fynx Capital,,507962,XT,FYNX.BO
BSE,STOCK,GAEL,Gujarat Ambuja Exports,,524226,B,GAEL.BO
BSE,STOCK,GAGAN,Gagan Gases,,524624,X,GAGAN.BO
BSE,STOCK,GAIL,GAIL,,532155,A,GAIL.BO
BSE,STOCK,GAJANANSEC,Gajanan Securities Services,,538609,X,GAJANANSEC.BO
BSE,STOCK,GALACTICO,Galactico Corp services,,542802,B,GALACTICO.BO
BSE,STOCK,GALADA,Galada Power & Telecommunication,,504697,XT,GALADA.BO
BSE,STOCK,GALADAFIN,Galada Finance,,538881,X,GALADAFIN.BO
BSE,STOCK,GALAGEX,Galaxy Agrico Exports,,531911,XT,GALAGEX.BO
BSE,STOCK,GALAPREC,Gala Precision Engineering,,544244,B,GALAPREC.BO
BSE,STOCK,GALAXYSURF,Galaxy Surfactants,,540935,B,GALAXYSURF.BO
BSE,STOCK,GALLARD,Gallard Steel,,544616,M,GALLARD.BO
BSE,STOCK,GALLOPENT,Gallops Enterprise,,531902,XT,GALLOPENT.BO
BSE,STOCK,GALXBRG,Galaxy Bearings,,526073,XT,GALXBRG.BO
BSE,STOCK,GAMCO,Gamco,,540097,X,GAMCO.BO
BSE,STOCK,GANDHAR,Gandhar Oil Refinery,,544029,B,GANDHAR.BO
BSE,STOCK,GANDHITUBE,Gandhi Special Tubes,,513108,B,GANDHITUBE.BO
BSE,STOCK,GANECOS,Ganesha Ecosphere,,514167,B,GANECOS.BO
BSE,STOCK,GANESHBE,Ganesh Benzoplast,,500153,T,GANESHBE.BO
BSE,STOCK,GANESHCP,Ganesh Consumer Products,,544528,B,GANESHCP.BO
BSE,STOCK,GANESHHOU,Ganesh Housing,,526367,B,GANESHHOU.BO
BSE,STOCK,GANGAPA,Ganga Papers,,531813,XT,GANGAPA.BO
BSE,STOCK,GANGAPHARM,Ganga Pharmaceuticals,,539680,M,GANGAPHARM.BO
BSE,STOCK,GANGESSECU,Ganges Securities,,540647,B,GANGESSECU.BO
BSE,STOCK,GANHOLD,Ganesh Holdings,,504397,XT,GANHOLD.BO
BSE,STOCK,GANONPRO,Ganon Products,,512443,X,GANONPRO.BO
BSE,STOCK,GANVERSE,Ganesha Ecoverse,,539041,MT,GANVERSE.BO
BSE,STOCK,GARBIFIN,Garbi Finvest,,539492,X,GARBIFIN.BO
BSE,STOCK,GARFIBRES,Garware Technical Fibres,,509557,A,GARFIBRES.BO
BSE,STOCK,GARGFUR,Garg Furnace,,530615,X,GARGFUR.BO
BSE,STOCK,GARGI,PNGS Gargi Fashion Jewellery,,543709,M,GARGI.BO
BSE,STOCK,GARMNTMNTR,Garment Mantra Lifestyle,,539216,X,GARMNTMNTR.BO
BSE,STOCK,GARNET,Garnet Construction,,526727,X,GARNET.BO
BSE,STOCK,GARNETINT,Garnet International,,512493,X,GARNETINT.BO
BSE,STOCK,GARUDA,Garuda Construction & Engineering,,544271,B,GARUDA.BO
BSE,STOCK,GARWAMAR,Garware Marine Industries,,509563,X,GARWAMAR.BO
BSE,STOCK,GARWAOFFS,Garware Offshore Services,,501848,X,GARWAOFFS.BO
BSE,STOCK,GARWSYN,Garware Synthetics,,514400,X,GARWSYN.BO
BSE,STOCK,GATECH,GACM Technologies,,531723,T,GATECH.BO
BSE,STOCK,GATECHDVR,GACM Technologies DVR,,570005,T,GATECHDVR.BO
BSE,STOCK,GATEWAY,Gateway Distriparks,,543489,B,GATEWAY.BO
BSE,STOCK,GAUDIUMIVF,Gaudium IVF & Women Health,,544709,T,GAUDIUMIVF.BO
BSE,STOCK,GAYAHWS,Gayatri Highways,,541546,B,GAYAHWS.BO
BSE,STOCK,GAYAPROJ,Gayatri Projects,,532767,B,GAYAPROJ.BO
BSE,STOCK,GAYATRI,Gayatri Sugars,,532183,X,GAYATRI.BO
BSE,STOCK,GAYATRIBI,Gayatri Bioorganics,,524564,X,GAYATRIBI.BO
BSE,STOCK,GBFL,Goenka Business & Finance,,538787,X,GBFL.BO
BSE,STOCK,GBLINFRA,Global Infratech & Finance,,531463,XT,GBLINFRA.BO
BSE,STOCK,GBLOGISTIC,GB Logistics Commerce,,544348,M,GBLOGISTIC.BO
BSE,STOCK,GCMCAPI,GCM Capital Advisors,,538319,MT,GCMCAPI.BO
BSE,STOCK,GCMCOMM,GCM Commodity & Derivatives,,535917,M,GCMCOMM.BO
BSE,STOCK,GCMSECU,GCM Securities,,535431,B,GCMSECU.BO
BSE,STOCK,GCONNECT,Gconnect Logitech & Supply Chain,,544156,MT,GCONNECT.BO
BSE,STOCK,GCSL,Gretex Corporate Services,,543324,B,GCSL.BO
BSE,STOCK,GDIL,Global Defence Industries,,512091,XT,512091.BO
BSE,STOCK,GDLLEAS,GDL Leasing & Finance,,530855,XT,GDLLEAS.BO
BSE,STOCK,GEE,GEE,,504028,XT,GEE.BO
BSE,STOCK,GEECEE,GeeCee Ventures,,532764,T,GEECEE.BO
BSE,STOCK,GEL,Gautam Exim,,540613,M,GEL.BO
BSE,STOCK,GEMAROMA,Gem Aromatics,,544491,B,GEMAROMA.BO
BSE,STOCK,GEMENVIRO,GEM Enviro Management,,544199,M,GEMENVIRO.BO
BSE,STOCK,GEMSI,Gemstone Investments,,531137,X,GEMSI.BO
BSE,STOCK,GEMSPIN,Gem Spinners,,521133,P,GEMSPIN.BO
BSE,STOCK,GENCON,Generic Engineering Construction,,539407,B,GENCON.BO
BSE,STOCK,GENNEX,Gennex Laboratories,,531739,X,GENNEX.BO
BSE,STOCK,GENPHARMA,Genpharmasec,,531592,X,GENPHARMA.BO
BSE,STOCK,GENSOL,Gensol Engineering,,542851,Z,GENSOL.BO
BSE,STOCK,GENUSPAPER,Genus Paper & Boards,,538961,B,GENUSPAPER.BO
BSE,STOCK,GENUSPOWER,Genus Power Infrastructures,,530343,A,GENUSPOWER.BO
BSE,STOCK,GENUSPRIME,Genus Prime Infra,,532425,X,GENUSPRIME.BO
BSE,STOCK,GEOJITFSL,Geojit Financial Services,,532285,B,GEOJITFSL.BO
BSE,STOCK,GESHIP,Great Eastern Shipping Company,,500620,A,GESHIP.BO
BSE,STOCK,GETALONG,Getalong Enterprise,,543372,MT,GETALONG.BO
BSE,STOCK,GFLLIMITED,GFL,,500173,B,GFLLIMITED.BO
BSE,STOCK,GGAUTO,GG Automotive Gears,,531399,X,GGAUTO.BO
BSE,STOCK,GGDPROP,GG Dandekar Properties,,505250,X,GGDPROP.BO
BSE,STOCK,GGL,Gautam Gems,,540936,X,GGL.BO
BSE,STOCK,GGPL,Gala Global Products,,539228,Z,GGPL.BO
BSE,STOCK,GHCLTEXTIL,GHCL Textiles,,543918,B,GHCLTEXTIL.BO
BSE,STOCK,GHUSHINE,Ghushine Fintrrade Ocean,,539864,MT,GHUSHINE.BO
BSE,STOCK,GHVINFRA,GHV Infra Projects,,505504,XT,GHVINFRA.BO
BSE,STOCK,GIANLIFE,Gian Life Care,,542918,Z,GIANLIFE.BO
BSE,STOCK,GICHSGFIN,GIC Housing Finance,,511676,B,GICHSGFIN.BO
BSE,STOCK,GICRE,GIC of India,,540755,A,GICRE.BO
BSE,STOCK,GILADAFINS,Gilada Finance & Investments,,538788,X,GILADAFINS.BO
BSE,STOCK,GILLANDERS,Gillanders Arbuthnot,,532716,B,GILLANDERS.BO
BSE,STOCK,GILLETTE,Gillette,,507815,A,GILLETTE.BO
BSE,STOCK,GINISILK,Gini Silk Mills,,531744,X,GINISILK.BO
BSE,STOCK,GINNIFILA,Ginni Filaments,,590025,T,GINNIFILA.BO
BSE,STOCK,GIPCL,Gujarat Industries Power Company,,517300,B,GIPCL.BO
BSE,STOCK,GITARENEW,Gita Renewable Energy,,539013,X,GITARENEW.BO
BSE,STOCK,GKB,GKB Ophthalmics,,533212,B,GKB.BO
BSE,STOCK,GKCONS,GK Consultants,,531758,X,GKCONS.BO
BSE,STOCK,GKENERGY,GK Energy,,544525,B,GKENERGY.BO
BSE,STOCK,GKL,Guru Krupa Gems & Jewellery,,540545,X,GKL.BO
BSE,STOCK,GKP,GKP Printing & Packaging,,542666,B,GKP.BO
BSE,STOCK,GKSL,Gujarat Kidney and Super Speciality,,544666,B,GKSL.BO
BSE,STOCK,GLAAMUP,Glaam Up Jwel,,542477,MT,GLAAMUP.BO
BSE,STOCK,GLANCE,Glance Finance,,531199,X,GLANCE.BO
BSE,STOCK,GLAND,Gland Pharma,,543245,A,GLAND.BO
BSE,STOCK,GLAXO,GlaxoSmithKline Pharmaceuticals,,500660,A,500660.BO
BSE,STOCK,GLCL,Globe Commercials,,540266,X,GLCL.BO
BSE,STOCK,GLEN,Glen Industries,,544444,MT,GLEN.BO
BSE,STOCK,GLENMARK,Glenmark Pharmaceuticals,,532296,A,GLENMARK.BO
BSE,STOCK,GLFL,Gujarat Lease Financing,,500174,B,GLFL.BO
BSE,STOCK,GLHRL,Global Longlife Hospital & Research,,543520,M,GLHRL.BO
BSE,STOCK,GLITTEKG,Glittek Granites,,513528,XT,GLITTEKG.BO
BSE,STOCK,GLOBALCA,Global Capital Markets,,530263,X,GLOBALCA.BO
BSE,STOCK,GLOBALE,Globale Tessile,,544234,B,GLOBALE.BO
BSE,STOCK,GLOBALLOG,Global Ocean Logistics,,544665,M,GLOBALLOG.BO
BSE,STOCK,GLOBALVECT,Global Vectra Helicorp,,532773,B,532773.BO
BSE,STOCK,GLOBE,Globe Enterprises,,208134,NS,GLOBE.BO
BSE,STOCK,GLOBECIVIL,Globe Civil Projects,,544424,B,GLOBECIVIL.BO
BSE,STOCK,GLOBTIER,Globtier Infotech,,544494,MT,GLOBTIER.BO
BSE,STOCK,GLOBUSCON,Globus Constructors & Developers,,526025,X,GLOBUSCON.BO
BSE,STOCK,GLOBUSSPR,Globus Spirits,,533104,B,GLOBUSSPR.BO
BSE,STOCK,GLOSTERLTD,Gloster,,542351,B,GLOSTERLTD.BO
BSE,STOCK,GLOTTIS,Glottis,,544557,B,GLOTTIS.BO
BSE,STOCK,GLPL,Goldline Pharmaceutical,,544759,M,GLPL.BO
BSE,STOCK,GMBREW,GM Breweries,,507488,B,GMBREW.BO
BSE,STOCK,GMDCLTD,Gujarat Mineral Development Corporation,,532181,A,GMDCLTD.BO
BSE,STOCK,GMMPFAUDLR,GMM Pfaudler,,505255,A,GMMPFAUDLR.BO
BSE,STOCK,GMPL,G M Polyplast,,543239,M,GMPL.BO
BSE,STOCK,GMRAIRPORT,GMR Airports,,532754,A,GMRAIRPORT.BO
BSE,STOCK,GMRP&UI,GMR Power & Urban Infra,,543490,A,GMRP&UI.BO
BSE,STOCK,GNA,GNA Axles,,540124,B,GNA.BO
BSE,STOCK,GNRL,Gujarat Natural Resources,,513536,B,GNRL.BO
BSE,STOCK,GOACARBON,Goa Carbon,,509567,B,GOACARBON.BO
BSE,STOCK,GOBLIN,Goblin,,542850,M,GOBLIN.BO
BSE,STOCK,GOCLCORP,GOCL Corporation,,506480,B,GOCLCORP.BO
BSE,STOCK,GOCOLORS,Go Colors,,543401,B,GOCOLORS.BO
BSE,STOCK,GODAVARI,Godavari Drugs,,530317,X,GODAVARI.BO
BSE,STOCK,GODAVARIB,Godavari Biorefineries,,544279,B,GODAVARIB.BO
BSE,STOCK,GODIGIT,Go Digit General Insurance,,544179,A,GODIGIT.BO
BSE,STOCK,GODREJAGRO,Godrej Agrovet,,540743,A,GODREJAGRO.BO
BSE,STOCK,GODREJPROP,Godrej Properties,,533150,A,533150.BO
BSE,STOCK,GOEL,Goel Food Products,,543538,M,GOEL.BO
BSE,STOCK,GOELCONS,Goel Construction Company,,544504,MT,GOELCONS.BO
BSE,STOCK,GOGIACAPGL,Gogia Capital Growth,,531600,X,GOGIACAPGL.BO
BSE,STOCK,GOKAKTEX,Gokak Textiles,,532957,X,GOKAKTEX.BO
BSE,STOCK,GOKEX,Gokaldas Exports,,532630,A,532630.BO
BSE,STOCK,GOKUL,Gokul Refoils & Solvent,,532980,B,GOKUL.BO
BSE,STOCK,GOKULAGRO,Gokul Agro Resources,,539725,B,GOKULAGRO.BO
BSE,STOCK,GOLCA,Golden Carpets,,531928,X,GOLCA.BO
BSE,STOCK,GOLDCOINHF,Gold Coin Health Foods,,538542,X,GOLDCOINHF.BO
BSE,STOCK,GOLDENCREST,Golden Crest Education,,540062,X,GOLDENCREST.BO
BSE,STOCK,GOLDENTOBC,Golden Tobacco,,500151,Z,500151.BO
BSE,STOCK,GOLDIAM,Goldiam International,,526729,A,GOLDIAM.BO
BSE,STOCK,GOLDLEG,Golden Legand Leasing & Finance,,509024,X,GOLDLEG.BO
BSE,STOCK,GOLDTECH,Aion Tech Solutions,,531439,T,GOLDTECH.BO
BSE,STOCK,GOLECHA,Golechha Global Finance,,531360,XT,GOLECHA.BO
BSE,STOCK,GOLKUNDIA,Golkunda Diamonds & Jewellery,,523676,X,GOLKUNDIA.BO
BSE,STOCK,GOODLUCK,Goodluck India,,530655,B,GOODLUCK.BO
BSE,STOCK,GOODRICKE,Goodricke Group,,500166,X,GOODRICKE.BO
BSE,STOCK,GOODYEAR,Goodyear,,500168,B,GOODYEAR.BO
BSE,STOCK,GOPAL,Gopal Snacks,,544140,B,GOPAL.BO
BSE,STOCK,GORANIN,Gorani Industries,,531608,X,GORANIN.BO
BSE,STOCK,GOTHIPL,Gothi Plascon,,531111,P,GOTHIPL.BO
BSE,STOCK,GOURMET,Gourmet Gateway India,,506134,XT,GOURMET.BO
BSE,STOCK,GOWRALE,Gowra Leasing & Finance,,530709,XT,GOWRALE.BO
BSE,STOCK,GOYALALUM,Goyal Aluminiums,,541152,B,GOYALALUM.BO
BSE,STOCK,GOYALASS,Goyal Associates,,530663,X,GOYALASS.BO
BSE,STOCK,GPAPL,Gujarat Peanut And Agri Products,,544548,M,GPAPL.BO
BSE,STOCK,GPIL,Godawari Power & Ispat,,532734,A,GPIL.BO
BSE,STOCK,GPPL,Gujarat Pipavav Port,,533248,A,GPPL.BO
BSE,STOCK,GPSL,GPSL,,544108,M,GPSL.BO
BSE,STOCK,GPTHEALTH,GPT Healthcare,,544131,B,GPTHEALTH.BO
BSE,STOCK,GPTINFRA,GPT Infraprojects,,533761,B,GPTINFRA.BO
BSE,STOCK,GRAMEVA,Grameva,,539120,XT,GRAMEVA.BO
BSE,STOCK,GRANDMA,GRANDMA,,504369,XT,GRANDMA.BO
BSE,STOCK,GRANDOAK,Grand Oak Canyons Distillery,,523862,B,GRANDOAK.BO
BSE,STOCK,GRATEXI,Gratex Industries,,526751,X,GRATEXI.BO
BSE,STOCK,GRAUWEIL,Grauer & Weil,,505710,B,GRAUWEIL.BO
BSE,STOCK,GRAVISSHO,Graviss Hospitality,,509546,B,GRAVISSHO.BO
BSE,STOCK,GRAVITA,Gravita India,,533282,A,GRAVITA.BO
BSE,STOCK,GRAVITY,Gravity,,532015,X,GRAVITY.BO
BSE,STOCK,GREAVESCOT,Greaves Cotton,,501455,A,501455.BO
BSE,STOCK,GREENCREST,Greencrest Financial Services,,531737,X,GREENCREST.BO
BSE,STOCK,GREENLAM,Greenlam Industries,,538979,B,GREENLAM.BO
BSE,STOCK,GREENPANEL,Greenpanel Industries,,542857,B,GREENPANEL.BO
BSE,STOCK,GREENPLY,Greenply Industries,,526797,B,GREENPLY.BO
BSE,STOCK,GREENPOWER,Orient Green Power,,533263,B,GREENPOWER.BO
BSE,STOCK,GRERENEW,GRE Renew Enertech,,544682,M,GRERENEW.BO
BSE,STOCK,GRINDWELL,Grindwell Norton,,506076,A,506076.BO
BSE,STOCK,GRINFRA,GR Infraprojects,,543317,B,GRINFRA.BO
BSE,STOCK,GRMOVER,GRM Overseas,,531449,B,GRMOVER.BO
BSE,STOCK,GROARC,Groarc Industries,,532315,X,GROARC.BO
BSE,STOCK,GROVY,Grovy,,539522,XT,GROVY.BO
BSE,STOCK,GROWINGTON,Growington Ventures,,539222,B,GROWINGTON.BO
BSE,STOCK,GROWW,Groww,,544603,B,GROWW.BO
BSE,STOCK,GRPLTD,GRP,,509152,B,GRPLTD.BO
BSE,STOCK,GRSE,Garden Reach Shipbuilders,,542011,A,GRSE.BO
BSE,STOCK,GRWRHITECH,Garware Hi-Tech Films,,500655,A,GRWRHITECH.BO
BSE,STOCK,GSAILPP,GS Auto International - PP,,890238,X,GSAILPP.BO
BSE,STOCK,GSAUTO,GS Auto International,,513059,X,GSAUTO.BO
BSE,STOCK,GSBFIN,GSB Finance,,511543,XT,GSBFIN.BO
BSE,STOCK,GSLSEC,Gsl Securities,,530469,X,GSLSEC.BO
BSE,STOCK,GSLSU,Global Surfaces,,543829,B,GSLSU.BO
BSE,STOCK,GSLTD,Galaxy Supermarket,,506186,X,GSLTD.BO
BSE,STOCK,GSPCROP,GSP Crop Science,,544733,B,GSPCROP.BO
BSE,STOCK,GSS,GSS Infotech,,532951,B,GSS.BO
BSE,STOCK,GSTL,GlobalSpace Technologies,,540654,X,GSTL.BO
BSE,STOCK,GTIL,Gabion Technologies,,544675,MT,GTIL.BO
BSE,STOCK,GTLINFRA,GTL Infrastructure,,532775,B,GTLINFRA.BO
BSE,STOCK,GTNINDS,GTN Industries,,500170,X,GTNINDS.BO
BSE,STOCK,GTNTEX,GTN Textiles,,532744,X,GTNTEX.BO
BSE,STOCK,GTPL,GTPL Hathway,,540602,B,GTPL.BO
BSE,STOCK,GTTDATA,GTT Data Solutions,,530457,X,GTTDATA.BO
BSE,STOCK,GTV,GTV Engineering,,539479,X,GTV.BO
BSE,STOCK,GUFICBIO,Gufic BioSciences,,509079,B,GUFICBIO.BO
BSE,STOCK,GUJALKALI,Gujarat Alkalies & Chemicals,,530001,B,GUJALKALI.BO
BSE,STOCK,GUJAPOLLO,Gujarat Apollo Industries,,522217,B,GUJAPOLLO.BO
BSE,STOCK,GUJARATPOLY,Gujarat Poly Avx Electronics,,517288,XT,GUJARATPOLY.BO
BSE,STOCK,GUJCONT,Gujarat Containers,,513507,P,GUJCONT.BO
BSE,STOCK,GUJCOTEX,Gujarat Cotex,,514386,X,GUJCOTEX.BO
BSE,STOCK,GUJCRAFT,Gujarat Craft Industries,,526965,X,GUJCRAFT.BO
BSE,STOCK,GUJCRED,Gujarat Credit,,511441,X,GUJCRED.BO
BSE,STOCK,GUJENERGY,Gujarat Energy,,539336,A,GUJENERGY.BO
BSE,STOCK,GUJHOTE,Gujarat Hotels,,507960,X,GUJHOTE.BO
BSE,STOCK,GUJHYSPIN,Gujarat Hy Spin,,540938,MT,GUJHYSPIN.BO
BSE,STOCK,GUJINJEC,Gujarat Inject Kerala,,524238,XT,GUJINJEC.BO
BSE,STOCK,GUJINTRX,Gujarat Intrux,,517372,X,GUJINTRX.BO
BSE,STOCK,GUJINV,Gujarat Investa,,531341,X,GUJINV.BO
BSE,STOCK,GUJJUBHAI,Gujjubhai Industries,,532070,X,GUJJUBHAI.BO
BSE,STOCK,GUJPETR,Gujarat Petrosynthese,,506858,X,GUJPETR.BO
BSE,STOCK,GUJRAFFIA,Gujarat Raffia Industries,,523836,B,523836.BO
BSE,STOCK,GUJSTATFIN,Gujarat State Financial Corp,,532160,B,GUJSTATFIN.BO
BSE,STOCK,GUJTERC,Gujarat Terce Laboratories,,524314,X,GUJTERC.BO
BSE,STOCK,GUJTHEM,Gujarat Themis Biosyn,,506879,B,GUJTHEM.BO
BSE,STOCK,GUJTLRM,Gujarat Toolroom,,513337,B,GUJTLRM.BO
BSE,STOCK,GUJWIND,Gujarat Winding Systems,,541627,XT,GUJWIND.BO
BSE,STOCK,GULFOILLUB,Gulf Oil Lubricants,,538567,B,GULFOILLUB.BO
BSE,STOCK,GULFPETRO,GP Petroleums,,532543,T,GULFPETRO.BO
BSE,STOCK,GULPOLY,Gulshan Polyols,,532457,B,GULPOLY.BO
BSE,STOCK,GVBL,Genomic Valley Biotech,,539206,X,GVBL.BO
BSE,STOCK,GVFILM,GV Films,,523277,X,GVFILM.BO
BSE,STOCK,GVKPIL,GVK Power & Infrastructure,,532708,T,GVKPIL.BO
BSE,STOCK,GVL,Greenhitech Ventures,,544163,M,GVL.BO
BSE,STOCK,GVPIL,GE Power,,532309,B,GVPIL.BO
BSE,STOCK,GVT&D,GE Vernova T&D,,522275,A,GVT&D.BO
BSE,STOCK,GYANDEV,Gyan Developers & Builders,,530141,XT,GYANDEV.BO
BSE,STOCK,GYFTR,Gyftr,,507912,B,GYFTR.BO
BSE,STOCK,HAL,Hindustan Aeronautics,,541154,A,HAL.BO
BSE,STOCK,HALDER,Halder Venture,,539854,B,HALDER.BO
BSE,STOCK,HALDYNGL,Haldyn Glass,,515147,T,HALDYNGL.BO
BSE,STOCK,HALEOSLABS,Haleos,,540679,B,HALEOSLABS.BO
BSE,STOCK,HAMPS,Hamps Bio,,544312,M,HAMPS.BO
BSE,STOCK,HAMPTON,Hampton Sky Reality,,526407,B,HAMPTON.BO
BSE,STOCK,HANMAN,Hanman Fit,,538731,M,HANMAN.BO
BSE,STOCK,HANNAH,Hannah Joseph Hospital,,544687,MT,HANNAH.BO
BSE,STOCK,HANSUGAR,Shree Hanuman Sugar & Industries,,537709,XT,HANSUGAR.BO
BSE,STOCK,HAPPSTMNDS,Happiest Minds Technologies,,543227,A,HAPPSTMNDS.BO
BSE,STOCK,HAPPYFORGE,Happy Forgings,,544057,B,HAPPYFORGE.BO
BSE,STOCK,HARCR,Harig Crankshafts,,500178,XT,HARCR.BO
BSE,STOCK,HARDCAS,Hardcastle & Waud Mfg,,509597,X,HARDCAS.BO
BSE,STOCK,HARDWYN,Hardwyn India,,541276,B,HARDWYN.BO
BSE,STOCK,HARIAAPL,Haria Apparels,,538081,X,HARIAAPL.BO
BSE,STOCK,HARIAEXPO,Haria Exports,,512604,XT,HARIAEXPO.BO
BSE,STOCK,HARIKANTA,Harikanta Overseas,,544769,M,HARIKANTA.BO
BSE,STOCK,HARIOMPIPE,Hariom Pipe Industries,,543517,B,HARIOMPIPE.BO
BSE,STOCK,HARISH,Harish Textile Engineers,,542682,X,HARISH.BO
BSE,STOCK,HARLETH,Haryana Leather Chemicals,,524080,X,HARLETH.BO
BSE,STOCK,HARRMALAYA,Harrisons Malayalam,,500467,B,500467.BO
BSE,STOCK,HARSHA,Harsha Engineers,,543600,B,HARSHA.BO
BSE,STOCK,HARSHDEEP,Harshdeep Hortico,,544105,M,HARSHDEEP.BO
BSE,STOCK,HARSHILAGR,Harshil Agrotech,,505336,XT,HARSHILAGR.BO
BSE,STOCK,HARYNACAP,Haryana Capfin,,532855,X,HARYNACAP.BO
BSE,STOCK,HASTIFIN,Hasti Finance,,531387,XT,HASTIFIN.BO
BSE,STOCK,HATHWAY,Hathway Cable & Datacom,,533162,B,HATHWAY.BO
BSE,STOCK,HATHWAYB,Hathway Bhawani Cabletel & Datacom,,509073,X,HATHWAYB.BO
BSE,STOCK,HATSUN,Hatsun Agro Product,,531531,A,HATSUN.BO
BSE,STOCK,HAVISHA,Sri Havisha Hospital,,531322,B,HAVISHA.BO
BSE,STOCK,HAWAENG,Hawa Engineers,,539176,X,HAWAENG.BO
BSE,STOCK,HAWKINCOOK,Hawkins Cookers,,508486,B,HAWKINCOOK.BO
BSE,STOCK,HAZOOR,Hazoor Multi Projects,,532467,B,HAZOOR.BO
BSE,STOCK,HBEL,Humming Bird Education,,542592,M,HBEL.BO
BSE,STOCK,HBESD,HB Estate Developers,,532334,B,HBESD.BO
BSE,STOCK,HBGHOTELS,HBG Hotels,,537839,X,HBGHOTELS.BO
BSE,STOCK,HBLEAS,HB Leasing & Finance Co.,,508956,X,HBLEAS.BO
BSE,STOCK,HBLENGINE,HBL Engineering,,517271,A,HBLENGINE.BO
BSE,STOCK,HBPOR,HB Portfolio,,532333,B,HBPOR.BO
BSE,STOCK,HBSL,HB Stockholdings,,532216,B,HBSL.BO
BSE,STOCK,HCG,Healthcare Global Enterprises,,539787,A,HCG.BO
BSE,STOCK,HCKKVENTURE,HCKK Ventures,,539224,XT,HCKKVENTURE.BO
BSE,STOCK,HCL-INSYS,HCL Infosystems,,500179,B,500179.BO
BSE,STOCK,HCLTD,Hind Commerce,,538652,X,HCLTD.BO
BSE,STOCK,HCLTECH,HCL Technologies,,532281,A,HCLTECH.BO
BSE,STOCK,HDBFS,HDB Financial Services,,544429,A,HDBFS.BO
BSE,STOCK,HDFCAMC,HDFC AMC,,541729,A,HDFCAMC.BO
BSE,STOCK,HDFCLIFE,HDFC Life Insurance,,540777,A,HDFCLIFE.BO
BSE,STOCK,HDIL,Housing Development and Infra,,532873,Z,HDIL.BO
BSE,STOCK,HEADSUP,Heads UP Ventures,,540210,B,HEADSUP.BO
BSE,STOCK,HEALTHX,Health X Platform,,533259,B,HEALTHX.BO
BSE,STOCK,HEALTHYLIFE,Healthy Life Agritec,,543546,MT,HEALTHYLIFE.BO
BSE,STOCK,HEERAISP,Heera Ispat,,526967,X,HEERAISP.BO
BSE,STOCK,HEG,HEG,,509631,A,HEG.BO
BSE,STOCK,HEIDELBERG,Heidelberg Cement,,500292,B,500292.BO
BSE,STOCK,HELLOJI,Helloji Holidays,,544630,M,HELLOJI.BO
BSE,STOCK,HELPAGE,Helpage Finlease,,539174,X,HELPAGE.BO
BSE,STOCK,HEMANG,Hemang Resources,,531178,X,HEMANG.BO
BSE,STOCK,HEMIPROP,Hemisphere Properties,,543242,B,HEMIPROP.BO
BSE,STOCK,HERANBA,Heranba Industries,,543266,B,HERANBA.BO
BSE,STOCK,HERCULES,Hercules Investments,,505720,X,HERCULES.BO
BSE,STOCK,HEROMOTOCO,Hero Motocorp,,500182,A,500182.BO
BSE,STOCK,HESTERBIO,Hester Biosciences,,524669,B,HESTERBIO.BO
BSE,STOCK,HEXAGON,Hexagon Nutrition,,544785,T,HEXAGON.BO
BSE,STOCK,HEXATRADEX,Hexa Tradex,,534328,B,HEXATRADEX.BO
BSE,STOCK,HEXT,Hexaware Technologies,,544362,A,HEXT.BO
BSE,STOCK,HFIL,Himalaya Food International,,526899,X,HFIL.BO
BSE,STOCK,HGINFRA,HG Infra Engineering,,541019,B,HGINFRA.BO
BSE,STOCK,HGM,HandsOn Global Management (HGM),,532761,B,HGM.BO
BSE,STOCK,HGS,Hinduja Global Solutions,,532859,B,HGS.BO
BSE,STOCK,HIGHENE,High Energy Batteries,,504176,X,HIGHENE.BO
BSE,STOCK,HIGHNESS,Highness Microelectronics,,544741,MT,HIGHNESS.BO
BSE,STOCK,HIKLASS,Hi-Klass Trading and Investment,,542332,XT,HIKLASS.BO
BSE,STOCK,HILIKS,Hiliks Technologies,,539697,XT,HILIKS.BO
BSE,STOCK,HILINFRA,Highway Infrastructure,,544477,B,HILINFRA.BO
BSE,STOCK,HILLTONE,Hilltone Software and Gas,,544308,X,HILLTONE.BO
BSE,STOCK,HILTON,Hilton Metal Forging,,532847,B,HILTON.BO
BSE,STOCK,HIMTEK,Him Teknoforge,,505712,XT,HIMTEK.BO
BSE,STOCK,HINDADH,Hindustan Adhesives,,514428,B,HINDADH.BO
BSE,STOCK,HINDALUMI,Hind Aluminium Industries,,531979,B,HINDALUMI.BO
BSE,STOCK,HINDAPL,Hindustan Appliances,,531918,X,HINDAPL.BO
BSE,STOCK,HINDBIO,Hindustan Bio Sciences,,532041,XT,HINDBIO.BO
BSE,STOCK,HINDCOMPOS,Hindustan Composites,,509635,B,509635.BO
BSE,STOCK,HINDCOPPER,Hindustan Copper,,513599,A,HINDCOPPER.BO
BSE,STOCK,HINDHARD,Hindustan Hardy,,505893,X,HINDHARD.BO
BSE,STOCK,HINDMILL,Hindoostan Mills,,509895,X,HINDMILL.BO
BSE,STOCK,HINDMOTORS,Hindustan Motors,,500500,X,500500.BO
BSE,STOCK,HINDPETRO,Hindustan Petroleum,,500104,A,500104.BO
BSE,STOCK,HINDTIN,Hindustan Tin Works,,530315,X,HINDTIN.BO
BSE,STOCK,HINDUNILVR,Hindustan Unilever,,500696,A,500696.BO
BSE,STOCK,HINDUST,Hindustan Agrigenetics,,519574,X,HINDUST.BO
BSE,STOCK,HINDWAREAP,Hindware Home Innovation,,542905,B,HINDWAREAP.BO
BSE,STOCK,HIPOLIN,Hipolin,,530853,XT,HIPOLIN.BO
BSE,STOCK,HIRAUTO,Hira Automobiles,,531743,P,HIRAUTO.BO
BSE,STOCK,HIRECT,Hirect,,504036,B,504036.BO
BSE,STOCK,HISARMETAL,Hisar Metal Industries,,590018,B,HISARMETAL.BO
BSE,STOCK,HISARSP,Hisar Spinning Mills,,521068,P,HISARSP.BO
BSE,STOCK,HITECHCORP,Hitech Corporation,,526217,T,HITECHCORP.BO
BSE,STOCK,HITECHGEAR,Hi-Tech Gears,,522073,T,522073.BO
BSE,STOCK,HITKITGLO,Hit Kit Global Solutions,,532359,X,HITKITGLO.BO
BSE,STOCK,HITTCO,Hittco Tools,,531661,XT,HITTCO.BO
BSE,STOCK,HLEGLAS,HLE Glascoat,,522215,B,HLEGLAS.BO
BSE,STOCK,HLVLTD,HLV,,500193,B,HLVLTD.BO
BSE,STOCK,HMAAGRO,HMA Agro Industries,,543929,B,HMAAGRO.BO
BSE,STOCK,HMEML,H.M. Electro Mech,,544349,M,HMEML.BO
BSE,STOCK,HMVL,Hindustan Media Ventures,,533217,T,HMVL.BO
BSE,STOCK,HNDFDS,Hindustan Foods,,519126,B,HNDFDS.BO
BSE,STOCK,HOCL,Hindustan Organic Chemicals,,500449,T,HOCL.BO
BSE,STOCK,HOM,HOMRE,,523387,XT,HOM.BO
BSE,STOCK,HOMEFIRST,Home First Finance Company,,543259,A,HOMEFIRST.BO
BSE,STOCK,HONASA,Mamaearth,,544014,A,HONASA.BO
BSE,STOCK,HONAUT,Honeywell Automation,,517174,A,HONAUT.BO
BSE,STOCK,HONDAPOWER,Honda India Power Products,,522064,B,HONDAPOWER.BO
BSE,STOCK,HORIZON,Horizon Reclaim,,544794,M,HORIZON.BO
BSE,STOCK,HOTLSILV,HS India,,532145,X,HOTLSILV.BO
BSE,STOCK,HOWARHO,Howard Hotels,,526761,X,HOWARHO.BO
BSE,STOCK,HPAL,HP Adhesives,,543433,B,HPAL.BO
BSE,STOCK,HPBL,HCP Plastene Bulkpack,,526717,X,HPBL.BO
BSE,STOCK,HPCOTTON,HP Cotton Textile Mills,,502873,X,HPCOTTON.BO
BSE,STOCK,HPIL,Hindprakash Industries,,543645,B,HPIL.BO
BSE,STOCK,HPL,HPL Electric & Power,,540136,B,HPL.BO
BSE,STOCK,HRS,HRS Aluglaze,,544656,M,HRS.BO
BSE,STOCK,HRYNSHP,Hariyana Ship Breakers,,526931,B,HRYNSHP.BO
BSE,STOCK,HSCL,Himadri Speciality Chemical,,500184,A,HSCL.BO
BSE,STOCK,HSIL,Hemant Surgical Industries,,543916,M,HSIL.BO
BSE,STOCK,HUBTOWN,Hubtown,,532799,A,HUBTOWN.BO
BSE,STOCK,HUDCO,HUDCO,,540530,A,HUDCO.BO
BSE,STOCK,HUHTAMAKI,Huhtamaki PPL,,509820,B,HUHTAMAKI.BO
BSE,STOCK,HYBRIDFIN,Hybrid Financial Services,,500262,T,HYBRIDFIN.BO
BSE,STOCK,HYPERSOFT,Hypersoft Technologies,,539724,XT,HYPERSOFT.BO
BSE,STOCK,HYUNDAI,Hyundai Motor India,,544274,A,HYUNDAI.BO
BSE,STOCK,IBINFO,IB Infotech Enterprises,,519463,X,IBINFO.BO
BSE,STOCK,IBULLSLTD,Indiabulls,,533520,B,IBULLSLTD.BO
BSE,STOCK,ICDSLTD,ICDS,,511194,B,ICDSLTD.BO
BSE,STOCK,ICICIAMC,ICICI Prudential Asset Management,,544658,A,ICICIAMC.BO
BSE,STOCK,ICICIGI,ICICI Lombard General Insurance,,540716,A,ICICIGI.BO
BSE,STOCK,ICICIPRULI,ICICI Prudential Life Insurance,,540133,A,ICICIPRULI.BO
BSE,STOCK,ICIL,Indo Count Industries,,521016,A,521016.BO
BSE,STOCK,ICL,Indo Cotspin,,538838,X,ICL.BO
BSE,STOCK,ICODEX,Icodex Publishing Solutions,,544483,M,ICODEX.BO
BSE,STOCK,ICON,Icon Facilitators,,544426,M,ICON.BO
BSE,STOCK,ICONIKSPEV,Iconik Sports And Events,,511260,X,ICONIKSPEV.BO
BSE,STOCK,ICRA,ICRA,,532835,B,ICRA.BO
BSE,STOCK,ICSL,Integrated Capital Services,,539149,X,ICSL.BO
BSE,STOCK,IDEA,Vodafone Idea,,532822,A,IDEA.BO
BSE,STOCK,IDEAFORGE,Ideaforge Technology,,543932,B,IDEAFORGE.BO
BSE,STOCK,IDENTIXWEB,Identixweb,,544388,M,IDENTIXWEB.BO
BSE,STOCK,IDFCFIRSTB,IDFC First Bank,,539437,A,IDFCFIRSTB.BO
BSE,STOCK,IDREAM,IDream Film Infrastructure Company,,504375,P,IDREAM.BO
BSE,STOCK,IECEDU,IECEDU,,531840,X,IECEDU.BO
BSE,STOCK,IEX,Indian Energy Exchange,,540750,A,540750.BO
BSE,STOCK,IFBAGRO,IFB Agro Industries,,507438,B,IFBAGRO.BO
BSE,STOCK,IFGLEXPOR,IFGL Refractories,,540774,B,IFGLEXPOR.BO
BSE,STOCK,IFINSEC,India Finsec,,535667,X,IFINSEC.BO
BSE,STOCK,IFINSER,Interactive Financial,,539692,X,IFINSER.BO
BSE,STOCK,IFL,IFL Enterprises,,540377,B,IFL.BO
BSE,STOCK,IGARASHI,Igarashi Motors,,517380,B,IGARASHI.BO
BSE,STOCK,IGCIL,IGC Industries,,539449,X,IGCIL.BO
BSE,STOCK,IGCL,Indogulf Cropsciences,,544432,B,IGCL.BO
BSE,STOCK,IGIL,International Gemological Institute,,544311,A,IGIL.BO
BSE,STOCK,IGLFXPL-B,Indo Gulf Industries,,506945,P,IGLFXPL-B.BO
BSE,STOCK,IGPL,IG Petrochemicals,,500199,B,500199.BO
BSE,STOCK,IIFL,IIFL Finance,,532636,A,IIFL.BO
BSE,STOCK,IIFLCAPS,IIFL Capital Services,,542773,A,IIFLCAPS.BO
BSE,STOCK,IIRM,IIRM,,526530,XT,IIRM.BO
BSE,STOCK,IISL,Ishaan Infrastructure & Shelters,,540134,XT,IISL.BO
BSE,STOCK,IITLPROJ,IITL Projects,,531968,XT,IITLPROJ.BO
BSE,STOCK,IKIO,IKIO Technologies,,543923,B,IKIO.BO
BSE,STOCK,IKOMA,Ikoma Technologies,,531997,XT,IKOMA.BO
BSE,STOCK,IKS,Inventurus Knowledge Solutions,,544309,A,IKS.BO
BSE,STOCK,IL&FSENGG,IL&FS Engg & Const Company,,532907,Z,IL&FSENGG.BO
BSE,STOCK,IL&FSTRANS,IL&FS Transportation Networks,,533177,Z,IL&FSTRANS.BO
BSE,STOCK,IMAGICAA,Imagicaaworld Entertainment,,539056,B,IMAGICAA.BO
BSE,STOCK,IMEC,IMEC Services,,513295,X,IMEC.BO
BSE,STOCK,IMFA,Indian Metals & Ferro Alloys,,533047,A,IMFA.BO
BSE,STOCK,IMPAL,India Motor Parts & Accessories,,590065,B,IMPAL.BO
BSE,STOCK,IMPERA,Impera Worldwide,,514177,X,514177.BO
BSE,STOCK,IMPEXFERRO,Impex Ferro Tech,,532614,Z,532614.BO
BSE,STOCK,INA,Insolation Energy,,543620,B,INA.BO
BSE,STOCK,INANI,Inani Marbles & Industries,,531129,X,INANI.BO
BSE,STOCK,INCAP,Incap,,517370,X,INCAP.BO
BSE,STOCK,INCON,Incon Engineers,,531594,XT,INCON.BO
BSE,STOCK,INCREDIBLE,Incredible Industries,,538365,B,INCREDIBLE.BO
BSE,STOCK,INDAG,Indag Rubber,,509162,X,INDAG.BO
BSE,STOCK,INDAGIV,Ind-Agiv Commerce,,517077,XT,INDAGIV.BO
BSE,STOCK,INDBANK,Indbank Merchant Banking,,511473,B,INDBANK.BO
BSE,STOCK,INDBNK,Ind Bank Housing,,523465,B,INDBNK.BO
BSE,STOCK,INDCEMCAP,India Cements Capital,,511355,XT,INDCEMCAP.BO
BSE,STOCK,INDCTST,Inducto Steel,,532001,X,INDCTST.BO
BSE,STOCK,INDERGR,Indergiri Finance,,531505,XT,INDERGR.BO
BSE,STOCK,INDGELA,India Gelatine & Chemicals,,531253,X,INDGELA.BO
BSE,STOCK,INDGN,Indegene,,544172,A,INDGN.BO
BSE,STOCK,INDHOTEL,Indian Hotels Company,,500850,A,500850.BO
BSE,STOCK,INDIACEM,India Cements,,530005,A,INDIACEM.BO
BSE,STOCK,INDIAGLYCO,India Glycols,,500201,T,500201.BO
BSE,STOCK,INDIAHOME,India Home Loans,,530979,X,INDIAHOME.BO
BSE,STOCK,INDIAHOMES,India Homes,,513361,X,INDIAHOMES.BO
BSE,STOCK,INDIAMART,IndiaMART InterMesh,,542726,A,INDIAMART.BO
BSE,STOCK,INDIANACRY,Indian Acrylics,,514165,X,INDIANACRY.BO
BSE,STOCK,INDIANB,Indian Bank,,532814,A,INDIANB.BO
BSE,STOCK,INDIANCARD,Indian Card Clothing Company,,509692,B,INDIANCARD.BO
BSE,STOCK,INDIANHUME,Indian Hume Pipe,,504741,B,INDIANHUME.BO
BSE,STOCK,INDIANVSH,Indianivesh,,501700,X,INDIANVSH.BO
BSE,STOCK,INDIASHLTR,India Shelter Finance,,544044,A,INDIASHLTR.BO
BSE,STOCK,INDIGO,Interglobe Aviation,,539448,A,INDIGO.BO
BSE,STOCK,INDIGOPNTS,Indigo Paints,,543258,A,INDIGOPNTS.BO
BSE,STOCK,INDINFO,Indian Infotech & Software,,509051,X,INDINFO.BO
BSE,STOCK,INDIQUBE,Indiqube Spaces,,544454,B,INDIQUBE.BO
BSE,STOCK,INDLEASE,India Lease Development,,500202,X,INDLEASE.BO
BSE,STOCK,INDNIPPON,India Nippon Electricals,,532240,B,532240.BO
BSE,STOCK,INDOAMIN,Indo Amines,,524648,T,INDOAMIN.BO
BSE,STOCK,INDOBELL,Indobell Insulations,,544334,MT,INDOBELL.BO
BSE,STOCK,INDOBORAX,Indo Borax & Chemicals,,524342,B,INDOBORAX.BO
BSE,STOCK,INDOCITY,Indo-City Infotech,,532100,X,INDOCITY.BO
BSE,STOCK,INDOCRED,Indo Credit Capital,,526887,XT,INDOCRED.BO
BSE,STOCK,INDOEURO,Indo Euro Indchem,,524458,X,INDOEURO.BO
BSE,STOCK,INDOFARM,Indo Farm Equipment,,544328,B,INDOFARM.BO
BSE,STOCK,INDOKEM,Indokem,,504092,B,INDOKEM.BO
BSE,STOCK,INDONG,Indong Tea Company,,543769,MT,INDONG.BO
BSE,STOCK,INDORAMA,Indo Rama Synthetics,,500207,B,500207.BO
BSE,STOCK,INDOSMC,INDO SMC,,544681,M,INDOSMC.BO
BSE,STOCK,INDOSTAR,IndoStar Capital Finance,,541336,B,INDOSTAR.BO
BSE,STOCK,INDOTECH,Indo Tech Transformers,,532717,B,INDOTECH.BO
BSE,STOCK,INDOTHAI,Indo Thai Securities,,533676,B,533676.BO
BSE,STOCK,INDOUS,Indo Us Bio-Tech,,541304,B,INDOUS.BO
BSE,STOCK,INDOWIND,Indowind Energy,,532894,B,INDOWIND.BO
BSE,STOCK,INDPRUD,Industrial & Prudential Investment,,501298,B,INDPRUD.BO
BSE,STOCK,INDRAMEDCO,Indraprastha Medical Corporation,,532150,A,INDRAMEDCO.BO
BSE,STOCK,INDRANIB,Indrayani Biotech,,526445,X,INDRANIB.BO
BSE,STOCK,INDRENEW,IND Renewable Energy,,536709,Z,INDRENEW.BO
BSE,STOCK,INDSILHYD,Indsil Hydro Power & Manganese,,522165,X,INDSILHYD.BO
BSE,STOCK,INDSUCR,Indian Sucrose,,500319,X,INDSUCR.BO
BSE,STOCK,INDSWFTLAB,Ind Swift Laboratories,,532305,B,INDSWFTLAB.BO
BSE,STOCK,INDTERRAIN,Indian Terrain,,533329,B,INDTERRAIN.BO
BSE,STOCK,INDTONER,Indian Toners & Developers,,523586,X,INDTONER.BO
BSE,STOCK,INDUSFINL,Indus Finance,,531841,XT,INDUSFINL.BO
BSE,STOCK,INDUSINDBK,Indusind Bank,,532187,A,INDUSINDBK.BO
BSE,STOCK,INDUSTOWER,Indus Towers,,534816,A,INDUSTOWER.BO
BSE,STOCK,INDXTRA,IEL,,524614,X,INDXTRA.BO
BSE,STOCK,INFINITY,Infinity Infoway,,544567,M,INFINITY.BO
BSE,STOCK,INFLAME,Inflame Appliances,,541083,M,INFLAME.BO
BSE,STOCK,INFOBEAN,InfoBeans Technologies,,543644,B,INFOBEAN.BO
BSE,STOCK,INFOMEDIA,Infomedia Press,,509069,B,INFOMEDIA.BO
BSE,STOCK,INFONATIVE,Infonative Solutions,,544393,MT,INFONATIVE.BO
BSE,STOCK,INFORTEC,Informed Technologies,,504810,X,INFORTEC.BO
BSE,STOCK,INFRONICS,Infronics Systems,,537985,X,INFRONICS.BO
BSE,STOCK,INFY,Infosys,,500209,A,500209.BO
BSE,STOCK,INGERRAND,Ingersoll Rand,,500210,B,500210.BO
BSE,STOCK,INLANPR,Inland Printers,,530787,XT,INLANPR.BO
BSE,STOCK,INLCM,Indian Link Chain Manufactures,,504746,X,INLCM.BO
BSE,STOCK,INNOKAIZ,Innokaiz,,543905,MT,INNOKAIZ.BO
BSE,STOCK,INNOVACAP,Innova Captab,,544067,B,INNOVACAP.BO
BSE,STOCK,INNOVANA,Innovana Thinklabs,,544302,B,INNOVANA.BO
BSE,STOCK,INNOVATIVE,Innovative Ideals,,541983,M,INNOVATIVE.BO
BSE,STOCK,INNOVATORS,Innovators Facade Systems,,541353,M,INNOVATORS.BO
BSE,STOCK,INNOVISION,Innovision,,544732,B,INNOVISION.BO
BSE,STOCK,INNOVTEC,Innovative Tech Pack,,523840,X,INNOVTEC.BO
BSE,STOCK,INOXGREEN,Inox Green Energy Services,,543667,A,INOXGREEN.BO
BSE,STOCK,INOXINDIA,INOX India,,544046,A,INOXINDIA.BO
BSE,STOCK,INOXWIND,Inox Wind,,539083,A,INOXWIND.BO
BSE,STOCK,INSECTICID,Insecticides,,532851,B,INSECTICID.BO
BSE,STOCK,INSPIRISYS,Inspirisys Solutions,,532774,B,INSPIRISYS.BO
BSE,STOCK,INTCAPL,Integra Capital,,531314,X,INTCAPL.BO
BSE,STOCK,INTECCAP,Intec Capital,,526871,XT,INTECCAP.BO
BSE,STOCK,INTEGHIT,Integrated Hi-Tech,,532303,X,INTEGHIT.BO
BSE,STOCK,INTEGRAEN,Integra Engineering,,505358,XT,INTEGRAEN.BO
BSE,STOCK,INTELLECT,Intellect Design Arena,,538835,A,INTELLECT.BO
BSE,STOCK,INTENTECH,Intense Technologies,,532326,B,INTENTECH.BO
BSE,STOCK,INTERARCH,Interarch Building Solutions,,544232,B,INTERARCH.BO
BSE,STOCK,INTETHR,INTEGRATED THERMOPLASTICS,,530921,P,INTETHR.BO
BSE,STOCK,INTLCOMBQ,International Combustion,,505737,X,INTLCOMBQ.BO
BSE,STOCK,INTLCONV,International Conveyors,,509709,B,INTLCONV.BO
BSE,STOCK,INTRGLB,Inter Globe Finance,,511391,X,INTRGLB.BO
BSE,STOCK,INTSTOIL,Inter State Oil Carrier,,530259,X,INTSTOIL.BO
BSE,STOCK,INVENTURE,Inventure Growth & Securities,,533506,B,INVENTURE.BO
BSE,STOCK,INVIGO,Invigorated Business Consulting,,511716,X,INVIGO.BO
BSE,STOCK,INVPRECQ,Investment & Precision Casting,,504786,T,INVPRECQ.BO
BSE,STOCK,IOB,Indian Overseas Bank,,532388,A,IOB.BO
BSE,STOCK,IOC,Indian Oil Corporation,,530965,A,IOC.BO
BSE,STOCK,IOLCP,IOL Chemicals & Pharmaceuticals,,524164,B,IOLCP.BO
BSE,STOCK,IONEXCHANG,Ion Exchange,,500214,A,IONEXCHANG.BO
BSE,STOCK,IPCALAB,IPCA Laboratories,,524494,A,IPCALAB.BO
BSE,STOCK,IPL,India Pesticides,,543311,B,IPL.BO
BSE,STOCK,IPRINGLTD,IP Rings,,523638,B,IPRINGLTD.BO
BSE,STOCK,IRB,IRB Infrastructure Developers,,532947,A,IRB.BO
BSE,STOCK,IRCON,Ircon International,,541956,A,IRCON.BO
BSE,STOCK,IRCTC,IRCTC,,542830,A,IRCTC.BO
BSE,STOCK,IREDA,IREDA,,544026,A,IREDA.BO
BSE,STOCK,IRIS,IRIS RegTech Solutions,,540735,B,IRIS.BO
BSE,STOCK,IRMENERGY,IRM Energy,,544004,B,IRMENERGY.BO
BSE,STOCK,IRONWOOD,Ironwood Education,,508918,X,IRONWOOD.BO
BSE,STOCK,ISERA,iSERA Lifesciences,,534920,XT,ISERA.BO
BSE,STOCK,ISFL,ISF,,526859,X,ISFL.BO
BSE,STOCK,ISFT,Intrasoft Technologies,,533181,B,ISFT.BO
BSE,STOCK,ISGEC,Isgec Heavy Engineering,,533033,B,ISGEC.BO
BSE,STOCK,ISHANCH,Ishan Dyes & Chemicals,,531109,B,ISHANCH.BO
BSE,STOCK,ISHITADR,Ishita Drugs & Indus,,524400,X,ISHITADR.BO
BSE,STOCK,ISHWATR,Ishwarshakti Holdings,,506161,XT,ISHWATR.BO
BSE,STOCK,ISLCONSUL,ISL Consulting,,511609,X,ISLCONSUL.BO
BSE,STOCK,ISTLTD,IST,,508807,B,ISTLTD.BO
BSE,STOCK,ISTRNETWK,iStreet Network,,524622,X,ISTRNETWK.BO
BSE,STOCK,ITCHOTELS,ITC Hotels,,544325,A,ITCHOTELS.BO
BSE,STOCK,ITCONS,ITCONS E-Solutions,,543806,M,ITCONS.BO
BSE,STOCK,ITDC,India Tourism Development Corporation,,532189,B,ITDC.BO
BSE,STOCK,ITHL,International Travel House,,500213,X,ITHL.BO
BSE,STOCK,ITI,ITI,,523610,B,ITI.BO
BSE,STOCK,ITL,ITL Industries,,522183,B,ITL.BO
BSE,STOCK,IVALUE,Ivalue Infosolutions,,544523,B,IVALUE.BO
BSE,STOCK,IVC,IL&FS Investment Managers,,511208,B,511208.BO
BSE,STOCK,IVP,IVP,,507580,T,IVP.BO
BSE,STOCK,IWP,Indian Wood Products,,540954,B,IWP.BO
BSE,STOCK,IXIGO,Le Travenues Technology (IXIGO),,544192,A,IXIGO.BO
BSE,STOCK,IZMO,IZMO,,532341,B,IZMO.BO
BSE,STOCK,J&KBANK,Jammu & Kashmir Bank,,532209,A,532209.BO
BSE,STOCK,JACKSON,Jackson Investments,,538422,X,JACKSON.BO
BSE,STOCK,JAFINANCE,JA Finance,,543860,X,JAFINANCE.BO
BSE,STOCK,JAGAJITIND,Jagatjit Industries,,507155,X,JAGAJITIND.BO
BSE,STOCK,JAGANLAM,Jagan Lamps,,530711,X,JAGANLAM.BO
BSE,STOCK,JAGJANANI,Jagjanani Textiles,,532825,XT,JAGJANANI.BO
BSE,STOCK,JAGRAN,Jagran Prakashan,,532705,B,JAGRAN.BO
BSE,STOCK,JAGSNPHARM,Jagsonpal Pharmaceuticals,,507789,B,JAGSNPHARM.BO
BSE,STOCK,JAGSONSER,Jagsonpal Services,,530601,X,JAGSONSER.BO
BSE,STOCK,JAIBALAJI,Jai Balaji Industries,,532976,A,JAIBALAJI.BO
BSE,STOCK,JAICORPLTD,Jai Corp,,512237,B,JAICORPLTD.BO
BSE,STOCK,JAIHIND,Jaihind Industries,,514312,X,JAIHIND.BO
BSE,STOCK,JAIMATAG,Jai Mata Glass,,523467,XT,JAIMATAG.BO
BSE,STOCK,JAINCO,Jainco Projects,,526865,X,JAINCO.BO
BSE,STOCK,JAINEX,Jainex Aamcol,,505212,X,JAINEX.BO
BSE,STOCK,JAINMARMO,Jain Marmo Industries,,539119,X,JAINMARMO.BO
BSE,STOCK,JAINREC,Jain Resource Recycling,,544537,B,JAINREC.BO
BSE,STOCK,JAIPAN,Jaipan Industries,,505840,XT,JAIPAN.BO
BSE,STOCK,JAMESWARREN,James Warren Tea,,538564,X,JAMESWARREN.BO
BSE,STOCK,JAMNAAUTO,Jamna Auto Industries,,520051,A,JAMNAAUTO.BO
BSE,STOCK,JAMSHRI,Jamshri Realty,,502901,X,JAMSHRI.BO
BSE,STOCK,JARO,Jaro Inst of Tech Mgmt & Research,,544534,B,JARO.BO
BSE,STOCK,JASCH,Jasch Industries,,500220,XT,JASCH.BO
BSE,STOCK,JASH,Jash Engineering,,544402,B,JASH.BO
BSE,STOCK,JATTAINDUS,Jattashankar Industries,,514318,X,JATTAINDUS.BO
BSE,STOCK,JAUSPOL,Jauss Polymers,,526001,X,JAUSPOL.BO
BSE,STOCK,JAYAGROGN,Jayant Agro Organics,,524330,B,JAYAGROGN.BO
BSE,STOCK,JAYANT,Jayant Infratech,,543544,MT,JAYANT.BO
BSE,STOCK,JAYATMA,Jayatma Enterprises,,539005,X,JAYATMA.BO
BSE,STOCK,JAYBARMARU,Jay Bharat Maruti,,520066,B,520066.BO
BSE,STOCK,JAYBHCR,Jayabharat Credit,,501311,X,JAYBHCR.BO
BSE,STOCK,JAYCH,Jayshree Chemicals,,506520,X,JAYCH.BO
BSE,STOCK,JAYIND,Jayatma Industries,,531323,X,JAYIND.BO
BSE,STOCK,JAYKAILASH,Jay Kailash Namkeen,,544160,MT,JAYKAILASH.BO
BSE,STOCK,JAYKAY,Jaykay Enterprises,,500306,B,JAYKAY.BO
BSE,STOCK,JAYNECOIND,Jayaswal Neco Industries,,522285,A,JAYNECOIND.BO
BSE,STOCK,JAYSREETEA,Jay Shree Tea & Industries,,509715,B,JAYSREETEA.BO
BSE,STOCK,JAYSYNTH,Jaysynth Orgochem,,524592,X,JAYSYNTH.BO
BSE,STOCK,JAYUSH,Jay Ushin,,513252,X,JAYUSH.BO
BSE,STOCK,JDCABLES,JD Cables,,544524,M,JDCABLES.BO
BSE,STOCK,JENBURPH,Jenburkt Pharmaceuticals,,524731,B,JENBURPH.BO
BSE,STOCK,JETFREIGHT,Jet Freight Logistics,,543420,B,JETFREIGHT.BO
BSE,STOCK,JETKINGQ,Jetking Infotrain,,517063,X,JETKINGQ.BO
BSE,STOCK,JETSOLAR,Jet Solar,,538794,M,JETSOLAR.BO
BSE,STOCK,JFL,Jhandewalas Foods,,540850,M,JFL.BO
BSE,STOCK,JGCHEM,JG Chemicals,,544138,B,JGCHEM.BO
BSE,STOCK,JGTL,Jasch Gauging Technologies,,544112,X,JGTL.BO
BSE,STOCK,JHACC,Jhaveri Credits & Capital,,531550,X,JHACC.BO
BSE,STOCK,JIGAR,Jigar Cables,,540651,M,JIGAR.BO
BSE,STOCK,JINDALPHOT,Jindal Photo,,532624,B,532624.BO
BSE,STOCK,JINDALPOLY,Jindal Poly Films,,500227,B,500227.BO
BSE,STOCK,JINDALSAW,Jindal SAW,,500378,A,500378.BO
BSE,STOCK,JINDALSTEL,Jindal Steel,,532286,A,JINDALSTEL.BO
BSE,STOCK,JINDCAP,Jindal Capital,,530405,X,JINDCAP.BO
BSE,STOCK,JINDHOT,Jindal Hotels,,507981,X,JINDHOT.BO
BSE,STOCK,JINDRILL,Jindal Drilling & Industries,,511034,B,511034.BO
BSE,STOCK,JINDWORLD,Jindal Worldwide,,531543,B,JINDWORLD.BO
BSE,STOCK,JIOFIN,Jio Financial Services,,543940,A,JIOFIN.BO
BSE,STOCK,JISLDVREQS,Jain Irrigation Systems DVR,,570004,B,JISLDVREQS.BO
BSE,STOCK,JISLJALEQS,Jain Irrigation Systems,,500219,A,500219.BO
BSE,STOCK,JITFINFRA,JITF Infralogistics,,540311,B,JITFINFRA.BO
BSE,STOCK,JIVIAL,Jivial Industries,,544805,M,JIVIAL.BO
BSE,STOCK,JJFINCOR,JJ Finance Corporation,,523062,XT,JJFINCOR.BO
BSE,STOCK,JKAGRI,JK Agri Genetics,,536493,X,JKAGRI.BO
BSE,STOCK,JKCEMENT,JK Cement,,532644,A,JKCEMENT.BO
BSE,STOCK,JKIL,J Kumar Infraprojects,,532940,B,JKIL.BO
BSE,STOCK,JKIPL,Jinkushal Industries,,544547,B,JKIPL.BO
BSE,STOCK,JKPAPER,JK Paper,,532162,A,JKPAPER.BO
BSE,STOCK,JKTYRE,JK Tyre & Industries,,530007,A,530007.BO
BSE,STOCK,JLHL,Jupiter Life Line Hospital,,543980,A,JLHL.BO
BSE,STOCK,JLL,Jindal Leasefin,,539947,XT,JLL.BO
BSE,STOCK,JMDVL,JMD Ventures,,511092,XT,JMDVL.BO
BSE,STOCK,JMFINANCIL,JM Financial,,523405,A,523405.BO
BSE,STOCK,JMJFIN,JMJ Fintech,,538834,X,JMJFIN.BO
BSE,STOCK,JNKINDIA,JNK India,,544167,B,JNKINDIA.BO
BSE,STOCK,JOHNPHARMA,Johnson Pharmacare,,532154,X,JOHNPHARMA.BO
BSE,STOCK,JOINDRE,Joindre Capital Services,,531861,X,JOINDRE.BO
BSE,STOCK,JOINTECAED,Jointeca Education Solutions,,534659,MT,JOINTECAED.BO
BSE,STOCK,JOJO,JOJO,,531910,XT,JOJO.BO
BSE,STOCK,JOLYPLS,Jolly Plastic Industries,,507968,XT,JOLYPLS.BO
BSE,STOCK,JONJUA,Jonjua Overseas,,542446,M,JONJUA.BO
BSE,STOCK,JOSTS,Josts Engineering Company,,505750,X,JOSTS.BO
BSE,STOCK,JPOLYINVST,Jindal Poly Inv. & Fin.,,536773,B,JPOLYINVST.BO
BSE,STOCK,JPPOWER,Jaiprakash Power Ventures,,532627,A,JPPOWER.BO
BSE,STOCK,JPTRLES,Jupiter Industries & Leasing,,507987,P,JPTRLES.BO
BSE,STOCK,JSFB,Jana Small Finance Bank,,544118,A,JSFB.BO
BSE,STOCK,JSHL,JLA Infraville Shoppers,,538765,MT,JSHL.BO
BSE,STOCK,JSL,Jindal Stainless,,532508,A,JSL.BO
BSE,STOCK,JSLINDL,JSL Industries,,504080,X,JSLINDL.BO
BSE,STOCK,JSLL,Jeena Sikho Lifecare,,544476,A,JSLL.BO
BSE,STOCK,JSTL,Jeevan Scientific Technology,,538837,X,JSTL.BO
BSE,STOCK,JSWCEMENT,JSW Cement,,544480,A,JSWCEMENT.BO
BSE,STOCK,JSWDULUX,JSW Dulux,,500710,A,500710.BO
BSE,STOCK,JSWENERGY,JSW Energy,,533148,A,JSWENERGY.BO
BSE,STOCK,JSWHL,JSW Holdings,,532642,A,JSWHL.BO
BSE,STOCK,JSWINFRA,JSW Infrastructure,,543994,A,JSWINFRA.BO
BSE,STOCK,JSWSTEEL,JSW Steel,,500228,A,JSWSTEEL.BO
BSE,STOCK,JTEKTINDIA,Jtekt,,520057,B,JTEKTINDIA.BO
BSE,STOCK,JTLDEFENCE,JTL Defence,,537254,XT,JTLDEFENCE.BO
BSE,STOCK,JTLIND,JTL Industries,,534600,B,JTLIND.BO
BSE,STOCK,JUBLCPL,Jubilant Agri & Consumer Products,,544355,B,JUBLCPL.BO
BSE,STOCK,JUBLFOOD,Jubilant FoodWorks,,533155,A,JUBLFOOD.BO
BSE,STOCK,JUBLINGREA,Jubilant Ingrevia,,543271,A,JUBLINGREA.BO
BSE,STOCK,JUBLPHARMA,Jubilant Pharmova,,530019,A,JUBLPHARMA.BO
BSE,STOCK,JUJHARLOGI,Jujhar Logistics,,534796,XT,JUJHARLOGI.BO
BSE,STOCK,JULIEN,Julien Agro Infratech,,536073,X,JULIEN.BO
BSE,STOCK,JUMBO,Jumbo Bag,,516078,XT,JUMBO.BO
BSE,STOCK,JUNGLECAMP,Jungle Camps,,544304,M,JUNGLECAMP.BO
BSE,STOCK,JUNIPER,Juniper Hotels,,544129,B,JUNIPER.BO
BSE,STOCK,JUPITERIN,Jupiter Infomedia,,534623,X,JUPITERIN.BO
BSE,STOCK,JUSTDIAL,Just Dial,,535648,A,JUSTDIAL.BO
BSE,STOCK,JUSTO,Justo Realfintech,,544542,M,JUSTO.BO
BSE,STOCK,JWL,Jupiter Wagons,,533272,A,JWL.BO
BSE,STOCK,JYOTHYLAB,Jyothy Laboratories,,532926,A,JYOTHYLAB.BO
BSE,STOCK,JYOTI,Jyoti,,504076,X,JYOTI.BO
BSE,STOCK,JYOTICNC,Jyoti CNC Automation,,544081,A,JYOTICNC.BO
BSE,STOCK,JYOTIRES,Jyoti Resins & Adhesives,,514448,B,JYOTIRES.BO
BSE,STOCK,JYOTISTRUC,Jyoti Structures,,513250,B,513250.BO
BSE,STOCK,KAARYAFSL,Kaarya Facilities & Services,,540756,M,KAARYAFSL.BO
BSE,STOCK,KABRADG,Kabra Drugs,,524322,X,KABRADG.BO
BSE,STOCK,KABRAEXTRU,Kabra Extrusiontechnik,,524109,B,KABRAEXTRU.BO
BSE,STOCK,KABSON,Kabsons Industries,,524675,X,KABSON.BO
BSE,STOCK,KACHCHH,Kachchh Minerals,,531778,X,KACHCHH.BO
BSE,STOCK,KACL,Kaiser Corporation,,531780,X,KACL.BO
BSE,STOCK,KAHAN,Kahan Packaging,,543979,MT,KAHAN.BO
BSE,STOCK,KAIRA,Kaira Can,,504840,X,KAIRA.BO
BSE,STOCK,KAIZENAGRO,Kaizen Agro Infrabuild,,538833,XT,KAIZENAGRO.BO
BSE,STOCK,KAJARIACER,Kajaria Ceramics,,500233,A,500233.BO
BSE,STOCK,KAJARIR,KIC Metaliks,,513693,XT,KAJARIR.BO
BSE,STOCK,KAKA,Kaka Industries,,543939,M,KAKA.BO
BSE,STOCK,KAKATCEM,Kakatiya Cement Sugar & Industries,,500234,B,500234.BO
BSE,STOCK,KAKTEX,Kakatiya Textiles,,521054,X,KAKTEX.BO
BSE,STOCK,KALAMANDIR,Sai Silks (Kalamandir),,543989,B,KALAMANDIR.BO
BSE,STOCK,KALIND,Kalind,,526935,X,KALIND.BO
BSE,STOCK,KALLAM,Kallam Textiles,,530201,XT,KALLAM.BO
BSE,STOCK,KALPACOMME,Kalpa Commercial,,539014,X,KALPACOMME.BO
BSE,STOCK,KALPATARU,Kalpataru,,544423,B,KALPATARU.BO
BSE,STOCK,KALYANCAP,Kalyan Capitals,,538778,X,KALYANCAP.BO
BSE,STOCK,KALYANI,Kalyani Cast Tech,,544023,M,KALYANI.BO
BSE,STOCK,KALYANIFRG,Kalyani Forge,,513509,T,KALYANIFRG.BO
BSE,STOCK,KALYANKJIL,Kalyan Jewellers,,543278,A,KALYANKJIL.BO
BSE,STOCK,KAMADGIRI,Kamadgiri Fashion,,514322,X,KAMADGIRI.BO
BSE,STOCK,KAMAHOLD,Kama Holdings,,532468,B,KAMAHOLD.BO
BSE,STOCK,KAMANWALA,Kamanwala Housing Construction,,511131,B,KAMANWALA.BO
BSE,STOCK,KAMATHOTEL,Kamat Hotels,,526668,B,KAMATHOTEL.BO
BSE,STOCK,KAMATS,Vikram Kamats Hospitality,,539659,B,KAMATS.BO
BSE,STOCK,KAMDHENU,Kamdhenu,,532741,T,KAMDHENU.BO
BSE,STOCK,KAMOPAINTS,Kamdhenu Ventures,,543747,B,KAMOPAINTS.BO
BSE,STOCK,KANANIIND,Kanani Industries,,506184,B,KANANIIND.BO
BSE,STOCK,KANCHI,Kanchi Karpooram,,538896,B,KANCHI.BO
BSE,STOCK,KANCOTEA,KanCo Tea & Industries,,541005,B,KANCOTEA.BO
BSE,STOCK,KANELIND,Kanel Industries,,500236,XT,KANELIND.BO
BSE,STOCK,KANISHK,Kanishk Aluminium,,544693,M,KANISHK.BO
BSE,STOCK,KANORICHEM,Kanoria Chemicals & Industries,,506525,T,KANORICHEM.BO
BSE,STOCK,KANPRPLA,Kanpur Plastipack,,507779,B,KANPRPLA.BO
BSE,STOCK,KANSAINER,Kansai Nerolac Paints,,500165,A,500165.BO
BSE,STOCK,KANSHST,Kanishk Steel Industries,,513456,X,KANSHST.BO
BSE,STOCK,KANUNGO,Kanungo Financiers,,540515,XT,KANUNGO.BO
BSE,STOCK,KAPILRAJ,Kapil Raj Finance,,539679,X,KAPILRAJ.BO
BSE,STOCK,KARANWO,Karan Woo-Sin,,526115,X,KARANWO.BO
BSE,STOCK,KARBON,Karbonsteel Engineering,,544511,M,KARBON.BO
BSE,STOCK,KARMAENG,Karma Energy,,533451,B,KARMAENG.BO
BSE,STOCK,KARNAVATI,Karnavati Finance,,538928,X,KARNAVATI.BO
BSE,STOCK,KARNAWATI,Karnawati Innovation,,531671,X,KARNAWATI.BO
BSE,STOCK,KARTKIN,Kartik Investments Trust,,501151,XT,KARTKIN.BO
BSE,STOCK,KARURVYSYA,Karur Vysya Bank,,590003,B,590003.BO
BSE,STOCK,KASTURI,Kasturi Metal Composite,,544688,M,KASTURI.BO
BSE,STOCK,KATIPATANG,Kati Patang Lifestyle,,531126,X,KATIPATANG.BO
BSE,STOCK,KATRSPG,Katare Spinning Mills,,502933,X,KATRSPG.BO
BSE,STOCK,KAUSHALYA,Kaushalya Infrastructure,,532925,T,KAUSHALYA.BO
BSE,STOCK,KAVDEFENCE,Kavveri Defence & Wireless Technologies,,590041,B,KAVDEFENCE.BO
BSE,STOCK,KAYA,Kaya,,539276,T,KAYA.BO
BSE,STOCK,KAYCEEI,Kaycee Industries,,504084,X,KAYCEEI.BO
BSE,STOCK,KAYNES,Kaynes Technology India,,543664,A,KAYNES.BO
BSE,STOCK,KAYPOWR,Kay Power & Paper,,530255,X,KAYPOWR.BO
BSE,STOCK,KBSINDIA,KBS India,,530357,X,KBSINDIA.BO
BSE,STOCK,KCDGROUP,KCD Industries India,,540696,X,KCDGROUP.BO
BSE,STOCK,KCLINFRA,KCL Infra Projects,,531784,X,KCLINFRA.BO
BSE,STOCK,KCP,KCP,,590066,B,KCP.BO
BSE,STOCK,KCPSUGIND,KCP Sugar & Industries,,533192,T,KCPSUGIND.BO
BSE,STOCK,KCSL,Karnimata Cold Storage,,537784,M,KCSL.BO
BSE,STOCK,KDDL,KDDL,,532054,B,KDDL.BO
BSE,STOCK,KDGREEN,KD Green Industries,,512595,B,512595.BO
BSE,STOCK,KDML,Khemani Distributors,,539788,MT,KDML.BO
BSE,STOCK,KEC,KEC International,,532714,A,KEC.BO
BSE,STOCK,KECL,Kirloskar Electric Co,,533193,B,KECL.BO
BSE,STOCK,KEEPLEARN,DSJ Keep Learning,,526677,B,KEEPLEARN.BO
BSE,STOCK,KEERTHI,Keerthi Industries,,518011,X,KEERTHI.BO
BSE,STOCK,KEI,KEI Industries,,517569,A,517569.BO
BSE,STOCK,KEIL,Kanoria Energy & Infrastructure,,539620,X,KEIL.BO
BSE,STOCK,KEL,Kotia Enterprises,,539599,X,KEL.BO
BSE,STOCK,KELENRG,Keltech Energies,,506528,XT,KELENRG.BO
BSE,STOCK,KELLTONTEC,Kellton Tech Solutions,,519602,B,KELLTONTEC.BO
BSE,STOCK,KEMISTAR,Kemistar Corporation,,531163,X,KEMISTAR.BO
BSE,STOCK,KEMP,Kemp & Company,,506530,X,KEMP.BO
BSE,STOCK,KENFIN,Ken Financial Services,,530547,XT,KENFIN.BO
BSE,STOCK,KENNAMET,Kennametal,,505890,B,KENNAMET.BO
BSE,STOCK,KENRIK,Kenrik Industries,,544398,M,KENRIK.BO
BSE,STOCK,KENVI,Kenvi Jewels,,540953,B,KENVI.BO
BSE,STOCK,KERALAYUR,Kerala Ayurveda,,530163,X,KERALAYUR.BO
BSE,STOCK,KESAR,Kesar,,543542,M,KESAR.BO
BSE,STOCK,KESARENT,Kesar Enterprises,,507180,XT,KESARENT.BO
BSE,STOCK,KESARPE,Kesar Petro Products,,524174,X,KESARPE.BO
BSE,STOCK,KETOMOTORS,Keto Motors Limited,,537392,XT,KETOMOTORS.BO
BSE,STOCK,KEYCORP,Key Corp,,507948,X,KEYCORP.BO
BSE,STOCK,KEYFINSERV,Keynote Financial Services,,512597,B,KEYFINSERV.BO
BSE,STOCK,KFBL,Kothari Fermentation & Biochem,,507474,X,KFBL.BO
BSE,STOCK,KFINTECH,KFin Technologies,,543720,A,KFINTECH.BO
BSE,STOCK,KGDENIM,KG Denim,,500239,X,KGDENIM.BO
BSE,STOCK,KGES,Kuberan Global,,543289,TS,KGES.BO
BSE,STOCK,KGPETRO,KG Petrochem,,531609,X,KGPETRO.BO
BSE,STOCK,KGVL,Khyati Global Ventures,,544270,M,KGVL.BO
BSE,STOCK,KHADIM,Khadim,,540775,T,KHADIM.BO
BSE,STOCK,KHAICHEM,Khaitan Chemicals & Fertilizers,,507794,B,KHAICHEM.BO
BSE,STOCK,KHAITANLTD,Khaitan,,590068,B,KHAITANLTD.BO
BSE,STOCK,KHANDSE,Khandwala Securities,,531892,B,531892.BO
BSE,STOCK,KHAZANCHI,Khazanchi Jewellers,,543953,M,KHAZANCHI.BO
BSE,STOCK,KHOOBSURAT,Khoobsurat,,535730,X,KHOOBSURAT.BO
BSE,STOCK,KHYATI,Khyati Multimedia Entertainment,,531692,XT,KHYATI.BO
BSE,STOCK,KIAASA,Kiaasa Retail,,544711,M,KIAASA.BO
BSE,STOCK,KICL,Kalyani Investment Company,,533302,B,KICL.BO
BSE,STOCK,KIDUJA,Kiduja India,,507946,X,KIDUJA.BO
BSE,STOCK,KIFS,KIFS Financial Services,,535566,X,KIFS.BO
BSE,STOCK,KILITCH,Kilitch Drugs,,524500,T,KILITCH.BO
BSE,STOCK,KIMIABL,Kimia Biosciences,,530313,X,KIMIABL.BO
BSE,STOCK,KIMS,Krishna Institute of Medical Sciences,,543308,A,KIMS.BO
BSE,STOCK,KINETICENG,Kinetic Engineering,,500240,XT,KINETICENG.BO
BSE,STOCK,KINETRU,Kinetic Trust,,531274,XT,KINETRU.BO
BSE,STOCK,KINGFA,Kingfa Science & Technology,,524019,B,KINGFA.BO
BSE,STOCK,KINGSINFR,Kings Infra Ventures,,530215,X,KINGSINFR.BO
BSE,STOCK,KIOCL,KIOCL,,540680,B,KIOCL.BO
BSE,STOCK,KIRANSY-B,Kiran Syntex,,530443,X,KIRANSY-B.BO
BSE,STOCK,KIRANVYPAR,Kiran Vyapar,,537750,B,KIRANVYPAR.BO
BSE,STOCK,KIRIINDUS,Kiri Industries,,532967,A,KIRIINDUS.BO
BSE,STOCK,KIRLFER,Kirloskar Ferrous Industries,,500245,B,KIRLFER.BO
BSE,STOCK,KIRLOSBROS,Kirloskar Brothers,,500241,A,500241.BO
BSE,STOCK,KIRLOSENG,Kirloskar Oil Engines,,533293,A,KIRLOSENG.BO
BSE,STOCK,KIRLOSIND,Kirloskar Industries,,500243,B,500243.BO
BSE,STOCK,KIRLPNU,Kirloskar Pneumatic Company,,505283,A,KIRLPNU.BO
BSE,STOCK,KISAAN,Kisaan Parivar Industries,,519230,X,KISAAN.BO
BSE,STOCK,KISAN,Kisan Mouldings,,530145,XT,KISAN.BO
BSE,STOCK,KISSHT,OnEMI Technology Solutions,,544754,B,KISSHT.BO
BSE,STOCK,KITEX,Kitex Garments,,521248,A,KITEX.BO
BSE,STOCK,KIZI,Kizi Apparels,,544221,MT,KIZI.BO
BSE,STOCK,KJMCCORP,KJMC Corporate Advisors,,532304,X,KJMCCORP.BO
BSE,STOCK,KJMCFIN,KJMC Financial Services,,530235,B,KJMCFIN.BO
BSE,STOCK,KKALPANAIND,Kkalpana Industries,,526409,X,KKALPANAIND.BO
BSE,STOCK,KKCL,Kewal Kiran Clothing,,532732,B,KKCL.BO
BSE,STOCK,KKSHL,KK Shah Hospitals,,544013,M,KKSHL.BO
BSE,STOCK,KKSILK,K K Silk Mills,,544624,MT,KKSILK.BO
BSE,STOCK,KLBRENG-B,Kilburn Engineering,,522101,B,KLBRENG-B.BO
BSE,STOCK,KLRFM,Kovilpatti Lakshmi Roller,,507598,X,KLRFM.BO
BSE,STOCK,KMCSHIL,KMC Speciality Hospitals,,524520,B,KMCSHIL.BO
BSE,STOCK,KMEW,Knowledge Marine & Engineering Works,,543273,B,KMEW.BO
BSE,STOCK,KMFBLDR,KMF Builders & Developers,,531578,X,KMFBLDR.BO
BSE,STOCK,KMGMILK,KMG Milk Food,,519415,P,KMGMILK.BO
BSE,STOCK,KMSMEDI,KMS Medisurgi,,540468,MT,KMSMEDI.BO
BSE,STOCK,KMSUGAR,KM Sugar Mills,,532673,B,KMSUGAR.BO
BSE,STOCK,KNACK,Knack Packaging,,544814,B,KNACK.BO
BSE,STOCK,KNRCON,KNR Constructions,,532942,A,KNRCON.BO
BSE,STOCK,KOBO,Kobo Biotech,,531541,Z,KOBO.BO
BSE,STOCK,KOHINOOR,Kohinoor Foods,,512559,B,KOHINOOR.BO
BSE,STOCK,KOKUYOCMLN,Kokuyo Camlin,,523207,B,KOKUYOCMLN.BO
BSE,STOCK,KOLTEPATIL,Kolte Patil Developers,,532924,B,KOLTEPATIL.BO
BSE,STOCK,KONNDOR,Konndor Industries,,532397,XT,KONNDOR.BO
BSE,STOCK,KOPRAN,Kopran,,524280,B,KOPRAN.BO
BSE,STOCK,KORE,Jay Jalaram Technologies,,209084,NS,KORE.BO
BSE,STOCK,KOTHARIPRO,Kothari Products,,530299,B,KOTHARIPRO.BO
BSE,STOCK,KOTIC,Kothari Industrial Corporation,,509732,B,KOTIC.BO
BSE,STOCK,KOTYARK,Kotyark Industries,,544726,T,KOTYARK.BO
BSE,STOCK,KOURA,Koura Fine Diamond Jewelry,,544139,MT,KOURA.BO
BSE,STOCK,KOVAI,Kovai Medical Center Hospital,,523323,B,KOVAI.BO
BSE,STOCK,KPEL,KP Energy,,539686,B,KPEL.BO
BSE,STOCK,KPGEL,KP Green Engineering,,544150,M,KPGEL.BO
BSE,STOCK,KPIGREEN,KPI Green Energy,,542323,A,KPIGREEN.BO
BSE,STOCK,KPIL,Kalpataru Projects International,,522287,A,KPIL.BO
BSE,STOCK,KPITTECH,KPIT Technologies,,542651,A,KPITTECH.BO
BSE,STOCK,KPL,Kwality Pharmaceuticals,,539997,B,KPL.BO
BSE,STOCK,KPRMILL,KPR Mill,,532889,A,KPRMILL.BO
BSE,STOCK,KPT,KPT Industries,,505299,X,KPT.BO
BSE,STOCK,KRANTI,Kranti Industries,,542459,B,KRANTI.BO
BSE,STOCK,KRATIKAL,Kratikal Tech,,544811,M,KRATIKAL.BO
BSE,STOCK,KRBL,KRBL,,530813,A,KRBL.BO
BSE,STOCK,KREBSBIO,Krebs Biochemicals & Industries,,524518,B,KREBSBIO.BO
BSE,STOCK,KREONFIN,Kreon Finnancial Services,,530139,XT,KREONFIN.BO
BSE,STOCK,KRETTOSYS,Kretto Syscon,,531328,X,KRETTOSYS.BO
BSE,STOCK,KRIDHANINF,Kridhan Infra,,533482,T,KRIDHANINF.BO
BSE,STOCK,KRIFILIND,Krishna Filament Industries,,500248,X,KRIFILIND.BO
BSE,STOCK,KRISHIVAL,Krishival Foods,,544416,B,KRISHIVAL.BO
BSE,STOCK,KRISHNA,Krishna Ventures,,504392,XT,KRISHNA.BO
BSE,STOCK,KRISHNACAP,Krishna Capital & Securities,,539384,XT,KRISHNACAP.BO
BSE,STOCK,KRITI,Kriti Industries India,,526423,B,KRITI.BO
BSE,STOCK,KRITINUT,Kriti Nutrients,,533210,B,KRITINUT.BO
BSE,STOCK,KRN,KRN Heat Exchanger and Refrigeration,,544263,A,KRN.BO
BSE,STOCK,KRONOX,Kronox Lab Sciences,,544187,T,KRONOX.BO
BSE,STOCK,KROSS,Kross,,544253,B,KROSS.BO
BSE,STOCK,KRRAIL,K&R Rail Engineering,,514360,X,KRRAIL.BO
BSE,STOCK,KRSNAA,Krsnaa Diagnostics,,543328,B,KRSNAA.BO
BSE,STOCK,KRUPALU,Krupalu Metals,,544509,M,KRUPALU.BO
BSE,STOCK,KRYPTONQ,Krypton Industries,,523550,X,KRYPTONQ.BO
BSE,STOCK,KRYSTAL,Krystal Integrated Services,,544149,B,KRYSTAL.BO
BSE,STOCK,KSB,KSB,,500249,A,KSB.BO
BSE,STOCK,KSCL,Kaveri Seed Company,,532899,B,KSCL.BO
BSE,STOCK,KSE,KSE,,519421,B,KSE.BO
BSE,STOCK,KSHINTL,KSH International,,544664,B,KSHINTL.BO
BSE,STOCK,KSL,Kalyani Steels,,500235,B,500235.BO
BSE,STOCK,KSOLVES,Ksolves,,543599,B,KSOLVES.BO
BSE,STOCK,KSR,KSR Footwear,,544615,B,KSR.BO
BSE,STOCK,KSSMART,KS Smart Technologies,,516038,X,KSSMART.BO
BSE,STOCK,KTIL,Kesar Terminals & Infrastructure,,533289,X,KTIL.BO
BSE,STOCK,KTKBANK,Karnataka Bank,,532652,A,KTKBANK.BO
BSE,STOCK,KUANTUM,Kuantum Papers,,532937,B,KUANTUM.BO
BSE,STOCK,KUBERJI,Kuber Udyog,,539408,XT,KUBERJI.BO
BSE,STOCK,KUMPFIN,Kumbhat Financial Services,,526869,X,KUMPFIN.BO
BSE,STOCK,KUNSTOFF,Kunststoffe Industries,,523594,X,KUNSTOFF.BO
BSE,STOCK,KUSHIND,Kush Industries,,514240,X,KUSHIND.BO
BSE,STOCK,KUSUMGAR,Kusumgar,,544821,B,KUSUMGAR.BO
BSE,STOCK,KUWERIN,Kuwer Industries,,530421,X,KUWERIN.BO
BSE,STOCK,KVFORGE,Krishnaveer Forge,,513369,XT,KVFORGE.BO
BSE,STOCK,KVSCASTING,KVS Castings,,544554,MT,KVSCASTING.BO
BSE,STOCK,KVTOYS,K V Toys,,544641,M,KVTOYS.BO
BSE,STOCK,KWIL,Kwality Walls,,544622,B,KWIL.BO
BSE,STOCK,KZLFIN,KZ Leasing & Finance,,511728,X,KZLFIN.BO
BSE,STOCK,LABELKRAFT,Labelkraft Technologies,,543830,M,LABELKRAFT.BO
BSE,STOCK,LACTOSE,Lactose,,524202,X,LACTOSE.BO
BSE,STOCK,LADDERUP,Ladderup Finance,,530577,B,LADDERUP.BO
BSE,STOCK,LADDU,Laddu Gopal Online Services,,537707,X,LADDU.BO
BSE,STOCK,LAFFANSQ,Laffans Petrochemicals,,524522,X,LAFFANSQ.BO
BSE,STOCK,LAHL,Ladam Affordable Housing,,540026,X,LAHL.BO
BSE,STOCK,LAHOTIOV,Lahoti Overseas,,531842,B,LAHOTIOV.BO
BSE,STOCK,LAKESHORE,Mahaan Foods,,519612,X,LAKESHORE.BO
BSE,STOCK,LAKHOTIA,Lakhotia Polyesters,,535387,X,LAKHOTIA.BO
BSE,STOCK,LAKPRE,Lakshmi Precision Screws,,506079,Z,LAKPRE.BO
BSE,STOCK,LAKSELEC,Lakshmi Electrical Control Systems,,504258,X,LAKSELEC.BO
BSE,STOCK,LAKSHMIEW,Lakshmi Engineering & Warehousing,,505302,X,LAKSHMIEW.BO
BSE,STOCK,LAKSHMIMIL,Lakshmi Mills,,502958,B,LAKSHMIMIL.BO
BSE,STOCK,LAL,Lorenzini Apparels,,540952,B,LAL.BO
BSE,STOCK,LALPATHLAB,Dr. Lal Path Labs,,539524,A,LALPATHLAB.BO
BSE,STOCK,LAMBODHARA,Lambodhara Textiles,,590075,B,LAMBODHARA.BO
BSE,STOCK,LANCER,Lancer Container Lines,,539841,B,LANCER.BO
BSE,STOCK,LANCORHOL,Lancor Holdings,,509048,B,LANCORHOL.BO
BSE,STOCK,LANDMARC,Landmarc Leisure Corporation,,532275,X,LANDMARC.BO
BSE,STOCK,LANDMARK,Landmark Cars,,543714,B,LANDMARK.BO
BSE,STOCK,LANDSMILL,Landsmill Green,,533090,B,LANDSMILL.BO
BSE,STOCK,LAOPALA,La Opala RG,,526947,B,LAOPALA.BO
BSE,STOCK,LASA,Lasa Supergenerics,,540702,B,LASA.BO
BSE,STOCK,LASERPOWER,Laser Power & Infra,,544822,B,LASERPOWER.BO
BSE,STOCK,LASTMILE,Last Mile Enterprises,,526961,X,LASTMILE.BO
BSE,STOCK,LATENTVIEW,Latent View Analytics,,543398,A,LATENTVIEW.BO
BSE,STOCK,LATIMMETAL,La Tim Metal & Industries,,505693,X,LATIMMETAL.BO
BSE,STOCK,LAURUSLABS,Laurus Labs,,540222,A,LAURUSLABS.BO
BSE,STOCK,LAXMIDENTL,Laxmi Dental,,544339,B,LAXMIDENTL.BO
BSE,STOCK,LAXMIINDIA,Laxmi India Finance,,544465,B,LAXMIINDIA.BO
BSE,STOCK,LAXMIPATI,Laxmipati Engineering,,537669,MT,LAXMIPATI.BO
BSE,STOCK,LCCINFOTEC,LCC Infotech,,532019,B,532019.BO
BSE,STOCK,LEADFIN,Lead Financial Services,,531288,X,LEADFIN.BO
BSE,STOCK,LEENEE,Lee & Nee Softwares Exports,,517415,T,LEENEE.BO
BSE,STOCK,LEHAR,Lehar Footwears,,532829,X,LEHAR.BO
BSE,STOCK,LELAVOIR,Le Lavoir,,539814,X,LELAVOIR.BO
BSE,STOCK,LEMONTREE,Lemon Tree Hotels,,541233,A,LEMONTREE.BO
BSE,STOCK,LENSKART,Lenskart Solutions,,544600,B,LENSKART.BO
BSE,STOCK,LERTHAI,Lerthai Finance,,502250,XT,LERTHAI.BO
BSE,STOCK,LESHAIND,Lesha Industries,,533602,X,LESHAIND.BO
BSE,STOCK,LESL,Leapfrog Engineering Services,,544797,M,LESL.BO
BSE,STOCK,LEX,Lex Nimble Solutions,,541196,MT,LEX.BO
BSE,STOCK,LEXGLOBAL,Lexora Global,,512345,XT,LEXGLOBAL.BO
BSE,STOCK,LEXORAA,Lexoraa Industries,,531944,X,LEXORAA.BO
BSE,STOCK,LGBBROSLTD,LG Balakrishnan & Bros,,500250,A,500250.BO
BSE,STOCK,LGBFORGE,LGB Forge,,533007,XT,LGBFORGE.BO
BSE,STOCK,LGEINDIA,LG Electronics,,544576,B,LGEINDIA.BO
BSE,STOCK,LGLL,Landmark Global Learning,,544341,M,LGLL.BO
BSE,STOCK,LGT,LGT Global Hospitality,,544489,M,LGT.BO
BSE,STOCK,LIBERTSHOE,Liberty Shoes,,526596,B,LIBERTSHOE.BO
BSE,STOCK,LIBORD,Libord Securities,,531027,X,LIBORD.BO
BSE,STOCK,LIBORDFIN,Libord Finance,,511593,X,LIBORDFIN.BO
BSE,STOCK,LIKHAMI,Likhami Consulting,,539927,X,LIKHAMI.BO
BSE,STOCK,LIKHITHA,Likhitha Infrastructure,,543240,B,LIKHITHA.BO
BSE,STOCK,LIMECHM,Lime Chemicals,,507759,X,LIMECHM.BO
BSE,STOCK,LINC,Linc,,531241,B,LINC.BO
BSE,STOCK,LINCOLN,Lincoln Pharmaceuticals,,531633,B,LINCOLN.BO
BSE,STOCK,LINDEINDIA,Linde,,523457,A,LINDEINDIA.BO
BSE,STOCK,LINKPH,Link Pharma Chem,,524748,X,LINKPH.BO
BSE,STOCK,LIOTECH,Liotech Industries,,544796,M,LIOTECH.BO
BSE,STOCK,LIPPISYS,Lippi Systems,,526604,XT,LIPPISYS.BO
BSE,STOCK,LKMEHTA,LK Mehta Polymers,,544366,M,LKMEHTA.BO
BSE,STOCK,LKPSEC,LKP Securities,,540192,B,LKPSEC.BO
BSE,STOCK,LLFICL,Leading Leasing Finance,,540360,T,LLFICL.BO
BSE,STOCK,LLOYDSENGG,Lloyds Engineering Works,,539992,A,LLOYDSENGG.BO
BSE,STOCK,LLOYDSENT,Lloyds Enterprises,,512463,A,LLOYDSENT.BO
BSE,STOCK,LLOYDSME,Lloyds Metals & Energy,,512455,A,LLOYDSME.BO
BSE,STOCK,LMW,LMW,,500252,A,LMW.BO
BSE,STOCK,LODHA,Lodha Developers,,543287,A,LODHA.BO
BSE,STOCK,LOGICA,Logica Infoway,,543746,M,LOGICA.BO
BSE,STOCK,LOGICIEL,Logiciel Solutions,,544625,M,LOGICIEL.BO
BSE,STOCK,LOKESHMACH,Lokesh Machines,,532740,B,532740.BO
BSE,STOCK,LONGSPUR,Longspur International Ventures,,504340,X,LONGSPUR.BO
BSE,STOCK,LOOKS,Looks Health Services,,534422,XT,LOOKS.BO
BSE,STOCK,LORDSCHLO,Lords Chloro Alkali,,500284,B,LORDSCHLO.BO
BSE,STOCK,LORDSHOTL,Lords Ishwar Hotels,,530065,X,LORDSHOTL.BO
BSE,STOCK,LORDSMARK,Lords Mark Industries,,501261,XT,LORDSMARK.BO
BSE,STOCK,LOTUSCHO,Lotus Chocolate,,523475,B,LOTUSCHO.BO
BSE,STOCK,LOTUSDEV,Sri Lotus Developers & Realty,,544469,T,LOTUSDEV.BO
BSE,STOCK,LOTUSEYE,Lotus Eye Hospital,,532998,B,LOTUSEYE.BO
BSE,STOCK,LOVABLE,Lovable Lingerie,,533343,B,LOVABLE.BO
BSE,STOCK,LOYAL,Loyal Equipments,,539227,X,LOYAL.BO
BSE,STOCK,LOYALTEX,Loyal Textile Mills,,514036,B,LOYALTEX.BO
BSE,STOCK,LPDC,Landmark Property Development,,533012,B,LPDC.BO
BSE,STOCK,LT,Larsen & Toubro,,500510,A,500510.BO
BSE,STOCK,LTELEVATOR,L. T. Elevator,,544518,MT,LTELEVATOR.BO
BSE,STOCK,LTF,L&T Finance,,533519,A,LTF.BO
BSE,STOCK,LTFOODS,LT Foods,,532783,A,LTFOODS.BO
BSE,STOCK,LTM,LTM,,540005,A,LTM.BO
BSE,STOCK,LTTS,L&T Technology Services,,540115,A,LTTS.BO
BSE,STOCK,LUDLOWJUT,Ludlow Jute & Specialities,,526179,X,LUDLOWJUT.BO
BSE,STOCK,LUMAXIND,Lumax Industries,,517206,B,LUMAXIND.BO
BSE,STOCK,LUPIN,Lupin,,500257,A,500257.BO
BSE,STOCK,LUXIND,Lux Industries,,539542,B,LUXIND.BO
BSE,STOCK,LUXURY,Luxury Time,,544635,M,LUXURY.BO
BSE,STOCK,LWSKNIT,LWS Knitwear,,531402,X,LWSKNIT.BO
BSE,STOCK,LXCHEM,Laxmi Organic Industries,,543277,B,LXCHEM.BO
BSE,STOCK,LYKALABS,Lyka Labs,,500259,T,500259.BO
BSE,STOCK,LYKISLTD,Lykis,,530689,X,LYKISLTD.BO
BSE,STOCK,LYONSCO,Lyons Corporate Market,,531441,X,LYONSCO.BO
BSE,STOCK,M&M,Mahindra & Mahindra,,500520,A,500520.BO
BSE,STOCK,M&MFIN,M&M Financial Services,,532720,A,532720.BO
BSE,STOCK,MAANALU,Maan Aluminium,,532906,B,MAANALU.BO
BSE,STOCK,MACH,Mac Hotels,,541973,M,MACH.BO
BSE,STOCK,MACHLTD,Mach Travel Solutions,,544248,M,MACHLTD.BO
BSE,STOCK,MACIND,Machhar Industries,,543934,X,MACIND.BO
BSE,STOCK,MACPLASQ,Machino Plastics,,523248,X,MACPLASQ.BO
BSE,STOCK,MADALA,Madala Holdings,,532344,X,MADALA.BO
BSE,STOCK,MADHAV,Madhav Marble & Granites,,515093,B,MADHAV.BO
BSE,STOCK,MADHAVIPL,Madhav Infra Projects,,539894,B,MADHAVIPL.BO
BSE,STOCK,MADHUCON,Madhucon Projects,,531497,T,531497.BO
BSE,STOCK,MADHUDIN,Madhusudan Industries,,515059,X,MADHUDIN.BO
BSE,STOCK,MADHURIND,Madhur Industries,,519279,XT,MADHURIND.BO
BSE,STOCK,MADRASFERT,Madras Fertilizers,,590134,B,MADRASFERT.BO
BSE,STOCK,MAFATIND,Mafatlal Industries,,500264,B,MAFATIND.BO
BSE,STOCK,MAFIA,Mafia Trends,,543613,M,MAFIA.BO
BSE,STOCK,MAGADSUGAR,Magadh Sugar & Energy,,540650,B,MAGADSUGAR.BO
BSE,STOCK,MAGANTR,Magnanimous Trade & Finance,,512377,XT,512377.BO
BSE,STOCK,MAGENTA,Magenta Lifecare,,544188,M,MAGENTA.BO
BSE,STOCK,MAGNAELQ,Magna Electro Castings,,517449,X,MAGNAELQ.BO
BSE,STOCK,MAGNUM,Magnum Ventures,,532896,B,MAGNUM.BO
BSE,STOCK,MAGNUS,Magnus Steel & Infra,,517320,XT,MAGNUS.BO
BSE,STOCK,MAHABANK,Bank of Maharashtra,,532525,A,MAHABANK.BO
BSE,STOCK,MAHACORP,Maharashtra Corporation,,505523,X,MAHACORP.BO
BSE,STOCK,MAHALIFE,Mahamaya Lifesciences,,544611,M,MAHALIFE.BO
BSE,STOCK,MAHALXSE,Mahalaxmi Seamless,,513460,Z,MAHALXSE.BO
BSE,STOCK,MAHAPEXLTD,Maha Rashtra Apex Corporation,,523384,B,MAHAPEXLTD.BO
BSE,STOCK,MAHASTEEL,Mahamaya Steel Industries,,513554,T,MAHASTEEL.BO
BSE,STOCK,MAHAVEER,Mahaveer Infoway,,539383,Z,MAHAVEER.BO
BSE,STOCK,MAHEPC,Mahindra EPC Irrigation,,523754,B,MAHEPC.BO
BSE,STOCK,MAHESH,Mahesh Developers,,542677,X,MAHESH.BO
BSE,STOCK,MAHIP,Mahip Industries,,542503,MT,MAHIP.BO
BSE,STOCK,MAHLIFE,Mahindra Lifespaces Developers,,532313,A,MAHLIFE.BO
BSE,STOCK,MAHLOG,Mahindra Logistic,,540768,B,MAHLOG.BO
BSE,STOCK,MAHSCOOTER,Maharashtra Scooters,,500266,A,500266.BO
BSE,STOCK,MAIDEN,Maiden Forgings,,543874,M,MAIDEN.BO
BSE,STOCK,MAINFRA,Maruti Infrastructure,,531540,X,MAINFRA.BO
BSE,STOCK,MAITHANALL,Maithan Alloys,,590078,B,MAITHANALL.BO
BSE,STOCK,MAITRI,Maitri Enterprises,,513430,XT,MAITRI.BO
BSE,STOCK,MAJESAUT,Majestic Auto,,500267,T,MAJESAUT.BO
BSE,STOCK,MAKERSL,Makers Laboratories,,506919,B,MAKERSL.BO
BSE,STOCK,MAL,Meyer Apparel,,531613,XT,MAL.BO
BSE,STOCK,MALLCOM,Mallcom,,539400,B,MALLCOM.BO
BSE,STOCK,MALPANI,Malpani Pipes & Fittings,,544351,M,MALPANI.BO
BSE,STOCK,MAMATA,Mamata Machinery,,544318,B,MAMATA.BO
BSE,STOCK,MANAKALUCO,Manaksia Aluminium Company,,539045,B,MANAKALUCO.BO
BSE,STOCK,MANAKCOAT,Manaksia Coated Metals & Ind,,539046,B,MANAKCOAT.BO
BSE,STOCK,MANAKSIA,Manaksia,,532932,B,MANAKSIA.BO
BSE,STOCK,MANAKSTEEL,Manaksia Steels,,539044,B,MANAKSTEEL.BO
BSE,STOCK,MANALIPETC,Manali Petrochemicals,,500268,B,500268.BO
BSE,STOCK,MANAPPURAM,Manappuram Finance,,531213,A,MANAPPURAM.BO
BSE,STOCK,MANAS,Manas Properties,,540402,MT,540402.BO
BSE,STOCK,MANBA,Manba Finance,,544262,B,MANBA.BO
BSE,STOCK,MANCREDIT,Mangal Credit & Fincorp,,505850,B,MANCREDIT.BO
BSE,STOCK,MANGALCOMP,Mangal Compusolution,,544287,M,MANGALCOMP.BO
BSE,STOCK,MANGIND,Mangalam Industrial Finance,,537800,X,MANGIND.BO
BSE,STOCK,MANGLAM,Manglam Global Corporations,,503626,X,MANGLAM.BO
BSE,STOCK,MANGLMCEM,Mangalam Cement,,502157,B,502157.BO
BSE,STOCK,MANINDS,Man Industries,,513269,B,MANINDS.BO
BSE,STOCK,MANINFRA,Man Infraconstruction,,533169,B,533169.BO
BSE,STOCK,MANIVENI,M R Maniveni Foods,,544768,M,MANIVENI.BO
BSE,STOCK,MANKIND,Mankind Pharma,,543904,A,MANKIND.BO
BSE,STOCK,MANOJJEWEL,Manoj Jewellers,,544400,M,MANOJJEWEL.BO
BSE,STOCK,MANOMAY,Manomay Tex,,540396,B,MANOMAY.BO
BSE,STOCK,MANORAMA,Manorama Industries,,541974,A,MANORAMA.BO
BSE,STOCK,MANORG,Mangalam Organics,,514418,B,MANORG.BO
BSE,STOCK,MANRAJH,Manraj Housing Finance,,530537,X,MANRAJH.BO
BSE,STOCK,MANSIFIN,Mansi Finance,,511758,X,MANSIFIN.BO
BSE,STOCK,MANTRA,Mantra Capital,,511577,X,MANTRA.BO
BSE,STOCK,MANUGRAPH,Manugraph,,505324,T,505324.BO
BSE,STOCK,MANYAVAR,Vedant Fashions,,543463,A,MANYAVAR.BO
BSE,STOCK,MAPMYINDIA,CE Info Systems,,543425,A,MAPMYINDIA.BO
BSE,STOCK,MAPROIN,Mapro Industries,,509762,XT,MAPROIN.BO
BSE,STOCK,MARALOVER,Maral Overseas,,521018,B,MARALOVER.BO
BSE,STOCK,MARATHON,Marathon NextGen Realty,,503101,B,MARATHON.BO
BSE,STOCK,MARBLE,Marble City,,531281,X,MARBLE.BO
BSE,STOCK,MARBU,Martin Burn,,523566,X,MARBU.BO
BSE,STOCK,MARCLOIRE,Marc Loire Fashions,,544437,M,MARCLOIRE.BO
BSE,STOCK,MARGOFIN,Margo Finance,,500206,X,MARGOFIN.BO
BSE,STOCK,MARIS,Maris Spinners,,531503,X,MARIS.BO
BSE,STOCK,MARKOLINES,Markolines Pavement Technologies,,543364,B,MARKOLINES.BO
BSE,STOCK,MARSONS,Marsons,,517467,B,MARSONS.BO
BSE,STOCK,MARUTI,Maruti Suzuki,,532500,A,MARUTI.BO
BSE,STOCK,MASFIN,MAS Financial Services,,540749,B,MASFIN.BO
BSE,STOCK,MASTEK,Mastek,,523704,A,MASTEK.BO
BSE,STOCK,MASTERTR,Master Trust,,511768,B,MASTERTR.BO
BSE,STOCK,MATRIMONY,Matrimony.com,,540704,B,MATRIMONY.BO
BSE,STOCK,MAWANASUG,Mawana Sugars,,523371,B,MAWANASUG.BO
BSE,STOCK,MAXESTATES,Max Estates,,544008,B,MAXESTATES.BO
BSE,STOCK,MAXGROW,Maxgrow,,521167,XT,MAXGROW.BO
BSE,STOCK,MAXHEALTH,Max Healthcare Institute,,543220,A,MAXHEALTH.BO
BSE,STOCK,MAXHEIGHTS,Max Heights Infrastructure,,534338,X,MAXHEIGHTS.BO
BSE,STOCK,MAXIMUS,Maximus International,,540401,X,MAXIMUS.BO
BSE,STOCK,MAXIND,Max India,,543223,B,MAXIND.BO
BSE,STOCK,MAYUR,Mayur Leather Products,,531680,XT,MAYUR.BO
BSE,STOCK,MAYURFL,Mayur Floorings,,531221,XT,MAYURFL.BO
BSE,STOCK,MAYURUNIQ,Mayur Uniquoters,,522249,B,MAYURUNIQ.BO
BSE,STOCK,MAZDA,Mazda,,523792,T,MAZDA.BO
BSE,STOCK,MAZDOCK,Mazagon Dock Shipbuilders,,543237,A,MAZDOCK.BO
BSE,STOCK,MBECL,McNally Bharat Engineering Comp,,532629,T,MBECL.BO
BSE,STOCK,MBEL,M & B Engineering,,544470,B,MBEL.BO
BSE,STOCK,MBLINFRA,MBL Infrastructures,,533152,B,MBLINFRA.BO
BSE,STOCK,MCCHRLS-B,Mac Charles,,507836,B,MCCHRLS-B.BO
BSE,STOCK,MCFL,Mayank Cattle Food,,544106,MT,MCFL.BO
BSE,STOCK,MCLEODRUSS,McLeod Russel,,532654,B,532654.BO
BSE,STOCK,MCLOUD,Magellanic Cloud,,538891,B,MCLOUD.BO
BSE,STOCK,MCLTD,Munoth Communication,,511401,X,MCLTD.BO
BSE,STOCK,MCPL,Manoj Ceramic,,544073,M,MCPL.BO
BSE,STOCK,MCX,MCX,,534091,A,MCX.BO
BSE,STOCK,MDRC,Modern Diagnostic & Research Centre,,544673,M,MDRC.BO
BSE,STOCK,MDRNSTL,Modern Steels,,513303,X,MDRNSTL.BO
BSE,STOCK,MEAPL,Modern Engineering & Projects,,539762,X,MEAPL.BO
BSE,STOCK,MEDANTA,Global Health,,543654,A,MEDANTA.BO
BSE,STOCK,MEDIAONE,Mediaone Global Entertainment,,503685,Z,MEDIAONE.BO
BSE,STOCK,MEDIASSIST,Medi Assist Healthcare,,544088,A,MEDIASSIST.BO
BSE,STOCK,MEDICAMEQ,Medicamen Biotech,,531146,B,MEDICAMEQ.BO
BSE,STOCK,MEDICAPQ,Medi Caps,,523144,B,MEDICAPQ.BO
BSE,STOCK,MEDICO,Medico Remedies,,540937,B,MEDICO.BO
BSE,STOCK,MEDPLUS,Medplus Health Services,,543427,A,MEDPLUS.BO
BSE,STOCK,MEERA,Meera Industries,,540519,B,MEERA.BO
BSE,STOCK,MEESHO,Meesho,,544632,B,MEESHO.BO
BSE,STOCK,MEFCOMCAP,Mefcom Capital Markets,,531176,X,MEFCOMCAP.BO
BSE,STOCK,MEGACOR,Mega Corporation,,531417,X,MEGACOR.BO
BSE,STOCK,MEGAMONT,Megamont,,523888,X,MEGAMONT.BO
BSE,STOCK,MEGASTAR,Megastar Foods,,541352,B,MEGASTAR.BO
BSE,STOCK,MEGRISOFT,Megri Soft,,539012,X,MEGRISOFT.BO
BSE,STOCK,MEHAI,Mehai Technology,,540730,X,MEHAI.BO
BSE,STOCK,MEHIF,Mehta Integrated Finance,,511377,X,MEHIF.BO
BSE,STOCK,MEHSECU,Mehta Securities,,511738,X,MEHSECU.BO
BSE,STOCK,MEHUL,Mehul Colours,,544472,M,MEHUL.BO
BSE,STOCK,MEIL,Mangal Electrical Industries,,544492,B,MEIL.BO
BSE,STOCK,MENAMANI,Mena Mani Industries,,531127,XT,MENAMANI.BO
BSE,STOCK,MENNPIS,Menon Pistons,,531727,B,MENNPIS.BO
BSE,STOCK,MEP,MEP Infrastructure Developers,,539126,Z,MEP.BO
BSE,STOCK,MERCANTILE,Mercantile Ventures,,538942,B,MERCANTILE.BO
BSE,STOCK,MERCTRD,Mercury Trade Links,,512415,X,MERCTRD.BO
BSE,STOCK,MERCURYEV,Mercury EV-Tech,,531357,B,MERCURYEV.BO
BSE,STOCK,MERCURYLAB,Mercury Laboratories,,538964,X,MERCURYLAB.BO
BSE,STOCK,META,String Metaverse,,534535,T,META.BO
BSE,STOCK,METAINFO,Meta Infotech,,544441,MT,METAINFO.BO
BSE,STOCK,METALCO,Metal Coatings,,531810,X,METALCO.BO
BSE,STOCK,METHODHUB,Methodhub Software,,544637,M,METHODHUB.BO
BSE,STOCK,METROBRAND,Metro Brands,,543426,A,METROBRAND.BO
BSE,STOCK,METROGLOBL,Metroglobal,,500159,B,METROGLOBL.BO
BSE,STOCK,METROPOLIS,Metropolis Healthcare,,542650,A,METROPOLIS.BO
BSE,STOCK,METSL,Maestros Electronics,,538401,X,METSL.BO
BSE,STOCK,MFLINDIA,MFL India,,526622,X,MFLINDIA.BO
BSE,STOCK,MFML,Mahalaxmi Fabric Mills,,544233,B,MFML.BO
BSE,STOCK,MFSINTRCRP,MFS Intercorp,,513721,X,MFSINTRCRP.BO
BSE,STOCK,MFSL,Max Financial Services,,500271,A,MFSL.BO
BSE,STOCK,MGEL,Mangalam Global Enterprise,,544273,T,MGEL.BO
BSE,STOCK,MGIL,Maruti Global Industries,,531319,X,MGIL.BO
BSE,STOCK,MGL,Mahanagar Gas,,539957,A,MGL.BO
BSE,STOCK,MHEL,Mewar Hi-Tech Engineering,,540150,MT,MHEL.BO
BSE,STOCK,MHLXMIRU,Mahalaxmi Rubtech,,514450,T,MHLXMIRU.BO
BSE,STOCK,MHRIL,Mahindra Holidays,,533088,B,MHRIL.BO
BSE,STOCK,MHSGRMS,Mahasagar Travels,,526795,ZP,MHSGRMS.BO
BSE,STOCK,MICEL,MIC Electronics,,532850,T,MICEL.BO
BSE,STOCK,MIDEASTP,Mid East Portfolio Management,,526251,XT,MIDEASTP.BO
BSE,STOCK,MIDHANI,Mishra Dhatu Nigam,,541195,A,MIDHANI.BO
BSE,STOCK,MIDINDIA,Mid India Industries,,500277,X,MIDINDIA.BO
BSE,STOCK,MIDWESTLTD,Midwest,,544587,B,MIDWESTLTD.BO
BSE,STOCK,MIHIKA,Mihika Industries,,538895,X,MIHIKA.BO
BSE,STOCK,MIIL,Meghna Infracon Infrastructure,,538668,B,MIIL.BO
BSE,STOCK,MIL,Medico Intercontinental,,539938,X,MIL.BO
BSE,STOCK,MILEFUR,Milestone Furniture,,541337,MT,MILEFUR.BO
BSE,STOCK,MILESTONE,Milestone Global,,531338,X,MILESTONE.BO
BSE,STOCK,MILLENNIUM,Millennium Online Solutions,,511187,X,MILLENNIUM.BO
BSE,STOCK,MILLWORKS,Millworks Technologies,,544826,M,MILLWORKS.BO
BSE,STOCK,MINALIND,Minal Industries,,522235,T,MINALIND.BO
BSE,STOCK,MINAXI,Minaxi Textiles,,531456,X,MINAXI.BO
BSE,STOCK,MINDACORP,Minda Corporation,,538962,A,MINDACORP.BO
BSE,STOCK,MINDTECK,Mindteck,,517344,B,MINDTECK.BO
BSE,STOCK,MINID,Mini Diamonds,,523373,X,MINID.BO
BSE,STOCK,MIRZAINT,Mirza International,,526642,B,MIRZAINT.BO
BSE,STOCK,MISHDESIGN,Mish Designs,,544015,M,MISHDESIGN.BO
BSE,STOCK,MISHKA,Mishka Exim,,539220,X,MISHKA.BO
BSE,STOCK,MISHTANN,Mishtann Foods,,539594,X,MISHTANN.BO
BSE,STOCK,MISQUITA,Misquita Engineering,,542801,M,MISQUITA.BO
BSE,STOCK,MITSHI,Mitshi,,523782,X,MITSHI.BO
BSE,STOCK,MITSU,Mitsu Chem Plast,,540078,X,MITSU.BO
BSE,STOCK,MITTALSTL,Mittal Sections,,544575,M,MITTALSTL.BO
BSE,STOCK,MIVENMACH,Miven Machine Tools,,522036,X,MIVENMACH.BO
BSE,STOCK,MIZVEN,Mizzen Ventures,,531537,XT,MIZVEN.BO
BSE,STOCK,MKEXIM,MK Exim,,538890,B,MKEXIM.BO
BSE,STOCK,MKPL,MK Proteins,,543919,B,MKPL.BO
BSE,STOCK,MKPMOB,MKP Mobility,,521244,X,MKPMOB.BO
BSE,STOCK,MKTCREAT,Market Creators,,526891,X,MKTCREAT.BO
BSE,STOCK,MKVENTURES,MK Ventures Capital,,514238,X,MKVENTURES.BO
BSE,STOCK,MLINDLTD,M Lakhamsi Industries,,512153,XT,MLINDLTD.BO
BSE,STOCK,MLKFOOD,Milkfood,,507621,B,MLKFOOD.BO
BSE,STOCK,MMFL,MM Forgings,,522241,B,MMFL.BO
BSE,STOCK,MMLF,Money Masters Leasing & Finance,,535910,B,MMLF.BO
BSE,STOCK,MMRUBBR-B,MM Rubber Company,,509196,X,MMRUBBR-B.BO
BSE,STOCK,MMTC,MMTC,,513377,B,MMTC.BO
BSE,STOCK,MMWL,Media Matrix Worldwide,,512267,B,MMWL.BO
BSE,STOCK,MNFL,Mother Nutri Foods,,544623,M,MNFL.BO
BSE,STOCK,MNIL,Mega Nirman & Industries,,539767,X,MNIL.BO
BSE,STOCK,MNPLFIN,Manipal Finance,,507938,P,MNPLFIN.BO
BSE,STOCK,MOBAVENUE,Mobavenue AI Tech,,539682,X,MOBAVENUE.BO
BSE,STOCK,MOBIKWIK,One Mobikwik Systems,,544305,B,MOBIKWIK.BO
BSE,STOCK,MODAIRY,Modern Dairies,,519287,X,MODAIRY.BO
BSE,STOCK,MODINATUR,Modi Naturals,,519003,B,MODINATUR.BO
BSE,STOCK,MODINSU,Modern Insulators,,515008,XT,MODINSU.BO
BSE,STOCK,MODIPON,Modipon,,503776,X,MODIPON.BO
BSE,STOCK,MODIRUBBER,Modi Rubber,,500890,B,500890.BO
BSE,STOCK,MODIS,Modi's Navnirman,,543539,B,MODIS.BO
BSE,STOCK,MODISONLTD,Modison,,506261,B,MODISONLTD.BO
BSE,STOCK,MODMA,Modern Malleables,,517336,P,MODMA.BO
BSE,STOCK,MODRNSH,Modern Shares & Stockbrokers,,509760,X,MODRNSH.BO
BSE,STOCK,MODTHREAD,Modern Threads,,500282,B,MODTHREAD.BO
BSE,STOCK,MODULEX,Modulex Construction,,504273,Z,MODULEX.BO
BSE,STOCK,MODWOOL,Modella Woollens,,503772,X,MODWOOL.BO
BSE,STOCK,MOHITE,Mohite Industries,,532140,B,MOHITE.BO
BSE,STOCK,MOHITIND,Mohit Industries,,531453,B,MOHITIND.BO
BSE,STOCK,MOHITPPR,Mohit Paper Mills,,530169,X,MOHITPPR.BO
BSE,STOCK,MOIL,MOIL,,533286,A,MOIL.BO
BSE,STOCK,MOL,Meghmani Organics,,543331,B,MOL.BO
BSE,STOCK,MOLDTECH,Mold-Tek Technologies,,526263,T,MOLDTECH.BO
BSE,STOCK,MOLDTKPAC,Mold-Tek Packaging,,533080,B,MOLDTKPAC.BO
BSE,STOCK,MONARCH,Monarch Networth Capital,,511551,B,MONARCH.BO
BSE,STOCK,MONEYBOXX,Moneyboxx Finance,,538446,B,MONEYBOXX.BO
BSE,STOCK,MONGIPA,Moongipa Capital Finance,,530167,XT,MONGIPA.BO
BSE,STOCK,MONIKA,Monika Alcobev,,544451,M,MONIKA.BO
BSE,STOCK,MONIND,Monind,,532078,X,MONIND.BO
BSE,STOCK,MONOT,Monotype,,505343,X,MONOT.BO
BSE,STOCK,MONTECARLO,Monte Carlo Fashions,,538836,B,MONTECARLO.BO
BSE,STOCK,MORARKFI,Morarka Finance,,511549,X,MORARKFI.BO
BSE,STOCK,MORGAN,Morgan Ventures,,526237,X,MORGAN.BO
BSE,STOCK,MOSCHIP,Moschip Technologies,,532407,A,MOSCHIP.BO
BSE,STOCK,MOTHERSON,Samvardhana Motherson International,,517334,A,MOTHERSON.BO
BSE,STOCK,MOTILALOFS,Motilal Oswal Financial Services,,532892,A,MOTILALOFS.BO
BSE,STOCK,MOTISONS,Motisons Jewellers,,544053,B,MOTISONS.BO
BSE,STOCK,MOTOGENFIN,Motor & General Finance,,501343,T,501343.BO
BSE,STOCK,MOUNT,Mount Housing & Infrastructure,,542864,XT,542864.BO
BSE,STOCK,MPAGI,MP Agro Industries,,506543,XT,MPAGI.BO
BSE,STOCK,MPDL,MPDL,,532723,T,MPDL.BO
BSE,STOCK,MPFSL,MPF Systems,,532470,XT,MPFSL.BO
BSE,STOCK,MPHASIS,Mphasis,,526299,A,MPHASIS.BO
BSE,STOCK,MPILCORPL,MPIL Corporation,,500450,XT,MPILCORPL.BO
BSE,STOCK,MPKSTEELS,M P K Steels,,544553,M,MPKSTEELS.BO
BSE,STOCK,MPL,MPL Plastics,,526143,X,MPL.BO
BSE,STOCK,MPSLTD,MPS,,532440,B,MPSLTD.BO
BSE,STOCK,MRCAGRO,MRC Agrotech,,540809,B,MRCAGRO.BO
BSE,STOCK,MRP,MRP Agro,,543262,M,MRP.BO
BSE,STOCK,MRTX,Merritronix,,544773,M,MRTX.BO
BSE,STOCK,MRUTR,Mrugesh Trading,,512065,XT,MRUTR.BO
BSE,STOCK,MSAFE,Msafe Equipments,,544695,MT,MSAFE.BO
BSE,STOCK,MSCTC,MSCTC,,513544,XT,MSCTC.BO
BSE,STOCK,MSECL,Monarch Surveyors & Engg. Consultants,,544453,M,MSECL.BO
BSE,STOCK,MSL,Mangalam Seeds,,539275,B,MSL.BO
BSE,STOCK,MSLGLOBAL,MSL Global,,511000,X,MSLGLOBAL.BO
BSE,STOCK,MSPL,MSP Steel & Power,,532650,B,532650.BO
BSE,STOCK,MSTCLTD,MSTC,,542597,B,MSTCLTD.BO
BSE,STOCK,MSUMI,Motherson Sumi Wiring,,543498,A,MSUMI.BO
BSE,STOCK,MTARTECH,MTAR Technologies,,543270,T,MTARTECH.BO
BSE,STOCK,MTEDUCARE,MT Educare,,534312,T,MTEDUCARE.BO
BSE,STOCK,MTL,Mehul Telecom,,544751,M,MTL.BO
BSE,STOCK,MTPL,Marg Techno Projects,,540254,XT,MTPL.BO
BSE,STOCK,MUDRA,Mudra Financial Services,,539819,X,MUDRA.BO
BSE,STOCK,MUFIN,Mufin Green Finance,,542774,B,MUFIN.BO
BSE,STOCK,MUFTI,Credo Brands Marketing (Mufti),,544058,B,MUFTI.BO
BSE,STOCK,MUKATPIP,Mukat Pipes,,523832,XT,MUKATPIP.BO
BSE,STOCK,MUKESHB,Mukesh Babu Financial Services,,530341,B,MUKESHB.BO
BSE,STOCK,MUKKA,Mukka Proteins,,544135,B,MUKKA.BO
BSE,STOCK,MUKTA,Mukta Agriculture,,535204,X,MUKTA.BO
BSE,STOCK,MUKTAARTS,Mukta Arts,,532357,T,MUKTAARTS.BO
BSE,STOCK,MUL,Mauria Udyog,,539219,X,MUL.BO
BSE,STOCK,MULLER,Muller & Phipps,,501477,X,MULLER.BO
BSE,STOCK,MULTIBASE,Multibase,,526169,X,MULTIBASE.BO
BSE,STOCK,MUNCAPM,Munoth Capital Markets,,511200,XT,MUNCAPM.BO
BSE,STOCK,MUNJALSHOW,Munjal Showa,,520043,B,520043.BO
BSE,STOCK,MUNOTHFI,Munoth Financial Services,,531821,XT,MUNOTHFI.BO
BSE,STOCK,MURUDCERA,Murudeshwar Ceramics,,515037,B,MURUDCERA.BO
BSE,STOCK,MUTHOOTCAP,Muthoot Capital Services,,511766,B,MUTHOOTCAP.BO
BSE,STOCK,MUTHOOTFIN,Muthoot Finance,,533398,A,MUTHOOTFIN.BO
BSE,STOCK,MUTHOOTMF,Muthoot Microfin,,544055,B,MUTHOOTMF.BO
BSE,STOCK,MVGJL,Manoj Vaibhav Gems,,543995,B,MVGJL.BO
BSE,STOCK,MWL,Mangalam Worldwide,,544764,B,MWL.BO
BSE,STOCK,MYMONEY,My Money Securities,,538862,X,MYMONEY.BO
BSE,STOCK,MYSORPETRO,Mysore Petro Chemicals,,506734,T,MYSORPETRO.BO
BSE,STOCK,MYSTICELE,Mystic Electronics,,535205,X,MYSTICELE.BO
BSE,STOCK,NACDAC,NACDAC Infrastructure,,544313,M,NACDAC.BO
BSE,STOCK,NACLIND,NACL Industries,,524709,B,NACLIND.BO
BSE,STOCK,NAGPI,Nagpur Power & Industries,,532362,X,NAGPI.BO
BSE,STOCK,NAGREEKCAP,Nagreeka Capital & Infrastructure,,532895,B,NAGREEKCAP.BO
BSE,STOCK,NAGREEKEXP,Nagreeka Exports,,521109,B,NAGREEKEXP.BO
BSE,STOCK,NAGTECH,Nagarjuna Agri Tech,,531832,X,NAGTECH.BO
BSE,STOCK,NAHARCAP,Nahar Capital & Financial Services,,532952,B,NAHARCAP.BO
BSE,STOCK,NAHARINDUS,Nahar Industrial Enterprises,,519136,B,NAHARINDUS.BO
BSE,STOCK,NAHARPOLY,Nahar Poly Films,,523391,B,NAHARPOLY.BO
BSE,STOCK,NAHARSPING,Nahar Spinning Mills,,500296,B,500296.BO
BSE,STOCK,NAKSH,Naksh Precious Metals,,539402,Z,NAKSH.BO
BSE,STOCK,NAM,Nam Securities,,538395,XT,NAM.BO
BSE,STOCK,NAM-INDIA,Nippon Life India AMC,,540767,A,NAM-INDIA.BO
BSE,STOCK,NANTA,Nanta Tech,,544668,M,NANTA.BO
BSE,STOCK,NAPEROL,Naperol Investments,,500298,X,NAPEROL.BO
BSE,STOCK,NAPL,Naturite Agro Products,,538926,X,NAPL.BO
BSE,STOCK,NAPSGLOBAL,NAPS Global,,544373,M,NAPSGLOBAL.BO
BSE,STOCK,NARMADA,Narmada Agrobase,,543643,B,NARMADA.BO
BSE,STOCK,NARMADESH,Narmadesh Brass Industries,,544680,M,NARMADESH.BO
BSE,STOCK,NARMP,Narmada Macplast Drip Irrigation,,517431,X,NARMP.BO
BSE,STOCK,NARPROP,Narendra Properties,,531416,X,NARPROP.BO
BSE,STOCK,NATCAPSUQ,Natural Capsules,,524654,T,NATCAPSUQ.BO
BSE,STOCK,NATCOPHARM,Natco Pharma,,524816,A,524816.BO
BSE,STOCK,NATFIT,National Fittings,,531289,X,NATFIT.BO
BSE,STOCK,NATGENI,National General Industries,,531651,X,NATGENI.BO
BSE,STOCK,NATHBIOGEN,Nath Bio-Genes,,537291,B,NATHBIOGEN.BO
BSE,STOCK,NATHIND,Nath Industries,,502587,X,NATHIND.BO
BSE,STOCK,NATHUEC,Natura Hue Chem,,531834,XT,NATHUEC.BO
BSE,STOCK,NATIONALUM,NALCO,,532234,A,NATIONALUM.BO
BSE,STOCK,NATIONSTD,National Standard,,504882,B,NATIONSTD.BO
BSE,STOCK,NATPLAS,National Plastic Industries,,526616,X,NATPLAS.BO
BSE,STOCK,NATPLASTI,National Plastic Technologies,,531287,X,NATPLASTI.BO
BSE,STOCK,NATPLY,National Plywood,,516062,Z,NATPLY.BO
BSE,STOCK,NATRAJPR,Natraj Proteins,,530119,X,NATRAJPR.BO
BSE,STOCK,NATURAL,Natural Biocon,,543207,X,NATURAL.BO
BSE,STOCK,NAUKRI,Info Edge,,532777,A,NAUKRI.BO
BSE,STOCK,NAVA,Nava,,513023,A,NAVA.BO
BSE,STOCK,NAVIGANT,Navigant Corporate Advisors,,539521,MT,NAVIGANT.BO
BSE,STOCK,NAVINFLUOR,Navin Fluorine International,,532504,A,NAVINFLUOR.BO
BSE,STOCK,NAVKARCORP,Navkar Corporation,,539332,B,NAVKARCORP.BO
BSE,STOCK,NAVKARURB,Navkar Urbanstructure,,531494,T,NAVKARURB.BO
BSE,STOCK,NAVNETEDUL,Navneet Education,,508989,B,NAVNETEDUL.BO
BSE,STOCK,NAZARA,Nazara Technologies,,543280,A,NAZARA.BO
BSE,STOCK,NBCC,NBCC,,534309,A,NBCC.BO
BSE,STOCK,NBFOOT,NB Footwear,,523242,P,NBFOOT.BO
BSE,STOCK,NBL,Naapbooks,,543351,TS,NBL.BO
BSE,STOCK,NCC,NCC,,500294,A,500294.BO
BSE,STOCK,NCCBLUE,NCC Blue Water Products,,519506,P,NCCBLUE.BO
BSE,STOCK,NCLRESE,NCL Research & Financial Services,,530557,XT,NCLRESE.BO
BSE,STOCK,NCML,Nilachal Carbo Metalicks,,544510,M,NCML.BO
BSE,STOCK,NDASEC,NDA Securities,,511535,X,NDASEC.BO
BSE,STOCK,NDL,Nandan Denim,,532641,B,NDL.BO
BSE,STOCK,NDLVENTURE,NDL Ventures,,500189,B,NDLVENTURE.BO
BSE,STOCK,NDRAUTO,NDR Auto Components,,543214,B,NDRAUTO.BO
BSE,STOCK,NDTV,New Delhi Television (NDTV),,532529,B,NDTV.BO
BSE,STOCK,NEAGI,Neelamalai Agro Industries,,508670,B,NEAGI.BO
BSE,STOCK,NECCLTD,North Eastern Carrying Corp.,,534615,T,NECCLTD.BO
BSE,STOCK,NEELKAN,Neelkanth Rockminerals,,531049,Z,NEELKAN.BO
BSE,STOCK,NEELKANTH,Neelkanth,,512565,X,NEELKANTH.BO
BSE,STOCK,NEERAJ,Neeraj Paper Marketing,,539409,X,NEERAJ.BO
BSE,STOCK,NEETUYOSHI,Neetu Yoshi,,544434,MT,NEETUYOSHI.BO
BSE,STOCK,NEIL,Neil Industries,,539016,X,NEIL.BO
BSE,STOCK,NELCAST,Nelcast,,532864,B,NELCAST.BO
BSE,STOCK,NELCO,NELCO,,504112,B,NELCO.BO
BSE,STOCK,NEOGEN,Neogen Chemicals,,542665,B,NEOGEN.BO
BSE,STOCK,NEOINFRA,Neo Infracon,,514332,X,NEOINFRA.BO
BSE,STOCK,NEPHROPLUS,Nephrocare Health Services,,544647,B,NEPHROPLUS.BO
BSE,STOCK,NEPLOG,Neptune Logitek,,544663,MT,NEPLOG.BO
BSE,STOCK,NESCO,Nesco,,505355,A,NESCO.BO
BSE,STOCK,NESTLEIND,Nestle,,500790,A,500790.BO
BSE,STOCK,NETLINK,Netlink Solutions,,509040,X,NETLINK.BO
BSE,STOCK,NETPIX,Net Pix Shorts Digital Media,,543247,TS,NETPIX.BO
BSE,STOCK,NETTLINX,Nettlinx,,511658,X,NETTLINX.BO
BSE,STOCK,NETWEB,Netweb Technologies,,543945,A,NETWEB.BO
BSE,STOCK,NETWORK18,Network18 Media & Investments,,532798,A,NETWORK18.BO
BSE,STOCK,NEUEON,Neueon Corporation,,532887,T,NEUEON.BO
BSE,STOCK,NEULANDLAB,Neuland Laboratories,,524558,A,NEULANDLAB.BO
BSE,STOCK,NEWGEN,Newgen Software Technologies,,540900,A,NEWGEN.BO
BSE,STOCK,NEWINFRA,Newtime Infrastructure,,531959,X,NEWINFRA.BO
BSE,STOCK,NEWLIGHT,New Light Industries,,540243,XT,NEWLIGHT.BO
BSE,STOCK,NEWMKTAVE,New Markets Avenue,,508867,XT,NEWMKTAVE.BO
BSE,STOCK,NEWTRAC,Markobenz Ventures,,514060,XT,NEWTRAC.BO
BSE,STOCK,NEXOME,Nexome Capital Markets,,508905,XT,NEXOME.BO
BSE,STOCK,NEXTMEDIA,Next Mediaworks,,532416,B,NEXTMEDIA.BO
BSE,STOCK,NEXUSSURGL,Nexus Surgical & Medicare,,538874,X,NEXUSSURGL.BO
BSE,STOCK,NEXXUS,Nexxus Petro Industries,,544265,M,NEXXUS.BO
BSE,STOCK,NFL,National Fertilizers,,523630,B,NFL.BO
BSE,STOCK,NGIL,Nakoda Group of Industries,,541418,B,NGIL.BO
BSE,STOCK,NGIND,NG Industries,,530897,X,NGIND.BO
BSE,STOCK,NGLFINE,NGL Fine Chem,,524774,B,NGLFINE.BO
BSE,STOCK,NH,Narayana Hrudayalaya,,539551,A,539551.BO
BSE,STOCK,NHCFOODS,NHC Foods,,517554,XT,NHCFOODS.BO
BSE,STOCK,NHL,Naturewings Holidays,,544245,M,NHL.BO
BSE,STOCK,NHPC,NHPC,,533098,A,NHPC.BO
BSE,STOCK,NIACL,The New India Assurance Company,,540769,A,NIACL.BO
BSE,STOCK,NIBE,NIBE,,535136,B,NIBE.BO
BSE,STOCK,NIBL,NRB Industrial Bearings,,535458,B,NIBL.BO
BSE,STOCK,NICCOPAR,Nicco Parks & Resorts,,526721,B,NICCOPAR.BO
BSE,STOCK,NIDHGRN,Nidhi Granites,,512103,XT,NIDHGRN.BO
BSE,STOCK,NIHARINF,Nihar Info Global,,531083,X,NIHARINF.BO
BSE,STOCK,NIITLTD,NIIT,,500304,B,500304.BO
BSE,STOCK,NIITMTS,NIIT Learning Systems,,543952,B,NIITMTS.BO
BSE,STOCK,NIKHILAD,Nikhil Adhesive,,526159,X,NIKHILAD.BO
BSE,STOCK,NIKKIGL,Nikki Global Finance,,531272,X,NIKKIGL.BO
BSE,STOCK,NIKSTECH,NIKS Technology,,543282,TS,NIKSTECH.BO
BSE,STOCK,NILACHAL,Nilachal Refractories,,502294,X,NILACHAL.BO
BSE,STOCK,NILAINFRA,Nila Infrastructures,,530377,B,NILAINFRA.BO
BSE,STOCK,NILASPACES,Nila Spaces,,542231,B,NILASPACES.BO
BSE,STOCK,NILE,Nile,,530129,B,NILE.BO
BSE,STOCK,NILKAMAL,Nilkamal,,523385,B,NILKAMAL.BO
BSE,STOCK,NIMBSPROJ,Nimbus Projects,,511714,B,NIMBSPROJ.BO
BSE,STOCK,NINSYS,NINtec Systems,,539843,B,NINSYS.BO
BSE,STOCK,NIPPOBATRY,Indo National,,504058,B,NIPPOBATRY.BO
BSE,STOCK,NIRAJ,Niraj Cement Structurals,,532986,B,NIRAJ.BO
BSE,STOCK,NIRAVCOM,Nirav Commercial,,512425,X,NIRAVCOM.BO
BSE,STOCK,NIRLON,Nirlon,,500307,B,NIRLON.BO
BSE,STOCK,NIRMITEE,Nirmitee Robotics,,543194,MS,NIRMITEE.BO
BSE,STOCK,NISMGMT,NIS Management,,544495,M,NISMGMT.BO
BSE,STOCK,NISUS,Nisus Finance,,544296,M,NISUS.BO
BSE,STOCK,NITCO,Nitco,,532722,B,NITCO.BO
BSE,STOCK,NITINCAST,Nitin Castings,,508875,X,NITINCAST.BO
BSE,STOCK,NITTAGELA,Nitta Gelatin,,506532,B,NITTAGELA.BO
BSE,STOCK,NIVABUPA,Niva Bupa Health Insurance Company,,544286,A,NIVABUPA.BO
BSE,STOCK,NIVAKA,Nivaka Fashions,,542206,XT,NIVAKA.BO
BSE,STOCK,NIYOGIN,Niyogin Fintech,,538772,X,NIYOGIN.BO
BSE,STOCK,NKIND,NK Industries,,519494,B,NKIND.BO
BSE,STOCK,NLCINDIA,NLC India,,513683,A,NLCINDIA.BO
BSE,STOCK,NLFL,Nalin Lease Finance,,531212,X,NLFL.BO
BSE,STOCK,NMDC,NMDC,,526371,A,NMDC.BO
BSE,STOCK,NMSGLOBAL,NMS Resources Global,,522289,X,NMSGLOBAL.BO
BSE,STOCK,NOBPOL,Noble Polymers,,539200,XT,NOBPOL.BO
BSE,STOCK,NOIDATOLL,Noida Toll Bridge,,532481,B,NOIDATOLL.BO
BSE,STOCK,NOL,National Oxygen,,507813,X,NOL.BO
BSE,STOCK,NORBTEAEXP,Norben Tea & Exports,,519528,B,NORBTEAEXP.BO
BSE,STOCK,NORRIS,Norris Medicines,,524414,X,NORRIS.BO
BSE,STOCK,NORTHARC,Northern Arc Capital,,544260,A,NORTHARC.BO
BSE,STOCK,NORTHLINK,Northlink Fiscal & Capital Services,,539110,Z,NORTHLINK.BO
BSE,STOCK,NOUVEAU,Nouveau Global Ventures,,531465,XT,NOUVEAU.BO
BSE,STOCK,NOVAAGRI,Nova Agritech,,544100,T,NOVAAGRI.BO
BSE,STOCK,NOVARTIND,Novartis,,500672,B,NOVARTIND.BO
BSE,STOCK,NOVATEOR,Novateor Research Laboratories,,542771,M,NOVATEOR.BO
BSE,STOCK,NOVELIX,Trimurthi,,536565,XT,NOVELIX.BO
BSE,STOCK,NOVIS,Nova Iron & Steel,,513566,X,NOVIS.BO
BSE,STOCK,NOVUS,Novus Loyalty,,544735,M,NOVUS.BO
BSE,STOCK,NOVYRA,Novyra Pharmachem,,519353,ZP,519353.BO
BSE,STOCK,NPFL,Neopolitan Pizza & Foods,,544269,M,NPFL.BO
BSE,STOCK,NPL,NPL,,544205,XT,NPL.BO
BSE,STOCK,NPRFIN,NPR Finance,,530127,X,NPRFIN.BO
BSE,STOCK,NPST,Network People Services Tech,,544396,B,NPST.BO
BSE,STOCK,NRAIL,N R Agarwal Industries,,516082,B,NRAIL.BO
BSE,STOCK,NRBBEARING,NRB Bearings,,530367,B,530367.BO
BSE,STOCK,NSBBPO,NSB BPO Solutions,,544571,M,NSBBPO.BO
BSE,STOCK,NSDL,National Securities Depository (NSDL),,544467,A,NSDL.BO
BSE,STOCK,NSIL,Nalwa Sons Investments,,532256,B,NSIL.BO
BSE,STOCK,NSL,Northern Spirits,,542628,B,NSL.BO
BSE,STOCK,NSLNISP,NMDC Steel,,543768,A,NSLNISP.BO
BSE,STOCK,NTCIND,NTC Industries,,526723,B,NTCIND.BO
BSE,STOCK,NTPC,NTPC,,532555,A,NTPC.BO
BSE,STOCK,NTPCGREEN,NTPC Green Energy,,544289,A,NTPCGREEN.BO
BSE,STOCK,NUCLEUS,Nucleus Software,,531209,B,NUCLEUS.BO
BSE,STOCK,NUKLEUS,Nukleus Office solutions,,544370,M,NUKLEUS.BO
BSE,STOCK,NURECA,Nureca,,543264,T,NURECA.BO
BSE,STOCK,NUTECGLOB,Nutech Global,,531304,X,NUTECGLOB.BO
BSE,STOCK,NUTRICIRCLE,Nutricircle,,530219,X,NUTRICIRCLE.BO
BSE,STOCK,NUVAMA,Nuvama Wealth Management,,543988,A,NUVAMA.BO
BSE,STOCK,NUVOCO,Nuvoco Vistas Corporation,,543334,A,NUVOCO.BO
BSE,STOCK,NVENTURES,Nanavati Ventures,,543522,M,NVENTURES.BO
BSE,STOCK,NWIL,Nurture Well Industries,,531889,X,NWIL.BO
BSE,STOCK,NYKAA,Nykaa,,543384,A,NYKAA.BO
BSE,STOCK,NYSSACORP,Nyssa Corporation,,504378,X,NYSSACORP.BO
BSE,STOCK,OAL,Oriental Aromatics,,500078,B,OAL.BO
BSE,STOCK,OASISEC,Oasis Securities,,512489,XT,OASISEC.BO
BSE,STOCK,OBCL,OBCL,,541206,B,OBCL.BO
BSE,STOCK,OBEROIRLTY,Oberoi Realty,,533273,A,OBEROIRLTY.BO
BSE,STOCK,OCEANIC,Oceanic Foods,,540405,X,OCEANIC.BO
BSE,STOCK,OCTAL,Octal Credit Capital,,538894,X,OCTAL.BO
BSE,STOCK,OCTAVE,Perfect-Octave Media Projects,,521062,X,OCTAVE.BO
BSE,STOCK,OCTAVIUSPL,Octavius Plantations,,542938,X,OCTAVIUSPL.BO
BSE,STOCK,OCTAWARE,Octaware Technologies,,540416,M,OCTAWARE.BO
BSE,STOCK,ODYCORP,Odyssey Corporation,,531996,B,ODYCORP.BO
BSE,STOCK,ODYSSEY,Odyssey Technologies,,530175,X,ODYSSEY.BO
BSE,STOCK,OFSS,Oracle Financial Services Software,,532466,A,OFSS.BO
BSE,STOCK,OIL,Oil India,,533106,A,533106.BO
BSE,STOCK,OILCOUNTUB,Oil Country Tubular,,500313,T,500313.BO
BSE,STOCK,OIVL,Onesource Industries & Ventures,,530805,X,OIVL.BO
BSE,STOCK,OKPLA,Ok Play,,526415,XT,OKPLA.BO
BSE,STOCK,OLAELEC,Ola Electric Mobility,,544225,A,OLAELEC.BO
BSE,STOCK,OLATECH,Olatech Solutions,,543578,M,OLATECH.BO
BSE,STOCK,OLECTRA,Olectra Greentech,,532439,A,OLECTRA.BO
BSE,STOCK,OLPCL,Olympic Cards,,534190,X,OLPCL.BO
BSE,STOCK,OLYMPTX,Olympia Industries,,521105,X,OLYMPTX.BO
BSE,STOCK,OLYOI,Olympic Oil Industries,,507609,X,OLYOI.BO
BSE,STOCK,OMAXAUTO,Omax Autos,,520021,B,OMAXAUTO.BO
BSE,STOCK,OMAXE,Omaxe,,532880,B,OMAXE.BO
BSE,STOCK,OMEAG,Omega Ag-Seeds (Punjab),,519479,X,OMEAG.BO
BSE,STOCK,OMEGAIN,Omega Interactive Technologies,,511644,X,OMEGAIN.BO
BSE,STOCK,OMFREIGHT,Om Freight Forwarders,,544564,T,OMFREIGHT.BO
BSE,STOCK,OMINFRAL,Om Infra,,531092,B,OMINFRAL.BO
BSE,STOCK,OMKARPH,Omkar Pharmachem,,532167,X,OMKARPH.BO
BSE,STOCK,OML,Om Metallogic,,544559,MT,OML.BO
BSE,STOCK,OMNI,Omnitech Engineering,,544720,B,OMNI.BO
BSE,STOCK,OMNIAX,Omni Axs Software,,532340,X,OMNIAX.BO
BSE,STOCK,OMNIPOTENT,Omnipotent Industries,,543400,M,OMNIPOTENT.BO
BSE,STOCK,OMNITEX,Omnitex Industries India,,514324,X,OMNITEX.BO
BSE,STOCK,OMPOWER,Om Power Transmission,,544750,B,OMPOWER.BO
BSE,STOCK,ONEGLOBAL,One Global Service Provider,,514330,B,ONEGLOBAL.BO
BSE,STOCK,ONELIFECAP,Onelife Capital Advisors,,533632,T,ONELIFECAP.BO
BSE,STOCK,ONEPOINT,One Point One Solutions,,544748,B,ONEPOINT.BO
BSE,STOCK,ONESOURCE,Onesource Specialty Pharma,,544292,A,ONESOURCE.BO
BSE,STOCK,ONIDA,Onida Electronics,,500279,B,500279.BO
BSE,STOCK,ONIXSOLAR,Onix Solar Energy,,513119,B,ONIXSOLAR.BO
BSE,STOCK,ONMOBILE,OnMobile Global,,532944,T,ONMOBILE.BO
BSE,STOCK,ONTIC,Ontic Finserve,,540386,XT,ONTIC.BO
BSE,STOCK,ONWARDTEC,Onward Technologies,,517536,B,ONWARDTEC.BO
BSE,STOCK,OONE,ObjectOne Information Systems,,535657,X,OONE.BO
BSE,STOCK,OPCHAINS,OP Chains,,539116,MT,OPCHAINS.BO
BSE,STOCK,OPTIEMUS,Optiemus Infracom,,530135,B,OPTIEMUS.BO
BSE,STOCK,OPTIFIN,Optimus Finance,,531254,B,OPTIFIN.BO
BSE,STOCK,ORBTEXP,Orbit Exports,,512626,T,ORBTEXP.BO
BSE,STOCK,ORCHASP,Orchasp,,532271,B,ORCHASP.BO
BSE,STOCK,ORCHPHARMA,Orchid Pharma,,524372,B,ORCHPHARMA.BO
BSE,STOCK,ORGANICREC,Organic Recycling Systems,,543997,M,ORGANICREC.BO
BSE,STOCK,ORGCOAT,Organic Coatings,,531157,X,ORGCOAT.BO
BSE,STOCK,ORIBEVER,Orient Beverages,,507690,X,ORIBEVER.BO
BSE,STOCK,ORICONENT,Oricon Enterprises,,513121,B,ORICONENT.BO
BSE,STOCK,ORIENTALTL,Oriental Trimex,,532817,B,ORIENTALTL.BO
BSE,STOCK,ORIENTBELL,Orient Bell,,530365,B,ORIENTBELL.BO
BSE,STOCK,ORIENTCEM,Orient Cement,,535754,B,ORIENTCEM.BO
BSE,STOCK,ORIENTCER,Orient Ceratech,,504879,B,ORIENTCER.BO
BSE,STOCK,ORIENTELEC,Orient Electric,,541301,B,ORIENTELEC.BO
BSE,STOCK,ORIENTLTD,Orient Press,,526325,T,ORIENTLTD.BO
BSE,STOCK,ORIENTPPR,Orient Paper & Industries,,502420,B,502420.BO
BSE,STOCK,ORIENTTECH,Orient Technologies,,544235,B,ORIENTTECH.BO
BSE,STOCK,ORIENTTR,Orient Tradelink,,531512,X,ORIENTTR.BO
BSE,STOCK,ORIRAIL,Oriental Rail Infrastructure,,531859,B,ORIRAIL.BO
BSE,STOCK,ORISSAMINE,Orissa Minerals Development Comp,,590086,B,590086.BO
BSE,STOCK,ORKLAINDIA,Orkla,,544595,B,ORKLAINDIA.BO
BSE,STOCK,OROSMITHS,Orosil Smiths,,531626,XT,OROSMITHS.BO
BSE,STOCK,ORTINGLOBE,Ortin Global,,539287,B,ORTINGLOBE.BO
BSE,STOCK,OSIAJEE,Osiajee Texfab,,540198,X,OSIAJEE.BO
BSE,STOCK,OSWALAGRO,Oswal Agro Mills,,500317,B,OSWALAGRO.BO
BSE,STOCK,OSWALGREEN,Oswal Greentech,,539290,B,OSWALGREEN.BO
BSE,STOCK,OSWALPUMPS,Oswal Pumps,,544418,B,OSWALPUMPS.BO
BSE,STOCK,OVAL,Oval Projects Engineering,,544498,M,OVAL.BO
BSE,STOCK,OVOBELE,Ovobel Foods,,530741,XT,OVOBELE.BO
BSE,STOCK,OXFORDIN,Oxford Industries,,514414,XT,OXFORDIN.BO
BSE,STOCK,OXYGENTAPH,Oxygenta Pharmaceutical,,524636,XT,OXYGENTAPH.BO
BSE,STOCK,PACE,Pace E-Commerce Ventures,,543637,M,PACE.BO
BSE,STOCK,PACEDIGITK,Pace Digitek,,544550,B,PACEDIGITK.BO
BSE,STOCK,PACIFICI,Pacific Industries,,523483,B,PACIFICI.BO
BSE,STOCK,PADALPO,Padmanabh Alloys & Polymers,,531779,X,PADALPO.BO
BSE,STOCK,PADAMCO,Padam Cotton Yarns,,531395,XT,PADAMCO.BO
BSE,STOCK,PADMAIND,Padmanabh Industries,,526905,X,PADMAIND.BO
BSE,STOCK,PADMALAYAT,Padmalaya Telefilms,,532350,Z,PADMALAYAT.BO
BSE,STOCK,PAGEIND,Page Industries,,532827,A,PAGEIND.BO
BSE,STOCK,PAISALO,Paisalo Digital,,532900,A,PAISALO.BO
BSE,STOCK,PAJSON,Pajson Agro,,544657,M,PAJSON.BO
BSE,STOCK,PAKKA,Pakka,,516030,B,PAKKA.BO
BSE,STOCK,PALASHSECU,Palash Securities,,540648,B,PALASHSECU.BO
BSE,STOCK,PALCO,Palco Metals,,539121,X,PALCO.BO
BSE,STOCK,PALMJEWELS,Palm Jewels,,541444,X,PALMJEWELS.BO
BSE,STOCK,PALREDTEC,Palred Technologies,,532521,T,PALREDTEC.BO
BSE,STOCK,PANABYTE,Panabyte Technologies,,538742,X,PANABYTE.BO
BSE,STOCK,PANACEABIO,Panacea Biotec,,531349,B,PANACEABIO.BO
BSE,STOCK,PANAENERG,Panasonic Energy,,504093,X,PANAENERG.BO
BSE,STOCK,PANAFIC,Panafic Industrials,,538860,XT,PANAFIC.BO
BSE,STOCK,PANAMAPET,Panama Petrochem,,524820,B,PANAMAPET.BO
BSE,STOCK,PANCARBON,Panasonic Carbon,,508941,X,PANCARBON.BO
BSE,STOCK,PANCHMAHQ,Panchmahal Steels,,513511,B,PANCHMAHQ.BO
BSE,STOCK,PANCHSHEEL,Panchsheel Organics,,531726,X,PANCHSHEEL.BO
BSE,STOCK,PANCM,Panyam Cements & Mineral Industries,,500322,XT,PANCM.BO
BSE,STOCK,PANELEC,Pan Electroncis,,517397,X,PANELEC.BO
BSE,STOCK,PANHR,PAN HR Solutions,,544698,M,PANHR.BO
BSE,STOCK,PANIDPR,Panther Industrial Products,,524055,X,PANIDPR.BO
BSE,STOCK,PANINDIAC,PAN India Corporation,,511525,X,PANINDIAC.BO
BSE,STOCK,PANJON,Panjon,,526345,X,PANJON.BO
BSE,STOCK,PANKAJPO,Pankaj Polymers,,531280,XT,PANKAJPO.BO
BSE,STOCK,PANORAMA,Panorama Studios International,,539469,B,PANORAMA.BO
BSE,STOCK,PANTH,Panth Infinity,,539143,X,PANTH.BO
BSE,STOCK,PAOS,Paos Industries,,530291,X,PAOS.BO
BSE,STOCK,PARACABLES,Paramount Communications,,530555,B,530555.BO
BSE,STOCK,PARADEEP,Paradeep Phosphates,,543530,A,PARADEEP.BO
BSE,STOCK,PARAGMILK,Parag Milk Foods,,539889,A,PARAGMILK.BO
BSE,STOCK,PARAGONF,Paragon Finance,,531255,X,PARAGONF.BO
BSE,STOCK,PARAS,Paras Defence Space Tech,,543367,A,PARAS.BO
BSE,STOCK,PARASPETRO,Paras Petrofils,,521246,B,521246.BO
BSE,STOCK,PARKERAC,Parker Agrochem Exports,,524628,X,PARKERAC.BO
BSE,STOCK,PARKHOSPS,Park Medi World,,544645,B,PARKHOSPS.BO
BSE,STOCK,PARKHOTELS,Apeejay Surrendra Park Hotels,,544111,B,PARKHOTELS.BO
BSE,STOCK,PARLEIND,Parle Industries,,532911,XT,PARLEIND.BO
BSE,STOCK,PARMCOS-B,Paramount Cosmetics,,507970,X,PARMCOS-B.BO
BSE,STOCK,PARMESHWAR,Parmeshwar Metal,,544330,M,PARMESHWAR.BO
BSE,STOCK,PARMSILK,Parmeshwari Silk Mills,,540467,XT,PARMSILK.BO
BSE,STOCK,PARNAXLAB,Parnax Lab,,506128,B,PARNAXLAB.BO
BSE,STOCK,PARSHVA,Parshva Enterprises,,542694,B,PARSHVA.BO
BSE,STOCK,PARSHWANA,Parshwanath Housing Finance,,511176,X,PARSHWANA.BO
BSE,STOCK,PARVATI,Parvati Sweetners & Power,,541347,XT,PARVATI.BO
BSE,STOCK,PASARI,Pasari Spinning Mills,,521080,X,PASARI.BO
BSE,STOCK,PASHUPATI,Pashupati Cotspin,,544448,B,PASHUPATI.BO
BSE,STOCK,PASUPTAC,Pasupati Acrylons,,500456,T,PASUPTAC.BO
BSE,STOCK,PASUSPG,Pasupati Spinning & Weaving Mills,,503092,X,PASUSPG.BO
BSE,STOCK,PATANJALI,Patanjali Foods,,500368,A,PATANJALI.BO
BSE,STOCK,PATELCHEM,Patel Chem Specialities,,544460,MT,PATELCHEM.BO
BSE,STOCK,PATELENG,Patel Engineering,,531120,A,PATELENG.BO
BSE,STOCK,PATELSAI,Patels Airtemp,,517417,X,PATELSAI.BO
BSE,STOCK,PATIDAR,Patidar Buildcon,,524031,X,PATIDAR.BO
BSE,STOCK,PATINTLOG,Patel Integrated Logistic,,526381,T,PATINTLOG.BO
BSE,STOCK,PATRON,Patron Exim,,543798,M,PATRON.BO
BSE,STOCK,PATSPINLTD,Patspin,,514326,X,PATSPINLTD.BO
BSE,STOCK,PAUSHAKLTD,Paushak,,532742,B,PAUSHAKLTD.BO
BSE,STOCK,PAVNAIND,Pavna Industries,,543915,B,PAVNAIND.BO
BSE,STOCK,PAYTM,One 97 Communications,,543396,A,PAYTM.BO
BSE,STOCK,PBAINFRA,PBA infrastructure,,532676,XT,PBAINFRA.BO
BSE,STOCK,PBMPOLY,PBM Polytex,,514087,B,PBMPOLY.BO
BSE,STOCK,PCBL,PCBL Chemical,,506590,A,PCBL.BO
BSE,STOCK,PCCOSMA,Pee Cee Cosma Sope,,524136,X,PCCOSMA.BO
BSE,STOCK,PCJEWELLER,PC Jeweller,,534809,A,PCJEWELLER.BO
BSE,STOCK,PCL,Prospect Consumer Products,,543814,M,PCL.BO
BSE,STOCK,PCS,PCS Technology,,517119,X,PCS.BO
BSE,STOCK,PDMJEPAPER,Pudumjee Paper Products,,539785,B,PDMJEPAPER.BO
BSE,STOCK,PDSL,PDS,,538730,B,PDSL.BO
BSE,STOCK,PEARLPOLY,Pearl Polymers,,523260,B,PEARLPOLY.BO
BSE,STOCK,PECOS,Pecos Hotels & Pubs,,539273,M,PECOS.BO
BSE,STOCK,PEETISEC,Peeti Securities,,531352,X,PEETISEC.BO
BSE,STOCK,PEIL,Premier Energy & Infrastructure,,533100,X,PEIL.BO
BSE,STOCK,PENIND,Pennar Industries,,513228,A,PENIND.BO
BSE,STOCK,PENINLAND,Peninsula Land,,503031,T,PENINLAND.BO
BSE,STOCK,PERFEPA,Perfectpac,,526435,X,PERFEPA.BO
BSE,STOCK,PERMAGN,Permanent Magnets,,504132,B,PERMAGN.BO
BSE,STOCK,PERSISTENT,Persistent Systems,,533179,A,533179.BO
BSE,STOCK,PERVASIVE,Pervasive Commodities,,517172,XT,PERVASIVE.BO
BSE,STOCK,PESB,Pune e-Stock Broking,,544141,M,PESB.BO
BSE,STOCK,PETPLST,Pet Plastics,,524046,XT,PETPLST.BO
BSE,STOCK,PETRONET,Petronet LNG,,532522,A,PETRONET.BO
BSE,STOCK,PFC,Power Finance Corporation,,532810,A,PFC.BO
BSE,STOCK,PFL,Popular Foundations,,544259,M,PFL.BO
BSE,STOCK,PFLINFOTC,Pfl Infotech Ltd.,,531769,X,PFLINFOTC.BO
BSE,STOCK,PFS,PTC India Financial Services,,533344,B,PFS.BO
BSE,STOCK,PGCRL,Pearl Green Clubs & Resorts,,543540,M,PGCRL.BO
BSE,STOCK,PGEL,PG Electroplast,,533581,A,PGEL.BO
BSE,STOCK,PGFOILQ,PG Foils,,526747,X,PGFOILQ.BO
BSE,STOCK,PGHH,P&G Hygiene and Health Care,,500459,A,500459.BO
BSE,STOCK,PGHL,Procter & Gamble Health,,500126,A,PGHL.BO
BSE,STOCK,PGIL,Pearl Global Industries,,532808,A,PGIL.BO
BSE,STOCK,PHARMAID,Pharmaids Pharmaceuticals,,524572,X,PHARMAID.BO
BSE,STOCK,PHCAP,PH Capital,,500143,XT,PHCAP.BO
BSE,STOCK,PHOENIXLTD,Phoenix Mills,,503100,A,PHOENIXLTD.BO
BSE,STOCK,PHOENXINTL,Phoenix International,,526481,B,PHOENXINTL.BO
BSE,STOCK,PHOSPHATE,Phosphate Company,,542123,X,PHOSPHATE.BO
BSE,STOCK,PHOTOQUP,Photoquip,,526588,X,PHOTOQUP.BO
BSE,STOCK,PHRMASI,Phaarmasia,,523620,X,PHRMASI.BO
BSE,STOCK,PHYTO,Phyto Chem,,524808,X,PHYTO.BO
BSE,STOCK,PICCADIL,Piccadily Agro Industries,,530305,B,PICCADIL.BO
BSE,STOCK,PICCASUG,Piccadily Sugar & Allied,,507498,X,PICCASUG.BO
BSE,STOCK,PICTUREHS,Picturehouse Media,,532355,X,PICTUREHS.BO
BSE,STOCK,PIGL,Power & Instrumentation,,543912,B,PIGL.BO
BSE,STOCK,PIIND,PI Industries,,523642,A,PIIND.BO
BSE,STOCK,PILANIINVS,Pilani Investment & Industries,,539883,B,539883.BO
BSE,STOCK,PILITA,Pil Italica Lifestyle,,500327,B,PILITA.BO
BSE,STOCK,PINELABS,Pine Labs,,544606,B,PINELABS.BO
BSE,STOCK,PIONEEREMB,Pioneer Embroideries,,514300,B,PIONEEREMB.BO
BSE,STOCK,PIONRINV,Pioneer Investcorp,,507864,T,PIONRINV.BO
BSE,STOCK,PIOTEX,Piotex Industries,,544178,M,PIOTEX.BO
BSE,STOCK,PIRAMALFIN,Piramal Finance,,544597,B,PIRAMALFIN.BO
BSE,STOCK,PITTIENG,Pitti Engineering,,513519,B,PITTIENG.BO
BSE,STOCK,PIXTRANS,Pix Transmissions,,500333,B,PIXTRANS.BO
BSE,STOCK,PJL,Patdiam Jewellery,,539401,M,PJL.BO
BSE,STOCK,PLASTIBLEN,Plastiblends,,523648,B,523648.BO
BSE,STOCK,PLATIND,Platinum Industries,,544134,B,PLATIND.BO
BSE,STOCK,PLAZACABLE,Plaza Wires,,544003,B,PLAZACABLE.BO
BSE,STOCK,PMCFIN,PMC Fincorp,,534060,X,PMCFIN.BO
BSE,STOCK,PML,Paul Merchants,,539113,B,PML.BO
BSE,STOCK,PNBGILTS,PNB Gilts,,532366,B,PNBGILTS.BO
BSE,STOCK,PNBHOUSING,PNB Housing Finance,,540173,A,PNBHOUSING.BO
BSE,STOCK,PNC,Pritish Nandy Communications,,532387,B,PNC.BO
BSE,STOCK,PNCINFRA,PNC Infratech,,539150,A,PNCINFRA.BO
BSE,STOCK,PNGJL,PN Gadgil Jewellers,,544256,B,PNGJL.BO
BSE,STOCK,PNGSREVA,PNGS Reva Diamond Jewellery,,544718,B,PNGSREVA.BO
BSE,STOCK,PNTKYOR,Pentokey Organy,,524210,X,PNTKYOR.BO
BSE,STOCK,POBS,PlatinumOne Business Services,,543352,M,POBS.BO
BSE,STOCK,POCL,Pondy Oxides & Chemical,,532626,A,POCL.BO
BSE,STOCK,PODDARMENT,Poddar Pigments,,524570,B,PODDARMENT.BO
BSE,STOCK,POEL,POCL Enterprises,,539195,B,POEL.BO
BSE,STOCK,POKARNA,Pokarna,,532486,B,POKARNA.BO
BSE,STOCK,POLICYBZR,PB FinTech,,543390,A,POLICYBZR.BO
BSE,STOCK,POLSON,Polson,,507645,X,POLSON.BO
BSE,STOCK,POLYCAB,Polycab,,542652,A,POLYCAB.BO
BSE,STOCK,POLYCHEM,Polychem,,506605,X,POLYCHEM.BO
BSE,STOCK,POLYCHMP,Polymechplast Machines,,526043,X,POLYCHMP.BO
BSE,STOCK,POLYCON,Polycon International,,531397,XT,POLYCON.BO
BSE,STOCK,POLYLINK,Polylink Polymers,,531454,X,POLYLINK.BO
BSE,STOCK,POLYMAC,Polymac Thermoformers,,537573,M,POLYMAC.BO
BSE,STOCK,POLYMED,Poly Medicure,,531768,A,POLYMED.BO
BSE,STOCK,POLYPLEX,Polyplex Corporation,,524051,B,POLYPLEX.BO
BSE,STOCK,POLYSPIN,Polyspin Exports,,539354,B,POLYSPIN.BO
BSE,STOCK,PONNIERODE,Ponni Sugars Erode,,532460,B,532460.BO
BSE,STOCK,POOJA,Poojawestern Metaliks,,540727,B,POOJA.BO
BSE,STOCK,POOJAENT,Vashu Bhagnani Industries,,532011,X,POOJAENT.BO
BSE,STOCK,POONADAL,Poona Dal & Oil Industries,,519359,X,POONADAL.BO
BSE,STOCK,POONAWALLA,Poonawalla Fincorp,,524000,A,POONAWALLA.BO
BSE,STOCK,POPULARES,Popular Estate Management,,531870,X,POPULARES.BO
BSE,STOCK,PORWAL,Porwal Auto Components,,532933,X,PORWAL.BO
BSE,STOCK,POWERGRID,Power Grid Corporation of India,,532898,A,POWERGRID.BO
BSE,STOCK,POWERICA,Powerica,,544744,B,POWERICA.BO
BSE,STOCK,POWERINDIA,Hitachi Energy,,543187,A,POWERINDIA.BO
BSE,STOCK,POWERMECH,Power Mech Projects,,539302,A,POWERMECH.BO
BSE,STOCK,PPAP,PPAP Automotive,,532934,T,PPAP.BO
BSE,STOCK,PPARIVAH,Paradeep Parivahan,,544383,MT,PPARIVAH.BO
BSE,STOCK,PPL,Prakash Pipes,,542684,T,PPL.BO
BSE,STOCK,PPLPHARMA,Piramal Pharma,,543635,A,PPLPHARMA.BO
BSE,STOCK,PQIF,Polo Queen Industrial And Fintech,,540717,X,PQIF.BO
BSE,STOCK,PRABHA,Prabha Energy,,544379,B,PRABHA.BO
BSE,STOCK,PRABHHANS,Prabhhans Industries,,530361,XT,PRABHHANS.BO
BSE,STOCK,PRADPME,Pradeep Metals,,513532,T,PRADPME.BO
BSE,STOCK,PRAENG,Prajay Engineers Syndicate,,531746,B,PRAENG.BO
BSE,STOCK,PRAGBOS,Prag Bosimi Synthetics,,500192,X,PRAGBOS.BO
BSE,STOCK,PRAKASH,Prakash Industries,,506022,B,PRAKASH.BO
BSE,STOCK,PRAKASHSTL,Prakash Steelage,,533239,B,PRAKASHSTL.BO
BSE,STOCK,PRARUH,Praruh Technologies,,544538,MT,PRARUH.BO
BSE,STOCK,PRATIK,Pratik Panels,,526490,X,PRATIK.BO
BSE,STOCK,PRAVEG,Praveg,,531637,B,PRAVEG.BO
BSE,STOCK,PRAXIS,Praxis Home Retail,,540901,B,PRAXIS.BO
BSE,STOCK,PRECAM,Precision Camshafts,,539636,B,PRECAM.BO
BSE,STOCK,PRECISIO,Precision Electronics,,517258,XT,PRECISIO.BO
BSE,STOCK,PREMCAP,Premier Capital Services,,511016,XT,PREMCAP.BO
BSE,STOCK,PREMCO,Premco Global,,530331,B,PREMCO.BO
BSE,STOCK,PREMEXPLN,Premier Explosives,,526247,A,PREMEXPLN.BO
BSE,STOCK,PREMIERENE,Premier Energies,,544238,A,PREMIERENE.BO
BSE,STOCK,PREMIERPOL,Premier Polyfilm,,514354,B,514354.BO
BSE,STOCK,PREMSYN,Premier Synthetics,,509835,X,PREMSYN.BO
BSE,STOCK,PRERINFRA,Prerna Infrabuild,,531802,X,PRERINFRA.BO
BSE,STOCK,PRESTIGE,Prestige Estates Projects,,533274,A,PRESTIGE.BO
BSE,STOCK,PREVEST,Prevest Denpro,,543363,M,PREVEST.BO
BSE,STOCK,PRICOLLTD,Pricol,,540293,A,PRICOLLTD.BO
BSE,STOCK,PRIMAGR,Prima Agro,,519262,X,PRIMAGR.BO
BSE,STOCK,PRIMAIN,Prima Industries,,531246,X,PRIMAIN.BO
BSE,STOCK,PRIMAPLA,Prima Plastics,,530589,XT,PRIMAPLA.BO
BSE,STOCK,PRIMECAPM,PRIMECAPM,,535514,XT,PRIMECAPM.BO
BSE,STOCK,PRIMEFRESH,Prime Fresh,,540404,B,PRIMEFRESH.BO
BSE,STOCK,PRIMEPRO,Prime Property Development Corp,,530695,XT,PRIMEPRO.BO
BSE,STOCK,PRIMESECU,Prime Securities,,500337,B,500337.BO
BSE,STOCK,PRIMEURB,Prime Urban Development,,521149,X,PRIMEURB.BO
BSE,STOCK,PRIMIND,Prime Industries,,519299,X,PRIMIND.BO
BSE,STOCK,PRIMO,Primo Chemicals,,506852,B,PRIMO.BO
BSE,STOCK,PRINCEPIPE,Prince Pipes & Fittings,,542907,B,PRINCEPIPE.BO
BSE,STOCK,PRISMFN,Prism Finance,,531735,P,PRISMFN.BO
BSE,STOCK,PRISMMEDI,Prism Medico & Pharmacy,,512217,X,PRISMMEDI.BO
BSE,STOCK,PRISMX,Prismx Global Ventures,,501314,B,PRISMX.BO
BSE,STOCK,PRITHVIEXCH,Prithvi Exchange,,531688,X,PRITHVIEXCH.BO
BSE,STOCK,PRITIKAUTO,Pritika Auto Industries,,539359,T,PRITIKAUTO.BO
BSE,STOCK,PRIVISCL,Privi Speciality Chemicals,,530117,A,PRIVISCL.BO
BSE,STOCK,PRIYALT,Priya,,524580,X,PRIYALT.BO
BSE,STOCK,PROCLB,Pro CLB Global,,540703,X,PROCLB.BO
BSE,STOCK,PRODOCS,Prodocs Solutions,,544643,M,PRODOCS.BO
BSE,STOCK,PROFINC,Pro Fin Capital Services,,511557,Z,PROFINC.BO
BSE,STOCK,PROMACT,Promact Plastics,,526494,X,PROMACT.BO
BSE,STOCK,PROMAX,Promax Power,,543375,M,PROMAX.BO
BSE,STOCK,PROSTARM,Prostarm Info Systems,,544410,B,PROSTARM.BO
BSE,STOCK,PROTEAN,Protean e-Gov Technologies,,544021,A,PROTEAN.BO
BSE,STOCK,PROZONER,Prozone Realty,,534675,B,PROZONER.BO
BSE,STOCK,PRSMJOHNSN,Prism Johnson,,500338,B,PRSMJOHNSN.BO
BSE,STOCK,PRSNTIN,Prashant,,519014,X,PRSNTIN.BO
BSE,STOCK,PRUDENT,Prudent Corporate Advisory Services,,543527,A,PRUDENT.BO
BSE,STOCK,PRUDMOULI,Prudential Sugar Corporation,,500342,T,500342.BO
BSE,STOCK,PSB,Punjab & Sind Bank,,533295,B,PSB.BO
BSE,STOCK,PSITINFRA,PS IT Infrastructure & Services,,505502,XT,PSITINFRA.BO
BSE,STOCK,PSPL,PDP Shipping & Projects,,544378,M,PSPL.BO
BSE,STOCK,PSPPROJECT,PSP Projects,,540544,B,PSPPROJECT.BO
BSE,STOCK,PTC,PTC India,,532524,A,PTC.BO
BSE,STOCK,PTCIL,PTC Industries,,539006,A,PTCIL.BO
BSE,STOCK,PTL,PTL Enterprises,,509220,B,PTL.BO
BSE,STOCK,PULSRIN,Pulsar International,,512591,X,PULSRIN.BO
BSE,STOCK,PUNJABCHEM,Punjab Chemicals & Crop Protection,,506618,B,PUNJABCHEM.BO
BSE,STOCK,PUNJCOMMU,Punjab Communications,,500346,B,PUNJCOMMU.BO
BSE,STOCK,PURETROP,Puretrop Fruits,,530077,X,PURETROP.BO
BSE,STOCK,PURITY,Purity Flex Pack,,523315,X,PURITY.BO
BSE,STOCK,PUROHITCON,Purohit Construction,,538993,XT,PUROHITCON.BO
BSE,STOCK,PURPLE,Purple Agrotech Industries,,540159,X,PURPLE.BO
BSE,STOCK,PURPLEFIN,Purple Finance,,544191,X,PURPLEFIN.BO
BSE,STOCK,PURPLEWAVE,Purple Wave Infocom,,544627,MT,PURPLEWAVE.BO
BSE,STOCK,PURSHOTTAM,Purshottam Investofin,,538647,X,PURSHOTTAM.BO
BSE,STOCK,PURVA,Puravankara,,532891,B,PURVA.BO
BSE,STOCK,PVP,PVP Ventures,,517556,B,PVP.BO
BSE,STOCK,PVRINOX,PVR Inox,,532689,A,PVRINOX.BO
BSE,STOCK,PVSL,Popular Vehicles & Services,,544144,B,PVSL.BO
BSE,STOCK,PVVINFRA,PVV Infra,,536659,X,PVVINFRA.BO
BSE,STOCK,PWASML,Prakash Woollen & Synthetic Mills,,531437,X,PWASML.BO
BSE,STOCK,PWL,Physicswallah,,544609,B,PWL.BO
BSE,STOCK,PYRAMID,Pyramid Technoplast,,543969,B,PYRAMID.BO
BSE,STOCK,PYXISFIN,Pyxis Finvest,,534109,MT,534109.BO
BSE,STOCK,QGO,QGO Finance,,538646,X,QGO.BO
BSE,STOCK,QLL,Qualitek Labs,,544091,M,QLL.BO
BSE,STOCK,QPOWER,Quality Power Electrical Equipments,,544367,B,QPOWER.BO
BSE,STOCK,QRIL,Quality RO Industries,,543460,M,QRIL.BO
BSE,STOCK,QUADFUTURE,Quadrant Future Tek,,544336,B,QUADFUTURE.BO
BSE,STOCK,QUANTDIA,Quantum Digital Vision,,530281,XT,QUANTDIA.BO
BSE,STOCK,QUESS,Quess Corp,,539978,B,QUESS.BO
BSE,STOCK,QUESTCAP,Quest Capital Markets,,500069,X,QUESTCAP.BO
BSE,STOCK,QUESTFLOW,Meson Valves,,543982,M,QUESTFLOW.BO
BSE,STOCK,QUICKHEAL,Quick Heal Technologies,,539678,T,QUICKHEAL.BO
BSE,STOCK,QUINT,Quint Digital Media,,539515,B,QUINT.BO
BSE,STOCK,RAAJMEDI,Raaj Medisafe,,524502,XT,RAAJMEDI.BO
BSE,STOCK,RAAMA,Raama Finance,,538540,XT,RAAMA.BO
BSE,STOCK,RACE,Race Eco Chain,,537785,B,RACE.BO
BSE,STOCK,RACHIT,Rachit Prints,,544503,M,RACHIT.BO
BSE,STOCK,RACLGEAR,RACL Geartech,,520073,B,RACLGEAR.BO
BSE,STOCK,RACONTEUR,Raconteur Global Resources,,541703,M,RACONTEUR.BO
BSE,STOCK,RADAAN,Radaan Mediaworks,,590070,B,RADAAN.BO
BSE,STOCK,RADHEDE,Radhe Developers,,531273,X,RADHEDE.BO
BSE,STOCK,RADHIKAJWE,Radhika Jeweltech,,540125,B,RADHIKAJWE.BO
BSE,STOCK,RADIANTCMS,Radiant Cash Management Services,,543732,B,RADIANTCMS.BO
BSE,STOCK,RADIOCITY,Music Broadcast,,540366,B,RADIOCITY.BO
BSE,STOCK,RADIXIND,Radix Industries,,531412,X,RADIXIND.BO
BSE,STOCK,RAFL,Raghuvansh Agrofarms,,538921,M,RAFL.BO
BSE,STOCK,RAGHUNAT,Raghunath International,,526813,X,RAGHUNAT.BO
BSE,STOCK,RAGHUSYN,Raghuvir Synthetics,,514316,X,RAGHUSYN.BO
BSE,STOCK,RAGHUTOB,Raghunath Tobacco,,531552,X,RAGHUTOB.BO
BSE,STOCK,RAILTEL,Railtel Corporation of India,,543265,A,RAILTEL.BO
BSE,STOCK,RAIN,Rain Industries,,500339,A,RAIN.BO
BSE,STOCK,RAINBOW,Rainbow Childrens Medicare,,543524,A,RAINBOW.BO
BSE,STOCK,RAINBOWF,Rainbow Foundations,,531694,X,RAINBOWF.BO
BSE,STOCK,RAJABAH,Raja Bahadur International,,503127,X,RAJABAH.BO
BSE,STOCK,RAJESH,Rajesh Power Services,,544291,M,RAJESH.BO
BSE,STOCK,RAJESHEXPO,Rajesh Exports,,531500,Z,RAJESHEXPO.BO
BSE,STOCK,RAJINFRA,Rajeswari Infrastructure,,526823,Z,RAJINFRA.BO
BSE,STOCK,RAJKOTINV,Rajkot Investment Trust,,539495,X,RAJKOTINV.BO
BSE,STOCK,RAJKSYN,Rajkamal Synthetics,,514028,X,RAJKSYN.BO
BSE,STOCK,RAJNISH,Rajnish Wellness,,541601,B,RAJNISH.BO
BSE,STOCK,RAJOOENG,Rajoo Engineers,,522257,T,RAJOOENG.BO
BSE,STOCK,RAJPACK,Raj Packaging Industries,,530111,X,RAJPACK.BO
BSE,STOCK,RAJPALAYAM,Rajapalayam Mills,,532503,B,RAJPALAYAM.BO
BSE,STOCK,RAJPUTANA,Rajputana Investment & Finance,,539090,X,RAJPUTANA.BO
BSE,STOCK,RAJRATAN,Rajratan Global Wire,,517522,B,RAJRATAN.BO
BSE,STOCK,RAJRILTD,Raj Rayon Industries,,530699,T,RAJRILTD.BO
BSE,STOCK,RAJSEC,Rajasthan Securities,,526873,X,RAJSEC.BO
BSE,STOCK,RAJSPTR,Rajasthan Petro Synthetics,,506975,P,RAJSPTR.BO
BSE,STOCK,RAJSREESUG,Rajshree Sugars & Chemicals,,500354,B,500354.BO
BSE,STOCK,RAJTUBE,Rajasthan Tube Manufacturing,,530253,XT,RAJTUBE.BO
BSE,STOCK,RAJTV,Raj TV Network,,532826,B,RAJTV.BO
BSE,STOCK,RAJVI,Rajvi Logitrade,,511185,X,RAJVI.BO
BSE,STOCK,RAL,Resourceful Automobile,,544236,M,RAL.BO
BSE,STOCK,RALEGRA,Ravileela Granites,,526095,XT,RALEGRA.BO
BSE,STOCK,RAMANEWS,Shree Rama Newsprint & Papers,,500356,B,500356.BO
BSE,STOCK,RAMAPHO,Rama Phosphates,,524037,B,RAMAPHO.BO
BSE,STOCK,RAMAPPR-B,Rama Paper Mills,,500357,Z,RAMAPPR-B.BO
BSE,STOCK,RAMASTEEL,Rama Steel Tubes,,539309,T,RAMASTEEL.BO
BSE,STOCK,RAMAVISION,Rama Vision,,523289,X,RAMAVISION.BO
BSE,STOCK,RAMBHAJO,Advit Jewels,,544803,B,RAMBHAJO.BO
BSE,STOCK,RAMCOCEM,Ramco Cements,,500260,A,RAMCOCEM.BO
BSE,STOCK,RAMCOIND,Ramco Industries,,532369,B,RAMCOIND.BO
BSE,STOCK,RAMCOSYS,Ramco Systems,,532370,B,RAMCOSYS.BO
BSE,STOCK,RAMGOPOLY,Ramgopal Polytex,,514223,XT,RAMGOPOLY.BO
BSE,STOCK,RAMINFO,Raminfo,,530951,X,RAMINFO.BO
BSE,STOCK,RAMKY,Ramky Infrastructure,,533262,B,RAMKY.BO
BSE,STOCK,RAMRAT,Ram Ratna Wires,,522281,B,RAMRAT.BO
BSE,STOCK,RAMSONS,Ramsons Projects,,530925,X,RAMSONS.BO
BSE,STOCK,RANASUG,Rana Sugars,,507490,B,RANASUG.BO
BSE,STOCK,RANDER,Rander Corporation,,531228,XT,RANDER.BO
BSE,STOCK,RANEHOLDIN,Rane Holdings,,505800,B,RANEHOLDIN.BO
BSE,STOCK,RANJEET,Ranjeet Mechatronics,,541945,M,RANJEET.BO
BSE,STOCK,RANJITSE,Ranjit Securities,,531572,XT,RANJITSE.BO
BSE,STOCK,RAP,Rap Corp,,531583,X,RAP.BO
BSE,STOCK,RAPICUT,Rapicut Carbides,,500360,XT,RAPICUT.BO
BSE,STOCK,RAPID,Rapid Multimodal Logistics,,544237,M,RAPID.BO
BSE,STOCK,RAPIDIN,Rapid Investments,,501351,X,RAPIDIN.BO
BSE,STOCK,RASANDIK,Rasandik Engineering Industries,,522207,X,RASANDIK.BO
BSE,STOCK,RASIELEC,Rasi Electrodes,,531233,X,RASIELEC.BO
BSE,STOCK,RASRESOR,Ras Resorts & Apart Hotels,,507966,X,RASRESOR.BO
BSE,STOCK,RATEGAIN,RateGain Travel,,543417,A,RATEGAIN.BO
BSE,STOCK,RATHIBAR,Rathi Bars,,532918,X,RATHIBAR.BO
BSE,STOCK,RATHIST,Rathi Steel & Power,,504903,XT,RATHIST.BO
BSE,STOCK,RATNABHUMI,Ratnabhumi Developers,,540796,B,RATNABHUMI.BO
BSE,STOCK,RATNAMANI,Ratnamani Metals & Tubes,,520111,A,RATNAMANI.BO
BSE,STOCK,RATNAVEER,Ratnaveer Precision Engineering,,543978,B,RATNAVEER.BO
BSE,STOCK,RAVALSUGAR,The Ravalgaon Sugar Farm,,507300,X,RAVALSUGAR.BO
BSE,STOCK,RAVEL,Ravelcare,,544629,M,RAVEL.BO
BSE,STOCK,RAWEDGE,Raw Edge Industrial Solutions,,541634,B,RAWEDGE.BO
BSE,STOCK,RAYALEMA,Royale Manor Hotels & Industries,,526640,X,RAYALEMA.BO
BSE,STOCK,RAYMONDLSL,Raymond Lifestyle,,544240,A,RAYMONDLSL.BO
BSE,STOCK,RAYMONDREL,Raymond Realty,,544420,B,RAYMONDREL.BO
BSE,STOCK,RBA,Restaurant Brand Asia (Burger King),,543248,A,RBA.BO
BSE,STOCK,RBLBANK,RBL Bank,,540065,A,RBLBANK.BO
BSE,STOCK,RBZJEWEL,RBZ Jewellers,,544060,B,RBZJEWEL.BO
BSE,STOCK,RCAN,Rajeshwari Cans,,543285,M,RCAN.BO
BSE,STOCK,RCCL,Rajasthan Cylinders Containers,,538707,X,RCCL.BO
BSE,STOCK,RCF,Rashtriya Chemicals & Fertilizers,,524230,A,RCF.BO
BSE,STOCK,RCL,Radhagobind Commercial,,539673,Z,RCL.BO
BSE,STOCK,RCOM,Reliance Communications,,532712,T,RCOM.BO
BSE,STOCK,RDBIPL,RDB Infrastructure & Power,,533285,B,RDBIPL.BO
BSE,STOCK,RDBRL,RDB Rasayans,,533608,X,RDBRL.BO
BSE,STOCK,RDEL,Riddhi Display Equipments,,544640,M,RDEL.BO
BSE,STOCK,RDGAIL,Rukmani Devi Garg Agro Impex,,544552,M,RDGAIL.BO
BSE,STOCK,REALECO,Real Eco Energy,,530053,X,REALECO.BO
BSE,STOCK,RECLTD,REC,,532955,A,RECLTD.BO
BSE,STOCK,RECODE,Recode Studios,,544755,MT,RECODE.BO
BSE,STOCK,REDINGTON,Redington,,532805,A,REDINGTON.BO
BSE,STOCK,REDTAPE,Redtape,,543957,B,REDTAPE.BO
BSE,STOCK,REETECH,Reetech International,,543617,M,REETECH.BO
BSE,STOCK,REFEX,Refex Industries,,532884,A,REFEX.BO
BSE,STOCK,REGAAL,Regaal Resources,,544485,B,REGAAL.BO
BSE,STOCK,REGAL,Regal Entertainment Consultants,,531033,X,REGAL.BO
BSE,STOCK,REGANTO,Reganto Enterprises,,517393,Z,REGANTO.BO
BSE,STOCK,REGENCERAM,Regency Ceramics,,515018,B,REGENCERAM.BO
BSE,STOCK,REGENCY,Regency Fincorp,,540175,XT,REGENCY.BO
BSE,STOCK,REGENTRP,Regent Enterprises,,512624,X,REGENTRP.BO
BSE,STOCK,REGIS,Regis Industries,,543208,X,REGIS.BO
BSE,STOCK,RELAXO,Relaxo Footwears,,530517,A,RELAXO.BO
BSE,STOCK,RELCHEMQ,Reliance Chemotex,,503162,B,RELCHEMQ.BO
BSE,STOCK,RELIABLE,Reliable Data Services,,544207,B,RELIABLE.BO
BSE,STOCK,RELIABVEN,Reliable Ventures,,532124,XT,RELIABVEN.BO
BSE,STOCK,RELIANCE,Reliance Industries,,500325,A,500325.BO
BSE,STOCK,RELICAB,Relicab Cable Manufacturing,,539760,B,RELICAB.BO
BSE,STOCK,RELICTEC,Relic Technologies,,511712,X,RELICTEC.BO
BSE,STOCK,RELIGARE,Religare Enterprises,,532915,A,RELIGARE.BO
BSE,STOCK,RELTD,Ravindra Energy,,504341,B,RELTD.BO
BSE,STOCK,REMAGNET,Midwest Energy,,526570,B,REMAGNET.BO
BSE,STOCK,REMIEDEL,Remi Edelstahl Tubulars,,513043,X,REMIEDEL.BO
BSE,STOCK,REMSONSIND,Remsons Industries,,530919,B,REMSONSIND.BO
BSE,STOCK,REPCOHOME,Repco Home Finance,,535322,B,REPCOHOME.BO
BSE,STOCK,REPONO,Repono,,544463,MT,REPONO.BO
BSE,STOCK,RESGEN,ResGen,,543805,M,RESGEN.BO
BSE,STOCK,RESONANCE,Resonance Specialties,,524218,XT,RESONANCE.BO
BSE,STOCK,RESPONIND,Responsive Industries,,505509,B,RESPONIND.BO
BSE,STOCK,RESPONSINF,Response Informatics,,538273,X,RESPONSINF.BO
BSE,STOCK,RESTILE,Restile Ceramics,,515085,X,RESTILE.BO
BSE,STOCK,RETAGGIO,Retaggio Industries,,544391,M,RETAGGIO.BO
BSE,STOCK,RETINA,Retina Paints,,543902,M,RETINA.BO
BSE,STOCK,REXNORD,Rexnord Electronics & Controls,,531888,XT,REXNORD.BO
BSE,STOCK,REXSEAL,Rex Sealing & Packing Industries,,543744,M,REXSEAL.BO
BSE,STOCK,RFIL,Rajnandini Fashion,,544771,M,RFIL.BO
BSE,STOCK,RFL,Ruparel Food Products,,511740,X,RFL.BO
BSE,STOCK,RFLL,Rita Finance & Leasing,,543256,X,RFLL.BO
BSE,STOCK,RFSL,Richfield Financial Services,,539435,X,RFSL.BO
BSE,STOCK,RGF,RGF Capital Markets,,539669,XT,RGF.BO
BSE,STOCK,RGIL,Rotographics,,539922,XT,RGIL.BO
BSE,STOCK,RGL,Renaissance Jewellery,,532923,B,RGL.BO
BSE,STOCK,RGRL,Retro Green Revolution,,519191,Z,RGRL.BO
BSE,STOCK,RHETAN,Rhetan TMT,,543590,B,RHETAN.BO
BSE,STOCK,RHFL,Reliance Home Finance,,540709,Z,RHFL.BO
BSE,STOCK,RHIM,RHI Magnesita,,534076,A,RHIM.BO
BSE,STOCK,RHL,Robust Hotels,,543901,B,RHL.BO
BSE,STOCK,RIBATEX,Riba Textiles,,531952,XT,RIBATEX.BO
BSE,STOCK,RICHUNV,Rich Universe Network,,530271,X,RICHUNV.BO
BSE,STOCK,RICOAUTO,Rico Auto Industries,,520008,B,520008.BO
BSE,STOCK,RIDDHI,Riddhi Siddhi Gluco Biols,,524480,XT,RIDDHI.BO
BSE,STOCK,RIDDHICORP,Riddhi Corporate Services,,540590,X,RIDDHICORP.BO
BSE,STOCK,RIIL,Reliance Industrial Infrastructure,,523445,B,RIIL.BO
BSE,STOCK,RIKHAV,Rikhav Securities,,544340,M,RIKHAV.BO
BSE,STOCK,RIR,RIR Power Electronics,,517035,B,RIR.BO
BSE,STOCK,RISAINTL,Risa International,,530251,X,RISAINTL.BO
BSE,STOCK,RISHABH,Rishabh Instruments,,543977,B,RISHABH.BO
BSE,STOCK,RISHDIGA,Rishabh Digha Steel & Allied Products,,531539,X,RISHDIGA.BO
BSE,STOCK,RISHILASE,Rishi Laser,,526861,X,RISHILASE.BO
BSE,STOCK,RISHIROOP,Rishiroop,,526492,X,RISHIROOP.BO
BSE,STOCK,RISHITECH,Rishi Techtex,,523021,X,RISHITECH.BO
BSE,STOCK,RITCO,Ritco Logistics,,542383,B,RITCO.BO
BSE,STOCK,RITES,RITES,,541556,A,RITES.BO
BSE,STOCK,RITESHIN,Ritesh International,,519097,XT,RITESHIN.BO
BSE,STOCK,RITHWIKFMS,Rithwik Facility Management Services,,540843,MT,RITHWIKFMS.BO
BSE,STOCK,RIYAASAT,Riyaasat Lifestyle,,544804,M,RIYAASAT.BO
BSE,STOCK,RJSHAH,RJ Shah & Company,,509845,P,RJSHAH.BO
BSE,STOCK,RKDAGRRTL,RKD Agri & Retail,,511169,X,RKDAGRRTL.BO
BSE,STOCK,RKDL,Ravi Kumar Distilleries,,533294,B,RKDL.BO
BSE,STOCK,RKSWAMY,RK Swamy,,544136,B,RKSWAMY.BO
BSE,STOCK,RLF,RLF,,512618,X,RLF.BO
BSE,STOCK,RMC,RMC Switchgears,,540358,B,RMC.BO
BSE,STOCK,RMDRIP,RM Drip & Sprinklers System,,544456,T,RMDRIP.BO
BSE,STOCK,RML,Rane Madras,,532661,B,532661.BO
BSE,STOCK,RNBDENIMS,R&B Denims,,538119,B,RNBDENIMS.BO
BSE,STOCK,RNITAI,Rnit Ai Solutions,,517286,X,RNITAI.BO
BSE,STOCK,ROBU,Macfos,,543787,M,ROBU.BO
BSE,STOCK,RODIUM,Rodium Realty,,531822,X,RODIUM.BO
BSE,STOCK,ROJL,RO Jewels,,543171,B,ROJL.BO
BSE,STOCK,ROLCOEN,Rolcon Engineering Company,,505807,P,ROLCOEN.BO
BSE,STOCK,ROLEXRINGS,Rolex Rings,,543325,B,ROLEXRINGS.BO
BSE,STOCK,ROLLT,Rollatainers,,502448,T,ROLLT.BO
BSE,STOCK,ROML,Raj Oil Mills,,533093,B,ROML.BO
BSE,STOCK,RONI,Roni Households,,542145,M,RONI.BO
BSE,STOCK,ROOPAIND,Roopa Industries,,530991,X,ROOPAIND.BO
BSE,STOCK,ROOPSHRI,Roopshri Resorts,,542599,MT,ROOPSHRI.BO
BSE,STOCK,ROSELABS,Roselabs Finance,,531324,X,ROSELABS.BO
BSE,STOCK,ROSEMER,Rose Merc,,512115,X,ROSEMER.BO
BSE,STOCK,ROSSARI,Rossari Biotech,,543213,B,ROSSARI.BO
BSE,STOCK,ROSSELLIND,Rossell,,533168,B,ROSSELLIND.BO
BSE,STOCK,ROSSTECH,Rossell Techsys,,544294,B,ROSSTECH.BO
BSE,STOCK,ROTO,Roto Pumps,,517500,B,ROTO.BO
BSE,STOCK,ROUTE,Route Mobile,,543228,B,ROUTE.BO
BSE,STOCK,ROYAL,Royal Sense,,544143,M,ROYAL.BO
BSE,STOCK,ROYALCU,Royal Cushion Vinyl Products,,526193,X,ROYALCU.BO
BSE,STOCK,ROYALIND,Royal India Corp,,512047,X,ROYALIND.BO
BSE,STOCK,RPEL,Raghav Productivity Enhancers,,539837,B,RPEL.BO
BSE,STOCK,RPGLIFE,RPG Life Sciences,,532983,B,RPGLIFE.BO
BSE,STOCK,RPOWER,Reliance Power,,532939,A,RPOWER.BO
BSE,STOCK,RPPINFRA,RPP Infra Projects,,533284,B,RPPINFRA.BO
BSE,STOCK,RPSGVENT,RPSG Ventures,,542333,B,RPSGVENT.BO
BSE,STOCK,RPTECH,Rashi Peripherals,,544119,B,RPTECH.BO
BSE,STOCK,RRECL,RDB Real Estate Construct,,544346,B,RRECL.BO
BSE,STOCK,RRETAIL,Rajnish Retail,,530525,XT,RRETAIL.BO
BSE,STOCK,RRFIN,RR Financial Consultants,,511626,XT,RRFIN.BO
BSE,STOCK,RRIL,RRIL,,531307,B,RRIL.BO
BSE,STOCK,RRKABEL,RR Kabel,,543981,A,RRKABEL.BO
BSE,STOCK,RRMETAL,RR Metalmakers,,531667,XT,RRMETAL.BO
BSE,STOCK,RSCINT,RSC International,,530179,XT,RSCINT.BO
BSE,STOCK,RSDFIN,RSD Finance,,539875,T,RSDFIN.BO
BSE,STOCK,RSL,Rajputana Stainless,,544731,B,RSL.BO
BSE,STOCK,RSSOFTWARE,RS Software,,517447,B,517447.BO
BSE,STOCK,RSTL,Riddhi Steel & Tube,,540082,MT,RSTL.BO
BSE,STOCK,RSWM,RSWM,,500350,T,500350.BO
BSE,STOCK,RTFL,Real Touch Finance,,538611,Z,RTFL.BO
BSE,STOCK,RTNINDIA,Rattan India Enterprises,,534597,B,RTNINDIA.BO
BSE,STOCK,RTNPOWER,RattanIndia Power,,533122,A,RTNPOWER.BO
BSE,STOCK,RTSPOWR,RTS Power Corporation,,531215,B,RTSPOWR.BO
BSE,STOCK,RUBFILA,Rubfila International,,500367,B,RUBFILA.BO
BSE,STOCK,RUBICON,Rubicon Research,,544578,B,RUBICON.BO
BSE,STOCK,RUBYMILLS,Ruby Mills,,503169,T,503169.BO
BSE,STOCK,RUCHINFRA,Ruchi Infrastructure,,509020,B,509020.BO
BSE,STOCK,RUDRA,Rudra Global Infra Products,,539226,B,RUDRA.BO
BSE,STOCK,RUDRAECO,Rudra Ecovation,,514010,XT,RUDRAECO.BO
BSE,STOCK,RUDRAGAS,Rudra Gas Enterprise,,544121,M,RUDRAGAS.BO
BSE,STOCK,RUNGTAIR,Rungta Irrigation,,530449,X,RUNGTAIR.BO
BSE,STOCK,RUPA,Rupa & Company,,533552,B,RUPA.BO
BSE,STOCK,RUSHIL,Rushil Decor,,533470,B,RUSHIL.BO
BSE,STOCK,RUSTOMJEE,Keystone Realtors,,543669,B,RUSTOMJEE.BO
BSE,STOCK,RVHL,Ravinder Heights,,543251,B,RVHL.BO
BSE,STOCK,RVNL,Rail Vikas Nigam,,542649,A,RVNL.BO
BSE,STOCK,RVTH,Revathi Equipment,,544246,B,RVTH.BO
BSE,STOCK,S&SPOWER,S&S Power Switchgears,,517273,B,S&SPOWER.BO
BSE,STOCK,SAATVIKGL,Saatvik Green Energy,,544526,B,SAATVIKGL.BO
BSE,STOCK,SAB,SAB Industries,,539112,B,SAB.BO
BSE,STOCK,SABOOSOD,Saboo Sodium Chloro,,530461,X,SABOOSOD.BO
BSE,STOCK,SACHEMT,Sacheta Metals,,531869,X,SACHEMT.BO
BSE,STOCK,SADBHIN,Sadbhav Infrastructure Projects,,539346,T,SADBHIN.BO
BSE,STOCK,SADHNANIQ,Sadhana Nitrochem,,506642,T,SADHNANIQ.BO
BSE,STOCK,SAFARI,Safari Industries,,523025,A,SAFARI.BO
BSE,STOCK,SAFE,Sodhani Academy of Fintec,,544257,M,SAFE.BO
BSE,STOCK,SAFECURE,Safecure Services,,544596,M,SAFECURE.BO
BSE,STOCK,SAFFRON,Saffron Industries,,531436,X,SAFFRON.BO
BSE,STOCK,SAGARSOFT,Sagarsoft,,540143,X,SAGARSOFT.BO
BSE,STOCK,SAGCEM,Sagar Cements,,502090,B,502090.BO
BSE,STOCK,SAGILITY,Sagility,,544282,A,SAGILITY.BO
BSE,STOCK,SAHARAHOUS,Sahara Housing Fina Corporation,,511533,X,SAHARAHOUS.BO
BSE,STOCK,SAHLIBHFI,Shalibhadra Finance,,511754,B,SAHLIBHFI.BO
BSE,STOCK,SAHYADRI,Sahyadri Industries,,532841,B,SAHYADRI.BO
BSE,STOCK,SAICAPI,Sai Capital,,531931,B,SAICAPI.BO
BSE,STOCK,SAICOM,Saianand Commercial,,512097,X,SAICOM.BO
BSE,STOCK,SAILANI,Sailani Tours N Travels,,543541,M,SAILANI.BO
BSE,STOCK,SAILIFE,Sai Life Sciences,,544306,A,SAILIFE.BO
BSE,STOCK,SAINIK,Sainik Finance & Industries,,530265,X,SAINIK.BO
BSE,STOCK,SAIPARENT,Sai Parenteral's,,544742,B,SAIPARENT.BO
BSE,STOCK,SAKHTISUG,Sakthi Sugars,,507315,B,SAKHTISUG.BO
BSE,STOCK,SAKTHIFIN,Sakthi Finance,,511066,X,SAKTHIFIN.BO
BSE,STOCK,SAKUMA,Sakuma Exports,,532713,B,532713.BO
BSE,STOCK,SALASAR,Salasar Techno Engineering,,540642,B,SALASAR.BO
BSE,STOCK,SALAUTO,SAL Automotive,,539353,X,SALAUTO.BO
BSE,STOCK,SALEM,Salem Erode Investments,,540181,X,SALEM.BO
BSE,STOCK,SALGUTI,Salguti Industries,,526554,X,SALGUTI.BO
BSE,STOCK,SALONA,Salona Cotspin,,590056,B,SALONA.BO
BSE,STOCK,SALORAINTL,Salora International,,500370,X,SALORAINTL.BO
BSE,STOCK,SALSAIN,Shree Salasar Investment,,503635,XT,SALSAIN.BO
BSE,STOCK,SALSTEEL,SAL Steel,,532604,B,SALSTEEL.BO
BSE,STOCK,SALZERELEC,Salzer Electronics,,517059,B,SALZERELEC.BO
BSE,STOCK,SAMBANDAM,Sambandam Spinning Mills,,521240,B,SAMBANDAM.BO
BSE,STOCK,SAMBHAAV,Sambhaav Media,,511630,B,SAMBHAAV.BO
BSE,STOCK,SAMBHV,Sambhv Steel Tubes,,544430,B,SAMBHV.BO
BSE,STOCK,SAMHI,Samhi Hotels,,543984,A,SAMHI.BO
BSE,STOCK,SAMINDUS,Sam Industries,,532005,X,SAMINDUS.BO
BSE,STOCK,SAMKRG,Samkrg Pistons & Rings,,520075,X,SAMKRG.BO
BSE,STOCK,SAMMAANCAP,Sammaan Capital,,535789,A,SAMMAANCAP.BO
BSE,STOCK,SAMOR,Samor Reality,,543376,B,SAMOR.BO
BSE,STOCK,SAMPANN,Sampann Utpadan,,534598,B,SAMPANN.BO
BSE,STOCK,SAMPAT,Sampat Aluminium,,544520,MT,SAMPAT.BO
BSE,STOCK,SAMPRE,Sampre Nutritions,,530617,X,SAMPRE.BO
BSE,STOCK,SAMRATFORG,Samrat Forgings,,543229,X,SAMRATFORG.BO
BSE,STOCK,SAMRATPH,Samrat Pharmachem,,530125,X,SAMRATPH.BO
BSE,STOCK,SAMSRITA,Samsrita Labs,,539267,X,SAMSRITA.BO
BSE,STOCK,SAMTELIN,Samtel,,500371,XT,SAMTELIN.BO
BSE,STOCK,SAMTEX,Samtex Fashions,,521206,X,SAMTEX.BO
BSE,STOCK,SAMYAKINT,Samyak International,,530025,X,SAMYAKINT.BO
BSE,STOCK,SANATHAN,Sanathan Textiles,,544314,B,SANATHAN.BO
BSE,STOCK,SANBLUE,Sanblue Corporation,,521222,X,SANBLUE.BO
BSE,STOCK,SANCF,Sanchay Finvest,,511563,Z,SANCF.BO
BSE,STOCK,SANCODE,Sancode Technologies,,543897,MT,SANCODE.BO
BSE,STOCK,SANCTRN,Sanco Trans,,523116,X,SANCTRN.BO
BSE,STOCK,SANDESH,Sandesh,,526725,B,SANDESH.BO
BSE,STOCK,SANDHAR,Sandhar Technologies,,541163,B,SANDHAR.BO
BSE,STOCK,SANDUMA,Sandur Manganese & Iron Ores,,504918,A,SANDUMA.BO
BSE,STOCK,SANDUPHQ,Sandu Pharmaceuticals,,524703,X,SANDUPHQ.BO
BSE,STOCK,SANGAMFIN,Sangam Finserv,,538714,X,SANGAMFIN.BO
BSE,STOCK,SANGAMIND,Sangam,,514234,B,SANGAMIND.BO
BSE,STOCK,SANGHVIMOV,Sanghvi Movers,,530073,B,SANGHVIMOV.BO
BSE,STOCK,SANINFRA,Sanmit Infra,,532435,XT,SANINFRA.BO
BSE,STOCK,SANJIVIN,Sanjivani Paranteral,,531569,X,SANJIVIN.BO
BSE,STOCK,SANOFI,Sanofi,,500674,A,SANOFI.BO
BSE,STOCK,SANOFICONR,Sanofi Consumer Healthcare,,544250,B,SANOFICONR.BO
BSE,STOCK,SANPA,Sangal Papers,,516096,X,SANPA.BO
BSE,STOCK,SANSERA,Sansera Engineering,,543358,A,SANSERA.BO
BSE,STOCK,SANSTAR,Sanstar,,544217,B,SANSTAR.BO
BSE,STOCK,SANTETX,Sanrhea Technical Textiles,,514280,X,SANTETX.BO
BSE,STOCK,SAPL,SAR Auto Products,,538992,XT,SAPL.BO
BSE,STOCK,SAPPHIRE,Sapphire Foods,,543397,A,SAPPHIRE.BO
BSE,STOCK,SAPPL,Shree Ajit Pulp & Paper,,538795,B,SAPPL.BO
BSE,STOCK,SARDAEN,Sarda Energy & Minerals,,504614,A,SARDAEN.BO
BSE,STOCK,SARLAPOLY,Sarla Performance Fibers,,526885,B,526885.BO
BSE,STOCK,SARTHAKGL,Sarthak Global,,530993,XT,SARTHAKGL.BO
BSE,STOCK,SARTHAKIND,Sarthak Industries,,531930,X,SARTHAKIND.BO
BSE,STOCK,SARUPINDUS,Sarup Industries,,514412,X,SARUPINDUS.BO
BSE,STOCK,SARVESHWAR,Sarveshwar Foods,,543688,B,SARVESHWAR.BO
BSE,STOCK,SARVOTTAM,Survottam Finvest,,539124,X,SARVOTTAM.BO
BSE,STOCK,SASKEN,Sasken Technologies,,532663,B,SASKEN.BO
BSE,STOCK,SATCH,Satchmo Holdings,,533202,X,SATCH.BO
BSE,STOCK,SATIA,Satia Industries,,539201,B,SATIA.BO
BSE,STOCK,SATIN,Satin Creditcare,,539404,B,539404.BO
BSE,STOCK,SATTRIX,Sattrix Information Security,,544189,M,SATTRIX.BO
BSE,STOCK,SAUMYA,Saumya Consultants,,539218,X,SAUMYA.BO
BSE,STOCK,SAURASHCEM,Saurashtra Cement,,502175,B,SAURASHCEM.BO
BSE,STOCK,SAVERA,Savera Industries,,512634,X,SAVERA.BO
BSE,STOCK,SAWACA,Sawaca Enterprises,,531893,X,SAWACA.BO
BSE,STOCK,SAYAJIHOTL,Sayaji Hotels,,523710,B,SAYAJIHOTL.BO
BSE,STOCK,SAYAJIIND,Sayaji Industries,,540728,B,SAYAJIIND.BO
BSE,STOCK,SBC,SBC Exports,,542725,B,SBC.BO
BSE,STOCK,SBCL,Shivalik Bimetal Controls,,513097,B,SBCL.BO
BSE,STOCK,SBECSUG,SBEC Sugar,,532102,XT,SBECSUG.BO
BSE,STOCK,SBECSYS,SBEC Systems,,517360,X,SBECSYS.BO
BSE,STOCK,SBFC,SBFC Finance,,543959,A,SBFC.BO
BSE,STOCK,SBFL,Shree Bhavya Fabrics,,521131,X,SBFL.BO
BSE,STOCK,SBGLP,Suratwwala Business Group,,543218,B,SBGLP.BO
BSE,STOCK,SBICARD,SBI Cards,,543066,A,SBICARD.BO
BSE,STOCK,SBIFUNDS,SBI Funds Management,,544829,A,SBIFUNDS.BO
BSE,STOCK,SBILIFE,SBI Life Insurance,,540719,A,SBILIFE.BO
BSE,STOCK,SBIN,State Bank of India,,500112,A,500112.BO
BSE,STOCK,SBL,Shivamshree Businesses Li,,538520,XT,SBL.BO
BSE,STOCK,SBLI,SBL Infratech,,543366,M,SBLI.BO
BSE,STOCK,SBRANDS,Sanghvi Brands,,540782,M,SBRANDS.BO
BSE,STOCK,SBVCL,Shri Balaji Valve Components,,544074,MT,SBVCL.BO
BSE,STOCK,SCAGRO,SC Agrotech,,526081,XT,SCAGRO.BO
BSE,STOCK,SCANPRO,Scan Projects,,531797,X,SCANPRO.BO
BSE,STOCK,SCANSTL,Scan Steels,,511672,T,SCANSTL.BO
BSE,STOCK,SCARNOSE,Scarnose International,,543537,M,SCARNOSE.BO
BSE,STOCK,SCC,Scintilla Commercial & Credit,,538857,X,SCC.BO
BSE,STOCK,SCDL,Safety Controls & Devices,,544746,M,SCDL.BO
BSE,STOCK,SCHAEFFLER,Schaeffler India,,505790,A,SCHAEFFLER.BO
BSE,STOCK,SCHAND,S Chand & Company,,540497,B,SCHAND.BO
BSE,STOCK,SCHNEIDER,Schneider Electric Infra,,534139,A,SCHNEIDER.BO
BSE,STOCK,SCI,Shipping Corporation of India,,523598,A,SCI.BO
BSE,STOCK,SCILAL,SCI Land & Assets,,544142,B,SCILAL.BO
BSE,STOCK,SCODATUBES,Scoda Tubes,,544411,B,SCODATUBES.BO
BSE,STOCK,SCOOBEEDAY,Scoobee Day Garments,,531234,X,SCOOBEEDAY.BO
BSE,STOCK,SCPL,Sheetal Cool Products,,540757,T,SCPL.BO
BSE,STOCK,SCTL,Suncare Traders,,539526,X,SCTL.BO
BSE,STOCK,SDBL,Som Distilleries & Breweries,,507514,B,SDBL.BO
BSE,STOCK,SDC,SDC Techmedia,,535647,MT,SDC.BO
BSE,STOCK,SDL,Span Divergent,,524727,X,SDL.BO
BSE,STOCK,SEALMATIC,Sealmatic,,543782,M,SEALMATIC.BO
BSE,STOCK,SEAMECLTD,Seamec,,526807,B,SEAMECLTD.BO
BSE,STOCK,SEASONST,Seasons Textiles,,514264,X,SEASONST.BO
BSE,STOCK,SEATV,Sea TV Network,,533268,X,SEATV.BO
BSE,STOCK,SECMARK,Secmark Consultancy,,543234,B,SECMARK.BO
BSE,STOCK,SECURKLOUD,SecureKloud Technologies,,512161,B,SECURKLOUD.BO
BSE,STOCK,SEDEMAC,SEDEMAC Mechatronics,,544723,B,SEDEMAC.BO
BSE,STOCK,SEEMAX,Seemax Resources,,544813,M,SEEMAX.BO
BSE,STOCK,SEIL,Shanti Educational Initiatives,,539921,B,SEIL.BO
BSE,STOCK,SEJALLTD,Sejal Glass,,532993,B,SEJALLTD.BO
BSE,STOCK,SEKURITIND,Saint Gobain Sekurit,,515043,B,SEKURITIND.BO
BSE,STOCK,SEL,Sanathnagar Enterprises,,509423,X,SEL.BO
BSE,STOCK,SELECTRIC,Schneider Electric Presid,,544786,B,SELECTRIC.BO
BSE,STOCK,SELMC,SEL Manufacturing,,532886,B,SELMC.BO
BSE,STOCK,SEMAC,Semac Construction,,505368,B,SEMAC.BO
BSE,STOCK,SEML,Sunrise Efficient Marketing,,543515,MT,SEML.BO
BSE,STOCK,SENCO,Senco Gold,,543936,A,SENCO.BO
BSE,STOCK,SENORES,Senores Pharmaceuticals,,544319,A,SENORES.BO
BSE,STOCK,SEPC,SEPC,,532945,B,SEPC.BO
BSE,STOCK,SERA,Sera Investments & Finance,,512399,X,SERA.BO
BSE,STOCK,SESHAPAPER,Seshasayee Paper & Boards,,502450,B,502450.BO
BSE,STOCK,SETCO,Setco Automotive,,505075,T,SETCO.BO
BSE,STOCK,SETL,Standard Engineering Technology,,544333,B,SETL.BO
BSE,STOCK,SETUINFRA,Setubandhan Infrastructure,,533605,Z,SETUINFRA.BO
BSE,STOCK,SEVL,Supertech Ev,,544428,M,SEVL.BO
BSE,STOCK,SEYAIND,Seya Industries,,524324,T,SEYAIND.BO
BSE,STOCK,SFL,Sheela Foam,,540203,A,SFL.BO
BSE,STOCK,SFPIL,Square Four Projects,,526532,X,SFPIL.BO
BSE,STOCK,SFSL,Shashwat Furnishing Solutions,,543519,M,SFSL.BO
BSE,STOCK,SFTL,Springform Technology,,501479,P,SFTL.BO
BSE,STOCK,SGFIN,SG Finserv,,539199,B,SGFIN.BO
BSE,STOCK,SGFRL,Suyog Gurbaxani Funicular Ropeways,,543391,M,SGFRL.BO
BSE,STOCK,SGIL,Synergy Green Industries,,541929,B,SGIL.BO
BSE,STOCK,SGL,STL Global,,532730,B,532730.BO
BSE,STOCK,SGLRES,SGL Resources,,526544,B,SGLRES.BO
BSE,STOCK,SGMART,SG Mart,,512329,B,SGMART.BO
BSE,STOCK,SGNTE,SGN Telecoms,,531812,X,SGNTE.BO
BSE,STOCK,SGRL,Shree Ganesh Remedies,,540737,B,SGRL.BO
BSE,STOCK,SHADOWFAX,Shadowfax Technologies,,544685,B,SHADOWFAX.BO
BSE,STOCK,SHAH,Shah Metacorp,,533275,B,SHAH.BO
BSE,STOCK,SHAHALLOYS,Shah Alloys,,513436,T,SHAHALLOYS.BO
BSE,STOCK,SHAHCON,Shah Construction,,509870,X,509870.BO
BSE,STOCK,SHAHFOOD,Shah Foods,,519031,XT,SHAHFOOD.BO
BSE,STOCK,SHAHISHIP,Shahi Shipping Limited,,526508,X,SHAHISHIP.BO
BSE,STOCK,SHAHLON,Shahlon Silk Industries,,542862,X,SHAHLON.BO
BSE,STOCK,SHAILY,Shaily Engineering Plastics,,501423,A,SHAILY.BO
BSE,STOCK,SHAKTIPR,Shakti Press,,526841,X,SHAKTIPR.BO
BSE,STOCK,SHAKTIPUMP,Shakti Pumps,,531431,A,SHAKTIPUMP.BO
BSE,STOCK,SHALBY,Shalby,,540797,B,SHALBY.BO
BSE,STOCK,SHALIWIR,Shalimar Wires Industries,,532455,X,SHALIWIR.BO
BSE,STOCK,SHALPAINTS,Shalimar Paints,,509874,T,SHALPAINTS.BO
BSE,STOCK,SHALPRO,Shalimar Productions,,512499,XT,SHALPRO.BO
BSE,STOCK,SHANGAR,Shangar Decor,,540259,X,SHANGAR.BO
BSE,STOCK,SHANKARA,Shankara Building Products,,540425,B,SHANKARA.BO
BSE,STOCK,SHANMUGA,Shanmuga Hospital,,544365,M,SHANMUGA.BO
BSE,STOCK,SHANTIDENM,Shanti Spintex,,544059,M,SHANTIDENM.BO
BSE,STOCK,SHANTIGEAR,Shanthi Gears,,522034,B,SHANTIGEAR.BO
BSE,STOCK,SHANTIGOLD,Shanti Gold International,,544459,B,SHANTIGOLD.BO
BSE,STOCK,SHANTIGURU,Shanti Guru Industries,,534708,M,SHANTIGURU.BO
BSE,STOCK,SHAQUAK,Shantanu Sheorey Aqua,,531925,X,SHAQUAK.BO
BSE,STOCK,SHARDACROP,Sharda Cropchem,,538666,A,SHARDACROP.BO
BSE,STOCK,SHARDAMOTR,Sharda Motor,,535602,B,SHARDAMOTR.BO
BSE,STOCK,SHARDUL,Shardul Securities,,512393,T,SHARDUL.BO
BSE,STOCK,SHAREINDIA,Share India Securities,,540725,B,SHAREINDIA.BO
BSE,STOCK,SHARIKA,Sharika Enterprises,,540786,T,SHARIKA.BO
BSE,STOCK,SHARMEH,SHARMEH,,524548,X,SHARMEH.BO
BSE,STOCK,SHARPINV,Sharp Investments,,538212,X,SHARPINV.BO
BSE,STOCK,SHARPLINE,Sharpline Broadcast,,543341,X,SHARPLINE.BO
BSE,STOCK,SHARVAYA,Sharvaya Metals,,544506,MT,SHARVAYA.BO
BSE,STOCK,SHASHANK,Shashank Traders,,540221,X,SHASHANK.BO
BSE,STOCK,SHASHIJIT,Shashijit Infraprojects,,540147,X,SHASHIJIT.BO
BSE,STOCK,SHAWGELTIN,Narmada Gelatines,,526739,X,SHAWGELTIN.BO
BSE,STOCK,SHAYONAENG,Shayona Engineering,,544686,M,SHAYONAENG.BO
BSE,STOCK,SHBAJRG,Shri Bajrang Alliance,,526981,B,SHBAJRG.BO
BSE,STOCK,SHEKHAWATI,Shekhawati Industries,,533301,T,SHEKHAWATI.BO
BSE,STOCK,SHELTER,Shelter Pharma,,543963,M,SHELTER.BO
BSE,STOCK,SHEMAROO,Shemaroo Entertainment,,538685,T,SHEMAROO.BO
BSE,STOCK,SHENTRA,Shentracon Chemicals,,530757,XT,SHENTRA.BO
BSE,STOCK,SHERVANI,Shervani Industrial Syndicate,,526117,B,SHERVANI.BO
BSE,STOCK,SHESHAINDS,Sheshadri Industries,,539111,X,SHESHAINDS.BO
BSE,STOCK,SHETR,Shetron,,526137,X,SHETR.BO
BSE,STOCK,SHGANEL,Shree Ganesh Elastoplast,,530797,X,SHGANEL.BO
BSE,STOCK,SHHARICH,Shree Hari Chemicals Export,,524336,XT,SHHARICH.BO
BSE,STOCK,SHIKHARLETR,Shikhar Leasing & Trading,,507952,XT,SHIKHARLETR.BO
BSE,STOCK,SHILCTECH,Shilchar Technologies,,531201,B,SHILCTECH.BO
BSE,STOCK,SHILGRAVQ,Shilp Gravures,,513709,B,SHILGRAVQ.BO
BSE,STOCK,SHILINDORE,Sayaji Hotels (Indore),,544080,X,SHILINDORE.BO
BSE,STOCK,SHILPAMED,Shilpa Medicare,,530549,A,SHILPAMED.BO
BSE,STOCK,SHINDL,Sharat Industries,,519397,B,SHINDL.BO
BSE,STOCK,SHINEFASH,Shine Fashions,,543244,M,SHINEFASH.BO
BSE,STOCK,SHIPWAVES,Shipwaves Online,,544646,M,SHIPWAVES.BO
BSE,STOCK,SHISHIND,Shish Industries,,540693,X,SHISHIND.BO
BSE,STOCK,SHIVA,Shivansh Finserve,,539593,XT,SHIVA.BO
BSE,STOCK,SHIVAAGRO,Shiva Global Agro Industries,,530433,B,SHIVAAGRO.BO
BSE,STOCK,SHIVACEM,Shiva Cement,,532323,B,SHIVACEM.BO
BSE,STOCK,SHIVAEXPO,Shiva Granito Export,,540072,MT,SHIVAEXPO.BO
BSE,STOCK,SHIVAGR,Shivagrico Implements,,522237,X,SHIVAGR.BO
BSE,STOCK,SHIVALIK,Shivalik Rasayan,,539148,T,SHIVALIK.BO
BSE,STOCK,SHIVAM,Shivam Chemicals,,544165,M,SHIVAM.BO
BSE,STOCK,SHIVAMAUTO,Shivam Autotech,,532776,B,532776.BO
BSE,STOCK,SHIVAMILLS,Shiva Mills,,540961,B,SHIVAMILLS.BO
BSE,STOCK,SHIVATEX,Shiva Texyarn,,511108,B,SHIVATEX.BO
BSE,STOCK,SHIVTEXCHEM,Shiv Texchem,,544272,M,SHIVTEXCHEM.BO
BSE,STOCK,SHK,SH Kelkar & Company,,539450,B,SHK.BO
BSE,STOCK,SHKALYN,Shri Kalyan Holdings,,532083,XT,SHKALYN.BO
BSE,STOCK,SHKARTP,Shree Karthik Papers,,516106,X,SHKARTP.BO
BSE,STOCK,SHLOKKA,Shlokka Dyes,,544582,M,SHLOKKA.BO
BSE,STOCK,SHOORA,Shoora Designs,,543970,M,SHOORA.BO
BSE,STOCK,SHOPERSTOP,Shoppers Stop,,532638,B,SHOPERSTOP.BO
BSE,STOCK,SHPLPUNE,Sayaji Hotels (Pune),,544090,X,SHPLPUNE.BO
BSE,STOCK,SHRAAITECH,Shradha AI Technologies,,543976,X,SHRAAITECH.BO
BSE,STOCK,SHRADDHA,Shraddha Prime Projects,,531771,B,SHRADDHA.BO
BSE,STOCK,SHRAJOI,Shri Rajivlochan Oil Extration,,530295,X,SHRAJOI.BO
BSE,STOCK,SHRAJSYNQ,Shree Rajasthan Syntex,,503837,X,SHRAJSYNQ.BO
BSE,STOCK,SHRDAIS,Sharda Ispat,,513548,X,SHRDAIS.BO
BSE,STOCK,SHREDIGCEM,Shree Digvijay Cement Company,,502180,B,SHREDIGCEM.BO
BSE,STOCK,SHREE,Shree Marutinandan Tubes,,544083,M,SHREE.BO
BSE,STOCK,SHREEGANES,Shree Ganesh Bio-Tech,,539470,X,SHREEGANES.BO
BSE,STOCK,SHREEJISPG,Shreeji Shipping Global,,544490,B,SHREEJISPG.BO
BSE,STOCK,SHREENATH,Shreenath Paper Products,,544372,M,SHREENATH.BO
BSE,STOCK,SHREEPAC,Shree Pacetronix,,527005,X,SHREEPAC.BO
BSE,STOCK,SHREEPUSHK,Shree Pushkar Chemicals,,539334,B,SHREEPUSHK.BO
BSE,STOCK,SHREERAMA,Shree Rama Multi-Tech,,532310,B,SHREERAMA.BO
BSE,STOCK,SHREEREF,Shree Refrigerations,,544458,M,SHREEREF.BO
BSE,STOCK,SHREESEC,Shree Securities,,538975,Z,SHREESEC.BO
BSE,STOCK,SHREESHAY,Shreeshay Engineers,,541112,M,SHREESHAY.BO
BSE,STOCK,SHREMETAL,Shree Metalloys,,531962,X,SHREMETAL.BO
BSE,STOCK,SHREYANIND,Shreyans Industries,,516016,B,516016.BO
BSE,STOCK,SHREYASI,Shreyas Intermediates,,526335,X,SHREYASI.BO
BSE,STOCK,SHRICON,Shricon Industries,,508961,XT,SHRICON.BO
BSE,STOCK,SHRIDINE,Shri Dinesh Mills,,503804,XT,SHRIDINE.BO
BSE,STOCK,SHRIGANG,Shri Gang Industries,,523309,X,SHRIGANG.BO
BSE,STOCK,SHRIKRISH,Shri Krishna Devcon,,531080,B,SHRIKRISH.BO
BSE,STOCK,SHRINGARMS,Shringar House of Mangalsutra,,544512,B,SHRINGARMS.BO
BSE,STOCK,SHRINIWAS,Shri Niwas Leasing and Finance,,538897,XT,SHRINIWAS.BO
BSE,STOCK,SHRIPISTON,SPR Auto Technologies,,544344,A,SHRIPISTON.BO
BSE,STOCK,SHRIRAMFIN,Shriram Finance,,511218,A,SHRIRAMFIN.BO
BSE,STOCK,SHRIRAMPPS,Shriram Properties,,543419,B,SHRIRAMPPS.BO
BSE,STOCK,SHRISTI,Shristi Infrastructure,,511411,X,SHRISTI.BO
BSE,STOCK,SHRJAGP,Shri Jagdamba Polymers,,512453,B,SHRJAGP.BO
BSE,STOCK,SHRMFGC,Shree Manufacturing,,503863,X,SHRMFGC.BO
BSE,STOCK,SHRYDUS,Shrydus Industries,,511493,XT,SHRYDUS.BO
BSE,STOCK,SHTL,Shining Tools,,544607,M,SHTL.BO
BSE,STOCK,SHUBHAM,Shubham Polyspin,,542019,X,SHUBHAM.BO
BSE,STOCK,SHUKJEW,Shukra Jewellery,,523790,P,SHUKJEW.BO
BSE,STOCK,SHUKRAPHAR,Shukra Pharmaceuticals,,524632,B,SHUKRAPHAR.BO
BSE,STOCK,SHVFL,Shreevatsaa Finance & Leasing,,532007,X,SHVFL.BO
BSE,STOCK,SHVSUIT,Shiva Suitings,,521003,P,SHVSUIT.BO
BSE,STOCK,SHYAM,Ventura Guaranty,,512060,P,SHYAM.BO
BSE,STOCK,SHYAMACOMP,Shyama Computronics and Services,,531219,P,SHYAMACOMP.BO
BSE,STOCK,SHYAMCENT,Shyam Century Ferrous,,539252,T,SHYAMCENT.BO
BSE,STOCK,SHYAMMETL,Shyam Metalics & Energy,,543299,A,SHYAMMETL.BO
BSE,STOCK,SHYAMTEL,Shyam Telecom,,517411,B,SHYAMTEL.BO
BSE,STOCK,SHYMINV,Shyamkamal Investments,,505515,X,SHYMINV.BO
BSE,STOCK,SIBARAUT,Sibar Auto Parts,,520141,X,SIBARAUT.BO
BSE,STOCK,SICAGEN,Sicagen,,533014,B,SICAGEN.BO
BSE,STOCK,SICAPIT,SI Capital & Financial Services,,530907,XT,SICAPIT.BO
BSE,STOCK,SICL,Suvidha Infraestate Corporation,,531640,P,SICL.BO
BSE,STOCK,SIDDHA,Siddha Ventures,,530439,X,SIDDHA.BO
BSE,STOCK,SIDDHEGA,Siddheswari Garments,,526877,XT,SIDDHEGA.BO
BSE,STOCK,SIEL,Superior Industrial Enterprises,,519234,B,SIEL.BO
BSE,STOCK,SIEMENS,Siemens,,500550,A,SIEMENS.BO
BSE,STOCK,SIGACHI,Sigachi Industries,,543389,B,SIGACHI.BO
BSE,STOCK,SIGIND,Signet Industries,,512131,T,SIGIND.BO
BSE,STOCK,SIGMA,Sigma Solve,,543917,B,SIGMA.BO
BSE,STOCK,SIGMAADV,Sigma Advanced Systems,,532408,T,SIGMAADV.BO
BSE,STOCK,SIGNATURE,Signatureglobal,,543990,A,SIGNATURE.BO
BSE,STOCK,SIGNGCL,Signature Green Corporation,,507663,X,SIGNGCL.BO
BSE,STOCK,SIGNPOST,Signpost India,,544117,B,SIGNPOST.BO
BSE,STOCK,SIHORA,Sihora Industries,,544585,M,SIHORA.BO
BSE,STOCK,SIIL,Sabrimala Industries,,540132,XT,SIIL.BO
BSE,STOCK,SIKA,Sika Interplant Systems,,523606,B,SIKA.BO
BSE,STOCK,SIL,Standard Industries,,530017,B,SIL.BO
BSE,STOCK,SILINV,SIL Investments,,521194,B,SILINV.BO
BSE,STOCK,SILL,Sampark India Logistics,,544810,M,SILL.BO
BSE,STOCK,SILVERO,Silveroak Commercial,,512197,Z,SILVERO.BO
BSE,STOCK,SILVERPRL,Silver Pearl Hospitality,,543536,M,SILVERPRL.BO
BSE,STOCK,SILVERTUC,Silver Touch Technologies,,543525,B,SILVERTUC.BO
BSE,STOCK,SILVOAK,Silver Oak India,,531635,X,SILVOAK.BO
BSE,STOCK,SIMANDHAR,Simandhar Impex,,544662,X,SIMANDHAR.BO
BSE,STOCK,SIMBHALS,Simbhaoli Sugars,,539742,Z,SIMBHALS.BO
BSE,STOCK,SIMMOND,Simmonds Marshall,,507998,X,SIMMOND.BO
BSE,STOCK,SIMPLEXCAS,Simplex Casting,,513472,X,SIMPLEXCAS.BO
BSE,STOCK,SIMPLEXINF,Simplex Infrastructures,,523838,B,523838.BO
BSE,STOCK,SIMPLXPAP,Simplex Papers,,533019,X,SIMPLXPAP.BO
BSE,STOCK,SIMPLXREA,Simplex Realty,,503229,B,SIMPLXREA.BO
BSE,STOCK,SIMRAN,Simran Farms,,519566,X,SIMRAN.BO
BSE,STOCK,SINCLAIR,Sinclairs Hotels,,523023,B,SINCLAIR.BO
BSE,STOCK,SINDHUTRAD,Sindhu Trade Links,,532029,B,532029.BO
BSE,STOCK,SINGERIND,Singer,,505729,B,505729.BO
BSE,STOCK,SINNAR,Sinnar Bidi Udyog,,509887,XT,SINNAR.BO
BSE,STOCK,SIPL,Shelter Infra Projects,,526839,X,SIPL.BO
BSE,STOCK,SIRCA,Sirca Paints,,543686,B,SIRCA.BO
BSE,STOCK,SIROHIA,Sirohia & Sons,,538667,M,SIROHIA.BO
BSE,STOCK,SIS,SIS,,540673,B,SIS.BO
BSE,STOCK,SISL,Shantidoot Infra Services,,543598,MT,SISL.BO
BSE,STOCK,SITAENT,Sita Enterprises,,512589,X,SITAENT.BO
BSE,STOCK,SITINET,Siti Networks,,532795,Z,SITINET.BO
BSE,STOCK,SIYARAM,Siyaram Recycling Industr,,544047,M,SIYARAM.BO
BSE,STOCK,SIYSIL,Siyaram Silk Mills,,503811,B,SIYSIL.BO
BSE,STOCK,SIZEMASTER,Sizemasters Technology,,513496,X,SIZEMASTER.BO
BSE,STOCK,SJS,SJS Enterprises,,543387,A,SJS.BO
BSE,STOCK,SJVN,SJVN,,533206,A,SJVN.BO
BSE,STOCK,SKCIL,Shri Keshav Cement & Infra,,530977,X,SKCIL.BO
BSE,STOCK,SKFINDIA,SKF India,,500472,A,500472.BO
BSE,STOCK,SKFINDUS,SKF India Industrial,,544572,B,SKFINDUS.BO
BSE,STOCK,SKIEL,SK International Export,,542728,MT,SKIEL.BO
BSE,STOCK,SKIFL,Shree Krishna Infrastructure,,542146,M,SKIFL.BO
BSE,STOCK,SKIPPER,Skipper,,538562,B,SKIPPER.BO
BSE,STOCK,SKL,Super Fine Knitters,,540269,MT,SKL.BO
BSE,STOCK,SKM,SK Minerals & Additives,,544584,MT,SKM.BO
BSE,STOCK,SKMEGGPROD,SKM Egg Products Export,,532143,B,SKMEGGPROD.BO
BSE,STOCK,SKPMIL,Shree Krishna Paper Mills,,500388,XT,SKPMIL.BO
BSE,STOCK,SKPSEC,SKP Securities,,531169,X,SKPSEC.BO
BSE,STOCK,SKRABUL,Shukra Bullions,,531506,X,SKRABUL.BO
BSE,STOCK,SKYBIOTECH,Skybiotech Healthcare,,512036,X,SKYBIOTECH.BO
BSE,STOCK,SKYGOLD,Sky Gold And Diamonds,,541967,A,SKYGOLD.BO
BSE,STOCK,SKYIND,Sky Industries,,526479,X,SKYIND.BO
BSE,STOCK,SKYLMILAR,Skyline Millars,,505650,X,SKYLMILAR.BO
BSE,STOCK,SLSTLQ,Sri Lakshmi Saraswathi Textiles,,521161,X,SLSTLQ.BO
BSE,STOCK,SMARITIME,Sahara Maritime,,544056,M,SMARITIME.BO
BSE,STOCK,SMARTFIN,Smart Finsec,,539494,X,SMARTFIN.BO
BSE,STOCK,SMARTLINK,Smartlink Holdings,,532419,T,SMARTLINK.BO
BSE,STOCK,SMARTWORKS,Smartworks Coworking Spaces,,544447,B,SMARTWORKS.BO
BSE,STOCK,SMAUTO,SM Auto Stamping,,543065,M,SMAUTO.BO
BSE,STOCK,SMCGLOBAL,SMC Global Securities,,543263,B,SMCGLOBAL.BO
BSE,STOCK,SMEL,Sungold Media & Entertainment,,541799,MT,SMEL.BO
BSE,STOCK,SMFIL,Smiths & Founders,,513418,XT,SMFIL.BO
BSE,STOCK,SMGOLD,SM Gold,,542034,B,SMGOLD.BO
BSE,STOCK,SMLMAH,SML Mahindra,,505192,A,SMLMAH.BO
BSE,STOCK,SMLT,Sarthak Metals,,540393,B,SMLT.BO
BSE,STOCK,SMR,SMR Jewels,,544774,M,SMR.BO
BSE,STOCK,SMRUTHIORG,Smruthi Organics,,540686,X,SMRUTHIORG.BO
BSE,STOCK,SMSPHARMA,SMS Pharmaceuticals,,532815,B,SMSPHARMA.BO
BSE,STOCK,SMTEL,SMT Engineering,,538563,X,SMTEL.BO
BSE,STOCK,SNIM,Svarnim Trade Udyog,,539911,X,SNIM.BO
BSE,STOCK,SNL,SNL Bearings,,505827,X,SNL.BO
BSE,STOCK,SNOWMAN,Snowman Logistics,,538635,B,SNOWMAN.BO
BSE,STOCK,SOBHA,Sobha,,532784,A,SOBHA.BO
BSE,STOCK,SOBME,Sobhagya Mercantile,,512014,X,SOBME.BO
BSE,STOCK,SODHACAP,Sodhani Capital,,544560,M,SODHACAP.BO
BSE,STOCK,SOFCOM,SOFCOM Systems,,538923,XT,SOFCOM.BO
BSE,STOCK,SOFTRAKV,Softrak Venture Investments,,531529,XT,SOFTRAKV.BO
BSE,STOCK,SOFTTECH,SoftTech Engineers,,543470,B,SOFTTECH.BO
BSE,STOCK,SOLARA,Solara Active Pharma Sciences,,541540,B,SOLARA.BO
BSE,STOCK,SOLARINDS,Solar Industries,,532725,A,SOLARINDS.BO
BSE,STOCK,SOLARIUM,Solarium Green Energy,,544354,M,SOLARIUM.BO
BSE,STOCK,SOLARWORLD,Solarworld Energy Solutions,,544532,B,SOLARWORLD.BO
BSE,STOCK,SOLIDSTON,Solid Stone Company,,513699,X,SOLIDSTON.BO
BSE,STOCK,SOLIMAC,Solitaire Machine Tools,,522152,X,SOLIMAC.BO
BSE,STOCK,SOLVEX,Solvex Edibles,,544539,MT,SOLVEX.BO
BSE,STOCK,SOMANYCERA,Somany Ceramics,,531548,B,SOMANYCERA.BO
BSE,STOCK,SOMATEX,Soma Textiles & Industries,,521034,B,SOMATEX.BO
BSE,STOCK,SOMICONVEY,Somi Conveyor Beltings,,533001,B,SOMICONVEY.BO
BSE,STOCK,SONACOMS,Sona BLW Precision Forgings,,543300,A,SONACOMS.BO
BSE,STOCK,SONAL,Sonal Mercantile,,538943,B,SONAL.BO
BSE,STOCK,SONALAD,Sonal Adhesives,,526901,X,SONALAD.BO
BSE,STOCK,SONALIS,Sonalis Consumer Products,,543924,M,SONALIS.BO
BSE,STOCK,SONATSOFTW,Sonata Software,,532221,A,SONATSOFTW.BO
BSE,STOCK,SOTEFIN,Sotefin Bharat,,544832,M,SOTEFIN.BO
BSE,STOCK,SOTL,Savita Oil Technologies,,524667,B,SOTL.BO
BSE,STOCK,SOURCEIND,Source Industries,,521036,XT,SOURCEIND.BO
BSE,STOCK,SOURCENTRL,Source Natural Foods,,531398,X,SOURCENTRL.BO
BSE,STOCK,SOUTHBANK,South Indian Bank,,532218,A,SOUTHBANK.BO
BSE,STOCK,SOUTHERNIN,Southern Infoconsultants,,540174,X,SOUTHERNIN.BO
BSE,STOCK,SOUTHMG,Southern Magnesium & Chemicals,,513498,X,SOUTHMG.BO
BSE,STOCK,SOUTHWEST,South West Pinnacle,,543986,B,SOUTHWEST.BO
BSE,STOCK,SOUTLAT,Southern Latex,,514454,XT,SOUTLAT.BO
BSE,STOCK,SOVERDIA,Sovereign Diamonds,,523826,X,SOVERDIA.BO
BSE,STOCK,SPACAPS,SPA Capital Services,,542376,XT,SPACAPS.BO
BSE,STOCK,SPACEINCUBA,Space Incubatrics Technologies,,541890,XT,SPACEINCUBA.BO
BSE,STOCK,SPAL,SP Apparels,,540048,B,SPAL.BO
BSE,STOCK,SPANDANA,Spandana Sphoorty Financial,,542759,B,SPANDANA.BO
BSE,STOCK,SPAR,Sparc Electrex,,531370,X,SPAR.BO
BSE,STOCK,SPARC,Sun Pharma Advanced Research Co,,532872,B,SPARC.BO
BSE,STOCK,SPARKLEGR,Sparkle Gold Rock,,530037,X,SPARKLEGR.BO
BSE,STOCK,SPCAPIT,SP Capital Financing,,530289,X,SPCAPIT.BO
BSE,STOCK,SPECFOOD,Spectrum Foods,,531982,X,SPECFOOD.BO
BSE,STOCK,SPECIALITY,Speciality Restaurants,,534425,T,SPECIALITY.BO
BSE,STOCK,SPECTRA,Spectra Industries,,513687,Z,SPECTRA.BO
BSE,STOCK,SPECTRUM,Spectrum Electrical Industries,,544386,T,SPECTRUM.BO
BSE,STOCK,SPELS,SPEL Semiconductor,,517166,B,SPELS.BO
BSE,STOCK,SPENCERS,Spencer's Retail,,542337,B,SPENCERS.BO
BSE,STOCK,SPENTA,Spenta International,,526161,XT,SPENTA.BO
BSE,STOCK,SPIC,Southern Petrochemical Industries,,590030,B,590030.BO
BSE,STOCK,SPICEISLIN,Spice Islands Industries,,526827,XT,SPICEISLIN.BO
BSE,STOCK,SPICEJET,Spicejet,,500285,B,SPICEJET.BO
BSE,STOCK,SPICELOUNG,Spice Lounge Food Works,,539895,B,SPICELOUNG.BO
BSE,STOCK,SPINAROO,Spinaroo Commercial,,544392,M,SPINAROO.BO
BSE,STOCK,SPITZE,Maruti Interior Products,,543464,M,SPITZE.BO
BSE,STOCK,SPL,Swashthik Plascon,,544035,M,SPL.BO
BSE,STOCK,SPLPETRO,Supreme Petrochem,,500405,A,SPLPETRO.BO
BSE,STOCK,SPML,Speciality Medicines,,544738,M,SPML.BO
BSE,STOCK,SPMLINFRA,SPML Infra,,500402,B,500402.BO
BSE,STOCK,SPORTKING,Sportking,,539221,B,SPORTKING.BO
BSE,STOCK,SPRAYKING,Sprayking,,540079,B,SPRAYKING.BO
BSE,STOCK,SPRIGHT,Spright Agro,,531205,X,SPRIGHT.BO
BSE,STOCK,SPSL,Shree Precoated Steels,,533110,X,SPSL.BO
BSE,STOCK,SPTRSHI,Saptarishi Agro Industries,,519238,X,SPTRSHI.BO
BSE,STOCK,SPVGLOBAL,SPV Global Trading,,512221,XT,SPVGLOBAL.BO
BSE,STOCK,SRAMSET,Shriram Asset Management Company,,531359,X,SRAMSET.BO
BSE,STOCK,SRD,Shankar Lal Rampal Dye Chem,,542232,B,SRD.BO
BSE,STOCK,SRECR,Sreechem Resins,,514248,P,SRECR.BO
BSE,STOCK,SREEL,Sreeleathers,,535601,B,SREEL.BO
BSE,STOCK,SRESTHA,Srestha Finvest,,539217,X,SRESTHA.BO
BSE,STOCK,SRF,SRF,,503806,A,SRF.BO
BSE,STOCK,SRGFFL,SRG Fingrow Finance,,536710,M,SRGFFL.BO
BSE,STOCK,SRGHFL,SRG Housing Finance,,534680,B,SRGHFL.BO
BSE,STOCK,SRHHYPOLTD,Sree Rayalaseema Hi-Strength Hypo,,532842,B,SRHHYPOLTD.BO
BSE,STOCK,SRICC,Sri Chakra Cement Limited,,518053,X,SRICC.BO
BSE,STOCK,SRIGEE,Srigee DLM,,544399,M,SRIGEE.BO
BSE,STOCK,SRIKPRIND,Sri KPR Industries,,514442,B,SRIKPRIND.BO
BSE,STOCK,SRINACHA,Sri Nachammai Cotton Mills,,521234,X,SRINACHA.BO
BSE,STOCK,SRM,SRM Contractors,,544158,B,SRM.BO
BSE,STOCK,SRMCL,Sri Ramakrishna Mills,,521178,X,SRMCL.BO
BSE,STOCK,SRMENERGY,SRM Energy,,523222,X,SRMENERGY.BO
BSE,STOCK,SRSOLTD,Silicon Rental Solutions,,543615,M,SRSOLTD.BO
BSE,STOCK,SRTL,Shree Ram Twistex,,544716,B,SRTL.BO
BSE,STOCK,SRUSTEELS,SRU Steels,,540914,XT,SRUSTEELS.BO
BSE,STOCK,SSDL,Saraswati Saree Depot,,544230,B,SSDL.BO
BSE,STOCK,SSL,Share Samadhan,,544251,MT,SSL.BO
BSE,STOCK,SSMD,SSMD Agrotech,,544621,M,SSMD.BO
BSE,STOCK,SSPDL,SSPDL,,530821,X,SSPDL.BO
BSE,STOCK,SSPNFIN,SSPN Finance,,539026,M,SSPNFIN.BO
BSE,STOCK,SSTL,Safa Systems & Technologies,,543461,M,SSTL.BO
BSE,STOCK,SSWL,Steel Strips Wheels,,513262,B,SSWL.BO
BSE,STOCK,SSWRL,Shree Steel Wire Ropes,,513488,XT,SSWRL.BO
BSE,STOCK,STAL,Storage Technologies & Automation,,544171,MT,STAL.BO
BSE,STOCK,STALLION,Stallion India Fluorochemicals,,544342,T,STALLION.BO
BSE,STOCK,STANBIK,Stanbik Agro,,544659,M,STANBIK.BO
BSE,STOCK,STANCAP,Standard Capital Markets,,511700,X,STANCAP.BO
BSE,STOCK,STANLEY,Stanley Lifestyles,,544202,B,STANLEY.BO
BSE,STOCK,STANPACK,Stanpacks,,530931,X,STANPACK.BO
BSE,STOCK,STANROS,Stanrose Mafatlal Investments & Finance,,506105,X,STANROS.BO
BSE,STOCK,STAR,Strides Pharma Science,,532531,A,STAR.BO
BSE,STOCK,STARCEMENT,Star Cement,,540575,B,STARCEMENT.BO
BSE,STOCK,STARDELTA,Star Delta Transformers,,539255,X,STARDELTA.BO
BSE,STOCK,STARHEALTH,Star Health Insurance,,543412,A,STARHEALTH.BO
BSE,STOCK,STARHFL,Star Housing Finance,,539017,X,STARHFL.BO
BSE,STOCK,STARIMAGIN,Star Imaging And Path Lab,,544482,M,STARIMAGIN.BO
BSE,STOCK,STARLENT,Starlineps Enterprises,,540492,B,STARLENT.BO
BSE,STOCK,STARLOG,Starlog Enterprises,,520155,X,STARLOG.BO
BSE,STOCK,STARPAPER,Star Paper Mills,,516022,B,STARPAPER.BO
BSE,STOCK,STARSOURCE,Star Source Multi Trade,,506365,X,STARSOURCE.BO
BSE,STOCK,STARTECK,Starteck Finance,,512381,B,STARTECK.BO
BSE,STOCK,STCINDIA,State Trading Corporation of India,,512531,B,STCINDIA.BO
BSE,STOCK,STCORP,S&T Corporation,,514197,X,STCORP.BO
BSE,STOCK,STDBAT,Standard Batteries,,504180,X,STDBAT.BO
BSE,STOCK,STDSFAC,Standard Surfactants,,526231,XT,STDSFAC.BO
BSE,STOCK,STEELCAS,Steelcast,,513517,B,STEELCAS.BO
BSE,STOCK,STEELCO,Steelco Gujarat,,500399,XT,STEELCO.BO
BSE,STOCK,STEELXIND,Steel Exchange India,,534748,B,STEELXIND.BO
BSE,STOCK,STEL,STEL Holdings,,533316,B,STEL.BO
BSE,STOCK,STELLANT,Stellant Securities,,526071,XT,STELLANT.BO
BSE,STOCK,STELLAR,Stellar Capital Services,,536738,M,STELLAR.BO
BSE,STOCK,STEP2COR,Step Two Corp,,531509,XT,STEP2COR.BO
BSE,STOCK,STERPOW,Sterling Powergensys,,513575,X,STERPOW.BO
BSE,STOCK,STERTOOLS,Sterling Tools,,530759,T,530759.BO
BSE,STOCK,STHINPA,South India Paper Mills,,516108,X,STHINPA.BO
BSE,STOCK,STL,Shreeji Translogistics,,540738,B,STL.BO
BSE,STOCK,STLNETWORK,STL Networks,,544395,B,STLNETWORK.BO
BSE,STOCK,STLSTRINF,Steel Strips Infrastructures,,513173,B,STLSTRINF.BO
BSE,STOCK,STLTECH,Sterlite Technologies,,532374,T,STLTECH.BO
BSE,STOCK,STML,Steelman Telecom,,543622,M,STML.BO
BSE,STOCK,STOVACQ,Stovec Industries,,504959,X,STOVACQ.BO
BSE,STOCK,STOVEKRAFT,Stove Kraft,,543260,B,STOVEKRAFT.BO
BSE,STOCK,STRATMONT,Stratmont Industries,,530495,X,STRATMONT.BO
BSE,STOCK,STRGRENWO,Sterling Green Woods,,526500,X,STRGRENWO.BO
BSE,STOCK,STUDDS,Studds Accessories,,544599,B,STUDDS.BO
BSE,STOCK,STYL,Seshaasai Technologies,,544533,B,STYL.BO
BSE,STOCK,STYLAMIND,Stylam Industries,,526951,B,STYLAMIND.BO
BSE,STOCK,STYLEBAAZA,Baazar Style Retail,,544243,B,STYLEBAAZA.BO
BSE,STOCK,STYRENIX,Styrenix Performance Materials,,506222,B,STYRENIX.BO
BSE,STOCK,SUBAM,Subam Papers,,544267,M,SUBAM.BO
BSE,STOCK,SUBEXLTD,Subex,,532348,B,SUBEXLTD.BO
BSE,STOCK,SUBROS,Subros,,517168,B,SUBROS.BO
BSE,STOCK,SUBSM,Subhash Silk Mills,,530231,X,SUBSM.BO
BSE,STOCK,SUCROSA,Super Crop Safe,,530883,XT,SUCROSA.BO
BSE,STOCK,SUDAI,Sudal Industries,,506003,X,SUDAI.BO
BSE,STOCK,SUDARCOLOR,Sudarshan Colorants,,506390,B,SUDARCOLOR.BO
BSE,STOCK,SUDARSCHEM,Sudarshan Chemical Industries,,506655,A,506655.BO
BSE,STOCK,SUDARSHAN,Sudarshan Pharma Industries,,543828,M,SUDARSHAN.BO
BSE,STOCK,SUDEEPPHRM,Sudeep Pharma,,544619,B,SUDEEPPHRM.BO
BSE,STOCK,SUDTIND-B,Suditi Industries,,521113,X,SUDTIND-B.BO
BSE,STOCK,SUGALDAM,Sugal & Damani Share Brokers,,511654,X,SUGALDAM.BO
BSE,STOCK,SUGSLLOYD,Sugs Lloyd,,544501,M,SUGSLLOYD.BO
BSE,STOCK,SUJALA,Sujala Trading & Holding,,539117,X,SUJALA.BO
BSE,STOCK,SUKHJITS,Sukhjit Starch & Chemicals,,524542,B,SUKHJITS.BO
BSE,STOCK,SULA,Sula Vineyards,,543711,B,SULA.BO
BSE,STOCK,SULABEN,Sulabh Engineers & Services,,508969,X,SULABEN.BO
BSE,STOCK,SUMEDHA,Sumedha Fiscal Services,,530419,B,SUMEDHA.BO
BSE,STOCK,SUMEETINDS,Sumeet Industries,,514211,B,SUMEETINDS.BO
BSE,STOCK,SUMERUIND,Sumeru Industries,,530445,X,SUMERUIND.BO
BSE,STOCK,SUMICHEM,Sumitomo Chemical,,542920,A,SUMICHEM.BO
BSE,STOCK,SUMMITSEC,Summit Securities,,533306,B,SUMMITSEC.BO
BSE,STOCK,SUNCITYSY,Suncity Synthetics,,530795,X,SUNCITYSY.BO
BSE,STOCK,SUNCLAY,Sundaram Clayton,,544066,B,SUNCLAY.BO
BSE,STOCK,SUNDARAM,Sundaram Multi Pap,,533166,B,SUNDARAM.BO
BSE,STOCK,SUNDARMFIN,Sundaram Finance,,590071,B,SUNDARMFIN.BO
BSE,STOCK,SUNDRMBRAK,Sundaram Brake Linings,,590072,T,SUNDRMBRAK.BO
BSE,STOCK,SUNDROP,Sundrop Brands,,500215,B,SUNDROP.BO
BSE,STOCK,SUNFLAG,Sunflag Iron & Steel Company,,500404,B,500404.BO
BSE,STOCK,SUNGOLD,Sungold Capital,,531433,X,SUNGOLD.BO
BSE,STOCK,SUNILAGR,Sunil Agro Foods,,530953,X,SUNILAGR.BO
BSE,STOCK,SUNILTX,Sunil Industries,,521232,P,SUNILTX.BO
BSE,STOCK,SUNITATOOL,Sunita Tools Limited,,544001,MT,SUNITATOOL.BO
BSE,STOCK,SUNLOC,Sunil Healthcare,,537253,B,SUNLOC.BO
BSE,STOCK,SUNRAJDI,Sunraj Diamond Exports,,523425,XT,SUNRAJDI.BO
BSE,STOCK,SUNRAKSHAK,Sunrakshakk Industries,,539300,B,SUNRAKSHAK.BO
BSE,STOCK,SUNRETAIL,Sun Retail,,542025,M,SUNRETAIL.BO
BSE,STOCK,SUNRINV,Sunrise Industrial Trader,,501110,XT,SUNRINV.BO
BSE,STOCK,SUNSHIEL,Sunshield Chemicals,,530845,B,SUNSHIEL.BO
BSE,STOCK,SUNSKY,Sunsky Logistics,,544566,M,SUNSKY.BO
BSE,STOCK,SUNTECK,Sunteck Realty,,512179,B,SUNTECK.BO
BSE,STOCK,SUPER,Super Sales,,512527,XT,SUPER.BO
BSE,STOCK,SUPERBAK,Super Bakers,,530735,X,SUPERBAK.BO
BSE,STOCK,SUPERHOUSE,Superhouse,,523283,B,SUPERHOUSE.BO
BSE,STOCK,SUPERIOR,Superior Finlease,,539835,X,SUPERIOR.BO
BSE,STOCK,SUPERIRON,Super Iron Foundry,,544381,M,SUPERIRON.BO
BSE,STOCK,SUPERSHAKT,Supershakti Metaliks,,541701,M,SUPERSHAKT.BO
BSE,STOCK,SUPERSPIN,Super Spinning Mills,,521180,T,521180.BO
BSE,STOCK,SUPERTEX,Supertex Industries,,526133,X,SUPERTEX.BO
BSE,STOCK,SUPHA,Supha Pharmachem,,539561,Z,SUPHA.BO
BSE,STOCK,SUPRAJIT,Suprajit Engineering,,532509,A,532509.BO
BSE,STOCK,SUPRAPFSL,Supra Pacific Financial Services,,540168,X,SUPRAPFSL.BO
BSE,STOCK,SUPRATRE,Supra Trends,,511539,X,SUPRATRE.BO
BSE,STOCK,SUPREME,Supreme Holdings & Hospitality,,530677,B,SUPREME.BO
BSE,STOCK,SUPREMEIND,Supreme Industries,,509930,A,SUPREMEIND.BO
BSE,STOCK,SUPREMEINF,Supreme Infrastructure,,532904,B,SUPREMEINF.BO
BSE,STOCK,SUPRIYA,Supriya Lifescience,,543434,B,SUPRIYA.BO
BSE,STOCK,SUPTANERY,Super Tannery,,523842,T,SUPTANERY.BO
BSE,STOCK,SURAJ,Suraj Products,,518075,Z,SURAJ.BO
BSE,STOCK,SURAJEST,Suraj Estate Developers,,544054,B,SURAJEST.BO
BSE,STOCK,SURAJINDPP,Suraj Industries - PP,,890226,X,SURAJINDPP.BO
BSE,STOCK,SURAJLTD,Suraj,,531638,B,SURAJLTD.BO
BSE,STOCK,SURAKSHA,Suraksha Diagnostic,,544293,B,SURAKSHA.BO
BSE,STOCK,SURANASOL,Surana Solar,,533298,B,533298.BO
BSE,STOCK,SURANAT&P,Surana Telecom & Power,,517530,B,SURANAT&P.BO
BSE,STOCK,SURATRAML,Surat Trade & Mercantile,,530185,X,SURATRAML.BO
BSE,STOCK,SURBHIN,Surbhi Industries,,514260,XT,SURBHIN.BO
BSE,STOCK,SURFI,Suryo Foods & Industries,,519604,X,SURFI.BO
BSE,STOCK,SURJIND,Suraj Industries,,526211,X,SURJIND.BO
BSE,STOCK,SURYAAMBA,Suryaamba Spinning Mills,,533101,X,SURYAAMBA.BO
BSE,STOCK,SURYALA,Suryalata Spinning Mills,,514138,B,SURYALA.BO
BSE,STOCK,SURYALAXMI,Suryalakshmi Cotton Mills,,521200,B,SURYALAXMI.BO
BSE,STOCK,SURYODAY,Suryoday Small Finance Bank,,543279,B,SURYODAY.BO
BSE,STOCK,SUSAN,Susan Electricals,,544793,MT,SUSAN.BO
BSE,STOCK,SUVIDHAA,Suvidhaa Infoserve,,543281,B,SUVIDHAA.BO
BSE,STOCK,SUYOG,Suyog Telematics,,537259,B,SUYOG.BO
BSE,STOCK,SUZLON,Suzlon Energy,,532667,A,SUZLON.BO
BSE,STOCK,SVAMSOF,Svam Software,,523722,X,SVAMSOF.BO
BSE,STOCK,SVARTCORP,Swasti Vinayaka Art & Heritage Corp,,512257,X,SVARTCORP.BO
BSE,STOCK,SVCIND,SVC Industries,,524488,X,SVCIND.BO
BSE,STOCK,SVGLOBAL,SV Global Mill,,535621,B,SVGLOBAL.BO
BSE,STOCK,SVJ,SVJ Enterprises,,543799,M,SVJ.BO
BSE,STOCK,SVPGLOB,SVP Global Ventures,,505590,B,SVPGLOB.BO
BSE,STOCK,SVRL,Shri Venkatesh Refineries,,543373,T,SVRL.BO
BSE,STOCK,SVS,SVS Ventures,,543745,M,SVS.BO
BSE,STOCK,SW1,SW Investments,,503659,XT,SW1.BO
BSE,STOCK,SWADEIN,Swadeshi Industries,,506863,X,SWADEIN.BO
BSE,STOCK,SWADHATURE,Swadha Nature Limited,,531039,X,SWADHATURE.BO
BSE,STOCK,SWADPOL,Swadeshi Polytex,,503816,X,SWADPOL.BO
BSE,STOCK,SWAGTAM,Swagtam Trading & Services,,539406,X,SWAGTAM.BO
BSE,STOCK,SWANAGRO,New Swan Multi Tech,,544082,M,SWANAGRO.BO
BSE,STOCK,SWANCORP,Swan Corp,,503310,A,SWANCORP.BO
BSE,STOCK,SWANDEF,Swan Defence & Heavy Industries,,533107,T,SWANDEF.BO
BSE,STOCK,SWARNSAR,Swarnsarita Gems,,526365,B,SWARNSAR.BO
BSE,STOCK,SWASTH,Swasth Foodtech,,544368,M,SWASTH.BO
BSE,STOCK,SWASTIKA,Swastika Investmart,,530585,XT,SWASTIKA.BO
BSE,STOCK,SWASTIKAAL,Swastika Castal,,544452,MT,SWASTIKAAL.BO
BSE,STOCK,SWASTIVI,Swasti Vinayaka Synthetics,,510245,X,SWASTIVI.BO
BSE,STOCK,SWATIPRO,Swati Projects,,543914,XT,SWATIPRO.BO
BSE,STOCK,SWELECTES,SWELECT Energy Systems,,532051,B,SWELECTES.BO
BSE,STOCK,SWIGGY,Swiggy,,544285,A,SWIGGY.BO
BSE,STOCK,SWISSMLTRY,Swiss Military Consumer Goods,,523558,T,SWISSMLTRY.BO
BSE,STOCK,SWITCHTE,Switching Technologies Gunther,,517201,XT,SWITCHTE.BO
BSE,STOCK,SWOJAS,Swojas Foods,,530217,X,SWOJAS.BO
BSE,STOCK,SWORDEDGE,Sword-Edge Commercials,,512359,XT,SWORDEDGE.BO
BSE,STOCK,SWRNASE,Swarna Securities,,531003,X,SWRNASE.BO
BSE,STOCK,SWSOLAR,Sterling & Wilson Renewable Energy,,542760,B,SWSOLAR.BO
BSE,STOCK,SYLPH,Sylph Industries,,511447,X,SYLPH.BO
BSE,STOCK,SYMBIOX,Symbiox Investment & Trading,,539278,X,SYMBIOX.BO
BSE,STOCK,SYMPHONY,Symphony,,517385,B,517385.BO
BSE,STOCK,SYNCOMF,Syncom Formulations,,524470,B,SYNCOMF.BO
BSE,STOCK,SYNGENE,Syngene International,,539268,A,SYNGENE.BO
BSE,STOCK,SYRMA,Syrma SGS,,543573,A,SYRMA.BO
BSE,STOCK,SYSCHEM,Syschem,,531173,X,SYSCHEM.BO
BSE,STOCK,SYSTEMATIC,Systematic Industries,,544541,M,SYSTEMATIC.BO
BSE,STOCK,SYSTMTXC,Systematix Corporate Services,,526506,T,SYSTMTXC.BO
BSE,STOCK,SYTIXSE,Systematix Securities,,531432,XT,SYTIXSE.BO
BSE,STOCK,TAALTECH,TaaL Tech,,539956,B,TAALTECH.BO
BSE,STOCK,TAHMARENT,Tahmar Enterprises,,516032,XT,TAHMARENT.BO
BSE,STOCK,TAIIND,TAI Industries,,519483,X,TAIIND.BO
BSE,STOCK,TAINWALCHM,Tainwala Chemicals & Plastics,,507785,B,TAINWALCHM.BO
BSE,STOCK,TAKE,TAKE,,532890,B,TAKE.BO
BSE,STOCK,TAKYON,Takyon Networks,,544471,M,TAKYON.BO
BSE,STOCK,TALBROAUTO,Talbros Automotive Components,,505160,B,TALBROAUTO.BO
BSE,STOCK,TALBROSENG,Talbros Engineering,,538987,X,TALBROSENG.BO
BSE,STOCK,TAMBOLIIN,Tamboli Industries,,533170,T,TAMBOLIIN.BO
BSE,STOCK,TANAA,Taneja Aerospace & Aviation,,522229,B,TANAA.BO
BSE,STOCK,TANDHANIN,Tandhan Industries,,512062,XT,TANDHANIN.BO
BSE,STOCK,TANFACIND,TANFAC Industries,,506854,B,TANFACIND.BO
BSE,STOCK,TANLA,Tanla Platforms,,532790,A,TANLA.BO
BSE,STOCK,TANVI,Tanvi Foods,,540332,M,TANVI.BO
BSE,STOCK,TAPARIA,Taparia Tools,,505685,XT,TAPARIA.BO
BSE,STOCK,TARAI,Tarai Foods,,519285,Z,TARAI.BO
BSE,STOCK,TARAPUR,Tarapur Transformers,,533203,B,TARAPUR.BO
BSE,STOCK,TARC,TARC,,543249,B,TARC.BO
BSE,STOCK,TARIL,Transformers & Rectifiers,,532928,A,TARIL.BO
BSE,STOCK,TARINI,Tarini International,,538496,M,TARINI.BO
BSE,STOCK,TARMAT,Tarmat,,532869,B,TARMAT.BO
BSE,STOCK,TARSONS,Tarsons Products,,543399,B,TARSONS.BO
BSE,STOCK,TASTYBITE,Tasty Bite Eatables,,519091,B,TASTYBITE.BO
BSE,STOCK,TATACAP,Tata Capital,,544574,A,TATACAP.BO
BSE,STOCK,TATACONSUM,Tata Consumer Products,,500800,A,TATACONSUM.BO
BSE,STOCK,TATASTEEL,Tata Steel,,500470,A,500470.BO
BSE,STOCK,TATATECH,Tata Technologies,,544028,A,TATATECH.BO
BSE,STOCK,TATIAGLOB,Tatia Global Vennture,,521228,X,TATIAGLOB.BO
BSE,STOCK,TATVA,Tatva Chintan Pharma,,543321,B,TATVA.BO
BSE,STOCK,TAVEXIA,Sattva Sukun Lifecare,,539519,XT,TAVEXIA.BO
BSE,STOCK,TBOTEK,TBO Tek,,544174,A,TBOTEK.BO
BSE,STOCK,TBZ,Tribhovandas Bhimji Zaveri,,534369,B,TBZ.BO
BSE,STOCK,TCFCFINQ,TCFC Finance,,532284,X,TCFCFINQ.BO
BSE,STOCK,TCIEXP,TCI Express,,540212,B,TCIEXP.BO
BSE,STOCK,TCIFINANCE,TCI Finance,,501242,T,501242.BO
BSE,STOCK,TCIIND,TCI Industries,,532262,X,TCIIND.BO
BSE,STOCK,TCMLMTD,TCM,,524156,X,TCMLMTD.BO
BSE,STOCK,TCPLPACK,TCPL Packaging,,523301,B,TCPLPACK.BO
BSE,STOCK,TCS,Tata Consultancy Services,,532540,A,TCS.BO
BSE,STOCK,TDPOWERSYS,TD Power Systems,,533553,A,TDPOWERSYS.BO
BSE,STOCK,TDSL,Tasty Dairy Specialities,,540955,Z,TDSL.BO
BSE,STOCK,TEAM24,Team24 Consumer Products,,500458,X,500458.BO
BSE,STOCK,TEAMGTY,Team India Guaranty,,511559,B,TEAMGTY.BO
BSE,STOCK,TEAMLEASE,Teamlease Services,,539658,B,TEAMLEASE.BO
BSE,STOCK,TECHCON,Technojet Consultants,,509917,XT,TECHCON.BO
BSE,STOCK,TECHKGREEN,Techknowgreen Solutions,,543991,M,TECHKGREEN.BO
BSE,STOCK,TECHNICHEM,Technichem Organics,,544327,M,TECHNICHEM.BO
BSE,STOCK,TECHNOE,Techno Electric & Engineering,,542141,A,TECHNOE.BO
BSE,STOCK,TECHNOPACK,Technopack Polymers,,543656,M,TECHNOPACK.BO
BSE,STOCK,TECHNVISN,TechNVision Ventures,,501421,B,TECHNVISN.BO
BSE,STOCK,TECILCHEM,Tecil Chemicals & Hydro Power,,506680,B,TECILCHEM.BO
BSE,STOCK,TEEAI,Teesta Agro Industries,,524204,X,TEEAI.BO
BSE,STOCK,TEGA,Tega Industries,,543413,A,TEGA.BO
BSE,STOCK,TEJASNET,Tejas Networks,,540595,A,TEJASNET.BO
BSE,STOCK,TEJASSVI,Tejassvi Aaharam,,531628,XT,TEJASSVI.BO
BSE,STOCK,TEJNAKSH,Tejnaksh Healthcare,,539428,X,TEJNAKSH.BO
BSE,STOCK,TELECANOR,TeleCanor Global,,530595,XT,TELECANOR.BO
BSE,STOCK,TELGE,Telge Projects,,544544,MT,TELGE.BO
BSE,STOCK,TELOGICA,Telogica,,532975,XT,TELOGICA.BO
BSE,STOCK,TENNIND,Tenneco Clean Air,,544612,B,TENNIND.BO
BSE,STOCK,TERAI,Terai Tea Company,,530533,B,TERAI.BO
BSE,STOCK,TERASOFT,Tera Software,,533982,B,TERASOFT.BO
BSE,STOCK,TEXELIN,Texel Industries,,526638,X,TEXELIN.BO
BSE,STOCK,TEXINFRA,Texmaco Infrastructure & Holdings,,505400,B,TEXINFRA.BO
BSE,STOCK,TEXMOPIPES,Texmo Pipes & Products,,533164,B,TEXMOPIPES.BO
BSE,STOCK,TEXRAIL,Texmaco Rail & Engineering,,533326,A,TEXRAIL.BO
BSE,STOCK,TFCILTD,Tourism Finance Corporation of India,,526650,A,TFCILTD.BO
BSE,STOCK,TFL,Transwarranty Finance,,532812,B,TFL.BO
BSE,STOCK,TFSL,Typhoon Financial Services,,539468,X,TFSL.BO
BSE,STOCK,TGBHOTELS,TGB Banquets & Hotels,,532845,B,TGBHOTELS.BO
BSE,STOCK,TGIF,TGIF Agribusiness,,544175,M,TGIF.BO
BSE,STOCK,TGVSL,TGV Sraac,,507753,B,TGVSL.BO
BSE,STOCK,THACKER,Thacker,,509945,T,THACKER.BO
BSE,STOCK,THAKDEV,Thakkers Developers,,526654,B,THAKDEV.BO
BSE,STOCK,THAKKERS,Thakkers Group,,507530,X,THAKKERS.BO
BSE,STOCK,THAKRAL,Thakral Services,,509015,X,THAKRAL.BO
BSE,STOCK,THANGAMAYL,Thangamayil Jewellery,,533158,A,THANGAMAYL.BO
BSE,STOCK,THEINVEST,Investment Trust of India,,530023,B,THEINVEST.BO
BSE,STOCK,THELEELA,Leela Palaces Hotels & Resorts,,544408,A,THELEELA.BO
BSE,STOCK,THEMISMED,Themis Medicare,,530199,B,THEMISMED.BO
BSE,STOCK,THINKINK,Thinkink Picturez,,539310,X,THINKINK.BO
BSE,STOCK,THOMASCOTT,Thomas Scott,,533941,B,THOMASCOTT.BO
BSE,STOCK,THREEMPAPE,Three M Paper Boards,,544214,M,THREEMPAPE.BO
BSE,STOCK,THRIVE,Thrive Future Habitats,,523120,XT,THRIVE.BO
BSE,STOCK,THYROCARE,Thyrocare Technologies,,539871,A,THYROCARE.BO
BSE,STOCK,TI,Tilaknagar Industries,,507205,A,TI.BO
BSE,STOCK,TICL,Twamev Construction & Infrastructure,,532738,T,TICL.BO
BSE,STOCK,TIERRA,Tierra Agrotech,,543531,X,TIERRA.BO
BSE,STOCK,TIGERLOGS,Tiger Logistics,,536264,B,TIGERLOGS.BO
BSE,STOCK,TIGLOB,T & I Global,,522294,X,TIGLOB.BO
BSE,STOCK,TIHIL,Trans India House Impex,,523752,XT,TIHIL.BO
BSE,STOCK,TIIL,Technocraft Industries,,532804,B,TIIL.BO
BSE,STOCK,TIINDIA,Tube Investment,,540762,A,TIINDIA.BO
BSE,STOCK,TIJARIA,Tijaria Polypipes,,533629,T,TIJARIA.BO
BSE,STOCK,TIL,TIL,,505196,T,TIL.BO
BSE,STOCK,TILAK,Tilak Ventures,,503663,X,TILAK.BO
BSE,STOCK,TIMESGREEN,Times Green Energy,,543310,MT,TIMESGREEN.BO
BSE,STOCK,TIMETECHNO,Time Technoplast,,532856,A,TIMETECHNO.BO
BSE,STOCK,TIMEX,Timex Group,,500414,B,TIMEX.BO
BSE,STOCK,TIMKEN,Timken,,522113,A,TIMKEN.BO
BSE,STOCK,TINNARUBR,Tinna Rubber & Infrastructure,,530475,B,TINNARUBR.BO
BSE,STOCK,TIPSFILMS,Tips Films,,543614,B,TIPSFILMS.BO
BSE,STOCK,TIPSMUSIC,Tips Music,,532375,A,TIPSMUSIC.BO
BSE,STOCK,TIRSARJ,Tirupati Sarjan,,531814,X,TIRSARJ.BO
BSE,STOCK,TIRTPLS,Tirth Plastic,,526675,X,TIRTPLS.BO
BSE,STOCK,TIRUFOAM,Tirupati Foam,,540904,XT,TIRUFOAM.BO
BSE,STOCK,TIRUMALCHM,Thirumalai Chemicals,,500412,B,500412.BO
BSE,STOCK,TIRUPATIIN,Tirupati Innovar,,539040,X,TIRUPATIIN.BO
BSE,STOCK,TIRUSTA,Tirupati Starch & Chemicals,,524582,X,TIRUSTA.BO
BSE,STOCK,TITAANIUM,Titaanium Ten Enterprise,,539985,MT,TITAANIUM.BO
BSE,STOCK,TITAGARH,Titagarh Rail Systems,,532966,A,TITAGARH.BO
BSE,STOCK,TITANBIO,Titan Biotech,,524717,XT,TITANBIO.BO
BSE,STOCK,TITANIN,Titan Intech,,521005,X,TITANIN.BO
BSE,STOCK,TITANSEC,Titan Securities,,530045,X,TITANSEC.BO
BSE,STOCK,TLL,Trident Lifeline,,543616,M,TLL.BO
BSE,STOCK,TMB,Tamilnad Mercantile Bank,,543596,A,TMB.BO
BSE,STOCK,TMCV,Tata Motors,,544569,B,TMCV.BO
BSE,STOCK,TMPV,Tata Motors Passenger Vehicles,,500570,A,TMPV.BO
BSE,STOCK,TNPL,Tamil Nadu Newsprint & Papers,,531426,B,TNPL.BO
BSE,STOCK,TNTELE,Tamilnadu Telecommunications,,523419,B,TNTELE.BO
BSE,STOCK,TOKYOFIN,Tokyo Finance,,531644,X,TOKYOFIN.BO
BSE,STOCK,TOKYOPLAST,Tokyo Plast International,,500418,B,500418.BO
BSE,STOCK,TOLINS,Tolins Tyres,,544254,B,TOLINS.BO
BSE,STOCK,TORNTPHARM,Torrent Pharmaceuticals,,500420,A,500420.BO
BSE,STOCK,TORNTPOWER,Torrent Power,,532779,A,532779.BO
BSE,STOCK,TOTEM,Forbes Precision Tools & Machine Parts,,544186,X,TOTEM.BO
BSE,STOCK,TOYAMSL,Toyam Sports,,538607,B,TOYAMSL.BO
BSE,STOCK,TPHQ,Teamo Productions HQ,,533048,T,TPHQ.BO
BSE,STOCK,TPINDIA,TPINDIA,,500421,XT,TPINDIA.BO
BSE,STOCK,TPLPLASTEH,TPL Plastech,,526582,B,TPLPLASTEH.BO
BSE,STOCK,TPROJECT,Thirani Projects,,538464,X,TPROJECT.BO
BSE,STOCK,TRABI,Transgene Biotek,,526139,X,TRABI.BO
BSE,STOCK,TRACXN,Tracxn Technologies,,543638,B,TRACXN.BO
BSE,STOCK,TRADEUNO,Game Changers Texfab,,544594,M,TRADEUNO.BO
BSE,STOCK,TRADEWELL,Tradewell Holdings,,531203,X,TRADEWELL.BO
BSE,STOCK,TRADWIN,Trade Wings,,509953,XT,TRADWIN.BO
BSE,STOCK,TRANSCHEM,Transchem,,500422,XT,TRANSCHEM.BO
BSE,STOCK,TRANSCOR,Transcorp International,,532410,B,TRANSCOR.BO
BSE,STOCK,TRANSFD,Transglobe Foods,,519367,X,TRANSFD.BO
BSE,STOCK,TRANSFRE,Trans Freight Containers,,513063,X,TRANSFRE.BO
BSE,STOCK,TRANSPACT,Transpact Enterprises,,542765,MS,TRANSPACT.BO
BSE,STOCK,TRANSPEK,Transpek Industry,,506687,T,TRANSPEK.BO
BSE,STOCK,TRANSRAILL,Transrail Lighting,,544317,A,TRANSRAILL.BO
BSE,STOCK,TRANSVOY,Transvoy Logistics,,543754,MT,TRANSVOY.BO
BSE,STOCK,TRANSWORLD,Transworld Shipping Lines,,520151,T,TRANSWORLD.BO
BSE,STOCK,TRANWAY21,Tranway21 Technologies,,542923,TS,TRANWAY21.BO
BSE,STOCK,TRAVELFOOD,Travel Food Services,,544443,B,TRAVELFOOD.BO
BSE,STOCK,TRAVELS,Travels & Rentals,,544242,M,TRAVELS.BO
BSE,STOCK,TREEHOUSE,Tree House Education,,533540,B,TREEHOUSE.BO
BSE,STOCK,TREJHARA,Trejhara Solutions,,542233,B,TREJHARA.BO
BSE,STOCK,TREL,Transindia Real Estate,,543955,B,TREL.BO
BSE,STOCK,TRESCON,Trescon,,532159,X,TRESCON.BO
BSE,STOCK,TRF,TRF,,505854,B,TRF.BO
BSE,STOCK,TRICOMFRU,Tricom Fruit Products,,531716,XT,TRICOMFRU.BO
BSE,STOCK,TRIDENT,Trident,,521064,A,TRIDENT.BO
BSE,STOCK,TRIGYN,Trigyn Technologies,,517562,B,TRIGYN.BO
BSE,STOCK,TRILIANCE,Triliance Polymers,,509046,X,TRILIANCE.BO
BSE,STOCK,TRINITYLEA,Trinity League,,531846,X,TRINITYLEA.BO
BSE,STOCK,TRIOMERC,Trio Mercantile & Trading,,534755,XT,TRIOMERC.BO
BSE,STOCK,TRISHAKT,Trishakti Electronics,,531279,XT,TRISHAKT.BO
BSE,STOCK,TRITONV,Triton Valves,,505978,B,TRITONV.BO
BSE,STOCK,TRITURBINE,Triveni Turbines,,533655,A,TRITURBINE.BO
BSE,STOCK,TRIUMPIN,Triumph International Finance,,532131,X,TRIUMPIN.BO
BSE,STOCK,TRIVENI,Triveni Engineering & Industries,,532356,A,532356.BO
BSE,STOCK,TRIVENIENT,Triveni Enterprises,,538569,X,TRIVENIENT.BO
BSE,STOCK,TRIVENIGQ,Triveni Glass,,502281,XT,TRIVENIGQ.BO
BSE,STOCK,TRL,Taylormade Renewables,,541228,T,TRL.BO
BSE,STOCK,TRU,TruCap Finance,,540268,B,TRU.BO
BSE,STOCK,TRUALT,Trualt Bioenergy,,544545,B,TRUALT.BO
BSE,STOCK,TRUECOLORS,True Colors,,544531,M,TRUECOLORS.BO
BSE,STOCK,TRUEGREEN,True Green Bio Energy,,533407,XT,TRUEGREEN.BO
BSE,STOCK,TRUSTEDGE,Trustedge Capital,,532056,X,TRUSTEDGE.BO
BSE,STOCK,TRUSTWAVE,Trustwave Securities,,508963,XT,TRUSTWAVE.BO
BSE,STOCK,TSPIRITUAL,T Spiritual World,,532444,X,TSPIRITUAL.BO
BSE,STOCK,TTC,Toss The Coin,,544303,M,TTC.BO
BSE,STOCK,TTFL,Trident Texofab,,540726,X,TTFL.BO
BSE,STOCK,TTGIL,Tomorrow Technologies Global Innovation,,512018,X,TTGIL.BO
BSE,STOCK,TTIENT,TTI Enterprise,,538597,X,TTIENT.BO
BSE,STOCK,TTKHLTCARE,TTK Healthcare,,507747,B,TTKHLTCARE.BO
BSE,STOCK,TTKPRESTIG,TTK Prestige,,517506,B,TTKPRESTIG.BO
BSE,STOCK,TTL,TTL,,514142,B,TTL.BO
BSE,STOCK,TTML,Tata Teleservices Maharashtra,,532371,A,TTML.BO
BSE,STOCK,TULASEEBIOE,Tulasee Bio-Ethanol,,524514,ZP,TULASEEBIOE.BO
BSE,STOCK,TULSYAN,Tulsyan NEC,,513629,X,TULSYAN.BO
BSE,STOCK,TUNITEX,Tuni Textile Mills,,531411,X,TUNITEX.BO
BSE,STOCK,TURTLEMINT,Turtlemint Fintech Solutions,,544799,B,TURTLEMINT.BO
BSE,STOCK,TUSALDAH,High Street Filatex,,531301,X,TUSALDAH.BO
BSE,STOCK,TUTIALKA,Tuticorin Alkali Chemicals,,506808,B,TUTIALKA.BO
BSE,STOCK,TVOLCON,Tivoli Construction,,511096,XT,TVOLCON.BO
BSE,STOCK,TVSELECT,TVS Electronics,,532513,B,TVSELECT.BO
BSE,STOCK,TVSHLTD,TVS Holdings,,520056,A,TVSHLTD.BO
BSE,STOCK,TVSMOTOR,TVS Motors,,532343,A,TVSMOTOR.BO
BSE,STOCK,TVSSCS,TVS Supply Chain Solutions,,543965,B,TVSSCS.BO
BSE,STOCK,TVSSRICHAK,TVS Srichakra,,509243,B,TVSSRICHAK.BO
BSE,STOCK,TVTODAY,TV Today Network,,532515,B,TVTODAY.BO
BSE,STOCK,TVVISION,TV Vision,,540083,T,TVVISION.BO
BSE,STOCK,TWIROST,Twin Roses Trades & Agencies,,512117,XT,TWIROST.BO
BSE,STOCK,TYCHE,Tyche Industries,,532384,X,TYCHE.BO
BSE,STOCK,TYROON,Tyroon Tea Company,,526945,X,TYROON.BO
BSE,STOCK,UBL,United Breweries,,532478,A,UBL.BO
BSE,STOCK,UCAL,UCAL,,500464,T,UCAL.BO
BSE,STOCK,UCIL,Unifinz Capital,,541358,XT,UCIL.BO
BSE,STOCK,UCOBANK,UCO Bank,,532505,A,UCOBANK.BO
BSE,STOCK,UDAYJEW,Uday Jewellery Industries,,539518,B,UDAYJEW.BO
BSE,STOCK,UDS,Updater Services,,543996,B,UDS.BO
BSE,STOCK,UEL,Ujaas Energy,,533644,B,UEL.BO
BSE,STOCK,UFBL,United Foodbrands,,543283,T,UFBL.BO
BSE,STOCK,UFO,UFO Moviez,,539141,B,UFO.BO
BSE,STOCK,UGARSUGAR,Ugar Sugar Works,,530363,B,UGARSUGAR.BO
BSE,STOCK,UGROCAP,UGRO Capital,,511742,B,UGROCAP.BO
BSE,STOCK,UHMVL,UHM Vacation,,544779,M,UHMVL.BO
BSE,STOCK,UHZAVERI,UH Zaveri,,541338,B,UHZAVERI.BO
BSE,STOCK,UJJIVANSFB,Ujjivan Small Finance Bank,,542904,A,UJJIVANSFB.BO
BSE,STOCK,ULTRACAB,Ultracab,,538706,X,ULTRACAB.BO
BSE,STOCK,ULTRACEMCO,UltraTech Cement,,532538,A,ULTRACEMCO.BO
BSE,STOCK,ULTRAMAR,Ultramarine & Pigments,,506685,B,ULTRAMAR.BO
BSE,STOCK,UMAEXPORTS,Uma Exports,,543513,T,UMAEXPORTS.BO
BSE,STOCK,UMESLTD,Usha Martin Education & Solutions,,532398,B,UMESLTD.BO
BSE,STOCK,UMIYA,Umiya Tubes,,539798,X,UMIYA.BO
BSE,STOCK,UMIYA-MRO,Umiya Buildcon,,532376,B,UMIYA-MRO.BO
BSE,STOCK,UML,Umiya Mobile,,544464,M,UML.BO
BSE,STOCK,UNIABEXAL,Uni Abex Alloy Products,,504605,XT,UNIABEXAL.BO
BSE,STOCK,UNIAUTO,Universal Autofoundry,,539314,B,UNIAUTO.BO
BSE,STOCK,UNICHEMLAB,Unichem Laboratories,,506690,B,UNICHEMLAB.BO
BSE,STOCK,UNICK,Unick Fix-A- Form & Printers,,541503,X,UNICK.BO
BSE,STOCK,UNIDT,United Drilling Tools,,522014,T,UNIDT.BO
BSE,STOCK,UNIECOM,Unicommerce eSolutions,,544227,B,UNIECOM.BO
BSE,STOCK,UNIFIED,Unified Data Tech Solutions,,544406,M,UNIFIED.BO
BSE,STOCK,UNIMECH,Unimech Aerospace and Manufacturing,,544322,B,UNIMECH.BO
BSE,STOCK,UNIOFFICE,Universal Office Automation,,523519,X,UNIOFFICE.BO
BSE,STOCK,UNIONBANK,Union Bank of India,,532477,A,UNIONBANK.BO
BSE,STOCK,UNIPARTS,Uniparts,,543689,B,UNIPARTS.BO
BSE,STOCK,UNIQUEO,Unique Organics,,530997,X,UNIQUEO.BO
BSE,STOCK,UNIROYAL,Uniroyal Industries,,521226,X,UNIROYAL.BO
BSE,STOCK,UNISEM,Unisem Agritech,,544648,M,UNISEM.BO
BSE,STOCK,UNISHIRE,Unishire Urban Infra,,537582,M,UNISHIRE.BO
BSE,STOCK,UNISON,Unison Metals,,538610,XT,UNISON.BO
BSE,STOCK,UNITDCR,United Credit,,531091,X,UNITDCR.BO
BSE,STOCK,UNITDSPR,United Spirits,,532432,A,UNITDSPR.BO
BSE,STOCK,UNITEDINT,United Interactive,,502893,X,UNITEDINT.BO
BSE,STOCK,UNITEDPOLY,United Polyfab,,544756,B,UNITEDPOLY.BO
BSE,STOCK,UNITINT,Unitech International,,531867,Z,UNITINT.BO
BSE,STOCK,UNIVARTS,Universal Arts,,532378,X,UNIVARTS.BO
BSE,STOCK,UNIVCABLES,Universal Cables,,504212,B,UNIVCABLES.BO
BSE,STOCK,UNIVPHOTO,Universus Photo Imagings,,542933,T,UNIVPHOTO.BO
BSE,STOCK,UNIVSTAR,Universal Starch Chem,,524408,XT,UNIVSTAR.BO
BSE,STOCK,UNJHAFOR,Unjha Formulations,,531762,XT,UNJHAFOR.BO
BSE,STOCK,UNOMINDA,UNO Minda,,532539,A,UNOMINDA.BO
BSE,STOCK,UNRYLMA,Uniroyal Marine Exports,,526113,XT,UNRYLMA.BO
BSE,STOCK,UNTTEMI,United Leasing & Industries,,507808,P,UNTTEMI.BO
BSE,STOCK,UPHOT,UP Hotels,,509960,B,UPHOT.BO
BSE,STOCK,UPL,UPL,,512070,A,UPL.BO
BSE,STOCK,UPSURGE,Upsurge Investment & Finance,,531390,X,UPSURGE.BO
BSE,STOCK,URAVIDEF,Uravi Defence and Technology,,543930,T,URAVIDEF.BO
BSE,STOCK,URBANCO,Urban Company,,544515,A,URBANCO.BO
BSE,STOCK,URJA,Urja Global,,526987,B,URJA.BO
BSE,STOCK,URSUGAR,UR Sugar Industries,,539097,T,URSUGAR.BO
BSE,STOCK,USGTECH,USG Tech Solutions,,532402,XT,USGTECH.BO
BSE,STOCK,USHAKIRA,Ushakiran Finance,,511507,X,USHAKIRA.BO
BSE,STOCK,USHAMART,Usha Martin,,517146,A,USHAMART.BO
BSE,STOCK,UTIAMC,UTI AMC,,543238,A,UTIAMC.BO
BSE,STOCK,UTIQUE,Utique Enterprises,,500014,X,UTIQUE.BO
BSE,STOCK,UTKARSHBNK,Utkarsh Small Finance Bank,,543942,B,UTKARSHBNK.BO
BSE,STOCK,UTLINDS,UTL Industries,,500426,X,UTLINDS.BO
BSE,STOCK,UTLSOLAR,Fujiyama Power Systems,,544613,B,UTLSOLAR.BO
BSE,STOCK,UTTAMSUGAR,Uttam Sugar Mills,,532729,B,UTTAMSUGAR.BO
BSE,STOCK,UVDRHOR,United Van Der Horst,,522091,X,UVDRHOR.BO
BSE,STOCK,UVS,UVS Hospitality And Services,,531652,X,UVS.BO
BSE,STOCK,UYFINCORP,UY Fincorp,,530579,T,UYFINCORP.BO
BSE,STOCK,V2RETAIL,V2 Retail,,532867,B,V2RETAIL.BO
BSE,STOCK,VAARAD,Vaarad Ventures,,532320,X,VAARAD.BO
BSE,STOCK,VADILALIND,Vadilal Industries,,519156,B,VADILALIND.BO
BSE,STOCK,VADILENT,Vadilal Enterprises,,519152,B,VADILENT.BO
BSE,STOCK,VAHH,Vahh Chemicals,,544778,M,VAHH.BO
BSE,STOCK,VAIBHAVGBL,Vaibhav Global,,532156,B,VAIBHAVGBL.BO
BSE,STOCK,VAKRANGEE,Vakrangee,,511431,B,VAKRANGEE.BO
BSE,STOCK,VALENCIA,Valencia Nutrition,,542910,MS,VALENCIA.BO
BSE,STOCK,VALIANT,Valiant Communications,,526775,X,VALIANT.BO
BSE,STOCK,VALIANTLAB,Valiant Laboratories,,543998,T,VALIANTLAB.BO
BSE,STOCK,VALIANTORG,Valiant Organics,,540145,T,VALIANTORG.BO
BSE,STOCK,VALINDIA,Valencia,,544433,M,VALINDIA.BO
BSE,STOCK,VALLABHSQ,Vallabh Steels,,513397,XT,VALLABHSQ.BO
BSE,STOCK,VALPLAST,Valplast Technologies,,544565,M,VALPLAST.BO
BSE,STOCK,VALSONQ,Valson Industries,,530459,XT,VALSONQ.BO
BSE,STOCK,VAMA,Vama Industries,,512175,X,VAMA.BO
BSE,STOCK,VAML,Vedanta Aluminium Metal,,544780,B,VAML.BO
BSE,STOCK,VAMSHIRU,Vamshi Rubber,,530369,X,VAMSHIRU.BO
BSE,STOCK,VANDAN,Vandan Foods,,544436,M,VANDAN.BO
BSE,STOCK,VANDU,Leo Dryfruits & Spices Trading,,544329,M,VANDU.BO
BSE,STOCK,VANICOM,Vani Commercials,,538918,X,VANICOM.BO
BSE,STOCK,VANTABIO,Vanta Bioscience,,540729,MT,VANTABIO.BO
BSE,STOCK,VAPIENTER,Vapi Enterprise,,502589,XT,VAPIENTER.BO
BSE,STOCK,VARDMNPOLY,Vardhman Polytex,,514175,B,VARDMNPOLY.BO
BSE,STOCK,VARIMAN,Variman Global Enterprise,,540570,X,VARIMAN.BO
BSE,STOCK,VARROC,Varroc Engineering,,541578,A,VARROC.BO
BSE,STOCK,VARUNME,Varun Mercantile,,512511,XT,512511.BO
BSE,STOCK,VARYAA,Varyaa Creations,,544168,M,VARYAA.BO
BSE,STOCK,VASCONEQ,Vascon Engineers,,533156,B,VASCONEQ.BO
BSE,STOCK,VASHISHTHA,Vashishtha Luxury Fashion,,544508,M,VASHISHTHA.BO
BSE,STOCK,VASINFRA,Vas Infrastructure,,531574,XT,VASINFRA.BO
BSE,STOCK,VASUPRADA,Shri Vasuprada Plantations,,538092,B,VASUPRADA.BO
BSE,STOCK,VASWANI,Vaswani Industries,,533576,B,VASWANI.BO
BSE,STOCK,VBDESAI,VB Desai Financial Services,,511110,X,VBDESAI.BO
BSE,STOCK,VBIND,VB Industries,,539123,X,VBIND.BO
BSE,STOCK,VBL,Varun Beverages,,540180,A,VBL.BO
BSE,STOCK,VCU,VCU Data Management,,536672,X,VCU.BO
BSE,STOCK,VEDANTASSET,Vedant Asset,,543623,MT,VEDANTASSET.BO
BSE,STOCK,VEDAVAAG,Vedavaag Systems,,533056,B,VEDAVAAG.BO
BSE,STOCK,VEDL,Vedanta,,500295,A,VEDL.BO
BSE,STOCK,VEDPOWER,Vedanta Power,,544781,B,VEDPOWER.BO
BSE,STOCK,VEEDOL,Veedol Corporation,,590005,B,VEEDOL.BO
BSE,STOCK,VEEFIN,Veefin Solutions,,543931,M,VEEFIN.BO
BSE,STOCK,VEERENRGY,Veer Energy & Infrastructure,,503657,X,VEERENRGY.BO
BSE,STOCK,VEERHEALTH,Veerhealth Care,,511523,XT,VEERHEALTH.BO
BSE,STOCK,VEERKRUPA,Veerkrupa Jewellers,,543545,M,VEERKRUPA.BO
BSE,STOCK,VEGA,Vega Jewellers,,512026,XT,VEGA.BO
BSE,STOCK,VEL,Vaxfab Enterprises,,542803,X,VEL.BO
BSE,STOCK,VELHO,Velan Hotels,,526755,XT,VELHO.BO
BSE,STOCK,VELJAN,Veljan Denison,,505232,T,VELJAN.BO
BSE,STOCK,VELLORA,Pratiksha Chemicals,,531257,X,VELLORA.BO
BSE,STOCK,VENKEYS,Venkys,,523261,B,VENKEYS.BO
BSE,STOCK,VENLONENT,Venlon Enterprises,,524038,X,VENLONENT.BO
BSE,STOCK,VENMAX,Venmax Drugs & Pharmaceuticals,,531015,X,VENMAX.BO
BSE,STOCK,VENTIVE,Ventive Hospitality,,544321,B,VENTIVE.BO
BSE,STOCK,VENTURA,Ventura Textiles,,516098,X,VENTURA.BO
BSE,STOCK,VENUSPIPES,Venus Pipes & Tubes,,543528,B,VENUSPIPES.BO
BSE,STOCK,VENUSREM,Venus Remedies,,526953,T,VENUSREM.BO
BSE,STOCK,VERANDA,Veranda Learning Solutions,,543514,B,VERANDA.BO
BSE,STOCK,VERITAS,Veritas,,512229,XT,VERITAS.BO
BSE,STOCK,VERTEX,Vertex Securities,,531950,XT,VERTEX.BO
BSE,STOCK,VERTEXPP,Vertex Securities - PP,,890234,XT,VERTEXPP.BO
BSE,STOCK,VESUVIUS,Vesuvius,,520113,A,VESUVIUS.BO
BSE,STOCK,VETO,Veto Switchgear Cable,,539331,T,VETO.BO
BSE,STOCK,VGCL,Vibrant Global Capital,,538732,B,VGCL.BO
BSE,STOCK,VGIL,Veer Global Infraconstruction,,543241,B,VGIL.BO
BSE,STOCK,VGL,Varvee Global,,514274,B,VGL.BO
BSE,STOCK,VGUARD,V-Guard Industries,,532953,A,VGUARD.BO
BSE,STOCK,VHL,Vardhman Holdings,,500439,B,500439.BO
BSE,STOCK,VHLTD,Viceroy Hotels,,523796,T,VHLTD.BO
BSE,STOCK,VICTMILL,Victoria Mills,,503349,XT,VICTMILL.BO
BSE,STOCK,VIDHIING,Vidhi Specialty Food Ingredients,,531717,B,VIDHIING.BO
BSE,STOCK,VIDYAWIRES,Vidya Wires,,544633,B,VIDYAWIRES.BO
BSE,STOCK,VIJAYA,Vijaya Diagnostic Centre,,543350,A,VIJAYA.BO
BSE,STOCK,VIJIFIN,Viji Finance,,537820,T,VIJIFIN.BO
BSE,STOCK,VIJSOLX,Vijay Solvex,,531069,B,VIJSOLX.BO
BSE,STOCK,VIKALPS,Vikalp Securities,,531334,X,VIKALPS.BO
BSE,STOCK,VIKASECO,Vikas Ecotech,,530961,B,VIKASECO.BO
BSE,STOCK,VIKASLIFE,Vikas Lifecare,,542655,B,VIKASLIFE.BO
BSE,STOCK,VIKASPROP,Vikas Proppant & Granite,,531518,Z,VIKASPROP.BO
BSE,STOCK,VIKASWSP,Vikas WSP,,519307,Z,VIKASWSP.BO
BSE,STOCK,VIKRAMAR,Vikram Aroma,,544371,X,VIKRAMAR.BO
BSE,STOCK,VIKRAMSOLR,Vikram Solar,,544488,A,VIKRAMSOLR.BO
BSE,STOCK,VIKRAMTH,Vikram Thermo,,530477,XT,VIKRAMTH.BO
BSE,STOCK,VIKRAN,Vikran Engineering,,544496,B,VIKRAN.BO
BSE,STOCK,VIMTALABS,Vimta Labs,,524394,B,VIMTALABS.BO
BSE,STOCK,VINATIORGA,Vinati Organics,,524200,A,VINATIORGA.BO
BSE,STOCK,VINAYAKPOL,Vinayak Polycon International,,534639,X,VINAYAKPOL.BO
BSE,STOCK,VINCOFE,Vintage Coffee & Beverages,,538920,B,VINCOFE.BO
BSE,STOCK,VINDHYATEL,Vindhya Telelinks,,517015,B,517015.BO
BSE,STOCK,VINEETLAB,Vineet Laboratories,,543298,B,VINEETLAB.BO
BSE,STOCK,VINNY,Vinny Overseas,,543670,B,VINNY.BO
BSE,STOCK,VINRKLB,Rekvina Laboratories,,526075,XT,VINRKLB.BO
BSE,STOCK,VINTAGES,Vintage Securities,,531051,X,VINTAGES.BO
BSE,STOCK,VINYLINDIA,Vinyl Chemicals,,524129,B,VINYLINDIA.BO
BSE,STOCK,VINYOFL,Vinyoflex,,530401,X,VINYOFL.BO
BSE,STOCK,VIPCLOTHNG,VIP Clothing,,532613,B,VIPCLOTHNG.BO
BSE,STOCK,VIPPYSP,Vippy Spinpro,,514302,X,VIPPYSP.BO
BSE,STOCK,VIPULLTD,Vipul,,511726,T,VIPULLTD.BO
BSE,STOCK,VIPULORG,Vipul Organics,,530627,X,VIPULORG.BO
BSE,STOCK,VIRAT,Virat Industries,,530521,B,VIRAT.BO
BSE,STOCK,VIRATCRA,Virat Crane Industries,,519457,X,VIRATCRA.BO
BSE,STOCK,VIRGOGLOB,Virgo Global,,532354,XT,VIRGOGLOB.BO
BSE,STOCK,VIRINCHI,Virinchi,,532372,B,VIRINCHI.BO
BSE,STOCK,VIRTUALG,Virtual Global Education,,534741,T,VIRTUALG.BO
BSE,STOCK,VIRYA,Virya Resources,,512479,XT,VIRYA.BO
BSE,STOCK,VISACHROME,VISA Chrome,,532721,B,VISACHROME.BO
BSE,STOCK,VISAGAR,Visagar Financial Services,,531025,X,VISAGAR.BO
BSE,STOCK,VISAKAIND,Visaka Industries,,509055,B,VISAKAIND.BO
BSE,STOCK,VISHAL,Vishal Fabrics,,538598,B,VISHAL.BO
BSE,STOCK,VISHALBL,Vishal Bearings,,539398,B,VISHALBL.BO
BSE,STOCK,VISHNU,Vishnu Chemicals,,516072,B,VISHNU.BO
BSE,STOCK,VISHWARAJ,Vishwaraj Sugar Industries,,542852,B,VISHWARAJ.BO
BSE,STOCK,VISIONCINE,Vision Cinemas,,526441,X,VISIONCINE.BO
BSE,STOCK,VISIONCO,Vision Corp,,531668,XT,VISIONCO.BO
BSE,STOCK,VISL,Vedanta Iron & Steel,,544784,B,VISL.BO
BSE,STOCK,VISTAPH,Vista Pharmaceuticals,,524711,X,VISTAPH.BO
BSE,STOCK,VISTARAMAR,Vistar Amar,,538565,X,VISTARAMAR.BO
BSE,STOCK,VISVEN,Vishvprabha Ventures,,512064,X,VISVEN.BO
BSE,STOCK,VIVAA,Vivaa Tradecom,,544002,MT,VIVAA.BO
BSE,STOCK,VIVANTA,Vivanta Industries,,541735,X,VIVANTA.BO
BSE,STOCK,VIVANZA,Vivanza Biosciences,,530057,X,VIVANZA.BO
BSE,STOCK,VIVIDHA,Visagar Polytex,,506146,B,VIVIDHA.BO
BSE,STOCK,VIVIDIND,Vivid Global Industries,,524576,X,VIVIDIND.BO
BSE,STOCK,VIVIDM,Vivid Mercantile,,542046,B,VIVIDM.BO
BSE,STOCK,VIVIMEDLAB,Vivimed Labs,,532660,T,532660.BO
BSE,STOCK,VIVOBIOT,Vivo Bio Tech,,511509,B,VIVOBIOT.BO
BSE,STOCK,VIYASH,Viyash Scientific,,512529,A,VIYASH.BO
BSE,STOCK,VJLAXMIE,Veejay Lakshmi Engineering Works,,522267,X,VJLAXMIE.BO
BSE,STOCK,VJTFEDU,VJTF Eduservices,,509026,X,VJTFEDU.BO
BSE,STOCK,VKAL,Vantage Knowledge Academy,,539761,X,VKAL.BO
BSE,STOCK,VLEGOV,VL E-Governance & IT Solutions,,543958,T,VLEGOV.BO
BSE,STOCK,VLL,Virat Leasing,,539167,X,VLL.BO
BSE,STOCK,VLSFINANCE,VLS Finance,,511333,B,VLSFINANCE.BO
BSE,STOCK,VMART,V Mart Retail,,534976,A,VMART.BO
BSE,STOCK,VMM,Vishal Mega Mart,,544307,A,VMM.BO
BSE,STOCK,VMS,VMS Industries,,533427,X,VMS.BO
BSE,STOCK,VMSTMT,VMS TMT,,544521,B,VMSTMT.BO
BSE,STOCK,VOEPL,Virtuoso Optoelectronics,,543597,B,VOEPL.BO
BSE,STOCK,VOGL,Vedanta Oil & Gas,,544782,B,VOGL.BO
BSE,STOCK,VOITHPAPR,Voith Paper Fabrics,,522122,B,VOITHPAPR.BO
BSE,STOCK,VOLKAI,Kairosoft AI Solutions,,506122,XT,VOLKAI.BO
BSE,STOCK,VOLLF,Voltaire Leasing & Finance,,509038,XT,VOLLF.BO
BSE,STOCK,VOLTAMP,Voltamp Transformers,,532757,A,VOLTAMP.BO
BSE,STOCK,VPAL,Vegorama Punjabi Angithi,,544765,MT,VPAL.BO
BSE,STOCK,VPL,Vrundavan Plantation,,544011,M,VPL.BO
BSE,STOCK,VPRPL,Vishnu Prakash R Punglia,,543974,B,VPRPL.BO
BSE,STOCK,VRFILMS,V R Films & Studios,,542654,B,VRFILMS.BO
BSE,STOCK,VRL,Vasundhara Rasayans,,538634,XT,VRL.BO
BSE,STOCK,VRLLOG,VRL Logistics,,539118,B,VRLLOG.BO
BSE,STOCK,VRUDDHI,VRUDDHI,,544157,M,VRUDDHI.BO
BSE,STOCK,VSDCONF,VSD Confin,,531696,XT,VSDCONF.BO
BSE,STOCK,VSFPROJ,VSF Projects,,519331,X,VSFPROJ.BO
BSE,STOCK,VSL,Viram Suvarn,,540252,B,VSL.BO
BSE,STOCK,VSSL,Vardhman Special Steels,,534392,B,VSSL.BO
BSE,STOCK,VSTIND,VST Industries,,509966,B,VSTIND.BO
BSE,STOCK,VSTL,Vibhor Steel Tubes,,544124,B,VSTL.BO
BSE,STOCK,VSTTILLERS,VST Tillers Tractors,,531266,B,VSTTILLERS.BO
BSE,STOCK,VTL,Vardhman Textiles,,502986,A,VTL.BO
BSE,STOCK,VTMLTD,VTM,,532893,B,VTMLTD.BO
BSE,STOCK,VVIPIL,VVIP Infratech,,544219,M,VVIPIL.BO
BSE,STOCK,VXLINSTR,VXL Instruments,,517399,XT,VXLINSTR.BO
BSE,STOCK,WAA,Waa Solar,,541445,M,WAA.BO
BSE,STOCK,WAAREE,Waaree Technologies,,539337,M,WAAREE.BO
BSE,STOCK,WAAREEENER,Waaree Energies,,544277,A,WAAREEENER.BO
BSE,STOCK,WAAREEINDO,Indosolar,,533257,B,WAAREEINDO.BO
BSE,STOCK,WAAREERTL,Waaree Renewable Technologies,,534618,A,WAAREERTL.BO
BSE,STOCK,WABAG,VA Tech Wabag,,533269,A,WABAG.BO
BSE,STOCK,WAGEND,Wagend Infra Venture,,503675,X,WAGEND.BO
BSE,STOCK,WAKEFIT,Wakefit Innovations,,544642,B,WAKEFIT.BO
BSE,STOCK,WALCHANNAG,Walchandnagar Industries,,507410,B,WALCHANNAG.BO
BSE,STOCK,WALCHPF,Walchand Peoplefirst,,501370,X,WALCHPF.BO
BSE,STOCK,WALLFORT,Wallfort Financial Services,,532053,X,WALLFORT.BO
BSE,STOCK,WANBURY,Wanbury,,524212,B,WANBURY.BO
BSE,STOCK,WARDHEALTH,Wardwizard Healthcare,,512063,P,WARDHEALTH.BO
BSE,STOCK,WARDINMOBI,Wardwizard Innovations & Mobility,,538970,B,WARDINMOBI.BO
BSE,STOCK,WARDWIZFBL,Wardwizard Foods & Beverages,,539132,X,WARDWIZFBL.BO
BSE,STOCK,WARRENTEA,Warren Tea,,508494,X,WARRENTEA.BO
BSE,STOCK,WATERBASE,Waterbase,,523660,B,WATERBASE.BO
BSE,STOCK,WCIL,Western Carriers,,544258,B,WCIL.BO
BSE,STOCK,WEALTH,Wealth First Portfolio Managers,,544536,B,WEALTH.BO
BSE,STOCK,WEBELSOLAR,Websol Energy System,,517498,A,WEBELSOLAR.BO
BSE,STOCK,WEIZMANIND,Weizmann,,523011,B,523011.BO
BSE,STOCK,WELCORP,Welspun Corp,,532144,A,WELCORP.BO
BSE,STOCK,WELCURE,Welcure Drugs & Pharmaceuticals,,524661,X,WELCURE.BO
BSE,STOCK,WELENT,Welspun Enterprises,,532553,A,WELENT.BO
BSE,STOCK,WELINV,Welspun Investments & Commercials,,533252,T,WELINV.BO
BSE,STOCK,WELSPLSOL,Welspun Specialty Solution,,500365,B,WELSPLSOL.BO
BSE,STOCK,WELSPUNLIV,Welspun Living,,514162,A,WELSPUNLIV.BO
BSE,STOCK,WENDT,Wendt,,505412,B,WENDT.BO
BSE,STOCK,WEPSOLN,WEP Solutions,,532373,X,WEPSOLN.BO
BSE,STOCK,WESTLEIRES,West Leisure Resorts,,538382,X,WESTLEIRES.BO
BSE,STOCK,WESTLIFE,Westlife Foodworld,,505533,A,WESTLIFE.BO
BSE,STOCK,WEWIN,We Win,,543535,B,WEWIN.BO
BSE,STOCK,WEWORK,WeWork India Management,,544570,B,WEWORK.BO
BSE,STOCK,WHBRADY,WH Brady & Company,,501391,B,WHBRADY.BO
BSE,STOCK,WHEELS,Wheels,,590073,B,WHEELS.BO
BSE,STOCK,WHITEORG,White Organic Agro,,513713,X,WHITEORG.BO
BSE,STOCK,WILLAMAGOR,Williamson Magor,,519224,B,WILLAMAGOR.BO
BSE,STOCK,WILLIMFI,Williamson Financial Services,,519214,X,WILLIMFI.BO
BSE,STOCK,WINDLAS,Windlas Biotech,,543329,B,WINDLAS.BO
BSE,STOCK,WINDMACHIN,Windsor Machines,,522029,B,WINDMACHIN.BO
BSE,STOCK,WINSOMBR,Winsome Breweries,,526471,X,WINSOMBR.BO
BSE,STOCK,WINSOMTX,Winsome Textile Industries,,514470,X,WINSOMTX.BO
BSE,STOCK,WIPRO,Wipro,,507685,A,WIPRO.BO
BSE,STOCK,WIREFABR,Wires & Fabriks,,507817,X,WIREFABR.BO
BSE,STOCK,WITS,Wherrelz IT Solutions,,543436,TS,WITS.BO
BSE,STOCK,WMINIMT,Western Ministil,,504998,P,WMINIMT.BO
BSE,STOCK,WOCKPHARMA,Wockhardt,,532300,A,WOCKPHARMA.BO
BSE,STOCK,WOMENNET,Women Networks,,531396,X,WOMENNET.BO
BSE,STOCK,WONDERLA,Wonderla Holidays,,538268,B,WONDERLA.BO
BSE,STOCK,WORKMATES,Workmates Core2Cloud Solution,,544610,M,WORKMATES.BO
BSE,STOCK,WORTH,Worth Investment & Trading,,538451,X,WORTH.BO
BSE,STOCK,WORTHPERI,Worth Peripherals,,544577,B,WORTHPERI.BO
BSE,STOCK,WOSAL,Western Overseas Study Abroad,,544636,M,WOSAL.BO
BSE,STOCK,WPIL,WPIL,,505872,B,WPIL.BO
BSE,STOCK,WSFX,WSFX Global Pay,,511147,X,WSFX.BO
BSE,STOCK,WSI,WS Industries,,504220,B,WSI.BO
BSE,STOCK,WSTCSTPAPR,West Coast Paper Mills,,500444,B,500444.BO
BSE,STOCK,WWALUM,Worldwide Aluminium,,526525,X,WWALUM.BO
BSE,STOCK,XCHANGING,Xchanging Solutions,,532616,B,XCHANGING.BO
BSE,STOCK,XELPMOC,Xelpmoc Design & Tech,,542367,B,XELPMOC.BO
BSE,STOCK,XPROINDIA,Xpro,,590013,B,XPROINDIA.BO
BSE,STOCK,XTGLOBAL,Xtglobal Infotech,,531225,B,XTGLOBAL.BO
BSE,STOCK,YAANENT,Yaan Enterprises,,538521,X,YAANENT.BO
BSE,STOCK,YAASHVI,Yaashvi Jewellers,,544770,M,YAASHVI.BO
BSE,STOCK,YAJUR,Yajur Fibres,,544676,MT,YAJUR.BO
BSE,STOCK,YAMNINV,Yamini Investments Company,,511012,XT,YAMNINV.BO
BSE,STOCK,YARNSYN,Yarn Syndicate,,514378,X,YARNSYN.BO
BSE,STOCK,YASHCHEM,Yash Chemex,,539939,X,YASHCHEM.BO
BSE,STOCK,YASHHTEJ,Yashhtej Industries,,544708,M,YASHHTEJ.BO
BSE,STOCK,YASHHV,Yash Highvoltage,,544310,M,YASHHV.BO
BSE,STOCK,YASHINNO,Yash Innoventures,,523650,X,YASHINNO.BO
BSE,STOCK,YASHMGM,Yash Management & Satellite,,511601,X,YASHMGM.BO
BSE,STOCK,YASHO,Yasho Industries,,541167,B,YASHO.BO
BSE,STOCK,YASHRAJC,Yashraj Containeurs,,530063,XT,YASHRAJC.BO
BSE,STOCK,YATHARTH,Yatharth Hospital,,543950,A,YATHARTH.BO
BSE,STOCK,YATRA,Yatra Online,,543992,B,YATRA.BO
BSE,STOCK,YESBANK,Yes Bank,,532648,A,YESBANK.BO
BSE,STOCK,YOGI,Yogi,,511702,B,YOGI.BO
BSE,STOCK,YOGISUNG,Yogi Sung-Won,,522209,X,YOGISUNG.BO
BSE,STOCK,YORKEXP,York Exports,,530675,X,YORKEXP.BO
BSE,STOCK,YSL,The Yamuna Syndicate,,540980,X,YSL.BO
BSE,STOCK,YUG,Yug Decor,,540550,MT,YUG.BO
BSE,STOCK,YUKEN,Yuken,,522108,B,YUKEN.BO
BSE,STOCK,YUNIKM,Yunik Managing Advisors,,533149,X,YUNIKM.BO
BSE,STOCK,YURANUS,Yuranus Infrastructure,,536846,XT,YURANUS.BO
BSE,STOCK,YUVRAAJHPL,Yuvraaj Hygiene Products,,531663,X,YUVRAAJHPL.BO
BSE,STOCK,ZAGGLE,Zaggle Prepaid Ocean Services,,543985,A,ZAGGLE.BO
BSE,STOCK,ZAPPFRESH,DSM Fresh Foods,,544568,M,ZAPPFRESH.BO
BSE,STOCK,ZBINTXPP,Binayak Tex Processors,,523054,XT,ZBINTXPP.BO
BSE,STOCK,ZDHJERK,Dhanvantri Jeevan Rekha,,531043,X,ZDHJERK.BO
BSE,STOCK,ZEAL,Zeal Aqua,,539963,X,ZEAL.BO
BSE,STOCK,ZEEL,Zee Entertainment,,505537,A,ZEEL.BO
BSE,STOCK,ZEELEARN,Zee Learn,,533287,T,ZEELEARN.BO
BSE,STOCK,ZEEMEDIA,Zee Media Corporation,,532794,B,ZEEMEDIA.BO
BSE,STOCK,ZELIO,Zelio E-Mobility,,544563,MT,ZELIO.BO
BSE,STOCK,ZENIFIB,Zenith Fibres,,514266,X,ZENIFIB.BO
BSE,STOCK,ZENITHEXPO,Zenith Exports,,512553,B,512553.BO
BSE,STOCK,ZENITHHE,Zenith Health Care,,530665,X,ZENITHHE.BO
BSE,STOCK,ZENITHSTL,Zenith Steel Pipes & Industries,,531845,B,ZENITHSTL.BO
BSE,STOCK,ZENLABS,Zenlabs Ethica,,530697,X,ZENLABS.BO
BSE,STOCK,ZENOTECH,Zenotech Laboratories,,532039,X,ZENOTECH.BO
BSE,STOCK,ZENSARTECH,Zensar Technologies,,504067,A,504067.BO
BSE,STOCK,ZENTEC,Zen Technologies,,533339,A,ZENTEC.BO
BSE,STOCK,ZFCVINDIA,ZF Commercial,,533023,A,ZFCVINDIA.BO
BSE,STOCK,ZFSTEERING,ZF Steering Gear,,505163,B,ZFSTEERING.BO
BSE,STOCK,ZGAEKWAR,Gaekwar Mills,,502850,X,ZGAEKWAR.BO
BSE,STOCK,ZGOLDINV,Gold Rock Investments,,501111,XT,ZGOLDINV.BO
BSE,STOCK,ZHEMHOLD,Pushpsons Industries,,505520,XT,ZHEMHOLD.BO
BSE,STOCK,ZHINUDYP,Hindustan Udyog,,513039,XT,513039.BO
BSE,STOCK,ZIMLAB,Zim Laboratories,,541400,B,ZIMLAB.BO
BSE,STOCK,ZINEMA,Zinema Media & Entertainment,,538579,MT,ZINEMA.BO
BSE,STOCK,ZJEETMAC,Jeet Machine Tools,,513012,XT,ZJEETMAC.BO
BSE,STOCK,ZKOVALIN,Kovalam Investment & Trading,,505585,X,ZKOVALIN.BO
BSE,STOCK,ZMILGFIN,Milgrey Finance & Investments,,511018,X,ZMILGFIN.BO
BSE,STOCK,ZMULTIPU,Multipurpose Trading Agency,,504356,X,ZMULTIPU.BO
BSE,STOCK,ZODIACLOTH,Zodiac Clothing,,521163,B,521163.BO
BSE,STOCK,ZODIACVEN,Zodiac Ventures,,503641,X,ZODIACVEN.BO
BSE,STOCK,ZODJRDMKJ,Zodiac Jrd Mkj,,512587,X,ZODJRDMKJ.BO
BSE,STOCK,ZPRBHSTE,Prabhu Steel Industries,,506042,XT,506042.BO
BSE,STOCK,ZR2,Gujchem Distilleries,,506640,X,ZR2.BO
BSE,STOCK,ZSARACOM,Saraswati Commercial,,512020,B,ZSARACOM.BO
BSE,STOCK,ZSARVAMA,Sarvamangal Mercantile,,506190,XT,506190.BO
BSE,STOCK,ZSATYASL,Satyam Silk Mills,,503893,XT,ZSATYASL.BO
BSE,STOCK,ZSOUTGAS,Southern Gas,,509910,P,ZSOUTGAS.BO
BSE,STOCK,ZSVARAJT,Svaraj Trading & Agencies,,503624,X,ZSVARAJT.BO
BSE,STOCK,ZSVTRADI,SV Trading & Agencies,,503622,XT,503622.BO
BSE,STOCK,ZUARI,Zuari Agro Chemicals,,534742,B,ZUARI.BO
BSE,STOCK,ZUARIIND,Zuari Industries,,500780,B,ZUARIIND.BO
BSE,STOCK,ZWELCAST,Welcast Steels,,504988,X,ZWELCAST.BO
BSE,STOCK,ZYDUSLIFE,Zydus Life Science,,532321,A,ZYDUSLIFE.BO
BSE,STOCK,ZYDUSWELL,Zydus Wellness,,531335,A,ZYDUSWELL.BO
NSE,INDEX,NIFTY 50,NIFTY 50,,,,^NSEI
NSE,INDEX,NIFTY BANK,NIFTY Bank,,,,^NSEBANK
NSE,INDEX,NIFTY NEXT 50,NIFTY Next 50,,,,^NSMIDCP
NSE,INDEX,NIFTY 100,NIFTY 100,,,,^CNX100
NSE,INDEX,NIFTY 200,NIFTY 200,,,,^CNX200
NSE,INDEX,NIFTY 500,NIFTY 500,,,,^CRSLDX
NSE,INDEX,NIFTY MIDCAP 150,NIFTY Midcap 150,,,,^NSEMDCP50
NSE,INDEX,NIFTY INDIA VIX,India VIX,,,,^INDIAVIX
BSE,INDEX,SENSEX,BSE SENSEX,,,,^BSESN
BSE,INDEX,BSE 100,BSE 100,,,,BSE-100.BO
BSE,INDEX,BSE 200,BSE 200,,,,BSE-200.BO
BSE,INDEX,BSE 500,BSE 500,,,,BSE-500.BO
