trades,wins,losses,win_rate_pct,avg_net_pct,avg_gross_pct,avg_winner_pct,avg_loser_pct,profit_factor,expectancy_pct,compounded_return_pct,max_drawdown_pct,avg_holding_days,target_exits,stop_exits,time_exits,experiment,exchange,symbol
9,3,6,33.33333333333333,-0.2663474087306955,-0.11634740873069561,4.460307367303842,-2.629674796747964,0.8480720454140875,-0.2663474087306955,-2.8639872703028257,-7.625576322404792,4.222222222222222,2,6,1,EMA_MACD,BSE,ADANIPOWER
4,2,2,50.0,1.0999999999999956,1.2499999999999956,4.850000000000004,-2.6500000000000132,1.8301886792452755,1.0999999999999956,4.18586008675621,-5.229775000000025,2.5,2,2,0,EMA_MACD,BSE,ASTERDM
2,1,1,50.0,1.100000000000001,1.250000000000001,4.850000000000004,-2.650000000000002,1.830188679245283,1.100000000000001,2.0714750000000004,0.0,2.5,1,1,0,EMA_MACD,BSE,AYE
9,2,7,22.22222222222222,-0.9274443994667807,-0.7774443994667807,3.8957013893061223,-2.3054860534018955,0.4827864988206544,-0.9274443994667807,-8.346236237336313,-10.206290481582947,5.888888888888889,1,6,2,EMA_MACD,BSE,BAJFINANCE
14,5,9,35.714285714285715,0.13126719237116907,0.28126719237116915,5.11315789473684,-2.6364498644986485,1.077450139714294,0.13126719237116907,0.891108929770934,-8.037916919945843,3.0714285714285716,5,9,0,EMA_MACD,BSE,CGCL
11,3,8,27.27272727272727,-1.3298159141072405,-1.1798159141072404,1.705542497044412,-2.46807531828911,0.25914056659948914,-1.3298159141072405,-13.92665592720177,-11.583621907757347,6.363636363636363,1,7,3,EMA_MACD,BSE,COALINDIA
10,3,7,30.0,-0.35539152759948334,-0.20539152759948331,4.937719298245622,-2.6238675958188145,0.806506173141507,-0.35539152759948334,-4.068451289870135,-6.074151308177001,2.7,3,7,0,EMA_MACD,BSE,CUPID
11,3,8,27.27272727272727,-0.5639922978177123,-0.4139922978177124,4.937719298245614,-2.6271341463414597,0.7048154504864935,-0.5639922978177123,-6.610637330688585,-10.36272811728437,3.3636363636363638,3,8,0,EMA_MACD,BSE,EPL
8,4,4,50.0,1.1886553273427554,1.3386553273427555,4.9815789473684315,-2.604268292682921,1.9128516679195144,1.1886553273427554,9.297611635847169,-7.625576322404804,3.875,4,4,0,EMA_MACD,BSE,ETERNAL
8,3,5,37.5,-0.08416966492330291,0.06583033507669694,4.131238617115083,-2.6134146341463347,0.9484691552126113,-0.08416966492330291,-1.1045459160133775,-8.153200909574544,5.125,2,5,1,EMA_MACD,BSE,GMRAIRPORT
4,1,3,25.0,-0.2442365299137549,-0.09423652991375486,4.850000000000004,-1.9423153732183414,0.8323399428116115,-0.2442365299137549,-1.155744019055649,-3.2223418035817186,2.25,1,2,1,EMA_MACD,BSE,GROWW
5,1,4,20.0,-1.1134146341463358,-0.9634146341463354,4.850000000000004,-2.604268292682921,0.46558183095293987,-1.1134146341463358,-5.65300555683057,-7.625576322404804,1.4,1,4,0,EMA_MACD,BSE,HINDCOPPER
10,4,6,40.0,0.21126792104630882,0.36126792104630884,4.042341421675011,-2.3427810793728256,1.1502970998204025,0.21126792104630882,1.5622565478489614,-10.908589940795455,4.5,3,5,2,EMA_MACD,BSE,ICICIPRULI
8,3,5,37.5,0.2182605905006435,0.3682605905006437,4.937719298245614,-2.613414634146339,1.1336247758921345,0.2182605905006435,1.2254098902158672,-5.712063229529329,6.625,3,5,0,EMA_MACD,BSE,IDFCFIRSTB
10,3,7,30.0,-0.5756976334850548,-0.4256976334850549,4.183040408708345,-2.615156794425083,0.6855159153569078,-0.5756976334850548,-6.086928245252288,-12.456550838289726,5.4,2,7,1,EMA_MACD,BSE,INFY
9,6,3,66.66666666666666,2.502973898160038,2.652973898160038,5.069298245614042,-2.62967479674797,3.855456387141918,2.502973898160038,24.203449615933593,-5.170415243902449,4.111111111111111,6,3,0,EMA_MACD,BSE,INOXWIND
12,4,8,33.33333333333333,-0.351797235224796,-0.201797235224796,4.198876587008549,-2.6271341463414686,0.7991363122541495,-0.351797235224796,-4.759334744269317,-10.930507706903803,4.666666666666667,3,8,1,EMA_MACD,BSE,IOC
7,4,3,57.14285714285714,1.7572070419952321,1.9072070419952323,5.047368421052634,-2.62967479674797,2.559185101414844,1.7572070419952321,12.4137642362534,-2.650000000000008,4.142857142857143,4,3,0,EMA_MACD,BSE,IXIGO
15,5,10,33.33333333333333,-0.21182434379265877,-0.061824343792658706,4.603551358865922,-2.619512195121949,0.8787039372137009,-0.21182434379265877,-3.9731038514290495,-14.997347286926544,4.8,4,10,1,EMA_MACD,BSE,JIOFIN
13,4,9,30.76923076923077,-0.6661297477343899,-0.5161297477343901,3.7366027101071344,-2.6228997289972895,0.633158903195299,-0.6661297477343899,-8.896545973138071,-12.456550838289736,4.230769230769231,3,9,1,EMA_MACD,BSE,JSWENERGY
7,4,3,57.14285714285714,1.719613057032826,1.8696130570328262,4.98157894736842,-2.629674796747966,2.525827631375549,1.719613057032826,12.132328780137769,-2.649999999999997,1.5714285714285714,4,3,0,EMA_MACD,BSE,KALYANKJIL
4,1,3,25.0,-0.7597560975609706,-0.6097560975609706,4.850000000000004,-2.629674796747962,0.6147781728242405,-0.7597560975609706,-3.2060441030760445,-7.683399239939003,4.25,1,3,0,EMA_MACD,BSE,LENSKART
7,4,3,57.14285714285714,1.7283238584265628,1.8783238584265622,4.9815789473684315,-2.6093495934959297,2.545502250719503,1.7283238584265628,12.202563367921492,-5.111018307555004,2.857142857142857,4,3,0,EMA_MACD,BSE,LLOYDSENGG
5,1,4,20.0,-1.1378048780487813,-0.9878048780487813,4.850000000000004,-2.634756097560978,0.460194399444573,-1.1378048780487813,-5.771083934344534,-7.741185962500008,2.6,1,4,0,EMA_MACD,BSE,MAHABANK
2,0,2,0.0,-2.6500000000000075,-2.500000000000008,0.0,-2.6500000000000075,0.0,-2.6500000000000075,-5.229775000000004,-2.650000000000008,2.0,0,2,0,EMA_MACD,BSE,MEESHO
5,1,4,20.0,-1.137804878048779,-0.9878048780487789,4.850000000000004,-2.6347560975609747,0.4601943994445736,-1.137804878048779,-5.771083934344523,-7.741185962499985,2.6,1,4,0,EMA_MACD,BSE,MOTHERSON
20,5,15,25.0,-0.7211472023456277,-0.5711472023456277,4.521658294124694,-2.4687490345024012,0.610519502108359,-0.7211472023456277,-14.292800387366478,-19.708123101810337,3.85,4,14,2,EMA_MACD,BSE,NMDC
6,1,5,16.666666666666664,-1.389837398373981,-1.2398373983739812,4.850000000000004,-2.637804878048778,0.36773000462320915,-1.389837398373981,-8.268150210084391,-7.683399239938993,2.6666666666666665,1,5,0,EMA_MACD,BSE,NORTHARC
5,2,3,40.0,0.7324844925683095,0.8824844925683095,3.229877582249424,-0.9324442338857669,2.3092552275500577,0.7324844925683095,3.5804644316159484,-1.0853730164826048,10.6,1,0,4,EMA_MACD,BSE,NTPC
14,4,10,28.57142857142857,-0.4434164679992642,-0.29341646799926424,4.98157894736842,-2.613414634146338,0.762462853353637,-0.4434164679992642,-6.794354517014767,-17.19808669802235,4.142857142857143,4,10,0,EMA_MACD,BSE,PFC
5,2,3,40.0,0.4392169448010342,0.5892169448010343,4.9815789473684315,-2.589024390243897,1.282742891142133,0.4392169448010342,1.8706782105673225,-5.111018307555004,1.4,2,3,0,EMA_MACD,BSE,PINELABS
1,1,0,100.0,4.850000000000004,5.000000000000004,4.850000000000004,0.0,inf,4.850000000000004,4.849999999999999,0.0,2.0,1,0,0,EMA_MACD,BSE,PWL
8,3,5,37.5,0.0904687752017505,0.2404687752017507,3.808731190535965,-2.140488673998778,1.067624763485613,0.0904687752017505,0.3363205264441227,-5.111018307555004,6.0,2,4,2,EMA_MACD,BSE,RELIANCE
2,0,2,0.0,-2.6500000000000075,-2.500000000000008,0.0,-2.6500000000000075,0.0,-2.6500000000000075,-5.229775000000004,-2.649999999999997,2.5,0,2,0,EMA_MACD,BSE,RUBICON
16,3,13,18.75,-1.220884146341461,-1.0708841463414611,4.850000000000004,-2.621857410881799,0.4268846828151282,-1.220884146341461,-18.39733291182367,-25.772047050273162,2.3125,3,13,0,EMA_MACD,BSE,SAMMAANCAP
17,3,14,17.647058823529413,-1.2704032318960956,-1.1204032318960955,5.025438596491233,-2.6195121951219518,0.41109932652861236,-1.2704032318960956,-20.11052922244483,-17.93582868253193,3.411764705882353,3,14,0,EMA_MACD,BSE,SBFC
6,2,4,33.33333333333333,-1.1890138387397642,-1.0390138387397645,1.7024706789026625,-2.634756097560978,0.32307936975241425,-1.1890138387397642,-7.045846321634775,-7.6833992399390265,8.166666666666666,0,4,2,EMA_MACD,BSE,SBIN
1,0,1,0.0,-2.650000000000002,-2.500000000000002,0.0,-2.650000000000002,0.0,-2.650000000000002,-2.649999999999997,0.0,1.0,0,1,0,EMA_MACD,BSE,SHADOWFAX
9,2,7,22.22222222222222,-0.9630081300812989,-0.813008130081299,4.850000000000004,-2.6238675958188145,0.5281189828032674,-0.9630081300812989,-8.734976066271072,-10.587141085470819,2.111111111111111,2,7,0,EMA_MACD,BSE,SHUKRAPHAR
3,2,1,66.66666666666666,2.4377192982456237,2.587719298245624,4.9815789473684315,-2.649999999999991,3.759682224429018,2.4377192982456237,7.2905506822368515,-2.649999999999997,4.0,2,1,0,EMA_MACD,BSE,SWIGGY
5,3,2,60.0,1.7239447176456166,1.8739447176456168,4.21030060564998,-2.0055891143609283,3.148925601586823,1.7239447176456166,8.653412060937526,-3.9751070056607274,7.8,2,1,2,EMA_MACD,BSE,TATASTEEL
4,2,2,50.0,1.2468228498074496,1.3968228498074498,5.1131578947368475,-2.6195121951219478,1.9519504067431195,1.2468228498074496,4.7750836596877955,-2.589024390243899,3.75,2,2,0,EMA_MACD,BSE,TENNIND
10,4,6,40.0,0.4007060333761303,0.5507060333761304,4.915789473684212,-2.6093495934959243,1.2559424734136377,0.4007060333761303,3.3869853169770314,-10.01717268176493,2.1,4,6,0,EMA_MACD,BSE,TFCILTD
8,3,5,37.5,-0.25518665177557254,-0.10518665177557263,3.654868115590331,-2.601219512195115,0.8430356834835666,-0.25518665177557254,-2.4197182682330176,-7.625576322404781,4.625,2,5,1,EMA_MACD,BSE,UJJIVANSFB
2,0,2,0.0,-2.6195121951219535,-2.469512195121953,0.0,-2.6195121951219535,0.0,-2.6195121951219535,-5.170415243902438,-2.650000000000008,1.0,0,2,0,EMA_MACD,BSE,URBANCO
6,3,3,50.0,1.208044501497653,1.3580445014976537,5.025438596491241,-2.6093495934959337,1.9259353399857388,1.208044501497653,7.012459101498814,-5.170415243902438,2.1666666666666665,3,3,0,EMA_MACD,BSE,VEDL
11,4,7,36.36363636363637,0.16567277395262228,0.31567277395262255,5.047368421052633,-2.6238675958188127,1.0992210624163503,0.16567277395262228,1.0897653260701912,-10.073498549861037,2.4545454545454546,4,7,0,EMA_MACD,BSE,VIYASH
4,4,0,100.0,5.1131578947368475,5.263157894736848,5.1131578947368475,0.0,inf,5.1131578947368475,22.075450271813256,0.0,6.75,4,0,0,EMA_MACD,BSE,VMM
8,3,5,37.5,0.2182605905006464,0.36826059050064636,4.937719298245614,-2.6134146341463342,1.1336247758921367,0.2182605905006464,1.2254098902158894,-5.712063229529307,1.875,3,5,0,EMA_MACD,BSE,WELSPUNLIV
9,6,3,66.66666666666666,1.9904955141310243,2.1404955141310245,4.300580669570522,-2.62967479674797,3.2708079910785206,1.9904955141310243,18.817909939002277,-2.650000000000019,3.4444444444444446,4,3,2,EMA_MACD,BSE,ZEEL
9,3,6,33.33333333333333,-0.28507443395316184,-0.13507443395316152,4.404126291636451,-2.629674796747968,0.8373899116884886,-0.28507443395316184,-3.022292926677239,-7.625576322404804,4.333333333333333,2,6,1,EMA_MACD,NSE,ADANIPOWER
10,6,4,60.0,1.6232454245242522,1.7732454245242522,4.451750504288386,-2.6195121951219478,2.5491867412824587,1.6232454245242522,16.741974385975045,-2.650000000000008,4.1,5,4,1,EMA_MACD,NSE,ASHOKLEY
10,5,5,50.0,1.2235558408215663,1.3735558408215662,5.0605263157894695,-2.613414634146337,1.9363656457990537,1.2235558408215663,12.12239354988447,-5.71206322952934,6.5,5,5,0,EMA_MACD,NSE,CANBK
11,3,8,27.27272727272727,-0.5639922978177144,-0.41399229781771435,4.937719298245614,-2.627134146341463,0.7048154504864926,-0.5639922978177144,-6.610637330688607,-8.505914439551898,2.4545454545454546,3,8,0,EMA_MACD,NSE,CUPID
9,4,5,44.44444444444444,0.7689131364997919,0.9189131364997919,4.981578947368425,-2.601219512195115,1.5320749130209543,0.7689131364997919,6.467869812641003,-7.625576322404792,3.3333333333333335,4,5,0,EMA_MACD,NSE,ETERNAL
10,6,4,60.0,1.9613607188703472,2.111360718870347,5.025438596491233,-2.6347560975609805,2.861045810545802,1.9613607188703472,20.609346691707685,-5.229775000000004,3.5,6,4,0,EMA_MACD,NSE,FCL
8,3,5,37.5,-0.025359463448128228,0.12464053655187185,4.288065821048886,-2.613414634146337,0.9844742808940997,-0.025359463448128228,-0.6514656836784316,-8.153200909574544,5.625,2,5,1,EMA_MACD,NSE,GMRAIRPORT
4,1,3,25.0,-0.2636220769424157,-0.11362207694241566,4.850000000000004,-1.9681627692565558,0.8214090277082824,-0.2636220769424157,-1.2328433014030526,-3.2978291237113266,2.0,1,2,1,EMA_MACD,NSE,GROWW
6,5,1,83.33333333333334,1.80013559705328,1.9501355970532799,2.6779675945127144,-2.5890243902438934,5.171769730335454,1.80013559705328,11.151386556347154,-2.589024390243888,9.666666666666666,0,1,5,EMA_MACD,NSE,HDFCBANK
12,6,6,50.0,0.6218092290049142,0.7718092290049142,3.86313065313178,-2.6195121951219513,1.4747519253110146,0.6218092290049142,6.956436287994983,-9.320612051197308,3.3333333333333335,4,6,2,EMA_MACD,NSE,HFCL
5,1,4,20.0,-1.1134146341463358,-0.9634146341463354,4.850000000000004,-2.604268292682921,0.46558183095293987,-1.1134146341463358,-5.65300555683057,-7.625576322404804,1.4,1,4,0,EMA_MACD,NSE,HINDCOPPER
12,4,8,33.33333333333333,-0.22094350615032102,-0.0709435061503209,3.957642737870187,-2.310236628160575,0.8565448858416913,-0.22094350615032102,-3.193004171932734,-8.314663416488521,3.75,3,7,2,EMA_MACD,NSE,IDBI
7,2,5,28.57142857142857,-0.48101045296167133,-0.33101045296167125,4.850000000000004,-2.6134146341463413,0.7423238450769956,-0.48101045296167133,-3.698631153688947,-5.712063229529352,5.714285714285714,2,5,0,EMA_MACD,NSE,IDFCFIRSTB
6,2,4,33.33333333333333,-0.08581514762515481,0.06418485237484524,4.9815789473684315,-2.6195121951219478,0.9508600411643666,-0.08581514762515481,-0.8909721467654785,-5.712063229529296,2.3333333333333335,2,4,0,EMA_MACD,NSE,IFCI
9,5,4,55.55555555555556,1.6471758664955125,1.7971758664955126,5.060526315789483,-2.619512195121951,2.4148228462217043,1.6471758664955125,15.102423364554651,-5.170415243902438,3.4444444444444446,5,4,0,EMA_MACD,NSE,INOXWIND
12,6,6,50.0,0.5643038815978755,0.7143038815978757,3.5601948811938473,-2.431587117998096,1.4641444901735305,0.5643038815978755,6.265610950927725,-5.925383027624964,6.416666666666667,4,5,3,EMA_MACD,NSE,ITC
8,5,3,62.5,2.176700898587937,2.326700898587937,5.060526315789479,-2.629674796747966,3.2073207442783858,2.176700898587937,18.161657497070237,-2.650000000000008,2.125,5,3,0,EMA_MACD,NSE,JINDWORLD
15,4,11,26.666666666666668,-0.7263455979722683,-0.5763455979722681,4.47224059296984,-2.6167405764966714,0.6214866391959111,-0.7263455979722683,-11.022986705890403,-19.392337400524752,5.333333333333333,3,11,1,EMA_MACD,NSE,JIOFIN
5,2,3,40.0,0.3621951219512221,0.5121951219512222,4.850000000000004,-2.629674796747966,1.229556345648479,0.3621951219512221,1.48846275792478,-7.683399239938982,4.0,2,3,0,EMA_MACD,NSE,LENSKART
8,3,5,37.5,0.5039263181466095,0.6539263181466095,4.937719298245622,-2.156349469912798,1.3739106857605885,0.5039263181466095,3.6002248587790886,-5.170415243902449,6.125,3,4,1,EMA_MACD,NSE,LICI
5,0,5,0.0,-2.6378048780487804,-2.48780487804878,0.0,-2.6378048780487804,0.0,-2.6378048780487804,-12.511349747338475,-10.186044534493732,3.6,0,5,0,EMA_MACD,NSE,MAHABANK
2,1,1,50.0,1.0999999999999954,1.2499999999999956,4.850000000000004,-2.6500000000000132,1.8301886792452755,1.0999999999999954,2.0714750000000004,-2.649999999999997,1.5,1,1,0,EMA_MACD,NSE,MEESHO
6,2,4,33.33333333333333,-0.1195121951219457,0.03048780487805436,4.850000000000004,-2.604268292682921,0.9311636619058797,-0.1195121951219457,-1.0771763263368372,-7.625576322404804,4.833333333333333,2,4,0,EMA_MACD,NSE,MOREPENLAB
5,1,4,20.0,-1.1378048780487815,-0.9878048780487811,4.850000000000004,-2.634756097560978,0.460194399444573,-1.1378048780487815,-5.771083934344534,-7.741185962499985,2.6,1,4,0,EMA_MACD,NSE,MOTHERSON
20,5,15,25.0,-0.6210563245606509,-0.47105632456065083,4.9026315789473704,-2.462285625729991,0.663696570876621,-0.6210563245606509,-12.62196384130798,-18.142856672858564,3.65,5,14,1,EMA_MACD,NSE,NMDC
5,3,2,60.0,1.97965340179718,2.12965340179718,5.025438596491234,-2.5890243902438987,2.911582418127285,1.97965340179718,9.925484439135879,-5.111018307555004,3.0,3,2,0,EMA_MACD,NSE,PINELABS
10,4,6,40.0,0.4472400513478848,0.5972400513478847,5.0473684210526395,-2.6195121951219513,1.2845568296906158,0.4472400513478848,3.8415668475296982,-12.45655083828977,4.1,4,6,0,EMA_MACD,NSE,PNB
1,1,0,100.0,4.850000000000004,5.000000000000004,4.850000000000004,0.0,inf,4.850000000000004,4.849999999999999,0.0,2.0,1,0,0,EMA_MACD,NSE,PWL
6,1,5,16.666666666666664,-1.3796747967479686,-1.2296747967479686,4.850000000000004,-2.625609756097563,0.36943799349744544,-1.3796747967479686,-8.210693553946813,-5.771083934344556,3.3333333333333335,1,5,0,EMA_MACD,NSE,SAIL
3,2,1,66.66666666666666,2.4377192982456126,2.587719298245613,4.98157894736842,-2.650000000000002,3.7596822244289934,2.4377192982456126,7.290550682236829,-2.649999999999997,4.0,2,1,0,EMA_MACD,NSE,SWIGGY
5,2,3,40.0,0.1293066042910808,0.2793066042910807,3.378028290355667,-2.03650785308531,1.1058238036378314,0.1293066042910808,0.4340309910028983,-4.4515139659487275,8.8,1,2,2,EMA_MACD,NSE,TATASTEEL
11,3,8,27.27272727272727,-0.5529058233166038,-0.4029058233166037,4.937719298245614,-2.611890243902436,0.7089289992812084,-0.5529058233166038,-6.49361099862964,-12.346850028065115,2.6363636363636362,3,8,0,EMA_MACD,NSE,TFCILTD
8,4,4,50.0,0.6324838869632519,0.782483886963252,3.8539921641704,-2.589024390243896,1.488588589081364,0.6324838869632519,4.684296776003571,-2.589024390243899,4.75,3,4,1,EMA_MACD,NSE,UJJIVANSFB
2,0,2,0.0,-2.6195121951219535,-2.469512195121953,0.0,-2.6195121951219535,0.0,-2.6195121951219535,-5.170415243902438,-2.649999999999997,1.0,0,2,0,EMA_MACD,NSE,URBANCO
6,2,4,33.33333333333333,-0.07565254599914224,0.07434745400085781,4.98157894736842,-2.6042682926829235,0.9564258339597541,-0.07565254599914224,-0.8288947620127218,-7.625576322404792,3.0,2,4,0,EMA_MACD,NSE,VEDL
5,4,1,80.0,3.5727214377407037,3.7227214377407036,5.113157894736853,-2.5890243902438934,7.8997446513127345,3.5727214377407037,18.914887089775977,-2.589024390243888,5.4,4,1,0,EMA_MACD,NSE,VMM
9,6,3,66.66666666666666,1.8810974550097548,2.0310974550097547,4.136483580888615,-2.629674796747966,3.1460038982797958,1.8810974550097548,17.685601176097208,-2.650000000000008,3.888888888888889,4,3,2,EMA_MACD,NSE,ZEEL
3,1,2,33.33333333333333,-0.14999999999999636,3.700743415417189e-15,4.850000000000004,-2.649999999999997,0.9150943396226434,-0.14999999999999636,-0.6334190874999868,-5.2297749999999805,4.666666666666667,1,2,0,EMA_MACD_RSI,BSE,ADANIPOWER
4,2,2,50.0,1.0999999999999956,1.2499999999999956,4.850000000000004,-2.6500000000000132,1.8301886792452755,1.0999999999999956,4.18586008675621,-5.229775000000025,1.5,2,2,0,EMA_MACD_RSI,BSE,ASTERDM
1,1,0,100.0,4.850000000000004,5.000000000000004,4.850000000000004,0.0,inf,4.850000000000004,4.849999999999999,0.0,1.0,1,0,0,EMA_MACD_RSI,BSE,AYE
6,3,3,50.0,0.8257601122248492,0.9757601122248493,4.301520224449701,-2.650000000000002,1.6232151790376217,0.8257601122248492,4.670299814309509,-5.229774999999992,4.833333333333333,2,3,1,EMA_MACD_RSI,BSE,BAJFINANCE
10,1,9,10.0,-1.8614890885750988,-1.7114890885750988,5.113157894736836,-2.6364498644986467,0.21549002794285874,-1.8614890885750988,-17.353482043173486,-15.103730912350787,2.9,1,9,0,EMA_MACD_RSI,BSE,CGCL
9,1,8,11.11111111111111,-2.0764081772325773,-1.9264081772325774,0.21876440601167904,-2.3633047501381093,0.011570894845390478,-2.0764081772325773,-17.240928349512185,-16.084974218850313,7.333333333333333,0,6,3,EMA_MACD_RSI,BSE,COALINDIA
6,1,5,16.666666666666664,-1.379674796747965,-1.2296747967479649,4.850000000000004,-2.6256097560975586,0.36943799349744605,-1.379674796747965,-8.21069355394679,-7.683399239939003,2.5,1,5,0,EMA_MACD_RSI,BSE,CUPID
7,3,4,42.857142857142854,0.6105905006418492,0.7605905006418493,4.937719298245614,-2.6347560975609747,1.4055530518033112,0.6105905006418492,3.850768308931185,-5.170415243902415,2.7142857142857144,3,4,0,EMA_MACD_RSI,BSE,EPL
6,1,5,16.666666666666664,-1.3256525459991415,-1.1756525459991416,5.113157894736836,-2.613414634146337,0.39130093081513884,-1.3256525459991415,-7.9226791138000685,-5.475414541502643,3.0,1,5,0,EMA_MACD_RSI,BSE,ETERNAL
6,2,4,33.33333333333333,-0.4890554881904261,-0.33905548819042625,3.771857925672623,-2.6195121951219504,0.7199542595557615,-0.4890554881904261,-3.1722141308367924,-10.073498549861071,4.833333333333333,1,4,1,EMA_MACD_RSI,BSE,GMRAIRPORT
3,1,2,33.33333333333333,-0.1296747967479638,0.02032520325203624,4.850000000000004,-2.6195121951219478,0.9257448789571715,-0.1296747967479638,-0.5711803832316842,-2.649999999999997,1.6666666666666667,1,2,0,EMA_MACD_RSI,BSE,GROWW
4,1,3,25.0,-0.6787227214377383,-0.5287227214377382,5.113157894736836,-2.6093495934959297,0.6531842146259875,-0.6787227214377383,-2.902326185416193,-5.1704152439024265,2.0,1,3,0,EMA_MACD_RSI,BSE,HINDCOPPER
8,3,5,37.5,0.2764281129653449,0.4264281129653451,5.113157894736851,-2.6256097560975586,1.1684503874642513,0.2764281129653449,1.6704872045185004,-12.456550838289736,3.75,3,5,0,EMA_MACD_RSI,BSE,ICICIPRULI
4,1,3,25.0,-0.7445121951219462,-0.5945121951219462,4.850000000000004,-2.6093495934959297,0.6195669107337609,-0.7445121951219462,-3.145416774041432,-2.649999999999997,5.0,1,3,0,EMA_MACD_RSI,BSE,IDFCFIRSTB
6,2,4,33.33333333333333,-0.49685163989058295,-0.34685163989058293,3.717981665694098,-2.6042682926829235,0.7138246232426047,-0.49685163989058295,-3.2192111950000157,-5.1704152439024265,5.0,1,4,1,EMA_MACD_RSI,BSE,INFY
7,4,3,57.14285714285714,1.7948010269576398,1.94480102695764,5.1131578947368475,-2.62967479674797,2.592542571454142,1.7948010269576398,12.695906053476635,-5.229774999999992,4.142857142857143,4,3,0,EMA_MACD_RSI,BSE,INOXWIND
5,4,1,80.0,2.4584635084270032,2.608463508427003,3.7203354830947277,-2.5890243902438934,5.747856987541568,2.4584635084270032,12.64135469338028,-2.589024390243877,5.4,3,1,1,EMA_MACD_RSI,BSE,IOC
5,3,2,60.0,1.9148267008985917,2.064826700898592,4.937719298245622,-2.6195121951219535,2.8274649612858984,1.9148267008985917,9.58164160624413,-2.589024390243877,3.8,3,2,0,EMA_MACD_RSI,BSE,IXIGO
8,5,3,62.5,1.8987135017302275,2.0487135017302274,4.603551358865922,-2.6093495934959297,2.940420715275015,1.8987135017302275,15.671239420376825,-2.650000000000008,4.625,4,3,1,EMA_MACD_RSI,BSE,JIOFIN
9,3,6,33.33333333333333,-0.10043503066609254,0.04956496933390772,4.937719298245622,-2.6195121951219495,0.9424883204286342,-0.10043503066609254,-1.4570634718748199,-10.073498549861071,3.888888888888889,3,6,0,EMA_MACD_RSI,BSE,JSWENERGY
7,4,3,57.14285714285714,1.5090256128125208,1.659025612812521,4.597807017543859,-2.6093495934959297,2.349401311348168,1.5090256128125208,10.559828250135306,-2.649999999999997,3.4285714285714284,3,3,1,EMA_MACD_RSI,BSE,KALYANKJIL
1,0,1,0.0,-2.650000000000002,-2.500000000000002,0.0,-2.650000000000002,0.0,-2.650000000000002,-2.649999999999997,0.0,5.0,0,1,0,EMA_MACD_RSI,BSE,LENSKART
6,2,4,33.33333333333333,-0.1296747967479638,0.02032520325203624,4.850000000000004,-2.6195121951219478,0.9257448789571715,-0.1296747967479638,-1.1390982961615004,-7.683399239939015,2.8333333333333335,2,4,0,EMA_MACD_RSI,BSE,LLOYDSENGG
4,1,3,25.0,-0.7597560975609734,-0.6097560975609734,4.850000000000004,-2.629674796747966,0.6147781728242395,-0.7597560975609734,-3.2060441030760445,-5.229775000000004,2.25,1,3,0,EMA_MACD_RSI,BSE,MAHABANK
6,1,5,16.666666666666664,-1.3898373983739827,-1.2398373983739828,4.850000000000004,-2.6378048780487804,0.3677300046232089,-1.3898373983739827,-8.268150210084391,-10.186044534493732,2.5,1,5,0,EMA_MACD_RSI,BSE,MOTHERSON
12,4,8,33.33333333333333,-0.3106844468349476,-0.1606844468349475,3.7644750510742897,-2.3482641957895662,0.8015441911996076,-0.3106844468349476,-4.191119317415937,-6.03661236745654,5.083333333333333,2,7,3,EMA_MACD_RSI,BSE,NMDC
2,0,2,0.0,-2.649999999999997,-2.4999999999999964,0.0,-2.649999999999997,0.0,-2.649999999999997,-5.2297749999999805,-2.6499999999999857,2.0,0,2,0,EMA_MACD_RSI,BSE,NORTHARC
3,2,1,66.66666666666666,1.2902435914183183,1.4402435914183183,3.229877582249424,-2.5890243902438934,2.4950538082379055,1.2902435914183183,3.7795379307133725,0.0,7.333333333333333,1,1,1,EMA_MACD_RSI,BSE,NTPC
10,3,7,30.0,-0.32907573812580476,-0.1790757381258045,5.025438596491225,-2.6238675958188176,0.8208338720781093,-0.32907573812580476,-3.8276773805005937,-10.418837680664804,3.5,3,7,0,EMA_MACD_RSI,BSE,PFC
2,1,1,50.0,1.2620667522464823,1.4120667522464825,5.113157894736858,-2.5890243902438934,1.9749361628281856,1.2620667522464823,2.3917525994865407,-2.589024390243899,2.0,1,1,0,EMA_MACD_RSI,BSE,PINELABS
1,1,0,100.0,4.850000000000004,5.000000000000004,4.850000000000004,0.0,inf,4.850000000000004,4.849999999999999,0.0,1.0,1,0,0,EMA_MACD_RSI,BSE,PWL
7,2,5,28.57142857142857,-0.09919795244804819,0.05080204755195185,4.9815789473684315,-2.1315087123746403,0.9348456177443679,-0.09919795244804819,-1.0659130726003996,-5.397057348159362,6.142857142857143,2,4,1,EMA_MACD_RSI,BSE,RELIANCE
2,0,2,0.0,-2.6500000000000075,-2.500000000000008,0.0,-2.6500000000000075,0.0,-2.6500000000000075,-5.229775000000004,-2.649999999999997,2.5,0,2,0,EMA_MACD_RSI,BSE,RUBICON
7,2,5,28.57142857142857,-0.48101045296166806,-0.3310104529616681,4.850000000000004,-2.613414634146337,0.7423238450769969,-0.48101045296166806,-3.6986311536889027,-12.40171760569817,2.5714285714285716,2,5,0,EMA_MACD_RSI,BSE,SAMMAANCAP
7,2,5,28.57142857142857,-0.4521272693929948,-0.302127269392995,4.9815789473684315,-2.625609756097565,0.7589214559855286,-0.4521272693929948,-3.5173613848762386,-7.683399239939003,3.0,2,5,0,EMA_MACD_RSI,BSE,SBFC
4,3,1,75.0,2.1321075860859184,2.2821075860859183,3.7261434481145628,-2.6500000000000132,4.218275601639107,2.1321075860859184,8.594423185709509,-2.650000000000008,7.5,2,1,1,EMA_MACD_RSI,BSE,SBIN
1,0,1,0.0,-2.650000000000002,-2.500000000000002,0.0,-2.650000000000002,0.0,-2.650000000000002,-2.649999999999997,0.0,1.0,0,1,0,EMA_MACD_RSI,BSE,SHADOWFAX
5,2,3,40.0,0.34999999999999815,0.4999999999999982,4.850000000000004,-2.6500000000000057,1.2201257861635204,0.34999999999999815,1.4249347944572,-5.229775000000004,1.8,2,3,0,EMA_MACD_RSI,BSE,SHUKRAPHAR
2,0,2,0.0,-2.649999999999997,-2.4999999999999964,0.0,-2.649999999999997,0.0,-2.649999999999997,-5.2297749999999805,-2.6499999999999857,2.0,0,2,0,EMA_MACD_RSI,BSE,SWIGGY
4,2,2,50.0,0.9576747994960473,1.1076747994960474,3.8904509084749685,-1.9751013094828738,1.9697475212011157,0.9576747994960473,3.692386851319296,-3.914961382629445,7.5,1,1,2,EMA_MACD_RSI,BSE,TATASTEEL
1,1,0,100.0,5.113157894736858,5.2631578947368585,5.113157894736858,0.0,inf,5.113157894736858,5.113157894736853,0.0,2.0,1,0,0,EMA_MACD_RSI,BSE,TENNIND
5,2,3,40.0,0.4148267008985907,0.5648267008985908,4.98157894736842,-2.629674796747962,1.2629138156877764,0.4148267008985907,1.7431836944956203,-7.683399239938982,3.0,2,3,0,EMA_MACD_RSI,BSE,TFCILTD
7,3,4,42.857142857142854,0.07821873943418911,0.22821873943418916,3.654868115590331,-2.604268292682918,1.0525609417410728,0.07821873943418911,0.17380600178891203,-5.170415243902415,4.714285714285714,2,4,1,EMA_MACD_RSI,BSE,UJJIVANSFB
2,0,2,0.0,-2.6195121951219535,-2.469512195121953,0.0,-2.6195121951219535,0.0,-2.6195121951219535,-5.170415243902438,-2.650000000000008,1.0,0,2,0,EMA_MACD_RSI,BSE,URBANCO
6,2,4,33.33333333333333,-0.06548994437311857,0.08451005562688148,4.9815789473684315,-2.5890243902438934,0.962057168356601,-0.06548994437311857,-0.7667784948111267,-5.111018307555004,2.1666666666666665,2,4,0,EMA_MACD_RSI,BSE,VEDL
4,1,3,25.0,-0.744512195121952,-0.5945121951219516,4.850000000000004,-2.609349593495937,0.6195669107337591,-0.744512195121952,-3.145416774041454,-5.111018307555026,2.5,1,3,0,EMA_MACD_RSI,BSE,VIYASH
3,3,0,100.0,5.113157894736851,5.263157894736851,5.113157894736851,0.0,inf,5.113157894736851,16.13717323007546,0.0,6.666666666666667,3,0,0,EMA_MACD_RSI,BSE,VMM
3,0,3,0.0,-2.629674796747966,-2.479674796747966,0.0,-2.629674796747966,0.0,-2.629674796747966,-7.683399239939003,-5.229774999999992,1.3333333333333333,0,3,0,EMA_MACD_RSI,BSE,WELSPUNLIV
7,5,2,71.42857142857143,2.244922803882747,2.394922803882747,4.1906968034846255,-2.6195121951219478,3.999501139266058,2.244922803882747,16.40657680218918,-2.649999999999997,4.142857142857143,3,2,2,EMA_MACD_RSI,BSE,ZEEL
3,1,2,33.33333333333333,-0.15000000000000005,0.0,4.850000000000004,-2.650000000000002,0.9150943396226415,-0.15000000000000005,-0.6334190874999979,-5.229774999999992,4.666666666666667,1,2,0,EMA_MACD_RSI,NSE,ADANIPOWER
8,4,4,50.0,0.7836620438132103,0.9336620438132104,4.186836282748368,-2.6195121951219478,1.5983267001180943,0.7836620438132103,5.925742147917301,-5.170415243902438,3.625,3,4,1,EMA_MACD_RSI,NSE,ASHOKLEY
5,3,2,60.0,2.0200898587933294,2.1700898587933293,5.113157894736843,-2.619512195121942,2.9279256101146833,2.0200898587933294,10.132399121550261,-5.170415243902415,5.2,3,2,0,EMA_MACD_RSI,NSE,CANBK
7,1,6,14.285714285714285,-1.5611498257839702,-1.4111498257839699,4.850000000000004,-2.629674796747966,0.30738908641211976,-1.5611498257839702,-10.643110174767202,-8.21069355394679,2.4285714285714284,1,6,0,EMA_MACD_RSI,NSE,CUPID
7,1,6,14.285714285714285,-1.5061342380341027,-1.356134238034103,5.113157894736858,-2.6093495934959297,0.3265921073129952,-1.5061342380341027,-10.306583409426896,-7.922679113800046,2.857142857142857,1,6,0,EMA_MACD_RSI,NSE,ETERNAL
5,1,4,20.0,-1.0973684210526322,-0.9473684210526324,5.113157894736858,-2.650000000000005,0.48237338629592913,-1.0973684210526322,-5.593715180033765,-5.229774999999992,2.4,1,4,0,EMA_MACD_RSI,NSE,FCL
6,2,4,33.33333333333333,-0.41064188622352277,-0.26064188622352263,4.007098731573327,-2.6195121951219478,0.7648559031401613,-0.41064188622352277,-2.728606726184779,-10.073498549861071,5.333333333333333,1,4,1,EMA_MACD_RSI,NSE,GMRAIRPORT
3,1,2,33.33333333333333,-0.1296747967479638,0.02032520325203624,4.850000000000004,-2.6195121951219478,0.9257448789571715,-0.1296747967479638,-0.5711803832316842,-2.649999999999997,1.3333333333333333,1,2,0,EMA_MACD_RSI,NSE,GROWW
5,5,0,100.0,2.9911445090848785,3.141144509084879,2.9911445090848785,0.0,inf,2.9911445090848785,15.83582988888439,0.0,9.6,1,0,4,EMA_MACD_RSI,NSE,HDFCBANK
5,1,4,20.0,-1.0729781771501954,-0.9229781771501955,5.113157894736836,-2.6195121951219535,0.48798760168577765,-1.0729781771501954,-5.475414541502676,-10.073498549861082,1.4,1,4,0,EMA_MACD_RSI,NSE,HFCL
4,1,3,25.0,-0.6787227214377383,-0.5287227214377382,5.113157894736836,-2.6093495934959297,0.6531842146259875,-0.6787227214377383,-2.902326185416193,-5.1704152439024265,2.0,1,3,0,EMA_MACD_RSI,NSE,HINDCOPPER
8,2,6,25.0,-0.45048053059960336,-0.30048053059960345,4.850000000000004,-2.217307374132806,0.7291125648733975,-0.45048053059960336,-3.9280996584825534,-5.936734094855511,3.125,2,5,1,EMA_MACD_RSI,NSE,IDBI
3,1,2,33.33333333333333,-0.12967479674797122,0.02032520325202884,4.850000000000004,-2.619512195121959,0.9257448789571675,-0.12967479674797122,-0.5711803832317175,-2.650000000000008,5.333333333333333,1,2,0,EMA_MACD_RSI,NSE,IDFCFIRSTB
4,0,4,0.0,-2.634756097560978,-2.4847560975609775,0.0,-2.634756097560978,0.0,-2.634756097560978,-10.129789160080627,-7.741185962499985,1.5,0,4,0,EMA_MACD_RSI,NSE,IFCI
7,3,4,42.857142857142854,0.6944892719603865,0.8444892719603866,5.113157894736836,-2.619512195121951,1.4639628050573343,0.6944892719603865,4.438096768894106,-5.229775000000004,3.4285714285714284,3,4,0,EMA_MACD_RSI,NSE,INOXWIND
8,3,5,37.5,0.3722787091818129,0.5222787091818129,4.25096675101802,-1.9549341159199116,1.3046884955560838,0.3722787091818129,2.611577153572764,-7.009664901569512,7.5,2,3,3,EMA_MACD_RSI,NSE,ITC
5,2,3,40.0,0.41482670089858625,0.5648267008985863,4.98157894736842,-2.62967479674797,1.2629138156877728,0.41482670089858625,1.743183694495598,-5.229775000000004,3.4,2,3,0,EMA_MACD_RSI,NSE,JINDWORLD
9,4,5,44.44444444444444,0.5425405345448657,0.6925405345448659,4.47224059296984,-2.601219512195113,1.3754288931027778,0.5425405345448657,4.404258721782228,-7.865006070289571,5.444444444444445,3,5,1,EMA_MACD_RSI,NSE,JIOFIN
1,1,0,100.0,4.850000000000004,5.000000000000004,4.850000000000004,0.0,inf,4.850000000000004,4.849999999999999,0.0,2.0,1,0,0,EMA_MACD_RSI,NSE,LENSKART
5,2,3,40.0,0.3621951219512199,0.51219512195122,4.850000000000004,-2.62967479674797,1.2295563456484773,0.3621951219512199,1.4884627579247356,-2.650000000000008,4.8,2,3,0,EMA_MACD_RSI,NSE,LICI
3,0,3,0.0,-2.629674796747966,-2.479674796747966,0.0,-2.629674796747966,0.0,-2.629674796747966,-7.683399239939003,-5.229774999999992,1.3333333333333333,0,3,0,EMA_MACD_RSI,NSE,MAHABANK
5,2,3,40.0,0.3865853658536656,0.5365853658536657,4.850000000000004,-2.5890243902438934,1.2488616737321454,0.3865853658536656,1.615638082858939,-5.111018307555004,5.6,2,3,0,EMA_MACD_RSI,NSE,MOREPENLAB
6,1,5,16.666666666666664,-1.3898373983739851,-1.2398373983739845,4.850000000000004,-2.6378048780487826,0.3677300046232085,-1.3898373983739851,-8.268150210084402,-10.186044534493732,2.5,1,5,0,EMA_MACD_RSI,NSE,MOTHERSON
12,5,7,41.66666666666667,0.4847950246843027,0.6347950246843029,4.3713405461884145,-2.2913089192472063,1.3627084843043051,0.4847950246843027,5.24706079072923,-5.9047320279644655,4.666666666666667,4,6,2,EMA_MACD_RSI,NSE,NMDC
3,2,1,66.66666666666666,2.458044501497649,2.6080445014976488,4.98157894736842,-2.5890243902438934,3.8482286734263953,2.458044501497649,7.357752600561618,-2.589024390243899,1.6666666666666667,2,1,0,EMA_MACD_RSI,NSE,PINELABS
7,2,5,28.57142857142857,-0.4521272693929933,-0.3021272693929933,4.98157894736842,-2.6256097560975586,0.7589214559855286,-0.4521272693929933,-3.5173613848762497,-5.229774999999992,4.428571428571429,2,5,0,EMA_MACD_RSI,NSE,PNB
1,1,0,100.0,4.850000000000004,5.000000000000004,4.850000000000004,0.0,inf,4.850000000000004,4.849999999999999,0.0,1.0,1,0,0,EMA_MACD_RSI,NSE,PWL
5,2,3,40.0,0.3499999999999959,0.499999999999996,4.850000000000004,-2.6500000000000092,1.2201257861635189,0.3499999999999959,1.4249347944571777,-5.229775000000014,6.2,2,3,0,EMA_MACD_RSI,NSE,SAIL
2,0,2,0.0,-2.650000000000002,-2.500000000000002,0.0,-2.650000000000002,0.0,-2.650000000000002,-5.229774999999992,-2.649999999999997,2.0,0,2,0,EMA_MACD_RSI,NSE,SWIGGY
4,2,2,50.0,0.8241332553638514,0.9741332553638514,3.378028290355667,-1.7297617796279638,1.9528864206273604,0.8241332553638514,3.1679825279947504,-2.589024390243888,10.25,1,1,2,EMA_MACD_RSI,NSE,TATASTEEL
6,1,5,16.666666666666664,-1.3358151476251596,-1.1858151476251597,5.113157894736858,-2.625609756097563,0.38948346248808363,-1.3358151476251596,-7.980316056152836,-10.073498549861071,4.166666666666667,1,5,0,EMA_MACD_RSI,NSE,TFCILTD
7,4,3,57.14285714285714,1.0926993551357012,1.242699355135701,3.8539921641704,-2.589024390243897,1.984784785441818,1.0926993551357012,7.466634145402207,-2.589024390243899,4.857142857142857,3,3,1,EMA_MACD_RSI,NSE,UJJIVANSFB
2,0,2,0.0,-2.6195121951219535,-2.469512195121953,0.0,-2.6195121951219535,0.0,-2.6195121951219535,-5.170415243902438,-2.649999999999997,1.0,0,2,0,EMA_MACD_RSI,NSE,URBANCO
6,1,5,16.666666666666664,-1.3491869918699122,-1.1991869918699123,4.850000000000004,-2.5890243902438956,0.3746585021196433,-1.3491869918699122,-8.03810756594644,-7.567717187226464,2.8333333333333335,1,5,0,EMA_MACD_RSI,NSE,VEDL
3,3,0,100.0,5.113157894736858,5.2631578947368585,5.113157894736858,0.0,inf,5.113157894736858,16.137173230075486,0.0,7.0,3,0,0,EMA_MACD_RSI,NSE,VMM
7,5,2,71.42857142857143,2.1042681564411128,2.254268156441113,3.993780297066337,-2.6195121951219478,3.811568719267226,2.1042681564411128,15.297247518072243,-2.6499999999999857,4.714285714285714,3,2,2,EMA_MACD_RSI,NSE,ZEEL
11,3,8,27.27272727272727,-0.9089146951193534,-0.7589146951193534,3.6526786382208947,-2.6195121951219464,0.5229044139911206,-0.9089146951193534,-9.988030795798686,-12.456550838289704,4.0,2,8,1,EMA_ONLY,BSE,ADANIPOWER
8,3,5,37.5,0.17774390243902594,0.3277439024390261,4.850000000000004,-2.6256097560975613,1.108313980492337,0.17774390243902594,0.9087805674080629,-8.210693553946813,3.375,3,5,0,EMA_ONLY,BSE,ASTERDM
2,0,2,0.0,-2.6500000000000075,-2.500000000000008,0.0,-2.6500000000000075,0.0,-2.6500000000000075,-5.229775000000004,-2.650000000000008,2.5,0,2,0,EMA_ONLY,BSE,AYE
13,5,8,38.46153846153847,-0.48448027729733756,-0.3344802772973375,2.943765913173261,-2.6271341463414615,0.7003272742259706,-0.48448027729733756,-6.633531587817176,-10.017172681764952,6.230769230769231,2,8,3,EMA_ONLY,BSE,BAJFINANCE
23,7,16,30.434782608695656,-0.39842836311243823,-0.24842836311243835,4.669623880087003,-2.615701219512194,0.7810373877177985,-0.39842836311243823,-9.955135636233347,-17.464401534916497,3.130434782608696,6,16,1,EMA_ONLY,BSE,CGCL
17,7,10,41.17647058823529,-0.23866534979660492,-0.088665349796605,2.980762911465482,-2.4922651326800658,0.8372038795816543,-0.23866534979660492,-4.7373648213246415,-19.285360798341568,6.176470588235294,4,9,4,EMA_ONLY,BSE,COALINDIA
13,4,9,30.76923076923077,-0.2877505677890753,-0.13775056778907538,4.9815789473684315,-2.629674796747967,0.8419425437918514,-0.2877505677890753,-4.436851228864502,-10.418837680664762,2.3846153846153846,4,9,0,EMA_ONLY,BSE,CUPID
20,6,14,30.0,-0.34223363286264114,-0.19223363286264122,4.981578947368428,-2.623867595818813,0.8136700226098096,-0.34223363286264114,-7.740401480611636,-13.515594904943518,3.6,6,14,0,EMA_ONLY,BSE,EPL
11,3,8,27.27272727272727,-0.5584490605671569,-0.408449060567157,4.937719298245622,-2.619512195121949,0.7068662403214759,-0.5584490605671569,-6.552142483914103,-10.362728117284359,3.1818181818181817,3,8,0,EMA_ONLY,BSE,ETERNAL
12,4,8,33.33333333333333,-0.314446443282204,-0.16444644328220406,4.310928962836313,-2.6271341463414624,0.8204622837474245,-0.314446443282204,-4.335097930981579,-15.263232427768115,4.583333333333333,3,8,1,EMA_ONLY,BSE,GMRAIRPORT
5,2,3,40.0,0.37439024390244385,0.5243902439024437,4.850000000000004,-2.6093495934959297,1.2391338214675218,0.37439024390244385,1.5520305124175682,-5.170415243902438,2.4,2,3,0,EMA_ONLY,BSE,GROWW
8,4,4,50.0,1.206306161745828,1.3563061617458279,5.047368421052634,-2.634756097560978,1.9156871581870663,1.206306161745828,9.434799483992663,-5.170415243902415,1.75,4,4,0,EMA_ONLY,BSE,HINDCOPPER
14,6,8,42.857142857142854,0.2442792819795189,0.3942792819795189,3.7757742007396655,-2.4043419070905916,1.177798649270081,0.2442792819795189,2.6977782735289058,-12.68345894907712,4.5,4,7,3,EMA_ONLY,BSE,ICICIPRULI
10,5,5,50.0,1.2967253608290794,1.4467253608290798,5.007894736842108,-2.414444015183949,2.0741399284259536,1.2967253608290794,12.98392074572714,-5.712063229529319,5.3,5,4,1,EMA_ONLY,BSE,IDFCFIRSTB
12,3,9,25.0,-0.6838040222507425,-0.5338040222507429,5.113157894736858,-2.6161246612466096,0.6514926410655558,-0.6838040222507425,-8.51402106514987,-14.723072089147193,4.166666666666667,3,9,0,EMA_ONLY,BSE,INFY
12,6,6,50.0,1.229974326059055,1.3799743260590553,5.069298245614042,-2.6093495934959314,1.942743991931852,1.229974326059055,14.804083812220426,-5.170415243902449,3.8333333333333335,6,6,0,EMA_ONLY,BSE,INOXWIND
15,4,11,26.666666666666668,-0.8033077068790243,-0.6533077068790242,4.198876587008549,-2.6222838137472326,0.5822650490588094,-0.8033077068790243,-12.021984363311123,-13.236538586638458,4.533333333333333,3,11,1,EMA_ONLY,BSE,IOC
13,5,8,38.46153846153847,0.2985533721734051,0.44855337217340513,4.955263157894747,-2.6118902439024327,1.1857464075737427,0.2985533721734051,3.054462950842196,-8.153200909574544,2.0,5,8,0,EMA_ONLY,BSE,IXIGO
17,5,12,29.411764705882355,-0.34189918015720877,-0.19189918015720875,4.603551358865917,-2.4025035714168443,0.7983948171183214,-0.34189918015720877,-6.487504203284411,-16.982910678784748,5.529411764705882,4,10,3,EMA_ONLY,BSE,JIOFIN
18,5,13,27.77777777777778,-0.7825307342252271,-0.6325307342252271,4.011913747033079,-2.626547842401499,0.587479780093419,-0.7825307342252271,-13.938742597861575,-16.228467503405753,4.888888888888889,4,13,1,EMA_ONLY,BSE,JSWENERGY
13,7,6,53.84615384615385,1.4585711464402082,1.608571146440208,4.962781954887218,-2.6296747967479694,2.2017598099437787,1.4585711464402082,19.620220812398337,-7.741185962500008,2.3846153846153846,7,6,0,EMA_ONLY,BSE,KALYANKJIL
4,1,3,25.0,-0.7597560975609706,-0.6097560975609706,4.850000000000004,-2.629674796747962,0.6147781728242405,-0.7597560975609706,-3.2060441030760445,-5.170415243902415,2.25,1,3,0,EMA_ONLY,BSE,LENSKART
12,4,8,33.33333333333333,-0.09089644843816491,0.0591035515618353,4.9815789473684315,-2.627134146341463,0.9481013663321608,-0.09089644843816491,-1.8354917605182708,-10.073498549861071,2.1666666666666665,4,8,0,EMA_ONLY,BSE,LLOYDSENGG
10,5,5,50.0,0.6835693436370128,0.8335693436370128,4.004943565322808,-2.637804878048782,1.5182865111256127,0.6835693436370128,6.372630218824038,-5.229774999999992,4.2,4,5,1,EMA_ONLY,BSE,MAHABANK
4,0,4,0.0,-2.634756097560978,-2.484756097560978,0.0,-2.634756097560978,0.0,-2.634756097560978,-10.129789160080627,-7.683399239939015,2.0,0,4,0,EMA_ONLY,BSE,MEESHO
12,3,9,25.0,-0.7546747967479641,-0.6046747967479645,4.850000000000004,-2.6228997289972873,0.6163661724440782,-0.7546747967479641,-9.256263979732227,-15.263232427768125,2.5,3,9,0,EMA_ONLY,BSE,MOTHERSON
26,5,21,19.230769230769234,-1.156886215688005,-1.0068862156880052,4.521658294124694,-2.508920622786267,0.4291029769324993,-1.156886215688005,-26.86575388244272,-31.48666724787903,3.576923076923077,4,20,2,EMA_ONLY,BSE,NMDC
9,2,7,22.22222222222222,-0.9630081300812954,-0.8130081300812955,4.850000000000004,-2.6238675958188096,0.5281189828032683,-0.9630081300812954,-8.734976066271038,-10.129789160080593,2.0,2,7,0,EMA_ONLY,BSE,NORTHARC
12,5,7,41.66666666666667,0.4855106857119634,0.6355106857119633,3.620454124310483,-1.7537346275726933,1.4745894957899386,0.4855106857119634,5.452322716938829,-6.857015527678733,6.666666666666667,3,3,6,EMA_ONLY,BSE,NTPC
19,7,12,36.84210526315789,0.20166542801162302,0.3516654280116231,5.03796992481203,-2.6195121951219478,1.1218942957953557,0.20166542801162302,2.5853586869537093,-15.54325407528092,4.315789473684211,7,12,0,EMA_ONLY,BSE,PFC
5,2,3,40.0,0.4392169448010364,0.5892169448010365,4.9815789473684315,-2.5890243902438934,1.2827428911421348,0.4392169448010364,1.8706782105673447,-5.111018307554993,2.8,2,3,0,EMA_ONLY,BSE,PINELABS
2,2,0,100.0,4.98157894736842,5.13157894736842,4.98157894736842,0.0,inf,4.98157894736842,10.211146052631559,0.0,1.5,2,0,0,EMA_ONLY,BSE,PWL
12,6,6,50.0,0.8741229790709673,1.024122979070967,3.9523855368693535,-2.204139578727419,1.7931648136146174,0.8741229790709673,10.28775328716176,-7.625576322404792,6.833333333333333,4,5,3,EMA_ONLY,BSE,RELIANCE
4,1,3,25.0,-0.7597560975609791,-0.6097560975609788,4.850000000000004,-2.6296747967479734,0.6147781728242379,-0.7597560975609791,-3.206044103076078,-2.650000000000008,2.0,1,3,0,EMA_ONLY,BSE,RUBICON
22,6,16,27.27272727272727,-0.5704107830551968,-0.42041078305519686,4.89385964912281,-2.619512195121949,0.7005874497696766,-0.5704107830551968,-12.893603347721728,-16.92284534832783,2.3636363636363638,6,16,0,EMA_ONLY,BSE,SAMMAANCAP
24,3,21,12.5,-1.673587933247753,-1.523587933247753,4.937719298245614,-2.6180603948896626,0.26943170316270465,-1.673587933247753,-33.802691051096105,-36.86475064482222,3.25,3,21,0,EMA_ONLY,BSE,SBFC
9,3,6,33.33333333333333,-0.8902141018399939,-0.740214101839994,2.5887072879759536,-2.6296747967479672,0.4922105370552517,-0.8902141018399939,-8.028870227506758,-11.743762143422742,7.777777777777778,1,6,2,EMA_ONLY,BSE,SBIN
1,0,1,0.0,-2.650000000000002,-2.500000000000002,0.0,-2.650000000000002,0.0,-2.650000000000002,-2.649999999999997,0.0,1.0,0,1,0,EMA_ONLY,BSE,SHADOWFAX
13,6,7,46.15384615384615,0.8505431025970223,1.0005431025970222,4.893859649122813,-2.615156794425084,1.6040096911387827,0.8505431025970223,10.646758983318815,-5.653005556830559,1.7692307692307692,6,7,0,EMA_ONLY,BSE,SHUKRAPHAR
8,3,5,37.5,0.2106386392811369,0.360638639281137,4.937719298245622,-2.625609756097554,1.1283594494829783,0.2106386392811369,1.1620465879572883,-7.9803160561528035,2.625,3,5,0,EMA_ONLY,BSE,SWIGGY
9,3,6,33.33333333333333,-0.09955297324150664,0.05044702675849333,4.21030060564998,-2.25447976268725,0.93376322895697,-0.09955297324150664,-1.3385186865496945,-10.432152231816982,5.777777777777778,2,5,2,EMA_ONLY,BSE,TATASTEEL
6,2,4,33.33333333333333,-0.04195549850235144,0.10804450149764877,5.1131578947368475,-2.6195121951219504,0.9759752033715587,-0.04195549850235144,-0.642223237664219,-5.1704152439024265,3.6666666666666665,2,4,0,EMA_ONLY,BSE,TENNIND
16,5,11,31.25,-0.263125802310652,-0.11312580231065197,4.9026315789473704,-2.6111973392461167,0.8534279910705321,-0.263125802310652,-5.042363310268517,-14.669658502321381,2.6875,5,11,0,EMA_ONLY,BSE,TFCILTD
13,4,9,30.76923076923077,-0.29861261972943026,-0.14861261972943027,4.915789473684218,-2.616124661246607,0.8351266107465826,-0.29861261972943026,-4.55664952706345,-10.07349854986106,2.923076923076923,4,9,0,EMA_ONLY,BSE,UJJIVANSFB
4,1,3,25.0,-0.744512195121949,-0.594512195121949,4.850000000000004,-2.609349593495933,0.6195669107337601,-0.744512195121949,-3.145416774041443,-2.650000000000008,1.25,1,3,0,EMA_ONLY,BSE,URBANCO
14,4,10,28.57142857142857,-0.4665688611773291,-0.3165688611773291,4.915789473684217,-2.6195121951219478,0.7506419680486152,-0.4665688611773291,-7.085898314596273,-15.263232427768125,3.0,4,10,0,EMA_ONLY,BSE,VEDL
15,6,9,40.0,0.11462847223012614,0.26462847223012603,4.220920774071248,-2.6228997289972877,1.07283826049649,0.11462847223012614,0.7998769891824686,-10.073498549861037,3.0,5,9,1,EMA_ONLY,BSE,VIYASH
8,4,4,50.0,1.2468228498074496,1.3968228498074498,5.1131578947368475,-2.6195121951219478,1.9519504067431195,1.2468228498074496,9.778181558945809,-5.170415243902415,5.375,4,4,0,EMA_ONLY,BSE,VMM
18,4,14,22.22222222222222,-0.9483882470403628,-0.7983882470403627,4.915789473684212,-2.6238675958188122,0.53528283227157,-0.9483882470403628,-16.49790091531056,-20.360420520086365,2.111111111111111,4,14,0,EMA_ONLY,BSE,WELSPUNLIV
15,8,7,53.333333333333336,1.3289475733330893,1.4789475733330895,4.787660846341005,-2.6238675958188145,2.0853233617951665,1.3289475733330893,20.66902656524141,-10.017172681764963,2.4,7,7,1,EMA_ONLY,BSE,ZEEL
12,4,8,33.33333333333333,-0.4424514436931091,-0.29245144369310916,3.911670059164568,-2.6195121951219478,0.7466409330807612,-0.4424514436931091,-5.773233713470649,-12.456550838289749,4.666666666666667,3,8,1,EMA_ONLY,NSE,ADANIPOWER
12,7,5,58.333333333333336,1.3051338358304,1.4551338358304005,4.112807830064659,-2.625609756097561,2.192988104465503,1.3051338358304,15.985819427591984,-2.650000000000019,3.75,5,5,2,EMA_ONLY,NSE,ASHOKLEY
12,6,6,50.0,0.8212880958358926,0.9712880958358926,4.262088386793733,-2.6195121951219478,1.6270542258709804,0.8212880958358926,9.445747701665287,-5.457581274502465,6.666666666666667,5,6,1,EMA_ONLY,NSE,CANBK
13,4,9,30.76923076923077,-0.2877505677890779,-0.137750567789078,4.981578947368426,-2.6296747967479686,0.84194254379185,-0.2877505677890779,-4.4368512288645245,-10.930507706903757,2.5384615384615383,4,9,0,EMA_ONLY,NSE,CUPID
10,2,8,20.0,-1.099293966623873,-0.949293966623873,4.9815789473684315,-2.619512195121949,0.4754300205821831,-1.099293966623873,-10.874718630342484,-12.683458949077075,3.2,2,8,0,EMA_ONLY,NSE,ETERNAL
13,7,6,53.84615384615385,1.4943665448800254,1.644366544880025,5.037969924812036,-2.6398373983739876,2.226512732400758,1.4943665448800254,20.146178145376403,-7.741185962500008,3.6923076923076925,7,6,0,EMA_ONLY,NSE,FCL
12,4,8,33.33333333333333,-0.27523964229875325,-0.12523964229875317,4.428549365786666,-2.627134146341463,0.8428479702785348,-0.27523964229875325,-3.8968181692149773,-15.263232427768136,4.833333333333333,3,8,1,EMA_ONLY,NSE,GMRAIRPORT
5,2,3,40.0,0.37439024390244385,0.5243902439024437,4.850000000000004,-2.6093495934959297,1.2391338214675218,0.37439024390244385,1.5520305124175682,-5.170415243902438,2.2,2,3,0,EMA_ONLY,NSE,GROWW
8,6,2,75.0,1.4424409529921567,1.5924409529921566,2.51090079350589,-1.7629385685490437,4.272810473888112,1.4424409529921567,11.918814395341993,-2.589024390243877,9.25,1,1,6,EMA_ONLY,NSE,HDFCBANK
16,9,7,56.25,1.2391906829860326,1.389190682986033,4.250566634251597,-2.6325783972125505,2.0759169982646224,1.2391906829860326,20.54620567996701,-11.83409664023194,3.625,7,7,2,EMA_ONLY,NSE,HFCL
8,3,5,37.5,0.2435333761232381,0.3935333761232382,5.025438596491234,-2.6256097560975586,1.1484049184736131,0.2435333761232381,1.4159482685233815,-10.073498549861048,1.375,3,5,0,EMA_ONLY,NSE,HINDCOPPER
16,7,9,43.75,0.6109371072293639,0.760937107229364,4.415269534422064,-2.347988113920514,1.462570660563817,0.6109371072293639,9.175528043577152,-10.744324835951613,4.25,6,8,2,EMA_ONLY,NSE,IDBI
8,3,5,37.5,0.3665507642235236,0.5165507642235236,4.937719298245614,-2.3761503561897315,1.2468199123973314,0.3665507642235236,2.458185439281335,-5.712063229529352,5.5,3,4,1,EMA_ONLY,NSE,IDFCFIRSTB
11,4,7,36.36363636363637,0.11782588400046903,0.2678258840004691,4.915789473684212,-2.6238675958188122,1.07056566454314,0.11782588400046903,0.5842288225711423,-8.21069355394678,2.5454545454545454,4,7,0,EMA_ONLY,NSE,IFCI
11,6,5,54.54545454545454,1.5771560275411425,1.7271560275411424,5.069298245614042,-2.613414634146337,2.327666576614198,1.5771560275411425,17.855388567448394,-7.625576322404792,3.6363636363636362,6,5,0,EMA_ONLY,NSE,INOXWIND
12,8,4,66.66666666666666,1.1346799101575185,1.2846799101575186,3.0193979140167695,-2.634756097560983,2.2919752737734265,1.1346799101575185,13.819567872726557,-2.650000000000019,6.916666666666667,4,4,4,EMA_ONLY,NSE,ITC
11,7,4,63.63636363636363,2.2055840821566144,2.355584082156614,4.962781954887221,-2.6195121951219478,3.315452562971682,2.2055840821566144,26.221311400704582,-2.650000000000008,2.1818181818181817,7,4,0,EMA_ONLY,NSE,JINDWORLD
17,4,13,23.52941176470588,-0.7305279365599118,-0.580527936559912,4.47224059296984,-2.3313797917998356,0.5902401802770064,-0.7305279365599118,-12.377058753717119,-20.61904280145579,5.9411764705882355,3,11,3,EMA_ONLY,NSE,JIOFIN
5,2,3,40.0,0.3621951219512221,0.5121951219512222,4.850000000000004,-2.629674796747966,1.229556345648479,0.3621951219512221,1.48846275792478,-7.683399239938982,3.2,2,3,0,EMA_ONLY,NSE,LENSKART
13,6,7,46.15384615384615,0.4246480739606571,0.5746480739606571,3.7070338971372148,-2.3888254887621065,1.330133842369614,0.4246480739606571,4.921448619145563,-5.1704152439024265,5.153846153846154,4,6,3,EMA_ONLY,NSE,LICI
11,4,7,36.36363636363637,0.11710006377535155,0.26710006377535156,4.292677176873178,-2.2689440008519774,1.0811013343051212,0.11710006377535155,0.6891890455451799,-5.271079290680913,5.2727272727272725,3,6,2,EMA_ONLY,NSE,MAHABANK
4,1,3,25.0,-0.7597560975609762,-0.6097560975609762,4.850000000000004,-2.62967479674797,0.6147781728242386,-0.7597560975609762,-3.2060441030760667,-5.170415243902438,1.5,1,3,0,EMA_ONLY,NSE,MEESHO
8,4,4,50.0,0.7198065819818662,0.8698065819818663,4.074369261524708,-2.6347560975609747,1.5463933323074572,0.7198065819818662,5.392245151777186,-8.795828409214323,3.5,3,4,1,EMA_ONLY,NSE,MOREPENLAB
13,3,10,23.076923076923077,-0.900469043151969,-0.750469043151969,4.850000000000004,-2.625609756097561,0.5541569902461686,-0.900469043151969,-11.660972984269357,-17.50875676843229,2.4615384615384617,3,10,0,EMA_ONLY,NSE,MOTHERSON
26,5,21,19.230769230769234,-1.079893232776486,-0.9298932327764862,4.9026315789473704,-2.5043039022345472,0.46611484813849935,-1.079893232776486,-25.440023351823015,-30.151020058705967,3.3846153846153846,5,20,1,EMA_ONLY,NSE,NMDC
5,2,3,40.0,0.4392169448010342,0.5892169448010343,4.98157894736842,-2.58902439024389,1.2827428911421335,0.4392169448010342,1.8706782105673225,-5.111018307554993,2.8,2,3,0,EMA_ONLY,NSE,PINELABS
12,6,6,50.0,0.8723461589089192,1.0223461589089193,4.343879309687754,-2.599186991869915,1.6712454022258196,0.8723461589089192,10.140851452008338,-10.017172681764974,5.416666666666667,5,6,1,EMA_ONLY,NSE,PNB
2,2,0,100.0,4.98157894736842,5.13157894736842,4.98157894736842,0.0,inf,4.98157894736842,10.211146052631559,0.0,1.5,2,0,0,EMA_ONLY,NSE,PWL
11,3,8,27.27272727272727,-0.8940139331002869,-0.7440139331002869,3.7073147656241496,-2.619512195121951,0.530725926643122,-0.8940139331002869,-9.833710741049916,-7.741185962500008,4.2727272727272725,2,8,1,EMA_ONLY,NSE,SAIL
7,3,4,42.857142857142854,0.6193013020355759,0.7693013020355759,4.937719298245614,-2.619512195121953,1.4137324806429472,0.6193013020355759,3.915815704116321,-7.683399239939015,3.0,3,4,0,EMA_ONLY,NSE,SWIGGY
9,2,7,22.22222222222222,-1.1856966963883786,-1.0356966963883787,1.8992400438162695,-2.0671071935897065,0.2625117914550884,-1.1856966963883786,-10.316102838139486,-12.208519660576389,6.222222222222222,0,5,4,EMA_ONLY,NSE,TATASTEEL
16,5,11,31.25,-0.259314826700896,-0.10931482670089582,4.9026315789473704,-2.605654101995562,0.8552435635316447,-0.259314826700896,-4.982886168017298,-12.628767841399934,2.8125,5,11,0,EMA_ONLY,NSE,TFCILTD
13,5,8,38.46153846153847,0.27831045719364295,0.4283104571936428,4.9026315789473704,-2.6118902439024367,1.1731521812585641,0.27831045719364295,2.7964591380317705,-5.1704152439024265,3.230769230769231,5,8,0,EMA_ONLY,NSE,UJJIVANSFB
4,1,3,25.0,-0.7445121951219489,-0.5945121951219491,4.850000000000004,-2.609349593495933,0.6195669107337601,-0.7445121951219489,-3.145416774041432,-2.649999999999997,1.25,1,3,0,EMA_ONLY,NSE,URBANCO
15,3,12,20.0,-1.121544715447152,-0.9715447154471526,4.850000000000004,-2.614430894308941,0.46377205939516514,-1.121544715447152,-16.123493286869483,-20.003331699446335,3.2,3,12,0,EMA_ONLY,NSE,VEDL
8,3,5,37.5,0.28405006418485435,0.4340500641848543,5.113157894736844,-2.613414634146339,1.1739027924454173,0.28405006418485435,1.7341689708409769,-7.625576322404781,4.75,3,5,0,EMA_ONLY,NSE,VMM
15,9,6,60.0,1.772962881162281,1.9229628811622808,4.701279598685101,-2.6195121951219495,2.692073513213537,1.772962881162281,28.909001716790208,-10.017172681764963,2.6666666666666665,8,6,1,EMA_ONLY,NSE,ZEEL
4,1,3,25.0,-0.7597560975609706,-0.6097560975609706,4.850000000000004,-2.6296747967479623,0.6147781728242404,-0.7597560975609706,-3.2060441030760445,-7.683399239939003,4.0,1,3,0,EMA_RSI,BSE,ADANIPOWER
6,3,3,50.0,1.1101626016260153,1.2601626016260152,4.850000000000004,-2.6296747967479734,1.8443345184727133,1.1101626016260153,6.41065320168408,-5.170415243902438,4.0,3,3,0,EMA_RSI,BSE,ASTERDM
1,1,0,100.0,4.850000000000004,5.000000000000004,4.850000000000004,0.0,inf,4.850000000000004,4.849999999999999,0.0,1.0,1,0,0,EMA_RSI,BSE,AYE
9,4,5,44.44444444444444,0.5072818092339118,0.6572818092339117,4.438640168337277,-2.6378048780487804,1.3461617893801452,0.5072818092339118,4.072443594700381,-7.741185962499985,4.444444444444445,3,5,1,EMA_RSI,BSE,BAJFINANCE
14,3,11,21.428571428571427,-0.9921969558041468,-0.8421969558041467,5.025438596491225,-2.6333702882483387,0.5204638970811437,-0.9921969558041468,-13.623832992379793,-13.011067755135885,2.7857142857142856,3,11,0,EMA_RSI,BSE,CGCL
10,1,9,10.0,-2.127669798533707,-1.977669798533708,0.21876440601167904,-2.388384710149862,0.010177236573413968,-2.127669798533707,-19.383580899682727,-17.240928349512195,6.7,0,7,3,EMA_RSI,BSE,COALINDIA
7,1,6,14.285714285714285,-1.5611498257839702,-1.4111498257839699,4.850000000000004,-2.629674796747966,0.30738908641211976,-1.5611498257839702,-10.643110174767202,-8.21069355394679,1.8571428571428572,1,6,0,EMA_RSI,BSE,CUPID
11,3,8,27.27272727272727,-0.5639922978177133,-0.4139922978177134,4.937719298245614,-2.6271341463414615,0.704815450486493,-0.5639922978177133,-6.610637330688595,-14.723072089147182,2.272727272727273,3,8,0,EMA_RSI,BSE,EPL
10,2,8,20.0,-1.0992939666238752,-0.9492939666238754,4.98157894736842,-2.619512195121949,0.475430020582182,-1.0992939666238752,-10.874718630342528,-10.362728117284393,2.4,2,8,0,EMA_RSI,BSE,ETERNAL
8,2,6,25.0,-1.0216696649233081,-0.8716696649233079,3.771857925672623,-2.6195121951219513,0.4799695063705075,-1.0216696649233081,-8.17861273174919,-14.723072089147182,4.375,1,6,1,EMA_RSI,BSE,GMRAIRPORT
3,1,2,33.33333333333333,-0.1296747967479638,0.02032520325203624,4.850000000000004,-2.6195121951219478,0.9257448789571715,-0.1296747967479638,-0.5711803832316842,-2.649999999999997,1.6666666666666667,1,2,0,EMA_RSI,BSE,GROWW
7,1,6,14.285714285714285,-1.5148450394278374,-1.3648450394278373,5.113157894736836,-2.6195121951219495,0.3253250677905189,-1.5148450394278374,-10.36272811728437,-12.456550838289736,2.0,1,6,0,EMA_RSI,BSE,HINDCOPPER
10,3,7,30.0,-0.22193131255122228,-0.0719313125512222,5.113157894736851,-2.5083981156746824,0.8736066933574631,-0.22193131255122228,-2.7862878832613402,-14.015470329616297,4.3,3,6,1,EMA_RSI,BSE,ICICIPRULI
7,1,6,14.285714285714285,-1.4016063523090885,-1.2516063523090886,4.850000000000004,-2.4435407443606043,0.33080411497081413,-1.4016063523090885,-9.61739621644715,-7.215174452579188,3.857142857142857,1,5,1,EMA_RSI,BSE,IDFCFIRSTB
8,2,6,25.0,-1.027516778698427,-0.877516778698427,3.717981665694098,-2.609349593495935,0.47495637418120584,-1.027516778698427,-8.223179852542783,-10.073498549861082,4.25,1,6,1,EMA_RSI,BSE,INFY
9,5,4,55.55555555555556,1.6764156325773827,1.8264156325773828,5.113157894736849,-2.6195121951219504,2.4399380084288977,1.6764156325773827,15.39131331602559,-7.683399239938993,4.555555555555555,5,4,0,EMA_RSI,BSE,INOXWIND
7,4,3,57.14285714285714,1.0076133074130174,1.1576133074130175,3.7203354830947277,-2.6093495934959297,1.9010282574467567,1.0076133074130174,6.817328919375543,-5.1704152439024265,4.428571428571429,3,3,1,EMA_RSI,BSE,IOC
8,4,4,50.0,1.1810333761232403,1.3310333761232405,4.9815789473684315,-2.6195121951219504,1.9017200823287315,1.1810333761232403,9.2291954386716,-2.650000000000008,2.875,4,4,0,EMA_RSI,BSE,IXIGO
10,5,5,50.0,1.1388369991545544,1.2888369991545545,4.603551358865922,-2.325877360556812,1.9792751917770235,1.1388369991545544,11.310490457950518,-3.8301873208030024,5.2,4,4,2,EMA_RSI,BSE,JIOFIN
11,3,8,27.27272727272727,-0.5584490605671568,-0.40844906056715674,4.937719298245622,-2.619512195121949,0.7068662403214758,-0.5584490605671568,-6.552142483914092,-14.723072089147182,3.727272727272727,3,8,0,EMA_RSI,BSE,JSWENERGY
11,7,4,63.63636363636363,2.095497335356131,2.245497335356131,4.781077694235591,-2.6042682926829235,3.212758834571801,2.095497335356131,24.76358648323176,-2.649999999999997,3.6363636363636362,6,4,1,EMA_RSI,BSE,KALYANKJIL
1,0,1,0.0,-2.650000000000002,-2.500000000000002,0.0,-2.650000000000002,0.0,-2.650000000000002,-2.649999999999997,0.0,5.0,0,1,0,EMA_RSI,BSE,LENSKART
8,2,6,25.0,-0.7597560975609747,-0.6097560975609748,4.850000000000004,-2.6296747967479677,0.6147781728242392,-0.7597560975609747,-6.309301018243419,-10.643110174767212,2.5,2,6,0,EMA_RSI,BSE,LLOYDSENGG
7,2,5,28.57142857142857,-0.48972125435540104,-0.33972125435540096,4.850000000000004,-2.625609756097563,0.7388759869948909,-0.48972125435540104,-3.758912191313235,-10.129789160080627,2.857142857142857,2,5,0,EMA_RSI,BSE,MAHABANK
2,0,2,0.0,-2.650000000000002,-2.500000000000002,0.0,-2.650000000000002,0.0,-2.650000000000002,-5.229774999999992,-2.649999999999997,1.5,0,2,0,EMA_RSI,BSE,MEESHO
11,3,8,27.27272727272727,-0.5823725055432347,-0.43237250554323475,4.850000000000004,-2.619512195121949,0.6943086592178782,-0.5823725055432347,-6.786095510767598,-12.95658184670585,2.0,3,8,0,EMA_RSI,BSE,MOTHERSON
18,4,14,22.22222222222222,-1.0836812301392869,-0.9336812301392872,3.7644750510742897,-2.4688687390574517,0.43565066189689844,-1.0836812301392869,-18.34827281418656,-19.696959398074764,4.0,2,13,3,EMA_RSI,BSE,NMDC
4,1,3,25.0,-0.774999999999995,-0.624999999999995,4.850000000000004,-2.649999999999995,0.6100628930817626,-0.774999999999995,-3.266633481681225,-7.741185962499975,2.25,1,3,0,EMA_RSI,BSE,NORTHARC
7,4,3,57.14285714285714,1.3705861954120198,1.52058619541202,4.105728264808922,-2.2762698971171833,2.4049451956517016,1.3705861954120198,9.575481159106802,-4.13764976215335,5.857142857142857,3,2,2,EMA_RSI,BSE,NTPC
11,3,8,27.27272727272727,-0.5345256155910855,-0.38452561559108545,5.025438596491225,-2.619512195121952,0.7194238214250703,-0.5345256155910855,-6.317602269783473,-12.738115822176365,3.272727272727273,3,8,0,EMA_RSI,BSE,PFC
3,1,2,33.33333333333333,-0.04195549850234581,0.10804450149765425,5.113157894736858,-2.6195121951219478,0.9759752033715617,-0.04195549850234581,-0.32162884439984607,-5.1704152439024265,1.6666666666666667,1,2,0,EMA_RSI,BSE,PINELABS
2,2,0,100.0,4.98157894736842,5.13157894736842,4.98157894736842,0.0,inf,4.98157894736842,10.211146052631559,0.0,1.0,2,0,0,EMA_RSI,BSE,PWL
10,4,6,40.0,0.30351673461222034,0.4535167346122206,4.0856777269988545,-2.217923926978869,1.2280787082912967,0.30351673461222034,2.542370634005442,-7.904035328433134,7.1,2,5,3,EMA_RSI,BSE,RELIANCE
2,0,2,0.0,-2.6500000000000075,-2.500000000000008,0.0,-2.6500000000000075,0.0,-2.6500000000000075,-5.229775000000004,-2.649999999999997,2.5,0,2,0,EMA_RSI,BSE,RUBICON
10,3,7,30.0,-0.3695121951219471,-0.2195121951219469,4.850000000000004,-2.6064459930313544,0.797473430920395,-0.3695121951219471,-4.18871141552366,-10.53113693968395,2.3,3,7,0,EMA_RSI,BSE,SAMMAANCAP
10,3,7,30.0,-0.35539152759948656,-0.2053915275994867,4.937719298245622,-2.623867595818819,0.8065061731415055,-0.35539152759948656,-4.068451289870156,-12.456550838289749,2.7,3,7,0,EMA_RSI,BSE,SBFC
5,4,1,80.0,2.728317647816106,2.8783176478161066,4.072897059770137,-2.6500000000000132,6.147769146822817,2.728317647816106,14.147027508073528,-2.650000000000019,7.8,3,1,1,EMA_RSI,BSE,SBIN
1,0,1,0.0,-2.650000000000002,-2.500000000000002,0.0,-2.650000000000002,0.0,-2.650000000000002,-2.649999999999997,0.0,1.0,0,1,0,EMA_RSI,BSE,SHADOWFAX
8,4,4,50.0,1.1076219512195131,1.2576219512195133,4.850000000000004,-2.634756097560978,1.840777597778292,1.1076219512195131,8.614923280093677,-5.1704152439024265,1.875,4,4,0,EMA_RSI,BSE,SHUKRAPHAR
3,0,3,0.0,-2.649999999999995,-2.4999999999999947,0.0,-2.649999999999995,0.0,-2.649999999999995,-7.741185962499964,-5.22977499999997,1.6666666666666667,0,3,0,EMA_RSI,BSE,SWIGGY
6,2,4,33.33333333333333,-0.07432945986225999,0.07567054013774,3.8904509084749685,-2.056719644030874,0.9457902830281344,-0.07432945986225999,-0.709594304820238,-5.539508389033587,5.666666666666667,1,3,2,EMA_RSI,BSE,TATASTEEL
2,1,1,50.0,1.2620667522464768,1.412066752246477,5.113157894736858,-2.5890243902439045,1.9749361628281772,1.2620667522464768,2.3917525994865407,0.0,2.0,1,1,0,EMA_RSI,BSE,TENNIND
8,3,5,37.5,0.218260590500645,0.36826059050064497,4.937719298245614,-2.613414634146337,1.1336247758921356,0.218260590500645,1.2254098902159116,-7.62557632240477,2.5,3,5,0,EMA_RSI,BSE,TFCILTD
11,5,6,45.45454545454545,0.09366887564528849,0.24366887564528847,3.349486160565968,-2.6195121951219438,1.0655565842893007,0.09366887564528849,0.4573711162449978,-7.62557632240477,4.181818181818182,3,6,2,EMA_RSI,BSE,UJJIVANSFB
3,0,3,0.0,-2.609349593495933,-2.4593495934959333,0.0,-2.609349593495933,0.0,-2.609349593495933,-7.625576322404804,-5.170415243902438,1.0,0,3,0,EMA_RSI,BSE,URBANCO
12,3,9,25.0,-0.7225823705605418,-0.5725823705605416,4.937719298245622,-2.6093495934959297,0.6307726786978375,-0.7225823705605418,-8.914514216311398,-13.12781518007763,2.4166666666666665,3,9,0,EMA_RSI,BSE,VEDL
6,1,5,16.666666666666664,-1.3593495934959323,-1.2093495934959322,4.850000000000004,-2.6012195121951196,0.3729020159399913,-1.3593495934959323,-8.095672254426278,-7.567717187226474,2.3333333333333335,1,5,0,EMA_RSI,BSE,VIYASH
3,3,0,100.0,5.113157894736851,5.263157894736851,5.113157894736851,0.0,inf,5.113157894736851,16.13717323007546,0.0,6.666666666666667,3,0,0,EMA_RSI,BSE,VMM
8,1,7,12.5,-1.6972560975609783,-1.5472560975609784,4.850000000000004,-2.6325783972125474,0.26318575871881394,-1.6972560975609783,-13.011067755135898,-17.034876256686594,1.75,1,7,0,EMA_RSI,BSE,WELSPUNLIV
10,8,2,80.0,3.1236318099356555,3.273631809935656,4.559417811200056,-2.6195121951219478,6.962239488238456,3.1236318099356555,35.444580868110506,-2.649999999999997,3.3,6,2,2,EMA_RSI,BSE,ZEEL
4,1,3,25.0,-0.7597560975609734,-0.6097560975609734,4.850000000000004,-2.629674796747966,0.6147781728242395,-0.7597560975609734,-3.2060441030760556,-7.683399239939015,4.0,1,3,0,EMA_RSI,NSE,ADANIPOWER
8,4,4,50.0,0.7836620438132103,0.9336620438132104,4.186836282748368,-2.6195121951219478,1.5983267001180943,0.7836620438132103,5.925742147917301,-5.170415243902438,3.625,3,4,1,EMA_RSI,NSE,ASHOKLEY
8,4,4,50.0,1.2063061617458306,1.3563061617458307,5.047368421052633,-2.634756097560972,1.91568715818707,1.2063061617458306,9.434799483992684,-5.170415243902415,5.0,4,4,0,EMA_RSI,NSE,CANBK
7,1,6,14.285714285714285,-1.5611498257839702,-1.4111498257839699,4.850000000000004,-2.629674796747966,0.30738908641211976,-1.5611498257839702,-10.643110174767202,-8.21069355394679,1.8571428571428572,1,6,0,EMA_RSI,NSE,CUPID
9,1,8,11.11111111111111,-1.7603266295820819,-1.6103266295820817,5.113157894736858,-2.619512195121949,0.2439938008428903,-1.7603266295820819,-14.997347286926555,-12.683458949077087,2.5555555555555554,1,8,0,EMA_RSI,NSE,ETERNAL
5,1,4,20.0,-1.0973684210526322,-0.9473684210526324,5.113157894736858,-2.650000000000005,0.48237338629592913,-1.0973684210526322,-5.593715180033765,-5.229774999999992,2.4,1,4,0,EMA_RSI,NSE,FCL
8,2,6,25.0,-0.962859463448129,-0.812859463448129,4.007098731573327,-2.6195121951219478,0.5099039354267741,-0.962859463448129,-7.757941671970392,-14.723072089147182,4.75,1,6,1,EMA_RSI,NSE,GMRAIRPORT
3,1,2,33.33333333333333,-0.1296747967479638,0.02032520325203624,4.850000000000004,-2.6195121951219478,0.9257448789571715,-0.1296747967479638,-0.5711803832316842,-2.649999999999997,1.3333333333333333,1,2,0,EMA_RSI,NSE,GROWW
5,5,0,100.0,2.9911445090848785,3.141144509084879,2.9911445090848785,0.0,inf,2.9911445090848785,15.83582988888439,0.0,9.6,1,0,4,EMA_RSI,NSE,HDFCBANK
8,2,6,25.0,-0.6939666238767681,-0.5439666238767682,5.1131578947368475,-2.6296747967479734,0.6481356428635346,-0.6939666238767681,-5.838411407336686,-10.418837680664794,3.125,2,6,0,EMA_RSI,NSE,HFCL
7,1,6,14.285714285714285,-1.5148450394278359,-1.3648450394278357,5.113157894736836,-2.6195121951219478,0.3253250677905191,-1.5148450394278359,-10.362728117284359,-12.456550838289726,2.0,1,6,0,EMA_RSI,NSE,HINDCOPPER
10,3,7,30.0,-0.10797107403038746,0.04202892596961272,4.937719298245622,-2.27040980500582,0.9320631935556734,-0.10797107403038746,-1.6302974846882035,-8.37205499139968,3.2,3,6,1,EMA_RSI,NSE,IDBI
5,1,4,20.0,-0.8883454781409494,-0.7383454781409493,4.850000000000004,-2.3229318476761875,0.5219696829301991,-0.8883454781409494,-4.563775826706962,-4.0155313709486435,4.2,1,3,1,EMA_RSI,NSE,IDFCFIRSTB
5,0,5,0.0,-2.6378048780487826,-2.4878048780487823,0.0,-2.6378048780487826,0.0,-2.6378048780487826,-12.511349747338485,-10.186044534493732,2.0,0,5,0,EMA_RSI,NSE,IFCI
8,3,5,37.5,0.28405006418485146,0.43405006418485165,5.113157894736836,-2.613414634146339,1.1739027924454155,0.28405006418485146,1.7341689708409547,-7.683399239939003,3.625,3,5,0,EMA_RSI,NSE,INOXWIND
9,4,5,44.44444444444444,0.8990430631323735,1.0490430631323735,4.46651453694773,-1.9549341159199116,1.8277913308995466,0.8990430631323735,7.858269111714655,-7.009664901569512,7.333333333333333,3,3,3,EMA_RSI,NSE,ITC
6,3,3,50.0,1.1540222507488227,1.3040222507488226,4.937719298245614,-2.62967479674797,1.8776919885120114,1.1540222507488227,6.677728103678637,-5.229775000000004,4.166666666666667,3,3,0,EMA_RSI,NSE,JINDWORLD
11,4,7,36.36363636363637,0.18905174076618303,0.33905174076618305,4.47224059296984,-2.2584847462073343,1.1315400989168405,0.18905174076618303,1.483290528909964,-8.062424893953535,5.636363636363637,3,6,2,EMA_RSI,NSE,JIOFIN
1,1,0,100.0,4.850000000000004,5.000000000000004,4.850000000000004,0.0,inf,4.850000000000004,4.849999999999999,0.0,2.0,1,0,0,EMA_RSI,NSE,LENSKART
8,2,6,25.0,-0.7597560975609747,-0.6097560975609748,4.850000000000004,-2.6296747967479672,0.6147781728242392,-0.7597560975609747,-6.309301018243407,-8.21069355394679,4.5,2,6,0,EMA_RSI,NSE,LICI
7,2,5,28.57142857142857,-0.48972125435540104,-0.33972125435540096,4.850000000000004,-2.625609756097563,0.7388759869948909,-0.48972125435540104,-3.758912191313235,-10.129789160080627,2.7142857142857144,2,5,0,EMA_RSI,NSE,MAHABANK
2,0,2,0.0,-2.650000000000002,-2.500000000000002,0.0,-2.650000000000002,0.0,-2.650000000000002,-5.229774999999992,-2.649999999999997,1.5,0,2,0,EMA_RSI,NSE,MEESHO
5,2,3,40.0,0.3865853658536656,0.5365853658536657,4.850000000000004,-2.5890243902438934,1.2488616737321454,0.3865853658536656,1.615638082858939,-5.111018307555004,5.6,2,3,0,EMA_RSI,NSE,MOREPENLAB
11,3,8,27.27272727272727,-0.5823725055432354,-0.4323725055432357,4.850000000000004,-2.6195121951219504,0.6943086592178779,-0.5823725055432354,-6.786095510767609,-12.95658184670585,2.090909090909091,3,8,0,EMA_RSI,NSE,MOTHERSON
19,5,14,26.31578947368421,-0.6605017302378982,-0.5105017302378984,4.3713405461884145,-2.4575882575330104,0.635254114445238,-0.6605017302378982,-12.626953535406626,-20.21677017867519,3.5789473684210527,4,13,2,EMA_RSI,NSE,NMDC
3,2,1,66.66666666666666,2.458044501497649,2.6080445014976488,4.98157894736842,-2.5890243902438934,3.8482286734263953,2.458044501497649,7.357752600561618,-2.589024390243899,1.6666666666666667,2,1,0,EMA_RSI,NSE,PINELABS
9,4,5,44.44444444444444,0.3370049769619972,0.4870049769619972,4.025029490847415,-2.613414634146337,1.2321135538944978,0.3370049769619972,2.5281404948330977,-5.111018307555004,5.111111111111111,3,5,1,EMA_RSI,NSE,PNB
2,2,0,100.0,4.98157894736842,5.13157894736842,4.98157894736842,0.0,inf,4.98157894736842,10.211146052631559,0.0,1.0,2,0,0,EMA_RSI,NSE,PWL
8,4,4,50.0,0.6714930371090528,0.8214930371090527,3.9929860742181136,-2.6500000000000075,1.5067871978181517,0.6714930371090528,4.998007976718122,-7.741185962500008,7.25,3,4,1,EMA_RSI,NSE,SAIL
3,0,3,0.0,-2.6500000000000057,-2.5000000000000058,0.0,-2.6500000000000057,0.0,-2.6500000000000057,-7.741185962499997,-5.229775000000004,1.6666666666666667,0,3,0,EMA_RSI,NSE,SWIGGY
6,3,3,50.0,0.9262514385352509,1.0762514385352508,3.86868552690378,-2.0161826498332776,1.9188169917163456,0.9262514385352509,5.371039804847411,-3.436986123453334,8.166666666666666,2,2,2,EMA_RSI,NSE,TATASTEEL
9,3,6,33.33333333333333,-0.09365996291541734,0.05634003708458272,4.937719298245622,-2.609349593495937,0.9461590180467534,-0.09365996291541734,-1.3953406609661823,-10.017172681764997,3.2222222222222223,3,6,0,EMA_RSI,NSE,TFCILTD
11,5,6,45.45454545454545,0.44300263549480423,0.5930026354948044,4.105825310283687,-2.6093495934959314,1.311254383249972,0.44300263549480423,4.282284204909947,-5.170415243902438,4.454545454545454,4,6,1,EMA_RSI,NSE,UJJIVANSFB
3,0,3,0.0,-2.609349593495933,-2.4593495934959333,0.0,-2.609349593495933,0.0,-2.609349593495933,-7.625576322404792,-5.170415243902415,1.0,0,3,0,EMA_RSI,NSE,URBANCO
11,2,9,18.181818181818183,-1.2531042128603074,-1.1031042128603075,4.850000000000004,-2.6093495934959323,0.41304460715584024,-1.2531042128603074,-13.345305565927312,-17.3536533771362,2.727272727272727,2,9,0,EMA_RSI,NSE,VEDL
3,3,0,100.0,5.113157894736858,5.2631578947368585,5.113157894736858,0.0,inf,5.113157894736858,16.137173230075486,0.0,7.0,3,0,0,EMA_RSI,NSE,VMM
10,8,2,80.0,3.04679398865959,3.19679398865959,4.463370534604975,-2.6195121951219478,6.815575118018779,3.04679398865959,34.43633722358126,-2.649999999999997,3.6,6,2,2,EMA_RSI,NSE,ZEEL
32,10,22,31.25,-0.2826103852138504,-0.13261038521385043,4.864671157559577,-2.6222838137472273,0.8432398319872437,-0.2826103852138504,-10.390644974705566,-25.539136233754277,3.1875,9,22,1,MACD_ONLY,BSE,ADANIPOWER
30,11,19,36.666666666666664,0.10595633211150804,0.25595633211150814,4.82189864411786,-2.6243260590500648,1.0637494991059038,0.10595633211150804,1.2718304621916587,-19.90292172141742,3.8666666666666667,10,19,1,MACD_ONLY,BSE,ASTERDM
11,3,8,27.27272727272727,-0.5345256155910815,-0.3845256155910813,5.025438596491234,-2.619512195121949,0.7194238214250724,-0.5345256155910815,-6.31760226978344,-7.683399239939015,2.1818181818181817,3,8,0,MACD_ONLY,BSE,AYE
27,7,20,25.925925925925924,-0.5925924847154245,-0.4425924847154249,4.614566642622693,-2.4150981792837656,0.6687505869417386,-0.5925924847154245,-15.942370998398836,-24.896010741373452,5.2592592592592595,6,17,4,MACD_ONLY,BSE,BAJFINANCE
37,11,26,29.72972972972973,-0.48770739243502254,-0.3377073924350228,4.556647196620996,-2.6218574108817996,0.7352849424580737,-0.48770739243502254,-18.265364018973084,-28.434083506700425,3.4324324324324325,10,26,1,MACD_ONLY,BSE,CGCL
28,9,19,32.142857142857146,-0.726386996057523,-0.5763869960575233,2.9326313981108414,-2.4596062354004333,0.5647819429733484,-0.726386996057523,-19.31307875119048,-24.843443308752768,6.928571428571429,3,16,9,MACD_ONLY,BSE,COALINDIA
31,12,19,38.70967741935484,0.33687316244979254,0.4868731624497926,5.025438596491228,-2.6243260590500626,1.2094385939167394,0.33687316244979254,8.664845611666339,-23.60793678723644,2.838709677419355,12,19,0,MACD_ONLY,BSE,CUPID
31,11,20,35.483870967741936,-0.01370795365456775,0.1362920463454325,4.724117939922489,-2.619512195121949,0.9918888225814917,-0.01370795365456775,-2.3084548551425277,-21.275238920092963,3.2903225806451615,10,20,1,MACD_ONLY,BSE,EPL
36,12,24,33.33333333333333,-0.3074845556163811,-0.15748455561638103,4.316570723394754,-2.6195121951219487,0.8239264416163179,-0.3074845556163811,-12.2870724703097,-18.298468992698126,3.4722222222222223,10,24,2,MACD_ONLY,BSE,ETERNAL
20,6,14,30.0,-0.5140664019839736,-0.36406640198397344,4.398640448671304,-2.619512195121949,0.7196498738847711,-0.5140664019839736,-10.754467076793484,-10.874718630342507,3.85,5,14,1,MACD_ONLY,BSE,GMRAIRPORT
16,3,13,18.75,-1.0629204931973062,-0.9129204931973064,5.025438596491225,-2.4679264369715828,0.4699153839501726,-1.0629204931973062,-16.302418043900456,-16.982910678784748,2.625,3,12,1,MACD_ONLY,BSE,GROWW
28,8,20,28.57142857142857,-0.5162489862478347,-0.36624898624783464,4.741909035937447,-2.6195121951219478,0.7240903928247137,-0.5162489862478347,-14.818458481870966,-26.387318664222693,3.0714285714285716,7,20,1,MACD_ONLY,BSE,HINDCOPPER
35,15,20,42.857142857142854,0.4518634907024618,0.6018634907024617,4.383756141522551,-2.497055997412605,1.3166773630822366,0.4518634907024618,14.557818586792347,-16.341900079849005,4.571428571428571,13,19,3,MACD_ONLY,BSE,ICICIPRULI
24,5,19,20.833333333333336,-1.192714892848163,-1.042714892848163,3.8836759168088633,-2.5286072111789593,0.404182972186922,-1.192714892848163,-25.67699954096858,-24.807217098951874,6.083333333333333,3,18,3,MACD_ONLY,BSE,IDFCFIRSTB
24,4,20,16.666666666666664,-1.3692696892407632,-1.219269689240763,4.349780306531259,-2.5130796883951683,0.3461712994313358,-1.3692696892407632,-28.766933566371144,-31.220468849202554,5.291666666666667,3,19,2,MACD_ONLY,BSE,INFY
31,13,18,41.935483870967744,0.5788086463207591,0.7288086463207588,5.011943319838058,-2.6228997289972904,1.3800515521380816,0.5788086463207591,17.036559449236876,-13.577388849853445,3.4516129032258065,13,18,0,MACD_ONLY,BSE,INOXWIND
32,10,22,31.25,-0.4396471414988392,-0.2896471414988392,4.3499584154963955,-2.6167405764966727,0.7556170615402802,-0.4396471414988392,-14.633662251180402,-23.534028699945942,4.6875,7,22,3,MACD_ONLY,BSE,IOC
34,13,21,38.23529411764706,0.29750056633693744,0.4475005663369375,5.011943319838063,-2.620963995354235,1.1837749715169352,0.29750056633693744,8.111847283318863,-17.781357842285928,2.2058823529411766,13,21,0,MACD_ONLY,BSE,IXIGO
36,8,28,22.22222222222222,-0.7948223132167326,-0.6448223132167327,4.679332905701935,-2.358866661479209,0.5667773768669058,-0.7948223132167326,-26.169855013411226,-34.39365880605395,4.944444444444445,7,24,5,MACD_ONLY,BSE,JIOFIN
34,13,21,38.23529411764706,0.022388096691449026,0.1723880966914491,4.292418399226786,-2.620963995354236,1.0138297949561872,0.022388096691449026,-1.2840511781015862,-24.13124956206618,4.205882352941177,11,21,2,MACD_ONLY,BSE,JSWENERGY
31,10,21,32.25806451612903,-0.25606724437373374,-0.1060672443737338,4.704118371709712,-2.618060394889661,0.8556167656992586,-0.25606724437373374,-9.310677227785114,-19.852752556674524,3.3870967741935485,9,21,1,MACD_ONLY,BSE,KALYANKJIL
8,3,5,37.5,0.24353337612324089,0.39353337612324096,5.025438596491241,-2.6256097560975586,1.1484049184736147,0.24353337612324089,1.415948268523426,-7.683399239939003,3.375,3,5,0,MACD_ONLY,BSE,LENSKART
31,11,20,35.483870967741936,0.0799267050395489,0.2299267050395491,4.993540669856464,-2.6225609756097548,1.0472387082563435,0.0799267050395489,0.4502975842571866,-23.996698056052402,2.4193548387096775,11,20,0,MACD_ONLY,BSE,LLOYDSENGG
34,13,21,38.23529411764706,0.27786755266933805,0.42786755266933824,4.95121457489879,-2.615156794425085,1.1720282319281672,0.27786755266933805,7.436342653532191,-21.92778434109137,3.0588235294117645,13,21,0,MACD_ONLY,BSE,MAHABANK
8,3,5,37.5,0.21826059050064212,0.3682605905006423,4.937719298245614,-2.6134146341463413,1.1336247758921336,0.21826059050064212,1.225409890215845,-5.712063229529374,2.125,3,5,0,MACD_ONLY,BSE,MEESHO
32,7,25,21.875,-0.9599326059050025,-0.8099326059050026,4.962781954887224,-2.6182926829268256,0.5307194861863568,-0.9599326059050025,-27.693212033060487,-35.764187272583584,3.0625,7,25,0,MACD_ONLY,BSE,MOTHERSON
33,6,27,18.181818181818183,-1.295423190888669,-1.145423190888669,4.258631119584012,-2.5296574821048208,0.3741069602163062,-1.295423190888669,-35.75189731713538,-38.52607546705611,3.727272727272727,5,26,2,MACD_ONLY,BSE,NMDC
32,10,22,31.25,-0.38592588026573654,-0.2359258802657364,4.527964012417931,-2.6195121951219495,0.7857056226051095,-0.38592588026573654,-13.243425347211357,-15.05055575288865,2.40625,9,22,1,MACD_ONLY,BSE,NORTHARC
27,7,20,25.925925925925924,-1.1672387875225605,-1.0172387875225604,2.7131425380133223,-2.5253722514601193,0.37602372789026384,-1.1672387875225605,-27.79224480174435,-29.434763039290036,5.518518518518518,3,19,5,MACD_ONLY,BSE,NTPC
35,12,23,34.285714285714285,-0.4719087079132612,-0.32190870791326126,3.6417906588302205,-2.6181866383881216,0.7257178169442351,-0.4719087079132612,-16.725779159664654,-25.206170346735956,4.114285714285714,8,23,4,MACD_ONLY,BSE,PFC
13,2,11,15.384615384615385,-1.4477683420558887,-1.2977683420558885,4.9815789473684315,-2.616740576496674,0.3461335200476307,-1.4477683420558887,-17.67103498374375,-16.930912552009858,1.8461538461538463,2,11,0,MACD_ONLY,BSE,PINELABS
8,2,6,25.0,-0.7268613607188709,-0.5768613607188708,4.98157894736842,-2.629674796747968,0.6314569078438867,-0.7268613607188709,-6.0741513081770115,-7.683399239939015,1.875,2,6,0,MACD_ONLY,BSE,PWL
24,8,16,33.33333333333333,-0.10482808039955253,0.04517191960044751,3.693683995942296,-2.0040841185704767,0.9215391613843582,-0.10482808039955253,-3.490095949569638,-13.479707461903857,7.5,5,10,9,MACD_ONLY,BSE,RELIANCE
14,8,6,57.14285714285714,1.6028228614677817,1.7528228614677814,4.784818056349108,-2.639837398373986,2.4167236256275118,1.6028228614677817,23.771414431464443,-7.741185962499985,2.2857142857142856,7,6,1,MACD_ONLY,BSE,RUBICON
33,10,23,30.303030303030305,-0.3213541058855522,-0.17135410588555208,4.955263157894743,-2.615535524920464,0.8237174460203316,-0.3213541058855522,-11.834005387997648,-31.61008005562088,2.727272727272727,10,23,0,MACD_ONLY,BSE,SAMMAANCAP
41,14,27,34.146341463414636,-0.18716335126485217,-0.037163351264852124,4.501617432968257,-2.6183830171635014,0.891455523114586,-0.18716335126485217,-9.58769200088858,-16.70004212779068,3.8780487804878048,12,27,2,MACD_ONLY,BSE,SBFC
25,10,15,40.0,-0.019710908728854015,0.1302890912711461,3.8332096453901796,-2.588324611474876,0.987307807373755,-0.019710908728854015,-1.822894696086852,-12.456550838289736,6.24,6,14,5,MACD_ONLY,BSE,SBIN
8,3,5,37.5,0.19298780487805456,0.34298780487805464,4.850000000000004,-2.601219512195115,1.1187060478199757,0.19298780487805456,1.0352294918339222,-7.625576322404792,2.25,3,5,0,MACD_ONLY,BSE,SHADOWFAX
27,9,18,33.33333333333333,-0.0809418532781806,0.06905814672181948,4.996198830409354,-2.619512195121948,0.9536506147429411,-0.0809418532781806,-3.8268596218285045,-8.448606708107341,2.3703703703703702,9,18,0,MACD_ONLY,BSE,SHUKRAPHAR
30,11,19,36.666666666666664,0.1729567821994036,0.3229567821994036,4.993540669856461,-2.617907573812578,1.1043160036802246,0.1729567821994036,3.249322115388198,-19.132243369381563,2.7666666666666666,11,19,0,MACD_ONLY,BSE,SWIGGY
23,12,11,52.17391304347826,1.0708865836809902,1.2208865836809903,4.3590535686763605,-2.5162046726775964,1.8898824954364362,1.0708865836809902,25.96793493971381,-9.912439366839553,5.217391304347826,9,10,4,MACD_ONLY,BSE,TATASTEEL
13,8,5,61.53846153846154,2.0806704848425075,2.230670484842508,5.014473684210536,-2.613414634146337,3.0699904216911964,2.0806704848425075,29.5645865962487,-5.170415243902415,3.230769230769231,8,5,0,MACD_ONLY,BSE,TENNIND
33,10,23,30.303030303030305,-0.32932858754424504,-0.17932858754424497,4.928947368421055,-2.615535524920463,0.8193429508210731,-0.32932858754424504,-12.054734914102372,-27.8812407327539,2.1818181818181817,10,23,0,MACD_ONLY,BSE,TFCILTD
30,12,18,40.0,0.3581074561253162,0.5081074561253162,4.682795976266005,-2.5250182239684764,1.236372852497999,0.3581074561253162,9.209248588991725,-10.548235876859735,3.2333333333333334,11,17,2,MACD_ONLY,BSE,UJJIVANSFB
11,2,9,18.181818181818183,-1.6587653798931319,-1.508765379893132,2.710326995953621,-2.6296747967479654,0.22903778396269087,-1.6587653798931319,-17.04742202978844,-14.789339527260859,2.6363636363636362,1,9,1,MACD_ONLY,BSE,URBANCO
34,12,22,35.294117647058826,0.12306733698049221,0.2730673369804923,4.981578947368431,-2.5270299050492935,1.075264236071546,0.12306733698049221,2.0265183684397448,-19.9029217214174,3.264705882352941,12,21,1,MACD_ONLY,BSE,VEDL
36,8,28,22.22222222222222,-0.8695521392897957,-0.7195521392897957,4.915789473684217,-2.5225068858538,0.5567918510240665,-0.8695521392897957,-28.236408803639346,-34.51130121391478,2.5555555555555554,8,27,1,MACD_ONLY,BSE,VIYASH
25,6,19,24.0,-0.7802952503209203,-0.6302952503209203,5.069298245614042,-2.6275353016688032,0.6092519571151065,-0.7802952503209203,-18.87764036991323,-24.044273266653672,3.76,6,19,0,MACD_ONLY,BSE,VMM
27,7,20,25.925925925925924,-0.6589621071649276,-0.5089621071649276,4.925187969924814,-2.613414634146337,0.6596028685806924,-0.6589621071649276,-17.55986310429781,-26.578118942391317,2.6296296296296298,7,20,0,MACD_ONLY,BSE,WELSPUNLIV
32,12,20,37.5,0.1523118653246014,0.3023118653246015,4.619149983908069,-2.52779100582548,1.0964078849706083,0.1523118653246014,2.975999959514408,-16.871852653728748,2.875,10,19,3,MACD_ONLY,BSE,ZEEL
31,11,20,35.483870967741936,0.03677763648823834,0.1867776364882384,4.871938749393679,-2.622560975609754,1.0217365152181126,0.03677763648823834,-0.8350435788096355,-23.512209793276085,3.3870967741935485,10,20,1,MACD_ONLY,NSE,ADANIPOWER
32,15,17,46.875,0.5351952262217725,0.6851952262217724,4.108497783419453,-2.617718794835005,1.3848489418228964,0.5351952262217725,16.395512056100902,-12.401717605698192,5.34375,10,17,5,MACD_ONLY,NSE,ASHOKLEY
32,11,21,34.375,-0.005383504492939478,0.14461649550706074,4.9935406698564595,-2.623867595818816,0.9968735330125326,-0.005383504492939478,-2.2116353017256674,-13.515594904943551,4.125,11,21,0,MACD_ONLY,NSE,CANBK
32,16,16,50.0,1.189257060333766,1.3392570603337661,4.99802631578948,-2.619512195121948,1.90799887288053,1.189257060333766,42.706445133846586,-12.738115822176322,2.65625,16,16,0,MACD_ONLY,NSE,CUPID
38,13,25,34.21052631578947,-0.14570929471624758,0.004290705283752463,4.42290486575063,-2.521388658159024,0.9121602584940605,-0.14570929471624758,-7.420298625029487,-21.210389702676345,3.3684210526315788,11,24,3,MACD_ONLY,NSE,ETERNAL
27,7,20,25.925925925925924,-0.6462439975276945,-0.4962439975276945,5.000375939849626,-2.622560975609756,0.6673368494474972,-0.6462439975276945,-17.301012837274033,-20.566842207793822,2.8518518518518516,7,20,0,MACD_ONLY,NSE,FCL
20,8,12,40.0,0.038274969496085554,0.18827496949608558,4.03257766764265,-2.6245934959349575,1.0243053318259043,0.038274969496085554,-0.39300766786025676,-10.073498549861071,4.9,6,12,2,MACD_ONLY,NSE,GMRAIRPORT
16,3,13,18.75,-1.0677668799544737,-0.9177668799544736,5.025438596491234,-2.473891220672713,0.4687823738971548,-1.0677668799544737,-16.367702803636785,-16.98291067878477,2.5625,3,12,1,MACD_ONLY,NSE,GROWW
27,10,17,37.03703703703704,-0.2961848357506336,-0.1461848357506335,2.889841304023587,-2.170317859147234,0.7832523896262691,-0.2961848357506336,-8.667240683501964,-14.052672847852,7.185185185185185,5,12,10,MACD_ONLY,NSE,HDFCBANK
31,13,18,41.935483870967744,0.574253592281257,0.7242535922812573,4.991700404858305,-2.616124661246611,1.3780371449678757,0.574253592281257,16.88984200815873,-12.90206181078235,1.903225806451613,13,18,0,MACD_ONLY,NSE,HFCL
26,8,18,30.76923076923077,-0.35756697760835376,-0.20756697760835374,4.739431713016748,-2.6228997289972877,0.8030860163607452,-0.35756697760835376,-10.247553483879235,-23.607936787236415,3.0,7,18,1,MACD_ONLY,NSE,HINDCOPPER
29,15,14,51.724137931034484,1.1865683135409477,1.3365683135409478,4.734845080975911,-2.615156794425084,1.9398639163281515,1.1865683135409477,38.03322967971114,-11.224389251466649,3.7241379310344827,14,14,1,MACD_ONLY,NSE,IDBI
25,5,20,20.0,-1.29487317116262,-1.14487317116262,3.4357984595168625,-2.4775410788324903,0.346694398820618,-1.29487317116262,-28.360274647434082,-27.386510910118933,5.52,2,18,5,MACD_ONLY,NSE,IDFCFIRSTB
32,13,19,40.625,0.4589537869062924,0.6089537869062924,4.951214574898788,-2.614698331193837,1.295626761136586,0.4589537869062924,13.294119055629405,-10.073498549861071,2.5625,13,19,0,MACD_ONLY,NSE,IFCI
30,11,19,36.666666666666664,0.1776636713735592,0.32766367137355906,5.017464114832544,-2.6243260590500634,1.1068928098366122,0.1776636713735592,3.378918289645827,-12.738115822176354,3.2,11,19,0,MACD_ONLY,NSE,INOXWIND
25,11,14,44.0,0.6179174302993741,0.7679174302993742,3.755235505500893,-1.8471182002161055,1.5973759462433736,0.6179174302993741,15.219332392209317,-10.946904202065,7.6,8,8,9,MACD_ONLY,NSE,ITC
32,11,21,34.375,0.0072528883183580195,0.15725288831835815,5.0413875598086175,-2.6296747967479686,1.0042028087687147,0.0072528883183580195,-1.8431512910529357,-20.01025379628112,2.375,11,21,0,MACD_ONLY,NSE,JINDWORLD
37,9,28,24.324324324324326,-0.6183508655436868,-0.4683508655436869,4.996198830409358,-2.4230275535285943,0.6627745731958007,-0.6183508655436868,-22.00798685227563,-32.28962099932908,4.945945945945946,9,25,3,MACD_ONLY,NSE,JIOFIN
8,3,5,37.5,0.2258825417201613,0.37588254172016167,4.937719298245622,-2.601219512195115,1.13893947245047,0.2258825417201613,1.2888128803635324,-10.01717268176493,2.5,3,5,0,MACD_ONLY,NSE,LENSKART
27,9,18,33.33333333333333,-0.36872975251422574,-0.21872975251422566,3.878910041460366,-2.492549649501522,0.778100857937995,-0.36872975251422574,-10.701679108555906,-18.14764412415024,5.592592592592593,6,17,4,MACD_ONLY,NSE,LICI
33,12,21,36.36363636363637,0.07548195982472787,0.22548195982472788,4.7840997797619,-2.615156794425085,1.045356557032779,0.07548195982472787,0.41315323247710367,-25.72555403854171,3.303030303030303,11,21,1,MACD_ONLY,NSE,MAHABANK
8,3,5,37.5,0.21826059050064356,0.36826059050064364,4.937719298245614,-2.613414634146339,1.1336247758921345,0.21826059050064356,1.2254098902158672,-5.712063229529352,2.125,3,5,0,MACD_ONLY,NSE,MEESHO
26,9,17,34.61538461538461,0.02564431717191818,0.17564431717191825,5.025438596491233,-2.621305595408895,1.0149622846146875,0.02564431717191818,-1.0229391060379789,-21.275238920093,3.3846153846153846,9,17,0,MACD_ONLY,NSE,MOREPENLAB
31,10,21,32.25806451612903,-0.20139123774481402,-0.051391237744814085,4.873613992259363,-2.618060394889661,0.8864457719434559,-0.20139123774481402,-7.811059723648361,-24.916136880323016,3.3870967741935485,9,21,1,MACD_ONLY,NSE,MOTHERSON
31,7,24,22.58064516129032,-0.9589589196726187,-0.8089589196726191,4.398872241321106,-2.5216596749624554,0.5087936395452565,-0.9589589196726187,-26.834472641382114,-29.99369756554223,3.935483870967742,6,23,2,MACD_ONLY,NSE,NMDC
13,3,10,23.076923076923077,-0.855292781672753,-0.7052927816727531,5.025438596491241,-2.6195121951219513,0.5755390571400583,-0.855292781672753,-11.161371242879836,-16.930912552009868,2.6153846153846154,3,10,0,MACD_ONLY,NSE,PINELABS
29,14,15,48.275862068965516,1.139212253423667,1.2892122534236674,5.037969924812037,-2.4996282398721443,1.8811218357008213,1.139212253423667,36.09717246318726,-7.741185962500008,4.310344827586207,14,14,1,MACD_ONLY,NSE,PNB
11,4,7,36.36363636363637,0.14174932897654466,0.2917493289765448,4.98157894736842,-2.6238675958188122,1.0848933634797449,0.14174932897654466,0.8366802665451534,-7.741185962499997,1.5454545454545454,4,7,0,MACD_ONLY,NSE,PWL
30,9,21,30.0,-0.5014395291874647,-0.3514395291874646,4.430567423033649,-2.615156794425085,0.7260805982721195,-0.5014395291874647,-15.410201495319086,-18.07159984841079,3.2333333333333334,8,21,1,MACD_ONLY,NSE,SAIL
33,13,20,39.39393939393939,0.2315245887831691,0.3815245887831692,4.617735025560271,-2.6195121951219473,1.1458346222642588,0.2315245887831691,5.65327087836458,-12.902061810782328,3.272727272727273,12,20,1,MACD_ONLY,NSE,SWIGGY
27,9,18,33.33333333333333,-0.14589152083636717,0.004108479163632871,4.3995309609069135,-2.4186027617080073,0.9095191303345703,-0.14589152083636717,-5.269468768269137,-16.00152244667553,4.814814814814815,7,16,4,MACD_ONLY,NSE,TATASTEEL
33,10,23,30.303030303030305,-0.3293285875442444,-0.17932858754424438,4.928947368421055,-2.6155355249204626,0.8193429508210732,-0.3293285875442444,-12.054734914102339,-30.54864763066615,2.0303030303030303,10,23,0,MACD_ONLY,NSE,TFCILTD
30,12,18,40.0,0.3270562728140176,0.47705627281401786,4.605716686302415,-2.525384002844914,1.2158459020130403,0.3270562728140176,8.23034740753581,-12.401717605698204,3.4,11,17,2,MACD_ONLY,NSE,UJJIVANSFB
11,3,8,27.27272727272727,-0.9426682403221727,-0.7926682403221725,3.5695660456479743,-2.634756097560978,0.5080497843261982,-0.9426682403221727,-10.3323863711984,-10.073498549861071,3.0,2,8,1,MACD_ONLY,NSE,URBANCO
33,11,22,33.33333333333333,-0.015158553203119375,0.13484144679688068,4.969617224880381,-2.50754644224487,0.9909322398095554,-0.015158553203119375,-2.5166173331820474,-22.477738668795055,3.272727272727273,11,21,1,MACD_ONLY,NSE,VEDL
24,6,18,25.0,-0.6998502353444568,-0.5498502353444567,5.069298245614042,-2.6228997289972895,0.6442358673456912,-0.6998502353444568,-16.617184402250395,-20.673284612710987,3.875,6,18,0,MACD_ONLY,NSE,VMM
34,11,23,32.35294117647059,-0.26633561265112926,-0.11633561265112924,4.508656115891395,-2.5500273089105976,0.845604196873467,-0.26633561265112926,-10.38373950770306,-15.233234052127042,2.9705882352941178,9,22,3,MACD_ONLY,NSE,ZEEL
15,3,12,20.0,-1.1161959777492498,-0.9661959777492497,4.937719298245614,-2.629674796747966,0.4694229971280035,-1.1161959777492498,-16.070782867032886,-19.23345203588437,2.8,3,12,0,MACD_RSI,BSE,ADANIPOWER
15,5,10,33.33333333333333,-0.13245614035088088,0.0175438596491191,4.9026315789473704,-2.6500000000000066,0.9250248262164827,-0.13245614035088088,-2.8840905570809983,-13.119937274952276,3.3333333333333335,5,10,0,MACD_RSI,BSE,ASTERDM
5,1,4,20.0,-1.1500000000000008,-1.0000000000000009,4.850000000000004,-2.650000000000002,0.45754716981132076,-1.1500000000000008,-5.830067694416674,-7.741185962499985,1.4,1,4,0,MACD_RSI,BSE,AYE
12,6,6,50.0,1.0385128673796642,1.1885128673796643,4.575327749726472,-2.4983020149671424,1.8313749587984245,1.0385128673796642,12.343165347627561,-5.229774999999992,6.75,5,5,2,MACD_RSI,BSE,BAJFINANCE
19,3,16,15.789473684210526,-1.6749807561755756,-1.524980756175576,3.423495861294525,-2.6309451219512194,0.24398284427789943,-1.6749807561755756,-27.849235007394412,-25.88519261160186,2.8421052631578947,2,16,1,MACD_RSI,BSE,CGCL
15,3,12,20.0,-1.48263721548742,-1.3326372154874202,1.8644452307379638,-2.319407827043766,0.20096134118792713,-1.48263721548742,-20.279234402889323,-21.86192461696801,7.866666666666666,0,8,7,MACD_RSI,BSE,COALINDIA
13,4,9,30.76923076923077,-0.2877505677890737,-0.13775056778907344,4.9815789473684315,-2.6296747967479646,0.8419425437918522,-0.2877505677890737,-4.4368512288644695,-12.511349747338475,2.0,4,9,0,MACD_RSI,BSE,CUPID
12,3,9,25.0,-0.7327449721865609,-0.5827449721865606,4.937719298245614,-2.622899728997286,0.6275140504047233,-0.7327449721865609,-9.028510708090353,-15.21015717279658,2.6666666666666665,3,9,0,MACD_RSI,BSE,EPL
18,5,13,27.77777777777778,-0.9492081641496123,-0.7992081641496126,3.4118749993052964,-2.6265478424015005,0.49961382539203963,-0.9492081641496123,-16.397446658282167,-14.12167093814296,3.6666666666666665,3,13,2,MACD_RSI,BSE,ETERNAL
9,2,7,22.22222222222222,-1.1890451222082499,-1.03904512220825,3.771857925672623,-2.6064459930313566,0.4134648083753163,-1.1890451222082499,-10.499867124068318,-12.847507625989484,5.0,1,7,1,MACD_RSI,BSE,GMRAIRPORT
7,1,6,14.285714285714285,-1.5611498257839684,-1.4111498257839685,4.850000000000004,-2.6296747967479637,0.30738908641212004,-1.5611498257839684,-10.64311017476719,-8.21069355394679,1.4285714285714286,1,6,0,MACD_RSI,BSE,GROWW
11,2,9,18.181818181818183,-1.2163437974092668,-1.0663437974092667,5.1131578947368475,-2.6228997289972917,0.4332065375506754,-1.2163437974092668,-13.018775211859046,-19.182863545797012,2.6363636363636362,2,9,0,MACD_RSI,BSE,HINDCOPPER
15,5,10,33.33333333333333,-0.34483531410219087,-0.19483531410219074,4.192323325986101,-2.613414634146337,0.8020777245237072,-0.34483531410219087,-5.838935110691523,-19.54378156264208,4.4,4,10,1,MACD_RSI,BSE,ICICIPRULI
15,3,12,20.0,-1.1262765013917075,-0.9762765013917077,4.1693839089874585,-2.450191603986499,0.4254140678430829,-1.1262765013917075,-16.088623013030524,-17.17266425875925,5.266666666666667,2,10,3,MACD_RSI,BSE,IDFCFIRSTB
13,3,10,23.076923076923077,-1.0543827949885067,-0.9043827949885068,4.183040408708337,-2.6256097560975595,0.477950738756271,-1.0543827949885067,-13.356913772883406,-19.23345203588438,4.769230769230769,2,10,1,MACD_RSI,BSE,INFY
14,6,8,42.857142857142854,0.7032000733541205,0.8532000733541203,5.113157894736843,-2.604268292682922,1.4725320090204468,0.7032000733541205,9.209840286731662,-8.161338786553573,3.2857142857142856,6,8,0,MACD_RSI,BSE,INOXWIND
17,8,9,47.05882352941176,0.6732625058765561,0.8232625058765561,4.350957215231577,-2.5957994579945733,1.4899138347298229,0.6732625058765561,10.851125964744025,-7.5677171872264415,3.764705882352941,7,9,1,MACD_RSI,BSE,IOC
17,7,10,41.17647058823529,0.5252624027788324,0.6752624027788325,5.000375939849632,-2.607317073170727,1.342476982915666,0.5252624027788324,8.043030648414963,-12.291948083878312,2.235294117647059,7,10,0,MACD_RSI,BSE,IXIGO
17,7,10,41.17647058823529,0.5133693271917298,0.6633693271917299,4.962781954887224,-2.601219512195116,1.3355071927357116,0.5133693271917298,7.840041432234979,-12.574042477701774,3.9411764705882355,7,10,0,MACD_RSI,BSE,JIOFIN
14,4,10,28.57142857142857,-0.44777186869612756,-0.2977718686961275,4.981578947368425,-2.6195121951219487,0.7606880329314921,-0.44777186869612756,-6.852697748159519,-12.73811582217631,3.857142857142857,4,10,0,MACD_RSI,BSE,JSWENERGY
13,6,7,46.15384615384615,0.5891378278152802,0.7391378278152805,4.3071563505103345,-2.597735191637623,1.4211796153518146,0.5891378278152802,7.08417113841826,-5.356965660287161,3.6923076923076925,4,7,2,MACD_RSI,BSE,KALYANKJIL
1,0,1,0.0,-2.650000000000002,-2.500000000000002,0.0,-2.650000000000002,0.0,-2.650000000000002,-2.649999999999997,0.0,5.0,0,1,0,MACD_RSI,BSE,LENSKART
16,3,13,18.75,-1.2044367779204068,-1.054436777920407,4.937719298245622,-2.621857410881798,0.4346055126725194,-1.2044367779204068,-18.192522362697893,-19.90292172141741,2.4375,3,13,0,MACD_RSI,BSE,LLOYDSENGG
19,4,15,21.052631578947366,-1.0347375177352864,-0.8847375177352866,4.915789473684212,-2.6215447154471523,0.5000399898801126,-1.0347375177352864,-18.659790626978868,-22.025494295799884,1.894736842105263,4,15,0,MACD_RSI,BSE,MAHABANK
3,1,2,33.33333333333333,-0.041955498502353215,0.10804450149764684,5.113157894736836,-2.6195121951219478,0.9759752033715575,-0.041955498502353215,-0.3216288443998683,-2.649999999999997,1.0,1,2,0,MACD_RSI,BSE,MEESHO
16,4,12,25.0,-0.7192394094993566,-0.5692394094993565,4.98157894736842,-2.6195121951219487,0.6339066941095761,-0.7192394094993566,-11.66880006307256,-19.392337400524738,2.375,4,12,0,MACD_RSI,BSE,MOTHERSON
17,4,13,23.52941176470588,-0.9752114115297921,-0.825211411529792,3.7644750510742897,-2.433576476946433,0.47596614558362293,-0.9752114115297921,-15.891871856189477,-15.803263611246898,4.117647058823529,2,12,3,MACD_RSI,BSE,NMDC
12,3,9,25.0,-0.7158964484381661,-0.5658964484381662,5.025438596491234,-2.629674796747966,0.6370164861837708,-0.7158964484381661,-8.857273465774451,-13.290849252670789,2.25,3,9,0,MACD_RSI,BSE,NORTHARC
15,5,10,33.33333333333333,-0.6533289168579219,-0.5033289168579221,2.878087621120372,-2.4190371858470696,0.5948828810815816,-0.6533289168579219,-9.873283332079364,-14.25743601179219,5.6,2,9,4,MACD_RSI,BSE,NTPC
19,3,16,15.789473684210526,-1.3076247967664572,-1.1576247967664572,5.025438596491225,-2.4950741830022727,0.3776519925785495,-1.3076247967664572,-22.6907810960553,-25.539136233754313,3.4210526315789473,3,15,1,MACD_RSI,BSE,PFC
4,1,3,25.0,-0.6787227214377383,-0.5287227214377382,5.113157894736836,-2.6093495934959297,0.6531842146259875,-0.6787227214377383,-2.902326185416193,-5.1704152439024265,2.0,1,3,0,MACD_RSI,BSE,PINELABS
4,3,1,75.0,3.121822849807452,3.2718228498074513,5.025438596491234,-2.5890243902438934,5.823164836254581,3.121822849807452,12.847124003269306,-2.589024390243877,2.0,3,1,0,MACD_RSI,BSE,PWL
12,2,10,16.666666666666664,-0.857883959986145,-0.7078839599861452,4.98157894736842,-2.0257765414570583,0.4918191957919874,-0.857883959986145,-10.2218001132779,-11.403087889843967,6.833333333333333,2,7,3,MACD_RSI,BSE,RELIANCE
8,0,8,0.0,-2.650000000000005,-2.5000000000000053,0.0,-2.650000000000005,0.0,-2.650000000000005,-19.334534036400598,-17.138709847355514,2.125,0,8,0,MACD_RSI,BSE,RUBICON
14,2,12,14.285714285714285,-1.5480836236933766,-1.3980836236933774,4.850000000000004,-2.6144308943089403,0.3091813729301102,-1.5480836236933766,-20.003331699446324,-21.275238920092974,2.5,2,12,0,MACD_RSI,BSE,SAMMAANCAP
18,4,14,22.22222222222222,-0.9483882470403664,-0.7983882470403663,4.915789473684217,-2.623867595818819,0.5352828322715694,-0.9483882470403664,-16.49790091531067,-14.278551711449804,2.888888888888889,4,14,0,MACD_RSI,BSE,SBFC
12,7,5,58.333333333333336,1.4392063420661498,1.5892063420661497,4.280171276493367,-2.5381445661319533,2.3608741074282795,1.4392063420661498,17.853094471976895,-8.62924623171507,8.25,5,4,3,MACD_RSI,BSE,SBIN
1,0,1,0.0,-2.650000000000002,-2.500000000000002,0.0,-2.650000000000002,0.0,-2.650000000000002,-2.649999999999997,0.0,1.0,0,1,0,MACD_RSI,BSE,SHADOWFAX
9,4,5,44.44444444444444,0.7553630009984306,0.9053630009984308,4.98157894736842,-2.625609756097561,1.5178429119710561,0.7553630009984306,6.3346217595467325,-5.1704152439024265,1.5555555555555556,4,5,0,MACD_RSI,BSE,SHUKRAPHAR
15,7,8,46.666666666666664,0.9405006418485279,1.0905006418485277,5.000375939849626,-2.6118902439024327,1.6751580421814474,0.9405006418485279,13.862567309031682,-7.567717187226453,2.066666666666667,7,8,0,MACD_RSI,BSE,SWIGGY
9,4,5,44.44444444444444,0.5334734555002226,0.6834734555002225,4.175365929616942,-2.380040523793153,1.4034604496439471,0.5334734555002226,4.3632102264266726,-5.543192676131259,4.444444444444445,3,4,2,MACD_RSI,BSE,TATASTEEL
5,2,3,40.0,0.402631578947369,0.552631578947369,4.9815789473684315,-2.6500000000000057,1.253227408142999,0.402631578947369,1.6794962852949125,-5.229774999999992,2.2,2,3,0,MACD_RSI,BSE,TENNIND
15,4,11,26.666666666666668,-0.6161959777492478,-0.46619597774924776,4.915789473684212,-2.6278270509977784,0.6802425631221466,-0.6161959777492478,-9.604741485448354,-14.723072089147172,2.466666666666667,4,11,0,MACD_RSI,BSE,TFCILTD
15,7,8,46.666666666666664,0.7757142704021085,0.9257142704021085,4.4129885908921,-2.406900760026634,1.6042892507906554,0.7757142704021085,11.261114268847772,-7.9226791138000685,3.6666666666666665,6,7,2,MACD_RSI,BSE,UJJIVANSFB
7,2,5,28.57142857142857,-0.39711168164312605,-0.247111681643126,5.1131578947368475,-2.601219512195115,0.7862708811409707,-0.39711168164312605,-3.153998354357279,-7.567717187226453,2.142857142857143,2,5,0,MACD_RSI,BSE,URBANCO
17,5,12,29.411764705882355,-0.38805029071962105,-0.23805029071962092,4.955263157894747,-2.6144308943089403,0.7897294156638608,-0.38805029071962105,-7.326726880078038,-14.890830352042661,3.411764705882353,5,12,0,MACD_RSI,BSE,VEDL
16,4,12,25.0,-0.7445121951219484,-0.5945121951219483,4.850000000000004,-2.6093495934959323,0.6195669107337604,-0.7445121951219484,-12.000398267868306,-21.127217421760257,1.8125,4,12,0,MACD_RSI,BSE,VIYASH
13,4,9,30.76923076923077,-0.25812678976991676,-0.10812678976991683,5.047368421052639,-2.6161246612466083,0.8574801067515762,-0.25812678976991676,-4.076951086809633,-12.511349747338475,4.076923076923077,4,9,0,MACD_RSI,BSE,VMM
12,3,9,25.0,-0.71081514762516,-0.5608151476251599,5.025438596491225,-2.622899728997288,0.6386619283653676,-0.71081514762516,-8.800185809634197,-14.776452241075056,2.0,3,9,0,MACD_RSI,BSE,WELSPUNLIV
14,6,8,42.857142857142854,0.3462418897462509,0.4962418897462509,4.300580669570522,-2.6195121951219518,1.2313115045558056,0.3462418897462509,4.082448283374385,-7.754731986998731,3.2142857142857144,4,8,2,MACD_RSI,BSE,ZEEL
14,4,10,28.57142857142857,-0.47092426187419567,-0.32092426187419554,4.915789473684212,-2.6256097560975586,0.7488987214902104,-0.47092426187419567,-7.144059050280804,-17.03487625668658,3.142857142857143,4,10,0,MACD_RSI,NSE,ADANIPOWER
15,8,7,53.333333333333336,1.1208844407031253,1.2708844407031255,4.389920521440308,-2.615156794425083,1.9184517101224745,1.1208844407031253,17.093955356966806,-5.229775000000004,5.066666666666666,6,7,2,MACD_RSI,NSE,ASHOKLEY
16,7,9,43.75,0.7098196110896065,0.8598196110896067,4.757560490331145,-2.4384232949871456,1.5175071667909978,0.7098196110896065,10.837526594076309,-13.01106775513583,5.625,6,8,2,MACD_RSI,NSE,CANBK
13,3,10,23.076923076923077,-0.8646736447121554,-0.7146736447121552,5.025438596491225,-2.6317073170731695,0.5728720550217061,-0.8646736447121554,-11.272555718931443,-12.511349747338485,1.9230769230769231,3,10,0,MACD_RSI,NSE,CUPID
19,5,14,26.31578947368421,-1.004684982402764,-0.8546849824027639,3.5290263351621673,-2.623867595818811,0.4803468552607699,-1.004684982402764,-18.089554026118993,-15.85983978029686,3.526315789473684,3,14,2,MACD_RSI,NSE,ETERNAL
10,4,6,40.0,0.44114249037227377,0.5911424903722742,5.047368421052633,-2.629674796747966,1.2795925507074237,0.44114249037227377,3.7765659293382825,-5.534583379502611,2.0,4,6,0,MACD_RSI,NSE,FCL
8,2,6,25.0,-0.9552375122286167,-0.8052375122286168,4.007098731573327,-2.6093495934959314,0.5118898519847536,-0.9552375122286167,-7.70016544442329,-10.531136939683961,5.75,1,6,1,MACD_RSI,NSE,GMRAIRPORT
7,2,5,28.57142857142857,-0.4897212543553947,-0.33972125435539463,4.850000000000004,-2.625609756097554,0.7388759869948933,-0.4897212543553947,-3.7589121913131796,-5.712063229529307,1.5714285714285714,2,5,0,MACD_RSI,NSE,GROWW
15,9,6,60.0,1.140220601849307,1.290220601849307,3.3599407977436937,-2.1893596919922724,2.3020023685689237,1.140220601849307,17.76074988408183,-5.111018307555004,7.666666666666667,3,5,7,MACD_RSI,NSE,HDFCBANK
13,4,9,30.76923076923077,-0.2736792732299759,-0.12367927322997577,4.981578947368426,-2.6093495934959323,0.8485007502398325,-0.2736792732299759,-4.257169509003367,-16.878881855974694,2.076923076923077,4,9,0,MACD_RSI,NSE,HFCL
10,3,7,30.0,-0.3229781771501881,-0.1729781771501881,5.025438596491234,-2.615156794425083,0.8235679799725837,-0.3229781771501881,-3.767439414261342,-14.723072089147172,3.1,3,7,0,MACD_RSI,NSE,HINDCOPPER
13,5,8,38.46153846153847,0.47480550343667954,0.6248055034366795,4.955263157894737,-2.3254805305996062,1.3317847356415684,0.47480550343667954,5.47533058609182,-10.186044534493766,3.076923076923077,5,7,1,MACD_RSI,NSE,IDBI
15,3,12,20.0,-1.1351145562646323,-0.9851145562646325,4.091262447887776,-2.441708807302734,0.41889336226861984,-1.1351145562646323,-16.194315510991164,-17.195789139378093,5.066666666666666,2,10,3,MACD_RSI,NSE,IDFCFIRSTB
14,2,12,14.285714285714285,-1.537997432605906,-1.3879974326059064,4.9815789473684315,-2.6245934959349624,0.31633971477132417,-1.537997432605906,-19.902921721417442,-21.773896583361918,1.9285714285714286,2,12,0,MACD_RSI,NSE,IFCI
13,6,7,46.15384615384615,0.9564481090155077,1.1064481090155076,5.1131578947368475,-2.6064459930313544,1.6814876573828843,0.9564481090155077,12.112459199919812,-5.475414541502666,3.0,6,7,0,MACD_RSI,NSE,INOXWIND
15,6,9,40.0,0.17510995875934124,0.32510995875934134,3.2348570736184192,-1.8647214511467105,1.1565112746925799,0.17510995875934124,2.030287166748823,-10.155031109294521,7.733333333333333,3,5,7,MACD_RSI,NSE,ITC
19,6,13,31.57894736842105,-0.2101310722248485,-0.06013107222484843,5.025438596491229,-2.6265478424014996,0.8830728917010201,-0.2101310722248485,-5.0505799769164135,-10.938399506923435,2.6315789473684212,6,13,0,MACD_RSI,NSE,JINDWORLD
17,6,11,35.294117647058826,0.06029978101639007,0.21029978101639024,4.937719298245615,-2.600110864745005,1.0358409989071113,0.06029978101639007,-0.06195364970078554,-17.094327512562312,4.235294117647059,6,11,0,MACD_RSI,NSE,JIOFIN
1,1,0,100.0,4.850000000000004,5.000000000000004,4.850000000000004,0.0,inf,4.850000000000004,4.849999999999999,0.0,2.0,1,0,0,MACD_RSI,NSE,LENSKART
16,5,11,31.25,-0.4027745392361051,-0.25277453923610516,4.480145864688364,-2.6222838137472277,0.7765863968723755,-0.4027745392361051,-7.077330314903884,-8.44860670810733,5.25,4,11,1,MACD_RSI,NSE,LICI
18,3,15,16.666666666666664,-1.3616673798316903,-1.2116673798316904,4.937719298245622,-2.6215447154471523,0.3767030384147695,-1.3616673798316903,-22.422308657109024,-22.02549429579984,1.9444444444444444,3,15,0,MACD_RSI,NSE,MAHABANK
3,1,2,33.33333333333333,-0.041955498502353215,0.10804450149764684,5.113157894736836,-2.6195121951219478,0.9759752033715575,-0.041955498502353215,-0.3216288443998683,-2.649999999999997,1.0,1,2,0,MACD_RSI,NSE,MEESHO
13,8,5,61.53846153846154,2.0557371383430474,2.205737138343047,4.981578947368426,-2.6256097560975586,3.0356858239421185,2.0557371383430474,29.159313381170236,-5.1704152439024265,4.230769230769231,8,5,0,MACD_RSI,NSE,MOREPENLAB
16,4,12,25.0,-0.7192394094993552,-0.569239409499355,4.981578947368426,-2.6195121951219487,0.6339066941095769,-0.7192394094993552,-11.668800063072526,-19.392337400524728,3.0,4,12,0,MACD_RSI,NSE,MOTHERSON
16,5,11,31.25,-0.2951024144267739,-0.14510241442677393,4.371340546188419,-2.4162128510700436,0.8223501396659818,-0.2951024144267739,-5.414391117018058,-13.684803862627748,3.875,4,10,2,MACD_RSI,NSE,NMDC
5,2,3,40.0,0.4270218228498102,0.5770218228498103,4.98157894736842,-2.6093495934959297,1.2727511253597485,0.4270218228498102,1.8069109945911377,-2.649999999999997,1.8,2,3,0,MACD_RSI,NSE,PINELABS
15,5,10,33.33333333333333,-0.31860803745550376,-0.1686080374555036,4.271005155926165,-2.6134146341463382,0.8171311777553569,-0.31860803745550376,-5.462716148608937,-7.8650060702896045,5.066666666666666,4,10,1,MACD_RSI,NSE,PNB
5,2,3,40.0,0.4392169448010364,0.5892169448010365,4.9815789473684315,-2.5890243902438934,1.2827428911421348,0.4392169448010364,1.8706782105673447,-2.589024390243888,2.0,2,3,0,MACD_RSI,NSE,PWL
19,5,14,26.31578947368421,-0.9004994120066935,-0.7504994120066933,3.937126624618467,-2.6282229965156794,0.5350066008529668,-0.9004994120066935,-16.53141455126206,-20.135516715954292,4.052631578947368,4,14,1,MACD_RSI,NSE,SAIL
15,6,9,40.0,0.4405006418485257,0.5905006418485258,5.02543859649123,-2.6161246612466096,1.2806317861261138,0.4405006418485257,5.717891535853403,-7.567717187226453,2.3333333333333335,6,9,0,MACD_RSI,NSE,SWIGGY
11,5,6,45.45454545454545,0.6937856487004045,0.8437856487004045,4.313842895089636,-2.3229287232906217,1.5475589255915405,0.6937856487004045,7.207850589445952,-7.6255763224048145,5.181818181818182,4,5,2,MACD_RSI,NSE,TATASTEEL
15,4,11,26.666666666666668,-0.6161959777492486,-0.46619597774924854,4.915789473684218,-2.627827050997782,0.6802425631221466,-0.6161959777492486,-9.604741485448375,-14.723072089147193,2.3333333333333335,4,11,0,MACD_RSI,NSE,TFCILTD
16,8,8,50.0,0.997408945415884,1.1474089454158842,4.417785555769413,-2.4229676649376444,1.8232953000976617,0.997408945415884,16.04726164082151,-5.170415243902438,3.75,7,7,2,MACD_RSI,NSE,UJJIVANSFB
7,2,5,28.57142857142857,-0.3971116816431276,-0.24711168164312758,5.1131578947368475,-2.6012195121951174,0.78627088114097,-0.3971116816431276,-3.1539983543573014,-7.567717187226464,2.7142857142857144,2,5,0,MACD_RSI,NSE,URBANCO
17,4,13,23.52941176470588,-0.8411198368949614,-0.6911198368949614,4.915789473684212,-2.612476547842399,0.5789719370061485,-0.8411198368949614,-14.117374757199673,-21.127217421760225,2.9411764705882355,4,13,0,MACD_RSI,NSE,VEDL
12,4,8,33.33333333333333,-0.04195549850234855,0.10804450149765148,5.113157894736858,-2.6195121951219518,0.9759752033715602,-0.04195549850234855,-1.2803219684584422,-14.776452241075088,5.0,4,8,0,MACD_RSI,NSE,VMM
16,7,9,43.75,0.3991835893030649,0.5491835893030651,4.276008482866932,-2.61612466124661,1.2712637225698564,0.3991835893030649,5.556236529997194,-7.8849564867451765,3.5,5,9,2,MACD_RSI,NSE,ZEEL
35,8,27,22.857142857142858,-0.8922519713918932,-0.7422519713918931,4.9486842105263165,-2.6228997289972886,0.5590289201331585,-0.8922519713918932,-28.1961916674635,-33.28470379583318,2.7714285714285714,8,27,0,RSI_ONLY,BSE,ADANIPOWER
30,9,21,30.0,-0.36352160890030116,-0.21352160890030103,4.937719298245614,-2.635481997677123,0.8029519516350305,-0.36352160890030116,-11.936362813721201,-23.40182110101624,3.2,9,21,0,RSI_ONLY,BSE,ASTERDM
8,3,5,37.5,0.1625000000000002,0.3125000000000003,4.850000000000004,-2.650000000000002,1.0981132075471698,0.1625000000000002,0.7824898979846839,-10.186044534493742,1.5,3,5,0,RSI_ONLY,BSE,AYE
24,10,14,41.66666666666667,0.37436581499077876,0.5243658149907788,4.577990151099818,-2.628222996515678,1.2441839864449995,0.37436581499077876,7.735872366901231,-10.017172681764963,5.125,8,14,2,RSI_ONLY,BSE,BAJFINANCE
38,9,29,23.684210526315788,-1.0115697156963233,-0.8615697156963229,4.186515942940723,-2.6247687132043724,0.49500116408835004,-1.0115697156963233,-33.190686020630054,-36.10367923626845,2.8684210526315788,7,29,2,RSI_ONLY,BSE,CGCL
28,7,21,25.0,-0.7593259730794502,-0.6093259730794502,3.8471580479449883,-2.294820646754264,0.5588175345186288,-0.7593259730794502,-20.102064614802796,-30.554564779228922,6.428571428571429,4,15,9,RSI_ONLY,BSE,COALINDIA
26,9,17,34.61538461538461,-0.17449177376469296,-0.024491773764692956,4.447267667118795,-2.621305595408892,0.8981920413600271,-0.17449177376469296,-5.900070039762451,-25.964442080771942,2.5384615384615383,8,17,1,RSI_ONLY,BSE,CUPID
38,13,25,34.21052631578947,-0.0822775849663038,0.06772241503369619,4.794674526496238,-2.6182926829268265,0.9522353135062871,-0.0822775849663038,-5.338530037929279,-20.310537911770943,2.3157894736842106,12,25,1,RSI_ONLY,BSE,EPL
37,15,22,40.54054054054054,0.13616810821997938,0.28616810821997934,4.177832553121473,-2.6195121951219478,1.0874246741872815,0.13616810821997938,2.8632874330589697,-19.341848428999132,3.108108108108108,12,22,3,RSI_ONLY,BSE,ETERNAL
36,8,28,22.22222222222222,-1.0925138749608505,-0.9425138749608504,4.0020931434074285,-2.54811588020893,0.4487453622937029,-1.0925138749608505,-33.60951278818155,-35.796539220148546,3.861111111111111,5,27,4,RSI_ONLY,BSE,GMRAIRPORT
12,2,10,16.666666666666664,-1.3628262729995695,-1.2128262729995694,4.98157894736842,-2.6317073170731673,0.3785815326081659,-1.3628262729995695,-15.588641747474997,-13.290849252670789,1.6666666666666667,2,10,0,RSI_ONLY,BSE,GROWW
36,9,27,25.0,-0.7904045767443044,-0.6404045767443045,4.693530744513291,-2.618383017163503,0.5975100808077851,-0.7904045767443044,-26.203813605899384,-31.433519358479302,3.111111111111111,8,27,1,RSI_ONLY,BSE,HINDCOPPER
28,11,17,39.285714285714285,0.1272126579270994,0.2772126579270994,4.306985344787012,-2.577346139452845,1.0812955339975943,0.1272126579270994,1.9177520948653548,-16.883213519976614,5.25,8,16,4,RSI_ONLY,BSE,ICICIPRULI
34,8,26,23.52941176470588,-0.862423928373592,-0.7124239283735919,4.697107678697768,-2.573049038241702,0.5616931040402552,-0.862423928373592,-26.709058314934563,-33.79366158365353,4.235294117647059,7,24,3,RSI_ONLY,BSE,IDFCFIRSTB
25,8,17,32.0,-0.4090070196217496,-0.25900701962174955,4.29974940514545,-2.6248923959827852,0.7708550216652765,-0.4090070196217496,-10.95928363960006,-15.103730912350787,4.44,6,17,2,RSI_ONLY,BSE,INFY
24,11,13,45.83333333333333,0.9309798887462598,1.0809798887462598,5.113157894736847,-2.6077861163226976,1.65907709667709,0.9309798887462598,22.756014901113385,-10.362728117284348,3.6666666666666665,11,13,0,RSI_ONLY,BSE,INOXWIND
28,11,17,39.285714285714285,0.3601012547746881,0.5101012547746879,4.354346159255686,-2.224410154007135,1.2666360553930285,0.3601012547746881,8.838677563033603,-8.3912630817078,4.892857142857143,9,14,5,RSI_ONLY,BSE,IOC
30,13,17,43.333333333333336,0.6749893025246083,0.8249893025246083,4.971457489878547,-2.6105451936872273,1.4562869072601847,0.6749893025246083,19.846154667694925,-10.194188472215494,2.033333333333333,13,17,0,RSI_ONLY,BSE,IXIGO
27,12,15,44.44444444444444,0.9934718663173459,1.143471866317346,5.0254385964912345,-2.232101517821765,1.8011505503191974,0.9934718663173459,28.316800393466313,-12.291948083878324,4.62962962962963,12,12,3,RSI_ONLY,BSE,JIOFIN
31,8,23,25.806451612903224,-0.6445339351525914,-0.49453393515259164,5.01447368421053,-2.6128844114528076,0.6675246528627024,-0.6445339351525914,-19.550226139960635,-28.29316893831847,3.4516129032258065,8,23,0,RSI_ONLY,BSE,JSWENERGY
38,13,25,34.21052631578947,-0.11654790952349812,0.03345209047650192,4.680428437077646,-2.6109756097560934,0.9321507172208836,-0.11654790952349812,-6.497010694462202,-21.533523196342507,3.1842105263157894,11,25,2,RSI_ONLY,BSE,KALYANKJIL
12,4,8,33.33333333333333,-0.14491869918698988,0.005081300813009874,4.850000000000004,-2.642378048780487,0.9177339333102583,-0.14491869918698988,-2.448641176322841,-13.065519557434936,3.3333333333333335,4,8,0,RSI_ONLY,BSE,LENSKART
42,9,33,21.428571428571427,-1.0898356338160342,-0.9398356338160342,4.502040754928952,-2.6148928307464847,0.46955243532802504,-1.0898356338160342,-38.044155015170986,-36.3974700006763,2.2142857142857144,8,33,1,RSI_ONLY,BSE,LLOYDSENGG
40,9,31,22.5,-0.8822095600512995,-0.7322095600512994,4.908479532163744,-2.5633773610169577,0.5559237849617199,-0.8822095600512995,-31.195766254877455,-32.63429877872077,2.95,9,30,1,RSI_ONLY,BSE,MAHABANK
15,5,10,33.33333333333333,-0.09865211810012682,0.051347881899873174,4.955263157894742,-2.625609756097561,0.9436404527342519,-0.09865211810012682,-2.3961881748781,-14.776452241075066,1.6,5,10,0,RSI_ONLY,BSE,MEESHO
41,16,25,39.02439024390244,0.34798052537650304,0.497980525376503,4.998026315789482,-2.6280487804878034,1.2171527659054857,0.34798052537650304,12.134468188492708,-17.45708800771749,2.6341463414634148,16,25,0,RSI_ONLY,BSE,MOTHERSON
33,6,27,18.181818181818183,-1.338081044132102,-1.188081044132102,3.615256537229685,-2.438822728879166,0.32941727666111215,-1.338081044132102,-36.5367713842583,-34.809215597594566,4.0,3,25,5,RSI_ONLY,BSE,NMDC
37,12,25,32.432432432432435,-0.11957581187268837,0.030424188127311777,4.981578947368425,-2.5681300963084226,0.931089082353745,-0.11957581187268837,-6.494109299486661,-16.288323074573952,2.8378378378378377,12,24,1,RSI_ONLY,BSE,NORTHARC
34,15,19,44.11764705882353,0.09614147930670741,0.24614147930670752,3.2736966665424094,-2.412454721142531,1.0713143528343385,0.09614147930670741,1.6762048170761101,-27.069862223628473,5.9411764705882355,7,17,10,RSI_ONLY,BSE,NTPC
33,5,28,15.151515151515152,-1.397384160615409,-1.2473841606154088,5.060526315789475,-2.5505824599734237,0.3542976664017562,-1.397384160615409,-37.922158345908784,-42.13531199827734,3.3333333333333335,5,27,1,RSI_ONLY,BSE,PFC
11,5,6,45.45454545454545,0.8714144007468844,1.0214144007468846,5.060526315789483,-2.6195121951219478,1.609881897481138,0.8714144007468844,9.151150120812645,-12.401717605698181,1.8181818181818181,5,6,0,RSI_ONLY,BSE,PINELABS
11,7,4,63.63636363636363,2.2111273194071708,2.3611273194071707,4.962781954887225,-2.6042682926829235,3.3348593328322065,2.2111273194071708,26.30037068603459,-5.111018307554982,2.0,7,4,0,RSI_ONLY,BSE,PWL
24,10,14,41.66666666666667,0.1300708082255798,0.2800708082255799,3.738534052026271,-2.4474029373463426,1.0911082212839371,0.1300708082255798,1.894142025568124,-10.07349854986106,6.666666666666667,5,13,6,RSI_ONLY,BSE,RELIANCE
15,4,11,26.666666666666668,-0.6459349593495953,-0.4959349593495954,4.850000000000004,-2.6444567627494497,0.6669182073533723,-0.6459349593495953,-10.000273271809368,-12.566114354329672,2.1333333333333333,4,11,0,RSI_ONLY,BSE,RUBICON
35,5,30,14.285714285714285,-1.5321749495690435,-1.3821749495690434,4.955263157894737,-2.6134146341463405,0.31601460487429506,-1.5321749495690435,-42.45693162591975,-40.92753099547329,2.2857142857142856,5,30,0,RSI_ONLY,BSE,SAMMAANCAP
30,9,21,30.0,-0.3492939666238751,-0.19929396662387505,4.9377192982456215,-2.615156794425088,0.8091925570371211,-0.3492939666238751,-11.549523141411244,-16.550343090399867,2.566666666666667,9,21,0,RSI_ONLY,BSE,SBFC
21,11,10,52.38095238095239,0.8821270119665263,1.0321270119665262,4.07652185654807,-2.6317073170731717,1.7039030188166626,0.8821270119665263,18.71938882032209,-13.794748990751437,6.9523809523809526,7,10,4,RSI_ONLY,BSE,SBIN
3,1,2,33.33333333333333,-0.15000000000000005,0.0,4.850000000000004,-2.650000000000002,0.9150943396226415,-0.15000000000000005,-0.6334190874999979,-5.229774999999992,1.0,1,2,0,RSI_ONLY,BSE,SHADOWFAX
26,11,15,42.30769230769231,0.6072578256146954,0.7572578256146956,4.9935406698564595,-2.609349593495932,1.4033879682849455,0.6072578256146954,14.959108058704619,-12.511349747338485,1.7692307692307692,11,15,0,RSI_ONLY,BSE,SHUKRAPHAR
32,12,20,37.5,0.25306081514762946,0.4030608151476295,5.025438596491231,-2.6103658536585312,1.155111324211021,0.25306081514762946,6.116937740546913,-13.073402396921619,2.28125,12,20,0,RSI_ONLY,BSE,SWIGGY
24,12,12,50.0,0.9840289182740252,1.1340289182740253,4.242521859685865,-2.2744640231378157,1.8652842236796285,0.9840289182740252,24.72102266493812,-7.683399239939015,5.458333333333333,9,10,5,RSI_ONLY,BSE,TATASTEEL
10,3,7,30.0,-0.335173299101411,-0.18517329910141117,5.025438596491233,-2.632578397212544,0.8181178576777468,-0.335173299101411,-3.8878776400367854,-10.186044534493732,2.8,3,7,0,RSI_ONLY,BSE,TENNIND
28,9,19,32.142857142857146,-0.19802402347331546,-0.04802402347331542,4.937719298245614,-2.6307445442875457,0.889071374363888,-0.19802402347331546,-7.018479442276215,-17.928556928765595,2.5357142857142856,9,19,0,RSI_ONLY,BSE,TFCILTD
44,15,29,34.090909090909086,-0.22314159775339856,-0.07314159775339851,4.420004158785148,-2.6247687132043716,0.8710135244093333,-0.22314159775339856,-11.652315520480217,-25.54247306505113,2.7954545454545454,13,29,2,RSI_ONLY,BSE,UJJIVANSFB
17,6,11,35.294117647058826,0.08408593219059537,0.23408593219059562,5.025438596491234,-2.611197339246116,1.0497668192899803,0.08408593219059537,0.3146307450948349,-10.250403535079522,2.0588235294117645,6,11,0,RSI_ONLY,BSE,URBANCO
30,6,24,20.0,-1.0295005928208962,-0.8795005928208962,4.937719298245622,-2.5213055655875256,0.4895994525256019,-1.0295005928208962,-27.67464177050696,-32.631452803796236,3.566666666666667,6,23,1,RSI_ONLY,BSE,VEDL
43,15,28,34.883720930232556,0.03180732602919894,0.18180732602919905,4.972807017543862,-2.6151567944250855,1.018678407764132,0.03180732602919894,-1.3936637719006661,-18.24373076914615,1.9534883720930232,15,28,0,RSI_ONLY,BSE,VIYASH
26,11,15,42.30769230769231,0.49953539764452465,0.649535397644525,4.761096970929184,-2.6256097560975586,1.32977534224435,0.49953539764452465,11.86740749357078,-12.401717605698181,4.5,10,15,1,RSI_ONLY,BSE,VMM
35,13,22,37.142857142857146,0.2115441041628491,0.36154410416284916,5.011943319838063,-2.625055432372505,1.1282058406426592,0.2115441041628491,5.181002736816875,-19.18286354579697,2.657142857142857,13,22,0,RSI_ONLY,BSE,WELSPUNLIV
32,15,17,46.875,0.7523491454978429,0.9023491454978432,4.5595643559238495,-2.6069583931133393,1.5432333061243064,0.7523491454978429,24.50619825021423,-8.03810756594643,3.375,12,17,3,RSI_ONLY,BSE,ZEEL
35,8,27,22.857142857142858,-0.892251971391892,-0.7422519713918921,4.948684210526319,-2.622899728997288,0.559028920133159,-0.892251971391892,-28.196191667463488,-35.63757238016476,2.7142857142857144,8,27,0,RSI_ONLY,NSE,ADANIPOWER
31,10,21,32.25806451612903,-0.2854680584270993,-0.13546805842709925,4.637366092046721,-2.629674796747966,0.8397500597306524,-0.2854680584270993,-10.120560097928788,-13.182447821792397,3.774193548387097,9,21,1,RSI_ONLY,NSE,ASHOKLEY
33,11,22,33.33333333333333,-0.16278838684180771,-0.012788386841807699,4.599723965528359,-2.5440445630268904,0.9040179626522798,-0.16278838684180771,-7.0189126033786025,-21.403306822449053,4.333333333333333,9,21,3,RSI_ONLY,NSE,CANBK
26,7,19,26.923076923076923,-0.7639873006328085,-0.6139873006328084,4.276792813677435,-2.6211168164313197,0.6011408955238754,-0.7639873006328085,-19.133606495652934,-26.202561790152533,1.9615384615384615,6,19,1,RSI_ONLY,NSE,CUPID
38,15,23,39.473684210526315,0.06345541761632431,0.21345541761632442,4.1753065701564696,-2.6181866383881194,1.0400427471784495,0.06345541761632431,0.1623937350970106,-19.341848428999096,3.0789473684210527,12,23,3,RSI_ONLY,NSE,ETERNAL
32,8,24,25.0,-0.714826700898586,-0.5648267008985858,5.01447368421053,-2.6245934959349575,0.6368571859448056,-0.714826700898586,-21.878057235799243,-29.109833267226616,2.1875,8,24,0,RSI_ONLY,NSE,FCL
36,9,27,25.0,-0.882874741868165,-0.7328747418681653,4.316875016267166,-2.616124661246609,0.5500343160520662,-0.882874741868165,-28.52763321032211,-35.421765625654665,3.5555555555555554,6,27,3,RSI_ONLY,NSE,GMRAIRPORT
13,3,10,23.076923076923077,-0.8802261281722094,-0.7302261281722091,4.937719298245614,-2.6256097560975564,0.5641797247414878,-0.8802261281722094,-11.439255174325968,-14.723072089147182,2.0,3,10,0,RSI_ONLY,NSE,GROWW
24,10,14,41.66666666666667,0.1255917100126839,0.27559171001268384,3.324994182755245,-2.159695770517716,1.0996900013634086,0.1255917100126839,2.015544930861868,-10.104944232483016,7.708333333333333,3,11,10,RSI_ONLY,NSE,HDFCBANK
31,13,18,41.935483870967744,0.49213727922458456,0.6421372792245846,4.7958845814154705,-2.6161246612466114,1.323979117363882,0.49213727922458456,14.044067351294132,-20.39106788060773,2.935483870967742,12,18,1,RSI_ONLY,NSE,HFCL
35,10,25,28.57142857142857,-0.5267463976367092,-0.37674639763670914,4.702119315588583,-2.6182926829268265,0.7183489219902455,-0.5267463976367092,-18.462195348277543,-24.24052546092872,3.1142857142857143,9,25,1,RSI_ONLY,NSE,HINDCOPPER
30,7,23,23.333333333333332,-0.774950563401657,-0.6249505634016572,4.962781954887218,-2.5212169820113153,0.5990804877526096,-0.774950563401657,-22.0084818065177,-21.61903902617952,3.033333333333333,7,22,1,RSI_ONLY,NSE,IDBI
31,8,23,25.806451612903224,-0.8494684565627011,-0.6994684565627013,4.043934943083169,-2.5515218129612647,0.5512733851673001,-0.8494684565627011,-24.303813008267237,-31.951503130809154,4.67741935483871,6,20,5,RSI_ONLY,NSE,IDFCFIRSTB
36,11,25,30.555555555555557,-0.2868385394380236,-0.13683853943802343,5.017464114832543,-2.620731707317073,0.8423922999681628,-0.2868385394380236,-11.786415986839083,-21.58467171122759,1.9444444444444444,11,25,0,RSI_ONLY,NSE,IFCI
23,10,13,43.47826086956522,0.7403555282692429,0.8903555282692429,5.086842105263157,-2.6030956848029985,1.5031930975227195,0.7403555282692429,16.56521948396994,-10.362728117284359,4.086956521739131,10,13,0,RSI_ONLY,NSE,INOXWIND
26,9,17,34.61538461538461,-0.21807288155979154,-0.06807288155979165,2.8468888574588744,-1.8406996845696735,0.8188062759956249,-0.21807288155979154,-6.384705181615901,-15.835824379035179,6.769230769230769,4,10,12,RSI_ONLY,NSE,ITC
33,13,20,39.39393939393939,0.3769965379079643,0.5269965379079645,4.991700404858301,-2.622560975609755,1.2371896376607652,0.3769965379079643,10.707424180888703,-12.56611435432966,2.5757575757575757,13,20,0,RSI_ONLY,NSE,JINDWORLD
27,11,16,40.74074074074074,0.7262260850675828,0.8762260850675827,5.017464114832539,-2.2240000603958254,1.5510370887010816,0.7262260850675828,19.49728445118022,-16.143526320707092,4.777777777777778,11,13,3,RSI_ONLY,NSE,JIOFIN
14,6,8,42.857142857142854,0.5830827067669164,0.7330827067669164,4.89385964912281,-2.6500000000000035,1.385054617676265,0.5830827067669164,7.445171783543447,-12.566114354329649,3.2142857142857144,6,8,0,RSI_ONLY,NSE,LENSKART
30,9,21,30.0,-0.5331737638290688,-0.38317376382906887,4.0717060402291505,-2.5066936798540205,0.6961428468138734,-0.5331737638290688,-16.067160509957855,-20.31051124156169,5.866666666666666,6,20,4,RSI_ONLY,NSE,LICI
39,9,30,23.076923076923077,-0.8418267636869302,-0.6918267636869304,4.908479532163749,-2.566918652442135,0.5736620668707848,-0.8418267636869302,-29.460339237891187,-30.93515540404551,3.076923076923077,9,29,1,RSI_ONLY,NSE,MAHABANK
14,5,9,35.714285714285715,0.07923161562442638,0.22923161562442645,4.955263157894737,-2.629674796747968,1.0468686013999289,0.07923161562442638,0.19796148653548062,-14.829798979034049,1.6428571428571428,5,9,0,RSI_ONLY,NSE,MEESHO
32,14,18,43.75,0.662479104469755,0.812479104469755,4.8821822039448035,-2.619512195121951,1.4496030338631896,0.662479104469755,20.864075997800313,-12.45655083828977,3.0,13,18,1,RSI_ONLY,NSE,MOREPENLAB
41,17,24,41.46341463414634,0.5309073546447935,0.6809073546447935,4.98931888544892,-2.6271341463414632,1.3452304603914347,0.5309073546447935,20.773487309331685,-17.457088007717513,2.731707317073171,17,24,0,RSI_ONLY,NSE,MOTHERSON
36,7,29,19.444444444444446,-1.1929251846881792,-1.0429251846881789,4.053121426546041,-2.459212297744715,0.3978264323014077,-1.1929251846881792,-35.92760233929302,-37.227910480663695,3.361111111111111,5,27,4,RSI_ONLY,NSE,NMDC
11,6,5,54.54545454545454,1.5532325825650646,1.7032325825650645,5.02543859649123,-2.6134146341463325,2.3075275683375582,1.5532325825650646,17.56032963705396,-7.5677171872264415,1.5454545454545454,6,5,0,RSI_ONLY,NSE,PINELABS
33,12,21,36.36363636363637,-0.09485567344170559,0.05514432655829443,4.158358363109138,-2.5252636943279017,0.9409729305722799,-0.09485567344170559,-4.812162099090134,-12.401717605698181,5.090909090909091,8,20,5,RSI_ONLY,NSE,PNB
11,6,5,54.54545454545454,1.5109289298634692,1.660928929863469,4.937719298245622,-2.601219512195115,2.27787894490094,1.5109289298634692,17.04569223123402,-5.111018307554993,2.1818181818181817,6,5,0,RSI_ONLY,NSE,PWL
40,11,29,27.500000000000004,-0.4271301765595533,-0.2771301765595532,4.6994673639960185,-2.3717016574599428,0.7515939370942671,-0.4271301765595533,-17.47580503426107,-28.346800304926113,4.375,10,26,4,RSI_ONLY,NSE,SAIL
31,11,20,35.483870967741936,0.10280549919251841,0.2528054991925185,5.041387559808618,-2.613414634146337,1.0609733035341535,0.10280549919251841,1.1449809496340224,-10.930507706903757,2.5483870967741935,11,20,0,RSI_ONLY,NSE,SWIGGY
25,13,12,52.0,1.1079368966122638,1.2579368966122637,4.279389799597085,-2.3278037482879586,1.9915792384301474,1.1079368966122638,29.81932143529773,-5.1704152439024265,6.28,10,10,5,RSI_ONLY,NSE,TATASTEEL
28,9,19,32.142857142857146,-0.21028791490922155,-0.060287914909221536,4.879239766081877,-2.6211168164313206,0.8817687262454214,-0.21028791490922155,-7.309514341860779,-20.460256976017998,2.25,9,19,0,RSI_ONLY,NSE,TFCILTD
44,15,29,34.090909090909086,-0.08037578528547568,0.0696242147145244,4.6721172086910565,-2.5385618166526482,0.9519611984511408,-0.08037578528547568,-5.9921599667088765,-22.660933472974065,3.1363636363636362,14,28,2,RSI_ONLY,NSE,UJJIVANSFB
17,5,12,29.411764705882355,-0.3689836139847423,-0.21898361398474211,5.007894736842113,-2.6093495934959314,0.7996716163363721,-0.3689836139847423,-7.035938749002179,-14.61621145965556,2.3529411764705883,5,12,0,RSI_ONLY,NSE,URBANCO
29,6,23,20.689655172413794,-0.9805175125954335,-0.8305175125954336,4.937719298245615,-2.5244053762930987,0.5102590489608037,-0.9805175125954335,-25.854682287659823,-32.54947377248689,3.2758620689655173,6,22,1,RSI_ONLY,NSE,VEDL
22,12,10,54.54545454545454,1.5449177266892304,1.6949177266892308,5.0254385964912345,-2.631707317073174,2.2914882200868254,1.5449177266892304,37.94494135334774,-7.683399239939015,5.136363636363637,12,10,0,RSI_ONLY,NSE,VMM
33,16,17,48.484848484848484,0.8605076502771966,1.0105076502771966,4.544690321379641,-2.6069583931133393,1.640745632109765,0.8605076502771966,29.868651233492827,-8.03810756594643,3.4242424242424243,13,17,3,RSI_ONLY,NSE,ZEEL
