variant,direction,signal_date,entry_date,exit_date,entry_price,stop_loss,target,exit_price,exit_reason,holding_days,gross_pnl_pct,net_pnl_pct,regime,rsi,extension_pct,symbol,exchange,data_symbol
BASE_CURRENT,SHORT,2026-03-30,2026-04-01,2026-04-02,158.5,162.46249999999998,150.575,162.46249999999998,STOP_LOSS,2,-2.499999999999986,-2.6499999999999857,BEAR,37.92018520241189,4.825733324354404,GROWW,BSE,GROWW.BO
BASE_CURRENT,LONG,2026-04-08,2026-04-09,2026-04-10,182.0500030517578,177.49875297546387,191.15250320434572,191.15250320434572,TARGET,2,5.000000000000009,4.8500000000000085,BEAR,65.43438873452673,6.458272550444103,GROWW,BSE,GROWW.BO
BASE_CURRENT,LONG,2026-07-15,2026-07-16,2026-07-16,219.60000610351562,214.11000595092773,230.58000640869142,214.11000595092773,STOP_LOSS,1,-2.5000000000000027,-2.6500000000000026,NEUTRAL,64.20438132317543,4.283896299022319,GROWW,BSE,GROWW.BO
EMA_MACD,SHORT,2026-03-30,2026-04-01,2026-04-02,158.5,162.46249999999998,150.575,162.46249999999998,STOP_LOSS,2,-2.499999999999986,-2.6499999999999857,BEAR,37.92018520241189,4.825733324354404,GROWW,BSE,GROWW.BO
EMA_MACD,LONG,2026-04-06,2026-04-07,2026-04-08,167.3000030517578,163.11750297546385,175.6650032043457,175.6650032043457,TARGET,2,5.000000000000003,4.850000000000002,BEAR,57.408548042609375,3.2031628173126445,GROWW,BSE,GROWW.BO
EMA_MACD,LONG,2026-07-13,2026-07-14,2026-07-14,208.35000610351562,203.14125595092773,218.76750640869142,203.14125595092773,STOP_LOSS,1,-2.5000000000000027,-2.6500000000000026,NEUTRAL,59.86049925122192,2.751450138035779,GROWW,BSE,GROWW.BO
EMA_MACD,SHORT,2026-08-31,2026-09-01,2026-09-04,193.25,198.08124999999998,183.58749999999998,194.10000610351562,TIME_EXIT,4,-0.43984791902490294,-0.589847919024903,NEUTRAL,44.9318132482961,1.094142925185655,GROWW,BSE,GROWW.BO
RSI_ZONE,SHORT,2026-03-30,2026-04-01,2026-04-02,158.5,162.46249999999998,150.575,162.46249999999998,STOP_LOSS,2,-2.499999999999986,-2.6499999999999857,BEAR,37.92018520241189,4.825733324354404,GROWW,BSE,GROWW.BO
RSI_ZONE,LONG,2026-07-15,2026-07-16,2026-07-16,219.60000610351562,214.11000595092773,230.58000640869142,214.11000595092773,STOP_LOSS,1,-2.5000000000000027,-2.6500000000000026,NEUTRAL,64.20438132317543,4.283896299022319,GROWW,BSE,GROWW.BO
RSI_ZONE_NO_NEUTRAL,SHORT,2026-03-30,2026-04-01,2026-04-02,158.5,162.46249999999998,150.575,162.46249999999998,STOP_LOSS,2,-2.499999999999986,-2.6499999999999857,BEAR,37.92018520241189,4.825733324354404,GROWW,BSE,GROWW.BO
BASE_CURRENT,LONG,2026-04-10,2026-04-13,2026-04-20,535.8499755859375,522.453726196289,562.6424743652344,522.453726196289,STOP_LOSS,5,-2.5000000000000044,-2.6500000000000044,BEAR,64.3577213349584,5.283200459947015,LENSKART,BSE,LENSKART.BO
EMA_MACD,LONG,2026-02-03,2026-02-04,2026-02-10,451.8999938964844,440.6024940490723,474.4949935913086,474.4949935913086,TARGET,5,5.000000000000007,4.850000000000007,NEUTRAL,58.239849456034804,2.3586770406337503,LENSKART,BSE,LENSKART.BO
EMA_MACD,LONG,2026-04-10,2026-04-13,2026-04-20,535.8499755859375,522.453726196289,562.6424743652344,522.453726196289,STOP_LOSS,5,-2.5000000000000044,-2.6500000000000044,BEAR,64.3577213349584,5.283200459947015,LENSKART,BSE,LENSKART.BO
EMA_MACD,SHORT,2026-06-12,2026-06-15,2026-06-19,507.75,520.4437499999999,482.36249999999995,520.4437499999999,STOP_LOSS,5,-2.4999999999999822,-2.649999999999982,BEAR,42.34390047649965,1.3844769172948026,LENSKART,BSE,LENSKART.BO
EMA_MACD,LONG,2026-06-22,2026-06-23,2026-06-24,521.0999755859375,508.0724761962891,547.1549743652344,508.0724761962891,STOP_LOSS,2,-2.499999999999998,-2.6499999999999977,BEAR,57.54986372965864,1.3755952332317194,LENSKART,BSE,LENSKART.BO
RSI_ZONE,LONG,2026-04-10,2026-04-13,2026-04-20,535.8499755859375,522.453726196289,562.6424743652344,522.453726196289,STOP_LOSS,5,-2.5000000000000044,-2.6500000000000044,BEAR,64.3577213349584,5.283200459947015,LENSKART,BSE,LENSKART.BO
EXT_3,LONG,2026-04-15,2026-04-16,2026-04-20,541.5,527.9625,568.575,527.9625,STOP_LOSS,3,-2.5000000000000044,-2.6500000000000044,BEAR,60.16227785589921,1.093963351597773,LENSKART,BSE,LENSKART.BO
RSI_ZONE_EXT_3,LONG,2026-04-15,2026-04-16,2026-04-20,541.5,527.9625,568.575,527.9625,STOP_LOSS,3,-2.5000000000000044,-2.6500000000000044,BEAR,60.16227785589921,1.093963351597773,LENSKART,BSE,LENSKART.BO
RSI_ZONE_NO_NEUTRAL,LONG,2026-04-10,2026-04-13,2026-04-20,535.8499755859375,522.453726196289,562.6424743652344,522.453726196289,STOP_LOSS,5,-2.5000000000000044,-2.6500000000000044,BEAR,64.3577213349584,5.283200459947015,LENSKART,BSE,LENSKART.BO
RSI_ZONE_EXT_3_NO_NEUTRAL,LONG,2026-04-15,2026-04-16,2026-04-20,541.5,527.9625,568.575,527.9625,STOP_LOSS,3,-2.5000000000000044,-2.6500000000000044,BEAR,60.16227785589921,1.093963351597773,LENSKART,BSE,LENSKART.BO
BASE_CURRENT,SHORT,2025-02-12,2025-02-13,2025-02-13,14.199999809265137,14.554999804496763,13.489999818801879,14.554999804496763,STOP_LOSS,1,-2.499999999999985,-2.649999999999985,NEUTRAL,39.104564079997616,3.522624379021803,CUPID,BSE,CUPID.BO
BASE_CURRENT,LONG,2025-04-17,2025-04-21,2025-04-21,14.961999893188477,14.587949895858765,15.710099887847901,14.587949895858765,STOP_LOSS,1,-2.499999999999998,-2.6499999999999977,NEUTRAL,70.59641689507724,8.304961437653786,CUPID,BSE,CUPID.BO
BASE_CURRENT,LONG,2025-06-27,2025-06-30,2025-07-11,21.399999618530277,20.864999628067018,22.46999959945679,22.46999959945679,TARGET,10,5.000000000000003,4.850000000000002,BULL,65.98504002126299,4.994732098469751,CUPID,BSE,CUPID.BO
BASE_CURRENT,SHORT,2026-03-02,2026-03-04,2026-03-04,75.01000213623047,76.88525218963622,71.25950202941894,76.88525218963622,STOP_LOSS,1,-2.499999999999985,-2.649999999999985,BEAR,37.951099562825526,4.8952980334941705,CUPID,BSE,CUPID.BO
BASE_CURRENT,LONG,2026-03-10,2026-03-11,2026-03-11,91.9499969482422,89.65124702453615,96.54749679565431,89.65124702453615,STOP_LOSS,1,-2.4999999999999996,-2.6499999999999995,BEAR,63.25588846027697,6.869190211933983,CUPID,BSE,CUPID.BO
BASE_CURRENT,LONG,2026-04-06,2026-04-07,2026-04-07,88.29000091552734,86.08275089263915,92.70450096130371,86.08275089263915,STOP_LOSS,1,-2.500000000000006,-2.650000000000006,BEAR,60.28671396233046,2.763220364811663,CUPID,BSE,CUPID.BO
EMA_MACD,SHORT,2025-02-12,2025-02-13,2025-02-13,14.199999809265137,14.554999804496763,13.489999818801879,14.554999804496763,STOP_LOSS,1,-2.499999999999985,-2.649999999999985,NEUTRAL,39.104564079997616,3.522624379021803,CUPID,BSE,CUPID.BO
EMA_MACD,SHORT,2025-02-14,2025-02-17,2025-02-17,13.579999923706056,13.919499921798707,12.900999927520752,13.919499921798707,STOP_LOSS,1,-2.499999999999992,-2.649999999999992,NEUTRAL,42.454815648995314,2.662155589215544,CUPID,BSE,CUPID.BO
EMA_MACD,LONG,2025-04-17,2025-04-21,2025-04-21,14.961999893188477,14.587949895858765,15.710099887847901,14.587949895858765,STOP_LOSS,1,-2.499999999999998,-2.6499999999999977,NEUTRAL,70.59641689507724,8.304961437653786,CUPID,BSE,CUPID.BO
EMA_MACD,LONG,2025-06-27,2025-06-30,2025-07-11,21.399999618530277,20.864999628067018,22.46999959945679,22.46999959945679,TARGET,10,5.000000000000003,4.850000000000002,BULL,65.98504002126299,4.994732098469751,CUPID,BSE,CUPID.BO
EMA_MACD,LONG,2026-02-10,2026-02-11,2026-02-13,87.27999877929688,85.09799880981446,91.64399871826173,85.09799880981446,STOP_LOSS,3,-2.4999999999999964,-2.6499999999999964,NEUTRAL,55.30478860203846,2.5512258987602823,CUPID,BSE,CUPID.BO
EMA_MACD,LONG,2026-02-20,2026-02-23,2026-02-25,85.18000030517578,83.05050029754638,89.43900032043457,83.05050029754638,STOP_LOSS,3,-2.5000000000000098,-2.6500000000000097,NEUTRAL,51.6889371307351,0.8221252844584392,CUPID,BSE,CUPID.BO
EMA_MACD,SHORT,2026-02-26,2026-02-27,2026-03-02,82.69999694824219,84.76749687194824,78.56499710083007,78.56499710083007,TARGET,2,5.00000000000001,4.850000000000009,NEUTRAL,48.08765851520358,0.5743248737245971,CUPID,BSE,CUPID.BO
EMA_MACD,LONG,2026-03-10,2026-03-11,2026-03-11,91.9499969482422,89.65124702453615,96.54749679565431,89.65124702453615,STOP_LOSS,1,-2.4999999999999996,-2.6499999999999995,BEAR,63.25588846027697,6.869190211933983,CUPID,BSE,CUPID.BO
EMA_MACD,SHORT,2026-03-13,2026-03-16,2026-03-16,76.0,77.89999999999999,72.2,77.89999999999999,STOP_LOSS,1,-2.499999999999989,-2.649999999999989,BEAR,41.73067728227966,6.958826623496268,CUPID,BSE,CUPID.BO
EMA_MACD,LONG,2026-04-01,2026-04-02,2026-04-08,85.76000213623047,83.6160020828247,90.04800224304199,90.04800224304199,TARGET,4,5.0,4.85,BEAR,57.629973899483446,3.6061146198418346,CUPID,BSE,CUPID.BO
RSI_ZONE,SHORT,2025-02-12,2025-02-13,2025-02-13,14.199999809265137,14.554999804496763,13.489999818801879,14.554999804496763,STOP_LOSS,1,-2.499999999999985,-2.649999999999985,NEUTRAL,39.104564079997616,3.522624379021803,CUPID,BSE,CUPID.BO
RSI_ZONE,SHORT,2026-03-02,2026-03-04,2026-03-04,75.01000213623047,76.88525218963622,71.25950202941894,76.88525218963622,STOP_LOSS,1,-2.499999999999985,-2.649999999999985,BEAR,37.951099562825526,4.8952980334941705,CUPID,BSE,CUPID.BO
RSI_ZONE,LONG,2026-03-10,2026-03-11,2026-03-11,91.9499969482422,89.65124702453615,96.54749679565431,89.65124702453615,STOP_LOSS,1,-2.4999999999999996,-2.6499999999999995,BEAR,63.25588846027697,6.869190211933983,CUPID,BSE,CUPID.BO
RSI_ZONE,LONG,2026-04-06,2026-04-07,2026-04-07,88.29000091552734,86.08275089263915,92.70450096130371,86.08275089263915,STOP_LOSS,1,-2.500000000000006,-2.650000000000006,BEAR,60.28671396233046,2.763220364811663,CUPID,BSE,CUPID.BO
EXT_3,LONG,2026-04-06,2026-04-07,2026-04-07,88.29000091552734,86.08275089263915,92.70450096130371,86.08275089263915,STOP_LOSS,1,-2.500000000000006,-2.650000000000006,BEAR,60.28671396233046,2.763220364811663,CUPID,BSE,CUPID.BO
RSI_ZONE_EXT_3,LONG,2026-04-06,2026-04-07,2026-04-07,88.29000091552734,86.08275089263915,92.70450096130371,86.08275089263915,STOP_LOSS,1,-2.500000000000006,-2.650000000000006,BEAR,60.28671396233046,2.763220364811663,CUPID,BSE,CUPID.BO
RSI_ZONE_NO_NEUTRAL,SHORT,2026-03-02,2026-03-04,2026-03-04,75.01000213623047,76.88525218963622,71.25950202941894,76.88525218963622,STOP_LOSS,1,-2.499999999999985,-2.649999999999985,BEAR,37.951099562825526,4.8952980334941705,CUPID,BSE,CUPID.BO
RSI_ZONE_NO_NEUTRAL,LONG,2026-03-10,2026-03-11,2026-03-11,91.9499969482422,89.65124702453615,96.54749679565431,89.65124702453615,STOP_LOSS,1,-2.4999999999999996,-2.6499999999999995,BEAR,63.25588846027697,6.869190211933983,CUPID,BSE,CUPID.BO
RSI_ZONE_NO_NEUTRAL,LONG,2026-04-06,2026-04-07,2026-04-07,88.29000091552734,86.08275089263915,92.70450096130371,86.08275089263915,STOP_LOSS,1,-2.500000000000006,-2.650000000000006,BEAR,60.28671396233046,2.763220364811663,CUPID,BSE,CUPID.BO
RSI_ZONE_EXT_3_NO_NEUTRAL,LONG,2026-04-06,2026-04-07,2026-04-07,88.29000091552734,86.08275089263915,92.70450096130371,86.08275089263915,STOP_LOSS,1,-2.500000000000006,-2.650000000000006,BEAR,60.28671396233046,2.763220364811663,CUPID,BSE,CUPID.BO
BASE_CURRENT,LONG,2025-05-14,2025-05-15,2025-05-29,403.25,393.16875,423.4125,398.2999877929688,TIME_EXIT,11,-1.227529375581201,-1.3775293755812008,NEUTRAL,60.68016760963485,2.1310157982136135,COALINDIA,BSE,COALINDIA.BO
BASE_CURRENT,SHORT,2025-08-22,2025-08-25,2025-09-03,379.75,389.24375,360.7625,389.24375,STOP_LOSS,7,-2.499999999999994,-2.6499999999999937,NEUTRAL,38.94326723897385,1.4823061172197578,COALINDIA,BSE,COALINDIA.BO
BASE_CURRENT,LONG,2025-09-05,2025-09-08,2025-09-22,393.2000122070313,383.3700119018555,412.8600128173829,394.6499938964844,TIME_EXIT,11,0.3687644060116688,0.21876440601166883,NEUTRAL,61.912623495175495,1.3372179763037946,COALINDIA,BSE,COALINDIA.BO
BASE_CURRENT,LONG,2025-10-24,2025-10-27,2025-10-29,395.9500122070313,386.0512619018555,415.74751281738287,386.0512619018555,STOP_LOSS,3,-2.5,-2.65,BULL,61.8451021991183,0.7267486893686751,COALINDIA,BSE,COALINDIA.BO
BASE_CURRENT,SHORT,2025-11-04,2025-11-06,2025-11-17,378.2000122070313,387.65501251220707,359.29001159667973,387.65501251220707,STOP_LOSS,8,-2.4999999999999933,-2.6499999999999932,BULL,38.24773747167278,1.8874830526510105,COALINDIA,BSE,COALINDIA.BO
BASE_CURRENT,SHORT,2025-11-24,2025-11-25,2025-12-09,372.7999877929688,382.11998748779297,354.15998840332037,379.1000061035156,TIME_EXIT,11,-1.6899191300525145,-1.8399191300525144,BULL,37.29217098129022,1.4044101115858891,COALINDIA,BSE,COALINDIA.BO
BASE_CURRENT,LONG,2026-04-28,2026-04-29,2026-05-07,472.25,460.44374999999997,495.8625,460.44374999999997,STOP_LOSS,6,-2.500000000000007,-2.650000000000007,BEAR,62.97700724830223,2.492472014803025,COALINDIA,BSE,COALINDIA.BO
BASE_CURRENT,LONG,2026-06-01,2026-06-02,2026-06-09,470.9500122070313,459.1762619018555,494.49751281738287,459.1762619018555,STOP_LOSS,6,-2.5,-2.65,BEAR,60.24943921385853,1.8241995388750543,COALINDIA,BSE,COALINDIA.BO
BASE_CURRENT,SHORT,2026-06-12,2026-06-15,2026-06-17,448.0,459.19999999999993,425.59999999999997,459.19999999999993,STOP_LOSS,3,-2.499999999999985,-2.649999999999985,BEAR,37.742622146160365,2.027562417689109,COALINDIA,BSE,COALINDIA.BO
EMA_MACD,LONG,2025-04-21,2025-04-22,2025-04-25,403.0,392.925,423.15000000000003,392.925,STOP_LOSS,4,-2.499999999999997,-2.649999999999997,NEUTRAL,58.801088165143746,1.0223565187038237,COALINDIA,BSE,COALINDIA.BO
EMA_MACD,LONG,2025-05-14,2025-05-15,2025-05-29,403.25,393.16875,423.4125,398.2999877929688,TIME_EXIT,11,-1.227529375581201,-1.3775293755812008,NEUTRAL,60.68016760963485,2.1310157982136135,COALINDIA,BSE,COALINDIA.BO
EMA_MACD,SHORT,2025-08-22,2025-08-25,2025-09-03,379.75,389.24375,360.7625,389.24375,STOP_LOSS,7,-2.499999999999994,-2.6499999999999937,NEUTRAL,38.94326723897385,1.4823061172197578,COALINDIA,BSE,COALINDIA.BO
EMA_MACD,LONG,2025-09-05,2025-09-08,2025-09-22,393.2000122070313,383.3700119018555,412.8600128173829,394.6499938964844,TIME_EXIT,11,0.3687644060116688,0.21876440601166883,NEUTRAL,61.912623495175495,1.3372179763037946,COALINDIA,BSE,COALINDIA.BO
EMA_MACD,LONG,2025-10-23,2025-10-24,2025-10-29,392.5,382.6875,412.125,382.6875,STOP_LOSS,4,-2.5,-2.65,BULL,59.51570844151055,0.6836669078676727,COALINDIA,BSE,COALINDIA.BO
EMA_MACD,SHORT,2025-11-04,2025-11-06,2025-11-17,378.2000122070313,387.65501251220707,359.29001159667973,387.65501251220707,STOP_LOSS,8,-2.4999999999999933,-2.6499999999999932,BULL,38.24773747167278,1.8874830526510105,COALINDIA,BSE,COALINDIA.BO
EMA_MACD,SHORT,2025-11-19,2025-11-20,2025-12-04,379.7999877929688,389.294987487793,360.80998840332035,379.0499877929688,TIME_EXIT,11,0.19747236021735456,0.04747236021735457,BULL,43.41897003274043,1.0164781594339463,COALINDIA,BSE,COALINDIA.BO
EMA_MACD,LONG,2026-02-25,2026-02-26,2026-02-27,439.7999877929688,428.8049880981446,461.78998718261727,428.8049880981446,STOP_LOSS,2,-2.500000000000002,-2.650000000000002,NEUTRAL,59.49882810969409,2.0895011111701685,COALINDIA,BSE,COALINDIA.BO
EMA_MACD,LONG,2026-04-24,2026-04-27,2026-04-29,459.7000122070313,448.2075119018555,482.68501281738287,482.68501281738287,TARGET,3,5.0,4.85,BEAR,57.597760622776846,1.6557961700612438,COALINDIA,BSE,COALINDIA.BO
EMA_MACD,LONG,2026-06-01,2026-06-02,2026-06-09,470.9500122070313,459.1762619018555,494.49751281738287,459.1762619018555,STOP_LOSS,6,-2.5,-2.65,BEAR,60.24943921385853,1.8241995388750543,COALINDIA,BSE,COALINDIA.BO
EMA_MACD,SHORT,2026-06-12,2026-06-15,2026-06-17,448.0,459.19999999999993,425.59999999999997,459.19999999999993,STOP_LOSS,3,-2.499999999999985,-2.649999999999985,BEAR,37.742622146160365,2.027562417689109,COALINDIA,BSE,COALINDIA.BO
RSI_ZONE,LONG,2025-05-14,2025-05-15,2025-05-29,403.25,393.16875,423.4125,398.2999877929688,TIME_EXIT,11,-1.227529375581201,-1.3775293755812008,NEUTRAL,60.68016760963485,2.1310157982136135,COALINDIA,BSE,COALINDIA.BO
RSI_ZONE,SHORT,2025-08-22,2025-08-25,2025-09-03,379.75,389.24375,360.7625,389.24375,STOP_LOSS,7,-2.499999999999994,-2.6499999999999937,NEUTRAL,38.94326723897385,1.4823061172197578,COALINDIA,BSE,COALINDIA.BO
RSI_ZONE,LONG,2025-09-05,2025-09-08,2025-09-22,393.2000122070313,383.3700119018555,412.8600128173829,394.6499938964844,TIME_EXIT,11,0.3687644060116688,0.21876440601166883,NEUTRAL,61.912623495175495,1.3372179763037946,COALINDIA,BSE,COALINDIA.BO
RSI_ZONE,LONG,2025-10-24,2025-10-27,2025-10-29,395.9500122070313,386.0512619018555,415.74751281738287,386.0512619018555,STOP_LOSS,3,-2.5,-2.65,BULL,61.8451021991183,0.7267486893686751,COALINDIA,BSE,COALINDIA.BO
RSI_ZONE,SHORT,2025-11-04,2025-11-06,2025-11-17,378.2000122070313,387.65501251220707,359.29001159667973,387.65501251220707,STOP_LOSS,8,-2.4999999999999933,-2.6499999999999932,BULL,38.24773747167278,1.8874830526510105,COALINDIA,BSE,COALINDIA.BO
RSI_ZONE,SHORT,2025-11-24,2025-11-25,2025-12-09,372.7999877929688,382.11998748779297,354.15998840332037,379.1000061035156,TIME_EXIT,11,-1.6899191300525145,-1.8399191300525144,BULL,37.29217098129022,1.4044101115858891,COALINDIA,BSE,COALINDIA.BO
RSI_ZONE,LONG,2026-04-28,2026-04-29,2026-05-07,472.25,460.44374999999997,495.8625,460.44374999999997,STOP_LOSS,6,-2.500000000000007,-2.650000000000007,BEAR,62.97700724830223,2.492472014803025,COALINDIA,BSE,COALINDIA.BO
RSI_ZONE,LONG,2026-06-01,2026-06-02,2026-06-09,470.9500122070313,459.1762619018555,494.49751281738287,459.1762619018555,STOP_LOSS,6,-2.5,-2.65,BEAR,60.24943921385853,1.8241995388750543,COALINDIA,BSE,COALINDIA.BO
RSI_ZONE,SHORT,2026-06-12,2026-06-15,2026-06-17,448.0,459.19999999999993,425.59999999999997,459.19999999999993,STOP_LOSS,3,-2.499999999999985,-2.649999999999985,BEAR,37.742622146160365,2.027562417689109,COALINDIA,BSE,COALINDIA.BO
EXT_3,LONG,2025-05-14,2025-05-15,2025-05-29,403.25,393.16875,423.4125,398.2999877929688,TIME_EXIT,11,-1.227529375581201,-1.3775293755812008,NEUTRAL,60.68016760963485,2.1310157982136135,COALINDIA,BSE,COALINDIA.BO
EXT_3,SHORT,2025-08-22,2025-08-25,2025-09-03,379.75,389.24375,360.7625,389.24375,STOP_LOSS,7,-2.499999999999994,-2.6499999999999937,NEUTRAL,38.94326723897385,1.4823061172197578,COALINDIA,BSE,COALINDIA.BO
EXT_3,LONG,2025-09-05,2025-09-08,2025-09-22,393.2000122070313,383.3700119018555,412.8600128173829,394.6499938964844,TIME_EXIT,11,0.3687644060116688,0.21876440601166883,NEUTRAL,61.912623495175495,1.3372179763037946,COALINDIA,BSE,COALINDIA.BO
EXT_3,LONG,2025-10-24,2025-10-27,2025-10-29,395.9500122070313,386.0512619018555,415.74751281738287,386.0512619018555,STOP_LOSS,3,-2.5,-2.65,BULL,61.8451021991183,0.7267486893686751,COALINDIA,BSE,COALINDIA.BO
EXT_3,SHORT,2025-11-04,2025-11-06,2025-11-17,378.2000122070313,387.65501251220707,359.29001159667973,387.65501251220707,STOP_LOSS,8,-2.4999999999999933,-2.6499999999999932,BULL,38.24773747167278,1.8874830526510105,COALINDIA,BSE,COALINDIA.BO
EXT_3,SHORT,2025-11-24,2025-11-25,2025-12-09,372.7999877929688,382.11998748779297,354.15998840332037,379.1000061035156,TIME_EXIT,11,-1.6899191300525145,-1.8399191300525144,BULL,37.29217098129022,1.4044101115858891,COALINDIA,BSE,COALINDIA.BO
EXT_3,LONG,2026-04-28,2026-04-29,2026-05-07,472.25,460.44374999999997,495.8625,460.44374999999997,STOP_LOSS,6,-2.500000000000007,-2.650000000000007,BEAR,62.97700724830223,2.492472014803025,COALINDIA,BSE,COALINDIA.BO
EXT_3,LONG,2026-06-01,2026-06-02,2026-06-09,470.9500122070313,459.1762619018555,494.49751281738287,459.1762619018555,STOP_LOSS,6,-2.5,-2.65,BEAR,60.24943921385853,1.8241995388750543,COALINDIA,BSE,COALINDIA.BO
EXT_3,SHORT,2026-06-12,2026-06-15,2026-06-17,448.0,459.19999999999993,425.59999999999997,459.19999999999993,STOP_LOSS,3,-2.499999999999985,-2.649999999999985,BEAR,37.742622146160365,2.027562417689109,COALINDIA,BSE,COALINDIA.BO
RSI_ZONE_EXT_3,LONG,2025-05-14,2025-05-15,2025-05-29,403.25,393.16875,423.4125,398.2999877929688,TIME_EXIT,11,-1.227529375581201,-1.3775293755812008,NEUTRAL,60.68016760963485,2.1310157982136135,COALINDIA,BSE,COALINDIA.BO
RSI_ZONE_EXT_3,SHORT,2025-08-22,2025-08-25,2025-09-03,379.75,389.24375,360.7625,389.24375,STOP_LOSS,7,-2.499999999999994,-2.6499999999999937,NEUTRAL,38.94326723897385,1.4823061172197578,COALINDIA,BSE,COALINDIA.BO
RSI_ZONE_EXT_3,LONG,2025-09-05,2025-09-08,2025-09-22,393.2000122070313,383.3700119018555,412.8600128173829,394.6499938964844,TIME_EXIT,11,0.3687644060116688,0.21876440601166883,NEUTRAL,61.912623495175495,1.3372179763037946,COALINDIA,BSE,COALINDIA.BO
RSI_ZONE_EXT_3,LONG,2025-10-24,2025-10-27,2025-10-29,395.9500122070313,386.0512619018555,415.74751281738287,386.0512619018555,STOP_LOSS,3,-2.5,-2.65,BULL,61.8451021991183,0.7267486893686751,COALINDIA,BSE,COALINDIA.BO
RSI_ZONE_EXT_3,SHORT,2025-11-04,2025-11-06,2025-11-17,378.2000122070313,387.65501251220707,359.29001159667973,387.65501251220707,STOP_LOSS,8,-2.4999999999999933,-2.6499999999999932,BULL,38.24773747167278,1.8874830526510105,COALINDIA,BSE,COALINDIA.BO
RSI_ZONE_EXT_3,SHORT,2025-11-24,2025-11-25,2025-12-09,372.7999877929688,382.11998748779297,354.15998840332037,379.1000061035156,TIME_EXIT,11,-1.6899191300525145,-1.8399191300525144,BULL,37.29217098129022,1.4044101115858891,COALINDIA,BSE,COALINDIA.BO
RSI_ZONE_EXT_3,LONG,2026-04-28,2026-04-29,2026-05-07,472.25,460.44374999999997,495.8625,460.44374999999997,STOP_LOSS,6,-2.500000000000007,-2.650000000000007,BEAR,62.97700724830223,2.492472014803025,COALINDIA,BSE,COALINDIA.BO
RSI_ZONE_EXT_3,LONG,2026-06-01,2026-06-02,2026-06-09,470.9500122070313,459.1762619018555,494.49751281738287,459.1762619018555,STOP_LOSS,6,-2.5,-2.65,BEAR,60.24943921385853,1.8241995388750543,COALINDIA,BSE,COALINDIA.BO
RSI_ZONE_EXT_3,SHORT,2026-06-12,2026-06-15,2026-06-17,448.0,459.19999999999993,425.59999999999997,459.19999999999993,STOP_LOSS,3,-2.499999999999985,-2.649999999999985,BEAR,37.742622146160365,2.027562417689109,COALINDIA,BSE,COALINDIA.BO
RSI_ZONE_NO_NEUTRAL,LONG,2025-10-24,2025-10-27,2025-10-29,395.9500122070313,386.0512619018555,415.74751281738287,386.0512619018555,STOP_LOSS,3,-2.5,-2.65,BULL,61.8451021991183,0.7267486893686751,COALINDIA,BSE,COALINDIA.BO
RSI_ZONE_NO_NEUTRAL,SHORT,2025-11-04,2025-11-06,2025-11-17,378.2000122070313,387.65501251220707,359.29001159667973,387.65501251220707,STOP_LOSS,8,-2.4999999999999933,-2.6499999999999932,BULL,38.24773747167278,1.8874830526510105,COALINDIA,BSE,COALINDIA.BO
RSI_ZONE_NO_NEUTRAL,SHORT,2025-11-24,2025-11-25,2025-12-09,372.7999877929688,382.11998748779297,354.15998840332037,379.1000061035156,TIME_EXIT,11,-1.6899191300525145,-1.8399191300525144,BULL,37.29217098129022,1.4044101115858891,COALINDIA,BSE,COALINDIA.BO
RSI_ZONE_NO_NEUTRAL,LONG,2026-04-28,2026-04-29,2026-05-07,472.25,460.44374999999997,495.8625,460.44374999999997,STOP_LOSS,6,-2.500000000000007,-2.650000000000007,BEAR,62.97700724830223,2.492472014803025,COALINDIA,BSE,COALINDIA.BO
RSI_ZONE_NO_NEUTRAL,LONG,2026-06-01,2026-06-02,2026-06-09,470.9500122070313,459.1762619018555,494.49751281738287,459.1762619018555,STOP_LOSS,6,-2.5,-2.65,BEAR,60.24943921385853,1.8241995388750543,COALINDIA,BSE,COALINDIA.BO
RSI_ZONE_NO_NEUTRAL,SHORT,2026-06-12,2026-06-15,2026-06-17,448.0,459.19999999999993,425.59999999999997,459.19999999999993,STOP_LOSS,3,-2.499999999999985,-2.649999999999985,BEAR,37.742622146160365,2.027562417689109,COALINDIA,BSE,COALINDIA.BO
RSI_ZONE_EXT_3_NO_NEUTRAL,LONG,2025-10-24,2025-10-27,2025-10-29,395.9500122070313,386.0512619018555,415.74751281738287,386.0512619018555,STOP_LOSS,3,-2.5,-2.65,BULL,61.8451021991183,0.7267486893686751,COALINDIA,BSE,COALINDIA.BO
RSI_ZONE_EXT_3_NO_NEUTRAL,SHORT,2025-11-04,2025-11-06,2025-11-17,378.2000122070313,387.65501251220707,359.29001159667973,387.65501251220707,STOP_LOSS,8,-2.4999999999999933,-2.6499999999999932,BULL,38.24773747167278,1.8874830526510105,COALINDIA,BSE,COALINDIA.BO
RSI_ZONE_EXT_3_NO_NEUTRAL,SHORT,2025-11-24,2025-11-25,2025-12-09,372.7999877929688,382.11998748779297,354.15998840332037,379.1000061035156,TIME_EXIT,11,-1.6899191300525145,-1.8399191300525144,BULL,37.29217098129022,1.4044101115858891,COALINDIA,BSE,COALINDIA.BO
RSI_ZONE_EXT_3_NO_NEUTRAL,LONG,2026-04-28,2026-04-29,2026-05-07,472.25,460.44374999999997,495.8625,460.44374999999997,STOP_LOSS,6,-2.500000000000007,-2.650000000000007,BEAR,62.97700724830223,2.492472014803025,COALINDIA,BSE,COALINDIA.BO
RSI_ZONE_EXT_3_NO_NEUTRAL,LONG,2026-06-01,2026-06-02,2026-06-09,470.9500122070313,459.1762619018555,494.49751281738287,459.1762619018555,STOP_LOSS,6,-2.5,-2.65,BEAR,60.24943921385853,1.8241995388750543,COALINDIA,BSE,COALINDIA.BO
RSI_ZONE_EXT_3_NO_NEUTRAL,SHORT,2026-06-12,2026-06-15,2026-06-17,448.0,459.19999999999993,425.59999999999997,459.19999999999993,STOP_LOSS,3,-2.499999999999985,-2.649999999999985,BEAR,37.742622146160365,2.027562417689109,COALINDIA,BSE,COALINDIA.BO
BASE_CURRENT,SHORT,2024-12-19,2024-12-20,2024-12-30,143.25,146.83124999999998,136.0875,136.0875,TARGET,6,4.9999999999999964,4.849999999999996,NEUTRAL,39.053307970308225,1.5783632238510106,TATASTEEL,BSE,500470.BO
BASE_CURRENT,LONG,2025-06-27,2025-06-30,2025-07-15,161.0,156.975,169.05,159.0500030517578,TIME_EXIT,11,-1.2111782287218555,-1.3611782287218555,BULL,65.03304555602622,2.1002966417576365,TATASTEEL,BSE,500470.BO
BASE_CURRENT,SHORT,2025-08-28,2025-08-29,2025-09-02,154.25,158.10625,146.5375,158.10625,STOP_LOSS,2,-2.4999999999999925,-2.6499999999999924,NEUTRAL,39.93547282416982,1.5030857479759816,TATASTEEL,BSE,500470.BO
BASE_CURRENT,LONG,2025-09-04,2025-09-05,2025-09-19,166.8000030517578,162.63000297546387,175.1400032043457,171.5,TIME_EXIT,11,2.8177439222131095,2.6677439222131096,NEUTRAL,61.89457644104945,2.6821513696964914,TATASTEEL,BSE,500470.BO
EMA_MACD,SHORT,2024-12-19,2024-12-20,2024-12-30,143.25,146.83124999999998,136.0875,136.0875,TARGET,6,4.9999999999999964,4.849999999999996,NEUTRAL,39.053307970308225,1.5783632238510106,TATASTEEL,BSE,500470.BO
EMA_MACD,LONG,2025-06-27,2025-06-30,2025-07-15,161.0,156.975,169.05,159.0500030517578,TIME_EXIT,11,-1.2111782287218555,-1.3611782287218555,BULL,65.03304555602622,2.1002966417576365,TATASTEEL,BSE,500470.BO
EMA_MACD,LONG,2025-08-21,2025-08-22,2025-08-26,161.39999389648438,157.36499404907227,169.4699935913086,157.36499404907227,STOP_LOSS,3,-2.5,-2.65,NEUTRAL,54.36114711252472,0.7937900976740138,TATASTEEL,BSE,500470.BO
EMA_MACD,LONG,2025-09-04,2025-09-05,2025-09-19,166.8000030517578,162.63000297546387,175.1400032043457,171.5,TIME_EXIT,11,2.8177439222131095,2.6677439222131096,NEUTRAL,61.89457644104945,2.6821513696964914,TATASTEEL,BSE,500470.BO
EMA_MACD,LONG,2026-04-08,2026-04-09,2026-04-21,203.6999969482422,198.60749702453612,213.8849967956543,213.8849967956543,TARGET,8,5.000000000000003,4.850000000000002,BEAR,59.352918375134905,2.8893186512480784,TATASTEEL,BSE,500470.BO
RSI_ZONE,SHORT,2024-12-19,2024-12-20,2024-12-30,143.25,146.83124999999998,136.0875,136.0875,TARGET,6,4.9999999999999964,4.849999999999996,NEUTRAL,39.053307970308225,1.5783632238510106,TATASTEEL,BSE,500470.BO
RSI_ZONE,LONG,2025-06-30,2025-07-01,2025-07-03,160.35000610351562,156.34125595092772,168.3675064086914,168.3675064086914,TARGET,3,5.0000000000000036,4.850000000000003,BULL,60.18586231211922,0.7018776286980176,TATASTEEL,BSE,500470.BO
RSI_ZONE,SHORT,2025-08-28,2025-08-29,2025-09-02,154.25,158.10625,146.5375,158.10625,STOP_LOSS,2,-2.4999999999999925,-2.6499999999999924,NEUTRAL,39.93547282416982,1.5030857479759816,TATASTEEL,BSE,500470.BO
RSI_ZONE,LONG,2025-09-04,2025-09-05,2025-09-19,166.8000030517578,162.63000297546387,175.1400032043457,171.5,TIME_EXIT,11,2.8177439222131095,2.6677439222131096,NEUTRAL,61.89457644104945,2.6821513696964914,TATASTEEL,BSE,500470.BO
EXT_3,SHORT,2024-12-19,2024-12-20,2024-12-30,143.25,146.83124999999998,136.0875,136.0875,TARGET,6,4.9999999999999964,4.849999999999996,NEUTRAL,39.053307970308225,1.5783632238510106,TATASTEEL,BSE,500470.BO
EXT_3,LONG,2025-06-27,2025-06-30,2025-07-15,161.0,156.975,169.05,159.0500030517578,TIME_EXIT,11,-1.2111782287218555,-1.3611782287218555,BULL,65.03304555602622,2.1002966417576365,TATASTEEL,BSE,500470.BO
EXT_3,SHORT,2025-08-28,2025-08-29,2025-09-02,154.25,158.10625,146.5375,158.10625,STOP_LOSS,2,-2.4999999999999925,-2.6499999999999924,NEUTRAL,39.93547282416982,1.5030857479759816,TATASTEEL,BSE,500470.BO
EXT_3,LONG,2025-09-04,2025-09-05,2025-09-19,166.8000030517578,162.63000297546387,175.1400032043457,171.5,TIME_EXIT,11,2.8177439222131095,2.6677439222131096,NEUTRAL,61.89457644104945,2.6821513696964914,TATASTEEL,BSE,500470.BO
RSI_ZONE_EXT_3,SHORT,2024-12-19,2024-12-20,2024-12-30,143.25,146.83124999999998,136.0875,136.0875,TARGET,6,4.9999999999999964,4.849999999999996,NEUTRAL,39.053307970308225,1.5783632238510106,TATASTEEL,BSE,500470.BO
RSI_ZONE_EXT_3,LONG,2025-06-30,2025-07-01,2025-07-03,160.35000610351562,156.34125595092772,168.3675064086914,168.3675064086914,TARGET,3,5.0000000000000036,4.850000000000003,BULL,60.18586231211922,0.7018776286980176,TATASTEEL,BSE,500470.BO
RSI_ZONE_EXT_3,SHORT,2025-08-28,2025-08-29,2025-09-02,154.25,158.10625,146.5375,158.10625,STOP_LOSS,2,-2.4999999999999925,-2.6499999999999924,NEUTRAL,39.93547282416982,1.5030857479759816,TATASTEEL,BSE,500470.BO
RSI_ZONE_EXT_3,LONG,2025-09-04,2025-09-05,2025-09-19,166.8000030517578,162.63000297546387,175.1400032043457,171.5,TIME_EXIT,11,2.8177439222131095,2.6677439222131096,NEUTRAL,61.89457644104945,2.6821513696964914,TATASTEEL,BSE,500470.BO
RSI_ZONE_NO_NEUTRAL,LONG,2025-06-30,2025-07-01,2025-07-03,160.35000610351562,156.34125595092772,168.3675064086914,168.3675064086914,TARGET,3,5.0000000000000036,4.850000000000003,BULL,60.18586231211922,0.7018776286980176,TATASTEEL,BSE,500470.BO
RSI_ZONE_EXT_3_NO_NEUTRAL,LONG,2025-06-30,2025-07-01,2025-07-03,160.35000610351562,156.34125595092772,168.3675064086914,168.3675064086914,TARGET,3,5.0000000000000036,4.850000000000003,BULL,60.18586231211922,0.7018776286980176,TATASTEEL,BSE,500470.BO
EMA_MACD,LONG,2026-06-25,2026-06-26,2026-06-29,186.4499969482422,181.78874702453612,195.7724967956543,181.78874702453612,STOP_LOSS,2,-2.500000000000006,-2.650000000000006,BEAR,59.86316008903503,2.2985393588871124,MEESHO,BSE,MEESHO.BO
EMA_MACD,LONG,2026-08-04,2026-08-05,2026-08-06,192.85000610351562,188.02875595092772,202.4925064086914,188.02875595092772,STOP_LOSS,2,-2.500000000000009,-2.650000000000009,BULL,58.29637780149673,2.2845596092701093,MEESHO,BSE,MEESHO.BO
BASE_CURRENT,SHORT,2025-02-17,2025-02-18,2025-02-28,103.9499969482422,106.54874687194825,98.75249710083008,98.75249710083008,TARGET,8,5.000000000000007,4.850000000000007,NEUTRAL,37.73384406230606,3.066495664698025,VMM,BSE,VMM.BO
BASE_CURRENT,SHORT,2026-01-06,2026-01-07,2026-01-20,131.1999969482422,134.47999687194823,124.63999710083007,124.63999710083007,TARGET,9,5.000000000000004,4.850000000000004,BULL,38.81589632980893,1.9573988999268759,VMM,BSE,VMM.BO
BASE_CURRENT,SHORT,2026-03-04,2026-03-05,2026-03-09,113.0,115.82499999999999,107.35,107.35,TARGET,3,5.000000000000005,4.850000000000005,BEAR,34.79336584066422,4.766173989254724,VMM,BSE,VMM.BO
EMA_MACD,SHORT,2025-02-17,2025-02-18,2025-02-28,103.9499969482422,106.54874687194825,98.75249710083008,98.75249710083008,TARGET,8,5.000000000000007,4.850000000000007,NEUTRAL,37.73384406230606,3.066495664698025,VMM,BSE,VMM.BO
EMA_MACD,SHORT,2026-01-06,2026-01-07,2026-01-20,131.1999969482422,134.47999687194823,124.63999710083007,124.63999710083007,TARGET,9,5.000000000000004,4.850000000000004,BULL,38.81589632980893,1.9573988999268759,VMM,BSE,VMM.BO
EMA_MACD,SHORT,2026-03-04,2026-03-05,2026-03-09,113.0,115.82499999999999,107.35,107.35,TARGET,3,5.000000000000005,4.850000000000005,BEAR,34.79336584066422,4.766173989254724,VMM,BSE,VMM.BO
EMA_MACD,SHORT,2026-07-08,2026-07-09,2026-07-17,116.5,119.4125,110.675,110.675,TARGET,7,5.000000000000003,4.850000000000002,NEUTRAL,43.289260822689215,1.4917279362974065,VMM,BSE,VMM.BO
RSI_ZONE,SHORT,2025-02-17,2025-02-18,2025-02-28,103.9499969482422,106.54874687194825,98.75249710083008,98.75249710083008,TARGET,8,5.000000000000007,4.850000000000007,NEUTRAL,37.73384406230606,3.066495664698025,VMM,BSE,VMM.BO
RSI_ZONE,SHORT,2026-01-06,2026-01-07,2026-01-20,131.1999969482422,134.47999687194823,124.63999710083007,124.63999710083007,TARGET,9,5.000000000000004,4.850000000000004,BULL,38.81589632980893,1.9573988999268759,VMM,BSE,VMM.BO
RSI_ZONE,SHORT,2026-03-04,2026-03-05,2026-03-09,113.0,115.82499999999999,107.35,107.35,TARGET,3,5.000000000000005,4.850000000000005,BEAR,34.79336584066422,4.766173989254724,VMM,BSE,VMM.BO
EXT_3,SHORT,2026-01-06,2026-01-07,2026-01-20,131.1999969482422,134.47999687194823,124.63999710083007,124.63999710083007,TARGET,9,5.000000000000004,4.850000000000004,BULL,38.81589632980893,1.9573988999268759,VMM,BSE,VMM.BO
EXT_3,SHORT,2026-03-06,2026-03-09,2026-03-10,107.5999984741211,110.28999843597411,102.21999855041503,110.28999843597411,STOP_LOSS,2,-2.499999999999992,-2.649999999999992,BEAR,37.047633725872245,2.6165187049908303,VMM,BSE,VMM.BO
RSI_ZONE_EXT_3,SHORT,2026-01-06,2026-01-07,2026-01-20,131.1999969482422,134.47999687194823,124.63999710083007,124.63999710083007,TARGET,9,5.000000000000004,4.850000000000004,BULL,38.81589632980893,1.9573988999268759,VMM,BSE,VMM.BO
RSI_ZONE_EXT_3,SHORT,2026-03-06,2026-03-09,2026-03-10,107.5999984741211,110.28999843597411,102.21999855041503,110.28999843597411,STOP_LOSS,2,-2.499999999999992,-2.649999999999992,BEAR,37.047633725872245,2.6165187049908303,VMM,BSE,VMM.BO
RSI_ZONE_NO_NEUTRAL,SHORT,2026-01-06,2026-01-07,2026-01-20,131.1999969482422,134.47999687194823,124.63999710083007,124.63999710083007,TARGET,9,5.000000000000004,4.850000000000004,BULL,38.81589632980893,1.9573988999268759,VMM,BSE,VMM.BO
RSI_ZONE_NO_NEUTRAL,SHORT,2026-03-04,2026-03-05,2026-03-09,113.0,115.82499999999999,107.35,107.35,TARGET,3,5.000000000000005,4.850000000000005,BEAR,34.79336584066422,4.766173989254724,VMM,BSE,VMM.BO
RSI_ZONE_EXT_3_NO_NEUTRAL,SHORT,2026-01-06,2026-01-07,2026-01-20,131.1999969482422,134.47999687194823,124.63999710083007,124.63999710083007,TARGET,9,5.000000000000004,4.850000000000004,BULL,38.81589632980893,1.9573988999268759,VMM,BSE,VMM.BO
RSI_ZONE_EXT_3_NO_NEUTRAL,SHORT,2026-03-06,2026-03-09,2026-03-10,107.5999984741211,110.28999843597411,102.21999855041503,110.28999843597411,STOP_LOSS,2,-2.499999999999992,-2.649999999999992,BEAR,37.047633725872245,2.6165187049908303,VMM,BSE,VMM.BO
BASE_CURRENT,SHORT,2026-01-20,2026-01-21,2026-01-21,124.3499984741211,127.45874843597412,118.13249855041504,127.45874843597412,STOP_LOSS,1,-2.499999999999995,-2.649999999999995,BEAR,39.19095062428755,3.603872660975326,URBANCO,BSE,URBANCO.BO
BASE_CURRENT,LONG,2026-08-03,2026-08-04,2026-08-04,148.0,144.29999999999998,155.4,144.29999999999998,STOP_LOSS,1,-2.5000000000000115,-2.6500000000000115,BULL,69.00072460888256,8.14215584983659,URBANCO,BSE,URBANCO.BO
EMA_MACD,SHORT,2026-01-20,2026-01-21,2026-01-21,124.3499984741211,127.45874843597412,118.13249855041504,127.45874843597412,STOP_LOSS,1,-2.499999999999995,-2.649999999999995,BEAR,39.19095062428755,3.603872660975326,URBANCO,BSE,URBANCO.BO
EMA_MACD,LONG,2026-08-03,2026-08-04,2026-08-04,148.0,144.29999999999998,155.4,144.29999999999998,STOP_LOSS,1,-2.5000000000000115,-2.6500000000000115,BULL,69.00072460888256,8.14215584983659,URBANCO,BSE,URBANCO.BO
RSI_ZONE,SHORT,2026-01-20,2026-01-21,2026-01-21,124.3499984741211,127.45874843597412,118.13249855041504,127.45874843597412,STOP_LOSS,1,-2.499999999999995,-2.649999999999995,BEAR,39.19095062428755,3.603872660975326,URBANCO,BSE,URBANCO.BO
RSI_ZONE,LONG,2026-08-04,2026-08-05,2026-08-11,142.14999389648438,138.59624404907225,149.2574935913086,138.59624404907225,STOP_LOSS,5,-2.500000000000008,-2.650000000000008,BULL,61.73766325124211,3.1866017830360422,URBANCO,BSE,URBANCO.BO
EXT_3,LONG,2026-08-05,2026-08-06,2026-08-10,144.5500030517578,140.93625297546387,151.77750320434572,140.93625297546387,STOP_LOSS,3,-2.499999999999996,-2.649999999999996,BULL,62.1712959896876,2.3152080125643835,URBANCO,BSE,URBANCO.BO
RSI_ZONE_EXT_3,LONG,2026-08-05,2026-08-06,2026-08-10,144.5500030517578,140.93625297546387,151.77750320434572,140.93625297546387,STOP_LOSS,3,-2.499999999999996,-2.649999999999996,BULL,62.1712959896876,2.3152080125643835,URBANCO,BSE,URBANCO.BO
RSI_ZONE_NO_NEUTRAL,SHORT,2026-01-20,2026-01-21,2026-01-21,124.3499984741211,127.45874843597412,118.13249855041504,127.45874843597412,STOP_LOSS,1,-2.499999999999995,-2.649999999999995,BEAR,39.19095062428755,3.603872660975326,URBANCO,BSE,URBANCO.BO
RSI_ZONE_NO_NEUTRAL,LONG,2026-08-04,2026-08-05,2026-08-11,142.14999389648438,138.59624404907225,149.2574935913086,138.59624404907225,STOP_LOSS,5,-2.500000000000008,-2.650000000000008,BULL,61.73766325124211,3.1866017830360422,URBANCO,BSE,URBANCO.BO
RSI_ZONE_EXT_3_NO_NEUTRAL,LONG,2026-08-05,2026-08-06,2026-08-10,144.5500030517578,140.93625297546387,151.77750320434572,140.93625297546387,STOP_LOSS,3,-2.499999999999996,-2.649999999999996,BULL,62.1712959896876,2.3152080125643835,URBANCO,BSE,URBANCO.BO
BASE_CURRENT,SHORT,2026-08-31,2026-09-01,2026-09-02,539.0999755859375,552.5774749755859,512.1449768066406,512.1449768066406,TARGET,2,5.000000000000012,4.850000000000012,NEUTRAL,39.3000333524194,1.8356720799191377,TENNIND,BSE,TENNIND.BO
EMA_MACD,LONG,2026-04-09,2026-04-10,2026-04-13,564.4500122070312,550.3387619018555,592.6725128173829,550.3387619018555,STOP_LOSS,2,-2.499999999999996,-2.649999999999996,BEAR,54.91703373857826,1.241726015184681,TENNIND,BSE,TENNIND.BO
EMA_MACD,SHORT,2026-07-14,2026-07-15,2026-07-23,570.0,584.25,541.5,541.5,TARGET,7,5.0,4.85,NEUTRAL,42.885153417267624,1.92103276758268,TENNIND,BSE,TENNIND.BO
EMA_MACD,SHORT,2026-08-14,2026-08-17,2026-08-18,544.3499755859375,557.9587249755859,517.1324768066406,557.9587249755859,STOP_LOSS,2,-2.5,-2.65,NEUTRAL,42.16028927056046,0.7877125774302449,TENNIND,BSE,TENNIND.BO
EMA_MACD,SHORT,2026-08-27,2026-08-28,2026-09-02,547.5499877929688,561.238737487793,520.1724884033202,520.1724884033202,TARGET,4,5.000000000000012,4.850000000000012,NEUTRAL,43.902984679477925,1.0953547773093881,TENNIND,BSE,TENNIND.BO
RSI_ZONE,SHORT,2026-08-31,2026-09-01,2026-09-02,539.0999755859375,552.5774749755859,512.1449768066406,512.1449768066406,TARGET,2,5.000000000000012,4.850000000000012,NEUTRAL,39.3000333524194,1.8356720799191377,TENNIND,BSE,TENNIND.BO
EXT_3,SHORT,2026-08-31,2026-09-01,2026-09-02,539.0999755859375,552.5774749755859,512.1449768066406,512.1449768066406,TARGET,2,5.000000000000012,4.850000000000012,NEUTRAL,39.3000333524194,1.8356720799191377,TENNIND,BSE,TENNIND.BO
RSI_ZONE_EXT_3,SHORT,2026-08-31,2026-09-01,2026-09-02,539.0999755859375,552.5774749755859,512.1449768066406,512.1449768066406,TARGET,2,5.000000000000012,4.850000000000012,NEUTRAL,39.3000333524194,1.8356720799191377,TENNIND,BSE,TENNIND.BO
BASE_CURRENT,SHORT,2025-01-13,2025-01-14,2025-01-14,120.9499969482422,123.97374687194825,114.90249710083009,123.97374687194825,STOP_LOSS,1,-2.499999999999995,-2.649999999999995,NEUTRAL,39.58302417581305,4.74729336392103,ZEEL,BSE,ZEEL.BO
BASE_CURRENT,LONG,2025-05-09,2025-05-12,2025-05-14,118.0500030517578,115.09875297546385,123.95250320434569,123.95250320434569,TARGET,3,5.0,4.85,NEUTRAL,60.30196606585508,4.0204003451433685,ZEEL,BSE,ZEEL.BO
BASE_CURRENT,SHORT,2025-09-29,2025-09-30,2025-10-15,112.9499969482422,115.77374687194825,107.30249710083008,109.9499969482422,TIME_EXIT,11,2.6560425684426616,2.5060425684426617,BULL,39.68612013069695,1.373443223966631,ZEEL,BSE,ZEEL.BO
BASE_CURRENT,SHORT,2026-03-02,2026-03-04,2026-03-09,83.0,85.07499999999999,78.85,78.85,TARGET,4,5.000000000000006,4.850000000000006,BEAR,36.529243631193374,3.3928381432358012,ZEEL,BSE,ZEEL.BO
BASE_CURRENT,LONG,2026-06-01,2026-06-02,2026-06-03,94.4000015258789,92.04000148773193,99.12000160217285,92.04000148773193,STOP_LOSS,2,-2.500000000000006,-2.650000000000006,BEAR,62.981275723779035,4.411425811307514,ZEEL,BSE,ZEEL.BO
BASE_CURRENT,SHORT,2026-08-05,2026-08-06,2026-08-11,95.0999984741211,97.47749843597411,90.34499855041504,90.34499855041504,TARGET,4,4.9999999999999964,4.849999999999996,BULL,38.33789254343202,6.528854700466999,ZEEL,BSE,ZEEL.BO
BASE_CURRENT,SHORT,2026-08-31,2026-09-01,2026-09-04,94.48999786376952,96.85224781036375,89.76549797058104,91.33999633789062,TIME_EXIT,4,3.333687794575243,3.183687794575243,NEUTRAL,38.05447873789236,6.646691051303229,ZEEL,BSE,ZEEL.BO
EMA_MACD,SHORT,2025-01-13,2025-01-14,2025-01-14,120.9499969482422,123.97374687194825,114.90249710083009,123.97374687194825,STOP_LOSS,1,-2.499999999999995,-2.649999999999995,NEUTRAL,39.58302417581305,4.74729336392103,ZEEL,BSE,ZEEL.BO
EMA_MACD,LONG,2025-05-09,2025-05-12,2025-05-14,118.0500030517578,115.09875297546385,123.95250320434569,123.95250320434569,TARGET,3,5.0,4.85,NEUTRAL,60.30196606585508,4.0204003451433685,ZEEL,BSE,ZEEL.BO
EMA_MACD,SHORT,2025-09-29,2025-09-30,2025-10-15,112.9499969482422,115.77374687194825,107.30249710083008,109.9499969482422,TIME_EXIT,11,2.6560425684426616,2.5060425684426617,BULL,39.68612013069695,1.373443223966631,ZEEL,BSE,ZEEL.BO
EMA_MACD,SHORT,2026-03-02,2026-03-04,2026-03-09,83.0,85.07499999999999,78.85,78.85,TARGET,4,5.000000000000006,4.850000000000006,BEAR,36.529243631193374,3.3928381432358012,ZEEL,BSE,ZEEL.BO
EMA_MACD,LONG,2026-05-29,2026-06-01,2026-06-01,94.1999969482422,91.84499702453614,98.90999679565432,98.90999679565432,TARGET,1,5.0000000000000115,4.850000000000011,BEAR,59.94920262126221,3.9899045863451916,ZEEL,BSE,ZEEL.BO
EMA_MACD,LONG,2026-07-21,2026-07-22,2026-07-23,107.0500030517578,104.37375297546384,112.40250320434569,104.37375297546384,STOP_LOSS,2,-2.5000000000000084,-2.6500000000000083,NEUTRAL,55.762077791012956,1.3794981962456199,ZEEL,BSE,ZEEL.BO
EMA_MACD,SHORT,2026-08-05,2026-08-06,2026-08-11,95.0999984741211,97.47749843597411,90.34499855041504,90.34499855041504,TARGET,4,4.9999999999999964,4.849999999999996,BULL,38.33789254343202,6.528854700466999,ZEEL,BSE,ZEEL.BO
EMA_MACD,LONG,2026-08-21,2026-08-24,2026-08-24,109.1999969482422,106.46999702453614,114.65999679565432,106.46999702453614,STOP_LOSS,1,-2.500000000000005,-2.650000000000005,NEUTRAL,56.59974555533575,2.178489451045845,ZEEL,BSE,ZEEL.BO
EMA_MACD,SHORT,2026-08-31,2026-09-01,2026-09-04,94.48999786376952,96.85224781036375,89.76549797058104,91.33999633789062,TIME_EXIT,4,3.333687794575243,3.183687794575243,NEUTRAL,38.05447873789236,6.646691051303229,ZEEL,BSE,ZEEL.BO
RSI_ZONE,SHORT,2025-01-13,2025-01-14,2025-01-14,120.9499969482422,123.97374687194825,114.90249710083009,123.97374687194825,STOP_LOSS,1,-2.499999999999995,-2.649999999999995,NEUTRAL,39.58302417581305,4.74729336392103,ZEEL,BSE,ZEEL.BO
RSI_ZONE,LONG,2025-05-09,2025-05-12,2025-05-14,118.0500030517578,115.09875297546385,123.95250320434569,123.95250320434569,TARGET,3,5.0,4.85,NEUTRAL,60.30196606585508,4.0204003451433685,ZEEL,BSE,ZEEL.BO
RSI_ZONE,SHORT,2025-09-29,2025-09-30,2025-10-15,112.9499969482422,115.77374687194825,107.30249710083008,109.9499969482422,TIME_EXIT,11,2.6560425684426616,2.5060425684426617,BULL,39.68612013069695,1.373443223966631,ZEEL,BSE,ZEEL.BO
RSI_ZONE,SHORT,2026-03-02,2026-03-04,2026-03-09,83.0,85.07499999999999,78.85,78.85,TARGET,4,5.000000000000006,4.850000000000006,BEAR,36.529243631193374,3.3928381432358012,ZEEL,BSE,ZEEL.BO
RSI_ZONE,LONG,2026-06-01,2026-06-02,2026-06-03,94.4000015258789,92.04000148773193,99.12000160217285,92.04000148773193,STOP_LOSS,2,-2.500000000000006,-2.650000000000006,BEAR,62.981275723779035,4.411425811307514,ZEEL,BSE,ZEEL.BO
RSI_ZONE,SHORT,2026-08-05,2026-08-06,2026-08-11,95.0999984741211,97.47749843597411,90.34499855041504,90.34499855041504,TARGET,4,4.9999999999999964,4.849999999999996,BULL,38.33789254343202,6.528854700466999,ZEEL,BSE,ZEEL.BO
RSI_ZONE,SHORT,2026-08-31,2026-09-01,2026-09-04,94.48999786376952,96.85224781036375,89.76549797058104,91.33999633789062,TIME_EXIT,4,3.333687794575243,3.183687794575243,NEUTRAL,38.05447873789236,6.646691051303229,ZEEL,BSE,ZEEL.BO
EXT_3,SHORT,2025-09-29,2025-09-30,2025-10-15,112.9499969482422,115.77374687194825,107.30249710083008,109.9499969482422,TIME_EXIT,11,2.6560425684426616,2.5060425684426617,BULL,39.68612013069695,1.373443223966631,ZEEL,BSE,ZEEL.BO
EXT_3,LONG,2026-06-02,2026-06-03,2026-06-03,94.38999938964844,92.03024940490722,99.10949935913087,92.03024940490722,STOP_LOSS,1,-2.500000000000003,-2.650000000000003,BEAR,60.40989341837169,1.9761631055242073,ZEEL,BSE,ZEEL.BO
EXT_3,SHORT,2026-08-07,2026-08-10,2026-08-11,95.6999969482422,98.09249687194824,90.91499710083009,90.91499710083009,TARGET,2,5.0,4.85,BULL,39.07725212638855,2.7865764432839333,ZEEL,BSE,ZEEL.BO
EXT_3,SHORT,2026-09-03,2026-09-04,2026-09-04,92.41000366210938,94.7202537536621,87.7895034790039,91.33999633789062,TIME_EXIT,1,1.1578912258581395,1.0078912258581396,NEUTRAL,36.89696681717633,2.741944683249581,ZEEL,BSE,ZEEL.BO
RSI_ZONE_EXT_3,SHORT,2025-09-29,2025-09-30,2025-10-15,112.9499969482422,115.77374687194825,107.30249710083008,109.9499969482422,TIME_EXIT,11,2.6560425684426616,2.5060425684426617,BULL,39.68612013069695,1.373443223966631,ZEEL,BSE,ZEEL.BO
RSI_ZONE_EXT_3,LONG,2026-06-02,2026-06-03,2026-06-03,94.38999938964844,92.03024940490722,99.10949935913087,92.03024940490722,STOP_LOSS,1,-2.500000000000003,-2.650000000000003,BEAR,60.40989341837169,1.9761631055242073,ZEEL,BSE,ZEEL.BO
RSI_ZONE_EXT_3,SHORT,2026-08-07,2026-08-10,2026-08-11,95.6999969482422,98.09249687194824,90.91499710083009,90.91499710083009,TARGET,2,5.0,4.85,BULL,39.07725212638855,2.7865764432839333,ZEEL,BSE,ZEEL.BO
RSI_ZONE_EXT_3,SHORT,2026-09-03,2026-09-04,2026-09-04,92.41000366210938,94.7202537536621,87.7895034790039,91.33999633789062,TIME_EXIT,1,1.1578912258581395,1.0078912258581396,NEUTRAL,36.89696681717633,2.741944683249581,ZEEL,BSE,ZEEL.BO
RSI_ZONE_NO_NEUTRAL,SHORT,2025-09-29,2025-09-30,2025-10-15,112.9499969482422,115.77374687194825,107.30249710083008,109.9499969482422,TIME_EXIT,11,2.6560425684426616,2.5060425684426617,BULL,39.68612013069695,1.373443223966631,ZEEL,BSE,ZEEL.BO
RSI_ZONE_NO_NEUTRAL,SHORT,2026-03-02,2026-03-04,2026-03-09,83.0,85.07499999999999,78.85,78.85,TARGET,4,5.000000000000006,4.850000000000006,BEAR,36.529243631193374,3.3928381432358012,ZEEL,BSE,ZEEL.BO
RSI_ZONE_NO_NEUTRAL,LONG,2026-06-01,2026-06-02,2026-06-03,94.4000015258789,92.04000148773193,99.12000160217285,92.04000148773193,STOP_LOSS,2,-2.500000000000006,-2.650000000000006,BEAR,62.981275723779035,4.411425811307514,ZEEL,BSE,ZEEL.BO
RSI_ZONE_NO_NEUTRAL,SHORT,2026-08-05,2026-08-06,2026-08-11,95.0999984741211,97.47749843597411,90.34499855041504,90.34499855041504,TARGET,4,4.9999999999999964,4.849999999999996,BULL,38.33789254343202,6.528854700466999,ZEEL,BSE,ZEEL.BO
RSI_ZONE_EXT_3_NO_NEUTRAL,SHORT,2025-09-29,2025-09-30,2025-10-15,112.9499969482422,115.77374687194825,107.30249710083008,109.9499969482422,TIME_EXIT,11,2.6560425684426616,2.5060425684426617,BULL,39.68612013069695,1.373443223966631,ZEEL,BSE,ZEEL.BO
RSI_ZONE_EXT_3_NO_NEUTRAL,LONG,2026-06-02,2026-06-03,2026-06-03,94.38999938964844,92.03024940490722,99.10949935913087,92.03024940490722,STOP_LOSS,1,-2.500000000000003,-2.650000000000003,BEAR,60.40989341837169,1.9761631055242073,ZEEL,BSE,ZEEL.BO
RSI_ZONE_EXT_3_NO_NEUTRAL,SHORT,2026-08-07,2026-08-10,2026-08-11,95.6999969482422,98.09249687194824,90.91499710083009,90.91499710083009,TARGET,2,5.0,4.85,BULL,39.07725212638855,2.7865764432839333,ZEEL,BSE,ZEEL.BO
BASE_CURRENT,SHORT,2025-03-26,2025-03-27,2025-03-28,204.25,209.35625,194.0375,209.35625,STOP_LOSS,2,-2.4999999999999947,-2.6499999999999946,NEUTRAL,38.53018623915387,4.529963264844209,ETERNAL,BSE,ETERNAL.BO
BASE_CURRENT,LONG,2025-06-05,2025-06-06,2025-06-12,257.95001220703125,251.50126190185546,270.84751281738284,251.50126190185546,STOP_LOSS,5,-2.5000000000000044,-2.6500000000000044,NEUTRAL,64.98962538139348,4.791462607672839,ETERNAL,BSE,ETERNAL.BO
BASE_CURRENT,SHORT,2026-01-23,2026-01-27,2026-01-29,260.8999938964844,267.42249374389644,247.85499420166013,267.42249374389644,STOP_LOSS,3,-2.4999999999999822,-2.649999999999982,BEAR,34.515281732150356,5.222490597843818,ETERNAL,BSE,ETERNAL.BO
BASE_CURRENT,SHORT,2026-02-24,2026-02-25,2026-03-02,255.5,261.8875,242.725,242.725,TARGET,4,5.000000000000003,4.850000000000002,NEUTRAL,34.008327892887266,4.8944081224855625,ETERNAL,BSE,ETERNAL.BO
BASE_CURRENT,SHORT,2026-06-11,2026-06-12,2026-06-15,239.6999969482422,245.6924968719482,227.71499710083006,245.6924968719482,STOP_LOSS,2,-2.499999999999986,-2.6499999999999857,BEAR,38.94709494690468,2.992699296335372,ETERNAL,BSE,ETERNAL.BO
BASE_CURRENT,LONG,2026-06-19,2026-06-22,2026-06-23,265.8500061035156,259.2037559509277,279.1425064086914,259.2037559509277,STOP_LOSS,2,-2.500000000000013,-2.650000000000013,BEAR,62.17785798347102,2.6348693521492175,ETERNAL,BSE,ETERNAL.BO
EMA_MACD,SHORT,2025-03-26,2025-03-27,2025-03-28,204.25,209.35625,194.0375,209.35625,STOP_LOSS,2,-2.4999999999999947,-2.6499999999999946,NEUTRAL,38.53018623915387,4.529963264844209,ETERNAL,BSE,ETERNAL.BO
EMA_MACD,LONG,2025-06-03,2025-06-04,2025-06-05,236.1999969482422,230.29499702453612,248.0099967956543,248.0099967956543,TARGET,2,5.000000000000003,4.850000000000002,NEUTRAL,54.35229381282299,0.8140257848297437,ETERNAL,BSE,ETERNAL.BO
EMA_MACD,SHORT,2026-01-22,2026-01-23,2026-01-23,276.04998779296875,282.9512374877929,262.2474884033203,262.2474884033203,TARGET,1,5.000000000000008,4.850000000000008,NEUTRAL,43.02357646921211,1.438581952347875,ETERNAL,BSE,ETERNAL.BO
EMA_MACD,SHORT,2026-02-19,2026-02-20,2026-02-24,269.5,276.23749999999995,256.025,256.025,TARGET,3,5.000000000000009,4.8500000000000085,NEUTRAL,42.65925910593664,2.856037159897667,ETERNAL,BSE,ETERNAL.BO
EMA_MACD,SHORT,2026-05-14,2026-05-15,2026-05-26,244.6999969482422,250.8174968719482,232.46499710083006,250.8174968719482,STOP_LOSS,8,-2.499999999999986,-2.6499999999999857,BEAR,48.004580221836775,0.32813163070218576,ETERNAL,BSE,ETERNAL.BO
EMA_MACD,LONG,2026-05-27,2026-05-28,2026-05-29,256.54998779296875,250.13623809814453,269.3774871826172,250.13623809814453,STOP_LOSS,2,-2.5,-2.65,BEAR,58.68974110447428,2.692163857739065,ETERNAL,BSE,ETERNAL.BO
EMA_MACD,SHORT,2026-06-10,2026-06-11,2026-06-15,238.4499969482422,244.4112468719482,226.52749710083006,244.4112468719482,STOP_LOSS,3,-2.499999999999986,-2.6499999999999857,BEAR,42.048369317507856,2.655551293693079,ETERNAL,BSE,ETERNAL.BO
EMA_MACD,LONG,2026-06-17,2026-06-18,2026-07-01,256.8999938964844,250.47749404907225,269.7449935913086,269.7449935913086,TARGET,10,5.000000000000013,4.850000000000013,BEAR,58.2815527202127,2.66526946763639,ETERNAL,BSE,ETERNAL.BO
RSI_ZONE,SHORT,2025-03-26,2025-03-27,2025-03-28,204.25,209.35625,194.0375,209.35625,STOP_LOSS,2,-2.4999999999999947,-2.6499999999999946,NEUTRAL,38.53018623915387,4.529963264844209,ETERNAL,BSE,ETERNAL.BO
RSI_ZONE,LONG,2025-06-05,2025-06-06,2025-06-12,257.95001220703125,251.50126190185546,270.84751281738284,251.50126190185546,STOP_LOSS,5,-2.5000000000000044,-2.6500000000000044,NEUTRAL,64.98962538139348,4.791462607672839,ETERNAL,BSE,ETERNAL.BO
RSI_ZONE,SHORT,2026-01-23,2026-01-27,2026-01-29,260.8999938964844,267.42249374389644,247.85499420166013,267.42249374389644,STOP_LOSS,3,-2.4999999999999822,-2.649999999999982,BEAR,34.515281732150356,5.222490597843818,ETERNAL,BSE,ETERNAL.BO
RSI_ZONE,SHORT,2026-02-24,2026-02-25,2026-03-02,255.5,261.8875,242.725,242.725,TARGET,4,5.000000000000003,4.850000000000002,NEUTRAL,34.008327892887266,4.8944081224855625,ETERNAL,BSE,ETERNAL.BO
RSI_ZONE,SHORT,2026-06-11,2026-06-12,2026-06-15,239.6999969482422,245.6924968719482,227.71499710083006,245.6924968719482,STOP_LOSS,2,-2.499999999999986,-2.6499999999999857,BEAR,38.94709494690468,2.992699296335372,ETERNAL,BSE,ETERNAL.BO
RSI_ZONE,LONG,2026-06-19,2026-06-22,2026-06-23,265.8500061035156,259.2037559509277,279.1425064086914,259.2037559509277,STOP_LOSS,2,-2.500000000000013,-2.650000000000013,BEAR,62.17785798347102,2.6348693521492175,ETERNAL,BSE,ETERNAL.BO
EXT_3,SHORT,2025-03-28,2025-04-01,2025-04-02,202.9499969482422,208.02374687194822,192.80249710083007,208.02374687194822,STOP_LOSS,2,-2.499999999999989,-2.649999999999989,NEUTRAL,38.19614711271881,2.906414245879529,ETERNAL,BSE,ETERNAL.BO
EXT_3,SHORT,2026-06-11,2026-06-12,2026-06-15,239.6999969482422,245.6924968719482,227.71499710083006,245.6924968719482,STOP_LOSS,2,-2.499999999999986,-2.6499999999999857,BEAR,38.94709494690468,2.992699296335372,ETERNAL,BSE,ETERNAL.BO
EXT_3,LONG,2026-06-19,2026-06-22,2026-06-23,265.8500061035156,259.2037559509277,279.1425064086914,259.2037559509277,STOP_LOSS,2,-2.500000000000013,-2.650000000000013,BEAR,62.17785798347102,2.6348693521492175,ETERNAL,BSE,ETERNAL.BO
RSI_ZONE_EXT_3,SHORT,2025-03-28,2025-04-01,2025-04-02,202.9499969482422,208.02374687194822,192.80249710083007,208.02374687194822,STOP_LOSS,2,-2.499999999999989,-2.649999999999989,NEUTRAL,38.19614711271881,2.906414245879529,ETERNAL,BSE,ETERNAL.BO
RSI_ZONE_EXT_3,SHORT,2026-06-11,2026-06-12,2026-06-15,239.6999969482422,245.6924968719482,227.71499710083006,245.6924968719482,STOP_LOSS,2,-2.499999999999986,-2.6499999999999857,BEAR,38.94709494690468,2.992699296335372,ETERNAL,BSE,ETERNAL.BO
RSI_ZONE_EXT_3,LONG,2026-06-19,2026-06-22,2026-06-23,265.8500061035156,259.2037559509277,279.1425064086914,259.2037559509277,STOP_LOSS,2,-2.500000000000013,-2.650000000000013,BEAR,62.17785798347102,2.6348693521492175,ETERNAL,BSE,ETERNAL.BO
RSI_ZONE_NO_NEUTRAL,SHORT,2026-01-23,2026-01-27,2026-01-29,260.8999938964844,267.42249374389644,247.85499420166013,267.42249374389644,STOP_LOSS,3,-2.4999999999999822,-2.649999999999982,BEAR,34.515281732150356,5.222490597843818,ETERNAL,BSE,ETERNAL.BO
RSI_ZONE_NO_NEUTRAL,SHORT,2026-06-11,2026-06-12,2026-06-15,239.6999969482422,245.6924968719482,227.71499710083006,245.6924968719482,STOP_LOSS,2,-2.499999999999986,-2.6499999999999857,BEAR,38.94709494690468,2.992699296335372,ETERNAL,BSE,ETERNAL.BO
RSI_ZONE_NO_NEUTRAL,LONG,2026-06-19,2026-06-22,2026-06-23,265.8500061035156,259.2037559509277,279.1425064086914,259.2037559509277,STOP_LOSS,2,-2.500000000000013,-2.650000000000013,BEAR,62.17785798347102,2.6348693521492175,ETERNAL,BSE,ETERNAL.BO
RSI_ZONE_EXT_3_NO_NEUTRAL,SHORT,2026-06-11,2026-06-12,2026-06-15,239.6999969482422,245.6924968719482,227.71499710083006,245.6924968719482,STOP_LOSS,2,-2.499999999999986,-2.6499999999999857,BEAR,38.94709494690468,2.992699296335372,ETERNAL,BSE,ETERNAL.BO
RSI_ZONE_EXT_3_NO_NEUTRAL,LONG,2026-06-19,2026-06-22,2026-06-23,265.8500061035156,259.2037559509277,279.1425064086914,259.2037559509277,STOP_LOSS,2,-2.500000000000013,-2.650000000000013,BEAR,62.17785798347102,2.6348693521492175,ETERNAL,BSE,ETERNAL.BO
BASE_CURRENT,SHORT,2026-05-14,2026-05-15,2026-05-18,156.6999969482422,160.61749687194822,148.86499710083007,148.86499710083007,TARGET,2,5.000000000000007,4.850000000000007,BEAR,28.771215733394413,10.64364479023191,PINELABS,BSE,PINELABS.BO
BASE_CURRENT,SHORT,2026-07-08,2026-07-09,2026-07-10,143.0,146.575,135.85,146.575,STOP_LOSS,2,-2.499999999999992,-2.649999999999992,NEUTRAL,36.602114165925485,4.830737671930246,PINELABS,BSE,PINELABS.BO
EMA_MACD,SHORT,2026-01-29,2026-01-30,2026-01-30,223.4499969482422,229.03624687194824,212.27749710083006,229.03624687194824,STOP_LOSS,1,-2.4999999999999973,-2.6499999999999972,NEUTRAL,41.68775590301116,2.6076111786614367,PINELABS,BSE,PINELABS.BO
EMA_MACD,SHORT,2026-05-14,2026-05-15,2026-05-18,156.6999969482422,160.61749687194822,148.86499710083007,148.86499710083007,TARGET,2,5.000000000000007,4.850000000000007,BEAR,28.771215733394413,10.64364479023191,PINELABS,BSE,PINELABS.BO
EMA_MACD,SHORT,2026-07-08,2026-07-09,2026-07-10,143.0,146.575,135.85,146.575,STOP_LOSS,2,-2.499999999999992,-2.649999999999992,NEUTRAL,36.602114165925485,4.830737671930246,PINELABS,BSE,PINELABS.BO
EMA_MACD,SHORT,2026-07-22,2026-07-23,2026-07-23,146.35000610351562,150.0087562561035,139.03250579833983,150.0087562561035,STOP_LOSS,1,-2.499999999999996,-2.649999999999996,NEUTRAL,42.815768745071615,2.2027712708520846,PINELABS,BSE,PINELABS.BO
EMA_MACD,LONG,2026-08-10,2026-08-11,2026-08-11,162.35000610351562,158.29125595092773,170.4675064086914,170.4675064086914,TARGET,1,5.0,4.85,BULL,59.90719985265081,4.362074512527189,PINELABS,BSE,PINELABS.BO
RSI_ZONE,SHORT,2026-07-08,2026-07-09,2026-07-10,143.0,146.575,135.85,146.575,STOP_LOSS,2,-2.499999999999992,-2.649999999999992,NEUTRAL,36.602114165925485,4.830737671930246,PINELABS,BSE,PINELABS.BO
EXT_3,SHORT,2026-07-09,2026-07-10,2026-07-13,144.14999389648438,147.75374374389648,136.94249420166014,147.75374374389648,STOP_LOSS,2,-2.499999999999996,-2.649999999999996,NEUTRAL,38.418117772109376,2.674949745386481,PINELABS,BSE,PINELABS.BO
RSI_ZONE_EXT_3,SHORT,2026-07-09,2026-07-10,2026-07-13,144.14999389648438,147.75374374389648,136.94249420166014,147.75374374389648,STOP_LOSS,2,-2.499999999999996,-2.649999999999996,NEUTRAL,38.418117772109376,2.674949745386481,PINELABS,BSE,PINELABS.BO
BASE_CURRENT,SHORT,2024-12-23,2024-12-24,2025-01-03,457.3500061035156,468.78375625610346,434.48250579833984,468.78375625610346,STOP_LOSS,8,-2.4999999999999876,-2.6499999999999875,NEUTRAL,34.3537020127567,3.3197369416967306,PFC,BSE,PFC.BO
BASE_CURRENT,LONG,2025-04-21,2025-04-22,2025-04-23,436.1000061035156,425.19750595092773,457.9050064086914,425.19750595092773,STOP_LOSS,2,-2.5,-2.65,NEUTRAL,62.22846100016314,2.9665396566736,PFC,BSE,PFC.BO
BASE_CURRENT,LONG,2025-06-09,2025-06-10,2025-06-12,435.0,424.125,456.75,424.125,STOP_LOSS,3,-2.5,-2.65,NEUTRAL,62.17277777639705,3.1348237467078244,PFC,BSE,PFC.BO
BASE_CURRENT,SHORT,2025-06-19,2025-06-20,2025-06-20,398.9500122070313,408.9237625122071,379.0025115966797,408.9237625122071,STOP_LOSS,1,-2.4999999999999964,-2.6499999999999964,NEUTRAL,36.97426079582513,2.611325166880861,PFC,BSE,PFC.BO
BASE_CURRENT,LONG,2025-06-30,2025-07-01,2025-07-02,428.6499938964844,417.93374404907223,450.0824935913086,417.93374404907223,STOP_LOSS,2,-2.500000000000008,-2.650000000000008,BULL,60.0495007826535,1.8174706811130295,PFC,BSE,PFC.BO
BASE_CURRENT,SHORT,2025-08-21,2025-08-22,2025-08-29,400.7000122070313,410.71751251220707,380.66501159667973,380.66501159667973,TARGET,5,5.000000000000003,4.850000000000002,NEUTRAL,39.92555375968667,1.4658048605266076,PFC,BSE,PFC.BO
BASE_CURRENT,SHORT,2025-11-06,2025-11-07,2025-11-07,384.5499877929688,394.163737487793,365.32248840332034,394.163737487793,STOP_LOSS,1,-2.4999999999999964,-2.6499999999999964,BULL,37.43777701410352,2.454265461930532,PFC,BSE,PFC.BO
BASE_CURRENT,LONG,2026-01-28,2026-01-29,2026-02-02,383.7000122070313,374.1075119018555,402.8850128173829,374.1075119018555,STOP_LOSS,3,-2.5000000000000058,-2.6500000000000057,NEUTRAL,61.68948822832831,3.7189045047143385,PFC,BSE,PFC.BO
BASE_CURRENT,LONG,2026-04-10,2026-04-13,2026-04-15,424.5,413.8875,445.725,445.725,TARGET,2,5.000000000000005,4.850000000000005,BEAR,61.91417832075448,3.221763219818187,PFC,BSE,PFC.BO
BASE_CURRENT,SHORT,2026-08-10,2026-08-11,2026-08-20,386.0,395.65,366.7,366.7,TARGET,8,5.000000000000003,4.850000000000002,BULL,29.752343006922132,5.362836214585637,PFC,BSE,PFC.BO
EMA_MACD,SHORT,2024-12-23,2024-12-24,2025-01-03,457.3500061035156,468.78375625610346,434.48250579833984,468.78375625610346,STOP_LOSS,8,-2.4999999999999876,-2.6499999999999875,NEUTRAL,34.3537020127567,3.3197369416967306,PFC,BSE,PFC.BO
EMA_MACD,LONG,2025-04-16,2025-04-17,2025-04-22,422.5,411.9375,443.625,443.625,TARGET,3,5.0,4.85,NEUTRAL,57.8427890654734,2.383832176931805,PFC,BSE,PFC.BO
EMA_MACD,LONG,2025-05-19,2025-05-20,2025-05-20,419.5,409.0125,440.475,409.0125,STOP_LOSS,1,-2.5000000000000027,-2.6500000000000026,NEUTRAL,54.5638348745056,1.5294966404045303,PFC,BSE,PFC.BO
EMA_MACD,LONG,2025-05-21,2025-05-22,2025-05-22,413.7000122070313,403.3575119018555,434.3850128173829,403.3575119018555,STOP_LOSS,1,-2.500000000000005,-2.650000000000005,NEUTRAL,51.34242461943826,0.317586203415688,PFC,BSE,PFC.BO
EMA_MACD,SHORT,2025-05-23,2025-05-26,2025-05-28,406.8500061035156,417.02125625610347,386.5075057983398,417.02125625610347,STOP_LOSS,3,-2.499999999999989,-2.649999999999989,NEUTRAL,48.105880560912475,0.6520440281389858,PFC,BSE,PFC.BO
EMA_MACD,SHORT,2025-06-03,2025-06-04,2025-06-06,408.5,418.7125,388.075,418.7125,STOP_LOSS,3,-2.4999999999999947,-2.6499999999999946,NEUTRAL,48.29031336064077,0.4107283914369867,PFC,BSE,PFC.BO
EMA_MACD,SHORT,2025-06-18,2025-06-19,2025-06-20,395.8999938964844,405.79749374389644,376.10499420166013,405.79749374389644,STOP_LOSS,2,-2.4999999999999885,-2.6499999999999884,NEUTRAL,40.55855259105828,2.0787196331798907,PFC,BSE,PFC.BO
EMA_MACD,LONG,2025-06-26,2025-06-27,2025-07-04,423.0,412.425,444.15000000000003,412.425,STOP_LOSS,6,-2.4999999999999973,-2.6499999999999972,BULL,55.99035666144055,1.6499481596311865,PFC,BSE,PFC.BO
EMA_MACD,SHORT,2025-08-19,2025-08-20,2025-08-26,411.0,421.275,390.45,390.45,TARGET,5,5.000000000000003,4.850000000000002,NEUTRAL,46.549368405444305,0.5088844627146237,PFC,BSE,PFC.BO
EMA_MACD,SHORT,2025-10-14,2025-10-15,2025-10-29,399.8999938964844,409.89749374389646,379.90499420166014,409.89749374389646,STOP_LOSS,10,-2.4999999999999942,-2.649999999999994,BULL,43.24958910888926,1.0988888758362048,PFC,BSE,PFC.BO
EMA_MACD,SHORT,2025-11-06,2025-11-07,2025-11-07,384.5499877929688,394.163737487793,365.32248840332034,394.163737487793,STOP_LOSS,1,-2.4999999999999964,-2.6499999999999964,BULL,37.43777701410352,2.454265461930532,PFC,BSE,PFC.BO
EMA_MACD,LONG,2026-01-28,2026-01-29,2026-02-02,383.7000122070313,374.1075119018555,402.8850128173829,374.1075119018555,STOP_LOSS,3,-2.5000000000000058,-2.6500000000000057,NEUTRAL,61.68948822832831,3.7189045047143385,PFC,BSE,PFC.BO
EMA_MACD,LONG,2026-04-08,2026-04-09,2026-04-15,418.1499938964844,407.6962440490723,439.0574935913086,439.0574935913086,TARGET,4,5.000000000000008,4.850000000000008,BEAR,55.61121345734398,2.35622035188195,PFC,BSE,PFC.BO
EMA_MACD,SHORT,2026-08-10,2026-08-11,2026-08-20,386.0,395.65,366.7,366.7,TARGET,8,5.000000000000003,4.850000000000002,BULL,29.752343006922132,5.362836214585637,PFC,BSE,PFC.BO
RSI_ZONE,SHORT,2024-12-23,2024-12-24,2025-01-03,457.3500061035156,468.78375625610346,434.48250579833984,468.78375625610346,STOP_LOSS,8,-2.4999999999999876,-2.6499999999999875,NEUTRAL,34.3537020127567,3.3197369416967306,PFC,BSE,PFC.BO
RSI_ZONE,LONG,2025-04-21,2025-04-22,2025-04-23,436.1000061035156,425.19750595092773,457.9050064086914,425.19750595092773,STOP_LOSS,2,-2.5,-2.65,NEUTRAL,62.22846100016314,2.9665396566736,PFC,BSE,PFC.BO
RSI_ZONE,LONG,2025-06-09,2025-06-10,2025-06-12,435.0,424.125,456.75,424.125,STOP_LOSS,3,-2.5,-2.65,NEUTRAL,62.17277777639705,3.1348237467078244,PFC,BSE,PFC.BO
RSI_ZONE,SHORT,2025-06-19,2025-06-20,2025-06-20,398.9500122070313,408.9237625122071,379.0025115966797,408.9237625122071,STOP_LOSS,1,-2.4999999999999964,-2.6499999999999964,NEUTRAL,36.97426079582513,2.611325166880861,PFC,BSE,PFC.BO
RSI_ZONE,LONG,2025-06-30,2025-07-01,2025-07-02,428.6499938964844,417.93374404907223,450.0824935913086,417.93374404907223,STOP_LOSS,2,-2.500000000000008,-2.650000000000008,BULL,60.0495007826535,1.8174706811130295,PFC,BSE,PFC.BO
RSI_ZONE,SHORT,2025-08-21,2025-08-22,2025-08-29,400.7000122070313,410.71751251220707,380.66501159667973,380.66501159667973,TARGET,5,5.000000000000003,4.850000000000002,NEUTRAL,39.92555375968667,1.4658048605266076,PFC,BSE,PFC.BO
RSI_ZONE,SHORT,2025-11-06,2025-11-07,2025-11-07,384.5499877929688,394.163737487793,365.32248840332034,394.163737487793,STOP_LOSS,1,-2.4999999999999964,-2.6499999999999964,BULL,37.43777701410352,2.454265461930532,PFC,BSE,PFC.BO
RSI_ZONE,LONG,2026-01-28,2026-01-29,2026-02-02,383.7000122070313,374.1075119018555,402.8850128173829,374.1075119018555,STOP_LOSS,3,-2.5000000000000058,-2.6500000000000057,NEUTRAL,61.68948822832831,3.7189045047143385,PFC,BSE,PFC.BO
RSI_ZONE,LONG,2026-04-10,2026-04-13,2026-04-15,424.5,413.8875,445.725,445.725,TARGET,2,5.000000000000005,4.850000000000005,BEAR,61.91417832075448,3.221763219818187,PFC,BSE,PFC.BO
EXT_3,LONG,2025-04-21,2025-04-22,2025-04-23,436.1000061035156,425.19750595092773,457.9050064086914,425.19750595092773,STOP_LOSS,2,-2.5,-2.65,NEUTRAL,62.22846100016314,2.9665396566736,PFC,BSE,PFC.BO
EXT_3,LONG,2025-06-10,2025-06-11,2025-06-12,433.75,422.90625,455.4375,422.90625,STOP_LOSS,2,-2.5,-2.65,NEUTRAL,62.38339702312969,2.138557723473335,PFC,BSE,PFC.BO
EXT_3,SHORT,2025-06-19,2025-06-20,2025-06-20,398.9500122070313,408.9237625122071,379.0025115966797,408.9237625122071,STOP_LOSS,1,-2.4999999999999964,-2.6499999999999964,NEUTRAL,36.97426079582513,2.611325166880861,PFC,BSE,PFC.BO
EXT_3,LONG,2025-06-30,2025-07-01,2025-07-02,428.6499938964844,417.93374404907223,450.0824935913086,417.93374404907223,STOP_LOSS,2,-2.500000000000008,-2.650000000000008,BULL,60.0495007826535,1.8174706811130295,PFC,BSE,PFC.BO
EXT_3,SHORT,2025-08-21,2025-08-22,2025-08-29,400.7000122070313,410.71751251220707,380.66501159667973,380.66501159667973,TARGET,5,5.000000000000003,4.850000000000002,NEUTRAL,39.92555375968667,1.4658048605266076,PFC,BSE,PFC.BO
EXT_3,SHORT,2025-11-06,2025-11-07,2025-11-07,384.5499877929688,394.163737487793,365.32248840332034,394.163737487793,STOP_LOSS,1,-2.4999999999999964,-2.6499999999999964,BULL,37.43777701410352,2.454265461930532,PFC,BSE,PFC.BO
EXT_3,LONG,2026-02-02,2026-02-03,2026-02-03,404.0,393.9,424.20000000000005,393.9,STOP_LOSS,1,-2.5000000000000058,-2.6500000000000057,BEAR,60.978599907682586,1.5960912330774364,PFC,BSE,PFC.BO
EXT_3,LONG,2026-04-13,2026-04-15,2026-04-16,435.1000061035156,424.2225059509277,456.85500640869145,456.85500640869145,TARGET,2,5.000000000000011,4.85000000000001,BEAR,61.29963310017867,1.9544201252632756,PFC,BSE,PFC.BO
EXT_3,SHORT,2026-08-13,2026-08-14,2026-08-27,376.5499877929688,385.96373748779297,357.72248840332037,357.72248840332037,TARGET,10,5.0,4.85,NEUTRAL,28.375835902685793,2.2448318174896573,PFC,BSE,PFC.BO
RSI_ZONE_EXT_3,LONG,2025-04-21,2025-04-22,2025-04-23,436.1000061035156,425.19750595092773,457.9050064086914,425.19750595092773,STOP_LOSS,2,-2.5,-2.65,NEUTRAL,62.22846100016314,2.9665396566736,PFC,BSE,PFC.BO
RSI_ZONE_EXT_3,LONG,2025-06-10,2025-06-11,2025-06-12,433.75,422.90625,455.4375,422.90625,STOP_LOSS,2,-2.5,-2.65,NEUTRAL,62.38339702312969,2.138557723473335,PFC,BSE,PFC.BO
RSI_ZONE_EXT_3,SHORT,2025-06-19,2025-06-20,2025-06-20,398.9500122070313,408.9237625122071,379.0025115966797,408.9237625122071,STOP_LOSS,1,-2.4999999999999964,-2.6499999999999964,NEUTRAL,36.97426079582513,2.611325166880861,PFC,BSE,PFC.BO
RSI_ZONE_EXT_3,LONG,2025-06-30,2025-07-01,2025-07-02,428.6499938964844,417.93374404907223,450.0824935913086,417.93374404907223,STOP_LOSS,2,-2.500000000000008,-2.650000000000008,BULL,60.0495007826535,1.8174706811130295,PFC,BSE,PFC.BO
RSI_ZONE_EXT_3,SHORT,2025-08-21,2025-08-22,2025-08-29,400.7000122070313,410.71751251220707,380.66501159667973,380.66501159667973,TARGET,5,5.000000000000003,4.850000000000002,NEUTRAL,39.92555375968667,1.4658048605266076,PFC,BSE,PFC.BO
RSI_ZONE_EXT_3,SHORT,2025-11-06,2025-11-07,2025-11-07,384.5499877929688,394.163737487793,365.32248840332034,394.163737487793,STOP_LOSS,1,-2.4999999999999964,-2.6499999999999964,BULL,37.43777701410352,2.454265461930532,PFC,BSE,PFC.BO
RSI_ZONE_EXT_3,LONG,2026-02-02,2026-02-03,2026-02-03,404.0,393.9,424.20000000000005,393.9,STOP_LOSS,1,-2.5000000000000058,-2.6500000000000057,BEAR,60.978599907682586,1.5960912330774364,PFC,BSE,PFC.BO
RSI_ZONE_EXT_3,LONG,2026-04-13,2026-04-15,2026-04-16,435.1000061035156,424.2225059509277,456.85500640869145,456.85500640869145,TARGET,2,5.000000000000011,4.85000000000001,BEAR,61.29963310017867,1.9544201252632756,PFC,BSE,PFC.BO
RSI_ZONE_NO_NEUTRAL,LONG,2025-06-30,2025-07-01,2025-07-02,428.6499938964844,417.93374404907223,450.0824935913086,417.93374404907223,STOP_LOSS,2,-2.500000000000008,-2.650000000000008,BULL,60.0495007826535,1.8174706811130295,PFC,BSE,PFC.BO
RSI_ZONE_NO_NEUTRAL,SHORT,2025-11-06,2025-11-07,2025-11-07,384.5499877929688,394.163737487793,365.32248840332034,394.163737487793,STOP_LOSS,1,-2.4999999999999964,-2.6499999999999964,BULL,37.43777701410352,2.454265461930532,PFC,BSE,PFC.BO
RSI_ZONE_NO_NEUTRAL,LONG,2026-02-02,2026-02-03,2026-02-03,404.0,393.9,424.20000000000005,393.9,STOP_LOSS,1,-2.5000000000000058,-2.6500000000000057,BEAR,60.978599907682586,1.5960912330774364,PFC,BSE,PFC.BO
RSI_ZONE_NO_NEUTRAL,LONG,2026-04-10,2026-04-13,2026-04-15,424.5,413.8875,445.725,445.725,TARGET,2,5.000000000000005,4.850000000000005,BEAR,61.91417832075448,3.221763219818187,PFC,BSE,PFC.BO
RSI_ZONE_EXT_3_NO_NEUTRAL,LONG,2025-06-30,2025-07-01,2025-07-02,428.6499938964844,417.93374404907223,450.0824935913086,417.93374404907223,STOP_LOSS,2,-2.500000000000008,-2.650000000000008,BULL,60.0495007826535,1.8174706811130295,PFC,BSE,PFC.BO
RSI_ZONE_EXT_3_NO_NEUTRAL,SHORT,2025-11-06,2025-11-07,2025-11-07,384.5499877929688,394.163737487793,365.32248840332034,394.163737487793,STOP_LOSS,1,-2.4999999999999964,-2.6499999999999964,BULL,37.43777701410352,2.454265461930532,PFC,BSE,PFC.BO
RSI_ZONE_EXT_3_NO_NEUTRAL,LONG,2026-02-02,2026-02-03,2026-02-03,404.0,393.9,424.20000000000005,393.9,STOP_LOSS,1,-2.5000000000000058,-2.6500000000000057,BEAR,60.978599907682586,1.5960912330774364,PFC,BSE,PFC.BO
RSI_ZONE_EXT_3_NO_NEUTRAL,LONG,2026-04-13,2026-04-15,2026-04-16,435.1000061035156,424.2225059509277,456.85500640869145,456.85500640869145,TARGET,2,5.000000000000011,4.85000000000001,BEAR,61.29963310017867,1.9544201252632756,PFC,BSE,PFC.BO
BASE_CURRENT,LONG,2025-10-16,2025-10-17,2025-10-17,449.2999877929688,438.06748809814457,471.7649871826173,438.06748809814457,STOP_LOSS,1,-2.5000000000000044,-2.6500000000000044,BULL,62.04939894817539,1.8824092327433526,SWIGGY,BSE,SWIGGY.BO
BASE_CURRENT,LONG,2026-07-29,2026-07-30,2026-08-03,287.04998779296875,279.87373809814454,301.4024871826172,279.87373809814454,STOP_LOSS,3,-2.499999999999996,-2.649999999999996,NEUTRAL,63.243151299659914,5.928739274129788,SWIGGY,BSE,SWIGGY.BO
EMA_MACD,LONG,2025-10-13,2025-10-14,2025-10-16,434.8500061035156,423.97875595092773,456.5925064086914,456.5925064086914,TARGET,3,5.0,4.85,BULL,54.735622597485786,0.8921775882609305,SWIGGY,BSE,SWIGGY.BO
EMA_MACD,SHORT,2025-12-29,2025-12-30,2026-01-06,394.5,404.36249999999995,374.775,374.775,TARGET,6,5.000000000000006,4.850000000000006,BULL,46.25954472370161,0.872090136889974,SWIGGY,BSE,SWIGGY.BO
EMA_MACD,LONG,2026-07-29,2026-07-30,2026-08-03,287.04998779296875,279.87373809814454,301.4024871826172,279.87373809814454,STOP_LOSS,3,-2.499999999999996,-2.649999999999996,NEUTRAL,63.243151299659914,5.928739274129788,SWIGGY,BSE,SWIGGY.BO
RSI_ZONE,LONG,2025-10-16,2025-10-17,2025-10-17,449.2999877929688,438.06748809814457,471.7649871826173,438.06748809814457,STOP_LOSS,1,-2.5000000000000044,-2.6500000000000044,BULL,62.04939894817539,1.8824092327433526,SWIGGY,BSE,SWIGGY.BO
RSI_ZONE,LONG,2026-07-29,2026-07-30,2026-08-03,287.04998779296875,279.87373809814454,301.4024871826172,279.87373809814454,STOP_LOSS,3,-2.499999999999996,-2.649999999999996,NEUTRAL,63.243151299659914,5.928739274129788,SWIGGY,BSE,SWIGGY.BO
EXT_3,LONG,2025-10-16,2025-10-17,2025-10-17,449.2999877929688,438.06748809814457,471.7649871826173,438.06748809814457,STOP_LOSS,1,-2.5000000000000044,-2.6500000000000044,BULL,62.04939894817539,1.8824092327433526,SWIGGY,BSE,SWIGGY.BO
EXT_3,LONG,2026-08-03,2026-08-04,2026-08-06,287.29998779296875,280.1174880981445,301.6649871826172,301.6649871826172,TARGET,3,5.000000000000008,4.850000000000008,BULL,60.43130894268119,1.443434400520379,SWIGGY,BSE,SWIGGY.BO
RSI_ZONE_EXT_3,LONG,2025-10-16,2025-10-17,2025-10-17,449.2999877929688,438.06748809814457,471.7649871826173,438.06748809814457,STOP_LOSS,1,-2.5000000000000044,-2.6500000000000044,BULL,62.04939894817539,1.8824092327433526,SWIGGY,BSE,SWIGGY.BO
RSI_ZONE_EXT_3,LONG,2026-08-03,2026-08-04,2026-08-06,287.29998779296875,280.1174880981445,301.6649871826172,301.6649871826172,TARGET,3,5.000000000000008,4.850000000000008,BULL,60.43130894268119,1.443434400520379,SWIGGY,BSE,SWIGGY.BO
RSI_ZONE_NO_NEUTRAL,LONG,2025-10-16,2025-10-17,2025-10-17,449.2999877929688,438.06748809814457,471.7649871826173,438.06748809814457,STOP_LOSS,1,-2.5000000000000044,-2.6500000000000044,BULL,62.04939894817539,1.8824092327433526,SWIGGY,BSE,SWIGGY.BO
RSI_ZONE_NO_NEUTRAL,LONG,2026-08-03,2026-08-04,2026-08-06,287.29998779296875,280.1174880981445,301.6649871826172,301.6649871826172,TARGET,3,5.000000000000008,4.850000000000008,BULL,60.43130894268119,1.443434400520379,SWIGGY,BSE,SWIGGY.BO
RSI_ZONE_EXT_3_NO_NEUTRAL,LONG,2025-10-16,2025-10-17,2025-10-17,449.2999877929688,438.06748809814457,471.7649871826173,438.06748809814457,STOP_LOSS,1,-2.5000000000000044,-2.6500000000000044,BULL,62.04939894817539,1.8824092327433526,SWIGGY,BSE,SWIGGY.BO
RSI_ZONE_EXT_3_NO_NEUTRAL,LONG,2026-08-03,2026-08-04,2026-08-06,287.29998779296875,280.1174880981445,301.6649871826172,301.6649871826172,TARGET,3,5.000000000000008,4.850000000000008,BULL,60.43130894268119,1.443434400520379,SWIGGY,BSE,SWIGGY.BO
BASE_CURRENT,SHORT,2024-12-20,2024-12-23,2025-01-07,78.83999633789062,80.81099624633788,74.89799652099609,76.66000366210938,TIME_EXIT,11,2.7650846994440337,2.6150846994440338,NEUTRAL,36.34406894308334,3.140420046019238,GMRAIRPORT,BSE,GMRAIRPORT.BO
BASE_CURRENT,LONG,2025-07-02,2025-07-03,2025-07-17,90.19000244140624,87.93525238037108,94.69950256347656,94.69950256347656,TARGET,11,5.00000000000001,4.850000000000009,BULL,63.34881056919642,2.709643799988911,GMRAIRPORT,BSE,GMRAIRPORT.BO
BASE_CURRENT,LONG,2025-09-17,2025-09-18,2025-09-22,91.86000061035156,89.56350059509278,96.45300064086915,89.56350059509278,STOP_LOSS,3,-2.499999999999997,-2.649999999999997,BULL,62.871779211672134,1.6817753569628118,GMRAIRPORT,BSE,GMRAIRPORT.BO
BASE_CURRENT,SHORT,2026-01-13,2026-01-14,2026-01-16,99.0500030517578,101.52625312805174,94.09750289916991,101.52625312805174,STOP_LOSS,2,-2.499999999999992,-2.649999999999992,BULL,39.90978845910934,1.6192929737478676,GMRAIRPORT,BSE,GMRAIRPORT.BO
BASE_CURRENT,SHORT,2026-03-09,2026-03-10,2026-03-10,93.0500030517578,95.37625312805173,88.39750289916991,95.37625312805173,STOP_LOSS,1,-2.4999999999999853,-2.6499999999999853,BEAR,36.61713421555376,3.547419223556632,GMRAIRPORT,BSE,GMRAIRPORT.BO
BASE_CURRENT,LONG,2026-05-29,2026-06-01,2026-06-01,100.8000030517578,98.28000297546384,105.84000320434569,98.28000297546384,STOP_LOSS,1,-2.500000000000009,-2.650000000000009,BEAR,60.15695210969409,2.279852714784361,GMRAIRPORT,BSE,GMRAIRPORT.BO
EMA_MACD,SHORT,2024-12-20,2024-12-23,2025-01-07,78.83999633789062,80.81099624633788,74.89799652099609,76.66000366210938,TIME_EXIT,11,2.7650846994440337,2.6150846994440338,NEUTRAL,36.34406894308334,3.140420046019238,GMRAIRPORT,BSE,GMRAIRPORT.BO
EMA_MACD,LONG,2025-07-02,2025-07-03,2025-07-17,90.19000244140624,87.93525238037108,94.69950256347656,94.69950256347656,TARGET,11,5.00000000000001,4.850000000000009,BULL,63.34881056919642,2.709643799988911,GMRAIRPORT,BSE,GMRAIRPORT.BO
EMA_MACD,LONG,2025-09-17,2025-09-18,2025-09-22,91.86000061035156,89.56350059509278,96.45300064086915,89.56350059509278,STOP_LOSS,3,-2.499999999999997,-2.649999999999997,BULL,62.871779211672134,1.6817753569628118,GMRAIRPORT,BSE,GMRAIRPORT.BO
EMA_MACD,SHORT,2025-09-30,2025-10-01,2025-10-01,87.30000305175781,89.48250312805175,82.93500289916992,89.48250312805175,STOP_LOSS,1,-2.499999999999987,-2.649999999999987,BULL,42.11818470248956,0.8921641090434921,GMRAIRPORT,BSE,GMRAIRPORT.BO
EMA_MACD,LONG,2025-10-10,2025-10-13,2025-10-24,89.41999816894531,87.18449821472167,93.89099807739258,93.89099807739258,TARGET,9,5.000000000000003,4.850000000000002,BULL,54.14420409677888,0.7716363792229828,GMRAIRPORT,BSE,GMRAIRPORT.BO
EMA_MACD,SHORT,2026-01-13,2026-01-14,2026-01-16,99.0500030517578,101.52625312805174,94.09750289916991,101.52625312805174,STOP_LOSS,2,-2.499999999999992,-2.649999999999992,BULL,39.90978845910934,1.6192929737478676,GMRAIRPORT,BSE,GMRAIRPORT.BO
EMA_MACD,SHORT,2026-03-06,2026-03-09,2026-03-10,92.8499984741211,95.1712484359741,88.20749855041504,95.1712484359741,STOP_LOSS,2,-2.4999999999999845,-2.6499999999999844,BEAR,41.878038496079796,2.1380138271753975,GMRAIRPORT,BSE,GMRAIRPORT.BO
EMA_MACD,LONG,2026-05-28,2026-05-29,2026-06-01,101.66999816894533,99.1282482147217,106.75349807739259,99.1282482147217,STOP_LOSS,2,-2.5,-2.65,UNKNOWN,54.14006027298469,0.7712898985998706,GMRAIRPORT,BSE,GMRAIRPORT.BO
RSI_ZONE,SHORT,2024-12-20,2024-12-23,2025-01-07,78.83999633789062,80.81099624633788,74.89799652099609,76.66000366210938,TIME_EXIT,11,2.7650846994440337,2.6150846994440338,NEUTRAL,36.34406894308334,3.140420046019238,GMRAIRPORT,BSE,GMRAIRPORT.BO
RSI_ZONE,LONG,2025-07-02,2025-07-03,2025-07-17,90.19000244140624,87.93525238037108,94.69950256347656,94.69950256347656,TARGET,11,5.00000000000001,4.850000000000009,BULL,63.34881056919642,2.709643799988911,GMRAIRPORT,BSE,GMRAIRPORT.BO
RSI_ZONE,LONG,2025-09-17,2025-09-18,2025-09-22,91.86000061035156,89.56350059509278,96.45300064086915,89.56350059509278,STOP_LOSS,3,-2.499999999999997,-2.649999999999997,BULL,62.871779211672134,1.6817753569628118,GMRAIRPORT,BSE,GMRAIRPORT.BO
RSI_ZONE,SHORT,2026-01-13,2026-01-14,2026-01-16,99.0500030517578,101.52625312805174,94.09750289916991,101.52625312805174,STOP_LOSS,2,-2.499999999999992,-2.649999999999992,BULL,39.90978845910934,1.6192929737478676,GMRAIRPORT,BSE,GMRAIRPORT.BO
RSI_ZONE,SHORT,2026-03-09,2026-03-10,2026-03-10,93.0500030517578,95.37625312805173,88.39750289916991,95.37625312805173,STOP_LOSS,1,-2.4999999999999853,-2.6499999999999853,BEAR,36.61713421555376,3.547419223556632,GMRAIRPORT,BSE,GMRAIRPORT.BO
RSI_ZONE,LONG,2026-05-29,2026-06-01,2026-06-01,100.8000030517578,98.28000297546384,105.84000320434569,98.28000297546384,STOP_LOSS,1,-2.500000000000009,-2.650000000000009,BEAR,60.15695210969409,2.279852714784361,GMRAIRPORT,BSE,GMRAIRPORT.BO
EXT_3,SHORT,2024-12-23,2024-12-24,2025-01-08,79.31999969482422,81.30299968719481,75.353999710083,75.353999710083,TARGET,11,5.000000000000007,4.850000000000007,NEUTRAL,39.26499927949236,1.5638785583106687,GMRAIRPORT,BSE,GMRAIRPORT.BO
EXT_3,LONG,2025-07-02,2025-07-03,2025-07-17,90.19000244140624,87.93525238037108,94.69950256347656,94.69950256347656,TARGET,11,5.00000000000001,4.850000000000009,BULL,63.34881056919642,2.709643799988911,GMRAIRPORT,BSE,GMRAIRPORT.BO
EXT_3,LONG,2025-09-17,2025-09-18,2025-09-22,91.86000061035156,89.56350059509278,96.45300064086915,89.56350059509278,STOP_LOSS,3,-2.499999999999997,-2.649999999999997,BULL,62.871779211672134,1.6817753569628118,GMRAIRPORT,BSE,GMRAIRPORT.BO
EXT_3,SHORT,2026-01-13,2026-01-14,2026-01-16,99.0500030517578,101.52625312805174,94.09750289916991,101.52625312805174,STOP_LOSS,2,-2.499999999999992,-2.649999999999992,BULL,39.90978845910934,1.6192929737478676,GMRAIRPORT,BSE,GMRAIRPORT.BO
EXT_3,LONG,2026-05-29,2026-06-01,2026-06-01,100.8000030517578,98.28000297546384,105.84000320434569,98.28000297546384,STOP_LOSS,1,-2.500000000000009,-2.650000000000009,BEAR,60.15695210969409,2.279852714784361,GMRAIRPORT,BSE,GMRAIRPORT.BO
RSI_ZONE_EXT_3,SHORT,2024-12-23,2024-12-24,2025-01-08,79.31999969482422,81.30299968719481,75.353999710083,75.353999710083,TARGET,11,5.000000000000007,4.850000000000007,NEUTRAL,39.26499927949236,1.5638785583106687,GMRAIRPORT,BSE,GMRAIRPORT.BO
RSI_ZONE_EXT_3,LONG,2025-07-02,2025-07-03,2025-07-17,90.19000244140624,87.93525238037108,94.69950256347656,94.69950256347656,TARGET,11,5.00000000000001,4.850000000000009,BULL,63.34881056919642,2.709643799988911,GMRAIRPORT,BSE,GMRAIRPORT.BO
RSI_ZONE_EXT_3,LONG,2025-09-17,2025-09-18,2025-09-22,91.86000061035156,89.56350059509278,96.45300064086915,89.56350059509278,STOP_LOSS,3,-2.499999999999997,-2.649999999999997,BULL,62.871779211672134,1.6817753569628118,GMRAIRPORT,BSE,GMRAIRPORT.BO
RSI_ZONE_EXT_3,SHORT,2026-01-13,2026-01-14,2026-01-16,99.0500030517578,101.52625312805174,94.09750289916991,101.52625312805174,STOP_LOSS,2,-2.499999999999992,-2.649999999999992,BULL,39.90978845910934,1.6192929737478676,GMRAIRPORT,BSE,GMRAIRPORT.BO
RSI_ZONE_EXT_3,LONG,2026-05-29,2026-06-01,2026-06-01,100.8000030517578,98.28000297546384,105.84000320434569,98.28000297546384,STOP_LOSS,1,-2.500000000000009,-2.650000000000009,BEAR,60.15695210969409,2.279852714784361,GMRAIRPORT,BSE,GMRAIRPORT.BO
RSI_ZONE_NO_NEUTRAL,LONG,2025-07-02,2025-07-03,2025-07-17,90.19000244140624,87.93525238037108,94.69950256347656,94.69950256347656,TARGET,11,5.00000000000001,4.850000000000009,BULL,63.34881056919642,2.709643799988911,GMRAIRPORT,BSE,GMRAIRPORT.BO
RSI_ZONE_NO_NEUTRAL,LONG,2025-09-17,2025-09-18,2025-09-22,91.86000061035156,89.56350059509278,96.45300064086915,89.56350059509278,STOP_LOSS,3,-2.499999999999997,-2.649999999999997,BULL,62.871779211672134,1.6817753569628118,GMRAIRPORT,BSE,GMRAIRPORT.BO
RSI_ZONE_NO_NEUTRAL,SHORT,2026-01-13,2026-01-14,2026-01-16,99.0500030517578,101.52625312805174,94.09750289916991,101.52625312805174,STOP_LOSS,2,-2.499999999999992,-2.649999999999992,BULL,39.90978845910934,1.6192929737478676,GMRAIRPORT,BSE,GMRAIRPORT.BO
RSI_ZONE_NO_NEUTRAL,SHORT,2026-03-09,2026-03-10,2026-03-10,93.0500030517578,95.37625312805173,88.39750289916991,95.37625312805173,STOP_LOSS,1,-2.4999999999999853,-2.6499999999999853,BEAR,36.61713421555376,3.547419223556632,GMRAIRPORT,BSE,GMRAIRPORT.BO
RSI_ZONE_NO_NEUTRAL,LONG,2026-05-29,2026-06-01,2026-06-01,100.8000030517578,98.28000297546384,105.84000320434569,98.28000297546384,STOP_LOSS,1,-2.500000000000009,-2.650000000000009,BEAR,60.15695210969409,2.279852714784361,GMRAIRPORT,BSE,GMRAIRPORT.BO
RSI_ZONE_EXT_3_NO_NEUTRAL,LONG,2025-07-02,2025-07-03,2025-07-17,90.19000244140624,87.93525238037108,94.69950256347656,94.69950256347656,TARGET,11,5.00000000000001,4.850000000000009,BULL,63.34881056919642,2.709643799988911,GMRAIRPORT,BSE,GMRAIRPORT.BO
RSI_ZONE_EXT_3_NO_NEUTRAL,LONG,2025-09-17,2025-09-18,2025-09-22,91.86000061035156,89.56350059509278,96.45300064086915,89.56350059509278,STOP_LOSS,3,-2.499999999999997,-2.649999999999997,BULL,62.871779211672134,1.6817753569628118,GMRAIRPORT,BSE,GMRAIRPORT.BO
RSI_ZONE_EXT_3_NO_NEUTRAL,SHORT,2026-01-13,2026-01-14,2026-01-16,99.0500030517578,101.52625312805174,94.09750289916991,101.52625312805174,STOP_LOSS,2,-2.499999999999992,-2.649999999999992,BULL,39.90978845910934,1.6192929737478676,GMRAIRPORT,BSE,GMRAIRPORT.BO
RSI_ZONE_EXT_3_NO_NEUTRAL,LONG,2026-05-29,2026-06-01,2026-06-01,100.8000030517578,98.28000297546384,105.84000320434569,98.28000297546384,STOP_LOSS,1,-2.500000000000009,-2.650000000000009,BEAR,60.15695210969409,2.279852714784361,GMRAIRPORT,BSE,GMRAIRPORT.BO
BASE_CURRENT,LONG,2026-08-27,2026-08-28,2026-08-28,182.14999389648438,177.59624404907225,191.2574935913086,191.2574935913086,TARGET,1,4.9999999999999964,4.849999999999996,NEUTRAL,61.209371265915706,3.414117830482509,AYE,BSE,AYE.BO
EMA_MACD,LONG,2026-08-10,2026-08-11,2026-08-14,177.75,173.30625,186.63750000000002,173.30625,STOP_LOSS,4,-2.4999999999999964,-2.6499999999999964,BULL,57.99439865213171,3.9231657112763467,AYE,BSE,AYE.BO
EMA_MACD,LONG,2026-08-27,2026-08-28,2026-08-28,182.14999389648438,177.59624404907225,191.2574935913086,191.2574935913086,TARGET,1,4.9999999999999964,4.849999999999996,NEUTRAL,61.209371265915706,3.414117830482509,AYE,BSE,AYE.BO
RSI_ZONE,LONG,2026-08-27,2026-08-28,2026-08-28,182.14999389648438,177.59624404907225,191.2574935913086,191.2574935913086,TARGET,1,4.9999999999999964,4.849999999999996,NEUTRAL,61.209371265915706,3.414117830482509,AYE,BSE,AYE.BO
BASE_CURRENT,SHORT,2024-12-23,2024-12-24,2024-12-27,33.56999969482422,34.40924968719482,31.891499710083007,34.40924968719482,STOP_LOSS,3,-2.4999999999999956,-2.6499999999999955,NEUTRAL,35.22330829759257,2.5053781878344044,UJJIVANSFB,BSE,UJJIVANSFB.BO
BASE_CURRENT,LONG,2025-02-03,2025-02-04,2025-02-04,37.5,36.5625,39.375,36.5625,STOP_LOSS,1,-2.5,-2.65,NEUTRAL,65.73977988244312,5.300663008794643,UJJIVANSFB,BSE,UJJIVANSFB.BO
BASE_CURRENT,SHORT,2025-02-17,2025-02-18,2025-02-21,32.09000015258789,32.89225015640258,30.485500144958493,32.89225015640258,STOP_LOSS,4,-2.4999999999999822,-2.649999999999982,NEUTRAL,38.09530296222812,5.313460658377423,UJJIVANSFB,BSE,UJJIVANSFB.BO
BASE_CURRENT,LONG,2025-10-01,2025-10-03,2025-10-17,48.06999969482422,46.86824970245361,50.473499679565435,48.75,TIME_EXIT,11,1.4146043467709821,1.2646043467709822,BULL,64.54474276187696,3.7552308946046478,UJJIVANSFB,BSE,UJJIVANSFB.BO
BASE_CURRENT,LONG,2026-01-02,2026-01-05,2026-01-08,56.65999984741211,55.24349985122681,59.49299983978272,59.49299983978272,TARGET,4,5.000000000000007,4.850000000000007,BULL,62.52813932318099,3.4962549019400537,UJJIVANSFB,BSE,UJJIVANSFB.BO
BASE_CURRENT,LONG,2026-05-04,2026-05-05,2026-05-08,61.41999816894531,59.88449821472168,64.49099807739258,64.49099807739258,TARGET,4,4.999999999999996,4.849999999999995,BEAR,61.74676510304367,4.981456756282384,UJJIVANSFB,BSE,UJJIVANSFB.BO
BASE_CURRENT,SHORT,2026-05-18,2026-05-19,2026-05-26,54.290000915527344,55.647250938415525,51.575500869750975,55.647250938415525,STOP_LOSS,6,-2.499999999999995,-2.649999999999995,BEAR,37.79437138200829,3.643467916774284,UJJIVANSFB,BSE,UJJIVANSFB.BO
EMA_MACD,SHORT,2024-12-23,2024-12-24,2024-12-27,33.56999969482422,34.40924968719482,31.891499710083007,34.40924968719482,STOP_LOSS,3,-2.4999999999999956,-2.6499999999999955,NEUTRAL,35.22330829759257,2.5053781878344044,UJJIVANSFB,BSE,UJJIVANSFB.BO
EMA_MACD,SHORT,2025-01-14,2025-01-15,2025-01-20,33.9900016784668,34.83975172042847,32.29050159454346,34.83975172042847,STOP_LOSS,4,-2.5,-2.65,NEUTRAL,44.14030937255047,0.7821128638818059,UJJIVANSFB,BSE,UJJIVANSFB.BO
EMA_MACD,LONG,2025-02-03,2025-02-04,2025-02-04,37.5,36.5625,39.375,36.5625,STOP_LOSS,1,-2.5,-2.65,NEUTRAL,65.73977988244312,5.300663008794643,UJJIVANSFB,BSE,UJJIVANSFB.BO
EMA_MACD,SHORT,2025-02-17,2025-02-18,2025-02-21,32.09000015258789,32.89225015640258,30.485500144958493,32.89225015640258,STOP_LOSS,4,-2.4999999999999822,-2.649999999999982,NEUTRAL,38.09530296222812,5.313460658377423,UJJIVANSFB,BSE,UJJIVANSFB.BO
EMA_MACD,LONG,2025-10-01,2025-10-03,2025-10-17,48.06999969482422,46.86824970245361,50.473499679565435,48.75,TIME_EXIT,11,1.4146043467709821,1.2646043467709822,BULL,64.54474276187696,3.7552308946046478,UJJIVANSFB,BSE,UJJIVANSFB.BO
EMA_MACD,LONG,2026-01-02,2026-01-05,2026-01-08,56.65999984741211,55.24349985122681,59.49299983978272,59.49299983978272,TARGET,4,5.000000000000007,4.850000000000007,BULL,62.52813932318099,3.4962549019400537,UJJIVANSFB,BSE,UJJIVANSFB.BO
EMA_MACD,LONG,2026-05-04,2026-05-05,2026-05-08,61.41999816894531,59.88449821472168,64.49099807739258,64.49099807739258,TARGET,4,4.999999999999996,4.849999999999995,BEAR,61.74676510304367,4.981456756282384,UJJIVANSFB,BSE,UJJIVANSFB.BO
EMA_MACD,SHORT,2026-05-18,2026-05-19,2026-05-26,54.290000915527344,55.647250938415525,51.575500869750975,55.647250938415525,STOP_LOSS,6,-2.499999999999995,-2.649999999999995,BEAR,37.79437138200829,3.643467916774284,UJJIVANSFB,BSE,UJJIVANSFB.BO
RSI_ZONE,SHORT,2024-12-23,2024-12-24,2024-12-27,33.56999969482422,34.40924968719482,31.891499710083007,34.40924968719482,STOP_LOSS,3,-2.4999999999999956,-2.6499999999999955,NEUTRAL,35.22330829759257,2.5053781878344044,UJJIVANSFB,BSE,UJJIVANSFB.BO
RSI_ZONE,LONG,2025-02-04,2025-02-05,2025-02-07,37.369998931884766,36.435748958587645,39.23849887847901,39.23849887847901,TARGET,3,5.000000000000008,4.850000000000008,NEUTRAL,64.90048880529113,3.2550430521182614,UJJIVANSFB,BSE,UJJIVANSFB.BO
RSI_ZONE,SHORT,2025-02-17,2025-02-18,2025-02-21,32.09000015258789,32.89225015640258,30.485500144958493,32.89225015640258,STOP_LOSS,4,-2.4999999999999822,-2.649999999999982,NEUTRAL,38.09530296222812,5.313460658377423,UJJIVANSFB,BSE,UJJIVANSFB.BO
RSI_ZONE,LONG,2025-10-01,2025-10-03,2025-10-17,48.06999969482422,46.86824970245361,50.473499679565435,48.75,TIME_EXIT,11,1.4146043467709821,1.2646043467709822,BULL,64.54474276187696,3.7552308946046478,UJJIVANSFB,BSE,UJJIVANSFB.BO
RSI_ZONE,LONG,2026-01-02,2026-01-05,2026-01-08,56.65999984741211,55.24349985122681,59.49299983978272,59.49299983978272,TARGET,4,5.000000000000007,4.850000000000007,BULL,62.52813932318099,3.4962549019400537,UJJIVANSFB,BSE,UJJIVANSFB.BO
RSI_ZONE,LONG,2026-05-04,2026-05-05,2026-05-08,61.41999816894531,59.88449821472168,64.49099807739258,64.49099807739258,TARGET,4,4.999999999999996,4.849999999999995,BEAR,61.74676510304367,4.981456756282384,UJJIVANSFB,BSE,UJJIVANSFB.BO
RSI_ZONE,SHORT,2026-05-18,2026-05-19,2026-05-26,54.290000915527344,55.647250938415525,51.575500869750975,55.647250938415525,STOP_LOSS,6,-2.499999999999995,-2.649999999999995,BEAR,37.79437138200829,3.643467916774284,UJJIVANSFB,BSE,UJJIVANSFB.BO
EXT_3,SHORT,2024-12-23,2024-12-24,2024-12-27,33.56999969482422,34.40924968719482,31.891499710083007,34.40924968719482,STOP_LOSS,3,-2.4999999999999956,-2.6499999999999955,NEUTRAL,35.22330829759257,2.5053781878344044,UJJIVANSFB,BSE,UJJIVANSFB.BO
EXT_3,LONG,2025-02-05,2025-02-06,2025-02-07,37.29999923706055,36.36749925613403,39.16499919891358,39.16499919891358,TARGET,2,5.000000000000008,4.850000000000008,NEUTRAL,62.74382329774583,1.6040086291892581,UJJIVANSFB,BSE,UJJIVANSFB.BO
EXT_3,SHORT,2025-02-19,2025-02-20,2025-02-21,31.899999618530277,32.69749960899353,30.30499963760376,32.69749960899353,STOP_LOSS,2,-2.4999999999999933,-2.6499999999999932,NEUTRAL,37.927004019801814,2.5716874595984494,UJJIVANSFB,BSE,UJJIVANSFB.BO
EXT_3,LONG,2025-10-03,2025-10-06,2025-10-20,48.36000061035156,47.151000595092775,50.778000640869145,50.778000640869145,TARGET,11,5.000000000000009,4.8500000000000085,BULL,64.7948304827818,2.5704136918709297,UJJIVANSFB,BSE,UJJIVANSFB.BO
EXT_3,LONG,2026-01-07,2026-01-08,2026-01-08,57.130001068115234,55.70175104141235,59.986501121521,59.986501121521,TARGET,1,5.00000000000001,4.850000000000009,BULL,68.07420161285998,1.9702798366192005,UJJIVANSFB,BSE,UJJIVANSFB.BO
EXT_3,LONG,2026-05-07,2026-05-08,2026-05-11,62.95000076293945,61.37625074386597,66.09750080108643,61.37625074386597,STOP_LOSS,2,-2.5,-2.65,BEAR,64.57822081465739,2.2682692129823883,UJJIVANSFB,BSE,UJJIVANSFB.BO
RSI_ZONE_EXT_3,SHORT,2024-12-23,2024-12-24,2024-12-27,33.56999969482422,34.40924968719482,31.891499710083007,34.40924968719482,STOP_LOSS,3,-2.4999999999999956,-2.6499999999999955,NEUTRAL,35.22330829759257,2.5053781878344044,UJJIVANSFB,BSE,UJJIVANSFB.BO
RSI_ZONE_EXT_3,LONG,2025-02-05,2025-02-06,2025-02-07,37.29999923706055,36.36749925613403,39.16499919891358,39.16499919891358,TARGET,2,5.000000000000008,4.850000000000008,NEUTRAL,62.74382329774583,1.6040086291892581,UJJIVANSFB,BSE,UJJIVANSFB.BO
RSI_ZONE_EXT_3,SHORT,2025-02-19,2025-02-20,2025-02-21,31.899999618530277,32.69749960899353,30.30499963760376,32.69749960899353,STOP_LOSS,2,-2.4999999999999933,-2.6499999999999932,NEUTRAL,37.927004019801814,2.5716874595984494,UJJIVANSFB,BSE,UJJIVANSFB.BO
RSI_ZONE_EXT_3,LONG,2025-10-03,2025-10-06,2025-10-20,48.36000061035156,47.151000595092775,50.778000640869145,50.778000640869145,TARGET,11,5.000000000000009,4.8500000000000085,BULL,64.7948304827818,2.5704136918709297,UJJIVANSFB,BSE,UJJIVANSFB.BO
RSI_ZONE_EXT_3,LONG,2026-05-07,2026-05-08,2026-05-11,62.95000076293945,61.37625074386597,66.09750080108643,61.37625074386597,STOP_LOSS,2,-2.5,-2.65,BEAR,64.57822081465739,2.2682692129823883,UJJIVANSFB,BSE,UJJIVANSFB.BO
RSI_ZONE_NO_NEUTRAL,LONG,2025-10-01,2025-10-03,2025-10-17,48.06999969482422,46.86824970245361,50.473499679565435,48.75,TIME_EXIT,11,1.4146043467709821,1.2646043467709822,BULL,64.54474276187696,3.7552308946046478,UJJIVANSFB,BSE,UJJIVANSFB.BO
RSI_ZONE_NO_NEUTRAL,LONG,2026-01-02,2026-01-05,2026-01-08,56.65999984741211,55.24349985122681,59.49299983978272,59.49299983978272,TARGET,4,5.000000000000007,4.850000000000007,BULL,62.52813932318099,3.4962549019400537,UJJIVANSFB,BSE,UJJIVANSFB.BO
RSI_ZONE_NO_NEUTRAL,LONG,2026-05-04,2026-05-05,2026-05-08,61.41999816894531,59.88449821472168,64.49099807739258,64.49099807739258,TARGET,4,4.999999999999996,4.849999999999995,BEAR,61.74676510304367,4.981456756282384,UJJIVANSFB,BSE,UJJIVANSFB.BO
RSI_ZONE_NO_NEUTRAL,SHORT,2026-05-18,2026-05-19,2026-05-26,54.290000915527344,55.647250938415525,51.575500869750975,55.647250938415525,STOP_LOSS,6,-2.499999999999995,-2.649999999999995,BEAR,37.79437138200829,3.643467916774284,UJJIVANSFB,BSE,UJJIVANSFB.BO
RSI_ZONE_EXT_3_NO_NEUTRAL,LONG,2025-10-03,2025-10-06,2025-10-20,48.36000061035156,47.151000595092775,50.778000640869145,50.778000640869145,TARGET,11,5.000000000000009,4.8500000000000085,BULL,64.7948304827818,2.5704136918709297,UJJIVANSFB,BSE,UJJIVANSFB.BO
RSI_ZONE_EXT_3_NO_NEUTRAL,LONG,2026-05-07,2026-05-08,2026-05-11,62.95000076293945,61.37625074386597,66.09750080108643,61.37625074386597,STOP_LOSS,2,-2.5,-2.65,BEAR,64.57822081465739,2.2682692129823883,UJJIVANSFB,BSE,UJJIVANSFB.BO
BASE_CURRENT,SHORT,2025-01-10,2025-01-13,2025-01-14,60.11000061035156,61.612750625610346,57.10450057983398,61.612750625610346,STOP_LOSS,2,-2.4999999999999902,-2.64999999999999,NEUTRAL,35.55312419418763,2.6107609035643744,IDFCFIRSTB,BSE,IDFCFIRSTB.BO
BASE_CURRENT,SHORT,2025-09-26,2025-09-29,2025-10-06,68.91000366210938,70.6327537536621,65.46450347900391,70.6327537536621,STOP_LOSS,5,-2.4999999999999876,-2.6499999999999875,BULL,35.54806037884951,1.84234836285904,IDFCFIRSTB,BSE,IDFCFIRSTB.BO
BASE_CURRENT,LONG,2025-10-09,2025-10-10,2025-10-23,73.44999694824219,71.61374702453612,77.1224967956543,77.1224967956543,TARGET,9,5.0000000000000036,4.850000000000003,BULL,64.03021880397827,2.2372733313295083,IDFCFIRSTB,BSE,IDFCFIRSTB.BO
BASE_CURRENT,LONG,2026-05-27,2026-05-28,2026-06-02,71.33999633789062,69.55649642944336,74.90699615478516,69.55649642944336,STOP_LOSS,4,-2.500000000000004,-2.650000000000004,BEAR,62.50612363377795,1.9966210218374054,IDFCFIRSTB,BSE,IDFCFIRSTB.BO
EMA_MACD,SHORT,2025-01-10,2025-01-13,2025-01-14,60.11000061035156,61.612750625610346,57.10450057983398,61.612750625610346,STOP_LOSS,2,-2.4999999999999902,-2.64999999999999,NEUTRAL,35.55312419418763,2.6107609035643744,IDFCFIRSTB,BSE,IDFCFIRSTB.BO
EMA_MACD,SHORT,2025-02-14,2025-02-17,2025-02-28,60.4900016784668,62.00225172042846,57.465501594543454,57.465501594543454,TARGET,9,5.000000000000004,4.850000000000004,NEUTRAL,43.70784414658385,1.718572640049083,IDFCFIRSTB,BSE,IDFCFIRSTB.BO
EMA_MACD,LONG,2025-09-08,2025-09-09,2025-09-23,72.25,70.44375,75.8625,70.44375,STOP_LOSS,11,-2.500000000000008,-2.650000000000008,NEUTRAL,58.81371619093303,1.0008632768187704,IDFCFIRSTB,BSE,IDFCFIRSTB.BO
EMA_MACD,SHORT,2025-09-26,2025-09-29,2025-10-06,68.91000366210938,70.6327537536621,65.46450347900391,70.6327537536621,STOP_LOSS,5,-2.4999999999999876,-2.6499999999999875,BULL,35.54806037884951,1.84234836285904,IDFCFIRSTB,BSE,IDFCFIRSTB.BO
EMA_MACD,LONG,2025-10-09,2025-10-10,2025-10-23,73.44999694824219,71.61374702453612,77.1224967956543,77.1224967956543,TARGET,9,5.0000000000000036,4.850000000000003,BULL,64.03021880397827,2.2372733313295083,IDFCFIRSTB,BSE,IDFCFIRSTB.BO
EMA_MACD,LONG,2026-02-04,2026-02-05,2026-02-11,84.80999755859375,82.6897476196289,89.05049743652344,82.6897476196289,STOP_LOSS,5,-2.500000000000003,-2.650000000000003,NEUTRAL,56.08244504398203,1.4033653934004153,IDFCFIRSTB,BSE,IDFCFIRSTB.BO
EMA_MACD,SHORT,2026-02-13,2026-02-16,2026-02-17,81.19000244140625,83.2197525024414,77.13050231933593,83.2197525024414,STOP_LOSS,2,-2.499999999999986,-2.6499999999999857,NEUTRAL,41.012419988634456,1.4734316552097635,IDFCFIRSTB,BSE,IDFCFIRSTB.BO
EMA_MACD,LONG,2026-05-26,2026-05-27,2026-06-09,70.16999816894531,68.41574821472167,73.67849807739258,73.67849807739258,TARGET,10,4.9999999999999964,4.849999999999996,BEAR,58.50623143387996,1.4221435300047294,IDFCFIRSTB,BSE,IDFCFIRSTB.BO
RSI_ZONE,SHORT,2025-01-10,2025-01-13,2025-01-14,60.11000061035156,61.612750625610346,57.10450057983398,61.612750625610346,STOP_LOSS,2,-2.4999999999999902,-2.64999999999999,NEUTRAL,35.55312419418763,2.6107609035643744,IDFCFIRSTB,BSE,IDFCFIRSTB.BO
RSI_ZONE,SHORT,2025-09-26,2025-09-29,2025-10-06,68.91000366210938,70.6327537536621,65.46450347900391,70.6327537536621,STOP_LOSS,5,-2.4999999999999876,-2.6499999999999875,BULL,35.54806037884951,1.84234836285904,IDFCFIRSTB,BSE,IDFCFIRSTB.BO
RSI_ZONE,LONG,2025-10-09,2025-10-10,2025-10-23,73.44999694824219,71.61374702453612,77.1224967956543,77.1224967956543,TARGET,9,5.0000000000000036,4.850000000000003,BULL,64.03021880397827,2.2372733313295083,IDFCFIRSTB,BSE,IDFCFIRSTB.BO
RSI_ZONE,LONG,2026-05-27,2026-05-28,2026-06-02,71.33999633789062,69.55649642944336,74.90699615478516,69.55649642944336,STOP_LOSS,4,-2.500000000000004,-2.650000000000004,BEAR,62.50612363377795,1.9966210218374054,IDFCFIRSTB,BSE,IDFCFIRSTB.BO
EXT_3,SHORT,2025-01-10,2025-01-13,2025-01-14,60.11000061035156,61.612750625610346,57.10450057983398,61.612750625610346,STOP_LOSS,2,-2.4999999999999902,-2.64999999999999,NEUTRAL,35.55312419418763,2.6107609035643744,IDFCFIRSTB,BSE,IDFCFIRSTB.BO
EXT_3,SHORT,2025-09-26,2025-09-29,2025-10-06,68.91000366210938,70.6327537536621,65.46450347900391,70.6327537536621,STOP_LOSS,5,-2.4999999999999876,-2.6499999999999875,BULL,35.54806037884951,1.84234836285904,IDFCFIRSTB,BSE,IDFCFIRSTB.BO
EXT_3,LONG,2025-10-09,2025-10-10,2025-10-23,73.44999694824219,71.61374702453612,77.1224967956543,77.1224967956543,TARGET,9,5.0000000000000036,4.850000000000003,BULL,64.03021880397827,2.2372733313295083,IDFCFIRSTB,BSE,IDFCFIRSTB.BO
EXT_3,LONG,2026-05-27,2026-05-28,2026-06-02,71.33999633789062,69.55649642944336,74.90699615478516,69.55649642944336,STOP_LOSS,4,-2.500000000000004,-2.650000000000004,BEAR,62.50612363377795,1.9966210218374054,IDFCFIRSTB,BSE,IDFCFIRSTB.BO
RSI_ZONE_EXT_3,SHORT,2025-01-10,2025-01-13,2025-01-14,60.11000061035156,61.612750625610346,57.10450057983398,61.612750625610346,STOP_LOSS,2,-2.4999999999999902,-2.64999999999999,NEUTRAL,35.55312419418763,2.6107609035643744,IDFCFIRSTB,BSE,IDFCFIRSTB.BO
RSI_ZONE_EXT_3,SHORT,2025-09-26,2025-09-29,2025-10-06,68.91000366210938,70.6327537536621,65.46450347900391,70.6327537536621,STOP_LOSS,5,-2.4999999999999876,-2.6499999999999875,BULL,35.54806037884951,1.84234836285904,IDFCFIRSTB,BSE,IDFCFIRSTB.BO
RSI_ZONE_EXT_3,LONG,2025-10-09,2025-10-10,2025-10-23,73.44999694824219,71.61374702453612,77.1224967956543,77.1224967956543,TARGET,9,5.0000000000000036,4.850000000000003,BULL,64.03021880397827,2.2372733313295083,IDFCFIRSTB,BSE,IDFCFIRSTB.BO
RSI_ZONE_EXT_3,LONG,2026-05-27,2026-05-28,2026-06-02,71.33999633789062,69.55649642944336,74.90699615478516,69.55649642944336,STOP_LOSS,4,-2.500000000000004,-2.650000000000004,BEAR,62.50612363377795,1.9966210218374054,IDFCFIRSTB,BSE,IDFCFIRSTB.BO
RSI_ZONE_NO_NEUTRAL,SHORT,2025-09-26,2025-09-29,2025-10-06,68.91000366210938,70.6327537536621,65.46450347900391,70.6327537536621,STOP_LOSS,5,-2.4999999999999876,-2.6499999999999875,BULL,35.54806037884951,1.84234836285904,IDFCFIRSTB,BSE,IDFCFIRSTB.BO
RSI_ZONE_NO_NEUTRAL,LONG,2025-10-09,2025-10-10,2025-10-23,73.44999694824219,71.61374702453612,77.1224967956543,77.1224967956543,TARGET,9,5.0000000000000036,4.850000000000003,BULL,64.03021880397827,2.2372733313295083,IDFCFIRSTB,BSE,IDFCFIRSTB.BO
RSI_ZONE_NO_NEUTRAL,LONG,2026-05-27,2026-05-28,2026-06-02,71.33999633789062,69.55649642944336,74.90699615478516,69.55649642944336,STOP_LOSS,4,-2.500000000000004,-2.650000000000004,BEAR,62.50612363377795,1.9966210218374054,IDFCFIRSTB,BSE,IDFCFIRSTB.BO
RSI_ZONE_EXT_3_NO_NEUTRAL,SHORT,2025-09-26,2025-09-29,2025-10-06,68.91000366210938,70.6327537536621,65.46450347900391,70.6327537536621,STOP_LOSS,5,-2.4999999999999876,-2.6499999999999875,BULL,35.54806037884951,1.84234836285904,IDFCFIRSTB,BSE,IDFCFIRSTB.BO
RSI_ZONE_EXT_3_NO_NEUTRAL,LONG,2025-10-09,2025-10-10,2025-10-23,73.44999694824219,71.61374702453612,77.1224967956543,77.1224967956543,TARGET,9,5.0000000000000036,4.850000000000003,BULL,64.03021880397827,2.2372733313295083,IDFCFIRSTB,BSE,IDFCFIRSTB.BO
RSI_ZONE_EXT_3_NO_NEUTRAL,LONG,2026-05-27,2026-05-28,2026-06-02,71.33999633789062,69.55649642944336,74.90699615478516,69.55649642944336,STOP_LOSS,4,-2.500000000000004,-2.650000000000004,BEAR,62.50612363377795,1.9966210218374054,IDFCFIRSTB,BSE,IDFCFIRSTB.BO
BASE_CURRENT,SHORT,2024-12-20,2024-12-23,2024-12-24,272.70001220703125,279.517512512207,259.06501159667965,279.517512512207,STOP_LOSS,2,-2.499999999999996,-2.649999999999996,NEUTRAL,37.45196442972697,2.9816109490697023,HINDCOPPER,BSE,HINDCOPPER.BO
BASE_CURRENT,SHORT,2024-12-26,2024-12-27,2024-12-30,265.70001220703125,272.342512512207,252.41501159667968,252.41501159667968,TARGET,2,5.000000000000004,4.850000000000004,NEUTRAL,35.80193810562817,3.6418441183871435,HINDCOPPER,BSE,HINDCOPPER.BO
BASE_CURRENT,SHORT,2025-04-04,2025-04-07,2025-04-07,185.1999969482422,189.82999687194823,175.93999710083008,189.82999687194823,STOP_LOSS,1,-2.4999999999999907,-2.6499999999999906,NEUTRAL,36.255021738838444,6.283838514938324,HINDCOPPER,BSE,HINDCOPPER.BO
BASE_CURRENT,LONG,2025-12-04,2025-12-05,2025-12-09,362.8999938964844,353.82749404907224,381.0449935913086,353.82749404907224,STOP_LOSS,3,-2.500000000000006,-2.650000000000006,BULL,66.34372036966448,5.9005346830557,HINDCOPPER,BSE,HINDCOPPER.BO
EMA_MACD,SHORT,2024-12-20,2024-12-23,2024-12-24,272.70001220703125,279.517512512207,259.06501159667965,279.517512512207,STOP_LOSS,2,-2.499999999999996,-2.649999999999996,NEUTRAL,37.45196442972697,2.9816109490697023,HINDCOPPER,BSE,HINDCOPPER.BO
EMA_MACD,SHORT,2025-04-04,2025-04-07,2025-04-07,185.1999969482422,189.82999687194823,175.93999710083008,189.82999687194823,STOP_LOSS,1,-2.4999999999999907,-2.6499999999999906,NEUTRAL,36.255021738838444,6.283838514938324,HINDCOPPER,BSE,HINDCOPPER.BO
EMA_MACD,SHORT,2025-05-06,2025-05-07,2025-05-07,202.1499938964844,207.2037437438965,192.04249420166016,207.2037437438965,STOP_LOSS,1,-2.499999999999991,-2.649999999999991,NEUTRAL,43.506262402355624,2.690608515363711,HINDCOPPER,BSE,HINDCOPPER.BO
EMA_MACD,LONG,2025-05-14,2025-05-15,2025-05-15,232.9499969482422,227.12624702453613,244.5974967956543,227.12624702453613,STOP_LOSS,1,-2.5000000000000027,-2.6500000000000026,NEUTRAL,59.94331120083357,4.614130327924211,HINDCOPPER,BSE,HINDCOPPER.BO
EMA_MACD,LONG,2025-12-02,2025-12-03,2025-12-04,342.79998779296875,334.22998809814453,359.9399871826172,359.9399871826172,TARGET,2,5.0,4.85,BULL,54.754807193419396,1.715282970172147,HINDCOPPER,BSE,HINDCOPPER.BO
RSI_ZONE,SHORT,2024-12-20,2024-12-23,2024-12-24,272.70001220703125,279.517512512207,259.06501159667965,279.517512512207,STOP_LOSS,2,-2.499999999999996,-2.649999999999996,NEUTRAL,37.45196442972697,2.9816109490697023,HINDCOPPER,BSE,HINDCOPPER.BO
RSI_ZONE,SHORT,2024-12-26,2024-12-27,2024-12-30,265.70001220703125,272.342512512207,252.41501159667968,252.41501159667968,TARGET,2,5.000000000000004,4.850000000000004,NEUTRAL,35.80193810562817,3.6418441183871435,HINDCOPPER,BSE,HINDCOPPER.BO
RSI_ZONE,SHORT,2025-04-04,2025-04-07,2025-04-07,185.1999969482422,189.82999687194823,175.93999710083008,189.82999687194823,STOP_LOSS,1,-2.4999999999999907,-2.6499999999999906,NEUTRAL,36.255021738838444,6.283838514938324,HINDCOPPER,BSE,HINDCOPPER.BO
RSI_ZONE,SHORT,2025-04-08,2025-04-09,2025-04-09,191.1999969482422,195.97999687194823,181.63999710083007,195.97999687194823,STOP_LOSS,1,-2.499999999999994,-2.6499999999999937,NEUTRAL,33.03944051956705,5.100541256326972,HINDCOPPER,BSE,HINDCOPPER.BO
EXT_3,SHORT,2024-12-20,2024-12-23,2024-12-24,272.70001220703125,279.517512512207,259.06501159667965,279.517512512207,STOP_LOSS,2,-2.499999999999996,-2.649999999999996,NEUTRAL,37.45196442972697,2.9816109490697023,HINDCOPPER,BSE,HINDCOPPER.BO
EXT_3,SHORT,2025-04-09,2025-04-11,2025-04-15,203.0,208.075,192.85,208.075,STOP_LOSS,2,-2.4999999999999942,-2.649999999999994,NEUTRAL,36.42458492797595,2.090229990534624,HINDCOPPER,BSE,HINDCOPPER.BO
RSI_ZONE_EXT_3,SHORT,2024-12-20,2024-12-23,2024-12-24,272.70001220703125,279.517512512207,259.06501159667965,279.517512512207,STOP_LOSS,2,-2.499999999999996,-2.649999999999996,NEUTRAL,37.45196442972697,2.9816109490697023,HINDCOPPER,BSE,HINDCOPPER.BO
RSI_ZONE_EXT_3,SHORT,2025-04-09,2025-04-11,2025-04-15,203.0,208.075,192.85,208.075,STOP_LOSS,2,-2.4999999999999942,-2.649999999999994,NEUTRAL,36.42458492797595,2.090229990534624,HINDCOPPER,BSE,HINDCOPPER.BO
BASE_CURRENT,LONG,2024-11-06,2024-11-07,2024-11-08,80.98332977294922,78.95874652862548,85.03249626159668,78.95874652862548,STOP_LOSS,2,-2.500000000000007,-2.650000000000007,NEUTRAL,63.61389385032887,3.868158875853732,NMDC,BSE,NMDC.BO
BASE_CURRENT,LONG,2024-12-03,2024-12-04,2024-12-13,78.96666717529297,76.99250049591065,82.91500053405763,76.99250049591065,STOP_LOSS,8,-2.4999999999999964,-2.6499999999999964,NEUTRAL,60.407570494088446,1.8981751211308062,NMDC,BSE,NMDC.BO
BASE_CURRENT,SHORT,2024-12-19,2024-12-20,2024-12-30,71.66666412353516,73.45833072662353,68.0833309173584,68.0833309173584,TARGET,6,5.0000000000000036,4.850000000000003,NEUTRAL,33.63806494333096,3.7930232837811335,NMDC,BSE,NMDC.BO
BASE_CURRENT,SHORT,2025-04-08,2025-04-09,2025-04-11,61.5099983215332,63.04774827957153,58.43449840545654,63.04774827957153,STOP_LOSS,2,-2.4999999999999933,-2.6499999999999932,NEUTRAL,36.931547178592545,4.444692868809639,NMDC,BSE,NMDC.BO
BASE_CURRENT,LONG,2025-05-14,2025-05-15,2025-05-29,70.11000061035156,68.35725059509276,73.61550064086914,72.27999877929688,TIME_EXIT,11,3.09513357588663,2.94513357588663,NEUTRAL,60.93218554122308,3.7355800885763206,NMDC,BSE,NMDC.BO
BASE_CURRENT,LONG,2025-07-21,2025-07-22,2025-08-05,72.08999633789062,70.28774642944336,75.69449615478516,71.94000244140625,TIME_EXIT,11,-0.20806478582873494,-0.3580647858287349,BULL,62.0049179497593,2.0469093265352476,NMDC,BSE,NMDC.BO
BASE_CURRENT,LONG,2025-09-03,2025-09-04,2025-09-04,74.94999694824219,73.07624702453613,78.6974967956543,73.07624702453613,STOP_LOSS,1,-2.500000000000004,-2.650000000000004,NEUTRAL,63.28643685104984,3.366355938756345,NMDC,BSE,NMDC.BO
BASE_CURRENT,LONG,2025-09-05,2025-09-08,2025-09-22,75.2300033569336,73.34925327301025,78.99150352478027,76.95999908447266,TIME_EXIT,11,2.2996087336736997,2.1496087336736998,NEUTRAL,62.456420780501745,1.942515230965552,NMDC,BSE,NMDC.BO
BASE_CURRENT,SHORT,2025-11-24,2025-11-25,2025-11-26,72.5,74.3125,68.875,74.3125,STOP_LOSS,2,-2.5,-2.65,BULL,36.77648334992169,1.9535807264328013,NMDC,BSE,NMDC.BO
BASE_CURRENT,LONG,2026-02-04,2026-02-05,2026-02-05,86.19999694824219,84.04499702453613,90.5099967956543,84.04499702453613,STOP_LOSS,1,-2.500000000000003,-2.650000000000003,NEUTRAL,61.14046797635658,3.624419908340194,NMDC,BSE,NMDC.BO
BASE_CURRENT,LONG,2026-04-09,2026-04-10,2026-04-17,85.08999633789062,82.96274642944336,89.34449615478516,89.34449615478516,TARGET,5,5.000000000000006,4.850000000000006,BEAR,62.39086198580863,2.872631808374267,NMDC,BSE,NMDC.BO
BASE_CURRENT,LONG,2026-08-26,2026-08-27,2026-08-27,88.41000366210938,86.19975357055664,92.83050384521485,86.19975357055664,STOP_LOSS,1,-2.500000000000003,-2.650000000000003,NEUTRAL,65.32335335778957,2.5891704400265314,NMDC,BSE,NMDC.BO
EMA_MACD,LONG,2024-11-05,2024-11-06,2024-11-06,79.4000015258789,77.41500148773193,83.37000160217285,77.41500148773193,STOP_LOSS,1,-2.500000000000007,-2.650000000000007,NEUTRAL,59.46753444141587,3.1051058740577497,NMDC,BSE,NMDC.BO
EMA_MACD,SHORT,2024-11-19,2024-11-21,2024-11-28,74.58333587646484,76.44791927337646,70.8541690826416,76.44791927337646,STOP_LOSS,6,-2.499999999999989,-2.649999999999989,NEUTRAL,45.63603231467159,0.9680527389637419,NMDC,BSE,NMDC.BO
EMA_MACD,LONG,2024-11-29,2024-12-02,2024-12-09,76.8499984741211,74.92874851226806,80.69249839782715,80.69249839782715,TARGET,6,5.0000000000000036,4.850000000000003,NEUTRAL,54.93198959941613,1.098127494909124,NMDC,BSE,NMDC.BO
EMA_MACD,SHORT,2024-12-19,2024-12-20,2024-12-30,71.66666412353516,73.45833072662353,68.0833309173584,68.0833309173584,TARGET,6,5.0000000000000036,4.850000000000003,NEUTRAL,33.63806494333096,3.7930232837811335,NMDC,BSE,NMDC.BO
EMA_MACD,SHORT,2025-03-04,2025-03-05,2025-03-05,62.59000015258789,64.15475015640259,59.460500144958495,64.15475015640259,STOP_LOSS,1,-2.4999999999999956,-2.6499999999999955,NEUTRAL,42.977668806799414,1.7079617024862725,NMDC,BSE,NMDC.BO
EMA_MACD,LONG,2025-03-10,2025-03-11,2025-03-19,64.58999633789062,62.97524642944336,67.81949615478516,67.81949615478516,TARGET,6,5.0,4.85,NEUTRAL,52.459869104584236,0.25875132575714876,NMDC,BSE,NMDC.BO
EMA_MACD,SHORT,2025-04-08,2025-04-09,2025-04-11,61.5099983215332,63.04774827957153,58.43449840545654,63.04774827957153,STOP_LOSS,2,-2.4999999999999933,-2.6499999999999932,NEUTRAL,36.931547178592545,4.444692868809639,NMDC,BSE,NMDC.BO
EMA_MACD,LONG,2025-04-23,2025-04-24,2025-04-25,67.87000274658203,66.17325267791747,71.26350288391113,66.17325267791747,STOP_LOSS,2,-2.5000000000000084,-2.6500000000000083,NEUTRAL,56.361041094272345,1.5195731892525817,NMDC,BSE,NMDC.BO
EMA_MACD,SHORT,2025-04-29,2025-04-30,2025-05-02,65.1500015258789,66.77875156402587,61.892501449584955,66.77875156402587,STOP_LOSS,2,-2.4999999999999822,-2.649999999999982,NEUTRAL,48.04638419415591,0.7013327485204511,NMDC,BSE,NMDC.BO
EMA_MACD,LONG,2025-05-14,2025-05-15,2025-05-29,70.11000061035156,68.35725059509276,73.61550064086914,72.27999877929688,TIME_EXIT,11,3.09513357588663,2.94513357588663,NEUTRAL,60.93218554122308,3.7355800885763206,NMDC,BSE,NMDC.BO
EMA_MACD,LONG,2025-07-21,2025-07-22,2025-08-05,72.08999633789062,70.28774642944336,75.69449615478516,71.94000244140625,TIME_EXIT,11,-0.20806478582873494,-0.3580647858287349,BULL,62.0049179497593,2.0469093265352476,NMDC,BSE,NMDC.BO
EMA_MACD,LONG,2025-09-03,2025-09-04,2025-09-04,74.94999694824219,73.07624702453613,78.6974967956543,73.07624702453613,STOP_LOSS,1,-2.500000000000004,-2.650000000000004,NEUTRAL,63.28643685104984,3.366355938756345,NMDC,BSE,NMDC.BO
EMA_MACD,LONG,2025-11-12,2025-11-13,2025-11-18,77.58999633789062,75.65024642944336,81.46949615478516,75.65024642944336,STOP_LOSS,4,-2.5000000000000036,-2.6500000000000035,BULL,58.3009110449367,1.8748007584337132,NMDC,BSE,NMDC.BO
EMA_MACD,SHORT,2025-11-21,2025-11-24,2025-12-01,73.36000061035156,75.19400062561034,69.69200057983399,75.19400062561034,STOP_LOSS,6,-2.4999999999999885,-2.6499999999999884,BULL,40.27363836313751,1.671584152012437,NMDC,BSE,NMDC.BO
EMA_MACD,LONG,2025-12-05,2025-12-08,2025-12-08,76.43000030517578,74.51925029754638,80.25150032043457,74.51925029754638,STOP_LOSS,1,-2.500000000000011,-2.650000000000011,BULL,57.43668993481232,0.7799950718635265,NMDC,BSE,NMDC.BO
EMA_MACD,LONG,2026-02-04,2026-02-05,2026-02-05,86.19999694824219,84.04499702453613,90.5099967956543,84.04499702453613,STOP_LOSS,1,-2.500000000000003,-2.650000000000003,NEUTRAL,61.14046797635658,3.624419908340194,NMDC,BSE,NMDC.BO
EMA_MACD,SHORT,2026-02-19,2026-02-20,2026-02-23,79.19000244140625,81.1697525024414,75.23050231933594,81.1697525024414,STOP_LOSS,2,-2.4999999999999893,-2.6499999999999893,NEUTRAL,43.84022322878033,1.322618915764074,NMDC,BSE,NMDC.BO
EMA_MACD,LONG,2026-04-08,2026-04-09,2026-04-15,82.5999984741211,80.53499851226806,86.72999839782715,86.72999839782715,TARGET,4,4.9999999999999964,4.849999999999996,BEAR,59.407845115822354,2.5541046132195087,NMDC,BSE,NMDC.BO
EMA_MACD,SHORT,2026-08-19,2026-08-20,2026-08-24,83.80000305175781,85.89500312805175,79.61000289916991,85.89500312805175,STOP_LOSS,3,-2.4999999999999964,-2.6499999999999964,NEUTRAL,40.9158664289515,1.1890121542377836,NMDC,BSE,NMDC.BO
EMA_MACD,LONG,2026-08-26,2026-08-27,2026-08-27,88.41000366210938,86.19975357055664,92.83050384521485,86.19975357055664,STOP_LOSS,1,-2.500000000000003,-2.650000000000003,NEUTRAL,65.32335335778957,2.5891704400265314,NMDC,BSE,NMDC.BO
RSI_ZONE,LONG,2024-11-06,2024-11-07,2024-11-08,80.98332977294922,78.95874652862548,85.03249626159668,78.95874652862548,STOP_LOSS,2,-2.500000000000007,-2.650000000000007,NEUTRAL,63.61389385032887,3.868158875853732,NMDC,BSE,NMDC.BO
RSI_ZONE,LONG,2024-12-03,2024-12-04,2024-12-13,78.96666717529297,76.99250049591065,82.91500053405763,76.99250049591065,STOP_LOSS,8,-2.4999999999999964,-2.6499999999999964,NEUTRAL,60.407570494088446,1.8981751211308062,NMDC,BSE,NMDC.BO
RSI_ZONE,SHORT,2024-12-19,2024-12-20,2024-12-30,71.66666412353516,73.45833072662353,68.0833309173584,68.0833309173584,TARGET,6,5.0000000000000036,4.850000000000003,NEUTRAL,33.63806494333096,3.7930232837811335,NMDC,BSE,NMDC.BO
RSI_ZONE,SHORT,2025-04-08,2025-04-09,2025-04-11,61.5099983215332,63.04774827957153,58.43449840545654,63.04774827957153,STOP_LOSS,2,-2.4999999999999933,-2.6499999999999932,NEUTRAL,36.931547178592545,4.444692868809639,NMDC,BSE,NMDC.BO
RSI_ZONE,LONG,2025-05-14,2025-05-15,2025-05-29,70.11000061035156,68.35725059509276,73.61550064086914,72.27999877929688,TIME_EXIT,11,3.09513357588663,2.94513357588663,NEUTRAL,60.93218554122308,3.7355800885763206,NMDC,BSE,NMDC.BO
RSI_ZONE,LONG,2025-07-21,2025-07-22,2025-08-05,72.08999633789062,70.28774642944336,75.69449615478516,71.94000244140625,TIME_EXIT,11,-0.20806478582873494,-0.3580647858287349,BULL,62.0049179497593,2.0469093265352476,NMDC,BSE,NMDC.BO
RSI_ZONE,LONG,2025-09-03,2025-09-04,2025-09-04,74.94999694824219,73.07624702453613,78.6974967956543,73.07624702453613,STOP_LOSS,1,-2.500000000000004,-2.650000000000004,NEUTRAL,63.28643685104984,3.366355938756345,NMDC,BSE,NMDC.BO
RSI_ZONE,LONG,2025-09-05,2025-09-08,2025-09-22,75.2300033569336,73.34925327301025,78.99150352478027,76.95999908447266,TIME_EXIT,11,2.2996087336736997,2.1496087336736998,NEUTRAL,62.456420780501745,1.942515230965552,NMDC,BSE,NMDC.BO
RSI_ZONE,SHORT,2025-11-24,2025-11-25,2025-11-26,72.5,74.3125,68.875,74.3125,STOP_LOSS,2,-2.5,-2.65,BULL,36.77648334992169,1.9535807264328013,NMDC,BSE,NMDC.BO
RSI_ZONE,LONG,2026-02-04,2026-02-05,2026-02-05,86.19999694824219,84.04499702453613,90.5099967956543,84.04499702453613,STOP_LOSS,1,-2.500000000000003,-2.650000000000003,NEUTRAL,61.14046797635658,3.624419908340194,NMDC,BSE,NMDC.BO
RSI_ZONE,LONG,2026-04-09,2026-04-10,2026-04-17,85.08999633789062,82.96274642944336,89.34449615478516,89.34449615478516,TARGET,5,5.000000000000006,4.850000000000006,BEAR,62.39086198580863,2.872631808374267,NMDC,BSE,NMDC.BO
EXT_3,LONG,2024-11-07,2024-11-08,2024-11-08,80.28333282470703,78.27624950408935,84.29749946594238,78.27624950408935,STOP_LOSS,1,-2.500000000000007,-2.650000000000007,NEUTRAL,61.24197830320241,1.9140632272173794,NMDC,BSE,NMDC.BO
EXT_3,LONG,2024-12-03,2024-12-04,2024-12-13,78.96666717529297,76.99250049591065,82.91500053405763,76.99250049591065,STOP_LOSS,8,-2.4999999999999964,-2.6499999999999964,NEUTRAL,60.407570494088446,1.8981751211308062,NMDC,BSE,NMDC.BO
EXT_3,SHORT,2024-12-20,2024-12-23,2024-12-30,72.1500015258789,73.95375156402588,68.54250144958496,68.54250144958496,TARGET,5,5.0,4.85,NEUTRAL,33.10648762920617,2.791793915466684,NMDC,BSE,NMDC.BO
EXT_3,LONG,2025-05-15,2025-05-16,2025-05-26,70.0,68.25,73.5,73.5,TARGET,7,5.0,4.85,NEUTRAL,60.86356566753409,2.440502475363088,NMDC,BSE,NMDC.BO
EXT_3,LONG,2025-07-21,2025-07-22,2025-08-05,72.08999633789062,70.28774642944336,75.69449615478516,71.94000244140625,TIME_EXIT,11,-0.20806478582873494,-0.3580647858287349,BULL,62.0049179497593,2.0469093265352476,NMDC,BSE,NMDC.BO
EXT_3,LONG,2025-09-05,2025-09-08,2025-09-22,75.2300033569336,73.34925327301025,78.99150352478027,76.95999908447266,TIME_EXIT,11,2.2996087336736997,2.1496087336736998,NEUTRAL,62.456420780501745,1.942515230965552,NMDC,BSE,NMDC.BO
EXT_3,SHORT,2025-11-24,2025-11-25,2025-11-26,72.5,74.3125,68.875,74.3125,STOP_LOSS,2,-2.5,-2.65,BULL,36.77648334992169,1.9535807264328013,NMDC,BSE,NMDC.BO
EXT_3,LONG,2026-04-09,2026-04-10,2026-04-17,85.08999633789062,82.96274642944336,89.34449615478516,89.34449615478516,TARGET,5,5.000000000000006,4.850000000000006,BEAR,62.39086198580863,2.872631808374267,NMDC,BSE,NMDC.BO
EXT_3,LONG,2026-08-26,2026-08-27,2026-08-27,88.41000366210938,86.19975357055664,92.83050384521485,86.19975357055664,STOP_LOSS,1,-2.500000000000003,-2.650000000000003,NEUTRAL,65.32335335778957,2.5891704400265314,NMDC,BSE,NMDC.BO
RSI_ZONE_EXT_3,LONG,2024-11-07,2024-11-08,2024-11-08,80.28333282470703,78.27624950408935,84.29749946594238,78.27624950408935,STOP_LOSS,1,-2.500000000000007,-2.650000000000007,NEUTRAL,61.24197830320241,1.9140632272173794,NMDC,BSE,NMDC.BO
RSI_ZONE_EXT_3,LONG,2024-12-03,2024-12-04,2024-12-13,78.96666717529297,76.99250049591065,82.91500053405763,76.99250049591065,STOP_LOSS,8,-2.4999999999999964,-2.6499999999999964,NEUTRAL,60.407570494088446,1.8981751211308062,NMDC,BSE,NMDC.BO
RSI_ZONE_EXT_3,SHORT,2024-12-20,2024-12-23,2024-12-30,72.1500015258789,73.95375156402588,68.54250144958496,68.54250144958496,TARGET,5,5.0,4.85,NEUTRAL,33.10648762920617,2.791793915466684,NMDC,BSE,NMDC.BO
RSI_ZONE_EXT_3,LONG,2025-05-15,2025-05-16,2025-05-26,70.0,68.25,73.5,73.5,TARGET,7,5.0,4.85,NEUTRAL,60.86356566753409,2.440502475363088,NMDC,BSE,NMDC.BO
RSI_ZONE_EXT_3,LONG,2025-07-21,2025-07-22,2025-08-05,72.08999633789062,70.28774642944336,75.69449615478516,71.94000244140625,TIME_EXIT,11,-0.20806478582873494,-0.3580647858287349,BULL,62.0049179497593,2.0469093265352476,NMDC,BSE,NMDC.BO
RSI_ZONE_EXT_3,LONG,2025-09-05,2025-09-08,2025-09-22,75.2300033569336,73.34925327301025,78.99150352478027,76.95999908447266,TIME_EXIT,11,2.2996087336736997,2.1496087336736998,NEUTRAL,62.456420780501745,1.942515230965552,NMDC,BSE,NMDC.BO
RSI_ZONE_EXT_3,SHORT,2025-11-24,2025-11-25,2025-11-26,72.5,74.3125,68.875,74.3125,STOP_LOSS,2,-2.5,-2.65,BULL,36.77648334992169,1.9535807264328013,NMDC,BSE,NMDC.BO
RSI_ZONE_EXT_3,LONG,2026-04-09,2026-04-10,2026-04-17,85.08999633789062,82.96274642944336,89.34449615478516,89.34449615478516,TARGET,5,5.000000000000006,4.850000000000006,BEAR,62.39086198580863,2.872631808374267,NMDC,BSE,NMDC.BO
RSI_ZONE_NO_NEUTRAL,LONG,2025-07-21,2025-07-22,2025-08-05,72.08999633789062,70.28774642944336,75.69449615478516,71.94000244140625,TIME_EXIT,11,-0.20806478582873494,-0.3580647858287349,BULL,62.0049179497593,2.0469093265352476,NMDC,BSE,NMDC.BO
RSI_ZONE_NO_NEUTRAL,SHORT,2025-11-24,2025-11-25,2025-11-26,72.5,74.3125,68.875,74.3125,STOP_LOSS,2,-2.5,-2.65,BULL,36.77648334992169,1.9535807264328013,NMDC,BSE,NMDC.BO
RSI_ZONE_NO_NEUTRAL,LONG,2026-04-09,2026-04-10,2026-04-17,85.08999633789062,82.96274642944336,89.34449615478516,89.34449615478516,TARGET,5,5.000000000000006,4.850000000000006,BEAR,62.39086198580863,2.872631808374267,NMDC,BSE,NMDC.BO
RSI_ZONE_EXT_3_NO_NEUTRAL,LONG,2025-07-21,2025-07-22,2025-08-05,72.08999633789062,70.28774642944336,75.69449615478516,71.94000244140625,TIME_EXIT,11,-0.20806478582873494,-0.3580647858287349,BULL,62.0049179497593,2.0469093265352476,NMDC,BSE,NMDC.BO
RSI_ZONE_EXT_3_NO_NEUTRAL,SHORT,2025-11-24,2025-11-25,2025-11-26,72.5,74.3125,68.875,74.3125,STOP_LOSS,2,-2.5,-2.65,BULL,36.77648334992169,1.9535807264328013,NMDC,BSE,NMDC.BO
RSI_ZONE_EXT_3_NO_NEUTRAL,LONG,2026-04-09,2026-04-10,2026-04-17,85.08999633789062,82.96274642944336,89.34449615478516,89.34449615478516,TARGET,5,5.000000000000006,4.850000000000006,BEAR,62.39086198580863,2.872631808374267,NMDC,BSE,NMDC.BO
BASE_CURRENT,LONG,2025-06-27,2025-06-30,2025-07-10,117.9800033569336,115.03050327301025,123.87900352478027,123.87900352478027,TARGET,9,5.0,4.85,BULL,61.39287152594356,3.051522735837002,ADANIPOWER,BSE,ADANIPOWER.BO
BASE_CURRENT,LONG,2026-02-05,2026-02-06,2026-02-10,152.0,148.2,159.6,148.2,STOP_LOSS,3,-2.5000000000000075,-2.6500000000000075,NEUTRAL,65.01482593259271,4.418354502133677,ADANIPOWER,BSE,ADANIPOWER.BO
BASE_CURRENT,LONG,2026-03-16,2026-03-17,2026-03-18,155.8000030517578,151.90500297546387,163.59000320434572,151.90500297546387,STOP_LOSS,2,-2.4999999999999964,-2.6499999999999964,BEAR,65.53527579552654,4.6388469778950325,ADANIPOWER,BSE,ADANIPOWER.BO
EMA_MACD,LONG,2025-01-17,2025-01-20,2025-01-21,110.33000183105467,107.57175178527831,115.84650192260742,107.57175178527831,STOP_LOSS,2,-2.499999999999998,-2.6499999999999977,NEUTRAL,55.471499185834624,1.7157526613735246,ADANIPOWER,BSE,ADANIPOWER.BO
EMA_MACD,SHORT,2025-01-27,2025-01-28,2025-01-29,99.38999938964844,101.87474937438964,94.42049942016601,101.87474937438964,STOP_LOSS,2,-2.499999999999989,-2.649999999999989,NEUTRAL,43.06051746518912,3.532645310758716,ADANIPOWER,BSE,ADANIPOWER.BO
EMA_MACD,LONG,2025-05-16,2025-05-19,2025-05-20,113.5,110.6625,119.17500000000001,110.6625,STOP_LOSS,2,-2.500000000000005,-2.650000000000005,NEUTRAL,59.23583260165244,3.2481846949276805,ADANIPOWER,BSE,ADANIPOWER.BO
EMA_MACD,SHORT,2025-06-23,2025-06-24,2025-06-26,109.45999908447266,112.19649906158446,103.98699913024902,112.19649906158446,STOP_LOSS,3,-2.49999999999999,-2.6499999999999897,NEUTRAL,43.83696334364428,0.9099089511998775,ADANIPOWER,BSE,ADANIPOWER.BO
EMA_MACD,LONG,2025-06-27,2025-06-30,2025-07-10,117.9800033569336,115.03050327301025,123.87900352478027,123.87900352478027,TARGET,9,5.0,4.85,BULL,61.39287152594356,3.051522735837002,ADANIPOWER,BSE,ADANIPOWER.BO
EMA_MACD,LONG,2025-08-13,2025-08-14,2025-09-01,117.16000366210938,114.23100357055664,123.01800384521485,121.33999633789062,TIME_EXIT,11,3.567764207174652,3.417764207174652,NEUTRAL,51.13355516581074,0.0419478793867454,ADANIPOWER,BSE,ADANIPOWER.BO
EMA_MACD,SHORT,2026-01-14,2026-01-16,2026-01-21,142.60000610351562,146.1650062561035,135.47000579833983,135.47000579833983,TARGET,4,5.000000000000012,4.850000000000012,BULL,45.587704891580096,0.37767084144191887,ADANIPOWER,BSE,ADANIPOWER.BO
EMA_MACD,LONG,2026-02-05,2026-02-06,2026-02-10,152.0,148.2,159.6,148.2,STOP_LOSS,3,-2.5000000000000075,-2.6500000000000075,NEUTRAL,65.01482593259271,4.418354502133677,ADANIPOWER,BSE,ADANIPOWER.BO
EMA_MACD,LONG,2026-03-16,2026-03-17,2026-03-18,155.8000030517578,151.90500297546387,163.59000320434572,151.90500297546387,STOP_LOSS,2,-2.4999999999999964,-2.6499999999999964,BEAR,65.53527579552654,4.6388469778950325,ADANIPOWER,BSE,ADANIPOWER.BO
RSI_ZONE,LONG,2025-06-27,2025-06-30,2025-07-10,117.9800033569336,115.03050327301025,123.87900352478027,123.87900352478027,TARGET,9,5.0,4.85,BULL,61.39287152594356,3.051522735837002,ADANIPOWER,BSE,ADANIPOWER.BO
RSI_ZONE,LONG,2026-02-06,2026-02-09,2026-02-10,153.6999969482422,149.85749702453612,161.3849967956543,149.85749702453612,STOP_LOSS,2,-2.500000000000011,-2.650000000000011,NEUTRAL,63.73730053581625,2.571723431972907,ADANIPOWER,BSE,ADANIPOWER.BO
RSI_ZONE,LONG,2026-03-18,2026-03-19,2026-03-23,151.25,147.46875,158.8125,147.46875,STOP_LOSS,3,-2.5,-2.65,BEAR,64.2016385783034,1.800258037544239,ADANIPOWER,BSE,ADANIPOWER.BO
EXT_3,LONG,2025-06-30,2025-07-01,2025-07-10,117.23999786376952,114.30899791717528,123.101997756958,123.101997756958,TARGET,8,5.000000000000005,4.850000000000005,BULL,61.8716008681733,2.1923159569577573,ADANIPOWER,BSE,ADANIPOWER.BO
EXT_3,LONG,2026-02-06,2026-02-09,2026-02-10,153.6999969482422,149.85749702453612,161.3849967956543,149.85749702453612,STOP_LOSS,2,-2.500000000000011,-2.650000000000011,NEUTRAL,63.73730053581625,2.571723431972907,ADANIPOWER,BSE,ADANIPOWER.BO
EXT_3,LONG,2026-03-18,2026-03-19,2026-03-23,151.25,147.46875,158.8125,147.46875,STOP_LOSS,3,-2.5,-2.65,BEAR,64.2016385783034,1.800258037544239,ADANIPOWER,BSE,ADANIPOWER.BO
RSI_ZONE_EXT_3,LONG,2025-06-30,2025-07-01,2025-07-10,117.23999786376952,114.30899791717528,123.101997756958,123.101997756958,TARGET,8,5.000000000000005,4.850000000000005,BULL,61.8716008681733,2.1923159569577573,ADANIPOWER,BSE,ADANIPOWER.BO
RSI_ZONE_EXT_3,LONG,2026-02-06,2026-02-09,2026-02-10,153.6999969482422,149.85749702453612,161.3849967956543,149.85749702453612,STOP_LOSS,2,-2.500000000000011,-2.650000000000011,NEUTRAL,63.73730053581625,2.571723431972907,ADANIPOWER,BSE,ADANIPOWER.BO
RSI_ZONE_EXT_3,LONG,2026-03-18,2026-03-19,2026-03-23,151.25,147.46875,158.8125,147.46875,STOP_LOSS,3,-2.5,-2.65,BEAR,64.2016385783034,1.800258037544239,ADANIPOWER,BSE,ADANIPOWER.BO
RSI_ZONE_NO_NEUTRAL,LONG,2025-06-27,2025-06-30,2025-07-10,117.9800033569336,115.03050327301025,123.87900352478027,123.87900352478027,TARGET,9,5.0,4.85,BULL,61.39287152594356,3.051522735837002,ADANIPOWER,BSE,ADANIPOWER.BO
RSI_ZONE_NO_NEUTRAL,LONG,2026-03-18,2026-03-19,2026-03-23,151.25,147.46875,158.8125,147.46875,STOP_LOSS,3,-2.5,-2.65,BEAR,64.2016385783034,1.800258037544239,ADANIPOWER,BSE,ADANIPOWER.BO
RSI_ZONE_EXT_3_NO_NEUTRAL,LONG,2025-06-30,2025-07-01,2025-07-10,117.23999786376952,114.30899791717528,123.101997756958,123.101997756958,TARGET,8,5.000000000000005,4.850000000000005,BULL,61.8716008681733,2.1923159569577573,ADANIPOWER,BSE,ADANIPOWER.BO
RSI_ZONE_EXT_3_NO_NEUTRAL,LONG,2026-03-18,2026-03-19,2026-03-23,151.25,147.46875,158.8125,147.46875,STOP_LOSS,3,-2.5,-2.65,BEAR,64.2016385783034,1.800258037544239,ADANIPOWER,BSE,ADANIPOWER.BO
BASE_CURRENT,SHORT,2024-11-14,2024-11-18,2024-11-18,50.560001373291016,51.824001407623285,48.03200130462646,51.824001407623285,STOP_LOSS,1,-2.499999999999989,-2.649999999999989,NEUTRAL,37.15725011300596,2.586196006640699,MAHABANK,BSE,MAHABANK.BO
BASE_CURRENT,LONG,2024-11-28,2024-11-29,2024-12-05,56.83000183105469,55.40925178527832,59.671501922607426,59.671501922607426,TARGET,5,5.000000000000007,4.850000000000007,NEUTRAL,60.03808105489912,2.9670410078837093,MAHABANK,BSE,MAHABANK.BO
BASE_CURRENT,LONG,2025-04-21,2025-04-22,2025-04-23,51.5,50.2125,54.075,50.2125,STOP_LOSS,2,-2.500000000000003,-2.650000000000003,NEUTRAL,64.6218583905146,5.397492916644867,MAHABANK,BSE,MAHABANK.BO
BASE_CURRENT,LONG,2025-11-19,2025-11-20,2025-11-20,61.4900016784668,59.95275163650513,64.56450176239014,59.95275163650513,STOP_LOSS,1,-2.5,-2.65,BULL,60.76567410423723,2.22600895560023,MAHABANK,BSE,MAHABANK.BO
EMA_MACD,SHORT,2024-11-14,2024-11-18,2024-11-18,50.560001373291016,51.824001407623285,48.03200130462646,51.824001407623285,STOP_LOSS,1,-2.499999999999989,-2.649999999999989,NEUTRAL,37.15725011300596,2.586196006640699,MAHABANK,BSE,MAHABANK.BO
EMA_MACD,LONG,2024-11-28,2024-11-29,2024-12-05,56.83000183105469,55.40925178527832,59.671501922607426,59.671501922607426,TARGET,5,5.000000000000007,4.850000000000007,NEUTRAL,60.03808105489912,2.9670410078837093,MAHABANK,BSE,MAHABANK.BO
EMA_MACD,LONG,2025-04-21,2025-04-22,2025-04-23,51.5,50.2125,54.075,50.2125,STOP_LOSS,2,-2.500000000000003,-2.650000000000003,NEUTRAL,64.6218583905146,5.397492916644867,MAHABANK,BSE,MAHABANK.BO
EMA_MACD,LONG,2025-11-18,2025-11-19,2025-11-21,60.5,58.9875,63.525000000000006,58.9875,STOP_LOSS,3,-2.5000000000000044,-2.6500000000000044,BULL,58.66004065848687,2.209551405153632,MAHABANK,BSE,MAHABANK.BO
EMA_MACD,LONG,2026-04-09,2026-04-10,2026-04-13,70.30999755859375,68.5522476196289,73.82549743652343,68.5522476196289,STOP_LOSS,2,-2.500000000000008,-2.650000000000008,BEAR,58.281118376136746,3.068687116081139,MAHABANK,BSE,MAHABANK.BO
RSI_ZONE,SHORT,2024-11-14,2024-11-18,2024-11-18,50.560001373291016,51.824001407623285,48.03200130462646,51.824001407623285,STOP_LOSS,1,-2.499999999999989,-2.649999999999989,NEUTRAL,37.15725011300596,2.586196006640699,MAHABANK,BSE,MAHABANK.BO
RSI_ZONE,LONG,2024-11-28,2024-11-29,2024-12-05,56.83000183105469,55.40925178527832,59.671501922607426,59.671501922607426,TARGET,5,5.000000000000007,4.850000000000007,NEUTRAL,60.03808105489912,2.9670410078837093,MAHABANK,BSE,MAHABANK.BO
RSI_ZONE,LONG,2025-04-21,2025-04-22,2025-04-23,51.5,50.2125,54.075,50.2125,STOP_LOSS,2,-2.500000000000003,-2.650000000000003,NEUTRAL,64.6218583905146,5.397492916644867,MAHABANK,BSE,MAHABANK.BO
RSI_ZONE,LONG,2025-11-19,2025-11-20,2025-11-20,61.4900016784668,59.95275163650513,64.56450176239014,59.95275163650513,STOP_LOSS,1,-2.5,-2.65,BULL,60.76567410423723,2.22600895560023,MAHABANK,BSE,MAHABANK.BO
EXT_3,SHORT,2024-11-14,2024-11-18,2024-11-18,50.560001373291016,51.824001407623285,48.03200130462646,51.824001407623285,STOP_LOSS,1,-2.499999999999989,-2.649999999999989,NEUTRAL,37.15725011300596,2.586196006640699,MAHABANK,BSE,MAHABANK.BO
EXT_3,LONG,2024-11-28,2024-11-29,2024-12-05,56.83000183105469,55.40925178527832,59.671501922607426,59.671501922607426,TARGET,5,5.000000000000007,4.850000000000007,NEUTRAL,60.03808105489912,2.9670410078837093,MAHABANK,BSE,MAHABANK.BO
EXT_3,LONG,2025-04-22,2025-04-23,2025-04-23,50.91999816894531,49.64699821472168,53.465998077392584,49.64699821472168,STOP_LOSS,1,-2.5000000000000058,-2.6500000000000057,NEUTRAL,62.607786088572674,2.973881785591773,MAHABANK,BSE,MAHABANK.BO
EXT_3,LONG,2025-11-19,2025-11-20,2025-11-20,61.4900016784668,59.95275163650513,64.56450176239014,59.95275163650513,STOP_LOSS,1,-2.5,-2.65,BULL,60.76567410423723,2.22600895560023,MAHABANK,BSE,MAHABANK.BO
RSI_ZONE_EXT_3,SHORT,2024-11-14,2024-11-18,2024-11-18,50.560001373291016,51.824001407623285,48.03200130462646,51.824001407623285,STOP_LOSS,1,-2.499999999999989,-2.649999999999989,NEUTRAL,37.15725011300596,2.586196006640699,MAHABANK,BSE,MAHABANK.BO
RSI_ZONE_EXT_3,LONG,2024-11-28,2024-11-29,2024-12-05,56.83000183105469,55.40925178527832,59.671501922607426,59.671501922607426,TARGET,5,5.000000000000007,4.850000000000007,NEUTRAL,60.03808105489912,2.9670410078837093,MAHABANK,BSE,MAHABANK.BO
RSI_ZONE_EXT_3,LONG,2025-04-22,2025-04-23,2025-04-23,50.91999816894531,49.64699821472168,53.465998077392584,49.64699821472168,STOP_LOSS,1,-2.5000000000000058,-2.6500000000000057,NEUTRAL,62.607786088572674,2.973881785591773,MAHABANK,BSE,MAHABANK.BO
RSI_ZONE_EXT_3,LONG,2025-11-19,2025-11-20,2025-11-20,61.4900016784668,59.95275163650513,64.56450176239014,59.95275163650513,STOP_LOSS,1,-2.5,-2.65,BULL,60.76567410423723,2.22600895560023,MAHABANK,BSE,MAHABANK.BO
RSI_ZONE_NO_NEUTRAL,LONG,2025-11-19,2025-11-20,2025-11-20,61.4900016784668,59.95275163650513,64.56450176239014,59.95275163650513,STOP_LOSS,1,-2.5,-2.65,BULL,60.76567410423723,2.22600895560023,MAHABANK,BSE,MAHABANK.BO
RSI_ZONE_EXT_3_NO_NEUTRAL,LONG,2025-11-19,2025-11-20,2025-11-20,61.4900016784668,59.95275163650513,64.56450176239014,59.95275163650513,STOP_LOSS,1,-2.5,-2.65,BULL,60.76567410423723,2.22600895560023,MAHABANK,BSE,MAHABANK.BO
BASE_CURRENT,LONG,2024-11-12,2024-11-13,2024-11-13,750.7999877929688,732.0299880981445,788.3399871826172,732.0299880981445,STOP_LOSS,1,-2.500000000000006,-2.650000000000006,NEUTRAL,64.27216605309368,3.6820742730981513,JSWENERGY,BSE,JSWENERGY.BO
BASE_CURRENT,SHORT,2024-11-26,2024-11-27,2024-11-28,659.75,676.24375,626.7624999999999,676.24375,STOP_LOSS,2,-2.4999999999999964,-2.6499999999999964,NEUTRAL,39.62740382373073,3.64799211079184,JSWENERGY,BSE,JSWENERGY.BO
BASE_CURRENT,SHORT,2024-12-24,2024-12-26,2024-12-30,648.9000244140625,665.122525024414,616.4550231933594,665.122525024414,STOP_LOSS,3,-2.499999999999993,-2.649999999999993,NEUTRAL,39.08136636858933,2.3458972480643325,JSWENERGY,BSE,JSWENERGY.BO
BASE_CURRENT,LONG,2025-09-16,2025-09-17,2025-09-25,540.9500122070312,527.4262619018555,567.9975128173828,527.4262619018555,STOP_LOSS,7,-2.5,-2.65,BULL,62.64302196420808,2.202033239845701,JSWENERGY,BSE,JSWENERGY.BO
BASE_CURRENT,LONG,2026-03-12,2026-03-13,2026-03-13,522.0,508.95,548.1,508.95,STOP_LOSS,1,-2.500000000000002,-2.650000000000002,BEAR,63.789363203355215,4.45778434811062,JSWENERGY,BSE,JSWENERGY.BO
BASE_CURRENT,LONG,2026-04-15,2026-04-16,2026-04-21,532.7000122070312,519.3825119018554,559.3350128173828,559.3350128173828,TARGET,4,4.999999999999996,4.849999999999995,BEAR,63.013082996431955,4.107474903219232,JSWENERGY,BSE,JSWENERGY.BO
BASE_CURRENT,LONG,2026-05-26,2026-05-27,2026-05-29,583.6500244140625,569.0587738037109,612.8325256347656,612.8325256347656,TARGET,3,4.9999999999999964,4.849999999999996,BEAR,64.41010193440147,3.4569711105651284,JSWENERGY,BSE,JSWENERGY.BO
BASE_CURRENT,SHORT,2026-07-07,2026-07-08,2026-07-14,544.2000122070312,557.805012512207,516.9900115966797,557.805012512207,STOP_LOSS,5,-2.499999999999992,-2.649999999999992,NEUTRAL,38.90154820280924,1.8737655987077857,JSWENERGY,BSE,JSWENERGY.BO
BASE_CURRENT,SHORT,2026-08-19,2026-08-20,2026-09-01,545.4000244140625,559.035025024414,518.1300231933593,518.1300231933593,TARGET,9,5.000000000000012,4.850000000000012,NEUTRAL,39.958446803547375,1.8252324564456597,JSWENERGY,BSE,JSWENERGY.BO
EMA_MACD,LONG,2024-11-12,2024-11-13,2024-11-13,750.7999877929688,732.0299880981445,788.3399871826172,732.0299880981445,STOP_LOSS,1,-2.500000000000006,-2.650000000000006,NEUTRAL,64.27216605309368,3.6820742730981513,JSWENERGY,BSE,JSWENERGY.BO
EMA_MACD,SHORT,2024-11-25,2024-11-26,2024-12-10,671.6500244140625,688.441275024414,638.0675231933593,668.0,TIME_EXIT,11,0.5434414176113113,0.39344141761131124,NEUTRAL,43.669479004843474,2.767263478963085,JSWENERGY,BSE,JSWENERGY.BO
EMA_MACD,SHORT,2024-12-24,2024-12-26,2024-12-30,648.9000244140625,665.122525024414,616.4550231933594,665.122525024414,STOP_LOSS,3,-2.499999999999993,-2.649999999999993,NEUTRAL,39.08136636858933,2.3458972480643325,JSWENERGY,BSE,JSWENERGY.BO
EMA_MACD,LONG,2025-06-27,2025-06-30,2025-07-02,529.9500122070312,516.7012619018554,556.4475128173829,516.7012619018554,STOP_LOSS,3,-2.5000000000000044,-2.6500000000000044,BULL,57.522781090543006,1.8763995082959912,JSWENERGY,BSE,JSWENERGY.BO
EMA_MACD,LONG,2025-08-06,2025-08-07,2025-08-07,529.3499755859375,516.1162261962891,555.8174743652344,516.1162261962891,STOP_LOSS,1,-2.5,-2.65,BULL,56.28718097895161,0.5782288461800446,JSWENERGY,BSE,JSWENERGY.BO
EMA_MACD,LONG,2025-09-16,2025-09-17,2025-09-25,540.9500122070312,527.4262619018555,567.9975128173828,527.4262619018555,STOP_LOSS,7,-2.5,-2.65,BULL,62.64302196420808,2.202033239845701,JSWENERGY,BSE,JSWENERGY.BO
EMA_MACD,SHORT,2026-01-21,2026-01-22,2026-01-22,478.7999877929688,490.769987487793,454.85998840332036,490.769987487793,STOP_LOSS,1,-2.499999999999995,-2.649999999999995,BEAR,41.90665911703901,1.4125564977286822,JSWENERGY,BSE,JSWENERGY.BO
EMA_MACD,LONG,2026-03-11,2026-03-12,2026-03-12,484.5,472.3875,508.725,508.725,TARGET,1,5.000000000000004,4.850000000000004,BEAR,52.433717560213324,0.5120259427238417,JSWENERGY,BSE,JSWENERGY.BO
EMA_MACD,LONG,2026-04-13,2026-04-15,2026-04-21,524.9500122070312,511.82626190185545,551.1975128173829,551.1975128173829,TARGET,5,5.000000000000009,4.8500000000000085,BEAR,57.141361863690975,2.4472443956325267,JSWENERGY,BSE,JSWENERGY.BO
EMA_MACD,LONG,2026-05-26,2026-05-27,2026-05-29,583.6500244140625,569.0587738037109,612.8325256347656,612.8325256347656,TARGET,3,4.9999999999999964,4.849999999999996,BEAR,64.41010193440147,3.4569711105651284,JSWENERGY,BSE,JSWENERGY.BO
EMA_MACD,SHORT,2026-07-06,2026-07-07,2026-07-14,545.7000122070312,559.342512512207,518.4150115966796,559.342512512207,STOP_LOSS,6,-2.499999999999996,-2.649999999999996,NEUTRAL,40.48812874351839,2.0605416612094305,JSWENERGY,BSE,JSWENERGY.BO
EMA_MACD,SHORT,2026-07-28,2026-07-29,2026-08-03,543.75,557.34375,516.5625,557.34375,STOP_LOSS,4,-2.5,-2.65,NEUTRAL,43.12940557927996,1.1736227031619877,JSWENERGY,BSE,JSWENERGY.BO
EMA_MACD,LONG,2026-08-06,2026-08-07,2026-08-19,560.5,546.4875,588.525,546.4875,STOP_LOSS,9,-2.500000000000008,-2.650000000000008,BULL,57.45188161022426,1.3972051580535556,JSWENERGY,BSE,JSWENERGY.BO
RSI_ZONE,LONG,2024-11-12,2024-11-13,2024-11-13,750.7999877929688,732.0299880981445,788.3399871826172,732.0299880981445,STOP_LOSS,1,-2.500000000000006,-2.650000000000006,NEUTRAL,64.27216605309368,3.6820742730981513,JSWENERGY,BSE,JSWENERGY.BO
RSI_ZONE,SHORT,2024-11-26,2024-11-27,2024-11-28,659.75,676.24375,626.7624999999999,676.24375,STOP_LOSS,2,-2.4999999999999964,-2.6499999999999964,NEUTRAL,39.62740382373073,3.64799211079184,JSWENERGY,BSE,JSWENERGY.BO
RSI_ZONE,SHORT,2024-12-24,2024-12-26,2024-12-30,648.9000244140625,665.122525024414,616.4550231933594,665.122525024414,STOP_LOSS,3,-2.499999999999993,-2.649999999999993,NEUTRAL,39.08136636858933,2.3458972480643325,JSWENERGY,BSE,JSWENERGY.BO
RSI_ZONE,LONG,2025-09-16,2025-09-17,2025-09-25,540.9500122070312,527.4262619018555,567.9975128173828,527.4262619018555,STOP_LOSS,7,-2.5,-2.65,BULL,62.64302196420808,2.202033239845701,JSWENERGY,BSE,JSWENERGY.BO
RSI_ZONE,LONG,2026-03-12,2026-03-13,2026-03-13,522.0,508.95,548.1,508.95,STOP_LOSS,1,-2.500000000000002,-2.650000000000002,BEAR,63.789363203355215,4.45778434811062,JSWENERGY,BSE,JSWENERGY.BO
RSI_ZONE,LONG,2026-04-15,2026-04-16,2026-04-21,532.7000122070312,519.3825119018554,559.3350128173828,559.3350128173828,TARGET,4,4.999999999999996,4.849999999999995,BEAR,63.013082996431955,4.107474903219232,JSWENERGY,BSE,JSWENERGY.BO
RSI_ZONE,LONG,2026-05-26,2026-05-27,2026-05-29,583.6500244140625,569.0587738037109,612.8325256347656,612.8325256347656,TARGET,3,4.9999999999999964,4.849999999999996,BEAR,64.41010193440147,3.4569711105651284,JSWENERGY,BSE,JSWENERGY.BO
RSI_ZONE,SHORT,2026-07-07,2026-07-08,2026-07-14,544.2000122070312,557.805012512207,516.9900115966797,557.805012512207,STOP_LOSS,5,-2.499999999999992,-2.649999999999992,NEUTRAL,38.90154820280924,1.8737655987077857,JSWENERGY,BSE,JSWENERGY.BO
RSI_ZONE,SHORT,2026-08-19,2026-08-20,2026-09-01,545.4000244140625,559.035025024414,518.1300231933593,518.1300231933593,TARGET,9,5.000000000000012,4.850000000000012,NEUTRAL,39.958446803547375,1.8252324564456597,JSWENERGY,BSE,JSWENERGY.BO
EXT_3,SHORT,2024-12-24,2024-12-26,2024-12-30,648.9000244140625,665.122525024414,616.4550231933594,665.122525024414,STOP_LOSS,3,-2.499999999999993,-2.649999999999993,NEUTRAL,39.08136636858933,2.3458972480643325,JSWENERGY,BSE,JSWENERGY.BO
EXT_3,LONG,2025-09-16,2025-09-17,2025-09-25,540.9500122070312,527.4262619018555,567.9975128173828,527.4262619018555,STOP_LOSS,7,-2.5,-2.65,BULL,62.64302196420808,2.202033239845701,JSWENERGY,BSE,JSWENERGY.BO
EXT_3,LONG,2026-03-13,2026-03-16,2026-03-16,512.5499877929688,499.7362380981445,538.1774871826173,499.7362380981445,STOP_LOSS,1,-2.5000000000000067,-2.6500000000000066,BEAR,60.90745885943009,2.1886523185476463,JSWENERGY,BSE,JSWENERGY.BO
EXT_3,SHORT,2026-07-07,2026-07-08,2026-07-14,544.2000122070312,557.805012512207,516.9900115966797,557.805012512207,STOP_LOSS,5,-2.499999999999992,-2.649999999999992,NEUTRAL,38.90154820280924,1.8737655987077857,JSWENERGY,BSE,JSWENERGY.BO
EXT_3,SHORT,2026-08-19,2026-08-20,2026-09-01,545.4000244140625,559.035025024414,518.1300231933593,518.1300231933593,TARGET,9,5.000000000000012,4.850000000000012,NEUTRAL,39.958446803547375,1.8252324564456597,JSWENERGY,BSE,JSWENERGY.BO
RSI_ZONE_EXT_3,SHORT,2024-12-24,2024-12-26,2024-12-30,648.9000244140625,665.122525024414,616.4550231933594,665.122525024414,STOP_LOSS,3,-2.499999999999993,-2.649999999999993,NEUTRAL,39.08136636858933,2.3458972480643325,JSWENERGY,BSE,JSWENERGY.BO
RSI_ZONE_EXT_3,LONG,2025-09-16,2025-09-17,2025-09-25,540.9500122070312,527.4262619018555,567.9975128173828,527.4262619018555,STOP_LOSS,7,-2.5,-2.65,BULL,62.64302196420808,2.202033239845701,JSWENERGY,BSE,JSWENERGY.BO
RSI_ZONE_EXT_3,LONG,2026-03-13,2026-03-16,2026-03-16,512.5499877929688,499.7362380981445,538.1774871826173,499.7362380981445,STOP_LOSS,1,-2.5000000000000067,-2.6500000000000066,BEAR,60.90745885943009,2.1886523185476463,JSWENERGY,BSE,JSWENERGY.BO
RSI_ZONE_EXT_3,SHORT,2026-07-07,2026-07-08,2026-07-14,544.2000122070312,557.805012512207,516.9900115966797,557.805012512207,STOP_LOSS,5,-2.499999999999992,-2.649999999999992,NEUTRAL,38.90154820280924,1.8737655987077857,JSWENERGY,BSE,JSWENERGY.BO
RSI_ZONE_EXT_3,SHORT,2026-08-19,2026-08-20,2026-09-01,545.4000244140625,559.035025024414,518.1300231933593,518.1300231933593,TARGET,9,5.000000000000012,4.850000000000012,NEUTRAL,39.958446803547375,1.8252324564456597,JSWENERGY,BSE,JSWENERGY.BO
RSI_ZONE_NO_NEUTRAL,LONG,2025-09-16,2025-09-17,2025-09-25,540.9500122070312,527.4262619018555,567.9975128173828,527.4262619018555,STOP_LOSS,7,-2.5,-2.65,BULL,62.64302196420808,2.202033239845701,JSWENERGY,BSE,JSWENERGY.BO
RSI_ZONE_NO_NEUTRAL,LONG,2026-03-12,2026-03-13,2026-03-13,522.0,508.95,548.1,508.95,STOP_LOSS,1,-2.500000000000002,-2.650000000000002,BEAR,63.789363203355215,4.45778434811062,JSWENERGY,BSE,JSWENERGY.BO
RSI_ZONE_NO_NEUTRAL,LONG,2026-04-15,2026-04-16,2026-04-21,532.7000122070312,519.3825119018554,559.3350128173828,559.3350128173828,TARGET,4,4.999999999999996,4.849999999999995,BEAR,63.013082996431955,4.107474903219232,JSWENERGY,BSE,JSWENERGY.BO
RSI_ZONE_NO_NEUTRAL,LONG,2026-05-26,2026-05-27,2026-05-29,583.6500244140625,569.0587738037109,612.8325256347656,612.8325256347656,TARGET,3,4.9999999999999964,4.849999999999996,BEAR,64.41010193440147,3.4569711105651284,JSWENERGY,BSE,JSWENERGY.BO
RSI_ZONE_EXT_3_NO_NEUTRAL,LONG,2025-09-16,2025-09-17,2025-09-25,540.9500122070312,527.4262619018555,567.9975128173828,527.4262619018555,STOP_LOSS,7,-2.5,-2.65,BULL,62.64302196420808,2.202033239845701,JSWENERGY,BSE,JSWENERGY.BO
RSI_ZONE_EXT_3_NO_NEUTRAL,LONG,2026-03-13,2026-03-16,2026-03-16,512.5499877929688,499.7362380981445,538.1774871826173,499.7362380981445,STOP_LOSS,1,-2.5000000000000067,-2.6500000000000066,BEAR,60.90745885943009,2.1886523185476463,JSWENERGY,BSE,JSWENERGY.BO
BASE_CURRENT,LONG,2026-07-31,2026-08-03,2026-08-03,251.60000610351562,245.31000595092772,264.18000640869144,245.31000595092772,STOP_LOSS,1,-2.5000000000000067,-2.6500000000000066,NEUTRAL,65.76486701523909,8.174125268929885,SHADOWFAX,BSE,SHADOWFAX.BO
EMA_MACD,LONG,2026-07-31,2026-08-03,2026-08-03,251.60000610351562,245.31000595092772,264.18000640869144,245.31000595092772,STOP_LOSS,1,-2.5000000000000067,-2.6500000000000066,NEUTRAL,65.76486701523909,8.174125268929885,SHADOWFAX,BSE,SHADOWFAX.BO
RSI_ZONE,LONG,2026-08-03,2026-08-04,2026-08-11,241.60000610351562,235.56000595092772,253.6800064086914,253.6800064086914,TARGET,6,5.000000000000003,4.850000000000002,BULL,63.49108798207455,4.4868610746535955,SHADOWFAX,BSE,SHADOWFAX.BO
EXT_3,LONG,2026-08-05,2026-08-06,2026-08-06,245.8000030517578,239.65500297546387,258.0900032043457,239.65500297546387,STOP_LOSS,1,-2.499999999999998,-2.6499999999999977,BULL,63.19422138713909,2.0956610165831,SHADOWFAX,BSE,SHADOWFAX.BO
RSI_ZONE_EXT_3,LONG,2026-08-05,2026-08-06,2026-08-06,245.8000030517578,239.65500297546387,258.0900032043457,239.65500297546387,STOP_LOSS,1,-2.499999999999998,-2.6499999999999977,BULL,63.19422138713909,2.0956610165831,SHADOWFAX,BSE,SHADOWFAX.BO
RSI_ZONE_NO_NEUTRAL,LONG,2026-08-03,2026-08-04,2026-08-11,241.60000610351562,235.56000595092772,253.6800064086914,253.6800064086914,TARGET,6,5.000000000000003,4.850000000000002,BULL,63.49108798207455,4.4868610746535955,SHADOWFAX,BSE,SHADOWFAX.BO
RSI_ZONE_EXT_3_NO_NEUTRAL,LONG,2026-08-05,2026-08-06,2026-08-06,245.8000030517578,239.65500297546387,258.0900032043457,239.65500297546387,STOP_LOSS,1,-2.499999999999998,-2.6499999999999977,BULL,63.19422138713909,2.0956610165831,SHADOWFAX,BSE,SHADOWFAX.BO
BASE_CURRENT,SHORT,2025-01-17,2025-01-21,2025-01-23,1820.0,1865.4999999999998,1729.0,1865.4999999999998,STOP_LOSS,3,-2.4999999999999876,-2.6499999999999875,NEUTRAL,33.0262588976709,4.397409241126177,INFY,BSE,500209.BO
BASE_CURRENT,SHORT,2025-09-26,2025-09-29,2025-10-08,1460.050048828125,1496.551300048828,1387.0475463867188,1496.551300048828,STOP_LOSS,7,-2.4999999999999845,-2.6499999999999844,BULL,39.34758401041667,2.261803592377154,INFY,BSE,500209.BO
BASE_CURRENT,LONG,2025-11-12,2025-11-13,2025-11-14,1558.949951171875,1519.976202392578,1636.8974487304688,1519.976202392578,STOP_LOSS,2,-2.500000000000009,-2.650000000000009,BULL,63.488838971692104,2.1002067082475406,INFY,BSE,500209.BO
BASE_CURRENT,SHORT,2026-02-05,2026-02-06,2026-02-12,1518.199951171875,1556.1549499511718,1442.289953613281,1442.289953613281,TARGET,5,5.000000000000009,4.8500000000000085,NEUTRAL,32.87774917190103,3.884178615500337,INFY,BSE,500209.BO
BASE_CURRENT,SHORT,2026-04-23,2026-04-24,2026-05-11,1205.9000244140625,1236.047525024414,1145.6050231933593,1176.800048828125,TIME_EXIT,11,2.4131333441241907,2.2631333441241908,BEAR,37.28700606092642,2.8637951089179543,INFY,BSE,500209.BO
BASE_CURRENT,SHORT,2026-06-11,2026-06-12,2026-06-15,1121.199951171875,1149.2299499511719,1065.1399536132812,1149.2299499511719,STOP_LOSS,2,-2.5,-2.65,BEAR,37.292256030410755,3.624480405022591,INFY,BSE,500209.BO
EMA_MACD,SHORT,2025-01-17,2025-01-21,2025-01-23,1820.0,1865.4999999999998,1729.0,1865.4999999999998,STOP_LOSS,3,-2.4999999999999876,-2.6499999999999875,NEUTRAL,33.0262588976709,4.397409241126177,INFY,BSE,500209.BO
EMA_MACD,SHORT,2025-02-13,2025-02-14,2025-02-24,1852.5,1898.8124999999998,1759.875,1759.875,TARGET,6,5.0,4.85,NEUTRAL,42.31680099462606,1.2690057874613738,INFY,BSE,500209.BO
EMA_MACD,LONG,2025-09-15,2025-09-16,2025-09-26,1508.050048828125,1470.3487976074218,1583.4525512695313,1470.3487976074218,STOP_LOSS,9,-2.500000000000003,-2.650000000000003,BULL,52.306351361702184,0.026950040065663275,INFY,BSE,500209.BO
EMA_MACD,SHORT,2025-10-17,2025-10-20,2025-10-23,1446.1500244140625,1482.3037750244139,1373.8425231933593,1482.3037750244139,STOP_LOSS,3,-2.499999999999987,-2.649999999999987,BULL,40.00245801527848,1.8340223707778645,INFY,BSE,500209.BO
EMA_MACD,LONG,2025-10-24,2025-10-27,2025-11-03,1512.300048828125,1474.4925476074218,1587.9150512695312,1474.4925476074218,STOP_LOSS,6,-2.500000000000006,-2.650000000000006,BULL,58.68160708684517,1.7546867688476342,INFY,BSE,500209.BO
EMA_MACD,SHORT,2025-11-06,2025-11-07,2025-11-10,1470.0,1506.7499999999998,1396.5,1506.7499999999998,STOP_LOSS,2,-2.4999999999999845,-2.6499999999999844,BULL,44.631720162282036,0.7861800863116722,INFY,BSE,500209.BO
EMA_MACD,LONG,2026-01-21,2026-01-22,2026-01-30,1666.1500244140625,1624.496273803711,1749.4575256347657,1624.496273803711,STOP_LOSS,7,-2.5000000000000027,-2.6500000000000026,BEAR,56.95090003612285,0.5465380816261389,INFY,BSE,500209.BO
EMA_MACD,SHORT,2026-02-05,2026-02-06,2026-02-12,1518.199951171875,1556.1549499511718,1442.289953613281,1442.289953613281,TARGET,5,5.000000000000009,4.8500000000000085,NEUTRAL,32.87774917190103,3.884178615500337,INFY,BSE,500209.BO
EMA_MACD,SHORT,2026-04-23,2026-04-24,2026-05-11,1205.9000244140625,1236.047525024414,1145.6050231933593,1176.800048828125,TIME_EXIT,11,2.4131333441241907,2.2631333441241908,BEAR,37.28700606092642,2.8637951089179543,INFY,BSE,500209.BO
EMA_MACD,SHORT,2026-06-11,2026-06-12,2026-06-15,1121.199951171875,1149.2299499511719,1065.1399536132812,1149.2299499511719,STOP_LOSS,2,-2.5,-2.65,BEAR,37.292256030410755,3.624480405022591,INFY,BSE,500209.BO
RSI_ZONE,SHORT,2025-01-17,2025-01-21,2025-01-23,1820.0,1865.4999999999998,1729.0,1865.4999999999998,STOP_LOSS,3,-2.4999999999999876,-2.6499999999999875,NEUTRAL,33.0262588976709,4.397409241126177,INFY,BSE,500209.BO
RSI_ZONE,SHORT,2025-09-26,2025-09-29,2025-10-08,1460.050048828125,1496.551300048828,1387.0475463867188,1496.551300048828,STOP_LOSS,7,-2.4999999999999845,-2.6499999999999844,BULL,39.34758401041667,2.261803592377154,INFY,BSE,500209.BO
RSI_ZONE,LONG,2025-11-12,2025-11-13,2025-11-14,1558.949951171875,1519.976202392578,1636.8974487304688,1519.976202392578,STOP_LOSS,2,-2.500000000000009,-2.650000000000009,BULL,63.488838971692104,2.1002067082475406,INFY,BSE,500209.BO
RSI_ZONE,SHORT,2026-02-05,2026-02-06,2026-02-12,1518.199951171875,1556.1549499511718,1442.289953613281,1442.289953613281,TARGET,5,5.000000000000009,4.8500000000000085,NEUTRAL,32.87774917190103,3.884178615500337,INFY,BSE,500209.BO
RSI_ZONE,SHORT,2026-04-23,2026-04-24,2026-05-11,1205.9000244140625,1236.047525024414,1145.6050231933593,1176.800048828125,TIME_EXIT,11,2.4131333441241907,2.2631333441241908,BEAR,37.28700606092642,2.8637951089179543,INFY,BSE,500209.BO
RSI_ZONE,SHORT,2026-06-11,2026-06-12,2026-06-15,1121.199951171875,1149.2299499511719,1065.1399536132812,1149.2299499511719,STOP_LOSS,2,-2.5,-2.65,BEAR,37.292256030410755,3.624480405022591,INFY,BSE,500209.BO
EXT_3,SHORT,2025-09-26,2025-09-29,2025-10-08,1460.050048828125,1496.551300048828,1387.0475463867188,1496.551300048828,STOP_LOSS,7,-2.4999999999999845,-2.6499999999999844,BULL,39.34758401041667,2.261803592377154,INFY,BSE,500209.BO
EXT_3,LONG,2025-11-12,2025-11-13,2025-11-14,1558.949951171875,1519.976202392578,1636.8974487304688,1519.976202392578,STOP_LOSS,2,-2.500000000000009,-2.650000000000009,BULL,63.488838971692104,2.1002067082475406,INFY,BSE,500209.BO
EXT_3,SHORT,2026-04-23,2026-04-24,2026-05-11,1205.9000244140625,1236.047525024414,1145.6050231933593,1176.800048828125,TIME_EXIT,11,2.4131333441241907,2.2631333441241908,BEAR,37.28700606092642,2.8637951089179543,INFY,BSE,500209.BO
EXT_3,SHORT,2026-06-12,2026-06-15,2026-06-17,1128.25,1156.45625,1071.8374999999999,1156.45625,STOP_LOSS,3,-2.499999999999996,-2.649999999999996,BEAR,37.84091123796737,2.301194767336009,INFY,BSE,500209.BO
RSI_ZONE_EXT_3,SHORT,2025-09-26,2025-09-29,2025-10-08,1460.050048828125,1496.551300048828,1387.0475463867188,1496.551300048828,STOP_LOSS,7,-2.4999999999999845,-2.6499999999999844,BULL,39.34758401041667,2.261803592377154,INFY,BSE,500209.BO
RSI_ZONE_EXT_3,LONG,2025-11-12,2025-11-13,2025-11-14,1558.949951171875,1519.976202392578,1636.8974487304688,1519.976202392578,STOP_LOSS,2,-2.500000000000009,-2.650000000000009,BULL,63.488838971692104,2.1002067082475406,INFY,BSE,500209.BO
RSI_ZONE_EXT_3,SHORT,2026-04-23,2026-04-24,2026-05-11,1205.9000244140625,1236.047525024414,1145.6050231933593,1176.800048828125,TIME_EXIT,11,2.4131333441241907,2.2631333441241908,BEAR,37.28700606092642,2.8637951089179543,INFY,BSE,500209.BO
RSI_ZONE_EXT_3,SHORT,2026-06-12,2026-06-15,2026-06-17,1128.25,1156.45625,1071.8374999999999,1156.45625,STOP_LOSS,3,-2.499999999999996,-2.649999999999996,BEAR,37.84091123796737,2.301194767336009,INFY,BSE,500209.BO
RSI_ZONE_NO_NEUTRAL,SHORT,2025-09-26,2025-09-29,2025-10-08,1460.050048828125,1496.551300048828,1387.0475463867188,1496.551300048828,STOP_LOSS,7,-2.4999999999999845,-2.6499999999999844,BULL,39.34758401041667,2.261803592377154,INFY,BSE,500209.BO
RSI_ZONE_NO_NEUTRAL,LONG,2025-11-12,2025-11-13,2025-11-14,1558.949951171875,1519.976202392578,1636.8974487304688,1519.976202392578,STOP_LOSS,2,-2.500000000000009,-2.650000000000009,BULL,63.488838971692104,2.1002067082475406,INFY,BSE,500209.BO
RSI_ZONE_NO_NEUTRAL,SHORT,2026-04-23,2026-04-24,2026-05-11,1205.9000244140625,1236.047525024414,1145.6050231933593,1176.800048828125,TIME_EXIT,11,2.4131333441241907,2.2631333441241908,BEAR,37.28700606092642,2.8637951089179543,INFY,BSE,500209.BO
RSI_ZONE_NO_NEUTRAL,SHORT,2026-06-11,2026-06-12,2026-06-15,1121.199951171875,1149.2299499511719,1065.1399536132812,1149.2299499511719,STOP_LOSS,2,-2.5,-2.65,BEAR,37.292256030410755,3.624480405022591,INFY,BSE,500209.BO
RSI_ZONE_EXT_3_NO_NEUTRAL,SHORT,2025-09-26,2025-09-29,2025-10-08,1460.050048828125,1496.551300048828,1387.0475463867188,1496.551300048828,STOP_LOSS,7,-2.4999999999999845,-2.6499999999999844,BULL,39.34758401041667,2.261803592377154,INFY,BSE,500209.BO
RSI_ZONE_EXT_3_NO_NEUTRAL,LONG,2025-11-12,2025-11-13,2025-11-14,1558.949951171875,1519.976202392578,1636.8974487304688,1519.976202392578,STOP_LOSS,2,-2.500000000000009,-2.650000000000009,BULL,63.488838971692104,2.1002067082475406,INFY,BSE,500209.BO
RSI_ZONE_EXT_3_NO_NEUTRAL,SHORT,2026-04-23,2026-04-24,2026-05-11,1205.9000244140625,1236.047525024414,1145.6050231933593,1176.800048828125,TIME_EXIT,11,2.4131333441241907,2.2631333441241908,BEAR,37.28700606092642,2.8637951089179543,INFY,BSE,500209.BO
RSI_ZONE_EXT_3_NO_NEUTRAL,SHORT,2026-06-12,2026-06-15,2026-06-17,1128.25,1156.45625,1071.8374999999999,1156.45625,STOP_LOSS,3,-2.499999999999996,-2.649999999999996,BEAR,37.84091123796737,2.301194767336009,INFY,BSE,500209.BO
BASE_CURRENT,SHORT,2024-11-12,2024-11-13,2024-11-13,200.0,204.99999999999997,190.0,190.0,TARGET,1,5.0,4.85,NEUTRAL,37.933237849326225,3.9939515592918933,INOXWIND,BSE,INOXWIND.BO
BASE_CURRENT,SHORT,2024-12-18,2024-12-19,2024-12-30,186.75,191.41875,177.4125,177.4125,TARGET,7,5.000000000000003,4.850000000000002,NEUTRAL,38.06929727172386,2.5643238926653376,INOXWIND,BSE,INOXWIND.BO
BASE_CURRENT,SHORT,2025-02-28,2025-03-03,2025-03-03,152.8000030517578,156.62000312805174,145.1600028991699,145.1600028991699,TARGET,1,5.000000000000007,4.850000000000007,NEUTRAL,37.072350888618566,6.327404899749254,INOXWIND,BSE,INOXWIND.BO
BASE_CURRENT,LONG,2025-04-23,2025-04-24,2025-04-25,175.4499969482422,171.06374702453613,184.2224967956543,171.06374702453613,STOP_LOSS,2,-2.500000000000003,-2.650000000000003,NEUTRAL,60.811072937476055,4.168898870802703,INOXWIND,BSE,INOXWIND.BO
BASE_CURRENT,LONG,2025-05-19,2025-05-20,2025-05-20,187.25,182.56875,196.6125,182.56875,STOP_LOSS,1,-2.500000000000003,-2.650000000000003,NEUTRAL,63.22305226266676,4.07315710990951,INOXWIND,BSE,INOXWIND.BO
BASE_CURRENT,SHORT,2025-07-15,2025-07-16,2025-07-25,165.9499969482422,170.09874687194824,157.65249710083006,157.65249710083006,TARGET,8,5.00000000000001,4.850000000000009,BULL,35.3133194506305,4.660581610145313,INOXWIND,BSE,INOXWIND.BO
BASE_CURRENT,SHORT,2025-09-25,2025-09-26,2025-10-09,141.25,144.78125,134.1875,144.78125,STOP_LOSS,9,-2.5,-2.65,BULL,37.80693617034709,3.326498370672515,INOXWIND,BSE,INOXWIND.BO
EMA_MACD,SHORT,2024-11-11,2024-11-12,2024-11-13,205.75,210.89374999999998,195.46249999999998,195.46249999999998,TARGET,2,5.0000000000000115,4.850000000000011,NEUTRAL,40.565544554699024,3.637572042547314,INOXWIND,BSE,INOXWIND.BO
EMA_MACD,SHORT,2024-12-18,2024-12-19,2024-12-30,186.75,191.41875,177.4125,177.4125,TARGET,7,5.000000000000003,4.850000000000002,NEUTRAL,38.06929727172386,2.5643238926653376,INOXWIND,BSE,INOXWIND.BO
EMA_MACD,SHORT,2025-02-27,2025-02-28,2025-03-03,153.39999389648438,157.23499374389647,145.72999420166016,145.72999420166016,TARGET,2,4.9999999999999964,4.849999999999996,NEUTRAL,41.13221033892064,5.149716184766614,INOXWIND,BSE,INOXWIND.BO
EMA_MACD,SHORT,2025-03-28,2025-04-01,2025-04-02,163.5,167.58749999999998,155.325,155.325,TARGET,2,5.000000000000007,4.850000000000007,NEUTRAL,48.34945215631145,0.35591855825927016,INOXWIND,BSE,INOXWIND.BO
EMA_MACD,LONG,2025-04-23,2025-04-24,2025-04-25,175.4499969482422,171.06374702453613,184.2224967956543,171.06374702453613,STOP_LOSS,2,-2.500000000000003,-2.650000000000003,NEUTRAL,60.811072937476055,4.168898870802703,INOXWIND,BSE,INOXWIND.BO
EMA_MACD,LONG,2025-05-14,2025-05-15,2025-05-19,174.9499969482422,170.57624702453612,183.6974967956543,183.6974967956543,TARGET,3,5.000000000000003,4.850000000000002,NEUTRAL,56.165940279608336,2.9266009448967347,INOXWIND,BSE,INOXWIND.BO
EMA_MACD,SHORT,2025-07-15,2025-07-16,2025-07-25,165.9499969482422,170.09874687194824,157.65249710083006,157.65249710083006,TARGET,8,5.00000000000001,4.850000000000009,BULL,35.3133194506305,4.660581610145313,INOXWIND,BSE,INOXWIND.BO
EMA_MACD,SHORT,2025-09-25,2025-09-26,2025-10-09,141.25,144.78125,134.1875,144.78125,STOP_LOSS,9,-2.5,-2.65,BULL,37.80693617034709,3.326498370672515,INOXWIND,BSE,INOXWIND.BO
EMA_MACD,LONG,2025-10-15,2025-10-16,2025-10-17,148.60000610351562,144.88500595092773,156.0300064086914,144.88500595092773,STOP_LOSS,2,-2.5,-2.65,BULL,55.06471957970551,0.6456981162751922,INOXWIND,BSE,INOXWIND.BO
RSI_ZONE,SHORT,2024-11-12,2024-11-13,2024-11-13,200.0,204.99999999999997,190.0,190.0,TARGET,1,5.0,4.85,NEUTRAL,37.933237849326225,3.9939515592918933,INOXWIND,BSE,INOXWIND.BO
RSI_ZONE,SHORT,2024-12-18,2024-12-19,2024-12-30,186.75,191.41875,177.4125,177.4125,TARGET,7,5.000000000000003,4.850000000000002,NEUTRAL,38.06929727172386,2.5643238926653376,INOXWIND,BSE,INOXWIND.BO
RSI_ZONE,SHORT,2025-02-28,2025-03-03,2025-03-03,152.8000030517578,156.62000312805174,145.1600028991699,145.1600028991699,TARGET,1,5.000000000000007,4.850000000000007,NEUTRAL,37.072350888618566,6.327404899749254,INOXWIND,BSE,INOXWIND.BO
RSI_ZONE,LONG,2025-04-23,2025-04-24,2025-04-25,175.4499969482422,171.06374702453613,184.2224967956543,171.06374702453613,STOP_LOSS,2,-2.500000000000003,-2.650000000000003,NEUTRAL,60.811072937476055,4.168898870802703,INOXWIND,BSE,INOXWIND.BO
RSI_ZONE,LONG,2025-05-19,2025-05-20,2025-05-20,187.25,182.56875,196.6125,182.56875,STOP_LOSS,1,-2.500000000000003,-2.650000000000003,NEUTRAL,63.22305226266676,4.07315710990951,INOXWIND,BSE,INOXWIND.BO
RSI_ZONE,SHORT,2025-07-15,2025-07-16,2025-07-25,165.9499969482422,170.09874687194824,157.65249710083006,157.65249710083006,TARGET,8,5.00000000000001,4.850000000000009,BULL,35.3133194506305,4.660581610145313,INOXWIND,BSE,INOXWIND.BO
RSI_ZONE,SHORT,2025-09-25,2025-09-26,2025-10-09,141.25,144.78125,134.1875,144.78125,STOP_LOSS,9,-2.5,-2.65,BULL,37.80693617034709,3.326498370672515,INOXWIND,BSE,INOXWIND.BO
EXT_3,SHORT,2024-12-18,2024-12-19,2024-12-30,186.75,191.41875,177.4125,177.4125,TARGET,7,5.000000000000003,4.850000000000002,NEUTRAL,38.06929727172386,2.5643238926653376,INOXWIND,BSE,INOXWIND.BO
EXT_3,SHORT,2025-07-16,2025-07-17,2025-07-24,167.8000030517578,171.99500312805174,159.4100028991699,159.4100028991699,TARGET,6,5.000000000000006,4.850000000000006,BULL,38.36840140331033,2.422097698060222,INOXWIND,BSE,INOXWIND.BO
EXT_3,SHORT,2025-09-29,2025-09-30,2025-10-01,139.3000030517578,142.78250312805176,132.33500289916992,142.78250312805176,STOP_LOSS,2,-2.5,-2.65,BULL,36.487159552307375,2.0010083927594504,INOXWIND,BSE,INOXWIND.BO
RSI_ZONE_EXT_3,SHORT,2024-12-18,2024-12-19,2024-12-30,186.75,191.41875,177.4125,177.4125,TARGET,7,5.000000000000003,4.850000000000002,NEUTRAL,38.06929727172386,2.5643238926653376,INOXWIND,BSE,INOXWIND.BO
RSI_ZONE_EXT_3,SHORT,2025-07-16,2025-07-17,2025-07-24,167.8000030517578,171.99500312805174,159.4100028991699,159.4100028991699,TARGET,6,5.000000000000006,4.850000000000006,BULL,38.36840140331033,2.422097698060222,INOXWIND,BSE,INOXWIND.BO
RSI_ZONE_EXT_3,SHORT,2025-09-29,2025-09-30,2025-10-01,139.3000030517578,142.78250312805176,132.33500289916992,142.78250312805176,STOP_LOSS,2,-2.5,-2.65,BULL,36.487159552307375,2.0010083927594504,INOXWIND,BSE,INOXWIND.BO
RSI_ZONE_NO_NEUTRAL,SHORT,2025-07-15,2025-07-16,2025-07-25,165.9499969482422,170.09874687194824,157.65249710083006,157.65249710083006,TARGET,8,5.00000000000001,4.850000000000009,BULL,35.3133194506305,4.660581610145313,INOXWIND,BSE,INOXWIND.BO
RSI_ZONE_NO_NEUTRAL,SHORT,2025-09-25,2025-09-26,2025-10-09,141.25,144.78125,134.1875,144.78125,STOP_LOSS,9,-2.5,-2.65,BULL,37.80693617034709,3.326498370672515,INOXWIND,BSE,INOXWIND.BO
RSI_ZONE_EXT_3_NO_NEUTRAL,SHORT,2025-07-16,2025-07-17,2025-07-24,167.8000030517578,171.99500312805174,159.4100028991699,159.4100028991699,TARGET,6,5.000000000000006,4.850000000000006,BULL,38.36840140331033,2.422097698060222,INOXWIND,BSE,INOXWIND.BO
RSI_ZONE_EXT_3_NO_NEUTRAL,SHORT,2025-09-29,2025-09-30,2025-10-01,139.3000030517578,142.78250312805176,132.33500289916992,142.78250312805176,STOP_LOSS,2,-2.5,-2.65,BULL,36.487159552307375,2.0010083927594504,INOXWIND,BSE,INOXWIND.BO
BASE_CURRENT,SHORT,2024-12-20,2024-12-23,2025-01-07,308.95001220703125,316.673762512207,293.50251159667965,299.25,TIME_EXIT,11,3.1396704398027833,2.9896704398027834,NEUTRAL,32.32516446724213,4.698235666770461,JIOFIN,BSE,JIOFIN.BO
BASE_CURRENT,LONG,2025-04-16,2025-04-17,2025-04-23,242.75,236.68125,254.88750000000002,254.88750000000002,TARGET,4,5.000000000000007,4.850000000000007,NEUTRAL,60.12913131822915,3.613101365314547,JIOFIN,BSE,JIOFIN.BO
BASE_CURRENT,LONG,2025-08-04,2025-08-05,2025-08-06,334.8500061035156,326.47875595092773,351.5925064086914,326.47875595092773,STOP_LOSS,2,-2.5,-2.65,BULL,65.60819803214264,2.003549594504182,JIOFIN,BSE,JIOFIN.BO
BASE_CURRENT,SHORT,2025-09-24,2025-09-25,2025-09-30,307.70001220703125,315.392512512207,292.31501159667965,292.31501159667965,TARGET,4,5.0000000000000115,4.850000000000011,BULL,36.88614921279768,1.6261006639614426,JIOFIN,BSE,JIOFIN.BO
BASE_CURRENT,SHORT,2025-11-04,2025-11-06,2025-11-12,301.8999938964844,309.4474937438965,286.8049942016601,309.4474937438965,STOP_LOSS,5,-2.4999999999999964,-2.6499999999999964,BULL,39.886045484220695,1.246006960399832,JIOFIN,BSE,JIOFIN.BO
BASE_CURRENT,SHORT,2026-01-09,2026-01-12,2026-01-20,287.0,294.17499999999995,272.65,272.65,TARGET,6,5.000000000000008,4.850000000000008,BULL,38.02323244912185,2.4097548697169517,JIOFIN,BSE,JIOFIN.BO
BASE_CURRENT,SHORT,2026-07-08,2026-07-09,2026-07-10,230.5500030517578,236.31375312805173,219.02250289916992,236.31375312805173,STOP_LOSS,2,-2.4999999999999876,-2.6499999999999875,NEUTRAL,39.113464539565385,2.8653980821883085,JIOFIN,BSE,JIOFIN.BO
BASE_CURRENT,LONG,2026-07-29,2026-07-30,2026-08-03,248.3000030517578,242.09250297546387,260.7150032043457,260.7150032043457,TARGET,3,4.999999999999996,4.849999999999995,NEUTRAL,62.327062876917545,3.6855398524518086,JIOFIN,BSE,JIOFIN.BO
EMA_MACD,SHORT,2024-12-20,2024-12-23,2025-01-07,308.95001220703125,316.673762512207,293.50251159667965,299.25,TIME_EXIT,11,3.1396704398027833,2.9896704398027834,NEUTRAL,32.32516446724213,4.698235666770461,JIOFIN,BSE,JIOFIN.BO
EMA_MACD,SHORT,2025-04-09,2025-04-11,2025-04-15,227.1999969482422,232.8799968719482,215.83999710083006,232.8799968719482,STOP_LOSS,2,-2.499999999999985,-2.649999999999985,NEUTRAL,45.68165376268212,0.697736427830072,JIOFIN,BSE,JIOFIN.BO
EMA_MACD,LONG,2025-04-16,2025-04-17,2025-04-23,242.75,236.68125,254.88750000000002,254.88750000000002,TARGET,4,5.000000000000007,4.850000000000007,NEUTRAL,60.12913131822915,3.613101365314547,JIOFIN,BSE,JIOFIN.BO
EMA_MACD,LONG,2025-08-04,2025-08-05,2025-08-06,334.8500061035156,326.47875595092773,351.5925064086914,326.47875595092773,STOP_LOSS,2,-2.5,-2.65,BULL,65.60819803214264,2.003549594504182,JIOFIN,BSE,JIOFIN.BO
EMA_MACD,SHORT,2025-09-24,2025-09-25,2025-09-30,307.70001220703125,315.392512512207,292.31501159667965,292.31501159667965,TARGET,4,5.0000000000000115,4.850000000000011,BULL,36.88614921279768,1.6261006639614426,JIOFIN,BSE,JIOFIN.BO
EMA_MACD,SHORT,2025-11-04,2025-11-06,2025-11-12,301.8999938964844,309.4474937438965,286.8049942016601,309.4474937438965,STOP_LOSS,5,-2.4999999999999964,-2.6499999999999964,BULL,39.886045484220695,1.246006960399832,JIOFIN,BSE,JIOFIN.BO
EMA_MACD,LONG,2025-11-17,2025-11-18,2025-11-21,311.1499938964844,303.37124404907223,326.7074935913086,303.37124404907223,STOP_LOSS,4,-2.500000000000011,-2.650000000000011,BULL,56.46176268924862,0.5188138113026658,JIOFIN,BSE,JIOFIN.BO
EMA_MACD,SHORT,2025-11-24,2025-11-25,2025-11-26,299.3999938964844,306.8849937438965,284.4299942016601,306.8849937438965,STOP_LOSS,2,-2.4999999999999964,-2.6499999999999964,BULL,41.36652878094649,1.423602900155032,JIOFIN,BSE,JIOFIN.BO
EMA_MACD,SHORT,2026-01-09,2026-01-12,2026-01-20,287.0,294.17499999999995,272.65,272.65,TARGET,6,5.000000000000008,4.850000000000008,BULL,38.02323244912185,2.4097548697169517,JIOFIN,BSE,JIOFIN.BO
EMA_MACD,SHORT,2026-05-13,2026-05-14,2026-05-21,232.3000030517578,238.10750312805175,220.68500289916992,238.10750312805175,STOP_LOSS,6,-2.499999999999995,-2.649999999999995,BEAR,40.33847759289872,2.759746709941408,JIOFIN,BSE,JIOFIN.BO
EMA_MACD,SHORT,2026-06-03,2026-06-04,2026-06-15,234.3500061035156,240.20875625610347,222.6325057983398,240.20875625610347,STOP_LOSS,8,-2.4999999999999933,-2.6499999999999932,BEAR,44.42474603248708,0.9000819677707093,JIOFIN,BSE,JIOFIN.BO
EMA_MACD,LONG,2026-06-18,2026-06-19,2026-06-23,244.3000030517578,238.19250297546387,256.5150032043457,238.19250297546387,STOP_LOSS,3,-2.5,-2.65,BEAR,57.22706417071226,1.3439162583889945,JIOFIN,BSE,JIOFIN.BO
EMA_MACD,LONG,2026-07-02,2026-07-03,2026-07-08,241.3000030517578,235.26750297546386,253.36500320434573,235.26750297546386,STOP_LOSS,4,-2.5000000000000044,-2.6500000000000044,NEUTRAL,51.5541342267692,0.29692147331765606,JIOFIN,BSE,JIOFIN.BO
EMA_MACD,LONG,2026-07-13,2026-07-14,2026-07-23,239.6999969482422,233.70749702453614,251.6849967956543,233.70749702453614,STOP_LOSS,8,-2.499999999999998,-2.6499999999999977,NEUTRAL,53.5938584344872,1.0100501092654344,JIOFIN,BSE,JIOFIN.BO
EMA_MACD,LONG,2026-07-29,2026-07-30,2026-08-03,248.3000030517578,242.09250297546387,260.7150032043457,260.7150032043457,TARGET,3,4.999999999999996,4.849999999999995,NEUTRAL,62.327062876917545,3.6855398524518086,JIOFIN,BSE,JIOFIN.BO
RSI_ZONE,SHORT,2024-12-20,2024-12-23,2025-01-07,308.95001220703125,316.673762512207,293.50251159667965,299.25,TIME_EXIT,11,3.1396704398027833,2.9896704398027834,NEUTRAL,32.32516446724213,4.698235666770461,JIOFIN,BSE,JIOFIN.BO
RSI_ZONE,LONG,2025-04-16,2025-04-17,2025-04-23,242.75,236.68125,254.88750000000002,254.88750000000002,TARGET,4,5.000000000000007,4.850000000000007,NEUTRAL,60.12913131822915,3.613101365314547,JIOFIN,BSE,JIOFIN.BO
RSI_ZONE,SHORT,2025-09-24,2025-09-25,2025-09-30,307.70001220703125,315.392512512207,292.31501159667965,292.31501159667965,TARGET,4,5.0000000000000115,4.850000000000011,BULL,36.88614921279768,1.6261006639614426,JIOFIN,BSE,JIOFIN.BO
RSI_ZONE,SHORT,2025-11-04,2025-11-06,2025-11-12,301.8999938964844,309.4474937438965,286.8049942016601,309.4474937438965,STOP_LOSS,5,-2.4999999999999964,-2.6499999999999964,BULL,39.886045484220695,1.246006960399832,JIOFIN,BSE,JIOFIN.BO
RSI_ZONE,SHORT,2026-01-09,2026-01-12,2026-01-20,287.0,294.17499999999995,272.65,272.65,TARGET,6,5.000000000000008,4.850000000000008,BULL,38.02323244912185,2.4097548697169517,JIOFIN,BSE,JIOFIN.BO
RSI_ZONE,SHORT,2026-07-08,2026-07-09,2026-07-10,230.5500030517578,236.31375312805173,219.02250289916992,236.31375312805173,STOP_LOSS,2,-2.4999999999999876,-2.6499999999999875,NEUTRAL,39.113464539565385,2.8653980821883085,JIOFIN,BSE,JIOFIN.BO
RSI_ZONE,LONG,2026-07-29,2026-07-30,2026-08-03,248.3000030517578,242.09250297546387,260.7150032043457,260.7150032043457,TARGET,3,4.999999999999996,4.849999999999995,NEUTRAL,62.327062876917545,3.6855398524518086,JIOFIN,BSE,JIOFIN.BO
EXT_3,SHORT,2024-12-24,2024-12-26,2025-01-09,304.8999938964844,312.52249374389646,289.65499420166014,289.65499420166014,TARGET,11,5.0000000000000036,4.850000000000003,NEUTRAL,32.57122881114667,2.10741975822833,JIOFIN,BSE,JIOFIN.BO
EXT_3,LONG,2025-04-21,2025-04-22,2025-04-23,245.0500030517578,238.92375297546386,257.3025032043457,257.3025032043457,TARGET,2,5.000000000000009,4.8500000000000085,NEUTRAL,62.26405823976292,2.2793392477337413,JIOFIN,BSE,JIOFIN.BO
EXT_3,LONG,2025-08-04,2025-08-05,2025-08-06,334.8500061035156,326.47875595092773,351.5925064086914,326.47875595092773,STOP_LOSS,2,-2.5,-2.65,BULL,65.60819803214264,2.003549594504182,JIOFIN,BSE,JIOFIN.BO
EXT_3,SHORT,2025-09-24,2025-09-25,2025-09-30,307.70001220703125,315.392512512207,292.31501159667965,292.31501159667965,TARGET,4,5.0000000000000115,4.850000000000011,BULL,36.88614921279768,1.6261006639614426,JIOFIN,BSE,JIOFIN.BO
EXT_3,SHORT,2025-11-04,2025-11-06,2025-11-12,301.8999938964844,309.4474937438965,286.8049942016601,309.4474937438965,STOP_LOSS,5,-2.4999999999999964,-2.6499999999999964,BULL,39.886045484220695,1.246006960399832,JIOFIN,BSE,JIOFIN.BO
EXT_3,SHORT,2026-01-09,2026-01-12,2026-01-20,287.0,294.17499999999995,272.65,272.65,TARGET,6,5.000000000000008,4.850000000000008,BULL,38.02323244912185,2.4097548697169517,JIOFIN,BSE,JIOFIN.BO
EXT_3,SHORT,2026-07-08,2026-07-09,2026-07-10,230.5500030517578,236.31375312805173,219.02250289916992,236.31375312805173,STOP_LOSS,2,-2.4999999999999876,-2.6499999999999875,NEUTRAL,39.113464539565385,2.8653980821883085,JIOFIN,BSE,JIOFIN.BO
RSI_ZONE_EXT_3,SHORT,2024-12-24,2024-12-26,2025-01-09,304.8999938964844,312.52249374389646,289.65499420166014,289.65499420166014,TARGET,11,5.0000000000000036,4.850000000000003,NEUTRAL,32.57122881114667,2.10741975822833,JIOFIN,BSE,JIOFIN.BO
RSI_ZONE_EXT_3,LONG,2025-04-21,2025-04-22,2025-04-23,245.0500030517578,238.92375297546386,257.3025032043457,257.3025032043457,TARGET,2,5.000000000000009,4.8500000000000085,NEUTRAL,62.26405823976292,2.2793392477337413,JIOFIN,BSE,JIOFIN.BO
RSI_ZONE_EXT_3,SHORT,2025-09-24,2025-09-25,2025-09-30,307.70001220703125,315.392512512207,292.31501159667965,292.31501159667965,TARGET,4,5.0000000000000115,4.850000000000011,BULL,36.88614921279768,1.6261006639614426,JIOFIN,BSE,JIOFIN.BO
RSI_ZONE_EXT_3,SHORT,2025-11-04,2025-11-06,2025-11-12,301.8999938964844,309.4474937438965,286.8049942016601,309.4474937438965,STOP_LOSS,5,-2.4999999999999964,-2.6499999999999964,BULL,39.886045484220695,1.246006960399832,JIOFIN,BSE,JIOFIN.BO
RSI_ZONE_EXT_3,SHORT,2026-01-09,2026-01-12,2026-01-20,287.0,294.17499999999995,272.65,272.65,TARGET,6,5.000000000000008,4.850000000000008,BULL,38.02323244912185,2.4097548697169517,JIOFIN,BSE,JIOFIN.BO
RSI_ZONE_EXT_3,SHORT,2026-07-08,2026-07-09,2026-07-10,230.5500030517578,236.31375312805173,219.02250289916992,236.31375312805173,STOP_LOSS,2,-2.4999999999999876,-2.6499999999999875,NEUTRAL,39.113464539565385,2.8653980821883085,JIOFIN,BSE,JIOFIN.BO
RSI_ZONE_NO_NEUTRAL,SHORT,2025-09-24,2025-09-25,2025-09-30,307.70001220703125,315.392512512207,292.31501159667965,292.31501159667965,TARGET,4,5.0000000000000115,4.850000000000011,BULL,36.88614921279768,1.6261006639614426,JIOFIN,BSE,JIOFIN.BO
RSI_ZONE_NO_NEUTRAL,SHORT,2025-11-04,2025-11-06,2025-11-12,301.8999938964844,309.4474937438965,286.8049942016601,309.4474937438965,STOP_LOSS,5,-2.4999999999999964,-2.6499999999999964,BULL,39.886045484220695,1.246006960399832,JIOFIN,BSE,JIOFIN.BO
RSI_ZONE_NO_NEUTRAL,SHORT,2026-01-09,2026-01-12,2026-01-20,287.0,294.17499999999995,272.65,272.65,TARGET,6,5.000000000000008,4.850000000000008,BULL,38.02323244912185,2.4097548697169517,JIOFIN,BSE,JIOFIN.BO
RSI_ZONE_EXT_3_NO_NEUTRAL,SHORT,2025-09-24,2025-09-25,2025-09-30,307.70001220703125,315.392512512207,292.31501159667965,292.31501159667965,TARGET,4,5.0000000000000115,4.850000000000011,BULL,36.88614921279768,1.6261006639614426,JIOFIN,BSE,JIOFIN.BO
RSI_ZONE_EXT_3_NO_NEUTRAL,SHORT,2025-11-04,2025-11-06,2025-11-12,301.8999938964844,309.4474937438965,286.8049942016601,309.4474937438965,STOP_LOSS,5,-2.4999999999999964,-2.6499999999999964,BULL,39.886045484220695,1.246006960399832,JIOFIN,BSE,JIOFIN.BO
RSI_ZONE_EXT_3_NO_NEUTRAL,SHORT,2026-01-09,2026-01-12,2026-01-20,287.0,294.17499999999995,272.65,272.65,TARGET,6,5.000000000000008,4.850000000000008,BULL,38.02323244912185,2.4097548697169517,JIOFIN,BSE,JIOFIN.BO
BASE_CURRENT,SHORT,2025-04-04,2025-04-07,2025-04-07,71.69999694824219,73.49249687194823,68.11499710083008,73.49249687194823,STOP_LOSS,1,-2.499999999999988,-2.649999999999988,NEUTRAL,36.6847606453674,6.085380370121015,MOTHERSON,BSE,MOTHERSON.BO
BASE_CURRENT,LONG,2025-04-23,2025-04-24,2025-04-25,90.56666564941406,88.30249900817871,95.09499893188477,88.30249900817871,STOP_LOSS,2,-2.499999999999997,-2.649999999999997,NEUTRAL,60.928282750707055,3.0613859073030016,MOTHERSON,BSE,MOTHERSON.BO
BASE_CURRENT,LONG,2025-11-13,2025-11-14,2025-11-18,111.3499984741211,108.56624851226806,116.91749839782716,108.56624851226806,STOP_LOSS,3,-2.500000000000005,-2.650000000000005,BULL,61.81974488617346,2.612577052872052,MOTHERSON,BSE,MOTHERSON.BO
BASE_CURRENT,LONG,2025-11-19,2025-11-20,2025-11-21,112.9000015258789,110.07750148773194,118.54500160217286,110.07750148773194,STOP_LOSS,2,-2.4999999999999973,-2.6499999999999972,BULL,66.93409101250137,2.1967264919738203,MOTHERSON,BSE,MOTHERSON.BO
BASE_CURRENT,LONG,2026-02-04,2026-02-05,2026-02-06,121.8000030517578,118.75500297546385,127.89000320434569,118.75500297546385,STOP_LOSS,2,-2.5,-2.65,NEUTRAL,64.56240337263401,3.940275853374587,MOTHERSON,BSE,MOTHERSON.BO
BASE_CURRENT,LONG,2026-07-27,2026-07-28,2026-08-03,147.4499969482422,143.76374702453612,154.8224967956543,154.8224967956543,TARGET,5,5.0000000000000036,4.850000000000003,NEUTRAL,60.92549972535882,1.9116421194788191,MOTHERSON,BSE,MOTHERSON.BO
EMA_MACD,SHORT,2025-04-04,2025-04-07,2025-04-07,71.69999694824219,73.49249687194823,68.11499710083008,73.49249687194823,STOP_LOSS,1,-2.499999999999988,-2.649999999999988,NEUTRAL,36.6847606453674,6.085380370121015,MOTHERSON,BSE,MOTHERSON.BO
EMA_MACD,LONG,2025-04-23,2025-04-24,2025-04-25,90.56666564941406,88.30249900817871,95.09499893188477,88.30249900817871,STOP_LOSS,2,-2.499999999999997,-2.649999999999997,NEUTRAL,60.928282750707055,3.0613859073030016,MOTHERSON,BSE,MOTHERSON.BO
EMA_MACD,LONG,2025-11-13,2025-11-14,2025-11-18,111.3499984741211,108.56624851226806,116.91749839782716,108.56624851226806,STOP_LOSS,3,-2.500000000000005,-2.650000000000005,BULL,61.81974488617346,2.612577052872052,MOTHERSON,BSE,MOTHERSON.BO
EMA_MACD,LONG,2026-02-04,2026-02-05,2026-02-06,121.8000030517578,118.75500297546385,127.89000320434569,118.75500297546385,STOP_LOSS,2,-2.5,-2.65,NEUTRAL,64.56240337263401,3.940275853374587,MOTHERSON,BSE,MOTHERSON.BO
EMA_MACD,LONG,2026-07-27,2026-07-28,2026-08-03,147.4499969482422,143.76374702453612,154.8224967956543,154.8224967956543,TARGET,5,5.0000000000000036,4.850000000000003,NEUTRAL,60.92549972535882,1.9116421194788191,MOTHERSON,BSE,MOTHERSON.BO
RSI_ZONE,SHORT,2025-04-04,2025-04-07,2025-04-07,71.69999694824219,73.49249687194823,68.11499710083008,73.49249687194823,STOP_LOSS,1,-2.499999999999988,-2.649999999999988,NEUTRAL,36.6847606453674,6.085380370121015,MOTHERSON,BSE,MOTHERSON.BO
RSI_ZONE,LONG,2025-04-23,2025-04-24,2025-04-25,90.56666564941406,88.30249900817871,95.09499893188477,88.30249900817871,STOP_LOSS,2,-2.499999999999997,-2.649999999999997,NEUTRAL,60.928282750707055,3.0613859073030016,MOTHERSON,BSE,MOTHERSON.BO
RSI_ZONE,LONG,2025-11-13,2025-11-14,2025-11-18,111.3499984741211,108.56624851226806,116.91749839782716,108.56624851226806,STOP_LOSS,3,-2.500000000000005,-2.650000000000005,BULL,61.81974488617346,2.612577052872052,MOTHERSON,BSE,MOTHERSON.BO
RSI_ZONE,LONG,2026-02-04,2026-02-05,2026-02-06,121.8000030517578,118.75500297546385,127.89000320434569,118.75500297546385,STOP_LOSS,2,-2.5,-2.65,NEUTRAL,64.56240337263401,3.940275853374587,MOTHERSON,BSE,MOTHERSON.BO
RSI_ZONE,LONG,2026-07-27,2026-07-28,2026-08-03,147.4499969482422,143.76374702453612,154.8224967956543,154.8224967956543,TARGET,5,5.0000000000000036,4.850000000000003,NEUTRAL,60.92549972535882,1.9116421194788191,MOTHERSON,BSE,MOTHERSON.BO
EXT_3,LONG,2025-04-24,2025-04-25,2025-04-25,90.93333435058594,88.66000099182129,95.48000106811524,88.66000099182129,STOP_LOSS,1,-2.499999999999997,-2.649999999999997,NEUTRAL,61.19100734211946,2.1442178416103084,MOTHERSON,BSE,MOTHERSON.BO
EXT_3,LONG,2025-11-13,2025-11-14,2025-11-18,111.3499984741211,108.56624851226806,116.91749839782716,108.56624851226806,STOP_LOSS,3,-2.500000000000005,-2.650000000000005,BULL,61.81974488617346,2.612577052872052,MOTHERSON,BSE,MOTHERSON.BO
EXT_3,LONG,2025-11-19,2025-11-20,2025-11-21,112.9000015258789,110.07750148773194,118.54500160217286,110.07750148773194,STOP_LOSS,2,-2.4999999999999973,-2.6499999999999972,BULL,66.93409101250137,2.1967264919738203,MOTHERSON,BSE,MOTHERSON.BO
EXT_3,LONG,2026-02-05,2026-02-06,2026-02-10,119.0,116.02499999999999,124.95,124.95,TARGET,3,5.000000000000003,4.850000000000002,NEUTRAL,60.686806204917154,1.7078225657102604,MOTHERSON,BSE,MOTHERSON.BO
EXT_3,LONG,2026-07-27,2026-07-28,2026-08-03,147.4499969482422,143.76374702453612,154.8224967956543,154.8224967956543,TARGET,5,5.0000000000000036,4.850000000000003,NEUTRAL,60.92549972535882,1.9116421194788191,MOTHERSON,BSE,MOTHERSON.BO
RSI_ZONE_EXT_3,LONG,2025-04-24,2025-04-25,2025-04-25,90.93333435058594,88.66000099182129,95.48000106811524,88.66000099182129,STOP_LOSS,1,-2.499999999999997,-2.649999999999997,NEUTRAL,61.19100734211946,2.1442178416103084,MOTHERSON,BSE,MOTHERSON.BO
RSI_ZONE_EXT_3,LONG,2025-11-13,2025-11-14,2025-11-18,111.3499984741211,108.56624851226806,116.91749839782716,108.56624851226806,STOP_LOSS,3,-2.500000000000005,-2.650000000000005,BULL,61.81974488617346,2.612577052872052,MOTHERSON,BSE,MOTHERSON.BO
RSI_ZONE_EXT_3,LONG,2026-02-05,2026-02-06,2026-02-10,119.0,116.02499999999999,124.95,124.95,TARGET,3,5.000000000000003,4.850000000000002,NEUTRAL,60.686806204917154,1.7078225657102604,MOTHERSON,BSE,MOTHERSON.BO
RSI_ZONE_EXT_3,LONG,2026-07-27,2026-07-28,2026-08-03,147.4499969482422,143.76374702453612,154.8224967956543,154.8224967956543,TARGET,5,5.0000000000000036,4.850000000000003,NEUTRAL,60.92549972535882,1.9116421194788191,MOTHERSON,BSE,MOTHERSON.BO
RSI_ZONE_NO_NEUTRAL,LONG,2025-11-13,2025-11-14,2025-11-18,111.3499984741211,108.56624851226806,116.91749839782716,108.56624851226806,STOP_LOSS,3,-2.500000000000005,-2.650000000000005,BULL,61.81974488617346,2.612577052872052,MOTHERSON,BSE,MOTHERSON.BO
RSI_ZONE_EXT_3_NO_NEUTRAL,LONG,2025-11-13,2025-11-14,2025-11-18,111.3499984741211,108.56624851226806,116.91749839782716,108.56624851226806,STOP_LOSS,3,-2.500000000000005,-2.650000000000005,BULL,61.81974488617346,2.612577052872052,MOTHERSON,BSE,MOTHERSON.BO
BASE_CURRENT,SHORT,2025-04-07,2025-04-08,2025-04-11,1177.8499755859375,1207.2962249755858,1118.9574768066407,1207.2962249755858,STOP_LOSS,3,-2.4999999999999885,-2.6499999999999884,NEUTRAL,30.17676135175701,4.052381461290019,RELIANCE,BSE,500325.BO
BASE_CURRENT,LONG,2025-04-21,2025-04-22,2025-04-28,1300.0,1267.5,1365.0,1365.0,TARGET,5,5.0,4.85,NEUTRAL,62.55938668519826,2.9096348067726976,RELIANCE,BSE,500325.BO
BASE_CURRENT,SHORT,2025-09-30,2025-10-01,2025-10-16,1364.25,1398.3562499999998,1296.0375,1398.3562499999998,STOP_LOSS,11,-2.4999999999999867,-2.6499999999999866,BULL,38.51932769129348,0.7944526589098331,RELIANCE,BSE,500325.BO
BASE_CURRENT,SHORT,2026-01-08,2026-01-09,2026-01-20,1466.949951171875,1503.6236999511718,1393.602453613281,1393.602453613281,TARGET,6,5.000000000000009,4.8500000000000085,BULL,33.62990370459718,2.8468223460328663,RELIANCE,BSE,500325.BO
BASE_CURRENT,SHORT,2026-03-27,2026-03-30,2026-04-01,1335.0,1368.3749999999998,1268.25,1368.3749999999998,STOP_LOSS,3,-2.499999999999983,-2.649999999999983,BEAR,36.780669458428605,2.943851346485651,RELIANCE,BSE,500325.BO
BASE_CURRENT,SHORT,2026-04-02,2026-04-06,2026-04-21,1351.5999755859375,1385.3899749755858,1284.0199768066407,1353.6500244140625,TIME_EXIT,11,-0.15167570769126976,-0.3016757076912697,BEAR,39.867185936859215,0.7300711411692012,RELIANCE,BSE,500325.BO
BASE_CURRENT,SHORT,2026-05-15,2026-05-18,2026-05-21,1336.0,1369.3999999999999,1269.2,1369.3999999999999,STOP_LOSS,4,-2.49999999999999,-2.6499999999999897,BEAR,39.64112943753818,2.069737011251008,RELIANCE,BSE,500325.BO
EMA_MACD,SHORT,2025-01-28,2025-01-29,2025-02-04,1237.300048828125,1268.232550048828,1175.4350463867188,1268.232550048828,STOP_LOSS,5,-2.499999999999989,-2.649999999999989,NEUTRAL,44.58352517869786,0.9175277818931891,RELIANCE,BSE,500325.BO
EMA_MACD,SHORT,2025-02-12,2025-02-13,2025-02-28,1218.949951171875,1249.4236999511718,1158.0024536132812,1199.5999755859375,TIME_EXIT,11,1.5874298667746616,1.4374298667746617,NEUTRAL,40.22414460535941,2.0913507041055914,RELIANCE,BSE,500325.BO
EMA_MACD,SHORT,2025-04-07,2025-04-08,2025-04-11,1177.8499755859375,1207.2962249755858,1118.9574768066407,1207.2962249755858,STOP_LOSS,3,-2.4999999999999885,-2.6499999999999884,NEUTRAL,30.17676135175701,4.052381461290019,RELIANCE,BSE,500325.BO
EMA_MACD,LONG,2025-04-21,2025-04-22,2025-04-28,1300.0,1267.5,1365.0,1365.0,TARGET,5,5.0,4.85,NEUTRAL,62.55938668519826,2.9096348067726976,RELIANCE,BSE,500325.BO
EMA_MACD,SHORT,2025-09-25,2025-09-26,2025-10-13,1372.4000244140625,1406.7100250244139,1303.7800231933593,1375.0999755859375,TIME_EXIT,11,-0.19673208422068683,-0.3467320842206868,BULL,41.01430740615044,0.9801527075515151,RELIANCE,BSE,500325.BO
EMA_MACD,SHORT,2026-01-08,2026-01-09,2026-01-20,1466.949951171875,1503.6236999511718,1393.602453613281,1393.602453613281,TARGET,6,5.000000000000009,4.8500000000000085,BULL,33.62990370459718,2.8468223460328663,RELIANCE,BSE,500325.BO
EMA_MACD,SHORT,2026-03-27,2026-03-30,2026-04-01,1335.0,1368.3749999999998,1268.25,1368.3749999999998,STOP_LOSS,3,-2.499999999999983,-2.649999999999983,BEAR,36.780669458428605,2.943851346485651,RELIANCE,BSE,500325.BO
EMA_MACD,SHORT,2026-05-15,2026-05-18,2026-05-21,1336.0,1369.3999999999999,1269.2,1369.3999999999999,STOP_LOSS,4,-2.49999999999999,-2.6499999999999897,BEAR,39.64112943753818,2.069737011251008,RELIANCE,BSE,500325.BO
RSI_ZONE,SHORT,2025-04-07,2025-04-08,2025-04-11,1177.8499755859375,1207.2962249755858,1118.9574768066407,1207.2962249755858,STOP_LOSS,3,-2.4999999999999885,-2.6499999999999884,NEUTRAL,30.17676135175701,4.052381461290019,RELIANCE,BSE,500325.BO
RSI_ZONE,LONG,2025-04-21,2025-04-22,2025-04-28,1300.0,1267.5,1365.0,1365.0,TARGET,5,5.0,4.85,NEUTRAL,62.55938668519826,2.9096348067726976,RELIANCE,BSE,500325.BO
RSI_ZONE,SHORT,2025-09-30,2025-10-01,2025-10-16,1364.25,1398.3562499999998,1296.0375,1398.3562499999998,STOP_LOSS,11,-2.4999999999999867,-2.6499999999999866,BULL,38.51932769129348,0.7944526589098331,RELIANCE,BSE,500325.BO
RSI_ZONE,SHORT,2026-01-08,2026-01-09,2026-01-20,1466.949951171875,1503.6236999511718,1393.602453613281,1393.602453613281,TARGET,6,5.000000000000009,4.8500000000000085,BULL,33.62990370459718,2.8468223460328663,RELIANCE,BSE,500325.BO
RSI_ZONE,SHORT,2026-03-27,2026-03-30,2026-04-01,1335.0,1368.3749999999998,1268.25,1368.3749999999998,STOP_LOSS,3,-2.499999999999983,-2.649999999999983,BEAR,36.780669458428605,2.943851346485651,RELIANCE,BSE,500325.BO
RSI_ZONE,SHORT,2026-04-02,2026-04-06,2026-04-21,1351.5999755859375,1385.3899749755858,1284.0199768066407,1353.6500244140625,TIME_EXIT,11,-0.15167570769126976,-0.3016757076912697,BEAR,39.867185936859215,0.7300711411692012,RELIANCE,BSE,500325.BO
RSI_ZONE,SHORT,2026-05-15,2026-05-18,2026-05-21,1336.0,1369.3999999999999,1269.2,1369.3999999999999,STOP_LOSS,4,-2.49999999999999,-2.6499999999999897,BEAR,39.64112943753818,2.069737011251008,RELIANCE,BSE,500325.BO
EXT_3,SHORT,2025-04-08,2025-04-09,2025-04-11,1172.4000244140625,1201.7100250244139,1113.7800231933593,1201.7100250244139,STOP_LOSS,2,-2.4999999999999845,-2.6499999999999844,NEUTRAL,35.58520104710321,1.829613044746662,RELIANCE,BSE,500325.BO
EXT_3,LONG,2025-04-21,2025-04-22,2025-04-28,1300.0,1267.5,1365.0,1365.0,TARGET,5,5.0,4.85,NEUTRAL,62.55938668519826,2.9096348067726976,RELIANCE,BSE,500325.BO
EXT_3,SHORT,2025-09-30,2025-10-01,2025-10-16,1364.25,1398.3562499999998,1296.0375,1398.3562499999998,STOP_LOSS,11,-2.4999999999999867,-2.6499999999999866,BULL,38.51932769129348,0.7944526589098331,RELIANCE,BSE,500325.BO
EXT_3,SHORT,2026-01-08,2026-01-09,2026-01-20,1466.949951171875,1503.6236999511718,1393.602453613281,1393.602453613281,TARGET,6,5.000000000000009,4.8500000000000085,BULL,33.62990370459718,2.8468223460328663,RELIANCE,BSE,500325.BO
EXT_3,SHORT,2026-03-27,2026-03-30,2026-04-01,1335.0,1368.3749999999998,1268.25,1368.3749999999998,STOP_LOSS,3,-2.499999999999983,-2.649999999999983,BEAR,36.780669458428605,2.943851346485651,RELIANCE,BSE,500325.BO
EXT_3,SHORT,2026-04-02,2026-04-06,2026-04-21,1351.5999755859375,1385.3899749755858,1284.0199768066407,1353.6500244140625,TIME_EXIT,11,-0.15167570769126976,-0.3016757076912697,BEAR,39.867185936859215,0.7300711411692012,RELIANCE,BSE,500325.BO
EXT_3,SHORT,2026-05-15,2026-05-18,2026-05-21,1336.0,1369.3999999999999,1269.2,1369.3999999999999,STOP_LOSS,4,-2.49999999999999,-2.6499999999999897,BEAR,39.64112943753818,2.069737011251008,RELIANCE,BSE,500325.BO
RSI_ZONE_EXT_3,SHORT,2025-04-08,2025-04-09,2025-04-11,1172.4000244140625,1201.7100250244139,1113.7800231933593,1201.7100250244139,STOP_LOSS,2,-2.4999999999999845,-2.6499999999999844,NEUTRAL,35.58520104710321,1.829613044746662,RELIANCE,BSE,500325.BO
RSI_ZONE_EXT_3,LONG,2025-04-21,2025-04-22,2025-04-28,1300.0,1267.5,1365.0,1365.0,TARGET,5,5.0,4.85,NEUTRAL,62.55938668519826,2.9096348067726976,RELIANCE,BSE,500325.BO
RSI_ZONE_EXT_3,SHORT,2025-09-30,2025-10-01,2025-10-16,1364.25,1398.3562499999998,1296.0375,1398.3562499999998,STOP_LOSS,11,-2.4999999999999867,-2.6499999999999866,BULL,38.51932769129348,0.7944526589098331,RELIANCE,BSE,500325.BO
RSI_ZONE_EXT_3,SHORT,2026-01-08,2026-01-09,2026-01-20,1466.949951171875,1503.6236999511718,1393.602453613281,1393.602453613281,TARGET,6,5.000000000000009,4.8500000000000085,BULL,33.62990370459718,2.8468223460328663,RELIANCE,BSE,500325.BO
RSI_ZONE_EXT_3,SHORT,2026-03-27,2026-03-30,2026-04-01,1335.0,1368.3749999999998,1268.25,1368.3749999999998,STOP_LOSS,3,-2.499999999999983,-2.649999999999983,BEAR,36.780669458428605,2.943851346485651,RELIANCE,BSE,500325.BO
RSI_ZONE_EXT_3,SHORT,2026-04-02,2026-04-06,2026-04-21,1351.5999755859375,1385.3899749755858,1284.0199768066407,1353.6500244140625,TIME_EXIT,11,-0.15167570769126976,-0.3016757076912697,BEAR,39.867185936859215,0.7300711411692012,RELIANCE,BSE,500325.BO
RSI_ZONE_EXT_3,SHORT,2026-05-15,2026-05-18,2026-05-21,1336.0,1369.3999999999999,1269.2,1369.3999999999999,STOP_LOSS,4,-2.49999999999999,-2.6499999999999897,BEAR,39.64112943753818,2.069737011251008,RELIANCE,BSE,500325.BO
RSI_ZONE_NO_NEUTRAL,SHORT,2025-09-30,2025-10-01,2025-10-16,1364.25,1398.3562499999998,1296.0375,1398.3562499999998,STOP_LOSS,11,-2.4999999999999867,-2.6499999999999866,BULL,38.51932769129348,0.7944526589098331,RELIANCE,BSE,500325.BO
RSI_ZONE_NO_NEUTRAL,SHORT,2026-01-08,2026-01-09,2026-01-20,1466.949951171875,1503.6236999511718,1393.602453613281,1393.602453613281,TARGET,6,5.000000000000009,4.8500000000000085,BULL,33.62990370459718,2.8468223460328663,RELIANCE,BSE,500325.BO
RSI_ZONE_NO_NEUTRAL,SHORT,2026-03-27,2026-03-30,2026-04-01,1335.0,1368.3749999999998,1268.25,1368.3749999999998,STOP_LOSS,3,-2.499999999999983,-2.649999999999983,BEAR,36.780669458428605,2.943851346485651,RELIANCE,BSE,500325.BO
RSI_ZONE_NO_NEUTRAL,SHORT,2026-04-02,2026-04-06,2026-04-21,1351.5999755859375,1385.3899749755858,1284.0199768066407,1353.6500244140625,TIME_EXIT,11,-0.15167570769126976,-0.3016757076912697,BEAR,39.867185936859215,0.7300711411692012,RELIANCE,BSE,500325.BO
RSI_ZONE_NO_NEUTRAL,SHORT,2026-05-15,2026-05-18,2026-05-21,1336.0,1369.3999999999999,1269.2,1369.3999999999999,STOP_LOSS,4,-2.49999999999999,-2.6499999999999897,BEAR,39.64112943753818,2.069737011251008,RELIANCE,BSE,500325.BO
RSI_ZONE_EXT_3_NO_NEUTRAL,SHORT,2025-09-30,2025-10-01,2025-10-16,1364.25,1398.3562499999998,1296.0375,1398.3562499999998,STOP_LOSS,11,-2.4999999999999867,-2.6499999999999866,BULL,38.51932769129348,0.7944526589098331,RELIANCE,BSE,500325.BO
RSI_ZONE_EXT_3_NO_NEUTRAL,SHORT,2026-01-08,2026-01-09,2026-01-20,1466.949951171875,1503.6236999511718,1393.602453613281,1393.602453613281,TARGET,6,5.000000000000009,4.8500000000000085,BULL,33.62990370459718,2.8468223460328663,RELIANCE,BSE,500325.BO
RSI_ZONE_EXT_3_NO_NEUTRAL,SHORT,2026-03-27,2026-03-30,2026-04-01,1335.0,1368.3749999999998,1268.25,1368.3749999999998,STOP_LOSS,3,-2.499999999999983,-2.649999999999983,BEAR,36.780669458428605,2.943851346485651,RELIANCE,BSE,500325.BO
RSI_ZONE_EXT_3_NO_NEUTRAL,SHORT,2026-04-02,2026-04-06,2026-04-21,1351.5999755859375,1385.3899749755858,1284.0199768066407,1353.6500244140625,TIME_EXIT,11,-0.15167570769126976,-0.3016757076912697,BEAR,39.867185936859215,0.7300711411692012,RELIANCE,BSE,500325.BO
RSI_ZONE_EXT_3_NO_NEUTRAL,SHORT,2026-05-15,2026-05-18,2026-05-21,1336.0,1369.3999999999999,1269.2,1369.3999999999999,STOP_LOSS,4,-2.49999999999999,-2.6499999999999897,BEAR,39.64112943753818,2.069737011251008,RELIANCE,BSE,500325.BO
BASE_CURRENT,LONG,2025-03-03,2025-03-04,2025-03-05,25.700000762939453,25.057500743865965,26.98500080108643,25.057500743865965,STOP_LOSS,2,-2.5000000000000058,-2.6500000000000057,NEUTRAL,72.12046105502098,8.01386836963584,SHUKRAPHAR,BSE,SHUKRAPHAR.BO
BASE_CURRENT,LONG,2025-08-21,2025-08-22,2025-08-26,22.8700008392334,22.298250818252562,24.013500881195068,24.013500881195068,TARGET,3,4.9999999999999964,4.849999999999996,NEUTRAL,67.09719136018461,7.261129243553907,SHUKRAPHAR,BSE,SHUKRAPHAR.BO
BASE_CURRENT,LONG,2025-12-09,2025-12-10,2025-12-11,46.43999862670898,45.27899866104125,48.761998558044425,45.27899866104125,STOP_LOSS,2,-2.500000000000006,-2.650000000000006,BULL,65.81055103789751,6.3487853027857435,SHUKRAPHAR,BSE,SHUKRAPHAR.BO
BASE_CURRENT,LONG,2026-07-06,2026-07-07,2026-07-07,33.70000076293945,32.85750074386596,35.38500080108643,32.85750074386596,STOP_LOSS,1,-2.5000000000000124,-2.6500000000000123,NEUTRAL,65.13740861128045,6.561429084022877,SHUKRAPHAR,BSE,SHUKRAPHAR.BO
BASE_CURRENT,LONG,2026-08-06,2026-08-07,2026-08-07,37.310001373291016,36.377251338958736,39.17550144195557,39.17550144195557,TARGET,1,5.0000000000000036,4.850000000000003,BULL,67.83443852921158,10.223936754447937,SHUKRAPHAR,BSE,SHUKRAPHAR.BO
EMA_MACD,LONG,2024-11-01,2024-11-04,2024-11-04,7.499000072479248,7.311525070667266,7.873950076103211,7.311525070667266,STOP_LOSS,1,-2.500000000000007,-2.650000000000007,NEUTRAL,59.10133597985795,5.009037485527976,SHUKRAPHAR,BSE,SHUKRAPHAR.BO
EMA_MACD,SHORT,2024-11-08,2024-11-11,2024-11-11,6.651000022888184,6.817275023460388,6.318450021743774,6.817275023460388,STOP_LOSS,1,-2.4999999999999947,-2.6499999999999946,NEUTRAL,43.34065077989211,3.046270808979477,SHUKRAPHAR,BSE,SHUKRAPHAR.BO
EMA_MACD,SHORT,2024-11-12,2024-11-13,2024-11-13,6.315999984741211,6.473899984359741,6.00019998550415,6.473899984359741,STOP_LOSS,1,-2.4999999999999916,-2.6499999999999915,NEUTRAL,44.86049633131763,2.092585556842016,SHUKRAPHAR,BSE,SHUKRAPHAR.BO
EMA_MACD,LONG,2025-03-03,2025-03-04,2025-03-05,25.700000762939453,25.057500743865965,26.98500080108643,25.057500743865965,STOP_LOSS,2,-2.5000000000000058,-2.6500000000000057,NEUTRAL,72.12046105502098,8.01386836963584,SHUKRAPHAR,BSE,SHUKRAPHAR.BO
EMA_MACD,LONG,2025-08-21,2025-08-22,2025-08-26,22.8700008392334,22.298250818252562,24.013500881195068,24.013500881195068,TARGET,3,4.9999999999999964,4.849999999999996,NEUTRAL,67.09719136018461,7.261129243553907,SHUKRAPHAR,BSE,SHUKRAPHAR.BO
EMA_MACD,LONG,2025-12-09,2025-12-10,2025-12-11,46.43999862670898,45.27899866104125,48.761998558044425,45.27899866104125,STOP_LOSS,2,-2.500000000000006,-2.650000000000006,BULL,65.81055103789751,6.3487853027857435,SHUKRAPHAR,BSE,SHUKRAPHAR.BO
EMA_MACD,SHORT,2026-06-24,2026-06-25,2026-07-03,29.3700008392334,30.10425086021423,27.901500797271726,30.10425086021423,STOP_LOSS,7,-2.499999999999986,-2.6499999999999857,BEAR,44.40374742150025,1.3087992211815769,SHUKRAPHAR,BSE,SHUKRAPHAR.BO
EMA_MACD,LONG,2026-07-06,2026-07-07,2026-07-07,33.70000076293945,32.85750074386596,35.38500080108643,32.85750074386596,STOP_LOSS,1,-2.5000000000000124,-2.6500000000000123,NEUTRAL,65.13740861128045,6.561429084022877,SHUKRAPHAR,BSE,SHUKRAPHAR.BO
EMA_MACD,LONG,2026-08-06,2026-08-07,2026-08-07,37.310001373291016,36.377251338958736,39.17550144195557,39.17550144195557,TARGET,1,5.0000000000000036,4.850000000000003,BULL,67.83443852921158,10.223936754447937,SHUKRAPHAR,BSE,SHUKRAPHAR.BO
RSI_ZONE,LONG,2026-07-08,2026-07-09,2026-07-09,33.25,32.418749999999996,34.9125,34.9125,TARGET,1,5.000000000000004,4.850000000000004,NEUTRAL,64.5778527011691,3.1164430018820877,SHUKRAPHAR,BSE,SHUKRAPHAR.BO
RSI_ZONE,LONG,2026-08-11,2026-08-12,2026-08-12,37.0,36.074999999999996,38.85,36.074999999999996,STOP_LOSS,1,-2.5000000000000115,-2.6500000000000115,BULL,62.66849522505619,0.9961983296840573,SHUKRAPHAR,BSE,SHUKRAPHAR.BO
EXT_3,LONG,2025-03-05,2025-03-06,2025-03-10,24.1200008392334,23.517000818252562,25.32600088119507,23.517000818252562,STOP_LOSS,3,-2.500000000000006,-2.650000000000006,NEUTRAL,65.9599606021862,2.061058275454539,SHUKRAPHAR,BSE,SHUKRAPHAR.BO
EXT_3,LONG,2026-08-11,2026-08-12,2026-08-12,37.0,36.074999999999996,38.85,36.074999999999996,STOP_LOSS,1,-2.5000000000000115,-2.6500000000000115,BULL,62.66849522505619,0.9961983296840573,SHUKRAPHAR,BSE,SHUKRAPHAR.BO
RSI_ZONE_EXT_3,LONG,2026-08-11,2026-08-12,2026-08-12,37.0,36.074999999999996,38.85,36.074999999999996,STOP_LOSS,1,-2.5000000000000115,-2.6500000000000115,BULL,62.66849522505619,0.9961983296840573,SHUKRAPHAR,BSE,SHUKRAPHAR.BO
RSI_ZONE_NO_NEUTRAL,LONG,2026-08-11,2026-08-12,2026-08-12,37.0,36.074999999999996,38.85,36.074999999999996,STOP_LOSS,1,-2.5000000000000115,-2.6500000000000115,BULL,62.66849522505619,0.9961983296840573,SHUKRAPHAR,BSE,SHUKRAPHAR.BO
RSI_ZONE_EXT_3_NO_NEUTRAL,LONG,2026-08-11,2026-08-12,2026-08-12,37.0,36.074999999999996,38.85,36.074999999999996,STOP_LOSS,1,-2.5000000000000115,-2.6500000000000115,BULL,62.66849522505619,0.9961983296840573,SHUKRAPHAR,BSE,SHUKRAPHAR.BO
BASE_CURRENT,SHORT,2025-02-14,2025-02-17,2025-02-19,412.9500122070313,423.27376251220704,392.3025115966797,423.27376251220704,STOP_LOSS,3,-2.499999999999989,-2.649999999999989,NEUTRAL,38.898090041490626,2.4463715841408,VEDL,BSE,VEDL.BO
BASE_CURRENT,SHORT,2025-04-07,2025-04-08,2025-04-08,389.2000122070313,398.93001251220704,369.7400115966797,369.7400115966797,TARGET,1,5.000000000000005,4.850000000000005,NEUTRAL,26.432876961537076,10.036648575946158,VEDL,BSE,VEDL.BO
BASE_CURRENT,SHORT,2025-07-31,2025-08-01,2025-08-05,426.2000122070313,436.85501251220705,404.8900115966797,436.85501251220705,STOP_LOSS,3,-2.499999999999992,-2.649999999999992,BULL,34.849984329927395,2.3162656284359744,VEDL,BSE,VEDL.BO
BASE_CURRENT,SHORT,2025-08-29,2025-09-01,2025-09-01,422.25,432.80625,401.1375,432.80625,STOP_LOSS,1,-2.4999999999999947,-2.6499999999999946,BEAR,38.49852244052843,2.238106898121368,VEDL,BSE,VEDL.BO
BASE_CURRENT,LONG,2026-04-08,2026-04-09,2026-04-15,725.9000244140625,707.7525238037109,762.1950256347657,762.1950256347657,TARGET,4,5.000000000000006,4.850000000000006,BEAR,60.108304166572815,2.9614992813888383,VEDL,BSE,VEDL.BO
BASE_CURRENT,SHORT,2026-04-30,2026-05-04,2026-05-04,278.0,284.95,264.09999999999997,284.95,STOP_LOSS,1,-2.499999999999996,-2.649999999999996,BEAR,16.57388862643785,54.1284736014265,VEDL,BSE,VEDL.BO
EMA_MACD,SHORT,2025-02-12,2025-02-13,2025-02-17,424.0,434.59999999999997,402.79999999999995,402.79999999999995,TARGET,3,5.000000000000011,4.85000000000001,NEUTRAL,41.8021526598737,2.008863791564937,VEDL,BSE,VEDL.BO
EMA_MACD,SHORT,2025-04-07,2025-04-08,2025-04-08,389.2000122070313,398.93001251220704,369.7400115966797,369.7400115966797,TARGET,1,5.000000000000005,4.850000000000005,NEUTRAL,26.432876961537076,10.036648575946158,VEDL,BSE,VEDL.BO
EMA_MACD,LONG,2025-07-24,2025-07-25,2025-07-28,449.5,438.2625,471.975,438.2625,STOP_LOSS,2,-2.5000000000000027,-2.6500000000000026,BULL,50.95970157247857,0.0015894295240369265,VEDL,BSE,VEDL.BO
EMA_MACD,SHORT,2025-08-28,2025-08-29,2025-09-01,424.25,434.85625,403.03749999999997,434.85625,STOP_LOSS,2,-2.4999999999999973,-2.6499999999999972,NEUTRAL,40.37450176895909,2.4230138137890593,VEDL,BSE,VEDL.BO
EMA_MACD,LONG,2026-04-08,2026-04-09,2026-04-15,725.9000244140625,707.7525238037109,762.1950256347657,762.1950256347657,TARGET,4,5.000000000000006,4.850000000000006,BEAR,60.108304166572815,2.9614992813888383,VEDL,BSE,VEDL.BO
EMA_MACD,SHORT,2026-04-30,2026-05-04,2026-05-04,278.0,284.95,264.09999999999997,284.95,STOP_LOSS,1,-2.499999999999996,-2.649999999999996,BEAR,16.57388862643785,54.1284736014265,VEDL,BSE,VEDL.BO
RSI_ZONE,SHORT,2025-02-14,2025-02-17,2025-02-19,412.9500122070313,423.27376251220704,392.3025115966797,423.27376251220704,STOP_LOSS,3,-2.499999999999989,-2.649999999999989,NEUTRAL,38.898090041490626,2.4463715841408,VEDL,BSE,VEDL.BO
RSI_ZONE,SHORT,2025-07-31,2025-08-01,2025-08-05,426.2000122070313,436.85501251220705,404.8900115966797,436.85501251220705,STOP_LOSS,3,-2.499999999999992,-2.649999999999992,BULL,34.849984329927395,2.3162656284359744,VEDL,BSE,VEDL.BO
RSI_ZONE,SHORT,2025-08-29,2025-09-01,2025-09-01,422.25,432.80625,401.1375,432.80625,STOP_LOSS,1,-2.4999999999999947,-2.6499999999999946,BEAR,38.49852244052843,2.238106898121368,VEDL,BSE,VEDL.BO
RSI_ZONE,LONG,2026-04-08,2026-04-09,2026-04-15,725.9000244140625,707.7525238037109,762.1950256347657,762.1950256347657,TARGET,4,5.000000000000006,4.850000000000006,BEAR,60.108304166572815,2.9614992813888383,VEDL,BSE,VEDL.BO
EXT_3,SHORT,2025-02-14,2025-02-17,2025-02-19,412.9500122070313,423.27376251220704,392.3025115966797,423.27376251220704,STOP_LOSS,3,-2.499999999999989,-2.649999999999989,NEUTRAL,38.898090041490626,2.4463715841408,VEDL,BSE,VEDL.BO
EXT_3,SHORT,2025-07-31,2025-08-01,2025-08-05,426.2000122070313,436.85501251220705,404.8900115966797,436.85501251220705,STOP_LOSS,3,-2.499999999999992,-2.649999999999992,BULL,34.849984329927395,2.3162656284359744,VEDL,BSE,VEDL.BO
EXT_3,SHORT,2025-08-29,2025-09-01,2025-09-01,422.25,432.80625,401.1375,432.80625,STOP_LOSS,1,-2.4999999999999947,-2.6499999999999946,BEAR,38.49852244052843,2.238106898121368,VEDL,BSE,VEDL.BO
EXT_3,LONG,2026-04-08,2026-04-09,2026-04-15,725.9000244140625,707.7525238037109,762.1950256347657,762.1950256347657,TARGET,4,5.000000000000006,4.850000000000006,BEAR,60.108304166572815,2.9614992813888383,VEDL,BSE,VEDL.BO
RSI_ZONE_EXT_3,SHORT,2025-02-14,2025-02-17,2025-02-19,412.9500122070313,423.27376251220704,392.3025115966797,423.27376251220704,STOP_LOSS,3,-2.499999999999989,-2.649999999999989,NEUTRAL,38.898090041490626,2.4463715841408,VEDL,BSE,VEDL.BO
RSI_ZONE_EXT_3,SHORT,2025-07-31,2025-08-01,2025-08-05,426.2000122070313,436.85501251220705,404.8900115966797,436.85501251220705,STOP_LOSS,3,-2.499999999999992,-2.649999999999992,BULL,34.849984329927395,2.3162656284359744,VEDL,BSE,VEDL.BO
RSI_ZONE_EXT_3,SHORT,2025-08-29,2025-09-01,2025-09-01,422.25,432.80625,401.1375,432.80625,STOP_LOSS,1,-2.4999999999999947,-2.6499999999999946,BEAR,38.49852244052843,2.238106898121368,VEDL,BSE,VEDL.BO
RSI_ZONE_EXT_3,LONG,2026-04-08,2026-04-09,2026-04-15,725.9000244140625,707.7525238037109,762.1950256347657,762.1950256347657,TARGET,4,5.000000000000006,4.850000000000006,BEAR,60.108304166572815,2.9614992813888383,VEDL,BSE,VEDL.BO
RSI_ZONE_NO_NEUTRAL,SHORT,2025-07-31,2025-08-01,2025-08-05,426.2000122070313,436.85501251220705,404.8900115966797,436.85501251220705,STOP_LOSS,3,-2.499999999999992,-2.649999999999992,BULL,34.849984329927395,2.3162656284359744,VEDL,BSE,VEDL.BO
RSI_ZONE_NO_NEUTRAL,SHORT,2025-08-29,2025-09-01,2025-09-01,422.25,432.80625,401.1375,432.80625,STOP_LOSS,1,-2.4999999999999947,-2.6499999999999946,BEAR,38.49852244052843,2.238106898121368,VEDL,BSE,VEDL.BO
RSI_ZONE_NO_NEUTRAL,LONG,2026-04-08,2026-04-09,2026-04-15,725.9000244140625,707.7525238037109,762.1950256347657,762.1950256347657,TARGET,4,5.000000000000006,4.850000000000006,BEAR,60.108304166572815,2.9614992813888383,VEDL,BSE,VEDL.BO
RSI_ZONE_EXT_3_NO_NEUTRAL,SHORT,2025-07-31,2025-08-01,2025-08-05,426.2000122070313,436.85501251220705,404.8900115966797,436.85501251220705,STOP_LOSS,3,-2.499999999999992,-2.649999999999992,BULL,34.849984329927395,2.3162656284359744,VEDL,BSE,VEDL.BO
RSI_ZONE_EXT_3_NO_NEUTRAL,SHORT,2025-08-29,2025-09-01,2025-09-01,422.25,432.80625,401.1375,432.80625,STOP_LOSS,1,-2.4999999999999947,-2.6499999999999946,BEAR,38.49852244052843,2.238106898121368,VEDL,BSE,VEDL.BO
RSI_ZONE_EXT_3_NO_NEUTRAL,LONG,2026-04-08,2026-04-09,2026-04-15,725.9000244140625,707.7525238037109,762.1950256347657,762.1950256347657,TARGET,4,5.000000000000006,4.850000000000006,BEAR,60.108304166572815,2.9614992813888383,VEDL,BSE,VEDL.BO
BASE_CURRENT,LONG,2024-11-05,2024-11-06,2024-11-06,220.5500030517578,215.03625297546387,231.5775032043457,215.03625297546387,STOP_LOSS,1,-2.5,-2.65,NEUTRAL,62.61987244652032,7.399026418152281,VIYASH,BSE,VIYASH.BO
BASE_CURRENT,SHORT,2024-12-12,2024-12-13,2024-12-13,182.8999938964844,187.4724937438965,173.75499420166017,187.4724937438965,STOP_LOSS,1,-2.4999999999999964,-2.6499999999999964,NEUTRAL,39.53408561700302,2.892332935342233,VIYASH,BSE,VIYASH.BO
BASE_CURRENT,SHORT,2025-01-13,2025-01-14,2025-01-14,171.5,175.7875,162.92499999999998,175.7875,STOP_LOSS,1,-2.4999999999999964,-2.6499999999999964,NEUTRAL,38.57603257338381,5.820867272176287,VIYASH,BSE,VIYASH.BO
BASE_CURRENT,LONG,2025-09-08,2025-09-09,2025-09-17,183.3500061035156,178.7662559509277,192.5175064086914,192.5175064086914,TARGET,7,5.000000000000007,4.850000000000007,NEUTRAL,63.374836089889655,2.9967267147972225,VIYASH,BSE,VIYASH.BO
EMA_MACD,LONG,2024-11-05,2024-11-06,2024-11-06,220.5500030517578,215.03625297546387,231.5775032043457,215.03625297546387,STOP_LOSS,1,-2.5,-2.65,NEUTRAL,62.61987244652032,7.399026418152281,VIYASH,BSE,VIYASH.BO
EMA_MACD,SHORT,2024-12-11,2024-12-12,2024-12-13,193.0500030517578,197.87625312805173,183.39750289916992,183.39750289916992,TARGET,2,5.0,4.85,NEUTRAL,42.83689688928729,1.9425686714399686,VIYASH,BSE,VIYASH.BO
EMA_MACD,LONG,2025-01-08,2025-01-09,2025-01-09,190.6999969482422,185.93249702453613,200.2349967956543,185.93249702453613,STOP_LOSS,1,-2.5,-2.65,NEUTRAL,53.46630141631046,0.16343345026593523,VIYASH,BSE,VIYASH.BO
EMA_MACD,SHORT,2025-01-13,2025-01-14,2025-01-14,171.5,175.7875,162.92499999999998,175.7875,STOP_LOSS,1,-2.4999999999999964,-2.6499999999999964,NEUTRAL,38.57603257338381,5.820867272176287,VIYASH,BSE,VIYASH.BO
EMA_MACD,LONG,2025-09-08,2025-09-09,2025-09-17,183.3500061035156,178.7662559509277,192.5175064086914,192.5175064086914,TARGET,7,5.000000000000007,4.850000000000007,NEUTRAL,63.374836089889655,2.9967267147972225,VIYASH,BSE,VIYASH.BO
EMA_MACD,SHORT,2026-01-01,2026-01-02,2026-01-12,207.1000061035156,212.27750625610346,196.7450057983398,196.7450057983398,TARGET,7,5.000000000000006,4.850000000000006,BULL,45.83638052553196,0.26106599578317347,VIYASH,BSE,VIYASH.BO
EMA_MACD,SHORT,2026-03-05,2026-03-06,2026-03-09,202.5,207.56249999999997,192.375,192.375,TARGET,2,5.0,4.85,BEAR,42.14659646222528,1.9346408082753346,VIYASH,BSE,VIYASH.BO
EMA_MACD,LONG,2026-08-07,2026-08-10,2026-08-10,279.25,272.26875,293.21250000000003,272.26875,STOP_LOSS,1,-2.499999999999996,-2.649999999999996,BULL,59.32453755379274,2.3678264299253104,VIYASH,BSE,VIYASH.BO
EMA_MACD,SHORT,2026-08-14,2026-08-17,2026-08-18,248.4499969482422,254.6612468719482,236.02749710083006,254.6612468719482,STOP_LOSS,2,-2.4999999999999862,-2.649999999999986,NEUTRAL,43.246673632874156,2.7631701336485306,VIYASH,BSE,VIYASH.BO
EMA_MACD,LONG,2026-08-21,2026-08-24,2026-08-24,276.25,269.34375,290.0625,269.34375,STOP_LOSS,1,-2.5,-2.65,NEUTRAL,57.0644702085481,3.134930474990601,VIYASH,BSE,VIYASH.BO
EMA_MACD,SHORT,2026-09-02,2026-09-03,2026-09-04,259.1499938964844,265.62874374389645,246.19249420166014,265.62874374389645,STOP_LOSS,2,-2.499999999999987,-2.649999999999987,NEUTRAL,46.018716722184244,1.350025622288499,VIYASH,BSE,VIYASH.BO
RSI_ZONE,LONG,2024-11-05,2024-11-06,2024-11-06,220.5500030517578,215.03625297546387,231.5775032043457,215.03625297546387,STOP_LOSS,1,-2.5,-2.65,NEUTRAL,62.61987244652032,7.399026418152281,VIYASH,BSE,VIYASH.BO
RSI_ZONE,LONG,2024-11-08,2024-11-11,2024-11-12,208.25,203.04375,218.66250000000002,203.04375,STOP_LOSS,2,-2.5000000000000053,-2.6500000000000052,NEUTRAL,60.83715237786561,1.1189337365772019,VIYASH,BSE,VIYASH.BO
RSI_ZONE,SHORT,2024-12-12,2024-12-13,2024-12-13,182.8999938964844,187.4724937438965,173.75499420166017,187.4724937438965,STOP_LOSS,1,-2.4999999999999964,-2.6499999999999964,NEUTRAL,39.53408561700302,2.892332935342233,VIYASH,BSE,VIYASH.BO
RSI_ZONE,SHORT,2025-01-13,2025-01-14,2025-01-14,171.5,175.7875,162.92499999999998,175.7875,STOP_LOSS,1,-2.4999999999999964,-2.6499999999999964,NEUTRAL,38.57603257338381,5.820867272176287,VIYASH,BSE,VIYASH.BO
RSI_ZONE,LONG,2025-09-08,2025-09-09,2025-09-17,183.3500061035156,178.7662559509277,192.5175064086914,192.5175064086914,TARGET,7,5.000000000000007,4.850000000000007,NEUTRAL,63.374836089889655,2.9967267147972225,VIYASH,BSE,VIYASH.BO
EXT_3,LONG,2024-11-08,2024-11-11,2024-11-12,208.25,203.04375,218.66250000000002,203.04375,STOP_LOSS,2,-2.5000000000000053,-2.6500000000000052,NEUTRAL,60.83715237786561,1.1189337365772019,VIYASH,BSE,VIYASH.BO
EXT_3,SHORT,2024-12-12,2024-12-13,2024-12-13,182.8999938964844,187.4724937438965,173.75499420166017,187.4724937438965,STOP_LOSS,1,-2.4999999999999964,-2.6499999999999964,NEUTRAL,39.53408561700302,2.892332935342233,VIYASH,BSE,VIYASH.BO
EXT_3,LONG,2025-09-08,2025-09-09,2025-09-17,183.3500061035156,178.7662559509277,192.5175064086914,192.5175064086914,TARGET,7,5.000000000000007,4.850000000000007,NEUTRAL,63.374836089889655,2.9967267147972225,VIYASH,BSE,VIYASH.BO
RSI_ZONE_EXT_3,LONG,2024-11-08,2024-11-11,2024-11-12,208.25,203.04375,218.66250000000002,203.04375,STOP_LOSS,2,-2.5000000000000053,-2.6500000000000052,NEUTRAL,60.83715237786561,1.1189337365772019,VIYASH,BSE,VIYASH.BO
RSI_ZONE_EXT_3,SHORT,2024-12-12,2024-12-13,2024-12-13,182.8999938964844,187.4724937438965,173.75499420166017,187.4724937438965,STOP_LOSS,1,-2.4999999999999964,-2.6499999999999964,NEUTRAL,39.53408561700302,2.892332935342233,VIYASH,BSE,VIYASH.BO
RSI_ZONE_EXT_3,LONG,2025-09-08,2025-09-09,2025-09-17,183.3500061035156,178.7662559509277,192.5175064086914,192.5175064086914,TARGET,7,5.000000000000007,4.850000000000007,NEUTRAL,63.374836089889655,2.9967267147972225,VIYASH,BSE,VIYASH.BO
BASE_CURRENT,LONG,2024-11-22,2024-11-25,2024-11-27,157.64999389648438,153.70874404907227,165.5324935913086,165.5324935913086,TARGET,3,5.0,4.85,NEUTRAL,60.39297442390671,3.0640867939528045,SAMMAANCAP,BSE,SAMMAANCAP.BO
BASE_CURRENT,SHORT,2025-01-13,2025-01-14,2025-01-14,140.10000610351562,143.6025062561035,133.09500579833983,143.6025062561035,STOP_LOSS,1,-2.499999999999996,-2.649999999999996,NEUTRAL,34.83025156992505,6.120565271715876,SAMMAANCAP,BSE,SAMMAANCAP.BO
BASE_CURRENT,SHORT,2025-01-27,2025-01-28,2025-01-28,144.25,147.85625,137.0375,147.85625,STOP_LOSS,1,-2.499999999999992,-2.649999999999992,NEUTRAL,39.50891893048207,5.997108210591125,SAMMAANCAP,BSE,SAMMAANCAP.BO
BASE_CURRENT,SHORT,2025-01-30,2025-01-31,2025-02-05,141.0,144.52499999999998,133.95,144.52499999999998,STOP_LOSS,4,-2.499999999999984,-2.649999999999984,NEUTRAL,38.424691889671585,3.775730412214167,SAMMAANCAP,BSE,SAMMAANCAP.BO
BASE_CURRENT,LONG,2025-06-25,2025-06-26,2025-07-01,143.1999969482422,139.61999702453613,150.3599967956543,139.61999702453613,STOP_LOSS,4,-2.5,-2.65,BULL,72.04926449581492,10.244407256592336,SAMMAANCAP,BSE,SAMMAANCAP.BO
BASE_CURRENT,LONG,2025-09-02,2025-09-03,2025-09-05,138.9499969482422,135.47624702453612,145.8974967956543,135.47624702453612,STOP_LOSS,3,-2.500000000000008,-2.650000000000008,NEUTRAL,68.63952305111764,8.852768152187013,SAMMAANCAP,BSE,SAMMAANCAP.BO
BASE_CURRENT,LONG,2026-05-22,2026-05-25,2026-05-26,163.35000610351562,159.26625595092773,171.51750640869142,171.51750640869142,TARGET,2,5.000000000000007,4.850000000000007,BEAR,66.95530849337067,7.301548889216583,SAMMAANCAP,BSE,SAMMAANCAP.BO
EMA_MACD,LONG,2024-11-22,2024-11-25,2024-11-27,157.64999389648438,153.70874404907227,165.5324935913086,165.5324935913086,TARGET,3,5.0,4.85,NEUTRAL,60.39297442390671,3.0640867939528045,SAMMAANCAP,BSE,SAMMAANCAP.BO
EMA_MACD,LONG,2025-01-03,2025-01-06,2025-01-06,163.1999969482422,159.11999702453613,171.3599967956543,159.11999702453613,STOP_LOSS,1,-2.5,-2.65,NEUTRAL,59.574221230183085,3.1328598226030713,SAMMAANCAP,BSE,SAMMAANCAP.BO
EMA_MACD,SHORT,2025-01-10,2025-01-13,2025-01-16,146.8000030517578,150.47000312805176,139.46000289916992,150.47000312805176,STOP_LOSS,4,-2.5,-2.65,NEUTRAL,42.13602347627932,3.4588491222431217,SAMMAANCAP,BSE,SAMMAANCAP.BO
EMA_MACD,LONG,2025-01-22,2025-01-23,2025-01-23,159.0500030517578,155.07375297546386,167.00250320434571,155.07375297546386,STOP_LOSS,1,-2.5000000000000036,-2.6500000000000035,NEUTRAL,58.00693722257181,2.5049374194526113,SAMMAANCAP,BSE,SAMMAANCAP.BO
EMA_MACD,SHORT,2025-01-27,2025-01-28,2025-01-28,144.25,147.85625,137.0375,147.85625,STOP_LOSS,1,-2.499999999999992,-2.649999999999992,NEUTRAL,39.50891893048207,5.997108210591125,SAMMAANCAP,BSE,SAMMAANCAP.BO
EMA_MACD,LONG,2025-05-14,2025-05-15,2025-05-20,125.0500030517578,121.92375297546386,131.3025032043457,121.92375297546386,STOP_LOSS,4,-2.4999999999999982,-2.649999999999998,NEUTRAL,57.806085481881645,3.0415754324293944,SAMMAANCAP,BSE,SAMMAANCAP.BO
EMA_MACD,LONG,2025-06-25,2025-06-26,2025-07-01,143.1999969482422,139.61999702453613,150.3599967956543,139.61999702453613,STOP_LOSS,4,-2.5,-2.65,BULL,72.04926449581492,10.244407256592336,SAMMAANCAP,BSE,SAMMAANCAP.BO
EMA_MACD,LONG,2025-07-21,2025-07-22,2025-07-24,136.35000610351562,132.94125595092774,143.16750640869142,132.94125595092774,STOP_LOSS,3,-2.499999999999996,-2.649999999999996,BULL,59.07659463148449,2.8777620787300453,SAMMAANCAP,BSE,SAMMAANCAP.BO
EMA_MACD,SHORT,2025-07-29,2025-07-30,2025-07-31,125.5,128.6375,119.225,128.6375,STOP_LOSS,2,-2.4999999999999907,-2.6499999999999906,BULL,44.31335948296671,1.686188033562266,SAMMAANCAP,BSE,SAMMAANCAP.BO
EMA_MACD,LONG,2025-09-02,2025-09-03,2025-09-05,138.9499969482422,135.47624702453612,145.8974967956543,135.47624702453612,STOP_LOSS,3,-2.500000000000008,-2.650000000000008,NEUTRAL,68.63952305111764,8.852768152187013,SAMMAANCAP,BSE,SAMMAANCAP.BO
EMA_MACD,SHORT,2026-03-06,2026-03-09,2026-03-09,138.0500030517578,141.50125312805176,131.14750289916992,141.50125312805176,STOP_LOSS,1,-2.5,-2.65,BEAR,42.172726225904334,2.049250890640421,SAMMAANCAP,BSE,SAMMAANCAP.BO
EMA_MACD,LONG,2026-04-06,2026-04-07,2026-04-08,145.75,142.10625,153.0375,153.0375,TARGET,2,4.9999999999999964,4.849999999999996,BEAR,54.18013417281212,0.6323005479527354,SAMMAANCAP,BSE,SAMMAANCAP.BO
EMA_MACD,SHORT,2026-04-28,2026-04-29,2026-05-04,143.64999389648438,147.24124374389646,136.46749420166014,147.24124374389646,STOP_LOSS,3,-2.499999999999984,-2.649999999999984,BEAR,42.425404058704196,1.144504083693079,SAMMAANCAP,BSE,SAMMAANCAP.BO
EMA_MACD,LONG,2026-05-07,2026-05-08,2026-05-08,152.9499969482422,149.12624702453613,160.5974967956543,149.12624702453613,STOP_LOSS,1,-2.5000000000000036,-2.6500000000000035,BEAR,57.097552172557705,2.3840351873238004,SAMMAANCAP,BSE,SAMMAANCAP.BO
EMA_MACD,SHORT,2026-05-12,2026-05-13,2026-05-14,140.0500030517578,143.55125312805174,133.04750289916993,143.55125312805174,STOP_LOSS,2,-2.499999999999988,-2.649999999999988,BEAR,40.29976201475167,3.5497593159063485,SAMMAANCAP,BSE,SAMMAANCAP.BO
EMA_MACD,LONG,2026-05-22,2026-05-25,2026-05-26,163.35000610351562,159.26625595092773,171.51750640869142,171.51750640869142,TARGET,2,5.000000000000007,4.850000000000007,BEAR,66.95530849337067,7.301548889216583,SAMMAANCAP,BSE,SAMMAANCAP.BO
RSI_ZONE,LONG,2024-11-22,2024-11-25,2024-11-27,157.64999389648438,153.70874404907227,165.5324935913086,165.5324935913086,TARGET,3,5.0,4.85,NEUTRAL,60.39297442390671,3.0640867939528045,SAMMAANCAP,BSE,SAMMAANCAP.BO
RSI_ZONE,SHORT,2025-01-13,2025-01-14,2025-01-14,140.10000610351562,143.6025062561035,133.09500579833983,143.6025062561035,STOP_LOSS,1,-2.499999999999996,-2.649999999999996,NEUTRAL,34.83025156992505,6.120565271715876,SAMMAANCAP,BSE,SAMMAANCAP.BO
RSI_ZONE,SHORT,2025-01-27,2025-01-28,2025-01-28,144.25,147.85625,137.0375,147.85625,STOP_LOSS,1,-2.499999999999992,-2.649999999999992,NEUTRAL,39.50891893048207,5.997108210591125,SAMMAANCAP,BSE,SAMMAANCAP.BO
RSI_ZONE,SHORT,2025-01-30,2025-01-31,2025-02-05,141.0,144.52499999999998,133.95,144.52499999999998,STOP_LOSS,4,-2.499999999999984,-2.649999999999984,NEUTRAL,38.424691889671585,3.775730412214167,SAMMAANCAP,BSE,SAMMAANCAP.BO
RSI_ZONE,LONG,2025-09-04,2025-09-05,2025-09-05,140.35000610351562,136.84125595092772,147.3675064086914,136.84125595092772,STOP_LOSS,1,-2.5000000000000124,-2.6500000000000123,NEUTRAL,64.40691080921785,2.6463165223922616,SAMMAANCAP,BSE,SAMMAANCAP.BO
EXT_3,SHORT,2025-01-15,2025-01-16,2025-01-16,144.0,147.6,136.79999999999998,147.6,STOP_LOSS,1,-2.499999999999996,-2.649999999999996,NEUTRAL,36.96719297349618,2.465028384988823,SAMMAANCAP,BSE,SAMMAANCAP.BO
EXT_3,SHORT,2025-01-31,2025-02-03,2025-02-05,140.4499969482422,143.96124687194822,133.42749710083007,143.96124687194822,STOP_LOSS,3,-2.499999999999984,-2.649999999999984,NEUTRAL,38.60650072883559,2.479088605433147,SAMMAANCAP,BSE,SAMMAANCAP.BO
EXT_3,LONG,2025-06-30,2025-07-01,2025-07-01,144.3000030517578,140.69250297546387,151.5150032043457,140.69250297546387,STOP_LOSS,1,-2.5,-2.65,BULL,68.62955281062997,2.7508981561789017,SAMMAANCAP,BSE,SAMMAANCAP.BO
EXT_3,LONG,2025-09-04,2025-09-05,2025-09-05,140.35000610351562,136.84125595092772,147.3675064086914,136.84125595092772,STOP_LOSS,1,-2.5000000000000124,-2.6500000000000123,NEUTRAL,64.40691080921785,2.6463165223922616,SAMMAANCAP,BSE,SAMMAANCAP.BO
RSI_ZONE_EXT_3,SHORT,2025-01-15,2025-01-16,2025-01-16,144.0,147.6,136.79999999999998,147.6,STOP_LOSS,1,-2.499999999999996,-2.649999999999996,NEUTRAL,36.96719297349618,2.465028384988823,SAMMAANCAP,BSE,SAMMAANCAP.BO
RSI_ZONE_EXT_3,SHORT,2025-01-31,2025-02-03,2025-02-05,140.4499969482422,143.96124687194822,133.42749710083007,143.96124687194822,STOP_LOSS,3,-2.499999999999984,-2.649999999999984,NEUTRAL,38.60650072883559,2.479088605433147,SAMMAANCAP,BSE,SAMMAANCAP.BO
RSI_ZONE_EXT_3,LONG,2025-09-04,2025-09-05,2025-09-05,140.35000610351562,136.84125595092772,147.3675064086914,136.84125595092772,STOP_LOSS,1,-2.5000000000000124,-2.6500000000000123,NEUTRAL,64.40691080921785,2.6463165223922616,SAMMAANCAP,BSE,SAMMAANCAP.BO
BASE_CURRENT,LONG,2025-06-26,2025-06-27,2025-07-07,146.1999969482422,142.54499702453612,153.5099967956543,153.5099967956543,TARGET,7,5.0000000000000036,4.850000000000003,BULL,60.74335367568001,2.317153403912119,IOC,BSE,IOC.BO
BASE_CURRENT,SHORT,2026-01-08,2026-01-09,2026-01-13,155.10000610351562,158.9775062561035,147.34500579833983,158.9775062561035,STOP_LOSS,3,-2.4999999999999964,-2.6499999999999964,BULL,36.55775620218541,3.030488090146335,IOC,BSE,IOC.BO
BASE_CURRENT,LONG,2026-02-03,2026-02-04,2026-02-05,167.35000610351562,163.16625595092773,175.7175064086914,175.7175064086914,TARGET,2,5.0,4.85,NEUTRAL,62.72117676547775,1.9931064463957242,IOC,BSE,IOC.BO
BASE_CURRENT,SHORT,2026-03-10,2026-03-11,2026-03-16,160.9499969482422,164.97374687194824,152.90249710083006,152.90249710083006,TARGET,4,5.000000000000011,4.85000000000001,BEAR,34.75984768048707,3.85470663999109,IOC,BSE,IOC.BO
BASE_CURRENT,SHORT,2026-08-18,2026-08-19,2026-09-02,137.8000030517578,141.24500312805174,130.9100028991699,137.5,TIME_EXIT,11,0.2177090312872715,0.06770903128727151,NEUTRAL,39.561855297770805,1.0407745078504749,IOC,BSE,IOC.BO
EMA_MACD,LONG,2025-06-26,2025-06-27,2025-07-07,146.1999969482422,142.54499702453612,153.5099967956543,153.5099967956543,TARGET,7,5.0000000000000036,4.850000000000003,BULL,60.74335367568001,2.317153403912119,IOC,BSE,IOC.BO
EMA_MACD,LONG,2025-12-16,2025-12-17,2025-12-18,168.5,164.2875,176.925,164.2875,STOP_LOSS,2,-2.500000000000003,-2.650000000000003,BULL,58.29724953573831,1.141813381363136,IOC,BSE,IOC.BO
EMA_MACD,SHORT,2025-12-24,2025-12-26,2025-12-31,160.89999389648438,164.92249374389647,152.85499420166016,164.92249374389647,STOP_LOSS,4,-2.4999999999999893,-2.6499999999999893,BULL,43.91713210384162,1.0433831990633662,IOC,BSE,IOC.BO
EMA_MACD,LONG,2026-01-02,2026-01-05,2026-01-06,166.60000610351562,162.43500595092772,174.9300064086914,162.43500595092772,STOP_LOSS,2,-2.50000000000001,-2.65000000000001,BULL,56.57476890600127,1.0644060734571918,IOC,BSE,IOC.BO
EMA_MACD,SHORT,2026-01-08,2026-01-09,2026-01-13,155.10000610351562,158.9775062561035,147.34500579833983,158.9775062561035,STOP_LOSS,3,-2.4999999999999964,-2.6499999999999964,BULL,36.55775620218541,3.030488090146335,IOC,BSE,IOC.BO
EMA_MACD,LONG,2026-02-03,2026-02-04,2026-02-05,167.35000610351562,163.16625595092773,175.7175064086914,175.7175064086914,TARGET,2,5.0,4.85,NEUTRAL,62.72117676547775,1.9931064463957242,IOC,BSE,IOC.BO
EMA_MACD,SHORT,2026-03-10,2026-03-11,2026-03-16,160.9499969482422,164.97374687194824,152.90249710083006,152.90249710083006,TARGET,4,5.000000000000011,4.85000000000001,BEAR,34.75984768048707,3.85470663999109,IOC,BSE,IOC.BO
EMA_MACD,LONG,2026-06-17,2026-06-18,2026-06-29,146.0500030517578,142.39875297546385,153.3525032043457,142.39875297546385,STOP_LOSS,8,-2.5000000000000115,-2.6500000000000115,BEAR,58.19501139422541,1.703046175577214,IOC,BSE,IOC.BO
EMA_MACD,LONG,2026-07-21,2026-07-22,2026-07-23,142.5500030517578,138.98625297546386,149.6775032043457,138.98625297546386,STOP_LOSS,2,-2.500000000000008,-2.650000000000008,NEUTRAL,55.374143974039036,0.9566354479746372,IOC,BSE,IOC.BO
EMA_MACD,SHORT,2026-07-24,2026-07-27,2026-08-03,140.14999389648438,143.65374374389648,133.14249420166016,143.65374374389648,STOP_LOSS,6,-2.5,-2.65,NEUTRAL,44.12657522414212,1.3099837585203538,IOC,BSE,IOC.BO
EMA_MACD,LONG,2026-08-04,2026-08-05,2026-08-11,143.6999969482422,140.10749702453612,150.8849967956543,140.10749702453612,STOP_LOSS,5,-2.500000000000012,-2.650000000000012,BULL,54.72664698001474,0.7268361282328291,IOC,BSE,IOC.BO
EMA_MACD,SHORT,2026-08-14,2026-08-17,2026-08-31,138.89999389648438,142.37249374389648,131.95499420166016,136.0,TIME_EXIT,11,2.0878286709253593,1.9378286709253594,NEUTRAL,43.97272416505575,0.9316056136484431,IOC,BSE,IOC.BO
RSI_ZONE,LONG,2025-06-26,2025-06-27,2025-07-07,146.1999969482422,142.54499702453612,153.5099967956543,153.5099967956543,TARGET,7,5.0000000000000036,4.850000000000003,BULL,60.74335367568001,2.317153403912119,IOC,BSE,IOC.BO
RSI_ZONE,SHORT,2026-01-08,2026-01-09,2026-01-13,155.10000610351562,158.9775062561035,147.34500579833983,158.9775062561035,STOP_LOSS,3,-2.4999999999999964,-2.6499999999999964,BULL,36.55775620218541,3.030488090146335,IOC,BSE,IOC.BO
RSI_ZONE,LONG,2026-02-03,2026-02-04,2026-02-05,167.35000610351562,163.16625595092773,175.7175064086914,175.7175064086914,TARGET,2,5.0,4.85,NEUTRAL,62.72117676547775,1.9931064463957242,IOC,BSE,IOC.BO
RSI_ZONE,SHORT,2026-03-10,2026-03-11,2026-03-16,160.9499969482422,164.97374687194824,152.90249710083006,152.90249710083006,TARGET,4,5.000000000000011,4.85000000000001,BEAR,34.75984768048707,3.85470663999109,IOC,BSE,IOC.BO
RSI_ZONE,SHORT,2026-08-18,2026-08-19,2026-09-02,137.8000030517578,141.24500312805174,130.9100028991699,137.5,TIME_EXIT,11,0.2177090312872715,0.06770903128727151,NEUTRAL,39.561855297770805,1.0407745078504749,IOC,BSE,IOC.BO
EXT_3,LONG,2025-06-26,2025-06-27,2025-07-07,146.1999969482422,142.54499702453612,153.5099967956543,153.5099967956543,TARGET,7,5.0000000000000036,4.850000000000003,BULL,60.74335367568001,2.317153403912119,IOC,BSE,IOC.BO
EXT_3,SHORT,2026-01-09,2026-01-12,2026-01-16,157.25,161.18124999999998,149.3875,161.18124999999998,STOP_LOSS,4,-2.499999999999986,-2.6499999999999857,BULL,39.08928603624229,1.599422507033663,IOC,BSE,IOC.BO
EXT_3,LONG,2026-02-03,2026-02-04,2026-02-05,167.35000610351562,163.16625595092773,175.7175064086914,175.7175064086914,TARGET,2,5.0,4.85,NEUTRAL,62.72117676547775,1.9931064463957242,IOC,BSE,IOC.BO
EXT_3,SHORT,2026-08-18,2026-08-19,2026-09-02,137.8000030517578,141.24500312805174,130.9100028991699,137.5,TIME_EXIT,11,0.2177090312872715,0.06770903128727151,NEUTRAL,39.561855297770805,1.0407745078504749,IOC,BSE,IOC.BO
RSI_ZONE_EXT_3,LONG,2025-06-26,2025-06-27,2025-07-07,146.1999969482422,142.54499702453612,153.5099967956543,153.5099967956543,TARGET,7,5.0000000000000036,4.850000000000003,BULL,60.74335367568001,2.317153403912119,IOC,BSE,IOC.BO
RSI_ZONE_EXT_3,SHORT,2026-01-09,2026-01-12,2026-01-16,157.25,161.18124999999998,149.3875,161.18124999999998,STOP_LOSS,4,-2.499999999999986,-2.6499999999999857,BULL,39.08928603624229,1.599422507033663,IOC,BSE,IOC.BO
RSI_ZONE_EXT_3,LONG,2026-02-03,2026-02-04,2026-02-05,167.35000610351562,163.16625595092773,175.7175064086914,175.7175064086914,TARGET,2,5.0,4.85,NEUTRAL,62.72117676547775,1.9931064463957242,IOC,BSE,IOC.BO
RSI_ZONE_EXT_3,SHORT,2026-08-18,2026-08-19,2026-09-02,137.8000030517578,141.24500312805174,130.9100028991699,137.5,TIME_EXIT,11,0.2177090312872715,0.06770903128727151,NEUTRAL,39.561855297770805,1.0407745078504749,IOC,BSE,IOC.BO
RSI_ZONE_NO_NEUTRAL,LONG,2025-06-26,2025-06-27,2025-07-07,146.1999969482422,142.54499702453612,153.5099967956543,153.5099967956543,TARGET,7,5.0000000000000036,4.850000000000003,BULL,60.74335367568001,2.317153403912119,IOC,BSE,IOC.BO
RSI_ZONE_NO_NEUTRAL,SHORT,2026-01-08,2026-01-09,2026-01-13,155.10000610351562,158.9775062561035,147.34500579833983,158.9775062561035,STOP_LOSS,3,-2.4999999999999964,-2.6499999999999964,BULL,36.55775620218541,3.030488090146335,IOC,BSE,IOC.BO
RSI_ZONE_NO_NEUTRAL,SHORT,2026-03-10,2026-03-11,2026-03-16,160.9499969482422,164.97374687194824,152.90249710083006,152.90249710083006,TARGET,4,5.000000000000011,4.85000000000001,BEAR,34.75984768048707,3.85470663999109,IOC,BSE,IOC.BO
RSI_ZONE_EXT_3_NO_NEUTRAL,LONG,2025-06-26,2025-06-27,2025-07-07,146.1999969482422,142.54499702453612,153.5099967956543,153.5099967956543,TARGET,7,5.0000000000000036,4.850000000000003,BULL,60.74335367568001,2.317153403912119,IOC,BSE,IOC.BO
RSI_ZONE_EXT_3_NO_NEUTRAL,SHORT,2026-01-09,2026-01-12,2026-01-16,157.25,161.18124999999998,149.3875,161.18124999999998,STOP_LOSS,4,-2.499999999999986,-2.6499999999999857,BULL,39.08928603624229,1.599422507033663,IOC,BSE,IOC.BO
BASE_CURRENT,SHORT,2025-01-13,2025-01-14,2025-01-14,83.25,85.33125,79.08749999999999,85.33125,STOP_LOSS,1,-2.4999999999999964,-2.6499999999999964,NEUTRAL,39.7326060860928,3.9512103915495715,SBFC,BSE,SBFC.BO
BASE_CURRENT,SHORT,2025-03-17,2025-03-18,2025-03-19,82.6500015258789,84.71625156402587,78.51750144958496,84.71625156402587,STOP_LOSS,2,-2.4999999999999862,-2.649999999999986,NEUTRAL,39.741124688466265,1.6242453646712272,SBFC,BSE,SBFC.BO
BASE_CURRENT,LONG,2025-03-24,2025-03-25,2025-03-27,88.16000366210938,85.95600357055663,92.56800384521485,85.95600357055663,STOP_LOSS,3,-2.5000000000000093,-2.6500000000000092,NEUTRAL,61.732161120199926,3.2059289094449923,SBFC,BSE,SBFC.BO
BASE_CURRENT,LONG,2025-08-22,2025-08-25,2025-08-26,113.0500030517578,110.22375297546385,118.70250320434569,110.22375297546385,STOP_LOSS,2,-2.5000000000000004,-2.6500000000000004,NEUTRAL,61.77785765547514,1.812756776953362,SBFC,BSE,SBFC.BO
BASE_CURRENT,LONG,2025-10-17,2025-10-20,2025-11-03,112.3499984741211,109.54124851226807,117.96749839782716,117.96749839782716,TARGET,10,5.000000000000008,4.850000000000008,BULL,61.40763280081072,3.125367622464919,SBFC,BSE,SBFC.BO
BASE_CURRENT,SHORT,2026-01-27,2026-01-28,2026-01-28,91.75,94.04374999999999,87.1625,87.1625,TARGET,1,5.000000000000006,4.850000000000006,BEAR,29.175112939162858,8.68403328236263,SBFC,BSE,SBFC.BO
BASE_CURRENT,LONG,2026-08-06,2026-08-07,2026-08-10,95.45999908447266,93.07349910736083,100.23299903869629,93.07349910736083,STOP_LOSS,2,-2.500000000000009,-2.650000000000009,BULL,63.852979221941624,2.2570122455720387,SBFC,BSE,SBFC.BO
EMA_MACD,LONG,2025-01-01,2025-01-02,2025-01-06,90.0,87.75,94.5,87.75,STOP_LOSS,3,-2.5,-2.65,NEUTRAL,55.18007969697454,0.6055237303576121,SBFC,BSE,SBFC.BO
EMA_MACD,SHORT,2025-01-13,2025-01-14,2025-01-14,83.25,85.33125,79.08749999999999,85.33125,STOP_LOSS,1,-2.4999999999999964,-2.6499999999999964,NEUTRAL,39.7326060860928,3.9512103915495715,SBFC,BSE,SBFC.BO
EMA_MACD,LONG,2025-01-22,2025-01-23,2025-01-24,89.98999786376953,87.7402479171753,94.48949775695802,87.7402479171753,STOP_LOSS,2,-2.4999999999999964,-2.6499999999999964,NEUTRAL,54.73915819315571,1.3617241588960647,SBFC,BSE,SBFC.BO
EMA_MACD,SHORT,2025-01-28,2025-01-29,2025-02-11,85.97000122070312,88.11925125122069,81.67150115966797,81.67150115966797,TARGET,10,5.0,4.85,NEUTRAL,41.88714001329978,2.5068702032479506,SBFC,BSE,SBFC.BO
EMA_MACD,SHORT,2025-03-13,2025-03-17,2025-03-19,83.2300033569336,85.31075344085693,79.06850318908691,85.31075344085693,STOP_LOSS,3,-2.4999999999999933,-2.6499999999999932,NEUTRAL,41.76053702311179,1.6009828921958378,SBFC,BSE,SBFC.BO
EMA_MACD,LONG,2025-03-24,2025-03-25,2025-03-27,88.16000366210938,85.95600357055663,92.56800384521485,85.95600357055663,STOP_LOSS,3,-2.5000000000000093,-2.6500000000000092,NEUTRAL,61.732161120199926,3.2059289094449923,SBFC,BSE,SBFC.BO
EMA_MACD,LONG,2025-07-03,2025-07-04,2025-07-11,110.9000015258789,108.12750148773193,116.44500160217285,116.44500160217285,TARGET,6,5.0,4.85,BULL,55.53925660417091,1.968448229928529,SBFC,BSE,SBFC.BO
EMA_MACD,LONG,2025-08-22,2025-08-25,2025-08-26,113.0500030517578,110.22375297546385,118.70250320434569,110.22375297546385,STOP_LOSS,2,-2.5000000000000004,-2.6500000000000004,NEUTRAL,61.77785765547514,1.812756776953362,SBFC,BSE,SBFC.BO
EMA_MACD,SHORT,2025-09-02,2025-09-03,2025-09-03,104.0500030517578,106.65125312805174,98.84750289916991,106.65125312805174,STOP_LOSS,1,-2.499999999999992,-2.649999999999992,NEUTRAL,42.320672832790635,2.325251242045045,SBFC,BSE,SBFC.BO
EMA_MACD,LONG,2025-10-06,2025-10-07,2025-10-07,112.75,109.93124999999999,118.3875,109.93124999999999,STOP_LOSS,1,-2.5000000000000075,-2.6500000000000075,BULL,55.27745123772521,1.2076598892807024,SBFC,BSE,SBFC.BO
EMA_MACD,SHORT,2025-10-14,2025-10-15,2025-10-17,109.0999984741211,111.8274984359741,103.64499855041504,111.8274984359741,STOP_LOSS,3,-2.499999999999987,-2.649999999999987,BULL,46.6339804469704,0.578194611912032,SBFC,BSE,SBFC.BO
EMA_MACD,SHORT,2026-01-27,2026-01-28,2026-01-28,91.75,94.04374999999999,87.1625,87.1625,TARGET,1,5.000000000000006,4.850000000000006,BEAR,29.175112939162858,8.68403328236263,SBFC,BSE,SBFC.BO
EMA_MACD,SHORT,2026-06-09,2026-06-10,2026-06-15,92.45999908447266,94.77149906158446,87.83699913024903,94.77149906158446,STOP_LOSS,4,-2.4999999999999907,-2.6499999999999906,BEAR,48.04210012693547,0.2891092754613378,SBFC,BSE,SBFC.BO
EMA_MACD,LONG,2026-06-19,2026-06-22,2026-06-22,95.5999984741211,93.20999851226806,100.37999839782715,93.20999851226806,STOP_LOSS,1,-2.500000000000009,-2.650000000000009,BEAR,59.83821874971832,2.4691721519098087,SBFC,BSE,SBFC.BO
EMA_MACD,SHORT,2026-06-24,2026-06-25,2026-07-06,92.0,94.3,87.39999999999999,94.3,STOP_LOSS,8,-2.499999999999997,-2.649999999999997,BEAR,49.0607921630585,0.11994758463863271,SBFC,BSE,SBFC.BO
EMA_MACD,SHORT,2026-07-27,2026-07-28,2026-08-05,91.0,93.27499999999999,86.45,93.27499999999999,STOP_LOSS,7,-2.4999999999999907,-2.6499999999999906,NEUTRAL,43.8750044347454,1.199342080645744,SBFC,BSE,SBFC.BO
EMA_MACD,LONG,2026-08-06,2026-08-07,2026-08-10,95.45999908447266,93.07349910736083,100.23299903869629,93.07349910736083,STOP_LOSS,2,-2.500000000000009,-2.650000000000009,BULL,63.852979221941624,2.2570122455720387,SBFC,BSE,SBFC.BO
RSI_ZONE,SHORT,2025-01-13,2025-01-14,2025-01-14,83.25,85.33125,79.08749999999999,85.33125,STOP_LOSS,1,-2.4999999999999964,-2.6499999999999964,NEUTRAL,39.7326060860928,3.9512103915495715,SBFC,BSE,SBFC.BO
RSI_ZONE,SHORT,2025-03-17,2025-03-18,2025-03-19,82.6500015258789,84.71625156402587,78.51750144958496,84.71625156402587,STOP_LOSS,2,-2.4999999999999862,-2.649999999999986,NEUTRAL,39.741124688466265,1.6242453646712272,SBFC,BSE,SBFC.BO
RSI_ZONE,LONG,2025-03-24,2025-03-25,2025-03-27,88.16000366210938,85.95600357055663,92.56800384521485,85.95600357055663,STOP_LOSS,3,-2.5000000000000093,-2.6500000000000092,NEUTRAL,61.732161120199926,3.2059289094449923,SBFC,BSE,SBFC.BO
RSI_ZONE,LONG,2025-08-22,2025-08-25,2025-08-26,113.0500030517578,110.22375297546385,118.70250320434569,110.22375297546385,STOP_LOSS,2,-2.5000000000000004,-2.6500000000000004,NEUTRAL,61.77785765547514,1.812756776953362,SBFC,BSE,SBFC.BO
RSI_ZONE,LONG,2025-10-17,2025-10-20,2025-11-03,112.3499984741211,109.54124851226807,117.96749839782716,117.96749839782716,TARGET,10,5.000000000000008,4.850000000000008,BULL,61.40763280081072,3.125367622464919,SBFC,BSE,SBFC.BO
RSI_ZONE,LONG,2026-08-06,2026-08-07,2026-08-10,95.45999908447266,93.07349910736083,100.23299903869629,93.07349910736083,STOP_LOSS,2,-2.500000000000009,-2.650000000000009,BULL,63.852979221941624,2.2570122455720387,SBFC,BSE,SBFC.BO
EXT_3,SHORT,2025-03-17,2025-03-18,2025-03-19,82.6500015258789,84.71625156402587,78.51750144958496,84.71625156402587,STOP_LOSS,2,-2.4999999999999862,-2.649999999999986,NEUTRAL,39.741124688466265,1.6242453646712272,SBFC,BSE,SBFC.BO
EXT_3,LONG,2025-03-25,2025-03-26,2025-03-27,88.0,85.8,92.4,85.8,STOP_LOSS,2,-2.500000000000003,-2.650000000000003,NEUTRAL,63.234949151496494,2.618480924111935,SBFC,BSE,SBFC.BO
EXT_3,LONG,2025-08-22,2025-08-25,2025-08-26,113.0500030517578,110.22375297546385,118.70250320434569,110.22375297546385,STOP_LOSS,2,-2.5000000000000004,-2.6500000000000004,NEUTRAL,61.77785765547514,1.812756776953362,SBFC,BSE,SBFC.BO
EXT_3,LONG,2025-10-24,2025-10-27,2025-11-03,115.0500030517578,112.17375297546386,120.8025032043457,120.8025032043457,TARGET,6,5.000000000000008,4.850000000000008,BULL,64.97027812203083,2.633754441143949,SBFC,BSE,SBFC.BO
EXT_3,LONG,2026-08-06,2026-08-07,2026-08-10,95.45999908447266,93.07349910736083,100.23299903869629,93.07349910736083,STOP_LOSS,2,-2.500000000000009,-2.650000000000009,BULL,63.852979221941624,2.2570122455720387,SBFC,BSE,SBFC.BO
RSI_ZONE_EXT_3,SHORT,2025-03-17,2025-03-18,2025-03-19,82.6500015258789,84.71625156402587,78.51750144958496,84.71625156402587,STOP_LOSS,2,-2.4999999999999862,-2.649999999999986,NEUTRAL,39.741124688466265,1.6242453646712272,SBFC,BSE,SBFC.BO
RSI_ZONE_EXT_3,LONG,2025-03-25,2025-03-26,2025-03-27,88.0,85.8,92.4,85.8,STOP_LOSS,2,-2.500000000000003,-2.650000000000003,NEUTRAL,63.234949151496494,2.618480924111935,SBFC,BSE,SBFC.BO
RSI_ZONE_EXT_3,LONG,2025-08-22,2025-08-25,2025-08-26,113.0500030517578,110.22375297546385,118.70250320434569,110.22375297546385,STOP_LOSS,2,-2.5000000000000004,-2.6500000000000004,NEUTRAL,61.77785765547514,1.812756776953362,SBFC,BSE,SBFC.BO
RSI_ZONE_EXT_3,LONG,2025-10-24,2025-10-27,2025-11-03,115.0500030517578,112.17375297546386,120.8025032043457,120.8025032043457,TARGET,6,5.000000000000008,4.850000000000008,BULL,64.97027812203083,2.633754441143949,SBFC,BSE,SBFC.BO
RSI_ZONE_EXT_3,LONG,2026-08-06,2026-08-07,2026-08-10,95.45999908447266,93.07349910736083,100.23299903869629,93.07349910736083,STOP_LOSS,2,-2.500000000000009,-2.650000000000009,BULL,63.852979221941624,2.2570122455720387,SBFC,BSE,SBFC.BO
RSI_ZONE_NO_NEUTRAL,LONG,2025-10-17,2025-10-20,2025-11-03,112.3499984741211,109.54124851226807,117.96749839782716,117.96749839782716,TARGET,10,5.000000000000008,4.850000000000008,BULL,61.40763280081072,3.125367622464919,SBFC,BSE,SBFC.BO
RSI_ZONE_NO_NEUTRAL,LONG,2026-08-06,2026-08-07,2026-08-10,95.45999908447266,93.07349910736083,100.23299903869629,93.07349910736083,STOP_LOSS,2,-2.500000000000009,-2.650000000000009,BULL,63.852979221941624,2.2570122455720387,SBFC,BSE,SBFC.BO
RSI_ZONE_EXT_3_NO_NEUTRAL,LONG,2025-10-24,2025-10-27,2025-11-03,115.0500030517578,112.17375297546386,120.8025032043457,120.8025032043457,TARGET,6,5.000000000000008,4.850000000000008,BULL,64.97027812203083,2.633754441143949,SBFC,BSE,SBFC.BO
RSI_ZONE_EXT_3_NO_NEUTRAL,LONG,2026-08-06,2026-08-07,2026-08-10,95.45999908447266,93.07349910736083,100.23299903869629,93.07349910736083,STOP_LOSS,2,-2.500000000000009,-2.650000000000009,BULL,63.852979221941624,2.2570122455720387,SBFC,BSE,SBFC.BO
BASE_CURRENT,LONG,2025-01-02,2025-01-03,2025-01-13,739.0,720.525,775.95,720.525,STOP_LOSS,6,-2.500000000000003,-2.650000000000003,NEUTRAL,67.96819288397735,4.969096109512544,BAJFINANCE,BSE,500034.BO
BASE_CURRENT,LONG,2025-06-09,2025-06-10,2025-06-11,969.0,944.775,1017.45,944.775,STOP_LOSS,2,-2.500000000000002,-2.650000000000002,NEUTRAL,65.20043550779951,3.3641204135990908,BAJFINANCE,BSE,500034.BO
BASE_CURRENT,LONG,2025-07-23,2025-07-24,2025-07-25,968.4000244140624,944.1900238037108,1016.8200256347656,944.1900238037108,STOP_LOSS,2,-2.5000000000000027,-2.6500000000000026,BULL,63.48183008032444,1.8242569368839006,BAJFINANCE,BSE,500034.BO
BASE_CURRENT,SHORT,2025-07-29,2025-07-30,2025-08-13,887.0499877929688,909.2262374877929,842.6974884033202,860.4500122070312,TIME_EXIT,11,2.9987008569967704,2.8487008569967704,BULL,38.48123077897019,2.464589848185267,BAJFINANCE,BSE,500034.BO
BASE_CURRENT,SHORT,2026-03-09,2026-03-10,2026-03-11,954.2999877929688,978.1574874877929,906.5849884033203,906.5849884033203,TARGET,2,5.000000000000004,4.850000000000004,BEAR,37.849995838956225,1.9782981921324352,BAJFINANCE,BSE,500034.BO
BASE_CURRENT,LONG,2026-06-16,2026-06-17,2026-06-25,956.7000122070312,932.7825119018554,1004.5350128173828,1004.5350128173828,TARGET,6,5.000000000000003,4.850000000000002,BEAR,63.0925215485982,3.60081868340136,BAJFINANCE,BSE,500034.BO
EMA_MACD,LONG,2025-01-02,2025-01-03,2025-01-13,739.0,720.525,775.95,720.525,STOP_LOSS,6,-2.500000000000003,-2.650000000000003,NEUTRAL,67.96819288397735,4.969096109512544,BAJFINANCE,BSE,500034.BO
EMA_MACD,LONG,2025-05-15,2025-05-16,2025-06-02,915.1199951171876,892.2419952392579,960.875994873047,913.1950073242188,TIME_EXIT,11,-0.21035359332546932,-0.36035359332546935,NEUTRAL,57.7259630902703,1.5433943153624496,BAJFINANCE,BSE,500034.BO
EMA_MACD,LONG,2025-06-09,2025-06-10,2025-06-11,969.0,944.775,1017.45,944.775,STOP_LOSS,2,-2.500000000000002,-2.650000000000002,NEUTRAL,65.20043550779951,3.3641204135990908,BAJFINANCE,BSE,500034.BO
EMA_MACD,LONG,2025-06-27,2025-06-30,2025-07-01,953.0499877929688,929.2237380981445,1000.7024871826172,929.2237380981445,STOP_LOSS,2,-2.500000000000002,-2.650000000000002,BULL,58.43008367247084,1.0872897750441508,BAJFINANCE,BSE,500034.BO
EMA_MACD,LONG,2025-07-21,2025-07-22,2025-07-25,953.0,929.175,1000.6500000000001,929.175,STOP_LOSS,4,-2.5000000000000044,-2.6500000000000044,BULL,57.711750344980864,1.2676248718183065,BAJFINANCE,BSE,500034.BO
EMA_MACD,SHORT,2025-07-29,2025-07-30,2025-08-13,887.0499877929688,909.2262374877929,842.6974884033202,860.4500122070312,TIME_EXIT,11,2.9987008569967704,2.8487008569967704,BULL,38.48123077897019,2.464589848185267,BAJFINANCE,BSE,500034.BO
EMA_MACD,SHORT,2025-12-11,2025-12-12,2025-12-24,1004.9500122070312,1030.073762512207,954.7025115966796,1030.073762512207,STOP_LOSS,9,-2.499999999999991,-2.649999999999991,BULL,45.129791422410634,0.947609435893248,BAJFINANCE,BSE,500034.BO
EMA_MACD,SHORT,2026-03-06,2026-03-09,2026-03-10,929.2000122070312,952.430012512207,882.7400115966797,952.430012512207,STOP_LOSS,2,-2.499999999999995,-2.649999999999995,BEAR,40.36476609640966,1.7437949707344775,BAJFINANCE,BSE,500034.BO
EMA_MACD,LONG,2026-06-16,2026-06-17,2026-06-25,956.7000122070312,932.7825119018554,1004.5350128173828,1004.5350128173828,TARGET,6,5.000000000000003,4.850000000000002,BEAR,63.0925215485982,3.60081868340136,BAJFINANCE,BSE,500034.BO
RSI_ZONE,LONG,2025-06-10,2025-06-11,2025-06-13,949.7050170898438,925.9623916625976,997.190267944336,925.9623916625976,STOP_LOSS,3,-2.5000000000000044,-2.6500000000000044,NEUTRAL,61.036494685519386,1.4345136902651534,BAJFINANCE,BSE,500034.BO
RSI_ZONE,LONG,2025-07-23,2025-07-24,2025-07-25,968.4000244140624,944.1900238037108,1016.8200256347656,944.1900238037108,STOP_LOSS,2,-2.5000000000000027,-2.6500000000000026,BULL,63.48183008032444,1.8242569368839006,BAJFINANCE,BSE,500034.BO
RSI_ZONE,SHORT,2025-07-29,2025-07-30,2025-08-13,887.0499877929688,909.2262374877929,842.6974884033202,860.4500122070312,TIME_EXIT,11,2.9987008569967704,2.8487008569967704,BULL,38.48123077897019,2.464589848185267,BAJFINANCE,BSE,500034.BO
RSI_ZONE,SHORT,2026-03-09,2026-03-10,2026-03-11,954.2999877929688,978.1574874877929,906.5849884033203,906.5849884033203,TARGET,2,5.000000000000004,4.850000000000004,BEAR,37.849995838956225,1.9782981921324352,BAJFINANCE,BSE,500034.BO
RSI_ZONE,LONG,2026-06-16,2026-06-17,2026-06-25,956.7000122070312,932.7825119018554,1004.5350128173828,1004.5350128173828,TARGET,6,5.000000000000003,4.850000000000002,BEAR,63.0925215485982,3.60081868340136,BAJFINANCE,BSE,500034.BO
EXT_3,LONG,2025-01-06,2025-01-07,2025-01-13,734.7249755859375,716.3568511962891,771.4612243652344,716.3568511962891,STOP_LOSS,4,-2.499999999999997,-2.649999999999997,NEUTRAL,65.13040217348447,1.7032638669043,BAJFINANCE,BSE,500034.BO
EXT_3,LONG,2025-06-10,2025-06-11,2025-06-13,949.7050170898438,925.9623916625976,997.190267944336,925.9623916625976,STOP_LOSS,3,-2.5000000000000044,-2.6500000000000044,NEUTRAL,61.036494685519386,1.4345136902651534,BAJFINANCE,BSE,500034.BO
EXT_3,LONG,2025-07-23,2025-07-24,2025-07-25,968.4000244140624,944.1900238037108,1016.8200256347656,944.1900238037108,STOP_LOSS,2,-2.5000000000000027,-2.6500000000000026,BULL,63.48183008032444,1.8242569368839006,BAJFINANCE,BSE,500034.BO
EXT_3,SHORT,2025-07-29,2025-07-30,2025-08-13,887.0499877929688,909.2262374877929,842.6974884033202,860.4500122070312,TIME_EXIT,11,2.9987008569967704,2.8487008569967704,BULL,38.48123077897019,2.464589848185267,BAJFINANCE,BSE,500034.BO
EXT_3,SHORT,2026-03-09,2026-03-10,2026-03-11,954.2999877929688,978.1574874877929,906.5849884033203,906.5849884033203,TARGET,2,5.000000000000004,4.850000000000004,BEAR,37.849995838956225,1.9782981921324352,BAJFINANCE,BSE,500034.BO
EXT_3,LONG,2026-06-17,2026-06-18,2026-06-30,960.5499877929688,936.5362380981445,1008.5774871826172,1008.5774871826172,TARGET,8,5.000000000000004,4.850000000000004,BEAR,62.68507296308998,2.2841651581964806,BAJFINANCE,BSE,500034.BO
RSI_ZONE_EXT_3,LONG,2025-06-10,2025-06-11,2025-06-13,949.7050170898438,925.9623916625976,997.190267944336,925.9623916625976,STOP_LOSS,3,-2.5000000000000044,-2.6500000000000044,NEUTRAL,61.036494685519386,1.4345136902651534,BAJFINANCE,BSE,500034.BO
RSI_ZONE_EXT_3,LONG,2025-07-23,2025-07-24,2025-07-25,968.4000244140624,944.1900238037108,1016.8200256347656,944.1900238037108,STOP_LOSS,2,-2.5000000000000027,-2.6500000000000026,BULL,63.48183008032444,1.8242569368839006,BAJFINANCE,BSE,500034.BO
RSI_ZONE_EXT_3,SHORT,2025-07-29,2025-07-30,2025-08-13,887.0499877929688,909.2262374877929,842.6974884033202,860.4500122070312,TIME_EXIT,11,2.9987008569967704,2.8487008569967704,BULL,38.48123077897019,2.464589848185267,BAJFINANCE,BSE,500034.BO
RSI_ZONE_EXT_3,SHORT,2026-03-09,2026-03-10,2026-03-11,954.2999877929688,978.1574874877929,906.5849884033203,906.5849884033203,TARGET,2,5.000000000000004,4.850000000000004,BEAR,37.849995838956225,1.9782981921324352,BAJFINANCE,BSE,500034.BO
RSI_ZONE_EXT_3,LONG,2026-06-17,2026-06-18,2026-06-30,960.5499877929688,936.5362380981445,1008.5774871826172,1008.5774871826172,TARGET,8,5.000000000000004,4.850000000000004,BEAR,62.68507296308998,2.2841651581964806,BAJFINANCE,BSE,500034.BO
RSI_ZONE_NO_NEUTRAL,LONG,2025-07-23,2025-07-24,2025-07-25,968.4000244140624,944.1900238037108,1016.8200256347656,944.1900238037108,STOP_LOSS,2,-2.5000000000000027,-2.6500000000000026,BULL,63.48183008032444,1.8242569368839006,BAJFINANCE,BSE,500034.BO
RSI_ZONE_NO_NEUTRAL,SHORT,2025-07-29,2025-07-30,2025-08-13,887.0499877929688,909.2262374877929,842.6974884033202,860.4500122070312,TIME_EXIT,11,2.9987008569967704,2.8487008569967704,BULL,38.48123077897019,2.464589848185267,BAJFINANCE,BSE,500034.BO
RSI_ZONE_NO_NEUTRAL,SHORT,2026-03-09,2026-03-10,2026-03-11,954.2999877929688,978.1574874877929,906.5849884033203,906.5849884033203,TARGET,2,5.000000000000004,4.850000000000004,BEAR,37.849995838956225,1.9782981921324352,BAJFINANCE,BSE,500034.BO
RSI_ZONE_NO_NEUTRAL,LONG,2026-06-16,2026-06-17,2026-06-25,956.7000122070312,932.7825119018554,1004.5350128173828,1004.5350128173828,TARGET,6,5.000000000000003,4.850000000000002,BEAR,63.0925215485982,3.60081868340136,BAJFINANCE,BSE,500034.BO
RSI_ZONE_EXT_3_NO_NEUTRAL,LONG,2025-07-23,2025-07-24,2025-07-25,968.4000244140624,944.1900238037108,1016.8200256347656,944.1900238037108,STOP_LOSS,2,-2.5000000000000027,-2.6500000000000026,BULL,63.48183008032444,1.8242569368839006,BAJFINANCE,BSE,500034.BO
RSI_ZONE_EXT_3_NO_NEUTRAL,SHORT,2025-07-29,2025-07-30,2025-08-13,887.0499877929688,909.2262374877929,842.6974884033202,860.4500122070312,TIME_EXIT,11,2.9987008569967704,2.8487008569967704,BULL,38.48123077897019,2.464589848185267,BAJFINANCE,BSE,500034.BO
RSI_ZONE_EXT_3_NO_NEUTRAL,SHORT,2026-03-09,2026-03-10,2026-03-11,954.2999877929688,978.1574874877929,906.5849884033203,906.5849884033203,TARGET,2,5.000000000000004,4.850000000000004,BEAR,37.849995838956225,1.9782981921324352,BAJFINANCE,BSE,500034.BO
RSI_ZONE_EXT_3_NO_NEUTRAL,LONG,2026-06-17,2026-06-18,2026-06-30,960.5499877929688,936.5362380981445,1008.5774871826172,1008.5774871826172,TARGET,8,5.000000000000004,4.850000000000004,BEAR,62.68507296308998,2.2841651581964806,BAJFINANCE,BSE,500034.BO
BASE_CURRENT,SHORT,2025-08-29,2025-09-01,2025-09-02,328.6499938964844,336.86624374389646,312.21749420166014,336.86624374389646,STOP_LOSS,2,-2.4999999999999933,-2.6499999999999932,BEAR,37.63847932097687,1.4104078543355776,NTPC,BSE,NTPC.BO
BASE_CURRENT,SHORT,2025-11-04,2025-11-06,2025-11-20,332.5,340.81249999999994,315.875,326.75,TIME_EXIT,11,1.7293233082706767,1.5793233082706768,BULL,39.75414389619467,1.7107276938375147,NTPC,BSE,NTPC.BO
BASE_CURRENT,LONG,2026-04-13,2026-04-15,2026-04-27,391.8500061035156,382.0537559509277,411.44250640869143,411.44250640869143,TARGET,9,5.000000000000006,4.850000000000006,BEAR,60.16408351946244,1.9112766578236364,NTPC,BSE,NTPC.BO
EMA_MACD,SHORT,2025-07-29,2025-07-30,2025-08-13,334.6499938964844,343.01624374389644,317.91749420166013,339.95001220703125,TIME_EXIT,11,-1.5837497108057035,-1.7337497108057034,BULL,42.3749789125977,0.4194310724466332,NTPC,BSE,NTPC.BO
EMA_MACD,SHORT,2025-08-26,2025-08-28,2025-09-11,330.04998779296875,338.30123748779295,313.5474884033203,331.1000061035156,TIME_EXIT,11,-0.31813917569526545,-0.4681391756952654,NEUTRAL,44.47649900660099,0.9343849056005838,NTPC,BSE,NTPC.BO
EMA_MACD,LONG,2025-09-19,2025-09-22,2025-10-07,339.6000061035156,331.1100059509277,356.5800064086914,338.0,TIME_EXIT,11,-0.4711443094108535,-0.6211443094108535,BULL,58.49391398822548,0.8412544808109421,NTPC,BSE,NTPC.BO
EMA_MACD,SHORT,2025-11-04,2025-11-06,2025-11-20,332.5,340.81249999999994,315.875,326.75,TIME_EXIT,11,1.7293233082706767,1.5793233082706768,BULL,39.75414389619467,1.7107276938375147,NTPC,BSE,NTPC.BO
EMA_MACD,LONG,2026-04-13,2026-04-15,2026-04-27,391.8500061035156,382.0537559509277,411.44250640869143,411.44250640869143,TARGET,9,5.000000000000006,4.850000000000006,BEAR,60.16408351946244,1.9112766578236364,NTPC,BSE,NTPC.BO
RSI_ZONE,SHORT,2025-08-29,2025-09-01,2025-09-02,328.6499938964844,336.86624374389646,312.21749420166014,336.86624374389646,STOP_LOSS,2,-2.4999999999999933,-2.6499999999999932,BEAR,37.63847932097687,1.4104078543355776,NTPC,BSE,NTPC.BO
RSI_ZONE,SHORT,2025-11-04,2025-11-06,2025-11-20,332.5,340.81249999999994,315.875,326.75,TIME_EXIT,11,1.7293233082706767,1.5793233082706768,BULL,39.75414389619467,1.7107276938375147,NTPC,BSE,NTPC.BO
RSI_ZONE,LONG,2026-04-13,2026-04-15,2026-04-27,391.8500061035156,382.0537559509277,411.44250640869143,411.44250640869143,TARGET,9,5.000000000000006,4.850000000000006,BEAR,60.16408351946244,1.9112766578236364,NTPC,BSE,NTPC.BO
EXT_3,SHORT,2025-08-29,2025-09-01,2025-09-02,328.6499938964844,336.86624374389646,312.21749420166014,336.86624374389646,STOP_LOSS,2,-2.4999999999999933,-2.6499999999999932,BEAR,37.63847932097687,1.4104078543355776,NTPC,BSE,NTPC.BO
EXT_3,SHORT,2025-11-04,2025-11-06,2025-11-20,332.5,340.81249999999994,315.875,326.75,TIME_EXIT,11,1.7293233082706767,1.5793233082706768,BULL,39.75414389619467,1.7107276938375147,NTPC,BSE,NTPC.BO
EXT_3,LONG,2026-04-13,2026-04-15,2026-04-27,391.8500061035156,382.0537559509277,411.44250640869143,411.44250640869143,TARGET,9,5.000000000000006,4.850000000000006,BEAR,60.16408351946244,1.9112766578236364,NTPC,BSE,NTPC.BO
RSI_ZONE_EXT_3,SHORT,2025-08-29,2025-09-01,2025-09-02,328.6499938964844,336.86624374389646,312.21749420166014,336.86624374389646,STOP_LOSS,2,-2.4999999999999933,-2.6499999999999932,BEAR,37.63847932097687,1.4104078543355776,NTPC,BSE,NTPC.BO
RSI_ZONE_EXT_3,SHORT,2025-11-04,2025-11-06,2025-11-20,332.5,340.81249999999994,315.875,326.75,TIME_EXIT,11,1.7293233082706767,1.5793233082706768,BULL,39.75414389619467,1.7107276938375147,NTPC,BSE,NTPC.BO
RSI_ZONE_EXT_3,LONG,2026-04-13,2026-04-15,2026-04-27,391.8500061035156,382.0537559509277,411.44250640869143,411.44250640869143,TARGET,9,5.000000000000006,4.850000000000006,BEAR,60.16408351946244,1.9112766578236364,NTPC,BSE,NTPC.BO
RSI_ZONE_NO_NEUTRAL,SHORT,2025-08-29,2025-09-01,2025-09-02,328.6499938964844,336.86624374389646,312.21749420166014,336.86624374389646,STOP_LOSS,2,-2.4999999999999933,-2.6499999999999932,BEAR,37.63847932097687,1.4104078543355776,NTPC,BSE,NTPC.BO
RSI_ZONE_NO_NEUTRAL,SHORT,2025-11-04,2025-11-06,2025-11-20,332.5,340.81249999999994,315.875,326.75,TIME_EXIT,11,1.7293233082706767,1.5793233082706768,BULL,39.75414389619467,1.7107276938375147,NTPC,BSE,NTPC.BO
RSI_ZONE_NO_NEUTRAL,LONG,2026-04-13,2026-04-15,2026-04-27,391.8500061035156,382.0537559509277,411.44250640869143,411.44250640869143,TARGET,9,5.000000000000006,4.850000000000006,BEAR,60.16408351946244,1.9112766578236364,NTPC,BSE,NTPC.BO
RSI_ZONE_EXT_3_NO_NEUTRAL,SHORT,2025-08-29,2025-09-01,2025-09-02,328.6499938964844,336.86624374389646,312.21749420166014,336.86624374389646,STOP_LOSS,2,-2.4999999999999933,-2.6499999999999932,BEAR,37.63847932097687,1.4104078543355776,NTPC,BSE,NTPC.BO
RSI_ZONE_EXT_3_NO_NEUTRAL,SHORT,2025-11-04,2025-11-06,2025-11-20,332.5,340.81249999999994,315.875,326.75,TIME_EXIT,11,1.7293233082706767,1.5793233082706768,BULL,39.75414389619467,1.7107276938375147,NTPC,BSE,NTPC.BO
RSI_ZONE_EXT_3_NO_NEUTRAL,LONG,2026-04-13,2026-04-15,2026-04-27,391.8500061035156,382.0537559509277,411.44250640869143,411.44250640869143,TARGET,9,5.000000000000006,4.850000000000006,BEAR,60.16408351946244,1.9112766578236364,NTPC,BSE,NTPC.BO
BASE_CURRENT,LONG,2024-12-03,2024-12-04,2024-12-04,288.8999938964844,281.67749404907227,303.3449935913086,281.67749404907227,STOP_LOSS,1,-2.5,-2.65,NEUTRAL,62.18840564483999,6.157532599510093,EPL,BSE,EPL.BO
BASE_CURRENT,SHORT,2025-02-24,2025-02-25,2025-02-27,218.8999938964844,224.37249374389648,207.95499420166018,207.95499420166018,TARGET,2,5.0,4.85,NEUTRAL,37.751158341604075,6.937662684458472,EPL,BSE,EPL.BO
BASE_CURRENT,SHORT,2025-09-02,2025-09-03,2025-09-03,220.1499938964844,225.65374374389648,209.14249420166018,225.65374374389648,STOP_LOSS,1,-2.4999999999999867,-2.6499999999999866,NEUTRAL,38.912537328048494,1.6898166375683457,EPL,BSE,EPL.BO
BASE_CURRENT,LONG,2026-02-09,2026-02-10,2026-02-16,220.5500030517578,215.03625297546387,231.5775032043457,215.03625297546387,STOP_LOSS,5,-2.5,-2.65,NEUTRAL,65.24687400890328,3.8114321666627577,EPL,BSE,EPL.BO
BASE_CURRENT,LONG,2026-04-02,2026-04-06,2026-04-08,213.9499969482422,208.60124702453612,224.64749679565432,224.64749679565432,TARGET,3,5.000000000000011,4.85000000000001,BEAR,60.015109142392305,3.263138111357347,EPL,BSE,EPL.BO
BASE_CURRENT,LONG,2026-06-17,2026-06-18,2026-06-18,235.25,229.36875,247.01250000000002,229.36875,STOP_LOSS,1,-2.499999999999998,-2.6499999999999977,BEAR,63.423224080561276,2.8415021359935966,EPL,BSE,EPL.BO
BASE_CURRENT,LONG,2026-08-12,2026-08-13,2026-08-20,245.1000061035156,238.9725059509277,257.3550064086914,257.3550064086914,TARGET,6,5.000000000000007,4.850000000000007,BULL,62.26305032763627,3.6799323017263124,EPL,BSE,EPL.BO
EMA_MACD,LONG,2024-11-01,2024-11-04,2024-11-05,271.45001220703125,264.6637619018555,285.02251281738285,264.6637619018555,STOP_LOSS,2,-2.499999999999996,-2.649999999999996,NEUTRAL,59.71922473278172,1.4394322348771855,EPL,BSE,EPL.BO
EMA_MACD,LONG,2024-11-26,2024-11-27,2024-11-27,272.25,265.44374999999997,285.8625,265.44374999999997,STOP_LOSS,1,-2.5000000000000124,-2.6500000000000123,NEUTRAL,57.45360289058285,2.8228093185582956,EPL,BSE,EPL.BO
EMA_MACD,SHORT,2024-11-29,2024-12-02,2024-12-02,256.5,262.91249999999997,243.67499999999998,262.91249999999997,STOP_LOSS,1,-2.4999999999999867,-2.6499999999999866,NEUTRAL,45.81730331888272,1.8136471279083652,EPL,BSE,EPL.BO
EMA_MACD,LONG,2024-12-03,2024-12-04,2024-12-04,288.8999938964844,281.67749404907227,303.3449935913086,281.67749404907227,STOP_LOSS,1,-2.5,-2.65,NEUTRAL,62.18840564483999,6.157532599510093,EPL,BSE,EPL.BO
EMA_MACD,SHORT,2024-12-27,2024-12-30,2025-01-03,262.70001220703125,269.267512512207,249.56501159667968,269.267512512207,STOP_LOSS,5,-2.4999999999999956,-2.6499999999999955,NEUTRAL,45.52073183842178,0.620847165883396,EPL,BSE,EPL.BO
EMA_MACD,SHORT,2025-02-24,2025-02-25,2025-02-27,218.8999938964844,224.37249374389648,207.95499420166018,207.95499420166018,TARGET,2,5.0,4.85,NEUTRAL,37.751158341604075,6.937662684458472,EPL,BSE,EPL.BO
EMA_MACD,SHORT,2025-09-01,2025-09-02,2025-09-03,224.0,229.59999999999997,212.79999999999998,229.59999999999997,STOP_LOSS,2,-2.499999999999985,-2.649999999999985,NEUTRAL,42.21196488339058,1.2405919263699878,EPL,BSE,EPL.BO
EMA_MACD,LONG,2026-02-09,2026-02-10,2026-02-16,220.5500030517578,215.03625297546387,231.5775032043457,215.03625297546387,STOP_LOSS,5,-2.5,-2.65,NEUTRAL,65.24687400890328,3.8114321666627577,EPL,BSE,EPL.BO
EMA_MACD,LONG,2026-04-02,2026-04-06,2026-04-08,213.9499969482422,208.60124702453612,224.64749679565432,224.64749679565432,TARGET,3,5.000000000000011,4.85000000000001,BEAR,60.015109142392305,3.263138111357347,EPL,BSE,EPL.BO
EMA_MACD,LONG,2026-06-16,2026-06-17,2026-06-29,230.8999938964844,225.12749404907228,242.44499359130864,225.12749404907228,STOP_LOSS,9,-2.5000000000000044,-2.6500000000000044,BEAR,59.094275045827565,1.8829704107946175,EPL,BSE,EPL.BO
EMA_MACD,LONG,2026-08-12,2026-08-13,2026-08-20,245.1000061035156,238.9725059509277,257.3550064086914,257.3550064086914,TARGET,6,5.000000000000007,4.850000000000007,BULL,62.26305032763627,3.6799323017263124,EPL,BSE,EPL.BO
RSI_ZONE,LONG,2024-12-03,2024-12-04,2024-12-04,288.8999938964844,281.67749404907227,303.3449935913086,281.67749404907227,STOP_LOSS,1,-2.5,-2.65,NEUTRAL,62.18840564483999,6.157532599510093,EPL,BSE,EPL.BO
RSI_ZONE,SHORT,2025-02-24,2025-02-25,2025-02-27,218.8999938964844,224.37249374389648,207.95499420166018,207.95499420166018,TARGET,2,5.0,4.85,NEUTRAL,37.751158341604075,6.937662684458472,EPL,BSE,EPL.BO
RSI_ZONE,SHORT,2025-09-02,2025-09-03,2025-09-03,220.1499938964844,225.65374374389648,209.14249420166018,225.65374374389648,STOP_LOSS,1,-2.4999999999999867,-2.6499999999999866,NEUTRAL,38.912537328048494,1.6898166375683457,EPL,BSE,EPL.BO
RSI_ZONE,LONG,2026-04-02,2026-04-06,2026-04-08,213.9499969482422,208.60124702453612,224.64749679565432,224.64749679565432,TARGET,3,5.000000000000011,4.85000000000001,BEAR,60.015109142392305,3.263138111357347,EPL,BSE,EPL.BO
RSI_ZONE,LONG,2026-06-17,2026-06-18,2026-06-18,235.25,229.36875,247.01250000000002,229.36875,STOP_LOSS,1,-2.499999999999998,-2.6499999999999977,BEAR,63.423224080561276,2.8415021359935966,EPL,BSE,EPL.BO
RSI_ZONE,LONG,2026-08-12,2026-08-13,2026-08-20,245.1000061035156,238.9725059509277,257.3550064086914,257.3550064086914,TARGET,6,5.000000000000007,4.850000000000007,BULL,62.26305032763627,3.6799323017263124,EPL,BSE,EPL.BO
EXT_3,SHORT,2025-09-02,2025-09-03,2025-09-03,220.1499938964844,225.65374374389648,209.14249420166018,225.65374374389648,STOP_LOSS,1,-2.4999999999999867,-2.6499999999999866,NEUTRAL,38.912537328048494,1.6898166375683457,EPL,BSE,EPL.BO
EXT_3,LONG,2026-06-17,2026-06-18,2026-06-18,235.25,229.36875,247.01250000000002,229.36875,STOP_LOSS,1,-2.499999999999998,-2.6499999999999977,BEAR,63.423224080561276,2.8415021359935966,EPL,BSE,EPL.BO
EXT_3,LONG,2026-08-14,2026-08-17,2026-08-20,244.8000030517578,238.68000297546385,257.04000320434574,257.04000320434574,TARGET,4,5.000000000000014,4.850000000000014,NEUTRAL,61.762023879392174,1.590097124095014,EPL,BSE,EPL.BO
RSI_ZONE_EXT_3,SHORT,2025-09-02,2025-09-03,2025-09-03,220.1499938964844,225.65374374389648,209.14249420166018,225.65374374389648,STOP_LOSS,1,-2.4999999999999867,-2.6499999999999866,NEUTRAL,38.912537328048494,1.6898166375683457,EPL,BSE,EPL.BO
RSI_ZONE_EXT_3,LONG,2026-06-17,2026-06-18,2026-06-18,235.25,229.36875,247.01250000000002,229.36875,STOP_LOSS,1,-2.499999999999998,-2.6499999999999977,BEAR,63.423224080561276,2.8415021359935966,EPL,BSE,EPL.BO
RSI_ZONE_EXT_3,LONG,2026-08-14,2026-08-17,2026-08-20,244.8000030517578,238.68000297546385,257.04000320434574,257.04000320434574,TARGET,4,5.000000000000014,4.850000000000014,NEUTRAL,61.762023879392174,1.590097124095014,EPL,BSE,EPL.BO
RSI_ZONE_NO_NEUTRAL,LONG,2026-04-02,2026-04-06,2026-04-08,213.9499969482422,208.60124702453612,224.64749679565432,224.64749679565432,TARGET,3,5.000000000000011,4.85000000000001,BEAR,60.015109142392305,3.263138111357347,EPL,BSE,EPL.BO
RSI_ZONE_NO_NEUTRAL,LONG,2026-06-17,2026-06-18,2026-06-18,235.25,229.36875,247.01250000000002,229.36875,STOP_LOSS,1,-2.499999999999998,-2.6499999999999977,BEAR,63.423224080561276,2.8415021359935966,EPL,BSE,EPL.BO
RSI_ZONE_NO_NEUTRAL,LONG,2026-08-12,2026-08-13,2026-08-20,245.1000061035156,238.9725059509277,257.3550064086914,257.3550064086914,TARGET,6,5.000000000000007,4.850000000000007,BULL,62.26305032763627,3.6799323017263124,EPL,BSE,EPL.BO
RSI_ZONE_EXT_3_NO_NEUTRAL,LONG,2026-06-17,2026-06-18,2026-06-18,235.25,229.36875,247.01250000000002,229.36875,STOP_LOSS,1,-2.499999999999998,-2.6499999999999977,BEAR,63.423224080561276,2.8415021359935966,EPL,BSE,EPL.BO
BASE_CURRENT,LONG,2025-06-25,2025-06-26,2025-06-30,240.0,234.0,252.0,234.0,STOP_LOSS,3,-2.5,-2.65,BULL,64.4086069837873,5.714247374401898,NORTHARC,BSE,NORTHARC.BO
BASE_CURRENT,LONG,2025-11-03,2025-11-04,2025-11-04,283.95001220703125,276.8512619018555,298.14751281738285,276.8512619018555,STOP_LOSS,1,-2.499999999999996,-2.649999999999996,BULL,62.05439442201583,3.354059491221166,NORTHARC,BSE,NORTHARC.BO
EMA_MACD,LONG,2025-06-25,2025-06-26,2025-06-30,240.0,234.0,252.0,234.0,STOP_LOSS,3,-2.5,-2.65,BULL,64.4086069837873,5.714247374401898,NORTHARC,BSE,NORTHARC.BO
EMA_MACD,LONG,2025-08-21,2025-08-22,2025-08-28,247.1499938964844,240.97124404907228,259.5074935913086,240.97124404907228,STOP_LOSS,4,-2.5000000000000044,-2.6500000000000044,NEUTRAL,54.55262200852734,0.5150762523221596,NORTHARC,BSE,NORTHARC.BO
EMA_MACD,LONG,2025-09-08,2025-09-09,2025-09-15,248.3999938964844,242.18999404907228,260.8199935913086,260.8199935913086,TARGET,5,4.9999999999999964,4.849999999999996,NEUTRAL,54.11215430319927,1.3793217967136733,NORTHARC,BSE,NORTHARC.BO
EMA_MACD,LONG,2025-11-03,2025-11-04,2025-11-04,283.95001220703125,276.8512619018555,298.14751281738285,276.8512619018555,STOP_LOSS,1,-2.499999999999996,-2.649999999999996,BULL,62.05439442201583,3.354059491221166,NORTHARC,BSE,NORTHARC.BO
EMA_MACD,LONG,2026-01-08,2026-01-09,2026-01-12,263.8999938964844,257.30249404907227,277.0949935913086,257.30249404907227,STOP_LOSS,2,-2.5,-2.65,BULL,57.06224309221851,0.6201515667655065,NORTHARC,BSE,NORTHARC.BO
EMA_MACD,SHORT,2026-02-04,2026-02-05,2026-02-05,243.0,249.075,230.85,249.075,STOP_LOSS,1,-2.499999999999995,-2.649999999999995,NEUTRAL,46.00902056295389,0.9772311945135961,NORTHARC,BSE,NORTHARC.BO
RSI_ZONE,LONG,2025-06-25,2025-06-26,2025-06-30,240.0,234.0,252.0,234.0,STOP_LOSS,3,-2.5,-2.65,BULL,64.4086069837873,5.714247374401898,NORTHARC,BSE,NORTHARC.BO
RSI_ZONE,LONG,2025-11-03,2025-11-04,2025-11-04,283.95001220703125,276.8512619018555,298.14751281738285,276.8512619018555,STOP_LOSS,1,-2.499999999999996,-2.649999999999996,BULL,62.05439442201583,3.354059491221166,NORTHARC,BSE,NORTHARC.BO
EXT_3,LONG,2025-06-27,2025-06-30,2025-06-30,242.8500061035156,236.7787559509277,254.99250640869138,236.7787559509277,STOP_LOSS,1,-2.5000000000000075,-2.6500000000000075,BULL,61.82787031671171,1.777279607282541,NORTHARC,BSE,NORTHARC.BO
RSI_ZONE_EXT_3,LONG,2025-06-27,2025-06-30,2025-06-30,242.8500061035156,236.7787559509277,254.99250640869138,236.7787559509277,STOP_LOSS,1,-2.5000000000000075,-2.6500000000000075,BULL,61.82787031671171,1.777279607282541,NORTHARC,BSE,NORTHARC.BO
RSI_ZONE_NO_NEUTRAL,LONG,2025-06-25,2025-06-26,2025-06-30,240.0,234.0,252.0,234.0,STOP_LOSS,3,-2.5,-2.65,BULL,64.4086069837873,5.714247374401898,NORTHARC,BSE,NORTHARC.BO
RSI_ZONE_NO_NEUTRAL,LONG,2025-11-03,2025-11-04,2025-11-04,283.95001220703125,276.8512619018555,298.14751281738285,276.8512619018555,STOP_LOSS,1,-2.499999999999996,-2.649999999999996,BULL,62.05439442201583,3.354059491221166,NORTHARC,BSE,NORTHARC.BO
RSI_ZONE_EXT_3_NO_NEUTRAL,LONG,2025-06-27,2025-06-30,2025-06-30,242.8500061035156,236.7787559509277,254.99250640869138,236.7787559509277,STOP_LOSS,1,-2.5000000000000075,-2.6500000000000075,BULL,61.82787031671171,1.777279607282541,NORTHARC,BSE,NORTHARC.BO
BASE_CURRENT,LONG,2025-12-22,2025-12-23,2025-12-29,690.4500122070312,673.1887619018554,724.9725128173828,673.1887619018554,STOP_LOSS,4,-2.5000000000000098,-2.6500000000000097,BULL,61.97497600394881,4.263326398790097,RUBICON,BSE,RUBICON.BO
BASE_CURRENT,LONG,2026-02-03,2026-02-04,2026-02-04,747.8499755859375,729.1537261962891,785.2424743652344,729.1537261962891,STOP_LOSS,1,-2.499999999999997,-2.649999999999997,NEUTRAL,67.11924598577818,4.344579518828687,RUBICON,BSE,RUBICON.BO
EMA_MACD,LONG,2025-12-22,2025-12-23,2025-12-29,690.4500122070312,673.1887619018554,724.9725128173828,673.1887619018554,STOP_LOSS,4,-2.5000000000000098,-2.6500000000000097,BULL,61.97497600394881,4.263326398790097,RUBICON,BSE,RUBICON.BO
EMA_MACD,LONG,2026-01-30,2026-02-02,2026-02-02,704.8499755859375,687.228726196289,740.0924743652344,687.228726196289,STOP_LOSS,1,-2.500000000000006,-2.650000000000006,NEUTRAL,56.366653647879815,1.497792887121739,RUBICON,BSE,RUBICON.BO
RSI_ZONE,LONG,2025-12-22,2025-12-23,2025-12-29,690.4500122070312,673.1887619018554,724.9725128173828,673.1887619018554,STOP_LOSS,4,-2.5000000000000098,-2.6500000000000097,BULL,61.97497600394881,4.263326398790097,RUBICON,BSE,RUBICON.BO
EXT_3,LONG,2025-12-23,2025-12-24,2025-12-29,688.25,671.0437499999999,722.6625,671.0437499999999,STOP_LOSS,3,-2.5000000000000098,-2.6500000000000097,BULL,62.18498273866664,2.885962327655851,RUBICON,BSE,RUBICON.BO
RSI_ZONE_EXT_3,LONG,2025-12-23,2025-12-24,2025-12-29,688.25,671.0437499999999,722.6625,671.0437499999999,STOP_LOSS,3,-2.5000000000000098,-2.6500000000000097,BULL,62.18498273866664,2.885962327655851,RUBICON,BSE,RUBICON.BO
RSI_ZONE_NO_NEUTRAL,LONG,2025-12-22,2025-12-23,2025-12-29,690.4500122070312,673.1887619018554,724.9725128173828,673.1887619018554,STOP_LOSS,4,-2.5000000000000098,-2.6500000000000097,BULL,61.97497600394881,4.263326398790097,RUBICON,BSE,RUBICON.BO
RSI_ZONE_EXT_3_NO_NEUTRAL,LONG,2025-12-23,2025-12-24,2025-12-29,688.25,671.0437499999999,722.6625,671.0437499999999,STOP_LOSS,3,-2.5000000000000098,-2.6500000000000097,BULL,62.18498273866664,2.885962327655851,RUBICON,BSE,RUBICON.BO
BASE_CURRENT,LONG,2024-11-22,2024-11-25,2024-11-26,33.91999816894531,33.07199821472168,35.61599807739258,35.61599807739258,TARGET,2,5.000000000000012,4.850000000000012,NEUTRAL,63.18509240737384,6.318861833449452,TFCILTD,BSE,TFCILTD.BO
BASE_CURRENT,SHORT,2025-01-14,2025-01-15,2025-01-22,31.059999465942383,31.83649945259094,29.506999492645264,29.506999492645264,TARGET,6,5.0,4.85,NEUTRAL,38.80994929692673,2.7402958722645256,TFCILTD,BSE,TFCILTD.BO
BASE_CURRENT,LONG,2025-03-26,2025-03-27,2025-03-27,33.189998626708984,32.36024866104126,34.84949855804444,32.36024866104126,STOP_LOSS,1,-2.4999999999999956,-2.6499999999999955,NEUTRAL,69.58573324053515,11.288642821999629,TFCILTD,BSE,TFCILTD.BO
BASE_CURRENT,SHORT,2025-12-04,2025-12-05,2025-12-09,64.25,65.85624999999999,61.037499999999994,65.85624999999999,STOP_LOSS,3,-2.4999999999999822,-2.649999999999982,BULL,39.04875864910367,3.5807262465258005,TFCILTD,BSE,TFCILTD.BO
BASE_CURRENT,LONG,2026-07-15,2026-07-16,2026-07-20,84.0,81.89999999999999,88.2,81.89999999999999,STOP_LOSS,3,-2.50000000000001,-2.65000000000001,NEUTRAL,64.86721568956783,4.244299655983746,TFCILTD,BSE,TFCILTD.BO
EMA_MACD,SHORT,2024-11-18,2024-11-19,2024-11-19,29.489999771118164,30.227249765396117,28.015499782562255,30.227249765396117,STOP_LOSS,1,-2.499999999999995,-2.649999999999995,NEUTRAL,45.10494558965699,1.5404294454799425,TFCILTD,BSE,TFCILTD.BO
EMA_MACD,LONG,2024-11-22,2024-11-25,2024-11-26,33.91999816894531,33.07199821472168,35.61599807739258,35.61599807739258,TARGET,2,5.000000000000012,4.850000000000012,NEUTRAL,63.18509240737384,6.318861833449452,TFCILTD,BSE,TFCILTD.BO
EMA_MACD,SHORT,2025-01-09,2025-01-10,2025-01-13,32.72999954223633,33.54824953079223,31.09349956512451,31.09349956512451,TARGET,2,5.000000000000004,4.850000000000004,NEUTRAL,47.72756523905793,0.9493719968301395,TFCILTD,BSE,TFCILTD.BO
EMA_MACD,SHORT,2025-03-17,2025-03-18,2025-03-21,28.0,28.699999999999996,26.599999999999998,28.699999999999996,STOP_LOSS,4,-2.499999999999985,-2.649999999999985,NEUTRAL,43.670748304555076,2.093284444487641,TFCILTD,BSE,TFCILTD.BO
EMA_MACD,LONG,2025-03-26,2025-03-27,2025-03-27,33.189998626708984,32.36024866104126,34.84949855804444,32.36024866104126,STOP_LOSS,1,-2.4999999999999956,-2.6499999999999955,NEUTRAL,69.58573324053515,11.288642821999629,TFCILTD,BSE,TFCILTD.BO
EMA_MACD,SHORT,2025-12-04,2025-12-05,2025-12-09,64.25,65.85624999999999,61.037499999999994,65.85624999999999,STOP_LOSS,3,-2.4999999999999822,-2.649999999999982,BULL,39.04875864910367,3.5807262465258005,TFCILTD,BSE,TFCILTD.BO
EMA_MACD,SHORT,2026-01-21,2026-01-22,2026-01-22,62.04999923706055,63.60124921798705,58.94749927520752,63.60124921798705,STOP_LOSS,1,-2.499999999999989,-2.649999999999989,BEAR,42.847459526253026,5.569745710747192,TFCILTD,BSE,TFCILTD.BO
EMA_MACD,LONG,2026-02-05,2026-02-06,2026-02-10,67.5,65.8125,70.875,70.875,TARGET,3,5.0,4.85,NEUTRAL,54.82367692401633,2.3165180551836673,TFCILTD,BSE,TFCILTD.BO
EMA_MACD,LONG,2026-06-15,2026-06-16,2026-06-18,76.12999725341797,74.22674732208252,79.93649711608887,74.22674732208252,STOP_LOSS,3,-2.5000000000000036,-2.6500000000000035,BEAR,57.32543419084527,1.5183493288371441,TFCILTD,BSE,TFCILTD.BO
EMA_MACD,LONG,2026-07-14,2026-07-15,2026-07-15,80.48999786376953,78.4777479171753,84.51449775695801,84.51449775695801,TARGET,1,5.0,4.85,NEUTRAL,59.04131029912428,2.3343209313621682,TFCILTD,BSE,TFCILTD.BO
RSI_ZONE,LONG,2024-11-22,2024-11-25,2024-11-26,33.91999816894531,33.07199821472168,35.61599807739258,35.61599807739258,TARGET,2,5.000000000000012,4.850000000000012,NEUTRAL,63.18509240737384,6.318861833449452,TFCILTD,BSE,TFCILTD.BO
RSI_ZONE,SHORT,2025-01-14,2025-01-15,2025-01-22,31.059999465942383,31.83649945259094,29.506999492645264,29.506999492645264,TARGET,6,5.0,4.85,NEUTRAL,38.80994929692673,2.7402958722645256,TFCILTD,BSE,TFCILTD.BO
RSI_ZONE,SHORT,2025-12-04,2025-12-05,2025-12-09,64.25,65.85624999999999,61.037499999999994,65.85624999999999,STOP_LOSS,3,-2.4999999999999822,-2.649999999999982,BULL,39.04875864910367,3.5807262465258005,TFCILTD,BSE,TFCILTD.BO
RSI_ZONE,LONG,2026-07-15,2026-07-16,2026-07-20,84.0,81.89999999999999,88.2,81.89999999999999,STOP_LOSS,3,-2.50000000000001,-2.65000000000001,NEUTRAL,64.86721568956783,4.244299655983746,TFCILTD,BSE,TFCILTD.BO
EXT_3,SHORT,2025-01-14,2025-01-15,2025-01-22,31.059999465942383,31.83649945259094,29.506999492645264,29.506999492645264,TARGET,6,5.0,4.85,NEUTRAL,38.80994929692673,2.7402958722645256,TFCILTD,BSE,TFCILTD.BO
EXT_3,SHORT,2025-12-08,2025-12-09,2025-12-09,63.0,64.57499999999999,59.849999999999994,64.57499999999999,STOP_LOSS,1,-2.4999999999999822,-2.649999999999982,BULL,38.21577720444471,2.6703877262512092,TFCILTD,BSE,TFCILTD.BO
EXT_3,LONG,2026-07-16,2026-07-17,2026-07-17,85.69000244140625,83.5477523803711,89.97450256347656,83.5477523803711,STOP_LOSS,1,-2.5,-2.65,NEUTRAL,64.8369526644477,2.7819981439621206,TFCILTD,BSE,TFCILTD.BO
RSI_ZONE_EXT_3,SHORT,2025-01-14,2025-01-15,2025-01-22,31.059999465942383,31.83649945259094,29.506999492645264,29.506999492645264,TARGET,6,5.0,4.85,NEUTRAL,38.80994929692673,2.7402958722645256,TFCILTD,BSE,TFCILTD.BO
RSI_ZONE_EXT_3,SHORT,2025-12-08,2025-12-09,2025-12-09,63.0,64.57499999999999,59.849999999999994,64.57499999999999,STOP_LOSS,1,-2.4999999999999822,-2.649999999999982,BULL,38.21577720444471,2.6703877262512092,TFCILTD,BSE,TFCILTD.BO
RSI_ZONE_EXT_3,LONG,2026-07-16,2026-07-17,2026-07-17,85.69000244140625,83.5477523803711,89.97450256347656,83.5477523803711,STOP_LOSS,1,-2.5,-2.65,NEUTRAL,64.8369526644477,2.7819981439621206,TFCILTD,BSE,TFCILTD.BO
RSI_ZONE_NO_NEUTRAL,SHORT,2025-12-04,2025-12-05,2025-12-09,64.25,65.85624999999999,61.037499999999994,65.85624999999999,STOP_LOSS,3,-2.4999999999999822,-2.649999999999982,BULL,39.04875864910367,3.5807262465258005,TFCILTD,BSE,TFCILTD.BO
RSI_ZONE_EXT_3_NO_NEUTRAL,SHORT,2025-12-08,2025-12-09,2025-12-09,63.0,64.57499999999999,59.849999999999994,64.57499999999999,STOP_LOSS,1,-2.4999999999999822,-2.649999999999982,BULL,38.21577720444471,2.6703877262512092,TFCILTD,BSE,TFCILTD.BO
BASE_CURRENT,LONG,2026-06-18,2026-06-19,2026-06-19,113.44999694824219,110.61374702453612,119.1224967956543,119.1224967956543,TARGET,1,5.000000000000003,4.850000000000002,BEAR,61.096726293360476,3.3022564041895297,PWL,BSE,PWL.BO
EMA_MACD,LONG,2026-06-16,2026-06-17,2026-06-18,109.25,106.51875,114.7125,114.7125,TARGET,2,5.000000000000005,4.850000000000005,BEAR,54.22241280700663,1.5563660041198186,PWL,BSE,PWL.BO
RSI_ZONE,LONG,2026-06-18,2026-06-19,2026-06-19,113.44999694824219,110.61374702453612,119.1224967956543,119.1224967956543,TARGET,1,5.000000000000003,4.850000000000002,BEAR,61.096726293360476,3.3022564041895297,PWL,BSE,PWL.BO
RSI_ZONE_NO_NEUTRAL,LONG,2026-06-18,2026-06-19,2026-06-19,113.44999694824219,110.61374702453612,119.1224967956543,119.1224967956543,TARGET,1,5.000000000000003,4.850000000000002,BEAR,61.096726293360476,3.3022564041895297,PWL,BSE,PWL.BO
BASE_CURRENT,LONG,2025-06-30,2025-07-01,2025-07-16,820.3499755859375,799.8412261962891,861.3674743652344,831.5499877929688,TIME_EXIT,11,1.365272449606841,1.215272449606841,BULL,62.862313565191,1.723612962399405,SBIN,BSE,500112.BO
BASE_CURRENT,LONG,2025-08-14,2025-08-18,2025-08-26,831.3499755859375,810.566226196289,872.9174743652344,810.566226196289,STOP_LOSS,7,-2.500000000000008,-2.650000000000008,NEUTRAL,62.620449001349805,0.8316399444394804,SBIN,BSE,500112.BO
BASE_CURRENT,LONG,2025-09-11,2025-09-12,2025-09-22,824.9000244140625,804.2775238037109,866.1450256347657,866.1450256347657,TARGET,7,5.000000000000011,4.85000000000001,NEUTRAL,60.735201036384886,0.9811961945470224,SBIN,BSE,500112.BO
BASE_CURRENT,SHORT,2026-05-08,2026-05-11,2026-05-15,1009.9500122070312,1035.198762512207,959.4525115966796,959.4525115966796,TARGET,5,5.000000000000004,4.850000000000004,BEAR,38.023293310435825,4.0646058884032685,SBIN,BSE,500112.BO
EMA_MACD,LONG,2024-10-29,2024-10-30,2024-11-04,830.0,809.25,871.5,809.25,STOP_LOSS,4,-2.5,-2.65,NEUTRAL,50.793826486585345,3.386577149416856,SBIN,BSE,500112.BO
EMA_MACD,LONG,2024-11-27,2024-11-29,2024-12-13,842.0,820.9499999999999,884.1,861.7000122070312,TIME_EXIT,11,2.339668908198486,2.189668908198486,NEUTRAL,52.156374320390036,0.6519653962722741,SBIN,BSE,500112.BO
EMA_MACD,LONG,2025-06-30,2025-07-01,2025-07-16,820.3499755859375,799.8412261962891,861.3674743652344,831.5499877929688,TIME_EXIT,11,1.365272449606841,1.215272449606841,BULL,62.862313565191,1.723612962399405,SBIN,BSE,500112.BO
EMA_MACD,LONG,2025-08-12,2025-08-13,2025-08-28,823.4500122070312,802.8637619018555,864.6225128173828,802.8637619018555,STOP_LOSS,11,-2.5,-2.65,NEUTRAL,59.04831853244164,0.8500783863886918,SBIN,BSE,500112.BO
EMA_MACD,SHORT,2025-08-29,2025-09-02,2025-09-16,809.9000244140625,830.147525024414,769.4050231933593,830.147525024414,STOP_LOSS,11,-2.4999999999999916,-2.6499999999999915,BEAR,40.442275425209154,0.597800920614277,SBIN,BSE,500112.BO
EMA_MACD,LONG,2026-05-07,2026-05-08,2026-05-08,1093.449951171875,1066.113702392578,1148.1224487304687,1066.113702392578,STOP_LOSS,1,-2.5000000000000084,-2.6500000000000083,BEAR,53.69826551918824,0.6875470077246834,SBIN,BSE,500112.BO
RSI_ZONE,LONG,2025-06-30,2025-07-01,2025-07-16,820.3499755859375,799.8412261962891,861.3674743652344,831.5499877929688,TIME_EXIT,11,1.365272449606841,1.215272449606841,BULL,62.862313565191,1.723612962399405,SBIN,BSE,500112.BO
RSI_ZONE,LONG,2025-08-14,2025-08-18,2025-08-26,831.3499755859375,810.566226196289,872.9174743652344,810.566226196289,STOP_LOSS,7,-2.500000000000008,-2.650000000000008,NEUTRAL,62.620449001349805,0.8316399444394804,SBIN,BSE,500112.BO
RSI_ZONE,LONG,2025-09-11,2025-09-12,2025-09-22,824.9000244140625,804.2775238037109,866.1450256347657,866.1450256347657,TARGET,7,5.000000000000011,4.85000000000001,NEUTRAL,60.735201036384886,0.9811961945470224,SBIN,BSE,500112.BO
RSI_ZONE,SHORT,2026-05-08,2026-05-11,2026-05-15,1009.9500122070312,1035.198762512207,959.4525115966796,959.4525115966796,TARGET,5,5.000000000000004,4.850000000000004,BEAR,38.023293310435825,4.0646058884032685,SBIN,BSE,500112.BO
EXT_3,LONG,2025-06-30,2025-07-01,2025-07-16,820.3499755859375,799.8412261962891,861.3674743652344,831.5499877929688,TIME_EXIT,11,1.365272449606841,1.215272449606841,BULL,62.862313565191,1.723612962399405,SBIN,BSE,500112.BO
EXT_3,LONG,2025-08-14,2025-08-18,2025-08-26,831.3499755859375,810.566226196289,872.9174743652344,810.566226196289,STOP_LOSS,7,-2.500000000000008,-2.650000000000008,NEUTRAL,62.620449001349805,0.8316399444394804,SBIN,BSE,500112.BO
EXT_3,LONG,2025-09-11,2025-09-12,2025-09-22,824.9000244140625,804.2775238037109,866.1450256347657,866.1450256347657,TARGET,7,5.000000000000011,4.85000000000001,NEUTRAL,60.735201036384886,0.9811961945470224,SBIN,BSE,500112.BO
EXT_3,SHORT,2026-05-13,2026-05-14,2026-05-29,974.0,998.3499999999999,925.3,964.0,TIME_EXIT,11,1.0266940451745379,0.8766940451745379,BEAR,31.435964787071498,2.8766588088995335,SBIN,BSE,500112.BO
RSI_ZONE_EXT_3,LONG,2025-06-30,2025-07-01,2025-07-16,820.3499755859375,799.8412261962891,861.3674743652344,831.5499877929688,TIME_EXIT,11,1.365272449606841,1.215272449606841,BULL,62.862313565191,1.723612962399405,SBIN,BSE,500112.BO
RSI_ZONE_EXT_3,LONG,2025-08-14,2025-08-18,2025-08-26,831.3499755859375,810.566226196289,872.9174743652344,810.566226196289,STOP_LOSS,7,-2.500000000000008,-2.650000000000008,NEUTRAL,62.620449001349805,0.8316399444394804,SBIN,BSE,500112.BO
RSI_ZONE_EXT_3,LONG,2025-09-11,2025-09-12,2025-09-22,824.9000244140625,804.2775238037109,866.1450256347657,866.1450256347657,TARGET,7,5.000000000000011,4.85000000000001,NEUTRAL,60.735201036384886,0.9811961945470224,SBIN,BSE,500112.BO
RSI_ZONE_EXT_3,SHORT,2026-05-13,2026-05-14,2026-05-29,974.0,998.3499999999999,925.3,964.0,TIME_EXIT,11,1.0266940451745379,0.8766940451745379,BEAR,31.435964787071498,2.8766588088995335,SBIN,BSE,500112.BO
RSI_ZONE_NO_NEUTRAL,LONG,2025-06-30,2025-07-01,2025-07-16,820.3499755859375,799.8412261962891,861.3674743652344,831.5499877929688,TIME_EXIT,11,1.365272449606841,1.215272449606841,BULL,62.862313565191,1.723612962399405,SBIN,BSE,500112.BO
RSI_ZONE_NO_NEUTRAL,LONG,2025-09-12,2025-09-15,2025-09-22,823.2999877929688,802.7174880981445,864.4649871826173,864.4649871826173,TARGET,6,5.0000000000000115,4.850000000000011,BULL,60.16848766735802,0.611396122652959,SBIN,BSE,500112.BO
RSI_ZONE_NO_NEUTRAL,SHORT,2026-05-08,2026-05-11,2026-05-15,1009.9500122070312,1035.198762512207,959.4525115966796,959.4525115966796,TARGET,5,5.000000000000004,4.850000000000004,BEAR,38.023293310435825,4.0646058884032685,SBIN,BSE,500112.BO
RSI_ZONE_EXT_3_NO_NEUTRAL,LONG,2025-06-30,2025-07-01,2025-07-16,820.3499755859375,799.8412261962891,861.3674743652344,831.5499877929688,TIME_EXIT,11,1.365272449606841,1.215272449606841,BULL,62.862313565191,1.723612962399405,SBIN,BSE,500112.BO
RSI_ZONE_EXT_3_NO_NEUTRAL,LONG,2025-09-12,2025-09-15,2025-09-22,823.2999877929688,802.7174880981445,864.4649871826173,864.4649871826173,TARGET,6,5.0000000000000115,4.850000000000011,BULL,60.16848766735802,0.611396122652959,SBIN,BSE,500112.BO
RSI_ZONE_EXT_3_NO_NEUTRAL,SHORT,2026-05-13,2026-05-14,2026-05-29,974.0,998.3499999999999,925.3,964.0,TIME_EXIT,11,1.0266940451745379,0.8766940451745379,BEAR,31.435964787071498,2.8766588088995335,SBIN,BSE,500112.BO
BASE_CURRENT,LONG,2024-12-03,2024-12-04,2024-12-16,79.01000213623047,77.03475208282471,82.960502243042,82.960502243042,TARGET,9,5.000000000000011,4.85000000000001,NEUTRAL,63.66603362231909,3.6402752486663457,LLOYDSENGG,BSE,LLOYDSENGG.BO
BASE_CURRENT,LONG,2025-01-03,2025-01-06,2025-01-06,85.4800033569336,83.34300327301025,89.75400352478027,83.34300327301025,STOP_LOSS,1,-2.5,-2.65,NEUTRAL,67.10277372414293,7.416925556423276,LLOYDSENGG,BSE,LLOYDSENGG.BO
BASE_CURRENT,LONG,2025-01-07,2025-01-08,2025-01-10,86.0999984741211,83.94749851226807,90.40499839782716,83.94749851226807,STOP_LOSS,3,-2.4999999999999964,-2.6499999999999964,NEUTRAL,62.57108596518687,5.3244107226096276,LLOYDSENGG,BSE,LLOYDSENGG.BO
BASE_CURRENT,SHORT,2025-05-06,2025-05-07,2025-05-07,48.7599983215332,49.97899827957153,46.32199840545654,49.97899827957153,STOP_LOSS,1,-2.4999999999999885,-2.6499999999999884,NEUTRAL,38.44093050076255,4.45899366942743,LLOYDSENGG,BSE,LLOYDSENGG.BO
BASE_CURRENT,LONG,2025-06-26,2025-06-27,2025-06-27,64.51000213623047,62.89725208282471,67.73550224304199,67.73550224304199,TARGET,1,5.0,4.85,BULL,63.07204416896461,6.280521620836529,LLOYDSENGG,BSE,LLOYDSENGG.BO
BASE_CURRENT,SHORT,2026-01-09,2026-01-12,2026-01-13,51.060001373291016,52.33650140762329,48.50700130462646,52.33650140762329,STOP_LOSS,2,-2.4999999999999947,-2.6499999999999946,BULL,34.59937985699656,4.563312244229824,LLOYDSENGG,BSE,LLOYDSENGG.BO
EMA_MACD,LONG,2024-12-03,2024-12-04,2024-12-16,79.01000213623047,77.03475208282471,82.960502243042,82.960502243042,TARGET,9,5.000000000000011,4.85000000000001,NEUTRAL,63.66603362231909,3.6402752486663457,LLOYDSENGG,BSE,LLOYDSENGG.BO
EMA_MACD,LONG,2025-01-03,2025-01-06,2025-01-06,85.4800033569336,83.34300327301025,89.75400352478027,83.34300327301025,STOP_LOSS,1,-2.5,-2.65,NEUTRAL,67.10277372414293,7.416925556423276,LLOYDSENGG,BSE,LLOYDSENGG.BO
EMA_MACD,SHORT,2025-01-29,2025-01-30,2025-02-03,77.69000244140625,79.6322525024414,73.80550231933593,73.80550231933593,TARGET,3,5.000000000000011,4.85000000000001,NEUTRAL,43.96529525151348,1.9350372713926596,LLOYDSENGG,BSE,LLOYDSENGG.BO
EMA_MACD,SHORT,2025-04-30,2025-05-02,2025-05-06,54.9900016784668,56.364751720428465,52.24050159454345,52.24050159454345,TARGET,3,5.000000000000008,4.850000000000008,NEUTRAL,41.59710668125233,6.196584146191025,LLOYDSENGG,BSE,LLOYDSENGG.BO
EMA_MACD,LONG,2025-06-26,2025-06-27,2025-06-27,64.51000213623047,62.89725208282471,67.73550224304199,67.73550224304199,TARGET,1,5.0,4.85,BULL,63.07204416896461,6.280521620836529,LLOYDSENGG,BSE,LLOYDSENGG.BO
EMA_MACD,SHORT,2026-01-09,2026-01-12,2026-01-13,51.060001373291016,52.33650140762329,48.50700130462646,52.33650140762329,STOP_LOSS,2,-2.4999999999999947,-2.6499999999999946,BULL,34.59937985699656,4.563312244229824,LLOYDSENGG,BSE,LLOYDSENGG.BO
EMA_MACD,SHORT,2026-02-24,2026-02-25,2026-02-25,48.900001525878906,50.122501564025875,46.455001449584955,50.122501564025875,STOP_LOSS,1,-2.499999999999991,-2.649999999999991,NEUTRAL,43.821915217649064,2.346284658909112,LLOYDSENGG,BSE,LLOYDSENGG.BO
RSI_ZONE,LONG,2024-12-03,2024-12-04,2024-12-16,79.01000213623047,77.03475208282471,82.960502243042,82.960502243042,TARGET,9,5.000000000000011,4.85000000000001,NEUTRAL,63.66603362231909,3.6402752486663457,LLOYDSENGG,BSE,LLOYDSENGG.BO
RSI_ZONE,LONG,2025-01-07,2025-01-08,2025-01-10,86.0999984741211,83.94749851226807,90.40499839782716,83.94749851226807,STOP_LOSS,3,-2.4999999999999964,-2.6499999999999964,NEUTRAL,62.57108596518687,5.3244107226096276,LLOYDSENGG,BSE,LLOYDSENGG.BO
RSI_ZONE,SHORT,2025-05-06,2025-05-07,2025-05-07,48.7599983215332,49.97899827957153,46.32199840545654,49.97899827957153,STOP_LOSS,1,-2.4999999999999885,-2.6499999999999884,NEUTRAL,38.44093050076255,4.45899366942743,LLOYDSENGG,BSE,LLOYDSENGG.BO
RSI_ZONE,LONG,2025-06-26,2025-06-27,2025-06-27,64.51000213623047,62.89725208282471,67.73550224304199,67.73550224304199,TARGET,1,5.0,4.85,BULL,63.07204416896461,6.280521620836529,LLOYDSENGG,BSE,LLOYDSENGG.BO
RSI_ZONE,SHORT,2026-01-09,2026-01-12,2026-01-13,51.060001373291016,52.33650140762329,48.50700130462646,52.33650140762329,STOP_LOSS,2,-2.4999999999999947,-2.6499999999999946,BULL,34.59937985699656,4.563312244229824,LLOYDSENGG,BSE,LLOYDSENGG.BO
EXT_3,LONG,2025-01-09,2025-01-10,2025-01-10,85.08999633789062,82.96274642944336,89.34449615478516,82.96274642944336,STOP_LOSS,1,-2.500000000000003,-2.650000000000003,NEUTRAL,61.12349108833753,1.833710548515541,LLOYDSENGG,BSE,LLOYDSENGG.BO
EXT_3,SHORT,2026-01-12,2026-01-13,2026-01-19,51.79999923706055,53.09499921798706,49.209999275207515,49.209999275207515,TARGET,4,5.000000000000008,4.850000000000008,BULL,38.14433720072767,2.1670361653019725,LLOYDSENGG,BSE,LLOYDSENGG.BO
RSI_ZONE_EXT_3,LONG,2025-01-09,2025-01-10,2025-01-10,85.08999633789062,82.96274642944336,89.34449615478516,82.96274642944336,STOP_LOSS,1,-2.500000000000003,-2.650000000000003,NEUTRAL,61.12349108833753,1.833710548515541,LLOYDSENGG,BSE,LLOYDSENGG.BO
RSI_ZONE_EXT_3,SHORT,2026-01-12,2026-01-13,2026-01-19,51.79999923706055,53.09499921798706,49.209999275207515,49.209999275207515,TARGET,4,5.000000000000008,4.850000000000008,BULL,38.14433720072767,2.1670361653019725,LLOYDSENGG,BSE,LLOYDSENGG.BO
RSI_ZONE_NO_NEUTRAL,LONG,2025-06-26,2025-06-27,2025-06-27,64.51000213623047,62.89725208282471,67.73550224304199,67.73550224304199,TARGET,1,5.0,4.85,BULL,63.07204416896461,6.280521620836529,LLOYDSENGG,BSE,LLOYDSENGG.BO
RSI_ZONE_NO_NEUTRAL,SHORT,2026-01-09,2026-01-12,2026-01-13,51.060001373291016,52.33650140762329,48.50700130462646,52.33650140762329,STOP_LOSS,2,-2.4999999999999947,-2.6499999999999946,BULL,34.59937985699656,4.563312244229824,LLOYDSENGG,BSE,LLOYDSENGG.BO
RSI_ZONE_EXT_3_NO_NEUTRAL,SHORT,2026-01-12,2026-01-13,2026-01-19,51.79999923706055,53.09499921798706,49.209999275207515,49.209999275207515,TARGET,4,5.000000000000008,4.850000000000008,BULL,38.14433720072767,2.1670361653019725,LLOYDSENGG,BSE,LLOYDSENGG.BO
BASE_CURRENT,LONG,2024-11-05,2024-11-06,2024-11-11,210.8000030517578,205.53000297546387,221.34000320434572,205.53000297546387,STOP_LOSS,4,-2.4999999999999973,-2.6499999999999972,NEUTRAL,63.11699895957617,3.28804668007174,CGCL,BSE,CGCL.BO
BASE_CURRENT,SHORT,2024-11-18,2024-11-19,2024-11-25,193.6999969482422,198.54249687194823,184.01499710083007,198.54249687194823,STOP_LOSS,4,-2.4999999999999942,-2.649999999999994,NEUTRAL,39.51294245726242,2.609065166246736,CGCL,BSE,CGCL.BO
BASE_CURRENT,LONG,2024-11-27,2024-11-28,2024-12-05,211.1999969482422,205.91999702453612,221.7599967956543,205.91999702453612,STOP_LOSS,6,-2.500000000000008,-2.650000000000008,NEUTRAL,63.11393036033433,4.897669480789969,CGCL,BSE,CGCL.BO
BASE_CURRENT,SHORT,2025-04-07,2025-04-08,2025-04-08,164.9499969482422,169.07374687194823,156.70249710083007,156.70249710083007,TARGET,1,5.0000000000000036,4.850000000000003,NEUTRAL,39.81338806455668,6.579949059736166,CGCL,BSE,CGCL.BO
BASE_CURRENT,LONG,2025-06-10,2025-06-11,2025-06-12,178.25,173.79375,187.1625,173.79375,STOP_LOSS,2,-2.500000000000006,-2.650000000000006,NEUTRAL,66.97250024498238,6.515559516289661,CGCL,BSE,CGCL.BO
BASE_CURRENT,LONG,2025-07-10,2025-07-11,2025-07-11,177.8000030517578,173.35500297546386,186.69000320434571,173.35500297546386,STOP_LOSS,1,-2.500000000000003,-2.650000000000003,BULL,61.048861790753655,3.9422069658391936,CGCL,BSE,CGCL.BO
BASE_CURRENT,LONG,2025-07-16,2025-07-17,2025-07-28,183.1499938964844,178.57124404907228,192.30749359130863,178.57124404907228,STOP_LOSS,8,-2.500000000000009,-2.650000000000009,BULL,63.5176215797985,2.2419391047688078,CGCL,BSE,CGCL.BO
BASE_CURRENT,SHORT,2026-01-19,2026-01-20,2026-01-20,175.64999389648438,180.04124374389647,166.86749420166015,180.04124374389647,STOP_LOSS,1,-2.4999999999999933,-2.6499999999999932,BULL,38.99615334967665,1.2134504297104267,CGCL,BSE,CGCL.BO
BASE_CURRENT,LONG,2026-08-26,2026-08-27,2026-08-27,258.70001220703125,252.23251190185547,271.6350128173828,252.23251190185547,STOP_LOSS,1,-2.499999999999998,-2.6499999999999977,NEUTRAL,67.52368586139539,6.654324513526105,CGCL,BSE,CGCL.BO
BASE_CURRENT,LONG,2026-08-28,2026-08-31,2026-08-31,258.0,251.54999999999998,270.90000000000003,251.54999999999998,STOP_LOSS,1,-2.5000000000000067,-2.6500000000000066,NEUTRAL,63.9822047147246,4.310630558114779,CGCL,BSE,CGCL.BO
EMA_MACD,LONG,2024-11-05,2024-11-06,2024-11-11,210.8000030517578,205.53000297546387,221.34000320434572,205.53000297546387,STOP_LOSS,4,-2.4999999999999973,-2.6499999999999972,NEUTRAL,63.11699895957617,3.28804668007174,CGCL,BSE,CGCL.BO
EMA_MACD,SHORT,2024-11-14,2024-11-18,2024-11-19,187.9499969482422,192.64874687194822,178.55249710083007,192.64874687194822,STOP_LOSS,2,-2.499999999999988,-2.649999999999988,NEUTRAL,41.5152897551598,2.6687940987788075,CGCL,BSE,CGCL.BO
EMA_MACD,LONG,2024-11-27,2024-11-28,2024-12-05,211.1999969482422,205.91999702453612,221.7599967956543,205.91999702453612,STOP_LOSS,6,-2.500000000000008,-2.650000000000008,NEUTRAL,63.11393036033433,4.897669480789969,CGCL,BSE,CGCL.BO
EMA_MACD,SHORT,2024-12-18,2024-12-19,2024-12-30,192.3500061035156,197.15875625610346,182.73250579833982,182.73250579833982,TARGET,7,5.000000000000001,4.8500000000000005,NEUTRAL,40.99718419965225,1.6234235538903437,CGCL,BSE,CGCL.BO
EMA_MACD,SHORT,2025-04-07,2025-04-08,2025-04-08,164.9499969482422,169.07374687194823,156.70249710083007,156.70249710083007,TARGET,1,5.0000000000000036,4.850000000000003,NEUTRAL,39.81338806455668,6.579949059736166,CGCL,BSE,CGCL.BO
EMA_MACD,SHORT,2025-05-08,2025-05-09,2025-05-09,160.0,164.0,152.0,164.0,STOP_LOSS,1,-2.5,-2.65,NEUTRAL,46.06609560314104,1.5824416939624923,CGCL,BSE,CGCL.BO
EMA_MACD,LONG,2025-05-14,2025-05-15,2025-05-19,169.10000610351562,164.87250595092772,177.5550064086914,164.87250595092772,STOP_LOSS,3,-2.50000000000001,-2.65000000000001,NEUTRAL,54.32151974524561,1.285469459161489,CGCL,BSE,CGCL.BO
EMA_MACD,SHORT,2025-05-21,2025-05-22,2025-05-30,163.0,167.075,154.85,154.85,TARGET,7,5.0000000000000036,4.850000000000003,NEUTRAL,45.449879840881735,1.321417035538987,CGCL,BSE,CGCL.BO
EMA_MACD,LONG,2025-06-10,2025-06-11,2025-06-12,178.25,173.79375,187.1625,173.79375,STOP_LOSS,2,-2.500000000000006,-2.650000000000006,NEUTRAL,66.97250024498238,6.515559516289661,CGCL,BSE,CGCL.BO
EMA_MACD,LONG,2025-07-10,2025-07-11,2025-07-11,177.8000030517578,173.35500297546386,186.69000320434571,173.35500297546386,STOP_LOSS,1,-2.500000000000003,-2.650000000000003,BULL,61.048861790753655,3.9422069658391936,CGCL,BSE,CGCL.BO
EMA_MACD,LONG,2025-10-15,2025-10-16,2025-10-17,195.9499969482422,191.05124702453614,205.7474967956543,191.05124702453614,STOP_LOSS,2,-2.499999999999997,-2.649999999999997,BULL,59.361718607350014,2.128964204543781,CGCL,BSE,CGCL.BO
EMA_MACD,SHORT,2026-01-16,2026-01-19,2026-01-21,178.4499969482422,182.91124687194824,169.52749710083006,169.52749710083006,TARGET,3,5.000000000000009,4.8500000000000085,BULL,42.21601931170194,0.7610980883163798,CGCL,BSE,CGCL.BO
EMA_MACD,SHORT,2026-02-24,2026-02-25,2026-02-27,168.8000030517578,173.02000312805174,160.36000289916993,160.36000289916993,TARGET,3,4.9999999999999964,4.849999999999996,NEUTRAL,40.33428867842536,2.02369403213926,CGCL,BSE,CGCL.BO
EMA_MACD,LONG,2026-08-26,2026-08-27,2026-08-27,258.70001220703125,252.23251190185547,271.6350128173828,252.23251190185547,STOP_LOSS,1,-2.499999999999998,-2.6499999999999977,NEUTRAL,67.52368586139539,6.654324513526105,CGCL,BSE,CGCL.BO
RSI_ZONE,LONG,2024-11-05,2024-11-06,2024-11-11,210.8000030517578,205.53000297546387,221.34000320434572,205.53000297546387,STOP_LOSS,4,-2.4999999999999973,-2.6499999999999972,NEUTRAL,63.11699895957617,3.28804668007174,CGCL,BSE,CGCL.BO
RSI_ZONE,SHORT,2024-11-18,2024-11-19,2024-11-25,193.6999969482422,198.54249687194823,184.01499710083007,198.54249687194823,STOP_LOSS,4,-2.4999999999999942,-2.649999999999994,NEUTRAL,39.51294245726242,2.609065166246736,CGCL,BSE,CGCL.BO
RSI_ZONE,LONG,2024-11-27,2024-11-28,2024-12-05,211.1999969482422,205.91999702453612,221.7599967956543,205.91999702453612,STOP_LOSS,6,-2.500000000000008,-2.650000000000008,NEUTRAL,63.11393036033433,4.897669480789969,CGCL,BSE,CGCL.BO
RSI_ZONE,SHORT,2025-04-07,2025-04-08,2025-04-08,164.9499969482422,169.07374687194823,156.70249710083007,156.70249710083007,TARGET,1,5.0000000000000036,4.850000000000003,NEUTRAL,39.81338806455668,6.579949059736166,CGCL,BSE,CGCL.BO
RSI_ZONE,LONG,2025-06-12,2025-06-13,2025-06-16,170.75,166.48125,179.2875,166.48125,STOP_LOSS,2,-2.5000000000000067,-2.6500000000000066,NEUTRAL,60.924936333307905,1.0570416421821536,CGCL,BSE,CGCL.BO
RSI_ZONE,LONG,2025-07-10,2025-07-11,2025-07-11,177.8000030517578,173.35500297546386,186.69000320434571,173.35500297546386,STOP_LOSS,1,-2.500000000000003,-2.650000000000003,BULL,61.048861790753655,3.9422069658391936,CGCL,BSE,CGCL.BO
RSI_ZONE,LONG,2025-07-16,2025-07-17,2025-07-28,183.1499938964844,178.57124404907228,192.30749359130863,178.57124404907228,STOP_LOSS,8,-2.500000000000009,-2.650000000000009,BULL,63.5176215797985,2.2419391047688078,CGCL,BSE,CGCL.BO
RSI_ZONE,SHORT,2026-01-19,2026-01-20,2026-01-20,175.64999389648438,180.04124374389647,166.86749420166015,180.04124374389647,STOP_LOSS,1,-2.4999999999999933,-2.6499999999999932,BULL,38.99615334967665,1.2134504297104267,CGCL,BSE,CGCL.BO
RSI_ZONE,LONG,2026-08-28,2026-08-31,2026-08-31,258.0,251.54999999999998,270.90000000000003,251.54999999999998,STOP_LOSS,1,-2.5000000000000067,-2.6500000000000066,NEUTRAL,63.9822047147246,4.310630558114779,CGCL,BSE,CGCL.BO
EXT_3,SHORT,2024-11-18,2024-11-19,2024-11-25,193.6999969482422,198.54249687194823,184.01499710083007,198.54249687194823,STOP_LOSS,4,-2.4999999999999942,-2.649999999999994,NEUTRAL,39.51294245726242,2.609065166246736,CGCL,BSE,CGCL.BO
EXT_3,LONG,2025-06-12,2025-06-13,2025-06-16,170.75,166.48125,179.2875,166.48125,STOP_LOSS,2,-2.5000000000000067,-2.6500000000000066,NEUTRAL,60.924936333307905,1.0570416421821536,CGCL,BSE,CGCL.BO
EXT_3,LONG,2025-07-16,2025-07-17,2025-07-28,183.1499938964844,178.57124404907228,192.30749359130863,178.57124404907228,STOP_LOSS,8,-2.500000000000009,-2.650000000000009,BULL,63.5176215797985,2.2419391047688078,CGCL,BSE,CGCL.BO
EXT_3,SHORT,2026-01-19,2026-01-20,2026-01-20,175.64999389648438,180.04124374389647,166.86749420166015,180.04124374389647,STOP_LOSS,1,-2.4999999999999933,-2.6499999999999932,BULL,38.99615334967665,1.2134504297104267,CGCL,BSE,CGCL.BO
EXT_3,LONG,2026-08-31,2026-09-01,2026-09-01,259.25,252.76874999999998,272.21250000000003,252.76874999999998,STOP_LOSS,1,-2.5000000000000067,-2.6500000000000066,NEUTRAL,62.93287024250756,2.491455276235084,CGCL,BSE,CGCL.BO
RSI_ZONE_EXT_3,SHORT,2024-11-18,2024-11-19,2024-11-25,193.6999969482422,198.54249687194823,184.01499710083007,198.54249687194823,STOP_LOSS,4,-2.4999999999999942,-2.649999999999994,NEUTRAL,39.51294245726242,2.609065166246736,CGCL,BSE,CGCL.BO
RSI_ZONE_EXT_3,LONG,2025-06-12,2025-06-13,2025-06-16,170.75,166.48125,179.2875,166.48125,STOP_LOSS,2,-2.5000000000000067,-2.6500000000000066,NEUTRAL,60.924936333307905,1.0570416421821536,CGCL,BSE,CGCL.BO
RSI_ZONE_EXT_3,LONG,2025-07-16,2025-07-17,2025-07-28,183.1499938964844,178.57124404907228,192.30749359130863,178.57124404907228,STOP_LOSS,8,-2.500000000000009,-2.650000000000009,BULL,63.5176215797985,2.2419391047688078,CGCL,BSE,CGCL.BO
RSI_ZONE_EXT_3,SHORT,2026-01-19,2026-01-20,2026-01-20,175.64999389648438,180.04124374389647,166.86749420166015,180.04124374389647,STOP_LOSS,1,-2.4999999999999933,-2.6499999999999932,BULL,38.99615334967665,1.2134504297104267,CGCL,BSE,CGCL.BO
RSI_ZONE_EXT_3,LONG,2026-08-31,2026-09-01,2026-09-01,259.25,252.76874999999998,272.21250000000003,252.76874999999998,STOP_LOSS,1,-2.5000000000000067,-2.6500000000000066,NEUTRAL,62.93287024250756,2.491455276235084,CGCL,BSE,CGCL.BO
RSI_ZONE_NO_NEUTRAL,LONG,2025-07-10,2025-07-11,2025-07-11,177.8000030517578,173.35500297546386,186.69000320434571,173.35500297546386,STOP_LOSS,1,-2.500000000000003,-2.650000000000003,BULL,61.048861790753655,3.9422069658391936,CGCL,BSE,CGCL.BO
RSI_ZONE_NO_NEUTRAL,LONG,2025-07-16,2025-07-17,2025-07-28,183.1499938964844,178.57124404907228,192.30749359130863,178.57124404907228,STOP_LOSS,8,-2.500000000000009,-2.650000000000009,BULL,63.5176215797985,2.2419391047688078,CGCL,BSE,CGCL.BO
RSI_ZONE_NO_NEUTRAL,SHORT,2026-01-19,2026-01-20,2026-01-20,175.64999389648438,180.04124374389647,166.86749420166015,180.04124374389647,STOP_LOSS,1,-2.4999999999999933,-2.6499999999999932,BULL,38.99615334967665,1.2134504297104267,CGCL,BSE,CGCL.BO
RSI_ZONE_EXT_3_NO_NEUTRAL,LONG,2025-07-16,2025-07-17,2025-07-28,183.1499938964844,178.57124404907228,192.30749359130863,178.57124404907228,STOP_LOSS,8,-2.500000000000009,-2.650000000000009,BULL,63.5176215797985,2.2419391047688078,CGCL,BSE,CGCL.BO
RSI_ZONE_EXT_3_NO_NEUTRAL,SHORT,2026-01-19,2026-01-20,2026-01-20,175.64999389648438,180.04124374389647,166.86749420166015,180.04124374389647,STOP_LOSS,1,-2.4999999999999933,-2.6499999999999932,BULL,38.99615334967665,1.2134504297104267,CGCL,BSE,CGCL.BO
BASE_CURRENT,SHORT,2024-11-14,2024-11-18,2024-11-18,657.0,673.425,624.15,673.425,STOP_LOSS,1,-2.4999999999999933,-2.6499999999999932,NEUTRAL,39.75958284329498,3.3006619726131885,KALYANKJIL,BSE,KALYANKJIL.BO
BASE_CURRENT,LONG,2025-01-01,2025-01-02,2025-01-06,777.1500244140625,757.7212738037109,816.0075256347657,757.7212738037109,STOP_LOSS,3,-2.500000000000003,-2.650000000000003,NEUTRAL,62.791571363183834,2.6715281415505507,KALYANKJIL,BSE,KALYANKJIL.BO
BASE_CURRENT,SHORT,2025-01-09,2025-01-10,2025-01-10,662.5,679.0624999999999,629.375,629.375,TARGET,1,5.0,4.85,NEUTRAL,33.447800971933916,6.733845032838172,KALYANKJIL,BSE,KALYANKJIL.BO
BASE_CURRENT,LONG,2025-07-01,2025-07-02,2025-07-16,570.0,555.75,598.5,589.75,TIME_EXIT,11,3.4649122807017543,3.3149122807017544,BULL,63.9354080175306,3.1508909691777083,KALYANKJIL,BSE,KALYANKJIL.BO
BASE_CURRENT,SHORT,2025-12-08,2025-12-09,2025-12-15,471.0,482.775,447.45,482.775,STOP_LOSS,5,-2.499999999999995,-2.649999999999995,BULL,37.427305776428064,2.612745617062216,KALYANKJIL,BSE,KALYANKJIL.BO
BASE_CURRENT,SHORT,2026-01-19,2026-01-20,2026-01-21,461.0,472.525,437.95,437.95,TARGET,2,5.000000000000003,4.850000000000002,BULL,34.03088976921296,4.001003576581376,KALYANKJIL,BSE,KALYANKJIL.BO
BASE_CURRENT,LONG,2026-07-09,2026-07-10,2026-07-10,449.0,437.775,471.45000000000005,471.45000000000005,TARGET,1,5.00000000000001,4.850000000000009,NEUTRAL,70.14983088575423,11.920673385409081,KALYANKJIL,BSE,KALYANKJIL.BO
EMA_MACD,SHORT,2024-11-14,2024-11-18,2024-11-18,657.0,673.425,624.15,673.425,STOP_LOSS,1,-2.4999999999999933,-2.6499999999999932,NEUTRAL,39.75958284329498,3.3006619726131885,KALYANKJIL,BSE,KALYANKJIL.BO
EMA_MACD,LONG,2025-01-01,2025-01-02,2025-01-06,777.1500244140625,757.7212738037109,816.0075256347657,757.7212738037109,STOP_LOSS,3,-2.500000000000003,-2.650000000000003,NEUTRAL,62.791571363183834,2.6715281415505507,KALYANKJIL,BSE,KALYANKJIL.BO
EMA_MACD,SHORT,2025-01-09,2025-01-10,2025-01-10,662.5,679.0624999999999,629.375,629.375,TARGET,1,5.0,4.85,NEUTRAL,33.447800971933916,6.733845032838172,KALYANKJIL,BSE,KALYANKJIL.BO
EMA_MACD,LONG,2025-06-30,2025-07-01,2025-07-02,557.0,543.0749999999999,584.85,584.85,TARGET,2,5.0000000000000036,4.850000000000003,BULL,59.085831318609245,2.1729790921108267,KALYANKJIL,BSE,KALYANKJIL.BO
EMA_MACD,LONG,2025-12-02,2025-12-03,2025-12-03,500.0,487.5,525.0,487.5,STOP_LOSS,1,-2.5,-2.65,BULL,51.3990058808627,0.1172629373119368,KALYANKJIL,BSE,KALYANKJIL.BO
EMA_MACD,SHORT,2026-01-19,2026-01-20,2026-01-21,461.0,472.525,437.95,437.95,TARGET,2,5.000000000000003,4.850000000000002,BULL,34.03088976921296,4.001003576581376,KALYANKJIL,BSE,KALYANKJIL.BO
EMA_MACD,LONG,2026-07-09,2026-07-10,2026-07-10,449.0,437.775,471.45000000000005,471.45000000000005,TARGET,1,5.00000000000001,4.850000000000009,NEUTRAL,70.14983088575423,11.920673385409081,KALYANKJIL,BSE,KALYANKJIL.BO
RSI_ZONE,SHORT,2024-11-14,2024-11-18,2024-11-18,657.0,673.425,624.15,673.425,STOP_LOSS,1,-2.4999999999999933,-2.6499999999999932,NEUTRAL,39.75958284329498,3.3006619726131885,KALYANKJIL,BSE,KALYANKJIL.BO
RSI_ZONE,LONG,2025-01-01,2025-01-02,2025-01-06,777.1500244140625,757.7212738037109,816.0075256347657,757.7212738037109,STOP_LOSS,3,-2.500000000000003,-2.650000000000003,NEUTRAL,62.791571363183834,2.6715281415505507,KALYANKJIL,BSE,KALYANKJIL.BO
RSI_ZONE,SHORT,2025-01-09,2025-01-10,2025-01-10,662.5,679.0624999999999,629.375,629.375,TARGET,1,5.0,4.85,NEUTRAL,33.447800971933916,6.733845032838172,KALYANKJIL,BSE,KALYANKJIL.BO
RSI_ZONE,LONG,2025-07-01,2025-07-02,2025-07-16,570.0,555.75,598.5,589.75,TIME_EXIT,11,3.4649122807017543,3.3149122807017544,BULL,63.9354080175306,3.1508909691777083,KALYANKJIL,BSE,KALYANKJIL.BO
RSI_ZONE,SHORT,2025-12-08,2025-12-09,2025-12-15,471.0,482.775,447.45,482.775,STOP_LOSS,5,-2.499999999999995,-2.649999999999995,BULL,37.427305776428064,2.612745617062216,KALYANKJIL,BSE,KALYANKJIL.BO
RSI_ZONE,SHORT,2026-01-19,2026-01-20,2026-01-21,461.0,472.525,437.95,437.95,TARGET,2,5.000000000000003,4.850000000000002,BULL,34.03088976921296,4.001003576581376,KALYANKJIL,BSE,KALYANKJIL.BO
EXT_3,LONG,2025-01-01,2025-01-02,2025-01-06,777.1500244140625,757.7212738037109,816.0075256347657,757.7212738037109,STOP_LOSS,3,-2.500000000000003,-2.650000000000003,NEUTRAL,62.791571363183834,2.6715281415505507,KALYANKJIL,BSE,KALYANKJIL.BO
EXT_3,SHORT,2025-12-08,2025-12-09,2025-12-15,471.0,482.775,447.45,482.775,STOP_LOSS,5,-2.499999999999995,-2.649999999999995,BULL,37.427305776428064,2.612745617062216,KALYANKJIL,BSE,KALYANKJIL.BO
RSI_ZONE_EXT_3,LONG,2025-01-01,2025-01-02,2025-01-06,777.1500244140625,757.7212738037109,816.0075256347657,757.7212738037109,STOP_LOSS,3,-2.500000000000003,-2.650000000000003,NEUTRAL,62.791571363183834,2.6715281415505507,KALYANKJIL,BSE,KALYANKJIL.BO
RSI_ZONE_EXT_3,SHORT,2025-12-08,2025-12-09,2025-12-15,471.0,482.775,447.45,482.775,STOP_LOSS,5,-2.499999999999995,-2.649999999999995,BULL,37.427305776428064,2.612745617062216,KALYANKJIL,BSE,KALYANKJIL.BO
RSI_ZONE_NO_NEUTRAL,LONG,2025-07-01,2025-07-02,2025-07-16,570.0,555.75,598.5,589.75,TIME_EXIT,11,3.4649122807017543,3.3149122807017544,BULL,63.9354080175306,3.1508909691777083,KALYANKJIL,BSE,KALYANKJIL.BO
RSI_ZONE_NO_NEUTRAL,SHORT,2025-12-08,2025-12-09,2025-12-15,471.0,482.775,447.45,482.775,STOP_LOSS,5,-2.499999999999995,-2.649999999999995,BULL,37.427305776428064,2.612745617062216,KALYANKJIL,BSE,KALYANKJIL.BO
RSI_ZONE_NO_NEUTRAL,SHORT,2026-01-19,2026-01-20,2026-01-21,461.0,472.525,437.95,437.95,TARGET,2,5.000000000000003,4.850000000000002,BULL,34.03088976921296,4.001003576581376,KALYANKJIL,BSE,KALYANKJIL.BO
RSI_ZONE_EXT_3_NO_NEUTRAL,SHORT,2025-12-08,2025-12-09,2025-12-15,471.0,482.775,447.45,482.775,STOP_LOSS,5,-2.499999999999995,-2.649999999999995,BULL,37.427305776428064,2.612745617062216,KALYANKJIL,BSE,KALYANKJIL.BO
BASE_CURRENT,LONG,2025-10-06,2025-10-07,2025-10-07,314.75,306.88124999999997,330.4875,306.88124999999997,STOP_LOSS,1,-2.500000000000011,-2.650000000000011,BULL,64.42827963520148,7.3011166334138915,IXIGO,BSE,IXIGO.BO
BASE_CURRENT,LONG,2025-10-09,2025-10-10,2025-10-13,310.0,302.25,325.5,325.5,TARGET,2,5.0,4.85,BULL,61.582941095722084,3.5688803062757506,IXIGO,BSE,IXIGO.BO
BASE_CURRENT,LONG,2026-06-16,2026-06-17,2026-06-23,188.0,183.29999999999998,197.4,197.4,TARGET,5,5.000000000000003,4.850000000000002,BEAR,67.7043455991969,6.724360807291189,IXIGO,BSE,IXIGO.BO
BASE_CURRENT,SHORT,2026-08-07,2026-08-10,2026-08-10,176.6999969482422,181.11749687194822,167.86499710083007,181.11749687194822,STOP_LOSS,1,-2.499999999999987,-2.649999999999987,BULL,37.04546394110143,8.413864629089037,IXIGO,BSE,IXIGO.BO
BASE_CURRENT,SHORT,2026-08-13,2026-08-14,2026-08-27,171.5500030517578,175.83875312805174,162.9725028991699,162.9725028991699,TARGET,10,5.000000000000006,4.850000000000006,NEUTRAL,36.736759192757624,4.654968308288827,IXIGO,BSE,IXIGO.BO
EMA_MACD,SHORT,2024-10-25,2024-10-28,2024-10-30,146.5500030517578,150.21375312805174,139.2225028991699,150.21375312805174,STOP_LOSS,3,-2.4999999999999845,-2.6499999999999844,NEUTRAL,42.5870293064154,3.621190071249583,IXIGO,BSE,IXIGO.BO
EMA_MACD,SHORT,2025-02-14,2025-02-17,2025-02-25,144.0,147.6,136.79999999999998,136.79999999999998,TARGET,7,5.000000000000012,4.850000000000012,NEUTRAL,46.50475296630975,0.7568371904749938,IXIGO,BSE,IXIGO.BO
EMA_MACD,LONG,2025-10-06,2025-10-07,2025-10-07,314.75,306.88124999999997,330.4875,306.88124999999997,STOP_LOSS,1,-2.500000000000011,-2.650000000000011,BULL,64.42827963520148,7.3011166334138915,IXIGO,BSE,IXIGO.BO
EMA_MACD,SHORT,2026-04-28,2026-04-29,2026-05-11,171.10000610351562,175.3775062561035,162.54500579833984,162.54500579833984,TARGET,8,5.0,4.85,BEAR,46.00411359171916,0.8237214461725715,IXIGO,BSE,IXIGO.BO
EMA_MACD,SHORT,2026-06-02,2026-06-03,2026-06-08,159.64999389648438,163.64124374389647,151.66749420166016,151.66749420166016,TARGET,4,4.9999999999999964,4.849999999999996,BEAR,42.87822206778499,2.4056506385900094,IXIGO,BSE,IXIGO.BO
EMA_MACD,LONG,2026-06-16,2026-06-17,2026-06-23,188.0,183.29999999999998,197.4,197.4,TARGET,5,5.000000000000003,4.850000000000002,BEAR,67.7043455991969,6.724360807291189,IXIGO,BSE,IXIGO.BO
EMA_MACD,LONG,2026-08-06,2026-08-07,2026-08-07,196.75,191.83124999999998,206.5875,191.83124999999998,STOP_LOSS,1,-2.500000000000009,-2.650000000000009,BULL,55.07019644968855,0.9518977473907078,IXIGO,BSE,IXIGO.BO
RSI_ZONE,LONG,2025-10-06,2025-10-07,2025-10-07,314.75,306.88124999999997,330.4875,306.88124999999997,STOP_LOSS,1,-2.500000000000011,-2.650000000000011,BULL,64.42827963520148,7.3011166334138915,IXIGO,BSE,IXIGO.BO
RSI_ZONE,LONG,2025-10-09,2025-10-10,2025-10-13,310.0,302.25,325.5,325.5,TARGET,2,5.0,4.85,BULL,61.582941095722084,3.5688803062757506,IXIGO,BSE,IXIGO.BO
RSI_ZONE,SHORT,2026-08-07,2026-08-10,2026-08-10,176.6999969482422,181.11749687194822,167.86499710083007,181.11749687194822,STOP_LOSS,1,-2.499999999999987,-2.649999999999987,BULL,37.04546394110143,8.413864629089037,IXIGO,BSE,IXIGO.BO
RSI_ZONE,SHORT,2026-08-13,2026-08-14,2026-08-27,171.5500030517578,175.83875312805174,162.9725028991699,162.9725028991699,TARGET,10,5.000000000000006,4.850000000000006,NEUTRAL,36.736759192757624,4.654968308288827,IXIGO,BSE,IXIGO.BO
EXT_3,LONG,2026-06-18,2026-06-19,2026-06-24,188.75,184.03125,198.1875,184.03125,STOP_LOSS,4,-2.5,-2.65,BEAR,65.42831081579118,2.5727197022196178,IXIGO,BSE,IXIGO.BO
RSI_ZONE_NO_NEUTRAL,LONG,2025-10-06,2025-10-07,2025-10-07,314.75,306.88124999999997,330.4875,306.88124999999997,STOP_LOSS,1,-2.500000000000011,-2.650000000000011,BULL,64.42827963520148,7.3011166334138915,IXIGO,BSE,IXIGO.BO
RSI_ZONE_NO_NEUTRAL,LONG,2025-10-09,2025-10-10,2025-10-13,310.0,302.25,325.5,325.5,TARGET,2,5.0,4.85,BULL,61.582941095722084,3.5688803062757506,IXIGO,BSE,IXIGO.BO
RSI_ZONE_NO_NEUTRAL,SHORT,2026-08-07,2026-08-10,2026-08-10,176.6999969482422,181.11749687194822,167.86499710083007,181.11749687194822,STOP_LOSS,1,-2.499999999999987,-2.649999999999987,BULL,37.04546394110143,8.413864629089037,IXIGO,BSE,IXIGO.BO
BASE_CURRENT,SHORT,2024-11-06,2024-11-07,2024-11-13,724.4500122070312,742.561262512207,688.2275115966796,688.2275115966796,TARGET,5,5.000000000000009,4.8500000000000085,NEUTRAL,37.06660576453741,2.2324291967581598,ICICIPRULI,BSE,ICICIPRULI.BO
BASE_CURRENT,SHORT,2025-04-07,2025-04-08,2025-04-08,541.9000244140625,555.4475250244141,514.8050231933594,555.4475250244141,STOP_LOSS,1,-2.5,-2.65,NEUTRAL,34.236282723557935,3.4029228027361094,ICICIPRULI,BSE,ICICIPRULI.BO
BASE_CURRENT,LONG,2025-04-21,2025-04-22,2025-04-23,606.9500122070312,591.7762619018555,637.2975128173829,591.7762619018555,STOP_LOSS,2,-2.4999999999999964,-2.6499999999999964,NEUTRAL,61.68889075643527,2.777217248382169,ICICIPRULI,BSE,ICICIPRULI.BO
BASE_CURRENT,LONG,2025-06-30,2025-07-01,2025-07-03,659.9500122070312,643.4512619018554,692.9475128173829,643.4512619018554,STOP_LOSS,3,-2.5000000000000036,-2.6500000000000035,BULL,63.24381748836448,1.7245920724652368,ICICIPRULI,BSE,ICICIPRULI.BO
BASE_CURRENT,SHORT,2025-08-29,2025-09-01,2025-09-04,599.9000244140625,614.897525024414,569.9050231933594,614.897525024414,STOP_LOSS,4,-2.499999999999989,-2.649999999999989,BEAR,35.25875772648152,2.176557087921088,ICICIPRULI,BSE,ICICIPRULI.BO
BASE_CURRENT,LONG,2026-02-25,2026-02-26,2026-02-27,669.0,652.275,702.45,652.275,STOP_LOSS,2,-2.500000000000003,-2.650000000000003,NEUTRAL,61.077442503466784,1.3753146538456928,ICICIPRULI,BSE,ICICIPRULI.BO
BASE_CURRENT,SHORT,2026-03-04,2026-03-05,2026-03-09,627.0999755859375,642.7774749755858,595.7449768066406,595.7449768066406,TARGET,3,5.000000000000007,4.850000000000007,BEAR,37.49074017377726,3.4551166096729244,ICICIPRULI,BSE,ICICIPRULI.BO
BASE_CURRENT,SHORT,2026-05-18,2026-05-19,2026-06-01,516.8499755859375,529.7712249755859,491.0074768066406,491.0074768066406,TARGET,10,5.0,4.85,BEAR,37.621177238564854,3.3468265053775337,ICICIPRULI,BSE,ICICIPRULI.BO
EMA_MACD,SHORT,2024-11-04,2024-11-05,2024-11-13,730.3499755859375,748.6087249755859,693.8324768066406,693.8324768066406,TARGET,7,5.000000000000009,4.8500000000000085,NEUTRAL,42.73913687868532,1.0493836064062216,ICICIPRULI,BSE,ICICIPRULI.BO
EMA_MACD,SHORT,2025-04-07,2025-04-08,2025-04-08,541.9000244140625,555.4475250244141,514.8050231933594,555.4475250244141,STOP_LOSS,1,-2.5,-2.65,NEUTRAL,34.236282723557935,3.4029228027361094,ICICIPRULI,BSE,ICICIPRULI.BO
EMA_MACD,LONG,2025-04-17,2025-04-21,2025-05-06,597.2000122070312,582.2700119018555,627.0600128173828,592.5499877929688,TIME_EXIT,11,-0.7786376957491549,-0.9286376957491549,NEUTRAL,59.65800728574948,3.0054391673097283,ICICIPRULI,BSE,ICICIPRULI.BO
EMA_MACD,LONG,2025-06-30,2025-07-01,2025-07-03,659.9500122070312,643.4512619018554,692.9475128173829,643.4512619018554,STOP_LOSS,3,-2.5000000000000036,-2.6500000000000035,BULL,63.24381748836448,1.7245920724652368,ICICIPRULI,BSE,ICICIPRULI.BO
EMA_MACD,SHORT,2025-08-29,2025-09-01,2025-09-04,599.9000244140625,614.897525024414,569.9050231933594,614.897525024414,STOP_LOSS,4,-2.499999999999989,-2.649999999999989,BEAR,35.25875772648152,2.176557087921088,ICICIPRULI,BSE,ICICIPRULI.BO
EMA_MACD,LONG,2026-02-24,2026-02-25,2026-03-02,660.7999877929688,644.2799880981445,693.8399871826172,644.2799880981445,STOP_LOSS,4,-2.5000000000000067,-2.6500000000000066,NEUTRAL,56.997574708979,0.8565103872711665,ICICIPRULI,BSE,ICICIPRULI.BO
EMA_MACD,SHORT,2026-03-04,2026-03-05,2026-03-09,627.0999755859375,642.7774749755858,595.7449768066406,595.7449768066406,TARGET,3,5.000000000000007,4.850000000000007,BEAR,37.49074017377726,3.4551166096729244,ICICIPRULI,BSE,ICICIPRULI.BO
EMA_MACD,SHORT,2026-05-18,2026-05-19,2026-06-01,516.8499755859375,529.7712249755859,491.0074768066406,491.0074768066406,TARGET,10,5.0,4.85,BEAR,37.621177238564854,3.3468265053775337,ICICIPRULI,BSE,ICICIPRULI.BO
EMA_MACD,LONG,2026-08-21,2026-08-24,2026-08-24,522.7000122070312,509.6325119018555,548.8350128173828,509.6325119018555,STOP_LOSS,1,-2.499999999999998,-2.6499999999999977,NEUTRAL,58.35494442753682,1.5665844896536152,ICICIPRULI,BSE,ICICIPRULI.BO
EMA_MACD,SHORT,2026-09-03,2026-09-04,2026-09-04,499.7999877929688,512.294987487793,474.80998840332035,494.9500122070313,TIME_EXIT,1,0.9703832941961767,0.8203832941961767,NEUTRAL,42.937808426997556,1.1210310426855727,ICICIPRULI,BSE,ICICIPRULI.BO
RSI_ZONE,SHORT,2024-11-06,2024-11-07,2024-11-13,724.4500122070312,742.561262512207,688.2275115966796,688.2275115966796,TARGET,5,5.000000000000009,4.8500000000000085,NEUTRAL,37.06660576453741,2.2324291967581598,ICICIPRULI,BSE,ICICIPRULI.BO
RSI_ZONE,SHORT,2025-04-07,2025-04-08,2025-04-08,541.9000244140625,555.4475250244141,514.8050231933594,555.4475250244141,STOP_LOSS,1,-2.5,-2.65,NEUTRAL,34.236282723557935,3.4029228027361094,ICICIPRULI,BSE,ICICIPRULI.BO
RSI_ZONE,LONG,2025-04-21,2025-04-22,2025-04-23,606.9500122070312,591.7762619018555,637.2975128173829,591.7762619018555,STOP_LOSS,2,-2.4999999999999964,-2.6499999999999964,NEUTRAL,61.68889075643527,2.777217248382169,ICICIPRULI,BSE,ICICIPRULI.BO
RSI_ZONE,LONG,2025-06-30,2025-07-01,2025-07-03,659.9500122070312,643.4512619018554,692.9475128173829,643.4512619018554,STOP_LOSS,3,-2.5000000000000036,-2.6500000000000035,BULL,63.24381748836448,1.7245920724652368,ICICIPRULI,BSE,ICICIPRULI.BO
RSI_ZONE,SHORT,2025-08-29,2025-09-01,2025-09-04,599.9000244140625,614.897525024414,569.9050231933594,614.897525024414,STOP_LOSS,4,-2.499999999999989,-2.649999999999989,BEAR,35.25875772648152,2.176557087921088,ICICIPRULI,BSE,ICICIPRULI.BO
RSI_ZONE,LONG,2026-02-25,2026-02-26,2026-02-27,669.0,652.275,702.45,652.275,STOP_LOSS,2,-2.500000000000003,-2.650000000000003,NEUTRAL,61.077442503466784,1.3753146538456928,ICICIPRULI,BSE,ICICIPRULI.BO
RSI_ZONE,SHORT,2026-03-04,2026-03-05,2026-03-09,627.0999755859375,642.7774749755858,595.7449768066406,595.7449768066406,TARGET,3,5.000000000000007,4.850000000000007,BEAR,37.49074017377726,3.4551166096729244,ICICIPRULI,BSE,ICICIPRULI.BO
RSI_ZONE,SHORT,2026-05-18,2026-05-19,2026-06-01,516.8499755859375,529.7712249755859,491.0074768066406,491.0074768066406,TARGET,10,5.0,4.85,BEAR,37.621177238564854,3.3468265053775337,ICICIPRULI,BSE,ICICIPRULI.BO
EXT_3,SHORT,2024-11-06,2024-11-07,2024-11-13,724.4500122070312,742.561262512207,688.2275115966796,688.2275115966796,TARGET,5,5.000000000000009,4.8500000000000085,NEUTRAL,37.06660576453741,2.2324291967581598,ICICIPRULI,BSE,ICICIPRULI.BO
EXT_3,LONG,2025-04-21,2025-04-22,2025-04-23,606.9500122070312,591.7762619018555,637.2975128173829,591.7762619018555,STOP_LOSS,2,-2.4999999999999964,-2.6499999999999964,NEUTRAL,61.68889075643527,2.777217248382169,ICICIPRULI,BSE,ICICIPRULI.BO
EXT_3,LONG,2025-06-30,2025-07-01,2025-07-03,659.9500122070312,643.4512619018554,692.9475128173829,643.4512619018554,STOP_LOSS,3,-2.5000000000000036,-2.6500000000000035,BULL,63.24381748836448,1.7245920724652368,ICICIPRULI,BSE,ICICIPRULI.BO
EXT_3,SHORT,2025-08-29,2025-09-01,2025-09-04,599.9000244140625,614.897525024414,569.9050231933594,614.897525024414,STOP_LOSS,4,-2.499999999999989,-2.649999999999989,BEAR,35.25875772648152,2.176557087921088,ICICIPRULI,BSE,ICICIPRULI.BO
EXT_3,LONG,2026-02-25,2026-02-26,2026-02-27,669.0,652.275,702.45,652.275,STOP_LOSS,2,-2.500000000000003,-2.650000000000003,NEUTRAL,61.077442503466784,1.3753146538456928,ICICIPRULI,BSE,ICICIPRULI.BO
EXT_3,SHORT,2026-03-05,2026-03-06,2026-03-09,623.6500244140625,639.241275024414,592.4675231933594,592.4675231933594,TARGET,2,4.9999999999999964,4.849999999999996,BEAR,39.0600199458064,2.0461035027808725,ICICIPRULI,BSE,ICICIPRULI.BO
EXT_3,SHORT,2026-03-10,2026-03-11,2026-03-12,615.8499755859375,631.2462249755858,585.0574768066406,585.0574768066406,TARGET,2,5.000000000000007,4.850000000000007,BEAR,31.039852976348485,2.1567182863491796,ICICIPRULI,BSE,ICICIPRULI.BO
EXT_3,SHORT,2026-05-20,2026-05-21,2026-05-25,510.6499938964844,523.4162437438964,485.1174942016601,523.4162437438964,STOP_LOSS,3,-2.4999999999999867,-2.6499999999999866,BEAR,36.67884515129043,2.6610632444534033,ICICIPRULI,BSE,ICICIPRULI.BO
RSI_ZONE_EXT_3,SHORT,2024-11-06,2024-11-07,2024-11-13,724.4500122070312,742.561262512207,688.2275115966796,688.2275115966796,TARGET,5,5.000000000000009,4.8500000000000085,NEUTRAL,37.06660576453741,2.2324291967581598,ICICIPRULI,BSE,ICICIPRULI.BO
RSI_ZONE_EXT_3,LONG,2025-04-21,2025-04-22,2025-04-23,606.9500122070312,591.7762619018555,637.2975128173829,591.7762619018555,STOP_LOSS,2,-2.4999999999999964,-2.6499999999999964,NEUTRAL,61.68889075643527,2.777217248382169,ICICIPRULI,BSE,ICICIPRULI.BO
RSI_ZONE_EXT_3,LONG,2025-06-30,2025-07-01,2025-07-03,659.9500122070312,643.4512619018554,692.9475128173829,643.4512619018554,STOP_LOSS,3,-2.5000000000000036,-2.6500000000000035,BULL,63.24381748836448,1.7245920724652368,ICICIPRULI,BSE,ICICIPRULI.BO
RSI_ZONE_EXT_3,SHORT,2025-08-29,2025-09-01,2025-09-04,599.9000244140625,614.897525024414,569.9050231933594,614.897525024414,STOP_LOSS,4,-2.499999999999989,-2.649999999999989,BEAR,35.25875772648152,2.176557087921088,ICICIPRULI,BSE,ICICIPRULI.BO
RSI_ZONE_EXT_3,LONG,2026-02-25,2026-02-26,2026-02-27,669.0,652.275,702.45,652.275,STOP_LOSS,2,-2.500000000000003,-2.650000000000003,NEUTRAL,61.077442503466784,1.3753146538456928,ICICIPRULI,BSE,ICICIPRULI.BO
RSI_ZONE_EXT_3,SHORT,2026-03-05,2026-03-06,2026-03-09,623.6500244140625,639.241275024414,592.4675231933594,592.4675231933594,TARGET,2,4.9999999999999964,4.849999999999996,BEAR,39.0600199458064,2.0461035027808725,ICICIPRULI,BSE,ICICIPRULI.BO
RSI_ZONE_EXT_3,SHORT,2026-03-10,2026-03-11,2026-03-12,615.8499755859375,631.2462249755858,585.0574768066406,585.0574768066406,TARGET,2,5.000000000000007,4.850000000000007,BEAR,31.039852976348485,2.1567182863491796,ICICIPRULI,BSE,ICICIPRULI.BO
RSI_ZONE_EXT_3,SHORT,2026-05-20,2026-05-21,2026-05-25,510.6499938964844,523.4162437438964,485.1174942016601,523.4162437438964,STOP_LOSS,3,-2.4999999999999867,-2.6499999999999866,BEAR,36.67884515129043,2.6610632444534033,ICICIPRULI,BSE,ICICIPRULI.BO
RSI_ZONE_NO_NEUTRAL,LONG,2025-06-30,2025-07-01,2025-07-03,659.9500122070312,643.4512619018554,692.9475128173829,643.4512619018554,STOP_LOSS,3,-2.5000000000000036,-2.6500000000000035,BULL,63.24381748836448,1.7245920724652368,ICICIPRULI,BSE,ICICIPRULI.BO
RSI_ZONE_NO_NEUTRAL,SHORT,2025-08-29,2025-09-01,2025-09-04,599.9000244140625,614.897525024414,569.9050231933594,614.897525024414,STOP_LOSS,4,-2.499999999999989,-2.649999999999989,BEAR,35.25875772648152,2.176557087921088,ICICIPRULI,BSE,ICICIPRULI.BO
RSI_ZONE_NO_NEUTRAL,SHORT,2026-03-04,2026-03-05,2026-03-09,627.0999755859375,642.7774749755858,595.7449768066406,595.7449768066406,TARGET,3,5.000000000000007,4.850000000000007,BEAR,37.49074017377726,3.4551166096729244,ICICIPRULI,BSE,ICICIPRULI.BO
RSI_ZONE_NO_NEUTRAL,SHORT,2026-05-18,2026-05-19,2026-06-01,516.8499755859375,529.7712249755859,491.0074768066406,491.0074768066406,TARGET,10,5.0,4.85,BEAR,37.621177238564854,3.3468265053775337,ICICIPRULI,BSE,ICICIPRULI.BO
RSI_ZONE_EXT_3_NO_NEUTRAL,LONG,2025-06-30,2025-07-01,2025-07-03,659.9500122070312,643.4512619018554,692.9475128173829,643.4512619018554,STOP_LOSS,3,-2.5000000000000036,-2.6500000000000035,BULL,63.24381748836448,1.7245920724652368,ICICIPRULI,BSE,ICICIPRULI.BO
RSI_ZONE_EXT_3_NO_NEUTRAL,SHORT,2025-08-29,2025-09-01,2025-09-04,599.9000244140625,614.897525024414,569.9050231933594,614.897525024414,STOP_LOSS,4,-2.499999999999989,-2.649999999999989,BEAR,35.25875772648152,2.176557087921088,ICICIPRULI,BSE,ICICIPRULI.BO
RSI_ZONE_EXT_3_NO_NEUTRAL,SHORT,2026-03-05,2026-03-06,2026-03-09,623.6500244140625,639.241275024414,592.4675231933594,592.4675231933594,TARGET,2,4.9999999999999964,4.849999999999996,BEAR,39.0600199458064,2.0461035027808725,ICICIPRULI,BSE,ICICIPRULI.BO
RSI_ZONE_EXT_3_NO_NEUTRAL,SHORT,2026-03-10,2026-03-11,2026-03-12,615.8499755859375,631.2462249755858,585.0574768066406,585.0574768066406,TARGET,2,5.000000000000007,4.850000000000007,BEAR,31.039852976348485,2.1567182863491796,ICICIPRULI,BSE,ICICIPRULI.BO
RSI_ZONE_EXT_3_NO_NEUTRAL,SHORT,2026-05-20,2026-05-21,2026-05-25,510.6499938964844,523.4162437438964,485.1174942016601,523.4162437438964,STOP_LOSS,3,-2.4999999999999867,-2.6499999999999866,BEAR,36.67884515129043,2.6610632444534033,ICICIPRULI,BSE,ICICIPRULI.BO
BASE_CURRENT,LONG,2024-10-24,2024-10-25,2024-10-25,440.0499877929688,429.04873809814455,462.05248718261726,462.05248718261726,TARGET,1,5.000000000000002,4.850000000000001,NEUTRAL,61.78411749858226,4.742221277057057,ASTERDM,BSE,ASTERDM.BO
BASE_CURRENT,LONG,2024-11-27,2024-11-28,2024-11-29,481.1499938964844,469.12124404907223,505.2074935913086,505.2074935913086,TARGET,2,5.000000000000003,4.850000000000002,NEUTRAL,72.80700752536805,6.288442545941439,ASTERDM,BSE,ASTERDM.BO
BASE_CURRENT,LONG,2025-08-18,2025-08-19,2025-08-20,630.75,614.9812499999999,662.2875,614.9812499999999,STOP_LOSS,2,-2.500000000000011,-2.650000000000011,NEUTRAL,60.81811561381968,2.388016906628685,ASTERDM,BSE,ASTERDM.BO
BASE_CURRENT,LONG,2026-04-01,2026-04-02,2026-04-02,681.0499877929688,664.0237380981445,715.1024871826172,664.0237380981445,STOP_LOSS,1,-2.5000000000000098,-2.6500000000000097,BEAR,63.325482830500555,3.0877158312710575,ASTERDM,BSE,ASTERDM.BO
EMA_MACD,LONG,2024-10-24,2024-10-25,2024-10-25,440.0499877929688,429.04873809814455,462.05248718261726,462.05248718261726,TARGET,1,5.000000000000002,4.850000000000001,NEUTRAL,61.78411749858226,4.742221277057057,ASTERDM,BSE,ASTERDM.BO
EMA_MACD,LONG,2024-11-27,2024-11-28,2024-11-29,481.1499938964844,469.12124404907223,505.2074935913086,505.2074935913086,TARGET,2,5.000000000000003,4.850000000000002,NEUTRAL,72.80700752536805,6.288442545941439,ASTERDM,BSE,ASTERDM.BO
EMA_MACD,LONG,2025-08-13,2025-08-14,2025-08-22,614.7999877929688,599.4299880981445,645.5399871826172,599.4299880981445,STOP_LOSS,6,-2.500000000000011,-2.650000000000011,NEUTRAL,57.8721326671356,2.0898040497586012,ASTERDM,BSE,ASTERDM.BO
EMA_MACD,LONG,2026-04-01,2026-04-02,2026-04-02,681.0499877929688,664.0237380981445,715.1024871826172,664.0237380981445,STOP_LOSS,1,-2.5000000000000098,-2.6500000000000097,BEAR,63.325482830500555,3.0877158312710575,ASTERDM,BSE,ASTERDM.BO
RSI_ZONE,LONG,2024-10-24,2024-10-25,2024-10-25,440.0499877929688,429.04873809814455,462.05248718261726,462.05248718261726,TARGET,1,5.000000000000002,4.850000000000001,NEUTRAL,61.78411749858226,4.742221277057057,ASTERDM,BSE,ASTERDM.BO
RSI_ZONE,LONG,2025-08-18,2025-08-19,2025-08-20,630.75,614.9812499999999,662.2875,614.9812499999999,STOP_LOSS,2,-2.500000000000011,-2.650000000000011,NEUTRAL,60.81811561381968,2.388016906628685,ASTERDM,BSE,ASTERDM.BO
RSI_ZONE,LONG,2026-04-01,2026-04-02,2026-04-02,681.0499877929688,664.0237380981445,715.1024871826172,664.0237380981445,STOP_LOSS,1,-2.5000000000000098,-2.6500000000000097,BEAR,63.325482830500555,3.0877158312710575,ASTERDM,BSE,ASTERDM.BO
EXT_3,LONG,2025-08-18,2025-08-19,2025-08-20,630.75,614.9812499999999,662.2875,614.9812499999999,STOP_LOSS,2,-2.500000000000011,-2.650000000000011,NEUTRAL,60.81811561381968,2.388016906628685,ASTERDM,BSE,ASTERDM.BO
RSI_ZONE_EXT_3,LONG,2025-08-18,2025-08-19,2025-08-20,630.75,614.9812499999999,662.2875,614.9812499999999,STOP_LOSS,2,-2.500000000000011,-2.650000000000011,NEUTRAL,60.81811561381968,2.388016906628685,ASTERDM,BSE,ASTERDM.BO
RSI_ZONE_NO_NEUTRAL,LONG,2026-04-01,2026-04-02,2026-04-02,681.0499877929688,664.0237380981445,715.1024871826172,664.0237380981445,STOP_LOSS,1,-2.5000000000000098,-2.6500000000000097,BEAR,63.325482830500555,3.0877158312710575,ASTERDM,BSE,ASTERDM.BO
BASE_CURRENT,SHORT,2025-04-09,2025-04-11,2025-04-11,117.4000015258789,120.33500156402587,111.53000144958496,120.33500156402587,STOP_LOSS,1,-2.499999999999995,-2.649999999999995,NEUTRAL,35.51215582885699,5.938251089613705,WELSPUNLIV,BSE,WELSPUNLIV.BO
BASE_CURRENT,LONG,2025-05-09,2025-05-12,2025-05-12,152.64999389648438,148.83374404907227,160.2824935913086,148.83374404907227,STOP_LOSS,1,-2.5,-2.65,NEUTRAL,65.59042515133038,7.499898953473762,WELSPUNLIV,BSE,WELSPUNLIV.BO
BASE_CURRENT,LONG,2025-10-15,2025-10-16,2025-10-17,126.8000030517578,123.63000297546385,133.1400032043457,123.63000297546385,STOP_LOSS,2,-2.5,-2.65,BULL,60.655751205339996,2.2690456206487393,WELSPUNLIV,BSE,WELSPUNLIV.BO
EMA_MACD,SHORT,2024-12-30,2024-12-31,2024-12-31,153.10000610351562,156.9275062561035,145.44500579833985,156.9275062561035,STOP_LOSS,1,-2.499999999999989,-2.649999999999989,NEUTRAL,40.14817067046146,1.9065914351625461,WELSPUNLIV,BSE,WELSPUNLIV.BO
EMA_MACD,SHORT,2025-04-08,2025-04-09,2025-04-09,119.5500030517578,122.53875312805174,113.5725028991699,113.5725028991699,TARGET,1,5.000000000000003,4.850000000000002,NEUTRAL,40.86232542401853,3.419064134698073,WELSPUNLIV,BSE,WELSPUNLIV.BO
EMA_MACD,LONG,2025-04-17,2025-04-21,2025-04-25,132.1999969482422,128.89499702453614,138.8099967956543,128.89499702453614,STOP_LOSS,5,-2.4999999999999956,-2.6499999999999955,NEUTRAL,54.179549955607364,2.4376129162736855,WELSPUNLIV,BSE,WELSPUNLIV.BO
EMA_MACD,SHORT,2025-05-05,2025-05-06,2025-05-07,124.3499984741211,127.45874843597412,118.13249855041504,127.45874843597412,STOP_LOSS,2,-2.499999999999995,-2.649999999999995,NEUTRAL,46.194692521267235,1.2867669777752901,WELSPUNLIV,BSE,WELSPUNLIV.BO
EMA_MACD,LONG,2025-05-08,2025-05-09,2025-05-09,132.60000610351562,129.28500595092774,139.23000640869142,139.23000640869142,TARGET,1,5.000000000000012,4.850000000000012,NEUTRAL,59.32632682653694,4.9145614598200975,WELSPUNLIV,BSE,WELSPUNLIV.BO
EMA_MACD,LONG,2025-06-30,2025-07-01,2025-07-01,143.75,140.15625,150.9375,140.15625,STOP_LOSS,1,-2.5,-2.65,BULL,58.53000938143889,1.841812322179108,WELSPUNLIV,BSE,WELSPUNLIV.BO
EMA_MACD,SHORT,2025-09-29,2025-09-30,2025-10-01,114.1999969482422,117.05499687194825,108.48999710083008,117.05499687194825,STOP_LOSS,2,-2.499999999999992,-2.649999999999992,BULL,40.40799114443216,3.0731910072643447,WELSPUNLIV,BSE,WELSPUNLIV.BO
EMA_MACD,LONG,2025-10-14,2025-10-15,2025-10-16,123.0,119.925,129.15,129.15,TARGET,2,5.000000000000004,4.850000000000004,BULL,56.548649118211394,1.3004398090281084,WELSPUNLIV,BSE,WELSPUNLIV.BO
RSI_ZONE,SHORT,2025-04-09,2025-04-11,2025-04-11,117.4000015258789,120.33500156402587,111.53000144958496,120.33500156402587,STOP_LOSS,1,-2.499999999999995,-2.649999999999995,NEUTRAL,35.51215582885699,5.938251089613705,WELSPUNLIV,BSE,WELSPUNLIV.BO
RSI_ZONE,LONG,2025-05-13,2025-05-14,2025-05-22,145.1999969482422,141.56999702453612,152.4599967956543,152.4599967956543,TARGET,7,4.9999999999999964,4.849999999999996,NEUTRAL,61.057281658111215,1.5967096871141866,WELSPUNLIV,BSE,WELSPUNLIV.BO
RSI_ZONE,LONG,2025-10-15,2025-10-16,2025-10-17,126.8000030517578,123.63000297546385,133.1400032043457,123.63000297546385,STOP_LOSS,2,-2.5,-2.65,BULL,60.655751205339996,2.2690456206487393,WELSPUNLIV,BSE,WELSPUNLIV.BO
EXT_3,LONG,2025-05-13,2025-05-14,2025-05-22,145.1999969482422,141.56999702453612,152.4599967956543,152.4599967956543,TARGET,7,4.9999999999999964,4.849999999999996,NEUTRAL,61.057281658111215,1.5967096871141866,WELSPUNLIV,BSE,WELSPUNLIV.BO
EXT_3,LONG,2025-10-15,2025-10-16,2025-10-17,126.8000030517578,123.63000297546385,133.1400032043457,123.63000297546385,STOP_LOSS,2,-2.5,-2.65,BULL,60.655751205339996,2.2690456206487393,WELSPUNLIV,BSE,WELSPUNLIV.BO
RSI_ZONE_EXT_3,LONG,2025-05-13,2025-05-14,2025-05-22,145.1999969482422,141.56999702453612,152.4599967956543,152.4599967956543,TARGET,7,4.9999999999999964,4.849999999999996,NEUTRAL,61.057281658111215,1.5967096871141866,WELSPUNLIV,BSE,WELSPUNLIV.BO
RSI_ZONE_EXT_3,LONG,2025-10-15,2025-10-16,2025-10-17,126.8000030517578,123.63000297546385,133.1400032043457,123.63000297546385,STOP_LOSS,2,-2.5,-2.65,BULL,60.655751205339996,2.2690456206487393,WELSPUNLIV,BSE,WELSPUNLIV.BO
RSI_ZONE_NO_NEUTRAL,LONG,2025-10-15,2025-10-16,2025-10-17,126.8000030517578,123.63000297546385,133.1400032043457,123.63000297546385,STOP_LOSS,2,-2.5,-2.65,BULL,60.655751205339996,2.2690456206487393,WELSPUNLIV,BSE,WELSPUNLIV.BO
RSI_ZONE_EXT_3_NO_NEUTRAL,LONG,2025-10-15,2025-10-16,2025-10-17,126.8000030517578,123.63000297546385,133.1400032043457,123.63000297546385,STOP_LOSS,2,-2.5,-2.65,BULL,60.655751205339996,2.2690456206487393,WELSPUNLIV,BSE,WELSPUNLIV.BO
BASE_CURRENT,SHORT,2025-05-06,2025-05-07,2025-05-07,39.650001525878906,40.64125156402588,37.66750144958496,40.64125156402588,STOP_LOSS,1,-2.5,-2.65,NEUTRAL,39.57406387920836,3.7656227328922487,IFCI,NSE,IFCI.NS
BASE_CURRENT,LONG,2025-05-16,2025-05-19,2025-05-20,52.25,50.94375,54.862500000000004,50.94375,STOP_LOSS,2,-2.4999999999999973,-2.6499999999999972,NEUTRAL,71.2665959848182,11.983354449608978,IFCI,NSE,IFCI.NS
BASE_CURRENT,LONG,2025-10-08,2025-10-09,2025-10-09,59.0,57.525,61.95,57.525,STOP_LOSS,1,-2.5000000000000027,-2.6500000000000026,BULL,60.093892165659156,2.841298724129721,IFCI,NSE,IFCI.NS
BASE_CURRENT,LONG,2026-01-12,2026-01-13,2026-01-14,57.43000030517578,55.99425029754639,60.30150032043457,55.99425029754639,STOP_LOSS,2,-2.5,-2.65,BULL,63.309728612038704,7.2721784323206915,IFCI,NSE,IFCI.NS
EMA_MACD,SHORT,2025-05-02,2025-05-05,2025-05-07,42.15999984741211,43.213999843597406,40.0519998550415,40.0519998550415,TARGET,3,5.000000000000006,4.850000000000006,NEUTRAL,43.38612599247205,2.386891530466603,IFCI,NSE,IFCI.NS
EMA_MACD,LONG,2025-05-16,2025-05-19,2025-05-20,52.25,50.94375,54.862500000000004,50.94375,STOP_LOSS,2,-2.4999999999999973,-2.6499999999999972,NEUTRAL,71.2665959848182,11.983354449608978,IFCI,NSE,IFCI.NS
EMA_MACD,SHORT,2025-09-30,2025-10-01,2025-10-03,54.34999847412109,55.70874843597411,51.63249855041503,55.70874843597411,STOP_LOSS,2,-2.49999999999999,-2.6499999999999897,BULL,44.88718421732443,0.8227044593310856,IFCI,NSE,IFCI.NS
EMA_MACD,LONG,2025-10-29,2025-10-30,2025-10-31,57.11000061035156,55.682250595092775,59.965500640869145,59.965500640869145,TARGET,2,5.000000000000007,4.850000000000007,BULL,54.62335269956746,1.167492715201367,IFCI,NSE,IFCI.NS
EMA_MACD,SHORT,2025-11-07,2025-11-10,2025-11-12,54.5,55.8625,51.775,55.8625,STOP_LOSS,3,-2.499999999999995,-2.649999999999995,BULL,41.215162574217835,2.1159363590000106,IFCI,NSE,IFCI.NS
EMA_MACD,LONG,2026-01-12,2026-01-13,2026-01-14,57.43000030517578,55.99425029754639,60.30150032043457,55.99425029754639,STOP_LOSS,2,-2.5,-2.65,BULL,63.309728612038704,7.2721784323206915,IFCI,NSE,IFCI.NS
RSI_ZONE,SHORT,2025-05-06,2025-05-07,2025-05-07,39.650001525878906,40.64125156402588,37.66750144958496,40.64125156402588,STOP_LOSS,1,-2.5,-2.65,NEUTRAL,39.57406387920836,3.7656227328922487,IFCI,NSE,IFCI.NS
RSI_ZONE,LONG,2025-05-20,2025-05-21,2025-05-23,49.52000045776367,48.28200044631958,51.99600048065186,51.99600048065186,TARGET,3,5.000000000000006,4.850000000000006,NEUTRAL,63.048690694640484,1.9464613825560613,IFCI,NSE,IFCI.NS
RSI_ZONE,LONG,2025-10-08,2025-10-09,2025-10-09,59.0,57.525,61.95,57.525,STOP_LOSS,1,-2.5000000000000027,-2.6500000000000026,BULL,60.093892165659156,2.841298724129721,IFCI,NSE,IFCI.NS
RSI_ZONE,LONG,2026-01-12,2026-01-13,2026-01-14,57.43000030517578,55.99425029754639,60.30150032043457,55.99425029754639,STOP_LOSS,2,-2.5,-2.65,BULL,63.309728612038704,7.2721784323206915,IFCI,NSE,IFCI.NS
EXT_3,LONG,2025-05-20,2025-05-21,2025-05-23,49.52000045776367,48.28200044631958,51.99600048065186,51.99600048065186,TARGET,3,5.000000000000006,4.850000000000006,NEUTRAL,63.048690694640484,1.9464613825560613,IFCI,NSE,IFCI.NS
EXT_3,LONG,2025-10-08,2025-10-09,2025-10-09,59.0,57.525,61.95,57.525,STOP_LOSS,1,-2.5000000000000027,-2.6500000000000026,BULL,60.093892165659156,2.841298724129721,IFCI,NSE,IFCI.NS
EXT_3,LONG,2026-01-14,2026-01-15,2026-01-16,56.09999847412109,54.697498512268055,58.90499839782714,58.90499839782714,TARGET,2,5.000000000000003,4.850000000000002,BULL,60.41789060020597,2.1944725607610067,IFCI,NSE,IFCI.NS
RSI_ZONE_EXT_3,LONG,2025-05-20,2025-05-21,2025-05-23,49.52000045776367,48.28200044631958,51.99600048065186,51.99600048065186,TARGET,3,5.000000000000006,4.850000000000006,NEUTRAL,63.048690694640484,1.9464613825560613,IFCI,NSE,IFCI.NS
RSI_ZONE_EXT_3,LONG,2025-10-08,2025-10-09,2025-10-09,59.0,57.525,61.95,57.525,STOP_LOSS,1,-2.5000000000000027,-2.6500000000000026,BULL,60.093892165659156,2.841298724129721,IFCI,NSE,IFCI.NS
RSI_ZONE_EXT_3,LONG,2026-01-14,2026-01-15,2026-01-16,56.09999847412109,54.697498512268055,58.90499839782714,58.90499839782714,TARGET,2,5.000000000000003,4.850000000000002,BULL,60.41789060020597,2.1944725607610067,IFCI,NSE,IFCI.NS
RSI_ZONE_NO_NEUTRAL,LONG,2025-10-08,2025-10-09,2025-10-09,59.0,57.525,61.95,57.525,STOP_LOSS,1,-2.5000000000000027,-2.6500000000000026,BULL,60.093892165659156,2.841298724129721,IFCI,NSE,IFCI.NS
RSI_ZONE_NO_NEUTRAL,LONG,2026-01-12,2026-01-13,2026-01-14,57.43000030517578,55.99425029754639,60.30150032043457,55.99425029754639,STOP_LOSS,2,-2.5,-2.65,BULL,63.309728612038704,7.2721784323206915,IFCI,NSE,IFCI.NS
RSI_ZONE_EXT_3_NO_NEUTRAL,LONG,2025-10-08,2025-10-09,2025-10-09,59.0,57.525,61.95,57.525,STOP_LOSS,1,-2.5000000000000027,-2.6500000000000026,BULL,60.093892165659156,2.841298724129721,IFCI,NSE,IFCI.NS
RSI_ZONE_EXT_3_NO_NEUTRAL,LONG,2026-01-14,2026-01-15,2026-01-16,56.09999847412109,54.697498512268055,58.90499839782714,58.90499839782714,TARGET,2,5.000000000000003,4.850000000000002,BULL,60.41789060020597,2.1944725607610067,IFCI,NSE,IFCI.NS
BASE_CURRENT,SHORT,2026-03-30,2026-04-01,2026-04-01,158.0,161.95,150.1,161.95,STOP_LOSS,1,-2.499999999999993,-2.649999999999993,BEAR,37.584035804451226,4.820012579944236,GROWW,NSE,GROWW.NS
BASE_CURRENT,LONG,2026-04-08,2026-04-09,2026-04-10,182.0,177.45,191.1,191.1,TARGET,2,4.9999999999999964,4.849999999999996,BEAR,65.54849498692062,6.453736638171311,GROWW,NSE,GROWW.NS
BASE_CURRENT,LONG,2026-07-15,2026-07-16,2026-07-16,219.69000244140625,214.1977523803711,230.67450256347658,214.1977523803711,STOP_LOSS,1,-2.4999999999999973,-2.6499999999999972,NEUTRAL,64.32314633889939,4.27681335168235,GROWW,NSE,GROWW.NS
EMA_MACD,SHORT,2026-03-30,2026-04-01,2026-04-01,158.0,161.95,150.1,161.95,STOP_LOSS,1,-2.499999999999993,-2.649999999999993,BEAR,37.584035804451226,4.820012579944236,GROWW,NSE,GROWW.NS
EMA_MACD,LONG,2026-04-06,2026-04-07,2026-04-08,167.3000030517578,163.11750297546385,175.6650032043457,175.6650032043457,TARGET,2,5.000000000000003,4.850000000000002,BEAR,57.409612632639984,3.156091508501296,GROWW,NSE,GROWW.NS
EMA_MACD,LONG,2026-07-13,2026-07-14,2026-07-14,208.85000610351562,203.62875595092774,219.29250640869142,203.62875595092774,STOP_LOSS,1,-2.4999999999999973,-2.6499999999999972,NEUTRAL,59.934181162159604,2.73556670370418,GROWW,NSE,GROWW.NS
EMA_MACD,SHORT,2026-08-31,2026-09-01,2026-09-04,193.0,197.825,183.35,194.0,TIME_EXIT,4,-0.5181347150259068,-0.6681347150259068,NEUTRAL,44.51715095807889,1.2026764821407925,GROWW,NSE,GROWW.NS
RSI_ZONE,SHORT,2026-03-30,2026-04-01,2026-04-01,158.0,161.95,150.1,161.95,STOP_LOSS,1,-2.499999999999993,-2.649999999999993,BEAR,37.584035804451226,4.820012579944236,GROWW,NSE,GROWW.NS
RSI_ZONE,LONG,2026-07-15,2026-07-16,2026-07-16,219.69000244140625,214.1977523803711,230.67450256347658,214.1977523803711,STOP_LOSS,1,-2.4999999999999973,-2.6499999999999972,NEUTRAL,64.32314633889939,4.27681335168235,GROWW,NSE,GROWW.NS
RSI_ZONE_NO_NEUTRAL,SHORT,2026-03-30,2026-04-01,2026-04-01,158.0,161.95,150.1,161.95,STOP_LOSS,1,-2.499999999999993,-2.649999999999993,BEAR,37.584035804451226,4.820012579944236,GROWW,NSE,GROWW.NS
BASE_CURRENT,SHORT,2025-03-28,2025-04-01,2025-04-02,201.6999969482422,206.74249687194822,191.61499710083007,206.74249687194822,STOP_LOSS,2,-2.499999999999989,-2.649999999999989,NEUTRAL,38.854138581638125,2.809414956742704,ETERNAL,NSE,ETERNAL.NS
BASE_CURRENT,LONG,2025-06-05,2025-06-06,2025-06-13,256.5599975585937,250.14599761962884,269.3879974365234,250.14599761962884,STOP_LOSS,6,-2.500000000000003,-2.650000000000003,NEUTRAL,65.10969912280041,4.782494947259956,ETERNAL,NSE,ETERNAL.NS
BASE_CURRENT,SHORT,2026-01-20,2026-01-21,2026-01-21,269.25,275.98125,255.7875,275.98125,STOP_LOSS,1,-2.4999999999999956,-2.6499999999999955,BEAR,34.5322710684089,4.429169670137411,ETERNAL,NSE,ETERNAL.NS
BASE_CURRENT,SHORT,2026-01-23,2026-01-27,2026-01-28,258.04998779296875,264.50123748779293,245.1474884033203,264.50123748779293,STOP_LOSS,2,-2.499999999999987,-2.649999999999987,BEAR,33.91557426525796,5.282496016710241,ETERNAL,NSE,ETERNAL.NS
BASE_CURRENT,SHORT,2026-02-24,2026-02-25,2026-03-02,255.1999969482422,261.5799968719482,242.43999710083006,242.43999710083006,TARGET,4,5.000000000000009,4.8500000000000085,NEUTRAL,33.96298071394594,4.898822512654095,ETERNAL,NSE,ETERNAL.NS
BASE_CURRENT,SHORT,2026-06-11,2026-06-12,2026-06-15,239.0,244.97499999999997,227.04999999999998,244.97499999999997,STOP_LOSS,2,-2.499999999999986,-2.6499999999999857,BEAR,38.89592732765603,3.0297252884656585,ETERNAL,NSE,ETERNAL.NS
BASE_CURRENT,LONG,2026-06-19,2026-06-22,2026-06-24,264.5,257.8875,277.725,257.8875,STOP_LOSS,3,-2.5000000000000044,-2.6500000000000044,BEAR,62.243134181509966,2.6519263190134956,ETERNAL,NSE,ETERNAL.NS
EMA_MACD,SHORT,2025-03-27,2025-03-28,2025-03-28,204.2400054931641,209.34600563049318,194.02800521850588,209.34600563049318,STOP_LOSS,1,-2.4999999999999942,-2.649999999999994,NEUTRAL,41.47997043823775,1.97941088760185,ETERNAL,NSE,ETERNAL.NS
EMA_MACD,LONG,2025-06-03,2025-06-04,2025-06-05,237.1000061035156,231.1725059509277,248.9550064086914,248.9550064086914,TARGET,2,5.000000000000005,4.850000000000005,NEUTRAL,54.53399118343643,0.8688065300639467,ETERNAL,NSE,ETERNAL.NS
EMA_MACD,SHORT,2026-01-20,2026-01-21,2026-01-21,269.25,275.98125,255.7875,275.98125,STOP_LOSS,1,-2.4999999999999956,-2.6499999999999955,BEAR,34.5322710684089,4.429169670137411,ETERNAL,NSE,ETERNAL.NS
EMA_MACD,SHORT,2026-01-22,2026-01-23,2026-01-23,276.95001220703125,283.873762512207,263.1025115966797,263.1025115966797,TARGET,1,5.000000000000004,4.850000000000004,NEUTRAL,42.39963084405524,1.584486548939752,ETERNAL,NSE,ETERNAL.NS
EMA_MACD,SHORT,2026-02-19,2026-02-20,2026-02-24,270.79998779296875,277.56998748779296,257.2599884033203,257.2599884033203,TARGET,3,5.000000000000012,4.850000000000012,NEUTRAL,42.469684040913755,2.9233352132464288,ETERNAL,NSE,ETERNAL.NS
EMA_MACD,SHORT,2026-05-14,2026-05-15,2026-05-26,245.0,251.12499999999997,232.75,251.12499999999997,STOP_LOSS,8,-2.4999999999999885,-2.6499999999999884,BEAR,48.019820040631586,0.358917092734911,ETERNAL,NSE,ETERNAL.NS
EMA_MACD,LONG,2026-05-27,2026-05-28,2026-05-29,256.510009765625,250.09725952148438,269.33551025390625,250.09725952148438,STOP_LOSS,2,-2.5,-2.65,BEAR,58.76864307843046,2.704246715004333,ETERNAL,NSE,ETERNAL.NS
EMA_MACD,SHORT,2026-06-10,2026-06-11,2026-06-12,238.0,243.95,226.1,243.95,STOP_LOSS,2,-2.499999999999995,-2.649999999999995,BEAR,42.191775886897894,2.608542080540546,ETERNAL,NSE,ETERNAL.NS
EMA_MACD,LONG,2026-06-17,2026-06-18,2026-07-01,258.5,252.0375,271.425,271.425,TARGET,10,5.000000000000004,4.850000000000004,BEAR,58.215065716486556,2.6162109499235098,ETERNAL,NSE,ETERNAL.NS
RSI_ZONE,SHORT,2025-03-28,2025-04-01,2025-04-02,201.6999969482422,206.74249687194822,191.61499710083007,206.74249687194822,STOP_LOSS,2,-2.499999999999989,-2.649999999999989,NEUTRAL,38.854138581638125,2.809414956742704,ETERNAL,NSE,ETERNAL.NS
RSI_ZONE,SHORT,2026-01-20,2026-01-21,2026-01-21,269.25,275.98125,255.7875,275.98125,STOP_LOSS,1,-2.4999999999999956,-2.6499999999999955,BEAR,34.5322710684089,4.429169670137411,ETERNAL,NSE,ETERNAL.NS
RSI_ZONE,SHORT,2026-01-23,2026-01-27,2026-01-28,258.04998779296875,264.50123748779293,245.1474884033203,264.50123748779293,STOP_LOSS,2,-2.499999999999987,-2.649999999999987,BEAR,33.91557426525796,5.282496016710241,ETERNAL,NSE,ETERNAL.NS
RSI_ZONE,SHORT,2026-02-24,2026-02-25,2026-03-02,255.1999969482422,261.5799968719482,242.43999710083006,242.43999710083006,TARGET,4,5.000000000000009,4.8500000000000085,NEUTRAL,33.96298071394594,4.898822512654095,ETERNAL,NSE,ETERNAL.NS
RSI_ZONE,SHORT,2026-06-11,2026-06-12,2026-06-15,239.0,244.97499999999997,227.04999999999998,244.97499999999997,STOP_LOSS,2,-2.499999999999986,-2.6499999999999857,BEAR,38.89592732765603,3.0297252884656585,ETERNAL,NSE,ETERNAL.NS
RSI_ZONE,LONG,2026-06-19,2026-06-22,2026-06-24,264.5,257.8875,277.725,257.8875,STOP_LOSS,3,-2.5000000000000044,-2.6500000000000044,BEAR,62.243134181509966,2.6519263190134956,ETERNAL,NSE,ETERNAL.NS
EXT_3,SHORT,2025-03-28,2025-04-01,2025-04-02,201.6999969482422,206.74249687194822,191.61499710083007,206.74249687194822,STOP_LOSS,2,-2.499999999999989,-2.649999999999989,NEUTRAL,38.854138581638125,2.809414956742704,ETERNAL,NSE,ETERNAL.NS
EXT_3,LONG,2026-06-19,2026-06-22,2026-06-24,264.5,257.8875,277.725,257.8875,STOP_LOSS,3,-2.5000000000000044,-2.6500000000000044,BEAR,62.243134181509966,2.6519263190134956,ETERNAL,NSE,ETERNAL.NS
RSI_ZONE_EXT_3,SHORT,2025-03-28,2025-04-01,2025-04-02,201.6999969482422,206.74249687194822,191.61499710083007,206.74249687194822,STOP_LOSS,2,-2.499999999999989,-2.649999999999989,NEUTRAL,38.854138581638125,2.809414956742704,ETERNAL,NSE,ETERNAL.NS
RSI_ZONE_EXT_3,LONG,2026-06-19,2026-06-22,2026-06-24,264.5,257.8875,277.725,257.8875,STOP_LOSS,3,-2.5000000000000044,-2.6500000000000044,BEAR,62.243134181509966,2.6519263190134956,ETERNAL,NSE,ETERNAL.NS
RSI_ZONE_NO_NEUTRAL,SHORT,2026-01-20,2026-01-21,2026-01-21,269.25,275.98125,255.7875,275.98125,STOP_LOSS,1,-2.4999999999999956,-2.6499999999999955,BEAR,34.5322710684089,4.429169670137411,ETERNAL,NSE,ETERNAL.NS
RSI_ZONE_NO_NEUTRAL,SHORT,2026-01-23,2026-01-27,2026-01-28,258.04998779296875,264.50123748779293,245.1474884033203,264.50123748779293,STOP_LOSS,2,-2.499999999999987,-2.649999999999987,BEAR,33.91557426525796,5.282496016710241,ETERNAL,NSE,ETERNAL.NS
RSI_ZONE_NO_NEUTRAL,SHORT,2026-06-11,2026-06-12,2026-06-15,239.0,244.97499999999997,227.04999999999998,244.97499999999997,STOP_LOSS,2,-2.499999999999986,-2.6499999999999857,BEAR,38.89592732765603,3.0297252884656585,ETERNAL,NSE,ETERNAL.NS
RSI_ZONE_NO_NEUTRAL,LONG,2026-06-19,2026-06-22,2026-06-24,264.5,257.8875,277.725,257.8875,STOP_LOSS,3,-2.5000000000000044,-2.6500000000000044,BEAR,62.243134181509966,2.6519263190134956,ETERNAL,NSE,ETERNAL.NS
RSI_ZONE_EXT_3_NO_NEUTRAL,LONG,2026-06-19,2026-06-22,2026-06-24,264.5,257.8875,277.725,257.8875,STOP_LOSS,3,-2.5000000000000044,-2.6500000000000044,BEAR,62.243134181509966,2.6519263190134956,ETERNAL,NSE,ETERNAL.NS
BASE_CURRENT,SHORT,2025-01-13,2025-01-14,2025-01-14,120.1999969482422,123.20499687194824,114.18999710083008,123.20499687194824,STOP_LOSS,1,-2.499999999999986,-2.6499999999999857,NEUTRAL,39.41533900553164,4.833954393527614,ZEEL,NSE,ZEEL.NS
BASE_CURRENT,LONG,2025-05-09,2025-05-12,2025-05-14,118.25,115.29375,124.16250000000001,124.16250000000001,TARGET,3,5.000000000000007,4.850000000000007,NEUTRAL,60.315790144567956,3.9871253244948357,ZEEL,NSE,ZEEL.NS
BASE_CURRENT,SHORT,2025-09-29,2025-09-30,2025-10-15,112.76000213623048,115.57900218963624,107.12200202941895,109.91999816894533,TIME_EXIT,11,2.5186270960282693,2.3686270960282694,BULL,39.52310081172656,1.4040252890563543,ZEEL,NSE,ZEEL.NS
BASE_CURRENT,SHORT,2026-03-02,2026-03-04,2026-03-13,82.51000213623047,84.57275218963622,78.38450202941894,78.38450202941894,TARGET,8,5.000000000000007,4.850000000000007,BEAR,36.86681827010416,3.339114491352314,ZEEL,NSE,ZEEL.NS
BASE_CURRENT,LONG,2026-06-01,2026-06-02,2026-06-03,94.38999938964844,92.03024940490722,99.10949935913087,92.03024940490722,STOP_LOSS,2,-2.500000000000003,-2.650000000000003,BEAR,63.229199229901646,4.4868306234776885,ZEEL,NSE,ZEEL.NS
BASE_CURRENT,SHORT,2026-08-05,2026-08-06,2026-08-11,95.0,97.37499999999999,90.25,90.25,TARGET,4,5.0,4.85,BULL,38.01895490960434,6.3888154528348435,ZEEL,NSE,ZEEL.NS
BASE_CURRENT,SHORT,2026-08-31,2026-09-01,2026-09-04,94.0,96.35,89.3,91.61000061035156,TIME_EXIT,4,2.542552542179189,2.392552542179189,NEUTRAL,38.08036722163508,6.60571517716832,ZEEL,NSE,ZEEL.NS
EMA_MACD,SHORT,2025-01-13,2025-01-14,2025-01-14,120.1999969482422,123.20499687194824,114.18999710083008,123.20499687194824,STOP_LOSS,1,-2.499999999999986,-2.6499999999999857,NEUTRAL,39.41533900553164,4.833954393527614,ZEEL,NSE,ZEEL.NS
EMA_MACD,LONG,2025-05-09,2025-05-12,2025-05-14,118.25,115.29375,124.16250000000001,124.16250000000001,TARGET,3,5.000000000000007,4.850000000000007,NEUTRAL,60.315790144567956,3.9871253244948357,ZEEL,NSE,ZEEL.NS
EMA_MACD,SHORT,2025-09-29,2025-09-30,2025-10-15,112.76000213623048,115.57900218963624,107.12200202941895,109.91999816894533,TIME_EXIT,11,2.5186270960282693,2.3686270960282694,BULL,39.52310081172656,1.4040252890563543,ZEEL,NSE,ZEEL.NS
EMA_MACD,SHORT,2026-03-02,2026-03-04,2026-03-13,82.51000213623047,84.57275218963622,78.38450202941894,78.38450202941894,TARGET,8,5.000000000000007,4.850000000000007,BEAR,36.86681827010416,3.339114491352314,ZEEL,NSE,ZEEL.NS
EMA_MACD,LONG,2026-05-29,2026-06-01,2026-06-01,94.0999984741211,91.74749851226807,98.80499839782715,98.80499839782715,TARGET,1,5.0,4.85,BEAR,59.89207127544479,3.894291991692775,ZEEL,NSE,ZEEL.NS
EMA_MACD,LONG,2026-07-21,2026-07-22,2026-07-23,107.0,104.325,112.35000000000001,104.325,STOP_LOSS,2,-2.4999999999999973,-2.6499999999999972,NEUTRAL,55.78987437962929,1.3514367170093389,ZEEL,NSE,ZEEL.NS
EMA_MACD,SHORT,2026-08-05,2026-08-06,2026-08-11,95.0,97.37499999999999,90.25,90.25,TARGET,4,5.0,4.85,BULL,38.01895490960434,6.3888154528348435,ZEEL,NSE,ZEEL.NS
EMA_MACD,LONG,2026-08-21,2026-08-24,2026-08-24,107.9800033569336,105.28050327301025,113.37900352478027,105.28050327301025,STOP_LOSS,1,-2.5,-2.65,NEUTRAL,56.72452681960716,2.2331659906781125,ZEEL,NSE,ZEEL.NS
EMA_MACD,SHORT,2026-08-31,2026-09-01,2026-09-04,94.0,96.35,89.3,91.61000061035156,TIME_EXIT,4,2.542552542179189,2.392552542179189,NEUTRAL,38.08036722163508,6.60571517716832,ZEEL,NSE,ZEEL.NS
RSI_ZONE,SHORT,2025-01-13,2025-01-14,2025-01-14,120.1999969482422,123.20499687194824,114.18999710083008,123.20499687194824,STOP_LOSS,1,-2.499999999999986,-2.6499999999999857,NEUTRAL,39.41533900553164,4.833954393527614,ZEEL,NSE,ZEEL.NS
RSI_ZONE,LONG,2025-05-09,2025-05-12,2025-05-14,118.25,115.29375,124.16250000000001,124.16250000000001,TARGET,3,5.000000000000007,4.850000000000007,NEUTRAL,60.315790144567956,3.9871253244948357,ZEEL,NSE,ZEEL.NS
RSI_ZONE,SHORT,2025-09-29,2025-09-30,2025-10-15,112.76000213623048,115.57900218963624,107.12200202941895,109.91999816894533,TIME_EXIT,11,2.5186270960282693,2.3686270960282694,BULL,39.52310081172656,1.4040252890563543,ZEEL,NSE,ZEEL.NS
RSI_ZONE,SHORT,2026-03-02,2026-03-04,2026-03-13,82.51000213623047,84.57275218963622,78.38450202941894,78.38450202941894,TARGET,8,5.000000000000007,4.850000000000007,BEAR,36.86681827010416,3.339114491352314,ZEEL,NSE,ZEEL.NS
RSI_ZONE,LONG,2026-06-01,2026-06-02,2026-06-03,94.38999938964844,92.03024940490722,99.10949935913087,92.03024940490722,STOP_LOSS,2,-2.500000000000003,-2.650000000000003,BEAR,63.229199229901646,4.4868306234776885,ZEEL,NSE,ZEEL.NS
RSI_ZONE,SHORT,2026-08-05,2026-08-06,2026-08-11,95.0,97.37499999999999,90.25,90.25,TARGET,4,5.0,4.85,BULL,38.01895490960434,6.3888154528348435,ZEEL,NSE,ZEEL.NS
RSI_ZONE,SHORT,2026-08-31,2026-09-01,2026-09-04,94.0,96.35,89.3,91.61000061035156,TIME_EXIT,4,2.542552542179189,2.392552542179189,NEUTRAL,38.08036722163508,6.60571517716832,ZEEL,NSE,ZEEL.NS
EXT_3,SHORT,2025-09-29,2025-09-30,2025-10-15,112.76000213623048,115.57900218963624,107.12200202941895,109.91999816894533,TIME_EXIT,11,2.5186270960282693,2.3686270960282694,BULL,39.52310081172656,1.4040252890563543,ZEEL,NSE,ZEEL.NS
EXT_3,LONG,2026-06-02,2026-06-03,2026-06-03,94.1999969482422,91.84499702453614,98.90999679565432,91.84499702453614,STOP_LOSS,1,-2.5000000000000058,-2.6500000000000057,BEAR,60.26715947903854,1.903945513473454,ZEEL,NSE,ZEEL.NS
EXT_3,SHORT,2026-08-07,2026-08-10,2026-08-11,95.79000091552734,98.18475093841552,91.00050086975098,91.00050086975098,TARGET,2,4.9999999999999964,4.849999999999996,BULL,38.74239242280962,2.7544976564617576,ZEEL,NSE,ZEEL.NS
EXT_3,SHORT,2026-09-03,2026-09-04,2026-09-04,92.0,94.3,87.39999999999999,91.61000061035156,TIME_EXIT,1,0.4239123800526495,0.2739123800526495,NEUTRAL,36.95039407424828,2.718036905833234,ZEEL,NSE,ZEEL.NS
RSI_ZONE_EXT_3,SHORT,2025-09-29,2025-09-30,2025-10-15,112.76000213623048,115.57900218963624,107.12200202941895,109.91999816894533,TIME_EXIT,11,2.5186270960282693,2.3686270960282694,BULL,39.52310081172656,1.4040252890563543,ZEEL,NSE,ZEEL.NS
RSI_ZONE_EXT_3,LONG,2026-06-02,2026-06-03,2026-06-03,94.1999969482422,91.84499702453614,98.90999679565432,91.84499702453614,STOP_LOSS,1,-2.5000000000000058,-2.6500000000000057,BEAR,60.26715947903854,1.903945513473454,ZEEL,NSE,ZEEL.NS
RSI_ZONE_EXT_3,SHORT,2026-08-07,2026-08-10,2026-08-11,95.79000091552734,98.18475093841552,91.00050086975098,91.00050086975098,TARGET,2,4.9999999999999964,4.849999999999996,BULL,38.74239242280962,2.7544976564617576,ZEEL,NSE,ZEEL.NS
RSI_ZONE_EXT_3,SHORT,2026-09-03,2026-09-04,2026-09-04,92.0,94.3,87.39999999999999,91.61000061035156,TIME_EXIT,1,0.4239123800526495,0.2739123800526495,NEUTRAL,36.95039407424828,2.718036905833234,ZEEL,NSE,ZEEL.NS
RSI_ZONE_NO_NEUTRAL,SHORT,2025-09-29,2025-09-30,2025-10-15,112.76000213623048,115.57900218963624,107.12200202941895,109.91999816894533,TIME_EXIT,11,2.5186270960282693,2.3686270960282694,BULL,39.52310081172656,1.4040252890563543,ZEEL,NSE,ZEEL.NS
RSI_ZONE_NO_NEUTRAL,SHORT,2026-03-02,2026-03-04,2026-03-13,82.51000213623047,84.57275218963622,78.38450202941894,78.38450202941894,TARGET,8,5.000000000000007,4.850000000000007,BEAR,36.86681827010416,3.339114491352314,ZEEL,NSE,ZEEL.NS
RSI_ZONE_NO_NEUTRAL,LONG,2026-06-01,2026-06-02,2026-06-03,94.38999938964844,92.03024940490722,99.10949935913087,92.03024940490722,STOP_LOSS,2,-2.500000000000003,-2.650000000000003,BEAR,63.229199229901646,4.4868306234776885,ZEEL,NSE,ZEEL.NS
RSI_ZONE_NO_NEUTRAL,SHORT,2026-08-05,2026-08-06,2026-08-11,95.0,97.37499999999999,90.25,90.25,TARGET,4,5.0,4.85,BULL,38.01895490960434,6.3888154528348435,ZEEL,NSE,ZEEL.NS
RSI_ZONE_EXT_3_NO_NEUTRAL,SHORT,2025-09-29,2025-09-30,2025-10-15,112.76000213623048,115.57900218963624,107.12200202941895,109.91999816894533,TIME_EXIT,11,2.5186270960282693,2.3686270960282694,BULL,39.52310081172656,1.4040252890563543,ZEEL,NSE,ZEEL.NS
RSI_ZONE_EXT_3_NO_NEUTRAL,LONG,2026-06-02,2026-06-03,2026-06-03,94.1999969482422,91.84499702453614,98.90999679565432,91.84499702453614,STOP_LOSS,1,-2.5000000000000058,-2.6500000000000057,BEAR,60.26715947903854,1.903945513473454,ZEEL,NSE,ZEEL.NS
RSI_ZONE_EXT_3_NO_NEUTRAL,SHORT,2026-08-07,2026-08-10,2026-08-11,95.79000091552734,98.18475093841552,91.00050086975098,91.00050086975098,TARGET,2,4.9999999999999964,4.849999999999996,BULL,38.74239242280962,2.7544976564617576,ZEEL,NSE,ZEEL.NS
BASE_CURRENT,SHORT,2024-12-19,2024-12-20,2025-01-06,142.88999938964844,146.46224937438964,135.745499420166,135.745499420166,TARGET,11,5.000000000000012,4.850000000000012,NEUTRAL,39.398277209040955,1.585044070020668,TATASTEEL,NSE,TATASTEEL.NS
BASE_CURRENT,LONG,2025-06-26,2025-06-27,2025-07-11,161.0,156.975,169.05,159.83999633789062,TIME_EXIT,11,-0.7204991690120341,-0.8704991690120342,BULL,63.63295397188861,2.6872293930454627,TATASTEEL,NSE,TATASTEEL.NS
BASE_CURRENT,LONG,2025-09-03,2025-09-04,2025-09-18,169.0,164.775,177.45000000000002,172.02999877929688,TIME_EXIT,11,1.7928986859744822,1.6428986859744823,NEUTRAL,63.96454403548088,4.593210250744808,TATASTEEL,NSE,TATASTEEL.NS
BASE_CURRENT,SHORT,2026-08-14,2026-08-17,2026-08-26,183.5,188.08749999999998,174.325,188.08749999999998,STOP_LOSS,8,-2.4999999999999876,-2.6499999999999875,NEUTRAL,39.744996074153455,1.2742672331144813,TATASTEEL,NSE,TATASTEEL.NS
EMA_MACD,SHORT,2024-12-19,2024-12-20,2025-01-06,142.88999938964844,146.46224937438964,135.745499420166,135.745499420166,TARGET,11,5.000000000000012,4.850000000000012,NEUTRAL,39.398277209040955,1.585044070020668,TATASTEEL,NSE,TATASTEEL.NS
EMA_MACD,LONG,2025-06-26,2025-06-27,2025-07-11,161.0,156.975,169.05,159.83999633789062,TIME_EXIT,11,-0.7204991690120341,-0.8704991690120342,BULL,63.63295397188861,2.6872293930454627,TATASTEEL,NSE,TATASTEEL.NS
EMA_MACD,LONG,2025-08-21,2025-08-22,2025-08-26,161.25,157.21875,169.3125,157.21875,STOP_LOSS,3,-2.5,-2.65,NEUTRAL,54.33743801229731,0.7939548461209873,TATASTEEL,NSE,TATASTEEL.NS
EMA_MACD,LONG,2025-09-03,2025-09-04,2025-09-18,169.0,164.775,177.45000000000002,172.02999877929688,TIME_EXIT,11,1.7928986859744822,1.6428986859744823,NEUTRAL,63.96454403548088,4.593210250744808,TATASTEEL,NSE,TATASTEEL.NS
EMA_MACD,SHORT,2026-08-14,2026-08-17,2026-08-26,183.5,188.08749999999998,174.325,188.08749999999998,STOP_LOSS,8,-2.4999999999999876,-2.6499999999999875,NEUTRAL,39.744996074153455,1.2742672331144813,TATASTEEL,NSE,TATASTEEL.NS
RSI_ZONE,SHORT,2024-12-19,2024-12-20,2025-01-06,142.88999938964844,146.46224937438964,135.745499420166,135.745499420166,TARGET,11,5.000000000000012,4.850000000000012,NEUTRAL,39.398277209040955,1.585044070020668,TATASTEEL,NSE,TATASTEEL.NS
RSI_ZONE,LONG,2025-06-26,2025-06-27,2025-07-11,161.0,156.975,169.05,159.83999633789062,TIME_EXIT,11,-0.7204991690120341,-0.8704991690120342,BULL,63.63295397188861,2.6872293930454627,TATASTEEL,NSE,TATASTEEL.NS
RSI_ZONE,LONG,2025-09-03,2025-09-04,2025-09-18,169.0,164.775,177.45000000000002,172.02999877929688,TIME_EXIT,11,1.7928986859744822,1.6428986859744823,NEUTRAL,63.96454403548088,4.593210250744808,TATASTEEL,NSE,TATASTEEL.NS
RSI_ZONE,SHORT,2026-08-14,2026-08-17,2026-08-26,183.5,188.08749999999998,174.325,188.08749999999998,STOP_LOSS,8,-2.4999999999999876,-2.6499999999999875,NEUTRAL,39.744996074153455,1.2742672331144813,TATASTEEL,NSE,TATASTEEL.NS
EXT_3,SHORT,2024-12-19,2024-12-20,2025-01-06,142.88999938964844,146.46224937438964,135.745499420166,135.745499420166,TARGET,11,5.000000000000012,4.850000000000012,NEUTRAL,39.398277209040955,1.585044070020668,TATASTEEL,NSE,TATASTEEL.NS
EXT_3,LONG,2025-06-26,2025-06-27,2025-07-11,161.0,156.975,169.05,159.83999633789062,TIME_EXIT,11,-0.7204991690120341,-0.8704991690120342,BULL,63.63295397188861,2.6872293930454627,TATASTEEL,NSE,TATASTEEL.NS
EXT_3,LONG,2025-09-04,2025-09-05,2025-09-19,167.0,162.825,175.35,171.47999572753906,TIME_EXIT,11,2.6826321721790793,2.5326321721790794,NEUTRAL,61.943486151901475,2.5959582624379642,TATASTEEL,NSE,TATASTEEL.NS
EXT_3,SHORT,2026-08-14,2026-08-17,2026-08-26,183.5,188.08749999999998,174.325,188.08749999999998,STOP_LOSS,8,-2.4999999999999876,-2.6499999999999875,NEUTRAL,39.744996074153455,1.2742672331144813,TATASTEEL,NSE,TATASTEEL.NS
RSI_ZONE_EXT_3,SHORT,2024-12-19,2024-12-20,2025-01-06,142.88999938964844,146.46224937438964,135.745499420166,135.745499420166,TARGET,11,5.000000000000012,4.850000000000012,NEUTRAL,39.398277209040955,1.585044070020668,TATASTEEL,NSE,TATASTEEL.NS
RSI_ZONE_EXT_3,LONG,2025-06-26,2025-06-27,2025-07-11,161.0,156.975,169.05,159.83999633789062,TIME_EXIT,11,-0.7204991690120341,-0.8704991690120342,BULL,63.63295397188861,2.6872293930454627,TATASTEEL,NSE,TATASTEEL.NS
RSI_ZONE_EXT_3,LONG,2025-09-04,2025-09-05,2025-09-19,167.0,162.825,175.35,171.47999572753906,TIME_EXIT,11,2.6826321721790793,2.5326321721790794,NEUTRAL,61.943486151901475,2.5959582624379642,TATASTEEL,NSE,TATASTEEL.NS
RSI_ZONE_EXT_3,SHORT,2026-08-14,2026-08-17,2026-08-26,183.5,188.08749999999998,174.325,188.08749999999998,STOP_LOSS,8,-2.4999999999999876,-2.6499999999999875,NEUTRAL,39.744996074153455,1.2742672331144813,TATASTEEL,NSE,TATASTEEL.NS
RSI_ZONE_NO_NEUTRAL,LONG,2025-06-26,2025-06-27,2025-07-11,161.0,156.975,169.05,159.83999633789062,TIME_EXIT,11,-0.7204991690120341,-0.8704991690120342,BULL,63.63295397188861,2.6872293930454627,TATASTEEL,NSE,TATASTEEL.NS
RSI_ZONE_EXT_3_NO_NEUTRAL,LONG,2025-06-26,2025-06-27,2025-07-11,161.0,156.975,169.05,159.83999633789062,TIME_EXIT,11,-0.7204991690120341,-0.8704991690120342,BULL,63.63295397188861,2.6872293930454627,TATASTEEL,NSE,TATASTEEL.NS
BASE_CURRENT,SHORT,2024-11-14,2024-11-18,2024-11-28,76.81999969482422,78.74049968719481,72.978999710083,78.74049968719481,STOP_LOSS,8,-2.4999999999999853,-2.6499999999999853,NEUTRAL,39.96706767477773,3.2785797017613714,MOREPENLAB,NSE,MOREPENLAB.NS
BASE_CURRENT,LONG,2024-12-04,2024-12-05,2024-12-12,86.66999816894531,84.50324821472168,91.00349807739258,91.00349807739258,TARGET,6,5.0,4.85,NEUTRAL,64.06710320086121,3.7627940727061646,MOREPENLAB,NSE,MOREPENLAB.NS
BASE_CURRENT,SHORT,2024-12-26,2024-12-27,2025-01-01,77.5999984741211,79.53999843597411,73.71999855041504,79.53999843597411,STOP_LOSS,4,-2.499999999999989,-2.649999999999989,NEUTRAL,36.26962406968565,2.932655869092994,MOREPENLAB,NSE,MOREPENLAB.NS
BASE_CURRENT,SHORT,2025-09-26,2025-09-29,2025-10-10,49.0,50.224999999999994,46.55,50.224999999999994,STOP_LOSS,9,-2.4999999999999885,-2.6499999999999884,BULL,36.34502837417289,3.575820162632427,MOREPENLAB,NSE,MOREPENLAB.NS
BASE_CURRENT,LONG,2026-08-04,2026-08-05,2026-08-05,73.23999786376953,71.40899791717528,76.90199775695801,76.90199775695801,TARGET,1,5.0000000000000036,4.850000000000003,BULL,71.3206901595812,13.409231701735964,MOREPENLAB,NSE,MOREPENLAB.NS
EMA_MACD,SHORT,2024-11-14,2024-11-18,2024-11-28,76.81999969482422,78.74049968719481,72.978999710083,78.74049968719481,STOP_LOSS,8,-2.4999999999999853,-2.6499999999999853,NEUTRAL,39.96706767477773,3.2785797017613714,MOREPENLAB,NSE,MOREPENLAB.NS
EMA_MACD,LONG,2024-12-04,2024-12-05,2024-12-12,86.66999816894531,84.50324821472168,91.00349807739258,91.00349807739258,TARGET,6,5.0,4.85,NEUTRAL,64.06710320086121,3.7627940727061646,MOREPENLAB,NSE,MOREPENLAB.NS
EMA_MACD,SHORT,2024-12-26,2024-12-27,2025-01-01,77.5999984741211,79.53999843597411,73.71999855041504,79.53999843597411,STOP_LOSS,4,-2.499999999999989,-2.649999999999989,NEUTRAL,36.26962406968565,2.932655869092994,MOREPENLAB,NSE,MOREPENLAB.NS
EMA_MACD,LONG,2025-07-04,2025-07-07,2025-07-07,65.55999755859375,63.920997619628906,68.83799743652344,63.920997619628906,STOP_LOSS,1,-2.5,-2.65,BULL,59.029170164698506,2.831578770489124,MOREPENLAB,NSE,MOREPENLAB.NS
EMA_MACD,SHORT,2025-09-26,2025-09-29,2025-10-10,49.0,50.224999999999994,46.55,50.224999999999994,STOP_LOSS,9,-2.4999999999999885,-2.6499999999999884,BULL,36.34502837417289,3.575820162632427,MOREPENLAB,NSE,MOREPENLAB.NS
EMA_MACD,LONG,2026-08-04,2026-08-05,2026-08-05,73.23999786376953,71.40899791717528,76.90199775695801,76.90199775695801,TARGET,1,5.0000000000000036,4.850000000000003,BULL,71.3206901595812,13.409231701735964,MOREPENLAB,NSE,MOREPENLAB.NS
RSI_ZONE,SHORT,2024-11-14,2024-11-18,2024-11-28,76.81999969482422,78.74049968719481,72.978999710083,78.74049968719481,STOP_LOSS,8,-2.4999999999999853,-2.6499999999999853,NEUTRAL,39.96706767477773,3.2785797017613714,MOREPENLAB,NSE,MOREPENLAB.NS
RSI_ZONE,LONG,2024-12-04,2024-12-05,2024-12-12,86.66999816894531,84.50324821472168,91.00349807739258,91.00349807739258,TARGET,6,5.0,4.85,NEUTRAL,64.06710320086121,3.7627940727061646,MOREPENLAB,NSE,MOREPENLAB.NS
RSI_ZONE,SHORT,2024-12-26,2024-12-27,2025-01-01,77.5999984741211,79.53999843597411,73.71999855041504,79.53999843597411,STOP_LOSS,4,-2.499999999999989,-2.649999999999989,NEUTRAL,36.26962406968565,2.932655869092994,MOREPENLAB,NSE,MOREPENLAB.NS
RSI_ZONE,SHORT,2025-09-26,2025-09-29,2025-10-10,49.0,50.224999999999994,46.55,50.224999999999994,STOP_LOSS,9,-2.4999999999999885,-2.6499999999999884,BULL,36.34502837417289,3.575820162632427,MOREPENLAB,NSE,MOREPENLAB.NS
EXT_3,SHORT,2024-12-26,2024-12-27,2025-01-01,77.5999984741211,79.53999843597411,73.71999855041504,79.53999843597411,STOP_LOSS,4,-2.499999999999989,-2.649999999999989,NEUTRAL,36.26962406968565,2.932655869092994,MOREPENLAB,NSE,MOREPENLAB.NS
EXT_3,SHORT,2025-09-30,2025-10-01,2025-10-03,48.130001068115234,49.33325109481811,45.72350101470947,49.33325109481811,STOP_LOSS,2,-2.4999999999999885,-2.6499999999999884,BULL,33.138746865592466,2.6602001629218703,MOREPENLAB,NSE,MOREPENLAB.NS
RSI_ZONE_EXT_3,SHORT,2024-12-26,2024-12-27,2025-01-01,77.5999984741211,79.53999843597411,73.71999855041504,79.53999843597411,STOP_LOSS,4,-2.499999999999989,-2.649999999999989,NEUTRAL,36.26962406968565,2.932655869092994,MOREPENLAB,NSE,MOREPENLAB.NS
RSI_ZONE_EXT_3,SHORT,2025-09-30,2025-10-01,2025-10-03,48.130001068115234,49.33325109481811,45.72350101470947,49.33325109481811,STOP_LOSS,2,-2.4999999999999885,-2.6499999999999884,BULL,33.138746865592466,2.6602001629218703,MOREPENLAB,NSE,MOREPENLAB.NS
RSI_ZONE_NO_NEUTRAL,SHORT,2025-09-26,2025-09-29,2025-10-10,49.0,50.224999999999994,46.55,50.224999999999994,STOP_LOSS,9,-2.4999999999999885,-2.6499999999999884,BULL,36.34502837417289,3.575820162632427,MOREPENLAB,NSE,MOREPENLAB.NS
RSI_ZONE_EXT_3_NO_NEUTRAL,SHORT,2025-09-30,2025-10-01,2025-10-03,48.130001068115234,49.33325109481811,45.72350101470947,49.33325109481811,STOP_LOSS,2,-2.4999999999999885,-2.6499999999999884,BULL,33.138746865592466,2.6602001629218703,MOREPENLAB,NSE,MOREPENLAB.NS
BASE_CURRENT,LONG,2024-11-25,2024-11-26,2024-12-10,905.0,882.375,950.25,934.0499877929688,TIME_EXIT,11,3.2099434025379834,3.0599434025379835,NEUTRAL,62.016972159069745,1.98265112377906,HDFCBANK,NSE,HDFCBANK.NS
BASE_CURRENT,LONG,2025-03-19,2025-03-20,2025-03-25,877.0,855.0749999999999,920.85,920.85,TARGET,4,5.000000000000003,4.850000000000002,NEUTRAL,61.74145224372224,1.4814536110665413,HDFCBANK,NSE,HDFCBANK.NS
BASE_CURRENT,SHORT,2026-01-06,2026-01-07,2026-01-21,956.0,979.8999999999999,908.1999999999999,920.3499755859376,TIME_EXIT,11,3.729082051680166,3.579082051680166,BULL,33.72012210709704,1.8267081579238782,HDFCBANK,NSE,HDFCBANK.NS
BASE_CURRENT,LONG,2026-06-18,2026-06-19,2026-07-03,788.7000122070312,768.9825119018554,828.1350128173829,801.0499877929688,TIME_EXIT,11,1.5658647641425,1.4158647641425002,BEAR,64.84304246631845,2.0110902741989847,HDFCBANK,NSE,HDFCBANK.NS
BASE_CURRENT,SHORT,2026-07-22,2026-07-23,2026-08-06,749.4000244140625,768.135025024414,711.9300231933594,734.2999877929688,TIME_EXIT,11,2.0149501106435244,1.8649501106435245,NEUTRAL,35.7914120439565,3.0690632034922083,HDFCBANK,NSE,HDFCBANK.NS
EMA_MACD,LONG,2024-11-25,2024-11-26,2024-12-10,905.0,882.375,950.25,934.0499877929688,TIME_EXIT,11,3.2099434025379834,3.0599434025379835,NEUTRAL,62.016972159069745,1.98265112377906,HDFCBANK,NSE,HDFCBANK.NS
EMA_MACD,SHORT,2025-02-24,2025-02-25,2025-02-28,835.5499877929688,856.4387374877929,793.7724884033203,856.4387374877929,STOP_LOSS,3,-2.499999999999989,-2.649999999999989,NEUTRAL,43.10964957627004,0.9998198594073557,HDFCBANK,NSE,HDFCBANK.NS
EMA_MACD,LONG,2025-03-04,2025-03-05,2025-03-20,850.9749755859375,829.7006011962891,893.5237243652344,884.375,TIME_EXIT,11,3.92491264400166,3.77491264400166,NEUTRAL,51.48525305149726,0.19925179228811818,HDFCBANK,NSE,HDFCBANK.NS
EMA_MACD,SHORT,2026-01-05,2026-01-06,2026-01-20,962.7000122070312,986.767512512207,914.5650115966796,931.2000122070312,TIME_EXIT,11,3.272047325291385,3.122047325291385,BULL,40.35343893196446,1.168333073475176,HDFCBANK,NSE,HDFCBANK.NS
EMA_MACD,LONG,2026-06-18,2026-06-19,2026-07-03,788.7000122070312,768.9825119018554,828.1350128173829,801.0499877929688,TIME_EXIT,11,1.5658647641425,1.4158647641425002,BEAR,64.84304246631845,2.0110902741989847,HDFCBANK,NSE,HDFCBANK.NS
EMA_MACD,SHORT,2026-07-22,2026-07-23,2026-08-06,749.4000244140625,768.135025024414,711.9300231933594,734.2999877929688,TIME_EXIT,11,2.0149501106435244,1.8649501106435245,NEUTRAL,35.7914120439565,3.0690632034922083,HDFCBANK,NSE,HDFCBANK.NS
RSI_ZONE,LONG,2024-11-25,2024-11-26,2024-12-10,905.0,882.375,950.25,934.0499877929688,TIME_EXIT,11,3.2099434025379834,3.0599434025379835,NEUTRAL,62.016972159069745,1.98265112377906,HDFCBANK,NSE,HDFCBANK.NS
RSI_ZONE,LONG,2025-03-19,2025-03-20,2025-03-25,877.0,855.0749999999999,920.85,920.85,TARGET,4,5.000000000000003,4.850000000000002,NEUTRAL,61.74145224372224,1.4814536110665413,HDFCBANK,NSE,HDFCBANK.NS
RSI_ZONE,SHORT,2026-01-06,2026-01-07,2026-01-21,956.0,979.8999999999999,908.1999999999999,920.3499755859376,TIME_EXIT,11,3.729082051680166,3.579082051680166,BULL,33.72012210709704,1.8267081579238782,HDFCBANK,NSE,HDFCBANK.NS
RSI_ZONE,LONG,2026-06-18,2026-06-19,2026-07-03,788.7000122070312,768.9825119018554,828.1350128173829,801.0499877929688,TIME_EXIT,11,1.5658647641425,1.4158647641425002,BEAR,64.84304246631845,2.0110902741989847,HDFCBANK,NSE,HDFCBANK.NS
RSI_ZONE,SHORT,2026-07-22,2026-07-23,2026-08-06,749.4000244140625,768.135025024414,711.9300231933594,734.2999877929688,TIME_EXIT,11,2.0149501106435244,1.8649501106435245,NEUTRAL,35.7914120439565,3.0690632034922083,HDFCBANK,NSE,HDFCBANK.NS
EXT_3,LONG,2024-11-25,2024-11-26,2024-12-10,905.0,882.375,950.25,934.0499877929688,TIME_EXIT,11,3.2099434025379834,3.0599434025379835,NEUTRAL,62.016972159069745,1.98265112377906,HDFCBANK,NSE,HDFCBANK.NS
EXT_3,LONG,2025-03-19,2025-03-20,2025-03-25,877.0,855.0749999999999,920.85,920.85,TARGET,4,5.000000000000003,4.850000000000002,NEUTRAL,61.74145224372224,1.4814536110665413,HDFCBANK,NSE,HDFCBANK.NS
EXT_3,SHORT,2026-01-06,2026-01-07,2026-01-21,956.0,979.8999999999999,908.1999999999999,920.3499755859376,TIME_EXIT,11,3.729082051680166,3.579082051680166,BULL,33.72012210709704,1.8267081579238782,HDFCBANK,NSE,HDFCBANK.NS
EXT_3,LONG,2026-06-18,2026-06-19,2026-07-03,788.7000122070312,768.9825119018554,828.1350128173829,801.0499877929688,TIME_EXIT,11,1.5658647641425,1.4158647641425002,BEAR,64.84304246631845,2.0110902741989847,HDFCBANK,NSE,HDFCBANK.NS
RSI_ZONE_EXT_3,LONG,2024-11-25,2024-11-26,2024-12-10,905.0,882.375,950.25,934.0499877929688,TIME_EXIT,11,3.2099434025379834,3.0599434025379835,NEUTRAL,62.016972159069745,1.98265112377906,HDFCBANK,NSE,HDFCBANK.NS
RSI_ZONE_EXT_3,LONG,2025-03-19,2025-03-20,2025-03-25,877.0,855.0749999999999,920.85,920.85,TARGET,4,5.000000000000003,4.850000000000002,NEUTRAL,61.74145224372224,1.4814536110665413,HDFCBANK,NSE,HDFCBANK.NS
RSI_ZONE_EXT_3,SHORT,2026-01-06,2026-01-07,2026-01-21,956.0,979.8999999999999,908.1999999999999,920.3499755859376,TIME_EXIT,11,3.729082051680166,3.579082051680166,BULL,33.72012210709704,1.8267081579238782,HDFCBANK,NSE,HDFCBANK.NS
RSI_ZONE_EXT_3,LONG,2026-06-18,2026-06-19,2026-07-03,788.7000122070312,768.9825119018554,828.1350128173829,801.0499877929688,TIME_EXIT,11,1.5658647641425,1.4158647641425002,BEAR,64.84304246631845,2.0110902741989847,HDFCBANK,NSE,HDFCBANK.NS
RSI_ZONE_NO_NEUTRAL,SHORT,2026-01-06,2026-01-07,2026-01-21,956.0,979.8999999999999,908.1999999999999,920.3499755859376,TIME_EXIT,11,3.729082051680166,3.579082051680166,BULL,33.72012210709704,1.8267081579238782,HDFCBANK,NSE,HDFCBANK.NS
RSI_ZONE_NO_NEUTRAL,LONG,2026-06-18,2026-06-19,2026-07-03,788.7000122070312,768.9825119018554,828.1350128173829,801.0499877929688,TIME_EXIT,11,1.5658647641425,1.4158647641425002,BEAR,64.84304246631845,2.0110902741989847,HDFCBANK,NSE,HDFCBANK.NS
RSI_ZONE_EXT_3_NO_NEUTRAL,SHORT,2026-01-06,2026-01-07,2026-01-21,956.0,979.8999999999999,908.1999999999999,920.3499755859376,TIME_EXIT,11,3.729082051680166,3.579082051680166,BULL,33.72012210709704,1.8267081579238782,HDFCBANK,NSE,HDFCBANK.NS
RSI_ZONE_EXT_3_NO_NEUTRAL,LONG,2026-06-18,2026-06-19,2026-07-03,788.7000122070312,768.9825119018554,828.1350128173829,801.0499877929688,TIME_EXIT,11,1.5658647641425,1.4158647641425002,BEAR,64.84304246631845,2.0110902741989847,HDFCBANK,NSE,HDFCBANK.NS
BASE_CURRENT,LONG,2025-03-20,2025-03-21,2025-04-07,114.0,111.14999999999999,119.7,111.14999999999999,STOP_LOSS,11,-2.5000000000000075,-2.6500000000000075,NEUTRAL,60.20115684718855,3.068999404474359,SAIL,NSE,SAIL.NS
BASE_CURRENT,LONG,2025-05-14,2025-05-15,2025-05-27,122.98999786376952,119.91524791717528,129.139497756958,129.139497756958,TARGET,9,5.000000000000012,4.850000000000012,NEUTRAL,61.87287734000464,4.759277209351131,SAIL,NSE,SAIL.NS
BASE_CURRENT,LONG,2025-10-29,2025-10-30,2025-10-31,138.6999969482422,135.23249702453612,145.6349967956543,135.23249702453612,STOP_LOSS,2,-2.5000000000000124,-2.6500000000000123,BULL,67.06836123058318,4.964764480817188,SAIL,NSE,SAIL.NS
BASE_CURRENT,LONG,2025-11-03,2025-11-04,2025-11-07,138.25,134.79375,145.1625,134.79375,STOP_LOSS,3,-2.500000000000008,-2.650000000000008,BULL,60.369092777440386,1.1662263701638613,SAIL,NSE,SAIL.NS
BASE_CURRENT,LONG,2026-04-08,2026-04-09,2026-04-17,164.41000366210938,160.29975357055665,172.63050384521486,172.63050384521486,TARGET,6,5.000000000000011,4.85000000000001,BEAR,60.419722901435826,3.0539422812270667,SAIL,NSE,SAIL.NS
EMA_MACD,SHORT,2025-03-17,2025-03-18,2025-03-19,106.13999938964844,108.79349937438964,100.832999420166,108.79349937438964,STOP_LOSS,2,-2.499999999999992,-2.649999999999992,NEUTRAL,46.813802259605296,0.7714076127884864,SAIL,NSE,SAIL.NS
EMA_MACD,SHORT,2025-04-11,2025-04-15,2025-04-15,110.20999908447266,112.96524906158446,104.69949913024902,112.96524906158446,STOP_LOSS,1,-2.499999999999987,-2.649999999999987,NEUTRAL,46.11553473295578,0.18935484002392788,SAIL,NSE,SAIL.NS
EMA_MACD,LONG,2025-04-21,2025-04-22,2025-04-23,118.33999633789062,115.38149642944336,124.25699615478516,115.38149642944336,STOP_LOSS,2,-2.5,-2.65,NEUTRAL,57.282846857408224,2.0908486625882214,SAIL,NSE,SAIL.NS
EMA_MACD,LONG,2025-05-14,2025-05-15,2025-05-27,122.98999786376952,119.91524791717528,129.139497756958,129.139497756958,TARGET,9,5.000000000000012,4.850000000000012,NEUTRAL,61.87287734000464,4.759277209351131,SAIL,NSE,SAIL.NS
EMA_MACD,LONG,2025-10-29,2025-10-30,2025-10-31,138.6999969482422,135.23249702453612,145.6349967956543,135.23249702453612,STOP_LOSS,2,-2.5000000000000124,-2.6500000000000123,BULL,67.06836123058318,4.964764480817188,SAIL,NSE,SAIL.NS
EMA_MACD,LONG,2026-04-07,2026-04-08,2026-04-13,164.9499969482422,160.82624702453612,173.1974967956543,160.82624702453612,STOP_LOSS,4,-2.50000000000001,-2.65000000000001,BEAR,57.17821934547183,2.239492076500479,SAIL,NSE,SAIL.NS
RSI_ZONE,LONG,2025-03-20,2025-03-21,2025-04-07,114.0,111.14999999999999,119.7,111.14999999999999,STOP_LOSS,11,-2.5000000000000075,-2.6500000000000075,NEUTRAL,60.20115684718855,3.068999404474359,SAIL,NSE,SAIL.NS
RSI_ZONE,LONG,2025-05-14,2025-05-15,2025-05-27,122.98999786376952,119.91524791717528,129.139497756958,129.139497756958,TARGET,9,5.000000000000012,4.850000000000012,NEUTRAL,61.87287734000464,4.759277209351131,SAIL,NSE,SAIL.NS
RSI_ZONE,LONG,2025-11-03,2025-11-04,2025-11-07,138.25,134.79375,145.1625,134.79375,STOP_LOSS,3,-2.500000000000008,-2.650000000000008,BULL,60.369092777440386,1.1662263701638613,SAIL,NSE,SAIL.NS
RSI_ZONE,LONG,2026-04-08,2026-04-09,2026-04-17,164.41000366210938,160.29975357055665,172.63050384521486,172.63050384521486,TARGET,6,5.000000000000011,4.85000000000001,BEAR,60.419722901435826,3.0539422812270667,SAIL,NSE,SAIL.NS
EXT_3,LONG,2025-03-21,2025-03-24,2025-03-26,116.0999984741211,113.19749851226807,121.90499839782716,113.19749851226807,STOP_LOSS,3,-2.499999999999998,-2.6499999999999977,NEUTRAL,62.08427050839647,2.813808205731511,SAIL,NSE,SAIL.NS
EXT_3,LONG,2025-05-16,2025-05-19,2025-05-27,122.4800033569336,119.41800327301026,128.60400352478027,128.60400352478027,TARGET,7,4.999999999999996,4.849999999999995,NEUTRAL,61.49556096597517,1.9471365151821902,SAIL,NSE,SAIL.NS
EXT_3,LONG,2025-11-03,2025-11-04,2025-11-07,138.25,134.79375,145.1625,134.79375,STOP_LOSS,3,-2.500000000000008,-2.650000000000008,BULL,60.369092777440386,1.1662263701638613,SAIL,NSE,SAIL.NS
RSI_ZONE_EXT_3,LONG,2025-03-21,2025-03-24,2025-03-26,116.0999984741211,113.19749851226807,121.90499839782716,113.19749851226807,STOP_LOSS,3,-2.499999999999998,-2.6499999999999977,NEUTRAL,62.08427050839647,2.813808205731511,SAIL,NSE,SAIL.NS
RSI_ZONE_EXT_3,LONG,2025-05-16,2025-05-19,2025-05-27,122.4800033569336,119.41800327301026,128.60400352478027,128.60400352478027,TARGET,7,4.999999999999996,4.849999999999995,NEUTRAL,61.49556096597517,1.9471365151821902,SAIL,NSE,SAIL.NS
RSI_ZONE_EXT_3,LONG,2025-11-03,2025-11-04,2025-11-07,138.25,134.79375,145.1625,134.79375,STOP_LOSS,3,-2.500000000000008,-2.650000000000008,BULL,60.369092777440386,1.1662263701638613,SAIL,NSE,SAIL.NS
RSI_ZONE_NO_NEUTRAL,LONG,2025-11-03,2025-11-04,2025-11-07,138.25,134.79375,145.1625,134.79375,STOP_LOSS,3,-2.500000000000008,-2.650000000000008,BULL,60.369092777440386,1.1662263701638613,SAIL,NSE,SAIL.NS
RSI_ZONE_NO_NEUTRAL,LONG,2026-04-08,2026-04-09,2026-04-17,164.41000366210938,160.29975357055665,172.63050384521486,172.63050384521486,TARGET,6,5.000000000000011,4.85000000000001,BEAR,60.419722901435826,3.0539422812270667,SAIL,NSE,SAIL.NS
RSI_ZONE_EXT_3_NO_NEUTRAL,LONG,2025-11-03,2025-11-04,2025-11-07,138.25,134.79375,145.1625,134.79375,STOP_LOSS,3,-2.500000000000008,-2.650000000000008,BULL,60.369092777440386,1.1662263701638613,SAIL,NSE,SAIL.NS
BASE_CURRENT,LONG,2024-11-05,2024-11-06,2024-11-07,17.43600082397461,17.000100803375243,18.30780086517334,17.000100803375243,STOP_LOSS,2,-2.500000000000004,-2.650000000000004,NEUTRAL,68.93668868641845,4.516289352178477,CUPID,NSE,CUPID.NS
BASE_CURRENT,SHORT,2025-02-12,2025-02-13,2025-02-13,14.029999732971191,14.38074972629547,13.328499746322631,14.38074972629547,STOP_LOSS,1,-2.49999999999999,-2.6499999999999897,NEUTRAL,39.51420761591291,3.380864701319945,CUPID,NSE,CUPID.NS
BASE_CURRENT,LONG,2025-04-17,2025-04-21,2025-04-21,15.187999725341797,14.808299732208251,15.947399711608888,14.808299732208251,STOP_LOSS,1,-2.5000000000000044,-2.6500000000000044,NEUTRAL,70.67238694663449,8.534175487811188,CUPID,NSE,CUPID.NS
BASE_CURRENT,LONG,2025-06-27,2025-06-30,2025-07-11,21.399999618530277,20.864999628067018,22.46999959945679,22.46999959945679,TARGET,10,5.000000000000003,4.850000000000002,BULL,66.01451523595186,4.995718769957824,CUPID,NSE,CUPID.NS
BASE_CURRENT,SHORT,2026-03-02,2026-03-04,2026-03-04,75.19999694824219,77.07999687194824,71.43999710083007,77.07999687194824,STOP_LOSS,1,-2.4999999999999964,-2.6499999999999964,BEAR,38.01232502137928,4.747201257371091,CUPID,NSE,CUPID.NS
BASE_CURRENT,LONG,2026-03-10,2026-03-11,2026-03-11,91.75,89.45625,96.3375,89.45625,STOP_LOSS,1,-2.500000000000003,-2.650000000000003,BEAR,63.415350604791236,6.901749245497777,CUPID,NSE,CUPID.NS
BASE_CURRENT,LONG,2026-04-06,2026-04-07,2026-04-07,88.0,85.8,92.4,85.8,STOP_LOSS,1,-2.500000000000003,-2.650000000000003,BEAR,60.19186647582594,2.7475630843135477,CUPID,NSE,CUPID.NS
EMA_MACD,LONG,2024-11-05,2024-11-06,2024-11-07,17.43600082397461,17.000100803375243,18.30780086517334,17.000100803375243,STOP_LOSS,2,-2.500000000000004,-2.650000000000004,NEUTRAL,68.93668868641845,4.516289352178477,CUPID,NSE,CUPID.NS
EMA_MACD,SHORT,2025-02-12,2025-02-13,2025-02-13,14.029999732971191,14.38074972629547,13.328499746322631,14.38074972629547,STOP_LOSS,1,-2.49999999999999,-2.6499999999999897,NEUTRAL,39.51420761591291,3.380864701319945,CUPID,NSE,CUPID.NS
EMA_MACD,SHORT,2025-02-14,2025-02-17,2025-02-17,13.779999732971191,14.12449972629547,13.09099974632263,14.12449972629547,STOP_LOSS,1,-2.499999999999992,-2.649999999999992,NEUTRAL,42.192813247686736,2.791731841038564,CUPID,NSE,CUPID.NS
EMA_MACD,LONG,2025-04-17,2025-04-21,2025-04-21,15.187999725341797,14.808299732208251,15.947399711608888,14.808299732208251,STOP_LOSS,1,-2.5000000000000044,-2.6500000000000044,NEUTRAL,70.67238694663449,8.534175487811188,CUPID,NSE,CUPID.NS
EMA_MACD,LONG,2025-06-27,2025-06-30,2025-07-11,21.399999618530277,20.864999628067018,22.46999959945679,22.46999959945679,TARGET,10,5.000000000000003,4.850000000000002,BULL,66.01451523595186,4.995718769957824,CUPID,NSE,CUPID.NS
EMA_MACD,LONG,2026-02-10,2026-02-11,2026-02-12,87.48999786376953,85.3027479171753,91.86449775695802,85.3027479171753,STOP_LOSS,2,-2.4999999999999964,-2.6499999999999964,NEUTRAL,55.32561000547962,2.4957535768236885,CUPID,NSE,CUPID.NS
EMA_MACD,LONG,2026-02-20,2026-02-23,2026-02-24,85.1500015258789,83.02125148773193,89.40750160217286,83.02125148773193,STOP_LOSS,2,-2.500000000000003,-2.650000000000003,NEUTRAL,51.82109904292311,0.8592876213981155,CUPID,NSE,CUPID.NS
EMA_MACD,SHORT,2026-02-25,2026-02-26,2026-03-02,82.68000030517578,84.74700031280517,78.54600028991699,78.54600028991699,TARGET,3,5.0000000000000036,4.850000000000003,NEUTRAL,47.39337552199049,1.2153579678584718,CUPID,NSE,CUPID.NS
EMA_MACD,LONG,2026-03-10,2026-03-11,2026-03-11,91.75,89.45625,96.3375,89.45625,STOP_LOSS,1,-2.500000000000003,-2.650000000000003,BEAR,63.415350604791236,6.901749245497777,CUPID,NSE,CUPID.NS
EMA_MACD,SHORT,2026-03-13,2026-03-16,2026-03-16,75.9000015258789,77.79750156402588,72.10500144958496,77.79750156402588,STOP_LOSS,1,-2.5,-2.65,BEAR,41.585525426093064,7.1293790623449675,CUPID,NSE,CUPID.NS
EMA_MACD,LONG,2026-04-01,2026-04-02,2026-04-07,85.5,83.3625,89.775,89.775,TARGET,3,5.000000000000006,4.850000000000006,BEAR,57.755789597033534,3.717768547815182,CUPID,NSE,CUPID.NS
RSI_ZONE,SHORT,2025-02-12,2025-02-13,2025-02-13,14.029999732971191,14.38074972629547,13.328499746322631,14.38074972629547,STOP_LOSS,1,-2.49999999999999,-2.6499999999999897,NEUTRAL,39.51420761591291,3.380864701319945,CUPID,NSE,CUPID.NS
RSI_ZONE,SHORT,2026-03-02,2026-03-04,2026-03-04,75.19999694824219,77.07999687194824,71.43999710083007,77.07999687194824,STOP_LOSS,1,-2.4999999999999964,-2.6499999999999964,BEAR,38.01232502137928,4.747201257371091,CUPID,NSE,CUPID.NS
RSI_ZONE,LONG,2026-03-10,2026-03-11,2026-03-11,91.75,89.45625,96.3375,89.45625,STOP_LOSS,1,-2.500000000000003,-2.650000000000003,BEAR,63.415350604791236,6.901749245497777,CUPID,NSE,CUPID.NS
RSI_ZONE,LONG,2026-04-06,2026-04-07,2026-04-07,88.0,85.8,92.4,85.8,STOP_LOSS,1,-2.500000000000003,-2.650000000000003,BEAR,60.19186647582594,2.7475630843135477,CUPID,NSE,CUPID.NS
EXT_3,LONG,2026-04-06,2026-04-07,2026-04-07,88.0,85.8,92.4,85.8,STOP_LOSS,1,-2.500000000000003,-2.650000000000003,BEAR,60.19186647582594,2.7475630843135477,CUPID,NSE,CUPID.NS
RSI_ZONE_EXT_3,LONG,2026-04-06,2026-04-07,2026-04-07,88.0,85.8,92.4,85.8,STOP_LOSS,1,-2.500000000000003,-2.650000000000003,BEAR,60.19186647582594,2.7475630843135477,CUPID,NSE,CUPID.NS
RSI_ZONE_NO_NEUTRAL,SHORT,2026-03-02,2026-03-04,2026-03-04,75.19999694824219,77.07999687194824,71.43999710083007,77.07999687194824,STOP_LOSS,1,-2.4999999999999964,-2.6499999999999964,BEAR,38.01232502137928,4.747201257371091,CUPID,NSE,CUPID.NS
RSI_ZONE_NO_NEUTRAL,LONG,2026-03-10,2026-03-11,2026-03-11,91.75,89.45625,96.3375,89.45625,STOP_LOSS,1,-2.500000000000003,-2.650000000000003,BEAR,63.415350604791236,6.901749245497777,CUPID,NSE,CUPID.NS
RSI_ZONE_NO_NEUTRAL,LONG,2026-04-06,2026-04-07,2026-04-07,88.0,85.8,92.4,85.8,STOP_LOSS,1,-2.500000000000003,-2.650000000000003,BEAR,60.19186647582594,2.7475630843135477,CUPID,NSE,CUPID.NS
RSI_ZONE_EXT_3_NO_NEUTRAL,LONG,2026-04-06,2026-04-07,2026-04-07,88.0,85.8,92.4,85.8,STOP_LOSS,1,-2.500000000000003,-2.650000000000003,BEAR,60.19186647582594,2.7475630843135477,CUPID,NSE,CUPID.NS
BASE_CURRENT,SHORT,2025-09-29,2025-09-30,2025-10-03,35.369998931884766,36.25424890518188,33.601498985290526,36.25424890518188,STOP_LOSS,3,-2.499999999999992,-2.649999999999992,BULL,35.71758219113666,2.8302766835279387,JINDWORLD,NSE,JINDWORLD.NS
BASE_CURRENT,SHORT,2025-11-06,2025-11-07,2025-11-21,35.09000015258789,35.967250156402585,33.335500144958495,33.335500144958495,TARGET,11,5.0000000000000036,4.850000000000003,BULL,37.54472266494185,2.273210140763178,JINDWORLD,NSE,JINDWORLD.NS
BASE_CURRENT,LONG,2026-07-16,2026-07-17,2026-07-17,32.79999923706055,31.979999256134032,34.439999198913576,31.979999256134032,STOP_LOSS,1,-2.500000000000002,-2.650000000000002,NEUTRAL,64.3172087329082,5.027298724820042,JINDWORLD,NSE,JINDWORLD.NS
BASE_CURRENT,LONG,2026-07-21,2026-07-22,2026-07-22,38.38999938964844,37.43024940490722,40.30949935913086,37.43024940490722,STOP_LOSS,1,-2.500000000000011,-2.650000000000011,NEUTRAL,77.84335580675842,12.78676188288698,JINDWORLD,NSE,JINDWORLD.NS
BASE_CURRENT,LONG,2026-08-31,2026-09-01,2026-09-01,39.34999847412109,38.36624851226806,41.317498397827144,41.317498397827144,TARGET,1,5.000000000000008,4.850000000000008,NEUTRAL,61.05333690528975,3.3430679432910013,JINDWORLD,NSE,JINDWORLD.NS
EMA_MACD,LONG,2024-11-26,2024-11-27,2024-11-27,65.62999725341797,63.98924732208252,68.91149711608887,63.98924732208252,STOP_LOSS,1,-2.5,-2.65,NEUTRAL,55.421449907996205,1.6811359697659258,JINDWORLD,NSE,JINDWORLD.NS
EMA_MACD,SHORT,2025-02-12,2025-02-13,2025-02-14,77.41000366210938,79.3452537536621,73.5395034790039,73.5395034790039,TARGET,2,5.000000000000011,4.85000000000001,NEUTRAL,43.90864773580142,1.715037335971748,JINDWORLD,NSE,JINDWORLD.NS
EMA_MACD,SHORT,2025-04-30,2025-05-02,2025-05-05,67.5,69.1875,64.125,64.125,TARGET,2,5.0,4.85,NEUTRAL,46.93202588766509,1.3125644611006202,JINDWORLD,NSE,JINDWORLD.NS
EMA_MACD,SHORT,2025-09-29,2025-09-30,2025-10-03,35.369998931884766,36.25424890518188,33.601498985290526,36.25424890518188,STOP_LOSS,3,-2.499999999999992,-2.649999999999992,BULL,35.71758219113666,2.8302766835279387,JINDWORLD,NSE,JINDWORLD.NS
EMA_MACD,SHORT,2025-10-31,2025-11-03,2025-11-11,36.380001068115234,37.289501094818114,34.56100101470947,34.56100101470947,TARGET,6,5.0000000000000115,4.850000000000011,BULL,45.80348119797521,0.8725252119304953,JINDWORLD,NSE,JINDWORLD.NS
EMA_MACD,SHORT,2026-02-20,2026-02-23,2026-02-23,26.700000762939453,27.367500782012936,25.36500072479248,25.36500072479248,TARGET,1,5.0,4.85,NEUTRAL,41.66183134300742,2.931521153510235,JINDWORLD,NSE,JINDWORLD.NS
EMA_MACD,LONG,2026-07-16,2026-07-17,2026-07-17,32.79999923706055,31.979999256134032,34.439999198913576,31.979999256134032,STOP_LOSS,1,-2.500000000000002,-2.650000000000002,NEUTRAL,64.3172087329082,5.027298724820042,JINDWORLD,NSE,JINDWORLD.NS
EMA_MACD,LONG,2026-08-31,2026-09-01,2026-09-01,39.34999847412109,38.36624851226806,41.317498397827144,41.317498397827144,TARGET,1,5.000000000000008,4.850000000000008,NEUTRAL,61.05333690528975,3.3430679432910013,JINDWORLD,NSE,JINDWORLD.NS
RSI_ZONE,SHORT,2025-09-29,2025-09-30,2025-10-03,35.369998931884766,36.25424890518188,33.601498985290526,36.25424890518188,STOP_LOSS,3,-2.499999999999992,-2.649999999999992,BULL,35.71758219113666,2.8302766835279387,JINDWORLD,NSE,JINDWORLD.NS
RSI_ZONE,SHORT,2025-11-06,2025-11-07,2025-11-21,35.09000015258789,35.967250156402585,33.335500144958495,33.335500144958495,TARGET,11,5.0000000000000036,4.850000000000003,BULL,37.54472266494185,2.273210140763178,JINDWORLD,NSE,JINDWORLD.NS
RSI_ZONE,LONG,2026-07-16,2026-07-17,2026-07-17,32.79999923706055,31.979999256134032,34.439999198913576,31.979999256134032,STOP_LOSS,1,-2.500000000000002,-2.650000000000002,NEUTRAL,64.3172087329082,5.027298724820042,JINDWORLD,NSE,JINDWORLD.NS
RSI_ZONE,LONG,2026-08-31,2026-09-01,2026-09-01,39.34999847412109,38.36624851226806,41.317498397827144,41.317498397827144,TARGET,1,5.000000000000008,4.850000000000008,NEUTRAL,61.05333690528975,3.3430679432910013,JINDWORLD,NSE,JINDWORLD.NS
RSI_ZONE,LONG,2026-09-02,2026-09-03,2026-09-03,40.52000045776367,39.50700044631958,42.546000480651855,42.546000480651855,TARGET,1,5.0,4.85,NEUTRAL,62.44718045638783,2.4637003133794613,JINDWORLD,NSE,JINDWORLD.NS
EXT_3,SHORT,2025-09-29,2025-09-30,2025-10-03,35.369998931884766,36.25424890518188,33.601498985290526,36.25424890518188,STOP_LOSS,3,-2.499999999999992,-2.649999999999992,BULL,35.71758219113666,2.8302766835279387,JINDWORLD,NSE,JINDWORLD.NS
EXT_3,SHORT,2025-11-06,2025-11-07,2025-11-21,35.09000015258789,35.967250156402585,33.335500144958495,33.335500144958495,TARGET,11,5.0000000000000036,4.850000000000003,BULL,37.54472266494185,2.273210140763178,JINDWORLD,NSE,JINDWORLD.NS
EXT_3,LONG,2026-09-02,2026-09-03,2026-09-03,40.52000045776367,39.50700044631958,42.546000480651855,42.546000480651855,TARGET,1,5.0,4.85,NEUTRAL,62.44718045638783,2.4637003133794613,JINDWORLD,NSE,JINDWORLD.NS
RSI_ZONE_EXT_3,SHORT,2025-09-29,2025-09-30,2025-10-03,35.369998931884766,36.25424890518188,33.601498985290526,36.25424890518188,STOP_LOSS,3,-2.499999999999992,-2.649999999999992,BULL,35.71758219113666,2.8302766835279387,JINDWORLD,NSE,JINDWORLD.NS
RSI_ZONE_EXT_3,SHORT,2025-11-06,2025-11-07,2025-11-21,35.09000015258789,35.967250156402585,33.335500144958495,33.335500144958495,TARGET,11,5.0000000000000036,4.850000000000003,BULL,37.54472266494185,2.273210140763178,JINDWORLD,NSE,JINDWORLD.NS
RSI_ZONE_EXT_3,LONG,2026-09-02,2026-09-03,2026-09-03,40.52000045776367,39.50700044631958,42.546000480651855,42.546000480651855,TARGET,1,5.0,4.85,NEUTRAL,62.44718045638783,2.4637003133794613,JINDWORLD,NSE,JINDWORLD.NS
RSI_ZONE_NO_NEUTRAL,SHORT,2025-09-29,2025-09-30,2025-10-03,35.369998931884766,36.25424890518188,33.601498985290526,36.25424890518188,STOP_LOSS,3,-2.499999999999992,-2.649999999999992,BULL,35.71758219113666,2.8302766835279387,JINDWORLD,NSE,JINDWORLD.NS
RSI_ZONE_NO_NEUTRAL,SHORT,2025-11-06,2025-11-07,2025-11-21,35.09000015258789,35.967250156402585,33.335500144958495,33.335500144958495,TARGET,11,5.0000000000000036,4.850000000000003,BULL,37.54472266494185,2.273210140763178,JINDWORLD,NSE,JINDWORLD.NS
RSI_ZONE_EXT_3_NO_NEUTRAL,SHORT,2025-09-29,2025-09-30,2025-10-03,35.369998931884766,36.25424890518188,33.601498985290526,36.25424890518188,STOP_LOSS,3,-2.499999999999992,-2.649999999999992,BULL,35.71758219113666,2.8302766835279387,JINDWORLD,NSE,JINDWORLD.NS
RSI_ZONE_EXT_3_NO_NEUTRAL,SHORT,2025-11-06,2025-11-07,2025-11-21,35.09000015258789,35.967250156402585,33.335500144958495,33.335500144958495,TARGET,11,5.0000000000000036,4.850000000000003,BULL,37.54472266494185,2.273210140763178,JINDWORLD,NSE,JINDWORLD.NS
BASE_CURRENT,LONG,2025-10-16,2025-10-17,2025-10-17,447.0,435.825,469.35,435.825,STOP_LOSS,1,-2.5000000000000027,-2.6500000000000026,BULL,62.08533837544074,1.7277830025168663,SWIGGY,NSE,SWIGGY.NS
BASE_CURRENT,LONG,2026-07-29,2026-07-30,2026-08-03,285.989990234375,278.8402404785156,300.28948974609375,278.8402404785156,STOP_LOSS,3,-2.5,-2.65,NEUTRAL,63.300205974111186,6.003979954143216,SWIGGY,NSE,SWIGGY.NS
EMA_MACD,LONG,2025-10-13,2025-10-14,2025-10-16,435.2000122070313,424.32001190185554,456.9600128173829,456.9600128173829,TARGET,3,5.000000000000007,4.850000000000007,BULL,54.90323128517614,0.8590448984615846,SWIGGY,NSE,SWIGGY.NS
EMA_MACD,SHORT,2025-12-29,2025-12-30,2026-01-06,395.0,404.87499999999994,375.25,375.25,TARGET,6,5.0,4.85,BULL,46.28295309188578,0.8829689626127193,SWIGGY,NSE,SWIGGY.NS
EMA_MACD,LONG,2026-07-29,2026-07-30,2026-08-03,285.989990234375,278.8402404785156,300.28948974609375,278.8402404785156,STOP_LOSS,3,-2.5,-2.65,NEUTRAL,63.300205974111186,6.003979954143216,SWIGGY,NSE,SWIGGY.NS
RSI_ZONE,LONG,2025-10-16,2025-10-17,2025-10-17,447.0,435.825,469.35,435.825,STOP_LOSS,1,-2.5000000000000027,-2.6500000000000026,BULL,62.08533837544074,1.7277830025168663,SWIGGY,NSE,SWIGGY.NS
RSI_ZONE,LONG,2026-07-29,2026-07-30,2026-08-03,285.989990234375,278.8402404785156,300.28948974609375,278.8402404785156,STOP_LOSS,3,-2.5,-2.65,NEUTRAL,63.300205974111186,6.003979954143216,SWIGGY,NSE,SWIGGY.NS
EXT_3,LONG,2025-10-16,2025-10-17,2025-10-17,447.0,435.825,469.35,435.825,STOP_LOSS,1,-2.5000000000000027,-2.6500000000000026,BULL,62.08533837544074,1.7277830025168663,SWIGGY,NSE,SWIGGY.NS
EXT_3,LONG,2026-08-03,2026-08-04,2026-08-06,286.3500061035156,279.1912559509277,300.6675064086914,300.6675064086914,TARGET,3,4.9999999999999964,4.849999999999996,BULL,60.65568044761395,1.6029345713932188,SWIGGY,NSE,SWIGGY.NS
RSI_ZONE_EXT_3,LONG,2025-10-16,2025-10-17,2025-10-17,447.0,435.825,469.35,435.825,STOP_LOSS,1,-2.5000000000000027,-2.6500000000000026,BULL,62.08533837544074,1.7277830025168663,SWIGGY,NSE,SWIGGY.NS
RSI_ZONE_EXT_3,LONG,2026-08-03,2026-08-04,2026-08-06,286.3500061035156,279.1912559509277,300.6675064086914,300.6675064086914,TARGET,3,4.9999999999999964,4.849999999999996,BULL,60.65568044761395,1.6029345713932188,SWIGGY,NSE,SWIGGY.NS
RSI_ZONE_NO_NEUTRAL,LONG,2025-10-16,2025-10-17,2025-10-17,447.0,435.825,469.35,435.825,STOP_LOSS,1,-2.5000000000000027,-2.6500000000000026,BULL,62.08533837544074,1.7277830025168663,SWIGGY,NSE,SWIGGY.NS
RSI_ZONE_NO_NEUTRAL,LONG,2026-08-03,2026-08-04,2026-08-06,286.3500061035156,279.1912559509277,300.6675064086914,300.6675064086914,TARGET,3,4.9999999999999964,4.849999999999996,BULL,60.65568044761395,1.6029345713932188,SWIGGY,NSE,SWIGGY.NS
RSI_ZONE_EXT_3_NO_NEUTRAL,LONG,2025-10-16,2025-10-17,2025-10-17,447.0,435.825,469.35,435.825,STOP_LOSS,1,-2.5000000000000027,-2.6500000000000026,BULL,62.08533837544074,1.7277830025168663,SWIGGY,NSE,SWIGGY.NS
RSI_ZONE_EXT_3_NO_NEUTRAL,LONG,2026-08-03,2026-08-04,2026-08-06,286.3500061035156,279.1912559509277,300.6675064086914,300.6675064086914,TARGET,3,4.9999999999999964,4.849999999999996,BULL,60.65568044761395,1.6029345713932188,SWIGGY,NSE,SWIGGY.NS
BASE_CURRENT,LONG,2025-06-27,2025-06-30,2025-07-10,117.9000015258789,114.95250148773194,123.79500160217286,123.79500160217286,TARGET,9,5.000000000000007,4.850000000000007,BULL,61.289614424588116,3.061703609649125,ADANIPOWER,NSE,ADANIPOWER.NS
BASE_CURRENT,LONG,2026-02-05,2026-02-06,2026-02-10,152.0,148.2,159.6,148.2,STOP_LOSS,3,-2.5000000000000075,-2.6500000000000075,NEUTRAL,65.23198167010295,4.416892756898576,ADANIPOWER,NSE,ADANIPOWER.NS
BASE_CURRENT,LONG,2026-03-16,2026-03-17,2026-03-18,156.0,152.1,163.8,152.1,STOP_LOSS,2,-2.5000000000000036,-2.6500000000000035,BEAR,65.41632173305192,4.641229572796108,ADANIPOWER,NSE,ADANIPOWER.NS
EMA_MACD,LONG,2025-01-17,2025-01-20,2025-01-21,110.25,107.49374999999999,115.7625,107.49374999999999,STOP_LOSS,2,-2.500000000000008,-2.650000000000008,NEUTRAL,56.724669516488795,2.3706163007430425,ADANIPOWER,NSE,ADANIPOWER.NS
EMA_MACD,SHORT,2025-01-27,2025-01-28,2025-01-29,99.47000122070312,101.9567512512207,94.49650115966796,101.9567512512207,STOP_LOSS,2,-2.4999999999999916,-2.6499999999999915,NEUTRAL,43.05213098582331,3.5535974252769456,ADANIPOWER,NSE,ADANIPOWER.NS
EMA_MACD,LONG,2025-05-16,2025-05-19,2025-05-21,113.3000030517578,110.46750297546384,118.96500320434569,110.46750297546384,STOP_LOSS,3,-2.500000000000008,-2.650000000000008,NEUTRAL,59.19568351008064,3.2683836306428518,ADANIPOWER,NSE,ADANIPOWER.NS
EMA_MACD,SHORT,2025-06-23,2025-06-24,2025-06-25,108.9800033569336,111.70450344085693,103.5310031890869,111.70450344085693,STOP_LOSS,2,-2.499999999999992,-2.649999999999992,NEUTRAL,43.98286116476007,0.86690767011376,ADANIPOWER,NSE,ADANIPOWER.NS
EMA_MACD,LONG,2025-06-27,2025-06-30,2025-07-10,117.9000015258789,114.95250148773194,123.79500160217286,123.79500160217286,TARGET,9,5.000000000000007,4.850000000000007,BULL,61.289614424588116,3.061703609649125,ADANIPOWER,NSE,ADANIPOWER.NS
EMA_MACD,LONG,2025-08-13,2025-08-14,2025-09-01,117.37999725341795,114.4454973220825,123.24899711608886,121.37000274658205,TIME_EXIT,11,3.399220980172503,3.249220980172503,NEUTRAL,51.01912417857703,0.0036044476573797906,ADANIPOWER,NSE,ADANIPOWER.NS
EMA_MACD,SHORT,2026-01-14,2026-01-15,2026-01-21,142.77000427246094,146.33925437927246,135.6315040588379,135.6315040588379,TARGET,5,5.0,4.85,BULL,45.84500892774714,0.3432909841335031,ADANIPOWER,NSE,ADANIPOWER.NS
EMA_MACD,LONG,2026-02-05,2026-02-06,2026-02-10,152.0,148.2,159.6,148.2,STOP_LOSS,3,-2.5000000000000075,-2.6500000000000075,NEUTRAL,65.23198167010295,4.416892756898576,ADANIPOWER,NSE,ADANIPOWER.NS
EMA_MACD,LONG,2026-03-16,2026-03-17,2026-03-18,156.0,152.1,163.8,152.1,STOP_LOSS,2,-2.5000000000000036,-2.6500000000000035,BEAR,65.41632173305192,4.641229572796108,ADANIPOWER,NSE,ADANIPOWER.NS
RSI_ZONE,LONG,2025-06-27,2025-06-30,2025-07-10,117.9000015258789,114.95250148773194,123.79500160217286,123.79500160217286,TARGET,9,5.000000000000007,4.850000000000007,BULL,61.289614424588116,3.061703609649125,ADANIPOWER,NSE,ADANIPOWER.NS
RSI_ZONE,LONG,2026-02-06,2026-02-09,2026-02-10,154.0,150.15,161.70000000000002,150.15,STOP_LOSS,2,-2.4999999999999964,-2.6499999999999964,NEUTRAL,64.00896148660708,2.5885708850275475,ADANIPOWER,NSE,ADANIPOWER.NS
RSI_ZONE,LONG,2026-03-18,2026-03-19,2026-03-23,151.0,147.225,158.55,147.225,STOP_LOSS,3,-2.5000000000000036,-2.6500000000000035,BEAR,63.9948516665988,1.7846491977703125,ADANIPOWER,NSE,ADANIPOWER.NS
EXT_3,LONG,2025-06-30,2025-07-01,2025-07-10,117.68000030517578,114.73800029754638,123.56400032043457,123.56400032043457,TARGET,8,5.000000000000003,4.850000000000002,BULL,61.71748322271573,2.181685618226261,ADANIPOWER,NSE,ADANIPOWER.NS
EXT_3,LONG,2026-02-06,2026-02-09,2026-02-10,154.0,150.15,161.70000000000002,150.15,STOP_LOSS,2,-2.4999999999999964,-2.6499999999999964,NEUTRAL,64.00896148660708,2.5885708850275475,ADANIPOWER,NSE,ADANIPOWER.NS
EXT_3,LONG,2026-03-18,2026-03-19,2026-03-23,151.0,147.225,158.55,147.225,STOP_LOSS,3,-2.5000000000000036,-2.6500000000000035,BEAR,63.9948516665988,1.7846491977703125,ADANIPOWER,NSE,ADANIPOWER.NS
RSI_ZONE_EXT_3,LONG,2025-06-30,2025-07-01,2025-07-10,117.68000030517578,114.73800029754638,123.56400032043457,123.56400032043457,TARGET,8,5.000000000000003,4.850000000000002,BULL,61.71748322271573,2.181685618226261,ADANIPOWER,NSE,ADANIPOWER.NS
RSI_ZONE_EXT_3,LONG,2026-02-06,2026-02-09,2026-02-10,154.0,150.15,161.70000000000002,150.15,STOP_LOSS,2,-2.4999999999999964,-2.6499999999999964,NEUTRAL,64.00896148660708,2.5885708850275475,ADANIPOWER,NSE,ADANIPOWER.NS
RSI_ZONE_EXT_3,LONG,2026-03-18,2026-03-19,2026-03-23,151.0,147.225,158.55,147.225,STOP_LOSS,3,-2.5000000000000036,-2.6500000000000035,BEAR,63.9948516665988,1.7846491977703125,ADANIPOWER,NSE,ADANIPOWER.NS
RSI_ZONE_NO_NEUTRAL,LONG,2025-06-27,2025-06-30,2025-07-10,117.9000015258789,114.95250148773194,123.79500160217286,123.79500160217286,TARGET,9,5.000000000000007,4.850000000000007,BULL,61.289614424588116,3.061703609649125,ADANIPOWER,NSE,ADANIPOWER.NS
RSI_ZONE_NO_NEUTRAL,LONG,2026-03-18,2026-03-19,2026-03-23,151.0,147.225,158.55,147.225,STOP_LOSS,3,-2.5000000000000036,-2.6500000000000035,BEAR,63.9948516665988,1.7846491977703125,ADANIPOWER,NSE,ADANIPOWER.NS
RSI_ZONE_EXT_3_NO_NEUTRAL,LONG,2025-06-30,2025-07-01,2025-07-10,117.68000030517578,114.73800029754638,123.56400032043457,123.56400032043457,TARGET,8,5.000000000000003,4.850000000000002,BULL,61.71748322271573,2.181685618226261,ADANIPOWER,NSE,ADANIPOWER.NS
RSI_ZONE_EXT_3_NO_NEUTRAL,LONG,2026-03-18,2026-03-19,2026-03-23,151.0,147.225,158.55,147.225,STOP_LOSS,3,-2.5000000000000036,-2.6500000000000035,BEAR,63.9948516665988,1.7846491977703125,ADANIPOWER,NSE,ADANIPOWER.NS
BASE_CURRENT,SHORT,2026-05-14,2026-05-15,2026-05-18,156.39999389648438,160.30999374389648,148.57999420166016,148.57999420166016,TARGET,2,5.0,4.85,BEAR,28.127980937567145,10.581908118250492,PINELABS,NSE,PINELABS.NS
BASE_CURRENT,SHORT,2026-07-08,2026-07-09,2026-07-10,142.83999633789062,146.41099624633787,135.6979965209961,146.41099624633787,STOP_LOSS,2,-2.499999999999988,-2.649999999999988,NEUTRAL,36.625631071137754,4.791054453922064,PINELABS,NSE,PINELABS.NS
BASE_CURRENT,LONG,2026-08-10,2026-08-11,2026-08-11,162.72999572753906,158.66174583435057,170.86649551391602,170.86649551391602,TARGET,1,5.0000000000000036,4.850000000000003,BULL,60.038482978458276,4.320826407344163,PINELABS,NSE,PINELABS.NS
EMA_MACD,SHORT,2026-01-30,2026-02-02,2026-02-09,226.99000549316406,232.66475563049315,215.64050521850584,215.64050521850584,TARGET,6,5.00000000000001,4.850000000000009,NEUTRAL,44.913318855666645,0.609510290534612,PINELABS,NSE,PINELABS.NS
EMA_MACD,SHORT,2026-05-14,2026-05-15,2026-05-18,156.39999389648438,160.30999374389648,148.57999420166016,148.57999420166016,TARGET,2,5.0,4.85,BEAR,28.127980937567145,10.581908118250492,PINELABS,NSE,PINELABS.NS
EMA_MACD,SHORT,2026-07-08,2026-07-09,2026-07-10,142.83999633789062,146.41099624633787,135.6979965209961,146.41099624633787,STOP_LOSS,2,-2.499999999999988,-2.649999999999988,NEUTRAL,36.625631071137754,4.791054453922064,PINELABS,NSE,PINELABS.NS
EMA_MACD,SHORT,2026-07-22,2026-07-23,2026-07-28,146.94000244140625,150.6135025024414,139.59300231933594,150.6135025024414,STOP_LOSS,4,-2.5,-2.65,NEUTRAL,42.706958762862655,2.1940338961725256,PINELABS,NSE,PINELABS.NS
EMA_MACD,LONG,2026-08-10,2026-08-11,2026-08-11,162.72999572753906,158.66174583435057,170.86649551391602,170.86649551391602,TARGET,1,5.0000000000000036,4.850000000000003,BULL,60.038482978458276,4.320826407344163,PINELABS,NSE,PINELABS.NS
RSI_ZONE,SHORT,2026-07-08,2026-07-09,2026-07-10,142.83999633789062,146.41099624633787,135.6979965209961,146.41099624633787,STOP_LOSS,2,-2.499999999999988,-2.649999999999988,NEUTRAL,36.625631071137754,4.791054453922064,PINELABS,NSE,PINELABS.NS
RSI_ZONE,LONG,2026-08-10,2026-08-11,2026-08-11,162.72999572753906,158.66174583435057,170.86649551391602,170.86649551391602,TARGET,1,5.0000000000000036,4.850000000000003,BULL,60.038482978458276,4.320826407344163,PINELABS,NSE,PINELABS.NS
EXT_3,SHORT,2026-07-09,2026-07-10,2026-07-13,144.3300018310547,147.93825187683103,137.11350173950194,147.93825187683103,STOP_LOSS,2,-2.499999999999984,-2.649999999999984,NEUTRAL,38.335267586346106,2.6845395602394553,PINELABS,NSE,PINELABS.NS
RSI_ZONE_EXT_3,SHORT,2026-07-09,2026-07-10,2026-07-13,144.3300018310547,147.93825187683103,137.11350173950194,147.93825187683103,STOP_LOSS,2,-2.499999999999984,-2.649999999999984,NEUTRAL,38.335267586346106,2.6845395602394553,PINELABS,NSE,PINELABS.NS
RSI_ZONE_NO_NEUTRAL,LONG,2026-08-10,2026-08-11,2026-08-11,162.72999572753906,158.66174583435057,170.86649551391602,170.86649551391602,TARGET,1,5.0000000000000036,4.850000000000003,BULL,60.038482978458276,4.320826407344163,PINELABS,NSE,PINELABS.NS
BASE_CURRENT,LONG,2026-06-18,2026-06-19,2026-06-19,114.25,111.39375,119.9625,119.9625,TARGET,1,5.000000000000005,4.850000000000005,BEAR,61.24808156835678,3.265582083882644,PWL,NSE,PWL.NS
EMA_MACD,LONG,2026-06-16,2026-06-17,2026-06-18,109.0,106.27499999999999,114.45,114.45,TARGET,2,5.000000000000003,4.850000000000002,BEAR,54.39641673990592,1.619895210964723,PWL,NSE,PWL.NS
RSI_ZONE,LONG,2026-06-18,2026-06-19,2026-06-19,114.25,111.39375,119.9625,119.9625,TARGET,1,5.000000000000005,4.850000000000005,BEAR,61.24808156835678,3.265582083882644,PWL,NSE,PWL.NS
RSI_ZONE_NO_NEUTRAL,LONG,2026-06-18,2026-06-19,2026-06-19,114.25,111.39375,119.9625,119.9625,TARGET,1,5.000000000000005,4.850000000000005,BEAR,61.24808156835678,3.265582083882644,PWL,NSE,PWL.NS
BASE_CURRENT,LONG,2024-11-06,2024-11-07,2024-11-08,80.66666412353516,78.64999752044677,84.69999732971192,78.64999752044677,STOP_LOSS,2,-2.5000000000000036,-2.6500000000000035,NEUTRAL,63.50834047613503,3.8355675419041795,NMDC,NSE,NMDC.NS
BASE_CURRENT,LONG,2024-12-03,2024-12-04,2024-12-10,78.8499984741211,76.87874851226806,82.79249839782715,82.79249839782715,TARGET,5,4.9999999999999964,4.849999999999996,NEUTRAL,60.535459031144605,1.9525107025266175,NMDC,NSE,NMDC.NS
BASE_CURRENT,SHORT,2024-12-19,2024-12-20,2024-12-30,71.5,73.2875,67.925,67.925,TARGET,6,5.0000000000000036,4.850000000000003,NEUTRAL,33.686462530431655,3.791523212995655,NMDC,NSE,NMDC.NS
BASE_CURRENT,SHORT,2025-04-08,2025-04-09,2025-04-11,61.56999969482422,63.10924968719482,58.491499710083005,63.10924968719482,STOP_LOSS,2,-2.4999999999999907,-2.6499999999999906,NEUTRAL,36.95568031839282,4.430424204341457,NMDC,NSE,NMDC.NS
BASE_CURRENT,LONG,2025-05-14,2025-05-15,2025-05-27,70.04000091552734,68.28900089263915,73.54200096130371,73.54200096130371,TARGET,9,5.0000000000000036,4.850000000000003,NEUTRAL,60.83446417753281,3.718486191351664,NMDC,NSE,NMDC.NS
BASE_CURRENT,LONG,2025-07-21,2025-07-22,2025-08-05,72.0,70.2,75.60000000000001,71.91999816894531,TIME_EXIT,11,-0.11111365424262153,-0.2611136542426215,BULL,62.10340407207728,2.0514434871486347,NMDC,NSE,NMDC.NS
BASE_CURRENT,LONG,2025-09-03,2025-09-04,2025-09-04,74.9000015258789,73.02750148773193,78.64500160217285,73.02750148773193,STOP_LOSS,1,-2.500000000000011,-2.650000000000011,NEUTRAL,63.278885418800044,3.38996878039155,NMDC,NSE,NMDC.NS
BASE_CURRENT,LONG,2025-09-05,2025-09-08,2025-09-22,75.0999984741211,73.22249851226806,78.85499839782715,76.86000061035156,TIME_EXIT,11,2.3435448362052265,2.1935448362052266,NEUTRAL,62.55134060137676,1.9613888969393762,NMDC,NSE,NMDC.NS
BASE_CURRENT,SHORT,2025-11-24,2025-11-25,2025-11-26,72.56999969482422,74.38424968719482,68.94149971008301,74.38424968719482,STOP_LOSS,2,-2.5,-2.65,BULL,36.63695304978135,2.013588821795099,NMDC,NSE,NMDC.NS
BASE_CURRENT,LONG,2026-02-04,2026-02-05,2026-02-05,86.12999725341797,83.97674732208252,90.43649711608887,83.97674732208252,STOP_LOSS,1,-2.500000000000003,-2.650000000000003,NEUTRAL,61.13538545628976,3.5808753999833756,NMDC,NSE,NMDC.NS
BASE_CURRENT,LONG,2026-04-09,2026-04-10,2026-04-17,85.0,82.875,89.25,89.25,TARGET,5,5.0,4.85,BEAR,62.54791570132592,2.9036339115095213,NMDC,NSE,NMDC.NS
BASE_CURRENT,LONG,2026-08-26,2026-08-27,2026-08-27,88.5,86.2875,92.925,86.2875,STOP_LOSS,1,-2.500000000000006,-2.650000000000006,NEUTRAL,63.50996576888337,2.3087521227506,NMDC,NSE,NMDC.NS
EMA_MACD,LONG,2024-11-05,2024-11-06,2024-11-06,79.24666595458984,77.2654993057251,83.20899925231934,77.2654993057251,STOP_LOSS,1,-2.4999999999999964,-2.6499999999999964,NEUTRAL,59.41396229930585,3.0859110784158967,NMDC,NSE,NMDC.NS
EMA_MACD,SHORT,2024-11-19,2024-11-21,2024-11-26,74.31999969482422,76.17799968719481,70.603999710083,76.17799968719481,STOP_LOSS,4,-2.499999999999985,-2.649999999999985,NEUTRAL,45.66609077743209,0.9490884654217552,NMDC,NSE,NMDC.NS
EMA_MACD,LONG,2024-11-29,2024-12-02,2024-12-10,77.3133316040039,75.3804983139038,81.1789981842041,81.1789981842041,TARGET,7,5.0000000000000036,4.850000000000003,NEUTRAL,55.033767336926154,1.134340157702173,NMDC,NSE,NMDC.NS
EMA_MACD,SHORT,2024-12-19,2024-12-20,2024-12-30,71.5,73.2875,67.925,67.925,TARGET,6,5.0000000000000036,4.850000000000003,NEUTRAL,33.686462530431655,3.791523212995655,NMDC,NSE,NMDC.NS
EMA_MACD,SHORT,2025-03-04,2025-03-05,2025-03-05,62.45000076293945,64.01125078201294,59.32750072479248,64.01125078201294,STOP_LOSS,1,-2.499999999999995,-2.649999999999995,NEUTRAL,42.80707868353004,1.7883379990757593,NMDC,NSE,NMDC.NS
EMA_MACD,LONG,2025-03-10,2025-03-11,2025-03-19,64.69999694824219,63.08249702453613,67.9349967956543,67.9349967956543,TARGET,6,5.000000000000004,4.850000000000004,NEUTRAL,52.41662934496491,0.20824784858514486,NMDC,NSE,NMDC.NS
EMA_MACD,SHORT,2025-04-08,2025-04-09,2025-04-11,61.56999969482422,63.10924968719482,58.491499710083005,63.10924968719482,STOP_LOSS,2,-2.4999999999999907,-2.6499999999999906,NEUTRAL,36.95568031839282,4.430424204341457,NMDC,NSE,NMDC.NS
EMA_MACD,LONG,2025-04-23,2025-04-24,2025-04-25,67.97000122070312,66.27075119018555,71.36850128173829,66.27075119018555,STOP_LOSS,2,-2.499999999999996,-2.649999999999996,NEUTRAL,56.491935380804954,1.5069035721713635,NMDC,NSE,NMDC.NS
EMA_MACD,SHORT,2025-04-30,2025-05-02,2025-05-02,65.43000030517578,67.06575031280516,62.15850028991699,67.06575031280516,STOP_LOSS,1,-2.4999999999999827,-2.6499999999999826,NEUTRAL,45.599152006119795,1.2831459592036931,NMDC,NSE,NMDC.NS
EMA_MACD,LONG,2025-05-14,2025-05-15,2025-05-27,70.04000091552734,68.28900089263915,73.54200096130371,73.54200096130371,TARGET,9,5.0000000000000036,4.850000000000003,NEUTRAL,60.83446417753281,3.718486191351664,NMDC,NSE,NMDC.NS
EMA_MACD,LONG,2025-07-21,2025-07-22,2025-08-05,72.0,70.2,75.60000000000001,71.91999816894531,TIME_EXIT,11,-0.11111365424262153,-0.2611136542426215,BULL,62.10340407207728,2.0514434871486347,NMDC,NSE,NMDC.NS
EMA_MACD,LONG,2025-09-03,2025-09-04,2025-09-04,74.9000015258789,73.02750148773193,78.64500160217285,73.02750148773193,STOP_LOSS,1,-2.500000000000011,-2.650000000000011,NEUTRAL,63.278885418800044,3.38996878039155,NMDC,NSE,NMDC.NS
EMA_MACD,LONG,2025-11-12,2025-11-13,2025-11-18,77.5,75.5625,81.375,75.5625,STOP_LOSS,4,-2.5,-2.65,BULL,58.21149699449788,1.893005952562054,NMDC,NSE,NMDC.NS
EMA_MACD,SHORT,2025-11-21,2025-11-24,2025-12-01,73.51000213623047,75.34775218963622,69.83450202941894,75.34775218963622,STOP_LOSS,6,-2.499999999999992,-2.649999999999992,BULL,40.279398274238496,1.6930681860318406,NMDC,NSE,NMDC.NS
EMA_MACD,LONG,2025-12-05,2025-12-08,2025-12-08,76.3499984741211,74.44124851226806,80.16749839782715,74.44124851226806,STOP_LOSS,1,-2.5000000000000075,-2.6500000000000075,BULL,57.44453383903508,0.8020845332011737,NMDC,NSE,NMDC.NS
EMA_MACD,LONG,2026-02-04,2026-02-05,2026-02-05,86.12999725341797,83.97674732208252,90.43649711608887,83.97674732208252,STOP_LOSS,1,-2.500000000000003,-2.650000000000003,NEUTRAL,61.13538545628976,3.5808753999833756,NMDC,NSE,NMDC.NS
EMA_MACD,SHORT,2026-02-19,2026-02-20,2026-02-23,79.0,80.975,75.05,80.975,STOP_LOSS,2,-2.499999999999993,-2.649999999999993,NEUTRAL,43.722854991747475,1.2769850242062253,NMDC,NSE,NMDC.NS
EMA_MACD,LONG,2026-04-08,2026-04-09,2026-04-15,83.0,80.925,87.15,87.15,TARGET,4,5.000000000000006,4.850000000000006,BEAR,59.417919148660644,2.5275990186835173,NMDC,NSE,NMDC.NS
EMA_MACD,SHORT,2026-08-19,2026-08-20,2026-08-24,83.87999725341797,85.97699718475342,79.68599739074706,85.97699718475342,STOP_LOSS,3,-2.4999999999999964,-2.6499999999999964,NEUTRAL,42.38203023444885,1.1894094985772408,NMDC,NSE,NMDC.NS
EMA_MACD,LONG,2026-08-26,2026-08-27,2026-08-27,88.5,86.2875,92.925,86.2875,STOP_LOSS,1,-2.500000000000006,-2.650000000000006,NEUTRAL,63.50996576888337,2.3087521227506,NMDC,NSE,NMDC.NS
RSI_ZONE,LONG,2024-11-06,2024-11-07,2024-11-08,80.66666412353516,78.64999752044677,84.69999732971192,78.64999752044677,STOP_LOSS,2,-2.5000000000000036,-2.6500000000000035,NEUTRAL,63.50834047613503,3.8355675419041795,NMDC,NSE,NMDC.NS
RSI_ZONE,LONG,2024-12-03,2024-12-04,2024-12-10,78.8499984741211,76.87874851226806,82.79249839782715,82.79249839782715,TARGET,5,4.9999999999999964,4.849999999999996,NEUTRAL,60.535459031144605,1.9525107025266175,NMDC,NSE,NMDC.NS
RSI_ZONE,SHORT,2024-12-19,2024-12-20,2024-12-30,71.5,73.2875,67.925,67.925,TARGET,6,5.0000000000000036,4.850000000000003,NEUTRAL,33.686462530431655,3.791523212995655,NMDC,NSE,NMDC.NS
RSI_ZONE,SHORT,2025-04-08,2025-04-09,2025-04-11,61.56999969482422,63.10924968719482,58.491499710083005,63.10924968719482,STOP_LOSS,2,-2.4999999999999907,-2.6499999999999906,NEUTRAL,36.95568031839282,4.430424204341457,NMDC,NSE,NMDC.NS
RSI_ZONE,LONG,2025-05-14,2025-05-15,2025-05-27,70.04000091552734,68.28900089263915,73.54200096130371,73.54200096130371,TARGET,9,5.0000000000000036,4.850000000000003,NEUTRAL,60.83446417753281,3.718486191351664,NMDC,NSE,NMDC.NS
RSI_ZONE,LONG,2025-07-21,2025-07-22,2025-08-05,72.0,70.2,75.60000000000001,71.91999816894531,TIME_EXIT,11,-0.11111365424262153,-0.2611136542426215,BULL,62.10340407207728,2.0514434871486347,NMDC,NSE,NMDC.NS
RSI_ZONE,LONG,2025-09-03,2025-09-04,2025-09-04,74.9000015258789,73.02750148773193,78.64500160217285,73.02750148773193,STOP_LOSS,1,-2.500000000000011,-2.650000000000011,NEUTRAL,63.278885418800044,3.38996878039155,NMDC,NSE,NMDC.NS
RSI_ZONE,LONG,2025-09-05,2025-09-08,2025-09-22,75.0999984741211,73.22249851226806,78.85499839782715,76.86000061035156,TIME_EXIT,11,2.3435448362052265,2.1935448362052266,NEUTRAL,62.55134060137676,1.9613888969393762,NMDC,NSE,NMDC.NS
RSI_ZONE,SHORT,2025-11-24,2025-11-25,2025-11-26,72.56999969482422,74.38424968719482,68.94149971008301,74.38424968719482,STOP_LOSS,2,-2.5,-2.65,BULL,36.63695304978135,2.013588821795099,NMDC,NSE,NMDC.NS
RSI_ZONE,LONG,2026-02-04,2026-02-05,2026-02-05,86.12999725341797,83.97674732208252,90.43649711608887,83.97674732208252,STOP_LOSS,1,-2.500000000000003,-2.650000000000003,NEUTRAL,61.13538545628976,3.5808753999833756,NMDC,NSE,NMDC.NS
RSI_ZONE,LONG,2026-04-09,2026-04-10,2026-04-17,85.0,82.875,89.25,89.25,TARGET,5,5.0,4.85,BEAR,62.54791570132592,2.9036339115095213,NMDC,NSE,NMDC.NS
RSI_ZONE,LONG,2026-08-26,2026-08-27,2026-08-27,88.5,86.2875,92.925,86.2875,STOP_LOSS,1,-2.500000000000006,-2.650000000000006,NEUTRAL,63.50996576888337,2.3087521227506,NMDC,NSE,NMDC.NS
EXT_3,LONG,2024-11-07,2024-11-08,2024-11-08,79.99333190917969,77.99349861145019,83.99299850463868,77.99349861145019,STOP_LOSS,1,-2.5000000000000036,-2.6500000000000035,NEUTRAL,61.24825615112194,1.9210119783675157,NMDC,NSE,NMDC.NS
EXT_3,LONG,2024-12-03,2024-12-04,2024-12-10,78.8499984741211,76.87874851226806,82.79249839782715,82.79249839782715,TARGET,5,4.9999999999999964,4.849999999999996,NEUTRAL,60.535459031144605,1.9525107025266175,NMDC,NSE,NMDC.NS
EXT_3,SHORT,2024-12-20,2024-12-23,2024-12-30,71.83333587646484,73.62916927337646,68.2416690826416,68.2416690826416,TARGET,5,5.000000000000012,4.850000000000012,NEUTRAL,33.00358301956496,2.8585230599561795,NMDC,NSE,NMDC.NS
EXT_3,LONG,2025-05-15,2025-05-16,2025-05-27,70.05999755859375,68.30849761962891,73.56299743652345,73.56299743652345,TARGET,8,5.000000000000012,4.850000000000012,NEUTRAL,60.87834155350318,2.4678990070643922,NMDC,NSE,NMDC.NS
EXT_3,LONG,2025-07-21,2025-07-22,2025-08-05,72.0,70.2,75.60000000000001,71.91999816894531,TIME_EXIT,11,-0.11111365424262153,-0.2611136542426215,BULL,62.10340407207728,2.0514434871486347,NMDC,NSE,NMDC.NS
EXT_3,LONG,2025-09-05,2025-09-08,2025-09-22,75.0999984741211,73.22249851226806,78.85499839782715,76.86000061035156,TIME_EXIT,11,2.3435448362052265,2.1935448362052266,NEUTRAL,62.55134060137676,1.9613888969393762,NMDC,NSE,NMDC.NS
EXT_3,SHORT,2025-11-24,2025-11-25,2025-11-26,72.56999969482422,74.38424968719482,68.94149971008301,74.38424968719482,STOP_LOSS,2,-2.5,-2.65,BULL,36.63695304978135,2.013588821795099,NMDC,NSE,NMDC.NS
EXT_3,LONG,2026-04-09,2026-04-10,2026-04-17,85.0,82.875,89.25,89.25,TARGET,5,5.0,4.85,BEAR,62.54791570132592,2.9036339115095213,NMDC,NSE,NMDC.NS
EXT_3,LONG,2026-08-26,2026-08-27,2026-08-27,88.5,86.2875,92.925,86.2875,STOP_LOSS,1,-2.500000000000006,-2.650000000000006,NEUTRAL,63.50996576888337,2.3087521227506,NMDC,NSE,NMDC.NS
RSI_ZONE_EXT_3,LONG,2024-11-07,2024-11-08,2024-11-08,79.99333190917969,77.99349861145019,83.99299850463868,77.99349861145019,STOP_LOSS,1,-2.5000000000000036,-2.6500000000000035,NEUTRAL,61.24825615112194,1.9210119783675157,NMDC,NSE,NMDC.NS
RSI_ZONE_EXT_3,LONG,2024-12-03,2024-12-04,2024-12-10,78.8499984741211,76.87874851226806,82.79249839782715,82.79249839782715,TARGET,5,4.9999999999999964,4.849999999999996,NEUTRAL,60.535459031144605,1.9525107025266175,NMDC,NSE,NMDC.NS
RSI_ZONE_EXT_3,SHORT,2024-12-20,2024-12-23,2024-12-30,71.83333587646484,73.62916927337646,68.2416690826416,68.2416690826416,TARGET,5,5.000000000000012,4.850000000000012,NEUTRAL,33.00358301956496,2.8585230599561795,NMDC,NSE,NMDC.NS
RSI_ZONE_EXT_3,LONG,2025-05-15,2025-05-16,2025-05-27,70.05999755859375,68.30849761962891,73.56299743652345,73.56299743652345,TARGET,8,5.000000000000012,4.850000000000012,NEUTRAL,60.87834155350318,2.4678990070643922,NMDC,NSE,NMDC.NS
RSI_ZONE_EXT_3,LONG,2025-07-21,2025-07-22,2025-08-05,72.0,70.2,75.60000000000001,71.91999816894531,TIME_EXIT,11,-0.11111365424262153,-0.2611136542426215,BULL,62.10340407207728,2.0514434871486347,NMDC,NSE,NMDC.NS
RSI_ZONE_EXT_3,LONG,2025-09-05,2025-09-08,2025-09-22,75.0999984741211,73.22249851226806,78.85499839782715,76.86000061035156,TIME_EXIT,11,2.3435448362052265,2.1935448362052266,NEUTRAL,62.55134060137676,1.9613888969393762,NMDC,NSE,NMDC.NS
RSI_ZONE_EXT_3,SHORT,2025-11-24,2025-11-25,2025-11-26,72.56999969482422,74.38424968719482,68.94149971008301,74.38424968719482,STOP_LOSS,2,-2.5,-2.65,BULL,36.63695304978135,2.013588821795099,NMDC,NSE,NMDC.NS
RSI_ZONE_EXT_3,LONG,2026-04-09,2026-04-10,2026-04-17,85.0,82.875,89.25,89.25,TARGET,5,5.0,4.85,BEAR,62.54791570132592,2.9036339115095213,NMDC,NSE,NMDC.NS
RSI_ZONE_EXT_3,LONG,2026-08-26,2026-08-27,2026-08-27,88.5,86.2875,92.925,86.2875,STOP_LOSS,1,-2.500000000000006,-2.650000000000006,NEUTRAL,63.50996576888337,2.3087521227506,NMDC,NSE,NMDC.NS
RSI_ZONE_NO_NEUTRAL,LONG,2025-07-21,2025-07-22,2025-08-05,72.0,70.2,75.60000000000001,71.91999816894531,TIME_EXIT,11,-0.11111365424262153,-0.2611136542426215,BULL,62.10340407207728,2.0514434871486347,NMDC,NSE,NMDC.NS
RSI_ZONE_NO_NEUTRAL,SHORT,2025-11-24,2025-11-25,2025-11-26,72.56999969482422,74.38424968719482,68.94149971008301,74.38424968719482,STOP_LOSS,2,-2.5,-2.65,BULL,36.63695304978135,2.013588821795099,NMDC,NSE,NMDC.NS
RSI_ZONE_NO_NEUTRAL,LONG,2026-04-09,2026-04-10,2026-04-17,85.0,82.875,89.25,89.25,TARGET,5,5.0,4.85,BEAR,62.54791570132592,2.9036339115095213,NMDC,NSE,NMDC.NS
RSI_ZONE_EXT_3_NO_NEUTRAL,LONG,2025-07-21,2025-07-22,2025-08-05,72.0,70.2,75.60000000000001,71.91999816894531,TIME_EXIT,11,-0.11111365424262153,-0.2611136542426215,BULL,62.10340407207728,2.0514434871486347,NMDC,NSE,NMDC.NS
RSI_ZONE_EXT_3_NO_NEUTRAL,SHORT,2025-11-24,2025-11-25,2025-11-26,72.56999969482422,74.38424968719482,68.94149971008301,74.38424968719482,STOP_LOSS,2,-2.5,-2.65,BULL,36.63695304978135,2.013588821795099,NMDC,NSE,NMDC.NS
RSI_ZONE_EXT_3_NO_NEUTRAL,LONG,2026-04-09,2026-04-10,2026-04-17,85.0,82.875,89.25,89.25,TARGET,5,5.0,4.85,BEAR,62.54791570132592,2.9036339115095213,NMDC,NSE,NMDC.NS
BASE_CURRENT,SHORT,2024-12-17,2024-12-18,2024-12-20,121.36000061035156,124.39400062561035,115.29200057983398,115.29200057983398,TARGET,3,5.000000000000003,4.850000000000002,NEUTRAL,38.3285547330725,2.814416960574399,HFCL,NSE,HFCL.NS
BASE_CURRENT,LONG,2025-05-15,2025-05-16,2025-05-16,90.8000030517578,88.53000297546384,95.34000320434569,88.53000297546384,STOP_LOSS,1,-2.5000000000000098,-2.6500000000000097,NEUTRAL,63.69123123590299,6.607653703458202,HFCL,NSE,HFCL.NS
BASE_CURRENT,SHORT,2025-06-19,2025-06-20,2025-06-20,79.37000274658203,81.35425281524658,75.40150260925293,81.35425281524658,STOP_LOSS,1,-2.5,-2.65,NEUTRAL,35.51628471384001,4.186980105227991,HFCL,NSE,HFCL.NS
BASE_CURRENT,SHORT,2026-01-13,2026-01-14,2026-01-14,62.68000030517578,64.24700031280517,59.54600028991699,64.24700031280517,STOP_LOSS,1,-2.4999999999999907,-2.6499999999999906,BULL,39.19569007274631,3.082997520659312,HFCL,NSE,HFCL.NS
BASE_CURRENT,LONG,2026-03-12,2026-03-13,2026-03-13,76.0,74.1,79.8,74.1,STOP_LOSS,1,-2.5000000000000075,-2.6500000000000075,BEAR,62.74916016341111,4.046730915813185,HFCL,NSE,HFCL.NS
EMA_MACD,SHORT,2024-12-12,2024-12-13,2024-12-19,124.41999816894533,127.53049812316895,118.19899826049806,118.19899826049806,TARGET,5,5.000000000000002,4.850000000000001,NEUTRAL,43.76133685424376,1.915596700616164,HFCL,NSE,HFCL.NS
EMA_MACD,SHORT,2025-05-02,2025-05-05,2025-05-05,78.51000213623047,80.47275218963622,74.58450202941894,80.47275218963622,STOP_LOSS,1,-2.499999999999993,-2.649999999999993,NEUTRAL,41.56251970982113,2.7630683207945443,HFCL,NSE,HFCL.NS
EMA_MACD,LONG,2025-05-15,2025-05-16,2025-05-16,90.8000030517578,88.53000297546384,95.34000320434569,88.53000297546384,STOP_LOSS,1,-2.5000000000000098,-2.6500000000000097,NEUTRAL,63.69123123590299,6.607653703458202,HFCL,NSE,HFCL.NS
EMA_MACD,SHORT,2025-06-19,2025-06-20,2025-06-20,79.37000274658203,81.35425281524658,75.40150260925293,81.35425281524658,STOP_LOSS,1,-2.5,-2.65,NEUTRAL,35.51628471384001,4.186980105227991,HFCL,NSE,HFCL.NS
EMA_MACD,SHORT,2025-07-03,2025-07-04,2025-07-18,84.51000213623047,86.62275218963622,80.28450202941895,81.55999755859375,TIME_EXIT,11,3.4907164868855394,3.3407164868855395,BULL,46.922032894516406,1.1008181263687966,HFCL,NSE,HFCL.NS
EMA_MACD,LONG,2025-10-03,2025-10-06,2025-10-07,76.0,74.1,79.8,74.1,STOP_LOSS,2,-2.5000000000000075,-2.6500000000000075,BULL,54.76602742367608,1.9142362454100676,HFCL,NSE,HFCL.NS
EMA_MACD,LONG,2025-10-10,2025-10-13,2025-10-28,75.51000213623047,73.6222520828247,79.28550224304199,75.66000366210938,TIME_EXIT,11,0.19865120068237158,0.04865120068237158,BULL,55.24255981136147,1.803384565550161,HFCL,NSE,HFCL.NS
EMA_MACD,SHORT,2026-01-13,2026-01-14,2026-01-14,62.68000030517578,64.24700031280517,59.54600028991699,64.24700031280517,STOP_LOSS,1,-2.4999999999999907,-2.6499999999999906,BULL,39.19569007274631,3.082997520659312,HFCL,NSE,HFCL.NS
EMA_MACD,LONG,2026-02-04,2026-02-05,2026-02-05,68.51000213623047,66.7972520828247,71.935502243042,71.935502243042,TARGET,1,5.000000000000004,4.850000000000004,NEUTRAL,57.10607184810666,2.1249497232164636,HFCL,NSE,HFCL.NS
EMA_MACD,LONG,2026-03-12,2026-03-13,2026-03-13,76.0,74.1,79.8,74.1,STOP_LOSS,1,-2.5000000000000075,-2.6500000000000075,BEAR,62.74916016341111,4.046730915813185,HFCL,NSE,HFCL.NS
EMA_MACD,LONG,2026-04-06,2026-04-07,2026-04-08,72.13999938964844,70.33649940490723,75.74699935913087,75.74699935913087,TARGET,2,5.000000000000012,4.850000000000012,BEAR,55.37614480170864,1.8420338712412208,HFCL,NSE,HFCL.NS
EMA_MACD,LONG,2026-08-10,2026-08-11,2026-08-13,214.0,208.65,224.70000000000002,224.70000000000002,TARGET,3,5.000000000000008,4.850000000000008,BULL,55.79166123852891,2.622379207377364,HFCL,NSE,HFCL.NS
RSI_ZONE,SHORT,2024-12-17,2024-12-18,2024-12-20,121.36000061035156,124.39400062561035,115.29200057983398,115.29200057983398,TARGET,3,5.000000000000003,4.850000000000002,NEUTRAL,38.3285547330725,2.814416960574399,HFCL,NSE,HFCL.NS
RSI_ZONE,LONG,2025-05-15,2025-05-16,2025-05-16,90.8000030517578,88.53000297546384,95.34000320434569,88.53000297546384,STOP_LOSS,1,-2.5000000000000098,-2.6500000000000097,NEUTRAL,63.69123123590299,6.607653703458202,HFCL,NSE,HFCL.NS
RSI_ZONE,SHORT,2025-06-19,2025-06-20,2025-06-20,79.37000274658203,81.35425281524658,75.40150260925293,81.35425281524658,STOP_LOSS,1,-2.5,-2.65,NEUTRAL,35.51628471384001,4.186980105227991,HFCL,NSE,HFCL.NS
RSI_ZONE,SHORT,2026-01-13,2026-01-14,2026-01-14,62.68000030517578,64.24700031280517,59.54600028991699,64.24700031280517,STOP_LOSS,1,-2.4999999999999907,-2.6499999999999906,BULL,39.19569007274631,3.082997520659312,HFCL,NSE,HFCL.NS
RSI_ZONE,LONG,2026-03-12,2026-03-13,2026-03-13,76.0,74.1,79.8,74.1,STOP_LOSS,1,-2.5000000000000075,-2.6500000000000075,BEAR,62.74916016341111,4.046730915813185,HFCL,NSE,HFCL.NS
EXT_3,SHORT,2024-12-17,2024-12-18,2024-12-20,121.36000061035156,124.39400062561035,115.29200057983398,115.29200057983398,TARGET,3,5.000000000000003,4.850000000000002,NEUTRAL,38.3285547330725,2.814416960574399,HFCL,NSE,HFCL.NS
RSI_ZONE_EXT_3,SHORT,2024-12-17,2024-12-18,2024-12-20,121.36000061035156,124.39400062561035,115.29200057983398,115.29200057983398,TARGET,3,5.000000000000003,4.850000000000002,NEUTRAL,38.3285547330725,2.814416960574399,HFCL,NSE,HFCL.NS
RSI_ZONE_NO_NEUTRAL,SHORT,2026-01-13,2026-01-14,2026-01-14,62.68000030517578,64.24700031280517,59.54600028991699,64.24700031280517,STOP_LOSS,1,-2.4999999999999907,-2.6499999999999906,BULL,39.19569007274631,3.082997520659312,HFCL,NSE,HFCL.NS
RSI_ZONE_NO_NEUTRAL,LONG,2026-03-12,2026-03-13,2026-03-13,76.0,74.1,79.8,74.1,STOP_LOSS,1,-2.5000000000000075,-2.6500000000000075,BEAR,62.74916016341111,4.046730915813185,HFCL,NSE,HFCL.NS
BASE_CURRENT,SHORT,2025-02-17,2025-02-18,2025-02-28,103.8000030517578,106.39500312805174,98.6100028991699,98.6100028991699,TARGET,8,5.000000000000009,4.8500000000000085,NEUTRAL,37.244274348284954,3.144974868565658,VMM,NSE,VMM.NS
BASE_CURRENT,SHORT,2026-01-06,2026-01-07,2026-01-20,131.0,134.27499999999998,124.44999999999999,124.44999999999999,TARGET,10,5.000000000000009,4.8500000000000085,BULL,38.50585482319012,2.0350338489230233,VMM,NSE,VMM.NS
BASE_CURRENT,SHORT,2026-03-04,2026-03-05,2026-03-09,113.0,115.82499999999999,107.35,107.35,TARGET,3,5.000000000000005,4.850000000000005,BEAR,34.476339460752556,4.8567861643406705,VMM,NSE,VMM.NS
EMA_MACD,SHORT,2025-02-17,2025-02-18,2025-02-28,103.8000030517578,106.39500312805174,98.6100028991699,98.6100028991699,TARGET,8,5.000000000000009,4.8500000000000085,NEUTRAL,37.244274348284954,3.144974868565658,VMM,NSE,VMM.NS
EMA_MACD,SHORT,2026-01-06,2026-01-07,2026-01-20,131.0,134.27499999999998,124.44999999999999,124.44999999999999,TARGET,10,5.000000000000009,4.8500000000000085,BULL,38.50585482319012,2.0350338489230233,VMM,NSE,VMM.NS
EMA_MACD,SHORT,2026-03-04,2026-03-05,2026-03-09,113.0,115.82499999999999,107.35,107.35,TARGET,3,5.000000000000005,4.850000000000005,BEAR,34.476339460752556,4.8567861643406705,VMM,NSE,VMM.NS
EMA_MACD,SHORT,2026-07-08,2026-07-09,2026-07-10,116.29000091552734,119.19725093841552,110.47550086975097,119.19725093841552,STOP_LOSS,2,-2.499999999999995,-2.649999999999995,NEUTRAL,43.17414692338472,1.487192682289811,VMM,NSE,VMM.NS
EMA_MACD,SHORT,2026-07-13,2026-07-14,2026-07-17,116.1500015258789,119.05375156402587,110.34250144958496,110.34250144958496,TARGET,4,5.000000000000003,4.850000000000002,NEUTRAL,44.917177201099214,0.915747475232017,VMM,NSE,VMM.NS
RSI_ZONE,SHORT,2025-02-17,2025-02-18,2025-02-28,103.8000030517578,106.39500312805174,98.6100028991699,98.6100028991699,TARGET,8,5.000000000000009,4.8500000000000085,NEUTRAL,37.244274348284954,3.144974868565658,VMM,NSE,VMM.NS
RSI_ZONE,SHORT,2026-01-06,2026-01-07,2026-01-20,131.0,134.27499999999998,124.44999999999999,124.44999999999999,TARGET,10,5.000000000000009,4.8500000000000085,BULL,38.50585482319012,2.0350338489230233,VMM,NSE,VMM.NS
RSI_ZONE,SHORT,2026-03-04,2026-03-05,2026-03-09,113.0,115.82499999999999,107.35,107.35,TARGET,3,5.000000000000005,4.850000000000005,BEAR,34.476339460752556,4.8567861643406705,VMM,NSE,VMM.NS
EXT_3,SHORT,2026-01-06,2026-01-07,2026-01-20,131.0,134.27499999999998,124.44999999999999,124.44999999999999,TARGET,10,5.000000000000009,4.8500000000000085,BULL,38.50585482319012,2.0350338489230233,VMM,NSE,VMM.NS
EXT_3,SHORT,2026-03-06,2026-03-09,2026-03-10,108.0999984741211,110.80249843597412,102.69499855041504,110.80249843597412,STOP_LOSS,2,-2.4999999999999947,-2.6499999999999946,BEAR,37.02731641607617,2.705433836312238,VMM,NSE,VMM.NS
RSI_ZONE_EXT_3,SHORT,2026-01-06,2026-01-07,2026-01-20,131.0,134.27499999999998,124.44999999999999,124.44999999999999,TARGET,10,5.000000000000009,4.8500000000000085,BULL,38.50585482319012,2.0350338489230233,VMM,NSE,VMM.NS
RSI_ZONE_EXT_3,SHORT,2026-03-06,2026-03-09,2026-03-10,108.0999984741211,110.80249843597412,102.69499855041504,110.80249843597412,STOP_LOSS,2,-2.4999999999999947,-2.6499999999999946,BEAR,37.02731641607617,2.705433836312238,VMM,NSE,VMM.NS
RSI_ZONE_NO_NEUTRAL,SHORT,2026-01-06,2026-01-07,2026-01-20,131.0,134.27499999999998,124.44999999999999,124.44999999999999,TARGET,10,5.000000000000009,4.8500000000000085,BULL,38.50585482319012,2.0350338489230233,VMM,NSE,VMM.NS
RSI_ZONE_NO_NEUTRAL,SHORT,2026-03-04,2026-03-05,2026-03-09,113.0,115.82499999999999,107.35,107.35,TARGET,3,5.000000000000005,4.850000000000005,BEAR,34.476339460752556,4.8567861643406705,VMM,NSE,VMM.NS
RSI_ZONE_EXT_3_NO_NEUTRAL,SHORT,2026-01-06,2026-01-07,2026-01-20,131.0,134.27499999999998,124.44999999999999,124.44999999999999,TARGET,10,5.000000000000009,4.8500000000000085,BULL,38.50585482319012,2.0350338489230233,VMM,NSE,VMM.NS
RSI_ZONE_EXT_3_NO_NEUTRAL,SHORT,2026-03-06,2026-03-09,2026-03-10,108.0999984741211,110.80249843597412,102.69499855041504,110.80249843597412,STOP_LOSS,2,-2.4999999999999947,-2.6499999999999946,BEAR,37.02731641607617,2.705433836312238,VMM,NSE,VMM.NS
BASE_CURRENT,SHORT,2024-12-20,2024-12-23,2024-12-24,271.6499938964844,278.44124374389645,258.06749420166017,278.44124374389645,STOP_LOSS,2,-2.499999999999987,-2.649999999999987,NEUTRAL,36.30366784676285,2.949038825266913,HINDCOPPER,NSE,HINDCOPPER.NS
BASE_CURRENT,SHORT,2024-12-26,2024-12-27,2024-12-30,265.0,271.625,251.75,251.75,TARGET,2,5.0,4.85,NEUTRAL,35.09828628277879,3.6407163010666452,HINDCOPPER,NSE,HINDCOPPER.NS
BASE_CURRENT,SHORT,2025-04-04,2025-04-07,2025-04-07,183.82000732421875,188.4155075073242,174.6290069580078,188.4155075073242,STOP_LOSS,1,-2.499999999999994,-2.6499999999999937,NEUTRAL,36.42714237220594,6.256350354570647,HINDCOPPER,NSE,HINDCOPPER.NS
BASE_CURRENT,LONG,2025-12-04,2025-12-05,2025-12-09,362.8999938964844,353.82749404907224,381.0449935913086,353.82749404907224,STOP_LOSS,3,-2.500000000000006,-2.650000000000006,BULL,66.51460933936539,5.946836815477206,HINDCOPPER,NSE,HINDCOPPER.NS
EMA_MACD,SHORT,2024-12-20,2024-12-23,2024-12-24,271.6499938964844,278.44124374389645,258.06749420166017,278.44124374389645,STOP_LOSS,2,-2.499999999999987,-2.649999999999987,NEUTRAL,36.30366784676285,2.949038825266913,HINDCOPPER,NSE,HINDCOPPER.NS
EMA_MACD,SHORT,2025-04-04,2025-04-07,2025-04-07,183.82000732421875,188.4155075073242,174.6290069580078,188.4155075073242,STOP_LOSS,1,-2.499999999999994,-2.6499999999999937,NEUTRAL,36.42714237220594,6.256350354570647,HINDCOPPER,NSE,HINDCOPPER.NS
EMA_MACD,SHORT,2025-05-06,2025-05-07,2025-05-07,206.1999969482422,211.35499687194823,195.88999710083007,211.35499687194823,STOP_LOSS,1,-2.4999999999999947,-2.6499999999999946,NEUTRAL,43.379198319045464,2.767475868218206,HINDCOPPER,NSE,HINDCOPPER.NS
EMA_MACD,LONG,2025-05-14,2025-05-15,2025-05-15,232.5,226.6875,244.125,226.6875,STOP_LOSS,1,-2.5,-2.65,NEUTRAL,59.978548428453614,4.566348799284563,HINDCOPPER,NSE,HINDCOPPER.NS
EMA_MACD,LONG,2025-12-02,2025-12-03,2025-12-04,342.0,333.45,359.1,359.1,TARGET,2,5.000000000000006,4.850000000000006,BULL,54.81647251794954,1.7326431356134517,HINDCOPPER,NSE,HINDCOPPER.NS
RSI_ZONE,SHORT,2024-12-20,2024-12-23,2024-12-24,271.6499938964844,278.44124374389645,258.06749420166017,278.44124374389645,STOP_LOSS,2,-2.499999999999987,-2.649999999999987,NEUTRAL,36.30366784676285,2.949038825266913,HINDCOPPER,NSE,HINDCOPPER.NS
RSI_ZONE,SHORT,2024-12-26,2024-12-27,2024-12-30,265.0,271.625,251.75,251.75,TARGET,2,5.0,4.85,NEUTRAL,35.09828628277879,3.6407163010666452,HINDCOPPER,NSE,HINDCOPPER.NS
RSI_ZONE,SHORT,2025-04-04,2025-04-07,2025-04-07,183.82000732421875,188.4155075073242,174.6290069580078,188.4155075073242,STOP_LOSS,1,-2.499999999999994,-2.6499999999999937,NEUTRAL,36.42714237220594,6.256350354570647,HINDCOPPER,NSE,HINDCOPPER.NS
RSI_ZONE,SHORT,2025-04-08,2025-04-09,2025-04-09,190.0,194.74999999999997,180.5,194.74999999999997,STOP_LOSS,1,-2.499999999999985,-2.649999999999985,NEUTRAL,33.24025669626016,5.056349339091202,HINDCOPPER,NSE,HINDCOPPER.NS
EXT_3,SHORT,2024-12-20,2024-12-23,2024-12-24,271.6499938964844,278.44124374389645,258.06749420166017,278.44124374389645,STOP_LOSS,2,-2.499999999999987,-2.649999999999987,NEUTRAL,36.30366784676285,2.949038825266913,HINDCOPPER,NSE,HINDCOPPER.NS
EXT_3,SHORT,2025-04-09,2025-04-11,2025-04-15,202.8000030517578,207.87000312805174,192.6600028991699,207.87000312805174,STOP_LOSS,2,-2.499999999999989,-2.649999999999989,NEUTRAL,36.33720717648094,2.178017570526456,HINDCOPPER,NSE,HINDCOPPER.NS
RSI_ZONE_EXT_3,SHORT,2024-12-20,2024-12-23,2024-12-24,271.6499938964844,278.44124374389645,258.06749420166017,278.44124374389645,STOP_LOSS,2,-2.499999999999987,-2.649999999999987,NEUTRAL,36.30366784676285,2.949038825266913,HINDCOPPER,NSE,HINDCOPPER.NS
RSI_ZONE_EXT_3,SHORT,2025-04-09,2025-04-11,2025-04-15,202.8000030517578,207.87000312805174,192.6600028991699,207.87000312805174,STOP_LOSS,2,-2.499999999999989,-2.649999999999989,NEUTRAL,36.33720717648094,2.178017570526456,HINDCOPPER,NSE,HINDCOPPER.NS
BASE_CURRENT,SHORT,2024-11-14,2024-11-18,2024-11-18,50.5,51.762499999999996,47.974999999999994,51.762499999999996,STOP_LOSS,1,-2.4999999999999916,-2.6499999999999915,NEUTRAL,37.08638019962896,2.5976661370219425,MAHABANK,NSE,MAHABANK.NS
BASE_CURRENT,LONG,2025-04-21,2025-04-22,2025-04-23,51.59999847412109,50.30999851226806,54.17999839782714,50.30999851226806,STOP_LOSS,2,-2.5000000000000004,-2.6500000000000004,NEUTRAL,64.74339711902243,5.366190875179304,MAHABANK,NSE,MAHABANK.NS
BASE_CURRENT,LONG,2025-11-19,2025-11-20,2025-11-20,61.400001525878906,59.86500148773193,64.47000160217286,59.86500148773193,STOP_LOSS,1,-2.5000000000000044,-2.6500000000000044,BULL,60.535007284015585,2.2460823946683672,MAHABANK,NSE,MAHABANK.NS
EMA_MACD,SHORT,2024-11-14,2024-11-18,2024-11-18,50.5,51.762499999999996,47.974999999999994,51.762499999999996,STOP_LOSS,1,-2.4999999999999916,-2.6499999999999915,NEUTRAL,37.08638019962896,2.5976661370219425,MAHABANK,NSE,MAHABANK.NS
EMA_MACD,LONG,2024-11-28,2024-11-29,2024-12-12,57.0,55.574999999999996,59.85,55.574999999999996,STOP_LOSS,10,-2.5000000000000075,-2.6500000000000075,NEUTRAL,59.97569438027264,2.9440122525621044,MAHABANK,NSE,MAHABANK.NS
EMA_MACD,LONG,2025-04-21,2025-04-22,2025-04-23,51.59999847412109,50.30999851226806,54.17999839782714,50.30999851226806,STOP_LOSS,2,-2.5000000000000004,-2.6500000000000004,NEUTRAL,64.74339711902243,5.366190875179304,MAHABANK,NSE,MAHABANK.NS
EMA_MACD,LONG,2025-11-18,2025-11-19,2025-11-21,60.45000076293945,58.93875074386597,63.472500801086426,58.93875074386597,STOP_LOSS,3,-2.5,-2.65,BULL,58.41129503428628,2.206553332523866,MAHABANK,NSE,MAHABANK.NS
EMA_MACD,LONG,2026-04-09,2026-04-10,2026-04-13,70.5,68.7375,74.025,68.7375,STOP_LOSS,2,-2.500000000000004,-2.650000000000004,BEAR,58.15859562111722,3.0800286945332886,MAHABANK,NSE,MAHABANK.NS
RSI_ZONE,SHORT,2024-11-14,2024-11-18,2024-11-18,50.5,51.762499999999996,47.974999999999994,51.762499999999996,STOP_LOSS,1,-2.4999999999999916,-2.6499999999999915,NEUTRAL,37.08638019962896,2.5976661370219425,MAHABANK,NSE,MAHABANK.NS
RSI_ZONE,LONG,2025-04-21,2025-04-22,2025-04-23,51.59999847412109,50.30999851226806,54.17999839782714,50.30999851226806,STOP_LOSS,2,-2.5000000000000004,-2.6500000000000004,NEUTRAL,64.74339711902243,5.366190875179304,MAHABANK,NSE,MAHABANK.NS
RSI_ZONE,LONG,2025-11-19,2025-11-20,2025-11-20,61.400001525878906,59.86500148773193,64.47000160217286,59.86500148773193,STOP_LOSS,1,-2.5000000000000044,-2.6500000000000044,BULL,60.535007284015585,2.2460823946683672,MAHABANK,NSE,MAHABANK.NS
EXT_3,SHORT,2024-11-14,2024-11-18,2024-11-18,50.5,51.762499999999996,47.974999999999994,51.762499999999996,STOP_LOSS,1,-2.4999999999999916,-2.6499999999999915,NEUTRAL,37.08638019962896,2.5976661370219425,MAHABANK,NSE,MAHABANK.NS
EXT_3,LONG,2025-04-22,2025-04-23,2025-04-23,50.84000015258789,49.56900014877319,53.38200016021729,49.56900014877319,STOP_LOSS,1,-2.500000000000003,-2.650000000000003,NEUTRAL,62.80520296008018,2.980357289853818,MAHABANK,NSE,MAHABANK.NS
EXT_3,LONG,2025-11-19,2025-11-20,2025-11-20,61.400001525878906,59.86500148773193,64.47000160217286,59.86500148773193,STOP_LOSS,1,-2.5000000000000044,-2.6500000000000044,BULL,60.535007284015585,2.2460823946683672,MAHABANK,NSE,MAHABANK.NS
RSI_ZONE_EXT_3,SHORT,2024-11-14,2024-11-18,2024-11-18,50.5,51.762499999999996,47.974999999999994,51.762499999999996,STOP_LOSS,1,-2.4999999999999916,-2.6499999999999915,NEUTRAL,37.08638019962896,2.5976661370219425,MAHABANK,NSE,MAHABANK.NS
RSI_ZONE_EXT_3,LONG,2025-04-22,2025-04-23,2025-04-23,50.84000015258789,49.56900014877319,53.38200016021729,49.56900014877319,STOP_LOSS,1,-2.500000000000003,-2.650000000000003,NEUTRAL,62.80520296008018,2.980357289853818,MAHABANK,NSE,MAHABANK.NS
RSI_ZONE_EXT_3,LONG,2025-11-19,2025-11-20,2025-11-20,61.400001525878906,59.86500148773193,64.47000160217286,59.86500148773193,STOP_LOSS,1,-2.5000000000000044,-2.6500000000000044,BULL,60.535007284015585,2.2460823946683672,MAHABANK,NSE,MAHABANK.NS
RSI_ZONE_NO_NEUTRAL,LONG,2025-11-19,2025-11-20,2025-11-20,61.400001525878906,59.86500148773193,64.47000160217286,59.86500148773193,STOP_LOSS,1,-2.5000000000000044,-2.6500000000000044,BULL,60.535007284015585,2.2460823946683672,MAHABANK,NSE,MAHABANK.NS
RSI_ZONE_EXT_3_NO_NEUTRAL,LONG,2025-11-19,2025-11-20,2025-11-20,61.400001525878906,59.86500148773193,64.47000160217286,59.86500148773193,STOP_LOSS,1,-2.5000000000000044,-2.6500000000000044,BULL,60.535007284015585,2.2460823946683672,MAHABANK,NSE,MAHABANK.NS
BASE_CURRENT,SHORT,2024-12-20,2024-12-23,2024-12-27,108.6750030517578,111.39187812805173,103.24125289916991,111.39187812805173,STOP_LOSS,4,-2.499999999999987,-2.649999999999987,NEUTRAL,37.69829923185375,2.4910308265988954,ASHOKLEY,NSE,ASHOKLEY.NS
BASE_CURRENT,LONG,2025-01-03,2025-01-06,2025-01-06,117.0,114.075,122.85000000000001,114.075,STOP_LOSS,1,-2.499999999999998,-2.6499999999999977,NEUTRAL,60.155851449532214,2.214716920096332,ASHOKLEY,NSE,ASHOKLEY.NS
BASE_CURRENT,SHORT,2025-01-09,2025-01-10,2025-01-13,107.19499969482422,109.87487468719482,101.835249710083,101.835249710083,TARGET,2,5.000000000000003,4.850000000000002,NEUTRAL,38.88965884914965,3.339421866369854,ASHOKLEY,NSE,ASHOKLEY.NS
BASE_CURRENT,LONG,2025-04-17,2025-04-21,2025-04-23,109.72000122070312,106.97700119018555,115.20600128173828,115.20600128173828,TARGET,3,5.0,4.85,NEUTRAL,60.05780577970414,2.638672216891238,ASHOKLEY,NSE,ASHOKLEY.NS
BASE_CURRENT,LONG,2025-06-25,2025-06-26,2025-07-10,122.3499984741211,119.29124851226807,128.46749839782714,124.9000015258789,TIME_EXIT,11,2.0841872362566294,1.9341872362566295,BULL,63.91337257450532,2.068150338285883,ASHOKLEY,NSE,ASHOKLEY.NS
BASE_CURRENT,LONG,2025-08-18,2025-08-19,2025-08-19,131.75999450683594,128.46599464416502,138.34799423217774,128.46599464416502,STOP_LOSS,1,-2.500000000000013,-2.650000000000013,NEUTRAL,67.73652616489227,6.140402847943073,ASHOKLEY,NSE,ASHOKLEY.NS
BASE_CURRENT,SHORT,2026-04-30,2026-05-01,2026-05-06,162.08999633789062,166.14224624633786,153.9854965209961,166.14224624633786,STOP_LOSS,4,-2.4999999999999822,-2.649999999999982,BEAR,39.65832691890841,2.686929494010575,ASHOKLEY,NSE,ASHOKLEY.NS
BASE_CURRENT,LONG,2026-07-31,2026-08-03,2026-08-05,169.27999877929688,165.04799880981446,177.74399871826174,177.74399871826174,TARGET,3,5.00000000000001,4.850000000000009,NEUTRAL,64.9161932996646,4.020736417629549,ASHOKLEY,NSE,ASHOKLEY.NS
EMA_MACD,SHORT,2024-12-20,2024-12-23,2024-12-27,108.6750030517578,111.39187812805173,103.24125289916991,111.39187812805173,STOP_LOSS,4,-2.499999999999987,-2.649999999999987,NEUTRAL,37.69829923185375,2.4910308265988954,ASHOKLEY,NSE,ASHOKLEY.NS
EMA_MACD,LONG,2025-01-03,2025-01-06,2025-01-06,117.0,114.075,122.85000000000001,114.075,STOP_LOSS,1,-2.499999999999998,-2.6499999999999977,NEUTRAL,60.155851449532214,2.214716920096332,ASHOKLEY,NSE,ASHOKLEY.NS
EMA_MACD,SHORT,2025-01-09,2025-01-10,2025-01-13,107.19499969482422,109.87487468719482,101.835249710083,101.835249710083,TARGET,2,5.000000000000003,4.850000000000002,NEUTRAL,38.88965884914965,3.339421866369854,ASHOKLEY,NSE,ASHOKLEY.NS
EMA_MACD,SHORT,2025-03-06,2025-03-07,2025-03-11,105.20999908447266,107.84024906158446,99.94949913024902,99.94949913024902,TARGET,3,5.0,4.85,NEUTRAL,45.54648635301094,0.46755885155266036,ASHOKLEY,NSE,ASHOKLEY.NS
EMA_MACD,LONG,2025-04-17,2025-04-21,2025-04-23,109.72000122070312,106.97700119018555,115.20600128173828,115.20600128173828,TARGET,3,5.0,4.85,NEUTRAL,60.05780577970414,2.638672216891238,ASHOKLEY,NSE,ASHOKLEY.NS
EMA_MACD,LONG,2025-06-25,2025-06-26,2025-07-10,122.3499984741211,119.29124851226807,128.46749839782714,124.9000015258789,TIME_EXIT,11,2.0841872362566294,1.9341872362566295,BULL,63.91337257450532,2.068150338285883,ASHOKLEY,NSE,ASHOKLEY.NS
EMA_MACD,LONG,2025-08-18,2025-08-19,2025-08-19,131.75999450683594,128.46599464416502,138.34799423217774,128.46599464416502,STOP_LOSS,1,-2.500000000000013,-2.650000000000013,NEUTRAL,67.73652616489227,6.140402847943073,ASHOKLEY,NSE,ASHOKLEY.NS
EMA_MACD,LONG,2025-10-29,2025-10-30,2025-11-12,139.89999389648438,136.40249404907226,146.8949935913086,146.8949935913086,TARGET,9,5.000000000000008,4.850000000000008,BULL,55.28297549287391,0.3787714099430109,ASHOKLEY,NSE,ASHOKLEY.NS
EMA_MACD,SHORT,2026-04-30,2026-05-01,2026-05-06,162.08999633789062,166.14224624633786,153.9854965209961,166.14224624633786,STOP_LOSS,4,-2.4999999999999822,-2.649999999999982,BEAR,39.65832691890841,2.686929494010575,ASHOKLEY,NSE,ASHOKLEY.NS
EMA_MACD,LONG,2026-07-31,2026-08-03,2026-08-05,169.27999877929688,165.04799880981446,177.74399871826174,177.74399871826174,TARGET,3,5.00000000000001,4.850000000000009,NEUTRAL,64.9161932996646,4.020736417629549,ASHOKLEY,NSE,ASHOKLEY.NS
RSI_ZONE,SHORT,2024-12-20,2024-12-23,2024-12-27,108.6750030517578,111.39187812805173,103.24125289916991,111.39187812805173,STOP_LOSS,4,-2.499999999999987,-2.649999999999987,NEUTRAL,37.69829923185375,2.4910308265988954,ASHOKLEY,NSE,ASHOKLEY.NS
RSI_ZONE,LONG,2025-01-03,2025-01-06,2025-01-06,117.0,114.075,122.85000000000001,114.075,STOP_LOSS,1,-2.499999999999998,-2.6499999999999977,NEUTRAL,60.155851449532214,2.214716920096332,ASHOKLEY,NSE,ASHOKLEY.NS
RSI_ZONE,SHORT,2025-01-09,2025-01-10,2025-01-13,107.19499969482422,109.87487468719482,101.835249710083,101.835249710083,TARGET,2,5.000000000000003,4.850000000000002,NEUTRAL,38.88965884914965,3.339421866369854,ASHOKLEY,NSE,ASHOKLEY.NS
RSI_ZONE,LONG,2025-04-17,2025-04-21,2025-04-23,109.72000122070312,106.97700119018555,115.20600128173828,115.20600128173828,TARGET,3,5.0,4.85,NEUTRAL,60.05780577970414,2.638672216891238,ASHOKLEY,NSE,ASHOKLEY.NS
RSI_ZONE,LONG,2025-06-25,2025-06-26,2025-07-10,122.3499984741211,119.29124851226807,128.46749839782714,124.9000015258789,TIME_EXIT,11,2.0841872362566294,1.9341872362566295,BULL,63.91337257450532,2.068150338285883,ASHOKLEY,NSE,ASHOKLEY.NS
RSI_ZONE,LONG,2025-08-21,2025-08-22,2025-08-29,131.00999450683594,127.73474464416503,137.56049423217775,127.73474464416503,STOP_LOSS,5,-2.5000000000000044,-2.6500000000000044,NEUTRAL,63.61554494026923,0.9520859662566389,ASHOKLEY,NSE,ASHOKLEY.NS
RSI_ZONE,SHORT,2026-04-30,2026-05-01,2026-05-06,162.08999633789062,166.14224624633786,153.9854965209961,166.14224624633786,STOP_LOSS,4,-2.4999999999999822,-2.649999999999982,BEAR,39.65832691890841,2.686929494010575,ASHOKLEY,NSE,ASHOKLEY.NS
RSI_ZONE,LONG,2026-07-31,2026-08-03,2026-08-05,169.27999877929688,165.04799880981446,177.74399871826174,177.74399871826174,TARGET,3,5.00000000000001,4.850000000000009,NEUTRAL,64.9161932996646,4.020736417629549,ASHOKLEY,NSE,ASHOKLEY.NS
EXT_3,SHORT,2024-12-20,2024-12-23,2024-12-27,108.6750030517578,111.39187812805173,103.24125289916991,111.39187812805173,STOP_LOSS,4,-2.499999999999987,-2.649999999999987,NEUTRAL,37.69829923185375,2.4910308265988954,ASHOKLEY,NSE,ASHOKLEY.NS
EXT_3,LONG,2025-01-03,2025-01-06,2025-01-06,117.0,114.075,122.85000000000001,114.075,STOP_LOSS,1,-2.499999999999998,-2.6499999999999977,NEUTRAL,60.155851449532214,2.214716920096332,ASHOKLEY,NSE,ASHOKLEY.NS
EXT_3,SHORT,2025-01-14,2025-01-15,2025-01-27,105.5250015258789,108.16312656402587,100.24875144958496,100.24875144958496,TARGET,9,5.000000000000003,4.850000000000002,NEUTRAL,39.618135894984654,0.8832138886704649,ASHOKLEY,NSE,ASHOKLEY.NS
EXT_3,LONG,2025-04-17,2025-04-21,2025-04-23,109.72000122070312,106.97700119018555,115.20600128173828,115.20600128173828,TARGET,3,5.0,4.85,NEUTRAL,60.05780577970414,2.638672216891238,ASHOKLEY,NSE,ASHOKLEY.NS
EXT_3,LONG,2025-06-25,2025-06-26,2025-07-10,122.3499984741211,119.29124851226807,128.46749839782714,124.9000015258789,TIME_EXIT,11,2.0841872362566294,1.9341872362566295,BULL,63.91337257450532,2.068150338285883,ASHOKLEY,NSE,ASHOKLEY.NS
EXT_3,LONG,2025-08-21,2025-08-22,2025-08-29,131.00999450683594,127.73474464416503,137.56049423217775,127.73474464416503,STOP_LOSS,5,-2.5000000000000044,-2.6500000000000044,NEUTRAL,63.61554494026923,0.9520859662566389,ASHOKLEY,NSE,ASHOKLEY.NS
EXT_3,SHORT,2026-04-30,2026-05-01,2026-05-06,162.08999633789062,166.14224624633786,153.9854965209961,166.14224624633786,STOP_LOSS,4,-2.4999999999999822,-2.649999999999982,BEAR,39.65832691890841,2.686929494010575,ASHOKLEY,NSE,ASHOKLEY.NS
EXT_3,LONG,2026-08-04,2026-08-05,2026-08-19,174.0,169.65,182.70000000000002,173.10000610351562,TIME_EXIT,11,-0.5172378715427443,-0.6672378715427443,BULL,67.79071174418742,2.9483243614811596,ASHOKLEY,NSE,ASHOKLEY.NS
RSI_ZONE_EXT_3,SHORT,2024-12-20,2024-12-23,2024-12-27,108.6750030517578,111.39187812805173,103.24125289916991,111.39187812805173,STOP_LOSS,4,-2.499999999999987,-2.649999999999987,NEUTRAL,37.69829923185375,2.4910308265988954,ASHOKLEY,NSE,ASHOKLEY.NS
RSI_ZONE_EXT_3,LONG,2025-01-03,2025-01-06,2025-01-06,117.0,114.075,122.85000000000001,114.075,STOP_LOSS,1,-2.499999999999998,-2.6499999999999977,NEUTRAL,60.155851449532214,2.214716920096332,ASHOKLEY,NSE,ASHOKLEY.NS
RSI_ZONE_EXT_3,SHORT,2025-01-14,2025-01-15,2025-01-27,105.5250015258789,108.16312656402587,100.24875144958496,100.24875144958496,TARGET,9,5.000000000000003,4.850000000000002,NEUTRAL,39.618135894984654,0.8832138886704649,ASHOKLEY,NSE,ASHOKLEY.NS
RSI_ZONE_EXT_3,LONG,2025-04-17,2025-04-21,2025-04-23,109.72000122070312,106.97700119018555,115.20600128173828,115.20600128173828,TARGET,3,5.0,4.85,NEUTRAL,60.05780577970414,2.638672216891238,ASHOKLEY,NSE,ASHOKLEY.NS
RSI_ZONE_EXT_3,LONG,2025-06-25,2025-06-26,2025-07-10,122.3499984741211,119.29124851226807,128.46749839782714,124.9000015258789,TIME_EXIT,11,2.0841872362566294,1.9341872362566295,BULL,63.91337257450532,2.068150338285883,ASHOKLEY,NSE,ASHOKLEY.NS
RSI_ZONE_EXT_3,LONG,2025-08-21,2025-08-22,2025-08-29,131.00999450683594,127.73474464416503,137.56049423217775,127.73474464416503,STOP_LOSS,5,-2.5000000000000044,-2.6500000000000044,NEUTRAL,63.61554494026923,0.9520859662566389,ASHOKLEY,NSE,ASHOKLEY.NS
RSI_ZONE_EXT_3,SHORT,2026-04-30,2026-05-01,2026-05-06,162.08999633789062,166.14224624633786,153.9854965209961,166.14224624633786,STOP_LOSS,4,-2.4999999999999822,-2.649999999999982,BEAR,39.65832691890841,2.686929494010575,ASHOKLEY,NSE,ASHOKLEY.NS
RSI_ZONE_NO_NEUTRAL,LONG,2025-06-25,2025-06-26,2025-07-10,122.3499984741211,119.29124851226807,128.46749839782714,124.9000015258789,TIME_EXIT,11,2.0841872362566294,1.9341872362566295,BULL,63.91337257450532,2.068150338285883,ASHOKLEY,NSE,ASHOKLEY.NS
RSI_ZONE_NO_NEUTRAL,SHORT,2026-04-30,2026-05-01,2026-05-06,162.08999633789062,166.14224624633786,153.9854965209961,166.14224624633786,STOP_LOSS,4,-2.4999999999999822,-2.649999999999982,BEAR,39.65832691890841,2.686929494010575,ASHOKLEY,NSE,ASHOKLEY.NS
RSI_ZONE_EXT_3_NO_NEUTRAL,LONG,2025-06-25,2025-06-26,2025-07-10,122.3499984741211,119.29124851226807,128.46749839782714,124.9000015258789,TIME_EXIT,11,2.0841872362566294,1.9341872362566295,BULL,63.91337257450532,2.068150338285883,ASHOKLEY,NSE,ASHOKLEY.NS
RSI_ZONE_EXT_3_NO_NEUTRAL,SHORT,2026-04-30,2026-05-01,2026-05-06,162.08999633789062,166.14224624633786,153.9854965209961,166.14224624633786,STOP_LOSS,4,-2.4999999999999822,-2.649999999999982,BEAR,39.65832691890841,2.686929494010575,ASHOKLEY,NSE,ASHOKLEY.NS
BASE_CURRENT,SHORT,2026-01-20,2026-01-21,2026-01-21,125.0,128.125,118.75,128.125,STOP_LOSS,1,-2.5,-2.65,BEAR,38.29011595145822,3.775043601849987,URBANCO,NSE,URBANCO.NS
BASE_CURRENT,LONG,2026-08-03,2026-08-04,2026-08-04,148.47000122070312,144.75825119018555,155.89350128173828,144.75825119018555,STOP_LOSS,1,-2.5,-2.65,BULL,69.6744617336248,7.813159169944509,URBANCO,NSE,URBANCO.NS
EMA_MACD,SHORT,2026-01-20,2026-01-21,2026-01-21,125.0,128.125,118.75,128.125,STOP_LOSS,1,-2.5,-2.65,BEAR,38.29011595145822,3.775043601849987,URBANCO,NSE,URBANCO.NS
EMA_MACD,LONG,2026-08-03,2026-08-04,2026-08-04,148.47000122070312,144.75825119018555,155.89350128173828,144.75825119018555,STOP_LOSS,1,-2.5,-2.65,BULL,69.6744617336248,7.813159169944509,URBANCO,NSE,URBANCO.NS
RSI_ZONE,SHORT,2026-01-20,2026-01-21,2026-01-21,125.0,128.125,118.75,128.125,STOP_LOSS,1,-2.5,-2.65,BEAR,38.29011595145822,3.775043601849987,URBANCO,NSE,URBANCO.NS
RSI_ZONE,LONG,2026-08-04,2026-08-05,2026-08-10,142.0,138.45,149.1,138.45,STOP_LOSS,4,-2.500000000000008,-2.650000000000008,BULL,62.15091476948854,3.047488744951623,URBANCO,NSE,URBANCO.NS
EXT_3,LONG,2026-08-05,2026-08-06,2026-08-10,143.10000610351562,139.52250595092772,150.2550064086914,139.52250595092772,STOP_LOSS,3,-2.500000000000008,-2.650000000000008,BULL,62.814632405874086,2.323890771440629,URBANCO,NSE,URBANCO.NS
RSI_ZONE_EXT_3,LONG,2026-08-05,2026-08-06,2026-08-10,143.10000610351562,139.52250595092772,150.2550064086914,139.52250595092772,STOP_LOSS,3,-2.500000000000008,-2.650000000000008,BULL,62.814632405874086,2.323890771440629,URBANCO,NSE,URBANCO.NS
RSI_ZONE_NO_NEUTRAL,SHORT,2026-01-20,2026-01-21,2026-01-21,125.0,128.125,118.75,128.125,STOP_LOSS,1,-2.5,-2.65,BEAR,38.29011595145822,3.775043601849987,URBANCO,NSE,URBANCO.NS
RSI_ZONE_NO_NEUTRAL,LONG,2026-08-04,2026-08-05,2026-08-10,142.0,138.45,149.1,138.45,STOP_LOSS,4,-2.500000000000008,-2.650000000000008,BULL,62.15091476948854,3.047488744951623,URBANCO,NSE,URBANCO.NS
RSI_ZONE_EXT_3_NO_NEUTRAL,LONG,2026-08-05,2026-08-06,2026-08-10,143.10000610351562,139.52250595092772,150.2550064086914,139.52250595092772,STOP_LOSS,3,-2.500000000000008,-2.650000000000008,BULL,62.814632405874086,2.323890771440629,URBANCO,NSE,URBANCO.NS
BASE_CURRENT,SHORT,2024-11-12,2024-11-13,2024-11-13,200.0,204.99999999999997,190.0,190.0,TARGET,1,5.0,4.85,NEUTRAL,38.09543795024485,3.9998354599800794,INOXWIND,NSE,INOXWIND.NS
BASE_CURRENT,SHORT,2024-12-18,2024-12-19,2024-12-20,185.1000061035156,189.72750625610348,175.8450057983398,189.72750625610348,STOP_LOSS,2,-2.4999999999999973,-2.6499999999999972,NEUTRAL,38.146704013553276,2.556398567836465,INOXWIND,NSE,INOXWIND.NS
BASE_CURRENT,SHORT,2025-02-28,2025-03-03,2025-03-03,151.39999389648438,155.18499374389648,143.82999420166016,143.82999420166016,TARGET,1,5.0,4.85,NEUTRAL,37.03277549706662,6.286310874642194,INOXWIND,NSE,INOXWIND.NS
BASE_CURRENT,LONG,2025-04-23,2025-04-24,2025-04-25,175.0,170.625,183.75,170.625,STOP_LOSS,2,-2.5,-2.65,NEUTRAL,60.833336820266034,4.160052539117467,INOXWIND,NSE,INOXWIND.NS
BASE_CURRENT,LONG,2025-05-19,2025-05-20,2025-05-20,187.0,182.325,196.35,182.325,STOP_LOSS,1,-2.500000000000006,-2.650000000000006,NEUTRAL,63.04734000908442,4.053167685433045,INOXWIND,NSE,INOXWIND.NS
BASE_CURRENT,SHORT,2025-07-15,2025-07-16,2025-07-25,165.6999969482422,169.8424968719482,157.41499710083008,157.41499710083008,TARGET,8,5.0,4.85,BULL,35.332803533669804,4.676839085828739,INOXWIND,NSE,INOXWIND.NS
BASE_CURRENT,SHORT,2025-09-25,2025-09-26,2025-10-09,141.1999969482422,144.72999687194823,134.13999710083007,144.72999687194823,STOP_LOSS,9,-2.499999999999992,-2.649999999999992,BULL,37.64340809627121,3.3274427818173256,INOXWIND,NSE,INOXWIND.NS
EMA_MACD,SHORT,2024-11-11,2024-11-12,2024-11-13,206.0,211.14999999999998,195.7,195.7,TARGET,2,5.000000000000006,4.850000000000006,NEUTRAL,40.70515538601966,3.63269885492535,INOXWIND,NSE,INOXWIND.NS
EMA_MACD,SHORT,2024-12-18,2024-12-19,2024-12-20,185.1000061035156,189.72750625610348,175.8450057983398,189.72750625610348,STOP_LOSS,2,-2.4999999999999973,-2.6499999999999972,NEUTRAL,38.146704013553276,2.556398567836465,INOXWIND,NSE,INOXWIND.NS
EMA_MACD,SHORT,2025-02-27,2025-02-28,2025-02-28,154.47999572753906,158.34199562072752,146.7559959411621,146.7559959411621,TARGET,1,5.000000000000007,4.850000000000007,NEUTRAL,40.73457283016441,5.385362782685772,INOXWIND,NSE,INOXWIND.NS
EMA_MACD,SHORT,2025-03-28,2025-04-01,2025-04-02,163.35000610351562,167.4337562561035,155.18250579833983,155.18250579833983,TARGET,2,5.000000000000007,4.850000000000007,NEUTRAL,48.77569868601632,0.18077894711906006,INOXWIND,NSE,INOXWIND.NS
EMA_MACD,LONG,2025-04-23,2025-04-24,2025-04-25,175.0,170.625,183.75,170.625,STOP_LOSS,2,-2.5,-2.65,NEUTRAL,60.833336820266034,4.160052539117467,INOXWIND,NSE,INOXWIND.NS
EMA_MACD,LONG,2025-05-14,2025-05-15,2025-05-19,174.24000549316406,169.88400535583494,182.95200576782227,182.95200576782227,TARGET,3,5.000000000000003,4.850000000000002,NEUTRAL,56.106478454264376,2.9324237594606863,INOXWIND,NSE,INOXWIND.NS
EMA_MACD,SHORT,2025-07-15,2025-07-16,2025-07-25,165.6999969482422,169.8424968719482,157.41499710083008,157.41499710083008,TARGET,8,5.0,4.85,BULL,35.332803533669804,4.676839085828739,INOXWIND,NSE,INOXWIND.NS
EMA_MACD,SHORT,2025-09-25,2025-09-26,2025-10-09,141.1999969482422,144.72999687194823,134.13999710083007,144.72999687194823,STOP_LOSS,9,-2.499999999999992,-2.649999999999992,BULL,37.64340809627121,3.3274427818173256,INOXWIND,NSE,INOXWIND.NS
EMA_MACD,LONG,2025-10-15,2025-10-16,2025-10-17,148.39999389648438,144.68999404907225,155.8199935913086,144.68999404907225,STOP_LOSS,2,-2.500000000000008,-2.650000000000008,BULL,54.903822029209415,0.5790759930472125,INOXWIND,NSE,INOXWIND.NS
RSI_ZONE,SHORT,2024-11-12,2024-11-13,2024-11-13,200.0,204.99999999999997,190.0,190.0,TARGET,1,5.0,4.85,NEUTRAL,38.09543795024485,3.9998354599800794,INOXWIND,NSE,INOXWIND.NS
RSI_ZONE,SHORT,2024-12-18,2024-12-19,2024-12-20,185.1000061035156,189.72750625610348,175.8450057983398,189.72750625610348,STOP_LOSS,2,-2.4999999999999973,-2.6499999999999972,NEUTRAL,38.146704013553276,2.556398567836465,INOXWIND,NSE,INOXWIND.NS
RSI_ZONE,SHORT,2025-02-28,2025-03-03,2025-03-03,151.39999389648438,155.18499374389648,143.82999420166016,143.82999420166016,TARGET,1,5.0,4.85,NEUTRAL,37.03277549706662,6.286310874642194,INOXWIND,NSE,INOXWIND.NS
RSI_ZONE,LONG,2025-04-23,2025-04-24,2025-04-25,175.0,170.625,183.75,170.625,STOP_LOSS,2,-2.5,-2.65,NEUTRAL,60.833336820266034,4.160052539117467,INOXWIND,NSE,INOXWIND.NS
RSI_ZONE,LONG,2025-05-19,2025-05-20,2025-05-20,187.0,182.325,196.35,182.325,STOP_LOSS,1,-2.500000000000006,-2.650000000000006,NEUTRAL,63.04734000908442,4.053167685433045,INOXWIND,NSE,INOXWIND.NS
RSI_ZONE,SHORT,2025-07-15,2025-07-16,2025-07-25,165.6999969482422,169.8424968719482,157.41499710083008,157.41499710083008,TARGET,8,5.0,4.85,BULL,35.332803533669804,4.676839085828739,INOXWIND,NSE,INOXWIND.NS
RSI_ZONE,SHORT,2025-09-25,2025-09-26,2025-10-09,141.1999969482422,144.72999687194823,134.13999710083007,144.72999687194823,STOP_LOSS,9,-2.499999999999992,-2.649999999999992,BULL,37.64340809627121,3.3274427818173256,INOXWIND,NSE,INOXWIND.NS
EXT_3,SHORT,2024-12-18,2024-12-19,2024-12-20,185.1000061035156,189.72750625610348,175.8450057983398,189.72750625610348,STOP_LOSS,2,-2.4999999999999973,-2.6499999999999972,NEUTRAL,38.146704013553276,2.556398567836465,INOXWIND,NSE,INOXWIND.NS
EXT_3,SHORT,2025-07-16,2025-07-17,2025-07-24,167.39999389648438,171.58499374389646,159.02999420166014,159.02999420166014,TARGET,6,5.000000000000006,4.850000000000006,BULL,38.17081163157143,2.4888864396371098,INOXWIND,NSE,INOXWIND.NS
EXT_3,SHORT,2025-09-29,2025-09-30,2025-10-03,139.49000549316406,142.97725563049315,132.51550521850587,142.97725563049315,STOP_LOSS,3,-2.4999999999999876,-2.6499999999999875,BULL,35.91160451669454,2.0950413660558067,INOXWIND,NSE,INOXWIND.NS
RSI_ZONE_EXT_3,SHORT,2024-12-18,2024-12-19,2024-12-20,185.1000061035156,189.72750625610348,175.8450057983398,189.72750625610348,STOP_LOSS,2,-2.4999999999999973,-2.6499999999999972,NEUTRAL,38.146704013553276,2.556398567836465,INOXWIND,NSE,INOXWIND.NS
RSI_ZONE_EXT_3,SHORT,2025-07-16,2025-07-17,2025-07-24,167.39999389648438,171.58499374389646,159.02999420166014,159.02999420166014,TARGET,6,5.000000000000006,4.850000000000006,BULL,38.17081163157143,2.4888864396371098,INOXWIND,NSE,INOXWIND.NS
RSI_ZONE_EXT_3,SHORT,2025-09-29,2025-09-30,2025-10-03,139.49000549316406,142.97725563049315,132.51550521850587,142.97725563049315,STOP_LOSS,3,-2.4999999999999876,-2.6499999999999875,BULL,35.91160451669454,2.0950413660558067,INOXWIND,NSE,INOXWIND.NS
RSI_ZONE_NO_NEUTRAL,SHORT,2025-07-15,2025-07-16,2025-07-25,165.6999969482422,169.8424968719482,157.41499710083008,157.41499710083008,TARGET,8,5.0,4.85,BULL,35.332803533669804,4.676839085828739,INOXWIND,NSE,INOXWIND.NS
RSI_ZONE_NO_NEUTRAL,SHORT,2025-09-25,2025-09-26,2025-10-09,141.1999969482422,144.72999687194823,134.13999710083007,144.72999687194823,STOP_LOSS,9,-2.499999999999992,-2.649999999999992,BULL,37.64340809627121,3.3274427818173256,INOXWIND,NSE,INOXWIND.NS
RSI_ZONE_EXT_3_NO_NEUTRAL,SHORT,2025-07-16,2025-07-17,2025-07-24,167.39999389648438,171.58499374389646,159.02999420166014,159.02999420166014,TARGET,6,5.000000000000006,4.850000000000006,BULL,38.17081163157143,2.4888864396371098,INOXWIND,NSE,INOXWIND.NS
RSI_ZONE_EXT_3_NO_NEUTRAL,SHORT,2025-09-29,2025-09-30,2025-10-03,139.49000549316406,142.97725563049315,132.51550521850587,142.97725563049315,STOP_LOSS,3,-2.4999999999999876,-2.6499999999999875,BULL,35.91160451669454,2.0950413660558067,INOXWIND,NSE,INOXWIND.NS
BASE_CURRENT,LONG,2025-05-13,2025-05-14,2025-05-21,25.944000244140625,25.295400238037107,27.241200256347657,25.295400238037107,STOP_LOSS,6,-2.500000000000008,-2.650000000000008,NEUTRAL,60.17432015636492,5.139802515233824,FCL,NSE,FCL.NS
BASE_CURRENT,LONG,2025-10-24,2025-10-27,2025-10-27,25.799999237060547,25.154999256134033,27.089999198913574,25.154999256134033,STOP_LOSS,1,-2.5,-2.65,BULL,62.80721502706401,2.8899055354824243,FCL,NSE,FCL.NS
BASE_CURRENT,SHORT,2026-03-04,2026-03-05,2026-03-09,22.270000457763672,22.826750469207763,21.156500434875486,21.156500434875486,TARGET,3,5.000000000000009,4.8500000000000085,BEAR,36.189547171639795,4.191358141705933,FCL,NSE,FCL.NS
BASE_CURRENT,LONG,2026-07-23,2026-07-24,2026-07-24,43.400001525878906,42.315001487731934,45.57000160217285,42.315001487731934,STOP_LOSS,1,-2.5,-2.65,NEUTRAL,60.93870815992368,4.333355745037655,FCL,NSE,FCL.NS
BASE_CURRENT,LONG,2026-08-10,2026-08-11,2026-08-11,43.34999847412109,42.26624851226806,45.51749839782714,42.26624851226806,STOP_LOSS,1,-2.500000000000007,-2.650000000000007,BULL,60.463423734491414,3.3626241215903656,FCL,NSE,FCL.NS
EMA_MACD,SHORT,2025-02-05,2025-02-06,2025-02-07,31.600000381469727,32.39000039100647,30.02000036239624,30.02000036239624,TARGET,2,5.000000000000004,4.850000000000004,NEUTRAL,44.143261172367836,1.1246523706081601,FCL,NSE,FCL.NS
EMA_MACD,SHORT,2025-05-07,2025-05-08,2025-05-09,23.655000686645508,24.246375703811644,22.47225065231323,22.47225065231323,TARGET,2,5.000000000000003,4.850000000000002,NEUTRAL,47.87401660408037,0.5846334124706624,FCL,NSE,FCL.NS
EMA_MACD,LONG,2025-05-13,2025-05-14,2025-05-21,25.944000244140625,25.295400238037107,27.241200256347657,25.295400238037107,STOP_LOSS,6,-2.500000000000008,-2.650000000000008,NEUTRAL,60.17432015636492,5.139802515233824,FCL,NSE,FCL.NS
EMA_MACD,LONG,2025-06-04,2025-06-05,2025-06-10,24.934999465942383,24.311624479293823,26.181749439239503,26.181749439239503,TARGET,4,5.000000000000006,4.850000000000006,NEUTRAL,52.64690307308982,0.6108116899036642,FCL,NSE,FCL.NS
EMA_MACD,SHORT,2025-10-13,2025-10-14,2025-10-17,24.097999572753903,24.700449562072748,22.893099594116208,24.700449562072748,STOP_LOSS,4,-2.4999999999999916,-2.6499999999999915,BULL,44.268635263475566,1.6104698818966316,FCL,NSE,FCL.NS
EMA_MACD,LONG,2025-10-21,2025-10-23,2025-10-31,24.868000030517575,24.246300029754636,26.111400032043456,26.111400032043456,TARGET,7,5.000000000000009,4.8500000000000085,BULL,52.947754042859756,0.7398431309325487,FCL,NSE,FCL.NS
EMA_MACD,SHORT,2026-01-06,2026-01-07,2026-01-12,24.049999237060547,24.651249217987058,22.847499275207518,22.847499275207518,TARGET,4,5.000000000000006,4.850000000000006,BULL,44.11966692042246,1.0797994207537993,FCL,NSE,FCL.NS
EMA_MACD,SHORT,2026-03-04,2026-03-05,2026-03-09,22.270000457763672,22.826750469207763,21.156500434875486,21.156500434875486,TARGET,3,5.000000000000009,4.8500000000000085,BEAR,36.189547171639795,4.191358141705933,FCL,NSE,FCL.NS
EMA_MACD,LONG,2026-07-21,2026-07-22,2026-07-22,40.400001525878906,39.39000148773193,42.42000160217285,39.39000148773193,STOP_LOSS,1,-2.5000000000000107,-2.6500000000000106,NEUTRAL,55.58353917809764,2.670007253018494,FCL,NSE,FCL.NS
EMA_MACD,LONG,2026-08-06,2026-08-07,2026-08-10,41.70000076293945,40.65750074386597,43.785000801086426,40.65750074386597,STOP_LOSS,2,-2.5,-2.65,BULL,58.45971224310146,4.81163337377841,FCL,NSE,FCL.NS
RSI_ZONE,LONG,2025-05-13,2025-05-14,2025-05-21,25.944000244140625,25.295400238037107,27.241200256347657,25.295400238037107,STOP_LOSS,6,-2.500000000000008,-2.650000000000008,NEUTRAL,60.17432015636492,5.139802515233824,FCL,NSE,FCL.NS
RSI_ZONE,LONG,2025-10-24,2025-10-27,2025-10-27,25.799999237060547,25.154999256134033,27.089999198913574,25.154999256134033,STOP_LOSS,1,-2.5,-2.65,BULL,62.80721502706401,2.8899055354824243,FCL,NSE,FCL.NS
RSI_ZONE,SHORT,2026-03-04,2026-03-05,2026-03-09,22.270000457763672,22.826750469207763,21.156500434875486,21.156500434875486,TARGET,3,5.000000000000009,4.8500000000000085,BEAR,36.189547171639795,4.191358141705933,FCL,NSE,FCL.NS
RSI_ZONE,LONG,2026-07-23,2026-07-24,2026-07-24,43.400001525878906,42.315001487731934,45.57000160217285,42.315001487731934,STOP_LOSS,1,-2.5,-2.65,NEUTRAL,60.93870815992368,4.333355745037655,FCL,NSE,FCL.NS
RSI_ZONE,LONG,2026-08-10,2026-08-11,2026-08-11,43.34999847412109,42.26624851226806,45.51749839782714,42.26624851226806,STOP_LOSS,1,-2.500000000000007,-2.650000000000007,BULL,60.463423734491414,3.3626241215903656,FCL,NSE,FCL.NS
EXT_3,LONG,2025-10-24,2025-10-27,2025-10-27,25.799999237060547,25.154999256134033,27.089999198913574,25.154999256134033,STOP_LOSS,1,-2.5,-2.65,BULL,62.80721502706401,2.8899055354824243,FCL,NSE,FCL.NS
EXT_3,SHORT,2026-03-05,2026-03-06,2026-03-09,22.40999984741211,22.97024984359741,21.2894998550415,21.2894998550415,TARGET,2,5.000000000000009,4.8500000000000085,BEAR,38.18853491773004,2.301364422789996,FCL,NSE,FCL.NS
EXT_3,LONG,2026-08-11,2026-08-12,2026-08-12,43.0,41.925,45.15,41.925,STOP_LOSS,1,-2.5000000000000067,-2.6500000000000066,BULL,61.77576244180527,2.974912888642855,FCL,NSE,FCL.NS
RSI_ZONE_EXT_3,LONG,2025-10-24,2025-10-27,2025-10-27,25.799999237060547,25.154999256134033,27.089999198913574,25.154999256134033,STOP_LOSS,1,-2.5,-2.65,BULL,62.80721502706401,2.8899055354824243,FCL,NSE,FCL.NS
RSI_ZONE_EXT_3,SHORT,2026-03-05,2026-03-06,2026-03-09,22.40999984741211,22.97024984359741,21.2894998550415,21.2894998550415,TARGET,2,5.000000000000009,4.8500000000000085,BEAR,38.18853491773004,2.301364422789996,FCL,NSE,FCL.NS
RSI_ZONE_EXT_3,LONG,2026-08-11,2026-08-12,2026-08-12,43.0,41.925,45.15,41.925,STOP_LOSS,1,-2.5000000000000067,-2.6500000000000066,BULL,61.77576244180527,2.974912888642855,FCL,NSE,FCL.NS
RSI_ZONE_NO_NEUTRAL,LONG,2025-10-24,2025-10-27,2025-10-27,25.799999237060547,25.154999256134033,27.089999198913574,25.154999256134033,STOP_LOSS,1,-2.5,-2.65,BULL,62.80721502706401,2.8899055354824243,FCL,NSE,FCL.NS
RSI_ZONE_NO_NEUTRAL,SHORT,2026-03-04,2026-03-05,2026-03-09,22.270000457763672,22.826750469207763,21.156500434875486,21.156500434875486,TARGET,3,5.000000000000009,4.8500000000000085,BEAR,36.189547171639795,4.191358141705933,FCL,NSE,FCL.NS
RSI_ZONE_NO_NEUTRAL,LONG,2026-08-10,2026-08-11,2026-08-11,43.34999847412109,42.26624851226806,45.51749839782714,42.26624851226806,STOP_LOSS,1,-2.500000000000007,-2.650000000000007,BULL,60.463423734491414,3.3626241215903656,FCL,NSE,FCL.NS
RSI_ZONE_EXT_3_NO_NEUTRAL,LONG,2025-10-24,2025-10-27,2025-10-27,25.799999237060547,25.154999256134033,27.089999198913574,25.154999256134033,STOP_LOSS,1,-2.5,-2.65,BULL,62.80721502706401,2.8899055354824243,FCL,NSE,FCL.NS
RSI_ZONE_EXT_3_NO_NEUTRAL,SHORT,2026-03-05,2026-03-06,2026-03-09,22.40999984741211,22.97024984359741,21.2894998550415,21.2894998550415,TARGET,2,5.000000000000009,4.8500000000000085,BEAR,38.18853491773004,2.301364422789996,FCL,NSE,FCL.NS
RSI_ZONE_EXT_3_NO_NEUTRAL,LONG,2026-08-11,2026-08-12,2026-08-12,43.0,41.925,45.15,41.925,STOP_LOSS,1,-2.5000000000000067,-2.6500000000000066,BULL,61.77576244180527,2.974912888642855,FCL,NSE,FCL.NS
BASE_CURRENT,SHORT,2024-12-23,2024-12-24,2024-12-26,33.5,34.3375,31.825,34.3375,STOP_LOSS,2,-2.4999999999999956,-2.6499999999999955,NEUTRAL,35.42559852782621,2.5099256912064787,UJJIVANSFB,NSE,UJJIVANSFB.NS
BASE_CURRENT,LONG,2025-02-01,2025-02-03,2025-02-05,35.93000030517578,35.03175029754639,37.726500320434575,37.726500320434575,TARGET,3,5.000000000000012,4.850000000000012,NEUTRAL,62.67198454359463,3.8067789725820194,UJJIVANSFB,NSE,UJJIVANSFB.NS
BASE_CURRENT,SHORT,2025-02-17,2025-02-18,2025-02-21,32.150001525878906,32.95375156402588,30.54250144958496,32.95375156402588,STOP_LOSS,4,-2.5,-2.65,NEUTRAL,37.58891514030187,5.313470025340802,UJJIVANSFB,NSE,UJJIVANSFB.NS
BASE_CURRENT,LONG,2025-10-01,2025-10-03,2025-10-17,48.22999954223633,47.02424955368042,50.641499519348145,48.720001220703125,TIME_EXIT,11,1.015968656681593,0.8659686566815931,BULL,64.88678221458184,3.741788105033559,UJJIVANSFB,NSE,UJJIVANSFB.NS
BASE_CURRENT,LONG,2026-01-02,2026-01-05,2026-01-08,57.0,55.574999999999996,59.85,59.85,TARGET,4,5.000000000000003,4.850000000000002,BULL,62.196512058679026,3.464187149221255,UJJIVANSFB,NSE,UJJIVANSFB.NS
BASE_CURRENT,LONG,2026-05-04,2026-05-05,2026-05-08,61.400001525878906,59.86500148773193,64.47000160217286,64.47000160217286,TARGET,4,5.000000000000009,4.8500000000000085,BEAR,62.25876011139191,5.017132966038475,UJJIVANSFB,NSE,UJJIVANSFB.NS
BASE_CURRENT,SHORT,2026-05-18,2026-05-19,2026-05-26,54.5,55.8625,51.775,55.8625,STOP_LOSS,6,-2.499999999999995,-2.649999999999995,BEAR,37.505556628372815,3.659535825865856,UJJIVANSFB,NSE,UJJIVANSFB.NS
EMA_MACD,SHORT,2024-12-23,2024-12-24,2024-12-26,33.5,34.3375,31.825,34.3375,STOP_LOSS,2,-2.4999999999999956,-2.6499999999999955,NEUTRAL,35.42559852782621,2.5099256912064787,UJJIVANSFB,NSE,UJJIVANSFB.NS
EMA_MACD,SHORT,2025-01-14,2025-01-15,2025-01-20,33.779998779296875,34.624498748779295,32.09099884033203,34.624498748779295,STOP_LOSS,4,-2.4999999999999956,-2.6499999999999955,NEUTRAL,43.98928530855282,0.8328503766265496,UJJIVANSFB,NSE,UJJIVANSFB.NS
EMA_MACD,LONG,2025-02-01,2025-02-03,2025-02-05,35.93000030517578,35.03175029754639,37.726500320434575,37.726500320434575,TARGET,3,5.000000000000012,4.850000000000012,NEUTRAL,62.67198454359463,3.8067789725820194,UJJIVANSFB,NSE,UJJIVANSFB.NS
EMA_MACD,SHORT,2025-02-17,2025-02-18,2025-02-21,32.150001525878906,32.95375156402588,30.54250144958496,32.95375156402588,STOP_LOSS,4,-2.5,-2.65,NEUTRAL,37.58891514030187,5.313470025340802,UJJIVANSFB,NSE,UJJIVANSFB.NS
EMA_MACD,LONG,2025-10-01,2025-10-03,2025-10-17,48.22999954223633,47.02424955368042,50.641499519348145,48.720001220703125,TIME_EXIT,11,1.015968656681593,0.8659686566815931,BULL,64.88678221458184,3.741788105033559,UJJIVANSFB,NSE,UJJIVANSFB.NS
EMA_MACD,LONG,2026-01-02,2026-01-05,2026-01-08,57.0,55.574999999999996,59.85,59.85,TARGET,4,5.000000000000003,4.850000000000002,BULL,62.196512058679026,3.464187149221255,UJJIVANSFB,NSE,UJJIVANSFB.NS
EMA_MACD,LONG,2026-05-04,2026-05-05,2026-05-08,61.400001525878906,59.86500148773193,64.47000160217286,64.47000160217286,TARGET,4,5.000000000000009,4.8500000000000085,BEAR,62.25876011139191,5.017132966038475,UJJIVANSFB,NSE,UJJIVANSFB.NS
EMA_MACD,SHORT,2026-05-18,2026-05-19,2026-05-26,54.5,55.8625,51.775,55.8625,STOP_LOSS,6,-2.499999999999995,-2.649999999999995,BEAR,37.505556628372815,3.659535825865856,UJJIVANSFB,NSE,UJJIVANSFB.NS
RSI_ZONE,SHORT,2024-12-23,2024-12-24,2024-12-26,33.5,34.3375,31.825,34.3375,STOP_LOSS,2,-2.4999999999999956,-2.6499999999999955,NEUTRAL,35.42559852782621,2.5099256912064787,UJJIVANSFB,NSE,UJJIVANSFB.NS
RSI_ZONE,LONG,2025-02-01,2025-02-03,2025-02-05,35.93000030517578,35.03175029754639,37.726500320434575,37.726500320434575,TARGET,3,5.000000000000012,4.850000000000012,NEUTRAL,62.67198454359463,3.8067789725820194,UJJIVANSFB,NSE,UJJIVANSFB.NS
RSI_ZONE,SHORT,2025-02-17,2025-02-18,2025-02-21,32.150001525878906,32.95375156402588,30.54250144958496,32.95375156402588,STOP_LOSS,4,-2.5,-2.65,NEUTRAL,37.58891514030187,5.313470025340802,UJJIVANSFB,NSE,UJJIVANSFB.NS
RSI_ZONE,LONG,2025-10-01,2025-10-03,2025-10-17,48.22999954223633,47.02424955368042,50.641499519348145,48.720001220703125,TIME_EXIT,11,1.015968656681593,0.8659686566815931,BULL,64.88678221458184,3.741788105033559,UJJIVANSFB,NSE,UJJIVANSFB.NS
RSI_ZONE,LONG,2026-01-02,2026-01-05,2026-01-08,57.0,55.574999999999996,59.85,59.85,TARGET,4,5.000000000000003,4.850000000000002,BULL,62.196512058679026,3.464187149221255,UJJIVANSFB,NSE,UJJIVANSFB.NS
RSI_ZONE,LONG,2026-05-04,2026-05-05,2026-05-08,61.400001525878906,59.86500148773193,64.47000160217286,64.47000160217286,TARGET,4,5.000000000000009,4.8500000000000085,BEAR,62.25876011139191,5.017132966038475,UJJIVANSFB,NSE,UJJIVANSFB.NS
RSI_ZONE,SHORT,2026-05-18,2026-05-19,2026-05-26,54.5,55.8625,51.775,55.8625,STOP_LOSS,6,-2.499999999999995,-2.649999999999995,BEAR,37.505556628372815,3.659535825865856,UJJIVANSFB,NSE,UJJIVANSFB.NS
EXT_3,SHORT,2024-12-23,2024-12-24,2024-12-26,33.5,34.3375,31.825,34.3375,STOP_LOSS,2,-2.4999999999999956,-2.6499999999999955,NEUTRAL,35.42559852782621,2.5099256912064787,UJJIVANSFB,NSE,UJJIVANSFB.NS
EXT_3,LONG,2025-02-04,2025-02-05,2025-02-07,37.33000183105469,36.39675178527832,39.196501922607425,39.196501922607425,TARGET,3,5.000000000000008,4.850000000000008,NEUTRAL,64.92521215471547,2.393657662130319,UJJIVANSFB,NSE,UJJIVANSFB.NS
EXT_3,LONG,2025-10-03,2025-10-06,2025-10-08,48.79999923706055,47.57999925613403,51.23999919891358,47.57999925613403,STOP_LOSS,3,-2.5000000000000058,-2.6500000000000057,BULL,65.2833810417168,2.6175526337544377,UJJIVANSFB,NSE,UJJIVANSFB.NS
EXT_3,LONG,2026-01-07,2026-01-08,2026-01-16,57.45000076293945,56.01375074386596,60.32250080108643,60.32250080108643,TARGET,7,5.000000000000003,4.850000000000002,BULL,67.55989318801977,1.933060560991824,UJJIVANSFB,NSE,UJJIVANSFB.NS
EXT_3,LONG,2026-05-07,2026-05-08,2026-05-11,62.9900016784668,61.415251636505126,66.13950176239014,61.415251636505126,STOP_LOSS,2,-2.500000000000002,-2.650000000000002,BEAR,65.10309538633857,2.2574798619949052,UJJIVANSFB,NSE,UJJIVANSFB.NS
RSI_ZONE_EXT_3,SHORT,2024-12-23,2024-12-24,2024-12-26,33.5,34.3375,31.825,34.3375,STOP_LOSS,2,-2.4999999999999956,-2.6499999999999955,NEUTRAL,35.42559852782621,2.5099256912064787,UJJIVANSFB,NSE,UJJIVANSFB.NS
RSI_ZONE_EXT_3,LONG,2025-02-04,2025-02-05,2025-02-07,37.33000183105469,36.39675178527832,39.196501922607425,39.196501922607425,TARGET,3,5.000000000000008,4.850000000000008,NEUTRAL,64.92521215471547,2.393657662130319,UJJIVANSFB,NSE,UJJIVANSFB.NS
RSI_ZONE_EXT_3,LONG,2026-05-08,2026-05-11,2026-05-11,61.5,59.9625,64.575,59.9625,STOP_LOSS,1,-2.500000000000002,-2.650000000000002,BEAR,63.89636076725895,1.2039956224545219,UJJIVANSFB,NSE,UJJIVANSFB.NS
RSI_ZONE_NO_NEUTRAL,LONG,2025-10-01,2025-10-03,2025-10-17,48.22999954223633,47.02424955368042,50.641499519348145,48.720001220703125,TIME_EXIT,11,1.015968656681593,0.8659686566815931,BULL,64.88678221458184,3.741788105033559,UJJIVANSFB,NSE,UJJIVANSFB.NS
RSI_ZONE_NO_NEUTRAL,LONG,2026-01-02,2026-01-05,2026-01-08,57.0,55.574999999999996,59.85,59.85,TARGET,4,5.000000000000003,4.850000000000002,BULL,62.196512058679026,3.464187149221255,UJJIVANSFB,NSE,UJJIVANSFB.NS
RSI_ZONE_NO_NEUTRAL,LONG,2026-05-04,2026-05-05,2026-05-08,61.400001525878906,59.86500148773193,64.47000160217286,64.47000160217286,TARGET,4,5.000000000000009,4.8500000000000085,BEAR,62.25876011139191,5.017132966038475,UJJIVANSFB,NSE,UJJIVANSFB.NS
RSI_ZONE_NO_NEUTRAL,SHORT,2026-05-18,2026-05-19,2026-05-26,54.5,55.8625,51.775,55.8625,STOP_LOSS,6,-2.499999999999995,-2.649999999999995,BEAR,37.505556628372815,3.659535825865856,UJJIVANSFB,NSE,UJJIVANSFB.NS
RSI_ZONE_EXT_3_NO_NEUTRAL,LONG,2026-05-08,2026-05-11,2026-05-11,61.5,59.9625,64.575,59.9625,STOP_LOSS,1,-2.500000000000002,-2.650000000000002,BEAR,63.89636076725895,1.2039956224545219,UJJIVANSFB,NSE,UJJIVANSFB.NS
EMA_MACD,LONG,2026-06-26,2026-06-29,2026-06-29,185.1999969482422,180.56999702453612,194.4599967956543,194.4599967956543,TARGET,1,4.9999999999999964,4.849999999999996,UNKNOWN,59.78598429511397,1.5264413944828348,MEESHO,NSE,MEESHO.NS
EMA_MACD,LONG,2026-08-04,2026-08-05,2026-08-06,193.0,188.17499999999998,202.65,188.17499999999998,STOP_LOSS,2,-2.500000000000009,-2.650000000000009,BULL,58.297295537773735,2.2734132252498216,MEESHO,NSE,MEESHO.NS
BASE_CURRENT,LONG,2026-04-10,2026-04-13,2026-04-15,530.0,516.75,556.5,556.5,TARGET,2,5.0,4.85,BEAR,64.80884687823495,5.356568246661097,LENSKART,NSE,LENSKART.NS
EMA_MACD,LONG,2026-02-03,2026-02-04,2026-02-10,451.04998779296875,439.7737380981445,473.6024871826172,473.6024871826172,TARGET,5,5.000000000000005,4.850000000000005,NEUTRAL,57.857286067482484,2.144997087279503,LENSKART,NSE,LENSKART.NS
EMA_MACD,LONG,2026-04-10,2026-04-13,2026-04-15,530.0,516.75,556.5,556.5,TARGET,2,5.0,4.85,BEAR,64.80884687823495,5.356568246661097,LENSKART,NSE,LENSKART.NS
EMA_MACD,LONG,2026-05-28,2026-05-29,2026-06-05,519.5,506.5125,545.475,506.5125,STOP_LOSS,6,-2.500000000000002,-2.650000000000002,UNKNOWN,58.45561515859319,1.547772236987829,LENSKART,NSE,LENSKART.NS
EMA_MACD,SHORT,2026-06-12,2026-06-15,2026-06-19,506.0,518.65,480.7,518.65,STOP_LOSS,5,-2.4999999999999956,-2.6499999999999955,BEAR,42.09490400159336,1.3665199621387332,LENSKART,NSE,LENSKART.NS
EMA_MACD,LONG,2026-06-22,2026-06-23,2026-06-24,519.5499877929688,506.56123809814454,545.5274871826172,506.56123809814454,STOP_LOSS,2,-2.499999999999998,-2.6499999999999977,BEAR,57.88627281419151,1.434968523669247,LENSKART,NSE,LENSKART.NS
RSI_ZONE,LONG,2026-04-10,2026-04-13,2026-04-15,530.0,516.75,556.5,556.5,TARGET,2,5.0,4.85,BEAR,64.80884687823495,5.356568246661097,LENSKART,NSE,LENSKART.NS
EXT_3,LONG,2026-04-15,2026-04-16,2026-04-20,542.0,528.4499999999999,569.1,528.4499999999999,STOP_LOSS,3,-2.5000000000000124,-2.6500000000000123,BEAR,60.33936891032815,1.071776175625822,LENSKART,NSE,LENSKART.NS
RSI_ZONE_EXT_3,LONG,2026-04-15,2026-04-16,2026-04-20,542.0,528.4499999999999,569.1,528.4499999999999,STOP_LOSS,3,-2.5000000000000124,-2.6500000000000123,BEAR,60.33936891032815,1.071776175625822,LENSKART,NSE,LENSKART.NS
RSI_ZONE_NO_NEUTRAL,LONG,2026-04-10,2026-04-13,2026-04-15,530.0,516.75,556.5,556.5,TARGET,2,5.0,4.85,BEAR,64.80884687823495,5.356568246661097,LENSKART,NSE,LENSKART.NS
RSI_ZONE_EXT_3_NO_NEUTRAL,LONG,2026-04-15,2026-04-16,2026-04-20,542.0,528.4499999999999,569.1,528.4499999999999,STOP_LOSS,3,-2.5000000000000124,-2.6500000000000123,BEAR,60.33936891032815,1.071776175625822,LENSKART,NSE,LENSKART.NS
BASE_CURRENT,LONG,2024-11-25,2024-11-26,2024-12-10,35.400001525878906,34.51500148773193,37.17000160217285,34.51500148773193,STOP_LOSS,11,-2.500000000000012,-2.650000000000012,NEUTRAL,67.91868615054814,7.686773839975768,TFCILTD,NSE,TFCILTD.NS
BASE_CURRENT,SHORT,2025-01-14,2025-01-15,2025-01-22,31.197999954223636,31.977949953079225,29.638099956512452,29.638099956512452,TARGET,6,5.000000000000009,4.8500000000000085,NEUTRAL,38.7955884246019,2.932093848290443,TFCILTD,NSE,TFCILTD.NS
BASE_CURRENT,LONG,2025-03-26,2025-03-27,2025-03-27,33.0,32.175,34.65,32.175,STOP_LOSS,1,-2.5000000000000084,-2.6500000000000083,NEUTRAL,69.44401135969775,11.043322489523334,TFCILTD,NSE,TFCILTD.NS
BASE_CURRENT,SHORT,2025-12-04,2025-12-05,2025-12-09,64.33999633789062,65.94849624633788,61.12299652099609,65.94849624633788,STOP_LOSS,3,-2.4999999999999867,-2.6499999999999866,BULL,38.95936935316479,3.55270214694262,TFCILTD,NSE,TFCILTD.NS
BASE_CURRENT,SHORT,2026-01-02,2026-01-05,2026-01-05,51.0,52.275,48.449999999999996,52.275,STOP_LOSS,1,-2.4999999999999973,-2.6499999999999972,BULL,32.39986303243171,11.304795217113117,TFCILTD,NSE,TFCILTD.NS
BASE_CURRENT,LONG,2026-07-15,2026-07-16,2026-07-20,83.94999694824219,81.85124702453614,88.1474967956543,81.85124702453614,STOP_LOSS,3,-2.4999999999999964,-2.6499999999999964,NEUTRAL,65.4532880203925,4.2165216558309755,TFCILTD,NSE,TFCILTD.NS
EMA_MACD,SHORT,2024-11-18,2024-11-19,2024-11-19,29.440000534057617,30.176000547409053,27.968000507354734,30.176000547409053,STOP_LOSS,1,-2.499999999999986,-2.6499999999999857,NEUTRAL,45.07884769238838,1.672918530607842,TFCILTD,NSE,TFCILTD.NS
EMA_MACD,LONG,2024-11-25,2024-11-26,2024-12-10,35.400001525878906,34.51500148773193,37.17000160217285,34.51500148773193,STOP_LOSS,11,-2.500000000000012,-2.650000000000012,NEUTRAL,67.91868615054814,7.686773839975768,TFCILTD,NSE,TFCILTD.NS
EMA_MACD,SHORT,2025-01-09,2025-01-10,2025-01-13,32.604000091552734,33.41910009384155,30.973800086975096,30.973800086975096,TARGET,2,5.000000000000004,4.850000000000004,NEUTRAL,48.05280752146373,0.8568773876054474,TFCILTD,NSE,TFCILTD.NS
EMA_MACD,SHORT,2025-03-13,2025-03-17,2025-03-17,28.0,28.699999999999996,26.599999999999998,28.699999999999996,STOP_LOSS,1,-2.499999999999985,-2.649999999999985,NEUTRAL,43.387715648109825,3.0206465895964723,TFCILTD,NSE,TFCILTD.NS
EMA_MACD,LONG,2025-03-26,2025-03-27,2025-03-27,33.0,32.175,34.65,32.175,STOP_LOSS,1,-2.5000000000000084,-2.6500000000000083,NEUTRAL,69.44401135969775,11.043322489523334,TFCILTD,NSE,TFCILTD.NS
EMA_MACD,SHORT,2025-12-04,2025-12-05,2025-12-09,64.33999633789062,65.94849624633788,61.12299652099609,65.94849624633788,STOP_LOSS,3,-2.4999999999999867,-2.6499999999999866,BULL,38.95936935316479,3.55270214694262,TFCILTD,NSE,TFCILTD.NS
EMA_MACD,SHORT,2026-01-02,2026-01-05,2026-01-05,51.0,52.275,48.449999999999996,52.275,STOP_LOSS,1,-2.4999999999999973,-2.6499999999999972,BULL,32.39986303243171,11.304795217113117,TFCILTD,NSE,TFCILTD.NS
EMA_MACD,SHORT,2026-01-21,2026-01-22,2026-01-22,62.0,63.55,58.9,63.55,STOP_LOSS,1,-2.499999999999995,-2.649999999999995,BEAR,41.685572321020814,6.145419276758536,TFCILTD,NSE,TFCILTD.NS
EMA_MACD,LONG,2026-02-05,2026-02-06,2026-02-10,68.0,66.3,71.4,71.4,TARGET,3,5.000000000000009,4.8500000000000085,NEUTRAL,54.24214060793931,1.935841181893264,TFCILTD,NSE,TFCILTD.NS
EMA_MACD,LONG,2026-06-05,2026-06-08,2026-06-11,74.5,72.6375,78.22500000000001,72.6375,STOP_LOSS,4,-2.4999999999999964,-2.6499999999999964,BEAR,53.61700824237242,0.23458460707030723,TFCILTD,NSE,TFCILTD.NS
EMA_MACD,LONG,2026-07-14,2026-07-15,2026-07-15,80.11000061035156,78.10725059509276,84.11550064086914,84.11550064086914,TARGET,1,5.0000000000000036,4.850000000000003,NEUTRAL,59.488738576637154,2.3067262385455423,TFCILTD,NSE,TFCILTD.NS
RSI_ZONE,SHORT,2025-01-14,2025-01-15,2025-01-22,31.197999954223636,31.977949953079225,29.638099956512452,29.638099956512452,TARGET,6,5.000000000000009,4.8500000000000085,NEUTRAL,38.7955884246019,2.932093848290443,TFCILTD,NSE,TFCILTD.NS
RSI_ZONE,SHORT,2025-12-04,2025-12-05,2025-12-09,64.33999633789062,65.94849624633788,61.12299652099609,65.94849624633788,STOP_LOSS,3,-2.4999999999999867,-2.6499999999999866,BULL,38.95936935316479,3.55270214694262,TFCILTD,NSE,TFCILTD.NS
RSI_ZONE,SHORT,2026-01-02,2026-01-05,2026-01-05,51.0,52.275,48.449999999999996,52.275,STOP_LOSS,1,-2.4999999999999973,-2.6499999999999972,BULL,32.39986303243171,11.304795217113117,TFCILTD,NSE,TFCILTD.NS
EXT_3,SHORT,2025-01-14,2025-01-15,2025-01-22,31.197999954223636,31.977949953079225,29.638099956512452,29.638099956512452,TARGET,6,5.000000000000009,4.8500000000000085,NEUTRAL,38.7955884246019,2.932093848290443,TFCILTD,NSE,TFCILTD.NS
EXT_3,SHORT,2025-12-08,2025-12-09,2025-12-09,63.09999847412109,64.6774984359741,59.94499855041503,64.6774984359741,STOP_LOSS,1,-2.49999999999998,-2.64999999999998,BULL,38.00164777812035,2.6482253824056863,TFCILTD,NSE,TFCILTD.NS
EXT_3,LONG,2026-07-16,2026-07-17,2026-07-17,85.44999694824219,83.31374702453613,89.7224967956543,83.31374702453613,STOP_LOSS,1,-2.5000000000000067,-2.6500000000000066,NEUTRAL,65.32658175059652,2.739796389947228,TFCILTD,NSE,TFCILTD.NS
RSI_ZONE_EXT_3,SHORT,2025-01-14,2025-01-15,2025-01-22,31.197999954223636,31.977949953079225,29.638099956512452,29.638099956512452,TARGET,6,5.000000000000009,4.8500000000000085,NEUTRAL,38.7955884246019,2.932093848290443,TFCILTD,NSE,TFCILTD.NS
RSI_ZONE_EXT_3,SHORT,2025-12-08,2025-12-09,2025-12-09,63.09999847412109,64.6774984359741,59.94499855041503,64.6774984359741,STOP_LOSS,1,-2.49999999999998,-2.64999999999998,BULL,38.00164777812035,2.6482253824056863,TFCILTD,NSE,TFCILTD.NS
RSI_ZONE_NO_NEUTRAL,SHORT,2025-12-04,2025-12-05,2025-12-09,64.33999633789062,65.94849624633788,61.12299652099609,65.94849624633788,STOP_LOSS,3,-2.4999999999999867,-2.6499999999999866,BULL,38.95936935316479,3.55270214694262,TFCILTD,NSE,TFCILTD.NS
RSI_ZONE_NO_NEUTRAL,SHORT,2026-01-02,2026-01-05,2026-01-05,51.0,52.275,48.449999999999996,52.275,STOP_LOSS,1,-2.4999999999999973,-2.6499999999999972,BULL,32.39986303243171,11.304795217113117,TFCILTD,NSE,TFCILTD.NS
RSI_ZONE_EXT_3_NO_NEUTRAL,SHORT,2025-12-08,2025-12-09,2025-12-09,63.09999847412109,64.6774984359741,59.94499855041503,64.6774984359741,STOP_LOSS,1,-2.49999999999998,-2.64999999999998,BULL,38.00164777812035,2.6482253824056863,TFCILTD,NSE,TFCILTD.NS
BASE_CURRENT,SHORT,2025-01-07,2025-01-08,2025-01-09,443.0,454.075,420.84999999999997,454.075,STOP_LOSS,2,-2.4999999999999973,-2.6499999999999972,NEUTRAL,37.25042824164234,2.4065788370069985,ITC,NSE,ITC.NS
BASE_CURRENT,SHORT,2025-02-10,2025-02-11,2025-02-17,428.7999877929688,439.519987487793,407.35998840332036,407.35998840332036,TARGET,5,5.000000000000002,4.850000000000001,NEUTRAL,37.85134076545186,2.2348171601603553,ITC,NSE,ITC.NS
BASE_CURRENT,SHORT,2025-07-24,2025-07-25,2025-08-04,410.0,420.24999999999994,389.5,420.24999999999994,STOP_LOSS,7,-2.4999999999999862,-2.649999999999986,BULL,36.695910589558345,1.308386228140479,ITC,NSE,ITC.NS
BASE_CURRENT,SHORT,2025-08-18,2025-08-19,2025-09-03,406.3500061035156,416.5087562561035,386.0325057983398,411.75,TIME_EXIT,11,-1.3289021324903718,-1.4789021324903717,NEUTRAL,36.385106208202416,1.209262253417822,ITC,NSE,ITC.NS
BASE_CURRENT,SHORT,2025-09-24,2025-09-25,2025-10-10,401.4500122070313,411.4862625122071,381.3775115966797,402.7999877929688,TIME_EXIT,11,-0.33627488974674774,-0.4862748897467477,BULL,38.25992019263435,1.0892608170249685,ITC,NSE,ITC.NS
BASE_CURRENT,LONG,2025-10-23,2025-10-24,2025-11-07,415.9500122070313,405.5512619018555,436.74751281738287,405.5512619018555,STOP_LOSS,10,-2.5,-2.65,BULL,63.19757296040662,1.059295671555169,ITC,NSE,ITC.NS
BASE_CURRENT,SHORT,2026-01-01,2026-01-02,2026-01-06,360.0,368.99999999999994,342.0,342.0,TARGET,3,5.0,4.85,BULL,19.004927953473896,6.664661894832009,ITC,NSE,ITC.NS
BASE_CURRENT,SHORT,2026-08-12,2026-08-13,2026-08-27,276.20001220703125,283.105012512207,262.3900115966797,269.0,TIME_EXIT,11,2.6068109662624983,2.4568109662624984,BULL,36.58206506877249,1.6272727716534165,ITC,NSE,ITC.NS
EMA_MACD,SHORT,2025-01-07,2025-01-08,2025-01-09,443.0,454.075,420.84999999999997,454.075,STOP_LOSS,2,-2.4999999999999973,-2.6499999999999972,NEUTRAL,37.25042824164234,2.4065788370069985,ITC,NSE,ITC.NS
EMA_MACD,LONG,2025-02-04,2025-02-05,2025-02-06,455.1499938964844,443.77124404907227,477.9074935913086,443.77124404907227,STOP_LOSS,2,-2.5,-2.65,NEUTRAL,57.17507176089487,0.7791731253894989,ITC,NSE,ITC.NS
EMA_MACD,SHORT,2025-02-10,2025-02-11,2025-02-17,428.7999877929688,439.519987487793,407.35998840332036,407.35998840332036,TARGET,5,5.000000000000002,4.850000000000001,NEUTRAL,37.85134076545186,2.2348171601603553,ITC,NSE,ITC.NS
EMA_MACD,SHORT,2025-06-02,2025-06-03,2025-06-17,419.0,429.47499999999997,398.04999999999995,417.3999938964844,TIME_EXIT,11,0.3818630318653043,0.2318630318653043,NEUTRAL,43.18027213824662,0.6902364610515798,ITC,NSE,ITC.NS
EMA_MACD,SHORT,2025-07-24,2025-07-25,2025-08-04,410.0,420.24999999999994,389.5,420.24999999999994,STOP_LOSS,7,-2.4999999999999862,-2.649999999999986,BULL,36.695910589558345,1.308386228140479,ITC,NSE,ITC.NS
EMA_MACD,SHORT,2025-08-18,2025-08-19,2025-09-03,406.3500061035156,416.5087562561035,386.0325057983398,411.75,TIME_EXIT,11,-1.3289021324903718,-1.4789021324903717,NEUTRAL,36.385106208202416,1.209262253417822,ITC,NSE,ITC.NS
EMA_MACD,SHORT,2025-09-23,2025-09-24,2025-10-09,403.2000122070313,413.28001251220707,383.04001159667973,399.8999938964844,TIME_EXIT,11,0.8184568974795738,0.6684568974795738,BULL,40.60189757026354,1.0853247713922396,ITC,NSE,ITC.NS
EMA_MACD,LONG,2025-10-21,2025-10-23,2025-11-07,416.0,405.59999999999997,436.8,405.59999999999997,STOP_LOSS,11,-2.500000000000008,-2.650000000000008,BULL,59.96795270084163,0.8402156067130228,ITC,NSE,ITC.NS
EMA_MACD,SHORT,2026-01-01,2026-01-02,2026-01-06,360.0,368.99999999999994,342.0,342.0,TARGET,3,5.0,4.85,BULL,19.004927953473896,6.664661894832009,ITC,NSE,ITC.NS
EMA_MACD,LONG,2026-05-19,2026-05-20,2026-05-22,309.0,301.275,324.45,301.275,STOP_LOSS,3,-2.5000000000000075,-2.6500000000000075,BEAR,54.845582594006345,0.4758994072379245,ITC,NSE,ITC.NS
EMA_MACD,SHORT,2026-05-25,2026-05-26,2026-05-29,304.3500061035156,311.95875625610347,289.1325057983398,289.1325057983398,TARGET,4,5.000000000000007,4.850000000000007,BEAR,45.925060491354884,0.46727746378563095,ITC,NSE,ITC.NS
EMA_MACD,SHORT,2026-08-11,2026-08-12,2026-08-20,279.0,285.97499999999997,265.05,265.05,TARGET,7,4.9999999999999964,4.849999999999996,BULL,40.24510744307217,1.4141473759227905,ITC,NSE,ITC.NS
RSI_ZONE,SHORT,2025-01-07,2025-01-08,2025-01-09,443.0,454.075,420.84999999999997,454.075,STOP_LOSS,2,-2.4999999999999973,-2.6499999999999972,NEUTRAL,37.25042824164234,2.4065788370069985,ITC,NSE,ITC.NS
RSI_ZONE,SHORT,2025-02-10,2025-02-11,2025-02-17,428.7999877929688,439.519987487793,407.35998840332036,407.35998840332036,TARGET,5,5.000000000000002,4.850000000000001,NEUTRAL,37.85134076545186,2.2348171601603553,ITC,NSE,ITC.NS
RSI_ZONE,SHORT,2025-07-24,2025-07-25,2025-08-04,410.0,420.24999999999994,389.5,420.24999999999994,STOP_LOSS,7,-2.4999999999999862,-2.649999999999986,BULL,36.695910589558345,1.308386228140479,ITC,NSE,ITC.NS
RSI_ZONE,SHORT,2025-08-18,2025-08-19,2025-09-03,406.3500061035156,416.5087562561035,386.0325057983398,411.75,TIME_EXIT,11,-1.3289021324903718,-1.4789021324903717,NEUTRAL,36.385106208202416,1.209262253417822,ITC,NSE,ITC.NS
RSI_ZONE,SHORT,2025-09-24,2025-09-25,2025-10-10,401.4500122070313,411.4862625122071,381.3775115966797,402.7999877929688,TIME_EXIT,11,-0.33627488974674774,-0.4862748897467477,BULL,38.25992019263435,1.0892608170249685,ITC,NSE,ITC.NS
RSI_ZONE,LONG,2025-10-23,2025-10-24,2025-11-07,415.9500122070313,405.5512619018555,436.74751281738287,405.5512619018555,STOP_LOSS,10,-2.5,-2.65,BULL,63.19757296040662,1.059295671555169,ITC,NSE,ITC.NS
RSI_ZONE,SHORT,2026-08-12,2026-08-13,2026-08-27,276.20001220703125,283.105012512207,262.3900115966797,269.0,TIME_EXIT,11,2.6068109662624983,2.4568109662624984,BULL,36.58206506877249,1.6272727716534165,ITC,NSE,ITC.NS
EXT_3,SHORT,2025-01-07,2025-01-08,2025-01-09,443.0,454.075,420.84999999999997,454.075,STOP_LOSS,2,-2.4999999999999973,-2.6499999999999972,NEUTRAL,37.25042824164234,2.4065788370069985,ITC,NSE,ITC.NS
EXT_3,SHORT,2025-02-10,2025-02-11,2025-02-17,428.7999877929688,439.519987487793,407.35998840332036,407.35998840332036,TARGET,5,5.000000000000002,4.850000000000001,NEUTRAL,37.85134076545186,2.2348171601603553,ITC,NSE,ITC.NS
EXT_3,SHORT,2025-07-24,2025-07-25,2025-08-04,410.0,420.24999999999994,389.5,420.24999999999994,STOP_LOSS,7,-2.4999999999999862,-2.649999999999986,BULL,36.695910589558345,1.308386228140479,ITC,NSE,ITC.NS
EXT_3,SHORT,2025-08-18,2025-08-19,2025-09-03,406.3500061035156,416.5087562561035,386.0325057983398,411.75,TIME_EXIT,11,-1.3289021324903718,-1.4789021324903717,NEUTRAL,36.385106208202416,1.209262253417822,ITC,NSE,ITC.NS
EXT_3,SHORT,2025-09-24,2025-09-25,2025-10-10,401.4500122070313,411.4862625122071,381.3775115966797,402.7999877929688,TIME_EXIT,11,-0.33627488974674774,-0.4862748897467477,BULL,38.25992019263435,1.0892608170249685,ITC,NSE,ITC.NS
EXT_3,LONG,2025-10-23,2025-10-24,2025-11-07,415.9500122070313,405.5512619018555,436.74751281738287,405.5512619018555,STOP_LOSS,10,-2.5,-2.65,BULL,63.19757296040662,1.059295671555169,ITC,NSE,ITC.NS
EXT_3,SHORT,2026-08-12,2026-08-13,2026-08-27,276.20001220703125,283.105012512207,262.3900115966797,269.0,TIME_EXIT,11,2.6068109662624983,2.4568109662624984,BULL,36.58206506877249,1.6272727716534165,ITC,NSE,ITC.NS
RSI_ZONE_EXT_3,SHORT,2025-01-07,2025-01-08,2025-01-09,443.0,454.075,420.84999999999997,454.075,STOP_LOSS,2,-2.4999999999999973,-2.6499999999999972,NEUTRAL,37.25042824164234,2.4065788370069985,ITC,NSE,ITC.NS
RSI_ZONE_EXT_3,SHORT,2025-02-10,2025-02-11,2025-02-17,428.7999877929688,439.519987487793,407.35998840332036,407.35998840332036,TARGET,5,5.000000000000002,4.850000000000001,NEUTRAL,37.85134076545186,2.2348171601603553,ITC,NSE,ITC.NS
RSI_ZONE_EXT_3,SHORT,2025-07-24,2025-07-25,2025-08-04,410.0,420.24999999999994,389.5,420.24999999999994,STOP_LOSS,7,-2.4999999999999862,-2.649999999999986,BULL,36.695910589558345,1.308386228140479,ITC,NSE,ITC.NS
RSI_ZONE_EXT_3,SHORT,2025-08-18,2025-08-19,2025-09-03,406.3500061035156,416.5087562561035,386.0325057983398,411.75,TIME_EXIT,11,-1.3289021324903718,-1.4789021324903717,NEUTRAL,36.385106208202416,1.209262253417822,ITC,NSE,ITC.NS
RSI_ZONE_EXT_3,SHORT,2025-09-24,2025-09-25,2025-10-10,401.4500122070313,411.4862625122071,381.3775115966797,402.7999877929688,TIME_EXIT,11,-0.33627488974674774,-0.4862748897467477,BULL,38.25992019263435,1.0892608170249685,ITC,NSE,ITC.NS
RSI_ZONE_EXT_3,LONG,2025-10-23,2025-10-24,2025-11-07,415.9500122070313,405.5512619018555,436.74751281738287,405.5512619018555,STOP_LOSS,10,-2.5,-2.65,BULL,63.19757296040662,1.059295671555169,ITC,NSE,ITC.NS
RSI_ZONE_EXT_3,SHORT,2026-08-12,2026-08-13,2026-08-27,276.20001220703125,283.105012512207,262.3900115966797,269.0,TIME_EXIT,11,2.6068109662624983,2.4568109662624984,BULL,36.58206506877249,1.6272727716534165,ITC,NSE,ITC.NS
RSI_ZONE_NO_NEUTRAL,SHORT,2025-07-24,2025-07-25,2025-08-04,410.0,420.24999999999994,389.5,420.24999999999994,STOP_LOSS,7,-2.4999999999999862,-2.649999999999986,BULL,36.695910589558345,1.308386228140479,ITC,NSE,ITC.NS
RSI_ZONE_NO_NEUTRAL,SHORT,2025-09-24,2025-09-25,2025-10-10,401.4500122070313,411.4862625122071,381.3775115966797,402.7999877929688,TIME_EXIT,11,-0.33627488974674774,-0.4862748897467477,BULL,38.25992019263435,1.0892608170249685,ITC,NSE,ITC.NS
RSI_ZONE_NO_NEUTRAL,LONG,2025-10-23,2025-10-24,2025-11-07,415.9500122070313,405.5512619018555,436.74751281738287,405.5512619018555,STOP_LOSS,10,-2.5,-2.65,BULL,63.19757296040662,1.059295671555169,ITC,NSE,ITC.NS
RSI_ZONE_NO_NEUTRAL,SHORT,2026-08-12,2026-08-13,2026-08-27,276.20001220703125,283.105012512207,262.3900115966797,269.0,TIME_EXIT,11,2.6068109662624983,2.4568109662624984,BULL,36.58206506877249,1.6272727716534165,ITC,NSE,ITC.NS
RSI_ZONE_EXT_3_NO_NEUTRAL,SHORT,2025-07-24,2025-07-25,2025-08-04,410.0,420.24999999999994,389.5,420.24999999999994,STOP_LOSS,7,-2.4999999999999862,-2.649999999999986,BULL,36.695910589558345,1.308386228140479,ITC,NSE,ITC.NS
RSI_ZONE_EXT_3_NO_NEUTRAL,SHORT,2025-09-24,2025-09-25,2025-10-10,401.4500122070313,411.4862625122071,381.3775115966797,402.7999877929688,TIME_EXIT,11,-0.33627488974674774,-0.4862748897467477,BULL,38.25992019263435,1.0892608170249685,ITC,NSE,ITC.NS
RSI_ZONE_EXT_3_NO_NEUTRAL,LONG,2025-10-23,2025-10-24,2025-11-07,415.9500122070313,405.5512619018555,436.74751281738287,405.5512619018555,STOP_LOSS,10,-2.5,-2.65,BULL,63.19757296040662,1.059295671555169,ITC,NSE,ITC.NS
RSI_ZONE_EXT_3_NO_NEUTRAL,SHORT,2026-08-12,2026-08-13,2026-08-27,276.20001220703125,283.105012512207,262.3900115966797,269.0,TIME_EXIT,11,2.6068109662624983,2.4568109662624984,BULL,36.58206506877249,1.6272727716534165,ITC,NSE,ITC.NS
BASE_CURRENT,SHORT,2025-09-26,2025-09-29,2025-10-06,68.88999938964844,70.61224937438965,65.44549942016602,70.61224937438965,STOP_LOSS,5,-2.5,-2.65,BULL,35.47706910195393,1.8385949773224355,IDFCFIRSTB,NSE,IDFCFIRSTB.NS
BASE_CURRENT,LONG,2025-10-09,2025-10-10,2025-10-20,73.4000015258789,71.56500148773193,77.07000160217285,77.07000160217285,TARGET,7,5.0,4.85,BULL,64.10985359826671,2.2025514817343086,IDFCFIRSTB,NSE,IDFCFIRSTB.NS
BASE_CURRENT,LONG,2026-05-27,2026-05-28,2026-06-02,71.4800033569336,69.69300327301025,75.05400352478027,69.69300327301025,STOP_LOSS,4,-2.500000000000008,-2.650000000000008,BEAR,63.121887718048555,2.1330771188469657,IDFCFIRSTB,NSE,IDFCFIRSTB.NS
EMA_MACD,SHORT,2025-02-14,2025-02-17,2025-02-17,60.0,61.49999999999999,57.0,61.49999999999999,STOP_LOSS,1,-2.499999999999988,-2.649999999999988,NEUTRAL,43.69830193494409,1.6739992272978799,IDFCFIRSTB,NSE,IDFCFIRSTB.NS
EMA_MACD,LONG,2025-09-08,2025-09-09,2025-09-23,72.4000015258789,70.59000148773193,76.02000160217285,70.59000148773193,STOP_LOSS,11,-2.500000000000012,-2.650000000000012,NEUTRAL,58.990238009908325,1.0283022641020372,IDFCFIRSTB,NSE,IDFCFIRSTB.NS
EMA_MACD,SHORT,2025-09-26,2025-09-29,2025-10-06,68.88999938964844,70.61224937438965,65.44549942016602,70.61224937438965,STOP_LOSS,5,-2.5,-2.65,BULL,35.47706910195393,1.8385949773224355,IDFCFIRSTB,NSE,IDFCFIRSTB.NS
EMA_MACD,LONG,2025-10-09,2025-10-10,2025-10-20,73.4000015258789,71.56500148773193,77.07000160217285,77.07000160217285,TARGET,7,5.0,4.85,BULL,64.10985359826671,2.2025514817343086,IDFCFIRSTB,NSE,IDFCFIRSTB.NS
EMA_MACD,LONG,2026-02-04,2026-02-05,2026-02-11,85.0,82.875,89.25,82.875,STOP_LOSS,5,-2.5,-2.65,NEUTRAL,56.25228869596448,1.4025474340446753,IDFCFIRSTB,NSE,IDFCFIRSTB.NS
EMA_MACD,SHORT,2026-02-13,2026-02-16,2026-02-16,81.01000213623047,83.03525218963622,76.95950202941894,83.03525218963622,STOP_LOSS,1,-2.499999999999993,-2.649999999999993,NEUTRAL,41.381456365735744,1.3701174866223882,IDFCFIRSTB,NSE,IDFCFIRSTB.NS
EMA_MACD,LONG,2026-05-26,2026-05-27,2026-06-09,70.22000122070312,68.46450119018554,73.73100128173829,73.73100128173829,TARGET,10,5.000000000000008,4.850000000000008,BEAR,58.52791842283134,1.414366229830926,IDFCFIRSTB,NSE,IDFCFIRSTB.NS
RSI_ZONE,SHORT,2025-09-26,2025-09-29,2025-10-06,68.88999938964844,70.61224937438965,65.44549942016602,70.61224937438965,STOP_LOSS,5,-2.5,-2.65,BULL,35.47706910195393,1.8385949773224355,IDFCFIRSTB,NSE,IDFCFIRSTB.NS
RSI_ZONE,LONG,2025-10-09,2025-10-10,2025-10-20,73.4000015258789,71.56500148773193,77.07000160217285,77.07000160217285,TARGET,7,5.0,4.85,BULL,64.10985359826671,2.2025514817343086,IDFCFIRSTB,NSE,IDFCFIRSTB.NS
RSI_ZONE,LONG,2026-05-27,2026-05-28,2026-06-02,71.4800033569336,69.69300327301025,75.05400352478027,69.69300327301025,STOP_LOSS,4,-2.500000000000008,-2.650000000000008,BEAR,63.121887718048555,2.1330771188469657,IDFCFIRSTB,NSE,IDFCFIRSTB.NS
EXT_3,SHORT,2025-09-26,2025-09-29,2025-10-06,68.88999938964844,70.61224937438965,65.44549942016602,70.61224937438965,STOP_LOSS,5,-2.5,-2.65,BULL,35.47706910195393,1.8385949773224355,IDFCFIRSTB,NSE,IDFCFIRSTB.NS
EXT_3,LONG,2025-10-09,2025-10-10,2025-10-20,73.4000015258789,71.56500148773193,77.07000160217285,77.07000160217285,TARGET,7,5.0,4.85,BULL,64.10985359826671,2.2025514817343086,IDFCFIRSTB,NSE,IDFCFIRSTB.NS
EXT_3,LONG,2026-05-27,2026-05-28,2026-06-02,71.4800033569336,69.69300327301025,75.05400352478027,69.69300327301025,STOP_LOSS,4,-2.500000000000008,-2.650000000000008,BEAR,63.121887718048555,2.1330771188469657,IDFCFIRSTB,NSE,IDFCFIRSTB.NS
RSI_ZONE_EXT_3,SHORT,2025-09-26,2025-09-29,2025-10-06,68.88999938964844,70.61224937438965,65.44549942016602,70.61224937438965,STOP_LOSS,5,-2.5,-2.65,BULL,35.47706910195393,1.8385949773224355,IDFCFIRSTB,NSE,IDFCFIRSTB.NS
RSI_ZONE_EXT_3,LONG,2025-10-09,2025-10-10,2025-10-20,73.4000015258789,71.56500148773193,77.07000160217285,77.07000160217285,TARGET,7,5.0,4.85,BULL,64.10985359826671,2.2025514817343086,IDFCFIRSTB,NSE,IDFCFIRSTB.NS
RSI_ZONE_EXT_3,LONG,2026-05-27,2026-05-28,2026-06-02,71.4800033569336,69.69300327301025,75.05400352478027,69.69300327301025,STOP_LOSS,4,-2.500000000000008,-2.650000000000008,BEAR,63.121887718048555,2.1330771188469657,IDFCFIRSTB,NSE,IDFCFIRSTB.NS
RSI_ZONE_NO_NEUTRAL,SHORT,2025-09-26,2025-09-29,2025-10-06,68.88999938964844,70.61224937438965,65.44549942016602,70.61224937438965,STOP_LOSS,5,-2.5,-2.65,BULL,35.47706910195393,1.8385949773224355,IDFCFIRSTB,NSE,IDFCFIRSTB.NS
RSI_ZONE_NO_NEUTRAL,LONG,2025-10-09,2025-10-10,2025-10-20,73.4000015258789,71.56500148773193,77.07000160217285,77.07000160217285,TARGET,7,5.0,4.85,BULL,64.10985359826671,2.2025514817343086,IDFCFIRSTB,NSE,IDFCFIRSTB.NS
RSI_ZONE_NO_NEUTRAL,LONG,2026-05-27,2026-05-28,2026-06-02,71.4800033569336,69.69300327301025,75.05400352478027,69.69300327301025,STOP_LOSS,4,-2.500000000000008,-2.650000000000008,BEAR,63.121887718048555,2.1330771188469657,IDFCFIRSTB,NSE,IDFCFIRSTB.NS
RSI_ZONE_EXT_3_NO_NEUTRAL,SHORT,2025-09-26,2025-09-29,2025-10-06,68.88999938964844,70.61224937438965,65.44549942016602,70.61224937438965,STOP_LOSS,5,-2.5,-2.65,BULL,35.47706910195393,1.8385949773224355,IDFCFIRSTB,NSE,IDFCFIRSTB.NS
RSI_ZONE_EXT_3_NO_NEUTRAL,LONG,2025-10-09,2025-10-10,2025-10-20,73.4000015258789,71.56500148773193,77.07000160217285,77.07000160217285,TARGET,7,5.0,4.85,BULL,64.10985359826671,2.2025514817343086,IDFCFIRSTB,NSE,IDFCFIRSTB.NS
RSI_ZONE_EXT_3_NO_NEUTRAL,LONG,2026-05-27,2026-05-28,2026-06-02,71.4800033569336,69.69300327301025,75.05400352478027,69.69300327301025,STOP_LOSS,4,-2.500000000000008,-2.650000000000008,BEAR,63.121887718048555,2.1330771188469657,IDFCFIRSTB,NSE,IDFCFIRSTB.NS
BASE_CURRENT,SHORT,2024-11-21,2024-11-22,2024-11-22,97.0999984741211,99.52749843597411,92.24499855041503,99.52749843597411,STOP_LOSS,1,-2.4999999999999885,-2.6499999999999884,NEUTRAL,37.939480030682134,3.2817465254893623,PNB,NSE,PNB.NS
BASE_CURRENT,SHORT,2025-01-10,2025-01-13,2025-01-16,98.0,100.44999999999999,93.1,100.44999999999999,STOP_LOSS,4,-2.4999999999999885,-2.6499999999999884,NEUTRAL,38.00472607266513,2.6180937038435004,PNB,NSE,PNB.NS
BASE_CURRENT,LONG,2025-05-21,2025-05-22,2025-06-02,101.79000091552734,99.24525089263916,106.87950096130372,106.87950096130372,TARGET,8,5.000000000000009,4.8500000000000085,NEUTRAL,60.5524402643785,1.713290970796574,PNB,NSE,PNB.NS
BASE_CURRENT,LONG,2025-07-01,2025-07-02,2025-07-03,113.0999984741211,110.27249851226806,118.75499839782715,110.27249851226806,STOP_LOSS,2,-2.5000000000000075,-2.6500000000000075,BULL,70.76306937398701,3.4933300106185623,PNB,NSE,PNB.NS
BASE_CURRENT,LONG,2026-02-20,2026-02-23,2026-03-02,130.39999389648438,127.13999404907226,136.9199935913086,127.13999404907226,STOP_LOSS,6,-2.500000000000006,-2.650000000000006,NEUTRAL,61.038537738395604,2.494450566683868,PNB,NSE,PNB.NS
BASE_CURRENT,SHORT,2026-03-06,2026-03-09,2026-03-16,116.25,119.15624999999999,110.4375,110.4375,TARGET,6,5.0,4.85,BEAR,38.24061743768089,2.9728593007854296,PNB,NSE,PNB.NS
BASE_CURRENT,LONG,2026-07-20,2026-07-21,2026-07-24,111.6999969482422,108.90749702453614,117.28499679565432,108.90749702453614,STOP_LOSS,4,-2.5000000000000044,-2.6500000000000044,NEUTRAL,64.35130542576994,3.9445139984961783,PNB,NSE,PNB.NS
EMA_MACD,SHORT,2024-11-19,2024-11-21,2024-11-21,100.0500030517578,102.55125312805174,95.0475028991699,95.0475028991699,TARGET,1,5.000000000000009,4.8500000000000085,NEUTRAL,45.99583161353528,0.40967425611413666,PNB,NSE,PNB.NS
EMA_MACD,LONG,2024-11-28,2024-11-29,2024-11-29,106.8499984741211,104.17874851226806,112.19249839782715,104.17874851226806,STOP_LOSS,1,-2.500000000000008,-2.650000000000008,NEUTRAL,57.04576421805078,2.0315169248445124,PNB,NSE,PNB.NS
EMA_MACD,SHORT,2024-12-23,2024-12-24,2025-01-02,101.41999816894533,103.95549812316895,96.34899826049805,103.95549812316895,STOP_LOSS,7,-2.499999999999991,-2.649999999999991,NEUTRAL,40.975300446807296,1.5117993187832997,PNB,NSE,PNB.NS
EMA_MACD,SHORT,2025-01-06,2025-01-07,2025-01-07,102.0,104.55,96.89999999999999,104.55,STOP_LOSS,1,-2.4999999999999973,-2.6499999999999972,NEUTRAL,44.03967160940723,1.7186025378865852,PNB,NSE,PNB.NS
EMA_MACD,LONG,2025-05-19,2025-05-20,2025-05-22,101.9000015258789,99.35250148773193,106.99500160217286,99.35250148773193,STOP_LOSS,3,-2.5000000000000058,-2.6500000000000057,NEUTRAL,58.78680414525928,2.1945664752929748,PNB,NSE,PNB.NS
EMA_MACD,LONG,2025-07-01,2025-07-02,2025-07-03,113.0999984741211,110.27249851226806,118.75499839782715,110.27249851226806,STOP_LOSS,2,-2.5000000000000075,-2.6500000000000075,BULL,70.76306937398701,3.4933300106185623,PNB,NSE,PNB.NS
EMA_MACD,LONG,2026-02-19,2026-02-20,2026-02-23,125.5999984741211,122.45999851226806,131.87999839782717,131.87999839782717,TARGET,2,5.000000000000013,4.850000000000013,NEUTRAL,55.19317530917755,0.993784888177007,PNB,NSE,PNB.NS
EMA_MACD,SHORT,2026-03-06,2026-03-09,2026-03-16,116.25,119.15624999999999,110.4375,110.4375,TARGET,6,5.0,4.85,BEAR,38.24061743768089,2.9728593007854296,PNB,NSE,PNB.NS
EMA_MACD,SHORT,2026-05-01,2026-05-04,2026-05-12,109.5,112.2375,104.02499999999999,104.02499999999999,TARGET,7,5.000000000000008,4.850000000000008,UNKNOWN,43.3335046261983,1.1659161949764372,PNB,NSE,PNB.NS
EMA_MACD,SHORT,2026-07-03,2026-07-06,2026-07-20,105.3000030517578,107.93250312805174,100.03500289916991,107.93250312805174,STOP_LOSS,11,-2.499999999999992,-2.649999999999992,NEUTRAL,42.92241474148578,1.1832227925803447,PNB,NSE,PNB.NS
RSI_ZONE,SHORT,2024-11-21,2024-11-22,2024-11-22,97.0999984741211,99.52749843597411,92.24499855041503,99.52749843597411,STOP_LOSS,1,-2.4999999999999885,-2.6499999999999884,NEUTRAL,37.939480030682134,3.2817465254893623,PNB,NSE,PNB.NS
RSI_ZONE,SHORT,2025-01-10,2025-01-13,2025-01-16,98.0,100.44999999999999,93.1,100.44999999999999,STOP_LOSS,4,-2.4999999999999885,-2.6499999999999884,NEUTRAL,38.00472607266513,2.6180937038435004,PNB,NSE,PNB.NS
RSI_ZONE,LONG,2025-05-21,2025-05-22,2025-06-02,101.79000091552734,99.24525089263916,106.87950096130372,106.87950096130372,TARGET,8,5.000000000000009,4.8500000000000085,NEUTRAL,60.5524402643785,1.713290970796574,PNB,NSE,PNB.NS
RSI_ZONE,LONG,2026-02-20,2026-02-23,2026-03-02,130.39999389648438,127.13999404907226,136.9199935913086,127.13999404907226,STOP_LOSS,6,-2.500000000000006,-2.650000000000006,NEUTRAL,61.038537738395604,2.494450566683868,PNB,NSE,PNB.NS
RSI_ZONE,SHORT,2026-03-06,2026-03-09,2026-03-16,116.25,119.15624999999999,110.4375,110.4375,TARGET,6,5.0,4.85,BEAR,38.24061743768089,2.9728593007854296,PNB,NSE,PNB.NS
RSI_ZONE,LONG,2026-07-20,2026-07-21,2026-07-24,111.6999969482422,108.90749702453614,117.28499679565432,108.90749702453614,STOP_LOSS,4,-2.5000000000000044,-2.6500000000000044,NEUTRAL,64.35130542576994,3.9445139984961783,PNB,NSE,PNB.NS
EXT_3,SHORT,2025-01-10,2025-01-13,2025-01-16,98.0,100.44999999999999,93.1,100.44999999999999,STOP_LOSS,4,-2.4999999999999885,-2.6499999999999884,NEUTRAL,38.00472607266513,2.6180937038435004,PNB,NSE,PNB.NS
EXT_3,LONG,2025-05-21,2025-05-22,2025-06-02,101.79000091552734,99.24525089263916,106.87950096130372,106.87950096130372,TARGET,8,5.000000000000009,4.8500000000000085,NEUTRAL,60.5524402643785,1.713290970796574,PNB,NSE,PNB.NS
EXT_3,LONG,2026-02-20,2026-02-23,2026-03-02,130.39999389648438,127.13999404907226,136.9199935913086,127.13999404907226,STOP_LOSS,6,-2.500000000000006,-2.650000000000006,NEUTRAL,61.038537738395604,2.494450566683868,PNB,NSE,PNB.NS
EXT_3,SHORT,2026-03-06,2026-03-09,2026-03-16,116.25,119.15624999999999,110.4375,110.4375,TARGET,6,5.0,4.85,BEAR,38.24061743768089,2.9728593007854296,PNB,NSE,PNB.NS
EXT_3,LONG,2026-07-21,2026-07-22,2026-07-24,112.08000183105467,109.2780017852783,117.68400192260741,109.2780017852783,STOP_LOSS,3,-2.5000000000000004,-2.6500000000000004,NEUTRAL,64.94525358704067,2.7886576494050592,PNB,NSE,PNB.NS
RSI_ZONE_EXT_3,SHORT,2025-01-10,2025-01-13,2025-01-16,98.0,100.44999999999999,93.1,100.44999999999999,STOP_LOSS,4,-2.4999999999999885,-2.6499999999999884,NEUTRAL,38.00472607266513,2.6180937038435004,PNB,NSE,PNB.NS
RSI_ZONE_EXT_3,LONG,2025-05-21,2025-05-22,2025-06-02,101.79000091552734,99.24525089263916,106.87950096130372,106.87950096130372,TARGET,8,5.000000000000009,4.8500000000000085,NEUTRAL,60.5524402643785,1.713290970796574,PNB,NSE,PNB.NS
RSI_ZONE_EXT_3,LONG,2026-02-20,2026-02-23,2026-03-02,130.39999389648438,127.13999404907226,136.9199935913086,127.13999404907226,STOP_LOSS,6,-2.500000000000006,-2.650000000000006,NEUTRAL,61.038537738395604,2.494450566683868,PNB,NSE,PNB.NS
RSI_ZONE_EXT_3,SHORT,2026-03-06,2026-03-09,2026-03-16,116.25,119.15624999999999,110.4375,110.4375,TARGET,6,5.0,4.85,BEAR,38.24061743768089,2.9728593007854296,PNB,NSE,PNB.NS
RSI_ZONE_EXT_3,LONG,2026-07-21,2026-07-22,2026-07-24,112.08000183105467,109.2780017852783,117.68400192260741,109.2780017852783,STOP_LOSS,3,-2.5000000000000004,-2.6500000000000004,NEUTRAL,64.94525358704067,2.7886576494050592,PNB,NSE,PNB.NS
RSI_ZONE_NO_NEUTRAL,SHORT,2026-03-06,2026-03-09,2026-03-16,116.25,119.15624999999999,110.4375,110.4375,TARGET,6,5.0,4.85,BEAR,38.24061743768089,2.9728593007854296,PNB,NSE,PNB.NS
RSI_ZONE_EXT_3_NO_NEUTRAL,SHORT,2026-03-06,2026-03-09,2026-03-16,116.25,119.15624999999999,110.4375,110.4375,TARGET,6,5.0,4.85,BEAR,38.24061743768089,2.9728593007854296,PNB,NSE,PNB.NS
BASE_CURRENT,SHORT,2024-12-20,2024-12-23,2025-01-07,79.18000030517578,81.15950031280516,75.22100028991699,76.63999938964844,TIME_EXIT,11,3.207881921871262,3.057881921871262,NEUTRAL,36.53454727504259,3.0034370224363984,GMRAIRPORT,NSE,GMRAIRPORT.NS
BASE_CURRENT,LONG,2025-07-02,2025-07-03,2025-07-17,90.0,87.75,94.5,94.5,TARGET,11,5.0,4.85,BULL,63.342778705649614,2.7408309789609397,GMRAIRPORT,NSE,GMRAIRPORT.NS
BASE_CURRENT,LONG,2025-09-17,2025-09-18,2025-09-24,92.08999633789062,89.78774642944336,96.69449615478516,89.78774642944336,STOP_LOSS,5,-2.5,-2.65,BULL,62.855534209439504,1.6956541198103148,GMRAIRPORT,NSE,GMRAIRPORT.NS
BASE_CURRENT,SHORT,2026-01-13,2026-01-14,2026-01-16,98.54000091552734,101.00350093841551,93.61300086975098,101.00350093841551,STOP_LOSS,3,-2.499999999999986,-2.6499999999999857,BULL,39.96764237297373,1.6079666138099322,GMRAIRPORT,NSE,GMRAIRPORT.NS
BASE_CURRENT,SHORT,2026-03-09,2026-03-10,2026-03-10,94.0,96.35,89.3,96.35,STOP_LOSS,1,-2.499999999999994,-2.6499999999999937,BEAR,36.54657591694456,3.499400472948759,GMRAIRPORT,NSE,GMRAIRPORT.NS
BASE_CURRENT,LONG,2026-05-29,2026-06-01,2026-06-01,101.0,98.475,106.05000000000001,98.475,STOP_LOSS,1,-2.5000000000000058,-2.6500000000000057,BEAR,60.13657138815181,2.214691943778714,GMRAIRPORT,NSE,GMRAIRPORT.NS
EMA_MACD,SHORT,2024-12-20,2024-12-23,2025-01-07,79.18000030517578,81.15950031280516,75.22100028991699,76.63999938964844,TIME_EXIT,11,3.207881921871262,3.057881921871262,NEUTRAL,36.53454727504259,3.0034370224363984,GMRAIRPORT,NSE,GMRAIRPORT.NS
EMA_MACD,LONG,2025-07-02,2025-07-03,2025-07-17,90.0,87.75,94.5,94.5,TARGET,11,5.0,4.85,BULL,63.342778705649614,2.7408309789609397,GMRAIRPORT,NSE,GMRAIRPORT.NS
EMA_MACD,LONG,2025-09-17,2025-09-18,2025-09-24,92.08999633789062,89.78774642944336,96.69449615478516,89.78774642944336,STOP_LOSS,5,-2.5,-2.65,BULL,62.855534209439504,1.6956541198103148,GMRAIRPORT,NSE,GMRAIRPORT.NS
EMA_MACD,SHORT,2025-09-29,2025-09-30,2025-10-01,86.91999816894531,89.09299812316894,82.57399826049804,89.09299812316894,STOP_LOSS,2,-2.4999999999999933,-2.6499999999999932,BULL,40.63974764938312,1.6372212811504188,GMRAIRPORT,NSE,GMRAIRPORT.NS
EMA_MACD,LONG,2025-10-10,2025-10-13,2025-10-24,89.9000015258789,87.65250148773193,94.39500160217285,94.39500160217285,TARGET,9,5.000000000000003,4.850000000000002,BULL,55.24831808221456,0.9466376348203166,GMRAIRPORT,NSE,GMRAIRPORT.NS
EMA_MACD,SHORT,2026-01-13,2026-01-14,2026-01-16,98.54000091552734,101.00350093841551,93.61300086975098,101.00350093841551,STOP_LOSS,3,-2.499999999999986,-2.6499999999999857,BULL,39.96764237297373,1.6079666138099322,GMRAIRPORT,NSE,GMRAIRPORT.NS
EMA_MACD,SHORT,2026-03-06,2026-03-09,2026-03-10,93.19000244140624,95.51975250244138,88.53050231933592,95.51975250244138,STOP_LOSS,2,-2.4999999999999853,-2.6499999999999853,BEAR,41.88029327758168,2.07884438602117,GMRAIRPORT,NSE,GMRAIRPORT.NS
EMA_MACD,LONG,2026-05-28,2026-05-29,2026-06-01,102.0,99.45,107.10000000000001,99.45,STOP_LOSS,2,-2.4999999999999973,-2.6499999999999972,UNKNOWN,54.130918800999815,0.7538808679899363,GMRAIRPORT,NSE,GMRAIRPORT.NS
RSI_ZONE,SHORT,2024-12-20,2024-12-23,2025-01-07,79.18000030517578,81.15950031280516,75.22100028991699,76.63999938964844,TIME_EXIT,11,3.207881921871262,3.057881921871262,NEUTRAL,36.53454727504259,3.0034370224363984,GMRAIRPORT,NSE,GMRAIRPORT.NS
RSI_ZONE,LONG,2025-07-02,2025-07-03,2025-07-17,90.0,87.75,94.5,94.5,TARGET,11,5.0,4.85,BULL,63.342778705649614,2.7408309789609397,GMRAIRPORT,NSE,GMRAIRPORT.NS
RSI_ZONE,LONG,2025-09-17,2025-09-18,2025-09-24,92.08999633789062,89.78774642944336,96.69449615478516,89.78774642944336,STOP_LOSS,5,-2.5,-2.65,BULL,62.855534209439504,1.6956541198103148,GMRAIRPORT,NSE,GMRAIRPORT.NS
RSI_ZONE,SHORT,2026-01-13,2026-01-14,2026-01-16,98.54000091552734,101.00350093841551,93.61300086975098,101.00350093841551,STOP_LOSS,3,-2.499999999999986,-2.6499999999999857,BULL,39.96764237297373,1.6079666138099322,GMRAIRPORT,NSE,GMRAIRPORT.NS
RSI_ZONE,SHORT,2026-03-09,2026-03-10,2026-03-10,94.0,96.35,89.3,96.35,STOP_LOSS,1,-2.499999999999994,-2.6499999999999937,BEAR,36.54657591694456,3.499400472948759,GMRAIRPORT,NSE,GMRAIRPORT.NS
RSI_ZONE,LONG,2026-05-29,2026-06-01,2026-06-01,101.0,98.475,106.05000000000001,98.475,STOP_LOSS,1,-2.5000000000000058,-2.6500000000000057,BEAR,60.13657138815181,2.214691943778714,GMRAIRPORT,NSE,GMRAIRPORT.NS
EXT_3,SHORT,2024-12-23,2024-12-24,2025-01-08,79.48999786376953,81.47724781036376,75.51549797058105,75.51549797058105,TARGET,11,5.0000000000000036,4.850000000000003,NEUTRAL,38.72469290883766,1.6215350142693656,GMRAIRPORT,NSE,GMRAIRPORT.NS
EXT_3,LONG,2025-07-02,2025-07-03,2025-07-17,90.0,87.75,94.5,94.5,TARGET,11,5.0,4.85,BULL,63.342778705649614,2.7408309789609397,GMRAIRPORT,NSE,GMRAIRPORT.NS
EXT_3,LONG,2025-09-17,2025-09-18,2025-09-24,92.08999633789062,89.78774642944336,96.69449615478516,89.78774642944336,STOP_LOSS,5,-2.5,-2.65,BULL,62.855534209439504,1.6956541198103148,GMRAIRPORT,NSE,GMRAIRPORT.NS
EXT_3,SHORT,2026-01-13,2026-01-14,2026-01-16,98.54000091552734,101.00350093841551,93.61300086975098,101.00350093841551,STOP_LOSS,3,-2.499999999999986,-2.6499999999999857,BULL,39.96764237297373,1.6079666138099322,GMRAIRPORT,NSE,GMRAIRPORT.NS
EXT_3,LONG,2026-05-29,2026-06-01,2026-06-01,101.0,98.475,106.05000000000001,98.475,STOP_LOSS,1,-2.5000000000000058,-2.6500000000000057,BEAR,60.13657138815181,2.214691943778714,GMRAIRPORT,NSE,GMRAIRPORT.NS
RSI_ZONE_EXT_3,SHORT,2024-12-23,2024-12-24,2025-01-08,79.48999786376953,81.47724781036376,75.51549797058105,75.51549797058105,TARGET,11,5.0000000000000036,4.850000000000003,NEUTRAL,38.72469290883766,1.6215350142693656,GMRAIRPORT,NSE,GMRAIRPORT.NS
RSI_ZONE_EXT_3,LONG,2025-07-02,2025-07-03,2025-07-17,90.0,87.75,94.5,94.5,TARGET,11,5.0,4.85,BULL,63.342778705649614,2.7408309789609397,GMRAIRPORT,NSE,GMRAIRPORT.NS
RSI_ZONE_EXT_3,LONG,2025-09-17,2025-09-18,2025-09-24,92.08999633789062,89.78774642944336,96.69449615478516,89.78774642944336,STOP_LOSS,5,-2.5,-2.65,BULL,62.855534209439504,1.6956541198103148,GMRAIRPORT,NSE,GMRAIRPORT.NS
RSI_ZONE_EXT_3,SHORT,2026-01-13,2026-01-14,2026-01-16,98.54000091552734,101.00350093841551,93.61300086975098,101.00350093841551,STOP_LOSS,3,-2.499999999999986,-2.6499999999999857,BULL,39.96764237297373,1.6079666138099322,GMRAIRPORT,NSE,GMRAIRPORT.NS
RSI_ZONE_EXT_3,LONG,2026-05-29,2026-06-01,2026-06-01,101.0,98.475,106.05000000000001,98.475,STOP_LOSS,1,-2.5000000000000058,-2.6500000000000057,BEAR,60.13657138815181,2.214691943778714,GMRAIRPORT,NSE,GMRAIRPORT.NS
RSI_ZONE_NO_NEUTRAL,LONG,2025-07-02,2025-07-03,2025-07-17,90.0,87.75,94.5,94.5,TARGET,11,5.0,4.85,BULL,63.342778705649614,2.7408309789609397,GMRAIRPORT,NSE,GMRAIRPORT.NS
RSI_ZONE_NO_NEUTRAL,LONG,2025-09-17,2025-09-18,2025-09-24,92.08999633789062,89.78774642944336,96.69449615478516,89.78774642944336,STOP_LOSS,5,-2.5,-2.65,BULL,62.855534209439504,1.6956541198103148,GMRAIRPORT,NSE,GMRAIRPORT.NS
RSI_ZONE_NO_NEUTRAL,SHORT,2026-01-13,2026-01-14,2026-01-16,98.54000091552734,101.00350093841551,93.61300086975098,101.00350093841551,STOP_LOSS,3,-2.499999999999986,-2.6499999999999857,BULL,39.96764237297373,1.6079666138099322,GMRAIRPORT,NSE,GMRAIRPORT.NS
RSI_ZONE_NO_NEUTRAL,SHORT,2026-03-09,2026-03-10,2026-03-10,94.0,96.35,89.3,96.35,STOP_LOSS,1,-2.499999999999994,-2.6499999999999937,BEAR,36.54657591694456,3.499400472948759,GMRAIRPORT,NSE,GMRAIRPORT.NS
RSI_ZONE_NO_NEUTRAL,LONG,2026-05-29,2026-06-01,2026-06-01,101.0,98.475,106.05000000000001,98.475,STOP_LOSS,1,-2.5000000000000058,-2.6500000000000057,BEAR,60.13657138815181,2.214691943778714,GMRAIRPORT,NSE,GMRAIRPORT.NS
RSI_ZONE_EXT_3_NO_NEUTRAL,LONG,2025-07-02,2025-07-03,2025-07-17,90.0,87.75,94.5,94.5,TARGET,11,5.0,4.85,BULL,63.342778705649614,2.7408309789609397,GMRAIRPORT,NSE,GMRAIRPORT.NS
RSI_ZONE_EXT_3_NO_NEUTRAL,LONG,2025-09-17,2025-09-18,2025-09-24,92.08999633789062,89.78774642944336,96.69449615478516,89.78774642944336,STOP_LOSS,5,-2.5,-2.65,BULL,62.855534209439504,1.6956541198103148,GMRAIRPORT,NSE,GMRAIRPORT.NS
RSI_ZONE_EXT_3_NO_NEUTRAL,SHORT,2026-01-13,2026-01-14,2026-01-16,98.54000091552734,101.00350093841551,93.61300086975098,101.00350093841551,STOP_LOSS,3,-2.499999999999986,-2.6499999999999857,BULL,39.96764237297373,1.6079666138099322,GMRAIRPORT,NSE,GMRAIRPORT.NS
RSI_ZONE_EXT_3_NO_NEUTRAL,LONG,2026-05-29,2026-06-01,2026-06-01,101.0,98.475,106.05000000000001,98.475,STOP_LOSS,1,-2.5000000000000058,-2.6500000000000057,BEAR,60.13657138815181,2.214691943778714,GMRAIRPORT,NSE,GMRAIRPORT.NS
BASE_CURRENT,SHORT,2024-11-13,2024-11-14,2024-11-21,99.0,101.475,94.05,94.05,TARGET,4,5.000000000000003,4.850000000000002,NEUTRAL,39.20613120160555,3.146965273237338,CANBK,NSE,CANBK.NS
BASE_CURRENT,SHORT,2025-08-26,2025-08-28,2025-09-04,106.0500030517578,108.70125312805173,100.7475028991699,108.70125312805173,STOP_LOSS,6,-2.49999999999999,-2.6499999999999897,NEUTRAL,38.322700678385004,2.431325752118048,CANBK,NSE,CANBK.NS
BASE_CURRENT,LONG,2026-02-23,2026-02-24,2026-03-02,155.9499969482422,152.05124702453614,163.7474967956543,152.05124702453614,STOP_LOSS,5,-2.4999999999999964,-2.6499999999999964,NEUTRAL,61.15837160882162,2.6032256135513374,CANBK,NSE,CANBK.NS
BASE_CURRENT,SHORT,2026-03-09,2026-03-10,2026-03-13,142.5,146.0625,135.375,135.375,TARGET,4,5.0,4.85,BEAR,34.83457899697936,4.41011386638507,CANBK,NSE,CANBK.NS
BASE_CURRENT,SHORT,2026-06-29,2026-06-30,2026-07-08,126.9000015258789,130.07250156402586,120.55500144958495,120.55500144958495,TARGET,7,5.000000000000009,4.8500000000000085,BEAR,37.272135512101585,2.3011711821066356,CANBK,NSE,CANBK.NS
EMA_MACD,SHORT,2024-11-13,2024-11-14,2024-11-21,99.0,101.475,94.05,94.05,TARGET,4,5.000000000000003,4.850000000000002,NEUTRAL,39.20613120160555,3.146965273237338,CANBK,NSE,CANBK.NS
EMA_MACD,SHORT,2024-12-24,2024-12-26,2025-01-09,100.8000030517578,103.32000312805174,95.7600028991699,95.7600028991699,TARGET,11,5.0000000000000036,4.850000000000003,NEUTRAL,41.269826977323575,1.1790789366785925,CANBK,NSE,CANBK.NS
EMA_MACD,LONG,2025-07-02,2025-07-03,2025-07-10,114.8000030517578,111.93000297546385,120.5400032043457,111.93000297546385,STOP_LOSS,6,-2.500000000000003,-2.650000000000003,BULL,59.268262525012375,0.7812294961455712,CANBK,NSE,CANBK.NS
EMA_MACD,SHORT,2025-08-26,2025-08-28,2025-09-04,106.0500030517578,108.70125312805173,100.7475028991699,108.70125312805173,STOP_LOSS,6,-2.49999999999999,-2.6499999999999897,NEUTRAL,38.322700678385004,2.431325752118048,CANBK,NSE,CANBK.NS
EMA_MACD,LONG,2025-09-12,2025-09-15,2025-09-18,111.48999786376952,108.70274791717527,117.06449775695799,117.06449775695799,TARGET,4,4.999999999999998,4.849999999999998,BULL,56.2299923663806,0.7581205273831594,CANBK,NSE,CANBK.NS
EMA_MACD,SHORT,2026-02-03,2026-02-04,2026-02-18,147.5,151.1875,140.125,151.1875,STOP_LOSS,11,-2.5,-2.65,NEUTRAL,43.04569039652463,1.0933773860787133,CANBK,NSE,CANBK.NS
EMA_MACD,LONG,2026-02-23,2026-02-24,2026-03-02,155.9499969482422,152.05124702453614,163.7474967956543,152.05124702453614,STOP_LOSS,5,-2.4999999999999964,-2.6499999999999964,NEUTRAL,61.15837160882162,2.6032256135513374,CANBK,NSE,CANBK.NS
EMA_MACD,SHORT,2026-03-09,2026-03-10,2026-03-13,142.5,146.0625,135.375,135.375,TARGET,4,5.0,4.85,BEAR,34.83457899697936,4.41011386638507,CANBK,NSE,CANBK.NS
EMA_MACD,SHORT,2026-04-30,2026-05-01,2026-05-06,134.64999389648438,138.01624374389647,127.91749420166015,138.01624374389647,STOP_LOSS,4,-2.499999999999987,-2.649999999999987,BEAR,42.52034841894861,2.1167386841309814,CANBK,NSE,CANBK.NS
EMA_MACD,SHORT,2026-06-24,2026-06-25,2026-07-08,130.97000122070312,134.2442512512207,124.42150115966797,124.42150115966797,TARGET,10,5.0,4.85,BEAR,44.59514037388891,1.4034595440398503,CANBK,NSE,CANBK.NS
RSI_ZONE,SHORT,2024-11-13,2024-11-14,2024-11-21,99.0,101.475,94.05,94.05,TARGET,4,5.000000000000003,4.850000000000002,NEUTRAL,39.20613120160555,3.146965273237338,CANBK,NSE,CANBK.NS
RSI_ZONE,SHORT,2025-08-26,2025-08-28,2025-09-04,106.0500030517578,108.70125312805173,100.7475028991699,108.70125312805173,STOP_LOSS,6,-2.49999999999999,-2.6499999999999897,NEUTRAL,38.322700678385004,2.431325752118048,CANBK,NSE,CANBK.NS
RSI_ZONE,LONG,2026-02-23,2026-02-24,2026-03-02,155.9499969482422,152.05124702453614,163.7474967956543,152.05124702453614,STOP_LOSS,5,-2.4999999999999964,-2.6499999999999964,NEUTRAL,61.15837160882162,2.6032256135513374,CANBK,NSE,CANBK.NS
RSI_ZONE,SHORT,2026-03-09,2026-03-10,2026-03-13,142.5,146.0625,135.375,135.375,TARGET,4,5.0,4.85,BEAR,34.83457899697936,4.41011386638507,CANBK,NSE,CANBK.NS
RSI_ZONE,SHORT,2026-06-29,2026-06-30,2026-07-08,126.9000015258789,130.07250156402586,120.55500144958495,120.55500144958495,TARGET,7,5.000000000000009,4.8500000000000085,BEAR,37.272135512101585,2.3011711821066356,CANBK,NSE,CANBK.NS
EXT_3,SHORT,2024-11-14,2024-11-18,2024-11-19,97.5,99.93749999999999,92.625,99.93749999999999,STOP_LOSS,2,-2.499999999999986,-2.6499999999999857,NEUTRAL,37.78728628422747,2.6851402747715425,CANBK,NSE,CANBK.NS
EXT_3,SHORT,2025-08-26,2025-08-28,2025-09-04,106.0500030517578,108.70125312805173,100.7475028991699,108.70125312805173,STOP_LOSS,6,-2.49999999999999,-2.6499999999999897,NEUTRAL,38.322700678385004,2.431325752118048,CANBK,NSE,CANBK.NS
EXT_3,LONG,2026-02-23,2026-02-24,2026-03-02,155.9499969482422,152.05124702453614,163.7474967956543,152.05124702453614,STOP_LOSS,5,-2.4999999999999964,-2.6499999999999964,NEUTRAL,61.15837160882162,2.6032256135513374,CANBK,NSE,CANBK.NS
EXT_3,SHORT,2026-03-10,2026-03-11,2026-03-13,143.0,146.575,135.85,135.85,TARGET,3,5.0000000000000036,4.850000000000003,BEAR,39.04341527273625,1.882693787918274,CANBK,NSE,CANBK.NS
EXT_3,SHORT,2026-06-29,2026-06-30,2026-07-08,126.9000015258789,130.07250156402586,120.55500144958495,120.55500144958495,TARGET,7,5.000000000000009,4.8500000000000085,BEAR,37.272135512101585,2.3011711821066356,CANBK,NSE,CANBK.NS
RSI_ZONE_EXT_3,SHORT,2024-11-14,2024-11-18,2024-11-19,97.5,99.93749999999999,92.625,99.93749999999999,STOP_LOSS,2,-2.499999999999986,-2.6499999999999857,NEUTRAL,37.78728628422747,2.6851402747715425,CANBK,NSE,CANBK.NS
RSI_ZONE_EXT_3,SHORT,2025-08-26,2025-08-28,2025-09-04,106.0500030517578,108.70125312805173,100.7475028991699,108.70125312805173,STOP_LOSS,6,-2.49999999999999,-2.6499999999999897,NEUTRAL,38.322700678385004,2.431325752118048,CANBK,NSE,CANBK.NS
RSI_ZONE_EXT_3,LONG,2026-02-23,2026-02-24,2026-03-02,155.9499969482422,152.05124702453614,163.7474967956543,152.05124702453614,STOP_LOSS,5,-2.4999999999999964,-2.6499999999999964,NEUTRAL,61.15837160882162,2.6032256135513374,CANBK,NSE,CANBK.NS
RSI_ZONE_EXT_3,SHORT,2026-03-10,2026-03-11,2026-03-13,143.0,146.575,135.85,135.85,TARGET,3,5.0000000000000036,4.850000000000003,BEAR,39.04341527273625,1.882693787918274,CANBK,NSE,CANBK.NS
RSI_ZONE_EXT_3,SHORT,2026-06-29,2026-06-30,2026-07-08,126.9000015258789,130.07250156402586,120.55500144958495,120.55500144958495,TARGET,7,5.000000000000009,4.8500000000000085,BEAR,37.272135512101585,2.3011711821066356,CANBK,NSE,CANBK.NS
RSI_ZONE_NO_NEUTRAL,SHORT,2025-08-29,2025-09-01,2025-09-02,104.0,106.6,98.8,106.6,STOP_LOSS,2,-2.4999999999999947,-2.6499999999999946,BEAR,33.65346764345979,2.186272071574858,CANBK,NSE,CANBK.NS
RSI_ZONE_NO_NEUTRAL,SHORT,2026-03-09,2026-03-10,2026-03-13,142.5,146.0625,135.375,135.375,TARGET,4,5.0,4.85,BEAR,34.83457899697936,4.41011386638507,CANBK,NSE,CANBK.NS
RSI_ZONE_NO_NEUTRAL,SHORT,2026-06-29,2026-06-30,2026-07-08,126.9000015258789,130.07250156402586,120.55500144958495,120.55500144958495,TARGET,7,5.000000000000009,4.8500000000000085,BEAR,37.272135512101585,2.3011711821066356,CANBK,NSE,CANBK.NS
RSI_ZONE_EXT_3_NO_NEUTRAL,SHORT,2025-08-29,2025-09-01,2025-09-02,104.0,106.6,98.8,106.6,STOP_LOSS,2,-2.4999999999999947,-2.6499999999999946,BEAR,33.65346764345979,2.186272071574858,CANBK,NSE,CANBK.NS
RSI_ZONE_EXT_3_NO_NEUTRAL,SHORT,2026-03-10,2026-03-11,2026-03-13,143.0,146.575,135.85,135.85,TARGET,3,5.0000000000000036,4.850000000000003,BEAR,39.04341527273625,1.882693787918274,CANBK,NSE,CANBK.NS
RSI_ZONE_EXT_3_NO_NEUTRAL,SHORT,2026-06-29,2026-06-30,2026-07-08,126.9000015258789,130.07250156402586,120.55500144958495,120.55500144958495,TARGET,7,5.000000000000009,4.8500000000000085,BEAR,37.272135512101585,2.3011711821066356,CANBK,NSE,CANBK.NS
BASE_CURRENT,SHORT,2024-12-18,2024-12-19,2024-12-30,447.5,458.68749999999994,425.125,458.68749999999994,STOP_LOSS,7,-2.499999999999987,-2.649999999999987,NEUTRAL,38.96089257896793,1.7741733357675937,LICI,NSE,LICI.NS
BASE_CURRENT,LONG,2025-04-21,2025-04-22,2025-04-25,410.0,399.75,430.5,399.75,STOP_LOSS,4,-2.5,-2.65,NEUTRAL,60.46690974615973,2.152687756258346,LICI,NSE,LICI.NS
BASE_CURRENT,LONG,2025-05-15,2025-05-16,2025-05-28,421.5,410.9625,442.57500000000005,442.57500000000005,TARGET,9,5.000000000000011,4.85000000000001,NEUTRAL,62.719798614955096,2.2752865610225483,LICI,NSE,LICI.NS
BASE_CURRENT,LONG,2026-05-25,2026-05-26,2026-05-27,420.8500061035156,410.3287559509277,441.8925064086914,410.3287559509277,STOP_LOSS,2,-2.500000000000008,-2.650000000000008,BEAR,63.10548584372038,2.7358322248231604,LICI,NSE,LICI.NS
BASE_CURRENT,LONG,2026-06-17,2026-06-18,2026-06-19,419.7000122070313,409.2075119018555,440.68501281738287,440.68501281738287,TARGET,2,5.0,4.85,BEAR,60.143321425644075,2.2961927283712766,LICI,NSE,LICI.NS
EMA_MACD,SHORT,2024-12-18,2024-12-19,2024-12-30,447.5,458.68749999999994,425.125,458.68749999999994,STOP_LOSS,7,-2.499999999999987,-2.649999999999987,NEUTRAL,38.96089257896793,1.7741733357675937,LICI,NSE,LICI.NS
EMA_MACD,LONG,2025-04-17,2025-04-21,2025-05-06,402.0,391.95,422.1,391.95,STOP_LOSS,11,-2.500000000000003,-2.650000000000003,NEUTRAL,56.474768335303786,1.4578334085092557,LICI,NSE,LICI.NS
EMA_MACD,LONG,2025-05-13,2025-05-14,2025-05-20,413.2000122070313,402.8700119018555,433.8600128173829,433.8600128173829,TARGET,5,5.000000000000003,4.850000000000002,NEUTRAL,59.66813253906106,2.367344894718912,LICI,NSE,LICI.NS
EMA_MACD,LONG,2025-10-29,2025-10-30,2025-11-14,455.4249877929688,444.0393630981446,478.19623718261727,454.7250061035156,TIME_EXIT,11,-0.15369856907618468,-0.30369856907618464,BULL,58.28855663453543,0.9094475319703118,LICI,NSE,LICI.NS
EMA_MACD,SHORT,2026-03-05,2026-03-06,2026-03-13,415.5,425.8875,394.72499999999997,394.72499999999997,TARGET,6,5.000000000000008,4.850000000000008,BEAR,41.18958894547653,1.2022229504812323,LICI,NSE,LICI.NS
EMA_MACD,LONG,2026-05-25,2026-05-26,2026-05-27,420.8500061035156,410.3287559509277,441.8925064086914,410.3287559509277,STOP_LOSS,2,-2.500000000000008,-2.650000000000008,BEAR,63.10548584372038,2.7358322248231604,LICI,NSE,LICI.NS
EMA_MACD,SHORT,2026-06-08,2026-06-09,2026-06-15,396.6499938964844,406.56624374389645,376.8174942016601,406.56624374389645,STOP_LOSS,5,-2.4999999999999916,-2.6499999999999915,BEAR,42.9973877957619,1.127861546881432,LICI,NSE,LICI.NS
EMA_MACD,LONG,2026-06-17,2026-06-18,2026-06-19,419.7000122070313,409.2075119018555,440.68501281738287,440.68501281738287,TARGET,2,5.0,4.85,BEAR,60.143321425644075,2.2961927283712766,LICI,NSE,LICI.NS
RSI_ZONE,SHORT,2024-12-18,2024-12-19,2024-12-30,447.5,458.68749999999994,425.125,458.68749999999994,STOP_LOSS,7,-2.499999999999987,-2.649999999999987,NEUTRAL,38.96089257896793,1.7741733357675937,LICI,NSE,LICI.NS
RSI_ZONE,LONG,2025-04-21,2025-04-22,2025-04-25,410.0,399.75,430.5,399.75,STOP_LOSS,4,-2.5,-2.65,NEUTRAL,60.46690974615973,2.152687756258346,LICI,NSE,LICI.NS
RSI_ZONE,LONG,2025-05-15,2025-05-16,2025-05-28,421.5,410.9625,442.57500000000005,442.57500000000005,TARGET,9,5.000000000000011,4.85000000000001,NEUTRAL,62.719798614955096,2.2752865610225483,LICI,NSE,LICI.NS
RSI_ZONE,LONG,2026-05-25,2026-05-26,2026-05-27,420.8500061035156,410.3287559509277,441.8925064086914,410.3287559509277,STOP_LOSS,2,-2.500000000000008,-2.650000000000008,BEAR,63.10548584372038,2.7358322248231604,LICI,NSE,LICI.NS
RSI_ZONE,LONG,2026-06-17,2026-06-18,2026-06-19,419.7000122070313,409.2075119018555,440.68501281738287,440.68501281738287,TARGET,2,5.0,4.85,BEAR,60.143321425644075,2.2961927283712766,LICI,NSE,LICI.NS
EXT_3,SHORT,2024-12-18,2024-12-19,2024-12-30,447.5,458.68749999999994,425.125,458.68749999999994,STOP_LOSS,7,-2.499999999999987,-2.649999999999987,NEUTRAL,38.96089257896793,1.7741733357675937,LICI,NSE,LICI.NS
EXT_3,LONG,2025-04-21,2025-04-22,2025-04-25,410.0,399.75,430.5,399.75,STOP_LOSS,4,-2.5,-2.65,NEUTRAL,60.46690974615973,2.152687756258346,LICI,NSE,LICI.NS
EXT_3,LONG,2025-05-15,2025-05-16,2025-05-28,421.5,410.9625,442.57500000000005,442.57500000000005,TARGET,9,5.000000000000011,4.85000000000001,NEUTRAL,62.719798614955096,2.2752865610225483,LICI,NSE,LICI.NS
EXT_3,LONG,2026-05-25,2026-05-26,2026-05-27,420.8500061035156,410.3287559509277,441.8925064086914,410.3287559509277,STOP_LOSS,2,-2.500000000000008,-2.650000000000008,BEAR,63.10548584372038,2.7358322248231604,LICI,NSE,LICI.NS
EXT_3,LONG,2026-06-17,2026-06-18,2026-06-19,419.7000122070313,409.2075119018555,440.68501281738287,440.68501281738287,TARGET,2,5.0,4.85,BEAR,60.143321425644075,2.2961927283712766,LICI,NSE,LICI.NS
EXT_3,LONG,2026-06-22,2026-06-23,2026-06-25,442.7999877929688,431.7299880981446,464.93998718261724,431.7299880981446,STOP_LOSS,3,-2.5,-2.65,BEAR,70.92714795419465,2.860579969742225,LICI,NSE,LICI.NS
RSI_ZONE_EXT_3,SHORT,2024-12-18,2024-12-19,2024-12-30,447.5,458.68749999999994,425.125,458.68749999999994,STOP_LOSS,7,-2.499999999999987,-2.649999999999987,NEUTRAL,38.96089257896793,1.7741733357675937,LICI,NSE,LICI.NS
RSI_ZONE_EXT_3,LONG,2025-04-21,2025-04-22,2025-04-25,410.0,399.75,430.5,399.75,STOP_LOSS,4,-2.5,-2.65,NEUTRAL,60.46690974615973,2.152687756258346,LICI,NSE,LICI.NS
RSI_ZONE_EXT_3,LONG,2025-05-15,2025-05-16,2025-05-28,421.5,410.9625,442.57500000000005,442.57500000000005,TARGET,9,5.000000000000011,4.85000000000001,NEUTRAL,62.719798614955096,2.2752865610225483,LICI,NSE,LICI.NS
RSI_ZONE_EXT_3,LONG,2026-05-25,2026-05-26,2026-05-27,420.8500061035156,410.3287559509277,441.8925064086914,410.3287559509277,STOP_LOSS,2,-2.500000000000008,-2.650000000000008,BEAR,63.10548584372038,2.7358322248231604,LICI,NSE,LICI.NS
RSI_ZONE_EXT_3,LONG,2026-06-17,2026-06-18,2026-06-19,419.7000122070313,409.2075119018555,440.68501281738287,440.68501281738287,TARGET,2,5.0,4.85,BEAR,60.143321425644075,2.2961927283712766,LICI,NSE,LICI.NS
RSI_ZONE_NO_NEUTRAL,LONG,2026-05-25,2026-05-26,2026-05-27,420.8500061035156,410.3287559509277,441.8925064086914,410.3287559509277,STOP_LOSS,2,-2.500000000000008,-2.650000000000008,BEAR,63.10548584372038,2.7358322248231604,LICI,NSE,LICI.NS
RSI_ZONE_NO_NEUTRAL,LONG,2026-06-17,2026-06-18,2026-06-19,419.7000122070313,409.2075119018555,440.68501281738287,440.68501281738287,TARGET,2,5.0,4.85,BEAR,60.143321425644075,2.2961927283712766,LICI,NSE,LICI.NS
RSI_ZONE_EXT_3_NO_NEUTRAL,LONG,2026-05-25,2026-05-26,2026-05-27,420.8500061035156,410.3287559509277,441.8925064086914,410.3287559509277,STOP_LOSS,2,-2.500000000000008,-2.650000000000008,BEAR,63.10548584372038,2.7358322248231604,LICI,NSE,LICI.NS
RSI_ZONE_EXT_3_NO_NEUTRAL,LONG,2026-06-17,2026-06-18,2026-06-19,419.7000122070313,409.2075119018555,440.68501281738287,440.68501281738287,TARGET,2,5.0,4.85,BEAR,60.143321425644075,2.2961927283712766,LICI,NSE,LICI.NS
BASE_CURRENT,SHORT,2025-02-14,2025-02-17,2025-02-19,413.3500061035156,423.6837562561035,392.68250579833983,423.6837562561035,STOP_LOSS,3,-2.4999999999999947,-2.6499999999999946,NEUTRAL,38.8003969232197,2.4072436495809026,VEDL,NSE,VEDL.NS
BASE_CURRENT,SHORT,2025-04-07,2025-04-08,2025-04-15,387.4500122070313,397.13626251220705,368.0775115966797,397.13626251220705,STOP_LOSS,4,-2.4999999999999907,-2.6499999999999906,NEUTRAL,26.716992003923465,10.002519194368794,VEDL,NSE,VEDL.NS
BASE_CURRENT,SHORT,2025-07-31,2025-08-01,2025-08-05,425.1000061035156,435.7275062561035,403.8450057983398,435.7275062561035,STOP_LOSS,3,-2.499999999999992,-2.649999999999992,BULL,35.065198610891315,2.2576835154810437,VEDL,NSE,VEDL.NS
BASE_CURRENT,SHORT,2025-08-29,2025-09-01,2025-09-01,422.7999877929688,433.36998748779297,401.65998840332037,433.36998748779297,STOP_LOSS,1,-2.4999999999999862,-2.649999999999986,BEAR,38.637248590468445,2.202697707181004,VEDL,NSE,VEDL.NS
BASE_CURRENT,LONG,2026-04-08,2026-04-09,2026-04-15,725.0,706.875,761.25,761.25,TARGET,4,5.0,4.85,BEAR,60.18460475994066,3.002283091137289,VEDL,NSE,VEDL.NS
BASE_CURRENT,SHORT,2026-04-30,2026-05-01,2026-05-04,271.54998779296875,278.33873748779297,257.9724884033203,278.33873748779297,STOP_LOSS,2,-2.5,-2.65,BEAR,16.577129360976187,54.141147963594335,VEDL,NSE,VEDL.NS
EMA_MACD,SHORT,2025-02-12,2025-02-13,2025-02-17,425.0,435.62499999999994,403.75,403.75,TARGET,3,5.0,4.85,NEUTRAL,41.56131687825401,2.04103034047722,VEDL,NSE,VEDL.NS
EMA_MACD,SHORT,2025-04-07,2025-04-08,2025-04-15,387.4500122070313,397.13626251220705,368.0775115966797,397.13626251220705,STOP_LOSS,4,-2.4999999999999907,-2.6499999999999906,NEUTRAL,26.716992003923465,10.002519194368794,VEDL,NSE,VEDL.NS
EMA_MACD,LONG,2025-07-24,2025-07-25,2025-07-28,450.0,438.75,472.5,438.75,STOP_LOSS,2,-2.5,-2.65,BULL,50.841698995405196,0.02233047906803007,VEDL,NSE,VEDL.NS
EMA_MACD,SHORT,2025-08-28,2025-08-29,2025-09-02,424.5,435.11249999999995,403.275,435.11249999999995,STOP_LOSS,3,-2.4999999999999893,-2.6499999999999893,NEUTRAL,40.495107698997735,2.382713132340107,VEDL,NSE,VEDL.NS
EMA_MACD,LONG,2026-04-08,2026-04-09,2026-04-15,725.0,706.875,761.25,761.25,TARGET,4,5.0,4.85,BEAR,60.18460475994066,3.002283091137289,VEDL,NSE,VEDL.NS
EMA_MACD,SHORT,2026-04-30,2026-05-01,2026-05-04,271.54998779296875,278.33873748779297,257.9724884033203,278.33873748779297,STOP_LOSS,2,-2.5,-2.65,BEAR,16.577129360976187,54.141147963594335,VEDL,NSE,VEDL.NS
RSI_ZONE,SHORT,2025-02-14,2025-02-17,2025-02-19,413.3500061035156,423.6837562561035,392.68250579833983,423.6837562561035,STOP_LOSS,3,-2.4999999999999947,-2.6499999999999946,NEUTRAL,38.8003969232197,2.4072436495809026,VEDL,NSE,VEDL.NS
RSI_ZONE,SHORT,2025-07-31,2025-08-01,2025-08-05,425.1000061035156,435.7275062561035,403.8450057983398,435.7275062561035,STOP_LOSS,3,-2.499999999999992,-2.649999999999992,BULL,35.065198610891315,2.2576835154810437,VEDL,NSE,VEDL.NS
RSI_ZONE,SHORT,2025-08-29,2025-09-01,2025-09-01,422.7999877929688,433.36998748779297,401.65998840332037,433.36998748779297,STOP_LOSS,1,-2.4999999999999862,-2.649999999999986,BEAR,38.637248590468445,2.202697707181004,VEDL,NSE,VEDL.NS
RSI_ZONE,LONG,2026-04-08,2026-04-09,2026-04-15,725.0,706.875,761.25,761.25,TARGET,4,5.0,4.85,BEAR,60.18460475994066,3.002283091137289,VEDL,NSE,VEDL.NS
EXT_3,SHORT,2025-02-14,2025-02-17,2025-02-19,413.3500061035156,423.6837562561035,392.68250579833983,423.6837562561035,STOP_LOSS,3,-2.4999999999999947,-2.6499999999999946,NEUTRAL,38.8003969232197,2.4072436495809026,VEDL,NSE,VEDL.NS
EXT_3,SHORT,2025-07-31,2025-08-01,2025-08-05,425.1000061035156,435.7275062561035,403.8450057983398,435.7275062561035,STOP_LOSS,3,-2.499999999999992,-2.649999999999992,BULL,35.065198610891315,2.2576835154810437,VEDL,NSE,VEDL.NS
EXT_3,SHORT,2025-08-29,2025-09-01,2025-09-01,422.7999877929688,433.36998748779297,401.65998840332037,433.36998748779297,STOP_LOSS,1,-2.4999999999999862,-2.649999999999986,BEAR,38.637248590468445,2.202697707181004,VEDL,NSE,VEDL.NS
RSI_ZONE_EXT_3,SHORT,2025-02-14,2025-02-17,2025-02-19,413.3500061035156,423.6837562561035,392.68250579833983,423.6837562561035,STOP_LOSS,3,-2.4999999999999947,-2.6499999999999946,NEUTRAL,38.8003969232197,2.4072436495809026,VEDL,NSE,VEDL.NS
RSI_ZONE_EXT_3,SHORT,2025-07-31,2025-08-01,2025-08-05,425.1000061035156,435.7275062561035,403.8450057983398,435.7275062561035,STOP_LOSS,3,-2.499999999999992,-2.649999999999992,BULL,35.065198610891315,2.2576835154810437,VEDL,NSE,VEDL.NS
RSI_ZONE_EXT_3,SHORT,2025-08-29,2025-09-01,2025-09-01,422.7999877929688,433.36998748779297,401.65998840332037,433.36998748779297,STOP_LOSS,1,-2.4999999999999862,-2.649999999999986,BEAR,38.637248590468445,2.202697707181004,VEDL,NSE,VEDL.NS
RSI_ZONE_NO_NEUTRAL,SHORT,2025-07-31,2025-08-01,2025-08-05,425.1000061035156,435.7275062561035,403.8450057983398,435.7275062561035,STOP_LOSS,3,-2.499999999999992,-2.649999999999992,BULL,35.065198610891315,2.2576835154810437,VEDL,NSE,VEDL.NS
RSI_ZONE_NO_NEUTRAL,SHORT,2025-08-29,2025-09-01,2025-09-01,422.7999877929688,433.36998748779297,401.65998840332037,433.36998748779297,STOP_LOSS,1,-2.4999999999999862,-2.649999999999986,BEAR,38.637248590468445,2.202697707181004,VEDL,NSE,VEDL.NS
RSI_ZONE_NO_NEUTRAL,LONG,2026-04-08,2026-04-09,2026-04-15,725.0,706.875,761.25,761.25,TARGET,4,5.0,4.85,BEAR,60.18460475994066,3.002283091137289,VEDL,NSE,VEDL.NS
RSI_ZONE_EXT_3_NO_NEUTRAL,SHORT,2025-07-31,2025-08-01,2025-08-05,425.1000061035156,435.7275062561035,403.8450057983398,435.7275062561035,STOP_LOSS,3,-2.499999999999992,-2.649999999999992,BULL,35.065198610891315,2.2576835154810437,VEDL,NSE,VEDL.NS
RSI_ZONE_EXT_3_NO_NEUTRAL,SHORT,2025-08-29,2025-09-01,2025-09-01,422.7999877929688,433.36998748779297,401.65998840332037,433.36998748779297,STOP_LOSS,1,-2.4999999999999862,-2.649999999999986,BEAR,38.637248590468445,2.202697707181004,VEDL,NSE,VEDL.NS
BASE_CURRENT,SHORT,2025-04-04,2025-04-07,2025-04-07,73.33999633789062,75.17349624633789,69.6729965209961,75.17349624633789,STOP_LOSS,1,-2.5,-2.65,NEUTRAL,36.44304859986537,6.22703474279763,MOTHERSON,NSE,MOTHERSON.NS
BASE_CURRENT,LONG,2025-04-23,2025-04-24,2025-04-25,90.93333435058594,88.66000099182129,95.48000106811524,88.66000099182129,STOP_LOSS,2,-2.499999999999997,-2.649999999999997,NEUTRAL,60.98156032068748,3.0477638024166867,MOTHERSON,NSE,MOTHERSON.NS
BASE_CURRENT,LONG,2025-11-13,2025-11-14,2025-11-18,111.30999755859376,108.52724761962892,116.87549743652346,108.52724761962892,STOP_LOSS,3,-2.499999999999997,-2.649999999999997,BULL,61.5866446843705,2.630946652110994,MOTHERSON,NSE,MOTHERSON.NS
BASE_CURRENT,LONG,2025-11-19,2025-11-20,2025-11-21,112.75,109.93124999999999,118.3875,109.93124999999999,STOP_LOSS,2,-2.5000000000000075,-2.6500000000000075,BULL,66.6059554047792,2.1944182078700627,MOTHERSON,NSE,MOTHERSON.NS
BASE_CURRENT,LONG,2026-02-04,2026-02-05,2026-02-06,121.9499969482422,118.90124702453615,128.04749679565433,118.90124702453615,STOP_LOSS,2,-2.5,-2.65,NEUTRAL,65.12574502133404,3.967776288483227,MOTHERSON,NSE,MOTHERSON.NS
BASE_CURRENT,LONG,2026-07-27,2026-07-28,2026-08-03,147.0,143.325,154.35,154.35,TARGET,5,4.9999999999999964,4.849999999999996,NEUTRAL,61.22676619351379,1.8999461908389643,MOTHERSON,NSE,MOTHERSON.NS
EMA_MACD,SHORT,2025-04-04,2025-04-07,2025-04-07,73.33999633789062,75.17349624633789,69.6729965209961,75.17349624633789,STOP_LOSS,1,-2.5,-2.65,NEUTRAL,36.44304859986537,6.22703474279763,MOTHERSON,NSE,MOTHERSON.NS
EMA_MACD,LONG,2025-04-23,2025-04-24,2025-04-25,90.93333435058594,88.66000099182129,95.48000106811524,88.66000099182129,STOP_LOSS,2,-2.499999999999997,-2.649999999999997,NEUTRAL,60.98156032068748,3.0477638024166867,MOTHERSON,NSE,MOTHERSON.NS
EMA_MACD,LONG,2025-11-13,2025-11-14,2025-11-18,111.30999755859376,108.52724761962892,116.87549743652346,108.52724761962892,STOP_LOSS,3,-2.499999999999997,-2.649999999999997,BULL,61.5866446843705,2.630946652110994,MOTHERSON,NSE,MOTHERSON.NS
EMA_MACD,LONG,2026-02-04,2026-02-05,2026-02-06,121.9499969482422,118.90124702453615,128.04749679565433,118.90124702453615,STOP_LOSS,2,-2.5,-2.65,NEUTRAL,65.12574502133404,3.967776288483227,MOTHERSON,NSE,MOTHERSON.NS
EMA_MACD,LONG,2026-07-27,2026-07-28,2026-08-03,147.0,143.325,154.35,154.35,TARGET,5,4.9999999999999964,4.849999999999996,NEUTRAL,61.22676619351379,1.8999461908389643,MOTHERSON,NSE,MOTHERSON.NS
RSI_ZONE,SHORT,2025-04-04,2025-04-07,2025-04-07,73.33999633789062,75.17349624633789,69.6729965209961,75.17349624633789,STOP_LOSS,1,-2.5,-2.65,NEUTRAL,36.44304859986537,6.22703474279763,MOTHERSON,NSE,MOTHERSON.NS
RSI_ZONE,LONG,2025-04-23,2025-04-24,2025-04-25,90.93333435058594,88.66000099182129,95.48000106811524,88.66000099182129,STOP_LOSS,2,-2.499999999999997,-2.649999999999997,NEUTRAL,60.98156032068748,3.0477638024166867,MOTHERSON,NSE,MOTHERSON.NS
RSI_ZONE,LONG,2025-11-13,2025-11-14,2025-11-18,111.30999755859376,108.52724761962892,116.87549743652346,108.52724761962892,STOP_LOSS,3,-2.499999999999997,-2.649999999999997,BULL,61.5866446843705,2.630946652110994,MOTHERSON,NSE,MOTHERSON.NS
RSI_ZONE,LONG,2026-02-05,2026-02-06,2026-02-10,119.0,116.02499999999999,124.95,124.95,TARGET,3,5.000000000000003,4.850000000000002,NEUTRAL,61.06988863472541,1.7090813689297906,MOTHERSON,NSE,MOTHERSON.NS
RSI_ZONE,LONG,2026-07-27,2026-07-28,2026-08-03,147.0,143.325,154.35,154.35,TARGET,5,4.9999999999999964,4.849999999999996,NEUTRAL,61.22676619351379,1.8999461908389643,MOTHERSON,NSE,MOTHERSON.NS
EXT_3,LONG,2025-04-24,2025-04-25,2025-04-25,90.37999725341795,88.1204973220825,94.89899711608885,88.1204973220825,STOP_LOSS,1,-2.5000000000000067,-2.6500000000000066,NEUTRAL,61.46119358090911,2.2393142235114003,MOTHERSON,NSE,MOTHERSON.NS
EXT_3,LONG,2025-11-13,2025-11-14,2025-11-18,111.30999755859376,108.52724761962892,116.87549743652346,108.52724761962892,STOP_LOSS,3,-2.499999999999997,-2.649999999999997,BULL,61.5866446843705,2.630946652110994,MOTHERSON,NSE,MOTHERSON.NS
EXT_3,LONG,2025-11-19,2025-11-20,2025-11-21,112.75,109.93124999999999,118.3875,109.93124999999999,STOP_LOSS,2,-2.5000000000000075,-2.6500000000000075,BULL,66.6059554047792,2.1944182078700627,MOTHERSON,NSE,MOTHERSON.NS
EXT_3,LONG,2026-02-05,2026-02-06,2026-02-10,119.0,116.02499999999999,124.95,124.95,TARGET,3,5.000000000000003,4.850000000000002,NEUTRAL,61.06988863472541,1.7090813689297906,MOTHERSON,NSE,MOTHERSON.NS
EXT_3,LONG,2026-07-27,2026-07-28,2026-08-03,147.0,143.325,154.35,154.35,TARGET,5,4.9999999999999964,4.849999999999996,NEUTRAL,61.22676619351379,1.8999461908389643,MOTHERSON,NSE,MOTHERSON.NS
RSI_ZONE_EXT_3,LONG,2025-04-24,2025-04-25,2025-04-25,90.37999725341795,88.1204973220825,94.89899711608885,88.1204973220825,STOP_LOSS,1,-2.5000000000000067,-2.6500000000000066,NEUTRAL,61.46119358090911,2.2393142235114003,MOTHERSON,NSE,MOTHERSON.NS
RSI_ZONE_EXT_3,LONG,2025-11-13,2025-11-14,2025-11-18,111.30999755859376,108.52724761962892,116.87549743652346,108.52724761962892,STOP_LOSS,3,-2.499999999999997,-2.649999999999997,BULL,61.5866446843705,2.630946652110994,MOTHERSON,NSE,MOTHERSON.NS
RSI_ZONE_EXT_3,LONG,2026-02-05,2026-02-06,2026-02-10,119.0,116.02499999999999,124.95,124.95,TARGET,3,5.000000000000003,4.850000000000002,NEUTRAL,61.06988863472541,1.7090813689297906,MOTHERSON,NSE,MOTHERSON.NS
RSI_ZONE_EXT_3,LONG,2026-07-27,2026-07-28,2026-08-03,147.0,143.325,154.35,154.35,TARGET,5,4.9999999999999964,4.849999999999996,NEUTRAL,61.22676619351379,1.8999461908389643,MOTHERSON,NSE,MOTHERSON.NS
RSI_ZONE_NO_NEUTRAL,LONG,2025-11-13,2025-11-14,2025-11-18,111.30999755859376,108.52724761962892,116.87549743652346,108.52724761962892,STOP_LOSS,3,-2.499999999999997,-2.649999999999997,BULL,61.5866446843705,2.630946652110994,MOTHERSON,NSE,MOTHERSON.NS
RSI_ZONE_EXT_3_NO_NEUTRAL,LONG,2025-11-13,2025-11-14,2025-11-18,111.30999755859376,108.52724761962892,116.87549743652346,108.52724761962892,STOP_LOSS,3,-2.499999999999997,-2.649999999999997,BULL,61.5866446843705,2.630946652110994,MOTHERSON,NSE,MOTHERSON.NS
BASE_CURRENT,SHORT,2024-12-20,2024-12-23,2025-01-07,308.79998779296875,316.51998748779295,293.3599884033203,299.1499938964844,TIME_EXIT,11,3.1249981470057886,2.9749981470057887,NEUTRAL,32.23451778379092,4.736664539321897,JIOFIN,NSE,JIOFIN.NS
BASE_CURRENT,LONG,2025-04-16,2025-04-17,2025-04-23,242.94000244140625,236.8665023803711,255.08700256347657,255.08700256347657,TARGET,4,5.000000000000004,4.850000000000004,NEUTRAL,60.29407344469587,3.642404825023232,JIOFIN,NSE,JIOFIN.NS
BASE_CURRENT,LONG,2025-08-01,2025-08-04,2025-08-07,329.8500061035156,321.60375595092773,346.3425064086914,321.60375595092773,STOP_LOSS,4,-2.5,-2.65,BULL,62.99258183444698,1.761863630687338,JIOFIN,NSE,JIOFIN.NS
BASE_CURRENT,SHORT,2025-09-24,2025-09-25,2025-10-07,306.75,314.41875,291.41249999999997,314.41875,STOP_LOSS,8,-2.4999999999999964,-2.6499999999999964,BULL,37.06904459154683,1.6113005168422554,JIOFIN,NSE,JIOFIN.NS
BASE_CURRENT,SHORT,2025-11-06,2025-11-07,2025-11-11,297.0,304.42499999999995,282.15,304.42499999999995,STOP_LOSS,3,-2.4999999999999845,-2.6499999999999844,BULL,35.7425290838499,1.689023318448985,JIOFIN,NSE,JIOFIN.NS
BASE_CURRENT,SHORT,2026-01-09,2026-01-12,2026-01-20,287.25,294.43125,272.8875,272.8875,TARGET,7,5.0000000000000036,4.850000000000003,BULL,37.875193683374135,2.420669805038998,JIOFIN,NSE,JIOFIN.NS
BASE_CURRENT,SHORT,2026-05-13,2026-05-14,2026-05-22,233.0,238.825,221.35,238.825,STOP_LOSS,7,-2.499999999999995,-2.649999999999995,BEAR,39.715089941039196,2.7781840320909748,JIOFIN,NSE,JIOFIN.NS
BASE_CURRENT,SHORT,2026-07-08,2026-07-09,2026-07-10,231.0,236.77499999999998,219.45,236.77499999999998,STOP_LOSS,2,-2.4999999999999902,-2.64999999999999,NEUTRAL,38.6475771950527,2.9936295659684027,JIOFIN,NSE,JIOFIN.NS
BASE_CURRENT,LONG,2026-07-29,2026-07-30,2026-08-03,248.75,242.53125,261.1875,261.1875,TARGET,3,5.0,4.85,NEUTRAL,62.126444047318465,3.6558873819841216,JIOFIN,NSE,JIOFIN.NS
EMA_MACD,SHORT,2024-12-20,2024-12-23,2025-01-07,308.79998779296875,316.51998748779295,293.3599884033203,299.1499938964844,TIME_EXIT,11,3.1249981470057886,2.9749981470057887,NEUTRAL,32.23451778379092,4.736664539321897,JIOFIN,NSE,JIOFIN.NS
EMA_MACD,SHORT,2025-04-09,2025-04-11,2025-04-15,225.77999877929688,231.42449874877929,214.49099884033203,231.42449874877929,STOP_LOSS,2,-2.499999999999995,-2.649999999999995,NEUTRAL,45.82674270110848,0.6902276011533764,JIOFIN,NSE,JIOFIN.NS
EMA_MACD,LONG,2025-04-16,2025-04-17,2025-04-23,242.94000244140625,236.8665023803711,255.08700256347657,255.08700256347657,TARGET,4,5.000000000000004,4.850000000000004,NEUTRAL,60.29407344469587,3.642404825023232,JIOFIN,NSE,JIOFIN.NS
EMA_MACD,LONG,2025-08-01,2025-08-04,2025-08-07,329.8500061035156,321.60375595092773,346.3425064086914,321.60375595092773,STOP_LOSS,4,-2.5,-2.65,BULL,62.99258183444698,1.761863630687338,JIOFIN,NSE,JIOFIN.NS
EMA_MACD,SHORT,2025-09-24,2025-09-25,2025-10-07,306.75,314.41875,291.41249999999997,314.41875,STOP_LOSS,8,-2.4999999999999964,-2.6499999999999964,BULL,37.06904459154683,1.6113005168422554,JIOFIN,NSE,JIOFIN.NS
EMA_MACD,SHORT,2025-11-04,2025-11-06,2025-11-12,301.8999938964844,309.4474937438965,286.8049942016601,309.4474937438965,STOP_LOSS,5,-2.4999999999999964,-2.6499999999999964,BULL,40.13432391056871,1.2696076802886367,JIOFIN,NSE,JIOFIN.NS
EMA_MACD,LONG,2025-11-17,2025-11-18,2025-11-21,311.1499938964844,303.37124404907223,326.7074935913086,303.37124404907223,STOP_LOSS,4,-2.500000000000011,-2.650000000000011,BULL,56.240145595128425,0.5119472782009241,JIOFIN,NSE,JIOFIN.NS
EMA_MACD,SHORT,2025-11-24,2025-11-25,2025-11-26,299.75,307.24375,284.7625,307.24375,STOP_LOSS,2,-2.4999999999999925,-2.6499999999999924,BULL,41.45345382237706,1.422907854283974,JIOFIN,NSE,JIOFIN.NS
EMA_MACD,SHORT,2026-01-09,2026-01-12,2026-01-20,287.25,294.43125,272.8875,272.8875,TARGET,7,5.0000000000000036,4.850000000000003,BULL,37.875193683374135,2.420669805038998,JIOFIN,NSE,JIOFIN.NS
EMA_MACD,SHORT,2026-05-13,2026-05-14,2026-05-22,233.0,238.825,221.35,238.825,STOP_LOSS,7,-2.499999999999995,-2.649999999999995,BEAR,39.715089941039196,2.7781840320909748,JIOFIN,NSE,JIOFIN.NS
EMA_MACD,SHORT,2026-06-03,2026-06-04,2026-06-15,234.5,240.36249999999998,222.77499999999998,240.36249999999998,STOP_LOSS,8,-2.499999999999993,-2.649999999999993,BEAR,44.167726346528056,0.9060471487664191,JIOFIN,NSE,JIOFIN.NS
EMA_MACD,LONG,2026-06-18,2026-06-19,2026-06-23,244.0,237.9,256.2,237.9,STOP_LOSS,3,-2.499999999999998,-2.6499999999999977,BEAR,57.32005199048071,1.3518443785138126,JIOFIN,NSE,JIOFIN.NS
EMA_MACD,LONG,2026-07-02,2026-07-03,2026-07-08,241.0500030517578,235.02375297546385,253.1025032043457,235.02375297546385,STOP_LOSS,4,-2.500000000000007,-2.650000000000007,NEUTRAL,51.587429589590926,0.2975840975942966,JIOFIN,NSE,JIOFIN.NS
EMA_MACD,LONG,2026-07-13,2026-07-14,2026-07-23,239.6999969482422,233.70749702453614,251.6849967956543,233.70749702453614,STOP_LOSS,8,-2.499999999999998,-2.6499999999999977,NEUTRAL,53.36881752771415,0.9828575745465787,JIOFIN,NSE,JIOFIN.NS
EMA_MACD,LONG,2026-07-29,2026-07-30,2026-08-03,248.75,242.53125,261.1875,261.1875,TARGET,3,5.0,4.85,NEUTRAL,62.126444047318465,3.6558873819841216,JIOFIN,NSE,JIOFIN.NS
RSI_ZONE,SHORT,2024-12-20,2024-12-23,2025-01-07,308.79998779296875,316.51998748779295,293.3599884033203,299.1499938964844,TIME_EXIT,11,3.1249981470057886,2.9749981470057887,NEUTRAL,32.23451778379092,4.736664539321897,JIOFIN,NSE,JIOFIN.NS
RSI_ZONE,LONG,2025-04-16,2025-04-17,2025-04-23,242.94000244140625,236.8665023803711,255.08700256347657,255.08700256347657,TARGET,4,5.000000000000004,4.850000000000004,NEUTRAL,60.29407344469587,3.642404825023232,JIOFIN,NSE,JIOFIN.NS
RSI_ZONE,LONG,2025-08-01,2025-08-04,2025-08-07,329.8500061035156,321.60375595092773,346.3425064086914,321.60375595092773,STOP_LOSS,4,-2.5,-2.65,BULL,62.99258183444698,1.761863630687338,JIOFIN,NSE,JIOFIN.NS
RSI_ZONE,SHORT,2025-09-24,2025-09-25,2025-10-07,306.75,314.41875,291.41249999999997,314.41875,STOP_LOSS,8,-2.4999999999999964,-2.6499999999999964,BULL,37.06904459154683,1.6113005168422554,JIOFIN,NSE,JIOFIN.NS
RSI_ZONE,SHORT,2025-11-06,2025-11-07,2025-11-11,297.0,304.42499999999995,282.15,304.42499999999995,STOP_LOSS,3,-2.4999999999999845,-2.6499999999999844,BULL,35.7425290838499,1.689023318448985,JIOFIN,NSE,JIOFIN.NS
RSI_ZONE,SHORT,2026-01-09,2026-01-12,2026-01-20,287.25,294.43125,272.8875,272.8875,TARGET,7,5.0000000000000036,4.850000000000003,BULL,37.875193683374135,2.420669805038998,JIOFIN,NSE,JIOFIN.NS
RSI_ZONE,SHORT,2026-05-13,2026-05-14,2026-05-22,233.0,238.825,221.35,238.825,STOP_LOSS,7,-2.499999999999995,-2.649999999999995,BEAR,39.715089941039196,2.7781840320909748,JIOFIN,NSE,JIOFIN.NS
RSI_ZONE,SHORT,2026-07-08,2026-07-09,2026-07-10,231.0,236.77499999999998,219.45,236.77499999999998,STOP_LOSS,2,-2.4999999999999902,-2.64999999999999,NEUTRAL,38.6475771950527,2.9936295659684027,JIOFIN,NSE,JIOFIN.NS
RSI_ZONE,LONG,2026-07-29,2026-07-30,2026-08-03,248.75,242.53125,261.1875,261.1875,TARGET,3,5.0,4.85,NEUTRAL,62.126444047318465,3.6558873819841216,JIOFIN,NSE,JIOFIN.NS
EXT_3,SHORT,2024-12-24,2024-12-26,2025-01-09,304.70001220703125,312.31751251220703,289.4650115966797,289.4650115966797,TARGET,11,5.0,4.85,NEUTRAL,32.62672364416707,2.103413729625632,JIOFIN,NSE,JIOFIN.NS
EXT_3,LONG,2025-04-21,2025-04-22,2025-04-23,245.5,239.36249999999998,257.77500000000003,257.77500000000003,TARGET,2,5.000000000000014,4.850000000000014,NEUTRAL,62.52126856671886,2.320049410674219,JIOFIN,NSE,JIOFIN.NS
EXT_3,LONG,2025-08-01,2025-08-04,2025-08-07,329.8500061035156,321.60375595092773,346.3425064086914,321.60375595092773,STOP_LOSS,4,-2.5,-2.65,BULL,62.99258183444698,1.761863630687338,JIOFIN,NSE,JIOFIN.NS
EXT_3,SHORT,2025-09-24,2025-09-25,2025-10-07,306.75,314.41875,291.41249999999997,314.41875,STOP_LOSS,8,-2.4999999999999964,-2.6499999999999964,BULL,37.06904459154683,1.6113005168422554,JIOFIN,NSE,JIOFIN.NS
EXT_3,SHORT,2025-11-06,2025-11-07,2025-11-11,297.0,304.42499999999995,282.15,304.42499999999995,STOP_LOSS,3,-2.4999999999999845,-2.6499999999999844,BULL,35.7425290838499,1.689023318448985,JIOFIN,NSE,JIOFIN.NS
EXT_3,SHORT,2026-01-09,2026-01-12,2026-01-20,287.25,294.43125,272.8875,272.8875,TARGET,7,5.0000000000000036,4.850000000000003,BULL,37.875193683374135,2.420669805038998,JIOFIN,NSE,JIOFIN.NS
EXT_3,SHORT,2026-05-13,2026-05-14,2026-05-22,233.0,238.825,221.35,238.825,STOP_LOSS,7,-2.499999999999995,-2.649999999999995,BEAR,39.715089941039196,2.7781840320909748,JIOFIN,NSE,JIOFIN.NS
EXT_3,SHORT,2026-07-08,2026-07-09,2026-07-10,231.0,236.77499999999998,219.45,236.77499999999998,STOP_LOSS,2,-2.4999999999999902,-2.64999999999999,NEUTRAL,38.6475771950527,2.9936295659684027,JIOFIN,NSE,JIOFIN.NS
RSI_ZONE_EXT_3,SHORT,2024-12-24,2024-12-26,2025-01-09,304.70001220703125,312.31751251220703,289.4650115966797,289.4650115966797,TARGET,11,5.0,4.85,NEUTRAL,32.62672364416707,2.103413729625632,JIOFIN,NSE,JIOFIN.NS
RSI_ZONE_EXT_3,LONG,2025-04-21,2025-04-22,2025-04-23,245.5,239.36249999999998,257.77500000000003,257.77500000000003,TARGET,2,5.000000000000014,4.850000000000014,NEUTRAL,62.52126856671886,2.320049410674219,JIOFIN,NSE,JIOFIN.NS
RSI_ZONE_EXT_3,LONG,2025-08-01,2025-08-04,2025-08-07,329.8500061035156,321.60375595092773,346.3425064086914,321.60375595092773,STOP_LOSS,4,-2.5,-2.65,BULL,62.99258183444698,1.761863630687338,JIOFIN,NSE,JIOFIN.NS
RSI_ZONE_EXT_3,SHORT,2025-09-24,2025-09-25,2025-10-07,306.75,314.41875,291.41249999999997,314.41875,STOP_LOSS,8,-2.4999999999999964,-2.6499999999999964,BULL,37.06904459154683,1.6113005168422554,JIOFIN,NSE,JIOFIN.NS
RSI_ZONE_EXT_3,SHORT,2025-11-06,2025-11-07,2025-11-11,297.0,304.42499999999995,282.15,304.42499999999995,STOP_LOSS,3,-2.4999999999999845,-2.6499999999999844,BULL,35.7425290838499,1.689023318448985,JIOFIN,NSE,JIOFIN.NS
RSI_ZONE_EXT_3,SHORT,2026-01-09,2026-01-12,2026-01-20,287.25,294.43125,272.8875,272.8875,TARGET,7,5.0000000000000036,4.850000000000003,BULL,37.875193683374135,2.420669805038998,JIOFIN,NSE,JIOFIN.NS
RSI_ZONE_EXT_3,SHORT,2026-05-13,2026-05-14,2026-05-22,233.0,238.825,221.35,238.825,STOP_LOSS,7,-2.499999999999995,-2.649999999999995,BEAR,39.715089941039196,2.7781840320909748,JIOFIN,NSE,JIOFIN.NS
RSI_ZONE_EXT_3,SHORT,2026-07-08,2026-07-09,2026-07-10,231.0,236.77499999999998,219.45,236.77499999999998,STOP_LOSS,2,-2.4999999999999902,-2.64999999999999,NEUTRAL,38.6475771950527,2.9936295659684027,JIOFIN,NSE,JIOFIN.NS
RSI_ZONE_NO_NEUTRAL,LONG,2025-08-01,2025-08-04,2025-08-07,329.8500061035156,321.60375595092773,346.3425064086914,321.60375595092773,STOP_LOSS,4,-2.5,-2.65,BULL,62.99258183444698,1.761863630687338,JIOFIN,NSE,JIOFIN.NS
RSI_ZONE_NO_NEUTRAL,SHORT,2025-09-24,2025-09-25,2025-10-07,306.75,314.41875,291.41249999999997,314.41875,STOP_LOSS,8,-2.4999999999999964,-2.6499999999999964,BULL,37.06904459154683,1.6113005168422554,JIOFIN,NSE,JIOFIN.NS
RSI_ZONE_NO_NEUTRAL,SHORT,2025-11-06,2025-11-07,2025-11-11,297.0,304.42499999999995,282.15,304.42499999999995,STOP_LOSS,3,-2.4999999999999845,-2.6499999999999844,BULL,35.7425290838499,1.689023318448985,JIOFIN,NSE,JIOFIN.NS
RSI_ZONE_NO_NEUTRAL,SHORT,2026-01-09,2026-01-12,2026-01-20,287.25,294.43125,272.8875,272.8875,TARGET,7,5.0000000000000036,4.850000000000003,BULL,37.875193683374135,2.420669805038998,JIOFIN,NSE,JIOFIN.NS
RSI_ZONE_NO_NEUTRAL,SHORT,2026-05-13,2026-05-14,2026-05-22,233.0,238.825,221.35,238.825,STOP_LOSS,7,-2.499999999999995,-2.649999999999995,BEAR,39.715089941039196,2.7781840320909748,JIOFIN,NSE,JIOFIN.NS
RSI_ZONE_EXT_3_NO_NEUTRAL,LONG,2025-08-01,2025-08-04,2025-08-07,329.8500061035156,321.60375595092773,346.3425064086914,321.60375595092773,STOP_LOSS,4,-2.5,-2.65,BULL,62.99258183444698,1.761863630687338,JIOFIN,NSE,JIOFIN.NS
RSI_ZONE_EXT_3_NO_NEUTRAL,SHORT,2025-09-24,2025-09-25,2025-10-07,306.75,314.41875,291.41249999999997,314.41875,STOP_LOSS,8,-2.4999999999999964,-2.6499999999999964,BULL,37.06904459154683,1.6113005168422554,JIOFIN,NSE,JIOFIN.NS
RSI_ZONE_EXT_3_NO_NEUTRAL,SHORT,2025-11-06,2025-11-07,2025-11-11,297.0,304.42499999999995,282.15,304.42499999999995,STOP_LOSS,3,-2.4999999999999845,-2.6499999999999844,BULL,35.7425290838499,1.689023318448985,JIOFIN,NSE,JIOFIN.NS
RSI_ZONE_EXT_3_NO_NEUTRAL,SHORT,2026-01-09,2026-01-12,2026-01-20,287.25,294.43125,272.8875,272.8875,TARGET,7,5.0000000000000036,4.850000000000003,BULL,37.875193683374135,2.420669805038998,JIOFIN,NSE,JIOFIN.NS
RSI_ZONE_EXT_3_NO_NEUTRAL,SHORT,2026-05-13,2026-05-14,2026-05-22,233.0,238.825,221.35,238.825,STOP_LOSS,7,-2.499999999999995,-2.649999999999995,BEAR,39.715089941039196,2.7781840320909748,JIOFIN,NSE,JIOFIN.NS
BASE_CURRENT,SHORT,2024-11-13,2024-11-14,2024-11-14,77.0,78.925,73.14999999999999,78.925,STOP_LOSS,1,-2.4999999999999964,-2.6499999999999964,NEUTRAL,35.15818399920043,4.220855758719411,IDBI,NSE,IDBI.NS
BASE_CURRENT,SHORT,2024-12-18,2024-12-19,2025-01-03,77.5,79.4375,73.625,77.5199966430664,TIME_EXIT,11,-0.025802120085685484,-0.17580212008568546,NEUTRAL,38.00179789961264,2.520460050302696,IDBI,NSE,IDBI.NS
BASE_CURRENT,LONG,2025-01-20,2025-01-21,2025-01-21,86.5,84.33749999999999,90.825,84.33749999999999,STOP_LOSS,1,-2.5000000000000098,-2.6500000000000097,NEUTRAL,62.16421024352925,6.469226985810682,IDBI,NSE,IDBI.NS
BASE_CURRENT,SHORT,2025-02-14,2025-02-17,2025-02-19,71.5999984741211,73.38999843597412,68.01999855041504,73.38999843597412,STOP_LOSS,3,-2.5,-2.65,NEUTRAL,39.06560551651288,3.0633482133132715,IDBI,NSE,IDBI.NS
BASE_CURRENT,LONG,2025-05-14,2025-05-15,2025-05-19,85.93000030517578,83.78175029754638,90.22650032043457,90.22650032043457,TARGET,3,4.9999999999999964,4.849999999999996,NEUTRAL,62.35960820803737,4.583166238343258,IDBI,NSE,IDBI.NS
BASE_CURRENT,LONG,2025-06-30,2025-07-01,2025-07-04,103.44000244140624,100.85400238037107,108.61200256347655,100.85400238037107,STOP_LOSS,4,-2.5000000000000084,-2.6500000000000083,BULL,69.01431732355476,4.917357581457113,IDBI,NSE,IDBI.NS
BASE_CURRENT,LONG,2026-02-04,2026-02-05,2026-02-05,109.8000030517578,107.05500297546385,115.2900032043457,107.05500297546385,STOP_LOSS,1,-2.500000000000003,-2.650000000000003,NEUTRAL,63.564178416690645,5.821335081425093,IDBI,NSE,IDBI.NS
BASE_CURRENT,LONG,2026-08-25,2026-08-26,2026-08-26,87.3499984741211,85.16624851226807,91.71749839782716,91.71749839782716,TARGET,1,5.00000000000001,4.850000000000009,NEUTRAL,67.18823736302036,3.4536855928057673,IDBI,NSE,IDBI.NS
EMA_MACD,SHORT,2024-11-13,2024-11-14,2024-11-14,77.0,78.925,73.14999999999999,78.925,STOP_LOSS,1,-2.4999999999999964,-2.6499999999999964,NEUTRAL,35.15818399920043,4.220855758719411,IDBI,NSE,IDBI.NS
EMA_MACD,SHORT,2024-12-18,2024-12-19,2025-01-03,77.5,79.4375,73.625,77.5199966430664,TIME_EXIT,11,-0.025802120085685484,-0.17580212008568546,NEUTRAL,38.00179789961264,2.520460050302696,IDBI,NSE,IDBI.NS
EMA_MACD,LONG,2025-01-20,2025-01-21,2025-01-21,86.5,84.33749999999999,90.825,84.33749999999999,STOP_LOSS,1,-2.5000000000000098,-2.6500000000000097,NEUTRAL,62.16421024352925,6.469226985810682,IDBI,NSE,IDBI.NS
EMA_MACD,SHORT,2025-02-11,2025-02-12,2025-02-13,73.80000305175781,75.64500312805175,70.11000289916991,75.64500312805175,STOP_LOSS,2,-2.499999999999996,-2.649999999999996,NEUTRAL,41.594399784045216,4.280944852088806,IDBI,NSE,IDBI.NS
EMA_MACD,LONG,2025-05-14,2025-05-15,2025-05-19,85.93000030517578,83.78175029754638,90.22650032043457,90.22650032043457,TARGET,3,4.9999999999999964,4.849999999999996,NEUTRAL,62.35960820803737,4.583166238343258,IDBI,NSE,IDBI.NS
EMA_MACD,LONG,2025-06-30,2025-07-01,2025-07-04,103.44000244140624,100.85400238037107,108.61200256347655,100.85400238037107,STOP_LOSS,4,-2.5000000000000084,-2.6500000000000083,BULL,69.01431732355476,4.917357581457113,IDBI,NSE,IDBI.NS
EMA_MACD,SHORT,2025-09-01,2025-09-02,2025-09-02,87.8499984741211,90.0462484359741,83.45749855041504,90.0462484359741,STOP_LOSS,1,-2.499999999999984,-2.649999999999984,NEUTRAL,40.25545846214646,2.102316809894041,IDBI,NSE,IDBI.NS
EMA_MACD,SHORT,2025-09-26,2025-09-29,2025-09-30,89.19999694824219,91.42999687194823,84.73999710083008,91.42999687194823,STOP_LOSS,2,-2.4999999999999902,-2.64999999999999,BULL,42.10044422517068,1.8893387954415974,IDBI,NSE,IDBI.NS
EMA_MACD,LONG,2025-10-06,2025-10-07,2025-10-21,92.97000122070312,90.64575119018555,97.61850128173829,94.3000030517578,TIME_EXIT,11,1.4305709514807454,1.2805709514807455,BULL,53.447885209648035,0.7735183527062899,IDBI,NSE,IDBI.NS
EMA_MACD,LONG,2025-12-23,2025-12-24,2026-01-02,100.3000030517578,97.79250297546385,105.31500320434569,105.31500320434569,TARGET,7,4.999999999999998,4.849999999999998,BULL,54.89473077727422,0.9027964540343505,IDBI,NSE,IDBI.NS
EMA_MACD,LONG,2026-02-04,2026-02-05,2026-02-05,109.8000030517578,107.05500297546385,115.2900032043457,107.05500297546385,STOP_LOSS,1,-2.500000000000003,-2.650000000000003,NEUTRAL,63.564178416690645,5.821335081425093,IDBI,NSE,IDBI.NS
EMA_MACD,LONG,2026-08-25,2026-08-26,2026-08-26,87.3499984741211,85.16624851226807,91.71749839782716,91.71749839782716,TARGET,1,5.00000000000001,4.850000000000009,NEUTRAL,67.18823736302036,3.4536855928057673,IDBI,NSE,IDBI.NS
RSI_ZONE,SHORT,2024-11-13,2024-11-14,2024-11-14,77.0,78.925,73.14999999999999,78.925,STOP_LOSS,1,-2.4999999999999964,-2.6499999999999964,NEUTRAL,35.15818399920043,4.220855758719411,IDBI,NSE,IDBI.NS
RSI_ZONE,SHORT,2024-12-18,2024-12-19,2025-01-03,77.5,79.4375,73.625,77.5199966430664,TIME_EXIT,11,-0.025802120085685484,-0.17580212008568546,NEUTRAL,38.00179789961264,2.520460050302696,IDBI,NSE,IDBI.NS
RSI_ZONE,LONG,2025-01-20,2025-01-21,2025-01-21,86.5,84.33749999999999,90.825,84.33749999999999,STOP_LOSS,1,-2.5000000000000098,-2.6500000000000097,NEUTRAL,62.16421024352925,6.469226985810682,IDBI,NSE,IDBI.NS
RSI_ZONE,SHORT,2025-02-14,2025-02-17,2025-02-19,71.5999984741211,73.38999843597412,68.01999855041504,73.38999843597412,STOP_LOSS,3,-2.5,-2.65,NEUTRAL,39.06560551651288,3.0633482133132715,IDBI,NSE,IDBI.NS
RSI_ZONE,LONG,2025-05-14,2025-05-15,2025-05-19,85.93000030517578,83.78175029754638,90.22650032043457,90.22650032043457,TARGET,3,4.9999999999999964,4.849999999999996,NEUTRAL,62.35960820803737,4.583166238343258,IDBI,NSE,IDBI.NS
RSI_ZONE,LONG,2026-02-04,2026-02-05,2026-02-05,109.8000030517578,107.05500297546385,115.2900032043457,107.05500297546385,STOP_LOSS,1,-2.500000000000003,-2.650000000000003,NEUTRAL,63.564178416690645,5.821335081425093,IDBI,NSE,IDBI.NS
EXT_3,SHORT,2024-11-14,2024-11-18,2024-11-19,77.95999908447266,79.90899906158447,74.06199913024902,79.90899906158447,STOP_LOSS,2,-2.499999999999993,-2.649999999999993,NEUTRAL,35.89883114587576,2.64904624685106,IDBI,NSE,IDBI.NS
EXT_3,SHORT,2024-12-18,2024-12-19,2025-01-03,77.5,79.4375,73.625,77.5199966430664,TIME_EXIT,11,-0.025802120085685484,-0.17580212008568546,NEUTRAL,38.00179789961264,2.520460050302696,IDBI,NSE,IDBI.NS
EXT_3,LONG,2025-05-16,2025-05-19,2025-05-19,86.05000305175781,83.89875297546386,90.35250320434571,90.35250320434571,TARGET,1,5.000000000000006,4.850000000000006,NEUTRAL,62.61539741605524,2.1090402430845714,IDBI,NSE,IDBI.NS
EXT_3,LONG,2025-07-02,2025-07-03,2025-07-07,103.19000244140624,100.61025238037108,108.34950256347655,100.61025238037108,STOP_LOSS,3,-2.5000000000000004,-2.6500000000000004,BULL,65.44939084185637,1.4975221069911873,IDBI,NSE,IDBI.NS
EXT_3,LONG,2026-08-27,2026-08-28,2026-09-01,92.29000091552734,89.98275089263916,96.90450096130371,89.98275089263916,STOP_LOSS,3,-2.5,-2.65,NEUTRAL,68.50499553024616,2.784873729430336,IDBI,NSE,IDBI.NS
RSI_ZONE_EXT_3,SHORT,2024-11-14,2024-11-18,2024-11-19,77.95999908447266,79.90899906158447,74.06199913024902,79.90899906158447,STOP_LOSS,2,-2.499999999999993,-2.649999999999993,NEUTRAL,35.89883114587576,2.64904624685106,IDBI,NSE,IDBI.NS
RSI_ZONE_EXT_3,SHORT,2024-12-18,2024-12-19,2025-01-03,77.5,79.4375,73.625,77.5199966430664,TIME_EXIT,11,-0.025802120085685484,-0.17580212008568546,NEUTRAL,38.00179789961264,2.520460050302696,IDBI,NSE,IDBI.NS
RSI_ZONE_EXT_3,LONG,2025-05-16,2025-05-19,2025-05-19,86.05000305175781,83.89875297546386,90.35250320434571,90.35250320434571,TARGET,1,5.000000000000006,4.850000000000006,NEUTRAL,62.61539741605524,2.1090402430845714,IDBI,NSE,IDBI.NS
