variant,symbol,exchange,signal_date,entry_date,exit_date,direction,entry_price,stop_loss,target,exit_price,exit_reason,holding_days,gross_pnl_pct,net_pnl_pct,regime,mapped_regime,signal_close,rsi,ema_5,ema_13,ema_26,ema_5_13_signed_pct,ema_13_26_signed_pct,ema_5_26_signed_pct,ema_5_13_abs_pct,ema_13_26_abs_pct,ema_5_26_abs_pct,macd,macd_signal,macd_histogram,macd_histogram_pct,macd_histogram_abs_pct,volume_ratio,extension_pct,extension_abs_pct,ema13_event_age,ema26_event_age,macd_event_age,rsi_event_age,max_event_age,min_event_age,data_symbol
CURRENT,ADANIPOWER,BSE,2025-06-27,2025-06-30,2025-07-10,LONG,117.9800033569336,115.03050327301024,123.87900352478027,123.87900352478027,TARGET,9,5.000000000000004,4.850000000000004,BULL,BULL,116.8499984741211,61.39287152594356,113.38988049080575,111.93963018231818,111.27675497786886,1.2955646772510492,0.595699618110859,1.8989819691966718,1.2955646772510492,0.595699618110859,1.8989819691966718,0.7307613829337214,0.42504289300791176,0.30571848992580963,0.26163328533848246,0.26163328533848246,1.8965908582853608,3.051522735837002,3.051522735837002,1.0,1.0,0.0,0.0,1.0,0.0,ADANIPOWER.BO
CURRENT,ADANIPOWER,BSE,2026-02-05,2026-02-06,2026-02-10,LONG,152.0,148.2,159.6,148.2,STOP_LOSS,3,-2.500000000000002,-2.650000000000002,NEUTRAL,NEUTRAL,153.39999389648438,65.01482593259271,146.90903206423332,142.44755522844994,142.12223295932995,3.132013623279311,0.22890315072173736,3.3680860518657685,3.132013623279311,0.22890315072173736,3.3680860518657685,0.5148544349116264,-1.3883956058402027,1.9032500407518291,1.240710636557234,1.240710636557234,0.9677807226714025,4.418354502133677,4.418354502133677,1.0,1.0,2.0,1.0,2.0,1.0,ADANIPOWER.BO
CURRENT,ADANIPOWER,BSE,2026-03-16,2026-03-17,2026-03-18,LONG,155.8000030517578,151.90500297546387,163.59000320434572,151.90500297546387,STOP_LOSS,2,-2.499999999999991,-2.649999999999991,BEAR,BEAR,154.10000610351562,65.53527579552654,147.26844814724427,143.9451677841859,143.23603013086446,2.3087126954069666,0.49508329201358103,2.8152260382361036,2.3087126954069666,0.49508329201358103,2.8152260382361036,0.8710186706935303,-0.4024306259006206,1.2734492965941508,0.8263784855003314,0.8263784855003314,4.303142178199888,4.6388469778950325,4.6388469778950325,2.0,2.0,2.0,0.0,2.0,0.0,ADANIPOWER.BO
EMA_MACD,ADANIPOWER,BSE,2025-01-17,2025-01-20,2025-01-21,LONG,110.33000183105467,107.57175178527832,115.84650192260742,107.57175178527832,STOP_LOSS,2,-2.500000000000002,-2.650000000000002,NEUTRAL,NEUTRAL,109.2300033569336,55.471499185834624,107.38749947667998,104.55724640556026,104.40747537034204,2.7068932746580088,0.1434485746226236,2.854224849099685,2.7068932746580088,0.1434485746226236,2.854224849099685,0.29227694823615025,-1.06125208853902,1.3535290367751702,1.239154989634313,1.239154989634313,0.8288843886350309,1.7157526613735246,1.7157526613735246,2.0,2.0,2.0,,2.0,2.0,ADANIPOWER.BO
EMA_MACD,ADANIPOWER,BSE,2025-01-27,2025-01-28,2025-01-29,SHORT,99.38999938964844,101.87474937438964,94.420499420166,101.87474937438964,STOP_LOSS,2,-2.439024390243893,-2.5890243902438934,NEUTRAL,NEUTRAL,99.36000061035156,43.06051746518912,102.99857493804885,104.01204054360447,104.2616819777118,-0.9743733516416815,-0.23943737466339565,-1.2114777123324867,0.9743733516416815,0.23943737466339565,1.2114777123324867,-0.2615781764487508,-0.10934993290882158,-0.15222824353992923,-0.15320877878906708,0.15320877878906708,0.6194854254522948,-3.532645310758716,3.532645310758716,0.0,0.0,0.0,11.0,11.0,0.0,ADANIPOWER.BO
EMA_MACD,ADANIPOWER,BSE,2025-05-16,2025-05-19,2025-05-20,LONG,113.5,110.6625,119.175,110.6625,STOP_LOSS,2,-2.500000000000002,-2.650000000000002,NEUTRAL,NEUTRAL,113.08000183105467,59.23583260165244,109.52250847332331,108.45994641262266,107.64385344399075,0.9796815283849292,0.7581417261846131,1.7452506290199514,0.9796815283849292,0.7581417261846131,1.7452506290199514,0.8691076639192374,0.8189366827334092,0.05017098118582819,0.044367686923798715,0.044367686923798715,1.4845808836330041,3.2481846949276805,3.2481846949276805,1.0,2.0,0.0,21.0,21.0,0.0,ADANIPOWER.BO
EMA_MACD,ADANIPOWER,BSE,2025-06-23,2025-06-24,2025-06-26,SHORT,109.45999908447266,112.19649906158446,103.98699913024902,112.19649906158446,STOP_LOSS,3,-2.439024390243893,-2.5890243902438934,NEUTRAL,NEUTRAL,107.61000061035156,43.83696334364428,108.59814485118955,110.34941483499733,110.45631685303127,-1.5870224472204202,-0.09678216790097627,-1.6822686603919013,1.5870224472204202,0.09678216790097627,1.6822686603919013,-0.197022441823961,0.6701446090510582,-0.8671670508750192,-0.8058424365361465,0.8058424365361465,0.8791276194394563,-0.9099089511998775,0.9099089511998775,3.0,2.0,4.0,79.0,79.0,2.0,ADANIPOWER.BO
EMA_MACD,ADANIPOWER,BSE,2025-06-27,2025-06-30,2025-07-10,LONG,117.9800033569336,115.03050327301024,123.87900352478027,123.87900352478027,TARGET,9,5.000000000000004,4.850000000000004,BULL,BULL,116.8499984741211,61.39287152594356,113.38988049080575,111.93963018231818,111.27675497786886,1.2955646772510492,0.595699618110859,1.8989819691966718,1.2955646772510492,0.595699618110859,1.8989819691966718,0.7307613829337214,0.42504289300791176,0.30571848992580963,0.26163328533848246,0.26163328533848246,1.8965908582853608,3.051522735837002,3.051522735837002,1.0,1.0,0.0,0.0,1.0,0.0,ADANIPOWER.BO
EMA_MACD,ADANIPOWER,BSE,2025-08-13,2025-08-14,2025-09-01,LONG,117.16000366210938,114.23100357055664,123.01800384521484,121.33999633789062,TIME_EXIT,11,3.567764207174662,3.417764207174662,NEUTRAL,NEUTRAL,117.1500015258789,51.13355516581074,117.10088018989603,116.80200433993265,116.71585047171199,0.25588246678845705,0.07381505414429007,0.32988640071415276,0.25588246678845705,0.07381505414429007,0.32988640071415276,0.07913434066455238,0.07441247083197161,0.004721869832580772,0.004030618669294419,0.004030618669294419,0.49161346206538936,0.0419478793867454,0.0419478793867454,1.0,1.0,0.0,27.0,27.0,0.0,ADANIPOWER.BO
EMA_MACD,ADANIPOWER,BSE,2026-01-14,2026-01-16,2026-01-21,SHORT,142.60000610351562,146.1650062561035,135.47000579833983,135.47000579833983,TARGET,4,5.2631578947368585,5.113157894736858,BULL,BULL,142.6999969482422,45.587704891580096,143.24097634890873,143.93059440018675,144.5462232743702,-0.4791323583091677,-0.4259045032362333,-0.9029962152549004,0.4791323583091677,0.4259045032362333,0.9029962152549004,-0.655634457702746,-0.6015473786989669,-0.05408707900377907,-0.037902649026262177,0.037902649026262177,0.3411516078599293,-0.37767084144191887,0.37767084144191887,3.0,3.0,0.0,12.0,12.0,0.0,ADANIPOWER.BO
EMA_MACD,ADANIPOWER,BSE,2026-02-05,2026-02-06,2026-02-10,LONG,152.0,148.2,159.6,148.2,STOP_LOSS,3,-2.500000000000002,-2.650000000000002,NEUTRAL,NEUTRAL,153.39999389648438,65.01482593259271,146.90903206423332,142.44755522844994,142.12223295932995,3.132013623279311,0.22890315072173736,3.3680860518657685,3.132013623279311,0.22890315072173736,3.3680860518657685,0.5148544349116264,-1.3883956058402027,1.9032500407518291,1.240710636557234,1.240710636557234,0.9677807226714025,4.418354502133677,4.418354502133677,1.0,1.0,2.0,1.0,2.0,1.0,ADANIPOWER.BO
EMA_MACD,ADANIPOWER,BSE,2026-03-16,2026-03-17,2026-03-18,LONG,155.8000030517578,151.90500297546387,163.59000320434572,151.90500297546387,STOP_LOSS,2,-2.499999999999991,-2.649999999999991,BEAR,BEAR,154.10000610351562,65.53527579552654,147.26844814724427,143.9451677841859,143.23603013086446,2.3087126954069666,0.49508329201358103,2.8152260382361036,2.3087126954069666,0.49508329201358103,2.8152260382361036,0.8710186706935303,-0.4024306259006206,1.2734492965941508,0.8263784855003314,0.8263784855003314,4.303142178199888,4.6388469778950325,4.6388469778950325,2.0,2.0,2.0,0.0,2.0,0.0,ADANIPOWER.BO
CURRENT,ADANIPOWER,NSE,2025-06-27,2025-06-30,2025-07-10,LONG,117.9000015258789,114.95250148773194,123.79500160217286,123.79500160217286,TARGET,9,5.000000000000004,4.850000000000004,BULL,BULL,116.87000274658205,61.289614424588116,113.39808935163005,111.93102492974326,111.26604272783955,1.3106861326496693,0.5976506269125436,1.9161700834508495,1.3106861326496693,0.5976506269125436,1.9161700834508495,0.7335588536259507,0.4212985371778308,0.31226031644811997,0.2671860264478793,0.2671860264478793,2.592010064442821,3.061703609649125,3.061703609649125,1.0,1.0,0.0,0.0,1.0,0.0,ADANIPOWER.NS
CURRENT,ADANIPOWER,NSE,2026-02-05,2026-02-06,2026-02-10,LONG,152.0,148.2,159.6,148.2,STOP_LOSS,3,-2.500000000000002,-2.650000000000002,NEUTRAL,NEUTRAL,153.4499969482422,65.23198167010295,146.95897655708023,142.4597811980141,142.09125041134305,3.1582214441368626,0.2593620547388926,3.425774726906473,3.1582214441368626,0.2593620547388926,3.425774726906473,0.5626734206003903,-1.3515351802051239,1.9142086008055141,1.2474477933363308,1.2474477933363308,1.3045724070030427,4.416892756898576,4.416892756898576,1.0,1.0,2.0,1.0,2.0,1.0,ADANIPOWER.NS
CURRENT,ADANIPOWER,NSE,2026-03-16,2026-03-17,2026-03-18,LONG,156.0,152.1,163.8,152.1,STOP_LOSS,2,-2.500000000000002,-2.650000000000002,BEAR,BEAR,154.05999755859375,65.41632173305192,147.22686094912362,143.92836808376987,143.22684347642607,2.291760067364862,0.4897996704502284,2.792784771072553,2.291760067364862,0.4897996704502284,2.792784771072553,0.8615572541133929,-0.4002783602269081,1.261835614340301,0.8190546763188064,0.8190546763188064,4.0454305866941995,4.641229572796108,4.641229572796108,2.0,2.0,2.0,0.0,2.0,0.0,ADANIPOWER.NS
EMA_MACD,ADANIPOWER,NSE,2025-01-17,2025-01-20,2025-01-21,LONG,110.25,107.49375,115.7625,107.49375,STOP_LOSS,2,-2.500000000000002,-2.650000000000002,NEUTRAL,NEUTRAL,110.26000213623048,56.724669516488795,107.70668979105304,104.68029235245832,104.4664225415698,2.8910861544070205,0.20472588769221128,3.101730843892788,2.8910861544070205,0.20472588769221128,3.101730843892788,0.3670312235677642,-1.0515803788095794,1.4186116023773436,1.2866058179688717,1.2866058179688717,1.0404347209749047,2.3706163007430425,2.3706163007430425,2.0,2.0,2.0,,2.0,2.0,ADANIPOWER.NS
EMA_MACD,ADANIPOWER,NSE,2025-01-27,2025-01-28,2025-01-29,SHORT,99.47000122070312,101.9567512512207,94.49650115966796,101.9567512512207,STOP_LOSS,2,-2.439024390243893,-2.5890243902438934,NEUTRAL,NEUTRAL,99.37999725341795,43.05213098582331,103.0416838786932,104.06905929339075,104.30326540257242,-0.987205439996508,-0.22454341029278466,-1.2095321455277286,0.987205439996508,0.22454341029278466,1.2095321455277286,-0.24531544471075506,-0.0855844452776619,-0.15973099943309316,-0.16072751443711633,0.16072751443711633,0.37977888237408414,-3.5535974252769456,3.5535974252769456,0.0,0.0,0.0,11.0,11.0,0.0,ADANIPOWER.NS
EMA_MACD,ADANIPOWER,NSE,2025-05-16,2025-05-19,2025-05-21,LONG,113.3000030517578,110.46750297546384,118.96500320434568,110.46750297546384,STOP_LOSS,3,-2.5000000000000133,-2.650000000000013,NEUTRAL,NEUTRAL,113.0999984741211,59.19568351008064,109.52045001366798,108.4558599120399,107.64041385212371,0.9815883646042646,0.757564961647623,1.7465894957697392,0.9815883646042646,0.757564961647623,1.7465894957697392,0.8680131908567716,0.8202219127517072,0.04779127810506445,0.04225577254627442,0.04225577254627442,1.513336917526965,3.2683836306428518,3.2683836306428518,1.0,2.0,0.0,21.0,21.0,0.0,ADANIPOWER.NS
EMA_MACD,ADANIPOWER,NSE,2025-06-23,2025-06-24,2025-06-25,SHORT,108.9800033569336,111.70450344085693,103.5310031890869,111.70450344085693,STOP_LOSS,2,-2.439024390243893,-2.5890243902438934,NEUTRAL,NEUTRAL,107.5999984741211,43.98286116476007,108.5409482799744,110.3148454814412,110.4341925068484,-1.608031261545144,-0.10807071858637178,-1.7143641691920704,1.608031261545144,0.10807071858637178,1.7143641691920704,-0.21124688839816486,0.6641977995564742,-0.875444687954639,-0.8136103163283895,0.8136103163283895,0.5818674091649695,-0.86690767011376,0.86690767011376,3.0,2.0,4.0,79.0,79.0,2.0,ADANIPOWER.NS
EMA_MACD,ADANIPOWER,NSE,2025-06-27,2025-06-30,2025-07-10,LONG,117.9000015258789,114.95250148773194,123.79500160217286,123.79500160217286,TARGET,9,5.000000000000004,4.850000000000004,BULL,BULL,116.87000274658205,61.289614424588116,113.39808935163005,111.93102492974326,111.26604272783955,1.3106861326496693,0.5976506269125436,1.9161700834508495,1.3106861326496693,0.5976506269125436,1.9161700834508495,0.7335588536259507,0.4212985371778308,0.31226031644811997,0.2671860264478793,0.2671860264478793,2.592010064442821,3.061703609649125,3.061703609649125,1.0,1.0,0.0,0.0,1.0,0.0,ADANIPOWER.NS
EMA_MACD,ADANIPOWER,NSE,2025-08-13,2025-08-14,2025-09-01,LONG,117.37999725341795,114.4454973220825,123.24899711608886,121.37000274658205,TIME_EXIT,11,3.3992209801725126,3.2492209801725127,NEUTRAL,NEUTRAL,117.12000274658205,51.01912417857703,117.12422442794566,116.83018115830316,116.73639320888579,0.2516843393780896,0.08034165425134676,0.3322282009911843,0.2516843393780896,0.08034165425134676,0.3322282009911843,0.08725263234279623,0.08500719082319363,0.002245441519602598,0.001917214367268385,0.001917214367268385,0.6145577119417179,-0.0036044476573797906,0.0036044476573797906,2.0,1.0,0.0,27.0,27.0,0.0,ADANIPOWER.NS
EMA_MACD,ADANIPOWER,NSE,2026-01-14,2026-01-15,2026-01-21,SHORT,142.77000427246094,146.33925437927246,135.6315040588379,135.6315040588379,TARGET,5,5.263157894736836,5.113157894736836,BULL,BULL,142.77000427246094,45.84500892774714,143.26180914696903,143.9247515859853,144.5337127502379,-0.46061739326345086,-0.42132811277388493,-0.8800047954671906,0.46061739326345086,0.42132811277388493,0.8800047954671906,-0.6475569207856893,-0.6035266935645388,-0.044030227221150464,-0.030839970514481174,0.030839970514481174,0.580376333562753,-0.3432909841335031,0.3432909841335031,3.0,3.0,0.0,12.0,12.0,0.0,ADANIPOWER.NS
EMA_MACD,ADANIPOWER,NSE,2026-02-05,2026-02-06,2026-02-10,LONG,152.0,148.2,159.6,148.2,STOP_LOSS,3,-2.500000000000002,-2.650000000000002,NEUTRAL,NEUTRAL,153.4499969482422,65.23198167010295,146.95897655708023,142.4597811980141,142.09125041134305,3.1582214441368626,0.2593620547388926,3.425774726906473,3.1582214441368626,0.2593620547388926,3.425774726906473,0.5626734206003903,-1.3515351802051239,1.9142086008055141,1.2474477933363308,1.2474477933363308,1.3045724070030427,4.416892756898576,4.416892756898576,1.0,1.0,2.0,1.0,2.0,1.0,ADANIPOWER.NS
EMA_MACD,ADANIPOWER,NSE,2026-03-16,2026-03-17,2026-03-18,LONG,156.0,152.1,163.8,152.1,STOP_LOSS,2,-2.500000000000002,-2.650000000000002,BEAR,BEAR,154.05999755859375,65.41632173305192,147.22686094912362,143.92836808376987,143.22684347642607,2.291760067364862,0.4897996704502284,2.792784771072553,2.291760067364862,0.4897996704502284,2.792784771072553,0.8615572541133929,-0.4002783602269081,1.261835614340301,0.8190546763188064,0.8190546763188064,4.0454305866941995,4.641229572796108,4.641229572796108,2.0,2.0,2.0,0.0,2.0,0.0,ADANIPOWER.NS
CURRENT,ASHOKLEY,NSE,2024-12-20,2024-12-23,2024-12-27,SHORT,108.6750030517578,111.39187812805172,103.24125289916992,111.39187812805172,STOP_LOSS,4,-2.439024390243893,-2.5890243902438934,NEUTRAL,NEUTRAL,108.63999938964844,37.69829923185375,111.41539112822834,113.31237473288891,113.37669269495957,-1.6741186557358214,-0.056729439306990675,-1.7298983769160794,1.6741186557358214,0.056729439306990675,1.7298983769160794,-0.14995784650464827,0.7705805429586969,-0.9205383894633452,-0.8473291555918925,0.8473291555918925,1.130456458235236,-2.4910308265988954,2.4910308265988954,2.0,1.0,3.0,1.0,3.0,1.0,ASHOKLEY.NS
CURRENT,ASHOKLEY,NSE,2025-01-03,2025-01-06,2025-01-06,LONG,117.0,114.075,122.85,114.075,STOP_LOSS,1,-2.500000000000002,-2.650000000000002,NEUTRAL,NEUTRAL,117.06500244140624,60.155851449532214,114.52851993213338,113.11763395271207,112.95254018815322,1.2472732412447016,0.1461620644244374,1.3952583459875558,1.2472732412447016,0.1461620644244374,1.3952583459875558,0.2070572429313131,-0.259723665417019,0.46678090834833214,0.39873651271819416,0.39873651271819416,0.9671639542063207,2.214716920096332,2.214716920096332,1.0,1.0,1.0,1.0,1.0,1.0,ASHOKLEY.NS
CURRENT,ASHOKLEY,NSE,2025-01-09,2025-01-10,2025-01-13,SHORT,107.19499969482422,109.87487468719482,101.835249710083,101.835249710083,TARGET,2,5.263157894736836,5.113157894736836,NEUTRAL,NEUTRAL,107.1999969482422,38.88965884914965,110.9035338067621,111.96424942180262,112.38105526730999,-0.9473699154133483,-0.3708862178913992,-1.3147424688560299,0.9473699154133483,0.3708862178913992,1.3147424688560299,-0.4784451965341532,-0.17624621278388292,-0.30219898375027027,-0.2819020451056324,0.2819020451056324,1.069016392501594,-3.339421866369854,3.339421866369854,1.0,1.0,0.0,0.0,1.0,0.0,ASHOKLEY.NS
CURRENT,ASHOKLEY,NSE,2025-04-17,2025-04-21,2025-04-23,LONG,109.72000122070312,106.97700119018556,115.20600128173828,115.20600128173828,TARGET,3,5.000000000000004,4.850000000000004,NEUTRAL,NEUTRAL,109.48999786376952,60.05780577970414,106.6751892818726,104.93170503512528,104.6192044701492,1.661541901147711,0.298702868712065,1.9652078431833573,1.661541901147711,0.298702868712065,1.9652078431833573,0.4088649454505884,-0.34865625598926275,0.7575212014398511,0.6918633813313065,0.6918633813313065,0.7942828094592148,2.638672216891238,2.638672216891238,2.0,2.0,3.0,0.0,3.0,0.0,ASHOKLEY.NS
CURRENT,ASHOKLEY,NSE,2025-06-25,2025-06-26,2025-07-10,LONG,122.3499984741211,119.29124851226808,128.46749839782714,124.9000015258789,TIME_EXIT,11,2.0841872362566294,1.9341872362566292,BULL,BULL,122.30500030517578,63.91337257450532,119.82680189639827,118.92077306844095,118.14476695997138,0.7618759991039405,0.6568264752111214,1.4237066775854559,0.7618759991039405,0.6568264752111214,1.4237066775854559,0.8226081181904306,0.7949992320572716,0.027608886133158927,0.02257379997896174,0.02257379997896174,1.3050300146949534,2.068150338285883,2.068150338285883,1.0,2.0,0.0,0.0,2.0,0.0,ASHOKLEY.NS
CURRENT,ASHOKLEY,NSE,2025-08-18,2025-08-19,2025-08-19,LONG,131.75999450683594,128.46599464416502,138.34799423217774,128.46599464416502,STOP_LOSS,1,-2.5000000000000133,-2.650000000000013,NEUTRAL,NEUTRAL,131.75999450683594,67.73652616489227,124.13745470289531,122.31354160021921,122.1996180813808,1.491178391872215,0.0932273935279697,1.5857959721477795,1.491178391872215,0.0932273935279697,1.5857959721477795,0.16103437249225294,-0.44944705764600446,0.6104814301382574,0.4633283664159416,0.4633283664159416,6.460343840815214,6.140402847943073,6.140402847943073,0.0,0.0,0.0,0.0,0.0,0.0,ASHOKLEY.NS
CURRENT,ASHOKLEY,NSE,2026-04-30,2026-05-01,2026-05-06,SHORT,162.08999633789062,166.14224624633786,153.9854965209961,166.14224624633786,STOP_LOSS,4,-2.4390243902438824,-2.5890243902438823,BEAR,BEAR,162.08999633789062,39.65832691890841,166.56549371537332,169.20802948164163,171.55035770789843,-1.561708256022811,-1.3653881329965611,-2.9057730098196095,1.561708256022811,1.3653881329965611,2.9057730098196095,-2.48523818636653,-2.3701564274536024,-0.1150817589129276,-0.07099868067923804,0.07099868067923804,0.7523006408253331,-2.686929494010575,2.686929494010575,3.0,4.0,0.0,0.0,4.0,0.0,ASHOKLEY.NS
CURRENT,ASHOKLEY,NSE,2026-07-31,2026-08-03,2026-08-05,LONG,169.27999877929688,165.04799880981446,177.74399871826174,177.74399871826174,TARGET,3,5.000000000000004,4.850000000000004,NEUTRAL,NEUTRAL,166.17999267578125,64.9161932996646,159.7566008459991,157.34744931297664,156.91709892240098,1.5311030102753416,0.2742533436642696,1.8095554551402353,1.5311030102753416,0.2742533436642696,1.8095554551402353,0.5299101428944084,-0.32985546500603935,0.8597656079004478,0.5173701081921809,0.5173701081921809,3.027592209890779,4.020736417629549,4.020736417629549,2.0,1.0,2.0,0.0,2.0,0.0,ASHOKLEY.NS
EMA_MACD,ASHOKLEY,NSE,2024-12-20,2024-12-23,2024-12-27,SHORT,108.6750030517578,111.39187812805172,103.24125289916992,111.39187812805172,STOP_LOSS,4,-2.439024390243893,-2.5890243902438934,NEUTRAL,NEUTRAL,108.63999938964844,37.69829923185375,111.41539112822834,113.31237473288891,113.37669269495957,-1.6741186557358214,-0.056729439306990675,-1.7298983769160794,1.6741186557358214,0.056729439306990675,1.7298983769160794,-0.14995784650464827,0.7705805429586969,-0.9205383894633452,-0.8473291555918925,0.8473291555918925,1.130456458235236,-2.4910308265988954,2.4910308265988954,2.0,1.0,3.0,1.0,3.0,1.0,ASHOKLEY.NS
EMA_MACD,ASHOKLEY,NSE,2025-01-03,2025-01-06,2025-01-06,LONG,117.0,114.075,122.85,114.075,STOP_LOSS,1,-2.500000000000002,-2.650000000000002,NEUTRAL,NEUTRAL,117.06500244140624,60.155851449532214,114.52851993213338,113.11763395271207,112.95254018815322,1.2472732412447016,0.1461620644244374,1.3952583459875558,1.2472732412447016,0.1461620644244374,1.3952583459875558,0.2070572429313131,-0.259723665417019,0.46678090834833214,0.39873651271819416,0.39873651271819416,0.9671639542063207,2.214716920096332,2.214716920096332,1.0,1.0,1.0,1.0,1.0,1.0,ASHOKLEY.NS
EMA_MACD,ASHOKLEY,NSE,2025-01-09,2025-01-10,2025-01-13,SHORT,107.19499969482422,109.87487468719482,101.835249710083,101.835249710083,TARGET,2,5.263157894736836,5.113157894736836,NEUTRAL,NEUTRAL,107.1999969482422,38.88965884914965,110.9035338067621,111.96424942180262,112.38105526730999,-0.9473699154133483,-0.3708862178913992,-1.3147424688560299,0.9473699154133483,0.3708862178913992,1.3147424688560299,-0.4784451965341532,-0.17624621278388292,-0.30219898375027027,-0.2819020451056324,0.2819020451056324,1.069016392501594,-3.339421866369854,3.339421866369854,1.0,1.0,0.0,0.0,1.0,0.0,ASHOKLEY.NS
EMA_MACD,ASHOKLEY,NSE,2025-03-06,2025-03-07,2025-03-11,SHORT,105.20999908447266,107.84024906158446,99.94949913024902,99.94949913024902,TARGET,3,5.263157894736836,5.113157894736836,NEUTRAL,NEUTRAL,105.3000030517578,45.54648635301094,105.7946553272098,107.41979881464226,107.5684878276041,-1.5128900867117858,-0.1382272968270568,-1.6490261564680166,1.5128900867117858,0.1382272968270568,1.6490261564680166,-0.22019322428015187,0.5398841354214717,-0.7600773597016236,-0.7218208334980057,0.7218208334980057,0.5227225366243418,-0.46755885155266036,0.46755885155266036,3.0,2.0,3.0,29.0,29.0,2.0,ASHOKLEY.NS
EMA_MACD,ASHOKLEY,NSE,2025-04-17,2025-04-21,2025-04-23,LONG,109.72000122070312,106.97700119018556,115.20600128173828,115.20600128173828,TARGET,3,5.000000000000004,4.850000000000004,NEUTRAL,NEUTRAL,109.48999786376952,60.05780577970414,106.6751892818726,104.93170503512528,104.6192044701492,1.661541901147711,0.298702868712065,1.9652078431833573,1.661541901147711,0.298702868712065,1.9652078431833573,0.4088649454505884,-0.34865625598926275,0.7575212014398511,0.6918633813313065,0.6918633813313065,0.7942828094592148,2.638672216891238,2.638672216891238,2.0,2.0,3.0,0.0,3.0,0.0,ASHOKLEY.NS
EMA_MACD,ASHOKLEY,NSE,2025-06-25,2025-06-26,2025-07-10,LONG,122.3499984741211,119.29124851226808,128.46749839782714,124.9000015258789,TIME_EXIT,11,2.0841872362566294,1.9341872362566292,BULL,BULL,122.30500030517578,63.91337257450532,119.82680189639827,118.92077306844095,118.14476695997138,0.7618759991039405,0.6568264752111214,1.4237066775854559,0.7618759991039405,0.6568264752111214,1.4237066775854559,0.8226081181904306,0.7949992320572716,0.027608886133158927,0.02257379997896174,0.02257379997896174,1.3050300146949534,2.068150338285883,2.068150338285883,1.0,2.0,0.0,0.0,2.0,0.0,ASHOKLEY.NS
EMA_MACD,ASHOKLEY,NSE,2025-08-18,2025-08-19,2025-08-19,LONG,131.75999450683594,128.46599464416502,138.34799423217774,128.46599464416502,STOP_LOSS,1,-2.5000000000000133,-2.650000000000013,NEUTRAL,NEUTRAL,131.75999450683594,67.73652616489227,124.13745470289531,122.31354160021921,122.1996180813808,1.491178391872215,0.0932273935279697,1.5857959721477795,1.491178391872215,0.0932273935279697,1.5857959721477795,0.16103437249225294,-0.44944705764600446,0.6104814301382574,0.4633283664159416,0.4633283664159416,6.460343840815214,6.140402847943073,6.140402847943073,0.0,0.0,0.0,0.0,0.0,0.0,ASHOKLEY.NS
EMA_MACD,ASHOKLEY,NSE,2025-10-29,2025-10-30,2025-11-12,LONG,139.89999389648438,136.40249404907226,146.8949935913086,146.8949935913086,TARGET,9,5.000000000000004,4.850000000000004,BULL,BULL,139.47999572753906,55.28297549287391,138.9536789187309,138.1684405275331,137.5108942666039,0.568319645354409,0.4781775759921643,1.0492147984506164,0.568319645354409,0.4781775759921643,1.0492147984506164,0.6925596808161174,0.6585249281928458,0.0340347526232716,0.02440117125451829,0.02440117125451829,0.8181989441963593,0.3787714099430109,0.3787714099430109,2.0,2.0,0.0,29.0,29.0,0.0,ASHOKLEY.NS
EMA_MACD,ASHOKLEY,NSE,2026-04-30,2026-05-01,2026-05-06,SHORT,162.08999633789062,166.14224624633786,153.9854965209961,166.14224624633786,STOP_LOSS,4,-2.4390243902438824,-2.5890243902438823,BEAR,BEAR,162.08999633789062,39.65832691890841,166.56549371537332,169.20802948164163,171.55035770789843,-1.561708256022811,-1.3653881329965611,-2.9057730098196095,1.561708256022811,1.3653881329965611,2.9057730098196095,-2.48523818636653,-2.3701564274536024,-0.1150817589129276,-0.07099868067923804,0.07099868067923804,0.7523006408253331,-2.686929494010575,2.686929494010575,3.0,4.0,0.0,0.0,4.0,0.0,ASHOKLEY.NS
EMA_MACD,ASHOKLEY,NSE,2026-07-31,2026-08-03,2026-08-05,LONG,169.27999877929688,165.04799880981446,177.74399871826174,177.74399871826174,TARGET,3,5.000000000000004,4.850000000000004,NEUTRAL,NEUTRAL,166.17999267578125,64.9161932996646,159.7566008459991,157.34744931297664,156.91709892240098,1.5311030102753416,0.2742533436642696,1.8095554551402353,1.5311030102753416,0.2742533436642696,1.8095554551402353,0.5299101428944084,-0.32985546500603935,0.8597656079004478,0.5173701081921809,0.5173701081921809,3.027592209890779,4.020736417629549,4.020736417629549,2.0,1.0,2.0,0.0,2.0,0.0,ASHOKLEY.NS
CURRENT,ASTERDM,BSE,2024-10-24,2024-10-25,2024-10-25,LONG,440.0499877929688,429.04873809814455,462.05248718261726,462.05248718261726,TARGET,1,5.000000000000004,4.850000000000004,NEUTRAL,NEUTRAL,442.9500122070313,61.78411749858226,422.89537762939915,420.4766894356001,418.41267858506444,0.5752252751622446,0.49329548461951345,1.0713583200905235,0.5752252751622446,0.49329548461951345,1.0713583200905235,2.2444315744531877,1.9089108264730634,0.3355207479801243,0.07574686504880479,0.07574686504880479,11.772138436622985,4.742221277057057,4.742221277057057,0.0,0.0,0.0,0.0,0.0,0.0,ASTERDM.BO
CURRENT,ASTERDM,BSE,2024-11-27,2024-11-28,2024-11-29,LONG,481.1499938964844,469.1212440490722,505.2074935913086,505.2074935913086,TARGET,2,5.000000000000004,4.850000000000004,NEUTRAL,NEUTRAL,478.4500122070313,72.80700752536805,450.14302660444866,441.0004956794629,435.8722011812736,2.073133933987891,1.176559203429562,3.274084785517209,2.073133933987891,1.176559203429562,3.274084785517209,5.691707171057772,3.501989765570506,2.1897174054872655,0.45766900399612637,0.45766900399612637,3.889801462013255,6.288442545941439,6.288442545941439,2.0,3.0,0.0,0.0,3.0,0.0,ASTERDM.BO
CURRENT,ASTERDM,BSE,2025-08-18,2025-08-19,2025-08-20,LONG,630.75,614.9812499999999,662.2875,614.9812499999999,STOP_LOSS,2,-2.5000000000000133,-2.650000000000013,NEUTRAL,NEUTRAL,623.9500122070312,60.81811561381968,609.3974969512631,601.4465295505593,597.4611925183516,1.3219741090941688,0.6670453381932842,1.997837613954288,1.3219741090941688,0.6670453381932842,1.997837613954288,4.478431076929951,2.050171546141791,2.42825953078816,0.3891753318825876,0.3891753318825876,2.119275556341408,2.388016906628685,2.388016906628685,3.0,3.0,2.0,0.0,3.0,0.0,ASTERDM.BO
CURRENT,ASTERDM,BSE,2026-04-01,2026-04-02,2026-04-02,LONG,681.0499877929688,664.0237380981445,715.1024871826172,664.0237380981445,STOP_LOSS,1,-2.5000000000000133,-2.650000000000013,BEAR,BEAR,687.9500122070312,63.325482830500555,667.3443161094327,657.5903121119195,648.1224842272991,1.483294966160196,1.4608084297381072,2.965771493801852,1.483294966160196,1.4608084297381072,2.965771493801852,10.145509820859502,9.799476585193165,0.3460332356663365,0.05029918301130889,0.05029918301130889,2.9844441597145464,3.0877158312710575,3.0877158312710575,2.0,3.0,0.0,0.0,3.0,0.0,ASTERDM.BO
EMA_MACD,ASTERDM,BSE,2024-10-24,2024-10-25,2024-10-25,LONG,440.0499877929688,429.04873809814455,462.05248718261726,462.05248718261726,TARGET,1,5.000000000000004,4.850000000000004,NEUTRAL,NEUTRAL,442.9500122070313,61.78411749858226,422.89537762939915,420.4766894356001,418.41267858506444,0.5752252751622446,0.49329548461951345,1.0713583200905235,0.5752252751622446,0.49329548461951345,1.0713583200905235,2.2444315744531877,1.9089108264730634,0.3355207479801243,0.07574686504880479,0.07574686504880479,11.772138436622985,4.742221277057057,4.742221277057057,0.0,0.0,0.0,0.0,0.0,0.0,ASTERDM.BO
EMA_MACD,ASTERDM,BSE,2024-11-27,2024-11-28,2024-11-29,LONG,481.1499938964844,469.1212440490722,505.2074935913086,505.2074935913086,TARGET,2,5.000000000000004,4.850000000000004,NEUTRAL,NEUTRAL,478.4500122070313,72.80700752536805,450.14302660444866,441.0004956794629,435.8722011812736,2.073133933987891,1.176559203429562,3.274084785517209,2.073133933987891,1.176559203429562,3.274084785517209,5.691707171057772,3.501989765570506,2.1897174054872655,0.45766900399612637,0.45766900399612637,3.889801462013255,6.288442545941439,6.288442545941439,2.0,3.0,0.0,0.0,3.0,0.0,ASTERDM.BO
EMA_MACD,ASTERDM,BSE,2025-08-13,2025-08-14,2025-08-22,LONG,614.7999877929688,599.4299880981445,645.5399871826172,599.4299880981445,STOP_LOSS,6,-2.5000000000000133,-2.650000000000013,NEUTRAL,NEUTRAL,612.75,57.8721326671356,600.2068528815527,596.320271924611,594.4934529221554,0.6517606628394167,0.30729001193808686,0.9610534701961506,0.6517606628394167,0.30729001193808686,0.9610534701961506,1.987504116399009,1.1549713759248226,0.8325327404741865,0.13586825629933685,0.13586825629933685,0.8210470303140707,2.0898040497586012,2.0898040497586012,1.0,1.0,0.0,29.0,29.0,0.0,ASTERDM.BO
EMA_MACD,ASTERDM,BSE,2026-04-01,2026-04-02,2026-04-02,LONG,681.0499877929688,664.0237380981445,715.1024871826172,664.0237380981445,STOP_LOSS,1,-2.5000000000000133,-2.650000000000013,BEAR,BEAR,687.9500122070312,63.325482830500555,667.3443161094327,657.5903121119195,648.1224842272991,1.483294966160196,1.4608084297381072,2.965771493801852,1.483294966160196,1.4608084297381072,2.965771493801852,10.145509820859502,9.799476585193165,0.3460332356663365,0.05029918301130889,0.05029918301130889,2.9844441597145464,3.0877158312710575,3.0877158312710575,2.0,3.0,0.0,0.0,3.0,0.0,ASTERDM.BO
CURRENT,AYE,BSE,2026-08-27,2026-08-28,2026-08-28,LONG,182.1499938964844,177.59624404907223,191.2574935913086,191.2574935913086,TARGET,1,5.000000000000004,4.850000000000004,NEUTRAL,NEUTRAL,181.60000610351562,61.209371265915706,175.60465622420745,173.1990567400128,171.62802112711375,1.3889218160152408,0.9153724447684881,2.3170080683669103,1.3889218160152408,0.9153724447684881,2.3170080683669103,1.724308962388875,1.2274272917294418,0.4968816706594332,0.27361324557236016,0.27361324557236016,18.32715971341599,3.414117830482509,3.414117830482509,1.0,2.0,0.0,0.0,2.0,0.0,AYE.BO
EMA_MACD,AYE,BSE,2026-08-10,2026-08-11,2026-08-14,LONG,177.75,173.30625,186.6375,173.30625,STOP_LOSS,4,-2.500000000000002,-2.650000000000002,BULL,BULL,178.14999389648438,57.99439865213171,171.4247181339992,169.75802351851098,168.51857735747987,0.9818060913665558,0.7354952673270341,1.7245224960299195,0.9818060913665558,0.7354952673270341,1.7245224960299195,1.3025201777381028,1.2557000011831199,0.04682017655498294,0.02628132369299334,0.02628132369299334,0.4667872289548244,3.9231657112763467,3.9231657112763467,0.0,1.0,0.0,14.0,14.0,0.0,AYE.BO
EMA_MACD,AYE,BSE,2026-08-27,2026-08-28,2026-08-28,LONG,182.1499938964844,177.59624404907223,191.2574935913086,191.2574935913086,TARGET,1,5.000000000000004,4.850000000000004,NEUTRAL,NEUTRAL,181.60000610351562,61.209371265915706,175.60465622420745,173.1990567400128,171.62802112711375,1.3889218160152408,0.9153724447684881,2.3170080683669103,1.3889218160152408,0.9153724447684881,2.3170080683669103,1.724308962388875,1.2274272917294418,0.4968816706594332,0.27361324557236016,0.27361324557236016,18.32715971341599,3.414117830482509,3.414117830482509,1.0,2.0,0.0,0.0,2.0,0.0,AYE.BO
CURRENT,BAJFINANCE,BSE,2025-01-02,2025-01-03,2025-01-13,LONG,739.0,720.525,775.95,720.525,STOP_LOSS,6,-2.500000000000002,-2.650000000000002,NEUTRAL,NEUTRAL,738.77001953125,67.96819288397735,703.7976384597075,696.5536179309778,692.3946146532112,1.0399803177029134,0.60066950114129,1.6468966634305173,1.0399803177029134,0.60066950114129,1.6468966634305173,4.641274911212122,3.1070394790787335,1.5342354321333884,0.20767429532493237,0.20767429532493237,5.541614064304708,4.969096109512544,4.969096109512544,0.0,0.0,0.0,0.0,0.0,0.0,500034.BO
CURRENT,BAJFINANCE,BSE,2025-06-09,2025-06-10,2025-06-11,LONG,969.0,944.775,1017.45,944.775,STOP_LOSS,2,-2.500000000000002,-2.650000000000002,NEUTRAL,NEUTRAL,960.8300170898438,65.20043550779951,929.5585482130531,919.0028011163611,911.7731091079861,1.1486088055302328,0.7929266542471278,1.9506430851494394,1.1486088055302328,0.7929266542471278,1.9506430851494394,7.949526308467284,5.854451710929256,2.0950745975380283,0.21804841233869623,0.21804841233869623,4.172884045105113,3.3641204135990908,3.3641204135990908,1.0,1.0,0.0,0.0,1.0,0.0,500034.BO
CURRENT,BAJFINANCE,BSE,2025-07-23,2025-07-24,2025-07-25,LONG,968.4000244140624,944.1900238037108,1016.8200256347656,944.1900238037108,STOP_LOSS,2,-2.500000000000002,-2.650000000000002,BULL,BULL,968.2000122070312,63.48183008032444,950.8539922929889,940.1260077282378,933.7340373764898,1.1411219854107266,0.6845600669873301,1.8334937178257915,1.1411219854107266,0.6845600669873301,1.8334937178257915,7.141066016180844,4.118174625622393,3.022891390558451,0.31221765672856266,0.31221765672856266,1.5996421747402598,1.8242569368839006,1.8242569368839006,3.0,3.0,2.0,0.0,3.0,0.0,500034.BO
CURRENT,BAJFINANCE,BSE,2025-07-29,2025-07-30,2025-08-13,SHORT,887.0499877929688,909.2262374877928,842.6974884033202,860.4500122070312,TIME_EXIT,11,3.09140277861224,2.94140277861224,BULL,BULL,886.7000122070312,38.48123077897019,909.1057399839451,924.0994683602192,926.8022419132143,-1.6225232120174202,-0.2916235449987321,-1.90941509730684,1.6225232120174202,0.2916235449987321,1.90941509730684,-3.443798231693677,2.4738449705621917,-5.917643202255869,-0.6673782700788086,0.6673782700788086,3.3273720412471657,-2.464589848185267,2.464589848185267,1.0,1.0,1.0,1.0,1.0,1.0,500034.BO
CURRENT,BAJFINANCE,BSE,2026-03-09,2026-03-10,2026-03-11,SHORT,954.2999877929688,978.1574874877928,906.5849884033204,906.5849884033204,TARGET,2,5.2631578947368585,5.113157894736858,BEAR,BEAR,938.4500122070312,37.849995838956225,957.3900421015828,977.0311939646132,980.2535575641128,-2.0102891273440484,-0.3287275597863772,-2.3324083127374564,2.0102891273440484,0.3287275597863772,2.3324083127374564,-4.2767729101682335,4.949045635939546,-9.22581854610778,-0.9830910998030308,0.9830910998030308,0.8718713742861268,-1.9782981921324352,1.9782981921324352,4.0,3.0,4.0,0.0,4.0,0.0,500034.BO
CURRENT,BAJFINANCE,BSE,2026-06-16,2026-06-17,2026-06-25,LONG,956.7000122070312,932.7825119018554,1004.5350128173828,1004.5350128173828,TARGET,6,5.000000000000004,4.850000000000004,BEAR,BEAR,959.3499755859376,63.0925215485982,926.0061723234645,909.446926639605,908.9039910928536,1.8208039632445363,0.05973519228345615,1.8816268162765413,1.8208039632445363,0.05973519228345615,1.8816268162765413,1.103967978359492,-5.6736519925301,6.777619970889592,0.7064804444019565,0.7064804444019565,0.65340575143865,3.60081868340136,3.60081868340136,1.0,1.0,1.0,1.0,1.0,1.0,500034.BO
EMA_MACD,BAJFINANCE,BSE,2025-01-02,2025-01-03,2025-01-13,LONG,739.0,720.525,775.95,720.525,STOP_LOSS,6,-2.500000000000002,-2.650000000000002,NEUTRAL,NEUTRAL,738.77001953125,67.96819288397735,703.7976384597075,696.5536179309778,692.3946146532112,1.0399803177029134,0.60066950114129,1.6468966634305173,1.0399803177029134,0.60066950114129,1.6468966634305173,4.641274911212122,3.1070394790787335,1.5342354321333884,0.20767429532493237,0.20767429532493237,5.541614064304708,4.969096109512544,4.969096109512544,0.0,0.0,0.0,0.0,0.0,0.0,500034.BO
EMA_MACD,BAJFINANCE,BSE,2025-05-15,2025-05-16,2025-06-02,LONG,915.1199951171876,892.2419952392579,960.875994873047,913.1950073242188,TIME_EXIT,11,-0.2103535933254741,-0.3603535933254741,NEUTRAL,NEUTRAL,918.75,57.7259630902703,904.7855906280284,897.8007032626147,893.6987001152709,0.7779997654301951,0.4589917325396926,1.2405624525723904,0.7779997654301951,0.4589917325396926,1.2405624525723904,4.418865882191085,3.3250539294649446,1.0938119527261403,0.11905436220148466,0.11905436220148466,0.5530594964488759,1.5433943153624496,1.5433943153624496,2.0,2.0,0.0,21.0,21.0,0.0,500034.BO
EMA_MACD,BAJFINANCE,BSE,2025-06-09,2025-06-10,2025-06-11,LONG,969.0,944.775,1017.45,944.775,STOP_LOSS,2,-2.500000000000002,-2.650000000000002,NEUTRAL,NEUTRAL,960.8300170898438,65.20043550779951,929.5585482130531,919.0028011163611,911.7731091079861,1.1486088055302328,0.7929266542471278,1.9506430851494394,1.1486088055302328,0.7929266542471278,1.9506430851494394,7.949526308467284,5.854451710929256,2.0950745975380283,0.21804841233869623,0.21804841233869623,4.172884045105113,3.3641204135990908,3.3641204135990908,1.0,1.0,0.0,0.0,1.0,0.0,500034.BO
EMA_MACD,BAJFINANCE,BSE,2025-06-27,2025-06-30,2025-07-01,LONG,953.0499877929688,929.2237380981444,1000.7024871826172,929.2237380981444,STOP_LOSS,2,-2.500000000000002,-2.650000000000002,BULL,BULL,946.5499877929688,58.43008367247084,936.36894400808,929.7011012223594,923.7952041610104,0.7172028490612534,0.6393080451973948,1.3610960297730816,0.7172028490612534,0.6393080451973948,1.3610960297730816,6.395531876189921,5.642370256197758,0.7531616199921629,0.07956913313667444,0.07956913313667444,0.9024104793265528,1.0872897750441508,1.0872897750441508,1.0,2.0,0.0,1.0,2.0,0.0,500034.BO
EMA_MACD,BAJFINANCE,BSE,2025-07-21,2025-07-22,2025-07-25,LONG,953.0,929.175,1000.65,929.175,STOP_LOSS,4,-2.500000000000002,-2.650000000000002,BULL,BULL,948.9500122070312,57.711750344980864,937.0714612969202,932.6215040763905,929.2628981881253,0.4771450369822563,0.36142687874591534,0.8402964461424276,0.4771450369822563,0.36142687874591534,0.8402964461424276,3.6452970091404495,2.9705200315660845,0.6747769775743651,0.07110774739387957,0.07110774739387957,0.7527080363704826,1.2676248718183065,1.2676248718183065,1.0,1.0,0.0,16.0,16.0,0.0,500034.BO
EMA_MACD,BAJFINANCE,BSE,2025-07-29,2025-07-30,2025-08-13,SHORT,887.0499877929688,909.2262374877928,842.6974884033202,860.4500122070312,TIME_EXIT,11,3.09140277861224,2.94140277861224,BULL,BULL,886.7000122070312,38.48123077897019,909.1057399839451,924.0994683602192,926.8022419132143,-1.6225232120174202,-0.2916235449987321,-1.90941509730684,1.6225232120174202,0.2916235449987321,1.90941509730684,-3.443798231693677,2.4738449705621917,-5.917643202255869,-0.6673782700788086,0.6673782700788086,3.3273720412471657,-2.464589848185267,2.464589848185267,1.0,1.0,1.0,1.0,1.0,1.0,500034.BO
EMA_MACD,BAJFINANCE,BSE,2025-12-11,2025-12-12,2025-12-24,SHORT,1004.9500122070312,1030.073762512207,954.7025115966796,1030.073762512207,STOP_LOSS,9,-2.439024390243893,-2.5890243902438934,BULL,BULL,1005.9000244140624,45.129791422410634,1015.5232182539233,1019.6807049001372,1022.841204492452,-0.4077243617766664,-0.30899220508847547,-0.7154567303690051,0.4077243617766664,0.30899220508847547,0.7154567303690051,-3.483336453108109,-2.923324865657693,-0.5600115874504157,-0.0556726885235561,0.0556726885235561,1.5153595075352615,-0.947609435893248,0.947609435893248,1.0,1.0,0.0,11.0,11.0,0.0,500034.BO
EMA_MACD,BAJFINANCE,BSE,2026-03-06,2026-03-09,2026-03-10,SHORT,929.2000122070312,952.430012512207,882.7400115966797,952.430012512207,STOP_LOSS,2,-2.439024390243893,-2.5890243902438934,BEAR,BEAR,950.0,40.36476609640966,966.8600570488585,983.4613909242101,983.5978411926793,-1.6880514099033936,-0.013872566892146316,-1.7016898007345274,1.6880514099033936,0.013872566892146316,1.7016898007345274,-0.7980070029321951,7.255500272466491,-8.053507275398687,-0.8477376079367039,0.8477376079367039,0.28161848818872887,-1.7437949707344775,1.7437949707344775,3.0,2.0,3.0,2.0,3.0,2.0,500034.BO
EMA_MACD,BAJFINANCE,BSE,2026-06-16,2026-06-17,2026-06-25,LONG,956.7000122070312,932.7825119018554,1004.5350128173828,1004.5350128173828,TARGET,6,5.000000000000004,4.850000000000004,BEAR,BEAR,959.3499755859376,63.0925215485982,926.0061723234645,909.446926639605,908.9039910928536,1.8208039632445363,0.05973519228345615,1.8816268162765413,1.8208039632445363,0.05973519228345615,1.8816268162765413,1.103967978359492,-5.6736519925301,6.777619970889592,0.7064804444019565,0.7064804444019565,0.65340575143865,3.60081868340136,3.60081868340136,1.0,1.0,1.0,1.0,1.0,1.0,500034.BO
CURRENT,CANBK,NSE,2024-11-13,2024-11-14,2024-11-21,SHORT,99.0,101.475,94.05,94.05,TARGET,4,5.263157894736836,5.113157894736836,NEUTRAL,NEUTRAL,98.33000183105467,39.20613120160555,101.52495697058824,102.33289682230297,102.96640839851436,-0.7895211381709354,-0.6152604388797256,-1.3999239658309022,0.7895211381709354,0.6152604388797256,1.3999239658309022,-0.6729576991855453,-0.6684024602960418,-0.004555238889503488,-0.004632603279444716,0.004632603279444716,1.1687122386298152,-3.146965273237338,3.146965273237338,0.0,1.0,0.0,0.0,1.0,0.0,CANBK.NS
CURRENT,CANBK,NSE,2025-08-26,2025-08-28,2025-09-04,SHORT,106.0500030517578,108.70125312805172,100.7475028991699,108.70125312805172,STOP_LOSS,6,-2.439024390243893,-2.5890243902438934,NEUTRAL,NEUTRAL,106.01000213623048,38.322700678385004,108.65167837261228,109.32836976939188,109.76020319999851,-0.6189531575445231,-0.3934335196334953,-1.0099515079854082,0.6189531575445231,0.3934335196334953,1.0099515079854082,-0.4679046726792393,-0.39575569049909487,-0.07214898218014443,-0.06805865552896395,0.06805865552896395,1.3977050827071373,-2.431325752118048,2.431325752118048,0.0,1.0,0.0,0.0,1.0,0.0,CANBK.NS
CURRENT,CANBK,NSE,2026-02-23,2026-02-24,2026-03-02,LONG,155.9499969482422,152.05124702453614,163.7474967956543,152.05124702453614,STOP_LOSS,5,-2.499999999999991,-2.649999999999991,NEUTRAL,NEUTRAL,156.44000244140625,61.15837160882162,152.47084241837365,150.0845187405784,149.8437958548958,1.589986560785803,0.16064921761305997,1.7531900793689184,1.589986560785803,0.16064921761305997,1.7531900793689184,0.34081664293685776,-0.6785460271308007,1.0193626700676583,0.651599753361967,0.651599753361967,0.8142582981712003,2.6032256135513374,2.6032256135513374,3.0,1.0,3.0,0.0,3.0,0.0,CANBK.NS
CURRENT,CANBK,NSE,2026-03-09,2026-03-10,2026-03-13,SHORT,142.5,146.0625,135.375,135.375,TARGET,4,5.263157894736836,5.113157894736836,BEAR,BEAR,139.91000366210938,34.83457899697936,146.3648606784028,149.6445910783728,150.27009431210507,-2.191679883873859,-0.41625263935293,-2.5988095978639967,2.191679883873859,0.41625263935293,2.5988095978639967,-0.7713737092791177,0.44479748191806245,-1.2161711911971802,-0.8692524904325661,0.8692524904325661,1.1323973899120072,-4.41011386638507,4.41011386638507,2.0,2.0,2.0,0.0,2.0,0.0,CANBK.NS
CURRENT,CANBK,NSE,2026-06-29,2026-06-30,2026-07-08,SHORT,126.9000015258789,130.07250156402586,120.55500144958496,120.55500144958496,TARGET,7,5.2631578947368585,5.113157894736858,BEAR,BEAR,125.86000061035156,37.272135512101585,128.8244722410639,130.825164024808,131.741235698185,-1.5292866618265666,-0.6953568247042115,-2.2140094873584757,1.5292866618265666,0.6953568247042115,2.2140094873584757,-1.0440182800177524,-0.36092203541239953,-0.6830962446053529,-0.5427429217326498,0.5427429217326498,2.742254351722143,-2.3011711821066356,2.3011711821066356,4.0,4.0,3.0,0.0,4.0,0.0,CANBK.NS
EMA_MACD,CANBK,NSE,2024-11-13,2024-11-14,2024-11-21,SHORT,99.0,101.475,94.05,94.05,TARGET,4,5.263157894736836,5.113157894736836,NEUTRAL,NEUTRAL,98.33000183105467,39.20613120160555,101.52495697058824,102.33289682230297,102.96640839851436,-0.7895211381709354,-0.6152604388797256,-1.3999239658309022,0.7895211381709354,0.6152604388797256,1.3999239658309022,-0.6729576991855453,-0.6684024602960418,-0.004555238889503488,-0.004632603279444716,0.004632603279444716,1.1687122386298152,-3.146965273237338,3.146965273237338,0.0,1.0,0.0,0.0,1.0,0.0,CANBK.NS
EMA_MACD,CANBK,NSE,2024-12-24,2024-12-26,2025-01-09,SHORT,100.8000030517578,103.32000312805174,95.7600028991699,95.7600028991699,TARGET,11,5.263157894736836,5.113157894736836,NEUTRAL,NEUTRAL,100.5500030517578,41.269826977323575,101.74971247973741,103.56670931565257,103.78834713008315,-1.7544217132334343,-0.21354787946742176,-1.96422306233533,1.7544217132334343,0.21354787946742176,1.96422306233533,-0.31694523871018987,0.5741772297120548,-0.8911224684222446,-0.8862480769528591,0.8862480769528591,0.697491879550566,-1.1790789366785925,1.1790789366785925,4.0,2.0,4.0,2.0,4.0,2.0,CANBK.NS
EMA_MACD,CANBK,NSE,2025-07-02,2025-07-03,2025-07-10,LONG,114.8000030517578,111.93000297546384,120.5400032043457,111.93000297546384,STOP_LOSS,6,-2.500000000000002,-2.650000000000002,BULL,BULL,114.2300033569336,59.268262525012375,113.34452251478275,112.05957383635719,110.84971484078062,1.1466656836496634,1.0914407829685018,2.2506216435338224,1.1466656836496634,1.0914407829685018,2.2506216435338224,1.2820516167265907,1.2342816285814386,0.0477699881451521,0.04181912522219367,0.04181912522219367,0.7691014857431622,0.7812294961455712,0.7812294961455712,2.0,4.0,0.0,2.0,4.0,0.0,CANBK.NS
EMA_MACD,CANBK,NSE,2025-08-26,2025-08-28,2025-09-04,SHORT,106.0500030517578,108.70125312805172,100.7475028991699,108.70125312805172,STOP_LOSS,6,-2.439024390243893,-2.5890243902438934,NEUTRAL,NEUTRAL,106.01000213623048,38.322700678385004,108.65167837261228,109.32836976939188,109.76020319999851,-0.6189531575445231,-0.3934335196334953,-1.0099515079854082,0.6189531575445231,0.3934335196334953,1.0099515079854082,-0.4679046726792393,-0.39575569049909487,-0.07214898218014443,-0.06805865552896395,0.06805865552896395,1.3977050827071373,-2.431325752118048,2.431325752118048,0.0,1.0,0.0,0.0,1.0,0.0,CANBK.NS
EMA_MACD,CANBK,NSE,2025-09-12,2025-09-15,2025-09-18,LONG,111.48999786376952,108.70274791717527,117.064497756958,117.064497756958,TARGET,4,5.000000000000004,4.850000000000004,BULL,BULL,110.95999908447266,56.2299923663806,110.1251179594174,108.87523955135374,108.82493927202475,1.1479914195496348,0.0462212794837959,1.1947433153559106,1.1479914195496348,0.0462212794837959,1.1947433153559106,0.11204972606361707,-0.5110740395190561,0.6231237655826731,0.5615751358363799,0.5615751358363799,0.7977661519557347,0.7581205273831594,0.7581205273831594,2.0,2.0,4.0,40.0,40.0,2.0,CANBK.NS
EMA_MACD,CANBK,NSE,2026-02-03,2026-02-04,2026-02-18,SHORT,147.5,151.1875,140.125,151.1875,STOP_LOSS,11,-2.4390243902439046,-2.5890243902439045,NEUTRAL,NEUTRAL,147.33999633789062,43.04569039652463,148.96878737132437,151.08108359429184,151.30287628133468,-1.398120911443661,-0.14658854642685795,-1.542659972749144,1.398120911443661,0.14658854642685795,1.542659972749144,-0.3469688629481311,0.7138883882446875,-1.0608572511928185,-0.7200062967016673,0.7200062967016673,1.4527471513083574,-1.0933773860787133,1.0933773860787133,2.0,2.0,3.0,109.0,109.0,2.0,CANBK.NS
EMA_MACD,CANBK,NSE,2026-02-23,2026-02-24,2026-03-02,LONG,155.9499969482422,152.05124702453614,163.7474967956543,152.05124702453614,STOP_LOSS,5,-2.499999999999991,-2.649999999999991,NEUTRAL,NEUTRAL,156.44000244140625,61.15837160882162,152.47084241837365,150.0845187405784,149.8437958548958,1.589986560785803,0.16064921761305997,1.7531900793689184,1.589986560785803,0.16064921761305997,1.7531900793689184,0.34081664293685776,-0.6785460271308007,1.0193626700676583,0.651599753361967,0.651599753361967,0.8142582981712003,2.6032256135513374,2.6032256135513374,3.0,1.0,3.0,0.0,3.0,0.0,CANBK.NS
EMA_MACD,CANBK,NSE,2026-03-09,2026-03-10,2026-03-13,SHORT,142.5,146.0625,135.375,135.375,TARGET,4,5.263157894736836,5.113157894736836,BEAR,BEAR,139.91000366210938,34.83457899697936,146.3648606784028,149.6445910783728,150.27009431210507,-2.191679883873859,-0.41625263935293,-2.5988095978639967,2.191679883873859,0.41625263935293,2.5988095978639967,-0.7713737092791177,0.44479748191806245,-1.2161711911971802,-0.8692524904325661,0.8692524904325661,1.1323973899120072,-4.41011386638507,4.41011386638507,2.0,2.0,2.0,0.0,2.0,0.0,CANBK.NS
EMA_MACD,CANBK,NSE,2026-04-30,2026-05-01,2026-05-06,SHORT,134.64999389648438,138.01624374389647,127.91749420166016,138.01624374389647,STOP_LOSS,4,-2.439024390243893,-2.5890243902438934,BEAR,BEAR,134.64999389648438,42.52034841894861,137.56181811512104,138.76171011663308,138.93342703294493,-0.8647140486402898,-0.12359654546715562,-0.9872418374151568,0.8647140486402898,0.12359654546715562,0.9872418374151568,-0.17329985981623963,0.05912714223914176,-0.2324270020553814,-0.1726156796071343,0.1726156796071343,0.9230733276391836,-2.1167386841309814,2.1167386841309814,1.0,1.0,0.0,21.0,21.0,0.0,CANBK.NS
EMA_MACD,CANBK,NSE,2026-06-24,2026-06-25,2026-07-08,SHORT,130.97000122070312,134.2442512512207,124.42150115966795,124.42150115966795,TARGET,10,5.263157894736836,5.113157894736836,BEAR,BEAR,130.14999389648438,44.59514037388891,132.0025969416423,132.62866420666217,132.7544876346914,-0.4720452164430434,-0.09477903931614848,-0.5663768558379094,0.4720452164430434,0.09477903931614848,0.5663768558379094,-0.13577383097782558,0.00593293679315865,-0.14170676777098423,-0.10887958080404644,0.10887958080404644,0.6320119748694359,-1.4034595440398503,1.4034595440398503,1.0,1.0,0.0,28.0,28.0,0.0,CANBK.NS
CURRENT,CGCL,BSE,2024-11-05,2024-11-06,2024-11-11,LONG,210.8000030517578,205.53000297546387,221.3400032043457,205.53000297546387,STOP_LOSS,4,-2.500000000000002,-2.650000000000002,NEUTRAL,NEUTRAL,211.9499969482422,63.11699895957617,205.2028320418761,199.24837482021002,199.1896423588342,2.9884596183226217,0.02948570050144514,3.018826487076732,2.9884596183226217,0.02948570050144514,3.018826487076732,0.35892841297987843,-2.7897426983046754,3.148671111284554,1.4855726145886445,1.4855726145886445,0.9915849355483026,3.28804668007174,3.28804668007174,4.0,2.0,4.0,0.0,4.0,0.0,CGCL.BO
CURRENT,CGCL,BSE,2024-11-18,2024-11-19,2024-11-25,SHORT,193.6999969482422,198.54249687194823,184.01499710083007,198.54249687194823,STOP_LOSS,4,-2.439024390243893,-2.5890243902438934,NEUTRAL,NEUTRAL,189.1499938964844,39.51294245726242,194.21724847324265,197.7491347368955,198.82398570681391,-1.7860438521523883,-0.5406042767412267,-2.316992699444405,1.7860438521523883,0.5406042767412267,2.316992699444405,-1.2063713332174757,-0.22856840822495822,-0.9778029249925175,-0.5169457872293863,0.5169457872293863,0.13431148069110307,-2.609065166246736,2.609065166246736,2.0,2.0,1.0,0.0,2.0,0.0,CGCL.BO
CURRENT,CGCL,BSE,2024-11-27,2024-11-28,2024-12-05,LONG,211.1999969482422,205.9199970245361,221.7599967956543,205.9199970245361,STOP_LOSS,6,-2.5000000000000133,-2.650000000000013,NEUTRAL,NEUTRAL,213.3999938964844,63.11393036033433,203.43635368902508,199.30429851966002,198.9037259593284,2.0732393631527524,0.2013901742662848,2.2788048377854477,2.0732393631527524,0.2013901742662848,2.2788048377854477,0.564763955750351,-0.9455219123735926,1.5102858681239435,0.7077253567572966,0.7077253567572966,0.8452622580676791,4.897669480789969,4.897669480789969,1.0,1.0,1.0,1.0,1.0,1.0,CGCL.BO
CURRENT,CGCL,BSE,2025-04-07,2025-04-08,2025-04-08,SHORT,164.9499969482422,169.07374687194823,156.70249710083007,156.70249710083007,TARGET,1,5.263157894736836,5.113157894736836,NEUTRAL,NEUTRAL,151.89999389648438,39.81338806455668,162.59892000445893,166.02201698067256,167.1666904127741,-2.0618331462700685,-0.6847497125623961,-2.732464462289864,2.0618331462700685,0.6847497125623961,2.732464462289864,-1.2683256772650395,-0.4491577332324279,-0.8191679440326116,-0.5392810908148238,0.5392810908148238,0.36018958255656214,-6.579949059736166,6.579949059736166,1.0,1.0,0.0,0.0,1.0,0.0,CGCL.BO
CURRENT,CGCL,BSE,2025-06-10,2025-06-11,2025-06-12,LONG,178.25,173.79375,187.1625,173.79375,STOP_LOSS,2,-2.500000000000002,-2.650000000000002,NEUTRAL,NEUTRAL,178.75,66.97250024498238,167.81585790070733,161.99978939088095,161.6359273216068,3.590170414230038,0.22511212408252063,3.823364447190214,3.590170414230038,0.22511212408252063,3.823364447190214,0.585516661830809,-1.768921756520721,2.35443841835153,1.3171683459309258,1.3171683459309258,5.194411654676324,6.515559516289661,6.515559516289661,1.0,1.0,1.0,1.0,1.0,1.0,CGCL.BO
CURRENT,CGCL,BSE,2025-07-10,2025-07-11,2025-07-11,LONG,177.8000030517578,173.35500297546386,186.6900032043457,173.35500297546386,STOP_LOSS,1,-2.500000000000002,-2.650000000000002,BULL,BULL,177.8000030517578,61.048861790753655,171.05659793253392,169.65764874590695,168.5019797641217,0.8245718344960351,0.6858489042105161,1.516076055597871,0.8245718344960351,0.6858489042105161,1.516076055597871,1.240056753576937,1.1872571717928422,0.05279958178409472,0.0296960522372571,0.0296960522372571,1.7599876889656387,3.9422069658391936,3.9422069658391936,0.0,0.0,0.0,0.0,0.0,0.0,CGCL.BO
CURRENT,CGCL,BSE,2025-07-16,2025-07-17,2025-07-28,LONG,183.1499938964844,178.57124404907228,192.30749359130863,178.57124404907228,STOP_LOSS,8,-2.5000000000000133,-2.650000000000013,BULL,BULL,180.9499969482422,63.5176215797985,176.9821645917925,173.48186532005835,170.9723243269279,2.017674449877752,1.4678053907320066,3.5150953749524865,2.017674449877752,1.4678053907320066,3.5150953749524865,2.790142133431573,1.8397862628191501,0.9503558706124227,0.5252035847694745,0.5252035847694745,0.8215200167071699,2.2419391047688078,2.2419391047688078,4.0,4.0,4.0,0.0,4.0,0.0,CGCL.BO
CURRENT,CGCL,BSE,2026-01-19,2026-01-20,2026-01-20,SHORT,175.64999389648438,180.04124374389647,166.86749420166015,180.04124374389647,STOP_LOSS,1,-2.439024390243893,-2.5890243902438934,BULL,BULL,178.0,38.99615334967665,180.1864735374199,181.7510921877949,182.98514081022634,-0.8608579082200931,-0.6743982691530459,-1.5294505665402356,0.8608579082200931,0.6743982691530459,1.5294505665402356,-1.3308451721302959,-1.1103147026034543,-0.22053046952684152,-0.12389352220609075,0.12389352220609075,0.05709126073069977,-1.2134504297104267,1.2134504297104267,3.0,4.0,1.0,0.0,4.0,0.0,CGCL.BO
CURRENT,CGCL,BSE,2026-08-26,2026-08-27,2026-08-27,LONG,258.70001220703125,252.23251190185547,271.6350128173828,252.23251190185547,STOP_LOSS,1,-2.500000000000002,-2.650000000000002,NEUTRAL,NEUTRAL,256.1499938964844,67.52368586139539,240.16840860869073,234.4634083349592,233.45536943386168,2.4332156195482897,0.4317908401687521,2.8755128618838066,2.4332156195482897,0.4317908401687521,2.8755128618838066,1.2254793034233273,-0.7950623844256292,2.0205416878489566,0.7888119211376988,0.7888119211376988,3.8844910694862915,6.654324513526105,6.654324513526105,1.0,1.0,1.0,0.0,1.0,0.0,CGCL.BO
CURRENT,CGCL,BSE,2026-08-28,2026-08-31,2026-08-31,LONG,258.0,251.55,270.90000000000003,251.55,STOP_LOSS,1,-2.500000000000002,-2.650000000000002,NEUTRAL,NEUTRAL,257.6499938964844,63.9822047147246,247.00262333563342,239.0292375310893,236.01880029353333,3.335736618206403,1.2755073891621926,4.6537915744168075,3.335736618206403,1.2755073891621926,4.6537915744168075,3.500030898072623,0.5005984694314144,2.999432428641209,1.1641500095848192,1.1641500095848192,11.593514559409988,4.310630558114779,4.310630558114779,3.0,3.0,3.0,0.0,3.0,0.0,CGCL.BO
EMA_MACD,CGCL,BSE,2024-11-05,2024-11-06,2024-11-11,LONG,210.8000030517578,205.53000297546387,221.3400032043457,205.53000297546387,STOP_LOSS,4,-2.500000000000002,-2.650000000000002,NEUTRAL,NEUTRAL,211.9499969482422,63.11699895957617,205.2028320418761,199.24837482021002,199.1896423588342,2.9884596183226217,0.02948570050144514,3.018826487076732,2.9884596183226217,0.02948570050144514,3.018826487076732,0.35892841297987843,-2.7897426983046754,3.148671111284554,1.4855726145886445,1.4855726145886445,0.9915849355483026,3.28804668007174,3.28804668007174,4.0,2.0,4.0,0.0,4.0,0.0,CGCL.BO
EMA_MACD,CGCL,BSE,2024-11-14,2024-11-18,2024-11-19,SHORT,187.9499969482422,192.64874687194825,178.55249710083007,192.64874687194825,STOP_LOSS,2,-2.439024390243893,-2.5890243902438934,NEUTRAL,NEUTRAL,191.5,41.5152897551598,196.75087576162178,199.18232487696403,199.59790505164028,-1.2207153003381024,-0.2082086856416309,-1.426382350697473,1.2207153003381024,0.2082086856416309,1.426382350697473,-0.44072331856889946,0.015882323023171163,-0.4566056415920706,-0.2384363663666165,0.2384363663666165,0.14906666148924283,-2.6687940987788075,2.6687940987788075,1.0,1.0,0.0,,1.0,0.0,CGCL.BO
EMA_MACD,CGCL,BSE,2024-11-27,2024-11-28,2024-12-05,LONG,211.1999969482422,205.9199970245361,221.7599967956543,205.9199970245361,STOP_LOSS,6,-2.5000000000000133,-2.650000000000013,NEUTRAL,NEUTRAL,213.3999938964844,63.11393036033433,203.43635368902508,199.30429851966002,198.9037259593284,2.0732393631527524,0.2013901742662848,2.2788048377854477,2.0732393631527524,0.2013901742662848,2.2788048377854477,0.564763955750351,-0.9455219123735926,1.5102858681239435,0.7077253567572966,0.7077253567572966,0.8452622580676791,4.897669480789969,4.897669480789969,1.0,1.0,1.0,1.0,1.0,1.0,CGCL.BO
EMA_MACD,CGCL,BSE,2024-12-18,2024-12-19,2024-12-30,SHORT,192.3500061035156,197.15875625610343,182.73250579833984,182.73250579833984,TARGET,7,5.263157894736836,5.113157894736836,NEUTRAL,NEUTRAL,196.1000061035156,40.99718419965225,199.3360748947576,202.1203133021549,202.21201345368476,-1.3775153827488287,-0.045348518104176304,-1.4222392180402714,1.3775153827488287,0.045348518104176304,1.4222392180402714,-0.21413799583146442,1.1334200174329785,-1.347558013264443,-0.6871789756870815,0.6871789756870815,0.12004214921899256,-1.6234235538903437,1.6234235538903437,3.0,1.0,4.0,19.0,19.0,1.0,CGCL.BO
EMA_MACD,CGCL,BSE,2025-04-07,2025-04-08,2025-04-08,SHORT,164.9499969482422,169.07374687194823,156.70249710083007,156.70249710083007,TARGET,1,5.263157894736836,5.113157894736836,NEUTRAL,NEUTRAL,151.89999389648438,39.81338806455668,162.59892000445893,166.02201698067256,167.1666904127741,-2.0618331462700685,-0.6847497125623961,-2.732464462289864,2.0618331462700685,0.6847497125623961,2.732464462289864,-1.2683256772650395,-0.4491577332324279,-0.8191679440326116,-0.5392810908148238,0.5392810908148238,0.36018958255656214,-6.579949059736166,6.579949059736166,1.0,1.0,0.0,0.0,1.0,0.0,CGCL.BO
EMA_MACD,CGCL,BSE,2025-05-08,2025-05-09,2025-05-09,SHORT,160.0,164.0,152.0,164.0,STOP_LOSS,1,-2.4390243902439046,-2.5890243902439045,NEUTRAL,NEUTRAL,160.8000030517578,46.06609560314104,163.3854830575424,164.03015380063454,164.55800877254603,-0.3930196541031685,-0.32077136558032987,-0.7125303251720325,0.3930196541031685,0.32077136558032987,0.7125303251720325,-0.5591026083097574,-0.5446655349775771,-0.014437073332180361,-0.008978279265040436,0.008978279265040436,0.43047829827835676,-1.5824416939624923,1.5824416939624923,0.0,1.0,0.0,19.0,19.0,0.0,CGCL.BO
EMA_MACD,CGCL,BSE,2025-05-14,2025-05-15,2025-05-19,LONG,169.10000610351562,164.87250595092772,177.5550064086914,164.87250595092772,STOP_LOSS,3,-2.5000000000000133,-2.650000000000013,NEUTRAL,NEUTRAL,168.89999389648438,54.32151974524561,166.75639141366196,165.44697218522936,165.19039694241326,0.7914434523265963,0.15532091911223017,0.9479936486832338,0.7914434523265963,0.15532091911223017,0.9479936486832338,0.3371754649450054,-0.24742500630414982,0.5846004712491553,0.34612225717867456,0.34612225717867456,0.42210377076572453,1.285469459161489,1.285469459161489,2.0,1.0,2.0,30.0,30.0,1.0,CGCL.BO
EMA_MACD,CGCL,BSE,2025-05-21,2025-05-22,2025-05-30,SHORT,163.0,167.075,154.85,154.85,TARGET,7,5.263157894736836,5.113157894736836,NEUTRAL,NEUTRAL,161.8000030517578,45.449879840881735,163.96668678352415,164.8147536957847,164.9743288184678,-0.5145576431985647,-0.09672724467252432,-0.6107871704405712,0.5145576431985647,0.09672724467252432,0.6107871704405712,-0.18134188835583132,0.04538917610782166,-0.226731064463653,-0.14013044510952483,0.14013044510952483,0.8059575822607392,-1.321417035538987,1.321417035538987,1.0,1.0,0.0,28.0,28.0,0.0,CGCL.BO
EMA_MACD,CGCL,BSE,2025-06-10,2025-06-11,2025-06-12,LONG,178.25,173.79375,187.1625,173.79375,STOP_LOSS,2,-2.500000000000002,-2.650000000000002,NEUTRAL,NEUTRAL,178.75,66.97250024498238,167.81585790070733,161.99978939088095,161.6359273216068,3.590170414230038,0.22511212408252063,3.823364447190214,3.590170414230038,0.22511212408252063,3.823364447190214,0.585516661830809,-1.768921756520721,2.35443841835153,1.3171683459309258,1.3171683459309258,5.194411654676324,6.515559516289661,6.515559516289661,1.0,1.0,1.0,1.0,1.0,1.0,CGCL.BO
EMA_MACD,CGCL,BSE,2025-07-10,2025-07-11,2025-07-11,LONG,177.8000030517578,173.35500297546386,186.6900032043457,173.35500297546386,STOP_LOSS,1,-2.500000000000002,-2.650000000000002,BULL,BULL,177.8000030517578,61.048861790753655,171.05659793253392,169.65764874590695,168.5019797641217,0.8245718344960351,0.6858489042105161,1.516076055597871,0.8245718344960351,0.6858489042105161,1.516076055597871,1.240056753576937,1.1872571717928422,0.05279958178409472,0.0296960522372571,0.0296960522372571,1.7599876889656387,3.9422069658391936,3.9422069658391936,0.0,0.0,0.0,0.0,0.0,0.0,CGCL.BO
EMA_MACD,CGCL,BSE,2025-10-15,2025-10-16,2025-10-17,LONG,195.9499969482422,191.0512470245361,205.7474967956543,191.0512470245361,STOP_LOSS,2,-2.500000000000002,-2.650000000000002,BULL,BULL,193.8999938964844,59.361718607350014,189.85798534893755,189.13815737671803,188.4992342306566,0.38058315794300257,0.3389526480938373,0.7208258027288867,0.38058315794300257,0.3389526480938373,0.7208258027288867,0.6873953742029357,0.6195565856394522,0.06783878856348358,0.03498648308349099,0.03498648308349099,2.255608941616967,2.128964204543781,2.128964204543781,0.0,0.0,0.0,40.0,40.0,0.0,CGCL.BO
EMA_MACD,CGCL,BSE,2026-01-16,2026-01-19,2026-01-21,SHORT,178.4499969482422,182.91124687194824,169.52749710083006,169.52749710083006,TARGET,3,5.2631578947368585,5.113157894736858,BULL,BULL,179.89999389648438,42.21601931170194,181.2797103061298,182.37627421909406,183.38395207504445,-0.6012645656128066,-0.549490751261609,-1.14745142369576,0.6012645656128066,0.549490751261609,1.14745142369576,-1.065239048203665,-1.055182085221744,-0.010056962981921158,-0.005590307572610592,0.005590307572610592,0.049693387612712026,-0.7610980883163798,0.7610980883163798,2.0,3.0,0.0,27.0,27.0,0.0,CGCL.BO
EMA_MACD,CGCL,BSE,2026-02-24,2026-02-25,2026-02-27,SHORT,168.8000030517578,173.02000312805174,160.36000289916993,160.36000289916993,TARGET,3,5.263157894736836,5.113157894736836,NEUTRAL,NEUTRAL,168.5500030517578,40.33428867842536,172.03139206641188,173.68831764593176,175.0357441147508,-0.9539648964172509,-0.7698007487748816,-1.716422016276463,0.9539648964172509,0.7698007487748816,1.716422016276463,-1.455716959231097,-1.239000343371273,-0.21671661585982394,-0.12857704653572463,0.12857704653572463,0.08808586320659237,-2.02369403213926,2.02369403213926,3.0,3.0,0.0,16.0,16.0,0.0,CGCL.BO
EMA_MACD,CGCL,BSE,2026-08-26,2026-08-27,2026-08-27,LONG,258.70001220703125,252.23251190185547,271.6350128173828,252.23251190185547,STOP_LOSS,1,-2.500000000000002,-2.650000000000002,NEUTRAL,NEUTRAL,256.1499938964844,67.52368586139539,240.16840860869073,234.4634083349592,233.45536943386168,2.4332156195482897,0.4317908401687521,2.8755128618838066,2.4332156195482897,0.4317908401687521,2.8755128618838066,1.2254793034233273,-0.7950623844256292,2.0205416878489566,0.7888119211376988,0.7888119211376988,3.8844910694862915,6.654324513526105,6.654324513526105,1.0,1.0,1.0,0.0,1.0,0.0,CGCL.BO
CURRENT,COALINDIA,BSE,2025-05-14,2025-05-15,2025-05-29,LONG,403.25,393.16875,423.4125,398.2999877929688,TIME_EXIT,11,-1.2275293755812045,-1.3775293755812044,NEUTRAL,NEUTRAL,403.0,60.68016760963485,394.5911992065479,391.3205702439393,390.4226320597425,0.8357927518529845,0.22999132490336438,1.067706327579782,0.8357927518529845,0.22999132490336438,1.067706327579782,1.0046414916058666,0.16761639162769854,0.8370250999781681,0.20769853597473154,0.20769853597473154,1.232735841244269,2.1310157982136135,2.1310157982136135,1.0,1.0,0.0,0.0,1.0,0.0,COALINDIA.BO
CURRENT,COALINDIA,BSE,2025-08-22,2025-08-25,2025-09-03,SHORT,379.75,389.24375,360.7625,389.24375,STOP_LOSS,7,-2.439024390243893,-2.5890243902438934,NEUTRAL,NEUTRAL,374.3500061035156,38.94326723897385,379.9825100950193,381.5748713662769,382.6671441461933,-0.41731292879847665,-0.28543678144970924,-0.70155854565565,0.41731292879847665,0.28543678144970924,0.70155854565565,-1.162586636195499,-1.0821844288584925,-0.08040220733700654,-0.02147781648887529,0.02147781648887529,0.5555375509514063,-1.4823061172197578,1.4823061172197578,0.0,1.0,0.0,0.0,1.0,0.0,COALINDIA.BO
CURRENT,COALINDIA,BSE,2025-09-05,2025-09-08,2025-09-22,LONG,393.2000122070313,383.3700119018555,412.8600128173829,394.6499938964844,TIME_EXIT,11,0.368764406011679,0.218764406011679,NEUTRAL,NEUTRAL,392.7000122070313,61.912623495175495,387.5180511654251,383.4214139127704,382.70188263389997,1.0684424771295413,0.18801351953597195,1.258464812970982,1.0684424771295413,0.18801351953597195,1.258464812970982,0.9384285080718087,-0.8032057203017661,1.7416342283735746,0.4435024635179756,0.4435024635179756,1.1405533202405438,1.3372179763037946,1.3372179763037946,2.0,2.0,2.0,1.0,2.0,1.0,COALINDIA.BO
CURRENT,COALINDIA,BSE,2025-10-24,2025-10-27,2025-10-29,LONG,395.9500122070313,386.0512619018555,415.74751281738287,386.0512619018555,STOP_LOSS,3,-2.500000000000002,-2.650000000000002,BULL,BULL,394.1000061035156,61.8451021991183,391.2565542236264,388.70709518095475,388.0136086817849,0.6558817871551276,0.17872736513697954,0.8357813925287028,0.6558817871551276,0.17872736513697954,0.8357813925287028,0.8287061249768044,-0.18958083271596385,1.0182869576927682,0.2583828830049045,0.2583828830049045,0.314028239753664,0.7267486893686751,0.7267486893686751,4.0,3.0,3.0,0.0,4.0,0.0,COALINDIA.BO
CURRENT,COALINDIA,BSE,2025-11-04,2025-11-06,2025-11-17,SHORT,378.2000122070313,387.6550125122071,359.29001159667973,387.6550125122071,STOP_LOSS,8,-2.439024390243893,-2.5890243902438934,BULL,BULL,377.7000122070313,38.24773747167278,384.9661836824754,387.1394345975246,387.5609711154859,-0.5613612876478342,-0.10876650369309726,-0.6695172182952704,0.5613612876478342,0.10876650369309726,0.6695172182952704,-0.5163769810206418,0.24310736395169946,-0.7594843449723412,-0.20108136627648288,0.20108136627648288,0.9521695437691409,-1.8874830526510105,1.8874830526510105,3.0,0.0,1.0,0.0,3.0,0.0,COALINDIA.BO
CURRENT,COALINDIA,BSE,2025-11-24,2025-11-25,2025-12-09,SHORT,372.7999877929688,382.11998748779297,354.1599884033204,379.1000061035156,TIME_EXIT,11,-1.6618354547919931,-1.8118354547919933,BULL,BULL,372.75,37.29217098129022,378.05950592907965,381.16609163554244,383.2383443496233,-0.8150215285763672,-0.5407216539351145,-1.3513361846222365,0.8150215285763672,0.5407216539351145,1.3513361846222365,-2.3164171900220936,-1.4609339687834393,-0.8554832212386543,-0.2295058943631534,0.2295058943631534,0.6999373238761278,-1.4044101115858891,1.4044101115858891,3.0,4.0,3.0,0.0,4.0,0.0,COALINDIA.BO
CURRENT,COALINDIA,BSE,2026-04-28,2026-04-29,2026-05-07,LONG,472.25,460.44375,495.8625,460.44375,STOP_LOSS,6,-2.500000000000002,-2.650000000000002,BEAR,BEAR,466.9500122070313,62.97700724830223,455.5944480874552,449.81837526444417,447.50644633864147,1.2840900106882738,0.5166247200946907,1.8073486572064466,1.2840900106882738,0.5166247200946907,1.8073486572064466,2.6118925740599366,0.833677646748339,1.7782149273115975,0.38081483688305195,0.38081483688305195,2.7032593847651096,2.492472014803025,2.492472014803025,3.0,3.0,2.0,0.0,3.0,0.0,COALINDIA.BO
CURRENT,COALINDIA,BSE,2026-06-01,2026-06-02,2026-06-09,LONG,470.9500122070313,459.1762619018555,494.49751281738287,459.1762619018555,STOP_LOSS,6,-2.500000000000002,-2.650000000000002,BEAR,BEAR,472.5,60.24943921385853,464.0350743141429,461.8375147930837,460.0131253599524,0.4758295830609948,0.39659508230416674,0.8743117820917299,0.4758295830609948,0.39659508230416674,0.8743117820917299,1.947867364067406,1.8096088305532696,0.13825853351413642,0.029261065293997125,0.029261065293997125,2.5140740884886923,1.8241995388750543,1.8241995388750543,0.0,3.0,0.0,0.0,3.0,0.0,COALINDIA.BO
CURRENT,COALINDIA,BSE,2026-06-12,2026-06-15,2026-06-17,SHORT,448.0,459.19999999999993,425.6,459.19999999999993,STOP_LOSS,3,-2.4390243902438824,-2.5890243902438823,BEAR,BEAR,443.7000122070313,37.742622146160365,452.8824873161492,459.6908974258317,460.6439368178714,-1.481084386879986,-0.20689285495068577,-1.6849129840584267,1.481084386879986,0.20689285495068577,1.6849129840584267,-1.2973715326788238,1.634558571797747,-2.931930104476571,-0.660791080417759,0.660791080417759,0.5006825224312424,-2.027562417689109,2.027562417689109,2.0,2.0,2.0,1.0,2.0,1.0,COALINDIA.BO
EMA_MACD,COALINDIA,BSE,2025-04-21,2025-04-22,2025-04-25,LONG,403.0,392.925,423.15,392.925,STOP_LOSS,4,-2.500000000000002,-2.650000000000002,NEUTRAL,NEUTRAL,400.5499877929688,58.801088165143746,396.4963811934132,393.0476291036959,389.7093449294962,0.8774387209972001,0.8566087053426076,1.7415636428079169,0.8774387209972001,0.8566087053426076,1.7415636428079169,3.6011330486890074,3.340392744715195,0.26074030397381254,0.0650955715691048,0.0650955715691048,0.7980962875557962,1.0223565187038237,1.0223565187038237,2.0,3.0,0.0,13.0,13.0,0.0,COALINDIA.BO
EMA_MACD,COALINDIA,BSE,2025-05-14,2025-05-15,2025-05-29,LONG,403.25,393.16875,423.4125,398.2999877929688,TIME_EXIT,11,-1.2275293755812045,-1.3775293755812044,NEUTRAL,NEUTRAL,403.0,60.68016760963485,394.5911992065479,391.3205702439393,390.4226320597425,0.8357927518529845,0.22999132490336438,1.067706327579782,0.8357927518529845,0.22999132490336438,1.067706327579782,1.0046414916058666,0.16761639162769854,0.8370250999781681,0.20769853597473154,0.20769853597473154,1.232735841244269,2.1310157982136135,2.1310157982136135,1.0,1.0,0.0,0.0,1.0,0.0,COALINDIA.BO
EMA_MACD,COALINDIA,BSE,2025-08-22,2025-08-25,2025-09-03,SHORT,379.75,389.24375,360.7625,389.24375,STOP_LOSS,7,-2.439024390243893,-2.5890243902438934,NEUTRAL,NEUTRAL,374.3500061035156,38.94326723897385,379.9825100950193,381.5748713662769,382.6671441461933,-0.41731292879847665,-0.28543678144970924,-0.70155854565565,0.41731292879847665,0.28543678144970924,0.70155854565565,-1.162586636195499,-1.0821844288584925,-0.08040220733700654,-0.02147781648887529,0.02147781648887529,0.5555375509514063,-1.4823061172197578,1.4823061172197578,0.0,1.0,0.0,0.0,1.0,0.0,COALINDIA.BO
EMA_MACD,COALINDIA,BSE,2025-09-05,2025-09-08,2025-09-22,LONG,393.2000122070313,383.3700119018555,412.8600128173829,394.6499938964844,TIME_EXIT,11,0.368764406011679,0.218764406011679,NEUTRAL,NEUTRAL,392.7000122070313,61.912623495175495,387.5180511654251,383.4214139127704,382.70188263389997,1.0684424771295413,0.18801351953597195,1.258464812970982,1.0684424771295413,0.18801351953597195,1.258464812970982,0.9384285080718087,-0.8032057203017661,1.7416342283735746,0.4435024635179756,0.4435024635179756,1.1405533202405438,1.3372179763037946,1.3372179763037946,2.0,2.0,2.0,1.0,2.0,1.0,COALINDIA.BO
EMA_MACD,COALINDIA,BSE,2025-10-23,2025-10-24,2025-10-29,LONG,392.5,382.6875,412.125,382.6875,STOP_LOSS,4,-2.500000000000002,-2.650000000000002,BULL,BULL,392.5,59.51570844151055,389.8348282836817,387.8082766938612,387.52669688804644,0.5225653271501114,0.07266075036273394,0.5956057774006882,0.5225653271501114,0.07266075036273394,0.5956057774006882,0.35967404657810675,-0.44415257213915593,0.8038266187172627,0.2047965907559905,0.2047965907559905,0.3926211208548052,0.6836669078676727,0.6836669078676727,3.0,2.0,2.0,28.0,28.0,2.0,COALINDIA.BO
EMA_MACD,COALINDIA,BSE,2025-11-04,2025-11-06,2025-11-17,SHORT,378.2000122070313,387.6550125122071,359.29001159667973,387.6550125122071,STOP_LOSS,8,-2.439024390243893,-2.5890243902438934,BULL,BULL,377.7000122070313,38.24773747167278,384.9661836824754,387.1394345975246,387.5609711154859,-0.5613612876478342,-0.10876650369309726,-0.6695172182952704,0.5613612876478342,0.10876650369309726,0.6695172182952704,-0.5163769810206418,0.24310736395169946,-0.7594843449723412,-0.20108136627648288,0.20108136627648288,0.9521695437691409,-1.8874830526510105,1.8874830526510105,3.0,0.0,1.0,0.0,3.0,0.0,COALINDIA.BO
EMA_MACD,COALINDIA,BSE,2025-11-19,2025-11-20,2025-12-04,SHORT,379.7999877929688,389.294987487793,360.8099884033204,379.0499877929688,TIME_EXIT,11,0.1978630851215523,0.0478630851215523,BULL,BULL,379.25,43.41897003274043,383.14458098476484,383.9061076290999,384.9397327881339,-0.19836273224149298,-0.26851610031196316,-0.466346196680369,0.19836273224149298,0.26851610031196316,0.466346196680369,-1.1248020885488472,-1.0843265000727929,-0.04047558847605437,-0.010672534865142878,0.010672534865142878,0.9264735745079138,-1.0164781594339463,1.0164781594339463,0.0,1.0,0.0,10.0,10.0,0.0,COALINDIA.BO
EMA_MACD,COALINDIA,BSE,2026-02-25,2026-02-26,2026-02-27,LONG,439.7999877929688,428.8049880981446,461.78998718261727,428.8049880981446,STOP_LOSS,2,-2.500000000000002,-2.650000000000002,NEUTRAL,NEUTRAL,438.4500122070313,59.49882810969409,429.47610423679316,426.24803891045826,424.3641253547006,0.7573208628915282,0.44393798702541304,1.2046208849109854,0.7573208628915282,0.44393798702541304,1.2046208849109854,1.992017121459753,1.6843467405242283,0.3076703809355248,0.07017228244259831,0.07017228244259831,0.45401928686077425,2.0895011111701685,2.0895011111701685,1.0,1.0,0.0,20.0,20.0,0.0,COALINDIA.BO
EMA_MACD,COALINDIA,BSE,2026-04-24,2026-04-27,2026-04-29,LONG,459.7000122070313,448.2075119018555,482.68501281738287,482.68501281738287,TARGET,3,5.000000000000004,4.850000000000004,BEAR,BEAR,455.8500061035156,57.597760622776846,448.4250020932584,445.9736205313788,445.39503844298514,0.5496696326923489,0.1299031283366493,0.6802867990773822,0.5496696326923489,0.1299031283366493,0.6802867990773822,0.6008218309080462,0.2096364916009374,0.3911853393071088,0.08581448592067746,0.08581448592067746,0.9721756431589573,1.6557961700612438,1.6557961700612438,1.0,1.0,0.0,21.0,21.0,0.0,COALINDIA.BO
EMA_MACD,COALINDIA,BSE,2026-06-01,2026-06-02,2026-06-09,LONG,470.9500122070313,459.1762619018555,494.49751281738287,459.1762619018555,STOP_LOSS,6,-2.500000000000002,-2.650000000000002,BEAR,BEAR,472.5,60.24943921385853,464.0350743141429,461.8375147930837,460.0131253599524,0.4758295830609948,0.39659508230416674,0.8743117820917299,0.4758295830609948,0.39659508230416674,0.8743117820917299,1.947867364067406,1.8096088305532696,0.13825853351413642,0.029261065293997125,0.029261065293997125,2.5140740884886923,1.8241995388750543,1.8241995388750543,0.0,3.0,0.0,0.0,3.0,0.0,COALINDIA.BO
EMA_MACD,COALINDIA,BSE,2026-06-12,2026-06-15,2026-06-17,SHORT,448.0,459.19999999999993,425.6,459.19999999999993,STOP_LOSS,3,-2.4390243902438824,-2.5890243902438823,BEAR,BEAR,443.7000122070313,37.742622146160365,452.8824873161492,459.6908974258317,460.6439368178714,-1.481084386879986,-0.20689285495068577,-1.6849129840584267,1.481084386879986,0.20689285495068577,1.6849129840584267,-1.2973715326788238,1.634558571797747,-2.931930104476571,-0.660791080417759,0.660791080417759,0.5006825224312424,-2.027562417689109,2.027562417689109,2.0,2.0,2.0,1.0,2.0,1.0,COALINDIA.BO
CURRENT,CUPID,BSE,2025-02-12,2025-02-13,2025-02-13,SHORT,14.199999809265137,14.554999804496765,13.48999981880188,14.554999804496765,STOP_LOSS,1,-2.439024390243893,-2.5890243902438934,NEUTRAL,NEUTRAL,13.793999671936035,39.104564079997616,14.29765225593123,14.496014455069037,14.64325761980042,-1.3683912895688626,-1.0055355751733932,-2.360167203518067,1.3683912895688626,1.0055355751733932,2.360167203518067,-0.1553085381117114,-0.1533224954845907,-0.00198604262712071,-0.014397873527294075,0.014397873527294075,1.4577920972920235,-3.522624379021803,3.522624379021803,1.0,1.0,0.0,0.0,1.0,0.0,CUPID.BO
CURRENT,CUPID,BSE,2025-04-17,2025-04-21,2025-04-21,LONG,14.961999893188477,14.587949895858763,15.7100998878479,14.587949895858763,STOP_LOSS,1,-2.500000000000002,-2.650000000000002,NEUTRAL,NEUTRAL,14.958000183105469,70.59641689507724,13.811001808736256,13.061238782671595,12.988761518065699,5.740366886633872,0.5579998101057516,6.330397933066415,5.740366886633872,0.5579998101057516,6.330397933066415,0.10895751420307498,-0.2253983942831283,0.3343559084862033,2.2352981975748762,2.2352981975748762,2.79568142926069,8.304961437653786,8.304961437653786,2.0,1.0,2.0,1.0,2.0,1.0,CUPID.BO
CURRENT,CUPID,BSE,2025-06-27,2025-06-30,2025-07-11,LONG,21.39999961853028,20.864999628067014,22.46999959945679,22.46999959945679,TARGET,10,5.000000000000004,4.850000000000004,BULL,BULL,21.399999618530277,65.98504002126299,20.381974591315874,19.845920801931804,19.546029983256112,2.7010779430898992,1.5342799480640836,4.276799988416393,2.7010779430898992,1.5342799480640836,4.276799988416393,0.3177115891165272,0.25574833256646956,0.06196325655005763,0.28954793296539877,0.28954793296539877,1.6149492401277643,4.994732098469751,4.994732098469751,2.0,2.0,0.0,2.0,2.0,0.0,CUPID.BO
CURRENT,CUPID,BSE,2026-03-02,2026-03-04,2026-03-04,SHORT,75.01000213623047,76.88525218963622,71.25950202941894,76.88525218963622,STOP_LOSS,1,-2.439024390243893,-2.5890243902438934,BEAR,BEAR,76.75,37.951099562825526,80.70053153316223,82.45754209198027,83.12613443706636,-2.1308063692440853,-0.8043106414292182,-2.917978708297222,2.1308063692440853,0.8043106414292182,2.917978708297222,-0.7795279100222814,-0.15115558813847244,-0.628372321883809,-0.8187261522916078,0.8187261522916078,1.4887068583239758,-4.8952980334941705,4.8952980334941705,4.0,3.0,4.0,0.0,4.0,0.0,CUPID.BO
CURRENT,CUPID,BSE,2026-03-10,2026-03-11,2026-03-11,LONG,91.9499969482422,89.65124702453615,96.54749679565433,89.65124702453615,STOP_LOSS,1,-2.500000000000002,-2.650000000000002,BEAR,BEAR,92.8000030517578,63.25588846027697,86.83513262122099,84.19912519640705,83.72847084981478,3.1306826747487677,0.5621198402589844,3.710400703458065,3.1306826747487677,0.5621198402589844,3.710400703458065,0.5804132819298218,-0.3448933342898421,0.9253066162196639,0.9970976139985557,0.9970976139985557,1.803759612922429,6.869190211933983,6.869190211933983,1.0,1.0,1.0,1.0,1.0,1.0,CUPID.BO
CURRENT,CUPID,BSE,2026-04-06,2026-04-07,2026-04-07,LONG,88.29000091552734,86.08275089263915,92.70450096130372,86.08275089263915,STOP_LOSS,1,-2.500000000000002,-2.650000000000002,BEAR,BEAR,88.55000305175781,60.28671396233046,86.16896467179929,83.83254148725719,83.09831615397,2.78701223068281,0.8835622275748212,3.6951994456058355,2.78701223068281,0.8835622275748212,3.6951994456058355,0.8818941613316014,-0.0886728502292301,0.9705670115608315,1.0960666043043854,1.0960666043043854,0.5886604007109948,2.763220364811663,2.763220364811663,4.0,3.0,4.0,0.0,4.0,0.0,CUPID.BO
EMA_MACD,CUPID,BSE,2025-02-12,2025-02-13,2025-02-13,SHORT,14.199999809265137,14.554999804496765,13.48999981880188,14.554999804496765,STOP_LOSS,1,-2.439024390243893,-2.5890243902438934,NEUTRAL,NEUTRAL,13.793999671936035,39.104564079997616,14.29765225593123,14.496014455069037,14.64325761980042,-1.3683912895688626,-1.0055355751733932,-2.360167203518067,1.3683912895688626,1.0055355751733932,2.360167203518067,-0.1553085381117114,-0.1533224954845907,-0.00198604262712071,-0.014397873527294075,0.014397873527294075,1.4577920972920235,-3.522624379021803,3.522624379021803,1.0,1.0,0.0,0.0,1.0,0.0,CUPID.BO
EMA_MACD,CUPID,BSE,2025-02-14,2025-02-17,2025-02-17,SHORT,13.579999923706056,13.919499921798709,12.900999927520752,13.919499921798709,STOP_LOSS,1,-2.439024390243893,-2.5890243902438934,NEUTRAL,NEUTRAL,13.855999946594238,42.454815648995314,14.234956640419577,14.426867810396953,14.587325146773752,-1.3302344798575862,-1.0999777873072734,-2.4155799833673237,1.3302344798575862,1.0999777873072734,2.4155799833673237,-0.1718585941184987,-0.15308106137877472,-0.018777532739723962,-0.13551914558385533,0.13551914558385533,1.313640112788445,-2.662155589215544,2.662155589215544,3.0,3.0,0.0,2.0,3.0,0.0,CUPID.BO
EMA_MACD,CUPID,BSE,2025-04-17,2025-04-21,2025-04-21,LONG,14.961999893188477,14.587949895858763,15.7100998878479,14.587949895858763,STOP_LOSS,1,-2.500000000000002,-2.650000000000002,NEUTRAL,NEUTRAL,14.958000183105469,70.59641689507724,13.811001808736256,13.061238782671595,12.988761518065699,5.740366886633872,0.5579998101057516,6.330397933066415,5.740366886633872,0.5579998101057516,6.330397933066415,0.10895751420307498,-0.2253983942831283,0.3343559084862033,2.2352981975748762,2.2352981975748762,2.79568142926069,8.304961437653786,8.304961437653786,2.0,1.0,2.0,1.0,2.0,1.0,CUPID.BO
EMA_MACD,CUPID,BSE,2025-06-27,2025-06-30,2025-07-11,LONG,21.39999961853028,20.864999628067014,22.46999959945679,22.46999959945679,TARGET,10,5.000000000000004,4.850000000000004,BULL,BULL,21.399999618530277,65.98504002126299,20.381974591315874,19.845920801931804,19.546029983256112,2.7010779430898992,1.5342799480640836,4.276799988416393,2.7010779430898992,1.5342799480640836,4.276799988416393,0.3177115891165272,0.25574833256646956,0.06196325655005763,0.28954793296539877,0.28954793296539877,1.6149492401277643,4.994732098469751,4.994732098469751,2.0,2.0,0.0,2.0,2.0,0.0,CUPID.BO
EMA_MACD,CUPID,BSE,2026-02-10,2026-02-11,2026-02-13,LONG,87.27999877929688,85.09799880981446,91.64399871826171,85.09799880981446,STOP_LOSS,3,-2.500000000000002,-2.650000000000002,NEUTRAL,NEUTRAL,87.0,55.30478860203846,84.83565090278626,83.7529396668704,83.65013929376893,1.2927441594556146,0.12289324796035464,1.4172261027013422,1.2927441594556146,0.12289324796035464,1.4172261027013422,0.120589916675371,-0.27083194075972056,0.39142185743509156,0.44991018095987534,0.44991018095987534,0.28566740075157493,2.5512258987602823,2.5512258987602823,4.0,2.0,2.0,65.0,65.0,2.0,CUPID.BO
EMA_MACD,CUPID,BSE,2026-02-20,2026-02-23,2026-02-25,LONG,85.18000030517578,83.05050029754638,89.43900032043457,83.05050029754638,STOP_LOSS,3,-2.5000000000000133,-2.650000000000013,NEUTRAL,NEUTRAL,84.97000122070312,51.6889371307351,84.27713756377352,84.17205285200352,84.00184901171018,0.12484513352047008,0.20261915933494826,0.3277172530154281,0.12484513352047008,0.20261915933494826,0.3277172530154281,0.18470080816686618,0.14209067807254644,0.04261013009431974,0.05014726313071735,0.05014726313071735,0.49790417347364047,0.8221252844584392,0.8221252844584392,0.0,3.0,0.0,73.0,73.0,0.0,CUPID.BO
EMA_MACD,CUPID,BSE,2026-02-26,2026-02-27,2026-03-02,SHORT,82.69999694824219,84.76749687194824,78.56499710083007,78.56499710083007,TARGET,2,5.2631578947368585,5.113157894736858,NEUTRAL,NEUTRAL,82.87000274658203,48.08765851520358,83.34869503408765,83.75526532001957,83.82072306090981,-0.48542653930885454,-0.0780925509824967,-0.563140008323659,0.48542653930885454,0.0780925509824967,0.563140008323659,-0.08670270729621166,0.07543532588776561,-0.16213803318397726,-0.19565346664678931,0.19565346664678931,0.22999853231371556,-0.5743248737245971,0.5743248737245971,2.0,1.0,2.0,25.0,25.0,1.0,CUPID.BO
EMA_MACD,CUPID,BSE,2026-03-10,2026-03-11,2026-03-11,LONG,91.9499969482422,89.65124702453615,96.54749679565433,89.65124702453615,STOP_LOSS,1,-2.500000000000002,-2.650000000000002,BEAR,BEAR,92.8000030517578,63.25588846027697,86.83513262122099,84.19912519640705,83.72847084981478,3.1306826747487677,0.5621198402589844,3.710400703458065,3.1306826747487677,0.5621198402589844,3.710400703458065,0.5804132819298218,-0.3448933342898421,0.9253066162196639,0.9970976139985557,0.9970976139985557,1.803759612922429,6.869190211933983,6.869190211933983,1.0,1.0,1.0,1.0,1.0,1.0,CUPID.BO
EMA_MACD,CUPID,BSE,2026-03-13,2026-03-16,2026-03-16,SHORT,76.0,77.89999999999999,72.2,77.89999999999999,STOP_LOSS,1,-2.439024390243893,-2.5890243902438934,BEAR,BEAR,76.30000305175781,41.73067728227966,82.00670765726427,82.94842950476352,83.18512247105076,-1.135310039167374,-0.284537618333865,-1.4166172733550868,1.135310039167374,0.284537618333865,1.4166172733550868,-0.2687243446743679,-0.07271049343410527,-0.19601385124026263,-0.2568988773267773,0.2568988773267773,0.3938454350430747,-6.958826623496268,6.958826623496268,0.0,0.0,0.0,8.0,8.0,0.0,CUPID.BO
EMA_MACD,CUPID,BSE,2026-04-01,2026-04-02,2026-04-08,LONG,85.76000213623047,83.6160020828247,90.04800224304199,90.04800224304199,TARGET,4,5.000000000000004,4.850000000000004,BEAR,BEAR,86.69000244140625,57.629973899483446,83.6726700537847,82.28901481905427,82.2679559912875,1.6814580145028502,0.02559784974967629,1.7074862813486829,1.6814580145028502,0.02559784974967629,1.7074862813486829,0.07399065752800027,-0.5359326805308521,0.6099233380588523,0.7035682557179525,0.7035682557179525,1.0137764388232053,3.6061146198418346,3.6061146198418346,2.0,1.0,2.0,15.0,15.0,1.0,CUPID.BO
CURRENT,CUPID,NSE,2024-11-05,2024-11-06,2024-11-07,LONG,17.43600082397461,17.000100803375243,18.30780086517334,17.000100803375243,STOP_LOSS,2,-2.500000000000002,-2.650000000000002,NEUTRAL,NEUTRAL,17.277999877929688,68.93668868641845,16.531394278369063,16.021186585909426,16.019895951380672,3.1845811777035493,0.008056447636557619,3.1928941894551324,3.1845811777035493,0.008056447636557619,3.1928941894551324,0.025799284890712926,-0.23688859529132775,0.2626878801820407,1.5203604701814417,1.5203604701814417,1.505774655527829,4.516289352178477,4.516289352178477,3.0,2.0,4.0,2.0,4.0,2.0,CUPID.NS
CURRENT,CUPID,NSE,2025-02-12,2025-02-13,2025-02-13,SHORT,14.029999732971191,14.38074972629547,13.328499746322631,14.38074972629547,STOP_LOSS,1,-2.439024390243893,-2.5890243902438934,NEUTRAL,NEUTRAL,13.826000213623049,39.51420761591291,14.30979502236544,14.50142975597386,14.644391978543196,-1.3214885485996655,-0.9762250476414644,-2.2848128940279864,1.3214885485996655,0.9762250476414644,2.2848128940279864,-0.1505406572670971,-0.15033965748699837,-0.0002009997800987151,-0.001453781115240153,0.001453781115240153,3.176490163468078,-3.380864701319945,3.380864701319945,1.0,1.0,0.0,0.0,1.0,0.0,CUPID.NS
CURRENT,CUPID,NSE,2025-04-17,2025-04-21,2025-04-21,LONG,15.187999725341797,14.808299732208251,15.947399711608888,14.808299732208251,STOP_LOSS,1,-2.500000000000002,-2.650000000000002,NEUTRAL,NEUTRAL,14.968000411987305,70.67238694663449,13.791048160372554,13.046281319810877,12.981362668209794,5.708652314822794,0.5000911942785707,6.237291976639773,5.708652314822794,0.5000911942785707,6.237291976639773,0.10064650588345714,-0.23269355065841013,0.33334005654186727,2.2270179540809463,2.2270179540809463,2.5057052701439426,8.534175487811188,8.534175487811188,2.0,1.0,2.0,1.0,2.0,1.0,CUPID.NS
CURRENT,CUPID,NSE,2025-06-27,2025-06-30,2025-07-11,LONG,21.39999961853028,20.864999628067014,22.46999959945679,22.46999959945679,TARGET,10,5.000000000000004,4.850000000000004,BULL,BULL,21.399999618530277,66.01451523595186,20.381783056713935,19.84673832081943,19.54932756405928,2.695882453053951,1.5213349706561237,4.258230826236167,2.695882453053951,1.5213349706561237,4.258230826236167,0.3150020618314251,0.2530889007451327,0.06191316108629241,0.28931384200905197,0.28931384200905197,1.4421016015249968,4.995718769957824,4.995718769957824,2.0,2.0,0.0,2.0,2.0,0.0,CUPID.NS
CURRENT,CUPID,NSE,2026-03-02,2026-03-04,2026-03-04,SHORT,75.19999694824219,77.07999687194824,71.43999710083007,77.07999687194824,STOP_LOSS,1,-2.439024390243893,-2.5890243902438934,BEAR,BEAR,76.88999938964844,38.01232502137928,80.7220369423513,82.47278947598232,83.1463856804677,-2.1228244427707668,-0.8101328746555672,-2.9157596187442243,2.1228244427707668,0.8101328746555672,2.9157596187442243,-0.7849347474345905,-0.15752855177651692,-0.6274061956580735,-0.8159789317705992,0.8159789317705992,1.1598642972755375,-4.747201257371091,4.747201257371091,4.0,3.0,4.0,0.0,4.0,0.0,CUPID.NS
CURRENT,CUPID,NSE,2026-03-10,2026-03-11,2026-03-11,LONG,91.75,89.45625,96.3375,89.45625,STOP_LOSS,1,-2.500000000000002,-2.650000000000002,BEAR,BEAR,92.8499984741211,63.415350604791236,86.85545290834567,84.2237816703697,83.75442241733653,3.1246177573403813,0.5603993669664682,3.702527462439107,3.1246177573403813,0.5603993669664682,3.702527462439107,0.5789796504747216,-0.34546486403458404,0.9244445145093056,0.995632234465749,0.995632234465749,2.5659447044508923,6.901749245497777,6.901749245497777,1.0,1.0,1.0,1.0,1.0,1.0,CUPID.NS
CURRENT,CUPID,NSE,2026-04-06,2026-04-07,2026-04-07,LONG,88.0,85.8,92.4,85.8,STOP_LOSS,1,-2.500000000000002,-2.650000000000002,BEAR,BEAR,88.55000305175781,60.19186647582594,86.18209560755678,83.85141374271986,83.12056349235924,2.779537947908807,0.8792652740230765,3.6832427338861393,2.779537947908807,0.8792652740230765,3.6832427338861393,0.8781380507632974,-0.09118644852900143,0.9693244992922989,1.094663428442487,1.094663428442487,0.571432461271644,2.7475630843135477,2.7475630843135477,4.0,3.0,4.0,0.0,4.0,0.0,CUPID.NS
EMA_MACD,CUPID,NSE,2024-11-05,2024-11-06,2024-11-07,LONG,17.43600082397461,17.000100803375243,18.30780086517334,17.000100803375243,STOP_LOSS,2,-2.500000000000002,-2.650000000000002,NEUTRAL,NEUTRAL,17.277999877929688,68.93668868641845,16.531394278369063,16.021186585909426,16.019895951380672,3.1845811777035493,0.008056447636557619,3.1928941894551324,3.1845811777035493,0.008056447636557619,3.1928941894551324,0.025799284890712926,-0.23688859529132775,0.2626878801820407,1.5203604701814417,1.5203604701814417,1.505774655527829,4.516289352178477,4.516289352178477,3.0,2.0,4.0,2.0,4.0,2.0,CUPID.NS
EMA_MACD,CUPID,NSE,2025-02-12,2025-02-13,2025-02-13,SHORT,14.029999732971191,14.38074972629547,13.328499746322631,14.38074972629547,STOP_LOSS,1,-2.439024390243893,-2.5890243902438934,NEUTRAL,NEUTRAL,13.826000213623049,39.51420761591291,14.30979502236544,14.50142975597386,14.644391978543196,-1.3214885485996655,-0.9762250476414644,-2.2848128940279864,1.3214885485996655,0.9762250476414644,2.2848128940279864,-0.1505406572670971,-0.15033965748699837,-0.0002009997800987151,-0.001453781115240153,0.001453781115240153,3.176490163468078,-3.380864701319945,3.380864701319945,1.0,1.0,0.0,0.0,1.0,0.0,CUPID.NS
EMA_MACD,CUPID,NSE,2025-02-14,2025-02-17,2025-02-17,SHORT,13.779999732971191,14.12449972629547,13.09099974632263,14.12449972629547,STOP_LOSS,1,-2.439024390243893,-2.5890243902438934,NEUTRAL,NEUTRAL,13.83199977874756,42.192813247686736,14.229242060077187,14.425703408393115,14.585559605646942,-1.3618840118508455,-1.095989468871233,-2.442947375373952,1.3618840118508455,1.095989468871233,2.442947375373952,-0.17138212406861797,-0.15062443261288946,-0.020757691455728505,-0.15007006786988283,0.15007006786988283,2.0468513842203695,-2.791731841038564,2.791731841038564,3.0,3.0,0.0,2.0,3.0,0.0,CUPID.NS
EMA_MACD,CUPID,NSE,2025-04-17,2025-04-21,2025-04-21,LONG,15.187999725341797,14.808299732208251,15.947399711608888,14.808299732208251,STOP_LOSS,1,-2.500000000000002,-2.650000000000002,NEUTRAL,NEUTRAL,14.968000411987305,70.67238694663449,13.791048160372554,13.046281319810877,12.981362668209794,5.708652314822794,0.5000911942785707,6.237291976639773,5.708652314822794,0.5000911942785707,6.237291976639773,0.10064650588345714,-0.23269355065841013,0.33334005654186727,2.2270179540809463,2.2270179540809463,2.5057052701439426,8.534175487811188,8.534175487811188,2.0,1.0,2.0,1.0,2.0,1.0,CUPID.NS
EMA_MACD,CUPID,NSE,2025-06-27,2025-06-30,2025-07-11,LONG,21.39999961853028,20.864999628067014,22.46999959945679,22.46999959945679,TARGET,10,5.000000000000004,4.850000000000004,BULL,BULL,21.399999618530277,66.01451523595186,20.381783056713935,19.84673832081943,19.54932756405928,2.695882453053951,1.5213349706561237,4.258230826236167,2.695882453053951,1.5213349706561237,4.258230826236167,0.3150020618314251,0.2530889007451327,0.06191316108629241,0.28931384200905197,0.28931384200905197,1.4421016015249968,4.995718769957824,4.995718769957824,2.0,2.0,0.0,2.0,2.0,0.0,CUPID.NS
EMA_MACD,CUPID,NSE,2026-02-10,2026-02-11,2026-02-12,LONG,87.48999786376953,85.3027479171753,91.86449775695802,85.3027479171753,STOP_LOSS,2,-2.500000000000002,-2.650000000000002,NEUTRAL,NEUTRAL,86.98999786376953,55.32561000547962,84.87180671203893,83.7746779094028,83.67482766827192,1.3096186461290997,0.11933127789248155,1.4305127086875253,1.3096186461290997,0.11933127789248155,1.4305127086875253,0.11796537397688667,-0.28135321840093164,0.3993185923778183,0.459039662241595,0.459039662241595,0.5125259522746417,2.4957535768236885,2.4957535768236885,4.0,2.0,2.0,65.0,65.0,2.0,CUPID.NS
EMA_MACD,CUPID,NSE,2026-02-20,2026-02-23,2026-02-24,LONG,85.1500015258789,83.02125148773193,89.40750160217286,83.02125148773193,STOP_LOSS,2,-2.500000000000002,-2.650000000000002,NEUTRAL,NEUTRAL,85.06999969482422,51.82109904292311,84.34523156078284,84.22037213491176,84.04109769477465,0.14825323458683906,0.2133175851512626,0.36188706995803094,0.14825323458683906,0.2133175851512626,0.36188706995803094,0.19529978560970562,0.14461204749721082,0.0506877381124948,0.05958356446964783,0.05958356446964783,0.6434745290970759,0.8592876213981155,0.8592876213981155,0.0,3.0,0.0,73.0,73.0,0.0,CUPID.NS
EMA_MACD,CUPID,NSE,2026-02-25,2026-02-26,2026-03-02,SHORT,82.68000030517578,84.74700031280517,78.54600028991699,78.54600028991699,TARGET,3,5.263157894736836,5.113157894736836,NEUTRAL,NEUTRAL,82.55000305175781,47.39337552199049,83.5656245278477,83.9155405374178,83.91889203073521,-0.4169859448311215,-0.003993729226290164,-0.42096302076786346,0.4169859448311215,0.003993729226290164,0.42096302076786346,-0.016677548026649447,0.11640572740018039,-0.13308327542682985,-0.1612153488878593,0.1612153488878593,0.43898521565059295,-1.2153579678584718,1.2153579678584718,1.0,0.0,1.0,24.0,24.0,0.0,CUPID.NS
EMA_MACD,CUPID,NSE,2026-03-10,2026-03-11,2026-03-11,LONG,91.75,89.45625,96.3375,89.45625,STOP_LOSS,1,-2.500000000000002,-2.650000000000002,BEAR,BEAR,92.8499984741211,63.415350604791236,86.85545290834567,84.2237816703697,83.75442241733653,3.1246177573403813,0.5603993669664682,3.702527462439107,3.1246177573403813,0.5603993669664682,3.702527462439107,0.5789796504747216,-0.34546486403458404,0.9244445145093056,0.995632234465749,0.995632234465749,2.5659447044508923,6.901749245497777,6.901749245497777,1.0,1.0,1.0,1.0,1.0,1.0,CUPID.NS
EMA_MACD,CUPID,NSE,2026-03-13,2026-03-16,2026-03-16,SHORT,75.9000015258789,77.79750156402588,72.10500144958496,77.79750156402588,STOP_LOSS,1,-2.4390243902439046,-2.5890243902439045,BEAR,BEAR,76.25,41.585525426093064,82.10346741537066,83.01366423219996,83.2333917653963,-1.0964421643687,-0.263989642300866,-1.3575373129218131,1.0964421643687,0.263989642300866,1.3575373129218131,-0.24925062515139018,-0.06526645087530107,-0.1839841742760891,-0.24129072036208404,0.24129072036208404,0.830800489658559,-7.1293790623449675,7.1293790623449675,0.0,0.0,0.0,8.0,8.0,0.0,CUPID.NS
EMA_MACD,CUPID,NSE,2026-04-01,2026-04-02,2026-04-07,LONG,85.5,83.3625,89.775,89.775,TARGET,3,5.000000000000004,4.850000000000004,BEAR,BEAR,86.83999633789062,57.755789597033534,83.7272123704207,82.3230346260501,82.29790492057376,1.7056923991553938,0.03053504885768157,1.7367482820205191,1.7056923991553938,0.03053504885768157,1.7367482820205191,0.07895839595852294,-0.53814292926729,0.617101325225813,0.7106187831062298,0.7106187831062298,0.8294291789243102,3.717768547815182,3.717768547815182,2.0,1.0,2.0,15.0,15.0,1.0,CUPID.NS
CURRENT,EPL,BSE,2024-12-03,2024-12-04,2024-12-04,LONG,288.8999938964844,281.67749404907227,303.3449935913086,281.67749404907227,STOP_LOSS,1,-2.500000000000002,-2.650000000000002,NEUTRAL,NEUTRAL,285.54998779296875,62.18840564483999,268.98702409581676,265.4074058507561,264.1796839648613,1.3487258328705225,0.46472986395809424,1.8197236285568834,1.3487258328705225,0.46472986395809424,1.8197236285568834,1.4053478013962035,0.3175005145889618,1.0878472868072417,0.3809656218917297,0.3809656218917297,6.090496426865834,6.157532599510093,6.157532599510093,0.0,0.0,0.0,0.0,0.0,0.0,EPL.BO
CURRENT,EPL,BSE,2025-02-24,2025-02-25,2025-02-27,SHORT,218.8999938964844,224.37249374389648,207.95499420166016,207.95499420166016,TARGET,2,5.263157894736836,5.113157894736836,NEUTRAL,NEUTRAL,216.1000061035156,37.751158341604075,232.20994909121697,237.07891106223238,238.27392093099706,-2.053730527612101,-0.5015277643879267,-2.5449582631983425,2.053730527612101,0.5015277643879267,2.5449582631983425,-1.3004717804744246,-0.20970277605891383,-1.0907690044155107,-0.5047519544691793,0.5047519544691793,2.6014603726560965,-6.937662684458472,6.937662684458472,1.0,0.0,0.0,0.0,1.0,0.0,EPL.BO
CURRENT,EPL,BSE,2025-09-02,2025-09-03,2025-09-03,SHORT,220.1499938964844,225.65374374389648,209.14249420166016,225.65374374389648,STOP_LOSS,1,-2.439024390243893,-2.5890243902438934,NEUTRAL,NEUTRAL,222.1000061035156,38.912537328048494,225.9175992834015,228.85970483155063,229.6972277099922,-1.2855498307640612,-0.364620368644154,-1.645482822876179,1.2855498307640612,0.364620368644154,1.645482822876179,-0.9733624865201591,0.027292320562981642,-1.0006548070831407,-0.4505424491599334,0.4505424491599334,0.5964568505752927,-1.6898166375683457,1.6898166375683457,3.0,2.0,2.0,0.0,3.0,0.0,EPL.BO
CURRENT,EPL,BSE,2026-02-09,2026-02-10,2026-02-16,LONG,220.5500030517578,215.03625297546387,231.5775032043457,215.03625297546387,STOP_LOSS,5,-2.500000000000002,-2.650000000000002,NEUTRAL,NEUTRAL,219.3000030517578,65.24687400890328,211.24841308391294,206.13986940463448,205.811204522531,2.4781929347451133,0.15969241464086634,2.641842835522933,2.4781929347451133,0.15969241464086634,2.641842835522933,0.5363550280042944,-1.6953683770970864,2.2317234051013806,1.0176577173027506,1.0176577173027506,2.047189352905812,3.8114321666627577,3.8114321666627577,2.0,2.0,3.0,0.0,3.0,0.0,EPL.BO
CURRENT,EPL,BSE,2026-04-02,2026-04-06,2026-04-08,LONG,213.9499969482422,208.6012470245361,224.64749679565432,224.64749679565432,TARGET,3,5.000000000000004,4.850000000000004,BEAR,BEAR,214.3500061035156,60.015109142392305,207.57649827798562,201.0583908190897,201.0562275599379,3.241897755344535,0.0010759473496881587,3.2430085838072014,3.241897755344535,0.0010759473496881587,3.2430085838072014,0.29550575321246697,-3.007685134201764,3.303190887414231,1.5410267288814667,1.5410267288814667,0.6681100439133926,3.263138111357347,3.263138111357347,3.0,1.0,4.0,1.0,4.0,1.0,EPL.BO
CURRENT,EPL,BSE,2026-06-17,2026-06-18,2026-06-18,LONG,235.25,229.36875,247.0125,229.36875,STOP_LOSS,1,-2.500000000000002,-2.650000000000002,BEAR,BEAR,232.9499969482422,63.423224080561276,226.51360794030234,221.4353519026323,220.14754849178487,2.293335727125901,0.58497286009773,2.8917239788182423,2.293335727125901,0.58497286009773,2.8917239788182423,1.5876946532831937,-0.6244510219033121,2.212145675186506,0.9496225388137738,0.9496225388137738,2.1826542058671334,2.8415021359935966,2.8415021359935966,3.0,3.0,4.0,0.0,4.0,0.0,EPL.BO
CURRENT,EPL,BSE,2026-08-12,2026-08-13,2026-08-20,LONG,245.1000061035156,238.9725059509277,257.3550064086914,257.3550064086914,TARGET,6,5.000000000000004,4.850000000000004,BULL,BULL,243.6499938964844,62.26305032763627,235.00207657101984,232.63534851175228,232.25632385070588,1.0173553049475608,0.16319239655667575,1.1822079480078769,1.0173553049475608,0.16319239655667575,1.1822079480078769,0.42826541104528815,-0.17218782408429956,0.6004532351295877,0.24644089890053208,0.24644089890053208,15.247514992379887,3.6799323017263124,3.6799323017263124,0.0,0.0,0.0,0.0,0.0,0.0,EPL.BO
EMA_MACD,EPL,BSE,2024-11-01,2024-11-04,2024-11-05,LONG,271.45001220703125,264.6637619018555,285.02251281738285,264.6637619018555,STOP_LOSS,2,-2.499999999999991,-2.649999999999991,NEUTRAL,NEUTRAL,271.45001220703125,59.71922473278172,267.59811862758096,264.96342051880987,262.84586269167534,0.9943629590878005,0.8056272240505001,1.808001041842586,0.9943629590878005,0.8056272240505001,1.808001041842586,2.301198772076418,2.011506111697268,0.2896926603791501,0.10672044477868928,0.10672044477868928,0.3691554629309716,1.4394322348771855,1.4394322348771855,2.0,2.0,0.0,,2.0,0.0,EPL.BO
EMA_MACD,EPL,BSE,2024-11-26,2024-11-27,2024-11-27,LONG,272.25,265.44375,285.8625,265.44375,STOP_LOSS,1,-2.5000000000000133,-2.650000000000013,NEUTRAL,NEUTRAL,273.6499938964844,57.45360289058285,266.1374414004596,264.0650026601613,263.42425292811515,0.7848214338972361,0.24323870141942705,1.0299691247809362,0.7848214338972361,0.24323870141942705,1.0299691247809362,0.7067432121837669,0.2629317337913131,0.4438114783924538,0.16218216272291883,0.16218216272291883,0.5961126041323109,2.8228093185582956,2.8228093185582956,0.0,0.0,0.0,,0.0,0.0,EPL.BO
EMA_MACD,EPL,BSE,2024-11-29,2024-12-02,2024-12-02,SHORT,256.5,262.9125,243.675,262.9125,STOP_LOSS,1,-2.439024390243893,-2.5890243902438934,NEUTRAL,NEUTRAL,256.25,45.81730331888272,260.9833164226188,262.36702802103775,262.65566491958293,-0.5273953853332419,-0.10989174691265458,-0.636707568243817,0.5273953853332419,0.10989174691265458,0.636707568243817,-0.3724350009244972,0.18567834041188924,-0.5581133413363865,-0.2178003283263947,0.2178003283263947,1.1591598617967975,-1.8136471279083652,1.8136471279083652,1.0,0.0,1.0,,1.0,0.0,EPL.BO
EMA_MACD,EPL,BSE,2024-12-03,2024-12-04,2024-12-04,LONG,288.8999938964844,281.67749404907227,303.3449935913086,281.67749404907227,STOP_LOSS,1,-2.500000000000002,-2.650000000000002,NEUTRAL,NEUTRAL,285.54998779296875,62.18840564483999,268.98702409581676,265.4074058507561,264.1796839648613,1.3487258328705225,0.46472986395809424,1.8197236285568834,1.3487258328705225,0.46472986395809424,1.8197236285568834,1.4053478013962035,0.3175005145889618,1.0878472868072417,0.3809656218917297,0.3809656218917297,6.090496426865834,6.157532599510093,6.157532599510093,0.0,0.0,0.0,0.0,0.0,0.0,EPL.BO
EMA_MACD,EPL,BSE,2024-12-27,2024-12-30,2025-01-03,SHORT,262.70001220703125,269.267512512207,249.56501159667968,269.267512512207,STOP_LOSS,5,-2.439024390243893,-2.5890243902438934,NEUTRAL,NEUTRAL,264.3500061035156,45.52073183842178,266.0014686830425,269.4614088490373,269.51064895027724,-1.2840206620953232,-0.018270187627736346,-1.3020562567389158,1.2840206620953232,0.018270187627736346,1.3020562567389158,-0.23280136873250967,1.6669609942258972,-1.8997623629584068,-0.7186541778306174,0.7186541778306174,0.276836787481405,-0.620847165883396,0.620847165883396,4.0,3.0,4.0,,4.0,3.0,EPL.BO
EMA_MACD,EPL,BSE,2025-02-24,2025-02-25,2025-02-27,SHORT,218.8999938964844,224.37249374389648,207.95499420166016,207.95499420166016,TARGET,2,5.263157894736836,5.113157894736836,NEUTRAL,NEUTRAL,216.1000061035156,37.751158341604075,232.20994909121697,237.07891106223238,238.27392093099706,-2.053730527612101,-0.5015277643879267,-2.5449582631983425,2.053730527612101,0.5015277643879267,2.5449582631983425,-1.3004717804744246,-0.20970277605891383,-1.0907690044155107,-0.5047519544691793,0.5047519544691793,2.6014603726560965,-6.937662684458472,6.937662684458472,1.0,0.0,0.0,0.0,1.0,0.0,EPL.BO
EMA_MACD,EPL,BSE,2025-09-01,2025-09-02,2025-09-03,SHORT,224.0,229.6,212.8,229.6,STOP_LOSS,2,-2.4390243902438824,-2.5890243902438823,NEUTRAL,NEUTRAL,225.0,42.21196488339058,227.82639587334444,229.9863212862231,230.30500543851036,-0.9391538595856702,-0.1383748267565758,-1.0762291338160666,0.9391538595856702,0.1383748267565758,1.0762291338160666,-0.37680219322805897,0.2774560223337668,-0.6542582155618257,-0.29078142913858923,0.29078142913858923,0.2792431161598925,-1.2405919263699878,1.2405919263699878,2.0,1.0,1.0,17.0,17.0,1.0,EPL.BO
EMA_MACD,EPL,BSE,2026-02-09,2026-02-10,2026-02-16,LONG,220.5500030517578,215.03625297546387,231.5775032043457,215.03625297546387,STOP_LOSS,5,-2.500000000000002,-2.650000000000002,NEUTRAL,NEUTRAL,219.3000030517578,65.24687400890328,211.24841308391294,206.13986940463448,205.811204522531,2.4781929347451133,0.15969241464086634,2.641842835522933,2.4781929347451133,0.15969241464086634,2.641842835522933,0.5363550280042944,-1.6953683770970864,2.2317234051013806,1.0176577173027506,1.0176577173027506,2.047189352905812,3.8114321666627577,3.8114321666627577,2.0,2.0,3.0,0.0,3.0,0.0,EPL.BO
EMA_MACD,EPL,BSE,2026-04-02,2026-04-06,2026-04-08,LONG,213.9499969482422,208.6012470245361,224.64749679565432,224.64749679565432,TARGET,3,5.000000000000004,4.850000000000004,BEAR,BEAR,214.3500061035156,60.015109142392305,207.57649827798562,201.0583908190897,201.0562275599379,3.241897755344535,0.0010759473496881587,3.2430085838072014,3.241897755344535,0.0010759473496881587,3.2430085838072014,0.29550575321246697,-3.007685134201764,3.303190887414231,1.5410267288814667,1.5410267288814667,0.6681100439133926,3.263138111357347,3.263138111357347,3.0,1.0,4.0,1.0,4.0,1.0,EPL.BO
EMA_MACD,EPL,BSE,2026-06-16,2026-06-17,2026-06-29,LONG,230.8999938964844,225.12749404907228,242.44499359130864,225.12749404907228,STOP_LOSS,9,-2.500000000000002,-2.650000000000002,BEAR,BEAR,227.5,59.094275045827565,223.29541343633235,219.51624439503064,219.1233526152683,1.7215896945197855,0.1793016467999107,1.9039781799931075,1.7215896945197855,0.1793016467999107,1.9039781799931075,0.5728443837681141,-1.1774874406999385,1.7503318244680526,0.7693766261398033,0.7693766261398033,1.7568534472009776,1.8829704107946175,1.8829704107946175,2.0,2.0,3.0,28.0,28.0,2.0,EPL.BO
EMA_MACD,EPL,BSE,2026-08-12,2026-08-13,2026-08-20,LONG,245.1000061035156,238.9725059509277,257.3550064086914,257.3550064086914,TARGET,6,5.000000000000004,4.850000000000004,BULL,BULL,243.6499938964844,62.26305032763627,235.00207657101984,232.63534851175228,232.25632385070588,1.0173553049475608,0.16319239655667575,1.1822079480078769,1.0173553049475608,0.16319239655667575,1.1822079480078769,0.42826541104528815,-0.17218782408429956,0.6004532351295877,0.24644089890053208,0.24644089890053208,15.247514992379887,3.6799323017263124,3.6799323017263124,0.0,0.0,0.0,0.0,0.0,0.0,EPL.BO
CURRENT,ETERNAL,BSE,2025-03-26,2025-03-27,2025-03-28,SHORT,204.25,209.35625,194.0375,209.35625,STOP_LOSS,2,-2.439024390243893,-2.5890243902438934,NEUTRAL,NEUTRAL,203.3000030517578,38.53018623915387,212.9463965911462,215.81248806428934,219.08469377886274,-1.3280470925710985,-1.493580248867712,-2.8017918923685063,1.3280470925710985,1.493580248867712,2.8017918923685063,-3.5062762380724735,-3.4859886942234377,-0.02028754384903575,-0.00997911635243349,0.00997911635243349,1.4174634057185342,-4.529963264844209,4.529963264844209,1.0,1.0,0.0,0.0,1.0,0.0,ETERNAL.BO
CURRENT,ETERNAL,BSE,2025-06-05,2025-06-06,2025-06-12,LONG,257.95001220703125,251.50126190185543,270.84751281738284,251.50126190185543,STOP_LOSS,5,-2.500000000000002,-2.650000000000002,NEUTRAL,NEUTRAL,256.54998779296875,64.98962538139348,244.81955057108263,238.35122440438568,234.794218181378,2.7137792905661016,1.514946258284732,4.26983784667137,2.7137792905661016,1.514946258284732,4.26983784667137,3.9783526256830157,2.159495702938872,1.8188569227441436,0.7089678461461977,0.7089678461461977,1.3516368907357454,4.791462607672839,4.791462607672839,3.0,4.0,2.0,0.0,4.0,0.0,ETERNAL.BO
CURRENT,ETERNAL,BSE,2026-01-23,2026-01-27,2026-01-29,SHORT,260.8999938964844,267.42249374389644,247.85499420166013,267.42249374389644,STOP_LOSS,3,-2.4390243902438824,-2.5890243902438823,BEAR,BEAR,258.6499938964844,34.515281732150356,272.90229035138594,279.31811033776376,283.56512435611285,-2.296958109382711,-1.4977208597117588,-3.7602769483514034,2.296958109382711,1.4977208597117588,3.7602769483514034,-4.673836497811465,-3.226922936618741,-1.4469135611927237,-0.5594098570796024,0.5594098570796024,2.736761474668541,-5.222490597843818,5.222490597843818,3.0,4.0,1.0,0.0,4.0,0.0,ETERNAL.BO
CURRENT,ETERNAL,BSE,2026-02-24,2026-02-25,2026-03-02,SHORT,255.5,261.8875,242.725,242.725,TARGET,4,5.263157894736836,5.113157894736836,NEUTRAL,NEUTRAL,253.9499969482422,34.008327892887266,267.01899639644944,275.8155874427755,279.42575509805874,-3.189301637330819,-1.2919953116048069,-4.440091321308377,3.189301637330819,1.2919953116048069,4.440091321308377,-4.162849264160457,-0.9778930718092287,-3.184956192351228,-1.2541666590373526,1.2541666590373526,2.2881932301755343,-4.8944081224855625,4.8944081224855625,4.0,4.0,4.0,0.0,4.0,0.0,ETERNAL.BO
CURRENT,ETERNAL,BSE,2026-06-11,2026-06-12,2026-06-15,SHORT,239.6999969482422,245.6924968719482,227.7149971008301,245.6924968719482,STOP_LOSS,2,-2.439024390243893,-2.5890243902438934,BEAR,BEAR,235.25,38.94709494690468,242.5075208706565,246.35622103548488,247.3283929024449,-1.562250041282304,-0.39306925321084507,-1.9491785699225945,1.562250041282304,0.39306925321084507,1.9491785699225945,-1.1711800171534321,0.2527592630119597,-1.4239392801653918,-0.6052876855113248,0.6052876855113248,1.274557399825596,-2.992699296335372,2.992699296335372,2.0,1.0,2.0,0.0,2.0,0.0,ETERNAL.BO
CURRENT,ETERNAL,BSE,2026-06-19,2026-06-22,2026-06-23,LONG,265.8500061035156,259.2037559509277,279.1425064086914,259.2037559509277,STOP_LOSS,2,-2.5000000000000133,-2.650000000000013,BEAR,BEAR,264.20001220703125,62.17785798347102,257.4174000266302,252.56102907653644,250.48254975407633,1.9228504761208014,0.8297900690091033,2.768596167422649,1.9228504761208014,0.8297900690091033,2.768596167422649,2.3896038440764755,0.7179035694820844,1.6717002745943912,0.632740422920352,0.632740422920352,0.5651821224677429,2.6348693521492175,2.6348693521492175,3.0,3.0,3.0,0.0,3.0,0.0,ETERNAL.BO
EMA_MACD,ETERNAL,BSE,2025-03-26,2025-03-27,2025-03-28,SHORT,204.25,209.35625,194.0375,209.35625,STOP_LOSS,2,-2.439024390243893,-2.5890243902438934,NEUTRAL,NEUTRAL,203.3000030517578,38.53018623915387,212.9463965911462,215.81248806428934,219.08469377886274,-1.3280470925710985,-1.493580248867712,-2.8017918923685063,1.3280470925710985,1.493580248867712,2.8017918923685063,-3.5062762380724735,-3.4859886942234377,-0.02028754384903575,-0.00997911635243349,0.00997911635243349,1.4174634057185342,-4.529963264844209,4.529963264844209,1.0,1.0,0.0,0.0,1.0,0.0,ETERNAL.BO
EMA_MACD,ETERNAL,BSE,2025-06-03,2025-06-04,2025-06-05,LONG,236.1999969482422,230.2949970245361,248.0099967956543,248.0099967956543,TARGET,2,5.000000000000004,4.850000000000004,NEUTRAL,NEUTRAL,237.6000061035156,54.35229381282299,235.6814979402093,233.62111336844768,232.0580571414468,0.8819342319082971,0.6735625757860036,1.5614371866234809,0.8819342319082971,0.6735625757860036,1.5614371866234809,1.67140388149636,1.5093377001138326,0.16206618138252749,0.0682096705468601,0.0682096705468601,4.5960772760330055,0.8140257848297437,0.8140257848297437,1.0,2.0,0.0,12.0,12.0,0.0,ETERNAL.BO
EMA_MACD,ETERNAL,BSE,2026-01-22,2026-01-23,2026-01-23,SHORT,276.04998779296875,282.9512374877929,262.2474884033203,262.2474884033203,TARGET,1,5.2631578947368585,5.113157894736858,NEUTRAL,NEUTRAL,276.0,43.02357646921211,280.0284385788367,282.7627964113103,285.5583347928831,-0.9670147088573098,-0.9789727845276871,-1.936520682562904,0.9670147088573098,0.9789727845276871,1.936520682562904,-2.986811668796804,-2.8651945463205597,-0.12161712247624434,-0.044064174810233454,0.044064174810233454,3.3594451862803507,-1.438581952347875,1.438581952347875,2.0,3.0,0.0,2.0,3.0,0.0,ETERNAL.BO
EMA_MACD,ETERNAL,BSE,2026-02-19,2026-02-20,2026-02-24,SHORT,269.5,276.23749999999995,256.025,256.025,TARGET,3,5.2631578947368585,5.113157894736858,NEUTRAL,NEUTRAL,271.95001220703125,42.65925910593664,279.94535559009194,283.42035160466367,283.6195531869452,-1.2260926199890256,-0.07023548977606779,-1.295466957608336,1.2260926199890256,0.07023548977606779,1.295466957608336,-0.2574191156742245,0.7899981966089655,-1.04741731228319,-0.3851506766934093,0.3851506766934093,0.3411066371523464,-2.856037159897667,2.856037159897667,1.0,1.0,1.0,18.0,18.0,1.0,ETERNAL.BO
EMA_MACD,ETERNAL,BSE,2026-05-14,2026-05-15,2026-05-26,SHORT,244.6999969482422,250.8174968719482,232.4649971008301,250.8174968719482,STOP_LOSS,8,-2.439024390243893,-2.5890243902438934,BEAR,BEAR,245.8000030517578,48.004580221836775,244.99609337540844,248.1676735670644,248.21621041795808,-1.277998921482775,-0.019554263120825244,-1.2973032813318122,1.277998921482775,0.019554263120825244,1.2973032813318122,-0.20002319423841186,1.515128620165283,-1.7151518144036948,-0.6977834797026171,0.6977834797026171,0.7249165139471111,0.32813163070218576,0.32813163070218576,3.0,2.0,3.0,33.0,33.0,2.0,ETERNAL.BO
EMA_MACD,ETERNAL,BSE,2026-05-27,2026-05-28,2026-05-29,LONG,256.54998779296875,250.13623809814453,269.3774871826172,250.13623809814453,STOP_LOSS,2,-2.500000000000002,-2.650000000000002,BEAR,BEAR,256.54998779296875,58.68974110447428,249.82430806343817,247.56077061146914,247.37018312309874,0.9143360825619284,0.07704545712186958,0.9920859940982382,0.9143360825619284,0.07704545712186958,0.9920859940982382,0.24429592037557768,-0.45656052847494927,0.7008564488505269,0.2731851421548714,0.2731851421548714,1.11998123588154,2.692163857739065,2.692163857739065,1.0,0.0,0.0,25.0,25.0,0.0,ETERNAL.BO
EMA_MACD,ETERNAL,BSE,2026-06-10,2026-06-11,2026-06-15,SHORT,238.4499969482422,244.4112468719482,226.5274971008301,244.4112468719482,STOP_LOSS,3,-2.439024390243893,-2.5890243902438934,BEAR,BEAR,239.6000061035156,42.048369317507856,246.1362813059847,248.20725787473233,248.2946643346405,-0.8343738964284539,-0.03520271373626844,-0.8692828879104726,0.8343738964284539,0.03520271373626844,0.8692828879104726,-0.15432183384149312,0.6087440830533076,-0.7630659168948007,-0.3184749154660411,0.3184749154660411,0.6850847891662046,-2.655551293693079,2.655551293693079,1.0,0.0,1.0,52.0,52.0,0.0,ETERNAL.BO
EMA_MACD,ETERNAL,BSE,2026-06-17,2026-06-18,2026-07-01,LONG,256.8999938964844,250.47749404907225,269.7449935913086,269.7449935913086,TARGET,10,5.000000000000004,4.850000000000004,BEAR,BEAR,258.5,58.2815527202127,251.78914090464454,249.3080649805852,248.65596497846715,0.9951847824307518,0.2622498930096057,1.26004454646753,0.9951847824307518,0.2622498930096057,1.26004454646753,0.7588584984337672,0.018125580003576947,0.7407329184301903,0.2865504520039421,0.2865504520039421,0.8646817801024669,2.66526946763639,2.66526946763639,1.0,1.0,1.0,40.0,40.0,1.0,ETERNAL.BO
CURRENT,ETERNAL,NSE,2025-03-28,2025-04-01,2025-04-02,SHORT,201.6999969482422,206.74249687194825,191.61499710083007,206.74249687194825,STOP_LOSS,2,-2.439024390243893,-2.5890243902438934,NEUTRAL,NEUTRAL,201.6999969482422,38.854138581638125,207.53038667116795,212.03964485341538,216.35014049066064,-2.126610891734289,-1.992370158609316,-4.076611089546955,2.126610891734289,1.992370158609316,4.076611089546955,-4.692046243220176,-4.0207640805753435,-0.6712821626448324,-0.3328121828465316,0.3328121828465316,0.9188928229183312,-2.809414956742704,2.809414956742704,2.0,3.0,1.0,0.0,3.0,0.0,ETERNAL.NS
CURRENT,ETERNAL,NSE,2025-06-05,2025-06-06,2025-06-13,LONG,256.5599975585937,250.14599761962884,269.3879974365234,250.14599761962884,STOP_LOSS,6,-2.500000000000002,-2.650000000000002,NEUTRAL,NEUTRAL,256.5599975585937,65.10969912280041,244.85005600193784,238.3580144110437,234.71117208333484,2.723651481547725,1.5537574523355224,4.319727871753442,2.723651481547725,1.5537574523355224,4.319727871753442,4.072002817490471,2.2797614439028773,1.792241373587594,0.6985661797016031,0.6985661797016031,1.5908019242261489,4.782494947259956,4.782494947259956,3.0,4.0,2.0,0.0,4.0,0.0,ETERNAL.NS
CURRENT,ETERNAL,NSE,2026-01-20,2026-01-21,2026-01-21,SHORT,269.25,275.98125,255.7875,275.98125,STOP_LOSS,1,-2.439024390243893,-2.5890243902438934,BEAR,BEAR,269.6000061035156,34.5322710684089,282.0944478278483,285.0660028713829,287.20471114074877,-1.0424094818754492,-0.7446633660259651,-1.7793104063659069,1.0424094818754492,0.7446633660259651,1.7793104063659069,-2.255394292677863,-2.2191207802380677,-0.036273512439795486,-0.013454566624107532,0.013454566624107532,2.460307331220496,-4.429169670137411,4.429169670137411,0.0,1.0,0.0,0.0,1.0,0.0,ETERNAL.NS
CURRENT,ETERNAL,NSE,2026-01-23,2026-01-27,2026-01-28,SHORT,258.04998779296875,264.50123748779293,245.1474884033203,264.50123748779293,STOP_LOSS,2,-2.439024390243893,-2.5890243902438934,BEAR,BEAR,258.70001220703125,33.91557426525796,273.1279872542583,280.01270251316504,284.08262059301455,-2.458715335809827,-1.4326529624915718,-3.8561434402036845,2.458715335809827,1.4326529624915718,3.8561434402036845,-4.509319225170486,-2.759323903181771,-1.7499953219887154,-0.676457378976943,0.676457378976943,1.8032295369341484,-5.282496016710241,5.282496016710241,3.0,4.0,1.0,0.0,4.0,0.0,ETERNAL.NS
CURRENT,ETERNAL,NSE,2026-02-24,2026-02-25,2026-03-02,SHORT,255.1999969482422,261.5799968719482,242.43999710083008,242.43999710083008,TARGET,4,5.2631578947368585,5.113157894736858,NEUTRAL,NEUTRAL,254.0,33.96298071394594,267.0839696320238,275.90555316201664,279.5754872115797,-3.197320035386401,-1.312680909963209,-4.468030335614664,3.197320035386401,1.312680909963209,4.468030335614664,-4.228149065141736,-1.0479176157349914,-3.1802314494067443,-1.2520596257506866,1.2520596257506866,1.6789499549100926,-4.898822512654095,4.898822512654095,4.0,4.0,4.0,0.0,4.0,0.0,ETERNAL.NS
CURRENT,ETERNAL,NSE,2026-06-11,2026-06-12,2026-06-15,SHORT,239.0,244.975,227.05,244.975,STOP_LOSS,2,-2.439024390243893,-2.5890243902438934,BEAR,BEAR,235.1999969482422,38.89592732765603,242.54855175765096,246.36216327980887,247.31587429846994,-1.5479696522337145,-0.3856246677922881,-1.927624967197051,1.5479696522337145,0.3856246677922881,1.927624967197051,-1.148762301436335,0.25523059813074045,-1.4039928995670756,-0.5969357643639922,0.5969357643639922,1.3250260888025276,-3.0297252884656585,3.0297252884656585,2.0,1.0,2.0,0.0,2.0,0.0,ETERNAL.NS
CURRENT,ETERNAL,NSE,2026-06-19,2026-06-22,2026-06-24,LONG,264.5,257.8875,277.725,257.8875,STOP_LOSS,3,-2.500000000000002,-2.650000000000002,BEAR,BEAR,264.29998779296875,62.243134181509966,257.4720195426224,252.5970685847612,250.49569594433584,1.9299317229508364,0.838885727159285,2.7850073718778754,1.9299317229508364,0.838885727159285,2.7850073718778754,2.415340051774649,0.7378626477165392,1.6774774040581097,0.6346869018291859,0.6346869018291859,1.0309635554880765,2.6519263190134956,2.6519263190134956,3.0,3.0,3.0,0.0,3.0,0.0,ETERNAL.NS
EMA_MACD,ETERNAL,NSE,2025-03-27,2025-03-28,2025-03-28,SHORT,204.2400054931641,209.3460056304932,194.02800521850588,209.3460056304932,STOP_LOSS,1,-2.439024390243893,-2.5890243902438934,NEUTRAL,NEUTRAL,206.27999877929688,41.47997043823775,210.4455815326308,213.76291950427756,217.5221519740541,-1.5518771821323214,-1.728206730055221,-3.2532642662837405,1.5518771821323214,1.728206730055221,3.2532642662837405,-4.053494581304875,-3.8529435399141354,-0.20055104139073965,-0.09722272764084765,0.09722272764084765,5.043072947057066,-1.97941088760185,1.97941088760185,1.0,2.0,0.0,1.0,2.0,0.0,ETERNAL.NS
EMA_MACD,ETERNAL,NSE,2025-06-03,2025-06-04,2025-06-05,LONG,237.1000061035156,231.1725059509277,248.9550064086914,248.9550064086914,TARGET,2,5.000000000000004,4.850000000000004,NEUTRAL,NEUTRAL,237.6999969482422,54.53399118343643,235.65263149752417,233.59841019934157,231.94592791487676,0.8793815404949135,0.7124428953420835,1.5980895271452027,0.8793815404949135,0.7124428953420835,1.5980895271452027,1.7634669847005568,1.6426865552896073,0.12078042941094957,0.05081212913824682,0.05081212913824682,1.2334241760110045,0.8688065300639467,0.8688065300639467,1.0,2.0,0.0,12.0,12.0,0.0,ETERNAL.NS
EMA_MACD,ETERNAL,NSE,2026-01-20,2026-01-21,2026-01-21,SHORT,269.25,275.98125,255.7875,275.98125,STOP_LOSS,1,-2.439024390243893,-2.5890243902438934,BEAR,BEAR,269.6000061035156,34.5322710684089,282.0944478278483,285.0660028713829,287.20471114074877,-1.0424094818754492,-0.7446633660259651,-1.7793104063659069,1.0424094818754492,0.7446633660259651,1.7793104063659069,-2.255394292677863,-2.2191207802380677,-0.036273512439795486,-0.013454566624107532,0.013454566624107532,2.460307331220496,-4.429169670137411,4.429169670137411,0.0,1.0,0.0,0.0,1.0,0.0,ETERNAL.NS
EMA_MACD,ETERNAL,NSE,2026-01-22,2026-01-23,2026-01-23,SHORT,276.95001220703125,283.873762512207,263.1025115966797,263.1025115966797,TARGET,1,5.263157894736836,5.113157894736836,NEUTRAL,NEUTRAL,275.8999938964844,42.39963084405524,280.3419747778718,283.5648175641873,286.11322926389323,-1.1365453634197635,-0.8907004077589943,-2.017122556992412,1.1365453634197635,0.8907004077589943,2.017122556992412,-2.7447844122650054,-2.3218250726845917,-0.42295933958041365,-0.15330168500804855,0.15330168500804855,3.517385962306846,-1.584486548939752,1.584486548939752,2.0,3.0,0.0,2.0,3.0,0.0,ETERNAL.NS
EMA_MACD,ETERNAL,NSE,2026-02-19,2026-02-20,2026-02-24,SHORT,270.79998779296875,277.56998748779296,257.2599884033203,257.2599884033203,TARGET,3,5.2631578947368585,5.113157894736858,NEUTRAL,NEUTRAL,271.75,42.469684040913755,279.9333914045646,283.4879828477711,283.77214716971093,-1.2538772922573118,-0.10013820058594235,-1.3527598826852318,1.2538772922573118,0.10013820058594235,1.3527598826852318,-0.35276403400655454,0.7129232425735366,-1.065687276580091,-0.3921572314922139,0.3921572314922139,0.4236745948961789,-2.9233352132464288,2.9233352132464288,1.0,1.0,1.0,18.0,18.0,1.0,ETERNAL.NS
EMA_MACD,ETERNAL,NSE,2026-05-14,2026-05-15,2026-05-26,SHORT,245.0,251.125,232.75,251.125,STOP_LOSS,8,-2.439024390243893,-2.5890243902438934,BEAR,BEAR,245.82000732421875,48.019820040631586,244.94087266512955,248.00441055192948,248.1567738702632,-1.2352755662619408,-0.061398008991438026,-1.2959151406501361,1.2352755662619408,0.061398008991438026,1.2959151406501361,-0.3092246758548356,1.329332603836012,-1.6385572796908476,-0.6665679077658271,0.6665679077658271,0.7095828417740135,0.358917092734911,0.358917092734911,3.0,2.0,3.0,34.0,34.0,2.0,ETERNAL.NS
EMA_MACD,ETERNAL,NSE,2026-05-27,2026-05-28,2026-05-29,LONG,256.510009765625,250.0972595214844,269.33551025390625,250.0972595214844,STOP_LOSS,2,-2.500000000000002,-2.650000000000002,BEAR,BEAR,256.510009765625,58.76864307843046,249.75599156811768,247.48769694669954,247.32695953725266,0.9165282353032076,0.06498984572794642,0.9821137313173306,0.9165282353032076,0.06498984572794642,0.9821137313173306,0.21474447791194962,-0.5106544461791227,0.7253989240910723,0.28279556215130724,0.28279556215130724,1.2942927702644618,2.704246715004333,2.704246715004333,1.0,0.0,1.0,26.0,26.0,0.0,ETERNAL.NS
EMA_MACD,ETERNAL,NSE,2026-06-10,2026-06-11,2026-06-12,SHORT,238.0,243.95,226.1,243.95,STOP_LOSS,2,-2.439024390243893,-2.5890243902438934,BEAR,BEAR,239.8000030517578,42.191775886897894,246.2228291623553,248.22252433506998,248.28514448648815,-0.8056058482490185,-0.025221062479467368,-0.8306237283741605,0.8056058482490185,0.025221062479467368,0.8306237283741605,-0.1240115714924741,0.6062288230225094,-0.7302403945149835,-0.30452059433767825,0.30452059433767825,0.8755380513882647,-2.608542080540546,2.608542080540546,1.0,0.0,1.0,53.0,53.0,0.0,ETERNAL.NS
EMA_MACD,ETERNAL,NSE,2026-06-17,2026-06-18,2026-07-01,LONG,258.5,252.0375,271.425,271.425,TARGET,10,5.000000000000004,4.850000000000004,BEAR,BEAR,258.3999938964844,58.215065716486556,251.81205922968937,249.3293477595751,248.65866178072335,0.9957558115093208,0.269721542796366,1.268163122242974,0.9957558115093208,0.269721542796366,1.268163122242974,0.7798974695259915,0.03587539809111984,0.7440220714348716,0.28793424497251674,0.28793424497251674,1.1813674335595972,2.6162109499235098,2.6162109499235098,1.0,1.0,1.0,41.0,41.0,1.0,ETERNAL.NS
CURRENT,FCL,NSE,2025-05-13,2025-05-14,2025-05-21,LONG,25.944000244140625,25.295400238037107,27.241200256347657,25.295400238037107,STOP_LOSS,6,-2.5000000000000133,-2.650000000000013,NEUTRAL,NEUTRAL,25.738000869750977,60.17432015636492,24.47978810500597,24.119299855264877,24.01878491572855,1.4946049508249006,0.4184846980769069,1.9193443419177096,1.4946049508249006,0.4184846980769069,1.9193443419177096,0.12121210966038021,0.003471800784739569,0.11774030887564063,0.45745708639716826,0.45745708639716826,1.506643650971241,5.139802515233824,5.139802515233824,1.0,0.0,0.0,0.0,1.0,0.0,FCL.NS
CURRENT,FCL,NSE,2025-10-24,2025-10-27,2025-10-27,LONG,25.799999237060547,25.154999256134037,27.08999919891357,25.154999256134037,STOP_LOSS,1,-2.500000000000002,-2.650000000000002,BULL,BULL,25.61199951171875,62.80721502706401,24.89262613122552,24.581984388905052,24.468327848670967,1.2636967683563956,0.46450473010258886,1.7340714297221536,1.2636967683563956,0.46450473010258886,1.7340714297221536,0.13304380050607634,0.02449786764882458,0.10854593285725175,0.42380889788626874,0.42380889788626874,0.2818367787065671,2.8899055354824243,2.8899055354824243,3.0,2.0,3.0,0.0,3.0,0.0,FCL.NS
CURRENT,FCL,NSE,2026-03-04,2026-03-05,2026-03-09,SHORT,22.270000457763672,22.826750469207763,21.15650043487549,21.15650043487549,TARGET,3,5.2631578947368585,5.113157894736858,BEAR,BEAR,22.149999618530277,36.189547171639795,23.118999694506964,23.647043784512324,23.687109826734133,-2.23302369132163,-0.1691470277078276,-2.398393625827575,2.23302369132163,0.1691470277078276,2.398393625827575,-0.0611814421380501,0.16880247590453215,-0.22998391804258225,-1.038302130940815,1.038302130940815,0.8829770509665328,-4.191358141705933,4.191358141705933,3.0,1.0,3.0,0.0,3.0,0.0,FCL.NS
CURRENT,FCL,NSE,2026-07-23,2026-07-24,2026-07-24,LONG,43.400001525878906,42.315001487731934,45.57000160217285,42.315001487731934,STOP_LOSS,1,-2.500000000000002,-2.650000000000002,NEUTRAL,NEUTRAL,41.90999984741211,60.93870815992368,40.16932029851388,39.21048984810116,38.86799500078726,2.445341678023317,0.8811744657962521,3.3480638702877847,2.445341678023317,0.8811744657962521,3.3480638702877847,0.3823784422535468,0.08616251093942932,0.29621593131411744,0.7067905807506426,0.7067905807506426,2.1274631504532873,4.333355745037655,4.333355745037655,3.0,3.0,2.0,0.0,3.0,0.0,FCL.NS
CURRENT,FCL,NSE,2026-08-10,2026-08-11,2026-08-11,LONG,43.34999847412109,42.26624851226806,45.51749839782714,42.26624851226806,STOP_LOSS,1,-2.500000000000002,-2.650000000000002,BULL,BULL,42.5099983215332,60.463423734491414,41.12705021065126,40.17547826429704,39.62496491353334,2.3685391872481074,1.3893093709104618,3.7907548950406933,2.3685391872481074,1.3893093709104618,3.7907548950406933,0.6174018230851104,0.3360528486406795,0.28134897444443085,0.6618418855639312,0.6618418855639312,0.9518384966565531,3.3626241215903656,3.3626241215903656,2.0,2.0,2.0,0.0,2.0,0.0,FCL.NS
EMA_MACD,FCL,NSE,2025-02-05,2025-02-06,2025-02-07,SHORT,31.600000381469727,32.39000039100647,30.02000036239624,30.02000036239624,TARGET,2,5.263157894736836,5.113157894736836,NEUTRAL,NEUTRAL,31.63500022888184,44.143261172367836,31.994830852536968,32.27718613227838,32.518340225471775,-0.8747828220968968,-0.7415941020399837,-1.609889586322551,0.8747828220968968,0.7415941020399837,1.609889586322551,-0.2574627026923366,-0.22850563915464944,-0.028957063537687178,-0.09153489277123575,0.09153489277123575,0.6194842590782714,-1.1246523706081601,1.1246523706081601,3.0,4.0,0.0,22.0,22.0,0.0,FCL.NS
EMA_MACD,FCL,NSE,2025-05-07,2025-05-08,2025-05-09,SHORT,23.655000686645508,24.246375703811644,22.47225065231323,22.47225065231323,TARGET,2,5.263157894736836,5.113157894736836,NEUTRAL,NEUTRAL,23.624000549316406,47.87401660408037,23.7629265577539,23.915458977257146,23.930429833510097,-0.6377984200441185,-0.06255991370446363,-0.6999593276073941,0.6377984200441185,0.06255991370446363,0.6999593276073941,-0.013035563066221556,0.02209566985138227,-0.035131232917603825,-0.14870992253943371,0.14870992253943371,0.9997618268281454,-0.5846334124706624,0.5846334124706624,1.0,1.0,1.0,18.0,18.0,1.0,FCL.NS
EMA_MACD,FCL,NSE,2025-05-13,2025-05-14,2025-05-21,LONG,25.944000244140625,25.295400238037107,27.241200256347657,25.295400238037107,STOP_LOSS,6,-2.5000000000000133,-2.650000000000013,NEUTRAL,NEUTRAL,25.738000869750977,60.17432015636492,24.47978810500597,24.119299855264877,24.01878491572855,1.4946049508249006,0.4184846980769069,1.9193443419177096,1.4946049508249006,0.4184846980769069,1.9193443419177096,0.12121210966038021,0.003471800784739569,0.11774030887564063,0.45745708639716826,0.45745708639716826,1.506643650971241,5.139802515233824,5.139802515233824,1.0,0.0,0.0,0.0,1.0,0.0,FCL.NS
EMA_MACD,FCL,NSE,2025-06-04,2025-06-05,2025-06-10,LONG,24.934999465942383,24.311624479293823,26.181749439239503,26.181749439239503,TARGET,4,5.000000000000004,4.850000000000004,NEUTRAL,NEUTRAL,24.756999969482425,52.64690307308982,24.6066993732114,24.48635450912468,24.418734400160048,0.4914772594747504,0.2769189748187337,0.7697572280818887,0.4914772594747504,0.2769189748187337,0.7697572280818887,0.07194421032388831,0.0653457170527228,0.0065984932711655175,0.02665304067253455,0.02665304067253455,0.6622174660160516,0.6108116899036642,0.6108116899036642,1.0,1.0,0.0,14.0,14.0,0.0,FCL.NS
EMA_MACD,FCL,NSE,2025-10-13,2025-10-14,2025-10-17,SHORT,24.097999572753903,24.700449562072748,22.893099594116208,24.700449562072748,STOP_LOSS,4,-2.439024390243893,-2.5890243902438934,BULL,BULL,23.839000701904297,44.268635263475566,24.229204746977437,24.35786558076908,24.364855690249087,-0.528210624059038,-0.028689312052050463,-0.5567483961168599,0.528210624059038,0.028689312052050463,0.5567483961168599,-0.006409227931193584,0.021954914216875145,-0.02836414214806873,-0.11898209368232016,0.11898209368232016,0.09599168943404492,-1.6104698818966316,1.6104698818966316,2.0,0.0,0.0,13.0,13.0,0.0,FCL.NS
EMA_MACD,FCL,NSE,2025-10-21,2025-10-23,2025-10-31,LONG,24.86800003051757,24.24630002975464,26.111400032043456,26.111400032043456,TARGET,7,5.000000000000004,4.850000000000004,BULL,BULL,24.59000015258789,52.947754042859756,24.409408818145597,24.34870095429009,24.344580789945674,0.24932691057922268,0.01692435938810317,0.26629346694972356,0.24932691057922268,0.01692435938810317,0.26629346694972356,0.0071531464182186255,-0.013495022728802698,0.020648169147021323,0.0839697804753705,0.0839697804753705,0.03649709954596799,0.7398431309325487,0.7398431309325487,1.0,0.0,1.0,16.0,16.0,0.0,FCL.NS
EMA_MACD,FCL,NSE,2026-01-06,2026-01-07,2026-01-12,SHORT,24.049999237060547,24.651249217987058,22.84749927520752,22.84749927520752,TARGET,4,5.2631578947368585,5.113157894736858,BULL,BULL,24.1200008392334,44.11966692042246,24.383291479388546,24.489597574327757,24.582140996704393,-0.4340867366912149,-0.3764660791305475,-0.8089186265041154,0.4340867366912149,0.3764660791305475,0.8089186265041154,-0.0990557200307407,-0.09342334801225542,-0.005632372018485279,-0.02335145863396368,0.02335145863396368,0.6292928423965064,-1.0797994207537993,1.0797994207537993,1.0,3.0,0.0,71.0,71.0,0.0,FCL.NS
EMA_MACD,FCL,NSE,2026-03-04,2026-03-05,2026-03-09,SHORT,22.270000457763672,22.826750469207763,21.15650043487549,21.15650043487549,TARGET,3,5.2631578947368585,5.113157894736858,BEAR,BEAR,22.149999618530277,36.189547171639795,23.118999694506964,23.647043784512324,23.687109826734133,-2.23302369132163,-0.1691470277078276,-2.398393625827575,2.23302369132163,0.1691470277078276,2.398393625827575,-0.0611814421380501,0.16880247590453215,-0.22998391804258225,-1.038302130940815,1.038302130940815,0.8829770509665328,-4.191358141705933,4.191358141705933,3.0,1.0,3.0,0.0,3.0,0.0,FCL.NS
EMA_MACD,FCL,NSE,2026-07-21,2026-07-22,2026-07-22,LONG,40.400001525878906,39.39000148773193,42.42000160217285,39.39000148773193,STOP_LOSS,1,-2.5000000000000133,-2.650000000000013,NEUTRAL,NEUTRAL,40.04999923706055,55.58353917809764,39.00847025203953,38.573999922677245,38.52420529665264,1.1263294712324188,0.12925542692228711,1.2570407401212988,1.1263294712324188,0.12925542692228711,1.2570407401212988,0.04020042518741462,-0.020406938067653757,0.06060736325506838,0.15132924946221954,0.15132924946221954,1.989509648132169,2.670007253018494,2.670007253018494,1.0,1.0,0.0,26.0,26.0,0.0,FCL.NS
EMA_MACD,FCL,NSE,2026-08-06,2026-08-07,2026-08-10,LONG,41.70000076293945,40.65750074386597,43.785000801086426,40.65750074386597,STOP_LOSS,2,-2.500000000000002,-2.650000000000002,BULL,BULL,41.75,58.45971224310146,39.8333645379912,39.47745695449811,39.21449526899294,0.9015463784896603,0.6705726637595992,1.5781645658145258,0.9015463784896603,0.6705726637595992,1.5781645658145258,0.2864967603986983,0.22316754530636104,0.06332921509233727,0.1516867427361372,0.1516867427361372,1.8843845237823336,4.81163337377841,4.81163337377841,0.0,0.0,0.0,10.0,10.0,0.0,FCL.NS
CURRENT,GMRAIRPORT,BSE,2024-12-20,2024-12-23,2025-01-07,SHORT,78.83999633789062,80.81099624633788,74.89799652099609,76.66000366210938,TIME_EXIT,11,2.843715851345241,2.693715851345241,NEUTRAL,NEUTRAL,78.6500015258789,36.34406894308334,81.20002333609803,82.43034878248213,82.51537293415021,-1.49256367898029,-0.10304037738026284,-1.594066113113091,1.49256367898029,0.10304037738026284,1.594066113113091,-0.12124445869417855,0.3585469584148272,-0.47979141710900575,-0.6100335763517255,0.6100335763517255,0.49772141287371435,-3.140420046019238,3.140420046019238,2.0,1.0,2.0,0.0,2.0,0.0,GMRAIRPORT.BO
CURRENT,GMRAIRPORT,BSE,2025-07-02,2025-07-03,2025-07-17,LONG,90.19000244140624,87.93525238037108,94.69950256347656,94.69950256347656,TARGET,11,5.000000000000004,4.850000000000004,BULL,BULL,88.37999725341797,63.34881056919642,86.04839232577254,84.67460306620123,84.52870458365327,1.6224336575835372,0.17260229322877624,1.7978363085114184,1.6224336575835372,0.17260229322877624,1.7978363085114184,0.21227367033591804,-0.42511020626731233,0.6373838766032304,0.7211856714315302,0.7211856714315302,4.8371302778859695,2.709643799988911,2.709643799988911,4.0,2.0,4.0,0.0,4.0,0.0,GMRAIRPORT.BO
CURRENT,GMRAIRPORT,BSE,2025-09-17,2025-09-18,2025-09-22,LONG,91.86000061035156,89.56350059509278,96.45300064086916,89.56350059509278,STOP_LOSS,3,-2.500000000000002,-2.650000000000002,BULL,BULL,91.9000015258789,62.871779211672134,90.38001274393162,88.94322171521813,88.76671117012008,1.6154025017374114,0.19884767923841898,1.8174623713608946,1.6154025017374114,0.19884767923841898,1.8174623713608946,0.24619291842039104,-0.3984977784873842,0.6446906969077753,0.7015132602867599,0.7015132602867599,0.5658561910579191,1.6817753569628118,1.6817753569628118,2.0,1.0,3.0,1.0,3.0,1.0,GMRAIRPORT.BO
CURRENT,GMRAIRPORT,BSE,2026-01-13,2026-01-14,2026-01-16,SHORT,99.0500030517578,101.52625312805174,94.09750289916992,101.52625312805174,STOP_LOSS,2,-2.439024390243893,-2.5890243902438934,BULL,BULL,99.1999969482422,39.90978845910934,100.832774988872,102.2230100395965,102.28063795528257,-1.360002068209482,-0.05634293727348904,-1.4155787403707618,1.360002068209482,0.05634293727348904,1.4155787403707618,-0.13036380715244889,0.5535649819790898,-0.6839287891315387,-0.6894443650924504,0.6894443650924504,3.956830012060747,-1.6192929737478676,1.6192929737478676,2.0,2.0,3.0,0.0,3.0,0.0,GMRAIRPORT.BO
CURRENT,GMRAIRPORT,BSE,2026-03-09,2026-03-10,2026-03-10,SHORT,93.0500030517578,95.37625312805172,88.39750289916991,95.37625312805172,STOP_LOSS,1,-2.439024390243893,-2.5890243902438934,BEAR,BEAR,92.0,36.61713421555376,95.38365822811573,97.3314673941791,97.90808742295008,-2.0012121652034742,-0.588940141665777,-2.578366365108469,2.0012121652034742,0.588940141665777,2.578366365108469,-0.6789576289579173,0.0439984154333162,-0.7229560443912335,-0.7858217873817754,0.7858217873817754,0.21966143080756376,-3.547419223556632,3.547419223556632,3.0,3.0,3.0,0.0,3.0,0.0,GMRAIRPORT.BO
CURRENT,GMRAIRPORT,BSE,2026-05-29,2026-06-01,2026-06-01,LONG,100.8000030517578,98.28000297546384,105.84000320434568,98.28000297546384,STOP_LOSS,1,-2.5000000000000133,-2.650000000000013,BEAR,BEAR,100.45999908447266,60.15695210969409,98.22071152626069,97.2576858724196,96.74108387650655,0.9901794857676967,0.5340047632425851,1.529471854628932,0.9901794857676967,0.5340047632425851,1.529471854628932,0.5702996130448383,0.3471012682996579,0.22319834474518047,0.222176335635343,0.222176335635343,1.148404156170475,2.279852714784361,2.279852714784361,2.0,2.0,1.0,0.0,2.0,0.0,GMRAIRPORT.BO
EMA_MACD,GMRAIRPORT,BSE,2024-12-20,2024-12-23,2025-01-07,SHORT,78.83999633789062,80.81099624633788,74.89799652099609,76.66000366210938,TIME_EXIT,11,2.843715851345241,2.693715851345241,NEUTRAL,NEUTRAL,78.6500015258789,36.34406894308334,81.20002333609803,82.43034878248213,82.51537293415021,-1.49256367898029,-0.10304037738026284,-1.594066113113091,1.49256367898029,0.10304037738026284,1.594066113113091,-0.12124445869417855,0.3585469584148272,-0.47979141710900575,-0.6100335763517255,0.6100335763517255,0.49772141287371435,-3.140420046019238,3.140420046019238,2.0,1.0,2.0,0.0,2.0,0.0,GMRAIRPORT.BO
EMA_MACD,GMRAIRPORT,BSE,2025-07-02,2025-07-03,2025-07-17,LONG,90.19000244140624,87.93525238037108,94.69950256347656,94.69950256347656,TARGET,11,5.000000000000004,4.850000000000004,BULL,BULL,88.37999725341797,63.34881056919642,86.04839232577254,84.67460306620123,84.52870458365327,1.6224336575835372,0.17260229322877624,1.7978363085114184,1.6224336575835372,0.17260229322877624,1.7978363085114184,0.21227367033591804,-0.42511020626731233,0.6373838766032304,0.7211856714315302,0.7211856714315302,4.8371302778859695,2.709643799988911,2.709643799988911,4.0,2.0,4.0,0.0,4.0,0.0,GMRAIRPORT.BO
EMA_MACD,GMRAIRPORT,BSE,2025-09-17,2025-09-18,2025-09-22,LONG,91.86000061035156,89.56350059509278,96.45300064086916,89.56350059509278,STOP_LOSS,3,-2.500000000000002,-2.650000000000002,BULL,BULL,91.9000015258789,62.871779211672134,90.38001274393162,88.94322171521813,88.76671117012008,1.6154025017374114,0.19884767923841898,1.8174623713608946,1.6154025017374114,0.19884767923841898,1.8174623713608946,0.24619291842039104,-0.3984977784873842,0.6446906969077753,0.7015132602867599,0.7015132602867599,0.5658561910579191,1.6817753569628118,1.6817753569628118,2.0,1.0,3.0,1.0,3.0,1.0,GMRAIRPORT.BO
EMA_MACD,GMRAIRPORT,BSE,2025-09-30,2025-10-01,2025-10-01,SHORT,87.30000305175781,89.48250312805175,82.93500289916992,89.48250312805175,STOP_LOSS,1,-2.439024390243893,-2.5890243902438934,BULL,BULL,87.2300033569336,42.11818470248956,88.0152437723577,88.84720177641023,88.96736342438805,-0.9363919036484687,-0.1350626154948913,-1.07018980374701,0.9363919036484687,0.1350626154948913,1.07018980374701,-0.15154984031889285,0.16001995214822012,-0.31156979246711297,-0.35718191043993286,0.35718191043993286,0.27083598412721305,-0.8921641090434921,0.8921641090434921,2.0,2.0,2.0,17.0,17.0,2.0,GMRAIRPORT.BO
EMA_MACD,GMRAIRPORT,BSE,2025-10-10,2025-10-13,2025-10-24,LONG,89.41999816894531,87.18449821472167,93.89099807739258,93.89099807739258,TARGET,9,5.000000000000004,4.850000000000004,BULL,BULL,90.12000274658205,54.14420409677888,89.42992888141977,89.1369903150268,89.07669886737948,0.32863861047773407,0.06768486979639872,0.39654591888973534,0.32863861047773407,0.06768486979639872,0.39654591888973534,0.0706167780310949,-0.00565419611591343,0.07627097414700833,0.08463268067299413,0.08463268067299413,0.2921554680397611,0.7716363792229828,0.7716363792229828,1.0,1.0,1.0,17.0,17.0,1.0,GMRAIRPORT.BO
EMA_MACD,GMRAIRPORT,BSE,2026-01-13,2026-01-14,2026-01-16,SHORT,99.0500030517578,101.52625312805174,94.09750289916992,101.52625312805174,STOP_LOSS,2,-2.439024390243893,-2.5890243902438934,BULL,BULL,99.1999969482422,39.90978845910934,100.832774988872,102.2230100395965,102.28063795528257,-1.360002068209482,-0.05634293727348904,-1.4155787403707618,1.360002068209482,0.05634293727348904,1.4155787403707618,-0.13036380715244889,0.5535649819790898,-0.6839287891315387,-0.6894443650924504,0.6894443650924504,3.956830012060747,-1.6192929737478676,1.6192929737478676,2.0,2.0,3.0,0.0,3.0,0.0,GMRAIRPORT.BO
EMA_MACD,GMRAIRPORT,BSE,2026-03-06,2026-03-09,2026-03-10,SHORT,92.8499984741211,95.1712484359741,88.20749855041504,95.1712484359741,STOP_LOSS,2,-2.4390243902438824,-2.5890243902438823,BEAR,BEAR,95.0,41.878038496079796,97.07548734217357,98.22004529320895,98.38073441678608,-1.16529975894291,-0.16333393375208555,-1.3267303627587106,1.16529975894291,0.16333393375208555,1.3267303627587106,-0.20085375115900206,0.22473742653112458,-0.42559117769012667,-0.44799071335802804,0.44799071335802804,0.25861649451087554,-2.1380138271753975,2.1380138271753975,2.0,2.0,2.0,2.0,2.0,2.0,GMRAIRPORT.BO
EMA_MACD,GMRAIRPORT,BSE,2026-05-28,2026-05-29,2026-06-01,LONG,101.66999816894533,99.1282482147217,106.7534980773926,99.1282482147217,STOP_LOSS,2,-2.500000000000002,-2.650000000000002,UNKNOWN,UNKNOWN,97.8499984741211,54.14006027298469,97.10106774715467,96.72396700374408,96.44357065986925,0.38987311531173735,0.2907361703391406,0.6817427878155172,0.38987311531173735,0.2907361703391406,0.6817427878155172,0.2953372669691845,0.2913016821133627,0.004035584855821783,0.004124256432041842,0.004124256432041842,0.0,0.7712898985998706,0.7712898985998706,1.0,1.0,0.0,15.0,15.0,0.0,GMRAIRPORT.BO
CURRENT,GMRAIRPORT,NSE,2024-12-20,2024-12-23,2025-01-07,SHORT,79.18000030517578,81.15950031280516,75.22100028991699,76.63999938964844,TIME_EXIT,11,3.314197463146651,3.164197463146651,NEUTRAL,NEUTRAL,78.81999969482422,36.53454727504259,81.26061096933525,82.46912791813479,82.54620710581999,-1.46541739837386,-0.09337701923286265,-1.5574260545208016,1.46541739837386,0.09337701923286265,1.5574260545208016,-0.11214990943574321,0.3612200414487641,-0.4733699508845073,-0.600570861097823,0.600570861097823,0.7887715128128675,-3.0034370224363984,3.0034370224363984,2.0,1.0,2.0,0.0,2.0,0.0,GMRAIRPORT.NS
CURRENT,GMRAIRPORT,NSE,2025-07-02,2025-07-03,2025-07-17,LONG,90.0,87.75,94.5,94.5,TARGET,11,5.000000000000004,4.850000000000004,BULL,BULL,88.4000015258789,63.342778705649614,86.04174278479535,84.67284378742838,84.53221520912892,1.6166918886102344,0.16636092873178235,1.78574236098264,1.6166918886102344,0.16636092873178235,1.78574236098264,0.2064972821222142,-0.4299187596796918,0.636416041801906,0.7199276366704549,0.7199276366704549,1.9124475880116814,2.7408309789609397,2.7408309789609397,4.0,2.0,4.0,0.0,4.0,0.0,GMRAIRPORT.NS
CURRENT,GMRAIRPORT,NSE,2025-09-17,2025-09-18,2025-09-24,LONG,92.08999633789062,89.78774642944336,96.69449615478516,89.78774642944336,STOP_LOSS,5,-2.500000000000002,-2.650000000000002,BULL,BULL,91.87999725341795,62.855534209439504,90.34800754137608,88.91602367892207,88.75293805797872,1.6104902167295883,0.183752363033674,1.7972018935929288,1.6104902167295883,0.183752363033674,1.7972018935929288,0.23156030146878948,-0.4127756596865642,0.6443359611553536,0.7012799090298015,0.7012799090298015,0.5232256050507313,1.6956541198103148,1.6956541198103148,2.0,1.0,3.0,1.0,3.0,1.0,GMRAIRPORT.NS
CURRENT,GMRAIRPORT,NSE,2026-01-13,2026-01-14,2026-01-16,SHORT,98.54000091552734,101.00350093841551,93.61300086975098,101.00350093841551,STOP_LOSS,3,-2.439024390243893,-2.5890243902438934,BULL,BULL,99.2699966430664,39.96764237297373,100.89231132507479,102.26763188238883,102.31350683822843,-1.3448248795823343,-0.04483763410840996,-1.3890595260318384,1.3448248795823343,0.04483763410840996,1.3890595260318384,-0.11710692998347838,0.5616643497748128,-0.6787712797582912,-0.6837627709396126,0.6837627709396126,0.5203358094171208,-1.6079666138099322,1.6079666138099322,2.0,2.0,3.0,0.0,3.0,0.0,GMRAIRPORT.NS
CURRENT,GMRAIRPORT,NSE,2026-03-09,2026-03-10,2026-03-10,SHORT,94.0,96.35,89.3,96.35,STOP_LOSS,1,-2.439024390243893,-2.5890243902438934,BEAR,BEAR,92.06999969482422,36.54657591694456,95.40873336130412,97.34433631788583,97.90915076162966,-1.9884083962120296,-0.5768760522894627,-2.5538137966420322,1.9884083962120296,0.5768760522894627,2.5538137966420322,-0.6661091232741683,0.05546319309478248,-0.7215723163689507,-0.7837214280011715,0.7837214280011715,0.9318060918639081,-3.499400472948759,3.499400472948759,3.0,3.0,3.0,0.0,3.0,0.0,GMRAIRPORT.NS
CURRENT,GMRAIRPORT,NSE,2026-05-29,2026-06-01,2026-06-01,LONG,101.0,98.475,106.05,98.475,STOP_LOSS,1,-2.500000000000002,-2.650000000000002,BEAR,BEAR,100.37000274658205,60.13657138815181,98.19527979577407,97.25575566835452,96.76467762937575,0.9660344737059626,0.5074972097356414,1.4784342814407463,0.9660344737059626,0.5074972097356414,1.4784342814407463,0.5425913940142522,0.32076223203959486,0.2218291619746573,0.22101141367380442,0.22101141367380442,6.427611200805623,2.214691943778714,2.214691943778714,2.0,2.0,1.0,0.0,2.0,0.0,GMRAIRPORT.NS
EMA_MACD,GMRAIRPORT,NSE,2024-12-20,2024-12-23,2025-01-07,SHORT,79.18000030517578,81.15950031280516,75.22100028991699,76.63999938964844,TIME_EXIT,11,3.314197463146651,3.164197463146651,NEUTRAL,NEUTRAL,78.81999969482422,36.53454727504259,81.26061096933525,82.46912791813479,82.54620710581999,-1.46541739837386,-0.09337701923286265,-1.5574260545208016,1.46541739837386,0.09337701923286265,1.5574260545208016,-0.11214990943574321,0.3612200414487641,-0.4733699508845073,-0.600570861097823,0.600570861097823,0.7887715128128675,-3.0034370224363984,3.0034370224363984,2.0,1.0,2.0,0.0,2.0,0.0,GMRAIRPORT.NS
EMA_MACD,GMRAIRPORT,NSE,2025-07-02,2025-07-03,2025-07-17,LONG,90.0,87.75,94.5,94.5,TARGET,11,5.000000000000004,4.850000000000004,BULL,BULL,88.4000015258789,63.342778705649614,86.04174278479535,84.67284378742838,84.53221520912892,1.6166918886102344,0.16636092873178235,1.78574236098264,1.6166918886102344,0.16636092873178235,1.78574236098264,0.2064972821222142,-0.4299187596796918,0.636416041801906,0.7199276366704549,0.7199276366704549,1.9124475880116814,2.7408309789609397,2.7408309789609397,4.0,2.0,4.0,0.0,4.0,0.0,GMRAIRPORT.NS
EMA_MACD,GMRAIRPORT,NSE,2025-09-17,2025-09-18,2025-09-24,LONG,92.08999633789062,89.78774642944336,96.69449615478516,89.78774642944336,STOP_LOSS,5,-2.500000000000002,-2.650000000000002,BULL,BULL,91.87999725341795,62.855534209439504,90.34800754137608,88.91602367892207,88.75293805797872,1.6104902167295883,0.183752363033674,1.7972018935929288,1.6104902167295883,0.183752363033674,1.7972018935929288,0.23156030146878948,-0.4127756596865642,0.6443359611553536,0.7012799090298015,0.7012799090298015,0.5232256050507313,1.6956541198103148,1.6956541198103148,2.0,1.0,3.0,1.0,3.0,1.0,GMRAIRPORT.NS
EMA_MACD,GMRAIRPORT,NSE,2025-09-29,2025-09-30,2025-10-01,SHORT,86.91999816894531,89.09299812316894,82.57399826049804,89.09299812316894,STOP_LOSS,2,-2.439024390243893,-2.5890243902438934,BULL,BULL,86.9000015258789,40.63974764938312,88.34642804700064,89.07791327892167,89.0807577771825,-0.821174638016714,-0.0031931680104728276,-0.8243415845413357,0.821174638016714,0.0031931680104728276,0.8243415845413357,-0.016794359344288523,0.2276921949559157,-0.24448655430020422,-0.2813424050716453,0.2813424050716453,0.489610533132881,-1.6372212811504188,1.6372212811504188,1.0,1.0,1.0,17.0,17.0,1.0,GMRAIRPORT.NS
EMA_MACD,GMRAIRPORT,NSE,2025-10-10,2025-10-13,2025-10-24,LONG,89.9000015258789,87.65250148773193,94.39500160217284,94.39500160217284,TARGET,9,5.000000000000004,4.850000000000004,BULL,BULL,90.3499984741211,55.24831808221456,89.50273192948426,89.14930673108597,89.07135417867956,0.3964418920994775,0.08751697234785562,0.4843058183884172,0.3964418920994775,0.08751697234785562,0.4843058183884172,0.09180484274973821,-0.007842055469564096,0.09964689821930231,0.11028987260895652,0.11028987260895652,0.3749974264451881,0.9466376348203166,0.9466376348203166,1.0,1.0,1.0,17.0,17.0,1.0,GMRAIRPORT.NS
EMA_MACD,GMRAIRPORT,NSE,2026-01-13,2026-01-14,2026-01-16,SHORT,98.54000091552734,101.00350093841551,93.61300086975098,101.00350093841551,STOP_LOSS,3,-2.439024390243893,-2.5890243902438934,BULL,BULL,99.2699966430664,39.96764237297373,100.89231132507479,102.26763188238883,102.31350683822843,-1.3448248795823343,-0.04483763410840996,-1.3890595260318384,1.3448248795823343,0.04483763410840996,1.3890595260318384,-0.11710692998347838,0.5616643497748128,-0.6787712797582912,-0.6837627709396126,0.6837627709396126,0.5203358094171208,-1.6079666138099322,1.6079666138099322,2.0,2.0,3.0,0.0,3.0,0.0,GMRAIRPORT.NS
EMA_MACD,GMRAIRPORT,NSE,2026-03-06,2026-03-09,2026-03-10,SHORT,93.19000244140624,95.51975250244138,88.53050231933592,95.51975250244138,STOP_LOSS,2,-2.439024390243893,-2.5890243902438934,BEAR,BEAR,95.05999755859376,41.88029327758168,97.07810019454405,98.22339242172943,98.37628284697409,-1.166007606689028,-0.15541390751924142,-1.3196093762247423,1.166007606689028,0.15541390751924142,1.3196093762247423,-0.19268812797655244,0.23585627218702016,-0.4285444001635726,-0.4508146551333786,0.4508146551333786,1.308287379069993,-2.07884438602117,2.07884438602117,2.0,2.0,2.0,14.0,14.0,2.0,GMRAIRPORT.NS
EMA_MACD,GMRAIRPORT,NSE,2026-05-28,2026-05-29,2026-06-01,LONG,102.0,99.45,107.1,99.45,STOP_LOSS,2,-2.500000000000002,-2.650000000000002,UNKNOWN,UNKNOWN,97.83999633789062,54.130918800999815,97.10791832037006,96.73671448864994,96.47625161999925,0.3837259035334268,0.26997614882116555,0.6547380207709812,0.3837259035334268,0.26997614882116555,0.6547380207709812,0.2741567264467619,0.26530494154593054,0.008851784900831383,0.00904720485706247,0.00904720485706247,0.0,0.7538808679899363,0.7538808679899363,1.0,1.0,0.0,15.0,15.0,0.0,GMRAIRPORT.NS
CURRENT,GROWW,BSE,2026-03-30,2026-04-01,2026-04-02,SHORT,158.5,162.46249999999998,150.575,162.46249999999998,STOP_LOSS,2,-2.439024390243893,-2.5890243902438934,BEAR,BEAR,150.10000610351562,37.92018520241189,157.71070410771563,159.11138881461778,160.4352210776866,-0.8803170642511994,-0.825150645959338,-1.6982037682683784,0.8803170642511994,0.825150645959338,1.6982037682683784,-1.424068364722956,-1.4069541060110322,-0.017114258711923735,-0.011401904074621412,0.011401904074621412,2.521658399848604,-4.825733324354404,4.825733324354404,0.0,0.0,0.0,0.0,0.0,0.0,GROWW.BO
CURRENT,GROWW,BSE,2026-04-08,2026-04-09,2026-04-10,LONG,182.0500030517578,177.49875297546387,191.1525032043457,191.1525032043457,TARGET,2,5.000000000000004,4.850000000000004,BEAR,BEAR,181.0500030517578,65.43438873452673,170.0666361704951,164.87456459649687,163.2291562335447,3.1491040396103265,1.0080358196534163,4.188883955981168,3.1491040396103265,1.0080358196534163,4.188883955981168,1.974179432035669,-0.12364795563343695,2.097827387669106,1.1587005536086004,1.1587005536086004,3.142953694862416,6.458272550444103,6.458272550444103,3.0,3.0,4.0,0.0,4.0,0.0,GROWW.BO
CURRENT,GROWW,BSE,2026-07-15,2026-07-16,2026-07-16,LONG,219.6000061035156,214.11000595092773,230.58000640869145,214.11000595092773,STOP_LOSS,1,-2.500000000000002,-2.650000000000002,NEUTRAL,NEUTRAL,216.39999389648438,64.20438132317543,207.5104609401837,203.5060029473188,200.8235126722009,1.9677345802430832,1.3357451223833763,3.3297636213035076,1.9677345802430832,1.3357451223833763,3.3297636213035076,2.9761607919937205,2.0038008659966327,0.9723599259970879,0.449334544095329,0.449334544095329,3.717610634403946,4.283896299022319,4.283896299022319,3.0,3.0,2.0,0.0,3.0,0.0,GROWW.BO
EMA_MACD,GROWW,BSE,2026-03-30,2026-04-01,2026-04-02,SHORT,158.5,162.46249999999998,150.575,162.46249999999998,STOP_LOSS,2,-2.439024390243893,-2.5890243902438934,BEAR,BEAR,150.10000610351562,37.92018520241189,157.71070410771563,159.11138881461778,160.4352210776866,-0.8803170642511994,-0.825150645959338,-1.6982037682683784,0.8803170642511994,0.825150645959338,1.6982037682683784,-1.424068364722956,-1.4069541060110322,-0.017114258711923735,-0.011401904074621412,0.011401904074621412,2.521658399848604,-4.825733324354404,4.825733324354404,0.0,0.0,0.0,0.0,0.0,0.0,GROWW.BO
EMA_MACD,GROWW,BSE,2026-04-06,2026-04-07,2026-04-08,LONG,167.3000030517578,163.11750297546385,175.6650032043457,175.6650032043457,TARGET,2,5.000000000000004,4.850000000000004,BEAR,BEAR,168.75,57.408548042609375,163.51243062067442,161.42510172712747,161.4117678112753,1.2930633905223539,0.008260807766979125,1.301431015770329,1.2930633905223539,0.008260807766979125,1.301431015770329,0.11437859596480848,-0.9397897345535106,1.0541683305183192,0.6246923440108558,0.6246923440108558,0.8712909719622195,3.2031628173126445,3.2031628173126445,1.0,1.0,2.0,33.0,33.0,1.0,GROWW.BO
EMA_MACD,GROWW,BSE,2026-07-13,2026-07-14,2026-07-14,LONG,208.3500061035156,203.14125595092773,218.76750640869145,203.14125595092773,STOP_LOSS,1,-2.500000000000002,-2.650000000000002,NEUTRAL,NEUTRAL,208.25,59.86049925122192,202.67353864129217,200.94150418117042,199.23558521991765,0.8619595375180117,0.8562320628464829,1.725571974293487,0.8619595375180117,0.8562320628464829,1.725571974293487,1.8474299855613197,1.7180606209689497,0.12936936459236992,0.06212214386188231,0.06212214386188231,1.0816317266105486,2.751450138035779,2.751450138035779,1.0,1.0,0.0,7.0,7.0,0.0,GROWW.BO
EMA_MACD,GROWW,BSE,2026-08-31,2026-09-01,2026-09-04,SHORT,193.25,198.08125,183.5875,194.1000061035156,TIME_EXIT,4,-0.4379217294111281,-0.5879217294111282,NEUTRAL,NEUTRAL,192.35000610351562,44.9318132482961,194.47787198084566,195.68046925560662,196.35491386252275,-0.6145719495337446,-0.3434824184681906,-0.9559434214064497,0.6145719495337446,0.3434824184681906,0.9559434214064497,-0.7350417895249279,-0.5382961711960527,-0.19674561832887527,-0.10228521553724002,0.10228521553724002,0.5503408931248129,-1.094142925185655,1.094142925185655,1.0,1.0,0.0,17.0,17.0,0.0,GROWW.BO
CURRENT,GROWW,NSE,2026-03-30,2026-04-01,2026-04-01,SHORT,158.0,161.95,150.1,161.95,STOP_LOSS,1,-2.439024390243893,-2.5890243902438934,BEAR,BEAR,150.1199951171875,37.584035804451226,157.72222626450474,159.14875806715364,160.48320938504907,-0.8963511999553041,-0.8315208319978605,-1.7204186849976735,0.8963511999553041,0.8315208319978605,1.7204186849976735,-1.4362443755132972,-1.408985202846766,-0.027259172666531217,-0.018158255764165198,0.018158255764165198,1.8221301240008776,-4.820012579944236,4.820012579944236,0.0,0.0,0.0,0.0,0.0,0.0,GROWW.NS
CURRENT,GROWW,NSE,2026-04-08,2026-04-09,2026-04-10,LONG,182.0,177.45,191.1,191.1,TARGET,2,5.000000000000004,4.850000000000004,BEAR,BEAR,181.00999450683594,65.54849498692062,170.03629954491504,164.88113779416784,163.25757795508486,3.126592780541538,0.9944774750545775,4.152163516535284,3.126592780541538,0.9944774750545775,4.152163516535284,1.9494045109151443,-0.1352541138518814,2.084658624767026,1.1516815026964147,1.1516815026964147,2.7764581470260796,6.453736638171311,6.453736638171311,3.0,3.0,4.0,0.0,4.0,0.0,GROWW.NS
CURRENT,GROWW,NSE,2026-07-15,2026-07-16,2026-07-16,LONG,219.69000244140625,214.1977523803711,230.67450256347655,214.1977523803711,STOP_LOSS,1,-2.500000000000002,-2.650000000000002,NEUTRAL,NEUTRAL,216.3300018310547,64.32314633889939,207.45743457029465,203.4880666052508,200.845184467136,1.9506637569779894,1.3158802612702176,3.2922124175900325,1.9506637569779894,1.3158802612702176,3.2922124175900325,2.9337218355989307,1.9650127545712173,0.9687090810277135,0.4477922954876308,0.4477922954876308,4.321250366666645,4.27681335168235,4.27681335168235,3.0,3.0,2.0,0.0,3.0,0.0,GROWW.NS
EMA_MACD,GROWW,NSE,2026-03-30,2026-04-01,2026-04-01,SHORT,158.0,161.95,150.1,161.95,STOP_LOSS,1,-2.439024390243893,-2.5890243902438934,BEAR,BEAR,150.1199951171875,37.584035804451226,157.72222626450474,159.14875806715364,160.48320938504907,-0.8963511999553041,-0.8315208319978605,-1.7204186849976735,0.8963511999553041,0.8315208319978605,1.7204186849976735,-1.4362443755132972,-1.408985202846766,-0.027259172666531217,-0.018158255764165198,0.018158255764165198,1.8221301240008776,-4.820012579944236,4.820012579944236,0.0,0.0,0.0,0.0,0.0,0.0,GROWW.NS
EMA_MACD,GROWW,NSE,2026-04-06,2026-04-07,2026-04-08,LONG,167.3000030517578,163.11750297546385,175.6650032043457,175.6650032043457,TARGET,2,5.000000000000004,4.850000000000004,BEAR,BEAR,168.67999267578125,57.409612632639984,163.51917779075606,161.45682740845174,161.45557535259223,1.2773386021558597,0.0007754801014307835,1.2781239877639783,1.2773386021558597,0.0007754801014307835,1.2781239877639783,0.10062436764357585,-0.944604192189445,1.0452285598330209,0.619651769751999,0.619651769751999,1.0143630885533153,3.156091508501296,3.156091508501296,1.0,1.0,2.0,33.0,33.0,1.0,GROWW.NS
EMA_MACD,GROWW,NSE,2026-07-13,2026-07-14,2026-07-14,LONG,208.8500061035156,203.6287559509277,219.29250640869145,203.6287559509277,STOP_LOSS,1,-2.500000000000002,-2.650000000000002,NEUTRAL,NEUTRAL,208.17999267578125,59.934181162159604,202.6367297668055,200.94070253119747,199.27171154137366,0.8440436478242669,0.837545368037494,1.6886582643383279,0.8440436478242669,0.837545368037494,1.6886582643383279,1.80824932854253,1.6809218914111035,0.12732743713142658,0.06116218734320251,0.06116218734320251,1.1564056322483498,2.73556670370418,2.73556670370418,1.0,1.0,0.0,8.0,8.0,0.0,GROWW.NS
EMA_MACD,GROWW,NSE,2026-08-31,2026-09-01,2026-09-04,SHORT,193.0,197.825,183.35,194.0,TIME_EXIT,4,-0.5154639175257714,-0.6654639175257714,NEUTRAL,NEUTRAL,192.05999755859375,44.51715095807889,194.39797630132745,195.65192293640678,196.340687450244,-0.6409068800652186,-0.3508007040118763,-0.9894592782297656,0.6409068800652186,0.3508007040118763,0.9894592782297656,-0.7517755468917926,-0.538262117916208,-0.21351342897558456,-0.1111701716597418,0.1111701716597418,5.078058802545574,-1.2026764821407925,1.2026764821407925,1.0,1.0,0.0,17.0,17.0,0.0,GROWW.NS
CURRENT,HDFCBANK,NSE,2024-11-25,2024-11-26,2024-12-10,LONG,905.0,882.375,950.25,934.0499877929688,TIME_EXIT,11,3.2099434025379736,3.0599434025379737,NEUTRAL,NEUTRAL,892.7999877929688,62.016972159069745,875.443007173204,868.8876736336708,864.2141808592412,0.7544512068077708,0.5407794592982764,1.2993105832628915,0.7544512068077708,0.5407794592982764,1.2993105832628915,5.090257774927522,4.059567667126272,1.0306901078012505,0.11544468211174047,0.11544468211174047,8.861869005484616,1.98265112377906,1.98265112377906,2.0,3.0,0.0,0.0,3.0,0.0,HDFCBANK.NS
CURRENT,HDFCBANK,NSE,2025-03-19,2025-03-20,2025-03-25,LONG,877.0,855.0749999999999,920.85,920.85,TARGET,4,5.000000000000004,4.850000000000004,NEUTRAL,NEUTRAL,872.0499877929688,61.74145224372224,859.3195670365051,854.043062283243,852.4243044795322,0.6178265460239917,0.189900475057329,0.8089002766272505,0.6178265460239917,0.189900475057329,0.8089002766272505,1.9262994034427265,-0.029963592821565743,1.9562629962642923,0.22432922695352686,0.22432922695352686,0.7271028574800478,1.4814536110665413,1.4814536110665413,3.0,3.0,3.0,0.0,3.0,0.0,HDFCBANK.NS
CURRENT,HDFCBANK,NSE,2026-01-06,2026-01-07,2026-01-21,SHORT,956.0,979.9,908.2,920.3499755859376,TIME_EXIT,11,3.873529131281384,3.723529131281384,BULL,BULL,962.2000122070312,33.72012210709704,980.1036454546609,987.06493663671,990.2379839458637,-0.7052515922375622,-0.3204328010636281,-1.0234245358696377,0.7052515922375622,0.3204328010636281,1.0234245358696377,-3.638354484656361,-1.3835043811310592,-2.2548501035253015,-0.23434317968394888,0.23434317968394888,1.9100672053068044,-1.8267081579238782,1.8267081579238782,1.0,1.0,1.0,0.0,1.0,0.0,HDFCBANK.NS
CURRENT,HDFCBANK,NSE,2026-06-18,2026-06-19,2026-07-03,LONG,788.7000122070312,768.9825119018554,828.1350128173829,801.0499877929688,TIME_EXIT,11,1.5658647641425103,1.4158647641425106,BEAR,BEAR,799.0,64.84304246631845,783.2481721863196,769.4598273372114,767.297059008867,1.7919512311414674,0.281868450159073,2.0788706264633654,1.7919512311414674,0.281868450159073,2.0788706264633654,2.9902959181908955,-3.6815595091921973,6.671855427383093,0.8350257105610881,0.8350257105610881,1.09284031601447,2.0110902741989847,2.0110902741989847,4.0,3.0,4.0,1.0,4.0,1.0,HDFCBANK.NS
CURRENT,HDFCBANK,NSE,2026-07-22,2026-07-23,2026-08-06,SHORT,749.4000244140625,768.135025024414,711.9300231933594,734.2999877929688,TIME_EXIT,11,2.056385247462522,1.9063852474625225,NEUTRAL,NEUTRAL,753.1500244140625,35.7914120439565,776.9965392939407,793.1923311348247,793.4304837611296,-2.041849272258166,-0.030015562948372137,-2.0712519626529122,2.041849272258166,0.030015562948372137,2.0712519626529122,-0.9667642667467362,6.927777915850837,-7.894542182597573,-1.048203137049539,1.048203137049539,0.6929099556566679,-3.0690632034922083,3.0690632034922083,2.0,1.0,4.0,1.0,4.0,1.0,HDFCBANK.NS
EMA_MACD,HDFCBANK,NSE,2024-11-25,2024-11-26,2024-12-10,LONG,905.0,882.375,950.25,934.0499877929688,TIME_EXIT,11,3.2099434025379736,3.0599434025379737,NEUTRAL,NEUTRAL,892.7999877929688,62.016972159069745,875.443007173204,868.8876736336708,864.2141808592412,0.7544512068077708,0.5407794592982764,1.2993105832628915,0.7544512068077708,0.5407794592982764,1.2993105832628915,5.090257774927522,4.059567667126272,1.0306901078012505,0.11544468211174047,0.11544468211174047,8.861869005484616,1.98265112377906,1.98265112377906,2.0,3.0,0.0,0.0,3.0,0.0,HDFCBANK.NS
EMA_MACD,HDFCBANK,NSE,2025-02-24,2025-02-25,2025-02-28,SHORT,835.5499877929688,856.4387374877929,793.7724884033203,856.4387374877929,STOP_LOSS,3,-2.439024390243893,-2.5890243902438934,NEUTRAL,NEUTRAL,838.5499877929688,43.10964957627004,847.0186484530865,850.4173735716977,851.2616903541903,-0.39965377286881754,-0.0991841629970766,-0.4984415426163879,0.39965377286881754,0.0991841629970766,0.4984415426163879,-0.9043573610707654,-0.07777358090754259,-0.8265837801632228,-0.09857298815766004,0.09857298815766004,1.0838783799144505,-0.9998198594073557,0.9998198594073557,1.0,1.0,0.0,37.0,37.0,0.0,HDFCBANK.NS
EMA_MACD,HDFCBANK,NSE,2025-03-04,2025-03-05,2025-03-20,LONG,850.9749755859375,829.7006011962891,893.5237243652344,884.375,TIME_EXIT,11,3.924912644001655,3.774912644001655,NEUTRAL,NEUTRAL,855.0,51.48525305149726,853.2997848850259,852.0535649393997,851.8511066647645,0.1462607513079097,0.023766861726327512,0.17006237462476043,0.1462607513079097,0.023766861726327512,0.17006237462476043,0.2950803434150657,-0.21294550077325544,0.5080258441883212,0.05941822739044693,0.05941822739044693,0.8711233725644176,0.19925179228811818,0.19925179228811818,2.0,2.0,2.0,17.0,17.0,2.0,HDFCBANK.NS
EMA_MACD,HDFCBANK,NSE,2026-01-05,2026-01-06,2026-01-20,SHORT,962.7000122070312,986.767512512207,914.5650115966796,931.2000122070312,TIME_EXIT,11,3.3827319144189127,3.232731914418913,BULL,BULL,977.5,40.35343893196446,989.0554620784756,991.2090907083231,992.4810216849703,-0.21727288924564941,-0.12815670515168523,-0.34515114462128954,0.21727288924564941,0.12815670515168523,0.34515114462128954,-1.4450981775491982,-0.8197918552497337,-0.6253063222994645,-0.06396995624546951,0.06396995624546951,1.7506012096465107,-1.168333073475176,1.168333073475176,0.0,0.0,0.0,70.0,70.0,0.0,HDFCBANK.NS
EMA_MACD,HDFCBANK,NSE,2026-06-18,2026-06-19,2026-07-03,LONG,788.7000122070312,768.9825119018554,828.1350128173829,801.0499877929688,TIME_EXIT,11,1.5658647641425103,1.4158647641425106,BEAR,BEAR,799.0,64.84304246631845,783.2481721863196,769.4598273372114,767.297059008867,1.7919512311414674,0.281868450159073,2.0788706264633654,1.7919512311414674,0.281868450159073,2.0788706264633654,2.9902959181908955,-3.6815595091921973,6.671855427383093,0.8350257105610881,0.8350257105610881,1.09284031601447,2.0110902741989847,2.0110902741989847,4.0,3.0,4.0,1.0,4.0,1.0,HDFCBANK.NS
EMA_MACD,HDFCBANK,NSE,2026-07-22,2026-07-23,2026-08-06,SHORT,749.4000244140625,768.135025024414,711.9300231933594,734.2999877929688,TIME_EXIT,11,2.056385247462522,1.9063852474625225,NEUTRAL,NEUTRAL,753.1500244140625,35.7914120439565,776.9965392939407,793.1923311348247,793.4304837611296,-2.041849272258166,-0.030015562948372137,-2.0712519626529122,2.041849272258166,0.030015562948372137,2.0712519626529122,-0.9667642667467362,6.927777915850837,-7.894542182597573,-1.048203137049539,1.048203137049539,0.6929099556566679,-3.0690632034922083,3.0690632034922083,2.0,1.0,4.0,1.0,4.0,1.0,HDFCBANK.NS
CURRENT,HFCL,NSE,2024-12-17,2024-12-18,2024-12-20,SHORT,121.36000061035156,124.39400062561036,115.29200057983398,115.29200057983398,TARGET,3,5.263157894736836,5.113157894736836,NEUTRAL,NEUTRAL,120.9800033569336,38.3285547330725,124.48348774926342,126.58026730180738,127.57979098038264,-1.65648216522136,-0.7834498480476036,-2.4269543062626013,1.65648216522136,0.7834498480476036,2.4269543062626013,-1.1267273312683983,-0.43083873470479694,-0.6958885965636014,-0.575209602623737,0.575209602623737,0.9387319969017135,-2.814416960574399,2.814416960574399,4.0,4.0,3.0,0.0,4.0,0.0,HFCL.NS
CURRENT,HFCL,NSE,2025-05-15,2025-05-16,2025-05-16,LONG,90.8000030517578,88.53000297546384,95.34000320434568,88.53000297546384,STOP_LOSS,1,-2.5000000000000133,-2.650000000000013,NEUTRAL,NEUTRAL,90.08000183105467,63.69123123590299,84.49674924993927,81.86412131272286,81.48817895117212,3.2158507231265725,0.4613458864702413,3.6920328046229813,3.2158507231265725,0.4613458864702413,3.6920328046229813,0.5002781162629901,-0.5472867472200955,1.0475648634830856,1.1629272226790102,1.1629272226790102,2.214544592361527,6.607653703458202,6.607653703458202,2.0,1.0,2.0,0.0,2.0,0.0,HFCL.NS
CURRENT,HFCL,NSE,2025-06-19,2025-06-20,2025-06-20,SHORT,79.37000274658203,81.35425281524658,75.40150260925293,81.35425281524658,STOP_LOSS,1,-2.4390243902439046,-2.5890243902439045,NEUTRAL,NEUTRAL,79.37000274658203,35.51628471384001,82.83843138829279,85.60395910073463,85.9277432633021,-3.230607254026064,-0.37680980585668283,-3.595243814960859,3.230607254026064,0.37680980585668283,3.595243814960859,-0.4757787656370027,0.8690062916133331,-1.344785057250336,-1.6943240654080076,1.6943240654080076,0.6169759215331581,-4.186980105227991,4.186980105227991,3.0,2.0,4.0,0.0,4.0,0.0,HFCL.NS
CURRENT,HFCL,NSE,2026-01-13,2026-01-14,2026-01-14,SHORT,62.68000030517578,64.24700031280517,59.54600028991699,64.24700031280517,STOP_LOSS,1,-2.439024390243893,-2.5890243902438934,BULL,BULL,62.68000030517578,39.19569007274631,64.67389488086671,65.78159683498039,66.71123795835493,-1.6839085814417953,-1.3935300135711377,-3.053972823529442,1.6839085814417953,1.3935300135711377,3.053972823529442,-0.9939622876859175,-0.9247292533424877,-0.06923303434342987,-0.11045474474529154,0.11045474474529154,0.5932940520603095,-3.082997520659312,3.082997520659312,1.0,2.0,0.0,0.0,2.0,0.0,HFCL.NS
CURRENT,HFCL,NSE,2026-03-12,2026-03-13,2026-03-13,LONG,76.0,74.1,79.8,74.1,STOP_LOSS,1,-2.500000000000002,-2.650000000000002,BEAR,BEAR,74.47000122070312,62.74916016341111,71.57360982437658,70.37631016219773,69.70130526117121,1.701282234631808,0.9684250510048042,2.686182928985081,1.701282234631808,0.9684250510048042,2.686182928985081,0.7426401922381132,0.49276474699441475,0.24987544524369842,0.335538392839762,0.335538392839762,3.269392894446379,4.046730915813185,4.046730915813185,1.0,2.0,0.0,0.0,2.0,0.0,HFCL.NS
EMA_MACD,HFCL,NSE,2024-12-12,2024-12-13,2024-12-19,SHORT,124.41999816894533,127.53049812316895,118.19899826049806,118.19899826049806,TARGET,5,5.263157894736836,5.113157894736836,NEUTRAL,NEUTRAL,124.7699966430664,43.76133685424376,127.20676524098323,128.26440450715648,128.5538032609485,-0.8245773800121166,-0.22511878019243356,-1.0478398816649241,0.8245773800121166,0.22511878019243356,1.0478398816649241,-0.30735794500415636,-0.06392175851880373,-0.24343618648535265,-0.19510795306163106,0.19510795306163106,0.6912510132186388,-1.915596700616164,1.915596700616164,1.0,1.0,0.0,,1.0,0.0,HFCL.NS
EMA_MACD,HFCL,NSE,2025-05-02,2025-05-05,2025-05-05,SHORT,78.51000213623047,80.47275218963622,74.58450202941894,80.47275218963622,STOP_LOSS,1,-2.439024390243893,-2.5890243902438934,NEUTRAL,NEUTRAL,78.05000305175781,41.56251970982113,80.26785883089434,81.25128272047832,81.71993377108123,-1.2103487559293826,-0.5734843739787265,-1.776891968922208,1.2103487559293826,0.5734843739787265,1.776891968922208,-0.49360378759438106,-0.3707929750151795,-0.12281081257920157,-0.15734888888826978,0.15734888888826978,0.5788900320909398,-2.7630683207945443,2.7630683207945443,1.0,1.0,0.0,15.0,15.0,0.0,HFCL.NS
EMA_MACD,HFCL,NSE,2025-05-15,2025-05-16,2025-05-16,LONG,90.8000030517578,88.53000297546384,95.34000320434568,88.53000297546384,STOP_LOSS,1,-2.5000000000000133,-2.650000000000013,NEUTRAL,NEUTRAL,90.08000183105467,63.69123123590299,84.49674924993927,81.86412131272286,81.48817895117212,3.2158507231265725,0.4613458864702413,3.6920328046229813,3.2158507231265725,0.4613458864702413,3.6920328046229813,0.5002781162629901,-0.5472867472200955,1.0475648634830856,1.1629272226790102,1.1629272226790102,2.214544592361527,6.607653703458202,6.607653703458202,2.0,1.0,2.0,0.0,2.0,0.0,HFCL.NS
EMA_MACD,HFCL,NSE,2025-06-19,2025-06-20,2025-06-20,SHORT,79.37000274658203,81.35425281524658,75.40150260925293,81.35425281524658,STOP_LOSS,1,-2.4390243902439046,-2.5890243902439045,NEUTRAL,NEUTRAL,79.37000274658203,35.51628471384001,82.83843138829279,85.60395910073463,85.9277432633021,-3.230607254026064,-0.37680980585668283,-3.595243814960859,3.230607254026064,0.37680980585668283,3.595243814960859,-0.4757787656370027,0.8690062916133331,-1.344785057250336,-1.6943240654080076,1.6943240654080076,0.6169759215331581,-4.186980105227991,4.186980105227991,3.0,2.0,4.0,0.0,4.0,0.0,HFCL.NS
EMA_MACD,HFCL,NSE,2025-07-03,2025-07-04,2025-07-18,SHORT,84.51000213623047,86.62275218963622,80.28450202941895,81.55999755859375,TIME_EXIT,11,3.616974823371466,3.466974823371466,BULL,BULL,84.5199966430664,46.922032894516406,85.46076422660619,85.50976071850705,85.61926752562238,-0.05729929716697385,-0.12789972430277172,-0.18512573582664157,0.05729929716697385,0.12789972430277172,0.18512573582664157,-0.1291310399589065,-0.11489896394079988,-0.014232076018106637,-0.016838708688323364,0.016838708688323364,0.4495944991791179,-1.1008181263687966,1.1008181263687966,0.0,0.0,0.0,10.0,10.0,0.0,HFCL.NS
EMA_MACD,HFCL,NSE,2025-10-03,2025-10-06,2025-10-07,LONG,76.0,74.1,79.8,74.1,STOP_LOSS,2,-2.500000000000002,-2.650000000000002,BULL,BULL,75.87000274658203,54.76602742367608,74.44495052083462,74.26161060622144,74.0513111579325,0.24688383825306584,0.28399152560637425,0.5315764930381706,0.24688383825306584,0.28399152560637425,0.5315764930381706,0.24683060581193672,0.16467955531809828,0.08215105049383845,0.10827869713967998,0.10827869713967998,0.9066797272289219,1.9142362454100676,1.9142362454100676,0.0,0.0,0.0,10.0,10.0,0.0,HFCL.NS
EMA_MACD,HFCL,NSE,2025-10-10,2025-10-13,2025-10-28,LONG,75.51000213623047,73.6222520828247,79.28550224304199,75.66000366210938,TIME_EXIT,11,0.1986512006823648,0.0486512006823648,BULL,BULL,76.04000091552734,55.24255981136147,74.69299890178598,74.40346386111942,74.18613183085976,0.3891418835109703,0.2929550643712763,0.6832369587375817,0.3891418835109703,0.2929550643712763,0.6832369587375817,0.2460899817637454,0.17924330612810066,0.06684667563564475,0.08790988273383185,0.08790988273383185,1.139124729726971,1.803384565550161,1.803384565550161,0.0,0.0,0.0,15.0,15.0,0.0,HFCL.NS
EMA_MACD,HFCL,NSE,2026-01-13,2026-01-14,2026-01-14,SHORT,62.68000030517578,64.24700031280517,59.54600028991699,64.24700031280517,STOP_LOSS,1,-2.439024390243893,-2.5890243902438934,BULL,BULL,62.68000030517578,39.19569007274631,64.67389488086671,65.78159683498039,66.71123795835493,-1.6839085814417953,-1.3935300135711377,-3.053972823529442,1.6839085814417953,1.3935300135711377,3.053972823529442,-0.9939622876859175,-0.9247292533424877,-0.06923303434342987,-0.11045474474529154,0.11045474474529154,0.5932940520603095,-3.082997520659312,3.082997520659312,1.0,2.0,0.0,0.0,2.0,0.0,HFCL.NS
EMA_MACD,HFCL,NSE,2026-02-04,2026-02-05,2026-02-05,LONG,68.51000213623047,66.7972520828247,71.935502243042,71.935502243042,TARGET,1,5.000000000000004,4.850000000000004,NEUTRAL,NEUTRAL,68.8499984741211,57.10607184810666,67.41741235684462,65.95687234169097,65.85226762952075,2.214386406297885,0.1588475476026303,2.3767514524013658,2.214386406297885,0.1588475476026303,2.3767514524013658,0.18469205356178975,-0.548773089051561,0.7334651426133507,1.0653088727213857,1.0653088727213857,1.2495358443994269,2.1249497232164636,2.1249497232164636,3.0,3.0,4.0,94.0,94.0,3.0,HFCL.NS
EMA_MACD,HFCL,NSE,2026-03-12,2026-03-13,2026-03-13,LONG,76.0,74.1,79.8,74.1,STOP_LOSS,1,-2.500000000000002,-2.650000000000002,BEAR,BEAR,74.47000122070312,62.74916016341111,71.57360982437658,70.37631016219773,69.70130526117121,1.701282234631808,0.9684250510048042,2.686182928985081,1.701282234631808,0.9684250510048042,2.686182928985081,0.7426401922381132,0.49276474699441475,0.24987544524369842,0.335538392839762,0.335538392839762,3.269392894446379,4.046730915813185,4.046730915813185,1.0,2.0,0.0,0.0,2.0,0.0,HFCL.NS
EMA_MACD,HFCL,NSE,2026-04-06,2026-04-07,2026-04-08,LONG,72.13999938964844,70.33649940490723,75.74699935913087,75.74699935913087,TARGET,2,5.000000000000004,4.850000000000004,BEAR,BEAR,72.87999725341797,55.37614480170864,71.56180457428813,70.9231213640795,70.48573550853577,0.9005289078155272,0.6205310228915337,1.5266479919501625,0.9005289078155272,0.6205310228915337,1.5266479919501625,0.4770253543083669,0.364140913151764,0.1128844411566029,0.1548908416723476,0.1548908416723476,0.7396404703996369,1.8420338712412208,1.8420338712412208,2.0,2.0,0.0,14.0,14.0,0.0,HFCL.NS
EMA_MACD,HFCL,NSE,2026-08-10,2026-08-11,2026-08-13,LONG,214.0,208.65,224.7,224.7,TARGET,3,5.000000000000004,4.850000000000004,BULL,BULL,212.97000122070312,55.79166123852891,207.52783444080688,204.83186761554654,203.9833514637032,1.316185248244898,0.4159732378915867,1.7376334645302602,1.316185248244898,0.4159732378915867,1.7376334645302602,0.877148782370142,0.39403685639394936,0.4831119259761927,0.22684505949527536,0.22684505949527536,0.703538237388024,2.622379207377364,2.622379207377364,3.0,3.0,0.0,18.0,18.0,0.0,HFCL.NS
CURRENT,HINDCOPPER,BSE,2024-12-20,2024-12-23,2024-12-24,SHORT,272.70001220703125,279.517512512207,259.06501159667965,279.517512512207,STOP_LOSS,2,-2.439024390243893,-2.5890243902438934,NEUTRAL,NEUTRAL,271.45001220703125,37.45196442972697,279.7923309822555,283.04251397987196,284.13110958519843,-1.1483020525487437,-0.38313143777733816,-1.527033984162125,1.1483020525487437,0.38313143777733816,1.527033984162125,-1.1582226422129338,-0.5470082859264821,-0.6112143562864517,-0.225166450101423,0.225166450101423,0.6615045560963732,-2.9816109490697023,2.9816109490697023,1.0,1.0,0.0,0.0,1.0,0.0,HINDCOPPER.BO
CURRENT,HINDCOPPER,BSE,2024-12-26,2024-12-27,2024-12-30,SHORT,265.70001220703125,272.342512512207,252.41501159667968,252.41501159667968,TARGET,2,5.263157894736836,5.113157894736836,NEUTRAL,NEUTRAL,263.3500061035156,35.80193810562817,273.3032857406192,278.7458702677262,281.56355246591954,-1.952525618363286,-1.0007268957633912,-2.9337130651170455,1.952525618363286,1.0007268957633912,2.9337130651170455,-3.1536681725203266,-1.462792827093292,-1.6908753454270347,-0.6420639097165611,0.6420639097165611,2.309628324304109,-3.6418441183871435,3.6418441183871435,4.0,4.0,3.0,0.0,4.0,0.0,HINDCOPPER.BO
CURRENT,HINDCOPPER,BSE,2025-04-04,2025-04-07,2025-04-07,SHORT,185.1999969482422,189.82999687194825,175.93999710083008,189.82999687194825,STOP_LOSS,1,-2.439024390243893,-2.5890243902438934,NEUTRAL,NEUTRAL,204.1999969482422,36.255021738838444,217.89197691455982,221.46593103675738,222.5329105957863,-1.6137715202815472,-0.4794704550317026,-2.0855044176617836,1.6137715202815472,0.4794704550317026,2.0855044176617836,-1.189310873040057,-0.23285889545233956,-0.9564519775877174,-0.46838980993234086,0.46838980993234086,0.8026487120039012,-6.283838514938324,6.283838514938324,0.0,0.0,0.0,0.0,0.0,0.0,HINDCOPPER.BO
CURRENT,HINDCOPPER,BSE,2025-12-04,2025-12-05,2025-12-09,LONG,362.8999938964844,353.82749404907224,381.0449935913086,353.82749404907224,STOP_LOSS,3,-2.500000000000002,-2.650000000000002,BULL,BULL,365.3999938964844,66.34372036966448,345.04074506334774,336.67700383784387,333.82442142538093,2.484203295789148,0.8545157961430236,3.3599470015029955,2.484203295789148,0.8545157961430236,3.3599470015029955,3.2504665982640404,0.5711130017581159,2.6793535965059245,0.7332659116751297,0.7332659116751297,4.01802647243659,5.9005346830557,5.9005346830557,3.0,2.0,2.0,0.0,3.0,0.0,HINDCOPPER.BO
EMA_MACD,HINDCOPPER,BSE,2024-12-20,2024-12-23,2024-12-24,SHORT,272.70001220703125,279.517512512207,259.06501159667965,279.517512512207,STOP_LOSS,2,-2.439024390243893,-2.5890243902438934,NEUTRAL,NEUTRAL,271.45001220703125,37.45196442972697,279.7923309822555,283.04251397987196,284.13110958519843,-1.1483020525487437,-0.38313143777733816,-1.527033984162125,1.1483020525487437,0.38313143777733816,1.527033984162125,-1.1582226422129338,-0.5470082859264821,-0.6112143562864517,-0.225166450101423,0.225166450101423,0.6615045560963732,-2.9816109490697023,2.9816109490697023,1.0,1.0,0.0,0.0,1.0,0.0,HINDCOPPER.BO
EMA_MACD,HINDCOPPER,BSE,2025-04-04,2025-04-07,2025-04-07,SHORT,185.1999969482422,189.82999687194825,175.93999710083008,189.82999687194825,STOP_LOSS,1,-2.439024390243893,-2.5890243902438934,NEUTRAL,NEUTRAL,204.1999969482422,36.255021738838444,217.89197691455982,221.46593103675738,222.5329105957863,-1.6137715202815472,-0.4794704550317026,-2.0855044176617836,1.6137715202815472,0.4794704550317026,2.0855044176617836,-1.189310873040057,-0.23285889545233956,-0.9564519775877174,-0.46838980993234086,0.46838980993234086,0.8026487120039012,-6.283838514938324,6.283838514938324,0.0,0.0,0.0,0.0,0.0,0.0,HINDCOPPER.BO
EMA_MACD,HINDCOPPER,BSE,2025-05-06,2025-05-07,2025-05-07,SHORT,202.1499938964844,207.2037437438965,192.04249420166016,207.2037437438965,STOP_LOSS,1,-2.439024390243893,-2.5890243902438934,NEUTRAL,NEUTRAL,207.3999938964844,43.506262402355624,213.13461191382518,214.579147976968,215.5921905754478,-0.6731949850494588,-0.4698883553137298,-1.1399200755198853,0.6731949850494588,0.4698883553137298,1.1399200755198853,-1.0686447828798293,-1.0327994882295488,-0.035845294650280524,-0.01728317054250797,0.01728317054250797,0.6134851581233455,-2.690608515363711,2.690608515363711,0.0,2.0,0.0,18.0,18.0,0.0,HINDCOPPER.BO
EMA_MACD,HINDCOPPER,BSE,2025-05-14,2025-05-15,2025-05-15,LONG,232.9499969482422,227.12624702453613,244.5974967956543,227.12624702453613,STOP_LOSS,1,-2.500000000000002,-2.650000000000002,NEUTRAL,NEUTRAL,231.9499969482422,59.94331120083357,221.71956715710397,217.26838989170756,216.44373734779683,2.048699890313081,0.3810008799587586,2.437506334881647,2.048699890313081,0.3810008799587586,2.437506334881647,1.056430267601371,-0.7182942803627607,1.7747245479641318,0.7651323868567015,0.7651323868567015,2.5248471952159077,4.614130327924211,4.614130327924211,2.0,1.0,2.0,32.0,32.0,1.0,HINDCOPPER.BO
EMA_MACD,HINDCOPPER,BSE,2025-12-02,2025-12-03,2025-12-04,LONG,342.79998779296875,334.22998809814453,359.9399871826172,359.9399871826172,TARGET,2,5.000000000000004,4.850000000000004,BULL,BULL,338.5,54.754807193419396,332.79168097016907,330.7048119660821,330.6822456779081,0.631036782222872,0.006824160797548544,0.6379040059851311,0.631036782222872,0.006824160797548544,0.6379040059851311,-0.043764399499764295,-0.2800300332967382,0.2362656337969739,0.0697978238691208,0.0697978238691208,0.37232635447177276,1.715282970172147,1.715282970172147,1.0,0.0,0.0,15.0,15.0,0.0,HINDCOPPER.BO
CURRENT,HINDCOPPER,NSE,2024-12-20,2024-12-23,2024-12-24,SHORT,271.6499938964844,278.44124374389645,258.06749420166017,278.44124374389645,STOP_LOSS,2,-2.439024390243893,-2.5890243902438934,NEUTRAL,NEUTRAL,271.5,36.30366784676285,279.7499341724028,282.91220891261867,284.0058792925735,-1.1177583153339947,-0.3850872322358492,-1.498541203010238,1.1177583153339947,0.3850872322358492,1.498541203010238,-1.1607238788066638,-0.5868447167608318,-0.573879162045832,-0.21137354034837275,0.21137354034837275,1.1188493168850284,-2.949038825266913,2.949038825266913,1.0,1.0,0.0,0.0,1.0,0.0,HINDCOPPER.NS
CURRENT,HINDCOPPER,NSE,2024-12-26,2024-12-27,2024-12-30,SHORT,265.0,271.625,251.75,251.75,TARGET,2,5.263157894736836,5.113157894736836,NEUTRAL,NEUTRAL,263.20001220703125,35.09828628277879,273.1444258441958,278.57416042993987,281.41174913609603,-1.9491163779742016,-1.008340524113603,-2.937803171786556,1.9491163779742016,1.008340524113603,2.937803171786556,-3.1739242467044733,-1.4967294960472985,-1.6771947506571747,-0.6372320185676531,0.6372320185676531,3.053453665020511,-3.6407163010666452,3.6407163010666452,4.0,4.0,3.0,0.0,4.0,0.0,HINDCOPPER.NS
CURRENT,HINDCOPPER,NSE,2025-04-04,2025-04-07,2025-04-07,SHORT,183.82000732421875,188.4155075073242,174.6290069580078,188.4155075073242,STOP_LOSS,1,-2.439024390243893,-2.5890243902438934,NEUTRAL,NEUTRAL,204.25,36.42714237220594,217.8814253259219,221.28687973550757,222.32473482319176,-1.5389319121206062,-0.4668194425193256,-1.9985673212670183,1.5389319121206062,0.4668194425193256,1.9985673212670183,-1.1492470580376732,-0.2852780917771735,-0.8639689662604997,-0.42299582191456536,0.42299582191456536,2.2145302638122044,-6.256350354570647,6.256350354570647,0.0,0.0,0.0,0.0,0.0,0.0,HINDCOPPER.NS
CURRENT,HINDCOPPER,NSE,2025-12-04,2025-12-05,2025-12-09,LONG,362.8999938964844,353.82749404907224,381.0449935913086,353.82749404907224,STOP_LOSS,3,-2.500000000000002,-2.650000000000002,BULL,BULL,365.75,66.51460933936539,345.22031142563526,336.7791683757023,333.8984561093414,2.5064326545626034,0.8627509991892697,3.3908079265231184,2.5064326545626034,0.8627509991892697,3.3908079265231184,3.2834085792631527,0.5763415934263654,2.7070669858367875,0.7401413495110835,0.7401413495110835,5.089757559300659,5.946836815477206,5.946836815477206,3.0,2.0,2.0,0.0,3.0,0.0,HINDCOPPER.NS
EMA_MACD,HINDCOPPER,NSE,2024-12-20,2024-12-23,2024-12-24,SHORT,271.6499938964844,278.44124374389645,258.06749420166017,278.44124374389645,STOP_LOSS,2,-2.439024390243893,-2.5890243902438934,NEUTRAL,NEUTRAL,271.5,36.30366784676285,279.7499341724028,282.91220891261867,284.0058792925735,-1.1177583153339947,-0.3850872322358492,-1.498541203010238,1.1177583153339947,0.3850872322358492,1.498541203010238,-1.1607238788066638,-0.5868447167608318,-0.573879162045832,-0.21137354034837275,0.21137354034837275,1.1188493168850284,-2.949038825266913,2.949038825266913,1.0,1.0,0.0,0.0,1.0,0.0,HINDCOPPER.NS
EMA_MACD,HINDCOPPER,NSE,2025-04-04,2025-04-07,2025-04-07,SHORT,183.82000732421875,188.4155075073242,174.6290069580078,188.4155075073242,STOP_LOSS,1,-2.439024390243893,-2.5890243902438934,NEUTRAL,NEUTRAL,204.25,36.42714237220594,217.8814253259219,221.28687973550757,222.32473482319176,-1.5389319121206062,-0.4668194425193256,-1.9985673212670183,1.5389319121206062,0.4668194425193256,1.9985673212670183,-1.1492470580376732,-0.2852780917771735,-0.8639689662604997,-0.42299582191456536,0.42299582191456536,2.2145302638122044,-6.256350354570647,6.256350354570647,0.0,0.0,0.0,0.0,0.0,0.0,HINDCOPPER.NS
EMA_MACD,HINDCOPPER,NSE,2025-05-06,2025-05-07,2025-05-07,SHORT,206.1999969482422,211.35499687194823,195.88999710083007,211.35499687194823,STOP_LOSS,1,-2.439024390243893,-2.5890243902438934,NEUTRAL,NEUTRAL,207.3300018310547,43.379198319045464,213.23112166671194,214.6197745101899,215.54903415884738,-0.6470293087611202,-0.43111287985297425,-1.0753527619276015,0.6470293087611202,0.43111287985297425,1.0753527619276015,-0.9758227206654624,-0.9563596542613695,-0.0194630664040929,-0.009387481904308577,0.009387481904308577,0.627331458376642,-2.767475868218206,2.767475868218206,0.0,2.0,0.0,18.0,18.0,0.0,HINDCOPPER.NS
EMA_MACD,HINDCOPPER,NSE,2025-05-14,2025-05-15,2025-05-15,LONG,232.5,226.6875,244.125,226.6875,STOP_LOSS,1,-2.500000000000002,-2.650000000000002,NEUTRAL,NEUTRAL,231.8000030517578,59.978548428453614,221.6774380223399,217.27041244335507,216.41166692460882,2.028359742785413,0.39681110124502084,2.4332196006629916,2.028359742785413,0.39681110124502084,2.4332196006629916,1.090868727143885,-0.6541746888714718,1.7450434160153567,0.7528228615362496,0.7528228615362496,1.9267679230849424,4.566348799284563,4.566348799284563,2.0,1.0,2.0,32.0,32.0,1.0,HINDCOPPER.NS
EMA_MACD,HINDCOPPER,NSE,2025-12-02,2025-12-03,2025-12-04,LONG,342.0,333.45,359.1,359.1,TARGET,2,5.000000000000004,4.850000000000004,BULL,BULL,338.6000061035156,54.81647251794954,332.8331946041636,330.74247714353396,330.72235822937324,0.632128500302168,0.006083324474472101,0.6382502792044091,0.632128500302168,0.006083324474472101,0.6382502792044091,-0.04603704078243709,-0.28486285885657875,0.23882581807414166,0.07053331771090655,0.07053331771090655,0.4737523198140625,1.7326431356134517,1.7326431356134517,1.0,0.0,0.0,15.0,15.0,0.0,HINDCOPPER.NS
CURRENT,ICICIPRULI,BSE,2024-11-06,2024-11-07,2024-11-13,SHORT,724.4500122070312,742.561262512207,688.2275115966796,688.2275115966796,TARGET,5,5.2631578947368585,5.113157894736858,NEUTRAL,NEUTRAL,715.4000244140625,37.06660576453741,731.7355013901407,740.5474198557445,746.2577653912542,-1.1899195418600308,-0.7651974693376747,-1.9460117769762382,1.1899195418600308,0.7651974693376747,1.9460117769762382,-6.342482548078124,-4.165143764505547,-2.1773387835725764,-0.3043526291959373,0.3043526291959373,2.1255546742695453,-2.2324291967581598,2.2324291967581598,4.0,4.0,2.0,0.0,4.0,0.0,ICICIPRULI.BO
CURRENT,ICICIPRULI,BSE,2025-04-07,2025-04-08,2025-04-08,SHORT,541.9000244140625,555.4475250244141,514.8050231933594,555.4475250244141,STOP_LOSS,1,-2.4390243902439046,-2.5890243902439045,NEUTRAL,NEUTRAL,536.7000122070312,34.236282723557935,555.606885611062,563.9647713822853,567.8585603550903,-1.4819872083034602,-0.6856969753824083,-2.157522242222978,1.4819872083034602,0.6856969753824083,2.157522242222978,-4.244816266245607,-2.415451630757596,-1.829364635488011,-0.34085421909443453,0.34085421909443453,2.799644972557828,-3.4029228027361094,3.4029228027361094,2.0,3.0,0.0,0.0,3.0,0.0,ICICIPRULI.BO
CURRENT,ICICIPRULI,BSE,2025-04-21,2025-04-22,2025-04-23,LONG,606.9500122070312,591.7762619018555,637.2975128173829,591.7762619018555,STOP_LOSS,2,-2.499999999999991,-2.649999999999991,NEUTRAL,NEUTRAL,602.75,61.68889075643527,586.4626579092245,575.1716218989442,572.2557525454669,1.9630725126880688,0.5095395442522261,2.4826146876747868,1.9630725126880688,0.5095395442522261,2.4826146876747868,3.5932947787520106,-0.9417608849591168,4.535055663711128,0.7523941374883663,0.7523941374883663,1.2867688003113313,2.777217248382169,2.777217248382169,2.0,2.0,2.0,0.0,2.0,0.0,ICICIPRULI.BO
CURRENT,ICICIPRULI,BSE,2025-06-30,2025-07-01,2025-07-03,LONG,659.9500122070312,643.4512619018554,692.9475128173829,643.4512619018554,STOP_LOSS,3,-2.500000000000002,-2.650000000000002,BULL,BULL,657.6500244140625,63.24381748836448,646.5005275671928,640.3843895214687,635.599107747149,0.9550729445941603,0.752877358698779,1.7151408312518466,0.9550729445941603,0.752877358698779,1.7151408312518466,5.152382759303691,4.357119159504049,0.7952635997996422,0.12092504679950213,0.12092504679950213,1.6588938035358733,1.7245920724652368,1.7245920724652368,2.0,4.0,0.0,0.0,4.0,0.0,ICICIPRULI.BO
CURRENT,ICICIPRULI,BSE,2025-08-29,2025-09-01,2025-09-04,SHORT,599.9000244140625,614.897525024414,569.9050231933594,614.897525024414,STOP_LOSS,4,-2.439024390243893,-2.5890243902438934,BEAR,BEAR,599.7000122070312,35.25875772648152,613.0432484839299,619.3571728613692,623.2974498573373,-1.0194318648591105,-0.6321663913224554,-1.6451537505494946,1.0194318648591105,0.6321663913224554,1.6451537505494946,-4.3102746770133535,-3.1490063340381154,-1.1612683429752382,-0.1936415406598891,0.1936415406598891,0.9002437652353272,-2.176557087921088,2.176557087921088,2.0,2.0,0.0,1.0,2.0,0.0,ICICIPRULI.BO
CURRENT,ICICIPRULI,BSE,2026-02-25,2026-02-26,2026-02-27,LONG,669.0,652.275,702.45,652.275,STOP_LOSS,2,-2.500000000000002,-2.650000000000002,NEUTRAL,NEUTRAL,668.9500122070312,61.077442503466784,659.8746593203837,653.187581555553,651.6699154958429,1.0237607011611416,0.23288877138901626,1.2590336962690556,1.0237607011611416,0.23288877138901626,1.2590336962690556,1.8850179475367668,-0.993193764477835,2.878211712014602,0.43025811488046334,0.43025811488046334,0.14072734937873016,1.3753146538456928,1.3753146538456928,3.0,2.0,4.0,0.0,4.0,0.0,ICICIPRULI.BO
CURRENT,ICICIPRULI,BSE,2026-03-04,2026-03-05,2026-03-09,SHORT,627.0999755859375,642.7774749755858,595.7449768066406,595.7449768066406,TARGET,3,5.2631578947368585,5.113157894736858,BEAR,BEAR,625.0499877929688,37.49074017377726,647.4190716725161,651.1987762444362,651.3063488927303,-0.5804225544953004,-0.016516443986299603,-0.596843133315503,0.5804225544953004,0.016516443986299603,0.596843133315503,-0.15280188521535365,0.6843907818726022,-0.8371926670879558,-0.1339401141409595,0.1339401141409595,0.08753538773453794,-3.4551166096729244,3.4551166096729244,0.0,0.0,0.0,0.0,0.0,0.0,ICICIPRULI.BO
CURRENT,ICICIPRULI,BSE,2026-05-18,2026-05-19,2026-06-01,SHORT,516.8499755859375,529.7712249755859,491.0074768066406,491.0074768066406,TARGET,10,5.263157894736836,5.113157894736836,BEAR,BEAR,515.75,37.621177238564854,533.6089663198643,539.2954404444176,543.6540559581814,-1.0544265161721533,-0.8017259258889878,-1.8476988313115408,1.0544265161721533,0.8017259258889878,1.8476988313115408,-4.588220037861674,-4.439235161516077,-0.14898487634559743,-0.02888703370733833,0.02888703370733833,2.671377492833585,-3.3468265053775337,3.3468265053775337,1.0,2.0,0.0,0.0,2.0,0.0,ICICIPRULI.BO
EMA_MACD,ICICIPRULI,BSE,2024-11-04,2024-11-05,2024-11-13,SHORT,730.3499755859375,748.6087249755859,693.8324768066406,693.8324768066406,TARGET,7,5.2631578947368585,5.113157894736858,NEUTRAL,NEUTRAL,735.9500122070312,42.73913687868532,743.754853713754,746.8284257997459,750.0484944664215,-0.41154995977832354,-0.4293147297050901,-0.8390978448859899,0.41154995977832354,0.4293147297050901,0.8390978448859899,-3.462693663310347,-3.4375658077981948,-0.02512785551215213,-0.003414342699281507,0.003414342699281507,0.7010316783808626,-1.0493836064062216,1.0493836064062216,2.0,2.0,0.0,,2.0,0.0,ICICIPRULI.BO
EMA_MACD,ICICIPRULI,BSE,2025-04-07,2025-04-08,2025-04-08,SHORT,541.9000244140625,555.4475250244141,514.8050231933594,555.4475250244141,STOP_LOSS,1,-2.4390243902439046,-2.5890243902439045,NEUTRAL,NEUTRAL,536.7000122070312,34.236282723557935,555.606885611062,563.9647713822853,567.8585603550903,-1.4819872083034602,-0.6856969753824083,-2.157522242222978,1.4819872083034602,0.6856969753824083,2.157522242222978,-4.244816266245607,-2.415451630757596,-1.829364635488011,-0.34085421909443453,0.34085421909443453,2.799644972557828,-3.4029228027361094,3.4029228027361094,2.0,3.0,0.0,0.0,3.0,0.0,ICICIPRULI.BO
EMA_MACD,ICICIPRULI,BSE,2025-04-17,2025-04-21,2025-05-06,LONG,597.2000122070312,582.2700119018555,627.0600128173828,592.5499877929688,TIME_EXIT,11,-0.7786376957491514,-0.9286376957491514,NEUTRAL,NEUTRAL,595.7000122070312,59.65800728574948,578.3189868638367,570.5752255487681,569.8162127491042,1.3571849895201433,0.13320308946668727,1.4921958913226496,1.3571849895201433,0.13320308946668727,1.4921958913226496,1.141752270427105,-2.0755248008868987,3.2172770713140038,0.5400834321614656,0.5400834321614656,2.180070894052777,3.0054391673097283,3.0054391673097283,1.0,1.0,1.0,12.0,12.0,1.0,ICICIPRULI.BO
EMA_MACD,ICICIPRULI,BSE,2025-06-30,2025-07-01,2025-07-03,LONG,659.9500122070312,643.4512619018554,692.9475128173829,643.4512619018554,STOP_LOSS,3,-2.500000000000002,-2.650000000000002,BULL,BULL,657.6500244140625,63.24381748836448,646.5005275671928,640.3843895214687,635.599107747149,0.9550729445941603,0.752877358698779,1.7151408312518466,0.9550729445941603,0.752877358698779,1.7151408312518466,5.152382759303691,4.357119159504049,0.7952635997996422,0.12092504679950213,0.12092504679950213,1.6588938035358733,1.7245920724652368,1.7245920724652368,2.0,4.0,0.0,0.0,4.0,0.0,ICICIPRULI.BO
EMA_MACD,ICICIPRULI,BSE,2025-08-29,2025-09-01,2025-09-04,SHORT,599.9000244140625,614.897525024414,569.9050231933594,614.897525024414,STOP_LOSS,4,-2.439024390243893,-2.5890243902438934,BEAR,BEAR,599.7000122070312,35.25875772648152,613.0432484839299,619.3571728613692,623.2974498573373,-1.0194318648591105,-0.6321663913224554,-1.6451537505494946,1.0194318648591105,0.6321663913224554,1.6451537505494946,-4.3102746770133535,-3.1490063340381154,-1.1612683429752382,-0.1936415406598891,0.1936415406598891,0.9002437652353272,-2.176557087921088,2.176557087921088,2.0,2.0,0.0,1.0,2.0,0.0,ICICIPRULI.BO
EMA_MACD,ICICIPRULI,BSE,2026-02-24,2026-02-25,2026-03-02,LONG,660.7999877929688,644.2799880981445,693.8399871826172,644.2799880981445,STOP_LOSS,4,-2.500000000000002,-2.650000000000002,NEUTRAL,NEUTRAL,660.9500122070312,56.997574708979,655.3369828770598,650.5605097803066,650.2875077589479,0.7342088898642498,0.04198174162987376,0.7764988651732899,0.7342088898642498,0.04198174162987376,0.7764988651732899,0.4683204546770412,-1.7127466924814854,2.181067147158527,0.3299897279486463,0.3299897279486463,0.05529511643842795,0.8565103872711665,0.8565103872711665,2.0,1.0,3.0,26.0,26.0,1.0,ICICIPRULI.BO
EMA_MACD,ICICIPRULI,BSE,2026-03-04,2026-03-05,2026-03-09,SHORT,627.0999755859375,642.7774749755858,595.7449768066406,595.7449768066406,TARGET,3,5.2631578947368585,5.113157894736858,BEAR,BEAR,625.0499877929688,37.49074017377726,647.4190716725161,651.1987762444362,651.3063488927303,-0.5804225544953004,-0.016516443986299603,-0.596843133315503,0.5804225544953004,0.016516443986299603,0.596843133315503,-0.15280188521535365,0.6843907818726022,-0.8371926670879558,-0.1339401141409595,0.1339401141409595,0.08753538773453794,-3.4551166096729244,3.4551166096729244,0.0,0.0,0.0,0.0,0.0,0.0,ICICIPRULI.BO
EMA_MACD,ICICIPRULI,BSE,2026-05-18,2026-05-19,2026-06-01,SHORT,516.8499755859375,529.7712249755859,491.0074768066406,491.0074768066406,TARGET,10,5.263157894736836,5.113157894736836,BEAR,BEAR,515.75,37.621177238564854,533.6089663198643,539.2954404444176,543.6540559581814,-1.0544265161721533,-0.8017259258889878,-1.8476988313115408,1.0544265161721533,0.8017259258889878,1.8476988313115408,-4.588220037861674,-4.439235161516077,-0.14898487634559743,-0.02888703370733833,0.02888703370733833,2.671377492833585,-3.3468265053775337,3.3468265053775337,1.0,2.0,0.0,0.0,2.0,0.0,ICICIPRULI.BO
EMA_MACD,ICICIPRULI,BSE,2026-08-21,2026-08-24,2026-08-24,LONG,522.7000122070312,509.6325119018555,548.8350128173828,509.6325119018555,STOP_LOSS,1,-2.500000000000002,-2.650000000000002,NEUTRAL,NEUTRAL,515.0,58.35494442753682,507.05653103109125,505.84029378743355,505.0522064579647,0.2404389801672846,0.15604076556676594,0.39685492855942445,0.2404389801672846,0.15604076556676594,0.39685492855942445,0.8325265902128649,0.8241324361508582,0.00839415406200672,0.0016299328275741203,0.0016299328275741203,1.9880283495525493,1.5665844896536152,1.5665844896536152,0.0,0.0,0.0,27.0,27.0,0.0,ICICIPRULI.BO
EMA_MACD,ICICIPRULI,BSE,2026-09-03,2026-09-04,2026-09-04,SHORT,499.7999877929688,512.294987487793,474.8099884033204,494.9500122070313,TIME_EXIT,1,0.9798920024894908,0.8298920024894908,NEUTRAL,NEUTRAL,494.8999938964844,42.937808426997556,500.51087619059854,504.32260748243607,505.0642155081866,-0.7558121002874697,-0.14683440302820028,-0.901536711130198,0.7558121002874697,0.14683440302820028,0.901536711130198,-0.9474380813410903,0.6481166202172597,-1.59555470155835,-0.3223994183140127,0.3223994183140127,0.02594271028792954,-1.1210310426855727,1.1210310426855727,2.0,2.0,2.0,69.0,69.0,2.0,ICICIPRULI.BO
CURRENT,IDBI,NSE,2024-11-13,2024-11-14,2024-11-14,SHORT,77.0,78.925,73.14999999999999,78.925,STOP_LOSS,1,-2.439024390243893,-2.5890243902438934,NEUTRAL,NEUTRAL,76.81999969482422,35.15818399920043,80.20535190970622,81.70327343087531,82.7743961154059,-1.8333678177978998,-1.294026576813934,-3.1036701277987753,1.8333678177978998,1.294026576813934,3.1036701277987753,-1.1619307510151202,-0.9317842621982737,-0.23014648881684652,-0.29959188978277584,0.29959188978277584,0.7369190955491952,-4.220855758719411,4.220855758719411,2.0,3.0,0.0,0.0,3.0,0.0,IDBI.NS
CURRENT,IDBI,NSE,2024-12-18,2024-12-19,2025-01-03,SHORT,77.5,79.4375,73.625,77.5199966430664,TIME_EXIT,11,-0.0257954643090085,-0.1757954643090085,NEUTRAL,NEUTRAL,78.51000213623047,38.00179789961264,80.5399801607027,81.83916420229846,82.0684915016096,-1.5874844938351382,-0.2794340374912819,-1.8624825593107484,1.5874844938351382,0.2794340374912819,1.8624825593107484,-0.27949438786410497,0.19903964485923423,-0.47853403272333916,-0.6095198314897349,0.6095198314897349,0.6702757212192227,-2.520460050302696,2.520460050302696,2.0,1.0,2.0,0.0,2.0,0.0,IDBI.NS
CURRENT,IDBI,NSE,2025-01-20,2025-01-21,2025-01-21,LONG,86.5,84.33749999999999,90.825,84.33749999999999,STOP_LOSS,1,-2.5000000000000133,-2.650000000000013,NEUTRAL,NEUTRAL,86.13999938964844,62.16421024352925,80.90600620320879,77.7701637779784,77.71731707151137,4.032192132425914,0.06799862431997701,4.10293259192588,4.032192132425914,0.06799862431997701,4.10293259192588,0.18439502341162495,-1.2617861420872383,1.4461811654988632,1.6788729692894016,1.6788729692894016,2.441130722704595,6.469226985810682,6.469226985810682,2.0,1.0,2.0,0.0,2.0,0.0,IDBI.NS
CURRENT,IDBI,NSE,2025-02-14,2025-02-17,2025-02-19,SHORT,71.5999984741211,73.38999843597412,68.01999855041504,73.38999843597412,STOP_LOSS,3,-2.4390243902439046,-2.5890243902439045,NEUTRAL,NEUTRAL,72.12000274658203,39.06560551651288,74.3991064445729,76.49351007373869,77.41102388186796,-2.7380148030163873,-1.1852495447281914,-3.890812039757236,2.7380148030163873,1.1852495447281914,3.890812039757236,-1.0635237647029214,-0.25556818939461584,-0.8079555753083056,-1.1202933229874246,1.1202933229874246,0.5528818289991773,-3.0633482133132715,3.0633482133132715,4.0,4.0,4.0,0.0,4.0,0.0,IDBI.NS
CURRENT,IDBI,NSE,2025-05-14,2025-05-15,2025-05-19,LONG,85.93000030517578,83.78175029754638,90.22650032043455,90.22650032043455,TARGET,3,5.000000000000004,4.850000000000004,NEUTRAL,NEUTRAL,85.61000061035156,62.35960820803737,81.85829870100493,80.7334489257184,80.00099006338812,1.393288395645623,0.9155622471046075,2.3216070652940517,1.393288395645623,0.9155622471046075,2.3216070652940517,0.7858661756323215,0.6831943031862486,0.1026718724460729,0.1199297648803641,0.1199297648803641,2.1067446682527815,4.583166238343258,4.583166238343258,1.0,1.0,0.0,0.0,1.0,0.0,IDBI.NS
CURRENT,IDBI,NSE,2025-06-30,2025-07-01,2025-07-04,LONG,103.44000244140624,100.85400238037109,108.61200256347657,100.85400238037109,STOP_LOSS,4,-2.5000000000000133,-2.650000000000013,BULL,BULL,103.43000030517578,69.01431732355476,98.58235347270679,96.15234661897352,94.52267988112123,2.527246540703514,1.724101284370989,4.294920115141994,2.527246540703514,1.724101284370989,4.294920115141994,1.7569267485786924,1.427883305193966,0.32904344338472646,0.31813153090386354,0.31813153090386354,3.0356078749684827,4.917357581457113,4.917357581457113,1.0,2.0,0.0,1.0,2.0,0.0,IDBI.NS
CURRENT,IDBI,NSE,2026-02-04,2026-02-05,2026-02-05,LONG,109.8000030517578,107.05500297546384,115.2900032043457,107.05500297546384,STOP_LOSS,1,-2.500000000000002,-2.650000000000002,NEUTRAL,NEUTRAL,109.16000366210938,63.564178416690645,103.1550051585678,101.52072969881506,101.463966891761,1.6097948316577342,0.055943808223671634,1.6666392204148228,1.6097948316577342,0.055943808223671634,1.6666392204148228,0.08876006953215665,-0.43287959666728865,0.5216396661994454,0.47786702885620386,0.47786702885620386,3.53472938261141,5.821335081425093,5.821335081425093,0.0,0.0,0.0,0.0,0.0,0.0,IDBI.NS
CURRENT,IDBI,NSE,2026-08-25,2026-08-26,2026-08-26,LONG,87.3499984741211,85.16624851226807,91.71749839782716,91.71749839782716,TARGET,1,5.000000000000004,4.850000000000004,NEUTRAL,NEUTRAL,88.30999755859375,67.18823736302036,85.3618670543864,83.99435777535368,83.7247599634534,1.6280965951191342,0.32200487886494383,1.9553440244529958,1.6280965951191342,0.32200487886494383,1.9553440244529958,0.3200309516649895,-0.1309907299440085,0.451021681608998,0.5107255056934463,0.5107255056934463,2.5097538128786963,3.4536855928057673,3.4536855928057673,1.0,1.0,1.0,1.0,1.0,1.0,IDBI.NS
EMA_MACD,IDBI,NSE,2024-11-13,2024-11-14,2024-11-14,SHORT,77.0,78.925,73.14999999999999,78.925,STOP_LOSS,1,-2.439024390243893,-2.5890243902438934,NEUTRAL,NEUTRAL,76.81999969482422,35.15818399920043,80.20535190970622,81.70327343087531,82.7743961154059,-1.8333678177978998,-1.294026576813934,-3.1036701277987753,1.8333678177978998,1.294026576813934,3.1036701277987753,-1.1619307510151202,-0.9317842621982737,-0.23014648881684652,-0.29959188978277584,0.29959188978277584,0.7369190955491952,-4.220855758719411,4.220855758719411,2.0,3.0,0.0,0.0,3.0,0.0,IDBI.NS
EMA_MACD,IDBI,NSE,2024-12-18,2024-12-19,2025-01-03,SHORT,77.5,79.4375,73.625,77.5199966430664,TIME_EXIT,11,-0.0257954643090085,-0.1757954643090085,NEUTRAL,NEUTRAL,78.51000213623047,38.00179789961264,80.5399801607027,81.83916420229846,82.0684915016096,-1.5874844938351382,-0.2794340374912819,-1.8624825593107484,1.5874844938351382,0.2794340374912819,1.8624825593107484,-0.27949438786410497,0.19903964485923423,-0.47853403272333916,-0.6095198314897349,0.6095198314897349,0.6702757212192227,-2.520460050302696,2.520460050302696,2.0,1.0,2.0,0.0,2.0,0.0,IDBI.NS
EMA_MACD,IDBI,NSE,2025-01-20,2025-01-21,2025-01-21,LONG,86.5,84.33749999999999,90.825,84.33749999999999,STOP_LOSS,1,-2.5000000000000133,-2.650000000000013,NEUTRAL,NEUTRAL,86.13999938964844,62.16421024352925,80.90600620320879,77.7701637779784,77.71731707151137,4.032192132425914,0.06799862431997701,4.10293259192588,4.032192132425914,0.06799862431997701,4.10293259192588,0.18439502341162495,-1.2617861420872383,1.4461811654988632,1.6788729692894016,1.6788729692894016,2.441130722704595,6.469226985810682,6.469226985810682,2.0,1.0,2.0,0.0,2.0,0.0,IDBI.NS
EMA_MACD,IDBI,NSE,2025-02-11,2025-02-12,2025-02-13,SHORT,73.80000305175781,75.64500312805175,70.11000289916991,75.64500312805175,STOP_LOSS,2,-2.439024390243893,-2.5890243902438934,NEUTRAL,NEUTRAL,73.83000183105469,41.594399784045216,77.131979329474,78.28830418297383,78.42692576803347,-1.4770084312942662,-0.1767525421940487,-1.651150323537582,1.4770084312942662,0.1767525421940487,1.651150323537582,-0.18190996275133386,0.260896330728998,-0.44280629348033185,-0.5997647060792525,0.5997647060792525,0.4653667757536764,-4.280944852088806,4.280944852088806,1.0,1.0,1.0,25.0,25.0,1.0,IDBI.NS
EMA_MACD,IDBI,NSE,2025-05-14,2025-05-15,2025-05-19,LONG,85.93000030517578,83.78175029754638,90.22650032043455,90.22650032043455,TARGET,3,5.000000000000004,4.850000000000004,NEUTRAL,NEUTRAL,85.61000061035156,62.35960820803737,81.85829870100493,80.7334489257184,80.00099006338812,1.393288395645623,0.9155622471046075,2.3216070652940517,1.393288395645623,0.9155622471046075,2.3216070652940517,0.7858661756323215,0.6831943031862486,0.1026718724460729,0.1199297648803641,0.1199297648803641,2.1067446682527815,4.583166238343258,4.583166238343258,1.0,1.0,0.0,0.0,1.0,0.0,IDBI.NS
EMA_MACD,IDBI,NSE,2025-06-30,2025-07-01,2025-07-04,LONG,103.44000244140624,100.85400238037109,108.61200256347657,100.85400238037109,STOP_LOSS,4,-2.5000000000000133,-2.650000000000013,BULL,BULL,103.43000030517578,69.01431732355476,98.58235347270679,96.15234661897352,94.52267988112123,2.527246540703514,1.724101284370989,4.294920115141994,2.527246540703514,1.724101284370989,4.294920115141994,1.7569267485786924,1.427883305193966,0.32904344338472646,0.31813153090386354,0.31813153090386354,3.0356078749684827,4.917357581457113,4.917357581457113,1.0,2.0,0.0,1.0,2.0,0.0,IDBI.NS
EMA_MACD,IDBI,NSE,2025-09-01,2025-09-02,2025-09-02,SHORT,87.8499984741211,90.0462484359741,83.45749855041504,90.0462484359741,STOP_LOSS,1,-2.4390243902438824,-2.5890243902438823,NEUTRAL,NEUTRAL,87.05000305175781,40.25545846214646,88.91936991268403,90.32680415012123,91.53487771022215,-1.5581579030495478,-1.319795896735002,-2.8573892957154494,1.5581579030495478,1.319795896735002,2.8573892957154494,-1.3092171626067994,-1.159873154391137,-0.14934400821566252,-0.1715611751637346,0.1715611751637346,0.7353848596188512,-2.102316809894041,2.102316809894041,1.0,2.0,0.0,1.0,2.0,0.0,IDBI.NS
EMA_MACD,IDBI,NSE,2025-09-26,2025-09-29,2025-09-30,SHORT,89.19999694824219,91.42999687194823,84.73999710083008,91.42999687194823,STOP_LOSS,2,-2.439024390243893,-2.5890243902438934,BULL,BULL,89.56999969482422,42.10044422517068,91.29486907449629,91.92984667599133,91.96825580259885,-0.6907197438640682,-0.041763460959790714,-0.7321947363532887,0.6907197438640682,0.041763460959790714,0.7321947363532887,-0.04925037380817798,0.15084578504851778,-0.20009615885669577,-0.22339640453103438,0.22339640453103438,0.6400321940011411,-1.8893387954415974,1.8893387954415974,1.0,1.0,1.0,20.0,20.0,1.0,IDBI.NS
EMA_MACD,IDBI,NSE,2025-10-06,2025-10-07,2025-10-21,LONG,92.97000122070312,90.64575119018556,97.61850128173828,94.3000030517578,TIME_EXIT,11,1.4305709514807363,1.2805709514807364,BULL,BULL,92.86000061035156,53.447885209648035,92.14722491413121,91.94408155173203,91.92708933243416,0.22094229337087978,0.018484452647481452,0.23946758599195764,0.22094229337087978,0.018484452647481452,0.23946758599195764,0.023694479738907148,-0.021551355118025896,0.045245834856933044,0.048724784147685295,0.048724784147685295,0.5002352048073283,0.7735183527062899,0.7735183527062899,0.0,0.0,0.0,30.0,30.0,0.0,IDBI.NS
EMA_MACD,IDBI,NSE,2025-12-23,2025-12-24,2026-01-02,LONG,100.3000030517578,97.79250297546383,105.31500320434569,105.31500320434569,TARGET,7,5.000000000000004,4.850000000000004,BULL,BULL,100.06999969482422,54.89473077727422,99.17465443131746,98.57985491097598,98.49947674723248,0.6033682245511769,0.08160263018428884,0.6854632190763957,0.6033682245511769,0.08160263018428884,0.6854632190763957,0.0970283611774505,-0.12153065578751333,0.21855901696496383,0.21840613333814976,0.21840613333814976,0.6872601391707072,0.9027964540343505,0.9027964540343505,1.0,1.0,1.0,26.0,26.0,1.0,IDBI.NS
EMA_MACD,IDBI,NSE,2026-02-04,2026-02-05,2026-02-05,LONG,109.8000030517578,107.05500297546384,115.2900032043457,107.05500297546384,STOP_LOSS,1,-2.500000000000002,-2.650000000000002,NEUTRAL,NEUTRAL,109.16000366210938,63.564178416690645,103.1550051585678,101.52072969881506,101.463966891761,1.6097948316577342,0.055943808223671634,1.6666392204148228,1.6097948316577342,0.055943808223671634,1.6666392204148228,0.08876006953215665,-0.43287959666728865,0.5216396661994454,0.47786702885620386,0.47786702885620386,3.53472938261141,5.821335081425093,5.821335081425093,0.0,0.0,0.0,0.0,0.0,0.0,IDBI.NS
EMA_MACD,IDBI,NSE,2026-08-25,2026-08-26,2026-08-26,LONG,87.3499984741211,85.16624851226807,91.71749839782716,91.71749839782716,TARGET,1,5.000000000000004,4.850000000000004,NEUTRAL,NEUTRAL,88.30999755859375,67.18823736302036,85.3618670543864,83.99435777535368,83.7247599634534,1.6280965951191342,0.32200487886494383,1.9553440244529958,1.6280965951191342,0.32200487886494383,1.9553440244529958,0.3200309516649895,-0.1309907299440085,0.451021681608998,0.5107255056934463,0.5107255056934463,2.5097538128786963,3.4536855928057673,3.4536855928057673,1.0,1.0,1.0,1.0,1.0,1.0,IDBI.NS
CURRENT,IDFCFIRSTB,BSE,2025-01-10,2025-01-13,2025-01-14,SHORT,60.11000061035156,61.612750625610346,57.10450057983398,61.612750625610346,STOP_LOSS,2,-2.439024390243893,-2.5890243902438934,NEUTRAL,NEUTRAL,60.41999816894531,35.55312419418763,62.039706572834945,62.847402559845605,63.55477754440745,-1.2851700374435409,-1.1130162230016192,-2.3838821094352576,1.2851700374435409,1.1130162230016192,2.3838821094352576,-0.7710254549509798,-0.6376881614721583,-0.1333372934788215,-0.2206840409130536,0.2206840409130536,1.2509506969421311,-2.6107609035643744,2.6107609035643744,3.0,4.0,0.0,0.0,4.0,0.0,IDFCFIRSTB.BO
CURRENT,IDFCFIRSTB,BSE,2025-09-26,2025-09-29,2025-10-06,SHORT,68.91000366210938,70.6327537536621,65.46450347900391,70.6327537536621,STOP_LOSS,5,-2.439024390243893,-2.5890243902438934,BULL,BULL,68.5999984741211,35.54806037884951,69.88757099417421,70.67594435271367,70.83930372573624,-1.1154762285241246,-0.23060555995163382,-1.343509438272843,1.1154762285241246,0.23060555995163382,1.343509438272843,-0.20447152936341695,0.13300885133468926,-0.3374803806981062,-0.4919539186657832,0.4919539186657832,0.8668926252435983,-1.84234836285904,1.84234836285904,3.0,2.0,4.0,0.0,4.0,0.0,IDFCFIRSTB.BO
CURRENT,IDFCFIRSTB,BSE,2025-10-09,2025-10-10,2025-10-23,LONG,73.44999694824219,71.61374702453612,77.1224967956543,77.1224967956543,TARGET,9,5.000000000000004,4.850000000000004,BULL,BULL,73.44999694824219,64.03021880397827,71.84267983185173,71.04908985879678,70.89319496211813,1.116960082996324,0.21990107338503875,1.3393173635931541,1.116960082996324,0.21990107338503875,1.3393173635931541,0.1901850607399922,-0.09260159786361276,0.28278665860360497,0.3850056778121795,0.3850056778121795,0.991263697237052,2.2372733313295083,2.2372733313295083,2.0,2.0,2.0,0.0,2.0,0.0,IDFCFIRSTB.BO
CURRENT,IDFCFIRSTB,BSE,2026-05-27,2026-05-28,2026-06-02,LONG,71.33999633789062,69.55649642944336,74.90699615478516,69.55649642944336,STOP_LOSS,4,-2.500000000000002,-2.650000000000002,BEAR,BEAR,71.33999633789062,62.50612363377795,69.94348991484412,69.18085269229508,68.68249624437311,1.1023819349858683,0.7255945476250686,1.835975305825198,1.1023819349858683,0.7255945476250686,1.835975305825198,0.5521501984656538,0.3832444730712723,0.16890572539438153,0.23676161208978233,0.23676161208978233,1.4139054872744028,1.9966210218374054,1.9966210218374054,2.0,3.0,1.0,0.0,3.0,0.0,IDFCFIRSTB.BO
EMA_MACD,IDFCFIRSTB,BSE,2025-01-10,2025-01-13,2025-01-14,SHORT,60.11000061035156,61.612750625610346,57.10450057983398,61.612750625610346,STOP_LOSS,2,-2.439024390243893,-2.5890243902438934,NEUTRAL,NEUTRAL,60.41999816894531,35.55312419418763,62.039706572834945,62.847402559845605,63.55477754440745,-1.2851700374435409,-1.1130162230016192,-2.3838821094352576,1.2851700374435409,1.1130162230016192,2.3838821094352576,-0.7710254549509798,-0.6376881614721583,-0.1333372934788215,-0.2206840409130536,0.2206840409130536,1.2509506969421311,-2.6107609035643744,2.6107609035643744,3.0,4.0,0.0,0.0,4.0,0.0,IDFCFIRSTB.BO
EMA_MACD,IDFCFIRSTB,BSE,2025-02-14,2025-02-17,2025-02-28,SHORT,60.4900016784668,62.00225172042846,57.465501594543454,57.465501594543454,TARGET,9,5.263157894736836,5.113157894736836,NEUTRAL,NEUTRAL,60.56999969482422,43.70784414658385,61.62914125472513,61.99709137674162,62.206705372907365,-0.5934957815690892,-0.33696366799878,-0.9284595844128761,0.5934957815690892,0.33696366799878,0.9284595844128761,-0.2227385532705739,-0.1889778885134385,-0.033760664757135406,-0.05573826139546818,0.05573826139546818,0.7680220577286814,-1.718572640049083,1.718572640049083,1.0,1.0,0.0,14.0,14.0,0.0,IDFCFIRSTB.BO
EMA_MACD,IDFCFIRSTB,BSE,2025-09-08,2025-09-09,2025-09-23,LONG,72.25,70.44375,75.8625,70.44375,STOP_LOSS,11,-2.5000000000000133,-2.650000000000013,NEUTRAL,NEUTRAL,72.23999786376953,58.81371619093303,71.52413902223518,70.58001784540733,70.47028296999997,1.3376607227498507,0.155717943482745,1.4954616440008384,1.3376607227498507,0.155717943482745,1.4954616440008384,0.16383052661299757,-0.3015423868110464,0.46537291342404397,0.6442039412869945,0.6442039412869945,0.5111221837094233,1.0008632768187704,1.0008632768187704,3.0,2.0,4.0,1.0,4.0,1.0,IDFCFIRSTB.BO
EMA_MACD,IDFCFIRSTB,BSE,2025-09-26,2025-09-29,2025-10-06,SHORT,68.91000366210938,70.6327537536621,65.46450347900391,70.6327537536621,STOP_LOSS,5,-2.439024390243893,-2.5890243902438934,BULL,BULL,68.5999984741211,35.54806037884951,69.88757099417421,70.67594435271367,70.83930372573624,-1.1154762285241246,-0.23060555995163382,-1.343509438272843,1.1154762285241246,0.23060555995163382,1.343509438272843,-0.20447152936341695,0.13300885133468926,-0.3374803806981062,-0.4919539186657832,0.4919539186657832,0.8668926252435983,-1.84234836285904,1.84234836285904,3.0,2.0,4.0,0.0,4.0,0.0,IDFCFIRSTB.BO
EMA_MACD,IDFCFIRSTB,BSE,2025-10-09,2025-10-10,2025-10-23,LONG,73.44999694824219,71.61374702453612,77.1224967956543,77.1224967956543,TARGET,9,5.000000000000004,4.850000000000004,BULL,BULL,73.44999694824219,64.03021880397827,71.84267983185173,71.04908985879678,70.89319496211813,1.116960082996324,0.21990107338503875,1.3393173635931541,1.116960082996324,0.21990107338503875,1.3393173635931541,0.1901850607399922,-0.09260159786361276,0.28278665860360497,0.3850056778121795,0.3850056778121795,0.991263697237052,2.2372733313295083,2.2372733313295083,2.0,2.0,2.0,0.0,2.0,0.0,IDFCFIRSTB.BO
EMA_MACD,IDFCFIRSTB,BSE,2026-02-04,2026-02-05,2026-02-11,LONG,84.80999755859375,82.6897476196289,89.05049743652344,82.6897476196289,STOP_LOSS,5,-2.500000000000002,-2.650000000000002,NEUTRAL,NEUTRAL,85.13999938964844,56.08244504398203,83.96170981046114,83.63159830134185,83.5250757482454,0.3947210334661207,0.1275336204633034,0.5227580559541337,0.3947210334661207,0.1275336204633034,0.5227580559541337,0.10984147256773724,0.06558921562438255,0.04425225694335469,0.051975871811827855,0.051975871811827855,2.549606604407663,1.4033653934004153,1.4033653934004153,0.0,0.0,0.0,17.0,17.0,0.0,IDFCFIRSTB.BO
EMA_MACD,IDFCFIRSTB,BSE,2026-02-13,2026-02-16,2026-02-17,SHORT,81.19000244140625,83.2197525024414,77.13050231933593,83.2197525024414,STOP_LOSS,2,-2.439024390243893,-2.5890243902438934,NEUTRAL,NEUTRAL,81.4000015258789,41.012419988634456,82.61731114091225,83.31276788618743,83.45935681170424,-0.8347540994259552,-0.17564109180416293,-1.0089290200160064,0.8347540994259552,0.17564109180416293,1.0089290200160064,-0.18431611189737396,0.0861237053118323,-0.2704398172092063,-0.33223564144925394,0.33223564144925394,0.40290039523848004,-1.4734316552097635,1.4734316552097635,2.0,1.0,2.0,16.0,16.0,1.0,IDFCFIRSTB.BO
EMA_MACD,IDFCFIRSTB,BSE,2026-05-26,2026-05-27,2026-06-09,LONG,70.16999816894531,68.41574821472167,73.67849807739258,73.67849807739258,TARGET,10,5.000000000000004,4.850000000000004,BEAR,BEAR,70.2300033569336,58.50623143387996,69.24523670332086,68.82099541802916,68.46989623689171,0.6164416581230685,0.5127789005590306,1.1323815414392104,0.6164416581230685,0.5127789005590306,1.1323815414392104,0.3819593159376211,0.3410180417226769,0.0409412742149442,0.058295987837087566,0.058295987837087566,0.5627871115620827,1.4221435300047294,1.4221435300047294,1.0,2.0,0.0,12.0,12.0,0.0,IDFCFIRSTB.BO
CURRENT,IDFCFIRSTB,NSE,2025-09-26,2025-09-29,2025-10-06,SHORT,68.88999938964844,70.61224937438965,65.44549942016602,70.61224937438965,STOP_LOSS,5,-2.4390243902439046,-2.5890243902439045,BULL,BULL,68.58999633789062,35.47706910195393,69.8747092322535,70.6709870113659,70.83793131144235,-1.1267392925817454,-0.23567077268599654,-1.3597546700707577,1.1267392925817454,0.23567077268599654,1.3597546700707577,-0.20860516599047685,0.1318216310975513,-0.34042679708802814,-0.4963213518936564,0.4963213518936564,0.8730114874996713,-1.8385949773224355,1.8385949773224355,4.0,2.0,4.0,0.0,4.0,0.0,IDFCFIRSTB.NS
CURRENT,IDFCFIRSTB,NSE,2025-10-09,2025-10-10,2025-10-20,LONG,73.4000015258789,71.56500148773193,77.07000160217285,77.07000160217285,TARGET,7,5.000000000000004,4.850000000000004,BULL,BULL,73.44999694824219,64.10985359826671,71.86708735091531,71.06283878813423,70.90120274000522,1.1317428018585902,0.22797363356688197,1.3622965106135008,1.1317428018585902,0.22797363356688197,1.3622965106135008,0.19680074371626688,-0.09030764826192453,0.2871083919781914,0.3908895900710619,0.3908895900710619,1.5291821755561041,2.2025514817343086,2.2025514817343086,2.0,2.0,2.0,0.0,2.0,0.0,IDFCFIRSTB.NS
CURRENT,IDFCFIRSTB,NSE,2026-05-27,2026-05-28,2026-06-02,LONG,71.4800033569336,69.69300327301025,75.05400352478027,69.69300327301025,STOP_LOSS,4,-2.5000000000000133,-2.650000000000013,BEAR,BEAR,71.4800033569336,63.121887718048555,69.98712402815008,69.20663492128314,68.72525796788177,1.1277663012436308,0.7004367355395504,1.836102326248127,1.1277663012436308,0.7004367355395504,1.836102326248127,0.5337542040499272,0.3560477721004912,0.17770643194943603,0.2486099938496973,0.2486099938496973,0.8486266027747823,2.1330771188469657,2.1330771188469657,2.0,3.0,1.0,0.0,3.0,0.0,IDFCFIRSTB.NS
EMA_MACD,IDFCFIRSTB,NSE,2025-02-14,2025-02-17,2025-02-17,SHORT,60.0,61.49999999999999,57.0,61.49999999999999,STOP_LOSS,1,-2.439024390243893,-2.5890243902438934,NEUTRAL,NEUTRAL,60.59999847412109,43.69830193494409,61.63171287135807,61.99925262232707,62.18654219444397,-0.5928131960039849,-0.30117379984127224,-0.8922015978168915,0.5928131960039849,0.30117379984127224,0.8922015978168915,-0.19931277818641036,-0.1572762194637194,-0.042036558722690964,-0.06936726036493625,0.06936726036493625,0.6095646911922102,-1.6739992272978799,1.6739992272978799,1.0,1.0,0.0,15.0,15.0,0.0,IDFCFIRSTB.NS
EMA_MACD,IDFCFIRSTB,NSE,2025-09-08,2025-09-09,2025-09-23,LONG,72.4000015258789,70.59000148773193,76.02000160217285,70.59000148773193,STOP_LOSS,11,-2.5000000000000133,-2.650000000000013,NEUTRAL,NEUTRAL,72.2699966430664,58.990238009908325,71.53440671916131,70.58346573473577,70.47269692510042,1.3472574271137876,0.15717975112130675,1.5065547941059951,1.3472574271137876,0.15717975112130675,1.5065547941059951,0.16521703300654167,-0.3031520768754056,0.46836910988194724,0.6480823739278292,0.6480823739278292,0.8384024785941542,1.0283022641020372,1.0283022641020372,3.0,2.0,4.0,1.0,4.0,1.0,IDFCFIRSTB.NS
EMA_MACD,IDFCFIRSTB,NSE,2025-09-26,2025-09-29,2025-10-06,SHORT,68.88999938964844,70.61224937438965,65.44549942016602,70.61224937438965,STOP_LOSS,5,-2.4390243902439046,-2.5890243902439045,BULL,BULL,68.58999633789062,35.47706910195393,69.8747092322535,70.6709870113659,70.83793131144235,-1.1267392925817454,-0.23567077268599654,-1.3597546700707577,1.1267392925817454,0.23567077268599654,1.3597546700707577,-0.20860516599047685,0.1318216310975513,-0.34042679708802814,-0.4963213518936564,0.4963213518936564,0.8730114874996713,-1.8385949773224355,1.8385949773224355,4.0,2.0,4.0,0.0,4.0,0.0,IDFCFIRSTB.NS
EMA_MACD,IDFCFIRSTB,NSE,2025-10-09,2025-10-10,2025-10-20,LONG,73.4000015258789,71.56500148773193,77.07000160217285,77.07000160217285,TARGET,7,5.000000000000004,4.850000000000004,BULL,BULL,73.44999694824219,64.10985359826671,71.86708735091531,71.06283878813423,70.90120274000522,1.1317428018585902,0.22797363356688197,1.3622965106135008,1.1317428018585902,0.22797363356688197,1.3622965106135008,0.19680074371626688,-0.09030764826192453,0.2871083919781914,0.3908895900710619,0.3908895900710619,1.5291821755561041,2.2025514817343086,2.2025514817343086,2.0,2.0,2.0,0.0,2.0,0.0,IDFCFIRSTB.NS
EMA_MACD,IDFCFIRSTB,NSE,2026-02-04,2026-02-05,2026-02-11,LONG,85.0,82.875,89.25,82.875,STOP_LOSS,5,-2.500000000000002,-2.650000000000002,NEUTRAL,NEUTRAL,85.13999938964844,56.25228869596448,83.9623870840386,83.61303266534827,83.5144613414786,0.4178229249124077,0.11802904824666659,0.5363451255807048,0.4178229249124077,0.11802904824666659,0.5363451255807048,0.1036836579858118,0.039269065272618656,0.06441459271319315,0.07565726236195494,0.07565726236195494,0.8045051511278254,1.4025474340446753,1.4025474340446753,1.0,0.0,0.0,18.0,18.0,0.0,IDFCFIRSTB.NS
EMA_MACD,IDFCFIRSTB,NSE,2026-02-13,2026-02-16,2026-02-16,SHORT,81.01000213623047,83.03525218963622,76.95950202941894,83.03525218963622,STOP_LOSS,1,-2.439024390243893,-2.5890243902438934,NEUTRAL,NEUTRAL,81.54000091552734,41.381456365735744,82.67271422985596,83.33449153178347,83.4690343729974,-0.7941217253064001,-0.1611889273963539,-0.9540306164115112,0.7941217253064001,0.1611889273963539,0.9540306164115112,-0.16938764598945966,0.08512136788348654,-0.2545090138729462,-0.31212780355081043,0.31212780355081043,0.5737044907423448,-1.3701174866223882,1.3701174866223882,2.0,1.0,2.0,16.0,16.0,1.0,IDFCFIRSTB.NS
EMA_MACD,IDFCFIRSTB,NSE,2026-05-26,2026-05-27,2026-06-09,LONG,70.22000122070312,68.46450119018554,73.73100128173829,73.73100128173829,TARGET,10,5.000000000000004,4.850000000000004,BEAR,BEAR,70.22000122070312,58.52791842283134,69.2406843637583,68.82774018200806,68.50487833675763,0.5999676593452854,0.4712975967394594,1.074092889244453,0.5999676593452854,0.4712975967394594,1.074092889244453,0.3503172560828176,0.31162116411313223,0.038696091969685376,0.055106937193097796,0.055106937193097796,0.9461441079083164,1.414366229830926,1.414366229830926,1.0,2.0,0.0,12.0,12.0,0.0,IDFCFIRSTB.NS
CURRENT,IFCI,NSE,2025-05-06,2025-05-07,2025-05-07,SHORT,39.650001525878906,40.64125156402588,37.66750144958496,40.64125156402588,STOP_LOSS,1,-2.4390243902439046,-2.5890243902439045,NEUTRAL,NEUTRAL,40.58000183105469,39.57406387920836,42.167885306121946,42.99520470463462,43.39039851114018,-1.9242131865544787,-0.9107863031128807,-2.8174740195215295,1.9242131865544787,0.9107863031128807,2.8174740195215295,-0.4391495819623188,-0.20913484440992794,-0.23001473755239085,-0.5668179575496404,0.5668179575496404,0.7603247258664515,-3.7656227328922487,3.7656227328922487,3.0,3.0,2.0,0.0,3.0,0.0,IFCI.NS
CURRENT,IFCI,NSE,2025-05-16,2025-05-19,2025-05-20,LONG,52.25,50.94375,54.8625,50.94375,STOP_LOSS,2,-2.500000000000002,-2.650000000000002,NEUTRAL,NEUTRAL,51.77000045776367,71.2665959848182,46.230085455298166,44.1246825206823,43.668772346150234,4.771485740728025,1.0440187576563664,5.865319704536491,4.771485740728025,1.0440187576563664,5.865319704536491,0.5629287077842804,-0.24032994663452134,0.8032586544188017,1.5515909741475409,1.5515909741475409,7.851475034958956,11.983354449608978,11.983354449608978,2.0,1.0,2.0,0.0,2.0,0.0,IFCI.NS
CURRENT,IFCI,NSE,2025-10-08,2025-10-09,2025-10-09,LONG,59.0,57.525,61.95,57.525,STOP_LOSS,1,-2.500000000000002,-2.650000000000002,BULL,BULL,58.93000030517578,60.093892165659156,57.3018826446899,56.448751122266074,55.954061357117595,1.5113381703980817,0.884099836812922,2.4087997455091847,1.5113381703980817,0.884099836812922,2.4087997455091847,0.5609311983866547,0.30926675776810064,0.2516644406185541,0.42705657443624784,0.42705657443624784,5.79249230526831,2.841298724129721,2.841298724129721,3.0,3.0,3.0,0.0,3.0,0.0,IFCI.NS
CURRENT,IFCI,NSE,2026-01-12,2026-01-13,2026-01-14,LONG,57.43000030517578,55.99425029754639,60.30150032043457,55.99425029754639,STOP_LOSS,2,-2.500000000000002,-2.650000000000002,BULL,BULL,56.43000030517578,63.309728612038704,52.60450671352605,51.915133280529346,51.54303557639615,1.3278853186634332,0.7219165498735127,2.059388092415718,1.3278853186634332,0.7219165498735127,2.059388092415718,0.43711642355494007,0.16245223819337917,0.2746641853615609,0.48673433258225346,0.48673433258225346,12.19734169095426,7.2721784323206915,7.2721784323206915,0.0,0.0,0.0,0.0,0.0,0.0,IFCI.NS
EMA_MACD,IFCI,NSE,2025-05-02,2025-05-05,2025-05-07,SHORT,42.15999984741211,43.213999843597406,40.0519998550415,40.0519998550415,TARGET,3,5.2631578947368585,5.113157894736858,NEUTRAL,NEUTRAL,42.02999877929688,43.38612599247205,43.057740336601526,43.502361526753646,43.68284862856969,-1.0220621928275795,-0.4131761262886095,-1.4310154021396035,1.0220621928275795,0.4131761262886095,1.4310154021396035,-0.1891212620173235,-0.13132757994059757,-0.057793682076725916,-0.1375057905193038,0.1375057905193038,0.5982635251300377,-2.386891530466603,2.386891530466603,1.0,1.0,0.0,13.0,13.0,0.0,IFCI.NS
EMA_MACD,IFCI,NSE,2025-05-16,2025-05-19,2025-05-20,LONG,52.25,50.94375,54.8625,50.94375,STOP_LOSS,2,-2.500000000000002,-2.650000000000002,NEUTRAL,NEUTRAL,51.77000045776367,71.2665959848182,46.230085455298166,44.1246825206823,43.668772346150234,4.771485740728025,1.0440187576563664,5.865319704536491,4.771485740728025,1.0440187576563664,5.865319704536491,0.5629287077842804,-0.24032994663452134,0.8032586544188017,1.5515909741475409,1.5515909741475409,7.851475034958956,11.983354449608978,11.983354449608978,2.0,1.0,2.0,0.0,2.0,0.0,IFCI.NS
EMA_MACD,IFCI,NSE,2025-09-30,2025-10-01,2025-10-03,SHORT,54.34999847412109,55.70874843597411,51.63249855041503,55.70874843597411,STOP_LOSS,2,-2.439024390243893,-2.5890243902438934,BULL,BULL,54.04999923706055,44.88718421732443,54.49835967234724,55.26188151845257,55.28192523059185,-1.38164287050266,-0.03625726140266915,-1.4173991860381197,1.38164287050266,0.03625726140266915,1.4173991860381197,-0.03267657472839858,0.23595423502952914,-0.26863080975792775,-0.4970042803881027,0.4970042803881027,0.7002888059162652,-0.8227044593310856,0.8227044593310856,2.0,2.0,2.0,18.0,18.0,2.0,IFCI.NS
EMA_MACD,IFCI,NSE,2025-10-29,2025-10-30,2025-10-31,LONG,57.11000061035156,55.682250595092775,59.965500640869145,59.965500640869145,TARGET,2,5.000000000000004,4.850000000000004,BULL,BULL,57.06999969482422,54.62335269956746,56.41140070109587,56.225556514443646,56.097830468731,0.3305332986868427,0.22768446595068137,0.5589703376134284,0.3305332986868427,0.22768446595068137,0.5589703376134284,0.13622872642714867,0.12695855142171852,0.009270175005430148,0.016243516830211017,0.016243516830211017,0.8463209064873939,1.167492715201367,1.167492715201367,0.0,1.0,0.0,14.0,14.0,0.0,IFCI.NS
EMA_MACD,IFCI,NSE,2025-11-07,2025-11-10,2025-11-12,SHORT,54.5,55.8625,51.775,55.8625,STOP_LOSS,3,-2.439024390243893,-2.5890243902438934,BULL,BULL,54.22999954223633,41.215162574217835,55.402276453428115,56.01504278968539,56.08725185225841,-1.0939317471522276,-0.1287441623334155,-1.2212675362212728,1.0939317471522276,0.1287441623334155,1.2212675362212728,-0.09952419386095812,0.1444887095679113,-0.24401290342886942,-0.4499592577699049,0.4499592577699049,0.8959204288784569,-2.1159363590000106,2.1159363590000106,1.0,1.0,1.0,43.0,43.0,1.0,IFCI.NS
EMA_MACD,IFCI,NSE,2026-01-12,2026-01-13,2026-01-14,LONG,57.43000030517578,55.99425029754639,60.30150032043457,55.99425029754639,STOP_LOSS,2,-2.500000000000002,-2.650000000000002,BULL,BULL,56.43000030517578,63.309728612038704,52.60450671352605,51.915133280529346,51.54303557639615,1.3278853186634332,0.7219165498735127,2.059388092415718,1.3278853186634332,0.7219165498735127,2.059388092415718,0.43711642355494007,0.16245223819337917,0.2746641853615609,0.48673433258225346,0.48673433258225346,12.19734169095426,7.2721784323206915,7.2721784323206915,0.0,0.0,0.0,0.0,0.0,0.0,IFCI.NS
CURRENT,INFY,BSE,2025-01-17,2025-01-21,2025-01-23,SHORT,1820.0,1865.5,1729.0,1865.5,STOP_LOSS,3,-2.439024390243893,-2.5890243902438934,NEUTRAL,NEUTRAL,1815.0999755859373,33.0262588976709,1898.5886900951582,1920.9829718856565,1922.6736486744057,-1.1657720093435222,-0.08793363293426622,-1.2526805365982419,1.1657720093435222,0.08793363293426622,1.2526805365982419,-2.7211647851813723,6.755915195695651,-9.477079980877022,-0.5221244068287589,0.5221244068287589,1.3685215941075948,-4.397409241126177,4.397409241126177,0.0,0.0,1.0,0.0,1.0,0.0,500209.BO
CURRENT,INFY,BSE,2025-09-26,2025-09-29,2025-10-08,SHORT,1460.050048828125,1496.551300048828,1387.0475463867188,1496.551300048828,STOP_LOSS,7,-2.4390243902438824,-2.5890243902438823,BULL,BULL,1448.5999755859375,39.34758401041667,1482.1226795964874,1495.5164700851951,1497.5839652702716,-0.8955963211789123,-0.13805537672830057,-1.0324152790320447,0.8955963211789123,0.13805537672830057,1.0324152790320447,-2.509046931982766,2.121973464151802,-4.631020396134568,-0.31968938797347335,0.31968938797347335,0.5930802935205287,-2.261803592377154,2.261803592377154,2.0,1.0,1.0,0.0,2.0,0.0,500209.BO
CURRENT,INFY,BSE,2025-11-12,2025-11-13,2025-11-14,LONG,1558.949951171875,1519.976202392578,1636.8974487304688,1519.976202392578,STOP_LOSS,2,-2.5000000000000133,-2.650000000000013,BULL,BULL,1551.4000244140625,63.488838971692104,1519.4876430046857,1502.4071771009242,1495.2466050830103,1.1368732900171774,0.4788890336598582,1.6212066851895361,1.1368732900171774,0.4788890336598582,1.6212066851895361,8.251239020010644,2.552357970325188,5.698881049685456,0.3673379502387095,0.3673379502387095,1.345453359375336,2.1002067082475406,2.1002067082475406,2.0,2.0,2.0,0.0,2.0,0.0,500209.BO
CURRENT,INFY,BSE,2026-02-05,2026-02-06,2026-02-12,SHORT,1518.199951171875,1556.1549499511718,1442.289953613281,1442.289953613281,TARGET,5,5.2631578947368585,5.113157894736858,NEUTRAL,NEUTRAL,1519.800048828125,32.87774917190103,1581.2173552035201,1617.2902639866177,1623.1100989153229,-2.2304535918109027,-0.3585606997698063,-2.581016761573871,2.2304535918109027,0.3585606997698063,2.581016761573871,-7.741990927831466,7.862460216407362,-15.604451144238828,-1.026743692781888,1.026743692781888,1.521382954456809,-3.884178615500337,3.884178615500337,1.0,1.0,4.0,1.0,4.0,1.0,500209.BO
CURRENT,INFY,BSE,2026-04-23,2026-04-24,2026-05-11,SHORT,1205.9000244140625,1236.047525024414,1145.605023193359,1176.800048828125,TIME_EXIT,11,2.472805436651337,2.322805436651337,BEAR,BEAR,1242.5999755859375,37.28700606092642,1279.2346344797531,1292.0400283363633,1299.9270222633681,-0.9910988495533273,-0.6067259001411004,-1.5918114962781873,0.9910988495533273,0.6067259001411004,1.5918114962781873,-8.295537528875457,-7.060443808505456,-1.235093720370001,-0.09939592343767775,0.09939592343767775,1.74806902184429,-2.8637951089179543,2.8637951089179543,1.0,1.0,0.0,0.0,1.0,0.0,500209.BO
CURRENT,INFY,BSE,2026-06-11,2026-06-12,2026-06-15,SHORT,1121.199951171875,1149.229949951172,1065.1399536132812,1149.229949951172,STOP_LOSS,2,-2.4390243902439046,-2.5890243902439045,BEAR,BEAR,1114.0,37.292256030410755,1155.8951948395575,1173.770042515238,1183.536077728021,-1.5228577172899207,-0.8251573734474055,-2.3354491179959953,1.5228577172899207,0.8251573734474055,2.3354491179959953,-10.559357472726333,-7.487061459467494,-3.072296013258839,-0.2757895882638096,0.2757895882638096,1.1954986050947876,-3.624480405022591,3.624480405022591,1.0,1.0,0.0,0.0,1.0,0.0,500209.BO
EMA_MACD,INFY,BSE,2025-01-17,2025-01-21,2025-01-23,SHORT,1820.0,1865.5,1729.0,1865.5,STOP_LOSS,3,-2.439024390243893,-2.5890243902438934,NEUTRAL,NEUTRAL,1815.0999755859373,33.0262588976709,1898.5886900951582,1920.9829718856565,1922.6736486744057,-1.1657720093435222,-0.08793363293426622,-1.2526805365982419,1.1657720093435222,0.08793363293426622,1.2526805365982419,-2.7211647851813723,6.755915195695651,-9.477079980877022,-0.5221244068287589,0.5221244068287589,1.3685215941075948,-4.397409241126177,4.397409241126177,0.0,0.0,1.0,0.0,1.0,0.0,500209.BO
EMA_MACD,INFY,BSE,2025-02-13,2025-02-14,2025-02-24,SHORT,1852.5,1898.8125,1759.875,1759.875,TARGET,6,5.263157894736836,5.113157894736836,NEUTRAL,NEUTRAL,1843.25,42.31680099462606,1866.9415969133543,1876.0080146128248,1884.3028409469432,-0.4832824608876577,-0.4402066458674918,-0.9213616652440101,0.4832824608876577,0.4402066458674918,0.9213616652440101,-8.96047154538769,-8.421570094815312,-0.5389014505723786,-0.029236481788817503,0.029236481788817503,0.5886948331216021,-1.2690057874613738,1.2690057874613738,1.0,2.0,0.0,13.0,13.0,0.0,500209.BO
EMA_MACD,INFY,BSE,2025-09-15,2025-09-16,2025-09-26,LONG,1508.050048828125,1470.3487976074218,1583.452551269531,1470.3487976074218,STOP_LOSS,9,-2.500000000000002,-2.650000000000002,BULL,BULL,1508.050048828125,52.306351361702184,1507.6437382366228,1496.0325585132455,1495.163528118852,0.7761314857289242,0.058122765707571224,0.8347053605215284,0.7761314857289242,0.058122765707571224,0.8347053605215284,1.6961837944531908,-4.9291056045499335,6.625289399003124,0.4393282175317392,0.4393282175317392,0.4759111493879585,0.026950040065663275,0.026950040065663275,3.0,3.0,4.0,47.0,47.0,3.0,500209.BO
EMA_MACD,INFY,BSE,2025-10-17,2025-10-20,2025-10-23,SHORT,1446.1500244140625,1482.303775024414,1373.8425231933593,1482.303775024414,STOP_LOSS,3,-2.439024390243893,-2.5890243902438934,BULL,BULL,1441.300048828125,40.00245801527848,1468.2276728012512,1476.5674805728509,1481.691830320861,-0.5648104730279011,-0.3458445030975529,-0.9087016101515676,0.5648104730279011,0.3458445030975529,0.9087016101515676,-5.633175095784509,-4.089632299219819,-1.5435427965646902,-0.10709378646172221,0.10709378646172221,1.6788506640730079,-1.8340223707778645,1.8340223707778645,1.0,1.0,0.0,14.0,14.0,0.0,500209.BO
EMA_MACD,INFY,BSE,2025-10-24,2025-10-27,2025-11-03,LONG,1512.300048828125,1474.4925476074218,1587.9150512695312,1474.4925476074218,STOP_LOSS,6,-2.500000000000002,-2.650000000000002,BULL,BULL,1525.4000244140625,58.68160708684517,1499.0955924018099,1487.0085614405264,1485.6942730995122,0.8128420558368752,0.08846290685850484,0.9020240264061418,0.8128420558368752,0.08846290685850484,0.9020240264061418,1.8670408479772505,-3.13015191714818,4.997192765125431,0.3275988386747899,0.3275988386747899,0.8255204341023124,1.7546867688476342,1.7546867688476342,1.0,1.0,1.0,74.0,74.0,1.0,500209.BO
EMA_MACD,INFY,BSE,2025-11-06,2025-11-07,2025-11-10,SHORT,1470.0,1506.7499999999998,1396.5,1506.7499999999998,STOP_LOSS,2,-2.4390243902438824,-2.5890243902438823,BULL,BULL,1466.25,44.631720162282036,1477.868709495888,1484.850495716675,1486.0483396291654,-0.47020129238109787,-0.08060598572381655,-0.5504282677183046,0.47020129238109787,0.08060598572381655,0.5504282677183046,-1.4405703019776865,0.8828110439766995,-2.323381345954386,-0.15845738079825308,0.15845738079825308,2.4569666533419037,-0.7861800863116722,0.7861800863116722,1.0,1.0,1.0,26.0,26.0,1.0,500209.BO
EMA_MACD,INFY,BSE,2026-01-21,2026-01-22,2026-01-30,LONG,1666.1500244140625,1624.496273803711,1749.4575256347655,1624.496273803711,STOP_LOSS,7,-2.500000000000002,-2.650000000000002,BEAR,BEAR,1654.5999755859375,56.95090003612285,1645.606111512952,1633.1438676908535,1620.5692861819323,0.7630830368741045,0.775936062477589,1.5449401358214487,0.7630830368741045,0.775936062477589,1.5449401358214487,13.46172969346594,12.788383640006916,0.6733460534590243,0.04069539848872382,0.04069539848872382,0.664659613374334,0.5465380816261389,0.5465380816261389,2.0,2.0,0.0,2.0,2.0,0.0,500209.BO
EMA_MACD,INFY,BSE,2026-02-05,2026-02-06,2026-02-12,SHORT,1518.199951171875,1556.1549499511718,1442.289953613281,1442.289953613281,TARGET,5,5.2631578947368585,5.113157894736858,NEUTRAL,NEUTRAL,1519.800048828125,32.87774917190103,1581.2173552035201,1617.2902639866177,1623.1100989153229,-2.2304535918109027,-0.3585606997698063,-2.581016761573871,2.2304535918109027,0.3585606997698063,2.581016761573871,-7.741990927831466,7.862460216407362,-15.604451144238828,-1.026743692781888,1.026743692781888,1.521382954456809,-3.884178615500337,3.884178615500337,1.0,1.0,4.0,1.0,4.0,1.0,500209.BO
EMA_MACD,INFY,BSE,2026-04-23,2026-04-24,2026-05-11,SHORT,1205.9000244140625,1236.047525024414,1145.605023193359,1176.800048828125,TIME_EXIT,11,2.472805436651337,2.322805436651337,BEAR,BEAR,1242.5999755859375,37.28700606092642,1279.2346344797531,1292.0400283363633,1299.9270222633681,-0.9910988495533273,-0.6067259001411004,-1.5918114962781873,0.9910988495533273,0.6067259001411004,1.5918114962781873,-8.295537528875457,-7.060443808505456,-1.235093720370001,-0.09939592343767775,0.09939592343767775,1.74806902184429,-2.8637951089179543,2.8637951089179543,1.0,1.0,0.0,0.0,1.0,0.0,500209.BO
EMA_MACD,INFY,BSE,2026-06-11,2026-06-12,2026-06-15,SHORT,1121.199951171875,1149.229949951172,1065.1399536132812,1149.229949951172,STOP_LOSS,2,-2.4390243902439046,-2.5890243902439045,BEAR,BEAR,1114.0,37.292256030410755,1155.8951948395575,1173.770042515238,1183.536077728021,-1.5228577172899207,-0.8251573734474055,-2.3354491179959953,1.5228577172899207,0.8251573734474055,2.3354491179959953,-10.559357472726333,-7.487061459467494,-3.072296013258839,-0.2757895882638096,0.2757895882638096,1.1954986050947876,-3.624480405022591,3.624480405022591,1.0,1.0,0.0,0.0,1.0,0.0,500209.BO
CURRENT,INOXWIND,BSE,2024-11-12,2024-11-13,2024-11-13,SHORT,200.0,205.0,190.0,190.0,TARGET,1,5.263157894736836,5.113157894736836,NEUTRAL,NEUTRAL,199.9499969482422,37.933237849326225,208.26812497311386,213.06773423043313,216.73296696435338,-2.252621343468406,-1.6911283895832419,-3.9056550140024417,2.252621343468406,1.6911283895832419,3.9056550140024417,-4.006974132697167,-3.206332136967642,-0.8006419957295248,-0.4004211092520167,0.4004211092520167,0.4554457185334167,-3.9939515592918933,3.9939515592918933,2.0,3.0,1.0,0.0,3.0,0.0,INOXWIND.BO
CURRENT,INOXWIND,BSE,2024-12-18,2024-12-19,2024-12-30,SHORT,186.75,191.41875,177.4125,177.4125,TARGET,7,5.263157894736836,5.113157894736836,NEUTRAL,NEUTRAL,189.8000030517578,38.06929727172386,194.79518245727064,198.032080458764,200.39362474847877,-1.6345321394365568,-1.1784528039147106,-2.79372275352319,1.6345321394365568,1.1784528039147106,2.79372275352319,-2.5313953098468573,-2.157873582478625,-0.3735217273682325,-0.19679753496440905,0.19679753496440905,0.5967206566836623,-2.5643238926653376,2.5643238926653376,2.0,3.0,0.0,0.0,3.0,0.0,INOXWIND.BO
CURRENT,INOXWIND,BSE,2025-02-28,2025-03-03,2025-03-03,SHORT,152.8000030517578,156.62000312805174,145.1600028991699,145.1600028991699,TARGET,1,5.2631578947368585,5.113157894736858,NEUTRAL,NEUTRAL,150.1999969482422,37.072350888618566,160.3457198847693,164.9345240602779,166.35832919426252,-2.7821974820939026,-0.8558664545867057,-3.6142520417310102,2.7821974820939026,0.8558664545867057,3.6142520417310102,-1.6192951125847515,-0.18659277484147505,-1.4327023377432764,-0.9538630937768762,0.9538630937768762,1.15441939339096,-6.327404899749254,6.327404899749254,1.0,1.0,1.0,0.0,1.0,0.0,INOXWIND.BO
CURRENT,INOXWIND,BSE,2025-04-23,2025-04-24,2025-04-25,LONG,175.4499969482422,171.06374702453613,184.2224967956543,171.06374702453613,STOP_LOSS,2,-2.500000000000002,-2.650000000000002,NEUTRAL,NEUTRAL,174.5500030517578,60.811072937476055,167.56441216513818,162.16839308357575,161.30119211683385,3.327417247565322,0.5376283679997683,3.882934754609719,3.327417247565322,0.5376283679997683,3.882934754609719,1.1480748907862903,-1.2456842666290635,2.393759157415354,1.3713887800423314,1.3713887800423314,2.3977565379319206,4.168898870802703,4.168898870802703,4.0,2.0,4.0,0.0,4.0,0.0,INOXWIND.BO
CURRENT,INOXWIND,BSE,2025-05-19,2025-05-20,2025-05-20,LONG,187.25,182.56875,196.6125,182.56875,STOP_LOSS,1,-2.500000000000002,-2.650000000000002,NEUTRAL,NEUTRAL,185.6000061035156,63.22305226266676,178.33609670119574,172.86223574381836,169.37508352443297,3.166603124056337,2.058834243398238,5.290632476925166,3.166603124056337,2.058834243398238,5.290632476925166,3.9073146108855212,2.344160217032008,1.5631543938535133,0.8422167793365737,0.8422167793365737,0.8696349820641064,4.07315710990951,4.07315710990951,4.0,4.0,3.0,0.0,4.0,0.0,INOXWIND.BO
CURRENT,INOXWIND,BSE,2025-07-15,2025-07-16,2025-07-25,SHORT,165.9499969482422,170.09874687194824,157.65249710083006,157.65249710083006,TARGET,8,5.2631578947368585,5.113157894736858,BULL,BULL,164.6999969482422,35.3133194506305,172.75120797859654,174.7573382534427,175.63383793550287,-1.1479519514864416,-0.4990494385153979,-1.6412725422335197,1.1479519514864416,0.4990494385153979,1.6412725422335197,-0.9841088255278407,-0.5043401283014459,-0.4797686972263948,-0.29129854651859194,0.29129854651859194,1.4651736497002277,-4.660581610145313,4.660581610145313,0.0,0.0,0.0,0.0,0.0,0.0,INOXWIND.BO
CURRENT,INOXWIND,BSE,2025-09-25,2025-09-26,2025-10-09,SHORT,141.25,144.78125,134.1875,144.78125,STOP_LOSS,9,-2.4390243902439046,-2.5890243902439045,BULL,BULL,141.1999969482422,37.80693617034709,146.05863506386828,147.41466263232016,147.72953671676663,-0.9198729246045666,-0.21314226758198168,-1.1310545541761732,0.9198729246045666,0.21314226758198168,1.1310545541761732,-0.31429324235503486,-0.13543873177552262,-0.17885451057951224,-0.12666750314808617,0.12666750314808617,1.4206336573621545,-3.326498370672515,3.326498370672515,0.0,0.0,0.0,0.0,0.0,0.0,INOXWIND.BO
EMA_MACD,INOXWIND,BSE,2024-11-11,2024-11-12,2024-11-13,SHORT,205.75,210.89375,195.4625,195.4625,TARGET,2,5.2631578947368585,5.113157894736858,NEUTRAL,NEUTRAL,204.6999969482422,40.565544554699024,212.4271889855497,215.25402377746494,218.07560456564227,-1.313255261066664,-1.2938543922862373,-2.5901180424756602,1.313255261066664,1.2938543922862373,2.5901180424756602,-3.02670339154713,-3.0061716380352603,-0.020531753511869866,-0.010030167961878994,0.010030167961878994,1.335915591954599,-3.637572042547314,3.637572042547314,1.0,2.0,0.0,11.0,11.0,0.0,INOXWIND.BO
EMA_MACD,INOXWIND,BSE,2024-12-18,2024-12-19,2024-12-30,SHORT,186.75,191.41875,177.4125,177.4125,TARGET,7,5.263157894736836,5.113157894736836,NEUTRAL,NEUTRAL,189.8000030517578,38.06929727172386,194.79518245727064,198.032080458764,200.39362474847877,-1.6345321394365568,-1.1784528039147106,-2.79372275352319,1.6345321394365568,1.1784528039147106,2.79372275352319,-2.5313953098468573,-2.157873582478625,-0.3735217273682325,-0.19679753496440905,0.19679753496440905,0.5967206566836623,-2.5643238926653376,2.5643238926653376,2.0,3.0,0.0,0.0,3.0,0.0,INOXWIND.BO
EMA_MACD,INOXWIND,BSE,2025-02-27,2025-02-28,2025-03-03,SHORT,153.39999389648438,157.23499374389647,145.72999420166016,145.72999420166016,TARGET,2,5.263157894736836,5.113157894736836,NEUTRAL,NEUTRAL,156.89999389648438,41.13221033892064,165.41858135303283,167.39027857895053,167.65099577394415,-1.1779042622165974,-0.1555118678478719,-1.3315843491448365,1.1779042622165974,0.1555118678478719,1.3315843491448365,-0.26850039527806757,0.17158280959434408,-0.44008320487241165,-0.2804864384907236,0.2804864384907236,0.9151887455117785,-5.149716184766614,5.149716184766614,0.0,0.0,0.0,26.0,26.0,0.0,INOXWIND.BO
EMA_MACD,INOXWIND,BSE,2025-03-28,2025-04-01,2025-04-02,SHORT,163.5,167.58749999999998,155.325,155.325,TARGET,2,5.2631578947368585,5.113157894736858,NEUTRAL,NEUTRAL,162.8000030517578,48.34945215631145,163.38150816006336,164.45754310301845,164.4670439808836,-0.6542934563244976,-0.005776766965091635,-0.6600324262813496,0.6542934563244976,0.005776766965091635,0.6600324262813496,-0.006423284367258475,0.2211173443300345,-0.22754062869729297,-0.13976696832428967,0.13976696832428967,2.197736207964853,-0.35591855825927016,0.35591855825927016,1.0,1.0,1.0,19.0,19.0,1.0,INOXWIND.BO
EMA_MACD,INOXWIND,BSE,2025-04-23,2025-04-24,2025-04-25,LONG,175.4499969482422,171.06374702453613,184.2224967956543,171.06374702453613,STOP_LOSS,2,-2.500000000000002,-2.650000000000002,NEUTRAL,NEUTRAL,174.5500030517578,60.811072937476055,167.56441216513818,162.16839308357575,161.30119211683385,3.327417247565322,0.5376283679997683,3.882934754609719,3.327417247565322,0.5376283679997683,3.882934754609719,1.1480748907862903,-1.2456842666290635,2.393759157415354,1.3713887800423314,1.3713887800423314,2.3977565379319206,4.168898870802703,4.168898870802703,4.0,2.0,4.0,0.0,4.0,0.0,INOXWIND.BO
EMA_MACD,INOXWIND,BSE,2025-05-14,2025-05-15,2025-05-19,LONG,174.9499969482422,170.57624702453612,183.6974967956543,183.6974967956543,TARGET,3,5.000000000000004,4.850000000000004,NEUTRAL,NEUTRAL,174.1999969482422,56.165940279608336,169.24681797420155,167.76873357034327,166.2707172030586,0.8810249516716616,0.9009502048729399,1.7899127526516692,0.8810249516716616,0.9009502048729399,1.7899127526516692,1.6271234444102447,1.5462346399779496,0.08088880443229507,0.046434446526614194,0.046434446526614194,0.9424649400000155,2.9266009448967347,2.9266009448967347,1.0,1.0,0.0,14.0,14.0,0.0,INOXWIND.BO
EMA_MACD,INOXWIND,BSE,2025-07-15,2025-07-16,2025-07-25,SHORT,165.9499969482422,170.09874687194824,157.65249710083006,157.65249710083006,TARGET,8,5.2631578947368585,5.113157894736858,BULL,BULL,164.6999969482422,35.3133194506305,172.75120797859654,174.7573382534427,175.63383793550287,-1.1479519514864416,-0.4990494385153979,-1.6412725422335197,1.1479519514864416,0.4990494385153979,1.6412725422335197,-0.9841088255278407,-0.5043401283014459,-0.4797686972263948,-0.29129854651859194,0.29129854651859194,1.4651736497002277,-4.660581610145313,4.660581610145313,0.0,0.0,0.0,0.0,0.0,0.0,INOXWIND.BO
EMA_MACD,INOXWIND,BSE,2025-09-25,2025-09-26,2025-10-09,SHORT,141.25,144.78125,134.1875,144.78125,STOP_LOSS,9,-2.4390243902439046,-2.5890243902439045,BULL,BULL,141.1999969482422,37.80693617034709,146.05863506386828,147.41466263232016,147.72953671676663,-0.9198729246045666,-0.21314226758198168,-1.1310545541761732,0.9198729246045666,0.21314226758198168,1.1310545541761732,-0.31429324235503486,-0.13543873177552262,-0.17885451057951224,-0.12666750314808617,0.12666750314808617,1.4206336573621545,-3.326498370672515,3.326498370672515,0.0,0.0,0.0,0.0,0.0,0.0,INOXWIND.BO
EMA_MACD,INOXWIND,BSE,2025-10-15,2025-10-16,2025-10-17,LONG,148.60000610351562,144.8850059509277,156.0300064086914,144.8850059509277,STOP_LOSS,2,-2.500000000000002,-2.650000000000002,BULL,BULL,148.35000610351562,55.06471957970551,147.39825832608167,145.65219005027245,145.61560057733507,1.1987930117676633,0.025127440186566354,1.2242216779512223,1.1987930117676633,0.025127440186566354,1.2242216779512223,0.12825083312375796,-0.7910926649099821,0.91934349803374,0.619712477390962,0.619712477390962,0.5587412501038375,0.6456981162751922,0.6456981162751922,3.0,3.0,4.0,104.0,104.0,3.0,INOXWIND.BO
CURRENT,INOXWIND,NSE,2024-11-12,2024-11-13,2024-11-13,SHORT,200.0,205.0,190.0,190.0,TARGET,1,5.263157894736836,5.113157894736836,NEUTRAL,NEUTRAL,200.0,38.09543795024485,208.33297625924934,213.14686070624128,216.8277351826772,-2.258482452446925,-1.6976031564111407,-3.9177455394583345,2.258482452446925,1.6976031564111407,3.9177455394583345,-4.024153559377254,-3.220747484594793,-0.803406074782461,-0.40170303739123053,0.40170303739123053,0.5250349169231068,-3.9998354599800794,3.9998354599800794,2.0,3.0,1.0,0.0,3.0,0.0,INOXWIND.NS
CURRENT,INOXWIND,NSE,2024-12-18,2024-12-19,2024-12-20,SHORT,185.1000061035156,189.72750625610348,175.8450057983398,189.72750625610348,STOP_LOSS,2,-2.4390243902439046,-2.5890243902439045,NEUTRAL,NEUTRAL,189.8600006103516,38.146704013553276,194.8409108652709,198.0600807702551,200.420660940385,-1.6253501929641023,-1.1778127858943945,-2.7840193964702067,1.6253501929641023,1.1778127858943945,2.7840193964702067,-2.5294130378437956,-2.164641120085456,-0.3647719177583397,-0.1921267863613667,0.1921267863613667,0.5072673408578734,-2.556398567836465,2.556398567836465,2.0,3.0,0.0,0.0,3.0,0.0,INOXWIND.NS
CURRENT,INOXWIND,NSE,2025-02-28,2025-03-03,2025-03-03,SHORT,151.39999389648438,155.18499374389648,143.82999420166016,143.82999420166016,TARGET,1,5.263157894736836,5.113157894736836,NEUTRAL,NEUTRAL,150.19000244140625,37.03277549706662,160.26474236917713,165.03548774442177,166.51321526772753,-2.890739101297258,-0.8874535999619021,-3.752538733039191,2.890739101297258,0.8874535999619021,3.752538733039191,-1.6931924700151058,-0.13936815163019634,-1.5538243183849094,-1.0345724037065012,1.0345724037065012,0.6666181198701239,-6.286310874642194,6.286310874642194,1.0,1.0,1.0,0.0,1.0,0.0,INOXWIND.NS
CURRENT,INOXWIND,NSE,2025-04-23,2025-04-24,2025-04-25,LONG,175.0,170.625,183.75,170.625,STOP_LOSS,2,-2.500000000000002,-2.650000000000002,NEUTRAL,NEUTRAL,174.5500030517578,60.833336820266034,167.57864344030097,162.15527604422243,161.2426219472785,3.344551918618726,0.5660129349932893,3.9294954500889636,3.344551918618726,0.5660129349932893,3.9294954500889636,1.1992120243127715,-1.205107870875014,2.4043198951877853,1.3774390450596858,1.3774390450596858,1.8155715965369377,4.160052539117467,4.160052539117467,4.0,2.0,4.0,0.0,4.0,0.0,INOXWIND.NS
CURRENT,INOXWIND,NSE,2025-05-19,2025-05-20,2025-05-20,LONG,187.0,182.325,196.35,182.325,STOP_LOSS,1,-2.500000000000002,-2.650000000000002,NEUTRAL,NEUTRAL,185.6100006103516,63.04734000908442,178.37996164756464,172.8850445945289,169.36790730323165,3.1783645982352606,2.0766255823190045,5.320992912900589,3.1783645982352606,2.0766255823190045,5.320992912900589,3.939980932642243,2.3738987769307496,1.5660821557114932,0.8437488015525343,0.8437488015525343,1.4737321275640347,4.053167685433045,4.053167685433045,4.0,4.0,3.0,0.0,4.0,0.0,INOXWIND.NS
CURRENT,INOXWIND,NSE,2025-07-15,2025-07-16,2025-07-25,SHORT,165.6999969482422,169.8424968719482,157.41499710083008,157.41499710083008,TARGET,8,5.263157894736836,5.113157894736836,BULL,BULL,164.75,35.332803533669804,172.83312724841394,174.79794682075368,175.6508049073809,-1.1240518599194742,-0.48554180385163187,-1.6041359220942253,1.1240518599194742,0.48554180385163187,1.6041359220942253,-0.9570893936720495,-0.4929363843158886,-0.4641530093561609,-0.2817317203982767,0.2817317203982767,2.705634125153481,-4.676839085828739,4.676839085828739,0.0,0.0,0.0,0.0,0.0,0.0,INOXWIND.NS
CURRENT,INOXWIND,NSE,2025-09-25,2025-09-26,2025-10-09,SHORT,141.1999969482422,144.72999687194823,134.13999710083007,144.72999687194823,STOP_LOSS,9,-2.439024390243893,-2.5890243902438934,BULL,BULL,141.13999938964844,37.64340809627121,145.9979992782296,147.36907641642273,147.69536646605826,-0.9303696348878912,-0.22092097906843672,-1.1492352322499781,0.9303696348878912,0.22092097906843672,1.1492352322499781,-0.32699447531197734,-0.14399347186816647,-0.18300100344381087,-0.1296592066283037,0.1296592066283037,1.6590001867226067,-3.3274427818173256,3.3274427818173256,0.0,0.0,0.0,0.0,0.0,0.0,INOXWIND.NS
EMA_MACD,INOXWIND,NSE,2024-11-11,2024-11-12,2024-11-13,SHORT,206.0,211.15,195.7,195.7,TARGET,2,5.2631578947368585,5.113157894736858,NEUTRAL,NEUTRAL,204.77999877929688,40.70515538601966,212.499464388874,215.33800415728152,218.1739539972914,-1.318178729999867,-1.299857195623398,-2.6009014845501848,1.318178729999867,1.299857195623398,2.6009014845501848,-3.0424484424823675,-3.0198959658991775,-0.02255247658318993,-0.011013027013197722,0.011013027013197722,0.6298760189557739,-3.63269885492535,3.63269885492535,1.0,2.0,0.0,11.0,11.0,0.0,INOXWIND.NS
EMA_MACD,INOXWIND,NSE,2024-12-18,2024-12-19,2024-12-20,SHORT,185.1000061035156,189.72750625610348,175.8450057983398,189.72750625610348,STOP_LOSS,2,-2.4390243902439046,-2.5890243902439045,NEUTRAL,NEUTRAL,189.8600006103516,38.146704013553276,194.8409108652709,198.0600807702551,200.420660940385,-1.6253501929641023,-1.1778127858943945,-2.7840193964702067,1.6253501929641023,1.1778127858943945,2.7840193964702067,-2.5294130378437956,-2.164641120085456,-0.3647719177583397,-0.1921267863613667,0.1921267863613667,0.5072673408578734,-2.556398567836465,2.556398567836465,2.0,3.0,0.0,0.0,3.0,0.0,INOXWIND.NS
EMA_MACD,INOXWIND,NSE,2025-02-27,2025-02-28,2025-02-28,SHORT,154.47999572753906,158.34199562072752,146.7559959411621,146.7559959411621,TARGET,1,5.2631578947368585,5.113157894736858,NEUTRAL,NEUTRAL,156.39999389648438,40.73457283016441,165.30211233306255,167.50973529492433,167.81907229383324,-1.317907259524316,-0.1843276778263333,-1.4998056695032635,1.317907259524316,0.1843276778263333,1.4998056695032635,-0.339045794974254,0.24908792796603102,-0.588133722940285,-0.3760445945602465,0.3760445945602465,0.9093769275394374,-5.385362782685772,5.385362782685772,0.0,0.0,0.0,26.0,26.0,0.0,INOXWIND.NS
EMA_MACD,INOXWIND,NSE,2025-03-28,2025-04-01,2025-04-02,SHORT,163.35000610351562,167.4337562561035,155.18250579833983,155.18250579833983,TARGET,2,5.2631578947368585,5.113157894736858,NEUTRAL,NEUTRAL,163.0399932861328,48.77569868601632,163.3352690658241,164.24907479077794,164.29034770875774,-0.5563536513784695,-0.02512193720166816,-0.5813358217652191,0.5563536513784695,0.02512193720166816,0.5813358217652191,-0.03290953410061093,0.10147532036978876,-0.1343848544703997,-0.08242447252469903,0.08242447252469903,1.9883239927733851,-0.18077894711906006,0.18077894711906006,1.0,1.0,1.0,19.0,19.0,1.0,INOXWIND.NS
EMA_MACD,INOXWIND,NSE,2025-04-23,2025-04-24,2025-04-25,LONG,175.0,170.625,183.75,170.625,STOP_LOSS,2,-2.500000000000002,-2.650000000000002,NEUTRAL,NEUTRAL,174.5500030517578,60.833336820266034,167.57864344030097,162.15527604422243,161.2426219472785,3.344551918618726,0.5660129349932893,3.9294954500889636,3.344551918618726,0.5660129349932893,3.9294954500889636,1.1992120243127715,-1.205107870875014,2.4043198951877853,1.3774390450596858,1.3774390450596858,1.8155715965369377,4.160052539117467,4.160052539117467,4.0,2.0,4.0,0.0,4.0,0.0,INOXWIND.NS
EMA_MACD,INOXWIND,NSE,2025-05-14,2025-05-15,2025-05-19,LONG,174.24000549316406,169.88400535583494,182.95200576782227,182.95200576782227,TARGET,3,5.000000000000004,4.850000000000004,NEUTRAL,NEUTRAL,174.24000549316406,56.106478454264376,169.27611254966624,167.7707399377919,166.24589594203417,0.897279592634884,0.9172220385454782,1.8227316773513806,0.897279592634884,0.9172220385454782,1.8227316773513806,1.656438593622596,1.5711495207989614,0.08528907282363463,0.04894919084870022,0.04894919084870022,0.6340828422938872,2.9324237594606863,2.9324237594606863,1.0,1.0,0.0,14.0,14.0,0.0,INOXWIND.NS
EMA_MACD,INOXWIND,NSE,2025-07-15,2025-07-16,2025-07-25,SHORT,165.6999969482422,169.8424968719482,157.41499710083008,157.41499710083008,TARGET,8,5.263157894736836,5.113157894736836,BULL,BULL,164.75,35.332803533669804,172.83312724841394,174.79794682075368,175.6508049073809,-1.1240518599194742,-0.48554180385163187,-1.6041359220942253,1.1240518599194742,0.48554180385163187,1.6041359220942253,-0.9570893936720495,-0.4929363843158886,-0.4641530093561609,-0.2817317203982767,0.2817317203982767,2.705634125153481,-4.676839085828739,4.676839085828739,0.0,0.0,0.0,0.0,0.0,0.0,INOXWIND.NS
EMA_MACD,INOXWIND,NSE,2025-09-25,2025-09-26,2025-10-09,SHORT,141.1999969482422,144.72999687194823,134.13999710083007,144.72999687194823,STOP_LOSS,9,-2.439024390243893,-2.5890243902438934,BULL,BULL,141.13999938964844,37.64340809627121,145.9979992782296,147.36907641642273,147.69536646605826,-0.9303696348878912,-0.22092097906843672,-1.1492352322499781,0.9303696348878912,0.22092097906843672,1.1492352322499781,-0.32699447531197734,-0.14399347186816647,-0.18300100344381087,-0.1296592066283037,0.1296592066283037,1.6590001867226067,-3.3274427818173256,3.3274427818173256,0.0,0.0,0.0,0.0,0.0,0.0,INOXWIND.NS
EMA_MACD,INOXWIND,NSE,2025-10-15,2025-10-16,2025-10-17,LONG,148.39999389648438,144.68999404907223,155.8199935913086,144.68999404907223,STOP_LOSS,2,-2.500000000000002,-2.650000000000002,BULL,BULL,148.19000244140625,54.903822029209415,147.3368103437839,145.6046216620088,145.57224454222322,1.1896522665303886,0.022241272632299313,1.2121581329666633,1.1896522665303886,0.022241272632299313,1.2121581329666633,0.12371273270088068,-0.7939021025341123,0.917614835234993,0.6192150753204922,0.6192150753204922,1.0322096259290865,0.5790759930472125,0.5790759930472125,3.0,3.0,4.0,104.0,104.0,3.0,INOXWIND.NS
CURRENT,IOC,BSE,2025-06-26,2025-06-27,2025-07-07,LONG,146.1999969482422,142.54499702453612,153.5099967956543,153.5099967956543,TARGET,7,5.000000000000004,4.850000000000004,BULL,BULL,146.1999969482422,60.74335367568001,142.88903872364006,141.97696091368857,141.6435231410577,0.6424125464313601,0.23540629690410506,0.8793311229218667,0.6424125464313601,0.23540629690410506,0.8793311229218667,0.36060859742650564,0.17925317123986168,0.18135542618664396,0.12404612173203228,0.12404612173203228,2.4460156714369536,2.317153403912119,2.317153403912119,0.0,0.0,0.0,0.0,0.0,0.0,IOC.BO
CURRENT,IOC,BSE,2026-01-08,2026-01-09,2026-01-13,SHORT,155.10000610351562,158.9775062561035,147.34500579833983,158.9775062561035,STOP_LOSS,3,-2.439024390243893,-2.5890243902438934,BULL,BULL,156.5500030517578,36.55775620218541,161.44249874877406,162.87952997883013,163.34463250570522,-0.8822663168556865,-0.28473695140171856,-1.164491130043546,0.8822663168556865,0.28473695140171856,1.164491130043546,-0.5455568976703091,-0.08069295265982009,-0.46486394501048905,-0.29694278885245246,0.29694278885245246,0.9270238717709367,-3.030488090146335,3.030488090146335,1.0,0.0,0.0,0.0,1.0,0.0,IOC.BO
CURRENT,IOC,BSE,2026-02-03,2026-02-04,2026-02-05,LONG,167.35000610351562,163.1662559509277,175.7175064086914,175.7175064086914,TARGET,2,5.000000000000004,4.850000000000004,NEUTRAL,NEUTRAL,167.5500030517578,62.72117676547775,164.27581126751608,162.17545440507882,161.85873608144564,1.2951139061963224,0.1956757672158103,1.493323897484401,1.2951139061963224,0.1956757672158103,1.493323897484401,0.4291873944017368,-0.53258272582691,0.9617701202286468,0.5740197569149234,0.5740197569149234,1.2599495870714967,1.9931064463957242,1.9931064463957242,3.0,2.0,4.0,0.0,4.0,0.0,IOC.BO
CURRENT,IOC,BSE,2026-03-10,2026-03-11,2026-03-16,SHORT,160.9499969482422,164.97374687194824,152.90249710083006,152.90249710083006,TARGET,4,5.2631578947368585,5.113157894736858,BEAR,BEAR,159.85000610351562,34.75984768048707,166.25879491049983,171.80274438380576,172.22016636661704,-3.2269271909421873,-0.24237694784400662,-3.4614828111516394,3.2269271909421873,0.24237694784400662,3.4614828111516394,-0.7088386094796135,2.0345891121915884,-2.743427721671202,-1.7162512461179475,1.7162512461179475,1.0925324670004448,-3.85470663999109,3.85470663999109,3.0,2.0,4.0,1.0,4.0,1.0,IOC.BO
CURRENT,IOC,BSE,2026-08-18,2026-08-19,2026-09-02,SHORT,137.8000030517578,141.24500312805174,130.9100028991699,137.5,TIME_EXIT,11,0.218184037642044,0.068184037642044,NEUTRAL,NEUTRAL,137.8000030517578,39.561855297770805,139.24927399789476,140.35395032278575,140.75141695494688,-0.7870646478780653,-0.28238908052225986,-1.0672311437780664,0.7870646478780653,0.28238908052225986,1.0672311437780664,-0.46509230103288246,-0.05068288556762609,-0.4144094154652564,-0.30073251544820634,0.30073251544820634,1.1718278950948273,-1.0407745078504749,1.0407745078504749,4.0,2.0,4.0,0.0,4.0,0.0,IOC.BO
EMA_MACD,IOC,BSE,2025-06-26,2025-06-27,2025-07-07,LONG,146.1999969482422,142.54499702453612,153.5099967956543,153.5099967956543,TARGET,7,5.000000000000004,4.850000000000004,BULL,BULL,146.1999969482422,60.74335367568001,142.88903872364006,141.97696091368857,141.6435231410577,0.6424125464313601,0.23540629690410506,0.8793311229218667,0.6424125464313601,0.23540629690410506,0.8793311229218667,0.36060859742650564,0.17925317123986168,0.18135542618664396,0.12404612173203228,0.12404612173203228,2.4460156714369536,2.317153403912119,2.317153403912119,0.0,0.0,0.0,0.0,0.0,0.0,IOC.BO
EMA_MACD,IOC,BSE,2025-12-16,2025-12-17,2025-12-18,LONG,168.5,164.2875,176.925,164.2875,STOP_LOSS,2,-2.500000000000002,-2.650000000000002,BULL,BULL,167.64999389648438,58.29724953573831,165.7573542451201,164.76666733670396,164.24411223425935,0.6012665816634191,0.31815758588612264,0.921337142790502,0.6012665816634191,0.31815758588612264,0.921337142790502,0.5424966630363031,0.45761787431110396,0.0848787887251991,0.050628566546568186,0.050628566546568186,2.2670938138730463,1.141813381363136,1.141813381363136,1.0,1.0,0.0,1.0,1.0,0.0,IOC.BO
EMA_MACD,IOC,BSE,2025-12-24,2025-12-26,2025-12-31,SHORT,160.89999389648438,164.92249374389647,152.85499420166016,164.92249374389647,STOP_LOSS,4,-2.439024390243893,-2.5890243902438934,BULL,BULL,161.14999389648438,43.91713210384162,162.84913440468296,163.72448278088024,163.86298743169806,-0.5346472081202406,-0.08452467087819573,-0.6187199702054132,0.5346472081202406,0.08452467087819573,0.6187199702054132,-0.19977363719249297,0.21384565231334007,-0.41361928950583304,-0.25666726973103315,0.25666726973103315,0.36049929291651506,-1.0433831990633662,1.0433831990633662,3.0,3.0,4.0,84.0,84.0,3.0,IOC.BO
EMA_MACD,IOC,BSE,2026-01-02,2026-01-05,2026-01-06,LONG,166.60000610351562,162.43500595092772,174.9300064086914,162.43500595092772,STOP_LOSS,2,-2.5000000000000133,-2.650000000000013,BULL,BULL,166.8000030517578,56.57476890600127,165.0432724361153,164.12808736093493,163.9450816689566,0.5576041796964262,0.11162621660579523,0.6698528287516523,0.5576041796964262,0.11162621660579523,0.6698528287516523,0.2119359460319572,-0.07702264213751783,0.28895858816947506,0.1732365604812439,0.1732365604812439,0.5203135996716282,1.0644060734571918,1.0644060734571918,2.0,1.0,1.0,13.0,13.0,1.0,IOC.BO
EMA_MACD,IOC,BSE,2026-01-08,2026-01-09,2026-01-13,SHORT,155.10000610351562,158.9775062561035,147.34500579833983,158.9775062561035,STOP_LOSS,3,-2.439024390243893,-2.5890243902438934,BULL,BULL,156.5500030517578,36.55775620218541,161.44249874877406,162.87952997883013,163.34463250570522,-0.8822663168556865,-0.28473695140171856,-1.164491130043546,0.8822663168556865,0.28473695140171856,1.164491130043546,-0.5455568976703091,-0.08069295265982009,-0.46486394501048905,-0.29694278885245246,0.29694278885245246,0.9270238717709367,-3.030488090146335,3.030488090146335,1.0,0.0,0.0,0.0,1.0,0.0,IOC.BO
EMA_MACD,IOC,BSE,2026-02-03,2026-02-04,2026-02-05,LONG,167.35000610351562,163.1662559509277,175.7175064086914,175.7175064086914,TARGET,2,5.000000000000004,4.850000000000004,NEUTRAL,NEUTRAL,167.5500030517578,62.72117676547775,164.27581126751608,162.17545440507882,161.85873608144564,1.2951139061963224,0.1956757672158103,1.493323897484401,1.2951139061963224,0.1956757672158103,1.493323897484401,0.4291873944017368,-0.53258272582691,0.9617701202286468,0.5740197569149234,0.5740197569149234,1.2599495870714967,1.9931064463957242,1.9931064463957242,3.0,2.0,4.0,0.0,4.0,0.0,IOC.BO
EMA_MACD,IOC,BSE,2026-03-10,2026-03-11,2026-03-16,SHORT,160.9499969482422,164.97374687194824,152.90249710083006,152.90249710083006,TARGET,4,5.2631578947368585,5.113157894736858,BEAR,BEAR,159.85000610351562,34.75984768048707,166.25879491049983,171.80274438380576,172.22016636661704,-3.2269271909421873,-0.24237694784400662,-3.4614828111516394,3.2269271909421873,0.24237694784400662,3.4614828111516394,-0.7088386094796135,2.0345891121915884,-2.743427721671202,-1.7162512461179475,1.7162512461179475,1.0925324670004448,-3.85470663999109,3.85470663999109,3.0,2.0,4.0,1.0,4.0,1.0,IOC.BO
EMA_MACD,IOC,BSE,2026-06-17,2026-06-18,2026-06-29,LONG,146.0500030517578,142.39875297546385,153.3525032043457,142.39875297546385,STOP_LOSS,8,-2.5000000000000133,-2.650000000000013,BEAR,BEAR,145.4499969482422,58.19501139422541,143.01439575088193,140.92141897524843,140.79940486595405,1.4852084167567992,0.08665811436528803,1.573153584730443,1.4852084167567992,0.08665811436528803,1.573153584730443,0.2283903780263472,-0.7706828738668093,0.9990732518931565,0.6868843402235841,0.6868843402235841,0.674195887091305,1.703046175577214,1.703046175577214,2.0,2.0,3.0,75.0,75.0,2.0,IOC.BO
EMA_MACD,IOC,BSE,2026-07-21,2026-07-22,2026-07-23,LONG,142.5500030517578,138.98625297546386,149.6775032043457,138.98625297546386,STOP_LOSS,2,-2.5000000000000133,-2.650000000000013,NEUTRAL,NEUTRAL,143.3000030517578,55.374143974039036,141.94213427962714,141.1332078744105,141.1054760928729,0.5731651801867127,0.019653228425624013,0.592931054074455,0.5731651801867127,0.019653228425624013,0.592931054074455,0.05511046981141021,-0.2726926182409263,0.3278030880523365,0.228753022380564,0.228753022380564,1.3324288300533031,0.9566354479746372,0.9566354479746372,2.0,1.0,2.0,99.0,99.0,1.0,IOC.BO
EMA_MACD,IOC,BSE,2026-07-24,2026-07-27,2026-08-03,SHORT,140.14999389648438,143.65374374389648,133.14249420166016,143.65374374389648,STOP_LOSS,6,-2.4390243902439046,-2.5890243902439045,NEUTRAL,NEUTRAL,138.5,44.12657522414212,140.33841038298272,140.68738481756677,140.88050944778038,-0.2480495568501579,-0.1370839947772918,-0.3847935153858921,0.2480495568501579,0.1370839947772918,0.3847935153858921,-0.21089573854922605,-0.1693244178163471,-0.04157132073287895,-0.030015394030959527,0.030015394030959527,0.7210431419545403,-1.3099837585203538,1.3099837585203538,0.0,0.0,0.0,31.0,31.0,0.0,IOC.BO
EMA_MACD,IOC,BSE,2026-08-04,2026-08-05,2026-08-11,LONG,143.6999969482422,140.10749702453612,150.8849967956543,140.10749702453612,STOP_LOSS,5,-2.5000000000000133,-2.650000000000013,BULL,BULL,142.6999969482422,54.72664698001474,141.6702861257097,141.14585310513294,141.04710509131735,0.37155396991092593,0.07001066328278245,0.4418247605924965,0.37155396991092593,0.07001066328278245,0.4418247605924965,0.1260260828231594,-0.08698436339896201,0.21301044622212142,0.14927151420989945,0.14927151420989945,0.2979106624734118,0.7268361282328291,0.7268361282328291,1.0,1.0,1.0,109.0,109.0,1.0,IOC.BO
EMA_MACD,IOC,BSE,2026-08-14,2026-08-17,2026-08-31,SHORT,138.89999389648438,142.37249374389648,131.95499420166016,136.0,TIME_EXIT,11,2.132348453297328,1.982348453297328,NEUTRAL,NEUTRAL,139.39999389648438,43.97272416505575,140.71086420644485,141.15954290150543,141.18653247257816,-0.31785218755890005,-0.019116250395890003,-0.3369076765347275,0.31785218755890005,0.019116250395890003,0.3369076765347275,-0.041170595175174185,0.12843607041553853,-0.16960666559071272,-0.12166906242238376,0.12166906242238376,1.3683246426483258,-0.9316056136484431,0.9316056136484431,2.0,0.0,2.0,46.0,46.0,0.0,IOC.BO
CURRENT,ITC,NSE,2025-01-07,2025-01-08,2025-01-09,SHORT,443.0,454.075,420.85,454.075,STOP_LOSS,2,-2.4390243902439046,-2.5890243902439045,NEUTRAL,NEUTRAL,441.1000061035156,37.25042824164234,451.9771935926136,455.612042649311,456.10998291139987,-0.7977947719646078,-0.10917109485534213,-0.9060949055326976,0.7977947719646078,0.10917109485534213,0.9060949055326976,-0.5707622536188524,0.3600894752078787,-0.9308517288267311,-0.21102963408444897,0.21102963408444897,0.8247967764957261,-2.4065788370069985,2.4065788370069985,1.0,0.0,0.0,1.0,1.0,0.0,ITC.NS
CURRENT,ITC,NSE,2025-02-10,2025-02-11,2025-02-17,SHORT,428.7999877929688,439.519987487793,407.3599884033204,407.3599884033204,TARGET,5,5.263157894736836,5.113157894736836,NEUTRAL,NEUTRAL,427.2000122070313,37.85134076545186,436.96538972046585,441.3743352797705,443.632997434181,-0.9989129876593249,-0.5091285290936016,-1.5029557657519317,0.9989129876593249,0.5091285290936016,1.5029557657519317,-2.4767889746888727,-1.6260247377185593,-0.8507642369703134,-0.19914892618449007,0.19914892618449007,0.8161081225756737,-2.2348171601603553,2.2348171601603553,1.0,1.0,0.0,1.0,1.0,0.0,ITC.NS
CURRENT,ITC,NSE,2025-07-24,2025-07-25,2025-08-04,SHORT,410.0,420.25,389.5,420.25,STOP_LOSS,7,-2.439024390243893,-2.5890243902438934,BULL,BULL,409.9500122070313,36.695910589558345,415.3848503832274,417.5057635546388,418.2564958219246,-0.5079961419823258,-0.179490880544609,-0.6865752157785581,0.5079961419823258,0.179490880544609,0.6865752157785581,-0.8338845153002694,-0.3210372118597411,-0.5128473034405283,-0.12509996052434125,0.12509996052434125,0.9037358781248964,-1.308386228140479,1.308386228140479,1.0,1.0,0.0,0.0,1.0,0.0,ITC.NS
CURRENT,ITC,NSE,2025-08-18,2025-08-19,2025-09-03,SHORT,406.3500061035156,416.5087562561035,386.0325057983398,411.75,TIME_EXIT,11,-1.3114739275007614,-1.461473927500761,NEUTRAL,NEUTRAL,406.2999877929688,36.385106208202416,411.2733613096491,412.98598548381466,414.2972711526903,-0.4146930487627137,-0.3165084011360474,-0.7298889115604998,0.4146930487627137,0.3165084011360474,0.7298889115604998,-1.4317439375094523,-1.1558050088746998,-0.27593892863475245,-0.06791507184965948,0.06791507184965948,2.667369581220157,-1.209262253417822,1.209262253417822,1.0,2.0,0.0,0.0,2.0,0.0,ITC.NS
CURRENT,ITC,NSE,2025-09-24,2025-09-25,2025-10-10,SHORT,401.4500122070313,411.4862625122071,381.3775115966797,402.7999877929688,TIME_EXIT,11,-0.3351478716109968,-0.4851478716109968,BULL,BULL,401.0,38.25992019263435,405.4160380483962,408.14986025687546,409.2416503572272,-0.6698084391744409,-0.26678372042500853,-0.9348052197256991,0.6698084391744409,0.26678372042500853,0.9348052197256991,-1.2373493814525318,-0.39023563708559517,-0.8471137443669366,-0.21125031031594432,0.21125031031594432,0.9272284027513393,-1.0892608170249685,1.0892608170249685,2.0,2.0,1.0,0.0,2.0,0.0,ITC.NS
CURRENT,ITC,NSE,2025-10-23,2025-10-24,2025-11-07,LONG,415.9500122070313,405.5512619018555,436.74751281738287,405.5512619018555,STOP_LOSS,10,-2.500000000000002,-2.650000000000002,BULL,BULL,415.9500122070313,63.19757296040662,411.59005655340957,407.37917079358755,406.5117376494723,1.0336526905926684,0.21338452590099888,1.2492428713869514,1.0336526905926684,0.21338452590099888,1.2492428713869514,1.1173644429546812,-0.811799084220179,1.9291635271748602,0.46379696371174894,0.46379696371174894,1.6397715009248748,1.059295671555169,1.059295671555169,3.0,3.0,4.0,0.0,4.0,0.0,ITC.NS
CURRENT,ITC,NSE,2026-01-01,2026-01-02,2026-01-06,SHORT,360.0,369.0,342.0,342.0,TARGET,3,5.263157894736836,5.113157894736836,BULL,BULL,363.8500061035156,19.004927953473896,389.8309188032707,397.3277702921249,400.47531266606484,-1.8868178993233533,-0.785951661535875,-2.6579400842293404,1.8868178993233533,0.785951661535875,2.6579400842293404,-3.5826707522174956,-1.317959309669678,-2.2647114425478176,-0.6224299586526612,0.6224299586526612,12.91087453278677,-6.664661894832009,6.664661894832009,2.0,2.0,0.0,0.0,2.0,0.0,ITC.NS
CURRENT,ITC,NSE,2026-08-12,2026-08-13,2026-08-27,SHORT,276.20001220703125,283.105012512207,262.3900115966797,269.0,TIME_EXIT,11,2.6765844635803893,2.5265844635803894,BULL,BULL,276.1499938964844,36.58206506877249,280.7180421617003,282.8618326806423,283.8641220769633,-0.757893173011575,-0.3530877340142634,-1.108304879195003,0.757893173011575,0.3530877340142634,1.108304879195003,-1.1060397694717494,-0.6011841700623259,-0.5048555994094235,-0.18281934114352003,0.18281934114352003,0.7967237957678078,-1.6272727716534165,1.6272727716534165,1.0,1.0,1.0,0.0,1.0,0.0,ITC.NS
EMA_MACD,ITC,NSE,2025-01-07,2025-01-08,2025-01-09,SHORT,443.0,454.075,420.85,454.075,STOP_LOSS,2,-2.4390243902439046,-2.5890243902439045,NEUTRAL,NEUTRAL,441.1000061035156,37.25042824164234,451.9771935926136,455.612042649311,456.10998291139987,-0.7977947719646078,-0.10917109485534213,-0.9060949055326976,0.7977947719646078,0.10917109485534213,0.9060949055326976,-0.5707622536188524,0.3600894752078787,-0.9308517288267311,-0.21102963408444897,0.21102963408444897,0.8247967764957261,-2.4065788370069985,2.4065788370069985,1.0,0.0,0.0,1.0,1.0,0.0,ITC.NS
EMA_MACD,ITC,NSE,2025-02-04,2025-02-05,2025-02-06,LONG,455.1499938964844,443.77124404907227,477.9074935913086,443.77124404907227,STOP_LOSS,2,-2.500000000000002,-2.650000000000002,NEUTRAL,NEUTRAL,455.1499938964844,57.17507176089487,451.6310064681584,446.43724753515187,446.3393609501303,1.16337939132141,0.021930977544350312,1.1855655093388267,1.16337939132141,0.021930977544350312,1.1855655093388267,0.36300845953348926,-2.3689567370140185,2.731965196547508,0.6002340400269991,0.6002340400269991,1.2492403610592593,0.7791731253894989,0.7791731253894989,2.0,2.0,3.0,2.0,3.0,2.0,ITC.NS
EMA_MACD,ITC,NSE,2025-02-10,2025-02-11,2025-02-17,SHORT,428.7999877929688,439.519987487793,407.3599884033204,407.3599884033204,TARGET,5,5.263157894736836,5.113157894736836,NEUTRAL,NEUTRAL,427.2000122070313,37.85134076545186,436.96538972046585,441.3743352797705,443.632997434181,-0.9989129876593249,-0.5091285290936016,-1.5029557657519317,0.9989129876593249,0.5091285290936016,1.5029557657519317,-2.4767889746888727,-1.6260247377185593,-0.8507642369703134,-0.19914892618449007,0.19914892618449007,0.8161081225756737,-2.2348171601603553,2.2348171601603553,1.0,1.0,0.0,1.0,1.0,0.0,ITC.NS
EMA_MACD,ITC,NSE,2025-06-02,2025-06-03,2025-06-17,SHORT,419.0,429.475,398.05,417.3999938964844,TIME_EXIT,11,0.383326815264029,0.233326815264029,NEUTRAL,NEUTRAL,419.2999877929688,43.18027213824662,422.21426459093624,426.8027008863983,427.1877232713207,-1.0750719913282338,-0.09012955287524149,-1.1642325866246044,1.0750719913282338,0.09012955287524149,1.1642325866246044,-0.6555890565787763,1.7392573612766002,-2.3948464178553763,-0.5711534671061909,0.5711534671061909,0.4122833474740941,-0.6902364610515798,0.6902364610515798,3.0,2.0,4.0,55.0,55.0,2.0,ITC.NS
EMA_MACD,ITC,NSE,2025-07-24,2025-07-25,2025-08-04,SHORT,410.0,420.25,389.5,420.25,STOP_LOSS,7,-2.439024390243893,-2.5890243902438934,BULL,BULL,409.9500122070313,36.695910589558345,415.3848503832274,417.5057635546388,418.2564958219246,-0.5079961419823258,-0.179490880544609,-0.6865752157785581,0.5079961419823258,0.179490880544609,0.6865752157785581,-0.8338845153002694,-0.3210372118597411,-0.5128473034405283,-0.12509996052434125,0.12509996052434125,0.9037358781248964,-1.308386228140479,1.308386228140479,1.0,1.0,0.0,0.0,1.0,0.0,ITC.NS
EMA_MACD,ITC,NSE,2025-08-18,2025-08-19,2025-09-03,SHORT,406.3500061035156,416.5087562561035,386.0325057983398,411.75,TIME_EXIT,11,-1.3114739275007614,-1.461473927500761,NEUTRAL,NEUTRAL,406.2999877929688,36.385106208202416,411.2733613096491,412.98598548381466,414.2972711526903,-0.4146930487627137,-0.3165084011360474,-0.7298889115604998,0.4146930487627137,0.3165084011360474,0.7298889115604998,-1.4317439375094523,-1.1558050088746998,-0.27593892863475245,-0.06791507184965948,0.06791507184965948,2.667369581220157,-1.209262253417822,1.209262253417822,1.0,2.0,0.0,0.0,2.0,0.0,ITC.NS
EMA_MACD,ITC,NSE,2025-09-23,2025-09-24,2025-10-09,SHORT,403.2000122070313,413.2800125122071,383.0400115966797,399.8999938964844,TIME_EXIT,11,0.8252108929516888,0.6752108929516888,BULL,BULL,403.2000122070313,40.60189757026354,407.6240570725942,409.3415036330214,409.9009823858054,-0.4195632607943099,-0.1364911958804266,-0.5554817897626035,0.4195632607943099,0.1364911958804266,0.5554817897626035,-0.6231721417080394,-0.17845720099386095,-0.4447149407141784,-0.11029636092516545,0.11029636092516545,1.113050726875509,-1.0853247713922396,1.0853247713922396,1.0,1.0,0.0,23.0,23.0,0.0,ITC.NS
EMA_MACD,ITC,NSE,2025-10-21,2025-10-23,2025-11-07,LONG,416.0,405.6,436.8,405.6,STOP_LOSS,11,-2.5000000000000133,-2.650000000000013,BULL,BULL,412.8500061035156,59.96795270084163,409.41007872659867,405.9506972246802,405.7566756848676,0.85216789269457,0.0478172144635937,0.9003925901070033,0.85216789269457,0.0478172144635937,0.9003925901070033,0.35953365944948246,-1.294089966013894,1.6536236254633765,0.4005385977997918,0.4005385977997918,0.0795670473644249,0.8402156067130228,0.8402156067130228,2.0,2.0,3.0,1.0,3.0,1.0,ITC.NS
EMA_MACD,ITC,NSE,2026-01-01,2026-01-02,2026-01-06,SHORT,360.0,369.0,342.0,342.0,TARGET,3,5.263157894736836,5.113157894736836,BULL,BULL,363.8500061035156,19.004927953473896,389.8309188032707,397.3277702921249,400.47531266606484,-1.8868178993233533,-0.785951661535875,-2.6579400842293404,1.8868178993233533,0.785951661535875,2.6579400842293404,-3.5826707522174956,-1.317959309669678,-2.2647114425478176,-0.6224299586526612,0.6224299586526612,12.91087453278677,-6.664661894832009,6.664661894832009,2.0,2.0,0.0,0.0,2.0,0.0,ITC.NS
EMA_MACD,ITC,NSE,2026-05-19,2026-05-20,2026-05-22,LONG,309.0,301.275,324.45,301.275,STOP_LOSS,3,-2.500000000000002,-2.650000000000002,BEAR,BEAR,310.29998779296875,54.845582594006345,308.8302663858671,307.99994120035757,307.22833483654716,0.26958615065754205,0.25115078146060943,0.5214139998422375,0.26958615065754205,0.25115078146060943,0.5214139998422375,0.8448715326015304,0.7805044887677407,0.06436704383378966,0.020743488999662857,0.020743488999662857,1.0553715433001498,0.4758994072379245,0.4758994072379245,1.0,2.0,0.0,14.0,14.0,0.0,ITC.NS
EMA_MACD,ITC,NSE,2026-05-25,2026-05-26,2026-05-29,SHORT,304.3500061035156,311.95875625610347,289.1325057983398,289.1325057983398,TARGET,4,5.2631578947368585,5.113157894736858,BEAR,BEAR,303.95001220703125,45.925060491354884,305.37696996727976,306.61473380202074,306.67741880577046,-0.4036870046630541,-0.020440045437261634,-0.42404453629313826,0.4036870046630541,0.020440045437261634,0.42404453629313826,-0.11952018262331876,0.48180845430009844,-0.6013286369234172,-0.19783800387342335,0.19783800387342335,0.9097831627106147,-0.46727746378563095,0.46727746378563095,1.0,1.0,3.0,45.0,45.0,1.0,ITC.NS
EMA_MACD,ITC,NSE,2026-08-11,2026-08-12,2026-08-20,SHORT,279.0,285.975,265.05,265.05,TARGET,7,5.263157894736836,5.113157894736836,BULL,BULL,279.0,40.24510744307217,283.00206629430824,283.9804724780019,284.48125233140166,-0.3445329093075071,-0.17603263810733927,-0.5199590570454443,0.3445329093075071,0.17603263810733927,0.5199590570454443,-0.5216994037269842,-0.4749702702099701,-0.046729133517014076,-0.016748793375273862,0.016748793375273862,0.8342054951987365,-1.4141473759227905,1.4141473759227905,0.0,0.0,0.0,24.0,24.0,0.0,ITC.NS
CURRENT,IXIGO,BSE,2025-10-06,2025-10-07,2025-10-07,LONG,314.75,306.88125,330.4875,306.88125,STOP_LOSS,1,-2.5000000000000133,-2.650000000000013,BULL,BULL,311.79998779296875,64.42827963520148,290.58410347975195,284.84274434051395,280.4848802991125,2.015624148170163,1.5536894668811296,3.6006301551333255,2.015624148170163,1.5536894668811296,3.6006301551333255,4.59792210425843,4.385430734810742,0.21249136944768754,0.06814989665387002,0.06814989665387002,5.206615561370244,7.3011166334138915,7.3011166334138915,0.0,1.0,0.0,0.0,1.0,0.0,IXIGO.BO
CURRENT,IXIGO,BSE,2025-10-09,2025-10-10,2025-10-13,LONG,310.0,302.25,325.5,325.5,TARGET,2,5.000000000000004,4.850000000000004,BULL,BULL,312.79998779296875,61.582941095722084,302.0212122289543,292.8388698615509,285.81916597545217,3.135629628588807,2.4559948113142394,5.6686353408832195,3.135629628588807,2.4559948113142394,5.6686353408832195,7.687619223185209,5.606045673014204,2.0815735501710044,0.6654647159221516,0.6654647159221516,1.1345568709855671,3.5688803062757506,3.5688803062757506,3.0,4.0,3.0,0.0,4.0,0.0,IXIGO.BO
CURRENT,IXIGO,BSE,2026-06-16,2026-06-17,2026-06-23,LONG,188.0,183.3,197.4,197.4,TARGET,5,5.000000000000004,4.850000000000004,BEAR,BEAR,187.8500061035156,67.7043455991969,176.01417772153297,167.8602302228203,166.2990639099188,4.857581505690183,0.9387703551639636,5.841953396007494,4.857581505690183,0.9387703551639636,5.841953396007494,1.9872457453651293,-1.387506417988389,3.3747521633535182,1.7965142686734041,1.7965142686734041,0.5434155450958332,6.724360807291189,6.724360807291189,2.0,2.0,2.0,2.0,2.0,2.0,IXIGO.BO
CURRENT,IXIGO,BSE,2026-08-07,2026-08-10,2026-08-10,SHORT,176.6999969482422,181.11749687194825,167.86499710083007,181.11749687194825,STOP_LOSS,1,-2.439024390243893,-2.5890243902438934,BULL,BULL,175.60000610351562,37.04546394110143,191.73208411115974,194.66412733178942,194.89480391815408,-1.5062062336900148,-0.11835953638945576,-1.622783031364206,1.5062062336900148,0.11835953638945576,1.622783031364206,-0.4172774513878892,0.9871897931092019,-1.404467244497091,-0.799810475900076,0.799810475900076,5.853377948541178,-8.413864629089037,8.413864629089037,0.0,0.0,0.0,0.0,0.0,0.0,IXIGO.BO
CURRENT,IXIGO,BSE,2026-08-13,2026-08-14,2026-08-27,SHORT,171.5500030517578,175.83875312805174,162.9725028991699,162.9725028991699,TARGET,10,5.2631578947368585,5.113157894736858,NEUTRAL,NEUTRAL,171.5500030517578,36.736759192757624,179.92547698389566,187.09902709723087,190.57534745060818,-3.8340926859054636,-1.8241185965977416,-5.58827288480881,3.8340926859054636,1.8241185965977416,5.58827288480881,-4.048484650718194,-1.2568493021565126,-2.7916353485616816,-1.6273012526379416,1.6273012526379416,13.152841616658199,-4.654968308288827,4.654968308288827,4.0,4.0,4.0,0.0,4.0,0.0,IXIGO.BO
EMA_MACD,IXIGO,BSE,2024-10-25,2024-10-28,2024-10-30,SHORT,146.5500030517578,150.21375312805174,139.2225028991699,150.21375312805174,STOP_LOSS,3,-2.4390243902438824,-2.5890243902438823,NEUTRAL,NEUTRAL,144.0500030517578,42.5870293064154,149.46231765908823,151.9816633883232,152.24652382957285,-1.657664268878197,-0.17396813706311048,-1.8287485982939795,1.657664268878197,0.17396813706311048,1.8287485982939795,-0.3295196647679859,0.47786697887700136,-0.8073866436449872,-0.5604905425478468,0.5604905425478468,1.4337651396678461,-3.621190071249583,3.621190071249583,2.0,1.0,1.0,,2.0,1.0,IXIGO.BO
EMA_MACD,IXIGO,BSE,2025-02-14,2025-02-17,2025-02-25,SHORT,144.0,147.6,136.79999999999998,136.79999999999998,TARGET,7,5.2631578947368585,5.113157894736858,NEUTRAL,NEUTRAL,144.9499969482422,46.50475296630975,146.05539852296042,147.6481277020705,148.87268387776444,-1.0787330688838426,-0.8225526293993597,-1.8924125510608978,1.0787330688838426,0.8225526293993597,1.8924125510608978,-1.3053182287204095,-1.2362172424155276,-0.06910098630488193,-0.047672292348896056,0.047672292348896056,5.7246471678015105,-0.7568371904749938,0.7568371904749938,3.0,3.0,0.0,24.0,24.0,0.0,IXIGO.BO
EMA_MACD,IXIGO,BSE,2025-10-06,2025-10-07,2025-10-07,LONG,314.75,306.88125,330.4875,306.88125,STOP_LOSS,1,-2.5000000000000133,-2.650000000000013,BULL,BULL,311.79998779296875,64.42827963520148,290.58410347975195,284.84274434051395,280.4848802991125,2.015624148170163,1.5536894668811296,3.6006301551333255,2.015624148170163,1.5536894668811296,3.6006301551333255,4.59792210425843,4.385430734810742,0.21249136944768754,0.06814989665387002,0.06814989665387002,5.206615561370244,7.3011166334138915,7.3011166334138915,0.0,1.0,0.0,0.0,1.0,0.0,IXIGO.BO
EMA_MACD,IXIGO,BSE,2026-04-28,2026-04-29,2026-05-11,SHORT,171.10000610351562,175.3775062561035,162.54500579833984,162.54500579833984,TARGET,8,5.263157894736836,5.113157894736836,BEAR,BEAR,169.8000030517578,46.00411359171916,171.21029900269923,172.880210334227,174.03503251866357,-0.9659355043005524,-0.663557312412215,-1.6230832810407954,0.9659355043005524,0.663557312412215,1.6230832810407954,-1.213622209997311,-1.0572859748340397,-0.15633623516327133,-0.09207080821760497,0.09207080821760497,0.19623490776729685,-0.8237214461725715,0.8237214461725715,2.0,2.0,0.0,47.0,47.0,0.0,IXIGO.BO
EMA_MACD,IXIGO,BSE,2026-06-02,2026-06-03,2026-06-08,SHORT,159.64999389648438,163.64124374389647,151.66749420166016,151.66749420166016,TARGET,4,5.263157894736836,5.113157894736836,BEAR,BEAR,159.64999389648438,42.87822206778499,163.58528433369725,165.27421163905353,166.79878915896185,-1.0218940321099688,-0.9140219348087555,-1.9265756313147375,1.0218940321099688,0.9140219348087555,1.9265756313147375,-1.6416989788115757,-1.503356995052544,-0.13834198375903162,-0.08665329724267408,0.08665329724267408,1.6504460798451306,-2.4056506385900094,2.4056506385900094,1.0,4.0,0.0,15.0,15.0,0.0,IXIGO.BO
EMA_MACD,IXIGO,BSE,2026-06-16,2026-06-17,2026-06-23,LONG,188.0,183.3,197.4,197.4,TARGET,5,5.000000000000004,4.850000000000004,BEAR,BEAR,187.8500061035156,67.7043455991969,176.01417772153297,167.8602302228203,166.2990639099188,4.857581505690183,0.9387703551639636,5.841953396007494,4.857581505690183,0.9387703551639636,5.841953396007494,1.9872457453651293,-1.387506417988389,3.3747521633535182,1.7965142686734041,1.7965142686734041,0.5434155450958332,6.724360807291189,6.724360807291189,2.0,2.0,2.0,2.0,2.0,2.0,IXIGO.BO
EMA_MACD,IXIGO,BSE,2026-08-06,2026-08-07,2026-08-07,LONG,196.75,191.83125,206.5875,191.83125,STOP_LOSS,1,-2.5000000000000133,-2.650000000000013,BULL,BULL,201.6999969482422,55.07019644968855,199.79812311498176,197.84148086983504,196.43838774332517,0.9889949451167168,0.7142662605962815,1.7103252629249697,0.9889949451167168,0.7142662605962815,1.7103252629249697,1.4714151531229618,1.3383066042334746,0.1331085488894872,0.0659933321286286,0.0659933321286286,0.7461982152056981,0.9518977473907078,0.9518977473907078,2.0,3.0,0.0,18.0,18.0,0.0,IXIGO.BO
CURRENT,JINDWORLD,NSE,2025-09-29,2025-09-30,2025-10-03,SHORT,35.369998931884766,36.25424890518188,33.601498985290526,36.25424890518188,STOP_LOSS,3,-2.439024390243893,-2.5890243902438934,BULL,BULL,35.31999969482422,35.71758219113666,36.34877047019113,36.99387958315478,37.41499342584305,-1.7438266011370263,-1.125521626839047,-2.8497210824457038,1.7438266011370263,1.125521626839047,2.8497210824457038,-0.45030504710361186,-0.3517609315167039,-0.09854411558690795,-0.27900372717542404,0.27900372717542404,0.5547841740560732,-2.8302766835279387,2.8302766835279387,2.0,3.0,0.0,1.0,3.0,0.0,JINDWORLD.NS
CURRENT,JINDWORLD,NSE,2025-11-06,2025-11-07,2025-11-21,SHORT,35.09000015258789,35.967250156402585,33.335500144958495,33.335500144958495,TARGET,11,5.263157894736836,5.113157894736836,BULL,BULL,35.22999954223633,37.54472266494185,36.04947997676044,36.498885047357085,36.723234537429256,-1.2312843803681863,-0.6109197430403597,-1.8346819640359044,1.2312843803681863,0.6109197430403597,1.8346819640359044,-0.25233819856705253,-0.1131921272371328,-0.13914607132991974,-0.3949647264772205,0.3949647264772205,0.16986182174703965,-2.273210140763178,2.273210140763178,4.0,4.0,3.0,0.0,4.0,0.0,JINDWORLD.NS
CURRENT,JINDWORLD,NSE,2026-07-16,2026-07-17,2026-07-17,LONG,32.79999923706055,31.979999256134032,34.439999198913576,31.979999256134032,STOP_LOSS,1,-2.500000000000002,-2.650000000000002,NEUTRAL,NEUTRAL,32.060001373291016,64.3172087329082,30.525398408361234,30.109304288864045,29.8623249796119,1.3819453133331983,0.8270598803702286,2.220434708958662,1.3819453133331983,0.8270598803702286,2.220434708958662,0.2633901547496471,0.21948663391153947,0.04390352083810764,0.13694173099656629,0.13694173099656629,13.711059538048659,5.027298724820042,5.027298724820042,0.0,1.0,0.0,0.0,1.0,0.0,JINDWORLD.NS
CURRENT,JINDWORLD,NSE,2026-07-21,2026-07-22,2026-07-22,LONG,38.38999938964844,37.43024940490722,40.30949935913086,37.43024940490722,STOP_LOSS,1,-2.5000000000000133,-2.650000000000013,NEUTRAL,NEUTRAL,37.63999938964844,77.84335580675842,33.372710379549886,31.580961200903126,30.702659495008355,5.673510591550715,2.8606697932391336,8.696480788498564,5.673510591550715,2.8606697932391336,8.696480788498564,0.9929921226370944,0.4381225717216832,0.5548695509154111,1.4741486713945287,1.4741486713945287,9.096202512774232,12.78676188288698,12.78676188288698,3.0,4.0,3.0,0.0,4.0,0.0,JINDWORLD.NS
CURRENT,JINDWORLD,NSE,2026-08-31,2026-09-01,2026-09-01,LONG,39.34999847412109,38.36624851226806,41.31749839782714,41.31749839782714,TARGET,1,5.000000000000004,4.850000000000004,NEUTRAL,NEUTRAL,38.310001373291016,61.05333690528975,37.070702598372094,36.50611619350611,36.066305060475734,1.5465529169778296,1.2194515969764648,2.7848639781984668,1.5465529169778296,1.2194515969764648,2.7848639781984668,0.46112390011508353,0.45696521045257726,0.004158689662506265,0.010855362864605958,0.010855362864605958,1.1535526728690035,3.3430679432910013,3.3430679432910013,1.0,2.0,0.0,0.0,2.0,0.0,JINDWORLD.NS
EMA_MACD,JINDWORLD,NSE,2024-11-26,2024-11-27,2024-11-27,LONG,65.62999725341797,63.98924732208252,68.91149711608887,63.98924732208252,STOP_LOSS,1,-2.500000000000002,-2.650000000000002,NEUTRAL,NEUTRAL,64.66000366210938,55.421449907996205,63.59095327311795,61.98473462085331,61.92832818617255,2.5913132678384696,0.0910834126043052,2.68475693699839,2.5913132678384696,0.0910834126043052,2.68475693699839,0.16266396059799604,-0.7743884802011205,0.9370524407991165,1.449199486124105,1.449199486124105,0.47195388388728143,1.6811359697659258,1.6811359697659258,4.0,3.0,4.0,4.0,4.0,3.0,JINDWORLD.NS
EMA_MACD,JINDWORLD,NSE,2025-02-12,2025-02-13,2025-02-14,SHORT,77.41000366210938,79.3452537536621,73.5395034790039,73.5395034790039,TARGET,2,5.2631578947368585,5.113157894736858,NEUTRAL,NEUTRAL,77.98999786376953,43.90864773580142,79.3508953453705,80.84128009580701,80.99967022386944,-1.843593704441855,-0.19554416409927644,-2.0355328286423937,1.843593704441855,0.19554416409927644,2.0355328286423937,-0.24160153211627744,0.45314603028541345,-0.6947475624016909,-0.8908162346859582,0.8908162346859582,1.470392565828946,-1.715037335971748,1.715037335971748,3.0,1.0,3.0,66.0,66.0,1.0,JINDWORLD.NS
EMA_MACD,JINDWORLD,NSE,2025-04-30,2025-05-02,2025-05-05,SHORT,67.5,69.1875,64.125,64.125,TARGET,2,5.263157894736836,5.113157894736836,NEUTRAL,NEUTRAL,66.3499984741211,46.93202588766509,67.23246795481688,67.77654278553985,67.84873223464456,-0.8027479838334881,-0.10639763887563307,-0.9082915178082006,0.8027479838334881,0.10639763887563307,0.9082915178082006,-0.08320356574979826,0.12163025895864205,-0.2048338247084403,-0.30871715059395655,0.30871715059395655,0.2733817455961817,-1.3125644611006202,1.3125644611006202,3.0,3.0,3.0,35.0,35.0,3.0,JINDWORLD.NS
EMA_MACD,JINDWORLD,NSE,2025-09-29,2025-09-30,2025-10-03,SHORT,35.369998931884766,36.25424890518188,33.601498985290526,36.25424890518188,STOP_LOSS,3,-2.439024390243893,-2.5890243902438934,BULL,BULL,35.31999969482422,35.71758219113666,36.34877047019113,36.99387958315478,37.41499342584305,-1.7438266011370263,-1.125521626839047,-2.8497210824457038,1.7438266011370263,1.125521626839047,2.8497210824457038,-0.45030504710361186,-0.3517609315167039,-0.09854411558690795,-0.27900372717542404,0.27900372717542404,0.5547841740560732,-2.8302766835279387,2.8302766835279387,2.0,3.0,0.0,1.0,3.0,0.0,JINDWORLD.NS
EMA_MACD,JINDWORLD,NSE,2025-10-31,2025-11-03,2025-11-11,SHORT,36.380001068115234,37.289501094818114,34.56100101470947,34.56100101470947,TARGET,6,5.2631578947368585,5.113157894736858,BULL,BULL,36.43999862670898,45.80348119797521,36.76074539840363,36.87883139709279,36.940997476590645,-0.3201999472750901,-0.16828478856655418,-0.48794588803738215,0.3201999472750901,0.16828478856655418,0.48794588803738215,-0.06437889357417959,-0.05381600274454765,-0.010562890829631938,-0.028987078012373428,0.028987078012373428,0.10701208085662345,-0.8725252119304953,0.8725252119304953,1.0,1.0,0.0,18.0,18.0,0.0,JINDWORLD.NS
EMA_MACD,JINDWORLD,NSE,2026-02-20,2026-02-23,2026-02-23,SHORT,26.700000762939453,27.367500782012936,25.36500072479248,25.36500072479248,TARGET,1,5.263157894736836,5.113157894736836,NEUTRAL,NEUTRAL,25.6299991607666,41.66183134300742,26.404039153945643,26.843010453718716,27.107903168237673,-1.6353281258446157,-0.9771789166981096,-2.5965269608781374,1.6353281258446157,0.9771789166981096,2.5965269608781374,-0.28404820304312395,-0.21090908979824996,-0.07313911324487399,-0.28536525805600677,0.28536525805600677,0.1924409358652075,-2.931521153510235,2.931521153510235,4.0,4.0,0.0,30.0,30.0,0.0,JINDWORLD.NS
EMA_MACD,JINDWORLD,NSE,2026-07-16,2026-07-17,2026-07-17,LONG,32.79999923706055,31.979999256134032,34.439999198913576,31.979999256134032,STOP_LOSS,1,-2.500000000000002,-2.650000000000002,NEUTRAL,NEUTRAL,32.060001373291016,64.3172087329082,30.525398408361234,30.109304288864045,29.8623249796119,1.3819453133331983,0.8270598803702286,2.220434708958662,1.3819453133331983,0.8270598803702286,2.220434708958662,0.2633901547496471,0.21948663391153947,0.04390352083810764,0.13694173099656629,0.13694173099656629,13.711059538048659,5.027298724820042,5.027298724820042,0.0,1.0,0.0,0.0,1.0,0.0,JINDWORLD.NS
EMA_MACD,JINDWORLD,NSE,2026-08-31,2026-09-01,2026-09-01,LONG,39.34999847412109,38.36624851226806,41.31749839782714,41.31749839782714,TARGET,1,5.000000000000004,4.850000000000004,NEUTRAL,NEUTRAL,38.310001373291016,61.05333690528975,37.070702598372094,36.50611619350611,36.066305060475734,1.5465529169778296,1.2194515969764648,2.7848639781984668,1.5465529169778296,1.2194515969764648,2.7848639781984668,0.46112390011508353,0.45696521045257726,0.004158689662506265,0.010855362864605958,0.010855362864605958,1.1535526728690035,3.3430679432910013,3.3430679432910013,1.0,2.0,0.0,0.0,2.0,0.0,JINDWORLD.NS
CURRENT,JIOFIN,BSE,2024-12-20,2024-12-23,2025-01-07,SHORT,308.95001220703125,316.673762512207,293.50251159667965,299.25,TIME_EXIT,11,3.241441004855883,3.091441004855883,NEUTRAL,NEUTRAL,304.5,32.32516446724213,319.5113984829217,327.6561583754464,328.6000835957453,-2.485764324683309,-0.28725653687298314,-2.765880341042383,2.485764324683309,0.28725653687298314,2.765880341042383,-1.2862453250306771,2.0832920666655603,-3.3695373916962374,-1.1065804242023767,1.1065804242023767,2.0928762955796003,-4.698235666770461,4.698235666770461,2.0,1.0,2.0,1.0,2.0,1.0,JIOFIN.BO
CURRENT,JIOFIN,BSE,2025-04-16,2025-04-17,2025-04-23,LONG,242.75,236.68125,254.8875,254.8875,TARGET,4,5.000000000000004,4.850000000000004,NEUTRAL,NEUTRAL,242.25,60.12913131822915,233.80247942379944,229.20111828132093,228.35925746336164,2.0075648744570302,0.3686563125623914,2.3836222016578925,2.0075648744570302,0.3686563125623914,2.3836222016578925,1.1262705767900911,-0.8881336151464253,2.0144041919365163,0.831539398116209,0.831539398116209,1.112599122191244,3.613101365314547,3.613101365314547,1.0,1.0,2.0,0.0,2.0,0.0,JIOFIN.BO
CURRENT,JIOFIN,BSE,2025-08-04,2025-08-05,2025-08-06,LONG,334.8500061035156,326.47875595092773,351.5925064086914,326.47875595092773,STOP_LOSS,2,-2.500000000000002,-2.650000000000002,BULL,BULL,333.54998779296875,65.60819803214264,326.99841242675734,322.0432098355001,317.79930968619647,1.5386763142090103,1.3354025700981396,2.8946264073525882,1.5386763142090103,1.3354025700981396,2.8946264073525882,4.571492480908091,3.9566350213045727,0.6148574596035186,0.1843374253052453,0.1843374253052453,0.838707555874302,2.003549594504182,2.003549594504182,2.0,4.0,0.0,2.0,4.0,0.0,JIOFIN.BO
CURRENT,JIOFIN,BSE,2025-09-24,2025-09-25,2025-09-30,SHORT,307.70001220703125,315.392512512207,292.31501159667965,292.31501159667965,TARGET,4,5.2631578947368585,5.113157894736858,BULL,BULL,306.6000061035156,36.88614921279768,311.6680422072026,313.1169123812245,314.69188045001766,-0.4627249812229558,-0.5004794106987835,-0.9608885486625585,0.4627249812229558,0.5004794106987835,0.9608885486625585,-1.7013744867245464,-1.682347960181575,-0.019026526542971434,-0.006205651064647277,0.006205651064647277,0.5646439319145671,-1.6261006639614426,1.6261006639614426,1.0,2.0,0.0,0.0,2.0,0.0,JIOFIN.BO
CURRENT,JIOFIN,BSE,2025-11-04,2025-11-06,2025-11-12,SHORT,301.8999938964844,309.4474937438965,286.8049942016601,309.4474937438965,STOP_LOSS,5,-2.439024390243893,-2.5890243902438934,BULL,BULL,301.8999938964844,39.886045484220695,305.7091511990032,307.07343791172195,307.85138384013254,-0.4442867875504618,-0.2527017805495967,-0.6958658474771718,0.4442867875504618,0.2527017805495967,0.6958658474771718,-0.8474781275511418,-0.5621467856745312,-0.2853313418766106,-0.09451187401297038,0.09451187401297038,0.39845505391052927,-1.246006960399832,1.246006960399832,2.0,2.0,0.0,0.0,2.0,0.0,JIOFIN.BO
CURRENT,JIOFIN,BSE,2026-01-09,2026-01-12,2026-01-20,SHORT,287.0,294.17499999999995,272.65,272.65,TARGET,6,5.2631578947368585,5.113157894736858,BULL,BULL,287.25,38.02323244912185,294.3429434125522,296.25825602609444,297.7280293197371,-0.6465010086920766,-0.4936630578588389,-1.136972529902318,0.6465010086920766,0.4936630578588389,1.136972529902318,-1.5878715802770103,-1.384270714972105,-0.2036008653049053,-0.0708793264769035,0.0708793264769035,1.2017801107474995,-2.4097548697169517,2.4097548697169517,0.0,1.0,0.0,0.0,1.0,0.0,JIOFIN.BO
CURRENT,JIOFIN,BSE,2026-07-08,2026-07-09,2026-07-10,SHORT,230.5500030517578,236.31375312805173,219.02250289916992,236.31375312805173,STOP_LOSS,2,-2.439024390243893,-2.5890243902438934,NEUTRAL,NEUTRAL,230.4499969482422,39.113464539565385,237.24809943961307,238.37676138389097,238.56007941062558,-0.47347817703599654,-0.07684354699558579,-0.5499578866060978,0.47347817703599654,0.07684354699558579,0.5499578866060978,-0.22275575729457842,0.15729355455956257,-0.380049311854141,-0.1649161713547334,0.1649161713547334,1.617289351478157,-2.8653980821883085,2.8653980821883085,0.0,0.0,0.0,0.0,0.0,0.0,JIOFIN.BO
CURRENT,JIOFIN,BSE,2026-07-29,2026-07-30,2026-08-03,LONG,248.3000030517578,242.09250297546387,260.7150032043457,260.7150032043457,TARGET,3,5.000000000000004,4.850000000000004,NEUTRAL,NEUTRAL,249.6000061035156,62.327062876917545,240.72788400263454,238.7775954778135,238.46675217220286,0.8167803687437093,0.130350794305348,0.9481958427474448,0.8167803687437093,0.130350794305348,0.9481958427474448,0.38811397613056897,-0.27365149630280844,0.6617654724333775,0.2651303911262431,0.2651303911262431,3.868033475220651,3.6855398524518086,3.6855398524518086,0.0,0.0,0.0,0.0,0.0,0.0,JIOFIN.BO
EMA_MACD,JIOFIN,BSE,2024-12-20,2024-12-23,2025-01-07,SHORT,308.95001220703125,316.673762512207,293.50251159667965,299.25,TIME_EXIT,11,3.241441004855883,3.091441004855883,NEUTRAL,NEUTRAL,304.5,32.32516446724213,319.5113984829217,327.6561583754464,328.6000835957453,-2.485764324683309,-0.28725653687298314,-2.765880341042383,2.485764324683309,0.28725653687298314,2.765880341042383,-1.2862453250306771,2.0832920666655603,-3.3695373916962374,-1.1065804242023767,1.1065804242023767,2.0928762955796003,-4.698235666770461,4.698235666770461,2.0,1.0,2.0,1.0,2.0,1.0,JIOFIN.BO
EMA_MACD,JIOFIN,BSE,2025-04-09,2025-04-11,2025-04-15,SHORT,227.1999969482422,232.8799968719482,215.8399971008301,232.8799968719482,STOP_LOSS,2,-2.439024390243893,-2.5890243902438934,NEUTRAL,NEUTRAL,220.8999938964844,45.68165376268212,222.4521233958991,224.23580517774752,226.02638568963937,-0.7954491391036048,-0.792199771910932,-1.5813473647488905,0.7954491391036048,0.792199771910932,1.5813473647488905,-1.883104356756661,-1.8324476433382324,-0.05065671341842859,-0.02293196687102072,0.02293196687102072,0.6876045654839863,-0.697736427830072,0.697736427830072,2.0,3.0,0.0,2.0,3.0,0.0,JIOFIN.BO
EMA_MACD,JIOFIN,BSE,2025-04-16,2025-04-17,2025-04-23,LONG,242.75,236.68125,254.8875,254.8875,TARGET,4,5.000000000000004,4.850000000000004,NEUTRAL,NEUTRAL,242.25,60.12913131822915,233.80247942379944,229.20111828132093,228.35925746336164,2.0075648744570302,0.3686563125623914,2.3836222016578925,2.0075648744570302,0.3686563125623914,2.3836222016578925,1.1262705767900911,-0.8881336151464253,2.0144041919365163,0.831539398116209,0.831539398116209,1.112599122191244,3.613101365314547,3.613101365314547,1.0,1.0,2.0,0.0,2.0,0.0,JIOFIN.BO
EMA_MACD,JIOFIN,BSE,2025-08-04,2025-08-05,2025-08-06,LONG,334.8500061035156,326.47875595092773,351.5925064086914,326.47875595092773,STOP_LOSS,2,-2.500000000000002,-2.650000000000002,BULL,BULL,333.54998779296875,65.60819803214264,326.99841242675734,322.0432098355001,317.79930968619647,1.5386763142090103,1.3354025700981396,2.8946264073525882,1.5386763142090103,1.3354025700981396,2.8946264073525882,4.571492480908091,3.9566350213045727,0.6148574596035186,0.1843374253052453,0.1843374253052453,0.838707555874302,2.003549594504182,2.003549594504182,2.0,4.0,0.0,2.0,4.0,0.0,JIOFIN.BO
EMA_MACD,JIOFIN,BSE,2025-09-24,2025-09-25,2025-09-30,SHORT,307.70001220703125,315.392512512207,292.31501159667965,292.31501159667965,TARGET,4,5.2631578947368585,5.113157894736858,BULL,BULL,306.6000061035156,36.88614921279768,311.6680422072026,313.1169123812245,314.69188045001766,-0.4627249812229558,-0.5004794106987835,-0.9608885486625585,0.4627249812229558,0.5004794106987835,0.9608885486625585,-1.7013744867245464,-1.682347960181575,-0.019026526542971434,-0.006205651064647277,0.006205651064647277,0.5646439319145671,-1.6261006639614426,1.6261006639614426,1.0,2.0,0.0,0.0,2.0,0.0,JIOFIN.BO
EMA_MACD,JIOFIN,BSE,2025-11-04,2025-11-06,2025-11-12,SHORT,301.8999938964844,309.4474937438965,286.8049942016601,309.4474937438965,STOP_LOSS,5,-2.439024390243893,-2.5890243902438934,BULL,BULL,301.8999938964844,39.886045484220695,305.7091511990032,307.07343791172195,307.85138384013254,-0.4442867875504618,-0.2527017805495967,-0.6958658474771718,0.4442867875504618,0.2527017805495967,0.6958658474771718,-0.8474781275511418,-0.5621467856745312,-0.2853313418766106,-0.09451187401297038,0.09451187401297038,0.39845505391052927,-1.246006960399832,1.246006960399832,2.0,2.0,0.0,0.0,2.0,0.0,JIOFIN.BO
EMA_MACD,JIOFIN,BSE,2025-11-17,2025-11-18,2025-11-21,LONG,311.1499938964844,303.37124404907223,326.7074935913086,303.37124404907223,STOP_LOSS,4,-2.5000000000000133,-2.650000000000013,BULL,BULL,312.0,56.46176268924862,310.3896555979033,307.9371433999943,307.6306391452209,0.796432730014427,0.09963385169468413,0.8968600983141818,0.796432730014427,0.09963385169468413,0.8968600983141818,0.4305087072835363,-0.64958546682214,1.0800941741056764,0.3461840301620758,0.3461840301620758,0.42687987259627,0.5188138113026658,0.5188138113026658,2.0,2.0,3.0,1.0,3.0,1.0,JIOFIN.BO
EMA_MACD,JIOFIN,BSE,2025-11-24,2025-11-25,2025-11-26,SHORT,299.3999938964844,306.8849937438965,284.4299942016601,306.8849937438965,STOP_LOSS,2,-2.439024390243893,-2.5890243902438934,BULL,BULL,299.8500061035156,41.36652878094649,304.1803260468192,305.82552467410846,306.54450685162897,-0.5379533408934503,-0.2345441400678882,-0.7712357429239735,0.5379533408934503,0.2345441400678882,0.7712357429239735,-0.8004532645913969,-0.39498158784022497,-0.4054716767511719,-0.13522483525019274,0.13522483525019274,0.9878711766992049,-1.423602900155032,1.423602900155032,1.0,1.0,0.0,13.0,13.0,0.0,JIOFIN.BO
EMA_MACD,JIOFIN,BSE,2026-01-09,2026-01-12,2026-01-20,SHORT,287.0,294.17499999999995,272.65,272.65,TARGET,6,5.2631578947368585,5.113157894736858,BULL,BULL,287.25,38.02323244912185,294.3429434125522,296.25825602609444,297.7280293197371,-0.6465010086920766,-0.4936630578588389,-1.136972529902318,0.6465010086920766,0.4936630578588389,1.136972529902318,-1.5878715802770103,-1.384270714972105,-0.2036008653049053,-0.0708793264769035,0.0708793264769035,1.2017801107474995,-2.4097548697169517,2.4097548697169517,0.0,1.0,0.0,0.0,1.0,0.0,JIOFIN.BO
EMA_MACD,JIOFIN,BSE,2026-05-13,2026-05-14,2026-05-21,SHORT,232.3000030517578,238.10750312805172,220.68500289916992,238.10750312805172,STOP_LOSS,6,-2.439024390243893,-2.5890243902438934,BEAR,BEAR,231.6000061035156,40.33847759289872,238.1729770002495,242.7533832138726,243.32434935213388,-1.886855768180027,-0.23465228193623122,-2.1170804999993784,1.886855768180027,0.23465228193623122,2.1170804999993784,-0.747534057737198,1.05949037824058,-1.807024435977778,-0.7802350554214205,0.7802350554214205,1.0070628771604255,-2.759746709941408,2.759746709941408,2.0,1.0,2.0,1.0,2.0,1.0,JIOFIN.BO
EMA_MACD,JIOFIN,BSE,2026-06-03,2026-06-04,2026-06-15,SHORT,234.3500061035156,240.20875625610347,222.6325057983398,240.20875625610347,STOP_LOSS,8,-2.439024390243893,-2.5890243902438934,BEAR,BEAR,235.1000061035156,44.42474603248708,237.2353184258501,238.27970295117638,239.40939687709135,-0.4383019251708041,-0.47186699463385867,-0.9081007176829369,0.4383019251708041,0.47186699463385867,0.9081007176829369,-1.22526666091602,-1.1531204050497008,-0.07214625586631929,-0.030687475114123546,0.030687475114123546,1.0762242261809862,-0.9000819677707093,0.9000819677707093,2.0,2.0,0.0,16.0,16.0,0.0,JIOFIN.BO
EMA_MACD,JIOFIN,BSE,2026-06-18,2026-06-19,2026-06-23,LONG,244.3000030517578,238.19250297546387,256.5150032043457,238.19250297546387,STOP_LOSS,3,-2.500000000000002,-2.650000000000002,BEAR,BEAR,244.1000061035156,57.22706417071226,240.8630089655822,238.16697518246698,238.12272825605982,1.1319931241725256,0.018581563688279713,1.1507850298841205,1.1319931241725256,0.018581563688279713,1.1507850298841205,0.16419182137360622,-1.1270932894057413,1.2912851107793475,0.5289983934829365,0.5289983934829365,0.5908135535437332,1.3439162583889945,1.3439162583889945,2.0,2.0,3.0,145.0,145.0,2.0,JIOFIN.BO
EMA_MACD,JIOFIN,BSE,2026-07-02,2026-07-03,2026-07-08,LONG,241.3000030517578,235.26750297546383,253.36500320434573,235.26750297546383,STOP_LOSS,4,-2.500000000000002,-2.650000000000002,NEUTRAL,NEUTRAL,239.6999969482422,51.5541342267692,238.99038318141243,238.91586042528124,238.76186260886374,0.031192050623401024,0.06449849851849168,0.09571066754620192,0.031192050623401024,0.06449849851849168,0.09571066754620192,0.18128430758022773,0.13845574280003656,0.042828564780191175,0.017867570014796053,0.017867570014796053,0.453514854388361,0.29692147331765606,0.29692147331765606,0.0,0.0,0.0,155.0,155.0,0.0,JIOFIN.BO
EMA_MACD,JIOFIN,BSE,2026-07-13,2026-07-14,2026-07-23,LONG,239.6999969482422,233.7074970245361,251.6849967956543,233.7074970245361,STOP_LOSS,8,-2.500000000000002,-2.650000000000002,NEUTRAL,NEUTRAL,241.5500030517578,53.5938584344872,239.13462352554654,238.7330339506638,238.67950240567188,0.16821701137754005,0.02242821208037452,0.1906829515259816,0.16821701137754005,0.02242821208037452,0.1906829515259816,0.06550400426547753,-0.01755665100626394,0.08306065527174147,0.03438652627710535,0.03438652627710535,0.6547871610136657,1.0100501092654344,1.0100501092654344,0.0,0.0,0.0,162.0,162.0,0.0,JIOFIN.BO
EMA_MACD,JIOFIN,BSE,2026-07-29,2026-07-30,2026-08-03,LONG,248.3000030517578,242.09250297546387,260.7150032043457,260.7150032043457,TARGET,3,5.000000000000004,4.850000000000004,NEUTRAL,NEUTRAL,249.6000061035156,62.327062876917545,240.72788400263454,238.7775954778135,238.46675217220286,0.8167803687437093,0.130350794305348,0.9481958427474448,0.8167803687437093,0.130350794305348,0.9481958427474448,0.38811397613056897,-0.27365149630280844,0.6617654724333775,0.2651303911262431,0.2651303911262431,3.868033475220651,3.6855398524518086,3.6855398524518086,0.0,0.0,0.0,0.0,0.0,0.0,JIOFIN.BO
CURRENT,JIOFIN,NSE,2024-12-20,2024-12-23,2025-01-07,SHORT,308.79998779296875,316.51998748779295,293.3599884033203,299.1499938964844,TIME_EXIT,11,3.225804477142513,3.0758044771425133,NEUTRAL,NEUTRAL,304.29998779296875,32.23451778379092,319.43033100974594,327.634568495592,328.5978849122702,-2.5040817650950826,-0.29315965224042295,-2.7899004599411374,2.5040817650950826,0.29315965224042295,2.7899004599411374,-1.3090921359707295,2.0822465218894064,-3.391338657860136,-1.1144721636227741,1.1144721636227741,1.473753440601612,-4.736664539321897,4.736664539321897,2.0,1.0,2.0,1.0,2.0,1.0,JIOFIN.NS
CURRENT,JIOFIN,NSE,2025-04-16,2025-04-17,2025-04-23,LONG,242.94000244140625,236.8665023803711,255.08700256347657,255.08700256347657,TARGET,4,5.000000000000004,4.850000000000004,NEUTRAL,NEUTRAL,242.27999877929688,60.29407344469587,233.7653195025066,229.1363699858445,228.20827340132766,2.020172317885657,0.4066884038356917,2.4350765282756885,2.020172317885657,0.4066884038356917,2.4350765282756885,1.2176874043253463,-0.7845715974270631,2.0022590017524093,0.8264235644050634,0.8264235644050634,0.8933354645175441,3.642404825023232,3.642404825023232,1.0,1.0,2.0,0.0,2.0,0.0,JIOFIN.NS
CURRENT,JIOFIN,NSE,2025-08-01,2025-08-04,2025-08-07,LONG,329.8500061035156,321.60375595092773,346.3425064086914,321.60375595092773,STOP_LOSS,4,-2.500000000000002,-2.650000000000002,BULL,BULL,329.5,62.99258183444698,323.7951706503888,320.18135939846275,316.5834077683834,1.1286763410323013,1.1364940618466253,2.2779977424722264,1.1286763410323013,1.1364940618466253,2.2779977424722264,3.8121952191325477,3.8112729312704356,0.0009222878621120145,0.00027990526922974646,0.00027990526922974646,1.0943849814314877,1.761863630687338,1.761863630687338,1.0,3.0,0.0,1.0,3.0,0.0,JIOFIN.NS
CURRENT,JIOFIN,NSE,2025-09-24,2025-09-25,2025-10-07,SHORT,306.75,314.41875,291.4125,314.41875,STOP_LOSS,8,-2.439024390243893,-2.5890243902438934,BULL,BULL,306.75,37.06904459154683,311.7736097858573,313.18918122855064,314.74546565906246,-0.4519860606744094,-0.4944580940198886,-0.9442092730334518,0.4519860606744094,0.4944580940198886,0.9442092730334518,-1.680208896312422,-1.671892119555645,-0.008316776756776889,-0.002711255666430934,0.002711255666430934,1.0273698585699491,-1.6113005168422554,1.6113005168422554,0.0,2.0,0.0,0.0,2.0,0.0,JIOFIN.NS
CURRENT,JIOFIN,NSE,2025-11-06,2025-11-07,2025-11-11,SHORT,297.0,304.42499999999995,282.15,304.42499999999995,STOP_LOSS,3,-2.4390243902438824,-2.5890243902438823,BULL,BULL,298.1000061035156,35.7425290838499,303.22148773795766,305.87220010791896,307.20388464475843,-0.8666078084330852,-0.43348557860177983,-1.2963367671622708,0.8666078084330852,0.43348557860177983,1.2963367671622708,-1.4901443971786534,-0.726206664867098,-0.7639377323115555,-0.25626894219058727,0.25626894219058727,0.9242059757390217,-1.689023318448985,1.689023318448985,3.0,3.0,1.0,0.0,3.0,0.0,JIOFIN.NS
CURRENT,JIOFIN,NSE,2026-01-09,2026-01-12,2026-01-20,SHORT,287.25,294.43125,272.8875,272.8875,TARGET,7,5.263157894736836,5.113157894736836,BULL,BULL,287.25,37.875193683374135,294.3758677437956,296.28955786356977,297.75996483936217,-0.6458851042787529,-0.4938229276678169,-1.13651850321525,0.6458851042787529,0.4938229276678169,1.13651850321525,-1.588442265002584,-1.3861102403026653,-0.20233202469991873,-0.0704376065099804,0.0704376065099804,1.4543501921111628,-2.420669805038998,2.420669805038998,0.0,1.0,0.0,0.0,1.0,0.0,JIOFIN.NS
CURRENT,JIOFIN,NSE,2026-05-13,2026-05-14,2026-05-22,SHORT,233.0,238.825,221.35,238.825,STOP_LOSS,7,-2.439024390243893,-2.5890243902438934,BEAR,BEAR,231.4499969482422,39.715089941039196,238.06384878126448,242.773199604028,243.4241889420053,-1.9398149509273055,-0.26743001211452094,-2.2020573156835623,1.9398149509273055,0.26743001211452094,2.2020573156835623,-0.8452305216089826,1.0426292794346042,-1.8878598010435867,-0.8156663754313023,0.8156663754313023,0.5154407249936227,-2.7781840320909748,2.7781840320909748,2.0,1.0,2.0,1.0,2.0,1.0,JIOFIN.NS
CURRENT,JIOFIN,NSE,2026-07-08,2026-07-09,2026-07-10,SHORT,231.0,236.775,219.45,236.775,STOP_LOSS,2,-2.439024390243893,-2.5890243902438934,NEUTRAL,NEUTRAL,229.9900054931641,38.6475771950527,237.08752782330615,238.3159633235197,238.5301800272345,-0.5154650502979186,-0.0898069601466585,-0.604809086952286,0.5154650502979186,0.0898069601466585,0.604809086952286,-0.25901468169962527,0.15654098000831593,-0.4155556617079412,-0.18068422617620775,0.18068422617620775,2.99519072049637,-2.9936295659684027,2.9936295659684027,0.0,0.0,0.0,0.0,0.0,0.0,JIOFIN.NS
CURRENT,JIOFIN,NSE,2026-07-29,2026-07-30,2026-08-03,LONG,248.75,242.53125,261.1875,261.1875,TARGET,3,5.000000000000004,4.850000000000004,NEUTRAL,NEUTRAL,249.47999572753903,62.126444047318465,240.6809704963269,238.74911333057375,238.44515564749778,0.809157838872591,0.12747488295602705,0.9376641948366503,0.809157838872591,0.12747488295602705,0.9376641948366503,0.38030193945792234,-0.27632291824246646,0.6566248577003888,0.26319739816634397,0.26319739816634397,2.4256178014491745,3.6558873819841216,3.6558873819841216,0.0,0.0,0.0,0.0,0.0,0.0,JIOFIN.NS
EMA_MACD,JIOFIN,NSE,2024-12-20,2024-12-23,2025-01-07,SHORT,308.79998779296875,316.51998748779295,293.3599884033203,299.1499938964844,TIME_EXIT,11,3.225804477142513,3.0758044771425133,NEUTRAL,NEUTRAL,304.29998779296875,32.23451778379092,319.43033100974594,327.634568495592,328.5978849122702,-2.5040817650950826,-0.29315965224042295,-2.7899004599411374,2.5040817650950826,0.29315965224042295,2.7899004599411374,-1.3090921359707295,2.0822465218894064,-3.391338657860136,-1.1144721636227741,1.1144721636227741,1.473753440601612,-4.736664539321897,4.736664539321897,2.0,1.0,2.0,1.0,2.0,1.0,JIOFIN.NS
EMA_MACD,JIOFIN,NSE,2025-04-09,2025-04-11,2025-04-15,SHORT,225.77999877929688,231.42449874877929,214.49099884033205,231.42449874877929,STOP_LOSS,2,-2.439024390243893,-2.5890243902438934,NEUTRAL,NEUTRAL,220.9199981689453,45.82674270110848,222.4554470648561,224.1731227015432,225.85502028223016,-0.7662272871908806,-0.7446801840336505,-1.5052015284521623,0.7662272871908806,0.7446801840336505,1.5052015284521623,-1.7661148171999628,-1.7194640726046806,-0.04665074459528218,-0.02111657839124492,0.02111657839124492,0.630632820892479,-0.6902276011533764,0.6902276011533764,2.0,3.0,0.0,2.0,3.0,0.0,JIOFIN.NS
EMA_MACD,JIOFIN,NSE,2025-04-16,2025-04-17,2025-04-23,LONG,242.94000244140625,236.8665023803711,255.08700256347657,255.08700256347657,TARGET,4,5.000000000000004,4.850000000000004,NEUTRAL,NEUTRAL,242.27999877929688,60.29407344469587,233.7653195025066,229.1363699858445,228.20827340132766,2.020172317885657,0.4066884038356917,2.4350765282756885,2.020172317885657,0.4066884038356917,2.4350765282756885,1.2176874043253463,-0.7845715974270631,2.0022590017524093,0.8264235644050634,0.8264235644050634,0.8933354645175441,3.642404825023232,3.642404825023232,1.0,1.0,2.0,0.0,2.0,0.0,JIOFIN.NS
EMA_MACD,JIOFIN,NSE,2025-08-01,2025-08-04,2025-08-07,LONG,329.8500061035156,321.60375595092773,346.3425064086914,321.60375595092773,STOP_LOSS,4,-2.500000000000002,-2.650000000000002,BULL,BULL,329.5,62.99258183444698,323.7951706503888,320.18135939846275,316.5834077683834,1.1286763410323013,1.1364940618466253,2.2779977424722264,1.1286763410323013,1.1364940618466253,2.2779977424722264,3.8121952191325477,3.8112729312704356,0.0009222878621120145,0.00027990526922974646,0.00027990526922974646,1.0943849814314877,1.761863630687338,1.761863630687338,1.0,3.0,0.0,1.0,3.0,0.0,JIOFIN.NS
EMA_MACD,JIOFIN,NSE,2025-09-24,2025-09-25,2025-10-07,SHORT,306.75,314.41875,291.4125,314.41875,STOP_LOSS,8,-2.439024390243893,-2.5890243902438934,BULL,BULL,306.75,37.06904459154683,311.7736097858573,313.18918122855064,314.74546565906246,-0.4519860606744094,-0.4944580940198886,-0.9442092730334518,0.4519860606744094,0.4944580940198886,0.9442092730334518,-1.680208896312422,-1.671892119555645,-0.008316776756776889,-0.002711255666430934,0.002711255666430934,1.0273698585699491,-1.6113005168422554,1.6113005168422554,0.0,2.0,0.0,0.0,2.0,0.0,JIOFIN.NS
EMA_MACD,JIOFIN,NSE,2025-11-04,2025-11-06,2025-11-12,SHORT,301.8999938964844,309.4474937438965,286.8049942016601,309.4474937438965,STOP_LOSS,5,-2.439024390243893,-2.5890243902438934,BULL,BULL,301.8999938964844,40.13432391056871,305.7822285551787,307.1675657753195,307.93219492805787,-0.451003743394612,-0.24831088315303756,-0.6981947351693731,0.451003743394612,0.24831088315303756,0.6981947351693731,-0.8341393815573497,-0.535222231789209,-0.29891714976814066,-0.09901197608855651,0.09901197608855651,0.8799841444694837,-1.2696076802886367,1.2696076802886367,2.0,2.0,0.0,27.0,27.0,0.0,JIOFIN.NS
EMA_MACD,JIOFIN,NSE,2025-11-17,2025-11-18,2025-11-21,LONG,311.1499938964844,303.37124404907223,326.7074935913086,303.37124404907223,STOP_LOSS,4,-2.5000000000000133,-2.650000000000013,BULL,BULL,312.0,56.240145595128425,310.4108600507302,307.9795810982194,307.6847970306899,0.7894286185600846,0.09580716056637553,0.8859921082706008,0.7894286185600846,0.09580716056637553,0.8859921082706008,0.4165453122635654,-0.6521573297946497,1.068702642058215,0.34253289809558174,0.34253289809558174,0.892934952356514,0.5119472782009241,0.5119472782009241,2.0,2.0,3.0,1.0,3.0,1.0,JIOFIN.NS
EMA_MACD,JIOFIN,NSE,2025-11-24,2025-11-25,2025-11-26,SHORT,299.75,307.24375,284.7625,307.24375,STOP_LOSS,2,-2.439024390243893,-2.5890243902438934,BULL,BULL,299.8500061035156,41.45345382237706,304.17818133677474,305.8406620572482,306.57842639685737,-0.5435774004969554,-0.24064457120480534,-0.7829138821971686,0.5435774004969554,0.24064457120480534,0.7829138821971686,-0.8215972247216996,-0.4098167145927052,-0.4117805101289944,-0.13732883166486834,0.13732883166486834,1.3121506291628293,-1.422907854283974,1.422907854283974,1.0,1.0,0.0,12.0,12.0,0.0,JIOFIN.NS
EMA_MACD,JIOFIN,NSE,2026-01-09,2026-01-12,2026-01-20,SHORT,287.25,294.43125,272.8875,272.8875,TARGET,7,5.263157894736836,5.113157894736836,BULL,BULL,287.25,37.875193683374135,294.3758677437956,296.28955786356977,297.75996483936217,-0.6458851042787529,-0.4938229276678169,-1.13651850321525,0.6458851042787529,0.4938229276678169,1.13651850321525,-1.588442265002584,-1.3861102403026653,-0.20233202469991873,-0.0704376065099804,0.0704376065099804,1.4543501921111628,-2.420669805038998,2.420669805038998,0.0,1.0,0.0,0.0,1.0,0.0,JIOFIN.NS
EMA_MACD,JIOFIN,NSE,2026-05-13,2026-05-14,2026-05-22,SHORT,233.0,238.825,221.35,238.825,STOP_LOSS,7,-2.439024390243893,-2.5890243902438934,BEAR,BEAR,231.4499969482422,39.715089941039196,238.06384878126448,242.773199604028,243.4241889420053,-1.9398149509273055,-0.26743001211452094,-2.2020573156835623,1.9398149509273055,0.26743001211452094,2.2020573156835623,-0.8452305216089826,1.0426292794346042,-1.8878598010435867,-0.8156663754313023,0.8156663754313023,0.5154407249936227,-2.7781840320909748,2.7781840320909748,2.0,1.0,2.0,1.0,2.0,1.0,JIOFIN.NS
EMA_MACD,JIOFIN,NSE,2026-06-03,2026-06-04,2026-06-15,SHORT,234.5,240.3625,222.775,240.3625,STOP_LOSS,8,-2.439024390243893,-2.5890243902438934,BEAR,BEAR,235.02999877929688,44.167726346528056,237.17895191055655,238.2263579442906,239.39747865903183,-0.43966840729647544,-0.48919509148599705,-0.9267126625151634,0.43966840729647544,0.48919509148599705,0.9267126625151634,-1.2691649535916554,-1.2106414265035048,-0.05852352708815056,-0.02490044989665623,0.02490044989665623,0.9635051278358051,-0.9060471487664191,0.9060471487664191,2.0,2.0,0.0,16.0,16.0,0.0,JIOFIN.NS
EMA_MACD,JIOFIN,NSE,2026-06-18,2026-06-19,2026-06-23,LONG,244.0,237.9,256.2,237.9,STOP_LOSS,3,-2.500000000000002,-2.650000000000002,BEAR,BEAR,244.1000061035156,57.32005199048071,240.84416776066467,238.1349747079455,238.10122826231245,1.1376712119006425,0.014173150587815772,1.152005606342515,1.1376712119006425,0.014173150587815772,1.152005606342515,0.15421667471215983,-1.1492219192760535,1.3034385939882134,0.533977288568958,0.533977288568958,0.825717641739979,1.3518443785138126,1.3518443785138126,2.0,2.0,3.0,147.0,147.0,2.0,JIOFIN.NS
EMA_MACD,JIOFIN,NSE,2026-07-02,2026-07-03,2026-07-08,LONG,241.0500030517578,235.02375297546385,253.1025032043457,235.02375297546385,STOP_LOSS,4,-2.500000000000002,-2.650000000000002,NEUTRAL,NEUTRAL,239.72999572753903,51.587429589590926,239.0187140442689,238.94125970982694,238.77463395816193,0.03241563827696747,0.06978369054654494,0.1022219496522163,0.03241563827696747,0.06978369054654494,0.1022219496522163,0.1955638300940734,0.15033869203572742,0.04522513805834599,0.018865031020042163,0.018865031020042163,0.5456063250339002,0.2975840975942966,0.2975840975942966,0.0,0.0,0.0,157.0,157.0,0.0,JIOFIN.NS
EMA_MACD,JIOFIN,NSE,2026-07-13,2026-07-14,2026-07-23,LONG,239.6999969482422,233.7074970245361,251.6849967956543,233.7074970245361,STOP_LOSS,8,-2.500000000000002,-2.650000000000002,NEUTRAL,NEUTRAL,241.41000366210935,53.36881752771415,239.06038060360692,238.68506811523264,238.65103648961536,0.15724171241121934,0.014259994893738909,0.17152412996511893,0.15724171241121934,0.014259994893738909,0.17152412996511893,0.04336635573071135,-0.028666680633348297,0.07203303636405964,0.029838463722025796,0.029838463722025796,1.0363742630012887,0.9828575745465787,0.9828575745465787,0.0,0.0,0.0,164.0,164.0,0.0,JIOFIN.NS
EMA_MACD,JIOFIN,NSE,2026-07-29,2026-07-30,2026-08-03,LONG,248.75,242.53125,261.1875,261.1875,TARGET,3,5.000000000000004,4.850000000000004,NEUTRAL,NEUTRAL,249.47999572753903,62.126444047318465,240.6809704963269,238.74911333057375,238.44515564749778,0.809157838872591,0.12747488295602705,0.9376641948366503,0.809157838872591,0.12747488295602705,0.9376641948366503,0.38030193945792234,-0.27632291824246646,0.6566248577003888,0.26319739816634397,0.26319739816634397,2.4256178014491745,3.6558873819841216,3.6558873819841216,0.0,0.0,0.0,0.0,0.0,0.0,JIOFIN.NS
CURRENT,JSWENERGY,BSE,2024-11-12,2024-11-13,2024-11-13,LONG,750.7999877929688,732.0299880981445,788.3399871826172,732.0299880981445,STOP_LOSS,1,-2.500000000000002,-2.650000000000002,NEUTRAL,NEUTRAL,749.4500122070312,64.27216605309368,722.8347016215967,701.5769185969351,699.2220501257965,3.0300003408285447,0.3367840689112927,3.3769889681757057,3.0300003408285447,0.3367840689112927,3.3769889681757057,3.5000348221632294,-6.810529074526237,10.310563896689466,1.3757507143573482,1.3757507143573482,0.774264570695239,3.6820742730981513,3.6820742730981513,3.0,2.0,4.0,1.0,4.0,1.0,JSWENERGY.BO
CURRENT,JSWENERGY,BSE,2024-11-26,2024-11-27,2024-11-28,SHORT,659.75,676.24375,626.7624999999999,676.24375,STOP_LOSS,2,-2.4390243902439046,-2.5890243902439045,NEUTRAL,NEUTRAL,657.0499877929688,39.62740382373073,681.9266169818566,694.690218294758,697.7324989962557,-1.8373083392813516,-0.4360239355160133,-2.2653211706688667,1.8373083392813516,0.4360239355160133,2.2653211706688667,-3.515491245564135,0.4378760647393647,-3.9533673103035,-0.6016844051063546,0.6016844051063546,0.5822143409233624,-3.64799211079184,3.64799211079184,2.0,1.0,1.0,0.0,2.0,0.0,JSWENERGY.BO
CURRENT,JSWENERGY,BSE,2024-12-24,2024-12-26,2024-12-30,SHORT,648.9000244140625,665.122525024414,616.4550231933594,665.122525024414,STOP_LOSS,3,-2.439024390243893,-2.5890243902438934,NEUTRAL,NEUTRAL,648.8499755859375,39.08136636858933,664.4369845209358,671.2435653580401,676.0355654386351,-1.0140254876743142,-0.7088384584449787,-1.7156761434842231,1.0140254876743142,0.7088384584449787,1.7156761434842231,-5.201541029238115,-4.237847290261207,-0.9636937389769074,-0.14852335289165317,0.14852335289165317,0.4124819080444247,-2.3458972480643325,2.3458972480643325,1.0,2.0,0.0,0.0,2.0,0.0,JSWENERGY.BO
CURRENT,JSWENERGY,BSE,2025-09-16,2025-09-17,2025-09-25,LONG,540.9500122070312,527.4262619018555,567.9975128173828,527.4262619018555,STOP_LOSS,7,-2.500000000000002,-2.650000000000002,BULL,BULL,540.2000122070312,62.64302196420808,528.5609249468654,520.2815923621293,519.1053772057833,1.5913176069034192,0.22658504573336383,1.821508340364148,1.5913176069034192,0.22658504573336383,1.821508340364148,1.5902593411950647,-2.1366521155972116,3.7269114567922763,0.689913249273297,0.689913249273297,2.9363611549734827,2.202033239845701,2.202033239845701,3.0,2.0,4.0,0.0,4.0,0.0,JSWENERGY.BO
CURRENT,JSWENERGY,BSE,2026-03-12,2026-03-13,2026-03-13,LONG,522.0,508.95,548.1,508.95,STOP_LOSS,1,-2.500000000000002,-2.650000000000002,BEAR,BEAR,518.4000244140625,63.789363203355215,496.2770631688581,489.0772014771319,485.5994882280243,1.4721319394935743,0.7161690515362613,2.1988439443782695,1.4721319394935743,0.7161690515362613,2.1988439443782695,3.9486021086999017,1.8294703072077452,2.1191318014921565,0.40878312146828505,0.40878312146828505,8.34252667907521,4.45778434811062,4.45778434811062,2.0,2.0,1.0,0.0,2.0,0.0,JSWENERGY.BO
CURRENT,JSWENERGY,BSE,2026-04-15,2026-04-16,2026-04-21,LONG,532.7000122070312,519.3825119018554,559.3350128173828,559.3350128173828,TARGET,4,5.000000000000004,4.850000000000004,BEAR,BEAR,528.25,63.013082996431955,507.40833018097277,498.6916169239546,494.7691526862399,1.7479165402428214,0.7927867403249624,2.5545605311307757,1.7479165402428214,0.7927867403249624,2.5545605311307757,4.4346705368949415,1.839536641147821,2.5951338957471206,0.49127002285794996,0.49127002285794996,1.7010524391192257,4.107474903219232,4.107474903219232,1.0,4.0,1.0,0.0,4.0,0.0,JSWENERGY.BO
CURRENT,JSWENERGY,BSE,2026-05-26,2026-05-27,2026-05-29,LONG,583.6500244140625,569.0587738037109,612.8325256347656,612.8325256347656,TARGET,3,5.000000000000004,4.850000000000004,BEAR,BEAR,575.9500122070312,64.41010193440147,556.7048851560808,547.4093225896181,541.6643981116852,1.6981008877394197,1.0606058840050285,2.7767169296761542,1.6981008877394197,1.0606058840050285,2.7767169296761542,6.214476985720012,4.716922249529384,1.4975547361906276,0.2600147069104178,0.2600147069104178,3.463124571134354,3.4569711105651284,3.4569711105651284,2.0,3.0,0.0,0.0,3.0,0.0,JSWENERGY.BO
CURRENT,JSWENERGY,BSE,2026-07-07,2026-07-08,2026-07-14,SHORT,544.2000122070312,557.805012512207,516.9900115966797,557.805012512207,STOP_LOSS,5,-2.439024390243893,-2.5890243902438934,NEUTRAL,NEUTRAL,543.7999877929688,38.90154820280924,554.184098789597,563.4026792256581,565.2296290819723,-1.636232977935269,-0.3232225917246339,-1.9541668950219673,1.636232977935269,0.3232225917246339,1.9541668950219673,-2.3968226632388223,1.8212008838111244,-4.218023547049947,-0.7756571610398417,0.7756571610398417,2.3099532466349006,-1.8737655987077857,1.8737655987077857,3.0,2.0,4.0,0.0,4.0,0.0,JSWENERGY.BO
CURRENT,JSWENERGY,BSE,2026-08-19,2026-08-20,2026-09-01,SHORT,545.4000244140625,559.035025024414,518.1300231933593,518.1300231933593,TARGET,9,5.2631578947368585,5.113157894736858,NEUTRAL,NEUTRAL,540.2000122070312,39.958446803547375,550.2432302346695,555.3711949111555,556.7371220078584,-0.9233400513878616,-0.24534507269367892,-1.1664197547612531,0.9233400513878616,0.24534507269367892,1.1664197547612531,-1.6078766710019181,0.18908470252454979,-1.796961373526468,-0.33264741446132806,0.33264741446132806,0.13077374627172184,-1.8252324564456597,1.8252324564456597,3.0,2.0,2.0,0.0,3.0,0.0,JSWENERGY.BO
EMA_MACD,JSWENERGY,BSE,2024-11-12,2024-11-13,2024-11-13,LONG,750.7999877929688,732.0299880981445,788.3399871826172,732.0299880981445,STOP_LOSS,1,-2.500000000000002,-2.650000000000002,NEUTRAL,NEUTRAL,749.4500122070312,64.27216605309368,722.8347016215967,701.5769185969351,699.2220501257965,3.0300003408285447,0.3367840689112927,3.3769889681757057,3.0300003408285447,0.3367840689112927,3.3769889681757057,3.5000348221632294,-6.810529074526237,10.310563896689466,1.3757507143573482,1.3757507143573482,0.774264570695239,3.6820742730981513,3.6820742730981513,3.0,2.0,4.0,1.0,4.0,1.0,JSWENERGY.BO
EMA_MACD,JSWENERGY,BSE,2024-11-25,2024-11-26,2024-12-10,SHORT,671.6500244140625,688.441275024414,638.0675231933593,668.0,TIME_EXIT,11,0.546410840428524,0.3964108404285239,NEUTRAL,NEUTRAL,675.1500244140625,43.669479004843474,694.3649315763005,700.9635900450561,700.9870998925186,-0.9413696463651517,-0.0033538202723126707,-0.9446918947914271,0.9413696463651517,0.0033538202723126707,0.9446918947914271,-0.012452149513819677,1.4262178923152395,-1.4386700418290592,-0.21308894168783113,0.21308894168783113,0.7756049161219937,-2.767263478963085,2.767263478963085,1.0,0.0,0.0,18.0,18.0,0.0,JSWENERGY.BO
EMA_MACD,JSWENERGY,BSE,2024-12-24,2024-12-26,2024-12-30,SHORT,648.9000244140625,665.122525024414,616.4550231933594,665.122525024414,STOP_LOSS,3,-2.439024390243893,-2.5890243902438934,NEUTRAL,NEUTRAL,648.8499755859375,39.08136636858933,664.4369845209358,671.2435653580401,676.0355654386351,-1.0140254876743142,-0.7088384584449787,-1.7156761434842231,1.0140254876743142,0.7088384584449787,1.7156761434842231,-5.201541029238115,-4.237847290261207,-0.9636937389769074,-0.14852335289165317,0.14852335289165317,0.4124819080444247,-2.3458972480643325,2.3458972480643325,1.0,2.0,0.0,0.0,2.0,0.0,JSWENERGY.BO
EMA_MACD,JSWENERGY,BSE,2025-06-27,2025-06-30,2025-07-02,LONG,529.9500122070312,516.7012619018554,556.4475128173829,516.7012619018554,STOP_LOSS,3,-2.500000000000002,-2.650000000000002,BULL,BULL,522.5,57.522781090543006,512.8763899409812,509.08617722921656,506.6492198514349,0.7445129884283013,0.4809949926492028,1.2290890512714672,0.7445129884283013,0.4809949926492028,1.2290890512714672,2.6375839800905965,2.215503384647903,0.4220805954426936,0.08078097520434328,0.08078097520434328,1.3297712150482008,1.8763995082959912,1.8763995082959912,1.0,1.0,0.0,15.0,15.0,0.0,JSWENERGY.BO
EMA_MACD,JSWENERGY,BSE,2025-08-06,2025-08-07,2025-08-07,LONG,529.3499755859375,516.1162261962891,555.8174743652344,516.1162261962891,STOP_LOSS,1,-2.500000000000002,-2.650000000000002,BULL,BULL,533.75,56.28718097895161,530.6814467933154,527.3994344091292,524.136896961488,0.6223010815063265,0.6224590305614213,1.2486336813468653,0.6223010815063265,0.6224590305614213,1.2486336813468653,3.508781643873931,3.30641306413721,0.20236857973672118,0.03791448800687985,0.03791448800687985,0.6151418189392799,0.5782288461800446,0.5782288461800446,2.0,2.0,0.0,10.0,10.0,0.0,JSWENERGY.BO
EMA_MACD,JSWENERGY,BSE,2025-09-16,2025-09-17,2025-09-25,LONG,540.9500122070312,527.4262619018555,567.9975128173828,527.4262619018555,STOP_LOSS,7,-2.500000000000002,-2.650000000000002,BULL,BULL,540.2000122070312,62.64302196420808,528.5609249468654,520.2815923621293,519.1053772057833,1.5913176069034192,0.22658504573336383,1.821508340364148,1.5913176069034192,0.22658504573336383,1.821508340364148,1.5902593411950647,-2.1366521155972116,3.7269114567922763,0.689913249273297,0.689913249273297,2.9363611549734827,2.202033239845701,2.202033239845701,3.0,2.0,4.0,0.0,4.0,0.0,JSWENERGY.BO
EMA_MACD,JSWENERGY,BSE,2026-01-21,2026-01-22,2026-01-22,SHORT,478.7999877929688,490.769987487793,454.8599884033204,490.769987487793,STOP_LOSS,1,-2.439024390243893,-2.5890243902438934,BEAR,BEAR,477.8999938964844,41.90665911703901,484.74732371518917,489.8557979222778,490.1438339198934,-1.0428526576098984,-0.05876560668161769,-1.1010054256004762,1.0428526576098984,0.05876560668161769,1.1010054256004762,-0.4475089938059682,1.7108972678048655,-2.1584062616108337,-0.45164391905775075,0.45164391905775075,1.1745577388254094,-1.4125564977286822,1.4125564977286822,2.0,1.0,2.0,43.0,43.0,1.0,JSWENERGY.BO
EMA_MACD,JSWENERGY,BSE,2026-03-11,2026-03-12,2026-03-12,LONG,484.5,472.3875,508.725,508.725,TARGET,1,5.000000000000004,4.850000000000004,BEAR,BEAR,487.7000122070313,52.433717560213324,485.21558254625586,484.1900643209768,482.97544533314124,0.21180075777004267,0.25148669556021214,0.4638201040571422,0.21180075777004267,0.25148669556021214,0.4638201040571422,1.3268388077032682,1.2996873568347058,0.02715145086856241,0.005567244246251212,0.005567244246251212,0.7766176118610517,0.5120259427238417,0.5120259427238417,1.0,1.0,0.0,46.0,46.0,0.0,JSWENERGY.BO
EMA_MACD,JSWENERGY,BSE,2026-04-13,2026-04-15,2026-04-21,LONG,524.9500122070312,511.82626190185545,551.1975128173829,551.1975128173829,TARGET,5,5.000000000000004,4.850000000000004,BEAR,BEAR,509.1499938964844,57.141361863690975,496.9874952714591,493.76521974461366,492.0906849011391,0.6525926488933541,0.3402898886027371,0.99510324429404,0.6525926488933541,0.3402898886027371,0.99510324429404,1.8320152716565872,1.1907531672110405,0.6412621044455467,0.12594758168177886,0.12594758168177886,3.2573280580713546,2.4472443956325267,2.4472443956325267,0.0,3.0,0.0,19.0,19.0,0.0,JSWENERGY.BO
EMA_MACD,JSWENERGY,BSE,2026-05-26,2026-05-27,2026-05-29,LONG,583.6500244140625,569.0587738037109,612.8325256347656,612.8325256347656,TARGET,3,5.000000000000004,4.850000000000004,BEAR,BEAR,575.9500122070312,64.41010193440147,556.7048851560808,547.4093225896181,541.6643981116852,1.6981008877394197,1.0606058840050285,2.7767169296761542,1.6981008877394197,1.0606058840050285,2.7767169296761542,6.214476985720012,4.716922249529384,1.4975547361906276,0.2600147069104178,0.2600147069104178,3.463124571134354,3.4569711105651284,3.4569711105651284,2.0,3.0,0.0,0.0,3.0,0.0,JSWENERGY.BO
EMA_MACD,JSWENERGY,BSE,2026-07-06,2026-07-07,2026-07-14,SHORT,545.7000122070312,559.342512512207,518.4150115966796,559.342512512207,STOP_LOSS,6,-2.439024390243893,-2.5890243902438934,NEUTRAL,NEUTRAL,547.8499755859375,40.48812874351839,559.376154287911,566.6697944644396,566.9440003850926,-1.2871058679635135,-0.04836560938412798,-1.334848960751182,1.2871058679635135,0.04836560938412798,1.334848960751182,-0.6506814889472707,2.875706770573611,-3.5263882595208815,-0.6436777250467762,0.6436777250467762,0.5980526460610265,-2.0605416612094305,2.0605416612094305,2.0,1.0,3.0,38.0,38.0,1.0,JSWENERGY.BO
EMA_MACD,JSWENERGY,BSE,2026-07-28,2026-07-29,2026-08-03,SHORT,543.75,557.34375,516.5625,557.34375,STOP_LOSS,4,-2.4390243902439046,-2.5890243902439045,NEUTRAL,NEUTRAL,544.2999877929688,43.12940557927996,550.7638777025006,553.3920139658929,556.161452180036,-0.47491402063389737,-0.4979558010155953,-0.9705049597339097,0.47491402063389737,0.4979558010155953,0.9705049597339097,-3.0115533294684838,-2.8431831672764236,-0.16837016219206014,-0.03093333932906532,0.03093333932906532,0.21628955077265696,-1.1736227031619877,1.1736227031619877,1.0,2.0,0.0,15.0,15.0,0.0,JSWENERGY.BO
EMA_MACD,JSWENERGY,BSE,2026-08-06,2026-08-07,2026-08-19,LONG,560.5,546.4875,588.525,546.4875,STOP_LOSS,9,-2.5000000000000133,-2.650000000000013,BULL,BULL,570.0,57.45188161022426,562.145671679519,557.4032417448547,557.0163587893188,0.8508077419533734,0.06945630041759154,0.9208549819521923,0.8508077419533734,0.06945630041759154,0.9208549819521923,0.6293032925323132,-1.6546294968468305,2.2839327893791435,0.40068996304897253,0.40068996304897253,8.058240219098588,1.3972051580535556,1.3972051580535556,3.0,2.0,3.0,45.0,45.0,2.0,JSWENERGY.BO
CURRENT,KALYANKJIL,BSE,2024-11-14,2024-11-18,2024-11-18,SHORT,657.0,673.425,624.15,673.425,STOP_LOSS,1,-2.439024390243893,-2.5890243902438934,NEUTRAL,NEUTRAL,653.8499755859375,39.75958284329498,676.1679954838539,682.485975793377,688.8986312919598,-0.9257304228381382,-0.9308561822160281,-1.8479693861825228,0.9257304228381382,0.9308561822160281,1.8479693861825228,-7.011851026798126,-6.447028730698933,-0.5648222960991935,-0.08638408154608201,0.08638408154608201,1.490723566624217,-3.3006619726131885,3.3006619726131885,0.0,1.0,0.0,0.0,1.0,0.0,KALYANKJIL.BO
CURRENT,KALYANKJIL,BSE,2025-01-01,2025-01-02,2025-01-06,LONG,777.1500244140625,757.7212738037109,816.0075256347657,757.7212738037109,STOP_LOSS,3,-2.500000000000002,-2.650000000000002,NEUTRAL,NEUTRAL,774.4000244140625,62.791571363183834,754.2500227973791,744.2612345122194,735.3398353372705,1.3421078274627878,1.2132348536315851,2.571625601030469,1.3421078274627878,1.2132348536315851,2.571625601030469,9.651224892189362,8.71839488786218,0.9328300043271813,0.12045841618264312,0.12045841618264312,1.425660797140251,2.6715281415505507,2.6715281415505507,1.0,2.0,0.0,1.0,2.0,0.0,KALYANKJIL.BO
CURRENT,KALYANKJIL,BSE,2025-01-09,2025-01-10,2025-01-10,SHORT,662.5,679.0624999999999,629.375,629.375,TARGET,1,5.263157894736836,5.113157894736836,NEUTRAL,NEUTRAL,662.75,33.447800971933916,710.6007535459656,731.2962212043575,732.7329524746032,-2.8299705452202257,-0.19607843012839943,-3.020500013530461,2.8299705452202257,0.19607843012839943,3.020500013530461,-2.378893068614957,6.688508037357224,-9.06740110597218,-1.3681480356050066,1.3681480356050066,2.6333566181548,-6.733845032838172,6.733845032838172,2.0,1.0,2.0,0.0,2.0,0.0,KALYANKJIL.BO
CURRENT,KALYANKJIL,BSE,2025-07-01,2025-07-02,2025-07-16,LONG,570.0,555.75,598.5,589.75,TIME_EXIT,11,3.46491228070176,3.31491228070176,BULL,BULL,570.0499877929688,63.9354080175306,552.6369985144424,541.4259634298903,538.9908832717176,2.0706496994586496,0.4517850363983088,2.5317896213553395,2.0706496994586496,0.4517850363983088,2.5317896213553395,2.94325151204589,-1.3972423871743958,4.340493899220286,0.7614233825396854,0.7614233825396854,0.9424410133986137,3.1508909691777083,3.1508909691777083,3.0,3.0,3.0,0.0,3.0,0.0,KALYANKJIL.BO
CURRENT,KALYANKJIL,BSE,2025-12-08,2025-12-09,2025-12-15,SHORT,471.0,482.775,447.45,482.775,STOP_LOSS,5,-2.439024390243893,-2.5890243902438934,BULL,BULL,474.8999938964844,37.427305776428064,487.6408077273885,493.09805126130084,495.7861523021649,-1.106725836768811,-0.5421896171125333,-1.6429149013044824,1.106725836768811,0.5421896171125333,1.6429149013044824,-3.083419359575032,-1.233102295607143,-1.8503170639678892,-0.3896224653081822,0.3896224653081822,1.723541367847893,-2.612745617062216,2.612745617062216,3.0,3.0,3.0,0.0,3.0,0.0,KALYANKJIL.BO
CURRENT,KALYANKJIL,BSE,2026-01-19,2026-01-20,2026-01-21,SHORT,461.0,472.525,437.95,437.95,TARGET,2,5.263157894736836,5.113157894736836,BULL,BULL,457.0499877929688,34.03088976921296,476.09871438351104,486.8239505429664,488.92554106746735,-2.2031036368472057,-0.4298385639483246,-2.623472411760613,2.2031036368472057,0.4298385639483246,2.623472411760613,-2.5709433687851515,1.3833537635266828,-3.9542971323118343,-0.8651782601300546,0.8651782601300546,1.6255493997614616,-4.001003576581376,4.001003576581376,2.0,1.0,2.0,1.0,2.0,1.0,KALYANKJIL.BO
CURRENT,KALYANKJIL,BSE,2026-07-09,2026-07-10,2026-07-10,LONG,449.0,437.775,471.4500000000001,471.4500000000001,TARGET,1,5.000000000000004,4.850000000000004,NEUTRAL,NEUTRAL,444.5499877929688,70.14983088575423,397.20095880956706,385.1955313030542,378.95856421888135,3.1167099643914375,1.6458176890733855,4.813823017375891,3.1167099643914375,1.6458176890733855,4.813823017375891,7.0960041036341295,3.476737164892773,3.6192669387413563,0.8141417249182072,0.8141417249182072,7.856704514636535,11.920673385409081,11.920673385409081,0.0,0.0,0.0,0.0,0.0,0.0,KALYANKJIL.BO
EMA_MACD,KALYANKJIL,BSE,2024-11-14,2024-11-18,2024-11-18,SHORT,657.0,673.425,624.15,673.425,STOP_LOSS,1,-2.439024390243893,-2.5890243902438934,NEUTRAL,NEUTRAL,653.8499755859375,39.75958284329498,676.1679954838539,682.485975793377,688.8986312919598,-0.9257304228381382,-0.9308561822160281,-1.8479693861825228,0.9257304228381382,0.9308561822160281,1.8479693861825228,-7.011851026798126,-6.447028730698933,-0.5648222960991935,-0.08638408154608201,0.08638408154608201,1.490723566624217,-3.3006619726131885,3.3006619726131885,0.0,1.0,0.0,0.0,1.0,0.0,KALYANKJIL.BO
EMA_MACD,KALYANKJIL,BSE,2025-01-01,2025-01-02,2025-01-06,LONG,777.1500244140625,757.7212738037109,816.0075256347657,757.7212738037109,STOP_LOSS,3,-2.500000000000002,-2.650000000000002,NEUTRAL,NEUTRAL,774.4000244140625,62.791571363183834,754.2500227973791,744.2612345122194,735.3398353372705,1.3421078274627878,1.2132348536315851,2.571625601030469,1.3421078274627878,1.2132348536315851,2.571625601030469,9.651224892189362,8.71839488786218,0.9328300043271813,0.12045841618264312,0.12045841618264312,1.425660797140251,2.6715281415505507,2.6715281415505507,1.0,2.0,0.0,1.0,2.0,0.0,KALYANKJIL.BO
EMA_MACD,KALYANKJIL,BSE,2025-01-09,2025-01-10,2025-01-10,SHORT,662.5,679.0624999999999,629.375,629.375,TARGET,1,5.263157894736836,5.113157894736836,NEUTRAL,NEUTRAL,662.75,33.447800971933916,710.6007535459656,731.2962212043575,732.7329524746032,-2.8299705452202257,-0.19607843012839943,-3.020500013530461,2.8299705452202257,0.19607843012839943,3.020500013530461,-2.378893068614957,6.688508037357224,-9.06740110597218,-1.3681480356050066,1.3681480356050066,2.6333566181548,-6.733845032838172,6.733845032838172,2.0,1.0,2.0,0.0,2.0,0.0,KALYANKJIL.BO
EMA_MACD,KALYANKJIL,BSE,2025-06-30,2025-07-01,2025-07-02,LONG,557.0,543.0749999999999,584.85,584.85,TARGET,2,5.000000000000004,4.850000000000004,BULL,BULL,555.75,59.085831318609245,543.9305038751793,536.6552927027105,536.5061549100176,1.3556581424603544,0.027797964912064755,1.3838329527471878,1.3556581424603544,0.027797964912064755,1.3838329527471878,0.31600659934497344,-2.482365861979467,2.7983724613244405,0.5035308072558597,0.5035308072558597,0.7319777074682698,2.1729790921108267,2.1729790921108267,2.0,2.0,2.0,25.0,25.0,2.0,KALYANKJIL.BO
EMA_MACD,KALYANKJIL,BSE,2025-12-02,2025-12-03,2025-12-03,LONG,500.0,487.5,525.0,487.5,STOP_LOSS,1,-2.500000000000002,-2.650000000000002,BULL,BULL,501.2999877929688,51.3990058808627,500.7128372125554,499.1618200442575,499.15676749609895,0.3107243194522339,0.0010122166997591968,0.3117396813554448,0.3107243194522339,0.0010122166997591968,0.3117396813554448,0.0050539465127599215,-0.32992580593593973,0.33497975244869965,0.06682221436379578,0.06682221436379578,0.2918532987572829,0.1172629373119368,0.1172629373119368,1.0,1.0,1.0,20.0,20.0,1.0,KALYANKJIL.BO
EMA_MACD,KALYANKJIL,BSE,2026-01-19,2026-01-20,2026-01-21,SHORT,461.0,472.525,437.95,437.95,TARGET,2,5.263157894736836,5.113157894736836,BULL,BULL,457.0499877929688,34.03088976921296,476.09871438351104,486.8239505429664,488.92554106746735,-2.2031036368472057,-0.4298385639483246,-2.623472411760613,2.2031036368472057,0.4298385639483246,2.623472411760613,-2.5709433687851515,1.3833537635266828,-3.9542971323118343,-0.8651782601300546,0.8651782601300546,1.6255493997614616,-4.001003576581376,4.001003576581376,2.0,1.0,2.0,1.0,2.0,1.0,KALYANKJIL.BO
EMA_MACD,KALYANKJIL,BSE,2026-07-09,2026-07-10,2026-07-10,LONG,449.0,437.775,471.4500000000001,471.4500000000001,TARGET,1,5.000000000000004,4.850000000000004,NEUTRAL,NEUTRAL,444.5499877929688,70.14983088575423,397.20095880956706,385.1955313030542,378.95856421888135,3.1167099643914375,1.6458176890733855,4.813823017375891,3.1167099643914375,1.6458176890733855,4.813823017375891,7.0960041036341295,3.476737164892773,3.6192669387413563,0.8141417249182072,0.8141417249182072,7.856704514636535,11.920673385409081,11.920673385409081,0.0,0.0,0.0,0.0,0.0,0.0,KALYANKJIL.BO
CURRENT,LENSKART,BSE,2026-04-10,2026-04-13,2026-04-20,LONG,535.8499755859375,522.453726196289,562.6424743652344,522.453726196289,STOP_LOSS,5,-2.500000000000002,-2.650000000000002,BEAR,BEAR,547.0999755859375,64.3577213349584,519.6460339311885,510.1576652395639,504.7577950412568,1.8598894691053944,1.0697943154826832,2.949580776402828,1.8598894691053944,1.0697943154826832,2.949580776402828,5.917148623506137,3.918955173020765,1.9981934504853718,0.36523369395974303,0.36523369395974303,1.07982701582044,5.283200459947015,5.283200459947015,1.0,2.0,0.0,0.0,2.0,0.0,LENSKART.BO
EMA_MACD,LENSKART,BSE,2026-02-03,2026-02-04,2026-02-10,LONG,451.8999938964844,440.6024940490723,474.4949935913086,474.4949935913086,TARGET,5,5.000000000000004,4.850000000000004,NEUTRAL,NEUTRAL,460.6499938964844,58.239849456034804,450.03511887284185,445.6392561895899,442.7010943647817,0.9864172920578167,0.6636897586675493,1.6566538012704795,0.9864172920578167,0.6636897586675493,1.6566538012704795,3.1545703574817594,2.5936848391915808,0.5608855182901786,0.12175958443976856,0.12175958443976856,1.5737780005946775,2.3586770406337503,2.3586770406337503,2.0,2.0,0.0,15.0,15.0,0.0,LENSKART.BO
EMA_MACD,LENSKART,BSE,2026-04-10,2026-04-13,2026-04-20,LONG,535.8499755859375,522.453726196289,562.6424743652344,522.453726196289,STOP_LOSS,5,-2.500000000000002,-2.650000000000002,BEAR,BEAR,547.0999755859375,64.3577213349584,519.6460339311885,510.1576652395639,504.7577950412568,1.8598894691053944,1.0697943154826832,2.949580776402828,1.8598894691053944,1.0697943154826832,2.949580776402828,5.917148623506137,3.918955173020765,1.9981934504853718,0.36523369395974303,0.36523369395974303,1.07982701582044,5.283200459947015,5.283200459947015,1.0,2.0,0.0,0.0,2.0,0.0,LENSKART.BO
EMA_MACD,LENSKART,BSE,2026-06-12,2026-06-15,2026-06-19,SHORT,507.75,520.4437499999999,482.3625,520.4437499999999,STOP_LOSS,5,-2.4390243902438824,-2.5890243902438823,BEAR,BEAR,494.04998779296875,42.34390047649965,500.9860236492659,505.1958796379677,505.97744172439064,-0.8333116239425113,-0.15446579668835222,-0.9864902391920443,0.8333116239425113,0.15446579668835222,0.9864902391920443,-0.9447579566677291,0.6067734585814686,-1.5515314152491977,-0.31404340726334873,0.31404340726334873,0.1462852211504065,-1.3844769172948026,1.3844769172948026,3.0,2.0,2.0,26.0,26.0,2.0,LENSKART.BO
EMA_MACD,LENSKART,BSE,2026-06-22,2026-06-23,2026-06-24,LONG,521.0999755859375,508.0724761962891,547.1549743652344,508.0724761962891,STOP_LOSS,2,-2.500000000000002,-2.650000000000002,BEAR,BEAR,516.7999877929688,57.54986372965864,509.78737693621713,507.06236363183496,506.5481973429596,0.5374118648570684,0.10150392234585862,0.639461281324909,0.5374118648570684,0.10150392234585862,0.639461281324909,0.6264420752487467,-0.22451208531554284,0.8509541605642896,0.16465831669198566,0.16465831669198566,0.5387388334540113,1.3755952332317194,1.3755952332317194,1.0,1.0,1.0,43.0,43.0,1.0,LENSKART.BO
CURRENT,LENSKART,NSE,2026-04-10,2026-04-13,2026-04-15,LONG,530.0,516.75,556.5,556.5,TARGET,2,5.000000000000004,4.850000000000004,BEAR,BEAR,547.5499877929688,64.80884687823495,519.7112974589711,510.07784895811983,504.62368662475586,1.8886231818394903,1.0808375583486527,2.9898736888731436,1.8886231818394903,1.0808375583486527,2.9898736888731436,5.98263564513752,3.9196446167899524,2.062991028347568,0.37676761470910575,0.37676761470910575,1.8618602105621873,5.356568246661097,5.356568246661097,1.0,2.0,0.0,0.0,2.0,0.0,LENSKART.NS
EMA_MACD,LENSKART,NSE,2026-02-03,2026-02-04,2026-02-10,LONG,451.0499877929688,439.7737380981445,473.6024871826172,473.6024871826172,TARGET,5,5.000000000000004,4.850000000000004,NEUTRAL,NEUTRAL,459.29998779296875,57.857286067482484,449.6549032161724,445.7214620104749,443.17484010682386,0.8824886259582979,0.5746314260613713,1.4621911089958428,0.8824886259582979,0.5746314260613713,1.4621911089958428,2.7202237662988296,2.2721409309758354,0.4480828353229942,0.09755777209490571,0.09755777209490571,1.4349743072570535,2.144997087279503,2.144997087279503,2.0,2.0,0.0,13.0,13.0,0.0,LENSKART.NS
EMA_MACD,LENSKART,NSE,2026-04-10,2026-04-13,2026-04-15,LONG,530.0,516.75,556.5,556.5,TARGET,2,5.000000000000004,4.850000000000004,BEAR,BEAR,547.5499877929688,64.80884687823495,519.7112974589711,510.07784895811983,504.62368662475586,1.8886231818394903,1.0808375583486527,2.9898736888731436,1.8886231818394903,1.0808375583486527,2.9898736888731436,5.98263564513752,3.9196446167899524,2.062991028347568,0.37676761470910575,0.37676761470910575,1.8618602105621873,5.356568246661097,5.356568246661097,1.0,2.0,0.0,0.0,2.0,0.0,LENSKART.NS
EMA_MACD,LENSKART,NSE,2026-05-28,2026-05-29,2026-06-05,LONG,519.5,506.5125,545.475,506.5125,STOP_LOSS,6,-2.500000000000002,-2.650000000000002,UNKNOWN,UNKNOWN,521.0,58.45561515859319,513.0590150063682,503.99152281404264,503.9475973404447,1.7991358548447647,0.008716278007822988,1.8080089505354346,1.7991358548447647,0.008716278007822988,1.8080089505354346,0.4529611901055546,-4.269753651777058,4.722714841882612,0.906471178864225,0.906471178864225,0.0,1.547772236987829,1.547772236987829,4.0,2.0,4.0,27.0,27.0,2.0,LENSKART.NS
EMA_MACD,LENSKART,NSE,2026-06-12,2026-06-15,2026-06-19,SHORT,506.0,518.65,480.7,518.65,STOP_LOSS,5,-2.439024390243893,-2.5890243902438934,BEAR,BEAR,494.1000061035156,42.09490400159336,500.94552672566283,505.20771883345424,505.99432314175084,-0.8436514227520092,-0.1554571409838211,-0.9977970473541508,0.8436514227520092,0.1554571409838211,0.9977970473541508,-0.9525427155921307,0.6311456380123363,-1.583688353604467,-0.3205198004536513,0.3205198004536513,0.4882817980237118,-1.3665199621387332,1.3665199621387332,3.0,2.0,3.0,26.0,26.0,2.0,LENSKART.NS
EMA_MACD,LENSKART,NSE,2026-06-22,2026-06-23,2026-06-24,LONG,519.5499877929688,506.5612380981445,545.5274871826172,506.5612380981445,STOP_LOSS,2,-2.500000000000002,-2.650000000000002,BEAR,BEAR,517.0,57.88627281419151,509.6861639774267,507.0076764539848,506.5249453171735,0.5282932878206623,0.09530253964274862,0.6240993043834661,0.5282932878206623,0.09530253964274862,0.6240993043834661,0.5901362257031906,-0.2377821903645878,0.8279184160677784,0.16013895862046004,0.16013895862046004,0.773632131455672,1.434968523669247,1.434968523669247,1.0,1.0,1.0,44.0,44.0,1.0,LENSKART.NS
CURRENT,LICI,NSE,2024-12-18,2024-12-19,2024-12-30,SHORT,447.5,458.6875,425.125,458.6875,STOP_LOSS,7,-2.439024390243893,-2.5890243902438934,NEUTRAL,NEUTRAL,453.2250061035156,38.96089257896793,461.4112413151635,467.8229630590455,468.89973669151664,-1.3705444687786146,-0.22963835298110674,-1.5970355260147444,1.3705444687786146,0.22963835298110674,1.5970355260147444,-1.3541920192808448,1.3151034545825548,-2.6692954738633996,-0.5889559132696527,0.5889559132696527,0.6832793749539028,-1.7741733357675937,1.7741733357675937,4.0,3.0,3.0,0.0,4.0,0.0,LICI.NS
CURRENT,LICI,NSE,2025-04-21,2025-04-22,2025-04-25,LONG,410.0,399.75,430.5,399.75,STOP_LOSS,4,-2.500000000000002,-2.650000000000002,NEUTRAL,NEUTRAL,408.75,60.46690974615973,400.1363145483738,395.9598634807528,393.6196137725158,1.0547662661834378,0.5945460099936796,1.6555833469274701,1.0547662661834378,0.5945460099936796,1.6555833469274701,2.666160967407336,1.4351719820042057,1.2309889854031304,0.3011593848081053,0.3011593848081053,1.0597862616016223,2.152687756258346,2.152687756258346,2.0,2.0,1.0,0.0,2.0,0.0,LICI.NS
CURRENT,LICI,NSE,2025-05-15,2025-05-16,2025-05-28,LONG,421.5,410.9625,442.5750000000001,442.5750000000001,TARGET,9,5.000000000000004,4.850000000000004,NEUTRAL,NEUTRAL,420.1499938964844,62.719798614955096,410.80304736746143,404.66481971477833,401.0786648728071,1.5168671338935598,0.8941275505413605,2.42455741138417,1.5168671338935598,0.8941275505413605,2.42455741138417,4.011773715869879,2.3101896834732436,1.7015840323966351,0.404994420353572,0.404994420353572,1.1980872916851255,2.2752865610225483,2.2752865610225483,3.0,3.0,2.0,0.0,3.0,0.0,LICI.NS
CURRENT,LICI,NSE,2026-05-25,2026-05-26,2026-05-27,LONG,420.8500061035156,410.3287559509277,441.8925064086914,410.3287559509277,STOP_LOSS,2,-2.5000000000000133,-2.650000000000013,BEAR,BEAR,418.6749877929688,63.10548584372038,407.5257665473099,403.3966307825108,402.2968000516899,1.0235920306992643,0.27338788940890646,1.2997782967570575,1.0235920306992643,0.27338788940890646,1.2997782967570575,1.3028423503486124,-0.12462319364479191,1.4274655439934043,0.3409483694065989,0.3409483694065989,2.098877383734607,2.7358322248231604,2.7358322248231604,1.0,1.0,1.0,0.0,1.0,0.0,LICI.NS
CURRENT,LICI,NSE,2026-06-17,2026-06-18,2026-06-19,LONG,419.7000122070313,409.2075119018555,440.68501281738287,440.68501281738287,TARGET,2,5.000000000000004,4.850000000000004,BEAR,BEAR,418.1499938964844,60.143321425644075,408.7639849967875,405.11204825997936,404.2981512290774,0.9014633735268486,0.20131109391118568,1.1045892132164898,0.9014633735268486,0.20131109391118568,1.1045892132164898,0.9553084908074538,-0.16093874025426508,1.1162472310617189,0.26694900092191626,0.26694900092191626,0.6760148616568104,2.2961927283712766,2.2961927283712766,1.0,1.0,1.0,0.0,1.0,0.0,LICI.NS
EMA_MACD,LICI,NSE,2024-12-18,2024-12-19,2024-12-30,SHORT,447.5,458.6875,425.125,458.6875,STOP_LOSS,7,-2.439024390243893,-2.5890243902438934,NEUTRAL,NEUTRAL,453.2250061035156,38.96089257896793,461.4112413151635,467.8229630590455,468.89973669151664,-1.3705444687786146,-0.22963835298110674,-1.5970355260147444,1.3705444687786146,0.22963835298110674,1.5970355260147444,-1.3541920192808448,1.3151034545825548,-2.6692954738633996,-0.5889559132696527,0.5889559132696527,0.6832793749539028,-1.7741733357675937,1.7741733357675937,4.0,3.0,3.0,0.0,4.0,0.0,LICI.NS
EMA_MACD,LICI,NSE,2025-04-17,2025-04-21,2025-05-06,LONG,402.0,391.95,422.1,391.95,STOP_LOSS,11,-2.500000000000002,-2.650000000000002,NEUTRAL,NEUTRAL,401.6000061035156,56.474768335303786,395.8294718225606,393.8281740608782,392.409182874317,0.5081652084578978,0.36161008673838,0.8716128718473567,0.5081652084578978,0.36161008673838,0.8716128718473567,1.610369091046664,1.127424735653423,0.4829443553932409,0.12025506674637801,0.12025506674637801,0.8811586584821391,1.4578334085092557,1.4578334085092557,1.0,1.0,0.0,9.0,9.0,0.0,LICI.NS
EMA_MACD,LICI,NSE,2025-05-13,2025-05-14,2025-05-20,LONG,413.2000122070313,402.8700119018555,433.8600128173829,433.8600128173829,TARGET,5,5.000000000000004,4.850000000000004,NEUTRAL,NEUTRAL,413.2000122070313,59.66813253906106,403.6443581026669,400.5812825591015,398.6291947467047,0.7646576804580143,0.4897001619856804,1.2581023723435334,0.7646576804580143,0.4897001619856804,1.2581023723435334,2.1326576987538033,1.656147326040561,0.47651037271324226,0.11532196481990656,0.11532196481990656,1.2039643397562565,2.367344894718912,2.367344894718912,1.0,1.0,0.0,15.0,15.0,0.0,LICI.NS
EMA_MACD,LICI,NSE,2025-10-29,2025-10-30,2025-11-14,LONG,455.4249877929688,444.0393630981446,478.19623718261727,454.7250061035156,TIME_EXIT,11,-0.1536985690761882,-0.3036985690761883,BULL,BULL,454.375,58.28855663453543,450.2799401969217,448.8060907820571,447.86336585212916,0.32839336299923944,0.21049386973954431,0.5395784806365287,0.32839336299923944,0.21049386973954431,0.5395784806365287,1.035262300260456,0.7695513486152504,0.26571095164520553,0.05847833873897233,0.05847833873897233,1.6345672008042755,0.9094475319703118,0.9094475319703118,1.0,2.0,0.0,15.0,15.0,0.0,LICI.NS
EMA_MACD,LICI,NSE,2026-03-05,2026-03-06,2026-03-13,SHORT,415.5,425.8875,394.725,394.725,TARGET,6,5.2631578947368585,5.113157894736858,BEAR,BEAR,416.4750061035156,41.18958894547653,421.54289149114436,427.65774755083214,427.89144360101136,-1.4298480723679534,-0.05461573342352919,-1.4836828837799165,1.4298480723679534,0.05461573342352919,1.4836828837799165,-0.5205548480702191,2.545071215261602,-3.065626063331821,-0.7360888452859171,0.7360888452859171,0.6072517360325087,-1.2022229504812323,1.2022229504812323,3.0,2.0,4.0,1.0,4.0,1.0,LICI.NS
EMA_MACD,LICI,NSE,2026-05-25,2026-05-26,2026-05-27,LONG,420.8500061035156,410.3287559509277,441.8925064086914,410.3287559509277,STOP_LOSS,2,-2.5000000000000133,-2.650000000000013,BEAR,BEAR,418.6749877929688,63.10548584372038,407.5257665473099,403.3966307825108,402.2968000516899,1.0235920306992643,0.27338788940890646,1.2997782967570575,1.0235920306992643,0.27338788940890646,1.2997782967570575,1.3028423503486124,-0.12462319364479191,1.4274655439934043,0.3409483694065989,0.3409483694065989,2.098877383734607,2.7358322248231604,2.7358322248231604,1.0,1.0,1.0,0.0,1.0,0.0,LICI.NS
EMA_MACD,LICI,NSE,2026-06-08,2026-06-09,2026-06-15,SHORT,396.6499938964844,406.5662437438965,376.8174942016601,406.5662437438965,STOP_LOSS,5,-2.439024390243893,-2.5890243902438934,BEAR,BEAR,395.5,42.9973877957619,400.0115767573199,403.5407688401405,403.8866864466945,-0.8745565145658583,-0.08564719218583379,-0.9594546736528882,0.8745565145658583,0.08564719218583379,0.9594546736528882,-0.5113182417717894,1.095734818336357,-1.6070530601081465,-0.4063345284723506,0.4063345284723506,0.54307210596724,-1.127861546881432,1.127861546881432,4.0,2.0,4.0,48.0,48.0,2.0,LICI.NS
EMA_MACD,LICI,NSE,2026-06-17,2026-06-18,2026-06-19,LONG,419.7000122070313,409.2075119018555,440.68501281738287,440.68501281738287,TARGET,2,5.000000000000004,4.850000000000004,BEAR,BEAR,418.1499938964844,60.143321425644075,408.7639849967875,405.11204825997936,404.2981512290774,0.9014633735268486,0.20131109391118568,1.1045892132164898,0.9014633735268486,0.20131109391118568,1.1045892132164898,0.9553084908074538,-0.16093874025426508,1.1162472310617189,0.26694900092191626,0.26694900092191626,0.6760148616568104,2.2961927283712766,2.2961927283712766,1.0,1.0,1.0,0.0,1.0,0.0,LICI.NS
CURRENT,LLOYDSENGG,BSE,2024-12-03,2024-12-04,2024-12-16,LONG,79.01000213623047,77.03475208282471,82.960502243042,82.960502243042,TARGET,9,5.000000000000004,4.850000000000004,NEUTRAL,NEUTRAL,78.7300033569336,63.66603362231909,75.964679916215,73.48377686388388,73.37462842200762,3.3761234903951354,0.14875501821760528,3.5299006617259265,3.3761234903951354,0.14875501821760528,3.5299006617259265,0.23156220595572563,-1.003866858829106,1.2354290647848316,1.5691972718251255,1.5691972718251255,0.6975248118527784,3.6402752486663457,3.6402752486663457,3.0,2.0,4.0,1.0,4.0,1.0,LLOYDSENGG.BO
CURRENT,LLOYDSENGG,BSE,2025-01-03,2025-01-06,2025-01-06,LONG,85.4800033569336,83.34300327301025,89.75400352478027,83.34300327301025,STOP_LOSS,1,-2.500000000000002,-2.650000000000002,NEUTRAL,NEUTRAL,85.37000274658203,67.10277372414293,79.47537346127024,78.00450376259556,77.30554934172899,1.8856215061007566,0.9041452092615554,2.8068154718745277,1.8856215061007566,0.9041452092615554,2.8068154718745277,0.7679274196391219,0.49527540304910694,0.272652016590015,0.3193768394261077,0.3193768394261077,6.093454686268604,7.416925556423276,7.416925556423276,0.0,0.0,0.0,0.0,0.0,0.0,LLOYDSENGG.BO
CURRENT,LLOYDSENGG,BSE,2025-01-07,2025-01-08,2025-01-10,LONG,86.0999984741211,83.94749851226807,90.40499839782716,83.94749851226807,STOP_LOSS,3,-2.500000000000002,-2.650000000000002,NEUTRAL,NEUTRAL,85.9800033569336,62.57108596518687,81.63350050291481,79.31841144455164,78.09381143362666,2.9187284719910935,1.5681140265074622,4.532611489063515,2.9187284719910935,1.5681140265074622,4.532611489063515,1.3726428984424643,0.7225858954675332,0.6500570029749312,0.7560560334899188,0.7560560334899188,3.017911269108906,5.3244107226096276,5.3244107226096276,2.0,2.0,2.0,0.0,2.0,0.0,LLOYDSENGG.BO
CURRENT,LLOYDSENGG,BSE,2025-05-06,2025-05-07,2025-05-07,SHORT,48.7599983215332,49.97899827957153,46.32199840545654,49.97899827957153,STOP_LOSS,1,-2.439024390243893,-2.5890243902438934,NEUTRAL,NEUTRAL,52.06999969482422,38.44093050076255,54.50015830340079,56.756214894025035,58.021126571343544,-3.9749947998412978,-2.180088102500313,-6.068424513635265,3.9749947998412978,2.180088102500313,6.068424513635265,-1.4161485873808033,-0.731695693982916,-0.6844528933978873,-1.3144860714603044,1.3144860714603044,0.3401731209033977,-4.45899366942743,4.45899366942743,3.0,3.0,3.0,0.0,3.0,0.0,LLOYDSENGG.BO
CURRENT,LLOYDSENGG,BSE,2025-06-26,2025-06-27,2025-06-27,LONG,64.51000213623047,62.89725208282471,67.73550224304199,67.73550224304199,TARGET,1,5.000000000000004,4.850000000000004,BULL,BULL,64.25,63.07204416896461,60.45322230278144,59.4687857255846,58.62803026269332,1.6553836860558515,1.43405033245041,3.1131730537594753,1.6553836860558515,1.43405033245041,3.1131730537594753,0.9141188222588426,0.8235661625555362,0.09055265970330639,0.1409379917561189,0.1409379917561189,4.251137196600831,6.280521620836529,6.280521620836529,0.0,2.0,0.0,0.0,2.0,0.0,LLOYDSENGG.BO
CURRENT,LLOYDSENGG,BSE,2026-01-09,2026-01-12,2026-01-13,SHORT,51.060001373291016,52.33650140762329,48.50700130462646,52.33650140762329,STOP_LOSS,2,-2.439024390243893,-2.5890243902438934,BULL,BULL,50.9900016784668,34.59937985699656,53.42809235894076,54.60882216179018,54.837381711077505,-2.162159438911278,-0.4167951535168848,-2.5699428166754728,2.162159438911278,0.4167951535168848,2.5699428166754728,-0.2737835970723168,0.14811271933705178,-0.4218963164093686,-0.8274098892362587,0.8274098892362587,0.9389492108011456,-4.563312244229824,4.563312244229824,2.0,1.0,1.0,1.0,2.0,1.0,LLOYDSENGG.BO
EMA_MACD,LLOYDSENGG,BSE,2024-12-03,2024-12-04,2024-12-16,LONG,79.01000213623047,77.03475208282471,82.960502243042,82.960502243042,TARGET,9,5.000000000000004,4.850000000000004,NEUTRAL,NEUTRAL,78.7300033569336,63.66603362231909,75.964679916215,73.48377686388388,73.37462842200762,3.3761234903951354,0.14875501821760528,3.5299006617259265,3.3761234903951354,0.14875501821760528,3.5299006617259265,0.23156220595572563,-1.003866858829106,1.2354290647848316,1.5691972718251255,1.5691972718251255,0.6975248118527784,3.6402752486663457,3.6402752486663457,3.0,2.0,4.0,1.0,4.0,1.0,LLOYDSENGG.BO
EMA_MACD,LLOYDSENGG,BSE,2025-01-03,2025-01-06,2025-01-06,LONG,85.4800033569336,83.34300327301025,89.75400352478027,83.34300327301025,STOP_LOSS,1,-2.500000000000002,-2.650000000000002,NEUTRAL,NEUTRAL,85.37000274658203,67.10277372414293,79.47537346127024,78.00450376259556,77.30554934172899,1.8856215061007566,0.9041452092615554,2.8068154718745277,1.8856215061007566,0.9041452092615554,2.8068154718745277,0.7679274196391219,0.49527540304910694,0.272652016590015,0.3193768394261077,0.3193768394261077,6.093454686268604,7.416925556423276,7.416925556423276,0.0,0.0,0.0,0.0,0.0,0.0,LLOYDSENGG.BO
EMA_MACD,LLOYDSENGG,BSE,2025-01-29,2025-01-30,2025-02-03,SHORT,77.69000244140625,79.6322525024414,73.80550231933593,73.80550231933593,TARGET,3,5.2631578947368585,5.113157894736858,NEUTRAL,NEUTRAL,76.54000091552734,43.96529525151348,78.05030337629367,80.24503598764379,80.290641355238,-2.735038478502354,-0.05680035284863329,-2.790285319844652,2.735038478502354,0.05680035284863329,2.790285319844652,-0.15193078425953388,0.9483137976909092,-1.100244581950443,-1.4374765727592786,1.4374765727592786,0.6588867956252048,-1.9350372713926596,1.9350372713926596,2.0,1.0,4.0,1.0,4.0,1.0,LLOYDSENGG.BO
EMA_MACD,LLOYDSENGG,BSE,2025-04-30,2025-05-02,2025-05-06,SHORT,54.9900016784668,56.36475172042847,52.24050159454345,52.24050159454345,TARGET,3,5.2631578947368585,5.113157894736858,NEUTRAL,NEUTRAL,54.40999984741211,41.59710668125233,58.004284121389745,58.864035617554606,59.269425519952044,-1.4605717857177698,-0.6839781199852705,-2.1345599142620526,1.4605717857177698,0.6839781199852705,2.1345599142620526,-0.4255513432859246,-0.3407642308764192,-0.08478711240950537,-0.155830017730717,0.155830017730717,0.8578609300947685,-6.196584146191025,6.196584146191025,0.0,0.0,0.0,12.0,12.0,0.0,LLOYDSENGG.BO
EMA_MACD,LLOYDSENGG,BSE,2025-06-26,2025-06-27,2025-06-27,LONG,64.51000213623047,62.89725208282471,67.73550224304199,67.73550224304199,TARGET,1,5.000000000000004,4.850000000000004,BULL,BULL,64.25,63.07204416896461,60.45322230278144,59.4687857255846,58.62803026269332,1.6553836860558515,1.43405033245041,3.1131730537594753,1.6553836860558515,1.43405033245041,3.1131730537594753,0.9141188222588426,0.8235661625555362,0.09055265970330639,0.1409379917561189,0.1409379917561189,4.251137196600831,6.280521620836529,6.280521620836529,0.0,2.0,0.0,0.0,2.0,0.0,LLOYDSENGG.BO
EMA_MACD,LLOYDSENGG,BSE,2026-01-09,2026-01-12,2026-01-13,SHORT,51.060001373291016,52.33650140762329,48.50700130462646,52.33650140762329,STOP_LOSS,2,-2.439024390243893,-2.5890243902438934,BULL,BULL,50.9900016784668,34.59937985699656,53.42809235894076,54.60882216179018,54.837381711077505,-2.162159438911278,-0.4167951535168848,-2.5699428166754728,2.162159438911278,0.4167951535168848,2.5699428166754728,-0.2737835970723168,0.14811271933705178,-0.4218963164093686,-0.8274098892362587,0.8274098892362587,0.9389492108011456,-4.563312244229824,4.563312244229824,2.0,1.0,1.0,1.0,2.0,1.0,LLOYDSENGG.BO
EMA_MACD,LLOYDSENGG,BSE,2026-02-24,2026-02-25,2026-02-25,SHORT,48.900001525878906,50.12250156402588,46.45500144958496,50.12250156402588,STOP_LOSS,1,-2.439024390243893,-2.5890243902438934,NEUTRAL,NEUTRAL,48.88999938964844,43.821915217649064,50.064658798574584,50.745499629341055,50.77526506116196,-1.34167726348054,-0.05862191321906682,-1.3995126598185292,1.34167726348054,0.05862191321906682,1.3995126598185292,-0.03305048600663696,0.1537067436891175,-0.18675722969575445,-0.38199474744787354,0.38199474744787354,0.03152162468110319,-2.346284658909112,2.346284658909112,1.0,1.0,1.0,31.0,31.0,1.0,LLOYDSENGG.BO
CURRENT,MAHABANK,BSE,2024-11-14,2024-11-18,2024-11-18,SHORT,50.560001373291016,51.824001407623285,48.03200130462646,51.824001407623285,STOP_LOSS,1,-2.439024390243893,-2.5890243902438934,NEUTRAL,NEUTRAL,50.52000045776367,37.15725011300596,51.86123361039019,52.938348587133945,53.842537237244954,-2.0346591941206458,-1.6793202856078406,-3.6798110351386333,2.0346591941206458,1.6793202856078406,3.6798110351386333,-0.9738539904063757,-0.8610727740000297,-0.11278121640634597,-0.22324072720592048,0.22324072720592048,0.9095688506079684,-2.586196006640699,2.586196006640699,2.0,3.0,0.0,1.0,3.0,0.0,MAHABANK.BO
CURRENT,MAHABANK,BSE,2024-11-28,2024-11-29,2024-12-05,LONG,56.83000183105469,55.40925178527832,59.67150192260743,59.67150192260743,TARGET,5,5.000000000000004,4.850000000000004,NEUTRAL,NEUTRAL,56.81999969482422,60.03808105489912,55.18270617339948,54.00573379913797,53.974965913520315,2.1793470645894577,0.05700399267866775,2.2375933721092665,2.1793470645894577,0.05700399267866775,2.2375933721092665,0.09327673887555221,-0.5019840767597434,0.5952608156352956,1.0476255171284672,1.0476255171284672,1.307113297453115,2.9670410078837093,2.9670410078837093,3.0,2.0,4.0,0.0,4.0,0.0,MAHABANK.BO
CURRENT,MAHABANK,BSE,2025-04-21,2025-04-22,2025-04-23,LONG,51.5,50.2125,54.075,50.2125,STOP_LOSS,2,-2.500000000000002,-2.650000000000002,NEUTRAL,NEUTRAL,50.91999816894531,64.6218583905146,48.31234288392052,47.169441134378964,47.08327736173602,2.422970724384024,0.1830029205081737,2.610407752080879,2.422970724384024,0.1830029205081737,2.610407752080879,0.14082682205177122,-0.3695596316098931,0.5103864536616642,1.0023300707283502,1.0023300707283502,1.5219733951745889,5.397492916644867,5.397492916644867,2.0,1.0,3.0,0.0,3.0,0.0,MAHABANK.BO
CURRENT,MAHABANK,BSE,2025-11-19,2025-11-20,2025-11-20,LONG,61.4900016784668,59.95275163650513,64.56450176239014,59.95275163650513,STOP_LOSS,1,-2.500000000000002,-2.650000000000002,BULL,BULL,61.119998931884766,60.76567410423723,59.78908846811283,59.012843610719166,58.453058706215515,1.3153829063283196,0.9576657182597141,2.285645595745788,1.3153829063283196,0.9576657182597141,2.285645595745788,0.6100801599768673,0.4780488144283808,0.13203134554848645,0.21601987541856618,0.21601987541856618,1.4911074439106764,2.22600895560023,2.22600895560023,2.0,2.0,1.0,0.0,2.0,0.0,MAHABANK.BO
EMA_MACD,MAHABANK,BSE,2024-11-14,2024-11-18,2024-11-18,SHORT,50.560001373291016,51.824001407623285,48.03200130462646,51.824001407623285,STOP_LOSS,1,-2.439024390243893,-2.5890243902438934,NEUTRAL,NEUTRAL,50.52000045776367,37.15725011300596,51.86123361039019,52.938348587133945,53.842537237244954,-2.0346591941206458,-1.6793202856078406,-3.6798110351386333,2.0346591941206458,1.6793202856078406,3.6798110351386333,-0.9738539904063757,-0.8610727740000297,-0.11278121640634597,-0.22324072720592048,0.22324072720592048,0.9095688506079684,-2.586196006640699,2.586196006640699,2.0,3.0,0.0,1.0,3.0,0.0,MAHABANK.BO
EMA_MACD,MAHABANK,BSE,2024-11-28,2024-11-29,2024-12-05,LONG,56.83000183105469,55.40925178527832,59.67150192260743,59.67150192260743,TARGET,5,5.000000000000004,4.850000000000004,NEUTRAL,NEUTRAL,56.81999969482422,60.03808105489912,55.18270617339948,54.00573379913797,53.974965913520315,2.1793470645894577,0.05700399267866775,2.2375933721092665,2.1793470645894577,0.05700399267866775,2.2375933721092665,0.09327673887555221,-0.5019840767597434,0.5952608156352956,1.0476255171284672,1.0476255171284672,1.307113297453115,2.9670410078837093,2.9670410078837093,3.0,2.0,4.0,0.0,4.0,0.0,MAHABANK.BO
EMA_MACD,MAHABANK,BSE,2025-04-21,2025-04-22,2025-04-23,LONG,51.5,50.2125,54.075,50.2125,STOP_LOSS,2,-2.500000000000002,-2.650000000000002,NEUTRAL,NEUTRAL,50.91999816894531,64.6218583905146,48.31234288392052,47.169441134378964,47.08327736173602,2.422970724384024,0.1830029205081737,2.610407752080879,2.422970724384024,0.1830029205081737,2.610407752080879,0.14082682205177122,-0.3695596316098931,0.5103864536616642,1.0023300707283502,1.0023300707283502,1.5219733951745889,5.397492916644867,5.397492916644867,2.0,1.0,3.0,0.0,3.0,0.0,MAHABANK.BO
EMA_MACD,MAHABANK,BSE,2025-11-18,2025-11-19,2025-11-21,LONG,60.5,58.9875,63.525000000000006,58.9875,STOP_LOSS,3,-2.500000000000002,-2.650000000000002,BULL,BULL,60.43000030517578,58.66004065848687,59.12363323622685,58.66165105719156,58.23970348816198,0.7875369525226694,0.7245015749699866,1.5177442451171534,0.7875369525226694,0.7245015749699866,1.5177442451171534,0.44946082063179205,0.44504097804125914,0.0044198425905329075,0.0073139873708628,0.0073139873708628,1.9060652970947716,2.209551405153632,2.209551405153632,1.0,1.0,0.0,14.0,14.0,0.0,MAHABANK.BO
EMA_MACD,MAHABANK,BSE,2026-04-09,2026-04-10,2026-04-13,LONG,70.30999755859375,68.5522476196289,73.82549743652343,68.5522476196289,STOP_LOSS,2,-2.5000000000000133,-2.650000000000013,BEAR,BEAR,70.05000305175781,58.281118376136746,67.96438861481177,66.36689541219138,66.2262803525811,2.4070633298403923,0.21232516587322267,2.624499296921372,2.4070633298403923,0.21232516587322267,2.624499296921372,0.2081137156771291,-0.5005869216643669,0.708700637341496,1.0117067901022914,1.0117067901022914,1.333021067409355,3.068687116081139,3.068687116081139,3.0,1.0,3.0,33.0,33.0,1.0,MAHABANK.BO
CURRENT,MAHABANK,NSE,2024-11-14,2024-11-18,2024-11-18,SHORT,50.5,51.7625,47.975,51.7625,STOP_LOSS,1,-2.439024390243893,-2.5890243902438934,NEUTRAL,NEUTRAL,50.5,37.08638019962896,51.84680694719441,52.932414802060386,53.837479478449964,-2.0509320402735898,-1.6811052173270058,-3.697558932067725,2.0509320402735898,1.6811052173270058,3.697558932067725,-0.9750347627479812,-0.8589439890652099,-0.11609077368277132,-0.2298827201639036,0.2298827201639036,0.664093985393085,-2.5976661370219425,2.5976661370219425,2.0,3.0,0.0,1.0,3.0,0.0,MAHABANK.NS
CURRENT,MAHABANK,NSE,2025-04-21,2025-04-22,2025-04-23,LONG,51.59999847412109,50.30999851226806,54.17999839782714,50.30999851226806,STOP_LOSS,2,-2.500000000000002,-2.650000000000002,NEUTRAL,NEUTRAL,50.900001525878906,64.74339711902243,48.3077172127983,47.15847112478969,47.059906760634675,2.4369875880146763,0.20944445269803508,2.651536176028748,2.4369875880146763,0.20944445269803508,2.651536176028748,0.1545047437085998,-0.3569149052796326,0.5114196489882323,1.0047537007011937,1.0047537007011937,1.93552846346596,5.366190875179304,5.366190875179304,2.0,1.0,3.0,0.0,3.0,0.0,MAHABANK.NS
CURRENT,MAHABANK,NSE,2025-11-19,2025-11-20,2025-11-20,LONG,61.400001525878906,59.86500148773193,64.47000160217286,59.86500148773193,STOP_LOSS,1,-2.500000000000002,-2.650000000000002,BULL,BULL,61.13999938964844,60.535007284015585,59.796911488157505,59.01929231334411,58.46119263042888,1.3175677720513395,0.9546498417220753,2.2847957724238843,1.3175677720513395,0.9546498417220753,2.2847957724238843,0.6082148443616973,0.475801395421578,0.13241344894011925,0.21657417445532073,0.21657417445532073,1.4670541471955774,2.2460823946683672,2.2460823946683672,2.0,2.0,1.0,0.0,2.0,0.0,MAHABANK.NS
EMA_MACD,MAHABANK,NSE,2024-11-14,2024-11-18,2024-11-18,SHORT,50.5,51.7625,47.975,51.7625,STOP_LOSS,1,-2.439024390243893,-2.5890243902438934,NEUTRAL,NEUTRAL,50.5,37.08638019962896,51.84680694719441,52.932414802060386,53.837479478449964,-2.0509320402735898,-1.6811052173270058,-3.697558932067725,2.0509320402735898,1.6811052173270058,3.697558932067725,-0.9750347627479812,-0.8589439890652099,-0.11609077368277132,-0.2298827201639036,0.2298827201639036,0.664093985393085,-2.5976661370219425,2.5976661370219425,2.0,3.0,0.0,1.0,3.0,0.0,MAHABANK.NS
EMA_MACD,MAHABANK,NSE,2024-11-28,2024-11-29,2024-12-12,LONG,57.0,55.575,59.85,55.575,STOP_LOSS,10,-2.500000000000002,-2.650000000000002,NEUTRAL,NEUTRAL,56.79999923706055,59.97569438027264,55.17562216023583,54.00069745710866,53.97054558439065,2.1757583854549045,0.05586727425399353,2.2328411966132045,2.1757583854549045,0.05586727425399353,2.2328411966132045,0.09250731374551435,-0.501689027384909,0.5941963411304233,1.0461203329431128,1.0461203329431128,1.510373789797431,2.9440122525621044,2.9440122525621044,3.0,2.0,4.0,,4.0,2.0,MAHABANK.NS
EMA_MACD,MAHABANK,NSE,2025-04-21,2025-04-22,2025-04-23,LONG,51.59999847412109,50.30999851226806,54.17999839782714,50.30999851226806,STOP_LOSS,2,-2.500000000000002,-2.650000000000002,NEUTRAL,NEUTRAL,50.900001525878906,64.74339711902243,48.3077172127983,47.15847112478969,47.059906760634675,2.4369875880146763,0.20944445269803508,2.651536176028748,2.4369875880146763,0.20944445269803508,2.651536176028748,0.1545047437085998,-0.3569149052796326,0.5114196489882323,1.0047537007011937,1.0047537007011937,1.93552846346596,5.366190875179304,5.366190875179304,2.0,1.0,3.0,0.0,3.0,0.0,MAHABANK.NS
EMA_MACD,MAHABANK,NSE,2025-11-18,2025-11-19,2025-11-21,LONG,60.45000076293945,58.93875074386597,63.472500801086426,58.93875074386597,STOP_LOSS,3,-2.500000000000002,-2.650000000000002,BULL,BULL,60.43000030517578,58.41129503428628,59.12536753741203,58.66584113396005,58.24688808969132,0.7832946644414073,0.7192711198984726,1.5081997966449128,0.7832946644414073,0.7192711198984726,1.5081997966449128,0.4460481278523787,0.44269803318654816,0.0033500946658305275,0.005543760795817164,0.005543760795817164,1.169041433426927,2.206553332523866,2.206553332523866,1.0,1.0,0.0,14.0,14.0,0.0,MAHABANK.NS
EMA_MACD,MAHABANK,NSE,2026-04-09,2026-04-10,2026-04-13,LONG,70.5,68.7375,74.025,68.7375,STOP_LOSS,2,-2.500000000000002,-2.650000000000002,BEAR,BEAR,70.02999877929688,58.15859562111722,67.93750415691417,66.35362055242663,66.22332809687721,2.387034183366223,0.19674706677202913,2.5884776698768706,2.387034183366223,0.19674706677202913,2.5884776698768706,0.19675808660701932,-0.508125294436111,0.7048833810431303,1.0065448998001647,1.0065448998001647,0.7675001417020243,3.0800286945332886,3.0800286945332886,2.0,1.0,3.0,33.0,33.0,1.0,MAHABANK.NS
EMA_MACD,MEESHO,BSE,2026-06-25,2026-06-26,2026-06-29,LONG,186.4499969482422,181.7887470245361,195.7724967956543,181.7887470245361,STOP_LOSS,2,-2.500000000000002,-2.650000000000002,BEAR,BEAR,186.4499969482422,59.86316008903503,182.2606638537938,177.19087231639048,177.1435714610758,2.861203554746738,0.026701988067956418,2.8886695410464833,2.861203554746738,0.026701988067956418,2.8886695410464833,0.24825081737608912,-2.2179893517122204,2.4662401690883096,1.3227354301179894,1.3227354301179894,0.3222519337748457,2.2985393588871124,2.2985393588871124,2.0,2.0,3.0,2.0,3.0,2.0,MEESHO.BO
EMA_MACD,MEESHO,BSE,2026-08-04,2026-08-05,2026-08-06,LONG,192.8500061035156,188.0287559509277,202.4925064086914,188.0287559509277,STOP_LOSS,2,-2.5000000000000133,-2.650000000000013,BULL,BULL,191.89999389648438,58.29637780149673,187.61384379963872,186.4718256471509,185.9445889205317,0.6124346927609279,0.28354507634773723,0.8977162975258342,0.6124346927609279,0.28354507634773723,0.8977162975258342,0.5437425455251628,0.5381543705731912,0.005588174951971614,0.0029120245595140636,0.0029120245595140636,0.9525891408208804,2.2845596092701093,2.2845596092701093,0.0,1.0,0.0,17.0,17.0,0.0,MEESHO.BO
EMA_MACD,MEESHO,NSE,2026-06-26,2026-06-29,2026-06-29,LONG,185.1999969482422,180.5699970245361,194.4599967956543,194.4599967956543,TARGET,1,5.000000000000004,4.850000000000004,UNKNOWN,UNKNOWN,186.4499969482422,59.78598429511397,183.6467371330266,178.50898594731342,177.9197097441424,2.878147090718205,0.33120344228215065,3.2188830552387584,2.878147090718205,0.33120344228215065,3.2188830552387584,0.8582571251998559,-1.713027752467349,2.571284877667205,1.3790747759470245,1.3790747759470245,0.0,1.5264413944828348,1.5264413944828348,3.0,3.0,4.0,3.0,4.0,3.0,MEESHO.NS
EMA_MACD,MEESHO,NSE,2026-08-04,2026-08-05,2026-08-06,LONG,193.0,188.175,202.65,188.175,STOP_LOSS,2,-2.5000000000000133,-2.650000000000013,BULL,BULL,191.8800048828125,58.297295537773735,187.61474642506613,186.4603303891635,185.930691207196,0.6191215222526139,0.2848583945601974,0.9057435364414766,0.6191215222526139,0.2848583945601974,0.9057435364414766,0.5480759309648136,0.5305320255545971,0.017543905410216443,0.00914316498007757,0.00914316498007757,1.395651643884866,2.2734132252498216,2.2734132252498216,0.0,1.0,0.0,17.0,17.0,0.0,MEESHO.NS
CURRENT,MOREPENLAB,NSE,2024-11-14,2024-11-18,2024-11-28,SHORT,76.81999969482422,78.74049968719481,72.978999710083,78.74049968719481,STOP_LOSS,8,-2.439024390243893,-2.5890243902438934,NEUTRAL,NEUTRAL,75.61000061035156,39.96706767477773,78.17296352473898,79.9834115962066,81.57302802089706,-2.26352944358963,-1.9487034663997518,-4.168123433259171,2.26352944358963,1.9487034663997518,4.168123433259171,-1.725668260508158,-1.4918110780672844,-0.2338571824408735,-0.30929398300898403,0.30929398300898403,0.6492218323694424,-3.2785797017613714,3.2785797017613714,2.0,3.0,0.0,1.0,3.0,0.0,MOREPENLAB.NS
CURRENT,MOREPENLAB,NSE,2024-12-04,2024-12-05,2024-12-12,LONG,86.66999816894531,84.50324821472168,91.00349807739258,91.00349807739258,TARGET,6,5.000000000000004,4.850000000000004,NEUTRAL,NEUTRAL,86.3499984741211,64.06710320086121,83.21865197039317,80.28032875873708,80.13971352713195,3.660078698091155,0.17546260825793017,3.8419633758970484,3.660078698091155,0.17546260825793017,3.8419633758970484,0.2900451576895904,-1.169093386043537,1.4591385437331275,1.689795679811654,1.689795679811654,1.1943850784588803,3.7627940727061646,3.7627940727061646,3.0,2.0,4.0,2.0,4.0,2.0,MOREPENLAB.NS
CURRENT,MOREPENLAB,NSE,2024-12-26,2024-12-27,2025-01-01,SHORT,77.5999984741211,79.53999843597411,73.71999855041504,79.53999843597411,STOP_LOSS,4,-2.439024390243893,-2.5890243902438934,NEUTRAL,NEUTRAL,77.25,36.26962406968565,79.58392257628793,81.91664556291417,82.24170267693124,-2.8476788454852486,-0.39524608980189435,-3.2316695960002466,2.8476788454852486,0.39524608980189435,3.2316695960002466,-0.4424928721355599,0.6449255872294845,-1.0874184593650442,-1.4076614360712547,1.4076614360712547,0.322659161129679,-2.932655869092994,2.932655869092994,3.0,3.0,4.0,2.0,4.0,2.0,MOREPENLAB.NS
CURRENT,MOREPENLAB,NSE,2025-09-26,2025-09-29,2025-10-10,SHORT,49.0,50.225,46.55,50.225,STOP_LOSS,9,-2.439024390243893,-2.5890243902438934,BULL,BULL,48.869998931884766,36.34502837417289,50.68230708761084,51.53795958723489,51.754734569283265,-1.6602374375643325,-0.4188505338737356,-2.0721340580672583,1.6602374375643325,0.4188505338737356,2.0721340580672583,-0.2316356423321153,-0.03720172218338051,-0.19443392014873478,-0.3978594728838396,0.3978594728838396,0.7118976640438939,-3.575820162632427,3.575820162632427,1.0,1.0,0.0,0.0,1.0,0.0,MOREPENLAB.NS
CURRENT,MOREPENLAB,NSE,2026-08-04,2026-08-05,2026-08-05,LONG,73.23999786376953,71.40899791717528,76.90199775695801,76.90199775695801,TARGET,1,5.000000000000004,4.850000000000004,BULL,BULL,69.18000030517578,71.3206901595812,61.00032534134242,58.66831948972903,57.33240402468988,3.9748979890614544,2.330122882103192,6.397640878748027,3.9748979890614544,2.330122882103192,6.397640878748027,1.452095763374082,1.0402591680227753,0.4118365953513068,0.5953116414202947,0.5953116414202947,6.38036507444524,13.409231701735964,13.409231701735964,0.0,4.0,0.0,0.0,4.0,0.0,MOREPENLAB.NS
EMA_MACD,MOREPENLAB,NSE,2024-11-14,2024-11-18,2024-11-28,SHORT,76.81999969482422,78.74049968719481,72.978999710083,78.74049968719481,STOP_LOSS,8,-2.439024390243893,-2.5890243902438934,NEUTRAL,NEUTRAL,75.61000061035156,39.96706767477773,78.17296352473898,79.9834115962066,81.57302802089706,-2.26352944358963,-1.9487034663997518,-4.168123433259171,2.26352944358963,1.9487034663997518,4.168123433259171,-1.725668260508158,-1.4918110780672844,-0.2338571824408735,-0.30929398300898403,0.30929398300898403,0.6492218323694424,-3.2785797017613714,3.2785797017613714,2.0,3.0,0.0,1.0,3.0,0.0,MOREPENLAB.NS
EMA_MACD,MOREPENLAB,NSE,2024-12-04,2024-12-05,2024-12-12,LONG,86.66999816894531,84.50324821472168,91.00349807739258,91.00349807739258,TARGET,6,5.000000000000004,4.850000000000004,NEUTRAL,NEUTRAL,86.3499984741211,64.06710320086121,83.21865197039317,80.28032875873708,80.13971352713195,3.660078698091155,0.17546260825793017,3.8419633758970484,3.660078698091155,0.17546260825793017,3.8419633758970484,0.2900451576895904,-1.169093386043537,1.4591385437331275,1.689795679811654,1.689795679811654,1.1943850784588803,3.7627940727061646,3.7627940727061646,3.0,2.0,4.0,2.0,4.0,2.0,MOREPENLAB.NS
EMA_MACD,MOREPENLAB,NSE,2024-12-26,2024-12-27,2025-01-01,SHORT,77.5999984741211,79.53999843597411,73.71999855041504,79.53999843597411,STOP_LOSS,4,-2.439024390243893,-2.5890243902438934,NEUTRAL,NEUTRAL,77.25,36.26962406968565,79.58392257628793,81.91664556291417,82.24170267693124,-2.8476788454852486,-0.39524608980189435,-3.2316695960002466,2.8476788454852486,0.39524608980189435,3.2316695960002466,-0.4424928721355599,0.6449255872294845,-1.0874184593650442,-1.4076614360712547,1.4076614360712547,0.322659161129679,-2.932655869092994,2.932655869092994,3.0,3.0,4.0,2.0,4.0,2.0,MOREPENLAB.NS
EMA_MACD,MOREPENLAB,NSE,2025-07-04,2025-07-07,2025-07-07,LONG,65.55999755859375,63.920997619628906,68.83799743652344,63.920997619628906,STOP_LOSS,1,-2.500000000000002,-2.650000000000002,BULL,BULL,65.36000061035156,59.029170164698506,63.560242283383815,63.093610354040756,62.97935768836498,0.7395866661055228,0.18141287855161073,0.9223412501174995,0.7395866661055228,0.18141287855161073,0.9223412501174995,0.11372133526824513,0.05286361508482579,0.06085772018341934,0.09311156611859155,0.09311156611859155,1.9087954615385594,2.831578770489124,2.831578770489124,0.0,0.0,0.0,17.0,17.0,0.0,MOREPENLAB.NS
EMA_MACD,MOREPENLAB,NSE,2025-09-26,2025-09-29,2025-10-10,SHORT,49.0,50.225,46.55,50.225,STOP_LOSS,9,-2.439024390243893,-2.5890243902438934,BULL,BULL,48.869998931884766,36.34502837417289,50.68230708761084,51.53795958723489,51.754734569283265,-1.6602374375643325,-0.4188505338737356,-2.0721340580672583,1.6602374375643325,0.4188505338737356,2.0721340580672583,-0.2316356423321153,-0.03720172218338051,-0.19443392014873478,-0.3978594728838396,0.3978594728838396,0.7118976640438939,-3.575820162632427,3.575820162632427,1.0,1.0,0.0,0.0,1.0,0.0,MOREPENLAB.NS
EMA_MACD,MOREPENLAB,NSE,2026-08-04,2026-08-05,2026-08-05,LONG,73.23999786376953,71.40899791717528,76.90199775695801,76.90199775695801,TARGET,1,5.000000000000004,4.850000000000004,BULL,BULL,69.18000030517578,71.3206901595812,61.00032534134242,58.66831948972903,57.33240402468988,3.9748979890614544,2.330122882103192,6.397640878748027,3.9748979890614544,2.330122882103192,6.397640878748027,1.452095763374082,1.0402591680227753,0.4118365953513068,0.5953116414202947,0.5953116414202947,6.38036507444524,13.409231701735964,13.409231701735964,0.0,4.0,0.0,0.0,4.0,0.0,MOREPENLAB.NS
CURRENT,MOTHERSON,BSE,2025-04-04,2025-04-07,2025-04-07,SHORT,71.69999694824219,73.49249687194823,68.11499710083008,73.49249687194823,STOP_LOSS,1,-2.439024390243893,-2.5890243902438934,NEUTRAL,NEUTRAL,79.46666717529297,36.6847606453674,84.61586437604078,85.66236847803748,85.95530599556268,-1.221661413979011,-0.34080213447244995,-1.5583001002765942,1.221661413979011,0.34080213447244995,1.5583001002765942,-0.3000199773488248,-0.17620016993217372,-0.12381980741665108,-0.15581351504715926,0.15581351504715926,1.7846420631235453,-6.085380370121015,6.085380370121015,0.0,0.0,0.0,0.0,0.0,0.0,MOTHERSON.BO
CURRENT,MOTHERSON,BSE,2025-04-23,2025-04-24,2025-04-25,LONG,90.56666564941406,88.30249900817871,95.09499893188476,88.30249900817871,STOP_LOSS,2,-2.500000000000002,-2.650000000000002,NEUTRAL,NEUTRAL,90.5,60.928282750707055,87.81174365479507,85.4572371448118,85.08823337097982,2.7551867912526022,0.4336719182112314,3.2008071808717613,2.7551867912526022,0.4336719182112314,3.2008071808717613,0.49524096430739917,-0.5452303078994213,1.0404712722068203,1.1496920134881994,1.1496920134881994,0.684712072198087,3.0613859073030016,3.0613859073030016,3.0,2.0,3.0,0.0,3.0,0.0,MOTHERSON.BO
CURRENT,MOTHERSON,BSE,2025-11-13,2025-11-14,2025-11-18,LONG,111.3499984741211,108.56624851226806,116.91749839782716,108.56624851226806,STOP_LOSS,3,-2.500000000000002,-2.650000000000002,BULL,BULL,109.1500015258789,61.81974488617346,106.37097776975077,105.75350663030886,105.42739635549329,0.5838776974086046,0.30932213645488976,0.8950058968314023,0.5838776974086046,0.30932213645488976,0.8950058968314023,0.34727070756856904,0.28271887498875264,0.06455183257981639,0.0591404779454002,0.0591404779454002,1.319008920013661,2.612577052872052,2.612577052872052,0.0,0.0,0.0,0.0,0.0,0.0,MOTHERSON.BO
CURRENT,MOTHERSON,BSE,2025-11-19,2025-11-20,2025-11-21,LONG,112.9000015258789,110.07750148773194,118.54500160217286,110.07750148773194,STOP_LOSS,2,-2.500000000000002,-2.650000000000002,BULL,BULL,112.1500015258789,66.93409101250137,109.73932862192683,107.86317955400946,106.71130669738757,1.7393786050762008,1.079429061709814,2.8375830249423704,1.7393786050762008,1.079429061709814,2.8375830249423704,1.2926285412775371,0.7084352589647753,0.5841932823127618,0.5209034992103478,0.5209034992103478,0.49371089467150964,2.1967264919738203,2.1967264919738203,4.0,4.0,4.0,0.0,4.0,0.0,MOTHERSON.BO
CURRENT,MOTHERSON,BSE,2026-02-04,2026-02-05,2026-02-06,LONG,121.8000030517578,118.75500297546384,127.89000320434567,118.75500297546384,STOP_LOSS,2,-2.500000000000002,-2.650000000000002,NEUTRAL,NEUTRAL,122.5999984741211,64.56240337263401,117.95235048930331,115.34219785875173,115.30054226507407,2.2629641874415984,0.03612783848136189,2.2999095859694902,2.2629641874415984,0.03612783848136189,2.2999095859694902,0.12796934989771103,-0.9868346830268726,1.1148040329245836,0.9093018326259613,0.9093018326259613,1.637375982744618,3.940275853374587,3.940275853374587,1.0,1.0,2.0,1.0,2.0,1.0,MOTHERSON.BO
CURRENT,MOTHERSON,BSE,2026-07-27,2026-07-28,2026-08-03,LONG,147.4499969482422,143.76374702453612,154.8224967956543,154.8224967956543,TARGET,5,5.000000000000004,4.850000000000004,NEUTRAL,NEUTRAL,149.0,60.92549972535882,146.2050820703251,145.09768320109487,144.41371829263198,0.7632092014146423,0.4736149145311351,1.240438788552751,0.7632092014146423,0.4736149145311351,1.240438788552751,0.735309804787903,0.5434276735099867,0.1918821312779163,0.12877995387779617,0.12877995387779617,0.2333448582831065,1.9116421194788191,1.9116421194788191,2.0,4.0,0.0,0.0,4.0,0.0,MOTHERSON.BO
EMA_MACD,MOTHERSON,BSE,2025-04-04,2025-04-07,2025-04-07,SHORT,71.69999694824219,73.49249687194823,68.11499710083008,73.49249687194823,STOP_LOSS,1,-2.439024390243893,-2.5890243902438934,NEUTRAL,NEUTRAL,79.46666717529297,36.6847606453674,84.61586437604078,85.66236847803748,85.95530599556268,-1.221661413979011,-0.34080213447244995,-1.5583001002765942,1.221661413979011,0.34080213447244995,1.5583001002765942,-0.3000199773488248,-0.17620016993217372,-0.12381980741665108,-0.15581351504715926,0.15581351504715926,1.7846420631235453,-6.085380370121015,6.085380370121015,0.0,0.0,0.0,0.0,0.0,0.0,MOTHERSON.BO
EMA_MACD,MOTHERSON,BSE,2025-04-23,2025-04-24,2025-04-25,LONG,90.56666564941406,88.30249900817871,95.09499893188476,88.30249900817871,STOP_LOSS,2,-2.500000000000002,-2.650000000000002,NEUTRAL,NEUTRAL,90.5,60.928282750707055,87.81174365479507,85.4572371448118,85.08823337097982,2.7551867912526022,0.4336719182112314,3.2008071808717613,2.7551867912526022,0.4336719182112314,3.2008071808717613,0.49524096430739917,-0.5452303078994213,1.0404712722068203,1.1496920134881994,1.1496920134881994,0.684712072198087,3.0613859073030016,3.0613859073030016,3.0,2.0,3.0,0.0,3.0,0.0,MOTHERSON.BO
EMA_MACD,MOTHERSON,BSE,2025-11-13,2025-11-14,2025-11-18,LONG,111.3499984741211,108.56624851226806,116.91749839782716,108.56624851226806,STOP_LOSS,3,-2.500000000000002,-2.650000000000002,BULL,BULL,109.1500015258789,61.81974488617346,106.37097776975077,105.75350663030886,105.42739635549329,0.5838776974086046,0.30932213645488976,0.8950058968314023,0.5838776974086046,0.30932213645488976,0.8950058968314023,0.34727070756856904,0.28271887498875264,0.06455183257981639,0.0591404779454002,0.0591404779454002,1.319008920013661,2.612577052872052,2.612577052872052,0.0,0.0,0.0,0.0,0.0,0.0,MOTHERSON.BO
EMA_MACD,MOTHERSON,BSE,2026-02-04,2026-02-05,2026-02-06,LONG,121.8000030517578,118.75500297546384,127.89000320434567,118.75500297546384,STOP_LOSS,2,-2.500000000000002,-2.650000000000002,NEUTRAL,NEUTRAL,122.5999984741211,64.56240337263401,117.95235048930331,115.34219785875173,115.30054226507407,2.2629641874415984,0.03612783848136189,2.2999095859694902,2.2629641874415984,0.03612783848136189,2.2999095859694902,0.12796934989771103,-0.9868346830268726,1.1148040329245836,0.9093018326259613,0.9093018326259613,1.637375982744618,3.940275853374587,3.940275853374587,1.0,1.0,2.0,1.0,2.0,1.0,MOTHERSON.BO
EMA_MACD,MOTHERSON,BSE,2026-07-27,2026-07-28,2026-08-03,LONG,147.4499969482422,143.76374702453612,154.8224967956543,154.8224967956543,TARGET,5,5.000000000000004,4.850000000000004,NEUTRAL,NEUTRAL,149.0,60.92549972535882,146.2050820703251,145.09768320109487,144.41371829263198,0.7632092014146423,0.4736149145311351,1.240438788552751,0.7632092014146423,0.4736149145311351,1.240438788552751,0.735309804787903,0.5434276735099867,0.1918821312779163,0.12877995387779617,0.12877995387779617,0.2333448582831065,1.9116421194788191,1.9116421194788191,2.0,4.0,0.0,0.0,4.0,0.0,MOTHERSON.BO
CURRENT,MOTHERSON,NSE,2025-04-04,2025-04-07,2025-04-07,SHORT,73.33999633789062,75.17349624633789,69.6729965209961,75.17349624633789,STOP_LOSS,1,-2.4390243902439046,-2.5890243902439045,NEUTRAL,NEUTRAL,79.28666687011719,36.44304859986537,84.55173263706456,85.58000890943102,85.86725968455805,-1.2015379356347993,-0.3345288718683689,-1.5320473162020185,1.2015379356347993,0.3345288718683689,1.5320473162020185,-0.2916891344643915,-0.1864726518125335,-0.10521648265185798,-0.13270387923384083,0.13270387923384083,2.632861898952745,-6.22703474279763,6.22703474279763,0.0,0.0,0.0,0.0,0.0,0.0,MOTHERSON.NS
CURRENT,MOTHERSON,NSE,2025-04-23,2025-04-24,2025-04-25,LONG,90.93333435058594,88.66000099182129,95.48000106811524,88.66000099182129,STOP_LOSS,2,-2.500000000000002,-2.650000000000002,NEUTRAL,NEUTRAL,90.48666381835938,60.98156032068748,87.81040992976625,85.43727246643749,85.04467910025133,2.7776372007439782,0.46163189789142467,3.252091557961736,2.7776372007439782,0.46163189789142467,3.252091557961736,0.5216281686275437,-0.5246274027064279,1.0462555713339716,1.1562538911084161,1.1562538911084161,0.8078125587116042,3.0477638024166867,3.0477638024166867,3.0,2.0,3.0,0.0,3.0,0.0,MOTHERSON.NS
CURRENT,MOTHERSON,NSE,2025-11-13,2025-11-14,2025-11-18,LONG,111.30999755859376,108.52724761962892,116.87549743652346,108.52724761962892,STOP_LOSS,3,-2.500000000000002,-2.650000000000002,BULL,BULL,109.12999725341795,61.5866446843705,106.33244729129981,105.71095997837679,105.39242833062431,0.5879118996271987,0.3022339012374025,0.8919226699346835,0.5879118996271987,0.3022339012374025,0.8919226699346835,0.3393079629922795,0.271747503306364,0.06756045968591551,0.061908239151723714,0.061908239151723714,3.1412256934936336,2.630946652110994,2.630946652110994,0.0,0.0,0.0,0.0,0.0,0.0,MOTHERSON.NS
CURRENT,MOTHERSON,NSE,2025-11-19,2025-11-20,2025-11-21,LONG,112.75,109.93125,118.3875,109.93125,STOP_LOSS,2,-2.500000000000002,-2.650000000000002,BULL,BULL,112.16000366210938,66.6059554047792,109.75159468491583,107.853812362329,106.69382821367626,1.7595876131029462,1.0872082931822762,2.8659262887406856,1.7595876131029462,1.0872082931822762,2.8659262887406856,1.3023786226659695,0.7081427857902487,0.5942358368757208,0.5298108215704966,0.5298108215704966,1.8762869697362572,2.1944182078700627,2.1944182078700627,4.0,4.0,4.0,0.0,4.0,0.0,MOTHERSON.NS
CURRENT,MOTHERSON,NSE,2026-02-04,2026-02-05,2026-02-06,LONG,121.9499969482422,118.90124702453616,128.04749679565433,118.90124702453616,STOP_LOSS,2,-2.500000000000002,-2.650000000000002,NEUTRAL,NEUTRAL,122.62000274658205,65.12574502133404,117.94039184443437,115.25968030482076,115.19084749566318,2.325801644186488,0.0597554498938603,2.386946887316471,2.325801644186488,0.0597554498938603,2.386946887316471,0.16342722939825194,-0.9988631025557266,1.1622903319539786,0.94787987760535,0.94787987760535,0.9424909322159625,3.967776288483227,3.967776288483227,1.0,1.0,2.0,1.0,2.0,1.0,MOTHERSON.NS
CURRENT,MOTHERSON,NSE,2026-07-27,2026-07-28,2026-08-03,LONG,147.0,143.325,154.35,154.35,TARGET,5,5.000000000000004,4.850000000000004,NEUTRAL,NEUTRAL,148.97000122070312,61.22676619351379,146.19242383279675,145.0697705693796,144.39700099670873,0.7738712614012345,0.4659165827732266,1.2433934387106458,0.7738712614012345,0.4659165827732266,1.2433934387106458,0.7238893621539262,0.5231269313350992,0.20076243081882694,0.13476701965074964,0.13476701965074964,0.8524988548113823,1.8999461908389643,1.8999461908389643,2.0,4.0,0.0,0.0,4.0,0.0,MOTHERSON.NS
EMA_MACD,MOTHERSON,NSE,2025-04-04,2025-04-07,2025-04-07,SHORT,73.33999633789062,75.17349624633789,69.6729965209961,75.17349624633789,STOP_LOSS,1,-2.4390243902439046,-2.5890243902439045,NEUTRAL,NEUTRAL,79.28666687011719,36.44304859986537,84.55173263706456,85.58000890943102,85.86725968455805,-1.2015379356347993,-0.3345288718683689,-1.5320473162020185,1.2015379356347993,0.3345288718683689,1.5320473162020185,-0.2916891344643915,-0.1864726518125335,-0.10521648265185798,-0.13270387923384083,0.13270387923384083,2.632861898952745,-6.22703474279763,6.22703474279763,0.0,0.0,0.0,0.0,0.0,0.0,MOTHERSON.NS
EMA_MACD,MOTHERSON,NSE,2025-04-23,2025-04-24,2025-04-25,LONG,90.93333435058594,88.66000099182129,95.48000106811524,88.66000099182129,STOP_LOSS,2,-2.500000000000002,-2.650000000000002,NEUTRAL,NEUTRAL,90.48666381835938,60.98156032068748,87.81040992976625,85.43727246643749,85.04467910025133,2.7776372007439782,0.46163189789142467,3.252091557961736,2.7776372007439782,0.46163189789142467,3.252091557961736,0.5216281686275437,-0.5246274027064279,1.0462555713339716,1.1562538911084161,1.1562538911084161,0.8078125587116042,3.0477638024166867,3.0477638024166867,3.0,2.0,3.0,0.0,3.0,0.0,MOTHERSON.NS
EMA_MACD,MOTHERSON,NSE,2025-11-13,2025-11-14,2025-11-18,LONG,111.30999755859376,108.52724761962892,116.87549743652346,108.52724761962892,STOP_LOSS,3,-2.500000000000002,-2.650000000000002,BULL,BULL,109.12999725341795,61.5866446843705,106.33244729129981,105.71095997837679,105.39242833062431,0.5879118996271987,0.3022339012374025,0.8919226699346835,0.5879118996271987,0.3022339012374025,0.8919226699346835,0.3393079629922795,0.271747503306364,0.06756045968591551,0.061908239151723714,0.061908239151723714,3.1412256934936336,2.630946652110994,2.630946652110994,0.0,0.0,0.0,0.0,0.0,0.0,MOTHERSON.NS
EMA_MACD,MOTHERSON,NSE,2026-02-04,2026-02-05,2026-02-06,LONG,121.9499969482422,118.90124702453616,128.04749679565433,118.90124702453616,STOP_LOSS,2,-2.500000000000002,-2.650000000000002,NEUTRAL,NEUTRAL,122.62000274658205,65.12574502133404,117.94039184443437,115.25968030482076,115.19084749566318,2.325801644186488,0.0597554498938603,2.386946887316471,2.325801644186488,0.0597554498938603,2.386946887316471,0.16342722939825194,-0.9988631025557266,1.1622903319539786,0.94787987760535,0.94787987760535,0.9424909322159625,3.967776288483227,3.967776288483227,1.0,1.0,2.0,1.0,2.0,1.0,MOTHERSON.NS
EMA_MACD,MOTHERSON,NSE,2026-07-27,2026-07-28,2026-08-03,LONG,147.0,143.325,154.35,154.35,TARGET,5,5.000000000000004,4.850000000000004,NEUTRAL,NEUTRAL,148.97000122070312,61.22676619351379,146.19242383279675,145.0697705693796,144.39700099670873,0.7738712614012345,0.4659165827732266,1.2433934387106458,0.7738712614012345,0.4659165827732266,1.2433934387106458,0.7238893621539262,0.5231269313350992,0.20076243081882694,0.13476701965074964,0.13476701965074964,0.8524988548113823,1.8999461908389643,1.8999461908389643,2.0,4.0,0.0,0.0,4.0,0.0,MOTHERSON.NS
CURRENT,NMDC,BSE,2024-11-06,2024-11-07,2024-11-08,LONG,80.98332977294922,78.95874652862548,85.03249626159668,78.95874652862548,STOP_LOSS,2,-2.500000000000002,-2.650000000000002,NEUTRAL,NEUTRAL,80.36666870117188,63.61389385032887,77.37372990044858,75.95896033053863,75.40014971887508,1.8625446737995366,0.7411266605531123,2.617475149494889,1.8625446737995366,0.7411266605531123,2.617475149494889,0.629863611119589,0.20980530868951291,0.4200583024300761,0.5226772606339859,0.5226772606339859,1.1192687703379458,3.868158875853732,3.868158875853732,1.0,1.0,1.0,0.0,1.0,0.0,NMDC.BO
CURRENT,NMDC,BSE,2024-12-03,2024-12-04,2024-12-13,LONG,78.96666717529297,76.99250049591065,82.91500053405763,76.99250049591065,STOP_LOSS,8,-2.499999999999991,-2.649999999999991,NEUTRAL,NEUTRAL,78.51666259765625,60.407570494088446,77.05404194365607,76.09419713354887,75.72265307490831,1.2613902850208496,0.4906643435657464,1.7582438209483957,1.2613902850208496,0.4906643435657464,1.7582438209483957,0.42698616388803146,0.09713541927770385,0.3298507446103276,0.4201028593135513,0.4201028593135513,0.5216921336787548,1.8981751211308062,1.8981751211308062,4.0,3.0,3.0,0.0,4.0,0.0,NMDC.BO
CURRENT,NMDC,BSE,2024-12-19,2024-12-20,2024-12-30,SHORT,71.66666412353516,73.45833072662353,68.0833309173584,68.0833309173584,TARGET,6,5.263157894736836,5.113157894736836,NEUTRAL,NEUTRAL,71.36666870117188,33.63806494333096,74.18034651653352,76.2572882495908,76.50450542843002,-2.7235976792925456,-0.32314067969564664,-3.0379373069351514,2.7235976792925456,0.32314067969564664,3.0379373069351514,-0.3425167898595305,0.5414476377478639,-0.8839644276073944,-1.2386236371894421,1.2386236371894421,1.1784788507686677,-3.7930232837811335,3.7930232837811335,2.0,1.0,2.0,1.0,2.0,1.0,NMDC.BO
CURRENT,NMDC,BSE,2025-04-08,2025-04-09,2025-04-11,SHORT,61.5099983215332,63.04774827957153,58.43449840545654,63.04774827957153,STOP_LOSS,2,-2.439024390243893,-2.5890243902438934,NEUTRAL,NEUTRAL,61.59000015258789,36.931547178592545,64.45481889146082,66.28431493439935,66.39853123914487,-2.7600738496719117,-0.1720163121291906,-2.9273423845528543,2.7600738496719117,0.1720163121291906,2.9273423845528543,-0.1867902716415557,0.5886678544471105,-0.7754581260886662,-1.2590649848473543,1.2590649848473543,1.3133953468553918,-4.444692868809639,4.444692868809639,1.0,1.0,2.0,1.0,2.0,1.0,NMDC.BO
CURRENT,NMDC,BSE,2025-05-14,2025-05-15,2025-05-29,LONG,70.11000061035156,68.35725059509276,73.61550064086914,72.27999877929688,TIME_EXIT,11,3.0951335758866216,2.9451335758866217,NEUTRAL,NEUTRAL,70.06999969482422,60.93218554122308,67.5467372284358,66.46935701313473,66.19964810764654,1.6208675150689058,0.40741743075373515,2.0348886426084567,1.6208675150689058,0.40741743075373515,2.0348886426084567,0.3239980576200594,-0.07020391821960596,0.3942019758396654,0.5625830991244937,0.5625830991244937,2.618439161797144,3.7355800885763206,3.7355800885763206,2.0,2.0,2.0,0.0,2.0,0.0,NMDC.BO
CURRENT,NMDC,BSE,2025-07-21,2025-07-22,2025-08-05,LONG,72.08999633789062,70.28774642944336,75.69449615478516,71.94000244140625,TIME_EXIT,11,-0.2080647858287321,-0.3580647858287321,BULL,BULL,71.9000015258789,62.0049179497593,70.45779436181587,69.59636410713541,69.45948715746017,1.237751807485785,0.19706012134087522,1.4372510440403905,1.237751807485785,0.19706012134087522,1.4372510440403905,0.17861312139747554,-0.18767301982822723,0.3662861412257028,0.5094382940921993,0.5094382940921993,0.9759299441866907,2.0469093265352476,2.0469093265352476,2.0,1.0,2.0,1.0,2.0,1.0,NMDC.BO
CURRENT,NMDC,BSE,2025-09-03,2025-09-04,2025-09-04,LONG,74.94999694824219,73.07624702453613,78.6974967956543,73.07624702453613,STOP_LOSS,1,-2.500000000000002,-2.650000000000002,NEUTRAL,NEUTRAL,74.27999877929688,63.28643685104984,71.86090493826359,71.05902842388252,70.86431663573121,1.1284653508034146,0.2747670441136122,1.4063330458052756,1.1284653508034146,0.2747670441136122,1.4063330458052756,0.22584821459635407,-0.011887680293628258,0.2377358948899823,0.3200537140507378,0.3200537140507378,2.294346435322583,3.366355938756345,3.366355938756345,1.0,1.0,0.0,0.0,1.0,0.0,NMDC.BO
CURRENT,NMDC,BSE,2025-09-05,2025-09-08,2025-09-22,LONG,75.2300033569336,73.34925327301025,78.99150352478027,76.95999908447266,TIME_EXIT,11,2.299608733673697,2.149608733673697,NEUTRAL,NEUTRAL,74.5,62.456420780501745,73.08040205915015,71.83602080811555,71.30685578438194,1.7322524786813005,0.7420955782059772,2.487203025934935,1.7322524786813005,0.7420955782059772,2.487203025934935,0.6072858337358156,0.17666205960758136,0.4306237741282342,0.5780184887627304,0.5780184887627304,0.40717852546936534,1.942515230965552,1.942515230965552,3.0,3.0,2.0,0.0,3.0,0.0,NMDC.BO
CURRENT,NMDC,BSE,2025-11-24,2025-11-25,2025-11-26,SHORT,72.5,74.3125,68.875,74.3125,STOP_LOSS,2,-2.4390243902439046,-2.5890243902439045,BULL,BULL,72.5999984741211,36.77648334992169,74.0465577550099,74.91602976905949,75.19804958329125,-1.1605954249442698,-0.3750360757952733,-1.5312788492019729,1.1605954249442698,0.3750360757952733,1.5312788492019729,-0.3323843412674137,-0.02093021573785083,-0.31145412552956286,-0.429000181922295,0.429000181922295,1.3336685313017314,-1.9535807264328013,1.9535807264328013,2.0,2.0,2.0,0.0,2.0,0.0,NMDC.BO
CURRENT,NMDC,BSE,2026-02-04,2026-02-05,2026-02-05,LONG,86.19999694824219,84.04499702453613,90.5099967956543,84.04499702453613,STOP_LOSS,1,-2.500000000000002,-2.650000000000002,NEUTRAL,NEUTRAL,85.95999908447266,61.14046797635658,82.95341885677874,81.79426776804655,81.12703761392609,1.4171544294758234,0.8224510271109974,2.2512608577477935,1.4171544294758234,0.8224510271109974,2.2512608577477935,0.7314957169906791,0.47632221181344764,0.2551735051772314,0.2968514517159,0.2968514517159,2.5158102269211673,3.624419908340194,3.624419908340194,4.0,4.0,0.0,0.0,4.0,0.0,NMDC.BO
CURRENT,NMDC,BSE,2026-04-09,2026-04-10,2026-04-17,LONG,85.08999633789062,82.96274642944336,89.34449615478516,89.34449615478516,TARGET,5,5.000000000000004,4.850000000000004,BEAR,BEAR,84.41000366210938,62.39086198580863,82.05292523218799,80.20351820775002,79.80602166814877,2.3058926413271212,0.49807837966679824,2.815456173698698,2.3058926413271212,0.49807837966679824,2.815456173698698,0.5042622335762132,-0.31023172759817397,0.8144939611743872,0.9649258687806498,0.9649258687806498,1.965698222854814,2.872631808374267,2.872631808374267,3.0,2.0,4.0,0.0,4.0,0.0,NMDC.BO
CURRENT,NMDC,BSE,2026-08-26,2026-08-27,2026-08-27,LONG,88.41000366210938,86.19975357055664,92.83050384521484,86.19975357055664,STOP_LOSS,1,-2.500000000000002,-2.650000000000002,NEUTRAL,NEUTRAL,88.4000015258789,65.32335335778957,86.16894078265055,85.3361154942861,85.12262776292319,0.975935315945112,0.25080021255629786,1.2291831763482122,0.975935315945112,0.25080021255629786,1.2291831763482122,0.261957245113436,-0.059320774522213814,0.3212780196356498,0.36343666752267684,0.36343666752267684,0.767627422682739,2.5891704400265314,2.5891704400265314,2.0,1.0,2.0,0.0,2.0,0.0,NMDC.BO
EMA_MACD,NMDC,BSE,2024-11-05,2024-11-06,2024-11-06,LONG,79.4000015258789,77.41500148773193,83.37000160217285,77.41500148773193,STOP_LOSS,1,-2.500000000000002,-2.650000000000002,NEUTRAL,NEUTRAL,78.23332977294922,59.46753444141587,75.87726050008692,75.22434226876642,75.00282820029135,0.8679613694563253,0.29534095418846235,1.1658657690353271,0.8679613694563253,0.29534095418846235,1.1658657690353271,0.23870233494383797,0.10479073308199387,0.1339116018618441,0.1711695031395005,0.1711695031395005,1.9591743196988316,3.1051058740577497,3.1051058740577497,0.0,0.0,0.0,,0.0,0.0,NMDC.BO
EMA_MACD,NMDC,BSE,2024-11-19,2024-11-21,2024-11-28,SHORT,74.58333587646484,76.44791927337646,70.8541690826416,76.44791927337646,STOP_LOSS,6,-2.439024390243893,-2.5890243902438934,NEUTRAL,NEUTRAL,73.71666717529297,45.63603231467159,74.43725910082807,75.32633365390836,75.39663841458643,-1.1802971284454138,-0.09324654541159047,-1.2724430875591366,1.1802971284454138,0.09324654541159047,1.2724430875591366,-0.11434038686485337,0.2968301099761084,-0.4111704968409618,-0.557771413977829,0.557771413977829,0.5236068319993762,-0.9680527389637419,0.9680527389637419,3.0,2.0,3.0,,3.0,2.0,NMDC.BO
EMA_MACD,NMDC,BSE,2024-11-29,2024-12-02,2024-12-09,LONG,76.8499984741211,74.92874851226806,80.69249839782715,80.69249839782715,TARGET,6,5.000000000000004,4.850000000000004,NEUTRAL,NEUTRAL,76.6500015258789,54.93198959941613,75.81742948675155,75.41663905837534,75.35239602801838,0.5314350167023282,0.08525678511015759,0.6171448862226759,0.5314350167023282,0.08525678511015759,0.6171448862226759,0.07340905078568483,-0.03669384416329107,0.1101028949489759,0.1436436957040405,0.1436436957040405,1.7502965593353996,1.098127494909124,1.098127494909124,2.0,1.0,1.0,15.0,15.0,1.0,NMDC.BO
EMA_MACD,NMDC,BSE,2024-12-19,2024-12-20,2024-12-30,SHORT,71.66666412353516,73.45833072662353,68.0833309173584,68.0833309173584,TARGET,6,5.263157894736836,5.113157894736836,NEUTRAL,NEUTRAL,71.36666870117188,33.63806494333096,74.18034651653352,76.2572882495908,76.50450542843002,-2.7235976792925456,-0.32314067969564664,-3.0379373069351514,2.7235976792925456,0.32314067969564664,3.0379373069351514,-0.3425167898595305,0.5414476377478639,-0.8839644276073944,-1.2386236371894421,1.2386236371894421,1.1784788507686677,-3.7930232837811335,3.7930232837811335,2.0,1.0,2.0,1.0,2.0,1.0,NMDC.BO
EMA_MACD,NMDC,BSE,2025-03-04,2025-03-05,2025-03-05,SHORT,62.59000015258789,64.15475015640259,59.460500144958495,64.15475015640259,STOP_LOSS,1,-2.439024390243893,-2.5890243902438934,NEUTRAL,NEUTRAL,62.33000183105469,42.977668806799414,63.41307282934971,64.0818872086767,64.64062094322799,-1.04368708298035,-0.8643693801178086,-1.8990351515286317,1.04368708298035,0.8643693801178086,1.8990351515286317,-0.5976496390644854,-0.5417315963595666,-0.05591804270491885,-0.0897128847460723,0.0897128847460723,0.5749983129985378,-1.7079617024862725,1.7079617024862725,2.0,2.0,0.0,14.0,14.0,0.0,NMDC.BO
EMA_MACD,NMDC,BSE,2025-03-10,2025-03-11,2025-03-19,LONG,64.58999633789062,62.97524642944336,67.81949615478516,67.81949615478516,TARGET,6,5.000000000000004,4.850000000000004,NEUTRAL,NEUTRAL,65.97000122070312,52.459869104584236,65.79974351202097,65.13876586113156,65.09816085852084,1.014722404011363,0.062375038058242176,1.0777303755552927,1.014722404011363,0.062375038058242176,1.0777303755552927,0.08371287091530633,-0.27393015638269286,0.3576430272979992,0.5421297872975654,0.5421297872975654,0.7074362238815644,0.25875132575714876,0.25875132575714876,2.0,2.0,3.0,64.0,64.0,2.0,NMDC.BO
EMA_MACD,NMDC,BSE,2025-04-08,2025-04-09,2025-04-11,SHORT,61.5099983215332,63.04774827957153,58.43449840545654,63.04774827957153,STOP_LOSS,2,-2.439024390243893,-2.5890243902438934,NEUTRAL,NEUTRAL,61.59000015258789,36.931547178592545,64.45481889146082,66.28431493439935,66.39853123914487,-2.7600738496719117,-0.1720163121291906,-2.9273423845528543,2.7600738496719117,0.1720163121291906,2.9273423845528543,-0.1867902716415557,0.5886678544471105,-0.7754581260886662,-1.2590649848473543,1.2590649848473543,1.3133953468553918,-4.444692868809639,4.444692868809639,1.0,1.0,2.0,1.0,2.0,1.0,NMDC.BO
EMA_MACD,NMDC,BSE,2025-04-23,2025-04-24,2025-04-25,LONG,67.87000274658203,66.17325267791747,71.26350288391113,66.17325267791747,STOP_LOSS,2,-2.5000000000000133,-2.650000000000013,NEUTRAL,NEUTRAL,68.12999725341797,56.361041094272345,67.11020851753402,66.33013129563842,66.21278310347915,1.1760525822250105,0.17722890755985085,1.3553657949286682,1.1760525822250105,0.17722890755985085,1.3553657949286682,0.141189448772451,-0.10592412513536593,0.2471135739078169,0.3627089151180314,0.3627089151180314,1.0027416009493488,1.5195731892525817,1.5195731892525817,2.0,2.0,1.0,12.0,12.0,1.0,NMDC.BO
EMA_MACD,NMDC,BSE,2025-04-29,2025-04-30,2025-05-02,SHORT,65.1500015258789,66.77875156402587,61.89250144958496,66.77875156402587,STOP_LOSS,2,-2.4390243902438824,-2.5890243902438823,NEUTRAL,NEUTRAL,65.58999633789062,48.04638419415591,66.05324940744694,66.15013669758652,66.15500234895978,-0.14646574440580393,-0.007354925856701644,-0.15380989781559906,0.14646574440580393,0.007354925856701644,0.15380989781559906,-0.007563274976646994,0.0038864001341741543,-0.011449675110821149,-0.017456435051219535,0.017456435051219535,0.3706791666235403,-0.7013327485204511,0.7013327485204511,0.0,0.0,0.0,13.0,13.0,0.0,NMDC.BO
EMA_MACD,NMDC,BSE,2025-05-14,2025-05-15,2025-05-29,LONG,70.11000061035156,68.35725059509276,73.61550064086914,72.27999877929688,TIME_EXIT,11,3.0951335758866216,2.9451335758866217,NEUTRAL,NEUTRAL,70.06999969482422,60.93218554122308,67.5467372284358,66.46935701313473,66.19964810764654,1.6208675150689058,0.40741743075373515,2.0348886426084567,1.6208675150689058,0.40741743075373515,2.0348886426084567,0.3239980576200594,-0.07020391821960596,0.3942019758396654,0.5625830991244937,0.5625830991244937,2.618439161797144,3.7355800885763206,3.7355800885763206,2.0,2.0,2.0,0.0,2.0,0.0,NMDC.BO
EMA_MACD,NMDC,BSE,2025-07-21,2025-07-22,2025-08-05,LONG,72.08999633789062,70.28774642944336,75.69449615478516,71.94000244140625,TIME_EXIT,11,-0.2080647858287321,-0.3580647858287321,BULL,BULL,71.9000015258789,62.0049179497593,70.45779436181587,69.59636410713541,69.45948715746017,1.237751807485785,0.19706012134087522,1.4372510440403905,1.237751807485785,0.19706012134087522,1.4372510440403905,0.17861312139747554,-0.18767301982822723,0.3662861412257028,0.5094382940921993,0.5094382940921993,0.9759299441866907,2.0469093265352476,2.0469093265352476,2.0,1.0,2.0,1.0,2.0,1.0,NMDC.BO
EMA_MACD,NMDC,BSE,2025-09-03,2025-09-04,2025-09-04,LONG,74.94999694824219,73.07624702453613,78.6974967956543,73.07624702453613,STOP_LOSS,1,-2.500000000000002,-2.650000000000002,NEUTRAL,NEUTRAL,74.27999877929688,63.28643685104984,71.86090493826359,71.05902842388252,70.86431663573121,1.1284653508034146,0.2747670441136122,1.4063330458052756,1.1284653508034146,0.2747670441136122,1.4063330458052756,0.22584821459635407,-0.011887680293628258,0.2377358948899823,0.3200537140507378,0.3200537140507378,2.294346435322583,3.366355938756345,3.366355938756345,1.0,1.0,0.0,0.0,1.0,0.0,NMDC.BO
EMA_MACD,NMDC,BSE,2025-11-12,2025-11-13,2025-11-18,LONG,77.58999633789062,75.65024642944336,81.46949615478516,75.65024642944336,STOP_LOSS,4,-2.500000000000002,-2.650000000000002,BULL,BULL,77.16999816894531,58.3009110449367,75.74983960158252,75.40012909824642,75.38169748857527,0.4638062394832575,0.024451040882898078,0.48837068581938897,0.4638062394832575,0.024451040882898078,0.48837068581938897,0.0223308442923269,-0.07549757439152258,0.09782841868384948,0.12677001555666423,0.12677001555666423,2.736740886521669,1.8748007584337132,1.8748007584337132,0.0,0.0,0.0,22.0,22.0,0.0,NMDC.BO
EMA_MACD,NMDC,BSE,2025-11-21,2025-11-24,2025-12-01,SHORT,73.36000061035156,75.19400062561034,69.69200057983399,75.19400062561034,STOP_LOSS,6,-2.439024390243893,-2.5890243902438934,BULL,BULL,73.5199966430664,40.27363836313751,74.76983739545429,75.30203498488255,75.40589367202486,-0.7067506071185289,-0.13773285095464274,-0.843510030312848,0.7067506071185289,0.13773285095464274,0.843510030312848,-0.12828901765506373,0.056933315644539885,-0.1852223332996036,-0.25193463242230946,0.25193463242230946,1.8478520507345861,-1.671584152012437,1.671584152012437,1.0,1.0,1.0,11.0,11.0,1.0,NMDC.BO
EMA_MACD,NMDC,BSE,2025-12-05,2025-12-08,2025-12-08,LONG,76.43000030517578,74.51925029754638,80.25150032043457,74.51925029754638,STOP_LOSS,1,-2.5000000000000133,-2.650000000000013,BULL,BULL,76.44000244140625,57.43668993481232,75.84838874709105,75.29659126359442,75.21037760323699,0.7328319572461441,0.11463000599762894,0.8483020085603168,0.7328319572461441,0.11463000599762894,0.8483020085603168,0.11323187394992829,-0.12705275373744976,0.24028462768737804,0.31434408688247234,0.31434408688247234,1.6040000103214658,0.7799950718635265,0.7799950718635265,3.0,3.0,3.0,39.0,39.0,3.0,NMDC.BO
EMA_MACD,NMDC,BSE,2026-02-04,2026-02-05,2026-02-05,LONG,86.19999694824219,84.04499702453613,90.5099967956543,84.04499702453613,STOP_LOSS,1,-2.500000000000002,-2.650000000000002,NEUTRAL,NEUTRAL,85.95999908447266,61.14046797635658,82.95341885677874,81.79426776804655,81.12703761392609,1.4171544294758234,0.8224510271109974,2.2512608577477935,1.4171544294758234,0.8224510271109974,2.2512608577477935,0.7314957169906791,0.47632221181344764,0.2551735051772314,0.2968514517159,0.2968514517159,2.5158102269211673,3.624419908340194,3.624419908340194,4.0,4.0,0.0,0.0,4.0,0.0,NMDC.BO
EMA_MACD,NMDC,BSE,2026-02-19,2026-02-20,2026-02-23,SHORT,79.19000244140625,81.1697525024414,75.23050231933594,81.1697525024414,STOP_LOSS,2,-2.439024390243893,-2.5890243902438934,NEUTRAL,NEUTRAL,79.19999694824219,43.84022322878033,80.26155140926686,81.48713541290202,81.58281678423376,-1.504021459859925,-0.1172812794448975,-1.619538803693573,1.504021459859925,0.1172812794448975,1.619538803693573,-0.16187238850501728,0.4493836813687709,-0.6112560698737881,-0.771787996751122,0.771787996751122,0.2959691576330332,-1.322618915764074,1.322618915764074,4.0,2.0,4.0,18.0,18.0,2.0,NMDC.BO
EMA_MACD,NMDC,BSE,2026-04-08,2026-04-09,2026-04-15,LONG,82.5999984741211,80.53499851226806,86.72999839782715,86.72999839782715,TARGET,4,5.000000000000004,4.850000000000004,BEAR,BEAR,82.94000244140625,59.407845115822354,80.8743860172273,79.50243729869013,79.43770310863192,1.7256687532518868,0.08149051083423038,1.8085655203684488,1.7256687532518868,0.08149051083423038,1.8085655203684488,0.12717720029591817,-0.5138552178917707,0.6410324181876889,0.7728869053754276,0.7728869053754276,1.7733399434116988,2.5541046132195087,2.5541046132195087,2.0,1.0,3.0,41.0,41.0,1.0,NMDC.BO
EMA_MACD,NMDC,BSE,2026-08-19,2026-08-20,2026-08-24,SHORT,83.80000305175781,85.89500312805175,79.61000289916991,85.89500312805175,STOP_LOSS,3,-2.4390243902439046,-2.5890243902439045,NEUTRAL,NEUTRAL,83.23999786376953,40.9158664289515,84.24164121676627,84.59337049005177,84.7937045274879,-0.4157882245948142,-0.23626050843337396,-0.6510663896547544,0.4157882245948142,0.23626050843337396,0.6510663896547544,-0.2140058913843177,-0.16229591598109694,-0.051709975403220754,-0.062121548210331806,0.062121548210331806,0.7613891949660258,-1.1890121542377836,1.1890121542377836,1.0,1.0,0.0,20.0,20.0,0.0,NMDC.BO
EMA_MACD,NMDC,BSE,2026-08-26,2026-08-27,2026-08-27,LONG,88.41000366210938,86.19975357055664,92.83050384521484,86.19975357055664,STOP_LOSS,1,-2.500000000000002,-2.650000000000002,NEUTRAL,NEUTRAL,88.4000015258789,65.32335335778957,86.16894078265055,85.3361154942861,85.12262776292319,0.975935315945112,0.25080021255629786,1.2291831763482122,0.975935315945112,0.25080021255629786,1.2291831763482122,0.261957245113436,-0.059320774522213814,0.3212780196356498,0.36343666752267684,0.36343666752267684,0.767627422682739,2.5891704400265314,2.5891704400265314,2.0,1.0,2.0,0.0,2.0,0.0,NMDC.BO
CURRENT,NMDC,NSE,2024-11-06,2024-11-07,2024-11-08,LONG,80.66666412353516,78.64999752044677,84.69999732971192,78.64999752044677,STOP_LOSS,2,-2.500000000000002,-2.650000000000002,NEUTRAL,NEUTRAL,80.35333251953125,63.50834047613503,77.38517198078937,75.97555767274241,75.41417563933173,1.8553523675584402,0.7443985545840743,2.613562138349061,1.8553523675584402,0.7443985545840743,2.613562138349061,0.6325384352847578,0.2141834836963429,0.41835495158841496,0.5206441829736516,0.5206441829736516,1.5678066025413968,3.8355675419041795,3.8355675419041795,1.0,1.0,1.0,0.0,1.0,0.0,NMDC.NS
CURRENT,NMDC,NSE,2024-12-03,2024-12-04,2024-12-10,LONG,78.8499984741211,76.87874851226806,82.79249839782715,82.79249839782715,TARGET,5,5.000000000000004,4.850000000000004,NEUTRAL,NEUTRAL,78.55999755859375,60.535459031144605,77.05548104432003,76.09957066740195,75.73185395697607,1.2561311036772482,0.485550915780808,1.747781175535369,1.2561311036772482,0.485550915780808,1.747781175535369,0.4226328569290132,0.09457663453689763,0.32805622239211557,0.41758685410782476,0.41758685410782476,0.4566792557625373,1.9525107025266175,1.9525107025266175,4.0,3.0,3.0,0.0,4.0,0.0,NMDC.NS
CURRENT,NMDC,NSE,2024-12-19,2024-12-20,2024-12-30,SHORT,71.5,73.2875,67.925,67.925,TARGET,6,5.263157894736836,5.113157894736836,NEUTRAL,NEUTRAL,71.37333679199219,33.686462530431655,74.18612078227306,76.26657348812532,76.51478623384719,-2.727869642886445,-0.3243984044643029,-3.0434188817533583,2.727869642886445,0.3243984044643029,3.0434188817533583,-0.34365422878499885,0.5412780082982507,-0.8849322370832495,-1.2398638999634604,1.2398638999634604,1.260536567235155,-3.791523212995655,3.791523212995655,2.0,1.0,2.0,1.0,2.0,1.0,NMDC.NS
CURRENT,NMDC,NSE,2025-04-08,2025-04-09,2025-04-11,SHORT,61.56999969482422,63.10924968719482,58.491499710083005,63.10924968719482,STOP_LOSS,2,-2.439024390243893,-2.5890243902438934,NEUTRAL,NEUTRAL,61.56999969482422,36.95568031839282,64.42426806044395,66.23715213784428,66.33566757968127,-2.7369595746320496,-0.1485105154307212,-2.881405417291355,2.7369595746320496,0.1485105154307212,2.881405417291355,-0.16880095629659309,0.5980462856236225,-0.7668472419202156,-1.2454884614603619,1.2454884614603619,1.1867805077424793,-4.430424204341457,4.430424204341457,1.0,1.0,2.0,1.0,2.0,1.0,NMDC.NS
CURRENT,NMDC,NSE,2025-05-14,2025-05-15,2025-05-27,LONG,70.04000091552734,68.28900089263915,73.54200096130371,73.54200096130371,TARGET,9,5.000000000000004,4.850000000000004,NEUTRAL,NEUTRAL,70.04000091552734,60.83446417753281,67.52894636960819,66.46089175459745,66.1849397398185,1.60704225720362,0.41694079629558384,2.030683468283195,1.60704225720362,0.41694079629558384,2.030683468283195,0.3300573327606884,-0.05722582681135803,0.3872831595720464,0.5529456803393453,0.5529456803393453,1.756983744966016,3.718486191351664,3.718486191351664,2.0,2.0,2.0,0.0,2.0,0.0,NMDC.NS
CURRENT,NMDC,NSE,2025-07-21,2025-07-22,2025-08-05,LONG,72.0,70.2,75.60000000000001,71.91999816894531,TIME_EXIT,11,-0.1111136542426227,-0.2611136542426228,BULL,BULL,71.91000366210938,62.10340407207728,70.46446498443211,69.59815517157708,69.4581240831398,1.2447310000090706,0.20160505381583413,1.4488454944273355,1.2447310000090706,0.20160505381583413,1.4488454944273355,0.1821487851448893,-0.18563338667636156,0.36778217182125084,0.5114478557801015,0.5114478557801015,1.11083948373053,2.0514434871486347,2.0514434871486347,2.0,1.0,2.0,1.0,2.0,1.0,NMDC.NS
CURRENT,NMDC,NSE,2025-09-03,2025-09-04,2025-09-04,LONG,74.9000015258789,73.02750148773193,78.64500160217285,73.02750148773193,STOP_LOSS,1,-2.5000000000000133,-2.650000000000013,NEUTRAL,NEUTRAL,74.29000091552734,63.278885418800044,71.85416708397037,71.05344988448556,70.85920184999236,1.1269223391497047,0.2741324054205676,1.4041440038858053,1.1269223391497047,0.2741324054205676,1.4041440038858053,0.22528979491954715,-0.011783873009677377,0.23707366792922452,0.3191192152478138,0.3191192152478138,1.8582089458457123,3.38996878039155,3.38996878039155,1.0,1.0,0.0,0.0,1.0,0.0,NMDC.NS
CURRENT,NMDC,NSE,2025-09-05,2025-09-08,2025-09-22,LONG,75.0999984741211,73.22249851226806,78.85499839782715,76.86000061035156,TIME_EXIT,11,2.3435448362052247,2.193544836205225,NEUTRAL,NEUTRAL,74.52999877929688,62.55134060137676,73.09629614268042,71.84110590056355,71.3074363588286,1.7471755569216836,0.7484065743851103,2.508658108040845,1.7471755569216836,0.7484065743851103,2.508658108040845,0.6124657950763037,0.1782647228355023,0.4342010722408014,0.5825856424962331,0.5825856424962331,0.8807457286335918,1.9613888969393762,1.9613888969393762,3.0,3.0,2.0,0.0,3.0,0.0,NMDC.NS
CURRENT,NMDC,NSE,2025-11-24,2025-11-25,2025-11-26,SHORT,72.56999969482422,74.38424968719482,68.94149971008301,74.38424968719482,STOP_LOSS,2,-2.4390243902439046,-2.5890243902439045,BULL,BULL,72.54000091552734,36.63695304978135,74.03067429788918,74.91119597545732,75.19804531220119,-1.1754206645647733,-0.3814585014184242,-1.5523954239307862,1.1754206645647733,0.3814585014184242,1.5523954239307862,-0.33790453154166755,-0.023230908881446584,-0.314673622660221,-0.4337932432984908,0.4337932432984908,1.0891513466763167,-2.013588821795099,2.013588821795099,2.0,2.0,2.0,0.0,2.0,0.0,NMDC.NS
CURRENT,NMDC,NSE,2026-02-04,2026-02-05,2026-02-05,LONG,86.12999725341797,83.97674732208252,90.43649711608889,83.97674732208252,STOP_LOSS,1,-2.500000000000002,-2.650000000000002,NEUTRAL,NEUTRAL,85.87999725341797,61.13538545628976,82.91105565751161,81.79603206325282,81.19291476716562,1.363175653064124,0.7428201066764829,2.1161217025808856,1.363175653064124,0.7428201066764829,2.1161217025808856,0.6615431964047218,0.41106105966384443,0.2504821367408774,0.2916652826638375,0.2916652826638375,2.318234902610621,3.5808753999833756,3.5808753999833756,4.0,4.0,0.0,0.0,4.0,0.0,NMDC.NS
CURRENT,NMDC,NSE,2026-04-09,2026-04-10,2026-04-17,LONG,85.0,82.875,89.25,89.25,TARGET,5,5.000000000000004,4.850000000000004,BEAR,BEAR,84.44000244140625,62.54791570132592,82.0573571911165,80.21059700609553,79.81601314692992,2.3023892776669226,0.4943667863229829,2.808138311870552,2.3023892776669226,0.4943667863229829,2.808138311870552,0.5010743112446647,-0.31255129308875595,0.8136256043334207,0.9635546906787498,0.9635546906787498,1.0355824269503866,2.9036339115095213,2.9036339115095213,3.0,2.0,4.0,0.0,4.0,0.0,NMDC.NS
CURRENT,NMDC,NSE,2026-08-26,2026-08-27,2026-08-27,LONG,88.5,86.2875,92.925,86.2875,STOP_LOSS,1,-2.500000000000002,-2.650000000000002,NEUTRAL,NEUTRAL,88.20999908447266,63.50996576888337,86.21940670201687,85.41797450926848,85.2001541049035,0.9382477134966858,0.2556572891837472,1.196303701350587,0.9382477134966858,0.2556572891837472,1.196303701350587,0.2652424509784055,-0.040160503398774416,0.3054029543771799,0.3462226023658797,0.3462226023658797,1.346165687384514,2.3087521227506,2.3087521227506,2.0,1.0,2.0,0.0,2.0,0.0,NMDC.NS
EMA_MACD,NMDC,NSE,2024-11-05,2024-11-06,2024-11-06,LONG,79.24666595458984,77.2654993057251,83.20899925231934,77.2654993057251,STOP_LOSS,1,-2.499999999999991,-2.649999999999991,NEUTRAL,NEUTRAL,78.24333190917969,59.41396229930585,75.90109171141842,75.24592853161093,75.01904308891577,0.8706958537062279,0.3024371324308271,1.1757662937091982,0.8706958537062279,0.3024371324308271,1.1757662937091982,0.24464945026167584,0.10959474579923917,0.13505470446243667,0.17260858039532406,0.17260858039532406,1.966271039168774,3.0859110784158967,3.0859110784158967,0.0,0.0,0.0,,0.0,0.0,NMDC.NS
EMA_MACD,NMDC,NSE,2024-11-19,2024-11-21,2024-11-26,SHORT,74.31999969482422,76.17799968719481,70.603999710083,76.17799968719481,STOP_LOSS,4,-2.4390243902438824,-2.5890243902438823,NEUTRAL,NEUTRAL,73.73999786376953,45.66609077743209,74.44656159274942,75.34103536624718,75.41174379294125,-1.187233184611224,-0.09376315032339406,-1.279883147699042,1.187233184611224,0.09376315032339406,1.279883147699042,-0.11506432223644936,0.29913268227395295,-0.4141970045104023,-0.5616992358415955,0.5616992358415955,0.8323267219813133,-0.9490884654217552,0.9490884654217552,3.0,2.0,3.0,,3.0,2.0,NMDC.NS
EMA_MACD,NMDC,NSE,2024-11-29,2024-12-02,2024-12-10,LONG,77.3133316040039,75.3804983139038,81.1789981842041,81.1789981842041,TARGET,7,5.000000000000004,4.850000000000004,NEUTRAL,NEUTRAL,76.69000244140625,55.033767336926154,75.82983418077475,75.42941610534831,75.36605066635438,0.5308513522989505,0.08407689992201602,0.6153745755811737,0.5308513522989505,0.08407689992201602,0.6153745755811737,0.07236532560034448,-0.037176465105169795,0.10954179070551427,0.14283711985693037,0.14283711985693037,0.7162505654297261,1.134340157702173,1.134340157702173,2.0,1.0,1.0,15.0,15.0,1.0,NMDC.NS
EMA_MACD,NMDC,NSE,2024-12-19,2024-12-20,2024-12-30,SHORT,71.5,73.2875,67.925,67.925,TARGET,6,5.263157894736836,5.113157894736836,NEUTRAL,NEUTRAL,71.37333679199219,33.686462530431655,74.18612078227306,76.26657348812532,76.51478623384719,-2.727869642886445,-0.3243984044643029,-3.0434188817533583,2.727869642886445,0.3243984044643029,3.0434188817533583,-0.34365422878499885,0.5412780082982507,-0.8849322370832495,-1.2398638999634604,1.2398638999634604,1.260536567235155,-3.791523212995655,3.791523212995655,2.0,1.0,2.0,1.0,2.0,1.0,NMDC.NS
EMA_MACD,NMDC,NSE,2025-03-04,2025-03-05,2025-03-05,SHORT,62.45000076293945,64.01125078201294,59.32750072479248,64.01125078201294,STOP_LOSS,1,-2.439024390243893,-2.5890243902438934,NEUTRAL,NEUTRAL,62.27000045776367,42.80707868353004,63.40387606634502,64.07728203285787,64.60857938053562,-1.0509277939840411,-0.8223325025434811,-1.864618175699328,1.0509277939840411,0.8223325025434811,1.864618175699328,-0.5691579495490373,-0.502617873459293,-0.06654007608974433,-0.10685735603113886,0.10685735603113886,1.1828653836955059,-1.7883379990757593,1.7883379990757593,2.0,2.0,0.0,14.0,14.0,0.0,NMDC.NS
EMA_MACD,NMDC,NSE,2025-03-10,2025-03-11,2025-03-19,LONG,64.69999694824219,63.08249702453613,67.9349967956543,67.9349967956543,TARGET,6,5.000000000000004,4.850000000000004,NEUTRAL,NEUTRAL,65.93000030517578,52.41662934496491,65.79298782351343,65.13461379576393,65.07380920970478,1.010789792680586,0.0934394141016118,1.1051736828422773,1.010789792680586,0.0934394141016118,1.1051736828422773,0.10442725259217411,-0.24392101805057675,0.34834827064275087,0.528360790278055,0.528360790278055,1.3449680321822202,0.20824784858514486,0.20824784858514486,2.0,2.0,3.0,65.0,65.0,2.0,NMDC.NS
EMA_MACD,NMDC,NSE,2025-04-08,2025-04-09,2025-04-11,SHORT,61.56999969482422,63.10924968719482,58.491499710083005,63.10924968719482,STOP_LOSS,2,-2.439024390243893,-2.5890243902438934,NEUTRAL,NEUTRAL,61.56999969482422,36.95568031839282,64.42426806044395,66.23715213784428,66.33566757968127,-2.7369595746320496,-0.1485105154307212,-2.881405417291355,2.7369595746320496,0.1485105154307212,2.881405417291355,-0.16880095629659309,0.5980462856236225,-0.7668472419202156,-1.2454884614603619,1.2454884614603619,1.1867805077424793,-4.430424204341457,4.430424204341457,1.0,1.0,2.0,1.0,2.0,1.0,NMDC.NS
EMA_MACD,NMDC,NSE,2025-04-23,2025-04-24,2025-04-25,LONG,67.97000122070312,66.27075119018555,71.36850128173829,66.27075119018555,STOP_LOSS,2,-2.499999999999991,-2.649999999999991,NEUTRAL,NEUTRAL,68.11000061035156,56.491935380804954,67.09888511368626,66.31120798034043,66.17619115513183,1.1878491695994498,0.20402628626976327,1.3942989804164332,1.1878491695994498,0.20402628626976327,1.3942989804164332,0.16042687930185195,-0.08662715548057373,0.24705403478242569,0.36272798791441746,0.36272798791441746,1.3139678209208216,1.5069035721713635,1.5069035721713635,2.0,2.0,1.0,13.0,13.0,1.0,NMDC.NS
EMA_MACD,NMDC,NSE,2025-04-30,2025-05-02,2025-05-02,SHORT,65.43000030517578,67.06575031280516,62.15850028991699,67.06575031280516,STOP_LOSS,1,-2.4390243902438824,-2.5890243902438823,NEUTRAL,NEUTRAL,64.79000091552734,45.599152006119795,65.63215728972871,65.94933981349574,66.03061311013401,-0.48094874742343197,-0.12308426775125486,-0.6034410429306618,0.48094874742343197,0.12308426775125486,0.6034410429306618,-0.09723395334982854,-0.00044293853917390033,-0.09679101481065464,-0.14939190221165444,0.14939190221165444,0.5624814487716615,-1.2831459592036931,1.2831459592036931,1.0,1.0,1.0,14.0,14.0,1.0,NMDC.NS
EMA_MACD,NMDC,NSE,2025-05-14,2025-05-15,2025-05-27,LONG,70.04000091552734,68.28900089263915,73.54200096130371,73.54200096130371,TARGET,9,5.000000000000004,4.850000000000004,NEUTRAL,NEUTRAL,70.04000091552734,60.83446417753281,67.52894636960819,66.46089175459745,66.1849397398185,1.60704225720362,0.41694079629558384,2.030683468283195,1.60704225720362,0.41694079629558384,2.030683468283195,0.3300573327606884,-0.05722582681135803,0.3872831595720464,0.5529456803393453,0.5529456803393453,1.756983744966016,3.718486191351664,3.718486191351664,2.0,2.0,2.0,0.0,2.0,0.0,NMDC.NS
EMA_MACD,NMDC,NSE,2025-07-21,2025-07-22,2025-08-05,LONG,72.0,70.2,75.60000000000001,71.91999816894531,TIME_EXIT,11,-0.1111136542426227,-0.2611136542426228,BULL,BULL,71.91000366210938,62.10340407207728,70.46446498443211,69.59815517157708,69.4581240831398,1.2447310000090706,0.20160505381583413,1.4488454944273355,1.2447310000090706,0.20160505381583413,1.4488454944273355,0.1821487851448893,-0.18563338667636156,0.36778217182125084,0.5114478557801015,0.5114478557801015,1.11083948373053,2.0514434871486347,2.0514434871486347,2.0,1.0,2.0,1.0,2.0,1.0,NMDC.NS
EMA_MACD,NMDC,NSE,2025-09-03,2025-09-04,2025-09-04,LONG,74.9000015258789,73.02750148773193,78.64500160217285,73.02750148773193,STOP_LOSS,1,-2.5000000000000133,-2.650000000000013,NEUTRAL,NEUTRAL,74.29000091552734,63.278885418800044,71.85416708397037,71.05344988448556,70.85920184999236,1.1269223391497047,0.2741324054205676,1.4041440038858053,1.1269223391497047,0.2741324054205676,1.4041440038858053,0.22528979491954715,-0.011783873009677377,0.23707366792922452,0.3191192152478138,0.3191192152478138,1.8582089458457123,3.38996878039155,3.38996878039155,1.0,1.0,0.0,0.0,1.0,0.0,NMDC.NS
EMA_MACD,NMDC,NSE,2025-11-12,2025-11-13,2025-11-18,LONG,77.5,75.5625,81.375,75.5625,STOP_LOSS,4,-2.500000000000002,-2.650000000000002,BULL,BULL,77.18000030517578,58.21149699449788,75.74612171232654,75.4022002275206,75.38680005319897,0.4561159803933952,0.020428210655923044,0.4766373673826283,0.4561159803933952,0.020428210655923044,0.4766373673826283,0.01867889044208937,-0.07586648452691849,0.09454537496900786,0.1224998375164136,0.1224998375164136,2.286150278222564,1.893005952562054,1.893005952562054,0.0,0.0,0.0,22.0,22.0,0.0,NMDC.NS
EMA_MACD,NMDC,NSE,2025-11-21,2025-11-24,2025-12-01,SHORT,73.51000213623047,75.34775218963622,69.83450202941894,75.34775218963622,STOP_LOSS,6,-2.439024390243893,-2.5890243902438934,BULL,BULL,73.51000213623047,40.279398274238496,74.77601098907009,75.3063951521123,75.41068886393509,-0.7043016226854103,-0.13830096687085064,-0.8416285336024,0.7043016226854103,0.13830096687085064,0.8416285336024,-0.12870447143336605,0.05543749678360865,-0.1841419682169747,-0.25049920128653846,0.25049920128653846,1.20044877712809,-1.6930681860318406,1.6930681860318406,1.0,1.0,1.0,11.0,11.0,1.0,NMDC.NS
EMA_MACD,NMDC,NSE,2025-12-05,2025-12-08,2025-12-08,LONG,76.3499984741211,74.44124851226806,80.16749839782715,74.44124851226806,STOP_LOSS,1,-2.500000000000002,-2.650000000000002,BULL,BULL,76.45999908447266,57.44453383903508,75.85160509184612,75.29715851011835,75.2117037228345,0.736344628002487,0.11361900216855025,0.8508002575898954,0.736344628002487,0.11361900216855025,0.8508002575898954,0.11250779543125589,-0.12899469252237009,0.24150248795362597,0.31585468329239075,0.31585468329239075,0.84005012771059,0.8020845332011737,0.8020845332011737,3.0,3.0,3.0,39.0,39.0,3.0,NMDC.NS
EMA_MACD,NMDC,NSE,2026-02-04,2026-02-05,2026-02-05,LONG,86.12999725341797,83.97674732208252,90.43649711608889,83.97674732208252,STOP_LOSS,1,-2.500000000000002,-2.650000000000002,NEUTRAL,NEUTRAL,85.87999725341797,61.13538545628976,82.91105565751161,81.79603206325282,81.19291476716562,1.363175653064124,0.7428201066764829,2.1161217025808856,1.363175653064124,0.7428201066764829,2.1161217025808856,0.6615431964047218,0.41106105966384443,0.2504821367408774,0.2916652826638375,0.2916652826638375,2.318234902610621,3.5808753999833756,3.5808753999833756,4.0,4.0,0.0,0.0,4.0,0.0,NMDC.NS
EMA_MACD,NMDC,NSE,2026-02-19,2026-02-20,2026-02-23,SHORT,79.0,80.975,75.05,80.975,STOP_LOSS,2,-2.439024390243893,-2.5890243902438934,NEUTRAL,NEUTRAL,79.22000122070312,43.722854991747475,80.24471420380277,81.46583640997777,81.59529477025823,-1.49893778789637,-0.15865909994561897,-1.655218686638968,1.49893778789637,0.15865909994561897,1.655218686638968,-0.19699651223736225,0.4010333553106225,-0.5980298675479847,-0.7548975742652442,0.7548975742652442,0.5591539226863679,-1.2769850242062253,1.2769850242062253,4.0,3.0,4.0,18.0,18.0,3.0,NMDC.NS
EMA_MACD,NMDC,NSE,2026-04-08,2026-04-09,2026-04-15,LONG,83.0,80.925,87.15,87.15,TARGET,4,5.000000000000004,4.850000000000004,BEAR,BEAR,82.91000366210938,59.417919148660644,80.8660345659716,79.5056961002104,79.44609400337181,1.7109949758148242,0.07502206066425246,1.7873006601677948,1.7109949758148242,0.07502206066425246,1.7873006601677948,0.12137254876064674,-0.5159576941721111,0.6373302429327579,0.7687012601400036,0.7687012601400036,0.9583589886120156,2.5275990186835173,2.5275990186835173,2.0,1.0,3.0,41.0,41.0,1.0,NMDC.NS
EMA_MACD,NMDC,NSE,2026-08-19,2026-08-20,2026-08-24,SHORT,83.87999725341797,85.97699718475342,79.68599739074706,85.97699718475342,STOP_LOSS,3,-2.4390243902439046,-2.5890243902439045,NEUTRAL,NEUTRAL,83.3499984741211,42.38203023444885,84.35330469249746,84.71013954367515,84.88370324132465,-0.42124219497208654,-0.20447234395047134,-0.62485321513279,0.42124219497208654,0.20447234395047134,0.62485321513279,-0.18524074465442197,-0.128062217391311,-0.057178527263110984,-0.06860051386907229,0.06860051386907229,1.1241329617503166,-1.1894094985772408,1.1894094985772408,1.0,1.0,0.0,20.0,20.0,0.0,NMDC.NS
EMA_MACD,NMDC,NSE,2026-08-26,2026-08-27,2026-08-27,LONG,88.5,86.2875,92.925,86.2875,STOP_LOSS,1,-2.500000000000002,-2.650000000000002,NEUTRAL,NEUTRAL,88.20999908447266,63.50996576888337,86.21940670201687,85.41797450926848,85.2001541049035,0.9382477134966858,0.2556572891837472,1.196303701350587,0.9382477134966858,0.2556572891837472,1.196303701350587,0.2652424509784055,-0.040160503398774416,0.3054029543771799,0.3462226023658797,0.3462226023658797,1.346165687384514,2.3087521227506,2.3087521227506,2.0,1.0,2.0,0.0,2.0,0.0,NMDC.NS
CURRENT,NORTHARC,BSE,2025-06-25,2025-06-26,2025-06-30,LONG,240.0,234.0,252.0,234.0,STOP_LOSS,3,-2.500000000000002,-2.650000000000002,BULL,BULL,243.3999938964844,64.4086069837873,230.24332097304637,224.44967355754844,220.18065026731995,2.5812679179559823,1.9388730503999758,4.570188476375827,2.5812679179559823,1.9388730503999758,4.570188476375827,4.682607202411674,3.547245605496128,1.135361596915546,0.46645917230318584,0.46645917230318584,0.4959292660832842,5.714247374401898,5.714247374401898,1.0,2.0,0.0,0.0,2.0,0.0,NORTHARC.BO
CURRENT,NORTHARC,BSE,2025-11-03,2025-11-04,2025-11-04,LONG,283.95001220703125,276.8512619018555,298.14751281738285,276.8512619018555,STOP_LOSS,1,-2.499999999999991,-2.649999999999991,BULL,BULL,284.29998779296875,62.05439442201583,275.07384730941993,272.64913343137306,270.48265507299374,0.8893165540381899,0.8009675732422348,1.697407264501746,0.8893165540381899,0.8009675732422348,1.697407264501746,2.29331595880916,2.2676371527107104,0.025678806098449414,0.009032292367577969,0.009032292367577969,2.225333274133931,3.354059491221166,3.354059491221166,0.0,3.0,0.0,0.0,3.0,0.0,NORTHARC.BO
EMA_MACD,NORTHARC,BSE,2025-06-25,2025-06-26,2025-06-30,LONG,240.0,234.0,252.0,234.0,STOP_LOSS,3,-2.500000000000002,-2.650000000000002,BULL,BULL,243.3999938964844,64.4086069837873,230.24332097304637,224.44967355754844,220.18065026731995,2.5812679179559823,1.9388730503999758,4.570188476375827,2.5812679179559823,1.9388730503999758,4.570188476375827,4.682607202411674,3.547245605496128,1.135361596915546,0.46645917230318584,0.46645917230318584,0.4959292660832842,5.714247374401898,5.714247374401898,1.0,2.0,0.0,0.0,2.0,0.0,NORTHARC.BO
EMA_MACD,NORTHARC,BSE,2025-08-21,2025-08-22,2025-08-28,LONG,247.1499938964844,240.97124404907228,259.5074935913086,240.97124404907228,STOP_LOSS,4,-2.500000000000002,-2.650000000000002,NEUTRAL,NEUTRAL,246.8999938964844,54.55262200852734,245.6347874389444,240.55421740079763,240.0884439685031,2.1120270070683507,0.19400077096406612,2.310125126709099,2.1120270070683507,0.19400077096406612,2.310125126709099,0.6631453843070858,-1.599110676945423,2.2622560612525087,0.9162641219833262,0.9162641219833262,1.0349585643937314,0.5150762523221596,0.5150762523221596,3.0,2.0,3.0,22.0,22.0,2.0,NORTHARC.BO
EMA_MACD,NORTHARC,BSE,2025-09-08,2025-09-09,2025-09-15,LONG,248.3999938964844,242.18999404907228,260.8199935913086,260.8199935913086,TARGET,5,5.000000000000004,4.850000000000004,NEUTRAL,NEUTRAL,246.5,54.11215430319927,243.14623103741317,242.4459100430643,241.84359190708156,0.2888565924764379,0.249052758120688,0.5386287559077019,0.2888565924764379,0.249052758120688,0.5386287559077019,0.6677560046049962,0.5256119644375461,0.14214404016745008,0.05766492501722113,0.05766492501722113,0.38640376467231097,1.3793217967136733,1.3793217967136733,0.0,0.0,0.0,33.0,33.0,0.0,NORTHARC.BO
EMA_MACD,NORTHARC,BSE,2025-11-03,2025-11-04,2025-11-04,LONG,283.95001220703125,276.8512619018555,298.14751281738285,276.8512619018555,STOP_LOSS,1,-2.499999999999991,-2.649999999999991,BULL,BULL,284.29998779296875,62.05439442201583,275.07384730941993,272.64913343137306,270.48265507299374,0.8893165540381899,0.8009675732422348,1.697407264501746,0.8893165540381899,0.8009675732422348,1.697407264501746,2.29331595880916,2.2676371527107104,0.025678806098449414,0.009032292367577969,0.009032292367577969,2.225333274133931,3.354059491221166,3.354059491221166,0.0,3.0,0.0,0.0,3.0,0.0,NORTHARC.BO
EMA_MACD,NORTHARC,BSE,2026-01-08,2026-01-09,2026-01-12,LONG,263.8999938964844,257.30249404907227,277.0949935913086,257.30249404907227,STOP_LOSS,2,-2.500000000000002,-2.650000000000002,BULL,BULL,263.6499938964844,57.06224309221851,262.02504149632693,258.01821621971294,257.5741186648987,1.552923408013185,0.17241544186044053,1.7280163296293056,1.552923408013185,0.17241544186044053,1.7280163296293056,0.6833856139227805,-1.3967366513654693,2.08012226528825,0.7889711031455431,0.7889711031455431,1.1432834653486197,0.6201515667655065,0.6201515667655065,4.0,2.0,4.0,2.0,4.0,2.0,NORTHARC.BO
EMA_MACD,NORTHARC,BSE,2026-02-04,2026-02-05,2026-02-05,SHORT,243.0,249.075,230.85,249.075,STOP_LOSS,1,-2.439024390243893,-2.5890243902438934,NEUTRAL,NEUTRAL,253.9499969482422,46.00902056295389,256.45616660859514,260.37719946323244,260.76781365143813,-1.505904842175318,-0.1497938655603459,-1.653442954660909,1.505904842175318,0.1497938655603459,1.653442954660909,-0.5729021524275026,1.2293622762474028,-1.8022644286749054,-0.7096926364768679,0.7096926364768679,0.39448530759244366,-0.9772311945135961,0.9772311945135961,2.0,2.0,2.0,2.0,2.0,2.0,NORTHARC.BO
CURRENT,NTPC,BSE,2025-08-29,2025-09-01,2025-09-02,SHORT,328.6499938964844,336.86624374389646,312.21749420166014,336.86624374389646,STOP_LOSS,2,-2.439024390243893,-2.5890243902438934,BEAR,BEAR,327.54998779296875,37.63847932097687,332.23586857831737,334.75674377679945,335.7663952779332,-0.753046875184953,-0.3007005809196639,-1.0514830397763384,0.753046875184953,0.3007005809196639,1.0514830397763384,-1.1547175705434825,-0.3578869660141639,-0.7968306045293185,-0.2432699234392777,0.2432699234392777,2.424473406647615,-1.4104078543355776,1.4104078543355776,2.0,2.0,2.0,0.0,2.0,0.0,NTPC.BO
CURRENT,NTPC,BSE,2025-11-04,2025-11-06,2025-11-20,SHORT,332.5,340.81249999999994,315.875,326.75,TIME_EXIT,11,1.759755164498844,1.609755164498844,BULL,BULL,330.70001220703125,39.75414389619467,336.4558557081689,338.94311284741406,339.01947906259215,-0.7338273134833958,-0.022525612802324686,-0.7561876271864476,0.7338273134833958,0.022525612802324686,0.7561876271864476,-0.18054388578775615,0.9189091676228927,-1.0994530534106488,-0.33246235646412614,0.33246235646412614,2.4422933191315237,-1.7107276938375147,1.7107276938375147,1.0,1.0,2.0,0.0,2.0,0.0,NTPC.BO
CURRENT,NTPC,BSE,2026-04-13,2026-04-15,2026-04-27,LONG,391.8500061035156,382.0537559509277,411.4425064086914,411.4425064086914,TARGET,9,5.000000000000004,4.850000000000004,BEAR,BEAR,386.1499938964844,60.16408351946244,378.9080134802138,375.64673150606467,374.3711302173431,0.8681779184058973,0.34073174605665557,1.2118678222428156,0.8681779184058973,0.34073174605665557,1.2118678222428156,1.384583807110289,0.7021173088457957,0.6824664982644932,0.1767361152535568,0.1767361152535568,1.4839810205366224,1.9112766578236364,1.9112766578236364,1.0,1.0,0.0,0.0,1.0,0.0,NTPC.BO
EMA_MACD,NTPC,BSE,2025-07-29,2025-07-30,2025-08-13,SHORT,334.6499938964844,343.01624374389644,317.91749420166013,339.95001220703125,TIME_EXIT,11,-1.5590581321465402,-1.70905813214654,BULL,BULL,334.45001220703125,42.3749789125977,335.8587079878501,338.06494683921187,338.29765083507147,-0.6526079890829648,-0.06878676079635081,-0.7209458419829273,0.6526079890829648,0.06878676079635081,0.7209458419829273,-0.3323261861082756,0.6728937299695897,-1.0052199160778654,-0.3005590908621687,0.3005590908621687,0.7617910859784368,-0.4194310724466332,0.4194310724466332,2.0,2.0,3.0,2.0,3.0,2.0,NTPC.BO
EMA_MACD,NTPC,BSE,2025-08-26,2025-08-28,2025-09-11,SHORT,330.04998779296875,338.30123748779295,313.5474884033203,331.1000061035156,TIME_EXIT,11,-0.3171302600999071,-0.4671302600999071,NEUTRAL,NEUTRAL,333.25,44.47649900660099,336.39320735297184,336.7925127019501,336.8616035303063,-0.11856123100088964,-0.020510152428215057,-0.13904706633990563,0.11856123100088964,0.020510152428215057,0.13904706633990563,-0.06678054371957387,-0.06632750646809146,-0.0004530372514824077,-0.0001359451617351561,0.0001359451617351561,2.352641277342299,-0.9343849056005838,0.9343849056005838,0.0,0.0,0.0,12.0,12.0,0.0,NTPC.BO
EMA_MACD,NTPC,BSE,2025-09-19,2025-09-22,2025-10-07,LONG,339.6000061035156,331.1100059509277,356.5800064086914,338.0,TIME_EXIT,11,-0.4711443094108536,-0.6211443094108536,BULL,BULL,338.75,58.49391398822548,335.9240240951789,333.5937762142627,333.5880214308613,0.6985285838844661,0.0017251169201680469,0.7002657512394269,0.6985285838844661,0.0017251169201680469,0.7002657512394269,0.11068207131660301,-1.055139958763635,1.165822030080238,0.34415410482073444,0.34415410482073444,0.31250952283235567,0.8412544808109421,0.8412544808109421,3.0,2.0,4.0,51.0,51.0,2.0,NTPC.BO
EMA_MACD,NTPC,BSE,2025-11-04,2025-11-06,2025-11-20,SHORT,332.5,340.81249999999994,315.875,326.75,TIME_EXIT,11,1.759755164498844,1.609755164498844,BULL,BULL,330.70001220703125,39.75414389619467,336.4558557081689,338.94311284741406,339.01947906259215,-0.7338273134833958,-0.022525612802324686,-0.7561876271864476,0.7338273134833958,0.022525612802324686,0.7561876271864476,-0.18054388578775615,0.9189091676228927,-1.0994530534106488,-0.33246235646412614,0.33246235646412614,2.4422933191315237,-1.7107276938375147,1.7107276938375147,1.0,1.0,2.0,0.0,2.0,0.0,NTPC.BO
EMA_MACD,NTPC,BSE,2026-04-13,2026-04-15,2026-04-27,LONG,391.8500061035156,382.0537559509277,411.4425064086914,411.4425064086914,TARGET,9,5.000000000000004,4.850000000000004,BEAR,BEAR,386.1499938964844,60.16408351946244,378.9080134802138,375.64673150606467,374.3711302173431,0.8681779184058973,0.34073174605665557,1.2118678222428156,0.8681779184058973,0.34073174605665557,1.2118678222428156,1.384583807110289,0.7021173088457957,0.6824664982644932,0.1767361152535568,0.1767361152535568,1.4839810205366224,1.9112766578236364,1.9112766578236364,1.0,1.0,0.0,0.0,1.0,0.0,NTPC.BO
CURRENT,PFC,BSE,2024-12-23,2024-12-24,2025-01-03,SHORT,457.3500061035156,468.78375625610346,434.48250579833984,468.78375625610346,STOP_LOSS,8,-2.439024390243893,-2.5890243902438934,NEUTRAL,NEUTRAL,455.9500122070313,34.3537020127567,471.60609392639896,486.15504590431885,487.110770206751,-2.992656787271793,-0.19620266290283297,-3.1829877778664564,2.992656787271793,0.19620266290283297,3.1829877778664564,-1.6660666222210239,5.42541493848972,-7.0914815607107435,-1.555319962902149,1.555319962902149,0.5863925976315499,-3.3197369416967306,3.3197369416967306,3.0,1.0,4.0,1.0,4.0,1.0,PFC.BO
CURRENT,PFC,BSE,2025-04-21,2025-04-22,2025-04-23,LONG,436.1000061035156,425.1975059509277,457.9050064086914,425.1975059509277,STOP_LOSS,2,-2.500000000000002,-2.650000000000002,NEUTRAL,NEUTRAL,436.1000061035156,62.22846100016314,423.53565299720213,415.15944158928124,409.8110879983758,2.0175890438275297,1.3050778145189286,3.348997965345616,2.0175890438275297,1.3050778145189286,3.348997965345616,5.9818890296257905,3.719582626073468,2.2623064035523224,0.5187586268951636,0.5187586268951636,1.572059331416988,2.9665396566736,2.9665396566736,3.0,3.0,2.0,0.0,3.0,0.0,PFC.BO
CURRENT,PFC,BSE,2025-06-09,2025-06-10,2025-06-12,LONG,435.0,424.125,456.75,424.125,STOP_LOSS,3,-2.500000000000002,-2.650000000000002,NEUTRAL,NEUTRAL,431.0,62.17277777639705,417.899584585035,413.11209787752165,411.50090715922977,1.1588832019469701,0.3915400161362054,1.5549607095590783,1.1588832019469701,0.3915400161362054,1.5549607095590783,1.8798921884506967,0.234964334957787,1.6449278534929097,0.3816537943139002,0.3816537943139002,2.1326442515194306,3.1348237467078244,3.1348237467078244,1.0,1.0,1.0,0.0,1.0,0.0,PFC.BO
CURRENT,PFC,BSE,2025-06-19,2025-06-20,2025-06-20,SHORT,398.9500122070313,408.9237625122071,379.0025115966797,408.9237625122071,STOP_LOSS,1,-2.4390243902439046,-2.5890243902439045,NEUTRAL,NEUTRAL,389.8500061035156,36.97426079582513,400.30322496075144,407.56304414649367,409.6455245792535,-1.7812751401309033,-0.508361573069485,-2.2805813948773235,1.7812751401309033,0.508361573069485,2.2805813948773235,-2.4925664055932657,0.3225064956103953,-2.815072901203661,-0.7220912805260246,0.7220912805260246,2.5393737261441545,-2.611325166880861,2.611325166880861,3.0,3.0,3.0,0.0,3.0,0.0,PFC.BO
CURRENT,PFC,BSE,2025-06-30,2025-07-01,2025-07-02,LONG,428.6499938964844,417.9337440490722,450.0824935913086,417.9337440490722,STOP_LOSS,2,-2.5000000000000133,-2.650000000000013,BULL,BULL,427.5,60.0495007826535,419.86900395405377,414.700278329789,412.8983339247967,1.246376212980102,0.4364135810052689,1.6882291490492352,1.246376212980102,0.4364135810052689,1.6882291490492352,2.096707739315832,0.2751225525244692,1.8215851867913628,0.426101798079851,0.426101798079851,0.37262344197946035,1.8174706811130295,1.8174706811130295,3.0,2.0,2.0,0.0,3.0,0.0,PFC.BO
CURRENT,PFC,BSE,2025-08-21,2025-08-22,2025-08-29,SHORT,400.7000122070313,410.7175125122071,380.6650115966797,380.6650115966797,TARGET,5,5.263157894736836,5.113157894736836,NEUTRAL,NEUTRAL,400.25,39.92555375968667,406.20416032571563,410.00960407177973,412.29264214885575,-0.9281352700698902,-0.5537421345132173,-1.4767379285274522,0.9281352700698902,0.5537421345132173,1.4767379285274522,-2.5674556449817487,-1.4761991595175492,-1.0912564854641995,-0.27264371904164886,0.27264371904164886,1.1400713216225564,-1.4658048605266076,1.4658048605266076,3.0,3.0,2.0,0.0,3.0,0.0,PFC.BO
CURRENT,PFC,BSE,2025-11-06,2025-11-07,2025-11-07,SHORT,384.5499877929688,394.163737487793,365.32248840332034,394.163737487793,STOP_LOSS,1,-2.4390243902439046,-2.5890243902439045,BULL,BULL,386.0,37.43777701410352,395.71181848997674,398.66162013017174,400.30030892981017,-0.73992616576229,-0.40936486010200973,-1.1462620281509688,0.73992616576229,0.40936486010200973,1.1462620281509688,-1.8361010742186181,-1.078910134062022,-0.7571909401565962,-0.19616345599911816,0.19616345599911816,1.7377810511415859,-2.454265461930532,2.454265461930532,1.0,1.0,0.0,0.0,1.0,0.0,PFC.BO
CURRENT,PFC,BSE,2026-01-28,2026-01-29,2026-02-02,LONG,383.7000122070313,374.1075119018555,402.8850128173829,374.1075119018555,STOP_LOSS,3,-2.500000000000002,-2.650000000000002,NEUTRAL,NEUTRAL,383.0,61.68948822832831,369.267301683264,366.7125231481838,364.3965534323204,0.6966706544809975,0.6355630134392958,1.3366614489256599,0.6966706544809975,0.6355630134392958,1.3366614489256599,2.5508646042117107,2.2331406651344845,0.3177239390772262,0.08295664205671702,0.08295664205671702,1.8756400450942914,3.7189045047143385,3.7189045047143385,0.0,0.0,0.0,0.0,0.0,0.0,PFC.BO
CURRENT,PFC,BSE,2026-04-10,2026-04-13,2026-04-15,LONG,424.5,413.8875,445.725,445.725,TARGET,2,5.000000000000004,4.850000000000004,BEAR,BEAR,434.7000122070313,61.91417832075448,421.13213206919,412.17871267651606,408.780625445395,2.172217806818353,0.831274042750583,3.0215489323490226,2.172217806818353,0.831274042750583,3.0215489323490226,3.8860332707782277,0.9382391861371164,2.947794084641111,0.678121463506467,0.678121463506467,0.7947885156279796,3.221763219818187,3.221763219818187,2.0,2.0,2.0,0.0,2.0,0.0,PFC.BO
CURRENT,PFC,BSE,2026-08-10,2026-08-11,2026-08-20,SHORT,386.0,395.65,366.7,366.7,TARGET,8,5.263157894736836,5.113157894736836,BULL,BULL,386.0,29.752343006922132,407.8735927412598,413.5816817427608,415.9328379276583,-1.3801600151747757,-0.5652730370152739,-1.9376313797566005,1.3801600151747757,0.5652730370152739,1.9376313797566005,-2.6133914382963894,-1.2283563556158428,-1.3850350826805466,-0.3588173789327841,0.3588173789327841,5.469441145377393,-5.362836214585637,5.362836214585637,0.0,0.0,0.0,0.0,0.0,0.0,PFC.BO
EMA_MACD,PFC,BSE,2024-12-23,2024-12-24,2025-01-03,SHORT,457.3500061035156,468.78375625610346,434.48250579833984,468.78375625610346,STOP_LOSS,8,-2.439024390243893,-2.5890243902438934,NEUTRAL,NEUTRAL,455.9500122070313,34.3537020127567,471.60609392639896,486.15504590431885,487.110770206751,-2.992656787271793,-0.19620266290283297,-3.1829877778664564,2.992656787271793,0.19620266290283297,3.1829877778664564,-1.6660666222210239,5.42541493848972,-7.0914815607107435,-1.555319962902149,1.555319962902149,0.5863925976315499,-3.3197369416967306,3.3197369416967306,3.0,1.0,4.0,1.0,4.0,1.0,PFC.BO
EMA_MACD,PFC,BSE,2025-04-16,2025-04-17,2025-04-22,LONG,422.5,411.9375,443.625,443.625,TARGET,3,5.000000000000004,4.850000000000004,NEUTRAL,NEUTRAL,423.8999938964844,57.8427890654734,414.0302085625524,409.6642367196662,406.42861153739926,1.0657439560373076,0.7961115655779011,1.8703400325086692,1.0657439560373076,0.7961115655779011,1.8703400325086692,3.563228879841745,2.844303688132224,0.7189251917095207,0.16959783016299854,0.16959783016299854,1.1115517214856243,2.383832176931805,2.383832176931805,1.0,1.0,0.0,14.0,14.0,0.0,PFC.BO
EMA_MACD,PFC,BSE,2025-05-19,2025-05-20,2025-05-20,LONG,419.5,409.0125,440.475,409.0125,STOP_LOSS,1,-2.500000000000002,-2.650000000000002,NEUTRAL,NEUTRAL,419.2000122070313,54.5638348745056,412.8849507564751,410.06050922262983,410.02924840026833,0.6887865254812537,0.007624046938960392,0.696463085828226,0.6887865254812537,0.007624046938960392,0.696463085828226,0.056697102567056845,-0.7661856781728422,0.8228827807398991,0.19629836755193125,0.19629836755193125,0.7892737127647967,1.5294966404045303,1.5294966404045303,1.0,1.0,1.0,16.0,16.0,1.0,PFC.BO
EMA_MACD,PFC,BSE,2025-05-21,2025-05-22,2025-05-22,LONG,413.7000122070313,403.3575119018555,434.3850128173829,403.3575119018555,STOP_LOSS,1,-2.500000000000002,-2.650000000000002,NEUTRAL,NEUTRAL,412.75,51.34242461943826,411.4433128036591,410.0209871150157,409.99558375218584,0.34689094786370833,0.006196008892923023,0.35310845015060977,0.34689094786370833,0.006196008892923023,0.35310845015060977,0.046425360952810024,-0.5171670928242792,0.5635924537770892,0.1365457186619235,0.1365457186619235,3.0558660966813793,0.317586203415688,0.317586203415688,3.0,3.0,3.0,18.0,18.0,3.0,PFC.BO
EMA_MACD,PFC,BSE,2025-05-23,2025-05-26,2025-05-28,SHORT,406.8500061035156,417.0212562561034,386.5075057983398,417.0212562561034,STOP_LOSS,3,-2.439024390243893,-2.5890243902438934,NEUTRAL,NEUTRAL,405.8500061035156,48.105880560912475,408.5136952575725,409.0123580049813,409.45903960155033,-0.1219187483334461,-0.10909066679873351,-0.23087641315667004,0.1219187483334461,0.10909066679873351,0.23087641315667004,-0.5035181393974426,-0.4681068333869227,-0.035411306010519894,-0.008725220026604589,0.008725220026604589,1.0699147289201436,-0.6520440281389858,0.6520440281389858,0.0,0.0,0.0,10.0,10.0,0.0,PFC.BO
EMA_MACD,PFC,BSE,2025-06-03,2025-06-04,2025-06-06,SHORT,408.5,418.7125,388.075,418.7125,STOP_LOSS,3,-2.439024390243893,-2.5890243902438934,NEUTRAL,NEUTRAL,407.1499938964844,48.29031336064077,408.82917137580137,409.4863848515442,409.7019485030858,-0.16049702750949554,-0.0526147489239987,-0.2130273313254396,0.16049702750949554,0.0526147489239987,0.2130273313254396,-0.24728644095756636,-0.09192098818685684,-0.1553654527707095,-0.038159266879471035,0.038159266879471035,1.1580600789993103,-0.4107283914369867,0.4107283914369867,2.0,2.0,0.0,17.0,17.0,0.0,PFC.BO
EMA_MACD,PFC,BSE,2025-06-18,2025-06-19,2025-06-20,SHORT,395.8999938964844,405.7974937438965,376.1049942016601,405.7974937438965,STOP_LOSS,2,-2.439024390243893,-2.5890243902438934,NEUTRAL,NEUTRAL,397.1000061035156,40.55855259105828,405.52983438936934,410.51521715365664,411.2291660573125,-1.214420941287849,-0.17361339189554797,-1.3859259357953373,1.214420941287849,0.17361339189554797,1.3859259357953373,-0.9302165981714552,1.0262747209113106,-1.9564913190827657,-0.4926948599876751,0.4926948599876751,0.40447676149903977,-2.0787196331798907,2.0787196331798907,2.0,2.0,2.0,28.0,28.0,2.0,PFC.BO
EMA_MACD,PFC,BSE,2025-06-26,2025-06-27,2025-07-04,LONG,423.0,412.425,444.15,412.425,STOP_LOSS,6,-2.500000000000002,-2.650000000000002,BULL,BULL,420.1499938964844,55.99035666144055,413.33025889662076,411.07815661554605,410.9486166898829,0.5478525785988073,0.03152217099708801,0.5795474446225332,0.5478525785988073,0.03152217099708801,0.5795474446225332,0.17668943602632226,-0.4731452394639466,0.6498346754902689,0.1546673057075835,0.1546673057075835,0.36468997468268605,1.6499481596311865,1.6499481596311865,1.0,0.0,0.0,13.0,13.0,0.0,PFC.BO
EMA_MACD,PFC,BSE,2025-08-19,2025-08-20,2025-08-26,SHORT,411.0,421.275,390.45,390.45,TARGET,5,5.263157894736836,5.113157894736836,NEUTRAL,NEUTRAL,409.9500122070313,46.549368405444305,412.04685462934435,413.000570174306,414.04053682586283,-0.23092354196003645,-0.2511750804714596,-0.48151860003915037,0.23092354196003645,0.2511750804714596,0.48151860003915037,-1.1384190523090183,-1.0522048390974434,-0.08621421321157485,-0.02103042094020851,0.02103042094020851,0.5670684919582905,-0.5088844627146237,0.5088844627146237,1.0,1.0,0.0,11.0,11.0,0.0,PFC.BO
EMA_MACD,PFC,BSE,2025-10-14,2025-10-15,2025-10-29,SHORT,399.8999938964844,409.89749374389646,379.90499420166014,409.89749374389646,STOP_LOSS,10,-2.439024390243893,-2.5890243902438934,BULL,BULL,397.3500061035156,43.24958910888926,401.76495651769676,403.8986591399329,404.03279507119476,-0.5282767283208242,-0.03319926820253403,-0.5613006125154714,0.5282767283208242,0.03319926820253403,0.5613006125154714,-0.21712591002642512,0.7535038925205841,-0.9706298025470093,-0.2442757739115639,0.2442757739115639,0.7840832648902071,-1.0988888758362048,1.0988888758362048,4.0,3.0,4.0,36.0,36.0,3.0,PFC.BO
EMA_MACD,PFC,BSE,2025-11-06,2025-11-07,2025-11-07,SHORT,384.5499877929688,394.163737487793,365.32248840332034,394.163737487793,STOP_LOSS,1,-2.4390243902439046,-2.5890243902439045,BULL,BULL,386.0,37.43777701410352,395.71181848997674,398.66162013017174,400.30030892981017,-0.73992616576229,-0.40936486010200973,-1.1462620281509688,0.73992616576229,0.40936486010200973,1.1462620281509688,-1.8361010742186181,-1.078910134062022,-0.7571909401565962,-0.19616345599911816,0.19616345599911816,1.7377810511415859,-2.454265461930532,2.454265461930532,1.0,1.0,0.0,0.0,1.0,0.0,PFC.BO
EMA_MACD,PFC,BSE,2026-01-28,2026-01-29,2026-02-02,LONG,383.7000122070313,374.1075119018555,402.8850128173829,374.1075119018555,STOP_LOSS,3,-2.500000000000002,-2.650000000000002,NEUTRAL,NEUTRAL,383.0,61.68948822832831,369.267301683264,366.7125231481838,364.3965534323204,0.6966706544809975,0.6355630134392958,1.3366614489256599,0.6966706544809975,0.6355630134392958,1.3366614489256599,2.5508646042117107,2.2331406651344845,0.3177239390772262,0.08295664205671702,0.08295664205671702,1.8756400450942914,3.7189045047143385,3.7189045047143385,0.0,0.0,0.0,0.0,0.0,0.0,PFC.BO
EMA_MACD,PFC,BSE,2026-04-08,2026-04-09,2026-04-15,LONG,418.1499938964844,407.6962440490723,439.0574935913086,439.0574935913086,TARGET,4,5.000000000000004,4.850000000000004,BEAR,BEAR,417.1499938964844,55.61121345734398,407.5472818968882,405.17102117938543,405.0076394882588,0.5864833843708417,0.0403403973646199,0.6270603714631944,0.5864833843708417,0.0403403973646199,0.6270603714631944,0.14578809104511947,-0.23676665393995544,0.3825547449850749,0.09170676029783323,0.09170676029783323,0.712885470045487,2.35622035188195,2.35622035188195,0.0,0.0,0.0,12.0,12.0,0.0,PFC.BO
EMA_MACD,PFC,BSE,2026-08-10,2026-08-11,2026-08-20,SHORT,386.0,395.65,366.7,366.7,TARGET,8,5.263157894736836,5.113157894736836,BULL,BULL,386.0,29.752343006922132,407.8735927412598,413.5816817427608,415.9328379276583,-1.3801600151747757,-0.5652730370152739,-1.9376313797566005,1.3801600151747757,0.5652730370152739,1.9376313797566005,-2.6133914382963894,-1.2283563556158428,-1.3850350826805466,-0.3588173789327841,0.3588173789327841,5.469441145377393,-5.362836214585637,5.362836214585637,0.0,0.0,0.0,0.0,0.0,0.0,PFC.BO
CURRENT,PINELABS,BSE,2026-05-14,2026-05-15,2026-05-18,SHORT,156.6999969482422,160.61749687194822,148.86499710083007,148.86499710083007,TARGET,2,5.2631578947368585,5.113157894736858,BEAR,BEAR,155.64999389648438,28.771215733394413,174.19017766681392,184.77962031547423,185.80005409481387,-5.7308498797545715,-0.5492107008854328,-6.248586139848713,5.7308498797545715,0.5492107008854328,6.248586139848713,-1.4978593160767275,3.2014017491266555,-4.699261065203383,-3.0191206228563328,3.0191206228563328,6.8365229588761345,-10.64364479023191,10.64364479023191,2.0,1.0,3.0,1.0,3.0,1.0,PINELABS.BO
CURRENT,PINELABS,BSE,2026-07-08,2026-07-09,2026-07-10,SHORT,143.0,146.575,135.85,146.575,STOP_LOSS,2,-2.439024390243893,-2.5890243902438934,NEUTRAL,NEUTRAL,142.0,36.602114165925485,149.20783930266708,152.3878440948302,153.6606170386225,-2.0867837661540882,-0.8283013359710638,-2.89780024431127,2.0867837661540882,0.8283013359710638,2.89780024431127,-1.3899811843648422,-0.6472088436321223,-0.7427723407327199,-0.5230791131920562,0.5230791131920562,0.4345739582753611,-4.830737671930246,4.830737671930246,1.0,1.0,0.0,0.0,1.0,0.0,PINELABS.BO
EMA_MACD,PINELABS,BSE,2026-01-29,2026-01-30,2026-01-30,SHORT,223.4499969482422,229.03624687194824,212.2774971008301,229.03624687194824,STOP_LOSS,1,-2.4390243902439046,-2.5890243902439045,NEUTRAL,NEUTRAL,224.35000610351562,41.68775590301116,230.35681619338285,232.03855311408893,233.39444673327387,-0.7247661641292834,-0.5809451073763003,-1.3015007779351557,0.7247661641292834,0.5809451073763003,1.3015007779351557,-1.4435782941954756,-1.407370355225446,-0.03620793897002961,-0.016139040777793955,0.016139040777793955,1.2021314895794075,-2.6076111786614367,2.6076111786614367,0.0,1.0,0.0,14.0,14.0,0.0,PINELABS.BO
EMA_MACD,PINELABS,BSE,2026-05-14,2026-05-15,2026-05-18,SHORT,156.6999969482422,160.61749687194822,148.86499710083007,148.86499710083007,TARGET,2,5.2631578947368585,5.113157894736858,BEAR,BEAR,155.64999389648438,28.771215733394413,174.19017766681392,184.77962031547423,185.80005409481387,-5.7308498797545715,-0.5492107008854328,-6.248586139848713,5.7308498797545715,0.5492107008854328,6.248586139848713,-1.4978593160767275,3.2014017491266555,-4.699261065203383,-3.0191206228563328,3.0191206228563328,6.8365229588761345,-10.64364479023191,10.64364479023191,2.0,1.0,3.0,1.0,3.0,1.0,PINELABS.BO
EMA_MACD,PINELABS,BSE,2026-07-08,2026-07-09,2026-07-10,SHORT,143.0,146.575,135.85,146.575,STOP_LOSS,2,-2.439024390243893,-2.5890243902438934,NEUTRAL,NEUTRAL,142.0,36.602114165925485,149.20783930266708,152.3878440948302,153.6606170386225,-2.0867837661540882,-0.8283013359710638,-2.89780024431127,2.0867837661540882,0.8283013359710638,2.89780024431127,-1.3899811843648422,-0.6472088436321223,-0.7427723407327199,-0.5230791131920562,0.5230791131920562,0.4345739582753611,-4.830737671930246,4.830737671930246,1.0,1.0,0.0,0.0,1.0,0.0,PINELABS.BO
EMA_MACD,PINELABS,BSE,2026-07-22,2026-07-23,2026-07-23,SHORT,146.35000610351562,150.0087562561035,139.03250579833983,150.0087562561035,STOP_LOSS,1,-2.439024390243893,-2.5890243902438934,NEUTRAL,NEUTRAL,146.9499969482422,42.815768745071615,150.25987838083245,151.55435153197413,152.4845284153938,-0.8541312988090524,-0.6100139424543559,-1.4589349212538065,0.8541312988090524,0.6100139424543559,1.4589349212538065,-1.009659859877985,-0.780918368794872,-0.22874149108311292,-0.1556594051265471,0.1556594051265471,0.4653702457543866,-2.2027712708520846,2.2027712708520846,2.0,2.0,0.0,10.0,10.0,0.0,PINELABS.BO
EMA_MACD,PINELABS,BSE,2026-08-10,2026-08-11,2026-08-11,LONG,162.35000610351562,158.2912559509277,170.4675064086914,170.4675064086914,TARGET,1,5.000000000000004,4.850000000000004,BULL,BULL,162.0,59.90719985265081,155.22880390860206,151.72259149542393,151.25445022564418,2.3109362808925416,0.3095057825282945,2.627594544840743,2.3109362808925416,0.3095057825282945,2.627594544840743,0.6444682263118295,-0.8908392587040057,1.5353074850158352,0.9477206697628613,0.9477206697628613,1.4819007645632245,4.362074512527189,4.362074512527189,2.0,2.0,4.0,68.0,68.0,2.0,PINELABS.BO
CURRENT,PINELABS,NSE,2026-05-14,2026-05-15,2026-05-18,SHORT,156.39999389648438,160.30999374389648,148.57999420166016,148.57999420166016,TARGET,2,5.263157894736836,5.113157894736836,BEAR,BEAR,155.7100067138672,28.127980937567145,174.13702690031127,184.80867423134706,186.03737080129972,-5.774429893738002,-0.6604568558781612,-6.396749131495093,5.774429893738002,0.6604568558781612,6.396749131495093,-1.7322252254622583,2.9922075289173145,-4.724432754379572,-3.0341227606914134,3.0341227606914134,5.25321714829461,-10.581908118250492,10.581908118250492,2.0,1.0,4.0,1.0,4.0,1.0,PINELABS.NS
CURRENT,PINELABS,NSE,2026-07-08,2026-07-09,2026-07-10,SHORT,142.83999633789062,146.41099624633787,135.6979965209961,146.41099624633787,STOP_LOSS,2,-2.439024390243893,-2.5890243902438934,NEUTRAL,NEUTRAL,142.07000732421875,36.625631071137754,149.2191794682377,152.3950599152229,153.6866417449521,-2.0839786071490285,-0.8403995396507081,-2.906864400178837,2.0839786071490285,0.8403995396507081,2.906864400178837,-1.4093732475793956,-0.6737594857141631,-0.7356137618652325,-0.5177825888236103,0.5177825888236103,0.4662112048806322,-4.791054453922064,4.791054453922064,1.0,1.0,0.0,0.0,1.0,0.0,PINELABS.NS
CURRENT,PINELABS,NSE,2026-08-10,2026-08-11,2026-08-11,LONG,162.72999572753906,158.66174583435057,170.86649551391602,170.86649551391602,TARGET,1,5.000000000000004,4.850000000000004,BULL,BULL,161.94000244140625,60.038482978458276,155.23266831598423,151.70042950806695,151.22657283873235,2.3284303277001914,0.3133421993500534,2.6490684818493944,2.3284303277001914,0.3133421993500534,2.6490684818493944,0.6522046686753242,-0.8975060452748377,1.5497107139501618,0.9569659692396781,0.9569659692396781,1.744125427396426,4.320826407344163,4.320826407344163,2.0,2.0,4.0,0.0,4.0,0.0,PINELABS.NS
EMA_MACD,PINELABS,NSE,2026-01-30,2026-02-02,2026-02-09,SHORT,226.9900054931641,232.66475563049315,215.64050521850584,215.64050521850584,TARGET,6,5.2631578947368585,5.113157894736858,NEUTRAL,NEUTRAL,228.11000061035156,44.913318855666645,229.50888085686498,231.2539329857605,232.65094634811257,-0.7546043028824894,-0.600476114230682,-1.3505491985174052,0.7546043028824894,0.600476114230682,1.3505491985174052,-1.4981121495792138,-1.3569887843779138,-0.14112336520129998,-0.06186636483437712,0.06186636483437712,0.8721605264760889,-0.609510290534612,0.609510290534612,1.0,2.0,0.0,16.0,16.0,0.0,PINELABS.NS
EMA_MACD,PINELABS,NSE,2026-05-14,2026-05-15,2026-05-18,SHORT,156.39999389648438,160.30999374389648,148.57999420166016,148.57999420166016,TARGET,2,5.263157894736836,5.113157894736836,BEAR,BEAR,155.7100067138672,28.127980937567145,174.13702690031127,184.80867423134706,186.03737080129972,-5.774429893738002,-0.6604568558781612,-6.396749131495093,5.774429893738002,0.6604568558781612,6.396749131495093,-1.7322252254622583,2.9922075289173145,-4.724432754379572,-3.0341227606914134,3.0341227606914134,5.25321714829461,-10.581908118250492,10.581908118250492,2.0,1.0,4.0,1.0,4.0,1.0,PINELABS.NS
EMA_MACD,PINELABS,NSE,2026-07-08,2026-07-09,2026-07-10,SHORT,142.83999633789062,146.41099624633787,135.6979965209961,146.41099624633787,STOP_LOSS,2,-2.439024390243893,-2.5890243902438934,NEUTRAL,NEUTRAL,142.07000732421875,36.625631071137754,149.2191794682377,152.3950599152229,153.6866417449521,-2.0839786071490285,-0.8403995396507081,-2.906864400178837,2.0839786071490285,0.8403995396507081,2.906864400178837,-1.4093732475793956,-0.6737594857141631,-0.7356137618652325,-0.5177825888236103,0.5177825888236103,0.4662112048806322,-4.791054453922064,4.791054453922064,1.0,1.0,0.0,0.0,1.0,0.0,PINELABS.NS
EMA_MACD,PINELABS,NSE,2026-07-22,2026-07-23,2026-07-28,SHORT,146.94000244140625,150.6135025024414,139.59300231933594,150.6135025024414,STOP_LOSS,4,-2.4390243902439046,-2.5890243902439045,NEUTRAL,NEUTRAL,146.88999938964844,42.706958762862655,150.18511164616996,151.491011804428,152.45142043520417,-0.8620314451024638,-0.6299768332984188,-1.4865776800009896,0.8620314451024638,0.6299768332984188,1.4865776800009896,-1.042076854800257,-0.8154075829629415,-0.22666927183731556,-0.15431225595967243,0.15431225595967243,0.6039136722335959,-2.1940338961725256,2.1940338961725256,2.0,2.0,0.0,10.0,10.0,0.0,PINELABS.NS
EMA_MACD,PINELABS,NSE,2026-08-10,2026-08-11,2026-08-11,LONG,162.72999572753906,158.66174583435057,170.86649551391602,170.86649551391602,TARGET,1,5.000000000000004,4.850000000000004,BULL,BULL,161.94000244140625,60.038482978458276,155.23266831598423,151.70042950806695,151.22657283873235,2.3284303277001914,0.3133421993500534,2.6490684818493944,2.3284303277001914,0.3133421993500534,2.6490684818493944,0.6522046686753242,-0.8975060452748377,1.5497107139501618,0.9569659692396781,0.9569659692396781,1.744125427396426,4.320826407344163,4.320826407344163,2.0,2.0,4.0,0.0,4.0,0.0,PINELABS.NS
CURRENT,PNB,NSE,2024-11-21,2024-11-22,2024-11-22,SHORT,97.0999984741211,99.52749843597412,92.24499855041503,99.52749843597412,STOP_LOSS,1,-2.439024390243893,-2.5890243902438934,NEUTRAL,NEUTRAL,96.37000274658205,37.939480030682134,99.63993277854178,101.21569974980343,102.15274399268645,-1.5568404656163213,-0.917297182883414,-2.459856794766648,1.5568404656163213,0.917297182883414,2.459856794766648,-1.027422469144497,-0.6786015157875408,-0.3488209533569563,-0.36196009485879976,0.36196009485879976,1.1858250802275145,-3.2817465254893623,3.2817465254893623,3.0,4.0,1.0,0.0,4.0,0.0,PNB.NS
CURRENT,PNB,NSE,2025-01-10,2025-01-13,2025-01-16,SHORT,98.0,100.45,93.1,100.45,STOP_LOSS,4,-2.439024390243893,-2.5890243902438934,NEUTRAL,NEUTRAL,98.63999938964844,38.00472607266513,101.29191668282385,102.51226822517302,103.3394368390986,-1.190444386293945,-0.8004384765648529,-1.981354087948795,1.190444386293945,0.8004384765648529,1.981354087948795,-0.9299172842085142,-0.5809193840284331,-0.34899790018008103,-0.35380971445616805,0.35380971445616805,1.2171805500730808,-2.6180937038435004,2.6180937038435004,4.0,4.0,4.0,0.0,4.0,0.0,PNB.NS
CURRENT,PNB,NSE,2025-05-21,2025-05-22,2025-06-02,LONG,101.79000091552734,99.24525089263916,106.87950096130372,106.87950096130372,TARGET,8,5.000000000000004,4.850000000000004,NEUTRAL,NEUTRAL,101.9000015258789,60.5524402643785,100.1835655432051,98.76107964726398,98.04268010384234,1.440330442945426,0.7327416413553197,2.1836259852293245,1.440330442945426,0.7327416413553197,2.1836259852293245,0.7997202985427663,0.4051514247722011,0.39456887377056515,0.38721184284806803,0.38721184284806803,0.6533083902896653,1.713290970796574,1.713290970796574,3.0,3.0,2.0,0.0,3.0,0.0,PNB.NS
CURRENT,PNB,NSE,2025-07-01,2025-07-02,2025-07-03,LONG,113.0999984741211,110.27249851226806,118.75499839782717,110.27249851226806,STOP_LOSS,2,-2.500000000000002,-2.650000000000002,BULL,BULL,113.06999969482422,70.76306937398701,109.2534172813099,107.42737554805177,106.08253356606338,1.6997918118565065,1.2677317714615939,2.989072384165708,1.6997918118565065,1.2677317714615939,2.989072384165708,1.458455346635219,1.190006498907075,0.2684488477281439,0.23741827934260812,0.23741827934260812,1.7357873542905617,3.4933300106185623,3.4933300106185623,1.0,4.0,0.0,1.0,4.0,0.0,PNB.NS
CURRENT,PNB,NSE,2026-02-20,2026-02-23,2026-03-02,LONG,130.39999389648438,127.13999404907226,136.9199935913086,127.13999404907226,STOP_LOSS,6,-2.500000000000002,-2.650000000000002,NEUTRAL,NEUTRAL,129.58999633789062,61.038537738395604,126.43611007366505,124.66850074644495,124.13539095431483,1.4178475851050172,0.4294583422436863,1.8533949920832375,1.4178475851050172,0.4294583422436863,1.8533949920832375,0.6224070334426841,0.005975819536889526,0.6164312139057946,0.4756780857517141,0.4756780857517141,1.6324677869830686,2.494450566683868,2.494450566683868,2.0,2.0,2.0,0.0,2.0,0.0,PNB.NS
CURRENT,PNB,NSE,2026-03-06,2026-03-09,2026-03-16,SHORT,116.25,119.15625,110.4375,110.4375,TARGET,6,5.263157894736836,5.113157894736836,BEAR,BEAR,119.30999755859376,38.24061743768089,122.96559158478796,125.00556010279449,125.03331128523718,-1.631902226052206,-0.022195031194028592,-1.6537350560381063,1.631902226052206,0.022195031194028592,1.6537350560381063,-0.09920041230614629,0.7569202053710519,-0.8561206176771982,-0.7175598316953723,0.7175598316953723,0.7129454194945438,-2.9728593007854296,2.9728593007854296,2.0,1.0,2.0,0.0,2.0,0.0,PNB.NS
CURRENT,PNB,NSE,2026-07-20,2026-07-21,2026-07-24,LONG,111.6999969482422,108.90749702453614,117.28499679565432,108.90749702453614,STOP_LOSS,4,-2.500000000000002,-2.650000000000002,NEUTRAL,NEUTRAL,111.76000213623048,64.35130542576994,107.51890392007353,106.34658314201171,106.32585675310393,1.1023586686337994,0.01949327241811297,1.1220668268302136,1.1023586686337994,0.01949327241811297,1.1220668268302136,0.058639648541372935,-0.40903771928367827,0.4676773678250512,0.41846578282539154,0.41846578282539154,5.828613173981659,3.9445139984961783,3.9445139984961783,0.0,0.0,1.0,0.0,1.0,0.0,PNB.NS
EMA_MACD,PNB,NSE,2024-11-19,2024-11-21,2024-11-21,SHORT,100.0500030517578,102.55125312805174,95.0475028991699,95.0475028991699,TARGET,1,5.2631578947368585,5.113157894736858,NEUTRAL,NEUTRAL,100.86000061035156,45.99583161353528,101.27489779452162,102.023315917007,102.61536329237481,-0.7335755711902091,-0.5769578320167644,-1.3063009814952298,0.7335755711902091,0.5769578320167644,1.3063009814952298,-0.6254383548401279,-0.5913962774483017,-0.034042077391826187,-0.03375181160600979,0.03375181160600979,0.4902151075377469,-0.40967425611413666,0.40967425611413666,2.0,3.0,0.0,,3.0,0.0,PNB.NS
EMA_MACD,PNB,NSE,2024-11-28,2024-11-29,2024-11-29,LONG,106.8499984741211,104.17874851226806,112.19249839782717,104.17874851226806,STOP_LOSS,1,-2.5000000000000133,-2.650000000000013,NEUTRAL,NEUTRAL,106.29000091552734,57.04576421805078,104.17369467692967,102.88955134195223,102.78785481266107,1.2480794388048286,0.09893827386174231,1.3482525409197479,1.2480794388048286,0.09893827386174231,1.3482525409197479,0.1698715473275172,-0.4218079100759245,0.5916794574034416,0.5566652105626301,0.5566652105626301,0.6535866462274245,2.0315169248445124,2.0315169248445124,2.0,2.0,3.0,,3.0,2.0,PNB.NS
EMA_MACD,PNB,NSE,2024-12-23,2024-12-24,2025-01-02,SHORT,101.41999816894533,103.95549812316897,96.34899826049804,103.95549812316897,STOP_LOSS,7,-2.439024390243893,-2.5890243902438934,NEUTRAL,NEUTRAL,101.37999725341795,40.975300446807296,102.93618580926392,104.88597122994803,105.06411047621033,-1.858957301743884,-0.16955290008631507,-2.0253582858137262,1.858957301743884,0.16955290008631507,2.0253582858137262,-0.27717892410200307,0.6790662591549605,-0.9562451832569636,-0.9432286537418746,0.9432286537418746,0.8637952122316099,-1.5117993187832997,1.5117993187832997,3.0,2.0,4.0,1.0,4.0,1.0,PNB.NS
EMA_MACD,PNB,NSE,2025-01-06,2025-01-07,2025-01-07,SHORT,102.0,104.55,96.9,104.55,STOP_LOSS,1,-2.4390243902439046,-2.5890243902439045,NEUTRAL,NEUTRAL,101.73999786376952,44.03967160940723,103.51907938935175,103.6523272665313,104.0718922789297,-0.1285527114474943,-0.40314921081082195,-0.5311836630166398,0.1285527114474943,0.40314921081082195,0.5311836630166398,-0.4676200459820308,-0.4281740069710661,-0.03944603901096466,-0.038771417180274714,0.038771417180274714,1.6806029375209028,-1.7186025378865852,1.7186025378865852,0.0,0.0,0.0,10.0,10.0,0.0,PNB.NS
EMA_MACD,PNB,NSE,2025-05-19,2025-05-20,2025-05-22,LONG,101.9000015258789,99.35250148773191,106.99500160217286,99.35250148773191,STOP_LOSS,3,-2.500000000000002,-2.650000000000002,NEUTRAL,NEUTRAL,100.91000366210938,58.78680414525928,98.74302239591754,97.86258069033795,97.51362211218422,0.8996714570255675,0.3578562364879329,1.2607472239303685,0.8996714570255675,0.3578562364879329,1.2607472239303685,0.3722099153141585,0.2450418740852424,0.1271680412289161,0.12602124329985168,0.12602124329985168,1.3178106274105712,2.1945664752929748,2.1945664752929748,1.0,1.0,0.0,14.0,14.0,0.0,PNB.NS
EMA_MACD,PNB,NSE,2025-07-01,2025-07-02,2025-07-03,LONG,113.0999984741211,110.27249851226806,118.75499839782717,110.27249851226806,STOP_LOSS,2,-2.500000000000002,-2.650000000000002,BULL,BULL,113.06999969482422,70.76306937398701,109.2534172813099,107.42737554805177,106.08253356606338,1.6997918118565065,1.2677317714615939,2.989072384165708,1.6997918118565065,1.2677317714615939,2.989072384165708,1.458455346635219,1.190006498907075,0.2684488477281439,0.23741827934260812,0.23741827934260812,1.7357873542905617,3.4933300106185623,3.4933300106185623,1.0,4.0,0.0,1.0,4.0,0.0,PNB.NS
EMA_MACD,PNB,NSE,2026-02-19,2026-02-20,2026-02-23,LONG,125.5999984741211,122.45999851226806,131.87999839782717,131.87999839782717,TARGET,2,5.000000000000004,4.850000000000004,NEUTRAL,NEUTRAL,126.0999984741211,55.19317530917755,124.85916694155225,123.848251481204,123.69902252362876,0.8162533166660546,0.12063875245800033,0.9378767869421779,0.8162533166660546,0.12063875245800033,0.9378767869421779,0.1801939459227384,-0.14813198393955912,0.3283259298622975,0.26036949550770877,0.26036949550770877,1.064717797996421,0.993784888177007,0.993784888177007,1.0,1.0,1.0,1.0,1.0,1.0,PNB.NS
EMA_MACD,PNB,NSE,2026-03-06,2026-03-09,2026-03-16,SHORT,116.25,119.15625,110.4375,110.4375,TARGET,6,5.263157894736836,5.113157894736836,BEAR,BEAR,119.30999755859376,38.24061743768089,122.96559158478796,125.00556010279449,125.03331128523718,-1.631902226052206,-0.022195031194028592,-1.6537350560381063,1.631902226052206,0.022195031194028592,1.6537350560381063,-0.09920041230614629,0.7569202053710519,-0.8561206176771982,-0.7175598316953723,0.7175598316953723,0.7129454194945438,-2.9728593007854296,2.9728593007854296,2.0,1.0,2.0,0.0,2.0,0.0,PNB.NS
EMA_MACD,PNB,NSE,2026-05-01,2026-05-04,2026-05-12,SHORT,109.5,112.2375,104.025,104.025,TARGET,7,5.2631578947368585,5.113157894736858,UNKNOWN,UNKNOWN,109.36000061035156,43.3335046261983,110.65008790499152,111.44517883546067,112.0090207726278,-0.7134368115134239,-0.503389756715853,-1.2132352003994782,0.7134368115134239,0.503389756715853,1.2132352003994782,-0.5828806139691096,-0.5806149051168097,-0.0022657088522999302,-0.002071789355938855,0.002071789355938855,0.0,-1.1659161949764372,1.1659161949764372,1.0,2.0,0.0,17.0,17.0,0.0,PNB.NS
EMA_MACD,PNB,NSE,2026-07-03,2026-07-06,2026-07-20,SHORT,105.3000030517578,107.93250312805174,100.03500289916992,107.93250312805174,STOP_LOSS,11,-2.439024390243893,-2.5890243902438934,NEUTRAL,NEUTRAL,105.3499984741211,42.92241474148578,106.6114494434361,107.16389559887352,107.1651460771273,-0.5155151857350265,-0.0011668702927725716,-0.516676040634242,0.5155151857350265,0.0011668702927725716,0.516676040634242,-0.020100423072960893,0.24039737484991314,-0.26049779792287403,-0.2472689147564293,0.2472689147564293,1.521488063032365,-1.1832227925803447,1.1832227925803447,4.0,1.0,4.0,39.0,39.0,1.0,PNB.NS
CURRENT,PWL,BSE,2026-06-18,2026-06-19,2026-06-19,LONG,113.4499969482422,110.61374702453612,119.1224967956543,119.1224967956543,TARGET,1,5.000000000000004,4.850000000000004,BEAR,BEAR,115.05000305175781,61.096726293360476,111.37220720678454,108.62170360079635,107.61714882146399,2.532186031713114,0.933452326449305,3.4892751075854695,2.532186031713114,0.933452326449305,3.4892751075854695,1.1607519454362603,0.15937033454387559,1.0013816108923848,0.8703881654326345,0.8703881654326345,0.4646540392813294,3.3022564041895297,3.3022564041895297,4.0,3.0,3.0,0.0,4.0,0.0,PWL.BO
EMA_MACD,PWL,BSE,2026-06-16,2026-06-17,2026-06-18,LONG,109.25,106.51875,114.7125,114.7125,TARGET,2,5.000000000000004,4.850000000000004,BEAR,BEAR,109.30000305175781,54.22241280700663,107.62496468938625,106.58370733977749,106.51632224375402,0.976938573068526,0.06326269495980746,1.0408193056977586,0.976938573068526,0.06326269495980746,1.0408193056977586,0.08256357302097683,-0.2674683477863502,0.35003192080732703,0.3202487749625892,0.3202487749625892,0.6419574069818906,1.5563660041198186,1.5563660041198186,2.0,1.0,1.0,20.0,20.0,1.0,PWL.BO
CURRENT,PWL,NSE,2026-06-18,2026-06-19,2026-06-19,LONG,114.25,111.39375,119.9625,119.9625,TARGET,1,5.000000000000004,4.850000000000004,BEAR,BEAR,115.0199966430664,61.24808156835678,111.38270304779346,108.63149493833876,107.65715035876674,2.5326063228866826,0.9050439997018519,3.4605715241498904,2.5326063228866826,0.9050439997018519,3.4605715241498904,1.1300480873548082,0.11406260304906593,1.0159854843057423,0.8833120448251965,0.8833120448251965,0.47965111257874066,3.265582083882644,3.265582083882644,4.0,3.0,3.0,0.0,4.0,0.0,PWL.NS
EMA_MACD,PWL,NSE,2026-06-16,2026-06-17,2026-06-18,LONG,109.0,106.275,114.45,114.45,TARGET,2,5.000000000000004,4.850000000000004,BEAR,BEAR,109.4000015258789,54.39641673990592,107.65608574852645,106.59786922101739,106.56317268823116,0.9927182740538465,0.03255959062680924,1.025601089686765,0.9927182740538465,0.03255959062680924,1.025601089686765,0.049692477881393415,-0.32137714860686645,0.37106962648825986,0.33918612551434213,0.33918612551434213,0.65928245722745,1.619895210964723,1.619895210964723,2.0,1.0,1.0,20.0,20.0,1.0,PWL.NS
CURRENT,RELIANCE,BSE,2025-04-07,2025-04-08,2025-04-11,SHORT,1177.8499755859375,1207.2962249755858,1118.957476806641,1207.2962249755858,STOP_LOSS,3,-2.439024390243893,-2.5890243902438934,NEUTRAL,NEUTRAL,1166.199951171875,30.17676135175701,1215.4548168398496,1239.6338315494118,1242.6827402641488,-1.9504965171320714,-0.24534892261310354,-2.191059917554785,1.9504965171320714,0.24534892261310354,2.191059917554785,-4.122148605674965,6.005741068617369,-10.127889674292334,-0.8684522464706981,0.8684522464706981,2.3730609611001108,-4.052381461290019,4.052381461290019,2.0,1.0,3.0,1.0,3.0,1.0,500325.BO
CURRENT,RELIANCE,BSE,2025-04-21,2025-04-22,2025-04-28,LONG,1300.0,1267.5,1365.0,1365.0,TARGET,5,5.000000000000004,4.850000000000004,NEUTRAL,NEUTRAL,1295.8499755859375,62.55938668519826,1259.211518939969,1243.4790852453757,1241.4221999547087,1.2651948779250117,0.16568781279584102,1.4329789644416917,1.2651948779250117,0.16568781279584102,1.4329789644416917,2.547579544773498,-2.424791382384506,4.972370927158004,0.3837150149198154,0.3837150149198154,1.1557434869091576,2.9096348067726976,2.9096348067726976,1.0,1.0,1.0,0.0,1.0,0.0,500325.BO
CURRENT,RELIANCE,BSE,2025-09-30,2025-10-01,2025-10-16,SHORT,1364.25,1398.3562499999998,1296.0375,1398.3562499999998,STOP_LOSS,11,-2.439024390243893,-2.5890243902438934,BULL,BULL,1363.800048828125,38.51932769129348,1374.7215608206716,1383.1972411618644,1388.310110583698,-0.612760066964377,-0.36828006818187203,-0.9787834619538414,0.612760066964377,0.36828006818187203,0.9787834619538414,-5.641236467494991,-3.454134901735384,-2.1871015657596073,-0.16036819822956616,0.16036819822956616,2.05821917836945,-0.7944526589098331,0.7944526589098331,4.0,4.0,3.0,0.0,4.0,0.0,500325.BO
CURRENT,RELIANCE,BSE,2026-01-08,2026-01-09,2026-01-20,SHORT,1466.949951171875,1503.6236999511718,1393.602453613281,1393.602453613281,TARGET,6,5.2631578947368585,5.113157894736858,BULL,BULL,1470.300048828125,33.62990370459718,1513.3833852197083,1536.2413454721336,1538.099227199232,-1.4879146639163234,-0.12079075876538022,-1.6069081592693775,1.4879146639163234,0.12079075876538022,1.6069081592693775,-3.05744037185832,7.64744135828286,-10.70488173014118,-0.7280746361039234,0.7280746361039234,3.806539389009673,-2.8468223460328663,2.8468223460328663,2.0,1.0,2.0,1.0,2.0,1.0,500325.BO
CURRENT,RELIANCE,BSE,2026-03-27,2026-03-30,2026-04-01,SHORT,1335.0,1368.3749999999998,1268.25,1368.3749999999998,STOP_LOSS,3,-2.4390243902438824,-2.5890243902438823,BEAR,BEAR,1348.25,36.780669458428605,1389.144344489895,1396.8906747622805,1404.0878001007131,-0.5545409109201529,-0.5125837100725774,-1.0642821346176656,0.5545409109201529,0.5125837100725774,1.0642821346176656,-7.6618137167865825,-7.594329904685784,-0.06748381210079835,-0.005005289234251685,0.005005289234251685,1.0014600971435526,-2.943851346485651,2.943851346485651,0.0,0.0,0.0,0.0,0.0,0.0,500325.BO
CURRENT,RELIANCE,BSE,2026-04-02,2026-04-06,2026-04-21,SHORT,1351.5999755859375,1385.3899749755858,1284.019976806641,1353.6500244140625,TIME_EXIT,11,-0.151446000897637,-0.301446000897637,BEAR,BEAR,1350.8499755859375,39.867185936859215,1360.7846717679695,1376.619220716434,1390.4086976039946,-1.150249009324726,-0.9917570935310691,-2.130598426712546,1.150249009324726,0.9917570935310691,2.130598426712546,-15.194388980340136,-11.315745695262073,-3.8786432850780628,-0.287126132078115,0.287126132078115,1.6926596786383816,-0.7300711411692012,0.7300711411692012,4.0,4.0,4.0,0.0,4.0,0.0,500325.BO
CURRENT,RELIANCE,BSE,2026-05-15,2026-05-18,2026-05-21,SHORT,1336.0,1369.4,1269.2,1369.4,STOP_LOSS,4,-2.439024390243893,-2.5890243902438934,BEAR,BEAR,1336.3499755859375,39.64112943753818,1364.59347172331,1383.603152841167,1383.894665027269,-1.373925831176488,-0.02106462243614547,-1.3947010413237435,1.373925831176488,0.02106462243614547,1.3947010413237435,-0.9009694082283204,7.269712636385584,-8.170682044613905,-0.6114178316972227,0.6114178316972227,1.4025549125825112,-2.069737011251008,2.069737011251008,3.0,2.0,3.0,0.0,3.0,0.0,500325.BO
EMA_MACD,RELIANCE,BSE,2025-01-28,2025-01-29,2025-02-04,SHORT,1237.300048828125,1268.232550048828,1175.4350463867188,1268.232550048828,STOP_LOSS,5,-2.439024390243893,-2.5890243902438934,NEUTRAL,NEUTRAL,1233.800048828125,44.58352517869786,1245.2253372445166,1250.9940797042389,1253.8045192443672,-0.4611326746714991,-0.22415292790793842,-0.6842519601876211,0.4611326746714991,0.22415292790793842,0.6842519601876211,-2.882456525309408,-2.7065717003396363,-0.17588482496977154,-0.01425553720287405,0.01425553720287405,0.5273581327937464,-0.9175277818931891,0.9175277818931891,1.0,1.0,0.0,26.0,26.0,0.0,500325.BO
EMA_MACD,RELIANCE,BSE,2025-02-12,2025-02-13,2025-02-28,SHORT,1218.949951171875,1249.4236999511718,1158.0024536132812,1199.5999755859375,TIME_EXIT,11,1.613035676871033,1.463035676871033,NEUTRAL,NEUTRAL,1215.699951171875,40.22414460535941,1241.6675747388263,1251.674566888414,1254.0866624905918,-0.7994883346127579,-0.19233882907163424,-0.9902894371830337,0.7994883346127579,0.19233882907163424,0.9902894371830337,-2.800980716854383,0.3416926519758652,-3.1426733688302484,-0.25850732047828623,0.25850732047828623,1.0241925957406433,-2.0913507041055914,2.0913507041055914,1.0,1.0,1.0,37.0,37.0,1.0,500325.BO
EMA_MACD,RELIANCE,BSE,2025-04-07,2025-04-08,2025-04-11,SHORT,1177.8499755859375,1207.2962249755858,1118.957476806641,1207.2962249755858,STOP_LOSS,3,-2.439024390243893,-2.5890243902438934,NEUTRAL,NEUTRAL,1166.199951171875,30.17676135175701,1215.4548168398496,1239.6338315494118,1242.6827402641488,-1.9504965171320714,-0.24534892261310354,-2.191059917554785,1.9504965171320714,0.24534892261310354,2.191059917554785,-4.122148605674965,6.005741068617369,-10.127889674292334,-0.8684522464706981,0.8684522464706981,2.3730609611001108,-4.052381461290019,4.052381461290019,2.0,1.0,3.0,1.0,3.0,1.0,500325.BO
EMA_MACD,RELIANCE,BSE,2025-04-21,2025-04-22,2025-04-28,LONG,1300.0,1267.5,1365.0,1365.0,TARGET,5,5.000000000000004,4.850000000000004,NEUTRAL,NEUTRAL,1295.8499755859375,62.55938668519826,1259.211518939969,1243.4790852453757,1241.4221999547087,1.2651948779250117,0.16568781279584102,1.4329789644416917,1.2651948779250117,0.16568781279584102,1.4329789644416917,2.547579544773498,-2.424791382384506,4.972370927158004,0.3837150149198154,0.3837150149198154,1.1557434869091576,2.9096348067726976,2.9096348067726976,1.0,1.0,1.0,0.0,1.0,0.0,500325.BO
EMA_MACD,RELIANCE,BSE,2025-09-25,2025-09-26,2025-10-13,SHORT,1372.4000244140625,1406.710025024414,1303.7800231933593,1375.0999755859375,TIME_EXIT,11,-0.1963458090183278,-0.3463458090183279,BULL,BULL,1372.449951171875,41.01430740615044,1386.0352128381253,1390.293756138617,1392.678395867361,-0.3063052884822959,-0.17122687734799838,-0.4770076888496742,0.3063052884822959,0.17122687734799838,0.4770076888496742,-2.4608151540692234,-2.4209292924462593,-0.039885861622964036,-0.002906179681736827,0.002906179681736827,1.7845292268869333,-0.9801527075515151,0.9801527075515151,1.0,1.0,0.0,15.0,15.0,0.0,500325.BO
EMA_MACD,RELIANCE,BSE,2026-01-08,2026-01-09,2026-01-20,SHORT,1466.949951171875,1503.6236999511718,1393.602453613281,1393.602453613281,TARGET,6,5.2631578947368585,5.113157894736858,BULL,BULL,1470.300048828125,33.62990370459718,1513.3833852197083,1536.2413454721336,1538.099227199232,-1.4879146639163234,-0.12079075876538022,-1.6069081592693775,1.4879146639163234,0.12079075876538022,1.6069081592693775,-3.05744037185832,7.64744135828286,-10.70488173014118,-0.7280746361039234,0.7280746361039234,3.806539389009673,-2.8468223460328663,2.8468223460328663,2.0,1.0,2.0,1.0,2.0,1.0,500325.BO
EMA_MACD,RELIANCE,BSE,2026-03-27,2026-03-30,2026-04-01,SHORT,1335.0,1368.3749999999998,1268.25,1368.3749999999998,STOP_LOSS,3,-2.4390243902438824,-2.5890243902438823,BEAR,BEAR,1348.25,36.780669458428605,1389.144344489895,1396.8906747622805,1404.0878001007131,-0.5545409109201529,-0.5125837100725774,-1.0642821346176656,0.5545409109201529,0.5125837100725774,1.0642821346176656,-7.6618137167865825,-7.594329904685784,-0.06748381210079835,-0.005005289234251685,0.005005289234251685,1.0014600971435526,-2.943851346485651,2.943851346485651,0.0,0.0,0.0,0.0,0.0,0.0,500325.BO
EMA_MACD,RELIANCE,BSE,2026-05-15,2026-05-18,2026-05-21,SHORT,1336.0,1369.4,1269.2,1369.4,STOP_LOSS,4,-2.439024390243893,-2.5890243902438934,BEAR,BEAR,1336.3499755859375,39.64112943753818,1364.59347172331,1383.603152841167,1383.894665027269,-1.373925831176488,-0.02106462243614547,-1.3947010413237435,1.373925831176488,0.02106462243614547,1.3947010413237435,-0.9009694082283204,7.269712636385584,-8.170682044613905,-0.6114178316972227,0.6114178316972227,1.4025549125825112,-2.069737011251008,2.069737011251008,3.0,2.0,3.0,0.0,3.0,0.0,500325.BO
CURRENT,RUBICON,BSE,2025-12-22,2025-12-23,2025-12-29,LONG,690.4500122070312,673.1887619018554,724.9725128173828,673.1887619018554,STOP_LOSS,4,-2.5000000000000133,-2.650000000000013,BULL,BULL,687.0,61.97497600394881,658.9085767054255,648.2772377090539,646.258599398439,1.63993710992255,0.31235767113876434,1.9574172504260086,1.63993710992255,0.31235767113876434,1.9574172504260086,2.435318737503394,-1.3180507247940332,3.753369462297427,0.5463419886895818,0.5463419886895818,3.088723819843454,4.263326398790097,4.263326398790097,1.0,1.0,1.0,0.0,1.0,0.0,RUBICON.BO
CURRENT,RUBICON,BSE,2026-02-03,2026-02-04,2026-02-04,LONG,747.8499755859375,729.1537261962891,785.2424743652344,729.1537261962891,STOP_LOSS,1,-2.500000000000002,-2.650000000000002,NEUTRAL,NEUTRAL,723.25,67.11924598577818,693.1361488399036,678.9374027333835,671.8478593904986,2.0913188829126805,1.055230472761577,3.1686175898093696,2.0913188829126805,1.055230472761577,3.1686175898093696,7.985607870522472,3.79330724781681,4.192300622705662,0.579647510916787,0.579647510916787,1.957567303087718,4.344579518828687,4.344579518828687,3.0,3.0,2.0,0.0,3.0,0.0,RUBICON.BO
EMA_MACD,RUBICON,BSE,2025-12-22,2025-12-23,2025-12-29,LONG,690.4500122070312,673.1887619018554,724.9725128173828,673.1887619018554,STOP_LOSS,4,-2.5000000000000133,-2.650000000000013,BULL,BULL,687.0,61.97497600394881,658.9085767054255,648.2772377090539,646.258599398439,1.63993710992255,0.31235767113876434,1.9574172504260086,1.63993710992255,0.31235767113876434,1.9574172504260086,2.435318737503394,-1.3180507247940332,3.753369462297427,0.5463419886895818,0.5463419886895818,3.088723819843454,4.263326398790097,4.263326398790097,1.0,1.0,1.0,0.0,1.0,0.0,RUBICON.BO
EMA_MACD,RUBICON,BSE,2026-01-30,2026-02-02,2026-02-02,LONG,704.8499755859375,687.228726196289,740.0924743652344,687.228726196289,STOP_LOSS,1,-2.500000000000002,-2.650000000000002,NEUTRAL,NEUTRAL,683.1500244140625,56.366653647879815,673.0688470968141,668.79396890056,666.1065451462025,0.639192097273493,0.4034525368261678,1.0452234708313028,0.639192097273493,0.4034525368261678,1.0452234708313028,2.8947482771193336,2.3805740962175133,0.5141741809018203,0.07526519249455159,0.07526519249455159,1.1177903073649107,1.497792887121739,1.497792887121739,1.0,1.0,0.0,15.0,15.0,0.0,RUBICON.BO
CURRENT,SAIL,NSE,2025-03-20,2025-03-21,2025-04-07,LONG,114.0,111.15,119.7,111.15,STOP_LOSS,11,-2.500000000000002,-2.650000000000002,NEUTRAL,NEUTRAL,113.95999908447266,60.20115684718855,110.56670749005593,109.05120993500478,108.46161773749736,1.3897118206706753,0.5435952457710583,1.940861473828818,1.3897118206706753,0.5435952457710583,1.940861473828818,0.6858621400018876,0.18144860129613444,0.5044135387057531,0.44262332639355095,0.44262332639355095,0.9409159757600152,3.068999404474359,3.068999404474359,1.0,1.0,1.0,0.0,1.0,0.0,SAIL.NS
CURRENT,SAIL,NSE,2025-05-14,2025-05-15,2025-05-27,LONG,122.98999786376952,119.91524791717528,129.139497756958,129.139497756958,TARGET,9,5.000000000000004,4.850000000000004,NEUTRAL,NEUTRAL,122.68000030517578,61.87287734000464,117.10657382640379,115.09270756922614,114.06139162198163,1.749777461761728,0.9041761919427216,2.669774724925679,1.749777461761728,0.9041761919427216,2.669774724925679,1.1469864748549838,0.6575824190445451,0.4894040558104388,0.39892733501223443,0.39892733501223443,2.171351403615158,4.759277209351131,4.759277209351131,2.0,2.0,0.0,0.0,2.0,0.0,SAIL.NS
CURRENT,SAIL,NSE,2025-10-29,2025-10-30,2025-10-31,LONG,138.6999969482422,135.23249702453612,145.6349967956543,135.23249702453612,STOP_LOSS,2,-2.5000000000000133,-2.650000000000013,BULL,BULL,140.5500030517578,67.06836123058318,133.90208013799145,132.2221372110695,131.78187858658305,1.2705458876679658,0.33408130860511526,1.6088718526010306,1.2705458876679658,0.33408130860511526,1.6088718526010306,0.4957494144786665,0.06004044111573285,0.4357089733629336,0.31000282027918774,0.31000282027918774,5.782003591885065,4.964764480817188,4.964764480817188,0.0,0.0,0.0,0.0,0.0,0.0,SAIL.NS
CURRENT,SAIL,NSE,2025-11-03,2025-11-04,2025-11-07,LONG,138.25,134.79375,145.1625,134.79375,STOP_LOSS,3,-2.5000000000000133,-2.650000000000013,BULL,BULL,137.97000122070312,60.369092777440386,136.37950744142168,134.11665324669508,132.9224268022958,1.6872283493119165,0.8984386405881136,2.6008257013452054,1.6872283493119165,0.8984386405881136,2.6008257013452054,1.3518498322702612,0.5819889884797862,0.769860843790475,0.5579914742183487,0.5579914742183487,0.836189022629733,1.1662263701638613,1.1662263701638613,3.0,3.0,3.0,0.0,3.0,0.0,SAIL.NS
CURRENT,SAIL,NSE,2026-04-08,2026-04-09,2026-04-17,LONG,164.41000366210938,160.29975357055665,172.63050384521486,172.63050384521486,TARGET,6,5.000000000000004,4.850000000000004,BEAR,BEAR,164.41000366210938,60.419722901435826,159.53781099751222,155.73508584808386,154.76101504630495,2.441790896842503,0.6294032133916042,3.0865628206031377,2.441790896842503,0.6294032133916042,3.0865628206031377,1.1874306383038231,-0.4049987713715155,1.5924294096753386,0.968572090630235,0.968572090630235,1.4257967480751346,3.0539422812270667,3.0539422812270667,4.0,2.0,4.0,0.0,4.0,0.0,SAIL.NS
EMA_MACD,SAIL,NSE,2025-03-17,2025-03-18,2025-03-19,SHORT,106.13999938964844,108.79349937438964,100.832999420166,108.79349937438964,STOP_LOSS,2,-2.439024390243893,-2.5890243902438934,NEUTRAL,NEUTRAL,106.13999938964844,46.813802259605296,106.96513659638254,107.61030061828204,107.72229372755702,-0.5995374217827398,-0.10396465336898696,-0.702878768149353,0.5995374217827398,0.10396465336898696,0.702878768149353,-0.12734798154939142,0.06661876348223476,-0.1939667450316262,-0.18274613354722075,0.18274613354722075,0.6520680596150558,-0.7714076127884864,0.7714076127884864,2.0,1.0,1.0,22.0,22.0,1.0,SAIL.NS
EMA_MACD,SAIL,NSE,2025-04-11,2025-04-15,2025-04-15,SHORT,110.20999908447266,112.96524906158446,104.69949913024902,112.96524906158446,STOP_LOSS,1,-2.439024390243893,-2.5890243902438934,NEUTRAL,NEUTRAL,108.33999633789062,46.11553473295578,108.13523703279768,110.44604746565135,110.61035395853908,-2.092252720562347,-0.14854530973594074,-2.2376900870140695,2.092252720562347,0.14854530973594074,2.2376900870140695,-0.2823615115251954,0.8867284907719486,-1.169090002297144,-1.0790936328361944,1.0790936328361944,0.9362207113437768,0.18935484002392788,0.18935484002392788,3.0,2.0,3.0,3.0,3.0,2.0,SAIL.NS
EMA_MACD,SAIL,NSE,2025-04-21,2025-04-22,2025-04-23,LONG,118.33999633789062,115.38149642944336,124.25699615478516,115.38149642944336,STOP_LOSS,2,-2.500000000000002,-2.650000000000002,NEUTRAL,NEUTRAL,115.98999786376952,57.282846857408224,113.61449080232273,112.43002385782385,111.69162962696768,1.0535148031247654,0.6611007765956074,1.7215803742653801,1.0535148031247654,0.6611007765956074,1.7215803742653801,0.8002570096008128,0.6444672457485946,0.1557897638522182,0.13431310175140584,0.13431310175140584,0.7977793924977853,2.0908486625882214,2.0908486625882214,2.0,2.0,0.0,11.0,11.0,0.0,SAIL.NS
EMA_MACD,SAIL,NSE,2025-05-14,2025-05-15,2025-05-27,LONG,122.98999786376952,119.91524791717528,129.139497756958,129.139497756958,TARGET,9,5.000000000000004,4.850000000000004,NEUTRAL,NEUTRAL,122.68000030517578,61.87287734000464,117.10657382640379,115.09270756922614,114.06139162198163,1.749777461761728,0.9041761919427216,2.669774724925679,1.749777461761728,0.9041761919427216,2.669774724925679,1.1469864748549838,0.6575824190445451,0.4894040558104388,0.39892733501223443,0.39892733501223443,2.171351403615158,4.759277209351131,4.759277209351131,2.0,2.0,0.0,0.0,2.0,0.0,SAIL.NS
EMA_MACD,SAIL,NSE,2025-10-29,2025-10-30,2025-10-31,LONG,138.6999969482422,135.23249702453612,145.6349967956543,135.23249702453612,STOP_LOSS,2,-2.5000000000000133,-2.650000000000013,BULL,BULL,140.5500030517578,67.06836123058318,133.90208013799145,132.2221372110695,131.78187858658305,1.2705458876679658,0.33408130860511526,1.6088718526010306,1.2705458876679658,0.33408130860511526,1.6088718526010306,0.4957494144786665,0.06004044111573285,0.4357089733629336,0.31000282027918774,0.31000282027918774,5.782003591885065,4.964764480817188,4.964764480817188,0.0,0.0,0.0,0.0,0.0,0.0,SAIL.NS
EMA_MACD,SAIL,NSE,2026-04-07,2026-04-08,2026-04-13,LONG,164.9499969482422,160.82624702453612,173.1974967956543,160.82624702453612,STOP_LOSS,4,-2.5000000000000133,-2.650000000000013,BEAR,BEAR,160.6199951171875,57.17821934547183,157.10171466521365,154.2892662124129,153.9890959570406,1.8228412914536691,0.19492955232106068,2.021324100143684,1.8228412914536691,0.19492955232106068,2.021324100143684,0.4208846407498754,-0.8031061237903501,1.2239907645402255,0.7620413408973199,0.7620413408973199,0.8994752286733502,2.239492076500479,2.239492076500479,3.0,1.0,3.0,25.0,25.0,1.0,SAIL.NS
CURRENT,SAMMAANCAP,BSE,2024-11-22,2024-11-25,2024-11-27,LONG,157.64999389648438,153.7087440490723,165.5324935913086,165.5324935913086,TARGET,3,5.000000000000004,4.850000000000004,NEUTRAL,NEUTRAL,155.85000610351562,60.39297442390671,151.21659828519432,146.5581149167467,146.39524922291272,3.1785912169339214,0.11125066878773684,3.2933780897085256,3.1785912169339214,0.11125066878773684,3.2933780897085256,0.40462904639045405,-1.92652762081627,2.331156667206724,1.4957693781919836,1.4957693781919836,2.5783872636227403,3.0640867939528045,3.0640867939528045,2.0,1.0,3.0,1.0,3.0,1.0,SAMMAANCAP.BO
CURRENT,SAMMAANCAP,BSE,2025-01-13,2025-01-14,2025-01-14,SHORT,140.10000610351562,143.6025062561035,133.09500579833983,143.6025062561035,STOP_LOSS,1,-2.439024390243893,-2.5890243902438934,NEUTRAL,NEUTRAL,141.25,34.83025156992505,150.4589374753063,153.91593923701026,155.08929465373447,-2.2460323335198162,-0.756567640173965,-2.985607219870526,2.2460323335198162,0.756567640173965,2.985607219870526,-1.3772884211732332,-0.21455205543675712,-1.1627363657364762,-0.8231761881320185,0.8231761881320185,0.7253286544327258,-6.120565271715876,6.120565271715876,1.0,1.0,1.0,0.0,1.0,0.0,SAMMAANCAP.BO
CURRENT,SAMMAANCAP,BSE,2025-01-27,2025-01-28,2025-01-28,SHORT,144.25,147.85625,137.0375,147.85625,STOP_LOSS,1,-2.439024390243893,-2.5890243902438934,NEUTRAL,NEUTRAL,143.25,39.50891893048207,152.38892897137416,153.89184409934776,154.44682764928902,-0.9766047946006634,-0.35933632201335153,-1.3324318208644907,0.9766047946006634,0.35933632201335153,1.3324318208644907,-0.6166404698986696,-0.35069288566336915,-0.26594758423530046,-0.18565276386408408,0.18565276386408408,1.693381461561007,-5.997108210591125,5.997108210591125,0.0,0.0,0.0,0.0,0.0,0.0,SAMMAANCAP.BO
CURRENT,SAMMAANCAP,BSE,2025-01-30,2025-01-31,2025-02-05,SHORT,141.0,144.52499999999998,133.95,144.52499999999998,STOP_LOSS,4,-2.4390243902438824,-2.5890243902438823,NEUTRAL,NEUTRAL,140.64999389648438,38.424691889671585,146.16893897871446,150.250985072602,152.33713705716437,-2.716818190519725,-1.3694310034063137,-4.049044243318879,2.716818190519725,1.3694310034063137,4.049044243318879,-2.3689185475147667,-1.0583052517724272,-1.3106132957423395,-0.9318260594500453,0.9318260594500453,0.5430431557951672,-3.775730412214167,3.775730412214167,3.0,3.0,3.0,0.0,3.0,0.0,SAMMAANCAP.BO
CURRENT,SAMMAANCAP,BSE,2025-06-25,2025-06-26,2025-07-01,LONG,143.1999969482422,139.61999702453613,150.3599967956543,139.61999702453613,STOP_LOSS,4,-2.500000000000002,-2.650000000000002,BULL,BULL,143.1999969482422,72.04926449581492,129.89320774789616,126.79830750809884,125.24089604445751,2.4408056389866517,1.24353267409432,3.7146905287129073,2.4408056389866517,1.24353267409432,3.7146905287129073,1.728334074805531,1.0294352662942685,0.6988988085112624,0.4880578375737469,0.4880578375737469,7.047949687806531,10.244407256592336,10.244407256592336,0.0,0.0,0.0,0.0,0.0,0.0,SAMMAANCAP.BO
CURRENT,SAMMAANCAP,BSE,2025-09-02,2025-09-03,2025-09-05,LONG,138.9499969482422,135.47624702453612,145.8974967956543,135.47624702453612,STOP_LOSS,3,-2.5000000000000133,-2.650000000000013,NEUTRAL,NEUTRAL,139.4499969482422,68.63952305111764,128.1088201204743,124.34898562144053,124.2030530270392,3.023614933603028,0.11749517491293901,3.144662710170898,3.023614933603028,0.11749517491293901,3.144662710170898,0.30761016709915623,-1.3876459616726196,1.6952561287717758,1.2156731200223558,1.2156731200223558,2.7433341664845865,8.852768152187013,8.852768152187013,1.0,0.0,2.0,0.0,2.0,0.0,SAMMAANCAP.BO
CURRENT,SAMMAANCAP,BSE,2026-05-22,2026-05-25,2026-05-26,LONG,163.35000610351562,159.26625595092773,171.51750640869142,171.51750640869142,TARGET,2,5.000000000000004,4.850000000000004,BEAR,BEAR,162.5,66.95530849337067,151.44236190641854,147.31890117110225,146.62630991893795,2.799003184613173,0.4723512803037894,3.284575592295227,2.799003184613173,0.4723512803037894,3.284575592295227,0.8668175921696673,-0.6373128272930032,1.5041304194626703,0.9256187196693355,0.9256187196693355,1.7685519343390468,7.301548889216583,7.301548889216583,1.0,1.0,1.0,1.0,1.0,1.0,SAMMAANCAP.BO
EMA_MACD,SAMMAANCAP,BSE,2024-11-22,2024-11-25,2024-11-27,LONG,157.64999389648438,153.7087440490723,165.5324935913086,165.5324935913086,TARGET,3,5.000000000000004,4.850000000000004,NEUTRAL,NEUTRAL,155.85000610351562,60.39297442390671,151.21659828519432,146.5581149167467,146.39524922291272,3.1785912169339214,0.11125066878773684,3.2933780897085256,3.1785912169339214,0.11125066878773684,3.2933780897085256,0.40462904639045405,-1.92652762081627,2.331156667206724,1.4957693781919836,1.4957693781919836,2.5783872636227403,3.0640867939528045,3.0640867939528045,2.0,1.0,3.0,1.0,3.0,1.0,SAMMAANCAP.BO
EMA_MACD,SAMMAANCAP,BSE,2025-01-03,2025-01-06,2025-01-06,LONG,163.1999969482422,159.11999702453613,171.3599967956543,159.11999702453613,STOP_LOSS,1,-2.500000000000002,-2.650000000000002,NEUTRAL,NEUTRAL,163.14999389648438,59.574221230183085,158.193997700748,156.4194699039819,156.28438135292055,1.134467338276624,0.08643765288119339,1.2218855980977272,1.134467338276624,0.08643765288119339,1.2218855980977272,0.1422530813960634,-0.23199378669473092,0.3742468680907943,0.2293882207119462,0.2293882207119462,0.9133540246143761,3.1328598226030713,3.1328598226030713,1.0,0.0,0.0,18.0,18.0,0.0,SAMMAANCAP.BO
EMA_MACD,SAMMAANCAP,BSE,2025-01-10,2025-01-13,2025-01-16,SHORT,146.8000030517578,150.47000312805176,139.46000289916992,150.47000312805176,STOP_LOSS,4,-2.4390243902439046,-2.5890243902439045,NEUTRAL,NEUTRAL,149.6999969482422,42.13602347627932,155.06340621295942,156.0269291098453,156.19643822603322,-0.6175362819629311,-0.10852303555259477,-0.7253891483967011,0.6175362819629311,0.10852303555259477,0.7253891483967011,-0.21861267846085752,0.07613203599736194,-0.2947447144582195,-0.19689026083288805,0.19689026083288805,0.43127381306378376,-3.4588491222431217,3.4588491222431217,0.0,0.0,0.0,39.0,39.0,0.0,SAMMAANCAP.BO
EMA_MACD,SAMMAANCAP,BSE,2025-01-22,2025-01-23,2025-01-23,LONG,159.0500030517578,155.07375297546386,167.00250320434571,155.07375297546386,STOP_LOSS,1,-2.500000000000002,-2.650000000000002,NEUTRAL,NEUTRAL,162.39999389648438,58.00693722257181,158.4313868042666,155.57524334582115,155.24021819080366,1.8358598688460046,0.215810798852212,2.05563265154698,1.8358598688460046,0.215810798852212,2.05563265154698,0.45235994719431005,-0.7053793342346476,1.1577392814289578,0.7128936729929399,0.7128936729929399,1.6183138401409243,2.5049374194526113,2.5049374194526113,2.0,2.0,2.0,31.0,31.0,2.0,SAMMAANCAP.BO
EMA_MACD,SAMMAANCAP,BSE,2025-01-27,2025-01-28,2025-01-28,SHORT,144.25,147.85625,137.0375,147.85625,STOP_LOSS,1,-2.439024390243893,-2.5890243902438934,NEUTRAL,NEUTRAL,143.25,39.50891893048207,152.38892897137416,153.89184409934776,154.44682764928902,-0.9766047946006634,-0.35933632201335153,-1.3324318208644907,0.9766047946006634,0.35933632201335153,1.3324318208644907,-0.6166404698986696,-0.35069288566336915,-0.26594758423530046,-0.18565276386408408,0.18565276386408408,1.693381461561007,-5.997108210591125,5.997108210591125,0.0,0.0,0.0,0.0,0.0,0.0,SAMMAANCAP.BO
EMA_MACD,SAMMAANCAP,BSE,2025-05-14,2025-05-15,2025-05-20,LONG,125.0500030517578,121.92375297546386,131.3025032043457,121.92375297546386,STOP_LOSS,4,-2.500000000000002,-2.650000000000002,NEUTRAL,NEUTRAL,124.5999984741211,57.806085481881645,120.92206272198241,119.4982581270588,118.54575172198348,1.191485647773813,0.8034926526166606,2.0045518000273184,1.191485647773813,0.8034926526166606,2.0045518000273184,1.0522377908619234,0.8331788877400171,0.21905890312190623,0.17580971573398846,0.17580971573398846,0.7409454899324339,3.0415754324293944,3.0415754324293944,1.0,1.0,0.0,16.0,16.0,0.0,SAMMAANCAP.BO
EMA_MACD,SAMMAANCAP,BSE,2025-06-25,2025-06-26,2025-07-01,LONG,143.1999969482422,139.61999702453613,150.3599967956543,139.61999702453613,STOP_LOSS,4,-2.500000000000002,-2.650000000000002,BULL,BULL,143.1999969482422,72.04926449581492,129.89320774789616,126.79830750809884,125.24089604445751,2.4408056389866517,1.24353267409432,3.7146905287129073,2.4408056389866517,1.24353267409432,3.7146905287129073,1.728334074805531,1.0294352662942685,0.6988988085112624,0.4880578375737469,0.4880578375737469,7.047949687806531,10.244407256592336,10.244407256592336,0.0,0.0,0.0,0.0,0.0,0.0,SAMMAANCAP.BO
EMA_MACD,SAMMAANCAP,BSE,2025-07-21,2025-07-22,2025-07-24,LONG,136.35000610351562,132.94125595092774,143.16750640869142,132.94125595092774,STOP_LOSS,3,-2.499999999999991,-2.649999999999991,BULL,BULL,136.8000030517578,59.07659463148449,132.97334651104467,130.93856182035393,129.81562541830283,1.553999572320369,0.8650240665811035,2.432466109196611,1.553999572320369,0.8650240665811035,2.432466109196611,1.2227811269295614,0.8608106451136964,0.361970481815865,0.2645982995182498,0.2645982995182498,0.3921398745866993,2.8777620787300453,2.8777620787300453,1.0,1.0,0.0,18.0,18.0,0.0,SAMMAANCAP.BO
EMA_MACD,SAMMAANCAP,BSE,2025-07-29,2025-07-30,2025-07-31,SHORT,125.5,128.6375,119.225,128.6375,STOP_LOSS,2,-2.439024390243893,-2.5890243902438934,BULL,BULL,125.4000015258789,44.31335948296671,127.55074695780063,129.39706211838592,129.47022655336735,-1.4268601855087637,-0.056510625592578044,-1.4825644834841791,1.4268601855087637,0.056510625592578044,1.4825644834841791,-0.16277691928567606,0.6907480743386776,-0.8535249936243536,-0.6806419324071626,0.6806419324071626,0.24917738761182084,-1.686188033562266,1.686188033562266,2.0,1.0,2.0,77.0,77.0,1.0,SAMMAANCAP.BO
EMA_MACD,SAMMAANCAP,BSE,2025-09-02,2025-09-03,2025-09-05,LONG,138.9499969482422,135.47624702453612,145.8974967956543,135.47624702453612,STOP_LOSS,3,-2.5000000000000133,-2.650000000000013,NEUTRAL,NEUTRAL,139.4499969482422,68.63952305111764,128.1088201204743,124.34898562144053,124.2030530270392,3.023614933603028,0.11749517491293901,3.144662710170898,3.023614933603028,0.11749517491293901,3.144662710170898,0.30761016709915623,-1.3876459616726196,1.6952561287717758,1.2156731200223558,1.2156731200223558,2.7433341664845865,8.852768152187013,8.852768152187013,1.0,0.0,2.0,0.0,2.0,0.0,SAMMAANCAP.BO
EMA_MACD,SAMMAANCAP,BSE,2026-03-06,2026-03-09,2026-03-09,SHORT,138.0500030517578,141.50125312805176,131.14750289916992,141.50125312805176,STOP_LOSS,1,-2.4390243902439046,-2.5890243902439045,BEAR,BEAR,142.35000610351562,42.172726225904334,145.32814439692072,147.7650721829638,147.82654796582656,-1.64919067140958,-0.041586429304283815,-1.6900912612012053,1.64919067140958,0.041586429304283815,1.6900912612012053,-0.16062063370267765,0.9779352085787013,-1.138555842281379,-0.7998284464093607,0.7998284464093607,0.29443877775973143,-2.049250890640421,2.049250890640421,3.0,2.0,3.0,28.0,28.0,2.0,SAMMAANCAP.BO
EMA_MACD,SAMMAANCAP,BSE,2026-04-06,2026-04-07,2026-04-08,LONG,145.75,142.10625,153.0375,153.0375,TARGET,2,5.000000000000004,4.850000000000004,BEAR,BEAR,147.4499969482422,54.18013417281212,146.5235278785862,144.44238093358848,144.35049350162828,1.4408146220980624,0.06365577957595694,1.5053875634539602,1.4408146220980624,0.06365577957595694,1.5053875634539602,0.20226754618934706,-0.9337379164311106,1.1360054626204577,0.7704343751320779,0.7704343751320779,0.7053602242368244,0.6323005479527354,0.6323005479527354,4.0,3.0,4.0,24.0,24.0,3.0,SAMMAANCAP.BO
EMA_MACD,SAMMAANCAP,BSE,2026-04-28,2026-04-29,2026-05-04,SHORT,143.64999389648438,147.24124374389646,136.46749420166014,147.24124374389646,STOP_LOSS,3,-2.4390243902438824,-2.5890243902438823,BEAR,BEAR,143.1999969482422,42.425404058704196,144.8579015469997,147.29389218028274,147.41275895562734,-1.6538300381807214,-0.08063533725759778,-1.7331318040093646,1.6538300381807214,0.08063533725759778,1.7331318040093646,-0.23344292293424473,0.9922869792643412,-1.225729902198586,-0.855956653854965,0.855956653854965,0.9820976539495189,-1.144504083693079,1.144504083693079,4.0,3.0,4.0,22.0,22.0,3.0,SAMMAANCAP.BO
EMA_MACD,SAMMAANCAP,BSE,2026-05-07,2026-05-08,2026-05-08,LONG,152.9499969482422,149.12624702453613,160.5974967956543,149.12624702453613,STOP_LOSS,1,-2.500000000000002,-2.650000000000002,BEAR,BEAR,151.8000030517578,57.097552172557705,148.2653059864476,147.32764378200204,147.23466112737964,0.6364468882927361,0.06315269374102056,0.7000015153879444,0.6364468882927361,0.06315269374102056,0.7000015153879444,0.09620051011174269,-0.04084128740296343,0.13704179751470613,0.09027786216050357,0.09027786216050357,0.9863769126871428,2.3840351873238004,2.3840351873238004,0.0,0.0,0.0,15.0,15.0,0.0,SAMMAANCAP.BO
EMA_MACD,SAMMAANCAP,BSE,2026-05-12,2026-05-13,2026-05-14,SHORT,140.0500030517578,143.55125312805174,133.04750289916993,143.55125312805174,STOP_LOSS,2,-2.439024390243893,-2.5890243902438934,BEAR,BEAR,139.5,40.29976201475167,144.63416473672524,146.04306430586718,146.58754153916107,-0.9647151515468,-0.3714348624561875,-1.3325667256067457,0.9647151515468,0.3714348624561875,1.3325667256067457,-0.6410796185870993,-0.12899437872564198,-0.5120852398614573,-0.36708619344907334,0.36708619344907334,0.43089796323185653,-3.5497593159063485,3.5497593159063485,0.0,0.0,1.0,8.0,8.0,0.0,SAMMAANCAP.BO
EMA_MACD,SAMMAANCAP,BSE,2026-05-22,2026-05-25,2026-05-26,LONG,163.35000610351562,159.26625595092773,171.51750640869142,171.51750640869142,TARGET,2,5.000000000000004,4.850000000000004,BEAR,BEAR,162.5,66.95530849337067,151.44236190641854,147.31890117110225,146.62630991893795,2.799003184613173,0.4723512803037894,3.284575592295227,2.799003184613173,0.4723512803037894,3.284575592295227,0.8668175921696673,-0.6373128272930032,1.5041304194626703,0.9256187196693355,0.9256187196693355,1.7685519343390468,7.301548889216583,7.301548889216583,1.0,1.0,1.0,1.0,1.0,1.0,SAMMAANCAP.BO
CURRENT,SBFC,BSE,2025-01-13,2025-01-14,2025-01-14,SHORT,83.25,85.33125,79.08749999999999,85.33125,STOP_LOSS,1,-2.4390243902439046,-2.5890243902439045,NEUTRAL,NEUTRAL,83.1500015258789,39.7326060860928,86.57058757829815,87.7908535022629,87.95454784363585,-1.3899693137546572,-0.1861124244126166,-1.5734948325788538,1.3899693137546572,0.1861124244126166,1.5734948325788538,-0.2251029936028459,0.293891580526586,-0.518994574129432,-0.6241666441436017,0.6241666441436017,1.9148175893766233,-3.9512103915495715,3.9512103915495715,2.0,1.0,3.0,0.0,3.0,0.0,SBFC.BO
CURRENT,SBFC,BSE,2025-03-17,2025-03-18,2025-03-19,SHORT,82.6500015258789,84.71625156402587,78.51750144958496,84.71625156402587,STOP_LOSS,2,-2.439024390243893,-2.5890243902438934,NEUTRAL,NEUTRAL,82.54000091552734,39.741124688466265,83.90278806144529,84.91698081443559,85.23888580937857,-1.1943344467304564,-0.3776504020276211,-1.5674744399184457,1.1943344467304564,0.3776504020276211,1.5674744399184457,-0.37270768137111077,-0.02126883241466964,-0.3514388489564411,-0.425780040051258,0.425780040051258,0.37134411686197105,-1.6242453646712272,1.6242453646712272,2.0,2.0,2.0,0.0,2.0,0.0,SBFC.BO
CURRENT,SBFC,BSE,2025-03-24,2025-03-25,2025-03-27,LONG,88.16000366210938,85.95600357055663,92.56800384521485,85.95600357055663,STOP_LOSS,3,-2.5000000000000133,-2.650000000000013,NEUTRAL,NEUTRAL,89.3499984741211,61.732161120199926,86.57448212352085,85.64733441919299,85.50081616957631,1.082517874742051,0.17136473799978955,1.2557376666616933,1.082517874742051,0.17136473799978955,1.2557376666616933,0.18451131995567494,-0.12844706215857196,0.31295838211424687,0.35026120588562815,0.35026120588562815,0.34074439733190204,3.2059289094449923,3.2059289094449923,1.0,0.0,1.0,0.0,1.0,0.0,SBFC.BO
CURRENT,SBFC,BSE,2025-08-22,2025-08-25,2025-08-26,LONG,113.0500030517578,110.22375297546384,118.70250320434567,110.22375297546384,STOP_LOSS,2,-2.500000000000002,-2.650000000000002,NEUTRAL,NEUTRAL,113.4000015258789,61.77785765547514,111.3809360592311,108.68396293570365,108.50030063245357,2.48148213469448,0.16927354318789659,2.654956170615349,2.48148213469448,0.16927354318789659,2.654956170615349,0.31386347325108943,-1.025927826212998,1.3397912994640875,1.1814737931536403,1.1814737931536403,0.9813313150971276,1.812756776953362,1.812756776953362,3.0,2.0,4.0,1.0,4.0,1.0,SBFC.BO
CURRENT,SBFC,BSE,2025-10-17,2025-10-20,2025-11-03,LONG,112.3499984741211,109.54124851226808,117.96749839782716,117.96749839782716,TARGET,10,5.000000000000004,4.850000000000004,BULL,BULL,112.9499969482422,61.40763280081072,109.52687932395509,108.77372522753544,108.45160642273339,0.6924044339238947,0.29701616732762687,0.991477154363569,0.6924044339238947,0.29701616732762687,0.991477154363569,0.3635043431103213,0.16992306330895407,0.19358127980136725,0.171386706535347,0.171386706535347,2.4240232209845414,3.125367622464919,3.125367622464919,0.0,0.0,0.0,0.0,0.0,0.0,SBFC.BO
CURRENT,SBFC,BSE,2026-01-27,2026-01-28,2026-01-28,SHORT,91.75,94.04375,87.1625,87.1625,TARGET,1,5.2631578947368585,5.113157894736858,BEAR,BEAR,89.94999694824219,29.175112939162858,98.50412822806885,101.26118960534578,102.70971322976003,-2.7227226818312786,-1.4103083134639127,-4.094632210960757,2.7227226818312786,1.4103083134639127,4.094632210960757,-1.6181566172737405,-0.8955603187924437,-0.7225962984812968,-0.8033310983846763,0.8033310983846763,7.2516602339030225,-8.68403328236263,8.68403328236263,3.0,3.0,0.0,0.0,3.0,0.0,SBFC.BO
CURRENT,SBFC,BSE,2026-08-06,2026-08-07,2026-08-10,LONG,95.45999908447266,93.07349910736085,100.23299903869628,93.07349910736085,STOP_LOSS,2,-2.5000000000000133,-2.650000000000013,BULL,BULL,95.33999633789062,63.852979221941624,93.23565616109526,92.31050262343241,92.10382881114076,1.0022191531519262,0.22439220492715906,1.2288602597350453,1.0022191531519262,0.22439220492715906,1.2288602597350453,0.24948017322245164,-0.07558612592132072,0.3250662991437724,0.34095480556944646,0.34095480556944646,0.43009700341697077,2.2570122455720387,2.2570122455720387,1.0,1.0,1.0,0.0,1.0,0.0,SBFC.BO
EMA_MACD,SBFC,BSE,2025-01-01,2025-01-02,2025-01-06,LONG,90.0,87.75,94.5,87.75,STOP_LOSS,3,-2.500000000000002,-2.650000000000002,NEUTRAL,NEUTRAL,89.72000122070312,55.18007969697454,89.17999518711338,88.54249558597634,88.07626147599888,0.7199928090100122,0.5293527474534262,1.2531568581794,0.7199928090100122,0.5293527474534262,1.2531568581794,0.5024598078889255,0.44228416121759234,0.06017564667133318,0.06707049247949352,0.06707049247949352,0.6113062281309211,0.6055237303576121,0.6055237303576121,2.0,2.0,0.0,16.0,16.0,0.0,SBFC.BO
EMA_MACD,SBFC,BSE,2025-01-13,2025-01-14,2025-01-14,SHORT,83.25,85.33125,79.08749999999999,85.33125,STOP_LOSS,1,-2.4390243902439046,-2.5890243902439045,NEUTRAL,NEUTRAL,83.1500015258789,39.7326060860928,86.57058757829815,87.7908535022629,87.95454784363585,-1.3899693137546572,-0.1861124244126166,-1.5734948325788538,1.3899693137546572,0.1861124244126166,1.5734948325788538,-0.2251029936028459,0.293891580526586,-0.518994574129432,-0.6241666441436017,0.6241666441436017,1.9148175893766233,-3.9512103915495715,3.9512103915495715,2.0,1.0,3.0,0.0,3.0,0.0,SBFC.BO
EMA_MACD,SBFC,BSE,2025-01-22,2025-01-23,2025-01-24,LONG,89.98999786376953,87.7402479171753,94.48949775695802,87.7402479171753,STOP_LOSS,2,-2.500000000000002,-2.650000000000002,NEUTRAL,NEUTRAL,89.69000244140625,54.73915819315571,88.48507973365463,87.81532180667196,87.78401897922429,0.7626891449047593,0.0356589135604322,0.7986200251281078,0.7626891449047593,0.0356589135604322,0.7986200251281078,0.04495567450229032,-0.17011772950722506,0.21507340400951538,0.23979640779920938,0.23979640779920938,1.3007626973091984,1.3617241588960647,1.3617241588960647,2.0,1.0,1.0,31.0,31.0,1.0,SBFC.BO
EMA_MACD,SBFC,BSE,2025-01-28,2025-01-29,2025-02-11,SHORT,85.97000122070312,88.11925125122069,81.67150115966797,81.67150115966797,TARGET,10,5.263157894736836,5.113157894736836,NEUTRAL,NEUTRAL,84.33999633789062,41.88714001329978,86.50865605988616,87.23434194148703,87.50390372457356,-0.8318809604680982,-0.30805686559424855,-1.1373751596500534,0.8318809604680982,0.30805686559424855,1.1373751596500534,-0.3108428437586639,-0.0986912830057918,-0.2121515607528721,-0.25154324159907604,0.25154324159907604,0.8083311579558686,-2.5068702032479506,2.5068702032479506,1.0,1.0,0.0,11.0,11.0,0.0,SBFC.BO
EMA_MACD,SBFC,BSE,2025-03-13,2025-03-17,2025-03-19,SHORT,83.2300033569336,85.31075344085693,79.06850318908691,85.31075344085693,STOP_LOSS,3,-2.439024390243893,-2.5890243902438934,NEUTRAL,NEUTRAL,83.2300033569336,41.76053702311179,84.58418163440426,85.3131441309203,85.45479660088668,-0.8544550830261183,-0.16576304151533625,-1.0188017538074479,0.8544550830261183,0.16576304151533625,1.0188017538074479,-0.16567716151919853,0.06659087982444063,-0.23226804134363915,-0.2790676822966747,0.2790676822966747,0.2675174703083192,-1.6009828921958378,1.6009828921958378,1.0,1.0,1.0,17.0,17.0,1.0,SBFC.BO
EMA_MACD,SBFC,BSE,2025-03-24,2025-03-25,2025-03-27,LONG,88.16000366210938,85.95600357055663,92.56800384521485,85.95600357055663,STOP_LOSS,3,-2.5000000000000133,-2.650000000000013,NEUTRAL,NEUTRAL,89.3499984741211,61.732161120199926,86.57448212352085,85.64733441919299,85.50081616957631,1.082517874742051,0.17136473799978955,1.2557376666616933,1.082517874742051,0.17136473799978955,1.2557376666616933,0.18451131995567494,-0.12844706215857196,0.31295838211424687,0.35026120588562815,0.35026120588562815,0.34074439733190204,3.2059289094449923,3.2059289094449923,1.0,0.0,1.0,0.0,1.0,0.0,SBFC.BO
EMA_MACD,SBFC,BSE,2025-07-03,2025-07-04,2025-07-11,LONG,110.9000015258789,108.12750148773192,116.44500160217284,116.44500160217284,TARGET,6,5.000000000000004,4.850000000000004,BULL,BULL,110.8499984741211,55.53925660417091,108.71009650373963,108.09421133728164,107.79889650518086,0.5697670197493558,0.273949772840744,0.8452776680464246,0.5697670197493558,0.273949772840744,0.8452776680464246,0.29662823393620386,0.27723248291489255,0.019395751021311303,0.01749729480225425,0.01749729480225425,1.2011933033936915,1.968448229928529,1.968448229928529,3.0,3.0,0.0,26.0,26.0,0.0,SBFC.BO
EMA_MACD,SBFC,BSE,2025-08-22,2025-08-25,2025-08-26,LONG,113.0500030517578,110.22375297546384,118.70250320434567,110.22375297546384,STOP_LOSS,2,-2.500000000000002,-2.650000000000002,NEUTRAL,NEUTRAL,113.4000015258789,61.77785765547514,111.3809360592311,108.68396293570365,108.50030063245357,2.48148213469448,0.16927354318789659,2.654956170615349,2.48148213469448,0.16927354318789659,2.654956170615349,0.31386347325108943,-1.025927826212998,1.3397912994640875,1.1814737931536403,1.1814737931536403,0.9813313150971276,1.812756776953362,1.812756776953362,3.0,2.0,4.0,1.0,4.0,1.0,SBFC.BO
EMA_MACD,SBFC,BSE,2025-09-02,2025-09-03,2025-09-03,SHORT,104.0500030517578,106.65125312805174,98.84750289916992,106.65125312805174,STOP_LOSS,1,-2.439024390243893,-2.5890243902438934,NEUTRAL,NEUTRAL,104.0,42.320672832790635,106.47583057287352,107.44568423836076,107.89715880203126,-0.9026455295642055,-0.4184304468098766,-1.3172990326516174,0.9026455295642055,0.4184304468098766,1.3172990326516174,-0.4881861924507973,-0.3420661560294421,-0.14612003642135518,-0.14050003502053382,0.14050003502053382,14.823448904409519,-2.325251242045045,2.325251242045045,2.0,2.0,0.0,22.0,22.0,0.0,SBFC.BO
EMA_MACD,SBFC,BSE,2025-10-06,2025-10-07,2025-10-07,LONG,112.75,109.93125,118.3875,109.93125,STOP_LOSS,1,-2.500000000000002,-2.650000000000002,BULL,BULL,110.0999984741211,55.27745123772521,108.78623079969287,108.39708497999774,108.12807298012316,0.3590002625688123,0.24879015454573966,0.6086835744226166,0.3590002625688123,0.24879015454573966,0.6086835744226166,0.3046388321743194,0.1900139819067098,0.11462485026760963,0.1041097655369651,0.1041097655369651,1.8323772120425181,1.2076598892807024,1.2076598892807024,1.0,2.0,0.0,8.0,8.0,0.0,SBFC.BO
EMA_MACD,SBFC,BSE,2025-10-14,2025-10-15,2025-10-17,SHORT,109.0999984741211,111.8274984359741,103.64499855041504,111.8274984359741,STOP_LOSS,3,-2.439024390243893,-2.5890243902438934,BULL,BULL,106.9499969482422,46.6339804469704,107.57197229598509,108.09323132716526,108.0999600465959,-0.4822309637524598,-0.006224534613833217,-0.4884254817330356,0.4822309637524598,0.006224534613833217,0.4884254817330356,-0.02475356992111699,0.20101302586285172,-0.2257665957839687,-0.2110954672520721,0.2110954672520721,1.1165974246302872,-0.578194611912032,0.578194611912032,1.0,1.0,1.0,51.0,51.0,1.0,SBFC.BO
EMA_MACD,SBFC,BSE,2026-01-27,2026-01-28,2026-01-28,SHORT,91.75,94.04375,87.1625,87.1625,TARGET,1,5.2631578947368585,5.113157894736858,BEAR,BEAR,89.94999694824219,29.175112939162858,98.50412822806885,101.26118960534578,102.70971322976003,-2.7227226818312786,-1.4103083134639127,-4.094632210960757,2.7227226818312786,1.4103083134639127,4.094632210960757,-1.6181566172737405,-0.8955603187924437,-0.7225962984812968,-0.8033310983846763,0.8033310983846763,7.2516602339030225,-8.68403328236263,8.68403328236263,3.0,3.0,0.0,0.0,3.0,0.0,SBFC.BO
EMA_MACD,SBFC,BSE,2026-06-09,2026-06-10,2026-06-15,SHORT,92.45999908447266,94.77149906158446,87.83699913024903,94.77149906158446,STOP_LOSS,4,-2.439024390243893,-2.5890243902438934,BEAR,BEAR,91.9000015258789,48.04210012693547,92.16646332020228,92.31999379556956,92.46462081804783,-0.1663025191566294,-0.15641336242850395,-0.32245576222311717,0.1663025191566294,0.15641336242850395,0.32245576222311717,-0.15935792114765945,-0.1475537697966184,-0.011804151351041042,-0.012844560560444616,0.012844560560444616,0.47312365380267274,-0.2891092754613378,0.2891092754613378,1.0,1.0,0.0,55.0,55.0,0.0,SBFC.BO
EMA_MACD,SBFC,BSE,2026-06-19,2026-06-22,2026-06-22,LONG,95.5999984741211,93.20999851226806,100.37999839782717,93.20999851226806,STOP_LOSS,1,-2.5000000000000133,-2.650000000000013,BEAR,BEAR,95.5500030517578,59.83821874971832,93.24756026144684,92.5555216397639,92.45378769462984,0.7477010657196975,0.11003761735547232,0.8585614355128293,0.7477010657196975,0.11003761735547232,0.8585614355128293,0.13327252270008216,-0.14504709347709774,0.27831961617717993,0.2912816402804498,0.2912816402804498,4.123584132915408,2.4691721519098087,2.4691721519098087,3.0,0.0,3.0,30.0,30.0,0.0,SBFC.BO
EMA_MACD,SBFC,BSE,2026-06-24,2026-06-25,2026-07-06,SHORT,92.0,94.3,87.39999999999999,94.3,STOP_LOSS,8,-2.4390243902439046,-2.5890243902439045,BEAR,BEAR,91.91999816894533,49.0607921630585,92.0303863945592,92.19741202465762,92.28165327243833,-0.1811608660487695,-0.09128710290008472,-0.2722825924426496,0.1811608660487695,0.09128710290008472,0.2722825924426496,-0.09011263914912604,-0.07995106830958161,-0.010161570839544429,-0.011054798783685638,0.011054798783685638,1.1704767890814403,-0.11994758463863271,0.11994758463863271,1.0,1.0,0.0,66.0,66.0,0.0,SBFC.BO
EMA_MACD,SBFC,BSE,2026-07-27,2026-07-28,2026-08-05,SHORT,91.0,93.275,86.45,93.275,STOP_LOSS,7,-2.439024390243893,-2.5890243902438934,NEUTRAL,NEUTRAL,90.52999877929688,43.8750044347454,91.6289432537906,92.08499481634337,92.10705761498585,-0.49525067950791934,-0.02395342899205864,-0.5190854789801292,0.49525067950791934,0.02395342899205864,0.5190854789801292,-0.034945271510508746,0.13175572223487703,-0.16670099374538577,-0.18413895503498923,0.18413895503498923,6.9605588612833245,-1.199342080645744,1.199342080645744,2.0,2.0,2.0,89.0,89.0,2.0,SBFC.BO
EMA_MACD,SBFC,BSE,2026-08-06,2026-08-07,2026-08-10,LONG,95.45999908447266,93.07349910736085,100.23299903869628,93.07349910736085,STOP_LOSS,2,-2.5000000000000133,-2.650000000000013,BULL,BULL,95.33999633789062,63.852979221941624,93.23565616109526,92.31050262343241,92.10382881114076,1.0022191531519262,0.22439220492715906,1.2288602597350453,1.0022191531519262,0.22439220492715906,1.2288602597350453,0.24948017322245164,-0.07558612592132072,0.3250662991437724,0.34095480556944646,0.34095480556944646,0.43009700341697077,2.2570122455720387,2.2570122455720387,1.0,1.0,1.0,0.0,1.0,0.0,SBFC.BO
CURRENT,SBIN,BSE,2025-06-30,2025-07-01,2025-07-16,LONG,820.3499755859375,799.8412261962891,861.3674743652344,831.5499877929688,TIME_EXIT,11,1.365272449606847,1.215272449606847,BULL,BULL,820.3499755859375,62.862313565191,806.4499005645498,802.2579555800845,800.2317971706182,0.522518344044871,0.2531964384107507,0.7770377802927861,0.522518344044871,0.2531964384107507,0.7770377802927861,2.1925857802240216,1.4918801853466728,0.7007055948773488,0.08541544654485639,0.08541544654485639,0.8581005293787909,1.723612962399405,1.723612962399405,1.0,1.0,0.0,0.0,1.0,0.0,500112.BO
CURRENT,SBIN,BSE,2025-08-14,2025-08-18,2025-08-26,LONG,831.3499755859375,810.566226196289,872.9174743652344,810.566226196289,STOP_LOSS,7,-2.5000000000000133,-2.650000000000013,NEUTRAL,NEUTRAL,826.7000122070312,62.620449001349805,819.881549742285,813.1671377402159,810.6227983995785,0.8257111841396242,0.31387463388159376,1.1421775159773555,0.8257111841396242,0.31387463388159376,1.1421775159773555,2.946201831572239,0.4688247559346933,2.4773770756375457,0.29967062284464246,0.29967062284464246,1.1224978162418315,0.8316399444394804,0.8316399444394804,3.0,3.0,3.0,0.0,3.0,0.0,500112.BO
CURRENT,SBIN,BSE,2025-09-11,2025-09-12,2025-09-22,LONG,824.9000244140625,804.2775238037109,866.1450256347657,866.1450256347657,TARGET,7,5.000000000000004,4.850000000000004,NEUTRAL,NEUTRAL,823.7999877929688,60.735201036384886,815.7954340388908,812.9951857133032,812.455214518252,0.3444360280105175,0.06646165664298896,0.4111266025437975,0.3444360280105175,0.06646165664298896,0.4111266025437975,0.6222946564055292,-0.147554286798044,0.7698489432035731,0.09345095346093228,0.09345095346093228,2.8188381035360446,0.9811961945470224,0.9811961945470224,1.0,1.0,0.0,0.0,1.0,0.0,500112.BO
CURRENT,SBIN,BSE,2026-05-08,2026-05-11,2026-05-15,SHORT,1009.9500122070312,1035.198762512207,959.4525115966796,959.4525115966796,TARGET,5,5.263157894736836,5.113157894736836,BEAR,BEAR,1019.5499877929688,38.023293310435825,1062.7464422640287,1073.431864760208,1074.5127783076405,-0.9954448760999278,-0.10059569036813268,-1.0950391918227136,0.9954448760999278,0.10059569036813268,1.0950391918227136,-1.4144468101951588,2.625327690749259,-4.039774500944418,-0.39623113621818223,0.39623113621818223,2.4557985199458146,-4.0646058884032685,4.0646058884032685,0.0,0.0,0.0,0.0,0.0,0.0,500112.BO
EMA_MACD,SBIN,BSE,2024-10-29,2024-10-30,2024-11-04,LONG,830.0,809.25,871.5,809.25,STOP_LOSS,4,-2.500000000000002,-2.650000000000002,NEUTRAL,NEUTRAL,832.6500244140625,50.793826486585345,805.3753662921793,801.0969186833927,799.8290940419279,0.5340736568826425,0.15851194347755898,0.6934321708933279,0.5340736568826425,0.15851194347755898,0.6934321708933279,1.5092384311311662,0.24887221737352921,1.260366213757637,0.15136806302798816,0.15136806302798816,2.502084611231487,3.386577149416856,3.386577149416856,0.0,0.0,0.0,,0.0,0.0,500112.BO
EMA_MACD,SBIN,BSE,2024-11-27,2024-11-29,2024-12-13,LONG,842.0,820.9499999999999,884.1,861.7000122070312,TIME_EXIT,11,2.339668908198478,2.189668908198478,NEUTRAL,NEUTRAL,834.2000122070312,52.156374320390036,828.7965455247102,823.7043414346414,819.6302509234431,0.6182077517279697,0.4970644393137236,1.118345081936614,0.6182077517279697,0.4970644393137236,1.118345081936614,4.3798360696176815,4.049127447287758,0.33070862232992315,0.03964380454214715,0.03964380454214715,0.6417193015047371,0.6519653962722741,0.6519653962722741,2.0,2.0,0.0,,2.0,0.0,500112.BO
EMA_MACD,SBIN,BSE,2025-06-30,2025-07-01,2025-07-16,LONG,820.3499755859375,799.8412261962891,861.3674743652344,831.5499877929688,TIME_EXIT,11,1.365272449606847,1.215272449606847,BULL,BULL,820.3499755859375,62.862313565191,806.4499005645498,802.2579555800845,800.2317971706182,0.522518344044871,0.2531964384107507,0.7770377802927861,0.522518344044871,0.2531964384107507,0.7770377802927861,2.1925857802240216,1.4918801853466728,0.7007055948773488,0.08541544654485639,0.08541544654485639,0.8581005293787909,1.723612962399405,1.723612962399405,1.0,1.0,0.0,0.0,1.0,0.0,500112.BO
EMA_MACD,SBIN,BSE,2025-08-12,2025-08-13,2025-08-28,LONG,823.4500122070312,802.8637619018555,864.6225128173828,802.8637619018555,STOP_LOSS,11,-2.500000000000002,-2.650000000000002,NEUTRAL,NEUTRAL,820.5499877929688,59.04831853244164,813.6334655578363,809.0385977038051,808.311549045456,0.5679417356690132,0.08994658794714196,0.6583991678289172,0.5679417356690132,0.08994658794714196,0.6583991678289172,0.8757252072076653,-0.6493799445386292,1.5251051517462946,0.18586377118210265,0.18586377118210265,1.6857008824001973,0.8500783863886918,0.8500783863886918,1.0,1.0,1.0,1.0,1.0,1.0,500112.BO
EMA_MACD,SBIN,BSE,2025-08-29,2025-09-02,2025-09-16,SHORT,809.9000244140625,830.147525024414,769.4050231933593,830.147525024414,STOP_LOSS,11,-2.439024390243893,-2.5890243902438934,BEAR,BEAR,802.3499755859375,40.442275425209154,807.1752768217488,812.2574662092899,812.4972091350867,-0.625687001839343,-0.02950692299017415,-0.6550093038477249,0.625687001839343,0.02950692299017415,0.6550093038477249,-0.4636022467049088,1.9031606969853092,-2.366762943690218,-0.2949788765135596,0.2949788765135596,1.255985375882872,-0.597800920614277,0.597800920614277,3.0,2.0,3.0,19.0,19.0,2.0,500112.BO
EMA_MACD,SBIN,BSE,2026-05-07,2026-05-08,2026-05-08,LONG,1093.449951171875,1066.113702392578,1148.1224487304687,1066.113702392578,STOP_LOSS,1,-2.5000000000000133,-2.650000000000013,BEAR,BEAR,1091.800048828125,53.69826551918824,1084.3446694995587,1082.4121775880812,1078.9098015488141,0.17853567721157415,0.3246217648814879,0.5037370077593694,0.17853567721157415,0.3246217648814879,0.5037370077593694,3.9245924403542176,3.635271315985363,0.2893211243688545,0.026499460654851134,0.026499460654851134,1.4686342685370741,0.6875470077246834,0.6875470077246834,0.0,1.0,0.0,11.0,11.0,0.0,500112.BO
CURRENT,SHADOWFAX,BSE,2026-07-31,2026-08-03,2026-08-03,LONG,251.6000061035156,245.3100059509277,264.18000640869144,245.3100059509277,STOP_LOSS,1,-2.500000000000002,-2.650000000000002,NEUTRAL,NEUTRAL,243.3000030517578,65.76486701523909,224.9151564173907,220.01029706420292,217.99373473850784,2.229377178540177,0.9250551756058603,3.1750553231198984,2.229377178540177,0.9250551756058603,3.1750553231198984,2.2076053509820213,1.1218439143259475,1.0857614366560737,0.44626445665317027,0.44626445665317027,3.5106057031952265,8.174125268929885,8.174125268929885,0.0,0.0,0.0,0.0,0.0,0.0,SHADOWFAX.BO
EMA_MACD,SHADOWFAX,BSE,2026-07-31,2026-08-03,2026-08-03,LONG,251.6000061035156,245.3100059509277,264.18000640869144,245.3100059509277,STOP_LOSS,1,-2.500000000000002,-2.650000000000002,NEUTRAL,NEUTRAL,243.3000030517578,65.76486701523909,224.9151564173907,220.01029706420292,217.99373473850784,2.229377178540177,0.9250551756058603,3.1750553231198984,2.229377178540177,0.9250551756058603,3.1750553231198984,2.2076053509820213,1.1218439143259475,1.0857614366560737,0.44626445665317027,0.44626445665317027,3.5106057031952265,8.174125268929885,8.174125268929885,0.0,0.0,0.0,0.0,0.0,0.0,SHADOWFAX.BO
CURRENT,SHUKRAPHAR,BSE,2025-03-03,2025-03-04,2025-03-05,LONG,25.700000762939453,25.057500743865965,26.98500080108643,25.057500743865965,STOP_LOSS,2,-2.500000000000002,-2.650000000000002,NEUTRAL,NEUTRAL,24.674999237060547,72.12046105502098,22.844288061806907,21.847712593159052,21.149344349064865,4.561463651622285,3.302079878069912,8.014166703077889,4.561463651622285,3.302079878069912,8.014166703077889,0.7495311493299468,0.612844509471313,0.13668663985863383,0.553947899027035,0.553947899027035,1.2947359514116752,8.01386836963584,8.01386836963584,2.0,2.0,0.0,2.0,2.0,0.0,SHUKRAPHAR.BO
CURRENT,SHUKRAPHAR,BSE,2025-08-21,2025-08-22,2025-08-26,LONG,22.8700008392334,22.29825081825256,24.013500881195068,24.013500881195068,TARGET,3,5.000000000000004,4.850000000000004,NEUTRAL,NEUTRAL,21.790000915527344,67.09719136018461,20.314909109384434,19.739891781913546,19.39826258150056,2.91297102245384,1.761132982800144,4.725405298709829,2.91297102245384,1.761132982800144,4.725405298709829,0.36366919600918735,0.301386491149506,0.06228270485968135,0.2858315844094311,0.2858315844094311,1.5968591111098176,7.261129243553907,7.261129243553907,1.0,1.0,0.0,1.0,1.0,0.0,SHUKRAPHAR.BO
CURRENT,SHUKRAPHAR,BSE,2025-12-09,2025-12-10,2025-12-11,LONG,46.43999862670898,45.27899866104125,48.761998558044425,45.27899866104125,STOP_LOSS,2,-2.500000000000002,-2.650000000000002,BULL,BULL,44.22999954223633,65.81055103789751,41.58956721161323,40.5570682369681,40.01128229297597,2.5457929271721818,1.3640801111938936,3.9445996933578122,2.5457929271721818,1.3640801111938936,3.9445996933578122,0.5858576108475049,0.4244094806633178,0.16144813018418708,0.3650195158379241,0.3650195158379241,0.8901248248403247,6.3487853027857435,6.3487853027857435,1.0,1.0,0.0,1.0,1.0,0.0,SHUKRAPHAR.BO
CURRENT,SHUKRAPHAR,BSE,2026-07-06,2026-07-07,2026-07-07,LONG,33.70000076293945,32.85750074386596,35.38500080108643,32.85750074386596,STOP_LOSS,1,-2.5000000000000133,-2.650000000000013,NEUTRAL,NEUTRAL,33.04999923706055,65.13740861128045,31.014973730317443,30.24231089838145,30.201839221315964,2.5549067150729705,0.13400401468570908,2.692334407328352,2.5549067150729705,0.13400401468570908,2.692334407328352,0.07366536029976345,-0.24804166575186629,0.3217070260516297,0.9733949575735065,0.9733949575735065,4.336292747407633,6.561429084022877,6.561429084022877,1.0,1.0,1.0,0.0,1.0,0.0,SHUKRAPHAR.BO
CURRENT,SHUKRAPHAR,BSE,2026-08-06,2026-08-07,2026-08-07,LONG,37.310001373291016,36.377251338958736,39.17550144195557,39.17550144195557,TARGET,1,5.000000000000004,4.850000000000004,BULL,BULL,36.38999938964844,67.83443852921158,33.014606864130144,32.17925451781818,31.96980162065455,2.5959344267885887,0.6551585763619794,3.2681004901844064,2.5959344267885887,0.6551585763619794,3.2681004901844064,0.23493268243934295,0.042024450835002204,0.19290823160434076,0.5301133136573115,0.5301133136573115,5.564382441765108,10.223936754447937,10.223936754447937,0.0,0.0,0.0,0.0,0.0,0.0,SHUKRAPHAR.BO
EMA_MACD,SHUKRAPHAR,BSE,2024-11-01,2024-11-04,2024-11-04,LONG,7.499000072479248,7.311525070667266,7.873950076103211,7.311525070667266,STOP_LOSS,1,-2.500000000000002,-2.650000000000002,NEUTRAL,NEUTRAL,7.369999885559082,59.10133597985795,7.018443423571798,6.93539422692806,6.899142539417095,1.1974690107922414,0.5254520732663036,1.7292132098024746,1.1974690107922414,0.5254520732663036,1.7292132098024746,0.037414778616434496,0.0372510274587472,0.00016375115768729742,0.002221861061465612,0.002221861061465612,0.8862255544680615,5.009037485527976,5.009037485527976,0.0,0.0,0.0,,0.0,0.0,SHUKRAPHAR.BO
EMA_MACD,SHUKRAPHAR,BSE,2024-11-08,2024-11-11,2024-11-11,SHORT,6.651000022888184,6.817275023460388,6.318450021743774,6.817275023460388,STOP_LOSS,1,-2.439024390243893,-2.5890243902438934,NEUTRAL,NEUTRAL,6.607999801635742,43.34065077989211,6.815622108373475,6.882169258464602,6.884252752190156,-0.9669502099106109,-0.030264631479308402,-0.9969221974723013,0.9669502099106109,0.030264631479308402,0.9969221974723013,-0.005978692264833718,0.026734166409812774,-0.03271285867464649,-0.49504932894442216,0.49504932894442216,1.6609676159825835,-3.046270808979477,3.046270808979477,1.0,0.0,2.0,10.0,10.0,0.0,SHUKRAPHAR.BO
EMA_MACD,SHUKRAPHAR,BSE,2024-11-12,2024-11-13,2024-11-13,SHORT,6.315999984741211,6.473899984359741,6.00019998550415,6.473899984359741,STOP_LOSS,1,-2.439024390243893,-2.5890243902438934,NEUTRAL,NEUTRAL,6.636000156402588,44.86049633131763,6.777832091823081,6.85102233001351,6.867972533137502,-1.068311190138613,-0.24680068305760233,-1.3124752738817724,1.068311190138613,0.24680068305760233,1.3124752738817724,-0.022190494804970484,0.012254787606427817,-0.0344452824113983,-0.5190669318801112,0.5190669318801112,1.1330739636485632,-2.092585556842016,2.092585556842016,3.0,2.0,4.0,12.0,12.0,2.0,SHUKRAPHAR.BO
EMA_MACD,SHUKRAPHAR,BSE,2025-03-03,2025-03-04,2025-03-05,LONG,25.700000762939453,25.057500743865965,26.98500080108643,25.057500743865965,STOP_LOSS,2,-2.500000000000002,-2.650000000000002,NEUTRAL,NEUTRAL,24.674999237060547,72.12046105502098,22.844288061806907,21.847712593159052,21.149344349064865,4.561463651622285,3.302079878069912,8.014166703077889,4.561463651622285,3.302079878069912,8.014166703077889,0.7495311493299468,0.612844509471313,0.13668663985863383,0.553947899027035,0.553947899027035,1.2947359514116752,8.01386836963584,8.01386836963584,2.0,2.0,0.0,2.0,2.0,0.0,SHUKRAPHAR.BO
EMA_MACD,SHUKRAPHAR,BSE,2025-08-21,2025-08-22,2025-08-26,LONG,22.8700008392334,22.29825081825256,24.013500881195068,24.013500881195068,TARGET,3,5.000000000000004,4.850000000000004,NEUTRAL,NEUTRAL,21.790000915527344,67.09719136018461,20.314909109384434,19.739891781913546,19.39826258150056,2.91297102245384,1.761132982800144,4.725405298709829,2.91297102245384,1.761132982800144,4.725405298709829,0.36366919600918735,0.301386491149506,0.06228270485968135,0.2858315844094311,0.2858315844094311,1.5968591111098176,7.261129243553907,7.261129243553907,1.0,1.0,0.0,1.0,1.0,0.0,SHUKRAPHAR.BO
EMA_MACD,SHUKRAPHAR,BSE,2025-12-09,2025-12-10,2025-12-11,LONG,46.43999862670898,45.27899866104125,48.761998558044425,45.27899866104125,STOP_LOSS,2,-2.500000000000002,-2.650000000000002,BULL,BULL,44.22999954223633,65.81055103789751,41.58956721161323,40.5570682369681,40.01128229297597,2.5457929271721818,1.3640801111938936,3.9445996933578122,2.5457929271721818,1.3640801111938936,3.9445996933578122,0.5858576108475049,0.4244094806633178,0.16144813018418708,0.3650195158379241,0.3650195158379241,0.8901248248403247,6.3487853027857435,6.3487853027857435,1.0,1.0,0.0,1.0,1.0,0.0,SHUKRAPHAR.BO
EMA_MACD,SHUKRAPHAR,BSE,2026-06-24,2026-06-25,2026-07-03,SHORT,29.3700008392334,30.10425086021423,27.901500797271726,30.10425086021423,STOP_LOSS,7,-2.439024390243893,-2.5890243902438934,BEAR,BEAR,29.32999992370605,44.40374742150025,29.718961459835633,30.02690174224817,30.278956956866693,-1.0255479737999835,-0.8324435183734461,-1.8494543845377214,1.0255479737999835,0.8324435183734461,1.8494543845377214,-0.2652081234271719,-0.25412395105475377,-0.011084172372418155,-0.03779124582765288,0.03779124582765288,0.390187794233213,-1.3087992211815769,1.3087992211815769,2.0,2.0,0.0,23.0,23.0,0.0,SHUKRAPHAR.BO
EMA_MACD,SHUKRAPHAR,BSE,2026-07-06,2026-07-07,2026-07-07,LONG,33.70000076293945,32.85750074386596,35.38500080108643,32.85750074386596,STOP_LOSS,1,-2.5000000000000133,-2.650000000000013,NEUTRAL,NEUTRAL,33.04999923706055,65.13740861128045,31.014973730317443,30.24231089838145,30.201839221315964,2.5549067150729705,0.13400401468570908,2.692334407328352,2.5549067150729705,0.13400401468570908,2.692334407328352,0.07366536029976345,-0.24804166575186629,0.3217070260516297,0.9733949575735065,0.9733949575735065,4.336292747407633,6.561429084022877,6.561429084022877,1.0,1.0,1.0,0.0,1.0,0.0,SHUKRAPHAR.BO
EMA_MACD,SHUKRAPHAR,BSE,2026-08-06,2026-08-07,2026-08-07,LONG,37.310001373291016,36.377251338958736,39.17550144195557,39.17550144195557,TARGET,1,5.000000000000004,4.850000000000004,BULL,BULL,36.38999938964844,67.83443852921158,33.014606864130144,32.17925451781818,31.96980162065455,2.5959344267885887,0.6551585763619794,3.2681004901844064,2.5959344267885887,0.6551585763619794,3.2681004901844064,0.23493268243934295,0.042024450835002204,0.19290823160434076,0.5301133136573115,0.5301133136573115,5.564382441765108,10.223936754447937,10.223936754447937,0.0,0.0,0.0,0.0,0.0,0.0,SHUKRAPHAR.BO
CURRENT,SWIGGY,BSE,2025-10-16,2025-10-17,2025-10-17,LONG,449.2999877929688,438.06748809814457,471.7649871826173,438.06748809814457,STOP_LOSS,1,-2.500000000000002,-2.650000000000002,BULL,BULL,449.3500061035156,62.04939894817539,441.04768378318033,434.48787020290183,430.8044468783837,1.509780601519469,0.8550105160724929,2.377699900504576,1.509780601519469,0.8550105160724929,2.377699900504576,4.099804091395981,2.2246768373080474,1.8751272540879338,0.4172977030417499,0.4172977030417499,1.4378805504486751,1.8824092327433526,1.8824092327433526,4.0,4.0,3.0,0.0,4.0,0.0,SWIGGY.BO
CURRENT,SWIGGY,BSE,2026-07-29,2026-07-30,2026-08-03,LONG,287.04998779296875,279.87373809814454,301.4024871826172,279.87373809814454,STOP_LOSS,3,-2.499999999999991,-2.649999999999991,NEUTRAL,NEUTRAL,287.20001220703125,63.243151299659914,271.125677672605,266.8432363045369,263.28191534046823,1.604852881929789,1.3526644849355784,2.979225641834697,1.604852881929789,1.3526644849355784,2.979225641834697,3.9246343999774354,3.178373867979707,0.7462605319977285,0.25984000706092536,0.25984000706092536,2.801935457387479,5.928739274129788,5.928739274129788,0.0,1.0,0.0,0.0,1.0,0.0,SWIGGY.BO
EMA_MACD,SWIGGY,BSE,2025-10-13,2025-10-14,2025-10-16,LONG,434.8500061035156,423.9787559509277,456.5925064086914,456.5925064086914,TARGET,3,5.000000000000004,4.850000000000004,BULL,BULL,434.8500061035156,54.735622597485786,431.0046789535362,428.59670950817235,427.30746369465624,0.5618263957572293,0.30171385315127147,0.8652353569751609,0.5618263957572293,0.30171385315127147,0.8652353569751609,1.3226173381966646,1.282638968140859,0.03997837005580562,0.009193599975778502,0.009193599975778502,0.30512981665833394,0.8921775882609305,0.8921775882609305,1.0,1.0,0.0,17.0,17.0,0.0,SWIGGY.BO
EMA_MACD,SWIGGY,BSE,2025-12-29,2025-12-30,2026-01-06,SHORT,394.5,404.3625,374.775,374.775,TARGET,6,5.2631578947368585,5.113157894736858,BULL,BULL,394.7999877929688,46.25954472370161,398.27328987180806,400.4791289270035,400.9003236679942,-0.5508000032624684,-0.10506221026139963,-0.6552835308663206,0.5508000032624684,0.10506221026139963,0.6552835308663206,-0.4467113479879572,0.04085587675960836,-0.48756722474756553,-0.1234972745245482,0.1234972745245482,0.5545221644886589,-0.872090136889974,0.872090136889974,1.0,1.0,1.0,20.0,20.0,1.0,SWIGGY.BO
EMA_MACD,SWIGGY,BSE,2026-07-29,2026-07-30,2026-08-03,LONG,287.04998779296875,279.87373809814454,301.4024871826172,279.87373809814454,STOP_LOSS,3,-2.499999999999991,-2.649999999999991,NEUTRAL,NEUTRAL,287.20001220703125,63.243151299659914,271.125677672605,266.8432363045369,263.28191534046823,1.604852881929789,1.3526644849355784,2.979225641834697,1.604852881929789,1.3526644849355784,2.979225641834697,3.9246343999774354,3.178373867979707,0.7462605319977285,0.25984000706092536,0.25984000706092536,2.801935457387479,5.928739274129788,5.928739274129788,0.0,1.0,0.0,0.0,1.0,0.0,SWIGGY.BO
CURRENT,SWIGGY,NSE,2025-10-16,2025-10-17,2025-10-17,LONG,447.0,435.825,469.35,435.825,STOP_LOSS,1,-2.500000000000002,-2.650000000000002,BULL,BULL,448.3999938964844,62.08533837544074,440.78419942110645,434.4464563740074,430.81081676860634,1.458808779336198,0.8439062957311555,2.3150260541988503,1.458808779336198,0.8439062957311555,2.3150260541988503,4.041100741902767,2.2517021688394188,1.7893985730633482,0.3990630235103082,0.3990630235103082,1.7923932767232504,1.7277830025168663,1.7277830025168663,4.0,4.0,3.0,0.0,4.0,0.0,SWIGGY.NS
CURRENT,SWIGGY,NSE,2026-07-29,2026-07-30,2026-08-03,LONG,285.989990234375,278.8402404785156,300.2894897460937,278.8402404785156,STOP_LOSS,3,-2.500000000000002,-2.650000000000002,NEUTRAL,NEUTRAL,287.3399963378906,63.300205974111186,271.0652906260618,266.78510302935933,263.2314314880146,1.6043577951320096,1.3500179371651262,2.976034850307725,1.6043577951320096,1.3500179371651262,2.976034850307725,3.915315014428586,3.175668112052901,0.7396469023756849,0.2574117462944193,0.2574117462944193,3.0390404600031746,6.003979954143216,6.003979954143216,0.0,1.0,0.0,0.0,1.0,0.0,SWIGGY.NS
EMA_MACD,SWIGGY,NSE,2025-10-13,2025-10-14,2025-10-16,LONG,435.2000122070313,424.32001190185554,456.9600128173829,456.9600128173829,TARGET,3,5.000000000000004,4.850000000000004,BULL,BULL,434.7999877929688,54.90323128517614,431.0966738091735,428.72562288142603,427.39517481633965,0.5530462377806746,0.31129225210792494,0.8660600799773852,0.5530462377806746,0.31129225210792494,0.8660600799773852,1.3666304574519472,1.3430399628061522,0.02359049464579499,0.005425596896986959,0.005425596896986959,0.5673222140516863,0.8590448984615846,0.8590448984615846,1.0,1.0,0.0,17.0,17.0,0.0,SWIGGY.NS
EMA_MACD,SWIGGY,NSE,2025-12-29,2025-12-30,2026-01-06,SHORT,395.0,404.875,375.25,375.25,TARGET,6,5.263157894736836,5.113157894736836,BULL,BULL,394.8500061035156,46.28295309188578,398.36746719600274,400.63084978584544,401.0513930905014,-0.5649546436707463,-0.10486020293190969,-0.6692224340168297,0.5649546436707463,0.10486020293190969,0.6692224340168297,-0.4467363928799273,0.05913953748307907,-0.5058759303630064,-0.12811850640579292,0.12811850640579292,0.49159242976346806,-0.8829689626127193,0.8829689626127193,1.0,1.0,1.0,20.0,20.0,1.0,SWIGGY.NS
EMA_MACD,SWIGGY,NSE,2026-07-29,2026-07-30,2026-08-03,LONG,285.989990234375,278.8402404785156,300.2894897460937,278.8402404785156,STOP_LOSS,3,-2.500000000000002,-2.650000000000002,NEUTRAL,NEUTRAL,287.3399963378906,63.300205974111186,271.0652906260618,266.78510302935933,263.2314314880146,1.6043577951320096,1.3500179371651262,2.976034850307725,1.6043577951320096,1.3500179371651262,2.976034850307725,3.915315014428586,3.175668112052901,0.7396469023756849,0.2574117462944193,0.2574117462944193,3.0390404600031746,6.003979954143216,6.003979954143216,0.0,1.0,0.0,0.0,1.0,0.0,SWIGGY.NS
CURRENT,TATASTEEL,BSE,2024-12-19,2024-12-20,2024-12-30,SHORT,143.25,146.83124999999998,136.0875,136.0875,TARGET,6,5.263157894736836,5.113157894736836,NEUTRAL,NEUTRAL,143.3000030517578,39.053307970308225,145.5980694343466,146.6473074629094,147.02617215234815,-0.7154840049335204,-0.25768520249998633,-0.9713255110265387,0.7154840049335204,0.25768520249998633,0.9713255110265387,-0.4000196530371909,-0.23941375529125813,-0.16060589774593276,-0.11207668829422447,0.11207668829422447,0.9201462218427234,-1.5783632238510106,1.5783632238510106,1.0,1.0,0.0,0.0,1.0,0.0,500470.BO
CURRENT,TATASTEEL,BSE,2025-06-27,2025-06-30,2025-07-15,LONG,161.0,156.975,169.05,159.0500030517578,TIME_EXIT,11,-1.2111782287218542,-1.361178228721854,BULL,BULL,161.39999389648438,65.03304555602622,158.0798481544019,156.27956969536584,155.33330310428013,1.1519602098632145,0.6091846192509304,1.7681623935325224,1.1519602098632145,0.6091846192509304,1.7681623935325224,1.021570497032684,0.7090750726219464,0.31249542441073763,0.19361551191331514,0.19361551191331514,1.5744923143372223,2.1002966417576365,2.1002966417576365,1.0,1.0,0.0,1.0,1.0,0.0,500470.BO
CURRENT,TATASTEEL,BSE,2025-08-28,2025-08-29,2025-09-02,SHORT,154.25,158.10625,146.5375,158.10625,STOP_LOSS,2,-2.439024390243893,-2.5890243902438934,NEUTRAL,NEUTRAL,153.5500030517578,39.93547282416982,155.89321169886549,157.59862935299242,158.39226271283943,-1.0821272121010048,-0.501055636338652,-1.5777607890510705,1.0821272121010048,0.501055636338652,1.5777607890510705,-0.913347506908508,-0.3266622479834543,-0.5866852589250537,-0.3820809164864015,0.3820809164864015,0.6673370687549908,-1.5030857479759816,1.5030857479759816,2.0,2.0,2.0,0.0,2.0,0.0,500470.BO
CURRENT,TATASTEEL,BSE,2025-09-04,2025-09-05,2025-09-19,LONG,166.8000030517578,162.63000297546387,175.1400032043457,171.5,TIME_EXIT,11,2.8177439222131007,2.6677439222131007,NEUTRAL,NEUTRAL,166.75,61.89457644104945,162.39433803800412,159.96121329049242,159.4284559058771,1.52107170073354,0.3341670604461382,1.8603216817692974,1.52107170073354,0.3341670604461382,1.8603216817692974,0.6450110998951857,-0.22764192033803912,0.8726530202332248,0.5233301470664017,0.5233301470664017,0.8931448983425501,2.6821513696964914,2.6821513696964914,1.0,1.0,1.0,1.0,1.0,1.0,500470.BO
EMA_MACD,TATASTEEL,BSE,2024-12-19,2024-12-20,2024-12-30,SHORT,143.25,146.83124999999998,136.0875,136.0875,TARGET,6,5.263157894736836,5.113157894736836,NEUTRAL,NEUTRAL,143.3000030517578,39.053307970308225,145.5980694343466,146.6473074629094,147.02617215234815,-0.7154840049335204,-0.25768520249998633,-0.9713255110265387,0.7154840049335204,0.25768520249998633,0.9713255110265387,-0.4000196530371909,-0.23941375529125813,-0.16060589774593276,-0.11207668829422447,0.11207668829422447,0.9201462218427234,-1.5783632238510106,1.5783632238510106,1.0,1.0,0.0,0.0,1.0,0.0,500470.BO
EMA_MACD,TATASTEEL,BSE,2025-06-27,2025-06-30,2025-07-15,LONG,161.0,156.975,169.05,159.0500030517578,TIME_EXIT,11,-1.2111782287218542,-1.361178228721854,BULL,BULL,161.39999389648438,65.03304555602622,158.0798481544019,156.27956969536584,155.33330310428013,1.1519602098632145,0.6091846192509304,1.7681623935325224,1.1519602098632145,0.6091846192509304,1.7681623935325224,1.021570497032684,0.7090750726219464,0.31249542441073763,0.19361551191331514,0.19361551191331514,1.5744923143372223,2.1002966417576365,2.1002966417576365,1.0,1.0,0.0,1.0,1.0,0.0,500470.BO
EMA_MACD,TATASTEEL,BSE,2025-08-21,2025-08-22,2025-08-26,LONG,161.39999389648438,157.3649940490723,169.4699935913086,157.3649940490723,STOP_LOSS,3,-2.500000000000002,-2.650000000000002,NEUTRAL,NEUTRAL,161.5,54.36114711252472,160.22812500998202,159.57826556389904,159.46072246358173,0.4072355616766403,0.07371288584507131,0.4812486326064108,0.4072355616766403,0.07371288584507131,0.4812486326064108,0.13466402053430215,-0.05913553492893894,0.1937995554632411,0.11999972474504093,0.11999972474504093,2.2035184628655196,0.7937900976740138,0.7937900976740138,1.0,1.0,1.0,38.0,38.0,1.0,500470.BO
EMA_MACD,TATASTEEL,BSE,2025-09-04,2025-09-05,2025-09-19,LONG,166.8000030517578,162.63000297546387,175.1400032043457,171.5,TIME_EXIT,11,2.8177439222131007,2.6677439222131007,NEUTRAL,NEUTRAL,166.75,61.89457644104945,162.39433803800412,159.96121329049242,159.4284559058771,1.52107170073354,0.3341670604461382,1.8603216817692974,1.52107170073354,0.3341670604461382,1.8603216817692974,0.6450110998951857,-0.22764192033803912,0.8726530202332248,0.5233301470664017,0.5233301470664017,0.8931448983425501,2.6821513696964914,2.6821513696964914,1.0,1.0,1.0,1.0,1.0,1.0,500470.BO
EMA_MACD,TATASTEEL,BSE,2026-04-08,2026-04-09,2026-04-21,LONG,203.6999969482422,198.6074970245361,213.8849967956543,213.8849967956543,TARGET,8,5.000000000000004,4.850000000000004,BEAR,BEAR,204.25,59.352918375134905,198.5142896050487,196.06207929417647,195.9369957457917,1.2507315640536862,0.0638386578852359,1.3153686721831612,1.2507315640536862,0.0638386578852359,1.3153686721831612,0.22562892455911765,-0.903243007336036,1.1288719318951537,0.5526912763256566,0.5526912763256566,0.7130983262551729,2.8893186512480784,2.8893186512480784,2.0,1.0,4.0,42.0,42.0,1.0,500470.BO
CURRENT,TATASTEEL,NSE,2024-12-19,2024-12-20,2025-01-06,SHORT,142.88999938964844,146.46224937438964,135.745499420166,135.745499420166,TARGET,11,5.2631578947368585,5.113157894736858,NEUTRAL,NEUTRAL,143.25999450683594,39.398277209040955,145.56730036922755,146.62263149024838,146.94389434268615,-0.7197600467912868,-0.2186296027302474,-0.9368160409906234,0.7197600467912868,0.2186296027302474,0.9368160409906234,-0.34053878280550975,-0.15265637992183353,-0.18788240288367622,-0.1311478501241399,0.1311478501241399,0.8582450724493346,-1.585044070020668,1.585044070020668,1.0,1.0,0.0,0.0,1.0,0.0,TATASTEEL.NS
CURRENT,TATASTEEL,NSE,2025-06-26,2025-06-27,2025-07-11,LONG,161.0,156.975,169.05,159.83999633789062,TIME_EXIT,11,-0.7204991690120344,-0.8704991690120344,BULL,BULL,160.5399932861328,63.63295397188861,156.33881080932684,155.21410721421955,154.83204605836204,0.7246142862227247,0.246758449289949,0.9731607824886903,0.7246142862227247,0.246758449289949,0.9731607824886903,0.390305298136866,0.28982308495388687,0.10048221318297912,0.06259014412931249,0.06259014412931249,1.7455718979640338,2.6872293930454627,2.6872293930454627,0.0,0.0,0.0,0.0,0.0,0.0,TATASTEEL.NS
CURRENT,TATASTEEL,NSE,2025-09-03,2025-09-04,2025-09-18,LONG,169.0,164.775,177.45000000000002,172.02999877929688,TIME_EXIT,11,1.7928986859744755,1.6428986859744756,NEUTRAL,NEUTRAL,167.85000610351562,63.96454403548088,160.47887401211148,158.99102928748877,158.9492536387954,0.9358041968093508,0.026282381160660995,0.9623325295959347,0.9358041968093508,0.026282381160660995,0.9623325295959347,0.08123204420095931,-0.43026365512550485,0.5114956993264641,0.3047337984670772,0.3047337984670772,3.317875467023114,4.593210250744808,4.593210250744808,0.0,0.0,0.0,0.0,0.0,0.0,TATASTEEL.NS
CURRENT,TATASTEEL,NSE,2026-08-14,2026-08-17,2026-08-26,SHORT,183.5,188.0875,174.325,188.0875,STOP_LOSS,8,-2.439024390243893,-2.5890243902438934,NEUTRAL,NEUTRAL,183.5,39.744996074153455,185.86846089386472,187.19167415298074,188.23737487077167,-0.7068761284941724,-0.5555223655816643,-1.2584716390850939,0.7068761284941724,0.5555223655816643,1.2584716390850939,-1.1125905679531627,-1.0056571598317319,-0.10693340812143082,-0.05827433685091597,0.05827433685091597,0.7715887502256376,-1.2742672331144813,1.2742672331144813,2.0,3.0,0.0,0.0,3.0,0.0,TATASTEEL.NS
EMA_MACD,TATASTEEL,NSE,2024-12-19,2024-12-20,2025-01-06,SHORT,142.88999938964844,146.46224937438964,135.745499420166,135.745499420166,TARGET,11,5.2631578947368585,5.113157894736858,NEUTRAL,NEUTRAL,143.25999450683594,39.398277209040955,145.56730036922755,146.62263149024838,146.94389434268615,-0.7197600467912868,-0.2186296027302474,-0.9368160409906234,0.7197600467912868,0.2186296027302474,0.9368160409906234,-0.34053878280550975,-0.15265637992183353,-0.18788240288367622,-0.1311478501241399,0.1311478501241399,0.8582450724493346,-1.585044070020668,1.585044070020668,1.0,1.0,0.0,0.0,1.0,0.0,TATASTEEL.NS
EMA_MACD,TATASTEEL,NSE,2025-06-26,2025-06-27,2025-07-11,LONG,161.0,156.975,169.05,159.83999633789062,TIME_EXIT,11,-0.7204991690120344,-0.8704991690120344,BULL,BULL,160.5399932861328,63.63295397188861,156.33881080932684,155.21410721421955,154.83204605836204,0.7246142862227247,0.246758449289949,0.9731607824886903,0.7246142862227247,0.246758449289949,0.9731607824886903,0.390305298136866,0.28982308495388687,0.10048221318297912,0.06259014412931249,0.06259014412931249,1.7455718979640338,2.6872293930454627,2.6872293930454627,0.0,0.0,0.0,0.0,0.0,0.0,TATASTEEL.NS
EMA_MACD,TATASTEEL,NSE,2025-08-21,2025-08-22,2025-08-26,LONG,161.25,157.21875,169.3125,157.21875,STOP_LOSS,3,-2.500000000000002,-2.650000000000002,NEUTRAL,NEUTRAL,161.50999450683594,54.33743801229731,160.2377788959747,159.575703226878,159.48792038808784,0.41489754123495676,0.05504043100979457,0.4701663336396962,0.41489754123495676,0.05504043100979457,0.4701663336396962,0.10465993942824525,-0.10796867547360546,0.2126286149018507,0.1316504378265279,0.1316504378265279,0.7708095457426961,0.7939548461209873,0.7939548461209873,1.0,1.0,1.0,39.0,39.0,1.0,TATASTEEL.NS
EMA_MACD,TATASTEEL,NSE,2025-09-03,2025-09-04,2025-09-18,LONG,169.0,164.775,177.45000000000002,172.02999877929688,TIME_EXIT,11,1.7928986859744755,1.6428986859744756,NEUTRAL,NEUTRAL,167.85000610351562,63.96454403548088,160.47887401211148,158.99102928748877,158.9492536387954,0.9358041968093508,0.026282381160660995,0.9623325295959347,0.9358041968093508,0.026282381160660995,0.9623325295959347,0.08123204420095931,-0.43026365512550485,0.5114956993264641,0.3047337984670772,0.3047337984670772,3.317875467023114,4.593210250744808,4.593210250744808,0.0,0.0,0.0,0.0,0.0,0.0,TATASTEEL.NS
EMA_MACD,TATASTEEL,NSE,2026-08-14,2026-08-17,2026-08-26,SHORT,183.5,188.0875,174.325,188.0875,STOP_LOSS,8,-2.439024390243893,-2.5890243902438934,NEUTRAL,NEUTRAL,183.5,39.744996074153455,185.86846089386472,187.19167415298074,188.23737487077167,-0.7068761284941724,-0.5555223655816643,-1.2584716390850939,0.7068761284941724,0.5555223655816643,1.2584716390850939,-1.1125905679531627,-1.0056571598317319,-0.10693340812143082,-0.05827433685091597,0.05827433685091597,0.7715887502256376,-1.2742672331144813,1.2742672331144813,2.0,3.0,0.0,0.0,3.0,0.0,TATASTEEL.NS
CURRENT,TENNIND,BSE,2026-08-31,2026-09-01,2026-09-02,SHORT,539.0999755859375,552.5774749755859,512.1449768066406,512.1449768066406,TARGET,2,5.2631578947368585,5.113157894736858,NEUTRAL,NEUTRAL,529.25,39.3000333524194,539.146970405463,546.1319072128138,551.022596726632,-1.2789834681145857,-0.8875660531657852,-2.1551976981917838,1.2789834681145857,0.8875660531657852,2.1551976981917838,-5.3726354300141566,-3.8177271388660667,-1.5549082911480898,-0.29379467003270476,0.29379467003270476,0.024659457841793398,-1.8356720799191377,1.8356720799191377,3.0,4.0,2.0,0.0,4.0,0.0,TENNIND.BO
EMA_MACD,TENNIND,BSE,2026-04-09,2026-04-10,2026-04-13,LONG,564.4500122070312,550.3387619018555,592.6725128173829,550.3387619018555,STOP_LOSS,2,-2.499999999999991,-2.649999999999991,BEAR,BEAR,556.1500244140625,54.91703373857826,549.3288649885806,541.4070479976889,540.6066732437705,1.4631905920303954,0.14805121607470156,1.6134080795700885,1.4631905920303954,0.14805121607470156,1.6134080795700885,1.1344921022844119,-2.2817215135892805,3.4162136158736924,0.6142611644174392,0.6142611644174392,0.8968136737708378,1.241726015184681,1.241726015184681,2.0,1.0,2.0,27.0,27.0,1.0,TENNIND.BO
EMA_MACD,TENNIND,BSE,2026-07-14,2026-07-15,2026-07-23,SHORT,570.0,584.25,541.5,541.5,TARGET,7,5.263157894736836,5.113157894736836,NEUTRAL,NEUTRAL,569.4500122070312,42.885153417267624,580.6035975660387,585.1591716545357,586.0499599669802,-0.7785187875661463,-0.1519986986253923,-0.929334147765884,0.7785187875661463,0.1519986986253923,0.929334147765884,-1.0786964440208067,0.5811698984296509,-1.6598663424504576,-0.29148587353914934,0.29148587353914934,0.1530961403355502,-1.92103276758268,1.92103276758268,4.0,3.0,3.0,31.0,31.0,3.0,TENNIND.BO
EMA_MACD,TENNIND,BSE,2026-08-14,2026-08-17,2026-08-18,SHORT,544.3499755859375,557.9587249755859,517.1324768066406,557.9587249755859,STOP_LOSS,2,-2.4390243902439046,-2.5890243902439045,NEUTRAL,NEUTRAL,538.8499755859375,42.16028927056046,543.128265242834,548.8505503260765,555.2998651617929,-1.0425943965698519,-1.161411201466323,-2.191896789928552,1.0425943965698519,1.161411201466323,2.191896789928552,-6.946821546251613,-6.688198578971582,-0.2586229672800311,-0.04799535659230721,0.04799535659230721,0.03809344381638827,-0.7877125774302449,0.7877125774302449,2.0,4.0,0.0,1.0,4.0,0.0,TENNIND.BO
EMA_MACD,TENNIND,BSE,2026-08-27,2026-08-28,2026-09-02,SHORT,547.5499877929688,561.238737487793,520.1724884033202,520.1724884033202,TARGET,4,5.2631578947368585,5.113157894736858,NEUTRAL,NEUTRAL,541.1500244140625,43.902984679477925,547.1431834122917,550.7698181507742,553.9455568219435,-0.6584664988831498,-0.5732943665779856,-1.2279859141172351,0.6584664988831498,0.5732943665779856,1.2279859141172351,-3.380734845675761,-3.25309207677251,-0.12764276890325066,-0.023587316482422335,0.023587316482422335,0.04541599560357987,-1.0953547773093881,1.0953547773093881,1.0,2.0,0.0,10.0,10.0,0.0,TENNIND.BO
CURRENT,TFCILTD,BSE,2024-11-22,2024-11-25,2024-11-26,LONG,33.91999816894531,33.07199821472168,35.61599807739258,35.61599807739258,TARGET,2,5.000000000000004,4.850000000000004,NEUTRAL,NEUTRAL,33.16999816894531,63.18509240737384,31.198601637503188,30.68558476570878,30.685086497286154,1.6718497487058066,0.0016238129968086327,1.6735007094161216,1.6718497487058066,0.0016238129968086327,1.6735007094161216,0.028857948565381264,-0.21924781684271358,0.24810576540809484,0.7479824513236737,0.7479824513236737,6.393542568494651,6.318861833449452,6.318861833449452,0.0,0.0,1.0,0.0,1.0,0.0,TFCILTD.BO
CURRENT,TFCILTD,BSE,2025-01-14,2025-01-15,2025-01-22,SHORT,31.059999465942383,31.83649945259094,29.506999492645264,29.506999492645264,TARGET,6,5.263157894736836,5.113157894736836,NEUTRAL,NEUTRAL,31.15999984741211,38.80994929692673,32.0379340312287,32.65603562048243,32.97713080283557,-1.8927637035833036,-0.9736904774187651,-2.8480245210602395,1.8927637035833036,0.9736904774187651,2.8480245210602395,-0.3695675199842441,-0.158179918721795,-0.2113876012624491,-0.6783941023671257,0.6783941023671257,0.29447901606298527,-2.7402958722645256,2.7402958722645256,3.0,3.0,3.0,0.0,3.0,0.0,TFCILTD.BO
CURRENT,TFCILTD,BSE,2025-03-26,2025-03-27,2025-03-27,LONG,33.189998626708984,32.36024866104126,34.84949855804444,32.36024866104126,STOP_LOSS,1,-2.499999999999991,-2.649999999999991,NEUTRAL,NEUTRAL,33.439998626708984,69.58573324053515,30.047988526730904,29.22987397145712,29.02528104435951,2.798898674940132,0.7048783671893837,3.523505873408719,2.798898674940132,0.7048783671893837,3.523505873408719,0.24634266172011365,-0.03335792945436043,0.2797005911744741,0.836425247192066,0.836425247192066,8.20624152709892,11.288642821999629,11.288642821999629,0.0,0.0,0.0,0.0,0.0,0.0,TFCILTD.BO
CURRENT,TFCILTD,BSE,2025-12-04,2025-12-05,2025-12-09,SHORT,64.25,65.85624999999999,61.0375,65.85624999999999,STOP_LOSS,3,-2.4390243902438824,-2.5890243902438823,BULL,BULL,64.13999938964844,39.04875864910367,66.52196899308976,67.6613696109076,68.36610581922872,-1.683975101849195,-1.030826898616343,-2.6974431321496746,1.683975101849195,1.030826898616343,2.6974431321496746,-0.7714647604513942,-0.5832047207182803,-0.1882600397331139,-0.29351425245491536,0.29351425245491536,0.15671410345949852,-3.5807262465258005,3.5807262465258005,1.0,1.0,0.0,0.0,1.0,0.0,TFCILTD.BO
CURRENT,TFCILTD,BSE,2026-07-15,2026-07-16,2026-07-20,LONG,84.0,81.89999999999999,88.2,81.89999999999999,STOP_LOSS,3,-2.5000000000000133,-2.650000000000013,NEUTRAL,NEUTRAL,83.7699966430664,64.86721568956783,80.35930685851935,78.65386056341437,77.47374714405643,2.168293180892205,1.5232429859931877,3.724564540679102,2.168293180892205,1.5232429859931877,3.724564540679102,1.3101126865439028,0.8894287469012064,0.42068393964269635,0.5021892759948154,0.5021892759948154,0.4691588034808064,4.244299655983746,4.244299655983746,2.0,2.0,1.0,0.0,2.0,0.0,TFCILTD.BO
EMA_MACD,TFCILTD,BSE,2024-11-18,2024-11-19,2024-11-19,SHORT,29.489999771118164,30.22724976539612,28.01549978256225,30.22724976539612,STOP_LOSS,1,-2.439024390243893,-2.5890243902438934,NEUTRAL,NEUTRAL,29.34000015258789,45.10494558965699,29.799033235008313,30.216230126803584,30.50276490603457,-1.3807046413284785,-0.9393731358900511,-2.3071078087319026,1.3807046413284785,0.9393731358900511,2.3071078087319026,-0.3002127972388777,-0.2851855292421848,-0.015027267996692906,-0.05121768206728331,0.05121768206728331,0.3069065194058271,-1.5404294454799425,1.5404294454799425,2.0,2.0,0.0,,2.0,0.0,TFCILTD.BO
EMA_MACD,TFCILTD,BSE,2024-11-22,2024-11-25,2024-11-26,LONG,33.91999816894531,33.07199821472168,35.61599807739258,35.61599807739258,TARGET,2,5.000000000000004,4.850000000000004,NEUTRAL,NEUTRAL,33.16999816894531,63.18509240737384,31.198601637503188,30.68558476570878,30.685086497286154,1.6718497487058066,0.0016238129968086327,1.6735007094161216,1.6718497487058066,0.0016238129968086327,1.6735007094161216,0.028857948565381264,-0.21924781684271358,0.24810576540809484,0.7479824513236737,0.7479824513236737,6.393542568494651,6.318861833449452,6.318861833449452,0.0,0.0,1.0,0.0,1.0,0.0,TFCILTD.BO
EMA_MACD,TFCILTD,BSE,2025-01-09,2025-01-10,2025-01-13,SHORT,32.72999954223633,33.54824953079223,31.09349956512451,31.09349956512451,TARGET,2,5.263157894736836,5.113157894736836,NEUTRAL,NEUTRAL,32.91999816894531,47.72756523905793,33.235526954853626,33.26370456451204,33.3215094057141,-0.08470977609774602,-0.17347605865702748,-0.258038883573902,0.08470977609774602,0.17347605865702748,0.258038883573902,-0.06995694981529965,-0.050542659918095055,-0.019414289897204597,-0.05897415242118341,0.05897415242118341,0.13913568601882753,-0.9493719968301395,0.9493719968301395,0.0,0.0,0.0,12.0,12.0,0.0,TFCILTD.BO
EMA_MACD,TFCILTD,BSE,2025-03-17,2025-03-18,2025-03-21,SHORT,28.0,28.7,26.6,28.7,STOP_LOSS,4,-2.4390243902438824,-2.5890243902438823,NEUTRAL,NEUTRAL,27.8700008392334,43.670748304555076,28.465872520696827,28.783269669228588,28.853658462765807,-1.1027140147009828,-0.2439510179551497,-1.3439749505921352,1.1027140147009828,0.2439510179551497,1.3439749505921352,-0.07480240668392213,-0.0016856172688393904,-0.07311678941508273,-0.2623494338477168,0.2623494338477168,1.432858361052707,-2.093284444487641,2.093284444487641,1.0,1.0,1.0,43.0,43.0,1.0,TFCILTD.BO
EMA_MACD,TFCILTD,BSE,2025-03-26,2025-03-27,2025-03-27,LONG,33.189998626708984,32.36024866104126,34.84949855804444,32.36024866104126,STOP_LOSS,1,-2.499999999999991,-2.649999999999991,NEUTRAL,NEUTRAL,33.439998626708984,69.58573324053515,30.047988526730904,29.22987397145712,29.02528104435951,2.798898674940132,0.7048783671893837,3.523505873408719,2.798898674940132,0.7048783671893837,3.523505873408719,0.24634266172011365,-0.03335792945436043,0.2797005911744741,0.836425247192066,0.836425247192066,8.20624152709892,11.288642821999629,11.288642821999629,0.0,0.0,0.0,0.0,0.0,0.0,TFCILTD.BO
EMA_MACD,TFCILTD,BSE,2025-12-04,2025-12-05,2025-12-09,SHORT,64.25,65.85624999999999,61.0375,65.85624999999999,STOP_LOSS,3,-2.4390243902438824,-2.5890243902438823,BULL,BULL,64.13999938964844,39.04875864910367,66.52196899308976,67.6613696109076,68.36610581922872,-1.683975101849195,-1.030826898616343,-2.6974431321496746,1.683975101849195,1.030826898616343,2.6974431321496746,-0.7714647604513942,-0.5832047207182803,-0.1882600397331139,-0.29351425245491536,0.29351425245491536,0.15671410345949852,-3.5807262465258005,3.5807262465258005,1.0,1.0,0.0,0.0,1.0,0.0,TFCILTD.BO
EMA_MACD,TFCILTD,BSE,2026-01-21,2026-01-22,2026-01-22,SHORT,62.04999923706055,63.60124921798705,58.94749927520752,63.60124921798705,STOP_LOSS,1,-2.439024390243893,-2.5890243902438934,BEAR,BEAR,60.790000915527344,42.847459526253026,64.37555566600429,65.07457314678996,65.34052673067035,-1.074179125553207,-0.407026997160022,-1.47683392367437,1.074179125553207,0.407026997160022,1.47683392367437,-0.2869160723413131,-0.1765496428939055,-0.1103664294474076,-0.18155359069786944,0.18155359069786944,1.2314508076840607,-5.569745710747192,5.569745710747192,0.0,0.0,0.0,12.0,12.0,0.0,TFCILTD.BO
EMA_MACD,TFCILTD,BSE,2026-02-05,2026-02-06,2026-02-10,LONG,67.5,65.8125,70.875,70.875,TARGET,3,5.000000000000004,4.850000000000004,NEUTRAL,NEUTRAL,67.43000030517578,54.82367692401633,65.90333759091362,65.02673084461227,64.97205248687627,1.3480713775940634,0.08415673453913639,1.4333626049838397,1.3480713775940634,0.08415673453913639,1.4333626049838397,0.09573115014175926,-0.30166063547304794,0.3973917856148072,0.589339735750089,0.589339735750089,0.13802925538372018,2.3165180551836673,2.3165180551836673,2.0,1.0,4.0,48.0,48.0,1.0,TFCILTD.BO
EMA_MACD,TFCILTD,BSE,2026-06-15,2026-06-16,2026-06-18,LONG,76.12999725341797,74.22674732208252,79.93649711608887,74.22674732208252,STOP_LOSS,3,-2.500000000000002,-2.650000000000002,BEAR,BEAR,76.16000366210938,57.32543419084527,75.02092396657545,74.74184838296355,74.48238932197914,0.37338598074530716,0.3483495405374269,0.7230362096310916,0.37338598074530716,0.3483495405374269,0.7230362096310916,0.2731350758589457,0.26269327594252295,0.010441799916422745,0.0137103458696624,0.0137103458696624,0.22607102699981388,1.5183493288371441,1.5183493288371441,0.0,1.0,0.0,30.0,30.0,0.0,TFCILTD.BO
EMA_MACD,TFCILTD,BSE,2026-07-14,2026-07-15,2026-07-15,LONG,80.48999786376953,78.4777479171753,84.51449775695801,84.51449775695801,TARGET,1,5.000000000000004,4.850000000000004,NEUTRAL,NEUTRAL,80.48999786376953,59.04131029912428,78.65396196624582,77.8011712168057,76.97004718413564,1.0961155675454766,1.0798019009677378,2.1877533452483737,1.0961155675454766,1.0798019009677378,2.1877533452483737,0.9072423169254193,0.7842577619905323,0.12298455493488702,0.1527948294184827,0.1527948294184827,3.287561019561955,2.3343209313621682,2.3343209313621682,1.0,1.0,0.0,7.0,7.0,0.0,TFCILTD.BO
CURRENT,TFCILTD,NSE,2024-11-25,2024-11-26,2024-12-10,LONG,35.400001525878906,34.51500148773193,37.17000160217285,34.51500148773193,STOP_LOSS,11,-2.5000000000000133,-2.650000000000013,NEUTRAL,NEUTRAL,34.86800003051758,67.91868615054814,32.379092424415994,31.24976249740652,30.973485177235045,3.6138832322428085,0.8919800874540671,4.538098438512323,3.6138832322428085,0.8919800874540671,4.538098438512323,0.3446708635636426,-0.11218950995948895,0.4568603735231316,1.3102568920594038,1.3102568920594038,2.344057058732332,7.686773839975768,7.686773839975768,1.0,1.0,2.0,1.0,2.0,1.0,TFCILTD.NS
CURRENT,TFCILTD,NSE,2025-01-14,2025-01-15,2025-01-22,SHORT,31.19799995422364,31.977949953079225,29.63809995651245,29.63809995651245,TARGET,6,5.2631578947368585,5.113157894736858,NEUTRAL,NEUTRAL,31.12800025939941,38.7955884246019,32.06827209268198,32.67483558629572,32.9876488101228,-1.8563628025358527,-0.9482737785515836,-2.7870331793962038,1.8563628025358527,0.9482737785515836,2.7870331793962038,-0.3600921996481148,-0.15407283841945058,-0.2060193612286642,-0.6618457964271399,0.6618457964271399,1.461912575942681,-2.932093848290443,2.932093848290443,3.0,3.0,3.0,0.0,3.0,0.0,TFCILTD.NS
CURRENT,TFCILTD,NSE,2025-03-26,2025-03-27,2025-03-27,LONG,33.0,32.175,34.65,32.175,STOP_LOSS,1,-2.5000000000000133,-2.650000000000013,NEUTRAL,NEUTRAL,33.28400039672852,69.44401135969775,29.973887353621635,29.18246635549567,29.0017174079737,2.711974335839244,0.6232353242372977,3.352111642121742,2.711974335839244,0.6232353242372977,3.352111642121742,0.21958326362286584,-0.05179125387093745,0.2713745174938033,0.815330231520117,0.815330231520117,7.926651308667125,11.043322489523334,11.043322489523334,0.0,0.0,0.0,0.0,0.0,0.0,TFCILTD.NS
CURRENT,TFCILTD,NSE,2025-12-04,2025-12-05,2025-12-09,SHORT,64.33999633789062,65.94849624633788,61.12299652099609,65.94849624633788,STOP_LOSS,3,-2.439024390243893,-2.5890243902438934,BULL,BULL,64.1500015258789,38.95936935316479,66.51301068446196,67.64346524667982,68.35839448180593,-1.6711955221326427,-1.0458543395374655,-2.699571590779728,1.6711955221326427,1.0458543395374655,2.699571590779728,-0.7819178201532964,-0.6008421168292906,-0.1810757033240058,-0.28226921125006926,0.28226921125006926,0.30483961658211733,-3.55270214694262,3.55270214694262,1.0,1.0,0.0,0.0,1.0,0.0,TFCILTD.NS
CURRENT,TFCILTD,NSE,2026-01-02,2026-01-05,2026-01-05,SHORT,51.0,52.275,48.45,52.275,STOP_LOSS,1,-2.4390243902439046,-2.5890243902439045,BULL,BULL,55.2400016784668,32.39986303243171,62.28070820027575,63.80362900763254,64.97874207559809,-2.3868874404849456,-1.8084577054421815,-4.152179296089445,2.3868874404849456,1.8084577054421815,4.152179296089445,-1.2906577474977752,-0.9937806812744263,-0.29687706622334886,-0.5374313128217645,0.5374313128217645,5.655514750865704,-11.304795217113117,11.304795217113117,0.0,0.0,0.0,0.0,0.0,0.0,TFCILTD.NS
CURRENT,TFCILTD,NSE,2026-07-15,2026-07-16,2026-07-20,LONG,83.94999694824219,81.85124702453614,88.1474967956543,81.85124702453614,STOP_LOSS,3,-2.499999999999991,-2.649999999999991,NEUTRAL,NEUTRAL,83.80000305175781,65.4532880203925,80.40951829931771,78.69166814352363,77.49730615139443,2.183014029720327,1.5411658178104455,3.7578237135548282,2.183014029720327,1.5411658178104455,3.7578237135548282,1.3259178930359354,0.9016127477881969,0.42430514524773855,0.5063307038135462,0.5063307038135462,1.2939948979374556,4.2165216558309755,4.2165216558309755,2.0,2.0,1.0,0.0,2.0,0.0,TFCILTD.NS
EMA_MACD,TFCILTD,NSE,2024-11-18,2024-11-19,2024-11-19,SHORT,29.440000534057617,30.176000547409053,27.96800050735473,30.176000547409053,STOP_LOSS,1,-2.439024390243893,-2.5890243902438934,NEUTRAL,NEUTRAL,29.29400062561035,45.07884769238838,29.792403260468138,30.219267859954716,30.50405982685973,-1.4125577147163138,-0.9336198805060276,-2.332989675574128,1.4125577147163138,0.9336198805060276,2.332989675574128,-0.298660263247875,-0.27933826431261527,-0.01932199893525971,-0.06595889439002539,0.06595889439002539,0.5966372275024484,-1.672918530607842,1.672918530607842,2.0,2.0,0.0,,2.0,0.0,TFCILTD.NS
EMA_MACD,TFCILTD,NSE,2024-11-25,2024-11-26,2024-12-10,LONG,35.400001525878906,34.51500148773193,37.17000160217285,34.51500148773193,STOP_LOSS,11,-2.5000000000000133,-2.650000000000013,NEUTRAL,NEUTRAL,34.86800003051758,67.91868615054814,32.379092424415994,31.24976249740652,30.973485177235045,3.6138832322428085,0.8919800874540671,4.538098438512323,3.6138832322428085,0.8919800874540671,4.538098438512323,0.3446708635636426,-0.11218950995948895,0.4568603735231316,1.3102568920594038,1.3102568920594038,2.344057058732332,7.686773839975768,7.686773839975768,1.0,1.0,2.0,1.0,2.0,1.0,TFCILTD.NS
EMA_MACD,TFCILTD,NSE,2025-01-09,2025-01-10,2025-01-13,SHORT,32.604000091552734,33.41910009384155,30.973800086975096,30.973800086975096,TARGET,2,5.263157894736836,5.113157894736836,NEUTRAL,NEUTRAL,32.965999603271484,48.05280752146373,33.250919211162895,33.264929025744145,33.32115646146186,-0.04211587095348317,-0.16874395035702533,-0.2107887533261343,0.04211587095348317,0.16874395035702533,0.2107887533261343,-0.06788050316772853,-0.05367464762841112,-0.014205855539317414,-0.04309244588447926,0.04309244588447926,0.4263027176584143,-0.8568773876054474,0.8568773876054474,0.0,0.0,0.0,12.0,12.0,0.0,TFCILTD.NS
EMA_MACD,TFCILTD,NSE,2025-03-13,2025-03-17,2025-03-17,SHORT,28.0,28.7,26.6,28.7,STOP_LOSS,1,-2.4390243902438824,-2.5890243902438823,NEUTRAL,NEUTRAL,27.8700008392334,43.387715648109825,28.73807656903147,28.95164439652072,28.953464468165492,-0.7376708022668153,-0.006286196412776266,-0.7439106272440813,0.7376708022668153,0.006286196412776266,0.7439106272440813,0.004715350822600328,0.029097379666652684,-0.024382028844052356,-0.08748485148851907,0.08748485148851907,0.9776110900677183,-3.0206465895964723,3.0206465895964723,0.0,0.0,0.0,42.0,42.0,0.0,TFCILTD.NS
EMA_MACD,TFCILTD,NSE,2025-03-26,2025-03-27,2025-03-27,LONG,33.0,32.175,34.65,32.175,STOP_LOSS,1,-2.5000000000000133,-2.650000000000013,NEUTRAL,NEUTRAL,33.28400039672852,69.44401135969775,29.973887353621635,29.18246635549567,29.0017174079737,2.711974335839244,0.6232353242372977,3.352111642121742,2.711974335839244,0.6232353242372977,3.352111642121742,0.21958326362286584,-0.05179125387093745,0.2713745174938033,0.815330231520117,0.815330231520117,7.926651308667125,11.043322489523334,11.043322489523334,0.0,0.0,0.0,0.0,0.0,0.0,TFCILTD.NS
EMA_MACD,TFCILTD,NSE,2025-12-04,2025-12-05,2025-12-09,SHORT,64.33999633789062,65.94849624633788,61.12299652099609,65.94849624633788,STOP_LOSS,3,-2.439024390243893,-2.5890243902438934,BULL,BULL,64.1500015258789,38.95936935316479,66.51301068446196,67.64346524667982,68.35839448180593,-1.6711955221326427,-1.0458543395374655,-2.699571590779728,1.6711955221326427,1.0458543395374655,2.699571590779728,-0.7819178201532964,-0.6008421168292906,-0.1810757033240058,-0.28226921125006926,0.28226921125006926,0.30483961658211733,-3.55270214694262,3.55270214694262,1.0,1.0,0.0,0.0,1.0,0.0,TFCILTD.NS
EMA_MACD,TFCILTD,NSE,2026-01-02,2026-01-05,2026-01-05,SHORT,51.0,52.275,48.45,52.275,STOP_LOSS,1,-2.4390243902439046,-2.5890243902439045,BULL,BULL,55.2400016784668,32.39986303243171,62.28070820027575,63.80362900763254,64.97874207559809,-2.3868874404849456,-1.8084577054421815,-4.152179296089445,2.3868874404849456,1.8084577054421815,4.152179296089445,-1.2906577474977752,-0.9937806812744263,-0.29687706622334886,-0.5374313128217645,0.5374313128217645,5.655514750865704,-11.304795217113117,11.304795217113117,0.0,0.0,0.0,0.0,0.0,0.0,TFCILTD.NS
EMA_MACD,TFCILTD,NSE,2026-01-21,2026-01-22,2026-01-22,SHORT,62.0,63.55,58.9,63.55,STOP_LOSS,1,-2.439024390243893,-2.5890243902438934,BEAR,BEAR,60.52000045776367,41.685572321020814,64.4827348770809,65.29208532906777,65.49140026624839,-1.2395843200715684,-0.30433757160531455,-1.540149370859177,1.2395843200715684,0.30433757160531455,1.540149370859177,-0.21907613403539017,-0.052534035440891566,-0.1665420985944986,-0.27518522361996134,0.27518522361996134,1.1730527954531997,-6.145419276758536,6.145419276758536,0.0,0.0,0.0,13.0,13.0,0.0,TFCILTD.NS
EMA_MACD,TFCILTD,NSE,2026-02-05,2026-02-06,2026-02-10,LONG,68.0,66.3,71.4,71.4,TARGET,3,5.000000000000004,4.850000000000004,NEUTRAL,NEUTRAL,67.1500015258789,54.24214060793931,65.87477058835188,65.08346627781819,65.05433145378687,1.215830003822926,0.0447853715198252,1.2611598893270128,1.215830003822926,0.0447853715198252,1.2611598893270128,0.06357124606201126,-0.292176489053689,0.35574773511570024,0.5297806806133858,0.5297806806133858,0.7755439966069672,1.935841181893264,1.935841181893264,2.0,1.0,4.0,49.0,49.0,1.0,TFCILTD.NS
EMA_MACD,TFCILTD,NSE,2026-06-05,2026-06-08,2026-06-11,LONG,74.5,72.6375,78.22500000000001,72.6375,STOP_LOSS,4,-2.499999999999991,-2.649999999999991,BEAR,BEAR,75.25,53.61700824237242,75.07388821432004,74.6615346663326,74.33150152877529,0.5522971766255167,0.44400170959757246,0.9987510951293654,0.5522971766255167,0.44400170959757246,0.9987510951293654,0.3427015649171352,0.3400175644802483,0.0026840004368869352,0.0035667779892185184,0.0035667779892185184,0.2508394196329768,0.23458460707030723,0.23458460707030723,2.0,3.0,0.0,24.0,24.0,0.0,TFCILTD.NS
EMA_MACD,TFCILTD,NSE,2026-07-14,2026-07-15,2026-07-15,LONG,80.11000061035156,78.10725059509276,84.11550064086914,84.11550064086914,TARGET,1,5.000000000000004,4.850000000000004,NEUTRAL,NEUTRAL,80.52999877929688,59.488738576637154,78.71427592309765,77.84027899215127,76.99309039936534,1.122808065775949,1.1003436651153173,2.235506478314436,1.122808065775949,1.1003436651153173,2.235506478314436,0.9252647346418428,0.7955364614762621,0.12972827316558067,0.16109310211355918,0.16109310211355918,1.645880628545597,2.3067262385455423,2.3067262385455423,1.0,1.0,0.0,1.0,1.0,0.0,TFCILTD.NS
CURRENT,UJJIVANSFB,BSE,2024-12-23,2024-12-24,2024-12-27,SHORT,33.56999969482422,34.40924968719482,31.891499710083007,34.40924968719482,STOP_LOSS,3,-2.439024390243893,-2.5890243902438934,NEUTRAL,NEUTRAL,33.599998474121094,35.22330829759257,34.46343793081765,34.94663479801806,35.30848359335002,-1.382670663407671,-1.024821115229398,-2.393321877724385,1.382670663407671,1.024821115229398,2.393321877724385,-0.38707438420936313,-0.3315183245765846,-0.05555605963277854,-0.16534542308258773,0.16534542308258773,0.7635577221248122,-2.5053781878344044,2.5053781878344044,2.0,3.0,0.0,1.0,3.0,0.0,UJJIVANSFB.BO
CURRENT,UJJIVANSFB,BSE,2025-02-03,2025-02-04,2025-02-04,LONG,37.5,36.5625,39.375,36.5625,STOP_LOSS,1,-2.500000000000002,-2.650000000000002,NEUTRAL,NEUTRAL,37.459999084472656,65.73977988244312,35.574324048979655,34.68596653700261,34.53276427275597,2.5611438880602,0.4436432109418579,3.0161494399838893,2.5611438880602,0.4436432109418579,3.0161494399838893,0.19744437693536554,-0.1580785985758774,0.3555229755112429,0.9490736364128979,0.9490736364128979,1.9785798285084493,5.300663008794643,5.300663008794643,2.0,1.0,2.0,0.0,2.0,0.0,UJJIVANSFB.BO
CURRENT,UJJIVANSFB,BSE,2025-02-17,2025-02-18,2025-02-21,SHORT,32.09000015258789,32.89225015640258,30.485500144958493,32.89225015640258,STOP_LOSS,4,-2.4390243902438824,-2.5890243902438823,NEUTRAL,NEUTRAL,32.099998474121094,38.09530296222812,33.901332435761,35.01317814110577,35.0860760690532,-3.175506378952368,-0.20776882488642845,-3.3766774915510536,3.175506378952368,0.20776882488642845,3.3766774915510536,-0.11483725587493865,0.3483320625667988,-0.4631693184417374,-1.442895141615483,1.442895141615483,1.1841584686852946,-5.313460658377423,5.313460658377423,2.0,2.0,2.0,0.0,2.0,0.0,UJJIVANSFB.BO
CURRENT,UJJIVANSFB,BSE,2025-10-01,2025-10-03,2025-10-17,LONG,48.06999969482422,46.86824970245361,50.47349967956544,48.75,TIME_EXIT,11,1.4146043467709868,1.2646043467709869,BULL,BULL,48.22999954223633,64.54474276187696,46.484402883965174,45.81940458620659,45.38225004869013,1.4513464410202672,0.9632720657248977,2.4285989215884056,1.4513464410202672,0.9632720657248977,2.4285989215884056,0.48707696988955007,0.33269682902641395,0.15438014086313612,0.3200915246286519,0.3200915246286519,1.3037442598087445,3.7552308946046478,3.7552308946046478,1.0,2.0,0.0,0.0,2.0,0.0,UJJIVANSFB.BO
CURRENT,UJJIVANSFB,BSE,2026-01-02,2026-01-05,2026-01-08,LONG,56.65999984741211,55.24349985122681,59.49299983978272,59.49299983978272,TARGET,4,5.000000000000004,4.850000000000004,BULL,BULL,55.720001220703125,62.52813932318099,53.83769806308097,53.466994681684525,53.313995675466884,0.6933312478163892,0.286977189158691,0.9822981395016226,0.6933312478163892,0.286977189158691,0.9822981395016226,0.16244815392890644,0.11351656114212563,0.0489315927867808,0.0878169269827653,0.0878169269827653,2.2271421454543763,3.4962549019400537,3.4962549019400537,0.0,0.0,0.0,0.0,0.0,0.0,UJJIVANSFB.BO
CURRENT,UJJIVANSFB,BSE,2026-05-04,2026-05-05,2026-05-08,LONG,61.41999816894531,59.88449821472168,64.49099807739258,64.49099807739258,TARGET,4,5.000000000000004,4.850000000000004,BEAR,BEAR,61.400001525878906,61.74676510304367,58.48652078473331,57.89377081184166,57.383511910278116,1.0238579463378192,0.8892082143061586,1.9221703896056401,1.0238579463378192,0.8892082143061586,1.9221703896056401,0.5645728191685251,0.4695533826867766,0.09501943648174849,0.15475477869768398,0.15475477869768398,3.9889304240640064,4.981456756282384,4.981456756282384,0.0,0.0,0.0,0.0,0.0,0.0,UJJIVANSFB.BO
CURRENT,UJJIVANSFB,BSE,2026-05-18,2026-05-19,2026-05-26,SHORT,54.290000915527344,55.647250938415525,51.575500869750975,55.647250938415525,STOP_LOSS,6,-2.439024390243893,-2.5890243902438934,BEAR,BEAR,54.15999984741211,37.79437138200829,56.20791728020335,57.707137616078164,57.856877903027495,-2.597980765999923,-0.25881155772060055,-2.8500684492307573,2.597980765999923,0.25881155772060055,2.8500684492307573,-0.22392228010578918,0.4769298185681767,-0.7008520986739659,-1.294040067667124,1.294040067667124,0.5807501772749948,-3.643467916774284,3.643467916774284,3.0,2.0,4.0,0.0,4.0,0.0,UJJIVANSFB.BO
EMA_MACD,UJJIVANSFB,BSE,2024-12-23,2024-12-24,2024-12-27,SHORT,33.56999969482422,34.40924968719482,31.891499710083007,34.40924968719482,STOP_LOSS,3,-2.439024390243893,-2.5890243902438934,NEUTRAL,NEUTRAL,33.599998474121094,35.22330829759257,34.46343793081765,34.94663479801806,35.30848359335002,-1.382670663407671,-1.024821115229398,-2.393321877724385,1.382670663407671,1.024821115229398,2.393321877724385,-0.38707438420936313,-0.3315183245765846,-0.05555605963277854,-0.16534542308258773,0.16534542308258773,0.7635577221248122,-2.5053781878344044,2.5053781878344044,2.0,3.0,0.0,1.0,3.0,0.0,UJJIVANSFB.BO
EMA_MACD,UJJIVANSFB,BSE,2025-01-14,2025-01-15,2025-01-20,SHORT,33.9900016784668,34.83975172042847,32.29050159454346,34.83975172042847,STOP_LOSS,4,-2.4390243902439046,-2.5890243902439045,NEUTRAL,NEUTRAL,33.72999954223633,44.14030937255047,33.99588573778208,34.26492982174798,34.5559879760323,-0.78518790309949,-0.8422799385339436,-1.6208543614458313,0.78518790309949,0.8422799385339436,1.6208543614458313,-0.31192756166828417,-0.30253392905326865,-0.009393632615015524,-0.02784948930477429,0.02784948930477429,1.4113639405304526,-0.7821128638818059,0.7821128638818059,1.0,1.0,0.0,1.0,1.0,0.0,UJJIVANSFB.BO
EMA_MACD,UJJIVANSFB,BSE,2025-02-03,2025-02-04,2025-02-04,LONG,37.5,36.5625,39.375,36.5625,STOP_LOSS,1,-2.500000000000002,-2.650000000000002,NEUTRAL,NEUTRAL,37.459999084472656,65.73977988244312,35.574324048979655,34.68596653700261,34.53276427275597,2.5611438880602,0.4436432109418579,3.0161494399838893,2.5611438880602,0.4436432109418579,3.0161494399838893,0.19744437693536554,-0.1580785985758774,0.3555229755112429,0.9490736364128979,0.9490736364128979,1.9785798285084493,5.300663008794643,5.300663008794643,2.0,1.0,2.0,0.0,2.0,0.0,UJJIVANSFB.BO
EMA_MACD,UJJIVANSFB,BSE,2025-02-17,2025-02-18,2025-02-21,SHORT,32.09000015258789,32.89225015640258,30.485500144958493,32.89225015640258,STOP_LOSS,4,-2.4390243902438824,-2.5890243902438823,NEUTRAL,NEUTRAL,32.099998474121094,38.09530296222812,33.901332435761,35.01317814110577,35.0860760690532,-3.175506378952368,-0.20776882488642845,-3.3766774915510536,3.175506378952368,0.20776882488642845,3.3766774915510536,-0.11483725587493865,0.3483320625667988,-0.4631693184417374,-1.442895141615483,1.442895141615483,1.1841584686852946,-5.313460658377423,5.313460658377423,2.0,2.0,2.0,0.0,2.0,0.0,UJJIVANSFB.BO
EMA_MACD,UJJIVANSFB,BSE,2025-10-01,2025-10-03,2025-10-17,LONG,48.06999969482422,46.86824970245361,50.47349967956544,48.75,TIME_EXIT,11,1.4146043467709868,1.2646043467709869,BULL,BULL,48.22999954223633,64.54474276187696,46.484402883965174,45.81940458620659,45.38225004869013,1.4513464410202672,0.9632720657248977,2.4285989215884056,1.4513464410202672,0.9632720657248977,2.4285989215884056,0.48707696988955007,0.33269682902641395,0.15438014086313612,0.3200915246286519,0.3200915246286519,1.3037442598087445,3.7552308946046478,3.7552308946046478,1.0,2.0,0.0,0.0,2.0,0.0,UJJIVANSFB.BO
EMA_MACD,UJJIVANSFB,BSE,2026-01-02,2026-01-05,2026-01-08,LONG,56.65999984741211,55.24349985122681,59.49299983978272,59.49299983978272,TARGET,4,5.000000000000004,4.850000000000004,BULL,BULL,55.720001220703125,62.52813932318099,53.83769806308097,53.466994681684525,53.313995675466884,0.6933312478163892,0.286977189158691,0.9822981395016226,0.6933312478163892,0.286977189158691,0.9822981395016226,0.16244815392890644,0.11351656114212563,0.0489315927867808,0.0878169269827653,0.0878169269827653,2.2271421454543763,3.4962549019400537,3.4962549019400537,0.0,0.0,0.0,0.0,0.0,0.0,UJJIVANSFB.BO
EMA_MACD,UJJIVANSFB,BSE,2026-05-04,2026-05-05,2026-05-08,LONG,61.41999816894531,59.88449821472168,64.49099807739258,64.49099807739258,TARGET,4,5.000000000000004,4.850000000000004,BEAR,BEAR,61.400001525878906,61.74676510304367,58.48652078473331,57.89377081184166,57.383511910278116,1.0238579463378192,0.8892082143061586,1.9221703896056401,1.0238579463378192,0.8892082143061586,1.9221703896056401,0.5645728191685251,0.4695533826867766,0.09501943648174849,0.15475477869768398,0.15475477869768398,3.9889304240640064,4.981456756282384,4.981456756282384,0.0,0.0,0.0,0.0,0.0,0.0,UJJIVANSFB.BO
EMA_MACD,UJJIVANSFB,BSE,2026-05-18,2026-05-19,2026-05-26,SHORT,54.290000915527344,55.647250938415525,51.575500869750975,55.647250938415525,STOP_LOSS,6,-2.439024390243893,-2.5890243902438934,BEAR,BEAR,54.15999984741211,37.79437138200829,56.20791728020335,57.707137616078164,57.856877903027495,-2.597980765999923,-0.25881155772060055,-2.8500684492307573,2.597980765999923,0.25881155772060055,2.8500684492307573,-0.22392228010578918,0.4769298185681767,-0.7008520986739659,-1.294040067667124,1.294040067667124,0.5807501772749948,-3.643467916774284,3.643467916774284,3.0,2.0,4.0,0.0,4.0,0.0,UJJIVANSFB.BO
CURRENT,UJJIVANSFB,NSE,2024-12-23,2024-12-24,2024-12-26,SHORT,33.5,34.3375,31.825,34.3375,STOP_LOSS,2,-2.439024390243893,-2.5890243902438934,NEUTRAL,NEUTRAL,33.58000183105469,35.42559852782621,34.44453404014464,34.928485970922445,35.293275781878954,-1.3855508400240724,-1.0335957852453228,-2.404825630184475,1.3855508400240724,1.0335957852453228,2.404825630184475,-0.3901611331854511,-0.33544224246329724,-0.05471889072215386,-0.16295082709480374,0.16295082709480374,0.6967123235764578,-2.5099256912064787,2.5099256912064787,2.0,3.0,0.0,1.0,3.0,0.0,UJJIVANSFB.NS
CURRENT,UJJIVANSFB,NSE,2025-02-01,2025-02-03,2025-02-05,LONG,35.93000030517578,35.03175029754639,37.726500320434575,37.726500320434575,TARGET,3,5.000000000000004,4.850000000000004,NEUTRAL,NEUTRAL,36.650001525878906,62.67198454359463,35.305980870053865,34.568860471451025,34.46842770012053,2.1323248396099066,0.29137613181626154,2.429914057061581,2.1323248396099066,0.29137613181626154,2.429914057061581,0.13612437735409344,-0.1687570293587714,0.30488140671286484,0.8318728349781521,0.8318728349781521,1.1746592342739435,3.8067789725820194,3.8067789725820194,2.0,1.0,2.0,0.0,2.0,0.0,UJJIVANSFB.NS
CURRENT,UJJIVANSFB,NSE,2025-02-17,2025-02-18,2025-02-21,SHORT,32.150001525878906,32.95375156402588,30.54250144958496,32.95375156402588,STOP_LOSS,4,-2.4390243902439046,-2.5890243902439045,NEUTRAL,NEUTRAL,32.08000183105469,37.58891514030187,33.880217006199516,35.057043172069086,35.14723694240328,-3.35688939906712,-0.2566169582035671,-3.604892009804543,3.35688939906712,0.2566169582035671,3.604892009804543,-0.13745277040608528,0.3636660274318564,-0.5011187978379417,-1.5620909265436487,1.5620909265436487,1.1891464560683083,-5.313470025340802,5.313470025340802,3.0,2.0,3.0,0.0,3.0,0.0,UJJIVANSFB.NS
CURRENT,UJJIVANSFB,NSE,2025-10-01,2025-10-03,2025-10-17,LONG,48.22999954223633,47.02424955368042,50.64149951934815,48.720001220703125,TIME_EXIT,11,1.015968656681587,0.8659686566815873,BULL,BULL,48.22999954223633,64.88678221458184,46.49042630092878,45.821130556890296,45.38186718155774,1.4606705157732984,0.9679270656167844,2.442735806651737,1.4606705157732984,0.9679270656167844,2.442735806651737,0.48954604603754603,0.33326222003476585,0.15628382600278018,0.3240386221980329,0.3240386221980329,1.6837260312110354,3.741788105033559,3.741788105033559,1.0,2.0,0.0,0.0,2.0,0.0,UJJIVANSFB.NS
CURRENT,UJJIVANSFB,NSE,2026-01-02,2026-01-05,2026-01-08,LONG,57.0,55.575,59.85,59.85,TARGET,4,5.000000000000004,4.850000000000004,BULL,BULL,55.709999084472656,62.196512058679026,53.844717306989416,53.47559856582513,53.32121397654088,0.6902563992994368,0.2895368986763339,0.9817918449472172,0.6902563992994368,0.2895368986763339,0.9817918449472172,0.16378504098482694,0.11634783547135538,0.04743720551347155,0.08515025362241144,0.08515025362241144,2.268851367274293,3.464187149221255,3.464187149221255,0.0,0.0,0.0,0.0,0.0,0.0,UJJIVANSFB.NS
CURRENT,UJJIVANSFB,NSE,2026-05-04,2026-05-05,2026-05-08,LONG,61.400001525878906,59.86500148773193,64.47000160217286,64.47000160217286,TARGET,4,5.000000000000004,4.850000000000004,BEAR,BEAR,61.369998931884766,62.25876011139191,58.43808262384313,57.82963180132185,57.36282035828101,1.0521436909915955,0.8137874674313317,1.8744933719195864,1.0521436909915955,0.8137874674313317,1.8744933719195864,0.5161335978110202,0.4185080894766792,0.09762550833434097,0.15907692689174818,0.15907692689174818,2.050717120340672,5.017132966038475,5.017132966038475,0.0,0.0,0.0,0.0,0.0,0.0,UJJIVANSFB.NS
CURRENT,UJJIVANSFB,NSE,2026-05-18,2026-05-19,2026-05-26,SHORT,54.5,55.8625,51.775,55.8625,STOP_LOSS,6,-2.439024390243893,-2.5890243902438934,BEAR,BEAR,54.150001525878906,37.505556628372815,56.206913668179425,57.69663678127212,57.84988314458264,-2.581992982953638,-0.2649034967408972,-2.8400566899970867,2.581992982953638,0.2649034967408972,2.8400566899970867,-0.22673193893617594,0.4636200262422301,-0.690351965178406,-1.2748881730843145,1.2748881730843145,0.8804506024684067,-3.659535825865856,3.659535825865856,3.0,2.0,4.0,0.0,4.0,0.0,UJJIVANSFB.NS
EMA_MACD,UJJIVANSFB,NSE,2024-12-23,2024-12-24,2024-12-26,SHORT,33.5,34.3375,31.825,34.3375,STOP_LOSS,2,-2.439024390243893,-2.5890243902438934,NEUTRAL,NEUTRAL,33.58000183105469,35.42559852782621,34.44453404014464,34.928485970922445,35.293275781878954,-1.3855508400240724,-1.0335957852453228,-2.404825630184475,1.3855508400240724,1.0335957852453228,2.404825630184475,-0.3901611331854511,-0.33544224246329724,-0.05471889072215386,-0.16295082709480374,0.16295082709480374,0.6967123235764578,-2.5099256912064787,2.5099256912064787,2.0,3.0,0.0,1.0,3.0,0.0,UJJIVANSFB.NS
EMA_MACD,UJJIVANSFB,NSE,2025-01-14,2025-01-15,2025-01-20,SHORT,33.779998779296875,34.624498748779295,32.09099884033203,34.624498748779295,STOP_LOSS,4,-2.439024390243893,-2.5890243902438934,NEUTRAL,NEUTRAL,33.70000076293945,43.98928530855282,33.983028544158586,34.25715920002925,34.54829902648078,-0.8002142100283374,-0.8427037934005739,-1.636174567925672,0.8002142100283374,0.8427037934005739,1.636174567925672,-0.31218026421055356,-0.30059293803434817,-0.011587326176205393,-0.03438375642100341,0.03438375642100341,1.0829101595063901,-0.8328503766265496,0.8328503766265496,1.0,1.0,0.0,1.0,1.0,0.0,UJJIVANSFB.NS
EMA_MACD,UJJIVANSFB,NSE,2025-02-01,2025-02-03,2025-02-05,LONG,35.93000030517578,35.03175029754639,37.726500320434575,37.726500320434575,TARGET,3,5.000000000000004,4.850000000000004,NEUTRAL,NEUTRAL,36.650001525878906,62.67198454359463,35.305980870053865,34.568860471451025,34.46842770012053,2.1323248396099066,0.29137613181626154,2.429914057061581,2.1323248396099066,0.29137613181626154,2.429914057061581,0.13612437735409344,-0.1687570293587714,0.30488140671286484,0.8318728349781521,0.8318728349781521,1.1746592342739435,3.8067789725820194,3.8067789725820194,2.0,1.0,2.0,0.0,2.0,0.0,UJJIVANSFB.NS
EMA_MACD,UJJIVANSFB,NSE,2025-02-17,2025-02-18,2025-02-21,SHORT,32.150001525878906,32.95375156402588,30.54250144958496,32.95375156402588,STOP_LOSS,4,-2.4390243902439046,-2.5890243902439045,NEUTRAL,NEUTRAL,32.08000183105469,37.58891514030187,33.880217006199516,35.057043172069086,35.14723694240328,-3.35688939906712,-0.2566169582035671,-3.604892009804543,3.35688939906712,0.2566169582035671,3.604892009804543,-0.13745277040608528,0.3636660274318564,-0.5011187978379417,-1.5620909265436487,1.5620909265436487,1.1891464560683083,-5.313470025340802,5.313470025340802,3.0,2.0,3.0,0.0,3.0,0.0,UJJIVANSFB.NS
EMA_MACD,UJJIVANSFB,NSE,2025-10-01,2025-10-03,2025-10-17,LONG,48.22999954223633,47.02424955368042,50.64149951934815,48.720001220703125,TIME_EXIT,11,1.015968656681587,0.8659686566815873,BULL,BULL,48.22999954223633,64.88678221458184,46.49042630092878,45.821130556890296,45.38186718155774,1.4606705157732984,0.9679270656167844,2.442735806651737,1.4606705157732984,0.9679270656167844,2.442735806651737,0.48954604603754603,0.33326222003476585,0.15628382600278018,0.3240386221980329,0.3240386221980329,1.6837260312110354,3.741788105033559,3.741788105033559,1.0,2.0,0.0,0.0,2.0,0.0,UJJIVANSFB.NS
EMA_MACD,UJJIVANSFB,NSE,2026-01-02,2026-01-05,2026-01-08,LONG,57.0,55.575,59.85,59.85,TARGET,4,5.000000000000004,4.850000000000004,BULL,BULL,55.709999084472656,62.196512058679026,53.844717306989416,53.47559856582513,53.32121397654088,0.6902563992994368,0.2895368986763339,0.9817918449472172,0.6902563992994368,0.2895368986763339,0.9817918449472172,0.16378504098482694,0.11634783547135538,0.04743720551347155,0.08515025362241144,0.08515025362241144,2.268851367274293,3.464187149221255,3.464187149221255,0.0,0.0,0.0,0.0,0.0,0.0,UJJIVANSFB.NS
EMA_MACD,UJJIVANSFB,NSE,2026-05-04,2026-05-05,2026-05-08,LONG,61.400001525878906,59.86500148773193,64.47000160217286,64.47000160217286,TARGET,4,5.000000000000004,4.850000000000004,BEAR,BEAR,61.369998931884766,62.25876011139191,58.43808262384313,57.82963180132185,57.36282035828101,1.0521436909915955,0.8137874674313317,1.8744933719195864,1.0521436909915955,0.8137874674313317,1.8744933719195864,0.5161335978110202,0.4185080894766792,0.09762550833434097,0.15907692689174818,0.15907692689174818,2.050717120340672,5.017132966038475,5.017132966038475,0.0,0.0,0.0,0.0,0.0,0.0,UJJIVANSFB.NS
EMA_MACD,UJJIVANSFB,NSE,2026-05-18,2026-05-19,2026-05-26,SHORT,54.5,55.8625,51.775,55.8625,STOP_LOSS,6,-2.439024390243893,-2.5890243902438934,BEAR,BEAR,54.150001525878906,37.505556628372815,56.206913668179425,57.69663678127212,57.84988314458264,-2.581992982953638,-0.2649034967408972,-2.8400566899970867,2.581992982953638,0.2649034967408972,2.8400566899970867,-0.22673193893617594,0.4636200262422301,-0.690351965178406,-1.2748881730843145,1.2748881730843145,0.8804506024684067,-3.659535825865856,3.659535825865856,3.0,2.0,4.0,0.0,4.0,0.0,UJJIVANSFB.NS
CURRENT,URBANCO,BSE,2026-01-20,2026-01-21,2026-01-21,SHORT,124.3499984741211,127.45874843597412,118.13249855041504,127.45874843597412,STOP_LOSS,1,-2.439024390243893,-2.5890243902438934,BEAR,BEAR,125.1500015258789,39.19095062428755,129.82886862843256,131.61277098006886,132.09573708305294,-1.3554173644033753,-0.36561823541695565,-1.7160799467700647,1.3554173644033753,0.36561823541695565,1.7160799467700647,-0.519144967502541,-0.12682822939795194,-0.3923167381045891,-0.31347721400024486,0.31347721400024486,0.592104121933137,-3.603872660975326,3.603872660975326,1.0,1.0,0.0,0.0,1.0,0.0,URBANCO.BO
CURRENT,URBANCO,BSE,2026-08-03,2026-08-04,2026-08-04,LONG,148.0,144.29999999999998,155.4,144.29999999999998,STOP_LOSS,1,-2.5000000000000133,-2.650000000000013,BULL,BULL,146.5,69.00072460888256,135.4698349119525,133.12906393125354,132.1863456928061,1.7582719442147496,0.7131736893901786,2.483985166498997,1.7582719442147496,0.7131736893901786,2.483985166498997,1.0538534744374886,0.47730321674566245,0.5765502576918261,0.3935496639534649,0.3935496639534649,14.898108287875754,8.14215584983659,8.14215584983659,0.0,0.0,0.0,0.0,0.0,0.0,URBANCO.BO
EMA_MACD,URBANCO,BSE,2026-01-20,2026-01-21,2026-01-21,SHORT,124.3499984741211,127.45874843597412,118.13249855041504,127.45874843597412,STOP_LOSS,1,-2.439024390243893,-2.5890243902438934,BEAR,BEAR,125.1500015258789,39.19095062428755,129.82886862843256,131.61277098006886,132.09573708305294,-1.3554173644033753,-0.36561823541695565,-1.7160799467700647,1.3554173644033753,0.36561823541695565,1.7160799467700647,-0.519144967502541,-0.12682822939795194,-0.3923167381045891,-0.31347721400024486,0.31347721400024486,0.592104121933137,-3.603872660975326,3.603872660975326,1.0,1.0,0.0,0.0,1.0,0.0,URBANCO.BO
EMA_MACD,URBANCO,BSE,2026-08-03,2026-08-04,2026-08-04,LONG,148.0,144.29999999999998,155.4,144.29999999999998,STOP_LOSS,1,-2.5000000000000133,-2.650000000000013,BULL,BULL,146.5,69.00072460888256,135.4698349119525,133.12906393125354,132.1863456928061,1.7582719442147496,0.7131736893901786,2.483985166498997,1.7582719442147496,0.7131736893901786,2.483985166498997,1.0538534744374886,0.47730321674566245,0.5765502576918261,0.3935496639534649,0.3935496639534649,14.898108287875754,8.14215584983659,8.14215584983659,0.0,0.0,0.0,0.0,0.0,0.0,URBANCO.BO
CURRENT,URBANCO,NSE,2026-01-20,2026-01-21,2026-01-21,SHORT,125.0,128.125,118.75,128.125,STOP_LOSS,1,-2.4390243902439046,-2.5890243902439045,BEAR,BEAR,125.11000061035156,38.29011595145822,130.0182460906336,131.9122516229653,132.33673007262897,-1.435807143786155,-0.320756338342881,-1.7519580397089622,1.435807143786155,0.320756338342881,1.7519580397089622,-0.46722516614204324,0.024771924238914972,-0.4919970903809582,-0.3932516089687002,0.3932516089687002,1.0845231516701965,-3.775043601849987,3.775043601849987,1.0,1.0,0.0,0.0,1.0,0.0,URBANCO.NS
CURRENT,URBANCO,NSE,2026-08-03,2026-08-04,2026-08-04,LONG,148.47000122070312,144.75825119018555,155.89350128173828,144.75825119018555,STOP_LOSS,1,-2.500000000000002,-2.650000000000002,BULL,BULL,146.19000244140625,69.6744617336248,135.59569496611152,133.2295571908041,132.27303142279547,1.7759856185056468,0.7231449659236988,2.511973535025098,1.7759856185056468,0.7231449659236988,2.511973535025098,1.070341368957628,0.4794573080306383,0.5908840609269896,0.404189103946297,0.404189103946297,14.711445105959763,7.813159169944509,7.813159169944509,0.0,0.0,0.0,0.0,0.0,0.0,URBANCO.NS
EMA_MACD,URBANCO,NSE,2026-01-20,2026-01-21,2026-01-21,SHORT,125.0,128.125,118.75,128.125,STOP_LOSS,1,-2.4390243902439046,-2.5890243902439045,BEAR,BEAR,125.11000061035156,38.29011595145822,130.0182460906336,131.9122516229653,132.33673007262897,-1.435807143786155,-0.320756338342881,-1.7519580397089622,1.435807143786155,0.320756338342881,1.7519580397089622,-0.46722516614204324,0.024771924238914972,-0.4919970903809582,-0.3932516089687002,0.3932516089687002,1.0845231516701965,-3.775043601849987,3.775043601849987,1.0,1.0,0.0,0.0,1.0,0.0,URBANCO.NS
EMA_MACD,URBANCO,NSE,2026-08-03,2026-08-04,2026-08-04,LONG,148.47000122070312,144.75825119018555,155.89350128173828,144.75825119018555,STOP_LOSS,1,-2.500000000000002,-2.650000000000002,BULL,BULL,146.19000244140625,69.6744617336248,135.59569496611152,133.2295571908041,132.27303142279547,1.7759856185056468,0.7231449659236988,2.511973535025098,1.7759856185056468,0.7231449659236988,2.511973535025098,1.070341368957628,0.4794573080306383,0.5908840609269896,0.404189103946297,0.404189103946297,14.711445105959763,7.813159169944509,7.813159169944509,0.0,0.0,0.0,0.0,0.0,0.0,URBANCO.NS
CURRENT,VEDL,BSE,2025-02-14,2025-02-17,2025-02-19,SHORT,412.9500122070313,423.27376251220704,392.3025115966797,423.27376251220704,STOP_LOSS,3,-2.439024390243893,-2.5890243902438934,NEUTRAL,NEUTRAL,412.9500122070313,38.898090041490626,423.30564112559284,430.7971791318068,437.24568265119586,-1.7389942109908363,-1.4748009586485145,-3.188148466344816,1.7389942109908363,1.4748009586485145,3.188148466344816,-7.0558798061520065,-5.637228328050819,-1.4186514781011876,-0.34354072797313556,0.34354072797313556,1.3625729302361012,-2.4463715841408,2.4463715841408,3.0,4.0,2.0,0.0,4.0,0.0,VEDL.BO
CURRENT,VEDL,BSE,2025-04-07,2025-04-08,2025-04-08,SHORT,389.2000122070313,398.93001251220704,369.7400115966797,369.7400115966797,TARGET,1,5.2631578947368585,5.113157894736858,NEUTRAL,NEUTRAL,373.8999938964844,26.432876961537076,415.61367821220733,437.20341152480785,440.6498955331954,-4.938143834995091,-0.782136576752665,-5.681657382601602,4.938143834995091,0.782136576752665,5.681657382601602,-4.4746279532241715,4.454417832661629,-8.929045785885801,-2.388083961391516,2.388083961391516,4.898479212900921,-10.036648575946158,10.036648575946158,2.0,1.0,2.0,1.0,2.0,1.0,VEDL.BO
CURRENT,VEDL,BSE,2025-07-31,2025-08-01,2025-08-05,SHORT,426.2000122070313,436.8550125122071,404.8900115966797,436.8550125122071,STOP_LOSS,3,-2.439024390243893,-2.5890243902438934,BULL,BULL,425.2999877929688,34.849984329927395,435.38465285861827,442.1905768331683,445.6117731099054,-1.5391381750583488,-0.7677526679469784,-2.295074068602926,1.5391381750583488,0.7677526679469784,2.295074068602926,-3.9402220186655654,-1.4998234394445022,-2.440398579221063,-0.5738064070693135,0.5738064070693135,1.5474796400683781,-2.3162656284359744,2.3162656284359744,4.0,4.0,4.0,0.0,4.0,0.0,VEDL.BO
CURRENT,VEDL,BSE,2025-08-29,2025-09-01,2025-09-01,SHORT,422.25,432.80625,401.1375,432.80625,STOP_LOSS,1,-2.439024390243893,-2.5890243902438934,BEAR,BEAR,420.3500061035156,38.49852244052843,429.9732674626756,435.33708269846056,438.1157155459893,-1.23210621124602,-0.6342235050997767,-1.8585154091462799,1.23210621124602,0.6342235050997767,1.8585154091462799,-3.086947522021319,-1.798200886870476,-1.288746635150843,-0.30658894170052076,0.30658894170052076,0.5347628110779634,-2.238106898121368,2.238106898121368,2.0,2.0,1.0,0.0,2.0,0.0,VEDL.BO
CURRENT,VEDL,BSE,2026-04-08,2026-04-09,2026-04-15,LONG,725.9000244140625,707.7525238037109,762.1950256347657,762.1950256347657,TARGET,4,5.000000000000004,4.850000000000004,BEAR,BEAR,721.1500244140625,60.108304166572815,700.4074624469037,687.9118320213095,686.4963520821664,1.8164581337230306,0.20618899646733724,2.0263924669875406,1.8164581337230306,0.20618899646733724,2.0263924669875406,1.822906076845129,-2.8137574963635346,4.636663573208663,0.6429540894734036,0.6429540894734036,1.0785812113323683,2.9614992813888383,2.9614992813888383,2.0,1.0,1.0,0.0,2.0,0.0,VEDL.BO
CURRENT,VEDL,BSE,2026-04-30,2026-05-04,2026-05-04,SHORT,278.0,284.95,264.1,284.95,STOP_LOSS,1,-2.439024390243893,-2.5890243902438934,BEAR,BEAR,271.6000061035156,16.57388862643785,592.0884422803113,677.9725752848043,697.2499248524161,-12.667788659211565,-2.7647689702787996,-15.082322539419987,12.667788659211565,2.7647689702787996,15.082322539419987,-23.52937854263837,8.403254678098456,-31.932633220736825,-11.757228462125386,11.757228462125386,2.414780617734748,-54.1284736014265,54.1284736014265,0.0,0.0,4.0,0.0,4.0,0.0,VEDL.BO
EMA_MACD,VEDL,BSE,2025-02-12,2025-02-13,2025-02-17,SHORT,424.0,434.6,402.8,402.8,TARGET,3,5.2631578947368585,5.113157894736858,NEUTRAL,NEUTRAL,421.9500122070313,41.8021526598737,430.6001833773103,435.35865811136983,440.3844831896674,-1.0930010568073383,-1.1412357315352986,-2.221763069736293,1.0930010568073383,1.1412357315352986,2.221763069736293,-5.410298367935127,-5.1369503099179985,-0.27334805801712836,-0.06478209506082658,0.06478209506082658,0.9745594017572912,-2.008863791564937,2.008863791564937,1.0,2.0,0.0,7.0,7.0,0.0,VEDL.BO
EMA_MACD,VEDL,BSE,2025-04-07,2025-04-08,2025-04-08,SHORT,389.2000122070313,398.93001251220704,369.7400115966797,369.7400115966797,TARGET,1,5.2631578947368585,5.113157894736858,NEUTRAL,NEUTRAL,373.8999938964844,26.432876961537076,415.61367821220733,437.20341152480785,440.6498955331954,-4.938143834995091,-0.782136576752665,-5.681657382601602,4.938143834995091,0.782136576752665,5.681657382601602,-4.4746279532241715,4.454417832661629,-8.929045785885801,-2.388083961391516,2.388083961391516,4.898479212900921,-10.036648575946158,10.036648575946158,2.0,1.0,2.0,1.0,2.0,1.0,VEDL.BO
EMA_MACD,VEDL,BSE,2025-07-24,2025-07-25,2025-07-28,LONG,449.5,438.2625,471.975,438.2625,STOP_LOSS,2,-2.500000000000002,-2.650000000000002,BULL,BULL,451.4500122070313,50.95970157247857,451.4428368412984,450.60364110104894,450.32304381782785,0.18623811787203776,0.06231022086771024,0.2486643841223339,0.18623811787203776,0.06231022086771024,0.2486643841223339,0.2645133482177471,0.24952614762315978,0.014987200594587302,0.0033197918239759165,0.0033197918239759165,0.24163672298155725,0.0015894295240369265,0.0015894295240369265,1.0,1.0,0.0,16.0,16.0,0.0,VEDL.BO
EMA_MACD,VEDL,BSE,2025-08-28,2025-08-29,2025-09-01,SHORT,424.25,434.85625,403.0375,434.85625,STOP_LOSS,2,-2.4390243902439046,-2.5890243902439045,NEUTRAL,NEUTRAL,424.25,40.37450176895909,434.78489814225554,437.83492879761803,439.5369723013872,-0.6966165681980839,-0.38723557084569826,-1.0811545918993146,0.6966165681980839,0.38723557084569826,1.0811545918993146,-1.8393384737005931,-1.476014228082765,-0.36332424561782806,-0.08563918576731362,0.08563918576731362,2.056153220145785,-2.4230138137890593,2.4230138137890593,1.0,1.0,0.0,18.0,18.0,0.0,VEDL.BO
EMA_MACD,VEDL,BSE,2026-04-08,2026-04-09,2026-04-15,LONG,725.9000244140625,707.7525238037109,762.1950256347657,762.1950256347657,TARGET,4,5.000000000000004,4.850000000000004,BEAR,BEAR,721.1500244140625,60.108304166572815,700.4074624469037,687.9118320213095,686.4963520821664,1.8164581337230306,0.20618899646733724,2.0263924669875406,1.8164581337230306,0.20618899646733724,2.0263924669875406,1.822906076845129,-2.8137574963635346,4.636663573208663,0.6429540894734036,0.6429540894734036,1.0785812113323683,2.9614992813888383,2.9614992813888383,2.0,1.0,1.0,0.0,2.0,0.0,VEDL.BO
EMA_MACD,VEDL,BSE,2026-04-30,2026-05-04,2026-05-04,SHORT,278.0,284.95,264.1,284.95,STOP_LOSS,1,-2.439024390243893,-2.5890243902438934,BEAR,BEAR,271.6000061035156,16.57388862643785,592.0884422803113,677.9725752848043,697.2499248524161,-12.667788659211565,-2.7647689702787996,-15.082322539419987,12.667788659211565,2.7647689702787996,15.082322539419987,-23.52937854263837,8.403254678098456,-31.932633220736825,-11.757228462125386,11.757228462125386,2.414780617734748,-54.1284736014265,54.1284736014265,0.0,0.0,4.0,0.0,4.0,0.0,VEDL.BO
CURRENT,VEDL,NSE,2025-02-14,2025-02-17,2025-02-19,SHORT,413.3500061035156,423.6837562561035,392.68250579833983,423.6837562561035,STOP_LOSS,3,-2.439024390243893,-2.5890243902438934,NEUTRAL,NEUTRAL,413.3500061035156,38.8003969232197,423.5457851188569,430.96906222200397,437.18021075993164,-1.7224617156679227,-1.420729572166841,-3.1187197648710168,1.7224617156679227,1.420729572166841,3.1187197648710168,-6.802641050777595,-5.3415565946491945,-1.4610844561284004,-0.35347391666966604,0.35347391666966604,1.292812724023764,-2.4072436495809026,2.4072436495809026,3.0,4.0,2.0,0.0,4.0,0.0,VEDL.NS
CURRENT,VEDL,NSE,2025-04-07,2025-04-08,2025-04-15,SHORT,387.4500122070313,397.1362625122071,368.0775115966797,397.1362625122071,STOP_LOSS,4,-2.439024390243893,-2.5890243902438934,NEUTRAL,NEUTRAL,374.0499877929688,26.716992003923465,415.62273126378915,436.9729225970856,440.30678752532185,-4.885930049487884,-0.7571686430213246,-5.60610396225453,4.885930049487884,0.7571686430213246,5.60610396225453,-4.339523881116065,4.463152731611495,-8.80267661272756,-2.3533423071783957,2.3533423071783957,2.91561912128919,-10.002519194368794,10.002519194368794,2.0,1.0,2.0,1.0,2.0,1.0,VEDL.NS
CURRENT,VEDL,NSE,2025-07-31,2025-08-01,2025-08-05,SHORT,425.1000061035156,435.7275062561035,403.8450057983398,435.7275062561035,STOP_LOSS,3,-2.439024390243893,-2.5890243902438934,BULL,BULL,425.6499938964844,35.065198610891315,435.4817945857683,442.24972687888476,445.6623816510481,-1.5303417688644385,-0.7657488970732691,-2.2843720907211766,1.5303417688644385,0.7657488970732691,2.2843720907211766,-3.9302375381743673,-1.500435905449696,-2.429801632724671,-0.570844982395462,0.570844982395462,1.1774773262265186,-2.2576835154810437,2.2576835154810437,4.0,4.0,4.0,0.0,4.0,0.0,VEDL.NS
CURRENT,VEDL,NSE,2025-08-29,2025-09-01,2025-09-01,SHORT,422.7999877929688,433.36998748779297,401.6599884033204,433.36998748779297,STOP_LOSS,1,-2.439024390243893,-2.5890243902438934,BEAR,BEAR,420.6499938964844,38.637248590468445,430.12433271114026,435.43530722972724,438.1965699335037,-1.219693127866873,-0.6301424733186529,-1.842149796742688,1.219693127866873,0.6301424733186529,1.842149796742688,-3.066984413753005,-1.7938716369164847,-1.2731127768365202,-0.30265370148794396,0.30265370148794396,1.0035243243015375,-2.202697707181004,2.202697707181004,2.0,2.0,1.0,0.0,2.0,0.0,VEDL.NS
CURRENT,VEDL,NSE,2026-04-08,2026-04-09,2026-04-15,LONG,725.0,706.875,761.25,761.25,TARGET,4,5.000000000000004,4.850000000000004,BEAR,BEAR,721.4000244140625,60.18460475994066,700.3728487996345,687.866565868805,686.5763757705715,1.8181262982354143,0.18791647131543193,2.009459328334548,1.8181262982354143,0.18791647131543193,2.009459328334548,1.6936629763797555,-2.9892021321981557,4.682865108577911,0.6491357014274348,0.6491357014274348,1.0497446053177169,3.002283091137289,3.002283091137289,2.0,1.0,1.0,0.0,2.0,0.0,VEDL.NS
CURRENT,VEDL,NSE,2026-04-30,2026-05-01,2026-05-04,SHORT,271.54998779296875,278.33873748779297,257.9724884033203,278.33873748779297,STOP_LOSS,2,-2.4390243902439046,-2.5890243902439045,BEAR,BEAR,271.54998779296875,16.577129360976187,592.1430121656668,677.9955377815198,697.2909021484331,-12.66269773644417,-2.767190036104311,-15.07948686248359,12.66269773644417,2.767190036104311,15.07948686248359,-23.545167225101068,8.359686061210702,-31.90485328631177,-11.749163955270074,11.749163955270074,3.242799979047373,-54.141147963594335,54.141147963594335,0.0,0.0,4.0,0.0,4.0,0.0,VEDL.NS
EMA_MACD,VEDL,NSE,2025-02-12,2025-02-13,2025-02-17,SHORT,425.0,435.625,403.75,403.75,TARGET,3,5.263157894736836,5.113157894736836,NEUTRAL,NEUTRAL,421.8999938964844,41.56131687825401,430.6905180433068,435.46483553877135,440.24955827960304,-1.0963726817476847,-1.0868205659374903,-2.1712776439006207,1.0963726817476847,1.0868205659374903,2.1712776439006207,-5.1536129018318775,-4.817072658841283,-0.33654024299059415,-0.07976777621693122,0.07976777621693122,1.1606366042503602,-2.04103034047722,2.04103034047722,1.0,2.0,0.0,7.0,7.0,0.0,VEDL.NS
EMA_MACD,VEDL,NSE,2025-04-07,2025-04-08,2025-04-15,SHORT,387.4500122070313,397.1362625122071,368.0775115966797,397.1362625122071,STOP_LOSS,4,-2.439024390243893,-2.5890243902438934,NEUTRAL,NEUTRAL,374.0499877929688,26.716992003923465,415.62273126378915,436.9729225970856,440.30678752532185,-4.885930049487884,-0.7571686430213246,-5.60610396225453,4.885930049487884,0.7571686430213246,5.60610396225453,-4.339523881116065,4.463152731611495,-8.80267661272756,-2.3533423071783957,2.3533423071783957,2.91561912128919,-10.002519194368794,10.002519194368794,2.0,1.0,2.0,1.0,2.0,1.0,VEDL.NS
EMA_MACD,VEDL,NSE,2025-07-24,2025-07-25,2025-07-28,LONG,450.0,438.75,472.5,438.75,STOP_LOSS,2,-2.500000000000002,-2.650000000000002,BULL,BULL,451.3500061035156,50.841698995405196,451.45081723376046,450.64294098639425,450.3657092226047,0.17927191882732738,0.06155703201029032,0.2409393053100757,0.17927191882732738,0.06155703201029032,0.2409393053100757,0.25997750239969264,0.2563121251754853,0.0036653772242073446,0.0008120919850761457,0.0008120919850761457,0.5307064587465182,-0.02233047906803007,0.02233047906803007,1.0,1.0,0.0,16.0,16.0,0.0,VEDL.NS
EMA_MACD,VEDL,NSE,2025-08-28,2025-08-29,2025-09-02,SHORT,424.5,435.1125,403.275,435.1125,STOP_LOSS,3,-2.439024390243893,-2.5890243902438934,NEUTRAL,NEUTRAL,424.5,40.495107698997735,434.8615021184682,437.899526118601,439.6002960164652,-0.6937719314430071,-0.386890071111447,-1.077977867835543,0.6937719314430071,0.386890071111447,1.077977867835543,-1.8380574743024454,-1.4755934427073545,-0.3624640315950909,-0.08538610873853732,0.08538610873853732,0.9339905739145502,-2.382713132340107,2.382713132340107,1.0,1.0,0.0,18.0,18.0,0.0,VEDL.NS
EMA_MACD,VEDL,NSE,2026-04-08,2026-04-09,2026-04-15,LONG,725.0,706.875,761.25,761.25,TARGET,4,5.000000000000004,4.850000000000004,BEAR,BEAR,721.4000244140625,60.18460475994066,700.3728487996345,687.866565868805,686.5763757705715,1.8181262982354143,0.18791647131543193,2.009459328334548,1.8181262982354143,0.18791647131543193,2.009459328334548,1.6936629763797555,-2.9892021321981557,4.682865108577911,0.6491357014274348,0.6491357014274348,1.0497446053177169,3.002283091137289,3.002283091137289,2.0,1.0,1.0,0.0,2.0,0.0,VEDL.NS
EMA_MACD,VEDL,NSE,2026-04-30,2026-05-01,2026-05-04,SHORT,271.54998779296875,278.33873748779297,257.9724884033203,278.33873748779297,STOP_LOSS,2,-2.4390243902439046,-2.5890243902439045,BEAR,BEAR,271.54998779296875,16.577129360976187,592.1430121656668,677.9955377815198,697.2909021484331,-12.66269773644417,-2.767190036104311,-15.07948686248359,12.66269773644417,2.767190036104311,15.07948686248359,-23.545167225101068,8.359686061210702,-31.90485328631177,-11.749163955270074,11.749163955270074,3.242799979047373,-54.141147963594335,54.141147963594335,0.0,0.0,4.0,0.0,4.0,0.0,VEDL.NS
CURRENT,VIYASH,BSE,2024-11-05,2024-11-06,2024-11-06,LONG,220.5500030517578,215.03625297546387,231.5775032043457,215.03625297546387,STOP_LOSS,1,-2.500000000000002,-2.650000000000002,NEUTRAL,NEUTRAL,210.1999969482422,62.61987244652032,195.71871734650546,189.31210379370606,188.8555265205943,3.3841542217399394,0.24176008058835324,3.6340958363020053,3.3841542217399394,0.24176008058835324,3.6340958363020053,0.6357923772304446,-1.657785760079699,2.293578137310144,1.0911408994334546,1.0911408994334546,0.34116346884726895,7.399026418152281,7.399026418152281,1.0,1.0,1.0,0.0,1.0,0.0,VIYASH.BO
CURRENT,VIYASH,BSE,2024-12-12,2024-12-13,2024-12-13,SHORT,182.8999938964844,187.4724937438965,173.75499420166017,187.4724937438965,STOP_LOSS,1,-2.4390243902439046,-2.5890243902439045,NEUTRAL,NEUTRAL,184.5500030517578,39.53408561700302,190.0467889202588,194.61769121754497,195.83569954081113,-2.34865713835686,-0.6219541820628751,-2.956003749125406,2.34865713835686,0.6219541820628751,2.956003749125406,-1.5129886908644892,0.5202196543097339,-2.033208345174223,-1.1017113581970526,1.1017113581970526,0.36072482450228927,-2.892332935342233,2.892332935342233,4.0,3.0,4.0,0.0,4.0,0.0,VIYASH.BO
CURRENT,VIYASH,BSE,2025-01-13,2025-01-14,2025-01-14,SHORT,171.5,175.7875,162.92499999999998,175.7875,STOP_LOSS,1,-2.4390243902439046,-2.5890243902439045,NEUTRAL,NEUTRAL,170.8000030517578,38.57603257338381,181.35652570232014,184.64283355974163,186.35820142903214,-1.779818796139845,-0.9204681393878658,-2.683904270570407,1.779818796139845,0.9204681393878658,2.683904270570407,-1.8528729144646547,-1.461013942321552,-0.3918589721431027,-0.22942562361919694,0.22942562361919694,1.5828833261392552,-5.820867272176287,5.820867272176287,1.0,1.0,0.0,0.0,1.0,0.0,VIYASH.BO
CURRENT,VIYASH,BSE,2025-09-08,2025-09-09,2025-09-17,LONG,183.3500061035156,178.7662559509277,192.5175064086914,192.5175064086914,TARGET,7,5.000000000000004,4.850000000000004,NEUTRAL,NEUTRAL,185.6499938964844,63.374836089889655,180.24844072041043,176.9269044401507,176.79652640535352,1.877349457263184,0.07374468121520827,1.9524785838509462,1.877349457263184,0.07374468121520827,1.9524785838509462,0.2940876007846498,-1.308690632098569,1.6027782328832187,0.8633333076094273,0.8633333076094273,0.7772030345452453,2.9967267147972225,2.9967267147972225,2.0,1.0,3.0,1.0,3.0,1.0,VIYASH.BO
EMA_MACD,VIYASH,BSE,2024-11-05,2024-11-06,2024-11-06,LONG,220.5500030517578,215.03625297546387,231.5775032043457,215.03625297546387,STOP_LOSS,1,-2.500000000000002,-2.650000000000002,NEUTRAL,NEUTRAL,210.1999969482422,62.61987244652032,195.71871734650546,189.31210379370606,188.8555265205943,3.3841542217399394,0.24176008058835324,3.6340958363020053,3.3841542217399394,0.24176008058835324,3.6340958363020053,0.6357923772304446,-1.657785760079699,2.293578137310144,1.0911408994334546,1.0911408994334546,0.34116346884726895,7.399026418152281,7.399026418152281,1.0,1.0,1.0,0.0,1.0,0.0,VIYASH.BO
EMA_MACD,VIYASH,BSE,2024-12-11,2024-12-12,2024-12-13,SHORT,193.0500030517578,197.87625312805173,183.39750289916992,183.39750289916992,TARGET,2,5.263157894736836,5.113157894736836,NEUTRAL,NEUTRAL,189.0500030517578,42.83689688928729,192.79518185450922,196.29563924517618,196.7385552599354,-1.7832578472590666,-0.22512924026204692,-2.004372452677666,1.7832578472590666,0.22512924026204692,2.004372452677666,-0.638988446681708,1.0285217406032896,-1.6675101872849976,-0.8820471623205789,0.8820471623205789,0.5771301907265552,-1.9425686714399686,1.9425686714399686,3.0,2.0,3.0,31.0,31.0,2.0,VIYASH.BO
EMA_MACD,VIYASH,BSE,2025-01-08,2025-01-09,2025-01-09,LONG,190.6999969482422,185.93249702453613,200.2349967956543,185.93249702453613,STOP_LOSS,1,-2.500000000000002,-2.650000000000002,NEUTRAL,NEUTRAL,192.8999938964844,53.46630141631046,193.21577310092124,188.77496245198643,188.52509301747517,2.3524362506835637,0.13253908565269482,2.4880932338334767,2.3524362506835637,0.13253908565269482,2.4880932338334767,0.5065422851644712,-2.0072650079791354,2.5138072931436066,1.3031660822615614,1.3031660822615614,0.9264135470186269,-0.16343345026593523,0.16343345026593523,4.0,3.0,4.0,3.0,4.0,3.0,VIYASH.BO
EMA_MACD,VIYASH,BSE,2025-01-13,2025-01-14,2025-01-14,SHORT,171.5,175.7875,162.92499999999998,175.7875,STOP_LOSS,1,-2.4390243902439046,-2.5890243902439045,NEUTRAL,NEUTRAL,170.8000030517578,38.57603257338381,181.35652570232014,184.64283355974163,186.35820142903214,-1.779818796139845,-0.9204681393878658,-2.683904270570407,1.779818796139845,0.9204681393878658,2.683904270570407,-1.8528729144646547,-1.461013942321552,-0.3918589721431027,-0.22942562361919694,0.22942562361919694,1.5828833261392552,-5.820867272176287,5.820867272176287,1.0,1.0,0.0,0.0,1.0,0.0,VIYASH.BO
EMA_MACD,VIYASH,BSE,2025-09-08,2025-09-09,2025-09-17,LONG,183.3500061035156,178.7662559509277,192.5175064086914,192.5175064086914,TARGET,7,5.000000000000004,4.850000000000004,NEUTRAL,NEUTRAL,185.6499938964844,63.374836089889655,180.24844072041043,176.9269044401507,176.79652640535352,1.877349457263184,0.07374468121520827,1.9524785838509462,1.877349457263184,0.07374468121520827,1.9524785838509462,0.2940876007846498,-1.308690632098569,1.6027782328832187,0.8633333076094273,0.8633333076094273,0.7772030345452453,2.9967267147972225,2.9967267147972225,2.0,1.0,3.0,1.0,3.0,1.0,VIYASH.BO
EMA_MACD,VIYASH,BSE,2026-01-01,2026-01-02,2026-01-12,SHORT,207.1000061035156,212.27750625610344,196.7450057983398,196.7450057983398,TARGET,7,5.2631578947368585,5.113157894736858,BULL,BULL,208.6999969482422,45.83638052553196,209.24626780091577,210.5493472572007,212.15245815175658,-0.6188950349454807,-0.7556409708951539,-1.3698593813897506,0.6188950349454807,0.7556409708951539,1.3698593813897506,-1.73524738415216,-1.7133406755563538,-0.021906708595806235,-0.010496746006775994,0.010496746006775994,0.3138459104102693,-0.26106599578317347,0.26106599578317347,2.0,3.0,0.0,15.0,15.0,0.0,VIYASH.BO
EMA_MACD,VIYASH,BSE,2026-03-05,2026-03-06,2026-03-09,SHORT,202.5,207.5625,192.375,192.375,TARGET,2,5.263157894736836,5.113157894736836,BEAR,BEAR,202.0500030517578,42.14659646222528,206.0360607630426,210.6876002416234,210.887610455818,-2.207789861978707,-0.0948420885239766,-2.3005380364873624,2.207789861978707,0.0948420885239766,2.3005380364873624,-0.4102530953665564,1.8331207266388259,-2.243373822005382,-1.1103062549475498,1.1103062549475498,0.23426406387939178,-1.9346408082753346,1.9346408082753346,2.0,2.0,3.0,37.0,37.0,2.0,VIYASH.BO
EMA_MACD,VIYASH,BSE,2026-08-07,2026-08-10,2026-08-10,LONG,279.25,272.26875,293.21250000000003,272.26875,STOP_LOSS,1,-2.499999999999991,-2.649999999999991,BULL,BULL,277.1000061035156,59.32453755379274,270.6905243252392,266.21529694095807,265.5847257763192,1.68105568526878,0.23742749617684925,1.9224744698685015,1.68105568526878,0.23742749617684925,1.9224744698685015,0.7620982841758064,-0.8259664246382321,1.5880647088140385,0.5731016506079717,0.5731016506079717,1.343425593450044,2.3678264299253104,2.3678264299253104,2.0,2.0,2.0,19.0,19.0,2.0,VIYASH.BO
EMA_MACD,VIYASH,BSE,2026-08-14,2026-08-17,2026-08-18,SHORT,248.4499969482422,254.6612468719482,236.0274971008301,254.6612468719482,STOP_LOSS,2,-2.439024390243893,-2.5890243902438934,NEUTRAL,NEUTRAL,255.6000061035156,43.246673632874156,262.86336818552047,264.54101939426573,264.9413052678389,-0.6341743191988416,-0.15108473673764017,-0.7843009153358624,0.6341743191988416,0.15108473673764017,0.7843009153358624,-0.477173801153981,-0.07506772176088429,-0.4021060793930967,-0.15731849365850467,0.15731849365850467,0.892965465711243,-2.7631701336485306,2.7631701336485306,0.0,0.0,0.0,16.0,16.0,0.0,VIYASH.BO
EMA_MACD,VIYASH,BSE,2026-08-21,2026-08-24,2026-08-24,LONG,276.25,269.34375,290.0625,269.34375,STOP_LOSS,1,-2.500000000000002,-2.650000000000002,NEUTRAL,NEUTRAL,276.25,57.0644702085481,267.8529948366896,265.3394428841235,265.0072978884929,0.9472967626843921,0.1253342825941341,1.0738183328800741,0.9472967626843921,0.1253342825941341,1.0738183328800741,0.4232648472943765,-0.47580880716387847,0.8990736544582549,0.32545652650072576,0.32545652650072576,2.105224043573354,3.134930474990601,3.134930474990601,1.0,0.0,1.0,29.0,29.0,0.0,VIYASH.BO
EMA_MACD,VIYASH,BSE,2026-09-02,2026-09-03,2026-09-04,SHORT,259.1499938964844,265.62874374389645,246.1924942016601,265.62874374389645,STOP_LOSS,2,-2.439024390243893,-2.5890243902438934,NEUTRAL,NEUTRAL,259.1499938964844,46.018716722184244,262.69646346206804,264.6083579122743,265.01873362540545,-0.7225374380805133,-0.1548478130271337,-0.8762664176864771,0.7225374380805133,0.1548478130271337,0.8762664176864771,-0.5000542897984701,0.198642371781141,-0.6986966615796111,-0.2696109118407699,0.2696109118407699,0.11947306793339782,-1.350025622288499,1.350025622288499,2.0,2.0,2.0,29.0,29.0,2.0,VIYASH.BO
CURRENT,VMM,BSE,2025-02-17,2025-02-18,2025-02-28,SHORT,103.9499969482422,106.54874687194824,98.75249710083008,98.75249710083008,TARGET,8,5.2631578947368585,5.113157894736858,NEUTRAL,NEUTRAL,102.8000030517578,37.73384406230606,106.05208566087022,108.49909494582212,108.84364648180872,-2.2553269095689616,-0.31655640648182637,-2.5647439342314384,2.2553269095689616,0.31655640648182637,2.5647439342314384,-0.4512336456532182,0.5522136411025095,-1.0034472867557276,-0.9761160087227929,0.9761160087227929,0.7203854520910534,-3.066495664698025,3.066495664698025,3.0,2.0,3.0,1.0,3.0,1.0,VMM.BO
CURRENT,VMM,BSE,2026-01-06,2026-01-07,2026-01-20,SHORT,131.1999969482422,134.47999687194823,124.63999710083009,124.63999710083009,TARGET,9,5.263157894736836,5.113157894736836,BULL,BULL,131.5,38.81589632980893,134.12536848729314,134.89951439365018,135.36340656849592,-0.5738685641951238,-0.3427013153743311,-0.9146032244514385,0.5738685641951238,0.3427013153743311,0.9146032244514385,-0.4897084805394343,-0.41412788684070356,-0.07558059369873071,-0.05747573665302716,0.05747573665302716,3.9836872793127935,-1.9573988999268759,1.9573988999268759,1.0,1.0,0.0,0.0,1.0,0.0,VMM.BO
CURRENT,VMM,BSE,2026-03-04,2026-03-05,2026-03-09,SHORT,113.0,115.825,107.35,107.35,TARGET,3,5.2631578947368585,5.113157894736858,BEAR,BEAR,111.75,34.79336584066422,117.34276011066824,119.78414823850436,121.84979461264605,-2.038156270039195,-1.6952399310218549,-3.69884456211472,2.038156270039195,1.6952399310218549,3.69884456211472,-2.2506511896389156,-1.8619237959176282,-0.3887273937212874,-0.34785449102576055,0.34785449102576055,1.3413094611584688,-4.766173989254724,4.766173989254724,2.0,2.0,0.0,0.0,2.0,0.0,VMM.BO
EMA_MACD,VMM,BSE,2025-02-17,2025-02-18,2025-02-28,SHORT,103.9499969482422,106.54874687194824,98.75249710083008,98.75249710083008,TARGET,8,5.2631578947368585,5.113157894736858,NEUTRAL,NEUTRAL,102.8000030517578,37.73384406230606,106.05208566087022,108.49909494582212,108.84364648180872,-2.2553269095689616,-0.31655640648182637,-2.5647439342314384,2.2553269095689616,0.31655640648182637,2.5647439342314384,-0.4512336456532182,0.5522136411025095,-1.0034472867557276,-0.9761160087227929,0.9761160087227929,0.7203854520910534,-3.066495664698025,3.066495664698025,3.0,2.0,3.0,1.0,3.0,1.0,VMM.BO
EMA_MACD,VMM,BSE,2026-01-06,2026-01-07,2026-01-20,SHORT,131.1999969482422,134.47999687194823,124.63999710083009,124.63999710083009,TARGET,9,5.263157894736836,5.113157894736836,BULL,BULL,131.5,38.81589632980893,134.12536848729314,134.89951439365018,135.36340656849592,-0.5738685641951238,-0.3427013153743311,-0.9146032244514385,0.5738685641951238,0.3427013153743311,0.9146032244514385,-0.4897084805394343,-0.41412788684070356,-0.07558059369873071,-0.05747573665302716,0.05747573665302716,3.9836872793127935,-1.9573988999268759,1.9573988999268759,1.0,1.0,0.0,0.0,1.0,0.0,VMM.BO
EMA_MACD,VMM,BSE,2026-03-04,2026-03-05,2026-03-09,SHORT,113.0,115.825,107.35,107.35,TARGET,3,5.2631578947368585,5.113157894736858,BEAR,BEAR,111.75,34.79336584066422,117.34276011066824,119.78414823850436,121.84979461264605,-2.038156270039195,-1.6952399310218549,-3.69884456211472,2.038156270039195,1.6952399310218549,3.69884456211472,-2.2506511896389156,-1.8619237959176282,-0.3887273937212874,-0.34785449102576055,0.34785449102576055,1.3413094611584688,-4.766173989254724,4.766173989254724,2.0,2.0,0.0,0.0,2.0,0.0,VMM.BO
EMA_MACD,VMM,BSE,2026-07-08,2026-07-09,2026-07-17,SHORT,116.5,119.4125,110.675,110.675,TARGET,7,5.263157894736836,5.113157894736836,NEUTRAL,NEUTRAL,115.9000015258789,43.289260822689215,117.65509545323215,118.07591886587154,118.47395540231469,-0.3564007095447024,-0.3359696526476965,-0.6911729639665076,0.3564007095447024,0.3359696526476965,0.6911729639665076,-0.42923423922390214,-0.41429654946856703,-0.014937689755335104,-0.012888429299976944,0.012888429299976944,1.7799721820331218,-1.4917279362974065,1.4917279362974065,0.0,1.0,0.0,74.0,74.0,0.0,VMM.BO
CURRENT,VMM,NSE,2025-02-17,2025-02-18,2025-02-28,SHORT,103.8000030517578,106.39500312805174,98.6100028991699,98.6100028991699,TARGET,8,5.2631578947368585,5.113157894736858,NEUTRAL,NEUTRAL,102.72000122070312,37.244274348284954,106.05541744613652,108.74038302079066,109.11520237562796,-2.469152213801555,-0.34350791335838593,-2.804178393912669,2.469152213801555,0.34350791335838593,2.804178393912669,-0.4973963570469806,0.6448367574179892,-1.1422331144649698,-1.1119870530480034,1.1119870530480034,0.7146314533336002,-3.144974868565658,3.144974868565658,3.0,2.0,3.0,1.0,3.0,1.0,VMM.NS
CURRENT,VMM,NSE,2026-01-06,2026-01-07,2026-01-20,SHORT,131.0,134.27499999999998,124.45,124.45,TARGET,10,5.2631578947368585,5.113157894736858,BULL,BULL,131.3800048828125,38.50585482319012,134.10917192601732,134.90292053516964,135.3679297594467,-0.5883850445961131,-0.34351505936700877,-0.929878912727871,0.5883850445961131,0.34351505936700877,0.929878912727871,-0.4917063456871915,-0.4072825357932508,-0.08442380989394072,-0.06425925312549999,0.06425925312549999,1.7729316166703935,-2.0350338489230233,2.0350338489230233,1.0,1.0,0.0,0.0,1.0,0.0,VMM.NS
CURRENT,VMM,NSE,2026-03-04,2026-03-05,2026-03-09,SHORT,113.0,115.825,107.35,107.35,TARGET,3,5.2631578947368585,5.113157894736858,BEAR,BEAR,111.62000274658205,34.476339460752556,117.3178813776283,119.78051387881786,121.83386011903637,-2.0559541960898664,-1.6853658237638685,-3.7066696704805966,2.0559541960898664,1.6853658237638685,3.7066696704805966,-2.238884235589566,-1.8355632735925274,-0.4033209619970388,-0.36133394738640523,0.36133394738640523,0.6055916545772528,-4.8567861643406705,4.8567861643406705,2.0,2.0,0.0,0.0,2.0,0.0,VMM.NS
EMA_MACD,VMM,NSE,2025-02-17,2025-02-18,2025-02-28,SHORT,103.8000030517578,106.39500312805174,98.6100028991699,98.6100028991699,TARGET,8,5.2631578947368585,5.113157894736858,NEUTRAL,NEUTRAL,102.72000122070312,37.244274348284954,106.05541744613652,108.74038302079066,109.11520237562796,-2.469152213801555,-0.34350791335838593,-2.804178393912669,2.469152213801555,0.34350791335838593,2.804178393912669,-0.4973963570469806,0.6448367574179892,-1.1422331144649698,-1.1119870530480034,1.1119870530480034,0.7146314533336002,-3.144974868565658,3.144974868565658,3.0,2.0,3.0,1.0,3.0,1.0,VMM.NS
EMA_MACD,VMM,NSE,2026-01-06,2026-01-07,2026-01-20,SHORT,131.0,134.27499999999998,124.45,124.45,TARGET,10,5.2631578947368585,5.113157894736858,BULL,BULL,131.3800048828125,38.50585482319012,134.10917192601732,134.90292053516964,135.3679297594467,-0.5883850445961131,-0.34351505936700877,-0.929878912727871,0.5883850445961131,0.34351505936700877,0.929878912727871,-0.4917063456871915,-0.4072825357932508,-0.08442380989394072,-0.06425925312549999,0.06425925312549999,1.7729316166703935,-2.0350338489230233,2.0350338489230233,1.0,1.0,0.0,0.0,1.0,0.0,VMM.NS
EMA_MACD,VMM,NSE,2026-03-04,2026-03-05,2026-03-09,SHORT,113.0,115.825,107.35,107.35,TARGET,3,5.2631578947368585,5.113157894736858,BEAR,BEAR,111.62000274658205,34.476339460752556,117.3178813776283,119.78051387881786,121.83386011903637,-2.0559541960898664,-1.6853658237638685,-3.7066696704805966,2.0559541960898664,1.6853658237638685,3.7066696704805966,-2.238884235589566,-1.8355632735925274,-0.4033209619970388,-0.36133394738640523,0.36133394738640523,0.6055916545772528,-4.8567861643406705,4.8567861643406705,2.0,2.0,0.0,0.0,2.0,0.0,VMM.NS
EMA_MACD,VMM,NSE,2026-07-08,2026-07-09,2026-07-10,SHORT,116.29000091552734,119.19725093841552,110.47550086975096,119.19725093841552,STOP_LOSS,2,-2.439024390243893,-2.5890243902438934,NEUTRAL,NEUTRAL,115.91000366210938,43.17414692338472,117.65983207471908,118.07562121837998,118.48084410841979,-0.35213801068376605,-0.3420155326282084,-0.6929491766191479,0.35213801068376605,0.3420155326282084,0.6929491766191479,-0.43638527279023265,-0.42647760286249276,-0.009907669927739893,-0.00854772635209456,0.00854772635209456,1.1259435143567946,-1.487192682289811,1.487192682289811,0.0,1.0,0.0,75.0,75.0,0.0,VMM.NS
EMA_MACD,VMM,NSE,2026-07-13,2026-07-14,2026-07-17,SHORT,116.1500015258789,119.05375156402587,110.34250144958496,110.34250144958496,TARGET,4,5.263157894736836,5.113157894736836,NEUTRAL,NEUTRAL,116.20999908447266,44.917177201099214,117.28402457839985,117.75114945962686,118.22010730818168,-0.3967051560606381,-0.39668196826477353,-0.7918134665041425,0.3967051560606381,0.39668196826477353,0.7918134665041425,-0.5100138837684796,-0.4496016629006833,-0.06041222086779624,-0.051985389677081745,0.051985389677081745,0.855140490178224,-0.915747475232017,0.915747475232017,3.0,4.0,0.0,78.0,78.0,0.0,VMM.NS
CURRENT,WELSPUNLIV,BSE,2025-04-09,2025-04-11,2025-04-11,SHORT,117.4000015258789,120.33500156402587,111.53000144958496,120.33500156402587,STOP_LOSS,1,-2.439024390243893,-2.5890243902438934,NEUTRAL,NEUTRAL,113.5,35.51215582885699,120.66541534129112,125.63552097156074,126.77205173378262,-3.955971680488883,-0.8965152387125203,-4.817021030246669,3.955971680488883,0.8965152387125203,4.817021030246669,-1.3694742503810602,0.5797451447243874,-1.9492193951054477,-1.7173739163924648,1.7173739163924648,0.2922768532534549,-5.938251089613705,5.938251089613705,3.0,2.0,3.0,0.0,3.0,0.0,WELSPUNLIV.BO
CURRENT,WELSPUNLIV,BSE,2025-05-09,2025-05-12,2025-05-12,LONG,152.64999389648438,148.8337440490723,160.2824935913086,148.8337440490723,STOP_LOSS,1,-2.500000000000002,-2.650000000000002,NEUTRAL,NEUTRAL,146.75,65.59042515133038,136.51175622361635,131.881016371423,130.07989219807664,3.511301307499464,1.384629202032029,4.944549012806463,3.511301307499464,1.384629202032029,4.944549012806463,2.0741558072852513,0.5583588183724686,1.5157969889127827,1.0329110656986595,1.0329110656986595,3.6452111726593084,7.499898953473762,7.499898953473762,2.0,2.0,1.0,0.0,2.0,0.0,WELSPUNLIV.BO
CURRENT,WELSPUNLIV,BSE,2025-10-15,2025-10-16,2025-10-17,LONG,126.8000030517578,123.63000297546384,133.1400032043457,123.63000297546384,STOP_LOSS,2,-2.500000000000002,-2.650000000000002,BULL,BULL,125.5500030517578,60.655751205339996,122.76442230375962,120.5835531672798,120.08731071033745,1.808595848435813,0.41323471564730174,2.2293043099946073,1.808595848435813,0.41323471564730174,2.2293043099946073,0.6207774751385955,-0.2872585238874043,0.9080359990259999,0.7232464969767172,0.7232464969767172,1.0544646332629244,2.2690456206487393,2.2690456206487393,3.0,3.0,3.0,0.0,3.0,0.0,WELSPUNLIV.BO
EMA_MACD,WELSPUNLIV,BSE,2024-12-30,2024-12-31,2024-12-31,SHORT,153.10000610351562,156.9275062561035,145.44500579833985,156.9275062561035,STOP_LOSS,1,-2.439024390243893,-2.5890243902438934,NEUTRAL,NEUTRAL,155.39999389648438,40.14817067046146,158.4204241345825,162.37711246302183,162.41127601087234,-2.436727854327613,-0.021035206846243916,-2.457250490429419,2.436727854327613,0.021035206846243916,2.457250490429419,-0.2186845821215968,1.8755150611077647,-2.0941996432293615,-1.3476188709662096,1.3476188709662096,0.5819593142210046,-1.9065914351625461,1.9065914351625461,4.0,3.0,4.0,28.0,28.0,3.0,WELSPUNLIV.BO
EMA_MACD,WELSPUNLIV,BSE,2025-04-08,2025-04-09,2025-04-09,SHORT,119.5500030517578,122.53875312805174,113.5725028991699,113.5725028991699,TARGET,1,5.263157894736836,5.113157894736836,NEUTRAL,NEUTRAL,120.0,40.86232542401853,124.24812301193667,127.65810780015418,127.83381587248523,-2.6711854397495585,-0.13745038519879402,-2.8049642702720425,2.6711854397495585,0.13745038519879402,2.8049642702720425,-0.26713339210157017,1.0670499935007494,-1.3341833856023195,-1.111819488001933,1.111819488001933,0.233082665300055,-3.419064134698073,3.419064134698073,2.0,1.0,2.0,1.0,2.0,1.0,WELSPUNLIV.BO
EMA_MACD,WELSPUNLIV,BSE,2025-04-17,2025-04-21,2025-04-25,LONG,132.1999969482422,128.89499702453614,138.8099967956543,128.89499702453614,STOP_LOSS,5,-2.499999999999991,-2.649999999999991,NEUTRAL,NEUTRAL,131.64999389648438,54.179549955607364,128.51724102951044,127.5513884436751,127.51267578487676,0.7572262423955165,0.030359851332461125,0.7878159864894192,0.7572262423955165,0.030359851332461125,0.7878159864894192,0.05055090187020994,-0.07093143789069091,0.12148233976090085,0.09227675305205232,0.09227675305205232,0.42918607749402965,2.4376129162736855,2.4376129162736855,1.0,0.0,0.0,16.0,16.0,0.0,WELSPUNLIV.BO
EMA_MACD,WELSPUNLIV,BSE,2025-05-05,2025-05-06,2025-05-07,SHORT,124.3499984741211,127.45874843597412,118.13249855041504,127.45874843597412,STOP_LOSS,2,-2.439024390243893,-2.5890243902438934,NEUTRAL,NEUTRAL,125.1500015258789,46.194692521267235,126.78138248972365,127.85568524220665,128.0038584623406,-0.840246368746028,-0.11575683882805339,-0.9550305649392536,0.840246368746028,0.11575683882805339,0.9550305649392536,-0.19828255568599218,0.2567099866610611,-0.4549925423470533,-0.36355776012752866,0.36355776012752866,0.546999957536554,-1.2867669777752901,1.2867669777752901,2.0,1.0,2.0,14.0,14.0,1.0,WELSPUNLIV.BO
EMA_MACD,WELSPUNLIV,BSE,2025-05-08,2025-05-09,2025-05-09,LONG,132.60000610351562,129.28500595092774,139.23000640869142,139.23000640869142,TARGET,1,5.000000000000004,4.850000000000004,NEUTRAL,NEUTRAL,137.85000610351562,59.32632682653694,131.3926343354245,129.4028524333268,128.74628357392277,1.537664637742742,0.5099711161969672,2.055477399456172,1.537664637742742,0.5099711161969672,2.055477399456172,0.7539549778685455,0.17940957114427283,0.5745454067242727,0.4167902657130313,0.4167902657130313,7.813110909506962,4.9145614598200975,4.9145614598200975,1.0,1.0,0.0,29.0,29.0,0.0,WELSPUNLIV.BO
EMA_MACD,WELSPUNLIV,BSE,2025-06-30,2025-07-01,2025-07-01,LONG,143.75,140.15625,150.9375,140.15625,STOP_LOSS,1,-2.500000000000002,-2.650000000000002,BULL,BULL,143.1999969482422,58.53000938143889,140.61022057936816,137.61241031896859,137.30468598660858,2.1784447009183405,0.22411786615208648,2.4074448508494286,2.1784447009183405,0.22411786615208648,2.4074448508494286,0.4265440783191252,-0.8365615084417903,1.2631055867609156,0.8820569927927087,0.8820569927927087,0.2840614857011134,1.841812322179108,1.841812322179108,2.0,2.0,2.0,28.0,28.0,2.0,WELSPUNLIV.BO
EMA_MACD,WELSPUNLIV,BSE,2025-09-29,2025-09-30,2025-10-01,SHORT,114.1999969482422,117.05499687194823,108.48999710083008,117.05499687194823,STOP_LOSS,2,-2.439024390243893,-2.5890243902438934,BULL,BULL,114.6999969482422,40.40799114443216,118.33671008073586,120.04505755306698,120.38176288880572,-1.4230885528760207,-0.2796979606036756,-1.6988061638197174,1.4230885528760207,0.2796979606036756,1.6988061638197174,-0.36613059395763514,0.05897617404357512,-0.4251067680012103,-0.3706249165752267,0.3706249165752267,0.24246281101477946,-3.0731910072643447,3.0731910072643447,1.0,1.0,1.0,17.0,17.0,1.0,WELSPUNLIV.BO
EMA_MACD,WELSPUNLIV,BSE,2025-10-14,2025-10-15,2025-10-16,LONG,123.0,119.925,129.15,129.15,TARGET,2,5.000000000000004,4.850000000000004,BULL,BULL,122.9499969482422,56.548649118211394,121.37163192976053,119.7558115198668,119.65029532302383,1.3492626281653761,0.08818715955368481,1.4386396641057593,1.3492626281653761,0.08818715955368481,1.4386396641057593,0.1774447049464385,-0.5142675236439043,0.6917122285903428,0.5625963771935109,0.5625963771935109,0.3038422078484886,1.3004398090281084,1.3004398090281084,2.0,2.0,2.0,18.0,18.0,2.0,WELSPUNLIV.BO
CURRENT,ZEEL,BSE,2025-01-13,2025-01-14,2025-01-14,SHORT,120.9499969482422,123.97374687194824,114.90249710083008,123.97374687194824,STOP_LOSS,1,-2.439024390243893,-2.5890243902438934,NEUTRAL,NEUTRAL,119.3499984741211,39.58302417581305,125.29827517669169,126.44145077364506,127.29223665228487,-0.9041145842275077,-0.6683721655106453,-1.5664438995128538,0.9041145842275077,0.6683721655106453,1.5664438995128538,-0.953388415236887,-0.7031366198482965,-0.25025179538859055,-0.20967892634104487,0.20967892634104487,1.4674634352086426,-4.74729336392103,4.74729336392103,0.0,0.0,0.0,0.0,0.0,0.0,ZEEL.BO
CURRENT,ZEEL,BSE,2025-05-09,2025-05-12,2025-05-14,LONG,118.0500030517578,115.09875297546384,123.95250320434567,123.95250320434567,TARGET,3,5.000000000000004,4.850000000000004,NEUTRAL,NEUTRAL,115.8499984741211,60.30196606585508,111.37238281118579,109.87500256568038,108.4537105472863,1.3628033770559567,1.3105056629430674,2.6911686554301215,1.3628033770559567,1.3105056629430674,2.6911686554301215,1.537061100055368,1.4371373384563522,0.09992376159901584,0.0862527086017503,0.0862527086017503,1.591053852373647,4.0204003451433685,4.0204003451433685,1.0,2.0,0.0,0.0,2.0,0.0,ZEEL.BO
CURRENT,ZEEL,BSE,2025-09-29,2025-09-30,2025-10-15,SHORT,112.9499969482422,115.77374687194823,107.30249710083008,109.9499969482422,TIME_EXIT,11,2.7285130361688115,2.578513036168812,BULL,BULL,112.75,39.68612013069695,114.32012196881102,115.4393288703903,116.55576601759022,-0.9695195844700959,-0.9578566426575829,-1.9180896193859658,0.9695195844700959,0.9578566426575829,1.9180896193859658,-1.190842903023551,-1.1383942901768727,-0.052448612846678344,-0.04651761671545751,0.04651761671545751,1.048078555781912,-1.373443223966631,1.373443223966631,2.0,3.0,0.0,1.0,3.0,0.0,ZEEL.BO
CURRENT,ZEEL,BSE,2026-03-02,2026-03-04,2026-03-09,SHORT,83.0,85.07499999999999,78.85,78.85,TARGET,4,5.2631578947368585,5.113157894736858,BEAR,BEAR,84.13999938964844,36.529243631193374,87.09499148148006,89.01663909115248,89.3529693041707,-2.158751025979159,-0.37640630819250914,-2.527031659131712,2.158751025979159,0.37640630819250914,2.527031659131712,-0.4249189874871462,0.3920816148216412,-0.8170006023087875,-0.9710014359820656,0.9710014359820656,1.128297682765136,-3.3928381432358012,3.3928381432358012,4.0,3.0,4.0,0.0,4.0,0.0,ZEEL.BO
CURRENT,ZEEL,BSE,2026-06-01,2026-06-02,2026-06-03,LONG,94.4000015258789,92.04000148773191,99.12000160217283,92.04000148773191,STOP_LOSS,2,-2.500000000000002,-2.650000000000002,BEAR,BEAR,95.75,62.981275723779035,91.70452300214686,89.1048091768735,87.8997146753233,2.91759092386687,1.370987955992218,4.328578700030425,2.91759092386687,1.370987955992218,4.328578700030425,1.3411703659105143,0.664969277961253,0.6762010879492613,0.7062152354561475,0.7062152354561475,4.240431735618387,4.411425811307514,4.411425811307514,2.0,2.0,1.0,0.0,2.0,0.0,ZEEL.BO
CURRENT,ZEEL,BSE,2026-08-05,2026-08-06,2026-08-11,SHORT,95.0999984741211,97.47749843597413,90.34499855041504,90.34499855041504,TARGET,4,5.263157894736836,5.113157894736836,BULL,BULL,94.4499969482422,38.33789254343202,101.04722333889504,104.09331143862593,104.59011820820093,-2.926305309757474,-0.47500354535027917,-3.387408801138632,2.926305309757474,0.47500354535027917,3.387408801138632,-0.6404717931690413,0.5219117150878075,-1.1623835082568488,-1.2306866551767335,1.2306866551767335,0.8872843764128399,-6.528854700466999,6.528854700466999,1.0,1.0,2.0,0.0,2.0,0.0,ZEEL.BO
CURRENT,ZEEL,BSE,2026-08-31,2026-09-01,2026-09-04,SHORT,94.48999786376952,96.85224781036376,89.76549797058104,91.33999633789062,TIME_EXIT,4,3.448655191780614,3.298655191780614,NEUTRAL,NEUTRAL,93.5500030517578,38.05447873789236,100.21069858720179,101.8512768879948,102.2387159093454,-1.6107586973083736,-0.3789552890063117,-1.9836099310381061,1.6107586973083736,0.3789552890063117,1.9836099310381061,-0.4376223340485268,-0.05473693113468799,-0.3828854029138388,-0.40928422279366716,0.40928422279366716,2.717821937543231,-6.646691051303229,6.646691051303229,0.0,0.0,0.0,0.0,0.0,0.0,ZEEL.BO
EMA_MACD,ZEEL,BSE,2025-01-13,2025-01-14,2025-01-14,SHORT,120.9499969482422,123.97374687194824,114.90249710083008,123.97374687194824,STOP_LOSS,1,-2.439024390243893,-2.5890243902438934,NEUTRAL,NEUTRAL,119.3499984741211,39.58302417581305,125.29827517669169,126.44145077364506,127.29223665228487,-0.9041145842275077,-0.6683721655106453,-1.5664438995128538,0.9041145842275077,0.6683721655106453,1.5664438995128538,-0.953388415236887,-0.7031366198482965,-0.25025179538859055,-0.20967892634104487,0.20967892634104487,1.4674634352086426,-4.74729336392103,4.74729336392103,0.0,0.0,0.0,0.0,0.0,0.0,ZEEL.BO
EMA_MACD,ZEEL,BSE,2025-05-09,2025-05-12,2025-05-14,LONG,118.0500030517578,115.09875297546384,123.95250320434567,123.95250320434567,TARGET,3,5.000000000000004,4.850000000000004,NEUTRAL,NEUTRAL,115.8499984741211,60.30196606585508,111.37238281118579,109.87500256568038,108.4537105472863,1.3628033770559567,1.3105056629430674,2.6911686554301215,1.3628033770559567,1.3105056629430674,2.6911686554301215,1.537061100055368,1.4371373384563522,0.09992376159901584,0.0862527086017503,0.0862527086017503,1.591053852373647,4.0204003451433685,4.0204003451433685,1.0,2.0,0.0,0.0,2.0,0.0,ZEEL.BO
EMA_MACD,ZEEL,BSE,2025-09-29,2025-09-30,2025-10-15,SHORT,112.9499969482422,115.77374687194823,107.30249710083008,109.9499969482422,TIME_EXIT,11,2.7285130361688115,2.578513036168812,BULL,BULL,112.75,39.68612013069695,114.32012196881102,115.4393288703903,116.55576601759022,-0.9695195844700959,-0.9578566426575829,-1.9180896193859658,0.9695195844700959,0.9578566426575829,1.9180896193859658,-1.190842903023551,-1.1383942901768727,-0.052448612846678344,-0.04651761671545751,0.04651761671545751,1.048078555781912,-1.373443223966631,1.373443223966631,2.0,3.0,0.0,1.0,3.0,0.0,ZEEL.BO
EMA_MACD,ZEEL,BSE,2026-03-02,2026-03-04,2026-03-09,SHORT,83.0,85.07499999999999,78.85,78.85,TARGET,4,5.2631578947368585,5.113157894736858,BEAR,BEAR,84.13999938964844,36.529243631193374,87.09499148148006,89.01663909115248,89.3529693041707,-2.158751025979159,-0.37640630819250914,-2.527031659131712,2.158751025979159,0.37640630819250914,2.527031659131712,-0.4249189874871462,0.3920816148216412,-0.8170006023087875,-0.9710014359820656,0.9710014359820656,1.128297682765136,-3.3928381432358012,3.3928381432358012,4.0,3.0,4.0,0.0,4.0,0.0,ZEEL.BO
EMA_MACD,ZEEL,BSE,2026-05-29,2026-06-01,2026-06-01,LONG,94.1999969482422,91.84499702453614,98.90999679565432,98.90999679565432,TARGET,1,5.000000000000004,4.850000000000004,BEAR,BEAR,93.26000213623048,59.94920262126221,89.68178450322029,87.99727737301907,87.27169184934915,1.9142718735042363,0.8314099432407551,2.7615972634419665,1.9142718735042363,0.8314099432407551,2.7615972634419665,0.785717744836262,0.4959190059739376,0.2897987388623244,0.3107427967232919,0.3107427967232919,2.501649578014284,3.9899045863451916,3.9899045863451916,1.0,1.0,0.0,19.0,19.0,0.0,ZEEL.BO
EMA_MACD,ZEEL,BSE,2026-07-21,2026-07-22,2026-07-23,LONG,107.0500030517578,104.37375297546384,112.40250320434568,104.37375297546384,STOP_LOSS,2,-2.5000000000000133,-2.650000000000013,NEUTRAL,NEUTRAL,107.5999984741211,55.762077791012956,106.13585625156097,104.9556206733063,104.4605158813456,1.1245091693834746,0.4739635715786411,1.603802504784055,1.1245091693834746,0.4739635715786411,1.603802504784055,0.5123460711605503,0.355650270261503,0.15669580089904733,0.14562806981520013,0.14562806981520013,0.7062231608788913,1.3794981962456199,1.3794981962456199,2.0,2.0,0.0,36.0,36.0,0.0,ZEEL.BO
EMA_MACD,ZEEL,BSE,2026-08-05,2026-08-06,2026-08-11,SHORT,95.0999984741211,97.47749843597413,90.34499855041504,90.34499855041504,TARGET,4,5.263157894736836,5.113157894736836,BULL,BULL,94.4499969482422,38.33789254343202,101.04722333889504,104.09331143862593,104.59011820820093,-2.926305309757474,-0.47500354535027917,-3.387408801138632,2.926305309757474,0.47500354535027917,3.387408801138632,-0.6404717931690413,0.5219117150878075,-1.1623835082568488,-1.2306866551767335,1.2306866551767335,0.8872843764128399,-6.528854700466999,6.528854700466999,1.0,1.0,2.0,0.0,2.0,0.0,ZEEL.BO
EMA_MACD,ZEEL,BSE,2026-08-21,2026-08-24,2026-08-24,LONG,109.1999969482422,106.46999702453614,114.65999679565432,106.46999702453614,STOP_LOSS,1,-2.500000000000002,-2.650000000000002,NEUTRAL,NEUTRAL,107.5500030517578,56.59974555533575,105.25699061472764,102.7347722898961,102.53659243495008,2.4550775444504493,0.19327720010955707,2.653099849698439,2.4550775444504493,0.19327720010955707,2.653099849698439,0.31488269526342094,-0.8819268966139007,1.1968095918773216,1.1127936382311066,1.1127936382311066,0.662610449346106,2.178489451045845,2.178489451045845,4.0,3.0,4.0,16.0,16.0,3.0,ZEEL.BO
EMA_MACD,ZEEL,BSE,2026-08-31,2026-09-01,2026-09-04,SHORT,94.48999786376952,96.85224781036376,89.76549797058104,91.33999633789062,TIME_EXIT,4,3.448655191780614,3.298655191780614,NEUTRAL,NEUTRAL,93.5500030517578,38.05447873789236,100.21069858720179,101.8512768879948,102.2387159093454,-1.6107586973083736,-0.3789552890063117,-1.9836099310381061,1.6107586973083736,0.3789552890063117,1.9836099310381061,-0.4376223340485268,-0.05473693113468799,-0.3828854029138388,-0.40928422279366716,0.40928422279366716,2.717821937543231,-6.646691051303229,6.646691051303229,0.0,0.0,0.0,0.0,0.0,0.0,ZEEL.BO
CURRENT,ZEEL,NSE,2025-01-13,2025-01-14,2025-01-14,SHORT,120.1999969482422,123.20499687194824,114.18999710083008,123.20499687194824,STOP_LOSS,1,-2.439024390243893,-2.5890243902438934,NEUTRAL,NEUTRAL,119.19000244140624,39.41533900553164,125.24425248714962,126.42100846457271,127.28518620697999,-0.9308231216592852,-0.6789303360110018,-1.6034338171227374,0.9308231216592852,0.6789303360110018,1.6034338171227374,-0.9687108195327454,-0.7084349491311034,-0.260275870401642,-0.21837055547472914,0.21837055547472914,0.8839631831919161,-4.833954393527614,4.833954393527614,0.0,0.0,0.0,0.0,0.0,0.0,ZEEL.NS
CURRENT,ZEEL,NSE,2025-05-09,2025-05-12,2025-05-14,LONG,118.25,115.29375,124.1625,124.1625,TARGET,3,5.000000000000004,4.850000000000004,NEUTRAL,NEUTRAL,115.8000030517578,60.315790144567956,111.35994257981508,109.86129217382572,108.41873882293017,1.364129600458511,1.330538767151252,2.7128186407780492,1.364129600458511,1.330538767151252,2.7128186407780492,1.5590704017677268,1.4670508185697462,0.09201958319798065,0.07946423210097128,0.07946423210097128,2.2771782261764404,3.9871253244948357,3.9871253244948357,1.0,2.0,0.0,0.0,2.0,0.0,ZEEL.NS
CURRENT,ZEEL,NSE,2025-09-29,2025-09-30,2025-10-15,SHORT,112.76000213623048,115.57900218963624,107.12200202941897,109.91999816894533,TIME_EXIT,11,2.583700886639484,2.433700886639484,BULL,BULL,112.66999816894533,39.52310081172656,114.27444020839883,115.41439867777606,116.54615621661293,-0.9877090574806606,-0.9710809653244834,-1.9491985681551633,0.9877090574806606,0.9710809653244834,1.9491985681551633,-1.2080638737799347,-1.1488721560184643,-0.059191717761470475,-0.05253547414877406,0.05253547414877406,1.3723774279314245,-1.4040252890563543,1.4040252890563543,2.0,3.0,0.0,1.0,3.0,0.0,ZEEL.NS
CURRENT,ZEEL,NSE,2026-03-02,2026-03-04,2026-03-13,SHORT,82.51000213623047,84.57275218963622,78.38450202941894,78.38450202941894,TARGET,8,5.2631578947368585,5.113157894736858,BEAR,BEAR,84.19000244140625,36.86681827010416,87.09831489581612,89.01605519322665,89.33926802241386,-2.1543757395760843,-0.3617813715533507,-2.508362981030384,2.1543757395760843,0.3617813715533507,2.508362981030384,-0.41170406761621336,0.41167501372109144,-0.8233790813373048,-0.9780010184823931,0.9780010184823931,0.8236701322191128,-3.339114491352314,3.339114491352314,4.0,3.0,4.0,0.0,4.0,0.0,ZEEL.NS
CURRENT,ZEEL,NSE,2026-06-01,2026-06-02,2026-06-03,LONG,94.38999938964844,92.03024940490722,99.10949935913088,92.03024940490722,STOP_LOSS,2,-2.500000000000002,-2.650000000000002,BEAR,BEAR,95.79000091552734,63.229199229901646,91.6766259862071,89.0880718394244,87.9517800909583,2.90561249484488,1.2919485510025748,4.235100064372353,2.90561249484488,1.2919485510025748,4.235100064372353,1.2679194666148135,0.5756280040619336,0.6922914625528799,0.7227178786263703,0.7227178786263703,3.7618924987306492,4.4868306234776885,4.4868306234776885,2.0,2.0,1.0,0.0,2.0,0.0,ZEEL.NS
CURRENT,ZEEL,NSE,2026-08-05,2026-08-06,2026-08-11,SHORT,95.0,97.375,90.25,90.25,TARGET,4,5.263157894736836,5.113157894736836,BULL,BULL,94.5500030517578,38.01895490960434,101.00289138432986,104.04578927087668,104.56680046862621,-2.9245757160098345,-0.498256803703057,-3.4082606222284246,2.9245757160098345,0.498256803703057,3.4082606222284246,-0.6671691336851779,0.49670406053931604,-1.163873194224494,-1.2309605041338558,1.2309605041338558,1.2416065265891996,-6.3888154528348435,6.3888154528348435,2.0,1.0,2.0,0.0,2.0,0.0,ZEEL.NS
CURRENT,ZEEL,NSE,2026-08-31,2026-09-01,2026-09-04,SHORT,94.0,96.35,89.3,91.61000061035156,TIME_EXIT,4,2.6088848092185035,2.458884809218504,NEUTRAL,NEUTRAL,93.58000183105467,38.08036722163508,100.19885264775601,101.83269180243263,102.22206824481391,-1.6044348094484837,-0.38091231088061195,-1.9792356306198526,1.6044348094484837,0.38091231088061195,1.9792356306198526,-0.4393719763194923,-0.05997550461377205,-0.3793964717057203,-0.4054247320818249,0.4054247320818249,3.0191255220891424,-6.60571517716832,6.60571517716832,0.0,0.0,0.0,0.0,0.0,0.0,ZEEL.NS
EMA_MACD,ZEEL,NSE,2025-01-13,2025-01-14,2025-01-14,SHORT,120.1999969482422,123.20499687194824,114.18999710083008,123.20499687194824,STOP_LOSS,1,-2.439024390243893,-2.5890243902438934,NEUTRAL,NEUTRAL,119.19000244140624,39.41533900553164,125.24425248714962,126.42100846457271,127.28518620697999,-0.9308231216592852,-0.6789303360110018,-1.6034338171227374,0.9308231216592852,0.6789303360110018,1.6034338171227374,-0.9687108195327454,-0.7084349491311034,-0.260275870401642,-0.21837055547472914,0.21837055547472914,0.8839631831919161,-4.833954393527614,4.833954393527614,0.0,0.0,0.0,0.0,0.0,0.0,ZEEL.NS
EMA_MACD,ZEEL,NSE,2025-05-09,2025-05-12,2025-05-14,LONG,118.25,115.29375,124.1625,124.1625,TARGET,3,5.000000000000004,4.850000000000004,NEUTRAL,NEUTRAL,115.8000030517578,60.315790144567956,111.35994257981508,109.86129217382572,108.41873882293017,1.364129600458511,1.330538767151252,2.7128186407780492,1.364129600458511,1.330538767151252,2.7128186407780492,1.5590704017677268,1.4670508185697462,0.09201958319798065,0.07946423210097128,0.07946423210097128,2.2771782261764404,3.9871253244948357,3.9871253244948357,1.0,2.0,0.0,0.0,2.0,0.0,ZEEL.NS
EMA_MACD,ZEEL,NSE,2025-09-29,2025-09-30,2025-10-15,SHORT,112.76000213623048,115.57900218963624,107.12200202941897,109.91999816894533,TIME_EXIT,11,2.583700886639484,2.433700886639484,BULL,BULL,112.66999816894533,39.52310081172656,114.27444020839883,115.41439867777606,116.54615621661293,-0.9877090574806606,-0.9710809653244834,-1.9491985681551633,0.9877090574806606,0.9710809653244834,1.9491985681551633,-1.2080638737799347,-1.1488721560184643,-0.059191717761470475,-0.05253547414877406,0.05253547414877406,1.3723774279314245,-1.4040252890563543,1.4040252890563543,2.0,3.0,0.0,1.0,3.0,0.0,ZEEL.NS
EMA_MACD,ZEEL,NSE,2026-03-02,2026-03-04,2026-03-13,SHORT,82.51000213623047,84.57275218963622,78.38450202941894,78.38450202941894,TARGET,8,5.2631578947368585,5.113157894736858,BEAR,BEAR,84.19000244140625,36.86681827010416,87.09831489581612,89.01605519322665,89.33926802241386,-2.1543757395760843,-0.3617813715533507,-2.508362981030384,2.1543757395760843,0.3617813715533507,2.508362981030384,-0.41170406761621336,0.41167501372109144,-0.8233790813373048,-0.9780010184823931,0.9780010184823931,0.8236701322191128,-3.339114491352314,3.339114491352314,4.0,3.0,4.0,0.0,4.0,0.0,ZEEL.NS
EMA_MACD,ZEEL,NSE,2026-05-29,2026-06-01,2026-06-01,LONG,94.0999984741211,91.74749851226808,98.80499839782716,98.80499839782716,TARGET,1,5.000000000000004,4.850000000000004,BEAR,BEAR,93.11000061035156,59.89207127544479,89.61993852154697,87.9710836600739,87.32472242499277,1.874314596196579,0.7401812649748984,2.6283691866592145,1.874314596196579,0.7401812649748984,2.6283691866592145,0.7003768856795745,0.40255513842371354,0.2978217472558609,0.31986010665190606,0.31986010665190606,2.0959058077861514,3.894291991692775,3.894291991692775,1.0,1.0,0.0,19.0,19.0,0.0,ZEEL.NS
EMA_MACD,ZEEL,NSE,2026-07-21,2026-07-22,2026-07-23,LONG,107.0,104.325,112.35,104.325,STOP_LOSS,2,-2.500000000000002,-2.650000000000002,NEUTRAL,NEUTRAL,107.58000183105467,55.78987437962929,106.14551240298306,104.97963850636242,104.48323453674199,1.1105714529108226,0.47510394545248147,1.5909517671531523,1.1105714529108226,0.47510394545248147,1.5909517671531523,0.5133605340376022,0.36303020884210613,0.15033032519549605,0.13973816939655492,0.13973816939655492,0.5239361047762693,1.3514367170093389,1.3514367170093389,2.0,2.0,0.0,36.0,36.0,0.0,ZEEL.NS
EMA_MACD,ZEEL,NSE,2026-08-05,2026-08-06,2026-08-11,SHORT,95.0,97.375,90.25,90.25,TARGET,4,5.263157894736836,5.113157894736836,BULL,BULL,94.5500030517578,38.01895490960434,101.00289138432986,104.04578927087668,104.56680046862621,-2.9245757160098345,-0.498256803703057,-3.4082606222284246,2.9245757160098345,0.498256803703057,3.4082606222284246,-0.6671691336851779,0.49670406053931604,-1.163873194224494,-1.2309605041338558,1.2309605041338558,1.2416065265891996,-6.3888154528348435,6.3888154528348435,2.0,1.0,2.0,0.0,2.0,0.0,ZEEL.NS
EMA_MACD,ZEEL,NSE,2026-08-21,2026-08-24,2026-08-24,LONG,107.9800033569336,105.28050327301024,113.37900352478027,105.28050327301024,STOP_LOSS,1,-2.500000000000002,-2.650000000000002,NEUTRAL,NEUTRAL,107.58000183105467,56.72452681960716,105.23004035780727,102.71288750397355,102.52086297020092,2.450668961805151,0.18730288470985543,2.6425620201751565,2.450668961805151,0.18730288470985543,2.6425620201751565,0.30827873277237927,-0.8881923542483551,1.1964710870207345,1.1121686806621285,1.1121686806621285,0.6328565170326875,2.2331659906781125,2.2331659906781125,4.0,3.0,4.0,16.0,16.0,3.0,ZEEL.NS
EMA_MACD,ZEEL,NSE,2026-08-31,2026-09-01,2026-09-04,SHORT,94.0,96.35,89.3,91.61000061035156,TIME_EXIT,4,2.6088848092185035,2.458884809218504,NEUTRAL,NEUTRAL,93.58000183105467,38.08036722163508,100.19885264775601,101.83269180243263,102.22206824481391,-1.6044348094484837,-0.38091231088061195,-1.9792356306198526,1.6044348094484837,0.38091231088061195,1.9792356306198526,-0.4393719763194923,-0.05997550461377205,-0.3793964717057203,-0.4054247320818249,0.4054247320818249,3.0191255220891424,-6.60571517716832,6.60571517716832,0.0,0.0,0.0,0.0,0.0,0.0,ZEEL.NS
